state_abbrev,period_date,formal_employment_stock,construction_employment_stock,year,month,stock_anchor_date,stock_source
AC,2007-01-01,79589,10042,2007,1,2020-01-01,novo_caged_jan2020_anchor + stitched CAGED flows (back/forward)
AC,2007-02-01,79539,10040,2007,2,2020-01-01,novo_caged_jan2020_anchor + stitched CAGED flows (back/forward)
AC,2007-03-01,79826,10032,2007,3,2020-01-01,novo_caged_jan2020_anchor + stitched CAGED flows (back/forward)
AC,2007-04-01,80223,10032,2007,4,2020-01-01,novo_caged_jan2020_anchor + stitched CAGED flows (back/forward)
AC,2007-05-01,80224,10040,2007,5,2020-01-01,novo_caged_jan2020_anchor + stitched CAGED flows (back/forward)
AC,2007-06-01,80678,10036,2007,6,2020-01-01,novo_caged_jan2020_anchor + stitched CAGED flows (back/forward)
AC,2007-07-01,80686,10033,2007,7,2020-01-01,novo_caged_jan2020_anchor + stitched CAGED flows (back/forward)
AC,2007-08-01,80633,10029,2007,8,2020-01-01,novo_caged_jan2020_anchor + stitched CAGED flows (back/forward)
AC,2007-09-01,80836,10008,2007,9,2020-01-01,novo_caged_jan2020_anchor + stitched CAGED flows (back/forward)
AC,2007-10-01,80607,10002,2007,10,2020-01-01,novo_caged_jan2020_anchor + stitched CAGED flows (back/forward)
AC,2007-11-01,80459,10013,2007,11,2020-01-01,novo_caged_jan2020_anchor + stitched CAGED flows (back/forward)
AC,2007-12-01,79812,9990,2007,12,2020-01-01,novo_caged_jan2020_anchor + stitched CAGED flows (back/forward)
AC,2008-01-01,79402,10199,2008,1,2020-01-01,novo_caged_jan2020_anchor + stitched CAGED flows (back/forward)
AC,2008-02-01,79529,10089,2008,2,2020-01-01,novo_caged_jan2020_anchor + stitched CAGED flows (back/forward)
AC,2008-03-01,79606,9998,2008,3,2020-01-01,novo_caged_jan2020_anchor + stitched CAGED flows (back/forward)
AC,2008-04-01,79788,10143,2008,4,2020-01-01,novo_caged_jan2020_anchor + stitched CAGED flows (back/forward)
AC,2008-05-01,80604,10443,2008,5,2020-01-01,novo_caged_jan2020_anchor + stitched CAGED flows (back/forward)
AC,2008-06-01,81241,10674,2008,6,2020-01-01,novo_caged_jan2020_anchor + stitched CAGED flows (back/forward)
AC,2008-07-01,81584,10809,2008,7,2020-01-01,novo_caged_jan2020_anchor + stitched CAGED flows (back/forward)
AC,2008-08-01,81930,10882,2008,8,2020-01-01,novo_caged_jan2020_anchor + stitched CAGED flows (back/forward)
AC,2008-09-01,82150,10992,2008,9,2020-01-01,novo_caged_jan2020_anchor + stitched CAGED flows (back/forward)
AC,2008-10-01,82131,10942,2008,10,2020-01-01,novo_caged_jan2020_anchor + stitched CAGED flows (back/forward)
AC,2008-11-01,81791,10569,2008,11,2020-01-01,novo_caged_jan2020_anchor + stitched CAGED flows (back/forward)
AC,2008-12-01,80311,10064,2008,12,2020-01-01,novo_caged_jan2020_anchor + stitched CAGED flows (back/forward)
AC,2009-01-01,80244,9895,2009,1,2020-01-01,novo_caged_jan2020_anchor + stitched CAGED flows (back/forward)
AC,2009-02-01,80205,9947,2009,2,2020-01-01,novo_caged_jan2020_anchor + stitched CAGED flows (back/forward)
AC,2009-03-01,80065,9981,2009,3,2020-01-01,novo_caged_jan2020_anchor + stitched CAGED flows (back/forward)
AC,2009-04-01,80658,10446,2009,4,2020-01-01,novo_caged_jan2020_anchor + stitched CAGED flows (back/forward)
AC,2009-05-01,81101,10771,2009,5,2020-01-01,novo_caged_jan2020_anchor + stitched CAGED flows (back/forward)
AC,2009-06-01,81613,11186,2009,6,2020-01-01,novo_caged_jan2020_anchor + stitched CAGED flows (back/forward)
AC,2009-07-01,81943,11564,2009,7,2020-01-01,novo_caged_jan2020_anchor + stitched CAGED flows (back/forward)
AC,2009-08-01,82784,11945,2009,8,2020-01-01,novo_caged_jan2020_anchor + stitched CAGED flows (back/forward)
AC,2009-09-01,83068,12071,2009,9,2020-01-01,novo_caged_jan2020_anchor + stitched CAGED flows (back/forward)
AC,2009-10-01,83207,12053,2009,10,2020-01-01,novo_caged_jan2020_anchor + stitched CAGED flows (back/forward)
AC,2009-11-01,83301,11756,2009,11,2020-01-01,novo_caged_jan2020_anchor + stitched CAGED flows (back/forward)
AC,2009-12-01,82280,11115,2009,12,2020-01-01,novo_caged_jan2020_anchor + stitched CAGED flows (back/forward)
AC,2010-01-01,82078,10801,2010,1,2020-01-01,novo_caged_jan2020_anchor + stitched CAGED flows (back/forward)
AC,2010-02-01,82431,10905,2010,2,2020-01-01,novo_caged_jan2020_anchor + stitched CAGED flows (back/forward)
AC,2010-03-01,82436,10951,2010,3,2020-01-01,novo_caged_jan2020_anchor + stitched CAGED flows (back/forward)
AC,2010-04-01,82827,11117,2010,4,2020-01-01,novo_caged_jan2020_anchor + stitched CAGED flows (back/forward)
AC,2010-05-01,83460,11117,2010,5,2020-01-01,novo_caged_jan2020_anchor + stitched CAGED flows (back/forward)
AC,2010-06-01,84047,11117,2010,6,2020-01-01,novo_caged_jan2020_anchor + stitched CAGED flows (back/forward)
AC,2010-07-01,84426,11252,2010,7,2020-01-01,novo_caged_jan2020_anchor + stitched CAGED flows (back/forward)
AC,2010-08-01,85292,11569,2010,8,2020-01-01,novo_caged_jan2020_anchor + stitched CAGED flows (back/forward)
AC,2010-09-01,85497,11579,2010,9,2020-01-01,novo_caged_jan2020_anchor + stitched CAGED flows (back/forward)
AC,2010-10-01,85050,11579,2010,10,2020-01-01,novo_caged_jan2020_anchor + stitched CAGED flows (back/forward)
AC,2010-11-01,84627,11000,2010,11,2020-01-01,novo_caged_jan2020_anchor + stitched CAGED flows (back/forward)
AC,2010-12-01,83632,10235,2010,12,2020-01-01,novo_caged_jan2020_anchor + stitched CAGED flows (back/forward)
AC,2011-01-01,83297,9907,2011,1,2020-01-01,novo_caged_jan2020_anchor + stitched CAGED flows (back/forward)
AC,2011-02-01,83726,9840,2011,2,2020-01-01,novo_caged_jan2020_anchor + stitched CAGED flows (back/forward)
AC,2011-03-01,82885,9413,2011,3,2020-01-01,novo_caged_jan2020_anchor + stitched CAGED flows (back/forward)
AC,2011-04-01,83239,9354,2011,4,2020-01-01,novo_caged_jan2020_anchor + stitched CAGED flows (back/forward)
AC,2011-05-01,83467,9288,2011,5,2020-01-01,novo_caged_jan2020_anchor + stitched CAGED flows (back/forward)
AC,2011-06-01,84406,9707,2011,6,2020-01-01,novo_caged_jan2020_anchor + stitched CAGED flows (back/forward)
AC,2011-07-01,84905,9864,2011,7,2020-01-01,novo_caged_jan2020_anchor + stitched CAGED flows (back/forward)
AC,2011-08-01,85058,9949,2011,8,2020-01-01,novo_caged_jan2020_anchor + stitched CAGED flows (back/forward)
AC,2011-09-01,85144,9908,2011,9,2020-01-01,novo_caged_jan2020_anchor + stitched CAGED flows (back/forward)
AC,2011-10-01,85104,9687,2011,10,2020-01-01,novo_caged_jan2020_anchor + stitched CAGED flows (back/forward)
AC,2011-11-01,84840,9308,2011,11,2020-01-01,novo_caged_jan2020_anchor + stitched CAGED flows (back/forward)
AC,2011-12-01,84045,8738,2011,12,2020-01-01,novo_caged_jan2020_anchor + stitched CAGED flows (back/forward)
AC,2012-01-01,83805,8683,2012,1,2020-01-01,novo_caged_jan2020_anchor + stitched CAGED flows (back/forward)
AC,2012-02-01,83866,8720,2012,2,2020-01-01,novo_caged_jan2020_anchor + stitched CAGED flows (back/forward)
AC,2012-03-01,83286,8735,2012,3,2020-01-01,novo_caged_jan2020_anchor + stitched CAGED flows (back/forward)
AC,2012-04-01,84256,9249,2012,4,2020-01-01,novo_caged_jan2020_anchor + stitched CAGED flows (back/forward)
AC,2012-05-01,85068,9249,2012,5,2020-01-01,novo_caged_jan2020_anchor + stitched CAGED flows (back/forward)
AC,2012-06-01,85471,9249,2012,6,2020-01-01,novo_caged_jan2020_anchor + stitched CAGED flows (back/forward)
AC,2012-07-01,85945,9584,2012,7,2020-01-01,novo_caged_jan2020_anchor + stitched CAGED flows (back/forward)
AC,2012-08-01,86403,9559,2012,8,2020-01-01,novo_caged_jan2020_anchor + stitched CAGED flows (back/forward)
AC,2012-09-01,86302,9483,2012,9,2020-01-01,novo_caged_jan2020_anchor + stitched CAGED flows (back/forward)
AC,2012-10-01,86009,9483,2012,10,2020-01-01,novo_caged_jan2020_anchor + stitched CAGED flows (back/forward)
AC,2012-11-01,85456,8982,2012,11,2020-01-01,novo_caged_jan2020_anchor + stitched CAGED flows (back/forward)
AC,2012-12-01,83536,8305,2012,12,2020-01-01,novo_caged_jan2020_anchor + stitched CAGED flows (back/forward)
AC,2013-01-01,83033,8042,2013,1,2020-01-01,novo_caged_jan2020_anchor + stitched CAGED flows (back/forward)
AC,2013-02-01,82926,8095,2013,2,2020-01-01,novo_caged_jan2020_anchor + stitched CAGED flows (back/forward)
AC,2013-03-01,82598,7996,2013,3,2020-01-01,novo_caged_jan2020_anchor + stitched CAGED flows (back/forward)
AC,2013-04-01,83018,8226,2013,4,2020-01-01,novo_caged_jan2020_anchor + stitched CAGED flows (back/forward)
AC,2013-05-01,83589,8508,2013,5,2020-01-01,novo_caged_jan2020_anchor + stitched CAGED flows (back/forward)
AC,2013-06-01,83788,8646,2013,6,2020-01-01,novo_caged_jan2020_anchor + stitched CAGED flows (back/forward)
AC,2013-07-01,83893,8786,2013,7,2020-01-01,novo_caged_jan2020_anchor + stitched CAGED flows (back/forward)
AC,2013-08-01,83846,8811,2013,8,2020-01-01,novo_caged_jan2020_anchor + stitched CAGED flows (back/forward)
AC,2013-09-01,84114,8880,2013,9,2020-01-01,novo_caged_jan2020_anchor + stitched CAGED flows (back/forward)
AC,2013-10-01,84105,8964,2013,10,2020-01-01,novo_caged_jan2020_anchor + stitched CAGED flows (back/forward)
AC,2013-11-01,84121,9112,2013,11,2020-01-01,novo_caged_jan2020_anchor + stitched CAGED flows (back/forward)
AC,2013-12-01,83431,8729,2013,12,2020-01-01,novo_caged_jan2020_anchor + stitched CAGED flows (back/forward)
AC,2014-01-01,83359,8745,2014,1,2020-01-01,novo_caged_jan2020_anchor + stitched CAGED flows (back/forward)
AC,2014-02-01,83667,8827,2014,2,2020-01-01,novo_caged_jan2020_anchor + stitched CAGED flows (back/forward)
AC,2014-03-01,82795,8591,2014,3,2020-01-01,novo_caged_jan2020_anchor + stitched CAGED flows (back/forward)
AC,2014-04-01,82682,8499,2014,4,2020-01-01,novo_caged_jan2020_anchor + stitched CAGED flows (back/forward)
AC,2014-05-01,83004,8598,2014,5,2020-01-01,novo_caged_jan2020_anchor + stitched CAGED flows (back/forward)
AC,2014-06-01,83373,8794,2014,6,2020-01-01,novo_caged_jan2020_anchor + stitched CAGED flows (back/forward)
AC,2014-07-01,83785,9177,2014,7,2020-01-01,novo_caged_jan2020_anchor + stitched CAGED flows (back/forward)
AC,2014-08-01,84052,9199,2014,8,2020-01-01,novo_caged_jan2020_anchor + stitched CAGED flows (back/forward)
AC,2014-09-01,83962,9088,2014,9,2020-01-01,novo_caged_jan2020_anchor + stitched CAGED flows (back/forward)
AC,2014-10-01,83577,8802,2014,10,2020-01-01,novo_caged_jan2020_anchor + stitched CAGED flows (back/forward)
AC,2014-11-01,83052,8244,2014,11,2020-01-01,novo_caged_jan2020_anchor + stitched CAGED flows (back/forward)
AC,2014-12-01,82367,7643,2014,12,2020-01-01,novo_caged_jan2020_anchor + stitched CAGED flows (back/forward)
AC,2015-01-01,81901,7297,2015,1,2020-01-01,novo_caged_jan2020_anchor + stitched CAGED flows (back/forward)
AC,2015-02-01,81324,7123,2015,2,2020-01-01,novo_caged_jan2020_anchor + stitched CAGED flows (back/forward)
AC,2015-03-01,80824,6938,2015,3,2020-01-01,novo_caged_jan2020_anchor + stitched CAGED flows (back/forward)
AC,2015-04-01,80919,6908,2015,4,2020-01-01,novo_caged_jan2020_anchor + stitched CAGED flows (back/forward)
AC,2015-05-01,81112,6821,2015,5,2020-01-01,novo_caged_jan2020_anchor + stitched CAGED flows (back/forward)
AC,2015-06-01,81207,6894,2015,6,2020-01-01,novo_caged_jan2020_anchor + stitched CAGED flows (back/forward)
AC,2015-07-01,81124,6878,2015,7,2020-01-01,novo_caged_jan2020_anchor + stitched CAGED flows (back/forward)
AC,2015-08-01,82303,6821,2015,8,2020-01-01,novo_caged_jan2020_anchor + stitched CAGED flows (back/forward)
AC,2015-09-01,82181,6758,2015,9,2020-01-01,novo_caged_jan2020_anchor + stitched CAGED flows (back/forward)
AC,2015-10-01,81448,6672,2015,10,2020-01-01,novo_caged_jan2020_anchor + stitched CAGED flows (back/forward)
AC,2015-11-01,80694,6393,2015,11,2020-01-01,novo_caged_jan2020_anchor + stitched CAGED flows (back/forward)
AC,2015-12-01,79721,5844,2015,12,2020-01-01,novo_caged_jan2020_anchor + stitched CAGED flows (back/forward)
AC,2016-01-01,79435,5616,2016,1,2020-01-01,novo_caged_jan2020_anchor + stitched CAGED flows (back/forward)
AC,2016-02-01,78904,5605,2016,2,2020-01-01,novo_caged_jan2020_anchor + stitched CAGED flows (back/forward)
AC,2016-03-01,78266,5520,2016,3,2020-01-01,novo_caged_jan2020_anchor + stitched CAGED flows (back/forward)
AC,2016-04-01,77803,5532,2016,4,2020-01-01,novo_caged_jan2020_anchor + stitched CAGED flows (back/forward)
AC,2016-05-01,77950,5547,2016,5,2020-01-01,novo_caged_jan2020_anchor + stitched CAGED flows (back/forward)
AC,2016-06-01,78141,5805,2016,6,2020-01-01,novo_caged_jan2020_anchor + stitched CAGED flows (back/forward)
AC,2016-07-01,78906,5907,2016,7,2020-01-01,novo_caged_jan2020_anchor + stitched CAGED flows (back/forward)
AC,2016-08-01,78877,5764,2016,8,2020-01-01,novo_caged_jan2020_anchor + stitched CAGED flows (back/forward)
AC,2016-09-01,78812,5786,2016,9,2020-01-01,novo_caged_jan2020_anchor + stitched CAGED flows (back/forward)
AC,2016-10-01,78476,5701,2016,10,2020-01-01,novo_caged_jan2020_anchor + stitched CAGED flows (back/forward)
AC,2016-11-01,77469,5535,2016,11,2020-01-01,novo_caged_jan2020_anchor + stitched CAGED flows (back/forward)
AC,2016-12-01,76827,5211,2016,12,2020-01-01,novo_caged_jan2020_anchor + stitched CAGED flows (back/forward)
AC,2017-01-01,76852,5157,2017,1,2020-01-01,novo_caged_jan2020_anchor + stitched CAGED flows (back/forward)
AC,2017-02-01,76608,5177,2017,2,2020-01-01,novo_caged_jan2020_anchor + stitched CAGED flows (back/forward)
AC,2017-03-01,76063,5136,2017,3,2020-01-01,novo_caged_jan2020_anchor + stitched CAGED flows (back/forward)
AC,2017-04-01,75734,5178,2017,4,2020-01-01,novo_caged_jan2020_anchor + stitched CAGED flows (back/forward)
AC,2017-05-01,75934,5301,2017,5,2020-01-01,novo_caged_jan2020_anchor + stitched CAGED flows (back/forward)
AC,2017-06-01,76185,5537,2017,6,2020-01-01,novo_caged_jan2020_anchor + stitched CAGED flows (back/forward)
AC,2017-07-01,76424,5659,2017,7,2020-01-01,novo_caged_jan2020_anchor + stitched CAGED flows (back/forward)
AC,2017-08-01,76565,5756,2017,8,2020-01-01,novo_caged_jan2020_anchor + stitched CAGED flows (back/forward)
AC,2017-09-01,76782,5777,2017,9,2020-01-01,novo_caged_jan2020_anchor + stitched CAGED flows (back/forward)
AC,2017-10-01,76566,5810,2017,10,2020-01-01,novo_caged_jan2020_anchor + stitched CAGED flows (back/forward)
AC,2017-11-01,76223,5598,2017,11,2020-01-01,novo_caged_jan2020_anchor + stitched CAGED flows (back/forward)
AC,2017-12-01,75831,5468,2017,12,2020-01-01,novo_caged_jan2020_anchor + stitched CAGED flows (back/forward)
AC,2018-01-01,75462,5377,2018,1,2020-01-01,novo_caged_jan2020_anchor + stitched CAGED flows (back/forward)
AC,2018-02-01,75034,5222,2018,2,2020-01-01,novo_caged_jan2020_anchor + stitched CAGED flows (back/forward)
AC,2018-03-01,74877,5170,2018,3,2020-01-01,novo_caged_jan2020_anchor + stitched CAGED flows (back/forward)
AC,2018-04-01,75107,5219,2018,4,2020-01-01,novo_caged_jan2020_anchor + stitched CAGED flows (back/forward)
AC,2018-05-01,74916,5214,2018,5,2020-01-01,novo_caged_jan2020_anchor + stitched CAGED flows (back/forward)
AC,2018-06-01,75105,5412,2018,6,2020-01-01,novo_caged_jan2020_anchor + stitched CAGED flows (back/forward)
AC,2018-07-01,75476,5706,2018,7,2020-01-01,novo_caged_jan2020_anchor + stitched CAGED flows (back/forward)
AC,2018-08-01,75304,5814,2018,8,2020-01-01,novo_caged_jan2020_anchor + stitched CAGED flows (back/forward)
AC,2018-09-01,75589,5814,2018,9,2020-01-01,novo_caged_jan2020_anchor + stitched CAGED flows (back/forward)
AC,2018-10-01,75796,5709,2018,10,2020-01-01,novo_caged_jan2020_anchor + stitched CAGED flows (back/forward)
AC,2018-11-01,75492,5459,2018,11,2020-01-01,novo_caged_jan2020_anchor + stitched CAGED flows (back/forward)
AC,2018-12-01,74781,5238,2018,12,2020-01-01,novo_caged_jan2020_anchor + stitched CAGED flows (back/forward)
AC,2019-01-01,74004,5238,2019,1,2020-01-01,novo_caged_jan2020_anchor + stitched CAGED flows (back/forward)
AC,2019-02-01,74045,5205,2019,2,2020-01-01,novo_caged_jan2020_anchor + stitched CAGED flows (back/forward)
AC,2019-03-01,73728,5205,2019,3,2020-01-01,novo_caged_jan2020_anchor + stitched CAGED flows (back/forward)
AC,2019-04-01,74105,5263,2019,4,2020-01-01,novo_caged_jan2020_anchor + stitched CAGED flows (back/forward)
AC,2019-05-01,74476,5567,2019,5,2020-01-01,novo_caged_jan2020_anchor + stitched CAGED flows (back/forward)
AC,2019-06-01,74723,5698,2019,6,2020-01-01,novo_caged_jan2020_anchor + stitched CAGED flows (back/forward)
AC,2019-07-01,74924,5827,2019,7,2020-01-01,novo_caged_jan2020_anchor + stitched CAGED flows (back/forward)
AC,2019-08-01,75184,5935,2019,8,2020-01-01,novo_caged_jan2020_anchor + stitched CAGED flows (back/forward)
AC,2019-09-01,75676,6018,2019,9,2020-01-01,novo_caged_jan2020_anchor + stitched CAGED flows (back/forward)
AC,2019-10-01,75309,5779,2019,10,2020-01-01,novo_caged_jan2020_anchor + stitched CAGED flows (back/forward)
AC,2019-11-01,74696,5525,2019,11,2020-01-01,novo_caged_jan2020_anchor + stitched CAGED flows (back/forward)
AC,2019-12-01,74137,5505,2019,12,2020-01-01,novo_caged_jan2020_anchor + stitched CAGED flows (back/forward)
AC,2020-01-01,74275,5346,2020,1,2020-01-01,novo_caged_jan2020_anchor + stitched CAGED flows (back/forward)
AC,2020-02-01,75228,5432,2020,2,2020-01-01,novo_caged_jan2020_anchor + stitched CAGED flows (back/forward)
AC,2020-03-01,75338,5405,2020,3,2020-01-01,novo_caged_jan2020_anchor + stitched CAGED flows (back/forward)
AC,2020-04-01,74774,5339,2020,4,2020-01-01,novo_caged_jan2020_anchor + stitched CAGED flows (back/forward)
AC,2020-05-01,74662,5435,2020,5,2020-01-01,novo_caged_jan2020_anchor + stitched CAGED flows (back/forward)
AC,2020-06-01,74619,5575,2020,6,2020-01-01,novo_caged_jan2020_anchor + stitched CAGED flows (back/forward)
AC,2020-07-01,74811,5777,2020,7,2020-01-01,novo_caged_jan2020_anchor + stitched CAGED flows (back/forward)
AC,2020-08-01,75452,5892,2020,8,2020-01-01,novo_caged_jan2020_anchor + stitched CAGED flows (back/forward)
AC,2020-09-01,75977,5981,2020,9,2020-01-01,novo_caged_jan2020_anchor + stitched CAGED flows (back/forward)
AC,2020-10-01,76638,5949,2020,10,2020-01-01,novo_caged_jan2020_anchor + stitched CAGED flows (back/forward)
AC,2020-11-01,77154,5755,2020,11,2020-01-01,novo_caged_jan2020_anchor + stitched CAGED flows (back/forward)
AC,2020-12-01,76713,5508,2020,12,2020-01-01,novo_caged_jan2020_anchor + stitched CAGED flows (back/forward)
AC,2021-01-01,77082,5533,2021,1,2020-01-01,novo_caged_jan2020_anchor + stitched CAGED flows (back/forward)
AC,2021-02-01,77943,5609,2021,2,2020-01-01,novo_caged_jan2020_anchor + stitched CAGED flows (back/forward)
AC,2021-03-01,77978,5710,2021,3,2020-01-01,novo_caged_jan2020_anchor + stitched CAGED flows (back/forward)
AC,2021-04-01,78334,5507,2021,4,2020-01-01,novo_caged_jan2020_anchor + stitched CAGED flows (back/forward)
AC,2021-05-01,79689,5736,2021,5,2020-01-01,novo_caged_jan2020_anchor + stitched CAGED flows (back/forward)
AC,2021-06-01,80737,6016,2021,6,2020-01-01,novo_caged_jan2020_anchor + stitched CAGED flows (back/forward)
AC,2021-07-01,81636,6427,2021,7,2020-01-01,novo_caged_jan2020_anchor + stitched CAGED flows (back/forward)
AC,2021-08-01,82030,6502,2021,8,2020-01-01,novo_caged_jan2020_anchor + stitched CAGED flows (back/forward)
AC,2021-09-01,83058,6648,2021,9,2020-01-01,novo_caged_jan2020_anchor + stitched CAGED flows (back/forward)
AC,2021-10-01,84026,6996,2021,10,2020-01-01,novo_caged_jan2020_anchor + stitched CAGED flows (back/forward)
AC,2021-11-01,84947,7068,2021,11,2020-01-01,novo_caged_jan2020_anchor + stitched CAGED flows (back/forward)
AC,2021-12-01,84683,6741,2021,12,2020-01-01,novo_caged_jan2020_anchor + stitched CAGED flows (back/forward)
AC,2022-01-01,84892,6716,2022,1,2020-01-01,novo_caged_jan2020_anchor + stitched CAGED flows (back/forward)
AC,2022-02-01,85565,6971,2022,2,2020-01-01,novo_caged_jan2020_anchor + stitched CAGED flows (back/forward)
AC,2022-03-01,86261,7252,2022,3,2020-01-01,novo_caged_jan2020_anchor + stitched CAGED flows (back/forward)
AC,2022-04-01,87059,7473,2022,4,2020-01-01,novo_caged_jan2020_anchor + stitched CAGED flows (back/forward)
AC,2022-05-01,87900,7839,2022,5,2020-01-01,novo_caged_jan2020_anchor + stitched CAGED flows (back/forward)
AC,2022-06-01,89129,8280,2022,6,2020-01-01,novo_caged_jan2020_anchor + stitched CAGED flows (back/forward)
AC,2022-07-01,90230,8605,2022,7,2020-01-01,novo_caged_jan2020_anchor + stitched CAGED flows (back/forward)
AC,2022-08-01,91220,8722,2022,8,2020-01-01,novo_caged_jan2020_anchor + stitched CAGED flows (back/forward)
AC,2022-09-01,91942,8909,2022,9,2020-01-01,novo_caged_jan2020_anchor + stitched CAGED flows (back/forward)
AC,2022-10-01,92646,8891,2022,10,2020-01-01,novo_caged_jan2020_anchor + stitched CAGED flows (back/forward)
AC,2022-11-01,93104,8711,2022,11,2020-01-01,novo_caged_jan2020_anchor + stitched CAGED flows (back/forward)
AC,2022-12-01,92257,8198,2022,12,2020-01-01,novo_caged_jan2020_anchor + stitched CAGED flows (back/forward)
AC,2023-01-01,91335,8213,2023,1,2020-01-01,novo_caged_jan2020_anchor + stitched CAGED flows (back/forward)
AC,2023-02-01,92130,8271,2023,2,2020-01-01,novo_caged_jan2020_anchor + stitched CAGED flows (back/forward)
AC,2023-03-01,92911,8242,2023,3,2020-01-01,novo_caged_jan2020_anchor + stitched CAGED flows (back/forward)
AC,2023-04-01,93293,7929,2023,4,2020-01-01,novo_caged_jan2020_anchor + stitched CAGED flows (back/forward)
AC,2023-05-01,93815,7870,2023,5,2020-01-01,novo_caged_jan2020_anchor + stitched CAGED flows (back/forward)
AC,2023-06-01,95073,8386,2023,6,2020-01-01,novo_caged_jan2020_anchor + stitched CAGED flows (back/forward)
AC,2023-07-01,95880,8716,2023,7,2020-01-01,novo_caged_jan2020_anchor + stitched CAGED flows (back/forward)
AC,2023-08-01,96441,8785,2023,8,2020-01-01,novo_caged_jan2020_anchor + stitched CAGED flows (back/forward)
AC,2023-09-01,96755,8817,2023,9,2020-01-01,novo_caged_jan2020_anchor + stitched CAGED flows (back/forward)
AC,2023-10-01,96822,8828,2023,10,2020-01-01,novo_caged_jan2020_anchor + stitched CAGED flows (back/forward)
AC,2023-11-01,97080,8848,2023,11,2020-01-01,novo_caged_jan2020_anchor + stitched CAGED flows (back/forward)
AC,2023-12-01,96706,8814,2023,12,2020-01-01,novo_caged_jan2020_anchor + stitched CAGED flows (back/forward)
AC,2024-01-01,96657,8809,2024,1,2020-01-01,novo_caged_jan2020_anchor + stitched CAGED flows (back/forward)
AC,2024-02-01,97536,8849,2024,2,2020-01-01,novo_caged_jan2020_anchor + stitched CAGED flows (back/forward)
AC,2024-03-01,98808,8839,2024,3,2020-01-01,novo_caged_jan2020_anchor + stitched CAGED flows (back/forward)
AC,2024-04-01,100126,9260,2024,4,2020-01-01,novo_caged_jan2020_anchor + stitched CAGED flows (back/forward)
AC,2024-05-01,101116,9539,2024,5,2020-01-01,novo_caged_jan2020_anchor + stitched CAGED flows (back/forward)
AC,2024-06-01,102180,9850,2024,6,2020-01-01,novo_caged_jan2020_anchor + stitched CAGED flows (back/forward)
AC,2024-07-01,102792,9993,2024,7,2020-01-01,novo_caged_jan2020_anchor + stitched CAGED flows (back/forward)
AC,2024-08-01,103172,10004,2024,8,2020-01-01,novo_caged_jan2020_anchor + stitched CAGED flows (back/forward)
AC,2024-09-01,104264,9993,2024,9,2020-01-01,novo_caged_jan2020_anchor + stitched CAGED flows (back/forward)
AC,2024-10-01,104514,9823,2024,10,2020-01-01,novo_caged_jan2020_anchor + stitched CAGED flows (back/forward)
AC,2024-11-01,104218,9418,2024,11,2020-01-01,novo_caged_jan2020_anchor + stitched CAGED flows (back/forward)
AC,2024-12-01,103387,9133,2024,12,2020-01-01,novo_caged_jan2020_anchor + stitched CAGED flows (back/forward)
AC,2025-01-01,102911,9034,2025,1,2020-01-01,novo_caged_jan2020_anchor + stitched CAGED flows (back/forward)
AC,2025-02-01,103681,9042,2025,2,2020-01-01,novo_caged_jan2020_anchor + stitched CAGED flows (back/forward)
AC,2025-03-01,104184,8976,2025,3,2020-01-01,novo_caged_jan2020_anchor + stitched CAGED flows (back/forward)
AC,2025-04-01,104979,8792,2025,4,2020-01-01,novo_caged_jan2020_anchor + stitched CAGED flows (back/forward)
AC,2025-05-01,106558,8872,2025,5,2020-01-01,novo_caged_jan2020_anchor + stitched CAGED flows (back/forward)
AC,2025-06-01,107453,9282,2025,6,2020-01-01,novo_caged_jan2020_anchor + stitched CAGED flows (back/forward)
AC,2025-07-01,107654,9371,2025,7,2020-01-01,novo_caged_jan2020_anchor + stitched CAGED flows (back/forward)
AC,2025-08-01,108571,9624,2025,8,2020-01-01,novo_caged_jan2020_anchor + stitched CAGED flows (back/forward)
AC,2025-09-01,109420,9688,2025,9,2020-01-01,novo_caged_jan2020_anchor + stitched CAGED flows (back/forward)
AC,2025-10-01,109270,9768,2025,10,2020-01-01,novo_caged_jan2020_anchor + stitched CAGED flows (back/forward)
AC,2025-11-01,109178,9404,2025,11,2020-01-01,novo_caged_jan2020_anchor + stitched CAGED flows (back/forward)
AC,2025-12-01,108668,9131,2025,12,2020-01-01,novo_caged_jan2020_anchor + stitched CAGED flows (back/forward)
AC,2026-01-01,107749,9074,2026,1,2020-01-01,novo_caged_jan2020_anchor + stitched CAGED flows (back/forward)
AC,2026-02-01,108285,9085,2026,2,2020-01-01,novo_caged_jan2020_anchor + stitched CAGED flows (back/forward)
AC,2026-03-01,109351,9281,2026,3,2020-01-01,novo_caged_jan2020_anchor + stitched CAGED flows (back/forward)
AL,2007-01-01,352743,23665,2007,1,2020-01-01,novo_caged_jan2020_anchor + stitched CAGED flows (back/forward)
AL,2007-02-01,341846,23706,2007,2,2020-01-01,novo_caged_jan2020_anchor + stitched CAGED flows (back/forward)
AL,2007-03-01,325301,23786,2007,3,2020-01-01,novo_caged_jan2020_anchor + stitched CAGED flows (back/forward)
AL,2007-04-01,318509,23850,2007,4,2020-01-01,novo_caged_jan2020_anchor + stitched CAGED flows (back/forward)
AL,2007-05-01,318988,23933,2007,5,2020-01-01,novo_caged_jan2020_anchor + stitched CAGED flows (back/forward)
AL,2007-06-01,320335,23977,2007,6,2020-01-01,novo_caged_jan2020_anchor + stitched CAGED flows (back/forward)
AL,2007-07-01,323444,24182,2007,7,2020-01-01,novo_caged_jan2020_anchor + stitched CAGED flows (back/forward)
AL,2007-08-01,323944,24286,2007,8,2020-01-01,novo_caged_jan2020_anchor + stitched CAGED flows (back/forward)
AL,2007-09-01,353440,24372,2007,9,2020-01-01,novo_caged_jan2020_anchor + stitched CAGED flows (back/forward)
AL,2007-10-01,357246,24379,2007,10,2020-01-01,novo_caged_jan2020_anchor + stitched CAGED flows (back/forward)
AL,2007-11-01,356290,24315,2007,11,2020-01-01,novo_caged_jan2020_anchor + stitched CAGED flows (back/forward)
AL,2007-12-01,354800,24307,2007,12,2020-01-01,novo_caged_jan2020_anchor + stitched CAGED flows (back/forward)
AL,2008-01-01,353621,24435,2008,1,2020-01-01,novo_caged_jan2020_anchor + stitched CAGED flows (back/forward)
AL,2008-02-01,351093,25013,2008,2,2020-01-01,novo_caged_jan2020_anchor + stitched CAGED flows (back/forward)
AL,2008-03-01,332597,25223,2008,3,2020-01-01,novo_caged_jan2020_anchor + stitched CAGED flows (back/forward)
AL,2008-04-01,322181,25450,2008,4,2020-01-01,novo_caged_jan2020_anchor + stitched CAGED flows (back/forward)
AL,2008-05-01,314536,25249,2008,5,2020-01-01,novo_caged_jan2020_anchor + stitched CAGED flows (back/forward)
AL,2008-06-01,314820,25141,2008,6,2020-01-01,novo_caged_jan2020_anchor + stitched CAGED flows (back/forward)
AL,2008-07-01,317038,25132,2008,7,2020-01-01,novo_caged_jan2020_anchor + stitched CAGED flows (back/forward)
AL,2008-08-01,318544,25449,2008,8,2020-01-01,novo_caged_jan2020_anchor + stitched CAGED flows (back/forward)
AL,2008-09-01,355296,25931,2008,9,2020-01-01,novo_caged_jan2020_anchor + stitched CAGED flows (back/forward)
AL,2008-10-01,361684,26023,2008,10,2020-01-01,novo_caged_jan2020_anchor + stitched CAGED flows (back/forward)
AL,2008-11-01,360917,25600,2008,11,2020-01-01,novo_caged_jan2020_anchor + stitched CAGED flows (back/forward)
AL,2008-12-01,358122,24784,2008,12,2020-01-01,novo_caged_jan2020_anchor + stitched CAGED flows (back/forward)
AL,2009-01-01,356938,24709,2009,1,2020-01-01,novo_caged_jan2020_anchor + stitched CAGED flows (back/forward)
AL,2009-02-01,351952,24745,2009,2,2020-01-01,novo_caged_jan2020_anchor + stitched CAGED flows (back/forward)
AL,2009-03-01,336370,25078,2009,3,2020-01-01,novo_caged_jan2020_anchor + stitched CAGED flows (back/forward)
AL,2009-04-01,319690,25618,2009,4,2020-01-01,novo_caged_jan2020_anchor + stitched CAGED flows (back/forward)
AL,2009-05-01,318690,25730,2009,5,2020-01-01,novo_caged_jan2020_anchor + stitched CAGED flows (back/forward)
AL,2009-06-01,318716,26050,2009,6,2020-01-01,novo_caged_jan2020_anchor + stitched CAGED flows (back/forward)
AL,2009-07-01,320275,26401,2009,7,2020-01-01,novo_caged_jan2020_anchor + stitched CAGED flows (back/forward)
AL,2009-08-01,321553,27078,2009,8,2020-01-01,novo_caged_jan2020_anchor + stitched CAGED flows (back/forward)
AL,2009-09-01,357119,27677,2009,9,2020-01-01,novo_caged_jan2020_anchor + stitched CAGED flows (back/forward)
AL,2009-10-01,365024,27677,2009,10,2020-01-01,novo_caged_jan2020_anchor + stitched CAGED flows (back/forward)
AL,2009-11-01,367124,27866,2009,11,2020-01-01,novo_caged_jan2020_anchor + stitched CAGED flows (back/forward)
AL,2009-12-01,365943,27631,2009,12,2020-01-01,novo_caged_jan2020_anchor + stitched CAGED flows (back/forward)
AL,2010-01-01,365030,28386,2010,1,2020-01-01,novo_caged_jan2020_anchor + stitched CAGED flows (back/forward)
AL,2010-02-01,353835,28730,2010,2,2020-01-01,novo_caged_jan2020_anchor + stitched CAGED flows (back/forward)
AL,2010-03-01,336032,29689,2010,3,2020-01-01,novo_caged_jan2020_anchor + stitched CAGED flows (back/forward)
AL,2010-04-01,329364,30579,2010,4,2020-01-01,novo_caged_jan2020_anchor + stitched CAGED flows (back/forward)
AL,2010-05-01,330560,31428,2010,5,2020-01-01,novo_caged_jan2020_anchor + stitched CAGED flows (back/forward)
AL,2010-06-01,330493,31428,2010,6,2020-01-01,novo_caged_jan2020_anchor + stitched CAGED flows (back/forward)
AL,2010-07-01,331376,30928,2010,7,2020-01-01,novo_caged_jan2020_anchor + stitched CAGED flows (back/forward)
AL,2010-08-01,332851,30652,2010,8,2020-01-01,novo_caged_jan2020_anchor + stitched CAGED flows (back/forward)
AL,2010-09-01,361107,30879,2010,9,2020-01-01,novo_caged_jan2020_anchor + stitched CAGED flows (back/forward)
AL,2010-10-01,368136,30879,2010,10,2020-01-01,novo_caged_jan2020_anchor + stitched CAGED flows (back/forward)
AL,2010-11-01,372270,31652,2010,11,2020-01-01,novo_caged_jan2020_anchor + stitched CAGED flows (back/forward)
AL,2010-12-01,372020,32033,2010,12,2020-01-01,novo_caged_jan2020_anchor + stitched CAGED flows (back/forward)
AL,2011-01-01,373415,32963,2011,1,2020-01-01,novo_caged_jan2020_anchor + stitched CAGED flows (back/forward)
AL,2011-02-01,372927,33899,2011,2,2020-01-01,novo_caged_jan2020_anchor + stitched CAGED flows (back/forward)
AL,2011-03-01,357141,34750,2011,3,2020-01-01,novo_caged_jan2020_anchor + stitched CAGED flows (back/forward)
AL,2011-04-01,341007,35362,2011,4,2020-01-01,novo_caged_jan2020_anchor + stitched CAGED flows (back/forward)
AL,2011-05-01,338779,34932,2011,5,2020-01-01,novo_caged_jan2020_anchor + stitched CAGED flows (back/forward)
AL,2011-06-01,340229,35371,2011,6,2020-01-01,novo_caged_jan2020_anchor + stitched CAGED flows (back/forward)
AL,2011-07-01,341809,35619,2011,7,2020-01-01,novo_caged_jan2020_anchor + stitched CAGED flows (back/forward)
AL,2011-08-01,345731,36211,2011,8,2020-01-01,novo_caged_jan2020_anchor + stitched CAGED flows (back/forward)
AL,2011-09-01,377668,36152,2011,9,2020-01-01,novo_caged_jan2020_anchor + stitched CAGED flows (back/forward)
AL,2011-10-01,383606,36246,2011,10,2020-01-01,novo_caged_jan2020_anchor + stitched CAGED flows (back/forward)
AL,2011-11-01,385636,36521,2011,11,2020-01-01,novo_caged_jan2020_anchor + stitched CAGED flows (back/forward)
AL,2011-12-01,383776,36555,2011,12,2020-01-01,novo_caged_jan2020_anchor + stitched CAGED flows (back/forward)
AL,2012-01-01,383513,37693,2012,1,2020-01-01,novo_caged_jan2020_anchor + stitched CAGED flows (back/forward)
AL,2012-02-01,380351,37961,2012,2,2020-01-01,novo_caged_jan2020_anchor + stitched CAGED flows (back/forward)
AL,2012-03-01,359319,37313,2012,3,2020-01-01,novo_caged_jan2020_anchor + stitched CAGED flows (back/forward)
AL,2012-04-01,346045,37623,2012,4,2020-01-01,novo_caged_jan2020_anchor + stitched CAGED flows (back/forward)
AL,2012-05-01,343938,37623,2012,5,2020-01-01,novo_caged_jan2020_anchor + stitched CAGED flows (back/forward)
AL,2012-06-01,344035,36155,2012,6,2020-01-01,novo_caged_jan2020_anchor + stitched CAGED flows (back/forward)
AL,2012-07-01,344204,35056,2012,7,2020-01-01,novo_caged_jan2020_anchor + stitched CAGED flows (back/forward)
AL,2012-08-01,344229,34501,2012,8,2020-01-01,novo_caged_jan2020_anchor + stitched CAGED flows (back/forward)
AL,2012-09-01,371801,34502,2012,9,2020-01-01,novo_caged_jan2020_anchor + stitched CAGED flows (back/forward)
AL,2012-10-01,377220,34380,2012,10,2020-01-01,novo_caged_jan2020_anchor + stitched CAGED flows (back/forward)
AL,2012-11-01,380108,34644,2012,11,2020-01-01,novo_caged_jan2020_anchor + stitched CAGED flows (back/forward)
AL,2012-12-01,377495,33599,2012,12,2020-01-01,novo_caged_jan2020_anchor + stitched CAGED flows (back/forward)
AL,2013-01-01,375402,33599,2013,1,2020-01-01,novo_caged_jan2020_anchor + stitched CAGED flows (back/forward)
AL,2013-02-01,367629,33816,2013,2,2020-01-01,novo_caged_jan2020_anchor + stitched CAGED flows (back/forward)
AL,2013-03-01,352055,33418,2013,3,2020-01-01,novo_caged_jan2020_anchor + stitched CAGED flows (back/forward)
AL,2013-04-01,338409,33856,2013,4,2020-01-01,novo_caged_jan2020_anchor + stitched CAGED flows (back/forward)
AL,2013-05-01,334956,32014,2013,5,2020-01-01,novo_caged_jan2020_anchor + stitched CAGED flows (back/forward)
AL,2013-06-01,333974,31151,2013,6,2020-01-01,novo_caged_jan2020_anchor + stitched CAGED flows (back/forward)
AL,2013-07-01,335326,30983,2013,7,2020-01-01,novo_caged_jan2020_anchor + stitched CAGED flows (back/forward)
AL,2013-08-01,336453,30941,2013,8,2020-01-01,novo_caged_jan2020_anchor + stitched CAGED flows (back/forward)
AL,2013-09-01,352738,31507,2013,9,2020-01-01,novo_caged_jan2020_anchor + stitched CAGED flows (back/forward)
AL,2013-10-01,368691,32767,2013,10,2020-01-01,novo_caged_jan2020_anchor + stitched CAGED flows (back/forward)
AL,2013-11-01,372358,32713,2013,11,2020-01-01,novo_caged_jan2020_anchor + stitched CAGED flows (back/forward)
AL,2013-12-01,371888,31913,2013,12,2020-01-01,novo_caged_jan2020_anchor + stitched CAGED flows (back/forward)
AL,2014-01-01,367193,32327,2014,1,2020-01-01,novo_caged_jan2020_anchor + stitched CAGED flows (back/forward)
AL,2014-02-01,367209,32822,2014,2,2020-01-01,novo_caged_jan2020_anchor + stitched CAGED flows (back/forward)
AL,2014-03-01,357077,32632,2014,3,2020-01-01,novo_caged_jan2020_anchor + stitched CAGED flows (back/forward)
AL,2014-04-01,344756,33295,2014,4,2020-01-01,novo_caged_jan2020_anchor + stitched CAGED flows (back/forward)
AL,2014-05-01,336176,32430,2014,5,2020-01-01,novo_caged_jan2020_anchor + stitched CAGED flows (back/forward)
AL,2014-06-01,335526,31992,2014,6,2020-01-01,novo_caged_jan2020_anchor + stitched CAGED flows (back/forward)
AL,2014-07-01,335905,31939,2014,7,2020-01-01,novo_caged_jan2020_anchor + stitched CAGED flows (back/forward)
AL,2014-08-01,340154,32093,2014,8,2020-01-01,novo_caged_jan2020_anchor + stitched CAGED flows (back/forward)
AL,2014-09-01,353902,32231,2014,9,2020-01-01,novo_caged_jan2020_anchor + stitched CAGED flows (back/forward)
AL,2014-10-01,361637,32620,2014,10,2020-01-01,novo_caged_jan2020_anchor + stitched CAGED flows (back/forward)
AL,2014-11-01,365914,32262,2014,11,2020-01-01,novo_caged_jan2020_anchor + stitched CAGED flows (back/forward)
AL,2014-12-01,365642,32262,2014,12,2020-01-01,novo_caged_jan2020_anchor + stitched CAGED flows (back/forward)
AL,2015-01-01,364397,32262,2015,1,2020-01-01,novo_caged_jan2020_anchor + stitched CAGED flows (back/forward)
AL,2015-02-01,363890,31981,2015,2,2020-01-01,novo_caged_jan2020_anchor + stitched CAGED flows (back/forward)
AL,2015-03-01,363394,31981,2015,3,2020-01-01,novo_caged_jan2020_anchor + stitched CAGED flows (back/forward)
AL,2015-04-01,350125,32091,2015,4,2020-01-01,novo_caged_jan2020_anchor + stitched CAGED flows (back/forward)
AL,2015-05-01,340498,31576,2015,5,2020-01-01,novo_caged_jan2020_anchor + stitched CAGED flows (back/forward)
AL,2015-06-01,338852,30838,2015,6,2020-01-01,novo_caged_jan2020_anchor + stitched CAGED flows (back/forward)
AL,2015-07-01,338063,30838,2015,7,2020-01-01,novo_caged_jan2020_anchor + stitched CAGED flows (back/forward)
AL,2015-08-01,340568,30413,2015,8,2020-01-01,novo_caged_jan2020_anchor + stitched CAGED flows (back/forward)
AL,2015-09-01,351775,30050,2015,9,2020-01-01,novo_caged_jan2020_anchor + stitched CAGED flows (back/forward)
AL,2015-10-01,358231,29461,2015,10,2020-01-01,novo_caged_jan2020_anchor + stitched CAGED flows (back/forward)
AL,2015-11-01,361371,29461,2015,11,2020-01-01,novo_caged_jan2020_anchor + stitched CAGED flows (back/forward)
AL,2015-12-01,360155,28401,2015,12,2020-01-01,novo_caged_jan2020_anchor + stitched CAGED flows (back/forward)
AL,2016-01-01,358213,28541,2016,1,2020-01-01,novo_caged_jan2020_anchor + stitched CAGED flows (back/forward)
AL,2016-02-01,348128,28107,2016,2,2020-01-01,novo_caged_jan2020_anchor + stitched CAGED flows (back/forward)
AL,2016-03-01,338256,27585,2016,3,2020-01-01,novo_caged_jan2020_anchor + stitched CAGED flows (back/forward)
AL,2016-04-01,331154,27155,2016,4,2020-01-01,novo_caged_jan2020_anchor + stitched CAGED flows (back/forward)
AL,2016-05-01,330341,26513,2016,5,2020-01-01,novo_caged_jan2020_anchor + stitched CAGED flows (back/forward)
AL,2016-06-01,329437,25735,2016,6,2020-01-01,novo_caged_jan2020_anchor + stitched CAGED flows (back/forward)
AL,2016-07-01,327889,25011,2016,7,2020-01-01,novo_caged_jan2020_anchor + stitched CAGED flows (back/forward)
AL,2016-08-01,331988,24670,2016,8,2020-01-01,novo_caged_jan2020_anchor + stitched CAGED flows (back/forward)
AL,2016-09-01,345383,24585,2016,9,2020-01-01,novo_caged_jan2020_anchor + stitched CAGED flows (back/forward)
AL,2016-10-01,351215,24172,2016,10,2020-01-01,novo_caged_jan2020_anchor + stitched CAGED flows (back/forward)
AL,2016-11-01,351499,23604,2016,11,2020-01-01,novo_caged_jan2020_anchor + stitched CAGED flows (back/forward)
AL,2016-12-01,349506,23288,2016,12,2020-01-01,novo_caged_jan2020_anchor + stitched CAGED flows (back/forward)
AL,2017-01-01,342800,23341,2017,1,2020-01-01,novo_caged_jan2020_anchor + stitched CAGED flows (back/forward)
AL,2017-02-01,331397,23034,2017,2,2020-01-01,novo_caged_jan2020_anchor + stitched CAGED flows (back/forward)
AL,2017-03-01,322062,22765,2017,3,2020-01-01,novo_caged_jan2020_anchor + stitched CAGED flows (back/forward)
AL,2017-04-01,318054,22745,2017,4,2020-01-01,novo_caged_jan2020_anchor + stitched CAGED flows (back/forward)
AL,2017-05-01,317903,22714,2017,5,2020-01-01,novo_caged_jan2020_anchor + stitched CAGED flows (back/forward)
AL,2017-06-01,317747,22516,2017,6,2020-01-01,novo_caged_jan2020_anchor + stitched CAGED flows (back/forward)
AL,2017-07-01,317606,22232,2017,7,2020-01-01,novo_caged_jan2020_anchor + stitched CAGED flows (back/forward)
AL,2017-08-01,317182,22365,2017,8,2020-01-01,novo_caged_jan2020_anchor + stitched CAGED flows (back/forward)
AL,2017-09-01,324593,22426,2017,9,2020-01-01,novo_caged_jan2020_anchor + stitched CAGED flows (back/forward)
AL,2017-10-01,340986,22583,2017,10,2020-01-01,novo_caged_jan2020_anchor + stitched CAGED flows (back/forward)
AL,2017-11-01,342454,22175,2017,11,2020-01-01,novo_caged_jan2020_anchor + stitched CAGED flows (back/forward)
AL,2017-12-01,341182,21271,2017,12,2020-01-01,novo_caged_jan2020_anchor + stitched CAGED flows (back/forward)
AL,2018-01-01,338993,21643,2018,1,2020-01-01,novo_caged_jan2020_anchor + stitched CAGED flows (back/forward)
AL,2018-02-01,328295,22066,2018,2,2020-01-01,novo_caged_jan2020_anchor + stitched CAGED flows (back/forward)
AL,2018-03-01,321296,22395,2018,3,2020-01-01,novo_caged_jan2020_anchor + stitched CAGED flows (back/forward)
AL,2018-04-01,318731,22786,2018,4,2020-01-01,novo_caged_jan2020_anchor + stitched CAGED flows (back/forward)
AL,2018-05-01,319146,22669,2018,5,2020-01-01,novo_caged_jan2020_anchor + stitched CAGED flows (back/forward)
AL,2018-06-01,319012,22254,2018,6,2020-01-01,novo_caged_jan2020_anchor + stitched CAGED flows (back/forward)
AL,2018-07-01,320146,22109,2018,7,2020-01-01,novo_caged_jan2020_anchor + stitched CAGED flows (back/forward)
AL,2018-08-01,324036,21995,2018,8,2020-01-01,novo_caged_jan2020_anchor + stitched CAGED flows (back/forward)
AL,2018-09-01,339215,22026,2018,9,2020-01-01,novo_caged_jan2020_anchor + stitched CAGED flows (back/forward)
AL,2018-10-01,342593,22084,2018,10,2020-01-01,novo_caged_jan2020_anchor + stitched CAGED flows (back/forward)
AL,2018-11-01,342804,21617,2018,11,2020-01-01,novo_caged_jan2020_anchor + stitched CAGED flows (back/forward)
AL,2018-12-01,341264,20960,2018,12,2020-01-01,novo_caged_jan2020_anchor + stitched CAGED flows (back/forward)
AL,2019-01-01,336230,20960,2019,1,2020-01-01,novo_caged_jan2020_anchor + stitched CAGED flows (back/forward)
AL,2019-02-01,333975,21295,2019,2,2020-01-01,novo_caged_jan2020_anchor + stitched CAGED flows (back/forward)
AL,2019-03-01,324339,21295,2019,3,2020-01-01,novo_caged_jan2020_anchor + stitched CAGED flows (back/forward)
AL,2019-04-01,319647,21744,2019,4,2020-01-01,novo_caged_jan2020_anchor + stitched CAGED flows (back/forward)
AL,2019-05-01,318901,21533,2019,5,2020-01-01,novo_caged_jan2020_anchor + stitched CAGED flows (back/forward)
AL,2019-06-01,318040,21754,2019,6,2020-01-01,novo_caged_jan2020_anchor + stitched CAGED flows (back/forward)
AL,2019-07-01,319510,21940,2019,7,2020-01-01,novo_caged_jan2020_anchor + stitched CAGED flows (back/forward)
AL,2019-08-01,323008,21926,2019,8,2020-01-01,novo_caged_jan2020_anchor + stitched CAGED flows (back/forward)
AL,2019-09-01,339537,21962,2019,9,2020-01-01,novo_caged_jan2020_anchor + stitched CAGED flows (back/forward)
AL,2019-10-01,341827,21839,2019,10,2020-01-01,novo_caged_jan2020_anchor + stitched CAGED flows (back/forward)
AL,2019-11-01,343154,21966,2019,11,2020-01-01,novo_caged_jan2020_anchor + stitched CAGED flows (back/forward)
AL,2019-12-01,341995,21554,2019,12,2020-01-01,novo_caged_jan2020_anchor + stitched CAGED flows (back/forward)
AL,2020-01-01,336953,22192,2020,1,2020-01-01,novo_caged_jan2020_anchor + stitched CAGED flows (back/forward)
AL,2020-02-01,328469,23128,2020,2,2020-01-01,novo_caged_jan2020_anchor + stitched CAGED flows (back/forward)
AL,2020-03-01,322330,23396,2020,3,2020-01-01,novo_caged_jan2020_anchor + stitched CAGED flows (back/forward)
AL,2020-04-01,313647,22574,2020,4,2020-01-01,novo_caged_jan2020_anchor + stitched CAGED flows (back/forward)
AL,2020-05-01,310551,22094,2020,5,2020-01-01,novo_caged_jan2020_anchor + stitched CAGED flows (back/forward)
AL,2020-06-01,310998,21851,2020,6,2020-01-01,novo_caged_jan2020_anchor + stitched CAGED flows (back/forward)
AL,2020-07-01,312423,22246,2020,7,2020-01-01,novo_caged_jan2020_anchor + stitched CAGED flows (back/forward)
AL,2020-08-01,315763,22862,2020,8,2020-01-01,novo_caged_jan2020_anchor + stitched CAGED flows (back/forward)
AL,2020-09-01,334618,23676,2020,9,2020-01-01,novo_caged_jan2020_anchor + stitched CAGED flows (back/forward)
AL,2020-10-01,339211,24080,2020,10,2020-01-01,novo_caged_jan2020_anchor + stitched CAGED flows (back/forward)
AL,2020-11-01,342766,24234,2020,11,2020-01-01,novo_caged_jan2020_anchor + stitched CAGED flows (back/forward)
AL,2020-12-01,343565,23878,2020,12,2020-01-01,novo_caged_jan2020_anchor + stitched CAGED flows (back/forward)
AL,2021-01-01,343277,24269,2021,1,2020-01-01,novo_caged_jan2020_anchor + stitched CAGED flows (back/forward)
AL,2021-02-01,342821,24361,2021,2,2020-01-01,novo_caged_jan2020_anchor + stitched CAGED flows (back/forward)
AL,2021-03-01,333868,24607,2021,3,2020-01-01,novo_caged_jan2020_anchor + stitched CAGED flows (back/forward)
AL,2021-04-01,330314,24686,2021,4,2020-01-01,novo_caged_jan2020_anchor + stitched CAGED flows (back/forward)
AL,2021-05-01,333334,25031,2021,5,2020-01-01,novo_caged_jan2020_anchor + stitched CAGED flows (back/forward)
AL,2021-06-01,338806,25722,2021,6,2020-01-01,novo_caged_jan2020_anchor + stitched CAGED flows (back/forward)
AL,2021-07-01,343147,25577,2021,7,2020-01-01,novo_caged_jan2020_anchor + stitched CAGED flows (back/forward)
AL,2021-08-01,349031,25790,2021,8,2020-01-01,novo_caged_jan2020_anchor + stitched CAGED flows (back/forward)
AL,2021-09-01,366529,26227,2021,9,2020-01-01,novo_caged_jan2020_anchor + stitched CAGED flows (back/forward)
AL,2021-10-01,370462,26673,2021,10,2020-01-01,novo_caged_jan2020_anchor + stitched CAGED flows (back/forward)
AL,2021-11-01,374185,27310,2021,11,2020-01-01,novo_caged_jan2020_anchor + stitched CAGED flows (back/forward)
AL,2021-12-01,374616,27102,2021,12,2020-01-01,novo_caged_jan2020_anchor + stitched CAGED flows (back/forward)
AL,2022-01-01,374528,27460,2022,1,2020-01-01,novo_caged_jan2020_anchor + stitched CAGED flows (back/forward)
AL,2022-02-01,374491,27899,2022,2,2020-01-01,novo_caged_jan2020_anchor + stitched CAGED flows (back/forward)
AL,2022-03-01,361625,28092,2022,3,2020-01-01,novo_caged_jan2020_anchor + stitched CAGED flows (back/forward)
AL,2022-04-01,361562,28560,2022,4,2020-01-01,novo_caged_jan2020_anchor + stitched CAGED flows (back/forward)
AL,2022-05-01,365075,28502,2022,5,2020-01-01,novo_caged_jan2020_anchor + stitched CAGED flows (back/forward)
AL,2022-06-01,368697,28421,2022,6,2020-01-01,novo_caged_jan2020_anchor + stitched CAGED flows (back/forward)
AL,2022-07-01,370852,28392,2022,7,2020-01-01,novo_caged_jan2020_anchor + stitched CAGED flows (back/forward)
AL,2022-08-01,375376,29056,2022,8,2020-01-01,novo_caged_jan2020_anchor + stitched CAGED flows (back/forward)
AL,2022-09-01,391195,29721,2022,9,2020-01-01,novo_caged_jan2020_anchor + stitched CAGED flows (back/forward)
AL,2022-10-01,395893,30315,2022,10,2020-01-01,novo_caged_jan2020_anchor + stitched CAGED flows (back/forward)
AL,2022-11-01,398727,30344,2022,11,2020-01-01,novo_caged_jan2020_anchor + stitched CAGED flows (back/forward)
AL,2022-12-01,393945,29251,2022,12,2020-01-01,novo_caged_jan2020_anchor + stitched CAGED flows (back/forward)
AL,2023-01-01,393899,29281,2023,1,2020-01-01,novo_caged_jan2020_anchor + stitched CAGED flows (back/forward)
AL,2023-02-01,395258,29561,2023,2,2020-01-01,novo_caged_jan2020_anchor + stitched CAGED flows (back/forward)
AL,2023-03-01,396733,30186,2023,3,2020-01-01,novo_caged_jan2020_anchor + stitched CAGED flows (back/forward)
AL,2023-04-01,392753,30328,2023,4,2020-01-01,novo_caged_jan2020_anchor + stitched CAGED flows (back/forward)
AL,2023-05-01,384939,30549,2023,5,2020-01-01,novo_caged_jan2020_anchor + stitched CAGED flows (back/forward)
AL,2023-06-01,386707,29966,2023,6,2020-01-01,novo_caged_jan2020_anchor + stitched CAGED flows (back/forward)
AL,2023-07-01,389084,29990,2023,7,2020-01-01,novo_caged_jan2020_anchor + stitched CAGED flows (back/forward)
AL,2023-08-01,392751,30372,2023,8,2020-01-01,novo_caged_jan2020_anchor + stitched CAGED flows (back/forward)
AL,2023-09-01,408897,30703,2023,9,2020-01-01,novo_caged_jan2020_anchor + stitched CAGED flows (back/forward)
AL,2023-10-01,413405,31496,2023,10,2020-01-01,novo_caged_jan2020_anchor + stitched CAGED flows (back/forward)
AL,2023-11-01,416140,31895,2023,11,2020-01-01,novo_caged_jan2020_anchor + stitched CAGED flows (back/forward)
AL,2023-12-01,416045,31512,2023,12,2020-01-01,novo_caged_jan2020_anchor + stitched CAGED flows (back/forward)
AL,2024-01-01,416989,31944,2024,1,2020-01-01,novo_caged_jan2020_anchor + stitched CAGED flows (back/forward)
AL,2024-02-01,414070,32221,2024,2,2020-01-01,novo_caged_jan2020_anchor + stitched CAGED flows (back/forward)
AL,2024-03-01,404545,32797,2024,3,2020-01-01,novo_caged_jan2020_anchor + stitched CAGED flows (back/forward)
AL,2024-04-01,402772,33218,2024,4,2020-01-01,novo_caged_jan2020_anchor + stitched CAGED flows (back/forward)
AL,2024-05-01,405168,33116,2024,5,2020-01-01,novo_caged_jan2020_anchor + stitched CAGED flows (back/forward)
AL,2024-06-01,409580,33081,2024,6,2020-01-01,novo_caged_jan2020_anchor + stitched CAGED flows (back/forward)
AL,2024-07-01,412689,33051,2024,7,2020-01-01,novo_caged_jan2020_anchor + stitched CAGED flows (back/forward)
AL,2024-08-01,418321,33307,2024,8,2020-01-01,novo_caged_jan2020_anchor + stitched CAGED flows (back/forward)
AL,2024-09-01,434337,33681,2024,9,2020-01-01,novo_caged_jan2020_anchor + stitched CAGED flows (back/forward)
AL,2024-10-01,438354,34125,2024,10,2020-01-01,novo_caged_jan2020_anchor + stitched CAGED flows (back/forward)
AL,2024-11-01,440121,34176,2024,11,2020-01-01,novo_caged_jan2020_anchor + stitched CAGED flows (back/forward)
AL,2024-12-01,436119,33321,2024,12,2020-01-01,novo_caged_jan2020_anchor + stitched CAGED flows (back/forward)
AL,2025-01-01,435593,33542,2025,1,2020-01-01,novo_caged_jan2020_anchor + stitched CAGED flows (back/forward)
AL,2025-02-01,432309,33833,2025,2,2020-01-01,novo_caged_jan2020_anchor + stitched CAGED flows (back/forward)
AL,2025-03-01,424497,34155,2025,3,2020-01-01,novo_caged_jan2020_anchor + stitched CAGED flows (back/forward)
AL,2025-04-01,424798,34942,2025,4,2020-01-01,novo_caged_jan2020_anchor + stitched CAGED flows (back/forward)
AL,2025-05-01,425525,34715,2025,5,2020-01-01,novo_caged_jan2020_anchor + stitched CAGED flows (back/forward)
AL,2025-06-01,427782,34447,2025,6,2020-01-01,novo_caged_jan2020_anchor + stitched CAGED flows (back/forward)
AL,2025-07-01,431062,34559,2025,7,2020-01-01,novo_caged_jan2020_anchor + stitched CAGED flows (back/forward)
AL,2025-08-01,433920,34409,2025,8,2020-01-01,novo_caged_jan2020_anchor + stitched CAGED flows (back/forward)
AL,2025-09-01,448222,35275,2025,9,2020-01-01,novo_caged_jan2020_anchor + stitched CAGED flows (back/forward)
AL,2025-10-01,453005,36027,2025,10,2020-01-01,novo_caged_jan2020_anchor + stitched CAGED flows (back/forward)
AL,2025-11-01,456029,36423,2025,11,2020-01-01,novo_caged_jan2020_anchor + stitched CAGED flows (back/forward)
AL,2025-12-01,453073,35781,2025,12,2020-01-01,novo_caged_jan2020_anchor + stitched CAGED flows (back/forward)
AL,2026-01-01,450423,36147,2026,1,2020-01-01,novo_caged_jan2020_anchor + stitched CAGED flows (back/forward)
AL,2026-02-01,447542,36654,2026,2,2020-01-01,novo_caged_jan2020_anchor + stitched CAGED flows (back/forward)
AL,2026-03-01,442299,37698,2026,3,2020-01-01,novo_caged_jan2020_anchor + stitched CAGED flows (back/forward)
AM,2007-01-01,373808,29489,2007,1,2020-01-01,novo_caged_jan2020_anchor + stitched CAGED flows (back/forward)
AM,2007-02-01,374532,29550,2007,2,2020-01-01,novo_caged_jan2020_anchor + stitched CAGED flows (back/forward)
AM,2007-03-01,377191,29631,2007,3,2020-01-01,novo_caged_jan2020_anchor + stitched CAGED flows (back/forward)
AM,2007-04-01,380353,29641,2007,4,2020-01-01,novo_caged_jan2020_anchor + stitched CAGED flows (back/forward)
AM,2007-05-01,382462,29704,2007,5,2020-01-01,novo_caged_jan2020_anchor + stitched CAGED flows (back/forward)
AM,2007-06-01,384804,29857,2007,6,2020-01-01,novo_caged_jan2020_anchor + stitched CAGED flows (back/forward)
AM,2007-07-01,387078,30009,2007,7,2020-01-01,novo_caged_jan2020_anchor + stitched CAGED flows (back/forward)
AM,2007-08-01,390424,30052,2007,8,2020-01-01,novo_caged_jan2020_anchor + stitched CAGED flows (back/forward)
AM,2007-09-01,393252,30171,2007,9,2020-01-01,novo_caged_jan2020_anchor + stitched CAGED flows (back/forward)
AM,2007-10-01,397978,30270,2007,10,2020-01-01,novo_caged_jan2020_anchor + stitched CAGED flows (back/forward)
AM,2007-11-01,401679,30269,2007,11,2020-01-01,novo_caged_jan2020_anchor + stitched CAGED flows (back/forward)
AM,2007-12-01,395538,30320,2007,12,2020-01-01,novo_caged_jan2020_anchor + stitched CAGED flows (back/forward)
AM,2008-01-01,396378,30325,2008,1,2020-01-01,novo_caged_jan2020_anchor + stitched CAGED flows (back/forward)
AM,2008-02-01,396875,30844,2008,2,2020-01-01,novo_caged_jan2020_anchor + stitched CAGED flows (back/forward)
AM,2008-03-01,398929,31587,2008,3,2020-01-01,novo_caged_jan2020_anchor + stitched CAGED flows (back/forward)
AM,2008-04-01,401710,31806,2008,4,2020-01-01,novo_caged_jan2020_anchor + stitched CAGED flows (back/forward)
AM,2008-05-01,403751,32336,2008,5,2020-01-01,novo_caged_jan2020_anchor + stitched CAGED flows (back/forward)
AM,2008-06-01,409753,33345,2008,6,2020-01-01,novo_caged_jan2020_anchor + stitched CAGED flows (back/forward)
AM,2008-07-01,413282,33593,2008,7,2020-01-01,novo_caged_jan2020_anchor + stitched CAGED flows (back/forward)
AM,2008-08-01,417916,33730,2008,8,2020-01-01,novo_caged_jan2020_anchor + stitched CAGED flows (back/forward)
AM,2008-09-01,421993,33619,2008,9,2020-01-01,novo_caged_jan2020_anchor + stitched CAGED flows (back/forward)
AM,2008-10-01,421540,33541,2008,10,2020-01-01,novo_caged_jan2020_anchor + stitched CAGED flows (back/forward)
AM,2008-11-01,417344,33305,2008,11,2020-01-01,novo_caged_jan2020_anchor + stitched CAGED flows (back/forward)
AM,2008-12-01,404274,32682,2008,12,2020-01-01,novo_caged_jan2020_anchor + stitched CAGED flows (back/forward)
AM,2009-01-01,397972,31645,2009,1,2020-01-01,novo_caged_jan2020_anchor + stitched CAGED flows (back/forward)
AM,2009-02-01,391612,31105,2009,2,2020-01-01,novo_caged_jan2020_anchor + stitched CAGED flows (back/forward)
AM,2009-03-01,390332,30753,2009,3,2020-01-01,novo_caged_jan2020_anchor + stitched CAGED flows (back/forward)
AM,2009-04-01,389263,29983,2009,4,2020-01-01,novo_caged_jan2020_anchor + stitched CAGED flows (back/forward)
AM,2009-05-01,389115,29771,2009,5,2020-01-01,novo_caged_jan2020_anchor + stitched CAGED flows (back/forward)
AM,2009-06-01,390099,29850,2009,6,2020-01-01,novo_caged_jan2020_anchor + stitched CAGED flows (back/forward)
AM,2009-07-01,392893,30229,2009,7,2020-01-01,novo_caged_jan2020_anchor + stitched CAGED flows (back/forward)
AM,2009-08-01,399442,30838,2009,8,2020-01-01,novo_caged_jan2020_anchor + stitched CAGED flows (back/forward)
AM,2009-09-01,404029,31256,2009,9,2020-01-01,novo_caged_jan2020_anchor + stitched CAGED flows (back/forward)
AM,2009-10-01,408727,31798,2009,10,2020-01-01,novo_caged_jan2020_anchor + stitched CAGED flows (back/forward)
AM,2009-11-01,410848,31731,2009,11,2020-01-01,novo_caged_jan2020_anchor + stitched CAGED flows (back/forward)
AM,2009-12-01,402866,30636,2009,12,2020-01-01,novo_caged_jan2020_anchor + stitched CAGED flows (back/forward)
AM,2010-01-01,404655,30753,2010,1,2020-01-01,novo_caged_jan2020_anchor + stitched CAGED flows (back/forward)
AM,2010-02-01,406525,30811,2010,2,2020-01-01,novo_caged_jan2020_anchor + stitched CAGED flows (back/forward)
AM,2010-03-01,409586,30451,2010,3,2020-01-01,novo_caged_jan2020_anchor + stitched CAGED flows (back/forward)
AM,2010-04-01,411014,29676,2010,4,2020-01-01,novo_caged_jan2020_anchor + stitched CAGED flows (back/forward)
AM,2010-05-01,413969,29676,2010,5,2020-01-01,novo_caged_jan2020_anchor + stitched CAGED flows (back/forward)
AM,2010-06-01,416410,29676,2010,6,2020-01-01,novo_caged_jan2020_anchor + stitched CAGED flows (back/forward)
AM,2010-07-01,418854,30330,2010,7,2020-01-01,novo_caged_jan2020_anchor + stitched CAGED flows (back/forward)
AM,2010-08-01,423093,31330,2010,8,2020-01-01,novo_caged_jan2020_anchor + stitched CAGED flows (back/forward)
AM,2010-09-01,426067,31774,2010,9,2020-01-01,novo_caged_jan2020_anchor + stitched CAGED flows (back/forward)
AM,2010-10-01,429456,31774,2010,10,2020-01-01,novo_caged_jan2020_anchor + stitched CAGED flows (back/forward)
AM,2010-11-01,430866,30845,2010,11,2020-01-01,novo_caged_jan2020_anchor + stitched CAGED flows (back/forward)
AM,2010-12-01,423679,29739,2010,12,2020-01-01,novo_caged_jan2020_anchor + stitched CAGED flows (back/forward)
AM,2011-01-01,426797,30350,2011,1,2020-01-01,novo_caged_jan2020_anchor + stitched CAGED flows (back/forward)
AM,2011-02-01,431515,31383,2011,2,2020-01-01,novo_caged_jan2020_anchor + stitched CAGED flows (back/forward)
AM,2011-03-01,435369,31806,2011,3,2020-01-01,novo_caged_jan2020_anchor + stitched CAGED flows (back/forward)
AM,2011-04-01,439715,32288,2011,4,2020-01-01,novo_caged_jan2020_anchor + stitched CAGED flows (back/forward)
AM,2011-05-01,442709,32466,2011,5,2020-01-01,novo_caged_jan2020_anchor + stitched CAGED flows (back/forward)
AM,2011-06-01,447582,33431,2011,6,2020-01-01,novo_caged_jan2020_anchor + stitched CAGED flows (back/forward)
AM,2011-07-01,452086,34680,2011,7,2020-01-01,novo_caged_jan2020_anchor + stitched CAGED flows (back/forward)
AM,2011-08-01,456268,35653,2011,8,2020-01-01,novo_caged_jan2020_anchor + stitched CAGED flows (back/forward)
AM,2011-09-01,459587,36270,2011,9,2020-01-01,novo_caged_jan2020_anchor + stitched CAGED flows (back/forward)
AM,2011-10-01,462214,37205,2011,10,2020-01-01,novo_caged_jan2020_anchor + stitched CAGED flows (back/forward)
AM,2011-11-01,463517,37355,2011,11,2020-01-01,novo_caged_jan2020_anchor + stitched CAGED flows (back/forward)
AM,2011-12-01,457370,36069,2011,12,2020-01-01,novo_caged_jan2020_anchor + stitched CAGED flows (back/forward)
AM,2012-01-01,456026,35767,2012,1,2020-01-01,novo_caged_jan2020_anchor + stitched CAGED flows (back/forward)
AM,2012-02-01,455554,35952,2012,2,2020-01-01,novo_caged_jan2020_anchor + stitched CAGED flows (back/forward)
AM,2012-03-01,454793,35952,2012,3,2020-01-01,novo_caged_jan2020_anchor + stitched CAGED flows (back/forward)
AM,2012-04-01,455278,36133,2012,4,2020-01-01,novo_caged_jan2020_anchor + stitched CAGED flows (back/forward)
AM,2012-05-01,454496,36133,2012,5,2020-01-01,novo_caged_jan2020_anchor + stitched CAGED flows (back/forward)
AM,2012-06-01,456100,36133,2012,6,2020-01-01,novo_caged_jan2020_anchor + stitched CAGED flows (back/forward)
AM,2012-07-01,457983,36161,2012,7,2020-01-01,novo_caged_jan2020_anchor + stitched CAGED flows (back/forward)
AM,2012-08-01,459230,36095,2012,8,2020-01-01,novo_caged_jan2020_anchor + stitched CAGED flows (back/forward)
AM,2012-09-01,460992,36442,2012,9,2020-01-01,novo_caged_jan2020_anchor + stitched CAGED flows (back/forward)
AM,2012-10-01,462541,36442,2012,10,2020-01-01,novo_caged_jan2020_anchor + stitched CAGED flows (back/forward)
AM,2012-11-01,461271,36001,2012,11,2020-01-01,novo_caged_jan2020_anchor + stitched CAGED flows (back/forward)
AM,2012-12-01,453642,35109,2012,12,2020-01-01,novo_caged_jan2020_anchor + stitched CAGED flows (back/forward)
AM,2013-01-01,453656,34875,2013,1,2020-01-01,novo_caged_jan2020_anchor + stitched CAGED flows (back/forward)
AM,2013-02-01,453684,35452,2013,2,2020-01-01,novo_caged_jan2020_anchor + stitched CAGED flows (back/forward)
AM,2013-03-01,455005,35461,2013,3,2020-01-01,novo_caged_jan2020_anchor + stitched CAGED flows (back/forward)
AM,2013-04-01,454955,35442,2013,4,2020-01-01,novo_caged_jan2020_anchor + stitched CAGED flows (back/forward)
AM,2013-05-01,455009,35450,2013,5,2020-01-01,novo_caged_jan2020_anchor + stitched CAGED flows (back/forward)
AM,2013-06-01,457343,35724,2013,6,2020-01-01,novo_caged_jan2020_anchor + stitched CAGED flows (back/forward)
AM,2013-07-01,460678,35933,2013,7,2020-01-01,novo_caged_jan2020_anchor + stitched CAGED flows (back/forward)
AM,2013-08-01,462777,36101,2013,8,2020-01-01,novo_caged_jan2020_anchor + stitched CAGED flows (back/forward)
AM,2013-09-01,465389,35960,2013,9,2020-01-01,novo_caged_jan2020_anchor + stitched CAGED flows (back/forward)
AM,2013-10-01,469829,36105,2013,10,2020-01-01,novo_caged_jan2020_anchor + stitched CAGED flows (back/forward)
AM,2013-11-01,471918,35444,2013,11,2020-01-01,novo_caged_jan2020_anchor + stitched CAGED flows (back/forward)
AM,2013-12-01,466306,34514,2013,12,2020-01-01,novo_caged_jan2020_anchor + stitched CAGED flows (back/forward)
AM,2014-01-01,463648,33185,2014,1,2020-01-01,novo_caged_jan2020_anchor + stitched CAGED flows (back/forward)
AM,2014-02-01,463723,32757,2014,2,2020-01-01,novo_caged_jan2020_anchor + stitched CAGED flows (back/forward)
AM,2014-03-01,463251,31935,2014,3,2020-01-01,novo_caged_jan2020_anchor + stitched CAGED flows (back/forward)
AM,2014-04-01,461607,30635,2014,4,2020-01-01,novo_caged_jan2020_anchor + stitched CAGED flows (back/forward)
AM,2014-05-01,459003,29946,2014,5,2020-01-01,novo_caged_jan2020_anchor + stitched CAGED flows (back/forward)
AM,2014-06-01,458291,29607,2014,6,2020-01-01,novo_caged_jan2020_anchor + stitched CAGED flows (back/forward)
AM,2014-07-01,458311,28899,2014,7,2020-01-01,novo_caged_jan2020_anchor + stitched CAGED flows (back/forward)
AM,2014-08-01,458503,28704,2014,8,2020-01-01,novo_caged_jan2020_anchor + stitched CAGED flows (back/forward)
AM,2014-09-01,459174,29051,2014,9,2020-01-01,novo_caged_jan2020_anchor + stitched CAGED flows (back/forward)
AM,2014-10-01,458312,28496,2014,10,2020-01-01,novo_caged_jan2020_anchor + stitched CAGED flows (back/forward)
AM,2014-11-01,458758,27734,2014,11,2020-01-01,novo_caged_jan2020_anchor + stitched CAGED flows (back/forward)
AM,2014-12-01,453636,26416,2014,12,2020-01-01,novo_caged_jan2020_anchor + stitched CAGED flows (back/forward)
AM,2015-01-01,451508,26191,2015,1,2020-01-01,novo_caged_jan2020_anchor + stitched CAGED flows (back/forward)
AM,2015-02-01,449491,26013,2015,2,2020-01-01,novo_caged_jan2020_anchor + stitched CAGED flows (back/forward)
AM,2015-03-01,447859,25894,2015,3,2020-01-01,novo_caged_jan2020_anchor + stitched CAGED flows (back/forward)
AM,2015-04-01,443960,25271,2015,4,2020-01-01,novo_caged_jan2020_anchor + stitched CAGED flows (back/forward)
AM,2015-05-01,439202,25134,2015,5,2020-01-01,novo_caged_jan2020_anchor + stitched CAGED flows (back/forward)
AM,2015-06-01,435343,25591,2015,6,2020-01-01,novo_caged_jan2020_anchor + stitched CAGED flows (back/forward)
AM,2015-07-01,432621,25775,2015,7,2020-01-01,novo_caged_jan2020_anchor + stitched CAGED flows (back/forward)
AM,2015-08-01,430988,25694,2015,8,2020-01-01,novo_caged_jan2020_anchor + stitched CAGED flows (back/forward)
AM,2015-09-01,429378,25224,2015,9,2020-01-01,novo_caged_jan2020_anchor + stitched CAGED flows (back/forward)
AM,2015-10-01,425609,24468,2015,10,2020-01-01,novo_caged_jan2020_anchor + stitched CAGED flows (back/forward)
AM,2015-11-01,422360,24161,2015,11,2020-01-01,novo_caged_jan2020_anchor + stitched CAGED flows (back/forward)
AM,2015-12-01,413724,23355,2015,12,2020-01-01,novo_caged_jan2020_anchor + stitched CAGED flows (back/forward)
AM,2016-01-01,409067,22795,2016,1,2020-01-01,novo_caged_jan2020_anchor + stitched CAGED flows (back/forward)
AM,2016-02-01,406377,22485,2016,2,2020-01-01,novo_caged_jan2020_anchor + stitched CAGED flows (back/forward)
AM,2016-03-01,402786,22307,2016,3,2020-01-01,novo_caged_jan2020_anchor + stitched CAGED flows (back/forward)
AM,2016-04-01,400741,22261,2016,4,2020-01-01,novo_caged_jan2020_anchor + stitched CAGED flows (back/forward)
AM,2016-05-01,399817,22367,2016,5,2020-01-01,novo_caged_jan2020_anchor + stitched CAGED flows (back/forward)
AM,2016-06-01,398586,22814,2016,6,2020-01-01,novo_caged_jan2020_anchor + stitched CAGED flows (back/forward)
AM,2016-07-01,397914,22761,2016,7,2020-01-01,novo_caged_jan2020_anchor + stitched CAGED flows (back/forward)
AM,2016-08-01,398897,22654,2016,8,2020-01-01,novo_caged_jan2020_anchor + stitched CAGED flows (back/forward)
AM,2016-09-01,399392,22346,2016,9,2020-01-01,novo_caged_jan2020_anchor + stitched CAGED flows (back/forward)
AM,2016-10-01,399901,22314,2016,10,2020-01-01,novo_caged_jan2020_anchor + stitched CAGED flows (back/forward)
AM,2016-11-01,398822,21662,2016,11,2020-01-01,novo_caged_jan2020_anchor + stitched CAGED flows (back/forward)
AM,2016-12-01,393790,20573,2016,12,2020-01-01,novo_caged_jan2020_anchor + stitched CAGED flows (back/forward)
AM,2017-01-01,392364,20084,2017,1,2020-01-01,novo_caged_jan2020_anchor + stitched CAGED flows (back/forward)
AM,2017-02-01,390590,19668,2017,2,2020-01-01,novo_caged_jan2020_anchor + stitched CAGED flows (back/forward)
AM,2017-03-01,388890,19271,2017,3,2020-01-01,novo_caged_jan2020_anchor + stitched CAGED flows (back/forward)
AM,2017-04-01,388630,19033,2017,4,2020-01-01,novo_caged_jan2020_anchor + stitched CAGED flows (back/forward)
AM,2017-05-01,388405,18899,2017,5,2020-01-01,novo_caged_jan2020_anchor + stitched CAGED flows (back/forward)
AM,2017-06-01,388304,19029,2017,6,2020-01-01,novo_caged_jan2020_anchor + stitched CAGED flows (back/forward)
AM,2017-07-01,390192,19381,2017,7,2020-01-01,novo_caged_jan2020_anchor + stitched CAGED flows (back/forward)
AM,2017-08-01,391549,19283,2017,8,2020-01-01,novo_caged_jan2020_anchor + stitched CAGED flows (back/forward)
AM,2017-09-01,391845,19183,2017,9,2020-01-01,novo_caged_jan2020_anchor + stitched CAGED flows (back/forward)
AM,2017-10-01,394450,19125,2017,10,2020-01-01,novo_caged_jan2020_anchor + stitched CAGED flows (back/forward)
AM,2017-11-01,394845,18769,2017,11,2020-01-01,novo_caged_jan2020_anchor + stitched CAGED flows (back/forward)
AM,2017-12-01,392843,18504,2017,12,2020-01-01,novo_caged_jan2020_anchor + stitched CAGED flows (back/forward)
AM,2018-01-01,392071,17805,2018,1,2020-01-01,novo_caged_jan2020_anchor + stitched CAGED flows (back/forward)
AM,2018-02-01,392126,17795,2018,2,2020-01-01,novo_caged_jan2020_anchor + stitched CAGED flows (back/forward)
AM,2018-03-01,392674,17759,2018,3,2020-01-01,novo_caged_jan2020_anchor + stitched CAGED flows (back/forward)
AM,2018-04-01,392441,17840,2018,4,2020-01-01,novo_caged_jan2020_anchor + stitched CAGED flows (back/forward)
AM,2018-05-01,391230,17482,2018,5,2020-01-01,novo_caged_jan2020_anchor + stitched CAGED flows (back/forward)
AM,2018-06-01,391859,17671,2018,6,2020-01-01,novo_caged_jan2020_anchor + stitched CAGED flows (back/forward)
AM,2018-07-01,393142,17965,2018,7,2020-01-01,novo_caged_jan2020_anchor + stitched CAGED flows (back/forward)
AM,2018-08-01,394934,18065,2018,8,2020-01-01,novo_caged_jan2020_anchor + stitched CAGED flows (back/forward)
AM,2018-09-01,396748,18406,2018,9,2020-01-01,novo_caged_jan2020_anchor + stitched CAGED flows (back/forward)
AM,2018-10-01,397932,18562,2018,10,2020-01-01,novo_caged_jan2020_anchor + stitched CAGED flows (back/forward)
AM,2018-11-01,398220,18097,2018,11,2020-01-01,novo_caged_jan2020_anchor + stitched CAGED flows (back/forward)
AM,2018-12-01,396618,17554,2018,12,2020-01-01,novo_caged_jan2020_anchor + stitched CAGED flows (back/forward)
AM,2019-01-01,395907,17554,2019,1,2020-01-01,novo_caged_jan2020_anchor + stitched CAGED flows (back/forward)
AM,2019-02-01,397332,17827,2019,2,2020-01-01,novo_caged_jan2020_anchor + stitched CAGED flows (back/forward)
AM,2019-03-01,397489,17827,2019,3,2020-01-01,novo_caged_jan2020_anchor + stitched CAGED flows (back/forward)
AM,2019-04-01,399132,18013,2019,4,2020-01-01,novo_caged_jan2020_anchor + stitched CAGED flows (back/forward)
AM,2019-05-01,400194,18234,2019,5,2020-01-01,novo_caged_jan2020_anchor + stitched CAGED flows (back/forward)
AM,2019-06-01,401877,18677,2019,6,2020-01-01,novo_caged_jan2020_anchor + stitched CAGED flows (back/forward)
AM,2019-07-01,404005,19125,2019,7,2020-01-01,novo_caged_jan2020_anchor + stitched CAGED flows (back/forward)
AM,2019-08-01,405910,19453,2019,8,2020-01-01,novo_caged_jan2020_anchor + stitched CAGED flows (back/forward)
AM,2019-09-01,407576,19693,2019,9,2020-01-01,novo_caged_jan2020_anchor + stitched CAGED flows (back/forward)
AM,2019-10-01,408227,19485,2019,10,2020-01-01,novo_caged_jan2020_anchor + stitched CAGED flows (back/forward)
AM,2019-11-01,409816,19512,2019,11,2020-01-01,novo_caged_jan2020_anchor + stitched CAGED flows (back/forward)
AM,2019-12-01,405859,19332,2019,12,2020-01-01,novo_caged_jan2020_anchor + stitched CAGED flows (back/forward)
AM,2020-01-01,406780,19475,2020,1,2020-01-01,novo_caged_jan2020_anchor + stitched CAGED flows (back/forward)
AM,2020-02-01,408617,20073,2020,2,2020-01-01,novo_caged_jan2020_anchor + stitched CAGED flows (back/forward)
AM,2020-03-01,405033,19987,2020,3,2020-01-01,novo_caged_jan2020_anchor + stitched CAGED flows (back/forward)
AM,2020-04-01,394742,18079,2020,4,2020-01-01,novo_caged_jan2020_anchor + stitched CAGED flows (back/forward)
AM,2020-05-01,389364,17598,2020,5,2020-01-01,novo_caged_jan2020_anchor + stitched CAGED flows (back/forward)
AM,2020-06-01,388526,18003,2020,6,2020-01-01,novo_caged_jan2020_anchor + stitched CAGED flows (back/forward)
AM,2020-07-01,392787,18638,2020,7,2020-01-01,novo_caged_jan2020_anchor + stitched CAGED flows (back/forward)
AM,2020-08-01,400185,19376,2020,8,2020-01-01,novo_caged_jan2020_anchor + stitched CAGED flows (back/forward)
AM,2020-09-01,406284,19537,2020,9,2020-01-01,novo_caged_jan2020_anchor + stitched CAGED flows (back/forward)
AM,2020-10-01,411926,20386,2020,10,2020-01-01,novo_caged_jan2020_anchor + stitched CAGED flows (back/forward)
AM,2020-11-01,417296,20381,2020,11,2020-01-01,novo_caged_jan2020_anchor + stitched CAGED flows (back/forward)
AM,2020-12-01,414532,19990,2020,12,2020-01-01,novo_caged_jan2020_anchor + stitched CAGED flows (back/forward)
AM,2021-01-01,416235,19909,2021,1,2020-01-01,novo_caged_jan2020_anchor + stitched CAGED flows (back/forward)
AM,2021-02-01,414994,19567,2021,2,2020-01-01,novo_caged_jan2020_anchor + stitched CAGED flows (back/forward)
AM,2021-03-01,416777,20348,2021,3,2020-01-01,novo_caged_jan2020_anchor + stitched CAGED flows (back/forward)
AM,2021-04-01,419109,20746,2021,4,2020-01-01,novo_caged_jan2020_anchor + stitched CAGED flows (back/forward)
AM,2021-05-01,422715,20996,2021,5,2020-01-01,novo_caged_jan2020_anchor + stitched CAGED flows (back/forward)
AM,2021-06-01,428613,22010,2021,6,2020-01-01,novo_caged_jan2020_anchor + stitched CAGED flows (back/forward)
AM,2021-07-01,436023,22611,2021,7,2020-01-01,novo_caged_jan2020_anchor + stitched CAGED flows (back/forward)
AM,2021-08-01,442151,23559,2021,8,2020-01-01,novo_caged_jan2020_anchor + stitched CAGED flows (back/forward)
AM,2021-09-01,446844,23893,2021,9,2020-01-01,novo_caged_jan2020_anchor + stitched CAGED flows (back/forward)
AM,2021-10-01,449281,23505,2021,10,2020-01-01,novo_caged_jan2020_anchor + stitched CAGED flows (back/forward)
AM,2021-11-01,454943,23540,2021,11,2020-01-01,novo_caged_jan2020_anchor + stitched CAGED flows (back/forward)
AM,2021-12-01,451639,23096,2021,12,2020-01-01,novo_caged_jan2020_anchor + stitched CAGED flows (back/forward)
AM,2022-01-01,452422,23318,2022,1,2020-01-01,novo_caged_jan2020_anchor + stitched CAGED flows (back/forward)
AM,2022-02-01,456735,23714,2022,2,2020-01-01,novo_caged_jan2020_anchor + stitched CAGED flows (back/forward)
AM,2022-03-01,458955,23827,2022,3,2020-01-01,novo_caged_jan2020_anchor + stitched CAGED flows (back/forward)
AM,2022-04-01,462456,23887,2022,4,2020-01-01,novo_caged_jan2020_anchor + stitched CAGED flows (back/forward)
AM,2022-05-01,466937,24436,2022,5,2020-01-01,novo_caged_jan2020_anchor + stitched CAGED flows (back/forward)
AM,2022-06-01,472181,25441,2022,6,2020-01-01,novo_caged_jan2020_anchor + stitched CAGED flows (back/forward)
AM,2022-07-01,478231,25284,2022,7,2020-01-01,novo_caged_jan2020_anchor + stitched CAGED flows (back/forward)
AM,2022-08-01,483160,25094,2022,8,2020-01-01,novo_caged_jan2020_anchor + stitched CAGED flows (back/forward)
AM,2022-09-01,488475,25161,2022,9,2020-01-01,novo_caged_jan2020_anchor + stitched CAGED flows (back/forward)
AM,2022-10-01,491911,25317,2022,10,2020-01-01,novo_caged_jan2020_anchor + stitched CAGED flows (back/forward)
AM,2022-11-01,493766,24974,2022,11,2020-01-01,novo_caged_jan2020_anchor + stitched CAGED flows (back/forward)
AM,2022-12-01,486431,24081,2022,12,2020-01-01,novo_caged_jan2020_anchor + stitched CAGED flows (back/forward)
AM,2023-01-01,485260,23715,2023,1,2020-01-01,novo_caged_jan2020_anchor + stitched CAGED flows (back/forward)
AM,2023-02-01,487953,23760,2023,2,2020-01-01,novo_caged_jan2020_anchor + stitched CAGED flows (back/forward)
AM,2023-03-01,489570,23903,2023,3,2020-01-01,novo_caged_jan2020_anchor + stitched CAGED flows (back/forward)
AM,2023-04-01,492529,23764,2023,4,2020-01-01,novo_caged_jan2020_anchor + stitched CAGED flows (back/forward)
AM,2023-05-01,494485,24355,2023,5,2020-01-01,novo_caged_jan2020_anchor + stitched CAGED flows (back/forward)
AM,2023-06-01,496619,25331,2023,6,2020-01-01,novo_caged_jan2020_anchor + stitched CAGED flows (back/forward)
AM,2023-07-01,500032,26053,2023,7,2020-01-01,novo_caged_jan2020_anchor + stitched CAGED flows (back/forward)
AM,2023-08-01,504142,26330,2023,8,2020-01-01,novo_caged_jan2020_anchor + stitched CAGED flows (back/forward)
AM,2023-09-01,506727,27020,2023,9,2020-01-01,novo_caged_jan2020_anchor + stitched CAGED flows (back/forward)
AM,2023-10-01,509137,27648,2023,10,2020-01-01,novo_caged_jan2020_anchor + stitched CAGED flows (back/forward)
AM,2023-11-01,511384,27432,2023,11,2020-01-01,novo_caged_jan2020_anchor + stitched CAGED flows (back/forward)
AM,2023-12-01,508008,26557,2023,12,2020-01-01,novo_caged_jan2020_anchor + stitched CAGED flows (back/forward)
AM,2024-01-01,508396,26273,2024,1,2020-01-01,novo_caged_jan2020_anchor + stitched CAGED flows (back/forward)
AM,2024-02-01,511990,26670,2024,2,2020-01-01,novo_caged_jan2020_anchor + stitched CAGED flows (back/forward)
AM,2024-03-01,515117,27045,2024,3,2020-01-01,novo_caged_jan2020_anchor + stitched CAGED flows (back/forward)
AM,2024-04-01,518857,27528,2024,4,2020-01-01,novo_caged_jan2020_anchor + stitched CAGED flows (back/forward)
AM,2024-05-01,522328,28120,2024,5,2020-01-01,novo_caged_jan2020_anchor + stitched CAGED flows (back/forward)
AM,2024-06-01,527362,28878,2024,6,2020-01-01,novo_caged_jan2020_anchor + stitched CAGED flows (back/forward)
AM,2024-07-01,532006,29516,2024,7,2020-01-01,novo_caged_jan2020_anchor + stitched CAGED flows (back/forward)
AM,2024-08-01,537572,29769,2024,8,2020-01-01,novo_caged_jan2020_anchor + stitched CAGED flows (back/forward)
AM,2024-09-01,540730,29670,2024,9,2020-01-01,novo_caged_jan2020_anchor + stitched CAGED flows (back/forward)
AM,2024-10-01,543322,29378,2024,10,2020-01-01,novo_caged_jan2020_anchor + stitched CAGED flows (back/forward)
AM,2024-11-01,548844,29187,2024,11,2020-01-01,novo_caged_jan2020_anchor + stitched CAGED flows (back/forward)
AM,2024-12-01,541571,28300,2024,12,2020-01-01,novo_caged_jan2020_anchor + stitched CAGED flows (back/forward)
AM,2025-01-01,544212,28643,2025,1,2020-01-01,novo_caged_jan2020_anchor + stitched CAGED flows (back/forward)
AM,2025-02-01,547566,29183,2025,2,2020-01-01,novo_caged_jan2020_anchor + stitched CAGED flows (back/forward)
AM,2025-03-01,548629,29167,2025,3,2020-01-01,novo_caged_jan2020_anchor + stitched CAGED flows (back/forward)
AM,2025-04-01,551631,29323,2025,4,2020-01-01,novo_caged_jan2020_anchor + stitched CAGED flows (back/forward)
AM,2025-05-01,553981,29542,2025,5,2020-01-01,novo_caged_jan2020_anchor + stitched CAGED flows (back/forward)
AM,2025-06-01,556563,30007,2025,6,2020-01-01,novo_caged_jan2020_anchor + stitched CAGED flows (back/forward)
AM,2025-07-01,557766,30250,2025,7,2020-01-01,novo_caged_jan2020_anchor + stitched CAGED flows (back/forward)
AM,2025-08-01,560556,30646,2025,8,2020-01-01,novo_caged_jan2020_anchor + stitched CAGED flows (back/forward)
AM,2025-09-01,564349,31405,2025,9,2020-01-01,novo_caged_jan2020_anchor + stitched CAGED flows (back/forward)
AM,2025-10-01,565794,31037,2025,10,2020-01-01,novo_caged_jan2020_anchor + stitched CAGED flows (back/forward)
AM,2025-11-01,569665,30916,2025,11,2020-01-01,novo_caged_jan2020_anchor + stitched CAGED flows (back/forward)
AM,2025-12-01,562834,30150,2025,12,2020-01-01,novo_caged_jan2020_anchor + stitched CAGED flows (back/forward)
AM,2026-01-01,564334,30375,2026,1,2020-01-01,novo_caged_jan2020_anchor + stitched CAGED flows (back/forward)
AM,2026-02-01,566580,30669,2026,2,2020-01-01,novo_caged_jan2020_anchor + stitched CAGED flows (back/forward)
AM,2026-03-01,568656,31089,2026,3,2020-01-01,novo_caged_jan2020_anchor + stitched CAGED flows (back/forward)
AP,2007-01-01,63923,4604,2007,1,2020-01-01,novo_caged_jan2020_anchor + stitched CAGED flows (back/forward)
AP,2007-02-01,64253,4604,2007,2,2020-01-01,novo_caged_jan2020_anchor + stitched CAGED flows (back/forward)
AP,2007-03-01,64325,4617,2007,3,2020-01-01,novo_caged_jan2020_anchor + stitched CAGED flows (back/forward)
AP,2007-04-01,64445,4605,2007,4,2020-01-01,novo_caged_jan2020_anchor + stitched CAGED flows (back/forward)
AP,2007-05-01,64694,4625,2007,5,2020-01-01,novo_caged_jan2020_anchor + stitched CAGED flows (back/forward)
AP,2007-06-01,64681,4627,2007,6,2020-01-01,novo_caged_jan2020_anchor + stitched CAGED flows (back/forward)
AP,2007-07-01,65068,4785,2007,7,2020-01-01,novo_caged_jan2020_anchor + stitched CAGED flows (back/forward)
AP,2007-08-01,65384,4830,2007,8,2020-01-01,novo_caged_jan2020_anchor + stitched CAGED flows (back/forward)
AP,2007-09-01,65578,4848,2007,9,2020-01-01,novo_caged_jan2020_anchor + stitched CAGED flows (back/forward)
AP,2007-10-01,65628,4894,2007,10,2020-01-01,novo_caged_jan2020_anchor + stitched CAGED flows (back/forward)
AP,2007-11-01,65993,4934,2007,11,2020-01-01,novo_caged_jan2020_anchor + stitched CAGED flows (back/forward)
AP,2007-12-01,65784,5018,2007,12,2020-01-01,novo_caged_jan2020_anchor + stitched CAGED flows (back/forward)
AP,2008-01-01,65492,4945,2008,1,2020-01-01,novo_caged_jan2020_anchor + stitched CAGED flows (back/forward)
AP,2008-02-01,65445,4786,2008,2,2020-01-01,novo_caged_jan2020_anchor + stitched CAGED flows (back/forward)
AP,2008-03-01,65616,4791,2008,3,2020-01-01,novo_caged_jan2020_anchor + stitched CAGED flows (back/forward)
AP,2008-04-01,66078,4631,2008,4,2020-01-01,novo_caged_jan2020_anchor + stitched CAGED flows (back/forward)
AP,2008-05-01,66292,4713,2008,5,2020-01-01,novo_caged_jan2020_anchor + stitched CAGED flows (back/forward)
AP,2008-06-01,66618,4789,2008,6,2020-01-01,novo_caged_jan2020_anchor + stitched CAGED flows (back/forward)
AP,2008-07-01,66858,4927,2008,7,2020-01-01,novo_caged_jan2020_anchor + stitched CAGED flows (back/forward)
AP,2008-08-01,67242,4873,2008,8,2020-01-01,novo_caged_jan2020_anchor + stitched CAGED flows (back/forward)
AP,2008-09-01,67530,4816,2008,9,2020-01-01,novo_caged_jan2020_anchor + stitched CAGED flows (back/forward)
AP,2008-10-01,68054,4907,2008,10,2020-01-01,novo_caged_jan2020_anchor + stitched CAGED flows (back/forward)
AP,2008-11-01,68435,4806,2008,11,2020-01-01,novo_caged_jan2020_anchor + stitched CAGED flows (back/forward)
AP,2008-12-01,67733,4395,2008,12,2020-01-01,novo_caged_jan2020_anchor + stitched CAGED flows (back/forward)
AP,2009-01-01,67067,4247,2009,1,2020-01-01,novo_caged_jan2020_anchor + stitched CAGED flows (back/forward)
AP,2009-02-01,67059,4171,2009,2,2020-01-01,novo_caged_jan2020_anchor + stitched CAGED flows (back/forward)
AP,2009-03-01,66958,4125,2009,3,2020-01-01,novo_caged_jan2020_anchor + stitched CAGED flows (back/forward)
AP,2009-04-01,67456,4114,2009,4,2020-01-01,novo_caged_jan2020_anchor + stitched CAGED flows (back/forward)
AP,2009-05-01,67450,4077,2009,5,2020-01-01,novo_caged_jan2020_anchor + stitched CAGED flows (back/forward)
AP,2009-06-01,67274,4065,2009,6,2020-01-01,novo_caged_jan2020_anchor + stitched CAGED flows (back/forward)
AP,2009-07-01,67271,4131,2009,7,2020-01-01,novo_caged_jan2020_anchor + stitched CAGED flows (back/forward)
AP,2009-08-01,67614,4207,2009,8,2020-01-01,novo_caged_jan2020_anchor + stitched CAGED flows (back/forward)
AP,2009-09-01,67820,4254,2009,9,2020-01-01,novo_caged_jan2020_anchor + stitched CAGED flows (back/forward)
AP,2009-10-01,67934,4315,2009,10,2020-01-01,novo_caged_jan2020_anchor + stitched CAGED flows (back/forward)
AP,2009-11-01,68157,4295,2009,11,2020-01-01,novo_caged_jan2020_anchor + stitched CAGED flows (back/forward)
AP,2009-12-01,67924,4197,2009,12,2020-01-01,novo_caged_jan2020_anchor + stitched CAGED flows (back/forward)
AP,2010-01-01,68066,4219,2010,1,2020-01-01,novo_caged_jan2020_anchor + stitched CAGED flows (back/forward)
AP,2010-02-01,68880,4285,2010,2,2020-01-01,novo_caged_jan2020_anchor + stitched CAGED flows (back/forward)
AP,2010-03-01,68676,4200,2010,3,2020-01-01,novo_caged_jan2020_anchor + stitched CAGED flows (back/forward)
AP,2010-04-01,69272,4200,2010,4,2020-01-01,novo_caged_jan2020_anchor + stitched CAGED flows (back/forward)
AP,2010-05-01,69112,4200,2010,5,2020-01-01,novo_caged_jan2020_anchor + stitched CAGED flows (back/forward)
AP,2010-06-01,69216,4200,2010,6,2020-01-01,novo_caged_jan2020_anchor + stitched CAGED flows (back/forward)
AP,2010-07-01,69193,4082,2010,7,2020-01-01,novo_caged_jan2020_anchor + stitched CAGED flows (back/forward)
AP,2010-08-01,69686,4233,2010,8,2020-01-01,novo_caged_jan2020_anchor + stitched CAGED flows (back/forward)
AP,2010-09-01,70016,4468,2010,9,2020-01-01,novo_caged_jan2020_anchor + stitched CAGED flows (back/forward)
AP,2010-10-01,70417,4468,2010,10,2020-01-01,novo_caged_jan2020_anchor + stitched CAGED flows (back/forward)
AP,2010-11-01,70432,4455,2010,11,2020-01-01,novo_caged_jan2020_anchor + stitched CAGED flows (back/forward)
AP,2010-12-01,70075,4375,2010,12,2020-01-01,novo_caged_jan2020_anchor + stitched CAGED flows (back/forward)
AP,2011-01-01,69869,4297,2011,1,2020-01-01,novo_caged_jan2020_anchor + stitched CAGED flows (back/forward)
AP,2011-02-01,69941,4288,2011,2,2020-01-01,novo_caged_jan2020_anchor + stitched CAGED flows (back/forward)
AP,2011-03-01,69862,4038,2011,3,2020-01-01,novo_caged_jan2020_anchor + stitched CAGED flows (back/forward)
AP,2011-04-01,70331,4050,2011,4,2020-01-01,novo_caged_jan2020_anchor + stitched CAGED flows (back/forward)
AP,2011-05-01,70529,4111,2011,5,2020-01-01,novo_caged_jan2020_anchor + stitched CAGED flows (back/forward)
AP,2011-06-01,71181,4329,2011,6,2020-01-01,novo_caged_jan2020_anchor + stitched CAGED flows (back/forward)
AP,2011-07-01,71831,4618,2011,7,2020-01-01,novo_caged_jan2020_anchor + stitched CAGED flows (back/forward)
AP,2011-08-01,72475,5048,2011,8,2020-01-01,novo_caged_jan2020_anchor + stitched CAGED flows (back/forward)
AP,2011-09-01,73427,5633,2011,9,2020-01-01,novo_caged_jan2020_anchor + stitched CAGED flows (back/forward)
AP,2011-10-01,74100,5932,2011,10,2020-01-01,novo_caged_jan2020_anchor + stitched CAGED flows (back/forward)
AP,2011-11-01,74596,6237,2011,11,2020-01-01,novo_caged_jan2020_anchor + stitched CAGED flows (back/forward)
AP,2011-12-01,74537,6172,2011,12,2020-01-01,novo_caged_jan2020_anchor + stitched CAGED flows (back/forward)
AP,2012-01-01,74670,6283,2012,1,2020-01-01,novo_caged_jan2020_anchor + stitched CAGED flows (back/forward)
AP,2012-02-01,74672,6228,2012,2,2020-01-01,novo_caged_jan2020_anchor + stitched CAGED flows (back/forward)
AP,2012-03-01,74533,6133,2012,3,2020-01-01,novo_caged_jan2020_anchor + stitched CAGED flows (back/forward)
AP,2012-04-01,75112,6086,2012,4,2020-01-01,novo_caged_jan2020_anchor + stitched CAGED flows (back/forward)
AP,2012-05-01,75268,6086,2012,5,2020-01-01,novo_caged_jan2020_anchor + stitched CAGED flows (back/forward)
AP,2012-06-01,75511,6331,2012,6,2020-01-01,novo_caged_jan2020_anchor + stitched CAGED flows (back/forward)
AP,2012-07-01,76317,6550,2012,7,2020-01-01,novo_caged_jan2020_anchor + stitched CAGED flows (back/forward)
AP,2012-08-01,77333,6996,2012,8,2020-01-01,novo_caged_jan2020_anchor + stitched CAGED flows (back/forward)
AP,2012-09-01,77853,7111,2012,9,2020-01-01,novo_caged_jan2020_anchor + stitched CAGED flows (back/forward)
AP,2012-10-01,77759,7111,2012,10,2020-01-01,novo_caged_jan2020_anchor + stitched CAGED flows (back/forward)
AP,2012-11-01,78036,6925,2012,11,2020-01-01,novo_caged_jan2020_anchor + stitched CAGED flows (back/forward)
AP,2012-12-01,77077,6505,2012,12,2020-01-01,novo_caged_jan2020_anchor + stitched CAGED flows (back/forward)
AP,2013-01-01,77048,6612,2013,1,2020-01-01,novo_caged_jan2020_anchor + stitched CAGED flows (back/forward)
AP,2013-02-01,77293,6718,2013,2,2020-01-01,novo_caged_jan2020_anchor + stitched CAGED flows (back/forward)
AP,2013-03-01,77557,6694,2013,3,2020-01-01,novo_caged_jan2020_anchor + stitched CAGED flows (back/forward)
AP,2013-04-01,78140,6764,2013,4,2020-01-01,novo_caged_jan2020_anchor + stitched CAGED flows (back/forward)
AP,2013-05-01,78316,6863,2013,5,2020-01-01,novo_caged_jan2020_anchor + stitched CAGED flows (back/forward)
AP,2013-06-01,78085,6882,2013,6,2020-01-01,novo_caged_jan2020_anchor + stitched CAGED flows (back/forward)
AP,2013-07-01,78222,6636,2013,7,2020-01-01,novo_caged_jan2020_anchor + stitched CAGED flows (back/forward)
AP,2013-08-01,78589,6946,2013,8,2020-01-01,novo_caged_jan2020_anchor + stitched CAGED flows (back/forward)
AP,2013-09-01,79064,7053,2013,9,2020-01-01,novo_caged_jan2020_anchor + stitched CAGED flows (back/forward)
AP,2013-10-01,79355,7158,2013,10,2020-01-01,novo_caged_jan2020_anchor + stitched CAGED flows (back/forward)
AP,2013-11-01,79266,7075,2013,11,2020-01-01,novo_caged_jan2020_anchor + stitched CAGED flows (back/forward)
AP,2013-12-01,78549,6772,2013,12,2020-01-01,novo_caged_jan2020_anchor + stitched CAGED flows (back/forward)
AP,2014-01-01,78339,6909,2014,1,2020-01-01,novo_caged_jan2020_anchor + stitched CAGED flows (back/forward)
AP,2014-02-01,77811,6806,2014,2,2020-01-01,novo_caged_jan2020_anchor + stitched CAGED flows (back/forward)
AP,2014-03-01,76505,6755,2014,3,2020-01-01,novo_caged_jan2020_anchor + stitched CAGED flows (back/forward)
AP,2014-04-01,76965,6812,2014,4,2020-01-01,novo_caged_jan2020_anchor + stitched CAGED flows (back/forward)
AP,2014-05-01,76246,6621,2014,5,2020-01-01,novo_caged_jan2020_anchor + stitched CAGED flows (back/forward)
AP,2014-06-01,76079,6579,2014,6,2020-01-01,novo_caged_jan2020_anchor + stitched CAGED flows (back/forward)
AP,2014-07-01,76305,6767,2014,7,2020-01-01,novo_caged_jan2020_anchor + stitched CAGED flows (back/forward)
AP,2014-08-01,76606,6852,2014,8,2020-01-01,novo_caged_jan2020_anchor + stitched CAGED flows (back/forward)
AP,2014-09-01,76869,6702,2014,9,2020-01-01,novo_caged_jan2020_anchor + stitched CAGED flows (back/forward)
AP,2014-10-01,77094,6788,2014,10,2020-01-01,novo_caged_jan2020_anchor + stitched CAGED flows (back/forward)
AP,2014-11-01,77533,6713,2014,11,2020-01-01,novo_caged_jan2020_anchor + stitched CAGED flows (back/forward)
AP,2014-12-01,75986,5991,2014,12,2020-01-01,novo_caged_jan2020_anchor + stitched CAGED flows (back/forward)
AP,2015-01-01,74846,5991,2015,1,2020-01-01,novo_caged_jan2020_anchor + stitched CAGED flows (back/forward)
AP,2015-02-01,74291,5714,2015,2,2020-01-01,novo_caged_jan2020_anchor + stitched CAGED flows (back/forward)
AP,2015-03-01,73622,5381,2015,3,2020-01-01,novo_caged_jan2020_anchor + stitched CAGED flows (back/forward)
AP,2015-04-01,73588,5127,2015,4,2020-01-01,novo_caged_jan2020_anchor + stitched CAGED flows (back/forward)
AP,2015-05-01,72549,4824,2015,5,2020-01-01,novo_caged_jan2020_anchor + stitched CAGED flows (back/forward)
AP,2015-06-01,72122,4780,2015,6,2020-01-01,novo_caged_jan2020_anchor + stitched CAGED flows (back/forward)
AP,2015-07-01,71898,4682,2015,7,2020-01-01,novo_caged_jan2020_anchor + stitched CAGED flows (back/forward)
AP,2015-08-01,71691,4629,2015,8,2020-01-01,novo_caged_jan2020_anchor + stitched CAGED flows (back/forward)
AP,2015-09-01,71524,4631,2015,9,2020-01-01,novo_caged_jan2020_anchor + stitched CAGED flows (back/forward)
AP,2015-10-01,71520,4809,2015,10,2020-01-01,novo_caged_jan2020_anchor + stitched CAGED flows (back/forward)
AP,2015-11-01,71683,4931,2015,11,2020-01-01,novo_caged_jan2020_anchor + stitched CAGED flows (back/forward)
AP,2015-12-01,71045,4767,2015,12,2020-01-01,novo_caged_jan2020_anchor + stitched CAGED flows (back/forward)
AP,2016-01-01,70675,4771,2016,1,2020-01-01,novo_caged_jan2020_anchor + stitched CAGED flows (back/forward)
AP,2016-02-01,69673,4683,2016,2,2020-01-01,novo_caged_jan2020_anchor + stitched CAGED flows (back/forward)
AP,2016-03-01,69152,4619,2016,3,2020-01-01,novo_caged_jan2020_anchor + stitched CAGED flows (back/forward)
AP,2016-04-01,69202,4549,2016,4,2020-01-01,novo_caged_jan2020_anchor + stitched CAGED flows (back/forward)
AP,2016-05-01,68284,4522,2016,5,2020-01-01,novo_caged_jan2020_anchor + stitched CAGED flows (back/forward)
AP,2016-06-01,68338,4474,2016,6,2020-01-01,novo_caged_jan2020_anchor + stitched CAGED flows (back/forward)
AP,2016-07-01,67933,4437,2016,7,2020-01-01,novo_caged_jan2020_anchor + stitched CAGED flows (back/forward)
AP,2016-08-01,67873,4487,2016,8,2020-01-01,novo_caged_jan2020_anchor + stitched CAGED flows (back/forward)
AP,2016-09-01,67579,4331,2016,9,2020-01-01,novo_caged_jan2020_anchor + stitched CAGED flows (back/forward)
AP,2016-10-01,67695,4380,2016,10,2020-01-01,novo_caged_jan2020_anchor + stitched CAGED flows (back/forward)
AP,2016-11-01,67543,4191,2016,11,2020-01-01,novo_caged_jan2020_anchor + stitched CAGED flows (back/forward)
AP,2016-12-01,67183,4226,2016,12,2020-01-01,novo_caged_jan2020_anchor + stitched CAGED flows (back/forward)
AP,2017-01-01,66852,4133,2017,1,2020-01-01,novo_caged_jan2020_anchor + stitched CAGED flows (back/forward)
AP,2017-02-01,66841,4236,2017,2,2020-01-01,novo_caged_jan2020_anchor + stitched CAGED flows (back/forward)
AP,2017-03-01,66791,4237,2017,3,2020-01-01,novo_caged_jan2020_anchor + stitched CAGED flows (back/forward)
AP,2017-04-01,67007,4285,2017,4,2020-01-01,novo_caged_jan2020_anchor + stitched CAGED flows (back/forward)
AP,2017-05-01,66958,4240,2017,5,2020-01-01,novo_caged_jan2020_anchor + stitched CAGED flows (back/forward)
AP,2017-06-01,67051,4241,2017,6,2020-01-01,novo_caged_jan2020_anchor + stitched CAGED flows (back/forward)
AP,2017-07-01,67254,4232,2017,7,2020-01-01,novo_caged_jan2020_anchor + stitched CAGED flows (back/forward)
AP,2017-08-01,67214,4027,2017,8,2020-01-01,novo_caged_jan2020_anchor + stitched CAGED flows (back/forward)
AP,2017-09-01,66992,4034,2017,9,2020-01-01,novo_caged_jan2020_anchor + stitched CAGED flows (back/forward)
AP,2017-10-01,66943,4090,2017,10,2020-01-01,novo_caged_jan2020_anchor + stitched CAGED flows (back/forward)
AP,2017-11-01,66668,3880,2017,11,2020-01-01,novo_caged_jan2020_anchor + stitched CAGED flows (back/forward)
AP,2017-12-01,66258,3670,2017,12,2020-01-01,novo_caged_jan2020_anchor + stitched CAGED flows (back/forward)
AP,2018-01-01,66603,3895,2018,1,2020-01-01,novo_caged_jan2020_anchor + stitched CAGED flows (back/forward)
AP,2018-02-01,66704,3916,2018,2,2020-01-01,novo_caged_jan2020_anchor + stitched CAGED flows (back/forward)
AP,2018-03-01,66522,3885,2018,3,2020-01-01,novo_caged_jan2020_anchor + stitched CAGED flows (back/forward)
AP,2018-04-01,66932,4034,2018,4,2020-01-01,novo_caged_jan2020_anchor + stitched CAGED flows (back/forward)
AP,2018-05-01,66821,4089,2018,5,2020-01-01,novo_caged_jan2020_anchor + stitched CAGED flows (back/forward)
AP,2018-06-01,66285,4152,2018,6,2020-01-01,novo_caged_jan2020_anchor + stitched CAGED flows (back/forward)
AP,2018-07-01,66827,4354,2018,7,2020-01-01,novo_caged_jan2020_anchor + stitched CAGED flows (back/forward)
AP,2018-08-01,67376,4547,2018,8,2020-01-01,novo_caged_jan2020_anchor + stitched CAGED flows (back/forward)
AP,2018-09-01,67910,4815,2018,9,2020-01-01,novo_caged_jan2020_anchor + stitched CAGED flows (back/forward)
AP,2018-10-01,68089,5043,2018,10,2020-01-01,novo_caged_jan2020_anchor + stitched CAGED flows (back/forward)
AP,2018-11-01,68167,5004,2018,11,2020-01-01,novo_caged_jan2020_anchor + stitched CAGED flows (back/forward)
AP,2018-12-01,67603,4739,2018,12,2020-01-01,novo_caged_jan2020_anchor + stitched CAGED flows (back/forward)
AP,2019-01-01,67141,4739,2019,1,2020-01-01,novo_caged_jan2020_anchor + stitched CAGED flows (back/forward)
AP,2019-02-01,67220,4728,2019,2,2020-01-01,novo_caged_jan2020_anchor + stitched CAGED flows (back/forward)
AP,2019-03-01,67268,4728,2019,3,2020-01-01,novo_caged_jan2020_anchor + stitched CAGED flows (back/forward)
AP,2019-04-01,67495,4780,2019,4,2020-01-01,novo_caged_jan2020_anchor + stitched CAGED flows (back/forward)
AP,2019-05-01,67212,4770,2019,5,2020-01-01,novo_caged_jan2020_anchor + stitched CAGED flows (back/forward)
AP,2019-06-01,67047,4811,2019,6,2020-01-01,novo_caged_jan2020_anchor + stitched CAGED flows (back/forward)
AP,2019-07-01,67069,4985,2019,7,2020-01-01,novo_caged_jan2020_anchor + stitched CAGED flows (back/forward)
AP,2019-08-01,67140,5061,2019,8,2020-01-01,novo_caged_jan2020_anchor + stitched CAGED flows (back/forward)
AP,2019-09-01,67322,5069,2019,9,2020-01-01,novo_caged_jan2020_anchor + stitched CAGED flows (back/forward)
AP,2019-10-01,67742,5174,2019,10,2020-01-01,novo_caged_jan2020_anchor + stitched CAGED flows (back/forward)
AP,2019-11-01,67975,4989,2019,11,2020-01-01,novo_caged_jan2020_anchor + stitched CAGED flows (back/forward)
AP,2019-12-01,67584,4864,2019,12,2020-01-01,novo_caged_jan2020_anchor + stitched CAGED flows (back/forward)
AP,2020-01-01,67659,4785,2020,1,2020-01-01,novo_caged_jan2020_anchor + stitched CAGED flows (back/forward)
AP,2020-02-01,67840,4811,2020,2,2020-01-01,novo_caged_jan2020_anchor + stitched CAGED flows (back/forward)
AP,2020-03-01,67503,4772,2020,3,2020-01-01,novo_caged_jan2020_anchor + stitched CAGED flows (back/forward)
AP,2020-04-01,66458,4617,2020,4,2020-01-01,novo_caged_jan2020_anchor + stitched CAGED flows (back/forward)
AP,2020-05-01,66091,4565,2020,5,2020-01-01,novo_caged_jan2020_anchor + stitched CAGED flows (back/forward)
AP,2020-06-01,66081,4466,2020,6,2020-01-01,novo_caged_jan2020_anchor + stitched CAGED flows (back/forward)
AP,2020-07-01,66066,4677,2020,7,2020-01-01,novo_caged_jan2020_anchor + stitched CAGED flows (back/forward)
AP,2020-08-01,66590,4937,2020,8,2020-01-01,novo_caged_jan2020_anchor + stitched CAGED flows (back/forward)
AP,2020-09-01,67254,5041,2020,9,2020-01-01,novo_caged_jan2020_anchor + stitched CAGED flows (back/forward)
AP,2020-10-01,68589,5053,2020,10,2020-01-01,novo_caged_jan2020_anchor + stitched CAGED flows (back/forward)
AP,2020-11-01,68673,4997,2020,11,2020-01-01,novo_caged_jan2020_anchor + stitched CAGED flows (back/forward)
AP,2020-12-01,68604,4902,2020,12,2020-01-01,novo_caged_jan2020_anchor + stitched CAGED flows (back/forward)
AP,2021-01-01,69037,4707,2021,1,2020-01-01,novo_caged_jan2020_anchor + stitched CAGED flows (back/forward)
AP,2021-02-01,69607,4834,2021,2,2020-01-01,novo_caged_jan2020_anchor + stitched CAGED flows (back/forward)
AP,2021-03-01,69983,4723,2021,3,2020-01-01,novo_caged_jan2020_anchor + stitched CAGED flows (back/forward)
AP,2021-04-01,70043,4530,2021,4,2020-01-01,novo_caged_jan2020_anchor + stitched CAGED flows (back/forward)
AP,2021-05-01,70780,4742,2021,5,2020-01-01,novo_caged_jan2020_anchor + stitched CAGED flows (back/forward)
AP,2021-06-01,71265,4754,2021,6,2020-01-01,novo_caged_jan2020_anchor + stitched CAGED flows (back/forward)
AP,2021-07-01,72244,5130,2021,7,2020-01-01,novo_caged_jan2020_anchor + stitched CAGED flows (back/forward)
AP,2021-08-01,73663,5434,2021,8,2020-01-01,novo_caged_jan2020_anchor + stitched CAGED flows (back/forward)
AP,2021-09-01,74090,5641,2021,9,2020-01-01,novo_caged_jan2020_anchor + stitched CAGED flows (back/forward)
AP,2021-10-01,73886,5655,2021,10,2020-01-01,novo_caged_jan2020_anchor + stitched CAGED flows (back/forward)
AP,2021-11-01,75106,5773,2021,11,2020-01-01,novo_caged_jan2020_anchor + stitched CAGED flows (back/forward)
AP,2021-12-01,74852,5463,2021,12,2020-01-01,novo_caged_jan2020_anchor + stitched CAGED flows (back/forward)
AP,2022-01-01,75490,5496,2022,1,2020-01-01,novo_caged_jan2020_anchor + stitched CAGED flows (back/forward)
AP,2022-02-01,76056,5296,2022,2,2020-01-01,novo_caged_jan2020_anchor + stitched CAGED flows (back/forward)
AP,2022-03-01,77122,5417,2022,3,2020-01-01,novo_caged_jan2020_anchor + stitched CAGED flows (back/forward)
AP,2022-04-01,78036,5446,2022,4,2020-01-01,novo_caged_jan2020_anchor + stitched CAGED flows (back/forward)
AP,2022-05-01,78506,5632,2022,5,2020-01-01,novo_caged_jan2020_anchor + stitched CAGED flows (back/forward)
AP,2022-06-01,79512,5833,2022,6,2020-01-01,novo_caged_jan2020_anchor + stitched CAGED flows (back/forward)
AP,2022-07-01,80244,6122,2022,7,2020-01-01,novo_caged_jan2020_anchor + stitched CAGED flows (back/forward)
AP,2022-08-01,81406,6575,2022,8,2020-01-01,novo_caged_jan2020_anchor + stitched CAGED flows (back/forward)
AP,2022-09-01,82170,6628,2022,9,2020-01-01,novo_caged_jan2020_anchor + stitched CAGED flows (back/forward)
AP,2022-10-01,81639,6642,2022,10,2020-01-01,novo_caged_jan2020_anchor + stitched CAGED flows (back/forward)
AP,2022-11-01,81490,6586,2022,11,2020-01-01,novo_caged_jan2020_anchor + stitched CAGED flows (back/forward)
AP,2022-12-01,80423,6117,2022,12,2020-01-01,novo_caged_jan2020_anchor + stitched CAGED flows (back/forward)
AP,2023-01-01,80701,5918,2023,1,2020-01-01,novo_caged_jan2020_anchor + stitched CAGED flows (back/forward)
AP,2023-02-01,80913,6015,2023,2,2020-01-01,novo_caged_jan2020_anchor + stitched CAGED flows (back/forward)
AP,2023-03-01,80986,5797,2023,3,2020-01-01,novo_caged_jan2020_anchor + stitched CAGED flows (back/forward)
AP,2023-04-01,81527,5719,2023,4,2020-01-01,novo_caged_jan2020_anchor + stitched CAGED flows (back/forward)
AP,2023-05-01,81868,5601,2023,5,2020-01-01,novo_caged_jan2020_anchor + stitched CAGED flows (back/forward)
AP,2023-06-01,82626,5635,2023,6,2020-01-01,novo_caged_jan2020_anchor + stitched CAGED flows (back/forward)
AP,2023-07-01,83788,5913,2023,7,2020-01-01,novo_caged_jan2020_anchor + stitched CAGED flows (back/forward)
AP,2023-08-01,84876,5978,2023,8,2020-01-01,novo_caged_jan2020_anchor + stitched CAGED flows (back/forward)
AP,2023-09-01,86027,6129,2023,9,2020-01-01,novo_caged_jan2020_anchor + stitched CAGED flows (back/forward)
AP,2023-10-01,86700,6061,2023,10,2020-01-01,novo_caged_jan2020_anchor + stitched CAGED flows (back/forward)
AP,2023-11-01,87193,5984,2023,11,2020-01-01,novo_caged_jan2020_anchor + stitched CAGED flows (back/forward)
AP,2023-12-01,86516,5804,2023,12,2020-01-01,novo_caged_jan2020_anchor + stitched CAGED flows (back/forward)
AP,2024-01-01,87770,5735,2024,1,2020-01-01,novo_caged_jan2020_anchor + stitched CAGED flows (back/forward)
AP,2024-02-01,88115,5728,2024,2,2020-01-01,novo_caged_jan2020_anchor + stitched CAGED flows (back/forward)
AP,2024-03-01,88512,5654,2024,3,2020-01-01,novo_caged_jan2020_anchor + stitched CAGED flows (back/forward)
AP,2024-04-01,89741,5713,2024,4,2020-01-01,novo_caged_jan2020_anchor + stitched CAGED flows (back/forward)
AP,2024-05-01,90157,5807,2024,5,2020-01-01,novo_caged_jan2020_anchor + stitched CAGED flows (back/forward)
AP,2024-06-01,92262,5850,2024,6,2020-01-01,novo_caged_jan2020_anchor + stitched CAGED flows (back/forward)
AP,2024-07-01,92788,6117,2024,7,2020-01-01,novo_caged_jan2020_anchor + stitched CAGED flows (back/forward)
AP,2024-08-01,94337,6386,2024,8,2020-01-01,novo_caged_jan2020_anchor + stitched CAGED flows (back/forward)
AP,2024-09-01,95662,6449,2024,9,2020-01-01,novo_caged_jan2020_anchor + stitched CAGED flows (back/forward)
AP,2024-10-01,96179,6529,2024,10,2020-01-01,novo_caged_jan2020_anchor + stitched CAGED flows (back/forward)
AP,2024-11-01,96522,6426,2024,11,2020-01-01,novo_caged_jan2020_anchor + stitched CAGED flows (back/forward)
AP,2024-12-01,95612,6166,2024,12,2020-01-01,novo_caged_jan2020_anchor + stitched CAGED flows (back/forward)
AP,2025-01-01,96320,6106,2025,1,2020-01-01,novo_caged_jan2020_anchor + stitched CAGED flows (back/forward)
AP,2025-02-01,97119,6143,2025,2,2020-01-01,novo_caged_jan2020_anchor + stitched CAGED flows (back/forward)
AP,2025-03-01,97508,6254,2025,3,2020-01-01,novo_caged_jan2020_anchor + stitched CAGED flows (back/forward)
AP,2025-04-01,98615,6209,2025,4,2020-01-01,novo_caged_jan2020_anchor + stitched CAGED flows (back/forward)
AP,2025-05-01,99002,6298,2025,5,2020-01-01,novo_caged_jan2020_anchor + stitched CAGED flows (back/forward)
AP,2025-06-01,100478,6308,2025,6,2020-01-01,novo_caged_jan2020_anchor + stitched CAGED flows (back/forward)
AP,2025-07-01,101487,6474,2025,7,2020-01-01,novo_caged_jan2020_anchor + stitched CAGED flows (back/forward)
AP,2025-08-01,102484,6435,2025,8,2020-01-01,novo_caged_jan2020_anchor + stitched CAGED flows (back/forward)
AP,2025-09-01,103298,6421,2025,9,2020-01-01,novo_caged_jan2020_anchor + stitched CAGED flows (back/forward)
AP,2025-10-01,104174,6574,2025,10,2020-01-01,novo_caged_jan2020_anchor + stitched CAGED flows (back/forward)
AP,2025-11-01,104856,6731,2025,11,2020-01-01,novo_caged_jan2020_anchor + stitched CAGED flows (back/forward)
AP,2025-12-01,103728,6682,2025,12,2020-01-01,novo_caged_jan2020_anchor + stitched CAGED flows (back/forward)
AP,2026-01-01,104252,6583,2026,1,2020-01-01,novo_caged_jan2020_anchor + stitched CAGED flows (back/forward)
AP,2026-02-01,104531,6579,2026,2,2020-01-01,novo_caged_jan2020_anchor + stitched CAGED flows (back/forward)
AP,2026-03-01,105349,6486,2026,3,2020-01-01,novo_caged_jan2020_anchor + stitched CAGED flows (back/forward)
BA,2007-01-01,1413982,107982,2007,1,2020-01-01,novo_caged_jan2020_anchor + stitched CAGED flows (back/forward)
BA,2007-02-01,1415588,108289,2007,2,2020-01-01,novo_caged_jan2020_anchor + stitched CAGED flows (back/forward)
BA,2007-03-01,1423554,108756,2007,3,2020-01-01,novo_caged_jan2020_anchor + stitched CAGED flows (back/forward)
BA,2007-04-01,1434146,109784,2007,4,2020-01-01,novo_caged_jan2020_anchor + stitched CAGED flows (back/forward)
BA,2007-05-01,1443472,110747,2007,5,2020-01-01,novo_caged_jan2020_anchor + stitched CAGED flows (back/forward)
BA,2007-06-01,1450150,112120,2007,6,2020-01-01,novo_caged_jan2020_anchor + stitched CAGED flows (back/forward)
BA,2007-07-01,1456537,113093,2007,7,2020-01-01,novo_caged_jan2020_anchor + stitched CAGED flows (back/forward)
BA,2007-08-01,1460021,114012,2007,8,2020-01-01,novo_caged_jan2020_anchor + stitched CAGED flows (back/forward)
BA,2007-09-01,1466563,115021,2007,9,2020-01-01,novo_caged_jan2020_anchor + stitched CAGED flows (back/forward)
BA,2007-10-01,1472782,116039,2007,10,2020-01-01,novo_caged_jan2020_anchor + stitched CAGED flows (back/forward)
BA,2007-11-01,1473173,117053,2007,11,2020-01-01,novo_caged_jan2020_anchor + stitched CAGED flows (back/forward)
BA,2007-12-01,1469229,117550,2007,12,2020-01-01,novo_caged_jan2020_anchor + stitched CAGED flows (back/forward)
BA,2008-01-01,1471943,119124,2008,1,2020-01-01,novo_caged_jan2020_anchor + stitched CAGED flows (back/forward)
BA,2008-02-01,1472753,120673,2008,2,2020-01-01,novo_caged_jan2020_anchor + stitched CAGED flows (back/forward)
BA,2008-03-01,1483348,124238,2008,3,2020-01-01,novo_caged_jan2020_anchor + stitched CAGED flows (back/forward)
BA,2008-04-01,1495338,126647,2008,4,2020-01-01,novo_caged_jan2020_anchor + stitched CAGED flows (back/forward)
BA,2008-05-01,1508957,129827,2008,5,2020-01-01,novo_caged_jan2020_anchor + stitched CAGED flows (back/forward)
BA,2008-06-01,1515384,129470,2008,6,2020-01-01,novo_caged_jan2020_anchor + stitched CAGED flows (back/forward)
BA,2008-07-01,1522069,128085,2008,7,2020-01-01,novo_caged_jan2020_anchor + stitched CAGED flows (back/forward)
BA,2008-08-01,1526862,129096,2008,8,2020-01-01,novo_caged_jan2020_anchor + stitched CAGED flows (back/forward)
BA,2008-09-01,1532175,129921,2008,9,2020-01-01,novo_caged_jan2020_anchor + stitched CAGED flows (back/forward)
BA,2008-10-01,1525729,126127,2008,10,2020-01-01,novo_caged_jan2020_anchor + stitched CAGED flows (back/forward)
BA,2008-11-01,1525376,126675,2008,11,2020-01-01,novo_caged_jan2020_anchor + stitched CAGED flows (back/forward)
BA,2008-12-01,1510151,122362,2008,12,2020-01-01,novo_caged_jan2020_anchor + stitched CAGED flows (back/forward)
BA,2009-01-01,1509234,123509,2009,1,2020-01-01,novo_caged_jan2020_anchor + stitched CAGED flows (back/forward)
BA,2009-02-01,1509656,123525,2009,2,2020-01-01,novo_caged_jan2020_anchor + stitched CAGED flows (back/forward)
BA,2009-03-01,1514153,125454,2009,3,2020-01-01,novo_caged_jan2020_anchor + stitched CAGED flows (back/forward)
BA,2009-04-01,1518070,128529,2009,4,2020-01-01,novo_caged_jan2020_anchor + stitched CAGED flows (back/forward)
BA,2009-05-01,1527130,129423,2009,5,2020-01-01,novo_caged_jan2020_anchor + stitched CAGED flows (back/forward)
BA,2009-06-01,1533249,130744,2009,6,2020-01-01,novo_caged_jan2020_anchor + stitched CAGED flows (back/forward)
BA,2009-07-01,1543041,135269,2009,7,2020-01-01,novo_caged_jan2020_anchor + stitched CAGED flows (back/forward)
BA,2009-08-01,1554126,139600,2009,8,2020-01-01,novo_caged_jan2020_anchor + stitched CAGED flows (back/forward)
BA,2009-09-01,1564891,143421,2009,9,2020-01-01,novo_caged_jan2020_anchor + stitched CAGED flows (back/forward)
BA,2009-10-01,1572334,143421,2009,10,2020-01-01,novo_caged_jan2020_anchor + stitched CAGED flows (back/forward)
BA,2009-11-01,1585575,148827,2009,11,2020-01-01,novo_caged_jan2020_anchor + stitched CAGED flows (back/forward)
BA,2009-12-01,1581321,147249,2009,12,2020-01-01,novo_caged_jan2020_anchor + stitched CAGED flows (back/forward)
BA,2010-01-01,1595745,151776,2010,1,2020-01-01,novo_caged_jan2020_anchor + stitched CAGED flows (back/forward)
BA,2010-02-01,1601833,155077,2010,2,2020-01-01,novo_caged_jan2020_anchor + stitched CAGED flows (back/forward)
BA,2010-03-01,1612059,159965,2010,3,2020-01-01,novo_caged_jan2020_anchor + stitched CAGED flows (back/forward)
BA,2010-04-01,1622649,163028,2010,4,2020-01-01,novo_caged_jan2020_anchor + stitched CAGED flows (back/forward)
BA,2010-05-01,1638950,166113,2010,5,2020-01-01,novo_caged_jan2020_anchor + stitched CAGED flows (back/forward)
BA,2010-06-01,1642655,166113,2010,6,2020-01-01,novo_caged_jan2020_anchor + stitched CAGED flows (back/forward)
BA,2010-07-01,1650792,170908,2010,7,2020-01-01,novo_caged_jan2020_anchor + stitched CAGED flows (back/forward)
BA,2010-08-01,1661999,175361,2010,8,2020-01-01,novo_caged_jan2020_anchor + stitched CAGED flows (back/forward)
BA,2010-09-01,1672286,177219,2010,9,2020-01-01,novo_caged_jan2020_anchor + stitched CAGED flows (back/forward)
BA,2010-10-01,1679345,177219,2010,10,2020-01-01,novo_caged_jan2020_anchor + stitched CAGED flows (back/forward)
BA,2010-11-01,1690026,180914,2010,11,2020-01-01,novo_caged_jan2020_anchor + stitched CAGED flows (back/forward)
BA,2010-12-01,1672723,171799,2010,12,2020-01-01,novo_caged_jan2020_anchor + stitched CAGED flows (back/forward)
BA,2011-01-01,1680161,172983,2011,1,2020-01-01,novo_caged_jan2020_anchor + stitched CAGED flows (back/forward)
BA,2011-02-01,1683288,173061,2011,2,2020-01-01,novo_caged_jan2020_anchor + stitched CAGED flows (back/forward)
BA,2011-03-01,1686046,174241,2011,3,2020-01-01,novo_caged_jan2020_anchor + stitched CAGED flows (back/forward)
BA,2011-04-01,1696669,177946,2011,4,2020-01-01,novo_caged_jan2020_anchor + stitched CAGED flows (back/forward)
BA,2011-05-01,1708379,181056,2011,5,2020-01-01,novo_caged_jan2020_anchor + stitched CAGED flows (back/forward)
BA,2011-06-01,1720146,182946,2011,6,2020-01-01,novo_caged_jan2020_anchor + stitched CAGED flows (back/forward)
BA,2011-07-01,1722179,179342,2011,7,2020-01-01,novo_caged_jan2020_anchor + stitched CAGED flows (back/forward)
BA,2011-08-01,1729322,180135,2011,8,2020-01-01,novo_caged_jan2020_anchor + stitched CAGED flows (back/forward)
BA,2011-09-01,1732347,180114,2011,9,2020-01-01,novo_caged_jan2020_anchor + stitched CAGED flows (back/forward)
BA,2011-10-01,1732828,179306,2011,10,2020-01-01,novo_caged_jan2020_anchor + stitched CAGED flows (back/forward)
BA,2011-11-01,1735985,182486,2011,11,2020-01-01,novo_caged_jan2020_anchor + stitched CAGED flows (back/forward)
BA,2011-12-01,1720916,176920,2011,12,2020-01-01,novo_caged_jan2020_anchor + stitched CAGED flows (back/forward)
BA,2012-01-01,1727777,179016,2012,1,2020-01-01,novo_caged_jan2020_anchor + stitched CAGED flows (back/forward)
BA,2012-02-01,1726158,176936,2012,2,2020-01-01,novo_caged_jan2020_anchor + stitched CAGED flows (back/forward)
BA,2012-03-01,1728401,180181,2012,3,2020-01-01,novo_caged_jan2020_anchor + stitched CAGED flows (back/forward)
BA,2012-04-01,1736248,181638,2012,4,2020-01-01,novo_caged_jan2020_anchor + stitched CAGED flows (back/forward)
BA,2012-05-01,1739319,181638,2012,5,2020-01-01,novo_caged_jan2020_anchor + stitched CAGED flows (back/forward)
BA,2012-06-01,1739560,180073,2012,6,2020-01-01,novo_caged_jan2020_anchor + stitched CAGED flows (back/forward)
BA,2012-07-01,1741769,181245,2012,7,2020-01-01,novo_caged_jan2020_anchor + stitched CAGED flows (back/forward)
BA,2012-08-01,1742211,179918,2012,8,2020-01-01,novo_caged_jan2020_anchor + stitched CAGED flows (back/forward)
BA,2012-09-01,1745690,180676,2012,9,2020-01-01,novo_caged_jan2020_anchor + stitched CAGED flows (back/forward)
BA,2012-10-01,1740804,178563,2012,10,2020-01-01,novo_caged_jan2020_anchor + stitched CAGED flows (back/forward)
BA,2012-11-01,1746499,180461,2012,11,2020-01-01,novo_caged_jan2020_anchor + stitched CAGED flows (back/forward)
BA,2012-12-01,1730226,175071,2012,12,2020-01-01,novo_caged_jan2020_anchor + stitched CAGED flows (back/forward)
BA,2013-01-01,1729598,175071,2013,1,2020-01-01,novo_caged_jan2020_anchor + stitched CAGED flows (back/forward)
BA,2013-02-01,1728522,175187,2013,2,2020-01-01,novo_caged_jan2020_anchor + stitched CAGED flows (back/forward)
BA,2013-03-01,1728897,176263,2013,3,2020-01-01,novo_caged_jan2020_anchor + stitched CAGED flows (back/forward)
BA,2013-04-01,1739083,178918,2013,4,2020-01-01,novo_caged_jan2020_anchor + stitched CAGED flows (back/forward)
BA,2013-05-01,1743651,179687,2013,5,2020-01-01,novo_caged_jan2020_anchor + stitched CAGED flows (back/forward)
BA,2013-06-01,1745087,178573,2013,6,2020-01-01,novo_caged_jan2020_anchor + stitched CAGED flows (back/forward)
BA,2013-07-01,1748367,180632,2013,7,2020-01-01,novo_caged_jan2020_anchor + stitched CAGED flows (back/forward)
BA,2013-08-01,1752322,181906,2013,8,2020-01-01,novo_caged_jan2020_anchor + stitched CAGED flows (back/forward)
BA,2013-09-01,1758525,185256,2013,9,2020-01-01,novo_caged_jan2020_anchor + stitched CAGED flows (back/forward)
BA,2013-10-01,1756106,182570,2013,10,2020-01-01,novo_caged_jan2020_anchor + stitched CAGED flows (back/forward)
BA,2013-11-01,1764068,183925,2013,11,2020-01-01,novo_caged_jan2020_anchor + stitched CAGED flows (back/forward)
BA,2013-12-01,1753831,179697,2013,12,2020-01-01,novo_caged_jan2020_anchor + stitched CAGED flows (back/forward)
BA,2014-01-01,1757825,180740,2014,1,2020-01-01,novo_caged_jan2020_anchor + stitched CAGED flows (back/forward)
BA,2014-02-01,1765245,180740,2014,2,2020-01-01,novo_caged_jan2020_anchor + stitched CAGED flows (back/forward)
BA,2014-03-01,1765876,180611,2014,3,2020-01-01,novo_caged_jan2020_anchor + stitched CAGED flows (back/forward)
BA,2014-04-01,1766758,177875,2014,4,2020-01-01,novo_caged_jan2020_anchor + stitched CAGED flows (back/forward)
BA,2014-05-01,1774963,176499,2014,5,2020-01-01,novo_caged_jan2020_anchor + stitched CAGED flows (back/forward)
BA,2014-06-01,1772399,173091,2014,6,2020-01-01,novo_caged_jan2020_anchor + stitched CAGED flows (back/forward)
BA,2014-07-01,1772274,174197,2014,7,2020-01-01,novo_caged_jan2020_anchor + stitched CAGED flows (back/forward)
BA,2014-08-01,1776364,176005,2014,8,2020-01-01,novo_caged_jan2020_anchor + stitched CAGED flows (back/forward)
BA,2014-09-01,1779527,177800,2014,9,2020-01-01,novo_caged_jan2020_anchor + stitched CAGED flows (back/forward)
BA,2014-10-01,1773320,173287,2014,10,2020-01-01,novo_caged_jan2020_anchor + stitched CAGED flows (back/forward)
BA,2014-11-01,1776224,176325,2014,11,2020-01-01,novo_caged_jan2020_anchor + stitched CAGED flows (back/forward)
BA,2014-12-01,1755475,176325,2014,12,2020-01-01,novo_caged_jan2020_anchor + stitched CAGED flows (back/forward)
BA,2015-01-01,1752603,176325,2015,1,2020-01-01,novo_caged_jan2020_anchor + stitched CAGED flows (back/forward)
BA,2015-02-01,1745803,173083,2015,2,2020-01-01,novo_caged_jan2020_anchor + stitched CAGED flows (back/forward)
BA,2015-03-01,1744636,173083,2015,3,2020-01-01,novo_caged_jan2020_anchor + stitched CAGED flows (back/forward)
BA,2015-04-01,1743743,169808,2015,4,2020-01-01,novo_caged_jan2020_anchor + stitched CAGED flows (back/forward)
BA,2015-05-01,1736324,165171,2015,5,2020-01-01,novo_caged_jan2020_anchor + stitched CAGED flows (back/forward)
BA,2015-06-01,1727200,160665,2015,6,2020-01-01,novo_caged_jan2020_anchor + stitched CAGED flows (back/forward)
BA,2015-07-01,1718993,160665,2015,7,2020-01-01,novo_caged_jan2020_anchor + stitched CAGED flows (back/forward)
BA,2015-08-01,1712140,157884,2015,8,2020-01-01,novo_caged_jan2020_anchor + stitched CAGED flows (back/forward)
BA,2015-09-01,1707780,155820,2015,9,2020-01-01,novo_caged_jan2020_anchor + stitched CAGED flows (back/forward)
BA,2015-10-01,1697371,152813,2015,10,2020-01-01,novo_caged_jan2020_anchor + stitched CAGED flows (back/forward)
BA,2015-11-01,1691367,152813,2015,11,2020-01-01,novo_caged_jan2020_anchor + stitched CAGED flows (back/forward)
BA,2015-12-01,1672399,146966,2015,12,2020-01-01,novo_caged_jan2020_anchor + stitched CAGED flows (back/forward)
BA,2016-01-01,1671212,146287,2016,1,2020-01-01,novo_caged_jan2020_anchor + stitched CAGED flows (back/forward)
BA,2016-02-01,1665400,145607,2016,2,2020-01-01,novo_caged_jan2020_anchor + stitched CAGED flows (back/forward)
BA,2016-03-01,1660597,145540,2016,3,2020-01-01,novo_caged_jan2020_anchor + stitched CAGED flows (back/forward)
BA,2016-04-01,1657575,142115,2016,4,2020-01-01,novo_caged_jan2020_anchor + stitched CAGED flows (back/forward)
BA,2016-05-01,1651523,138561,2016,5,2020-01-01,novo_caged_jan2020_anchor + stitched CAGED flows (back/forward)
BA,2016-06-01,1643547,136301,2016,6,2020-01-01,novo_caged_jan2020_anchor + stitched CAGED flows (back/forward)
BA,2016-07-01,1636262,134407,2016,7,2020-01-01,novo_caged_jan2020_anchor + stitched CAGED flows (back/forward)
BA,2016-08-01,1632746,134562,2016,8,2020-01-01,novo_caged_jan2020_anchor + stitched CAGED flows (back/forward)
BA,2016-09-01,1632415,133042,2016,9,2020-01-01,novo_caged_jan2020_anchor + stitched CAGED flows (back/forward)
BA,2016-10-01,1626814,131696,2016,10,2020-01-01,novo_caged_jan2020_anchor + stitched CAGED flows (back/forward)
BA,2016-11-01,1619267,132281,2016,11,2020-01-01,novo_caged_jan2020_anchor + stitched CAGED flows (back/forward)
BA,2016-12-01,1602995,125996,2016,12,2020-01-01,novo_caged_jan2020_anchor + stitched CAGED flows (back/forward)
BA,2017-01-01,1602850,125202,2017,1,2020-01-01,novo_caged_jan2020_anchor + stitched CAGED flows (back/forward)
BA,2017-02-01,1601146,122542,2017,2,2020-01-01,novo_caged_jan2020_anchor + stitched CAGED flows (back/forward)
BA,2017-03-01,1598226,121632,2017,3,2020-01-01,novo_caged_jan2020_anchor + stitched CAGED flows (back/forward)
BA,2017-04-01,1605418,121042,2017,4,2020-01-01,novo_caged_jan2020_anchor + stitched CAGED flows (back/forward)
BA,2017-05-01,1608384,120598,2017,5,2020-01-01,novo_caged_jan2020_anchor + stitched CAGED flows (back/forward)
BA,2017-06-01,1607094,120307,2017,6,2020-01-01,novo_caged_jan2020_anchor + stitched CAGED flows (back/forward)
BA,2017-07-01,1607941,120953,2017,7,2020-01-01,novo_caged_jan2020_anchor + stitched CAGED flows (back/forward)
BA,2017-08-01,1610431,123220,2017,8,2020-01-01,novo_caged_jan2020_anchor + stitched CAGED flows (back/forward)
BA,2017-09-01,1612728,123598,2017,9,2020-01-01,novo_caged_jan2020_anchor + stitched CAGED flows (back/forward)
BA,2017-10-01,1612692,122218,2017,10,2020-01-01,novo_caged_jan2020_anchor + stitched CAGED flows (back/forward)
BA,2017-11-01,1611546,121565,2017,11,2020-01-01,novo_caged_jan2020_anchor + stitched CAGED flows (back/forward)
BA,2017-12-01,1599089,118211,2017,12,2020-01-01,novo_caged_jan2020_anchor + stitched CAGED flows (back/forward)
BA,2018-01-01,1604636,119663,2018,1,2020-01-01,novo_caged_jan2020_anchor + stitched CAGED flows (back/forward)
BA,2018-02-01,1604600,119448,2018,2,2020-01-01,novo_caged_jan2020_anchor + stitched CAGED flows (back/forward)
BA,2018-03-01,1608751,120541,2018,3,2020-01-01,novo_caged_jan2020_anchor + stitched CAGED flows (back/forward)
BA,2018-04-01,1610727,119707,2018,4,2020-01-01,novo_caged_jan2020_anchor + stitched CAGED flows (back/forward)
BA,2018-05-01,1616662,119296,2018,5,2020-01-01,novo_caged_jan2020_anchor + stitched CAGED flows (back/forward)
BA,2018-06-01,1614899,118632,2018,6,2020-01-01,novo_caged_jan2020_anchor + stitched CAGED flows (back/forward)
BA,2018-07-01,1616571,118256,2018,7,2020-01-01,novo_caged_jan2020_anchor + stitched CAGED flows (back/forward)
BA,2018-08-01,1621435,118993,2018,8,2020-01-01,novo_caged_jan2020_anchor + stitched CAGED flows (back/forward)
BA,2018-09-01,1629944,121101,2018,9,2020-01-01,novo_caged_jan2020_anchor + stitched CAGED flows (back/forward)
BA,2018-10-01,1630569,121014,2018,10,2020-01-01,novo_caged_jan2020_anchor + stitched CAGED flows (back/forward)
BA,2018-11-01,1631533,121347,2018,11,2020-01-01,novo_caged_jan2020_anchor + stitched CAGED flows (back/forward)
BA,2018-12-01,1619828,117371,2018,12,2020-01-01,novo_caged_jan2020_anchor + stitched CAGED flows (back/forward)
BA,2019-01-01,1621039,117371,2019,1,2020-01-01,novo_caged_jan2020_anchor + stitched CAGED flows (back/forward)
BA,2019-02-01,1626745,118847,2019,2,2020-01-01,novo_caged_jan2020_anchor + stitched CAGED flows (back/forward)
BA,2019-03-01,1629314,118847,2019,3,2020-01-01,novo_caged_jan2020_anchor + stitched CAGED flows (back/forward)
BA,2019-04-01,1639407,120387,2019,4,2020-01-01,novo_caged_jan2020_anchor + stitched CAGED flows (back/forward)
BA,2019-05-01,1641947,121476,2019,5,2020-01-01,novo_caged_jan2020_anchor + stitched CAGED flows (back/forward)
BA,2019-06-01,1644309,123053,2019,6,2020-01-01,novo_caged_jan2020_anchor + stitched CAGED flows (back/forward)
BA,2019-07-01,1642034,123638,2019,7,2020-01-01,novo_caged_jan2020_anchor + stitched CAGED flows (back/forward)
BA,2019-08-01,1645426,125668,2019,8,2020-01-01,novo_caged_jan2020_anchor + stitched CAGED flows (back/forward)
BA,2019-09-01,1649991,127874,2019,9,2020-01-01,novo_caged_jan2020_anchor + stitched CAGED flows (back/forward)
BA,2019-10-01,1649402,127776,2019,10,2020-01-01,novo_caged_jan2020_anchor + stitched CAGED flows (back/forward)
BA,2019-11-01,1653360,129515,2019,11,2020-01-01,novo_caged_jan2020_anchor + stitched CAGED flows (back/forward)
BA,2019-12-01,1641986,124034,2019,12,2020-01-01,novo_caged_jan2020_anchor + stitched CAGED flows (back/forward)
BA,2020-01-01,1644823,124816,2020,1,2020-01-01,novo_caged_jan2020_anchor + stitched CAGED flows (back/forward)
BA,2020-02-01,1652912,125466,2020,2,2020-01-01,novo_caged_jan2020_anchor + stitched CAGED flows (back/forward)
BA,2020-03-01,1636339,123773,2020,3,2020-01-01,novo_caged_jan2020_anchor + stitched CAGED flows (back/forward)
BA,2020-04-01,1596563,117620,2020,4,2020-01-01,novo_caged_jan2020_anchor + stitched CAGED flows (back/forward)
BA,2020-05-01,1575634,115610,2020,5,2020-01-01,novo_caged_jan2020_anchor + stitched CAGED flows (back/forward)
BA,2020-06-01,1570912,114624,2020,6,2020-01-01,novo_caged_jan2020_anchor + stitched CAGED flows (back/forward)
BA,2020-07-01,1573341,115398,2020,7,2020-01-01,novo_caged_jan2020_anchor + stitched CAGED flows (back/forward)
BA,2020-08-01,1580247,117963,2020,8,2020-01-01,novo_caged_jan2020_anchor + stitched CAGED flows (back/forward)
BA,2020-09-01,1596484,122373,2020,9,2020-01-01,novo_caged_jan2020_anchor + stitched CAGED flows (back/forward)
BA,2020-10-01,1610832,125201,2020,10,2020-01-01,novo_caged_jan2020_anchor + stitched CAGED flows (back/forward)
BA,2020-11-01,1623132,126185,2020,11,2020-01-01,novo_caged_jan2020_anchor + stitched CAGED flows (back/forward)
BA,2020-12-01,1618775,122198,2020,12,2020-01-01,novo_caged_jan2020_anchor + stitched CAGED flows (back/forward)
BA,2021-01-01,1634123,124774,2021,1,2020-01-01,novo_caged_jan2020_anchor + stitched CAGED flows (back/forward)
BA,2021-02-01,1653129,127622,2021,2,2020-01-01,novo_caged_jan2020_anchor + stitched CAGED flows (back/forward)
BA,2021-03-01,1662109,129612,2021,3,2020-01-01,novo_caged_jan2020_anchor + stitched CAGED flows (back/forward)
BA,2021-04-01,1671791,130365,2021,4,2020-01-01,novo_caged_jan2020_anchor + stitched CAGED flows (back/forward)
BA,2021-05-01,1683569,131164,2021,5,2020-01-01,novo_caged_jan2020_anchor + stitched CAGED flows (back/forward)
BA,2021-06-01,1694161,131208,2021,6,2020-01-01,novo_caged_jan2020_anchor + stitched CAGED flows (back/forward)
BA,2021-07-01,1705952,133284,2021,7,2020-01-01,novo_caged_jan2020_anchor + stitched CAGED flows (back/forward)
BA,2021-08-01,1725647,135453,2021,8,2020-01-01,novo_caged_jan2020_anchor + stitched CAGED flows (back/forward)
BA,2021-09-01,1739070,136573,2021,9,2020-01-01,novo_caged_jan2020_anchor + stitched CAGED flows (back/forward)
BA,2021-10-01,1752040,137958,2021,10,2020-01-01,novo_caged_jan2020_anchor + stitched CAGED flows (back/forward)
BA,2021-11-01,1768431,140765,2021,11,2020-01-01,novo_caged_jan2020_anchor + stitched CAGED flows (back/forward)
BA,2021-12-01,1762145,137807,2021,12,2020-01-01,novo_caged_jan2020_anchor + stitched CAGED flows (back/forward)
BA,2022-01-01,1774863,141844,2022,1,2020-01-01,novo_caged_jan2020_anchor + stitched CAGED flows (back/forward)
BA,2022-02-01,1787656,145247,2022,2,2020-01-01,novo_caged_jan2020_anchor + stitched CAGED flows (back/forward)
BA,2022-03-01,1795812,147585,2022,3,2020-01-01,novo_caged_jan2020_anchor + stitched CAGED flows (back/forward)
BA,2022-04-01,1812855,150231,2022,4,2020-01-01,novo_caged_jan2020_anchor + stitched CAGED flows (back/forward)
BA,2022-05-01,1829327,153855,2022,5,2020-01-01,novo_caged_jan2020_anchor + stitched CAGED flows (back/forward)
BA,2022-06-01,1842286,155448,2022,6,2020-01-01,novo_caged_jan2020_anchor + stitched CAGED flows (back/forward)
BA,2022-07-01,1855512,158167,2022,7,2020-01-01,novo_caged_jan2020_anchor + stitched CAGED flows (back/forward)
BA,2022-08-01,1873550,161659,2022,8,2020-01-01,novo_caged_jan2020_anchor + stitched CAGED flows (back/forward)
BA,2022-09-01,1889186,163519,2022,9,2020-01-01,novo_caged_jan2020_anchor + stitched CAGED flows (back/forward)
BA,2022-10-01,1896055,162414,2022,10,2020-01-01,novo_caged_jan2020_anchor + stitched CAGED flows (back/forward)
BA,2022-11-01,1899958,163275,2022,11,2020-01-01,novo_caged_jan2020_anchor + stitched CAGED flows (back/forward)
BA,2022-12-01,1883380,157640,2022,12,2020-01-01,novo_caged_jan2020_anchor + stitched CAGED flows (back/forward)
BA,2023-01-01,1887527,159699,2023,1,2020-01-01,novo_caged_jan2020_anchor + stitched CAGED flows (back/forward)
BA,2023-02-01,1896045,160991,2023,2,2020-01-01,novo_caged_jan2020_anchor + stitched CAGED flows (back/forward)
BA,2023-03-01,1905392,163042,2023,3,2020-01-01,novo_caged_jan2020_anchor + stitched CAGED flows (back/forward)
BA,2023-04-01,1917081,162862,2023,4,2020-01-01,novo_caged_jan2020_anchor + stitched CAGED flows (back/forward)
BA,2023-05-01,1926361,162152,2023,5,2020-01-01,novo_caged_jan2020_anchor + stitched CAGED flows (back/forward)
BA,2023-06-01,1934630,161844,2023,6,2020-01-01,novo_caged_jan2020_anchor + stitched CAGED flows (back/forward)
BA,2023-07-01,1939631,162334,2023,7,2020-01-01,novo_caged_jan2020_anchor + stitched CAGED flows (back/forward)
BA,2023-08-01,1951303,163548,2023,8,2020-01-01,novo_caged_jan2020_anchor + stitched CAGED flows (back/forward)
BA,2023-09-01,1960230,164172,2023,9,2020-01-01,novo_caged_jan2020_anchor + stitched CAGED flows (back/forward)
BA,2023-10-01,1966026,162997,2023,10,2020-01-01,novo_caged_jan2020_anchor + stitched CAGED flows (back/forward)
BA,2023-11-01,1972501,164328,2023,11,2020-01-01,novo_caged_jan2020_anchor + stitched CAGED flows (back/forward)
BA,2023-12-01,1954541,158280,2023,12,2020-01-01,novo_caged_jan2020_anchor + stitched CAGED flows (back/forward)
BA,2024-01-01,1958254,159392,2024,1,2020-01-01,novo_caged_jan2020_anchor + stitched CAGED flows (back/forward)
BA,2024-02-01,1967788,160235,2024,2,2020-01-01,novo_caged_jan2020_anchor + stitched CAGED flows (back/forward)
BA,2024-03-01,1980550,160579,2024,3,2020-01-01,novo_caged_jan2020_anchor + stitched CAGED flows (back/forward)
BA,2024-04-01,1991484,160082,2024,4,2020-01-01,novo_caged_jan2020_anchor + stitched CAGED flows (back/forward)
BA,2024-05-01,2000906,160539,2024,5,2020-01-01,novo_caged_jan2020_anchor + stitched CAGED flows (back/forward)
BA,2024-06-01,2010595,160544,2024,6,2020-01-01,novo_caged_jan2020_anchor + stitched CAGED flows (back/forward)
BA,2024-07-01,2020626,160734,2024,7,2020-01-01,novo_caged_jan2020_anchor + stitched CAGED flows (back/forward)
BA,2024-08-01,2037316,161282,2024,8,2020-01-01,novo_caged_jan2020_anchor + stitched CAGED flows (back/forward)
BA,2024-09-01,2052739,163509,2024,9,2020-01-01,novo_caged_jan2020_anchor + stitched CAGED flows (back/forward)
BA,2024-10-01,2052111,161620,2024,10,2020-01-01,novo_caged_jan2020_anchor + stitched CAGED flows (back/forward)
BA,2024-11-01,2059191,163269,2024,11,2020-01-01,novo_caged_jan2020_anchor + stitched CAGED flows (back/forward)
BA,2024-12-01,2040030,157258,2024,12,2020-01-01,novo_caged_jan2020_anchor + stitched CAGED flows (back/forward)
BA,2025-01-01,2048173,159504,2025,1,2020-01-01,novo_caged_jan2020_anchor + stitched CAGED flows (back/forward)
BA,2025-02-01,2069343,160209,2025,2,2020-01-01,novo_caged_jan2020_anchor + stitched CAGED flows (back/forward)
BA,2025-03-01,2073044,161614,2025,3,2020-01-01,novo_caged_jan2020_anchor + stitched CAGED flows (back/forward)
BA,2025-04-01,2087526,163824,2025,4,2020-01-01,novo_caged_jan2020_anchor + stitched CAGED flows (back/forward)
BA,2025-05-01,2100633,165442,2025,5,2020-01-01,novo_caged_jan2020_anchor + stitched CAGED flows (back/forward)
BA,2025-06-01,2108041,165364,2025,6,2020-01-01,novo_caged_jan2020_anchor + stitched CAGED flows (back/forward)
BA,2025-07-01,2117814,167714,2025,7,2020-01-01,novo_caged_jan2020_anchor + stitched CAGED flows (back/forward)
BA,2025-08-01,2129157,169345,2025,8,2020-01-01,novo_caged_jan2020_anchor + stitched CAGED flows (back/forward)
BA,2025-09-01,2140709,171911,2025,9,2020-01-01,novo_caged_jan2020_anchor + stitched CAGED flows (back/forward)
BA,2025-10-01,2145693,173701,2025,10,2020-01-01,novo_caged_jan2020_anchor + stitched CAGED flows (back/forward)
BA,2025-11-01,2154326,174466,2025,11,2020-01-01,novo_caged_jan2020_anchor + stitched CAGED flows (back/forward)
BA,2025-12-01,2134470,167321,2025,12,2020-01-01,novo_caged_jan2020_anchor + stitched CAGED flows (back/forward)
BA,2026-01-01,2140918,170120,2026,1,2020-01-01,novo_caged_jan2020_anchor + stitched CAGED flows (back/forward)
BA,2026-02-01,2148520,172122,2026,2,2020-01-01,novo_caged_jan2020_anchor + stitched CAGED flows (back/forward)
BA,2026-03-01,2162528,174953,2026,3,2020-01-01,novo_caged_jan2020_anchor + stitched CAGED flows (back/forward)
CE,2007-01-01,725430,39541,2007,1,2020-01-01,novo_caged_jan2020_anchor + stitched CAGED flows (back/forward)
CE,2007-02-01,724841,39870,2007,2,2020-01-01,novo_caged_jan2020_anchor + stitched CAGED flows (back/forward)
CE,2007-03-01,724641,40186,2007,3,2020-01-01,novo_caged_jan2020_anchor + stitched CAGED flows (back/forward)
CE,2007-04-01,728674,40780,2007,4,2020-01-01,novo_caged_jan2020_anchor + stitched CAGED flows (back/forward)
CE,2007-05-01,731510,40996,2007,5,2020-01-01,novo_caged_jan2020_anchor + stitched CAGED flows (back/forward)
CE,2007-06-01,734177,41692,2007,6,2020-01-01,novo_caged_jan2020_anchor + stitched CAGED flows (back/forward)
CE,2007-07-01,740541,42186,2007,7,2020-01-01,novo_caged_jan2020_anchor + stitched CAGED flows (back/forward)
CE,2007-08-01,750123,42428,2007,8,2020-01-01,novo_caged_jan2020_anchor + stitched CAGED flows (back/forward)
CE,2007-09-01,757904,42868,2007,9,2020-01-01,novo_caged_jan2020_anchor + stitched CAGED flows (back/forward)
CE,2007-10-01,764659,43478,2007,10,2020-01-01,novo_caged_jan2020_anchor + stitched CAGED flows (back/forward)
CE,2007-11-01,771349,43743,2007,11,2020-01-01,novo_caged_jan2020_anchor + stitched CAGED flows (back/forward)
CE,2007-12-01,769508,43669,2007,12,2020-01-01,novo_caged_jan2020_anchor + stitched CAGED flows (back/forward)
CE,2008-01-01,764603,43832,2008,1,2020-01-01,novo_caged_jan2020_anchor + stitched CAGED flows (back/forward)
CE,2008-02-01,763060,44890,2008,2,2020-01-01,novo_caged_jan2020_anchor + stitched CAGED flows (back/forward)
CE,2008-03-01,766033,45287,2008,3,2020-01-01,novo_caged_jan2020_anchor + stitched CAGED flows (back/forward)
CE,2008-04-01,766918,45077,2008,4,2020-01-01,novo_caged_jan2020_anchor + stitched CAGED flows (back/forward)
CE,2008-05-01,770428,46111,2008,5,2020-01-01,novo_caged_jan2020_anchor + stitched CAGED flows (back/forward)
CE,2008-06-01,779991,48602,2008,6,2020-01-01,novo_caged_jan2020_anchor + stitched CAGED flows (back/forward)
CE,2008-07-01,790620,50375,2008,7,2020-01-01,novo_caged_jan2020_anchor + stitched CAGED flows (back/forward)
CE,2008-08-01,800567,51341,2008,8,2020-01-01,novo_caged_jan2020_anchor + stitched CAGED flows (back/forward)
CE,2008-09-01,808163,52229,2008,9,2020-01-01,novo_caged_jan2020_anchor + stitched CAGED flows (back/forward)
CE,2008-10-01,812463,51458,2008,10,2020-01-01,novo_caged_jan2020_anchor + stitched CAGED flows (back/forward)
CE,2008-11-01,816708,50037,2008,11,2020-01-01,novo_caged_jan2020_anchor + stitched CAGED flows (back/forward)
CE,2008-12-01,810949,47366,2008,12,2020-01-01,novo_caged_jan2020_anchor + stitched CAGED flows (back/forward)
CE,2009-01-01,804088,46866,2009,1,2020-01-01,novo_caged_jan2020_anchor + stitched CAGED flows (back/forward)
CE,2009-02-01,803615,47490,2009,2,2020-01-01,novo_caged_jan2020_anchor + stitched CAGED flows (back/forward)
CE,2009-03-01,804987,46832,2009,3,2020-01-01,novo_caged_jan2020_anchor + stitched CAGED flows (back/forward)
CE,2009-04-01,808217,46217,2009,4,2020-01-01,novo_caged_jan2020_anchor + stitched CAGED flows (back/forward)
CE,2009-05-01,810370,47126,2009,5,2020-01-01,novo_caged_jan2020_anchor + stitched CAGED flows (back/forward)
CE,2009-06-01,816122,48613,2009,6,2020-01-01,novo_caged_jan2020_anchor + stitched CAGED flows (back/forward)
CE,2009-07-01,825645,50593,2009,7,2020-01-01,novo_caged_jan2020_anchor + stitched CAGED flows (back/forward)
CE,2009-08-01,839435,52847,2009,8,2020-01-01,novo_caged_jan2020_anchor + stitched CAGED flows (back/forward)
CE,2009-09-01,852401,54672,2009,9,2020-01-01,novo_caged_jan2020_anchor + stitched CAGED flows (back/forward)
CE,2009-10-01,863445,54672,2009,10,2020-01-01,novo_caged_jan2020_anchor + stitched CAGED flows (back/forward)
CE,2009-11-01,875741,56611,2009,11,2020-01-01,novo_caged_jan2020_anchor + stitched CAGED flows (back/forward)
CE,2009-12-01,875385,55765,2009,12,2020-01-01,novo_caged_jan2020_anchor + stitched CAGED flows (back/forward)
CE,2010-01-01,873131,58129,2010,1,2020-01-01,novo_caged_jan2020_anchor + stitched CAGED flows (back/forward)
CE,2010-02-01,878831,60772,2010,2,2020-01-01,novo_caged_jan2020_anchor + stitched CAGED flows (back/forward)
CE,2010-03-01,885281,62786,2010,3,2020-01-01,novo_caged_jan2020_anchor + stitched CAGED flows (back/forward)
CE,2010-04-01,892852,64163,2010,4,2020-01-01,novo_caged_jan2020_anchor + stitched CAGED flows (back/forward)
CE,2010-05-01,899177,64163,2010,5,2020-01-01,novo_caged_jan2020_anchor + stitched CAGED flows (back/forward)
CE,2010-06-01,905495,64163,2010,6,2020-01-01,novo_caged_jan2020_anchor + stitched CAGED flows (back/forward)
CE,2010-07-01,913441,64163,2010,7,2020-01-01,novo_caged_jan2020_anchor + stitched CAGED flows (back/forward)
CE,2010-08-01,925762,66240,2010,8,2020-01-01,novo_caged_jan2020_anchor + stitched CAGED flows (back/forward)
CE,2010-09-01,935755,67480,2010,9,2020-01-01,novo_caged_jan2020_anchor + stitched CAGED flows (back/forward)
CE,2010-10-01,941678,67480,2010,10,2020-01-01,novo_caged_jan2020_anchor + stitched CAGED flows (back/forward)
CE,2010-11-01,948528,67970,2010,11,2020-01-01,novo_caged_jan2020_anchor + stitched CAGED flows (back/forward)
CE,2010-12-01,948172,66280,2010,12,2020-01-01,novo_caged_jan2020_anchor + stitched CAGED flows (back/forward)
CE,2011-01-01,947216,66388,2011,1,2020-01-01,novo_caged_jan2020_anchor + stitched CAGED flows (back/forward)
CE,2011-02-01,953009,68515,2011,2,2020-01-01,novo_caged_jan2020_anchor + stitched CAGED flows (back/forward)
CE,2011-03-01,952426,67589,2011,3,2020-01-01,novo_caged_jan2020_anchor + stitched CAGED flows (back/forward)
CE,2011-04-01,959031,68904,2011,4,2020-01-01,novo_caged_jan2020_anchor + stitched CAGED flows (back/forward)
CE,2011-05-01,961636,69888,2011,5,2020-01-01,novo_caged_jan2020_anchor + stitched CAGED flows (back/forward)
CE,2011-06-01,965720,71876,2011,6,2020-01-01,novo_caged_jan2020_anchor + stitched CAGED flows (back/forward)
CE,2011-07-01,973540,73189,2011,7,2020-01-01,novo_caged_jan2020_anchor + stitched CAGED flows (back/forward)
CE,2011-08-01,981545,74296,2011,8,2020-01-01,novo_caged_jan2020_anchor + stitched CAGED flows (back/forward)
CE,2011-09-01,990149,76029,2011,9,2020-01-01,novo_caged_jan2020_anchor + stitched CAGED flows (back/forward)
CE,2011-10-01,996399,77001,2011,10,2020-01-01,novo_caged_jan2020_anchor + stitched CAGED flows (back/forward)
CE,2011-11-01,1000767,76481,2011,11,2020-01-01,novo_caged_jan2020_anchor + stitched CAGED flows (back/forward)
CE,2011-12-01,994198,73460,2011,12,2020-01-01,novo_caged_jan2020_anchor + stitched CAGED flows (back/forward)
CE,2012-01-01,991534,72943,2012,1,2020-01-01,novo_caged_jan2020_anchor + stitched CAGED flows (back/forward)
CE,2012-02-01,995201,75301,2012,2,2020-01-01,novo_caged_jan2020_anchor + stitched CAGED flows (back/forward)
CE,2012-03-01,993614,73905,2012,3,2020-01-01,novo_caged_jan2020_anchor + stitched CAGED flows (back/forward)
CE,2012-04-01,995812,73782,2012,4,2020-01-01,novo_caged_jan2020_anchor + stitched CAGED flows (back/forward)
CE,2012-05-01,996575,73782,2012,5,2020-01-01,novo_caged_jan2020_anchor + stitched CAGED flows (back/forward)
CE,2012-06-01,1000501,73434,2012,6,2020-01-01,novo_caged_jan2020_anchor + stitched CAGED flows (back/forward)
CE,2012-07-01,1007196,73261,2012,7,2020-01-01,novo_caged_jan2020_anchor + stitched CAGED flows (back/forward)
CE,2012-08-01,1012293,74344,2012,8,2020-01-01,novo_caged_jan2020_anchor + stitched CAGED flows (back/forward)
CE,2012-09-01,1021119,74936,2012,9,2020-01-01,novo_caged_jan2020_anchor + stitched CAGED flows (back/forward)
CE,2012-10-01,1025053,74936,2012,10,2020-01-01,novo_caged_jan2020_anchor + stitched CAGED flows (back/forward)
CE,2012-11-01,1029542,73753,2012,11,2020-01-01,novo_caged_jan2020_anchor + stitched CAGED flows (back/forward)
CE,2012-12-01,1024326,70357,2012,12,2020-01-01,novo_caged_jan2020_anchor + stitched CAGED flows (back/forward)
CE,2013-01-01,1019626,70225,2013,1,2020-01-01,novo_caged_jan2020_anchor + stitched CAGED flows (back/forward)
CE,2013-02-01,1022686,71897,2013,2,2020-01-01,novo_caged_jan2020_anchor + stitched CAGED flows (back/forward)
CE,2013-03-01,1021661,71083,2013,3,2020-01-01,novo_caged_jan2020_anchor + stitched CAGED flows (back/forward)
CE,2013-04-01,1025683,72044,2013,4,2020-01-01,novo_caged_jan2020_anchor + stitched CAGED flows (back/forward)
CE,2013-05-01,1027689,73284,2013,5,2020-01-01,novo_caged_jan2020_anchor + stitched CAGED flows (back/forward)
CE,2013-06-01,1038815,74061,2013,6,2020-01-01,novo_caged_jan2020_anchor + stitched CAGED flows (back/forward)
CE,2013-07-01,1041715,74103,2013,7,2020-01-01,novo_caged_jan2020_anchor + stitched CAGED flows (back/forward)
CE,2013-08-01,1048496,74217,2013,8,2020-01-01,novo_caged_jan2020_anchor + stitched CAGED flows (back/forward)
CE,2013-09-01,1056777,75587,2013,9,2020-01-01,novo_caged_jan2020_anchor + stitched CAGED flows (back/forward)
CE,2013-10-01,1063566,76224,2013,10,2020-01-01,novo_caged_jan2020_anchor + stitched CAGED flows (back/forward)
CE,2013-11-01,1072315,76996,2013,11,2020-01-01,novo_caged_jan2020_anchor + stitched CAGED flows (back/forward)
CE,2013-12-01,1070141,75924,2013,12,2020-01-01,novo_caged_jan2020_anchor + stitched CAGED flows (back/forward)
CE,2014-01-01,1066430,76790,2014,1,2020-01-01,novo_caged_jan2020_anchor + stitched CAGED flows (back/forward)
CE,2014-02-01,1073661,80616,2014,2,2020-01-01,novo_caged_jan2020_anchor + stitched CAGED flows (back/forward)
CE,2014-03-01,1071661,79860,2014,3,2020-01-01,novo_caged_jan2020_anchor + stitched CAGED flows (back/forward)
CE,2014-04-01,1076124,80436,2014,4,2020-01-01,novo_caged_jan2020_anchor + stitched CAGED flows (back/forward)
CE,2014-05-01,1079302,81668,2014,5,2020-01-01,novo_caged_jan2020_anchor + stitched CAGED flows (back/forward)
CE,2014-06-01,1079202,81002,2014,6,2020-01-01,novo_caged_jan2020_anchor + stitched CAGED flows (back/forward)
CE,2014-07-01,1081263,82012,2014,7,2020-01-01,novo_caged_jan2020_anchor + stitched CAGED flows (back/forward)
CE,2014-08-01,1090780,84476,2014,8,2020-01-01,novo_caged_jan2020_anchor + stitched CAGED flows (back/forward)
CE,2014-09-01,1100891,87016,2014,9,2020-01-01,novo_caged_jan2020_anchor + stitched CAGED flows (back/forward)
CE,2014-10-01,1108254,87909,2014,10,2020-01-01,novo_caged_jan2020_anchor + stitched CAGED flows (back/forward)
CE,2014-11-01,1116286,89315,2014,11,2020-01-01,novo_caged_jan2020_anchor + stitched CAGED flows (back/forward)
CE,2014-12-01,1112085,85216,2014,12,2020-01-01,novo_caged_jan2020_anchor + stitched CAGED flows (back/forward)
CE,2015-01-01,1105505,85216,2015,1,2020-01-01,novo_caged_jan2020_anchor + stitched CAGED flows (back/forward)
CE,2015-02-01,1103478,85902,2015,2,2020-01-01,novo_caged_jan2020_anchor + stitched CAGED flows (back/forward)
CE,2015-03-01,1103121,85189,2015,3,2020-01-01,novo_caged_jan2020_anchor + stitched CAGED flows (back/forward)
CE,2015-04-01,1099574,84543,2015,4,2020-01-01,novo_caged_jan2020_anchor + stitched CAGED flows (back/forward)
CE,2015-05-01,1097895,85127,2015,5,2020-01-01,novo_caged_jan2020_anchor + stitched CAGED flows (back/forward)
CE,2015-06-01,1099117,86116,2015,6,2020-01-01,novo_caged_jan2020_anchor + stitched CAGED flows (back/forward)
CE,2015-07-01,1095706,87157,2015,7,2020-01-01,novo_caged_jan2020_anchor + stitched CAGED flows (back/forward)
CE,2015-08-01,1096577,86425,2015,8,2020-01-01,novo_caged_jan2020_anchor + stitched CAGED flows (back/forward)
CE,2015-09-01,1095069,84838,2015,9,2020-01-01,novo_caged_jan2020_anchor + stitched CAGED flows (back/forward)
CE,2015-10-01,1090282,81959,2015,10,2020-01-01,novo_caged_jan2020_anchor + stitched CAGED flows (back/forward)
CE,2015-11-01,1086363,79442,2015,11,2020-01-01,novo_caged_jan2020_anchor + stitched CAGED flows (back/forward)
CE,2015-12-01,1076243,74163,2015,12,2020-01-01,novo_caged_jan2020_anchor + stitched CAGED flows (back/forward)
CE,2016-01-01,1068097,72817,2016,1,2020-01-01,novo_caged_jan2020_anchor + stitched CAGED flows (back/forward)
CE,2016-02-01,1063926,73884,2016,2,2020-01-01,novo_caged_jan2020_anchor + stitched CAGED flows (back/forward)
CE,2016-03-01,1059225,72238,2016,3,2020-01-01,novo_caged_jan2020_anchor + stitched CAGED flows (back/forward)
CE,2016-04-01,1056959,71286,2016,4,2020-01-01,novo_caged_jan2020_anchor + stitched CAGED flows (back/forward)
CE,2016-05-01,1054053,70840,2016,5,2020-01-01,novo_caged_jan2020_anchor + stitched CAGED flows (back/forward)
CE,2016-06-01,1052127,68917,2016,6,2020-01-01,novo_caged_jan2020_anchor + stitched CAGED flows (back/forward)
CE,2016-07-01,1047450,67289,2016,7,2020-01-01,novo_caged_jan2020_anchor + stitched CAGED flows (back/forward)
CE,2016-08-01,1047856,66086,2016,8,2020-01-01,novo_caged_jan2020_anchor + stitched CAGED flows (back/forward)
CE,2016-09-01,1048849,64896,2016,9,2020-01-01,novo_caged_jan2020_anchor + stitched CAGED flows (back/forward)
CE,2016-10-01,1046713,62954,2016,10,2020-01-01,novo_caged_jan2020_anchor + stitched CAGED flows (back/forward)
CE,2016-11-01,1046048,61849,2016,11,2020-01-01,novo_caged_jan2020_anchor + stitched CAGED flows (back/forward)
CE,2016-12-01,1039342,58300,2016,12,2020-01-01,novo_caged_jan2020_anchor + stitched CAGED flows (back/forward)
CE,2017-01-01,1031906,57285,2017,1,2020-01-01,novo_caged_jan2020_anchor + stitched CAGED flows (back/forward)
CE,2017-02-01,1031970,58400,2017,2,2020-01-01,novo_caged_jan2020_anchor + stitched CAGED flows (back/forward)
CE,2017-03-01,1027295,56885,2017,3,2020-01-01,novo_caged_jan2020_anchor + stitched CAGED flows (back/forward)
CE,2017-04-01,1026620,56305,2017,4,2020-01-01,novo_caged_jan2020_anchor + stitched CAGED flows (back/forward)
CE,2017-05-01,1023680,56645,2017,5,2020-01-01,novo_caged_jan2020_anchor + stitched CAGED flows (back/forward)
CE,2017-06-01,1023813,56413,2017,6,2020-01-01,novo_caged_jan2020_anchor + stitched CAGED flows (back/forward)
CE,2017-07-01,1025684,55913,2017,7,2020-01-01,novo_caged_jan2020_anchor + stitched CAGED flows (back/forward)
CE,2017-08-01,1030659,56424,2017,8,2020-01-01,novo_caged_jan2020_anchor + stitched CAGED flows (back/forward)
CE,2017-09-01,1032820,56472,2017,9,2020-01-01,novo_caged_jan2020_anchor + stitched CAGED flows (back/forward)
CE,2017-10-01,1035738,56507,2017,10,2020-01-01,novo_caged_jan2020_anchor + stitched CAGED flows (back/forward)
CE,2017-11-01,1038599,56147,2017,11,2020-01-01,novo_caged_jan2020_anchor + stitched CAGED flows (back/forward)
CE,2017-12-01,1034036,54398,2017,12,2020-01-01,novo_caged_jan2020_anchor + stitched CAGED flows (back/forward)
CE,2018-01-01,1035689,54098,2018,1,2020-01-01,novo_caged_jan2020_anchor + stitched CAGED flows (back/forward)
CE,2018-02-01,1035314,54169,2018,2,2020-01-01,novo_caged_jan2020_anchor + stitched CAGED flows (back/forward)
CE,2018-03-01,1035552,53926,2018,3,2020-01-01,novo_caged_jan2020_anchor + stitched CAGED flows (back/forward)
CE,2018-04-01,1038650,54201,2018,4,2020-01-01,novo_caged_jan2020_anchor + stitched CAGED flows (back/forward)
CE,2018-05-01,1040689,55711,2018,5,2020-01-01,novo_caged_jan2020_anchor + stitched CAGED flows (back/forward)
CE,2018-06-01,1041414,56181,2018,6,2020-01-01,novo_caged_jan2020_anchor + stitched CAGED flows (back/forward)
CE,2018-07-01,1042208,56448,2018,7,2020-01-01,novo_caged_jan2020_anchor + stitched CAGED flows (back/forward)
CE,2018-08-01,1046869,56481,2018,8,2020-01-01,novo_caged_jan2020_anchor + stitched CAGED flows (back/forward)
CE,2018-09-01,1053224,56889,2018,9,2020-01-01,novo_caged_jan2020_anchor + stitched CAGED flows (back/forward)
CE,2018-10-01,1056893,56858,2018,10,2020-01-01,novo_caged_jan2020_anchor + stitched CAGED flows (back/forward)
CE,2018-11-01,1059142,55964,2018,11,2020-01-01,novo_caged_jan2020_anchor + stitched CAGED flows (back/forward)
CE,2018-12-01,1053661,53255,2018,12,2020-01-01,novo_caged_jan2020_anchor + stitched CAGED flows (back/forward)
CE,2019-01-01,1048679,53255,2019,1,2020-01-01,novo_caged_jan2020_anchor + stitched CAGED flows (back/forward)
CE,2019-02-01,1050544,53282,2019,2,2020-01-01,novo_caged_jan2020_anchor + stitched CAGED flows (back/forward)
CE,2019-03-01,1045906,53282,2019,3,2020-01-01,novo_caged_jan2020_anchor + stitched CAGED flows (back/forward)
CE,2019-04-01,1048059,52679,2019,4,2020-01-01,novo_caged_jan2020_anchor + stitched CAGED flows (back/forward)
CE,2019-05-01,1046631,52381,2019,5,2020-01-01,novo_caged_jan2020_anchor + stitched CAGED flows (back/forward)
CE,2019-06-01,1046509,52699,2019,6,2020-01-01,novo_caged_jan2020_anchor + stitched CAGED flows (back/forward)
CE,2019-07-01,1047399,53868,2019,7,2020-01-01,novo_caged_jan2020_anchor + stitched CAGED flows (back/forward)
CE,2019-08-01,1051924,54337,2019,8,2020-01-01,novo_caged_jan2020_anchor + stitched CAGED flows (back/forward)
CE,2019-09-01,1058247,54530,2019,9,2020-01-01,novo_caged_jan2020_anchor + stitched CAGED flows (back/forward)
CE,2019-10-01,1061743,54363,2019,10,2020-01-01,novo_caged_jan2020_anchor + stitched CAGED flows (back/forward)
CE,2019-11-01,1066603,54695,2019,11,2020-01-01,novo_caged_jan2020_anchor + stitched CAGED flows (back/forward)
CE,2019-12-01,1063207,53175,2019,12,2020-01-01,novo_caged_jan2020_anchor + stitched CAGED flows (back/forward)
CE,2020-01-01,1065621,54044,2020,1,2020-01-01,novo_caged_jan2020_anchor + stitched CAGED flows (back/forward)
CE,2020-02-01,1072638,55483,2020,2,2020-01-01,novo_caged_jan2020_anchor + stitched CAGED flows (back/forward)
CE,2020-03-01,1064853,54412,2020,3,2020-01-01,novo_caged_jan2020_anchor + stitched CAGED flows (back/forward)
CE,2020-04-01,1028654,50738,2020,4,2020-01-01,novo_caged_jan2020_anchor + stitched CAGED flows (back/forward)
CE,2020-05-01,1016612,49971,2020,5,2020-01-01,novo_caged_jan2020_anchor + stitched CAGED flows (back/forward)
CE,2020-06-01,1012989,51720,2020,6,2020-01-01,novo_caged_jan2020_anchor + stitched CAGED flows (back/forward)
CE,2020-07-01,1017976,54678,2020,7,2020-01-01,novo_caged_jan2020_anchor + stitched CAGED flows (back/forward)
CE,2020-08-01,1028466,57236,2020,8,2020-01-01,novo_caged_jan2020_anchor + stitched CAGED flows (back/forward)
CE,2020-09-01,1039737,58389,2020,9,2020-01-01,novo_caged_jan2020_anchor + stitched CAGED flows (back/forward)
CE,2020-10-01,1054628,59419,2020,10,2020-01-01,novo_caged_jan2020_anchor + stitched CAGED flows (back/forward)
CE,2020-11-01,1068444,60085,2020,11,2020-01-01,novo_caged_jan2020_anchor + stitched CAGED flows (back/forward)
CE,2020-12-01,1069087,58342,2020,12,2020-01-01,novo_caged_jan2020_anchor + stitched CAGED flows (back/forward)
CE,2021-01-01,1075311,58833,2021,1,2020-01-01,novo_caged_jan2020_anchor + stitched CAGED flows (back/forward)
CE,2021-02-01,1085338,60497,2021,2,2020-01-01,novo_caged_jan2020_anchor + stitched CAGED flows (back/forward)
CE,2021-03-01,1080632,60078,2021,3,2020-01-01,novo_caged_jan2020_anchor + stitched CAGED flows (back/forward)
CE,2021-04-01,1081861,60366,2021,4,2020-01-01,novo_caged_jan2020_anchor + stitched CAGED flows (back/forward)
CE,2021-05-01,1084664,60943,2021,5,2020-01-01,novo_caged_jan2020_anchor + stitched CAGED flows (back/forward)
CE,2021-06-01,1093307,62278,2021,6,2020-01-01,novo_caged_jan2020_anchor + stitched CAGED flows (back/forward)
CE,2021-07-01,1105292,64079,2021,7,2020-01-01,novo_caged_jan2020_anchor + stitched CAGED flows (back/forward)
CE,2021-08-01,1121090,65986,2021,8,2020-01-01,novo_caged_jan2020_anchor + stitched CAGED flows (back/forward)
CE,2021-09-01,1134791,67545,2021,9,2020-01-01,novo_caged_jan2020_anchor + stitched CAGED flows (back/forward)
CE,2021-10-01,1142010,67712,2021,10,2020-01-01,novo_caged_jan2020_anchor + stitched CAGED flows (back/forward)
CE,2021-11-01,1154003,68410,2021,11,2020-01-01,novo_caged_jan2020_anchor + stitched CAGED flows (back/forward)
CE,2021-12-01,1151874,66377,2021,12,2020-01-01,novo_caged_jan2020_anchor + stitched CAGED flows (back/forward)
CE,2022-01-01,1149737,66461,2022,1,2020-01-01,novo_caged_jan2020_anchor + stitched CAGED flows (back/forward)
CE,2022-02-01,1158026,68960,2022,2,2020-01-01,novo_caged_jan2020_anchor + stitched CAGED flows (back/forward)
CE,2022-03-01,1160614,68572,2022,3,2020-01-01,novo_caged_jan2020_anchor + stitched CAGED flows (back/forward)
CE,2022-04-01,1166317,68529,2022,4,2020-01-01,novo_caged_jan2020_anchor + stitched CAGED flows (back/forward)
CE,2022-05-01,1173153,70464,2022,5,2020-01-01,novo_caged_jan2020_anchor + stitched CAGED flows (back/forward)
CE,2022-06-01,1183505,72653,2022,6,2020-01-01,novo_caged_jan2020_anchor + stitched CAGED flows (back/forward)
CE,2022-07-01,1193819,74050,2022,7,2020-01-01,novo_caged_jan2020_anchor + stitched CAGED flows (back/forward)
CE,2022-08-01,1203491,74628,2022,8,2020-01-01,novo_caged_jan2020_anchor + stitched CAGED flows (back/forward)
CE,2022-09-01,1215568,75825,2022,9,2020-01-01,novo_caged_jan2020_anchor + stitched CAGED flows (back/forward)
CE,2022-10-01,1220520,76502,2022,10,2020-01-01,novo_caged_jan2020_anchor + stitched CAGED flows (back/forward)
CE,2022-11-01,1226510,76328,2022,11,2020-01-01,novo_caged_jan2020_anchor + stitched CAGED flows (back/forward)
CE,2022-12-01,1217930,75016,2022,12,2020-01-01,novo_caged_jan2020_anchor + stitched CAGED flows (back/forward)
CE,2023-01-01,1215875,75461,2023,1,2020-01-01,novo_caged_jan2020_anchor + stitched CAGED flows (back/forward)
CE,2023-02-01,1220513,75624,2023,2,2020-01-01,novo_caged_jan2020_anchor + stitched CAGED flows (back/forward)
CE,2023-03-01,1225067,75804,2023,3,2020-01-01,novo_caged_jan2020_anchor + stitched CAGED flows (back/forward)
CE,2023-04-01,1229020,75832,2023,4,2020-01-01,novo_caged_jan2020_anchor + stitched CAGED flows (back/forward)
CE,2023-05-01,1232189,77150,2023,5,2020-01-01,novo_caged_jan2020_anchor + stitched CAGED flows (back/forward)
CE,2023-06-01,1237878,79543,2023,6,2020-01-01,novo_caged_jan2020_anchor + stitched CAGED flows (back/forward)
CE,2023-07-01,1243804,80679,2023,7,2020-01-01,novo_caged_jan2020_anchor + stitched CAGED flows (back/forward)
CE,2023-08-01,1254513,81990,2023,8,2020-01-01,novo_caged_jan2020_anchor + stitched CAGED flows (back/forward)
CE,2023-09-01,1264537,82706,2023,9,2020-01-01,novo_caged_jan2020_anchor + stitched CAGED flows (back/forward)
CE,2023-10-01,1270522,83780,2023,10,2020-01-01,novo_caged_jan2020_anchor + stitched CAGED flows (back/forward)
CE,2023-11-01,1274255,83761,2023,11,2020-01-01,novo_caged_jan2020_anchor + stitched CAGED flows (back/forward)
CE,2023-12-01,1270029,81714,2023,12,2020-01-01,novo_caged_jan2020_anchor + stitched CAGED flows (back/forward)
CE,2024-01-01,1271493,82183,2024,1,2020-01-01,novo_caged_jan2020_anchor + stitched CAGED flows (back/forward)
CE,2024-02-01,1274934,83274,2024,2,2020-01-01,novo_caged_jan2020_anchor + stitched CAGED flows (back/forward)
CE,2024-03-01,1281397,82692,2024,3,2020-01-01,novo_caged_jan2020_anchor + stitched CAGED flows (back/forward)
CE,2024-04-01,1287022,83671,2024,4,2020-01-01,novo_caged_jan2020_anchor + stitched CAGED flows (back/forward)
CE,2024-05-01,1294203,84599,2024,5,2020-01-01,novo_caged_jan2020_anchor + stitched CAGED flows (back/forward)
CE,2024-06-01,1301747,85657,2024,6,2020-01-01,novo_caged_jan2020_anchor + stitched CAGED flows (back/forward)
CE,2024-07-01,1305124,85959,2024,7,2020-01-01,novo_caged_jan2020_anchor + stitched CAGED flows (back/forward)
CE,2024-08-01,1315482,86872,2024,8,2020-01-01,novo_caged_jan2020_anchor + stitched CAGED flows (back/forward)
CE,2024-09-01,1325151,87824,2024,9,2020-01-01,novo_caged_jan2020_anchor + stitched CAGED flows (back/forward)
CE,2024-10-01,1328163,86740,2024,10,2020-01-01,novo_caged_jan2020_anchor + stitched CAGED flows (back/forward)
CE,2024-11-01,1332686,86077,2024,11,2020-01-01,novo_caged_jan2020_anchor + stitched CAGED flows (back/forward)
CE,2024-12-01,1325556,82790,2024,12,2020-01-01,novo_caged_jan2020_anchor + stitched CAGED flows (back/forward)
CE,2025-01-01,1325291,82494,2025,1,2020-01-01,novo_caged_jan2020_anchor + stitched CAGED flows (back/forward)
CE,2025-02-01,1331984,83876,2025,2,2020-01-01,novo_caged_jan2020_anchor + stitched CAGED flows (back/forward)
CE,2025-03-01,1329329,83874,2025,3,2020-01-01,novo_caged_jan2020_anchor + stitched CAGED flows (back/forward)
CE,2025-04-01,1338221,86287,2025,4,2020-01-01,novo_caged_jan2020_anchor + stitched CAGED flows (back/forward)
CE,2025-05-01,1343917,87773,2025,5,2020-01-01,novo_caged_jan2020_anchor + stitched CAGED flows (back/forward)
CE,2025-06-01,1351219,89409,2025,6,2020-01-01,novo_caged_jan2020_anchor + stitched CAGED flows (back/forward)
CE,2025-07-01,1358831,91244,2025,7,2020-01-01,novo_caged_jan2020_anchor + stitched CAGED flows (back/forward)
CE,2025-08-01,1365771,93122,2025,8,2020-01-01,novo_caged_jan2020_anchor + stitched CAGED flows (back/forward)
CE,2025-09-01,1376163,95426,2025,9,2020-01-01,novo_caged_jan2020_anchor + stitched CAGED flows (back/forward)
CE,2025-10-01,1379786,96258,2025,10,2020-01-01,novo_caged_jan2020_anchor + stitched CAGED flows (back/forward)
CE,2025-11-01,1385336,95757,2025,11,2020-01-01,novo_caged_jan2020_anchor + stitched CAGED flows (back/forward)
CE,2025-12-01,1374232,92254,2025,12,2020-01-01,novo_caged_jan2020_anchor + stitched CAGED flows (back/forward)
CE,2026-01-01,1375037,93115,2026,1,2020-01-01,novo_caged_jan2020_anchor + stitched CAGED flows (back/forward)
CE,2026-02-01,1379778,94554,2026,2,2020-01-01,novo_caged_jan2020_anchor + stitched CAGED flows (back/forward)
CE,2026-03-01,1386407,94563,2026,3,2020-01-01,novo_caged_jan2020_anchor + stitched CAGED flows (back/forward)
DF,2007-01-01,728187,60836,2007,1,2020-01-01,novo_caged_jan2020_anchor + stitched CAGED flows (back/forward)
DF,2007-02-01,726756,60921,2007,2,2020-01-01,novo_caged_jan2020_anchor + stitched CAGED flows (back/forward)
DF,2007-03-01,723677,61063,2007,3,2020-01-01,novo_caged_jan2020_anchor + stitched CAGED flows (back/forward)
DF,2007-04-01,727524,61188,2007,4,2020-01-01,novo_caged_jan2020_anchor + stitched CAGED flows (back/forward)
DF,2007-05-01,728109,61373,2007,5,2020-01-01,novo_caged_jan2020_anchor + stitched CAGED flows (back/forward)
DF,2007-06-01,729560,61600,2007,6,2020-01-01,novo_caged_jan2020_anchor + stitched CAGED flows (back/forward)
DF,2007-07-01,731732,61863,2007,7,2020-01-01,novo_caged_jan2020_anchor + stitched CAGED flows (back/forward)
DF,2007-08-01,734390,62261,2007,8,2020-01-01,novo_caged_jan2020_anchor + stitched CAGED flows (back/forward)
DF,2007-09-01,737575,62591,2007,9,2020-01-01,novo_caged_jan2020_anchor + stitched CAGED flows (back/forward)
DF,2007-10-01,741587,62779,2007,10,2020-01-01,novo_caged_jan2020_anchor + stitched CAGED flows (back/forward)
DF,2007-11-01,744251,63063,2007,11,2020-01-01,novo_caged_jan2020_anchor + stitched CAGED flows (back/forward)
DF,2007-12-01,744275,63133,2007,12,2020-01-01,novo_caged_jan2020_anchor + stitched CAGED flows (back/forward)
DF,2008-01-01,745027,64355,2008,1,2020-01-01,novo_caged_jan2020_anchor + stitched CAGED flows (back/forward)
DF,2008-02-01,748683,65220,2008,2,2020-01-01,novo_caged_jan2020_anchor + stitched CAGED flows (back/forward)
DF,2008-03-01,754184,66419,2008,3,2020-01-01,novo_caged_jan2020_anchor + stitched CAGED flows (back/forward)
DF,2008-04-01,759213,67459,2008,4,2020-01-01,novo_caged_jan2020_anchor + stitched CAGED flows (back/forward)
DF,2008-05-01,759985,67459,2008,5,2020-01-01,novo_caged_jan2020_anchor + stitched CAGED flows (back/forward)
DF,2008-06-01,763998,67756,2008,6,2020-01-01,novo_caged_jan2020_anchor + stitched CAGED flows (back/forward)
DF,2008-07-01,765478,68146,2008,7,2020-01-01,novo_caged_jan2020_anchor + stitched CAGED flows (back/forward)
DF,2008-08-01,769744,68146,2008,8,2020-01-01,novo_caged_jan2020_anchor + stitched CAGED flows (back/forward)
DF,2008-09-01,772619,68971,2008,9,2020-01-01,novo_caged_jan2020_anchor + stitched CAGED flows (back/forward)
DF,2008-10-01,773788,68168,2008,10,2020-01-01,novo_caged_jan2020_anchor + stitched CAGED flows (back/forward)
DF,2008-11-01,774694,67345,2008,11,2020-01-01,novo_caged_jan2020_anchor + stitched CAGED flows (back/forward)
DF,2008-12-01,770520,65869,2008,12,2020-01-01,novo_caged_jan2020_anchor + stitched CAGED flows (back/forward)
DF,2009-01-01,770345,66618,2009,1,2020-01-01,novo_caged_jan2020_anchor + stitched CAGED flows (back/forward)
DF,2009-02-01,773740,67271,2009,2,2020-01-01,novo_caged_jan2020_anchor + stitched CAGED flows (back/forward)
DF,2009-03-01,777031,68356,2009,3,2020-01-01,novo_caged_jan2020_anchor + stitched CAGED flows (back/forward)
DF,2009-04-01,782011,69097,2009,4,2020-01-01,novo_caged_jan2020_anchor + stitched CAGED flows (back/forward)
DF,2009-05-01,782056,69283,2009,5,2020-01-01,novo_caged_jan2020_anchor + stitched CAGED flows (back/forward)
DF,2009-06-01,778505,69283,2009,6,2020-01-01,novo_caged_jan2020_anchor + stitched CAGED flows (back/forward)
DF,2009-07-01,780493,70624,2009,7,2020-01-01,novo_caged_jan2020_anchor + stitched CAGED flows (back/forward)
DF,2009-08-01,783260,70624,2009,8,2020-01-01,novo_caged_jan2020_anchor + stitched CAGED flows (back/forward)
DF,2009-09-01,785349,71245,2009,9,2020-01-01,novo_caged_jan2020_anchor + stitched CAGED flows (back/forward)
DF,2009-10-01,789730,71245,2009,10,2020-01-01,novo_caged_jan2020_anchor + stitched CAGED flows (back/forward)
DF,2009-11-01,792693,71245,2009,11,2020-01-01,novo_caged_jan2020_anchor + stitched CAGED flows (back/forward)
DF,2009-12-01,787942,69657,2009,12,2020-01-01,novo_caged_jan2020_anchor + stitched CAGED flows (back/forward)
DF,2010-01-01,791496,70621,2010,1,2020-01-01,novo_caged_jan2020_anchor + stitched CAGED flows (back/forward)
DF,2010-02-01,795762,71135,2010,2,2020-01-01,novo_caged_jan2020_anchor + stitched CAGED flows (back/forward)
DF,2010-03-01,798680,69837,2010,3,2020-01-01,novo_caged_jan2020_anchor + stitched CAGED flows (back/forward)
DF,2010-04-01,804683,70480,2010,4,2020-01-01,novo_caged_jan2020_anchor + stitched CAGED flows (back/forward)
DF,2010-05-01,807768,71624,2010,5,2020-01-01,novo_caged_jan2020_anchor + stitched CAGED flows (back/forward)
DF,2010-06-01,808525,71678,2010,6,2020-01-01,novo_caged_jan2020_anchor + stitched CAGED flows (back/forward)
DF,2010-07-01,808447,71958,2010,7,2020-01-01,novo_caged_jan2020_anchor + stitched CAGED flows (back/forward)
DF,2010-08-01,810493,72250,2010,8,2020-01-01,novo_caged_jan2020_anchor + stitched CAGED flows (back/forward)
DF,2010-09-01,814683,73251,2010,9,2020-01-01,novo_caged_jan2020_anchor + stitched CAGED flows (back/forward)
DF,2010-10-01,817546,73504,2010,10,2020-01-01,novo_caged_jan2020_anchor + stitched CAGED flows (back/forward)
DF,2010-11-01,820259,73269,2010,11,2020-01-01,novo_caged_jan2020_anchor + stitched CAGED flows (back/forward)
DF,2010-12-01,812959,73269,2010,12,2020-01-01,novo_caged_jan2020_anchor + stitched CAGED flows (back/forward)
DF,2011-01-01,817081,76864,2011,1,2020-01-01,novo_caged_jan2020_anchor + stitched CAGED flows (back/forward)
DF,2011-02-01,820132,77313,2011,2,2020-01-01,novo_caged_jan2020_anchor + stitched CAGED flows (back/forward)
DF,2011-03-01,822045,77313,2011,3,2020-01-01,novo_caged_jan2020_anchor + stitched CAGED flows (back/forward)
DF,2011-04-01,827289,78576,2011,4,2020-01-01,novo_caged_jan2020_anchor + stitched CAGED flows (back/forward)
DF,2011-05-01,827327,78635,2011,5,2020-01-01,novo_caged_jan2020_anchor + stitched CAGED flows (back/forward)
DF,2011-06-01,828670,79507,2011,6,2020-01-01,novo_caged_jan2020_anchor + stitched CAGED flows (back/forward)
DF,2011-07-01,828985,80310,2011,7,2020-01-01,novo_caged_jan2020_anchor + stitched CAGED flows (back/forward)
DF,2011-08-01,831912,81356,2011,8,2020-01-01,novo_caged_jan2020_anchor + stitched CAGED flows (back/forward)
DF,2011-09-01,834392,81738,2011,9,2020-01-01,novo_caged_jan2020_anchor + stitched CAGED flows (back/forward)
DF,2011-10-01,837571,82147,2011,10,2020-01-01,novo_caged_jan2020_anchor + stitched CAGED flows (back/forward)
DF,2011-11-01,839001,81520,2011,11,2020-01-01,novo_caged_jan2020_anchor + stitched CAGED flows (back/forward)
DF,2011-12-01,831294,79374,2011,12,2020-01-01,novo_caged_jan2020_anchor + stitched CAGED flows (back/forward)
DF,2012-01-01,833801,80813,2012,1,2020-01-01,novo_caged_jan2020_anchor + stitched CAGED flows (back/forward)
DF,2012-02-01,837996,82618,2012,2,2020-01-01,novo_caged_jan2020_anchor + stitched CAGED flows (back/forward)
DF,2012-03-01,839846,84527,2012,3,2020-01-01,novo_caged_jan2020_anchor + stitched CAGED flows (back/forward)
DF,2012-04-01,844278,85106,2012,4,2020-01-01,novo_caged_jan2020_anchor + stitched CAGED flows (back/forward)
DF,2012-05-01,844375,85163,2012,5,2020-01-01,novo_caged_jan2020_anchor + stitched CAGED flows (back/forward)
DF,2012-06-01,844628,83201,2012,6,2020-01-01,novo_caged_jan2020_anchor + stitched CAGED flows (back/forward)
DF,2012-07-01,845189,83096,2012,7,2020-01-01,novo_caged_jan2020_anchor + stitched CAGED flows (back/forward)
DF,2012-08-01,846619,83096,2012,8,2020-01-01,novo_caged_jan2020_anchor + stitched CAGED flows (back/forward)
DF,2012-09-01,846644,82435,2012,9,2020-01-01,novo_caged_jan2020_anchor + stitched CAGED flows (back/forward)
DF,2012-10-01,846024,80845,2012,10,2020-01-01,novo_caged_jan2020_anchor + stitched CAGED flows (back/forward)
DF,2012-11-01,845476,78504,2012,11,2020-01-01,novo_caged_jan2020_anchor + stitched CAGED flows (back/forward)
DF,2012-12-01,840789,76146,2012,12,2020-01-01,novo_caged_jan2020_anchor + stitched CAGED flows (back/forward)
DF,2013-01-01,841637,76146,2013,1,2020-01-01,novo_caged_jan2020_anchor + stitched CAGED flows (back/forward)
DF,2013-02-01,844674,76534,2013,2,2020-01-01,novo_caged_jan2020_anchor + stitched CAGED flows (back/forward)
DF,2013-03-01,847075,77213,2013,3,2020-01-01,novo_caged_jan2020_anchor + stitched CAGED flows (back/forward)
DF,2013-04-01,851151,79042,2013,4,2020-01-01,novo_caged_jan2020_anchor + stitched CAGED flows (back/forward)
DF,2013-05-01,849219,77811,2013,5,2020-01-01,novo_caged_jan2020_anchor + stitched CAGED flows (back/forward)
DF,2013-06-01,848976,76445,2013,6,2020-01-01,novo_caged_jan2020_anchor + stitched CAGED flows (back/forward)
DF,2013-07-01,849437,76350,2013,7,2020-01-01,novo_caged_jan2020_anchor + stitched CAGED flows (back/forward)
DF,2013-08-01,850390,75642,2013,8,2020-01-01,novo_caged_jan2020_anchor + stitched CAGED flows (back/forward)
DF,2013-09-01,852559,74971,2013,9,2020-01-01,novo_caged_jan2020_anchor + stitched CAGED flows (back/forward)
DF,2013-10-01,852874,74230,2013,10,2020-01-01,novo_caged_jan2020_anchor + stitched CAGED flows (back/forward)
DF,2013-11-01,853406,72715,2013,11,2020-01-01,novo_caged_jan2020_anchor + stitched CAGED flows (back/forward)
DF,2013-12-01,846212,69977,2013,12,2020-01-01,novo_caged_jan2020_anchor + stitched CAGED flows (back/forward)
DF,2014-01-01,846316,70718,2014,1,2020-01-01,novo_caged_jan2020_anchor + stitched CAGED flows (back/forward)
DF,2014-02-01,851497,71805,2014,2,2020-01-01,novo_caged_jan2020_anchor + stitched CAGED flows (back/forward)
DF,2014-03-01,853051,71805,2014,3,2020-01-01,novo_caged_jan2020_anchor + stitched CAGED flows (back/forward)
DF,2014-04-01,857211,72426,2014,4,2020-01-01,novo_caged_jan2020_anchor + stitched CAGED flows (back/forward)
DF,2014-05-01,856151,72426,2014,5,2020-01-01,novo_caged_jan2020_anchor + stitched CAGED flows (back/forward)
DF,2014-06-01,856618,70479,2014,6,2020-01-01,novo_caged_jan2020_anchor + stitched CAGED flows (back/forward)
DF,2014-07-01,855730,69066,2014,7,2020-01-01,novo_caged_jan2020_anchor + stitched CAGED flows (back/forward)
DF,2014-08-01,858393,68118,2014,8,2020-01-01,novo_caged_jan2020_anchor + stitched CAGED flows (back/forward)
DF,2014-09-01,860792,68118,2014,9,2020-01-01,novo_caged_jan2020_anchor + stitched CAGED flows (back/forward)
DF,2014-10-01,858297,66271,2014,10,2020-01-01,novo_caged_jan2020_anchor + stitched CAGED flows (back/forward)
DF,2014-11-01,857722,64067,2014,11,2020-01-01,novo_caged_jan2020_anchor + stitched CAGED flows (back/forward)
DF,2014-12-01,847805,64067,2014,12,2020-01-01,novo_caged_jan2020_anchor + stitched CAGED flows (back/forward)
DF,2015-01-01,844204,64067,2015,1,2020-01-01,novo_caged_jan2020_anchor + stitched CAGED flows (back/forward)
DF,2015-02-01,843793,62897,2015,2,2020-01-01,novo_caged_jan2020_anchor + stitched CAGED flows (back/forward)
DF,2015-03-01,845979,62897,2015,3,2020-01-01,novo_caged_jan2020_anchor + stitched CAGED flows (back/forward)
DF,2015-04-01,847032,62613,2015,4,2020-01-01,novo_caged_jan2020_anchor + stitched CAGED flows (back/forward)
DF,2015-05-01,845401,61089,2015,5,2020-01-01,novo_caged_jan2020_anchor + stitched CAGED flows (back/forward)
DF,2015-06-01,843680,59480,2015,6,2020-01-01,novo_caged_jan2020_anchor + stitched CAGED flows (back/forward)
DF,2015-07-01,842056,59480,2015,7,2020-01-01,novo_caged_jan2020_anchor + stitched CAGED flows (back/forward)
DF,2015-08-01,842012,58726,2015,8,2020-01-01,novo_caged_jan2020_anchor + stitched CAGED flows (back/forward)
DF,2015-09-01,841490,57902,2015,9,2020-01-01,novo_caged_jan2020_anchor + stitched CAGED flows (back/forward)
DF,2015-10-01,839150,56382,2015,10,2020-01-01,novo_caged_jan2020_anchor + stitched CAGED flows (back/forward)
DF,2015-11-01,837482,56382,2015,11,2020-01-01,novo_caged_jan2020_anchor + stitched CAGED flows (back/forward)
DF,2015-12-01,827851,54018,2015,12,2020-01-01,novo_caged_jan2020_anchor + stitched CAGED flows (back/forward)
DF,2016-01-01,824353,53125,2016,1,2020-01-01,novo_caged_jan2020_anchor + stitched CAGED flows (back/forward)
DF,2016-02-01,821878,52406,2016,2,2020-01-01,novo_caged_jan2020_anchor + stitched CAGED flows (back/forward)
DF,2016-03-01,821370,52406,2016,3,2020-01-01,novo_caged_jan2020_anchor + stitched CAGED flows (back/forward)
DF,2016-04-01,822572,53163,2016,4,2020-01-01,novo_caged_jan2020_anchor + stitched CAGED flows (back/forward)
DF,2016-05-01,818249,53163,2016,5,2020-01-01,novo_caged_jan2020_anchor + stitched CAGED flows (back/forward)
DF,2016-06-01,815366,53098,2016,6,2020-01-01,novo_caged_jan2020_anchor + stitched CAGED flows (back/forward)
DF,2016-07-01,812011,52669,2016,7,2020-01-01,novo_caged_jan2020_anchor + stitched CAGED flows (back/forward)
DF,2016-08-01,810282,51967,2016,8,2020-01-01,novo_caged_jan2020_anchor + stitched CAGED flows (back/forward)
DF,2016-09-01,808558,51589,2016,9,2020-01-01,novo_caged_jan2020_anchor + stitched CAGED flows (back/forward)
DF,2016-10-01,806154,50684,2016,10,2020-01-01,novo_caged_jan2020_anchor + stitched CAGED flows (back/forward)
DF,2016-11-01,805478,49725,2016,11,2020-01-01,novo_caged_jan2020_anchor + stitched CAGED flows (back/forward)
DF,2016-12-01,799324,47840,2016,12,2020-01-01,novo_caged_jan2020_anchor + stitched CAGED flows (back/forward)
DF,2017-01-01,796447,47398,2017,1,2020-01-01,novo_caged_jan2020_anchor + stitched CAGED flows (back/forward)
DF,2017-02-01,798785,47408,2017,2,2020-01-01,novo_caged_jan2020_anchor + stitched CAGED flows (back/forward)
DF,2017-03-01,798109,47220,2017,3,2020-01-01,novo_caged_jan2020_anchor + stitched CAGED flows (back/forward)
DF,2017-04-01,800154,47220,2017,4,2020-01-01,novo_caged_jan2020_anchor + stitched CAGED flows (back/forward)
DF,2017-05-01,799129,47602,2017,5,2020-01-01,novo_caged_jan2020_anchor + stitched CAGED flows (back/forward)
DF,2017-06-01,796645,47602,2017,6,2020-01-01,novo_caged_jan2020_anchor + stitched CAGED flows (back/forward)
DF,2017-07-01,797853,48044,2017,7,2020-01-01,novo_caged_jan2020_anchor + stitched CAGED flows (back/forward)
DF,2017-08-01,799258,48262,2017,8,2020-01-01,novo_caged_jan2020_anchor + stitched CAGED flows (back/forward)
DF,2017-09-01,799773,48138,2017,9,2020-01-01,novo_caged_jan2020_anchor + stitched CAGED flows (back/forward)
DF,2017-10-01,799989,48269,2017,10,2020-01-01,novo_caged_jan2020_anchor + stitched CAGED flows (back/forward)
DF,2017-11-01,799988,47833,2017,11,2020-01-01,novo_caged_jan2020_anchor + stitched CAGED flows (back/forward)
DF,2017-12-01,795930,47833,2017,12,2020-01-01,novo_caged_jan2020_anchor + stitched CAGED flows (back/forward)
DF,2018-01-01,798761,48467,2018,1,2020-01-01,novo_caged_jan2020_anchor + stitched CAGED flows (back/forward)
DF,2018-02-01,800030,48611,2018,2,2020-01-01,novo_caged_jan2020_anchor + stitched CAGED flows (back/forward)
DF,2018-03-01,800646,49023,2018,3,2020-01-01,novo_caged_jan2020_anchor + stitched CAGED flows (back/forward)
DF,2018-04-01,804566,49553,2018,4,2020-01-01,novo_caged_jan2020_anchor + stitched CAGED flows (back/forward)
DF,2018-05-01,805640,49634,2018,5,2020-01-01,novo_caged_jan2020_anchor + stitched CAGED flows (back/forward)
DF,2018-06-01,806124,49811,2018,6,2020-01-01,novo_caged_jan2020_anchor + stitched CAGED flows (back/forward)
DF,2018-07-01,805943,50327,2018,7,2020-01-01,novo_caged_jan2020_anchor + stitched CAGED flows (back/forward)
DF,2018-08-01,808735,49883,2018,8,2020-01-01,novo_caged_jan2020_anchor + stitched CAGED flows (back/forward)
DF,2018-09-01,812030,50081,2018,9,2020-01-01,novo_caged_jan2020_anchor + stitched CAGED flows (back/forward)
DF,2018-10-01,812519,49632,2018,10,2020-01-01,novo_caged_jan2020_anchor + stitched CAGED flows (back/forward)
DF,2018-11-01,813849,49207,2018,11,2020-01-01,novo_caged_jan2020_anchor + stitched CAGED flows (back/forward)
DF,2018-12-01,809358,48428,2018,12,2020-01-01,novo_caged_jan2020_anchor + stitched CAGED flows (back/forward)
DF,2019-01-01,810765,48928,2019,1,2020-01-01,novo_caged_jan2020_anchor + stitched CAGED flows (back/forward)
DF,2019-02-01,813994,49627,2019,2,2020-01-01,novo_caged_jan2020_anchor + stitched CAGED flows (back/forward)
DF,2019-03-01,813639,49593,2019,3,2020-01-01,novo_caged_jan2020_anchor + stitched CAGED flows (back/forward)
DF,2019-04-01,817616,50309,2019,4,2020-01-01,novo_caged_jan2020_anchor + stitched CAGED flows (back/forward)
DF,2019-05-01,818116,50687,2019,5,2020-01-01,novo_caged_jan2020_anchor + stitched CAGED flows (back/forward)
DF,2019-06-01,818726,51029,2019,6,2020-01-01,novo_caged_jan2020_anchor + stitched CAGED flows (back/forward)
DF,2019-07-01,820647,51299,2019,7,2020-01-01,novo_caged_jan2020_anchor + stitched CAGED flows (back/forward)
DF,2019-08-01,822747,51299,2019,8,2020-01-01,novo_caged_jan2020_anchor + stitched CAGED flows (back/forward)
DF,2019-09-01,824286,51299,2019,9,2020-01-01,novo_caged_jan2020_anchor + stitched CAGED flows (back/forward)
DF,2019-10-01,822921,51347,2019,10,2020-01-01,novo_caged_jan2020_anchor + stitched CAGED flows (back/forward)
DF,2019-11-01,825637,51242,2019,11,2020-01-01,novo_caged_jan2020_anchor + stitched CAGED flows (back/forward)
DF,2019-12-01,820440,49849,2019,12,2020-01-01,novo_caged_jan2020_anchor + stitched CAGED flows (back/forward)
DF,2020-01-01,821792,50566,2020,1,2020-01-01,novo_caged_jan2020_anchor + stitched CAGED flows (back/forward)
DF,2020-02-01,827833,50739,2020,2,2020-01-01,novo_caged_jan2020_anchor + stitched CAGED flows (back/forward)
DF,2020-03-01,818039,50502,2020,3,2020-01-01,novo_caged_jan2020_anchor + stitched CAGED flows (back/forward)
DF,2020-04-01,800072,49957,2020,4,2020-01-01,novo_caged_jan2020_anchor + stitched CAGED flows (back/forward)
DF,2020-05-01,794070,49850,2020,5,2020-01-01,novo_caged_jan2020_anchor + stitched CAGED flows (back/forward)
DF,2020-06-01,790778,50359,2020,6,2020-01-01,novo_caged_jan2020_anchor + stitched CAGED flows (back/forward)
DF,2020-07-01,791995,50987,2020,7,2020-01-01,novo_caged_jan2020_anchor + stitched CAGED flows (back/forward)
DF,2020-08-01,795220,52124,2020,8,2020-01-01,novo_caged_jan2020_anchor + stitched CAGED flows (back/forward)
DF,2020-09-01,797293,52822,2020,9,2020-01-01,novo_caged_jan2020_anchor + stitched CAGED flows (back/forward)
DF,2020-10-01,802167,53159,2020,10,2020-01-01,novo_caged_jan2020_anchor + stitched CAGED flows (back/forward)
DF,2020-11-01,805935,53473,2020,11,2020-01-01,novo_caged_jan2020_anchor + stitched CAGED flows (back/forward)
DF,2020-12-01,804142,51959,2020,12,2020-01-01,novo_caged_jan2020_anchor + stitched CAGED flows (back/forward)
DF,2021-01-01,809304,53498,2021,1,2020-01-01,novo_caged_jan2020_anchor + stitched CAGED flows (back/forward)
DF,2021-02-01,813845,54164,2021,2,2020-01-01,novo_caged_jan2020_anchor + stitched CAGED flows (back/forward)
DF,2021-03-01,817274,54993,2021,3,2020-01-01,novo_caged_jan2020_anchor + stitched CAGED flows (back/forward)
DF,2021-04-01,821153,56124,2021,4,2020-01-01,novo_caged_jan2020_anchor + stitched CAGED flows (back/forward)
DF,2021-05-01,825247,56456,2021,5,2020-01-01,novo_caged_jan2020_anchor + stitched CAGED flows (back/forward)
DF,2021-06-01,830536,57455,2021,6,2020-01-01,novo_caged_jan2020_anchor + stitched CAGED flows (back/forward)
DF,2021-07-01,836952,58558,2021,7,2020-01-01,novo_caged_jan2020_anchor + stitched CAGED flows (back/forward)
DF,2021-08-01,846598,59173,2021,8,2020-01-01,novo_caged_jan2020_anchor + stitched CAGED flows (back/forward)
DF,2021-09-01,852906,59916,2021,9,2020-01-01,novo_caged_jan2020_anchor + stitched CAGED flows (back/forward)
DF,2021-10-01,858367,60445,2021,10,2020-01-01,novo_caged_jan2020_anchor + stitched CAGED flows (back/forward)
DF,2021-11-01,864733,61073,2021,11,2020-01-01,novo_caged_jan2020_anchor + stitched CAGED flows (back/forward)
DF,2021-12-01,861441,60408,2021,12,2020-01-01,novo_caged_jan2020_anchor + stitched CAGED flows (back/forward)
DF,2022-01-01,864998,61386,2022,1,2020-01-01,novo_caged_jan2020_anchor + stitched CAGED flows (back/forward)
DF,2022-02-01,872429,62668,2022,2,2020-01-01,novo_caged_jan2020_anchor + stitched CAGED flows (back/forward)
DF,2022-03-01,876463,63907,2022,3,2020-01-01,novo_caged_jan2020_anchor + stitched CAGED flows (back/forward)
DF,2022-04-01,882017,64879,2022,4,2020-01-01,novo_caged_jan2020_anchor + stitched CAGED flows (back/forward)
DF,2022-05-01,886520,65301,2022,5,2020-01-01,novo_caged_jan2020_anchor + stitched CAGED flows (back/forward)
DF,2022-06-01,890894,66097,2022,6,2020-01-01,novo_caged_jan2020_anchor + stitched CAGED flows (back/forward)
DF,2022-07-01,894931,67108,2022,7,2020-01-01,novo_caged_jan2020_anchor + stitched CAGED flows (back/forward)
DF,2022-08-01,900515,67573,2022,8,2020-01-01,novo_caged_jan2020_anchor + stitched CAGED flows (back/forward)
DF,2022-09-01,907500,68506,2022,9,2020-01-01,novo_caged_jan2020_anchor + stitched CAGED flows (back/forward)
DF,2022-10-01,912530,68417,2022,10,2020-01-01,novo_caged_jan2020_anchor + stitched CAGED flows (back/forward)
DF,2022-11-01,916385,68420,2022,11,2020-01-01,novo_caged_jan2020_anchor + stitched CAGED flows (back/forward)
DF,2022-12-01,908025,67327,2022,12,2020-01-01,novo_caged_jan2020_anchor + stitched CAGED flows (back/forward)
DF,2023-01-01,907056,68771,2023,1,2020-01-01,novo_caged_jan2020_anchor + stitched CAGED flows (back/forward)
DF,2023-02-01,914792,69663,2023,2,2020-01-01,novo_caged_jan2020_anchor + stitched CAGED flows (back/forward)
DF,2023-03-01,919750,70867,2023,3,2020-01-01,novo_caged_jan2020_anchor + stitched CAGED flows (back/forward)
DF,2023-04-01,925410,71814,2023,4,2020-01-01,novo_caged_jan2020_anchor + stitched CAGED flows (back/forward)
DF,2023-05-01,926948,72012,2023,5,2020-01-01,novo_caged_jan2020_anchor + stitched CAGED flows (back/forward)
DF,2023-06-01,929611,72759,2023,6,2020-01-01,novo_caged_jan2020_anchor + stitched CAGED flows (back/forward)
DF,2023-07-01,934063,73724,2023,7,2020-01-01,novo_caged_jan2020_anchor + stitched CAGED flows (back/forward)
DF,2023-08-01,937996,74188,2023,8,2020-01-01,novo_caged_jan2020_anchor + stitched CAGED flows (back/forward)
DF,2023-09-01,941827,74190,2023,9,2020-01-01,novo_caged_jan2020_anchor + stitched CAGED flows (back/forward)
DF,2023-10-01,947046,74026,2023,10,2020-01-01,novo_caged_jan2020_anchor + stitched CAGED flows (back/forward)
DF,2023-11-01,951082,74228,2023,11,2020-01-01,novo_caged_jan2020_anchor + stitched CAGED flows (back/forward)
DF,2023-12-01,944878,73442,2023,12,2020-01-01,novo_caged_jan2020_anchor + stitched CAGED flows (back/forward)
DF,2024-01-01,947632,74421,2024,1,2020-01-01,novo_caged_jan2020_anchor + stitched CAGED flows (back/forward)
DF,2024-02-01,954250,75302,2024,2,2020-01-01,novo_caged_jan2020_anchor + stitched CAGED flows (back/forward)
DF,2024-03-01,961442,75857,2024,3,2020-01-01,novo_caged_jan2020_anchor + stitched CAGED flows (back/forward)
DF,2024-04-01,966797,76875,2024,4,2020-01-01,novo_caged_jan2020_anchor + stitched CAGED flows (back/forward)
DF,2024-05-01,969550,76518,2024,5,2020-01-01,novo_caged_jan2020_anchor + stitched CAGED flows (back/forward)
DF,2024-06-01,972807,76468,2024,6,2020-01-01,novo_caged_jan2020_anchor + stitched CAGED flows (back/forward)
DF,2024-07-01,975712,76748,2024,7,2020-01-01,novo_caged_jan2020_anchor + stitched CAGED flows (back/forward)
DF,2024-08-01,979956,76436,2024,8,2020-01-01,novo_caged_jan2020_anchor + stitched CAGED flows (back/forward)
DF,2024-09-01,986299,77659,2024,9,2020-01-01,novo_caged_jan2020_anchor + stitched CAGED flows (back/forward)
DF,2024-10-01,990074,78211,2024,10,2020-01-01,novo_caged_jan2020_anchor + stitched CAGED flows (back/forward)
DF,2024-11-01,993415,78051,2024,11,2020-01-01,novo_caged_jan2020_anchor + stitched CAGED flows (back/forward)
DF,2024-12-01,987712,75885,2024,12,2020-01-01,novo_caged_jan2020_anchor + stitched CAGED flows (back/forward)
DF,2025-01-01,995471,76038,2025,1,2020-01-01,novo_caged_jan2020_anchor + stitched CAGED flows (back/forward)
DF,2025-02-01,1002808,76311,2025,2,2020-01-01,novo_caged_jan2020_anchor + stitched CAGED flows (back/forward)
DF,2025-03-01,1006103,77380,2025,3,2020-01-01,novo_caged_jan2020_anchor + stitched CAGED flows (back/forward)
DF,2025-04-01,1010891,77639,2025,4,2020-01-01,novo_caged_jan2020_anchor + stitched CAGED flows (back/forward)
DF,2025-05-01,1013974,77389,2025,5,2020-01-01,novo_caged_jan2020_anchor + stitched CAGED flows (back/forward)
DF,2025-06-01,1017883,76846,2025,6,2020-01-01,novo_caged_jan2020_anchor + stitched CAGED flows (back/forward)
DF,2025-07-01,1019735,76923,2025,7,2020-01-01,novo_caged_jan2020_anchor + stitched CAGED flows (back/forward)
DF,2025-08-01,1022930,76310,2025,8,2020-01-01,novo_caged_jan2020_anchor + stitched CAGED flows (back/forward)
DF,2025-09-01,1026939,75302,2025,9,2020-01-01,novo_caged_jan2020_anchor + stitched CAGED flows (back/forward)
DF,2025-10-01,1042598,74605,2025,10,2020-01-01,novo_caged_jan2020_anchor + stitched CAGED flows (back/forward)
DF,2025-11-01,1047029,74095,2025,11,2020-01-01,novo_caged_jan2020_anchor + stitched CAGED flows (back/forward)
DF,2025-12-01,1039439,71804,2025,12,2020-01-01,novo_caged_jan2020_anchor + stitched CAGED flows (back/forward)
DF,2026-01-01,1041684,72077,2026,1,2020-01-01,novo_caged_jan2020_anchor + stitched CAGED flows (back/forward)
DF,2026-02-01,1048760,72913,2026,2,2020-01-01,novo_caged_jan2020_anchor + stitched CAGED flows (back/forward)
DF,2026-03-01,1055471,73892,2026,3,2020-01-01,novo_caged_jan2020_anchor + stitched CAGED flows (back/forward)
ES,2007-01-01,611100,50770,2007,1,2020-01-01,novo_caged_jan2020_anchor + stitched CAGED flows (back/forward)
ES,2007-02-01,611324,50963,2007,2,2020-01-01,novo_caged_jan2020_anchor + stitched CAGED flows (back/forward)
ES,2007-03-01,616231,51161,2007,3,2020-01-01,novo_caged_jan2020_anchor + stitched CAGED flows (back/forward)
ES,2007-04-01,627024,51446,2007,4,2020-01-01,novo_caged_jan2020_anchor + stitched CAGED flows (back/forward)
ES,2007-05-01,632230,51696,2007,5,2020-01-01,novo_caged_jan2020_anchor + stitched CAGED flows (back/forward)
ES,2007-06-01,628954,52015,2007,6,2020-01-01,novo_caged_jan2020_anchor + stitched CAGED flows (back/forward)
ES,2007-07-01,630690,52413,2007,7,2020-01-01,novo_caged_jan2020_anchor + stitched CAGED flows (back/forward)
ES,2007-08-01,631412,52791,2007,8,2020-01-01,novo_caged_jan2020_anchor + stitched CAGED flows (back/forward)
ES,2007-09-01,634757,53036,2007,9,2020-01-01,novo_caged_jan2020_anchor + stitched CAGED flows (back/forward)
ES,2007-10-01,635015,53339,2007,10,2020-01-01,novo_caged_jan2020_anchor + stitched CAGED flows (back/forward)
ES,2007-11-01,637025,53493,2007,11,2020-01-01,novo_caged_jan2020_anchor + stitched CAGED flows (back/forward)
ES,2007-12-01,634344,53545,2007,12,2020-01-01,novo_caged_jan2020_anchor + stitched CAGED flows (back/forward)
ES,2008-01-01,636111,55164,2008,1,2020-01-01,novo_caged_jan2020_anchor + stitched CAGED flows (back/forward)
ES,2008-02-01,640335,55285,2008,2,2020-01-01,novo_caged_jan2020_anchor + stitched CAGED flows (back/forward)
ES,2008-03-01,644986,56499,2008,3,2020-01-01,novo_caged_jan2020_anchor + stitched CAGED flows (back/forward)
ES,2008-04-01,653189,57901,2008,4,2020-01-01,novo_caged_jan2020_anchor + stitched CAGED flows (back/forward)
ES,2008-05-01,664193,58385,2008,5,2020-01-01,novo_caged_jan2020_anchor + stitched CAGED flows (back/forward)
ES,2008-06-01,665418,59802,2008,6,2020-01-01,novo_caged_jan2020_anchor + stitched CAGED flows (back/forward)
ES,2008-07-01,667272,60749,2008,7,2020-01-01,novo_caged_jan2020_anchor + stitched CAGED flows (back/forward)
ES,2008-08-01,670792,61445,2008,8,2020-01-01,novo_caged_jan2020_anchor + stitched CAGED flows (back/forward)
ES,2008-09-01,676006,61953,2008,9,2020-01-01,novo_caged_jan2020_anchor + stitched CAGED flows (back/forward)
ES,2008-10-01,677151,61136,2008,10,2020-01-01,novo_caged_jan2020_anchor + stitched CAGED flows (back/forward)
ES,2008-11-01,676012,59965,2008,11,2020-01-01,novo_caged_jan2020_anchor + stitched CAGED flows (back/forward)
ES,2008-12-01,663718,57078,2008,12,2020-01-01,novo_caged_jan2020_anchor + stitched CAGED flows (back/forward)
ES,2009-01-01,659993,56702,2009,1,2020-01-01,novo_caged_jan2020_anchor + stitched CAGED flows (back/forward)
ES,2009-02-01,659623,56046,2009,2,2020-01-01,novo_caged_jan2020_anchor + stitched CAGED flows (back/forward)
ES,2009-03-01,660112,56681,2009,3,2020-01-01,novo_caged_jan2020_anchor + stitched CAGED flows (back/forward)
ES,2009-04-01,664861,57090,2009,4,2020-01-01,novo_caged_jan2020_anchor + stitched CAGED flows (back/forward)
ES,2009-05-01,674922,57200,2009,5,2020-01-01,novo_caged_jan2020_anchor + stitched CAGED flows (back/forward)
ES,2009-06-01,668271,57800,2009,6,2020-01-01,novo_caged_jan2020_anchor + stitched CAGED flows (back/forward)
ES,2009-07-01,668172,58163,2009,7,2020-01-01,novo_caged_jan2020_anchor + stitched CAGED flows (back/forward)
ES,2009-08-01,671820,59514,2009,8,2020-01-01,novo_caged_jan2020_anchor + stitched CAGED flows (back/forward)
ES,2009-09-01,676027,60080,2009,9,2020-01-01,novo_caged_jan2020_anchor + stitched CAGED flows (back/forward)
ES,2009-10-01,682313,60080,2009,10,2020-01-01,novo_caged_jan2020_anchor + stitched CAGED flows (back/forward)
ES,2009-11-01,687416,60406,2009,11,2020-01-01,novo_caged_jan2020_anchor + stitched CAGED flows (back/forward)
ES,2009-12-01,682693,58573,2009,12,2020-01-01,novo_caged_jan2020_anchor + stitched CAGED flows (back/forward)
ES,2010-01-01,686283,59715,2010,1,2020-01-01,novo_caged_jan2020_anchor + stitched CAGED flows (back/forward)
ES,2010-02-01,690382,60001,2010,2,2020-01-01,novo_caged_jan2020_anchor + stitched CAGED flows (back/forward)
ES,2010-03-01,694436,61305,2010,3,2020-01-01,novo_caged_jan2020_anchor + stitched CAGED flows (back/forward)
ES,2010-04-01,703694,62414,2010,4,2020-01-01,novo_caged_jan2020_anchor + stitched CAGED flows (back/forward)
ES,2010-05-01,711448,62718,2010,5,2020-01-01,novo_caged_jan2020_anchor + stitched CAGED flows (back/forward)
ES,2010-06-01,709799,63382,2010,6,2020-01-01,novo_caged_jan2020_anchor + stitched CAGED flows (back/forward)
ES,2010-07-01,710767,64208,2010,7,2020-01-01,novo_caged_jan2020_anchor + stitched CAGED flows (back/forward)
ES,2010-08-01,715187,65336,2010,8,2020-01-01,novo_caged_jan2020_anchor + stitched CAGED flows (back/forward)
ES,2010-09-01,717747,65355,2010,9,2020-01-01,novo_caged_jan2020_anchor + stitched CAGED flows (back/forward)
ES,2010-10-01,720877,65355,2010,10,2020-01-01,novo_caged_jan2020_anchor + stitched CAGED flows (back/forward)
ES,2010-11-01,723934,65115,2010,11,2020-01-01,novo_caged_jan2020_anchor + stitched CAGED flows (back/forward)
ES,2010-12-01,716283,62925,2010,12,2020-01-01,novo_caged_jan2020_anchor + stitched CAGED flows (back/forward)
ES,2011-01-01,718059,63729,2011,1,2020-01-01,novo_caged_jan2020_anchor + stitched CAGED flows (back/forward)
ES,2011-02-01,721805,64070,2011,2,2020-01-01,novo_caged_jan2020_anchor + stitched CAGED flows (back/forward)
ES,2011-03-01,721601,63738,2011,3,2020-01-01,novo_caged_jan2020_anchor + stitched CAGED flows (back/forward)
ES,2011-04-01,730415,65166,2011,4,2020-01-01,novo_caged_jan2020_anchor + stitched CAGED flows (back/forward)
ES,2011-05-01,742934,66152,2011,5,2020-01-01,novo_caged_jan2020_anchor + stitched CAGED flows (back/forward)
ES,2011-06-01,741241,66391,2011,6,2020-01-01,novo_caged_jan2020_anchor + stitched CAGED flows (back/forward)
ES,2011-07-01,742259,66568,2011,7,2020-01-01,novo_caged_jan2020_anchor + stitched CAGED flows (back/forward)
ES,2011-08-01,745057,67980,2011,8,2020-01-01,novo_caged_jan2020_anchor + stitched CAGED flows (back/forward)
ES,2011-09-01,748511,67951,2011,9,2020-01-01,novo_caged_jan2020_anchor + stitched CAGED flows (back/forward)
ES,2011-10-01,752765,67714,2011,10,2020-01-01,novo_caged_jan2020_anchor + stitched CAGED flows (back/forward)
ES,2011-11-01,754479,67071,2011,11,2020-01-01,novo_caged_jan2020_anchor + stitched CAGED flows (back/forward)
ES,2011-12-01,750231,65698,2011,12,2020-01-01,novo_caged_jan2020_anchor + stitched CAGED flows (back/forward)
ES,2012-01-01,751719,66726,2012,1,2020-01-01,novo_caged_jan2020_anchor + stitched CAGED flows (back/forward)
ES,2012-02-01,752129,66936,2012,2,2020-01-01,novo_caged_jan2020_anchor + stitched CAGED flows (back/forward)
ES,2012-03-01,756249,68642,2012,3,2020-01-01,novo_caged_jan2020_anchor + stitched CAGED flows (back/forward)
ES,2012-04-01,766088,70139,2012,4,2020-01-01,novo_caged_jan2020_anchor + stitched CAGED flows (back/forward)
ES,2012-05-01,770626,69445,2012,5,2020-01-01,novo_caged_jan2020_anchor + stitched CAGED flows (back/forward)
ES,2012-06-01,765220,70307,2012,6,2020-01-01,novo_caged_jan2020_anchor + stitched CAGED flows (back/forward)
ES,2012-07-01,767821,71121,2012,7,2020-01-01,novo_caged_jan2020_anchor + stitched CAGED flows (back/forward)
ES,2012-08-01,767320,70825,2012,8,2020-01-01,novo_caged_jan2020_anchor + stitched CAGED flows (back/forward)
ES,2012-09-01,770047,70728,2012,9,2020-01-01,novo_caged_jan2020_anchor + stitched CAGED flows (back/forward)
ES,2012-10-01,772456,70728,2012,10,2020-01-01,novo_caged_jan2020_anchor + stitched CAGED flows (back/forward)
ES,2012-11-01,774401,69883,2012,11,2020-01-01,novo_caged_jan2020_anchor + stitched CAGED flows (back/forward)
ES,2012-12-01,768695,67618,2012,12,2020-01-01,novo_caged_jan2020_anchor + stitched CAGED flows (back/forward)
ES,2013-01-01,767326,67618,2013,1,2020-01-01,novo_caged_jan2020_anchor + stitched CAGED flows (back/forward)
ES,2013-02-01,767118,67111,2013,2,2020-01-01,novo_caged_jan2020_anchor + stitched CAGED flows (back/forward)
ES,2013-03-01,769298,66551,2013,3,2020-01-01,novo_caged_jan2020_anchor + stitched CAGED flows (back/forward)
ES,2013-04-01,777758,66354,2013,4,2020-01-01,novo_caged_jan2020_anchor + stitched CAGED flows (back/forward)
ES,2013-05-01,779263,65610,2013,5,2020-01-01,novo_caged_jan2020_anchor + stitched CAGED flows (back/forward)
ES,2013-06-01,778298,65979,2013,6,2020-01-01,novo_caged_jan2020_anchor + stitched CAGED flows (back/forward)
ES,2013-07-01,776364,66095,2013,7,2020-01-01,novo_caged_jan2020_anchor + stitched CAGED flows (back/forward)
ES,2013-08-01,779600,67179,2013,8,2020-01-01,novo_caged_jan2020_anchor + stitched CAGED flows (back/forward)
ES,2013-09-01,784359,67659,2013,9,2020-01-01,novo_caged_jan2020_anchor + stitched CAGED flows (back/forward)
ES,2013-10-01,786904,67380,2013,10,2020-01-01,novo_caged_jan2020_anchor + stitched CAGED flows (back/forward)
ES,2013-11-01,788620,66720,2013,11,2020-01-01,novo_caged_jan2020_anchor + stitched CAGED flows (back/forward)
ES,2013-12-01,782838,64967,2013,12,2020-01-01,novo_caged_jan2020_anchor + stitched CAGED flows (back/forward)
ES,2014-01-01,781916,66021,2014,1,2020-01-01,novo_caged_jan2020_anchor + stitched CAGED flows (back/forward)
ES,2014-02-01,786082,66295,2014,2,2020-01-01,novo_caged_jan2020_anchor + stitched CAGED flows (back/forward)
ES,2014-03-01,785827,66490,2014,3,2020-01-01,novo_caged_jan2020_anchor + stitched CAGED flows (back/forward)
ES,2014-04-01,790659,65687,2014,4,2020-01-01,novo_caged_jan2020_anchor + stitched CAGED flows (back/forward)
ES,2014-05-01,796749,65089,2014,5,2020-01-01,novo_caged_jan2020_anchor + stitched CAGED flows (back/forward)
ES,2014-06-01,792652,64988,2014,6,2020-01-01,novo_caged_jan2020_anchor + stitched CAGED flows (back/forward)
ES,2014-07-01,792171,64505,2014,7,2020-01-01,novo_caged_jan2020_anchor + stitched CAGED flows (back/forward)
ES,2014-08-01,793750,64542,2014,8,2020-01-01,novo_caged_jan2020_anchor + stitched CAGED flows (back/forward)
ES,2014-09-01,797823,64878,2014,9,2020-01-01,novo_caged_jan2020_anchor + stitched CAGED flows (back/forward)
ES,2014-10-01,798147,63702,2014,10,2020-01-01,novo_caged_jan2020_anchor + stitched CAGED flows (back/forward)
ES,2014-11-01,799417,62731,2014,11,2020-01-01,novo_caged_jan2020_anchor + stitched CAGED flows (back/forward)
ES,2014-12-01,790614,62731,2014,12,2020-01-01,novo_caged_jan2020_anchor + stitched CAGED flows (back/forward)
ES,2015-01-01,789493,62731,2015,1,2020-01-01,novo_caged_jan2020_anchor + stitched CAGED flows (back/forward)
ES,2015-02-01,786432,60987,2015,2,2020-01-01,novo_caged_jan2020_anchor + stitched CAGED flows (back/forward)
ES,2015-03-01,784948,60987,2015,3,2020-01-01,novo_caged_jan2020_anchor + stitched CAGED flows (back/forward)
ES,2015-04-01,783675,60535,2015,4,2020-01-01,novo_caged_jan2020_anchor + stitched CAGED flows (back/forward)
ES,2015-05-01,781574,58588,2015,5,2020-01-01,novo_caged_jan2020_anchor + stitched CAGED flows (back/forward)
ES,2015-06-01,774439,57789,2015,6,2020-01-01,novo_caged_jan2020_anchor + stitched CAGED flows (back/forward)
ES,2015-07-01,768773,57789,2015,7,2020-01-01,novo_caged_jan2020_anchor + stitched CAGED flows (back/forward)
ES,2015-08-01,764270,56986,2015,8,2020-01-01,novo_caged_jan2020_anchor + stitched CAGED flows (back/forward)
ES,2015-09-01,761868,56536,2015,9,2020-01-01,novo_caged_jan2020_anchor + stitched CAGED flows (back/forward)
ES,2015-10-01,758497,55828,2015,10,2020-01-01,novo_caged_jan2020_anchor + stitched CAGED flows (back/forward)
ES,2015-11-01,755071,55828,2015,11,2020-01-01,novo_caged_jan2020_anchor + stitched CAGED flows (back/forward)
ES,2015-12-01,744223,53297,2015,12,2020-01-01,novo_caged_jan2020_anchor + stitched CAGED flows (back/forward)
ES,2016-01-01,741290,53207,2016,1,2020-01-01,novo_caged_jan2020_anchor + stitched CAGED flows (back/forward)
ES,2016-02-01,737125,52270,2016,2,2020-01-01,novo_caged_jan2020_anchor + stitched CAGED flows (back/forward)
ES,2016-03-01,733457,52133,2016,3,2020-01-01,novo_caged_jan2020_anchor + stitched CAGED flows (back/forward)
ES,2016-04-01,733923,52286,2016,4,2020-01-01,novo_caged_jan2020_anchor + stitched CAGED flows (back/forward)
ES,2016-05-01,735149,52206,2016,5,2020-01-01,novo_caged_jan2020_anchor + stitched CAGED flows (back/forward)
ES,2016-06-01,728721,51727,2016,6,2020-01-01,novo_caged_jan2020_anchor + stitched CAGED flows (back/forward)
ES,2016-07-01,724348,51171,2016,7,2020-01-01,novo_caged_jan2020_anchor + stitched CAGED flows (back/forward)
ES,2016-08-01,719486,50503,2016,8,2020-01-01,novo_caged_jan2020_anchor + stitched CAGED flows (back/forward)
ES,2016-09-01,717577,49888,2016,9,2020-01-01,novo_caged_jan2020_anchor + stitched CAGED flows (back/forward)
ES,2016-10-01,715750,49330,2016,10,2020-01-01,novo_caged_jan2020_anchor + stitched CAGED flows (back/forward)
ES,2016-11-01,713538,48135,2016,11,2020-01-01,novo_caged_jan2020_anchor + stitched CAGED flows (back/forward)
ES,2016-12-01,706088,46444,2016,12,2020-01-01,novo_caged_jan2020_anchor + stitched CAGED flows (back/forward)
ES,2017-01-01,706814,46563,2017,1,2020-01-01,novo_caged_jan2020_anchor + stitched CAGED flows (back/forward)
ES,2017-02-01,704737,45561,2017,2,2020-01-01,novo_caged_jan2020_anchor + stitched CAGED flows (back/forward)
ES,2017-03-01,703943,46233,2017,3,2020-01-01,novo_caged_jan2020_anchor + stitched CAGED flows (back/forward)
ES,2017-04-01,707491,46601,2017,4,2020-01-01,novo_caged_jan2020_anchor + stitched CAGED flows (back/forward)
ES,2017-05-01,711608,46770,2017,5,2020-01-01,novo_caged_jan2020_anchor + stitched CAGED flows (back/forward)
ES,2017-06-01,710142,46789,2017,6,2020-01-01,novo_caged_jan2020_anchor + stitched CAGED flows (back/forward)
ES,2017-07-01,708301,46487,2017,7,2020-01-01,novo_caged_jan2020_anchor + stitched CAGED flows (back/forward)
ES,2017-08-01,705454,46785,2017,8,2020-01-01,novo_caged_jan2020_anchor + stitched CAGED flows (back/forward)
ES,2017-09-01,705778,46714,2017,9,2020-01-01,novo_caged_jan2020_anchor + stitched CAGED flows (back/forward)
ES,2017-10-01,707333,46869,2017,10,2020-01-01,novo_caged_jan2020_anchor + stitched CAGED flows (back/forward)
ES,2017-11-01,707522,46889,2017,11,2020-01-01,novo_caged_jan2020_anchor + stitched CAGED flows (back/forward)
ES,2017-12-01,701541,46889,2017,12,2020-01-01,novo_caged_jan2020_anchor + stitched CAGED flows (back/forward)
ES,2018-01-01,704681,47745,2018,1,2020-01-01,novo_caged_jan2020_anchor + stitched CAGED flows (back/forward)
ES,2018-02-01,705128,47821,2018,2,2020-01-01,novo_caged_jan2020_anchor + stitched CAGED flows (back/forward)
ES,2018-03-01,706908,48597,2018,3,2020-01-01,novo_caged_jan2020_anchor + stitched CAGED flows (back/forward)
ES,2018-04-01,709673,48860,2018,4,2020-01-01,novo_caged_jan2020_anchor + stitched CAGED flows (back/forward)
ES,2018-05-01,714674,48943,2018,5,2020-01-01,novo_caged_jan2020_anchor + stitched CAGED flows (back/forward)
ES,2018-06-01,713112,48675,2018,6,2020-01-01,novo_caged_jan2020_anchor + stitched CAGED flows (back/forward)
ES,2018-07-01,712471,49082,2018,7,2020-01-01,novo_caged_jan2020_anchor + stitched CAGED flows (back/forward)
ES,2018-08-01,712083,50008,2018,8,2020-01-01,novo_caged_jan2020_anchor + stitched CAGED flows (back/forward)
ES,2018-09-01,715424,50943,2018,9,2020-01-01,novo_caged_jan2020_anchor + stitched CAGED flows (back/forward)
ES,2018-10-01,716336,51128,2018,10,2020-01-01,novo_caged_jan2020_anchor + stitched CAGED flows (back/forward)
ES,2018-11-01,719584,51151,2018,11,2020-01-01,novo_caged_jan2020_anchor + stitched CAGED flows (back/forward)
ES,2018-12-01,715549,50026,2018,12,2020-01-01,novo_caged_jan2020_anchor + stitched CAGED flows (back/forward)
ES,2019-01-01,718157,50026,2019,1,2020-01-01,novo_caged_jan2020_anchor + stitched CAGED flows (back/forward)
ES,2019-02-01,721698,49767,2019,2,2020-01-01,novo_caged_jan2020_anchor + stitched CAGED flows (back/forward)
ES,2019-03-01,720855,49767,2019,3,2020-01-01,novo_caged_jan2020_anchor + stitched CAGED flows (back/forward)
ES,2019-04-01,723736,49991,2019,4,2020-01-01,novo_caged_jan2020_anchor + stitched CAGED flows (back/forward)
ES,2019-05-01,733120,50382,2019,5,2020-01-01,novo_caged_jan2020_anchor + stitched CAGED flows (back/forward)
ES,2019-06-01,731968,50670,2019,6,2020-01-01,novo_caged_jan2020_anchor + stitched CAGED flows (back/forward)
ES,2019-07-01,727851,51125,2019,7,2020-01-01,novo_caged_jan2020_anchor + stitched CAGED flows (back/forward)
ES,2019-08-01,728230,51241,2019,8,2020-01-01,novo_caged_jan2020_anchor + stitched CAGED flows (back/forward)
ES,2019-09-01,731159,51772,2019,9,2020-01-01,novo_caged_jan2020_anchor + stitched CAGED flows (back/forward)
ES,2019-10-01,733072,51434,2019,10,2020-01-01,novo_caged_jan2020_anchor + stitched CAGED flows (back/forward)
ES,2019-11-01,735688,51188,2019,11,2020-01-01,novo_caged_jan2020_anchor + stitched CAGED flows (back/forward)
ES,2019-12-01,731842,50269,2019,12,2020-01-01,novo_caged_jan2020_anchor + stitched CAGED flows (back/forward)
ES,2020-01-01,732198,50935,2020,1,2020-01-01,novo_caged_jan2020_anchor + stitched CAGED flows (back/forward)
ES,2020-02-01,735797,51679,2020,2,2020-01-01,novo_caged_jan2020_anchor + stitched CAGED flows (back/forward)
ES,2020-03-01,730925,51902,2020,3,2020-01-01,novo_caged_jan2020_anchor + stitched CAGED flows (back/forward)
ES,2020-04-01,711164,50445,2020,4,2020-01-01,novo_caged_jan2020_anchor + stitched CAGED flows (back/forward)
ES,2020-05-01,703199,49943,2020,5,2020-01-01,novo_caged_jan2020_anchor + stitched CAGED flows (back/forward)
ES,2020-06-01,702408,50409,2020,6,2020-01-01,novo_caged_jan2020_anchor + stitched CAGED flows (back/forward)
ES,2020-07-01,704244,51540,2020,7,2020-01-01,novo_caged_jan2020_anchor + stitched CAGED flows (back/forward)
ES,2020-08-01,710133,53127,2020,8,2020-01-01,novo_caged_jan2020_anchor + stitched CAGED flows (back/forward)
ES,2020-09-01,716746,54638,2020,9,2020-01-01,novo_caged_jan2020_anchor + stitched CAGED flows (back/forward)
ES,2020-10-01,725780,56021,2020,10,2020-01-01,novo_caged_jan2020_anchor + stitched CAGED flows (back/forward)
ES,2020-11-01,736431,56529,2020,11,2020-01-01,novo_caged_jan2020_anchor + stitched CAGED flows (back/forward)
ES,2020-12-01,733709,55107,2020,12,2020-01-01,novo_caged_jan2020_anchor + stitched CAGED flows (back/forward)
ES,2021-01-01,738417,55386,2021,1,2020-01-01,novo_caged_jan2020_anchor + stitched CAGED flows (back/forward)
ES,2021-02-01,745656,56006,2021,2,2020-01-01,novo_caged_jan2020_anchor + stitched CAGED flows (back/forward)
ES,2021-03-01,749961,56612,2021,3,2020-01-01,novo_caged_jan2020_anchor + stitched CAGED flows (back/forward)
ES,2021-04-01,751752,56775,2021,4,2020-01-01,novo_caged_jan2020_anchor + stitched CAGED flows (back/forward)
ES,2021-05-01,762320,57216,2021,5,2020-01-01,novo_caged_jan2020_anchor + stitched CAGED flows (back/forward)
ES,2021-06-01,767630,57763,2021,6,2020-01-01,novo_caged_jan2020_anchor + stitched CAGED flows (back/forward)
ES,2021-07-01,770188,58157,2021,7,2020-01-01,novo_caged_jan2020_anchor + stitched CAGED flows (back/forward)
ES,2021-08-01,775932,59172,2021,8,2020-01-01,novo_caged_jan2020_anchor + stitched CAGED flows (back/forward)
ES,2021-09-01,781987,60138,2021,9,2020-01-01,novo_caged_jan2020_anchor + stitched CAGED flows (back/forward)
ES,2021-10-01,785495,60210,2021,10,2020-01-01,novo_caged_jan2020_anchor + stitched CAGED flows (back/forward)
ES,2021-11-01,793740,60599,2021,11,2020-01-01,novo_caged_jan2020_anchor + stitched CAGED flows (back/forward)
ES,2021-12-01,788073,59739,2021,12,2020-01-01,novo_caged_jan2020_anchor + stitched CAGED flows (back/forward)
ES,2022-01-01,791830,61341,2022,1,2020-01-01,novo_caged_jan2020_anchor + stitched CAGED flows (back/forward)
ES,2022-02-01,798828,62225,2022,2,2020-01-01,novo_caged_jan2020_anchor + stitched CAGED flows (back/forward)
ES,2022-03-01,800814,62736,2022,3,2020-01-01,novo_caged_jan2020_anchor + stitched CAGED flows (back/forward)
ES,2022-04-01,806285,62720,2022,4,2020-01-01,novo_caged_jan2020_anchor + stitched CAGED flows (back/forward)
ES,2022-05-01,818293,63181,2022,5,2020-01-01,novo_caged_jan2020_anchor + stitched CAGED flows (back/forward)
ES,2022-06-01,820673,63397,2022,6,2020-01-01,novo_caged_jan2020_anchor + stitched CAGED flows (back/forward)
ES,2022-07-01,820079,63880,2022,7,2020-01-01,novo_caged_jan2020_anchor + stitched CAGED flows (back/forward)
ES,2022-08-01,824548,64458,2022,8,2020-01-01,novo_caged_jan2020_anchor + stitched CAGED flows (back/forward)
ES,2022-09-01,832151,66197,2022,9,2020-01-01,novo_caged_jan2020_anchor + stitched CAGED flows (back/forward)
ES,2022-10-01,835302,66298,2022,10,2020-01-01,novo_caged_jan2020_anchor + stitched CAGED flows (back/forward)
ES,2022-11-01,838807,66270,2022,11,2020-01-01,novo_caged_jan2020_anchor + stitched CAGED flows (back/forward)
ES,2022-12-01,831499,64763,2022,12,2020-01-01,novo_caged_jan2020_anchor + stitched CAGED flows (back/forward)
ES,2023-01-01,833202,65957,2023,1,2020-01-01,novo_caged_jan2020_anchor + stitched CAGED flows (back/forward)
ES,2023-02-01,836858,66656,2023,2,2020-01-01,novo_caged_jan2020_anchor + stitched CAGED flows (back/forward)
ES,2023-03-01,841380,67935,2023,3,2020-01-01,novo_caged_jan2020_anchor + stitched CAGED flows (back/forward)
ES,2023-04-01,847128,68900,2023,4,2020-01-01,novo_caged_jan2020_anchor + stitched CAGED flows (back/forward)
ES,2023-05-01,860722,69708,2023,5,2020-01-01,novo_caged_jan2020_anchor + stitched CAGED flows (back/forward)
ES,2023-06-01,861305,70483,2023,6,2020-01-01,novo_caged_jan2020_anchor + stitched CAGED flows (back/forward)
ES,2023-07-01,863134,71783,2023,7,2020-01-01,novo_caged_jan2020_anchor + stitched CAGED flows (back/forward)
ES,2023-08-01,863404,72099,2023,8,2020-01-01,novo_caged_jan2020_anchor + stitched CAGED flows (back/forward)
ES,2023-09-01,867646,72572,2023,9,2020-01-01,novo_caged_jan2020_anchor + stitched CAGED flows (back/forward)
ES,2023-10-01,870982,72743,2023,10,2020-01-01,novo_caged_jan2020_anchor + stitched CAGED flows (back/forward)
ES,2023-11-01,872695,71764,2023,11,2020-01-01,novo_caged_jan2020_anchor + stitched CAGED flows (back/forward)
ES,2023-12-01,865908,70277,2023,12,2020-01-01,novo_caged_jan2020_anchor + stitched CAGED flows (back/forward)
ES,2024-01-01,869305,71411,2024,1,2020-01-01,novo_caged_jan2020_anchor + stitched CAGED flows (back/forward)
ES,2024-02-01,874080,72149,2024,2,2020-01-01,novo_caged_jan2020_anchor + stitched CAGED flows (back/forward)
ES,2024-03-01,880293,73739,2024,3,2020-01-01,novo_caged_jan2020_anchor + stitched CAGED flows (back/forward)
ES,2024-04-01,888511,74498,2024,4,2020-01-01,novo_caged_jan2020_anchor + stitched CAGED flows (back/forward)
ES,2024-05-01,896157,74185,2024,5,2020-01-01,novo_caged_jan2020_anchor + stitched CAGED flows (back/forward)
ES,2024-06-01,896340,74560,2024,6,2020-01-01,novo_caged_jan2020_anchor + stitched CAGED flows (back/forward)
ES,2024-07-01,895432,75597,2024,7,2020-01-01,novo_caged_jan2020_anchor + stitched CAGED flows (back/forward)
ES,2024-08-01,898011,75399,2024,8,2020-01-01,novo_caged_jan2020_anchor + stitched CAGED flows (back/forward)
ES,2024-09-01,903674,76236,2024,9,2020-01-01,novo_caged_jan2020_anchor + stitched CAGED flows (back/forward)
ES,2024-10-01,908018,76161,2024,10,2020-01-01,novo_caged_jan2020_anchor + stitched CAGED flows (back/forward)
ES,2024-11-01,908172,75011,2024,11,2020-01-01,novo_caged_jan2020_anchor + stitched CAGED flows (back/forward)
ES,2024-12-01,900949,73262,2024,12,2020-01-01,novo_caged_jan2020_anchor + stitched CAGED flows (back/forward)
ES,2025-01-01,901678,73881,2025,1,2020-01-01,novo_caged_jan2020_anchor + stitched CAGED flows (back/forward)
ES,2025-02-01,907516,74342,2025,2,2020-01-01,novo_caged_jan2020_anchor + stitched CAGED flows (back/forward)
ES,2025-03-01,909391,74972,2025,3,2020-01-01,novo_caged_jan2020_anchor + stitched CAGED flows (back/forward)
ES,2025-04-01,917713,75206,2025,4,2020-01-01,novo_caged_jan2020_anchor + stitched CAGED flows (back/forward)
ES,2025-05-01,925012,74653,2025,5,2020-01-01,novo_caged_jan2020_anchor + stitched CAGED flows (back/forward)
ES,2025-06-01,921563,75007,2025,6,2020-01-01,novo_caged_jan2020_anchor + stitched CAGED flows (back/forward)
ES,2025-07-01,919300,74864,2025,7,2020-01-01,novo_caged_jan2020_anchor + stitched CAGED flows (back/forward)
ES,2025-08-01,920198,74965,2025,8,2020-01-01,novo_caged_jan2020_anchor + stitched CAGED flows (back/forward)
ES,2025-09-01,923982,75522,2025,9,2020-01-01,novo_caged_jan2020_anchor + stitched CAGED flows (back/forward)
ES,2025-10-01,923784,74703,2025,10,2020-01-01,novo_caged_jan2020_anchor + stitched CAGED flows (back/forward)
ES,2025-11-01,924751,74204,2025,11,2020-01-01,novo_caged_jan2020_anchor + stitched CAGED flows (back/forward)
ES,2025-12-01,914557,72504,2025,12,2020-01-01,novo_caged_jan2020_anchor + stitched CAGED flows (back/forward)
ES,2026-01-01,916898,74061,2026,1,2020-01-01,novo_caged_jan2020_anchor + stitched CAGED flows (back/forward)
ES,2026-02-01,919979,73894,2026,2,2020-01-01,novo_caged_jan2020_anchor + stitched CAGED flows (back/forward)
ES,2026-03-01,927371,75232,2026,3,2020-01-01,novo_caged_jan2020_anchor + stitched CAGED flows (back/forward)
GO,2007-01-01,894192,50471,2007,1,2020-01-01,novo_caged_jan2020_anchor + stitched CAGED flows (back/forward)
GO,2007-02-01,902207,50575,2007,2,2020-01-01,novo_caged_jan2020_anchor + stitched CAGED flows (back/forward)
GO,2007-03-01,909304,51083,2007,3,2020-01-01,novo_caged_jan2020_anchor + stitched CAGED flows (back/forward)
GO,2007-04-01,916633,51364,2007,4,2020-01-01,novo_caged_jan2020_anchor + stitched CAGED flows (back/forward)
GO,2007-05-01,925250,51920,2007,5,2020-01-01,novo_caged_jan2020_anchor + stitched CAGED flows (back/forward)
GO,2007-06-01,932486,52291,2007,6,2020-01-01,novo_caged_jan2020_anchor + stitched CAGED flows (back/forward)
GO,2007-07-01,935274,52720,2007,7,2020-01-01,novo_caged_jan2020_anchor + stitched CAGED flows (back/forward)
GO,2007-08-01,940038,53119,2007,8,2020-01-01,novo_caged_jan2020_anchor + stitched CAGED flows (back/forward)
GO,2007-09-01,944164,53457,2007,9,2020-01-01,novo_caged_jan2020_anchor + stitched CAGED flows (back/forward)
GO,2007-10-01,946137,53850,2007,10,2020-01-01,novo_caged_jan2020_anchor + stitched CAGED flows (back/forward)
GO,2007-11-01,939843,53883,2007,11,2020-01-01,novo_caged_jan2020_anchor + stitched CAGED flows (back/forward)
GO,2007-12-01,925053,53361,2007,12,2020-01-01,novo_caged_jan2020_anchor + stitched CAGED flows (back/forward)
GO,2008-01-01,936210,55262,2008,1,2020-01-01,novo_caged_jan2020_anchor + stitched CAGED flows (back/forward)
GO,2008-02-01,947887,56133,2008,2,2020-01-01,novo_caged_jan2020_anchor + stitched CAGED flows (back/forward)
GO,2008-03-01,956819,56963,2008,3,2020-01-01,novo_caged_jan2020_anchor + stitched CAGED flows (back/forward)
GO,2008-04-01,971562,59462,2008,4,2020-01-01,novo_caged_jan2020_anchor + stitched CAGED flows (back/forward)
GO,2008-05-01,978044,59462,2008,5,2020-01-01,novo_caged_jan2020_anchor + stitched CAGED flows (back/forward)
GO,2008-06-01,989923,62297,2008,6,2020-01-01,novo_caged_jan2020_anchor + stitched CAGED flows (back/forward)
GO,2008-07-01,994745,64597,2008,7,2020-01-01,novo_caged_jan2020_anchor + stitched CAGED flows (back/forward)
GO,2008-08-01,1001707,64597,2008,8,2020-01-01,novo_caged_jan2020_anchor + stitched CAGED flows (back/forward)
GO,2008-09-01,1007790,66121,2008,9,2020-01-01,novo_caged_jan2020_anchor + stitched CAGED flows (back/forward)
GO,2008-10-01,1005452,66673,2008,10,2020-01-01,novo_caged_jan2020_anchor + stitched CAGED flows (back/forward)
GO,2008-11-01,999214,64507,2008,11,2020-01-01,novo_caged_jan2020_anchor + stitched CAGED flows (back/forward)
GO,2008-12-01,972400,58059,2008,12,2020-01-01,novo_caged_jan2020_anchor + stitched CAGED flows (back/forward)
GO,2009-01-01,974235,58717,2009,1,2020-01-01,novo_caged_jan2020_anchor + stitched CAGED flows (back/forward)
GO,2009-02-01,982293,59263,2009,2,2020-01-01,novo_caged_jan2020_anchor + stitched CAGED flows (back/forward)
GO,2009-03-01,990207,60475,2009,3,2020-01-01,novo_caged_jan2020_anchor + stitched CAGED flows (back/forward)
GO,2009-04-01,1004869,62915,2009,4,2020-01-01,novo_caged_jan2020_anchor + stitched CAGED flows (back/forward)
GO,2009-05-01,1009972,63368,2009,5,2020-01-01,novo_caged_jan2020_anchor + stitched CAGED flows (back/forward)
GO,2009-06-01,1017320,63368,2009,6,2020-01-01,novo_caged_jan2020_anchor + stitched CAGED flows (back/forward)
GO,2009-07-01,1021827,64735,2009,7,2020-01-01,novo_caged_jan2020_anchor + stitched CAGED flows (back/forward)
GO,2009-08-01,1028381,64735,2009,8,2020-01-01,novo_caged_jan2020_anchor + stitched CAGED flows (back/forward)
GO,2009-09-01,1033631,64883,2009,9,2020-01-01,novo_caged_jan2020_anchor + stitched CAGED flows (back/forward)
GO,2009-10-01,1036303,64883,2009,10,2020-01-01,novo_caged_jan2020_anchor + stitched CAGED flows (back/forward)
GO,2009-11-01,1034258,64883,2009,11,2020-01-01,novo_caged_jan2020_anchor + stitched CAGED flows (back/forward)
GO,2009-12-01,1006804,61132,2009,12,2020-01-01,novo_caged_jan2020_anchor + stitched CAGED flows (back/forward)
GO,2010-01-01,1016980,63564,2010,1,2020-01-01,novo_caged_jan2020_anchor + stitched CAGED flows (back/forward)
GO,2010-02-01,1027707,65355,2010,2,2020-01-01,novo_caged_jan2020_anchor + stitched CAGED flows (back/forward)
GO,2010-03-01,1041461,67068,2010,3,2020-01-01,novo_caged_jan2020_anchor + stitched CAGED flows (back/forward)
GO,2010-04-01,1058632,69174,2010,4,2020-01-01,novo_caged_jan2020_anchor + stitched CAGED flows (back/forward)
GO,2010-05-01,1068886,71373,2010,5,2020-01-01,novo_caged_jan2020_anchor + stitched CAGED flows (back/forward)
GO,2010-06-01,1076959,73788,2010,6,2020-01-01,novo_caged_jan2020_anchor + stitched CAGED flows (back/forward)
GO,2010-07-01,1083417,75620,2010,7,2020-01-01,novo_caged_jan2020_anchor + stitched CAGED flows (back/forward)
GO,2010-08-01,1090222,76594,2010,8,2020-01-01,novo_caged_jan2020_anchor + stitched CAGED flows (back/forward)
GO,2010-09-01,1089713,76686,2010,9,2020-01-01,novo_caged_jan2020_anchor + stitched CAGED flows (back/forward)
GO,2010-10-01,1087562,77031,2010,10,2020-01-01,novo_caged_jan2020_anchor + stitched CAGED flows (back/forward)
GO,2010-11-01,1086075,74317,2010,11,2020-01-01,novo_caged_jan2020_anchor + stitched CAGED flows (back/forward)
GO,2010-12-01,1065861,74317,2010,12,2020-01-01,novo_caged_jan2020_anchor + stitched CAGED flows (back/forward)
GO,2011-01-01,1078886,76090,2011,1,2020-01-01,novo_caged_jan2020_anchor + stitched CAGED flows (back/forward)
GO,2011-02-01,1092111,77512,2011,2,2020-01-01,novo_caged_jan2020_anchor + stitched CAGED flows (back/forward)
GO,2011-03-01,1100510,77512,2011,3,2020-01-01,novo_caged_jan2020_anchor + stitched CAGED flows (back/forward)
GO,2011-04-01,1112680,79827,2011,4,2020-01-01,novo_caged_jan2020_anchor + stitched CAGED flows (back/forward)
GO,2011-05-01,1124898,81749,2011,5,2020-01-01,novo_caged_jan2020_anchor + stitched CAGED flows (back/forward)
GO,2011-06-01,1133309,84575,2011,6,2020-01-01,novo_caged_jan2020_anchor + stitched CAGED flows (back/forward)
GO,2011-07-01,1139364,86664,2011,7,2020-01-01,novo_caged_jan2020_anchor + stitched CAGED flows (back/forward)
GO,2011-08-01,1146219,86978,2011,8,2020-01-01,novo_caged_jan2020_anchor + stitched CAGED flows (back/forward)
GO,2011-09-01,1151549,87966,2011,9,2020-01-01,novo_caged_jan2020_anchor + stitched CAGED flows (back/forward)
GO,2011-10-01,1146888,87421,2011,10,2020-01-01,novo_caged_jan2020_anchor + stitched CAGED flows (back/forward)
GO,2011-11-01,1136422,83893,2011,11,2020-01-01,novo_caged_jan2020_anchor + stitched CAGED flows (back/forward)
GO,2011-12-01,1115246,77317,2011,12,2020-01-01,novo_caged_jan2020_anchor + stitched CAGED flows (back/forward)
GO,2012-01-01,1123322,79172,2012,1,2020-01-01,novo_caged_jan2020_anchor + stitched CAGED flows (back/forward)
GO,2012-02-01,1133662,80135,2012,2,2020-01-01,novo_caged_jan2020_anchor + stitched CAGED flows (back/forward)
GO,2012-03-01,1146377,83014,2012,3,2020-01-01,novo_caged_jan2020_anchor + stitched CAGED flows (back/forward)
GO,2012-04-01,1163523,87544,2012,4,2020-01-01,novo_caged_jan2020_anchor + stitched CAGED flows (back/forward)
GO,2012-05-01,1171536,88614,2012,5,2020-01-01,novo_caged_jan2020_anchor + stitched CAGED flows (back/forward)
GO,2012-06-01,1176797,88614,2012,6,2020-01-01,novo_caged_jan2020_anchor + stitched CAGED flows (back/forward)
GO,2012-07-01,1180789,88876,2012,7,2020-01-01,novo_caged_jan2020_anchor + stitched CAGED flows (back/forward)
GO,2012-08-01,1184793,88876,2012,8,2020-01-01,novo_caged_jan2020_anchor + stitched CAGED flows (back/forward)
GO,2012-09-01,1186400,88110,2012,9,2020-01-01,novo_caged_jan2020_anchor + stitched CAGED flows (back/forward)
GO,2012-10-01,1184729,88110,2012,10,2020-01-01,novo_caged_jan2020_anchor + stitched CAGED flows (back/forward)
GO,2012-11-01,1176080,85306,2012,11,2020-01-01,novo_caged_jan2020_anchor + stitched CAGED flows (back/forward)
GO,2012-12-01,1154680,79595,2012,12,2020-01-01,novo_caged_jan2020_anchor + stitched CAGED flows (back/forward)
GO,2013-01-01,1160687,79595,2013,1,2020-01-01,novo_caged_jan2020_anchor + stitched CAGED flows (back/forward)
GO,2013-02-01,1172362,80285,2013,2,2020-01-01,novo_caged_jan2020_anchor + stitched CAGED flows (back/forward)
GO,2013-03-01,1180394,80708,2013,3,2020-01-01,novo_caged_jan2020_anchor + stitched CAGED flows (back/forward)
GO,2013-04-01,1199070,84786,2013,4,2020-01-01,novo_caged_jan2020_anchor + stitched CAGED flows (back/forward)
GO,2013-05-01,1203578,85830,2013,5,2020-01-01,novo_caged_jan2020_anchor + stitched CAGED flows (back/forward)
GO,2013-06-01,1211448,87479,2013,6,2020-01-01,novo_caged_jan2020_anchor + stitched CAGED flows (back/forward)
GO,2013-07-01,1213471,88142,2013,7,2020-01-01,novo_caged_jan2020_anchor + stitched CAGED flows (back/forward)
GO,2013-08-01,1216146,88014,2013,8,2020-01-01,novo_caged_jan2020_anchor + stitched CAGED flows (back/forward)
GO,2013-09-01,1221306,88898,2013,9,2020-01-01,novo_caged_jan2020_anchor + stitched CAGED flows (back/forward)
GO,2013-10-01,1219306,88898,2013,10,2020-01-01,novo_caged_jan2020_anchor + stitched CAGED flows (back/forward)
GO,2013-11-01,1210909,85178,2013,11,2020-01-01,novo_caged_jan2020_anchor + stitched CAGED flows (back/forward)
GO,2013-12-01,1187733,78953,2013,12,2020-01-01,novo_caged_jan2020_anchor + stitched CAGED flows (back/forward)
GO,2014-01-01,1191829,80574,2014,1,2020-01-01,novo_caged_jan2020_anchor + stitched CAGED flows (back/forward)
GO,2014-02-01,1204383,82103,2014,2,2020-01-01,novo_caged_jan2020_anchor + stitched CAGED flows (back/forward)
GO,2014-03-01,1206481,82103,2014,3,2020-01-01,novo_caged_jan2020_anchor + stitched CAGED flows (back/forward)
GO,2014-04-01,1217081,84901,2014,4,2020-01-01,novo_caged_jan2020_anchor + stitched CAGED flows (back/forward)
GO,2014-05-01,1224654,84901,2014,5,2020-01-01,novo_caged_jan2020_anchor + stitched CAGED flows (back/forward)
GO,2014-06-01,1228176,84834,2014,6,2020-01-01,novo_caged_jan2020_anchor + stitched CAGED flows (back/forward)
GO,2014-07-01,1230958,84935,2014,7,2020-01-01,novo_caged_jan2020_anchor + stitched CAGED flows (back/forward)
GO,2014-08-01,1233926,84911,2014,8,2020-01-01,novo_caged_jan2020_anchor + stitched CAGED flows (back/forward)
GO,2014-09-01,1236062,84911,2014,9,2020-01-01,novo_caged_jan2020_anchor + stitched CAGED flows (back/forward)
GO,2014-10-01,1232382,83267,2014,10,2020-01-01,novo_caged_jan2020_anchor + stitched CAGED flows (back/forward)
GO,2014-11-01,1225854,79223,2014,11,2020-01-01,novo_caged_jan2020_anchor + stitched CAGED flows (back/forward)
GO,2014-12-01,1195316,79223,2014,12,2020-01-01,novo_caged_jan2020_anchor + stitched CAGED flows (back/forward)
GO,2015-01-01,1195079,79223,2015,1,2020-01-01,novo_caged_jan2020_anchor + stitched CAGED flows (back/forward)
GO,2015-02-01,1199538,78828,2015,2,2020-01-01,novo_caged_jan2020_anchor + stitched CAGED flows (back/forward)
GO,2015-03-01,1205714,78828,2015,3,2020-01-01,novo_caged_jan2020_anchor + stitched CAGED flows (back/forward)
GO,2015-04-01,1207999,78646,2015,4,2020-01-01,novo_caged_jan2020_anchor + stitched CAGED flows (back/forward)
GO,2015-05-01,1208332,77058,2015,5,2020-01-01,novo_caged_jan2020_anchor + stitched CAGED flows (back/forward)
GO,2015-06-01,1210195,77999,2015,6,2020-01-01,novo_caged_jan2020_anchor + stitched CAGED flows (back/forward)
GO,2015-07-01,1207287,77999,2015,7,2020-01-01,novo_caged_jan2020_anchor + stitched CAGED flows (back/forward)
GO,2015-08-01,1206428,77082,2015,8,2020-01-01,novo_caged_jan2020_anchor + stitched CAGED flows (back/forward)
GO,2015-09-01,1202020,75958,2015,9,2020-01-01,novo_caged_jan2020_anchor + stitched CAGED flows (back/forward)
GO,2015-10-01,1192154,74188,2015,10,2020-01-01,novo_caged_jan2020_anchor + stitched CAGED flows (back/forward)
GO,2015-11-01,1180249,74188,2015,11,2020-01-01,novo_caged_jan2020_anchor + stitched CAGED flows (back/forward)
GO,2015-12-01,1156670,70145,2015,12,2020-01-01,novo_caged_jan2020_anchor + stitched CAGED flows (back/forward)
GO,2016-01-01,1155052,70133,2016,1,2020-01-01,novo_caged_jan2020_anchor + stitched CAGED flows (back/forward)
GO,2016-02-01,1157379,69803,2016,2,2020-01-01,novo_caged_jan2020_anchor + stitched CAGED flows (back/forward)
GO,2016-03-01,1160710,69803,2016,3,2020-01-01,novo_caged_jan2020_anchor + stitched CAGED flows (back/forward)
GO,2016-04-01,1165880,71858,2016,4,2020-01-01,novo_caged_jan2020_anchor + stitched CAGED flows (back/forward)
GO,2016-05-01,1166033,71858,2016,5,2020-01-01,novo_caged_jan2020_anchor + stitched CAGED flows (back/forward)
GO,2016-06-01,1169402,72356,2016,6,2020-01-01,novo_caged_jan2020_anchor + stitched CAGED flows (back/forward)
GO,2016-07-01,1167870,72669,2016,7,2020-01-01,novo_caged_jan2020_anchor + stitched CAGED flows (back/forward)
GO,2016-08-01,1168826,73362,2016,8,2020-01-01,novo_caged_jan2020_anchor + stitched CAGED flows (back/forward)
GO,2016-09-01,1164334,72710,2016,9,2020-01-01,novo_caged_jan2020_anchor + stitched CAGED flows (back/forward)
GO,2016-10-01,1154019,70684,2016,10,2020-01-01,novo_caged_jan2020_anchor + stitched CAGED flows (back/forward)
GO,2016-11-01,1144896,68262,2016,11,2020-01-01,novo_caged_jan2020_anchor + stitched CAGED flows (back/forward)
GO,2016-12-01,1129625,64334,2016,12,2020-01-01,novo_caged_jan2020_anchor + stitched CAGED flows (back/forward)
GO,2017-01-01,1134392,64613,2017,1,2020-01-01,novo_caged_jan2020_anchor + stitched CAGED flows (back/forward)
GO,2017-02-01,1141241,64264,2017,2,2020-01-01,novo_caged_jan2020_anchor + stitched CAGED flows (back/forward)
GO,2017-03-01,1145545,64325,2017,3,2020-01-01,novo_caged_jan2020_anchor + stitched CAGED flows (back/forward)
GO,2017-04-01,1152715,64325,2017,4,2020-01-01,novo_caged_jan2020_anchor + stitched CAGED flows (back/forward)
GO,2017-05-01,1160159,65217,2017,5,2020-01-01,novo_caged_jan2020_anchor + stitched CAGED flows (back/forward)
GO,2017-06-01,1164954,65217,2017,6,2020-01-01,novo_caged_jan2020_anchor + stitched CAGED flows (back/forward)
GO,2017-07-01,1169699,65877,2017,7,2020-01-01,novo_caged_jan2020_anchor + stitched CAGED flows (back/forward)
GO,2017-08-01,1171533,66630,2017,8,2020-01-01,novo_caged_jan2020_anchor + stitched CAGED flows (back/forward)
GO,2017-09-01,1168040,66768,2017,9,2020-01-01,novo_caged_jan2020_anchor + stitched CAGED flows (back/forward)
GO,2017-10-01,1166369,66100,2017,10,2020-01-01,novo_caged_jan2020_anchor + stitched CAGED flows (back/forward)
GO,2017-11-01,1160206,64291,2017,11,2020-01-01,novo_caged_jan2020_anchor + stitched CAGED flows (back/forward)
GO,2017-12-01,1145861,64291,2017,12,2020-01-01,novo_caged_jan2020_anchor + stitched CAGED flows (back/forward)
GO,2018-01-01,1151593,65970,2018,1,2020-01-01,novo_caged_jan2020_anchor + stitched CAGED flows (back/forward)
GO,2018-02-01,1156730,66185,2018,2,2020-01-01,novo_caged_jan2020_anchor + stitched CAGED flows (back/forward)
GO,2018-03-01,1162042,66480,2018,3,2020-01-01,novo_caged_jan2020_anchor + stitched CAGED flows (back/forward)
GO,2018-04-01,1170833,68154,2018,4,2020-01-01,novo_caged_jan2020_anchor + stitched CAGED flows (back/forward)
GO,2018-05-01,1171944,67159,2018,5,2020-01-01,novo_caged_jan2020_anchor + stitched CAGED flows (back/forward)
GO,2018-06-01,1174117,67709,2018,6,2020-01-01,novo_caged_jan2020_anchor + stitched CAGED flows (back/forward)
GO,2018-07-01,1178235,68409,2018,7,2020-01-01,novo_caged_jan2020_anchor + stitched CAGED flows (back/forward)
GO,2018-08-01,1182956,69128,2018,8,2020-01-01,novo_caged_jan2020_anchor + stitched CAGED flows (back/forward)
GO,2018-09-01,1186221,69625,2018,9,2020-01-01,novo_caged_jan2020_anchor + stitched CAGED flows (back/forward)
GO,2018-10-01,1182656,69010,2018,10,2020-01-01,novo_caged_jan2020_anchor + stitched CAGED flows (back/forward)
GO,2018-11-01,1176496,67429,2018,11,2020-01-01,novo_caged_jan2020_anchor + stitched CAGED flows (back/forward)
GO,2018-12-01,1163154,64049,2018,12,2020-01-01,novo_caged_jan2020_anchor + stitched CAGED flows (back/forward)
GO,2019-01-01,1166931,64334,2019,1,2020-01-01,novo_caged_jan2020_anchor + stitched CAGED flows (back/forward)
GO,2019-02-01,1172928,64590,2019,2,2020-01-01,novo_caged_jan2020_anchor + stitched CAGED flows (back/forward)
GO,2019-03-01,1175640,64645,2019,3,2020-01-01,novo_caged_jan2020_anchor + stitched CAGED flows (back/forward)
GO,2019-04-01,1182136,66194,2019,4,2020-01-01,novo_caged_jan2020_anchor + stitched CAGED flows (back/forward)
GO,2019-05-01,1184932,66526,2019,5,2020-01-01,novo_caged_jan2020_anchor + stitched CAGED flows (back/forward)
GO,2019-06-01,1187009,66799,2019,6,2020-01-01,novo_caged_jan2020_anchor + stitched CAGED flows (back/forward)
GO,2019-07-01,1189653,66710,2019,7,2020-01-01,novo_caged_jan2020_anchor + stitched CAGED flows (back/forward)
GO,2019-08-01,1193707,66710,2019,8,2020-01-01,novo_caged_jan2020_anchor + stitched CAGED flows (back/forward)
GO,2019-09-01,1198426,66710,2019,9,2020-01-01,novo_caged_jan2020_anchor + stitched CAGED flows (back/forward)
GO,2019-10-01,1198938,66903,2019,10,2020-01-01,novo_caged_jan2020_anchor + stitched CAGED flows (back/forward)
GO,2019-11-01,1194351,65986,2019,11,2020-01-01,novo_caged_jan2020_anchor + stitched CAGED flows (back/forward)
GO,2019-12-01,1178262,62984,2019,12,2020-01-01,novo_caged_jan2020_anchor + stitched CAGED flows (back/forward)
GO,2020-01-01,1185867,64339,2020,1,2020-01-01,novo_caged_jan2020_anchor + stitched CAGED flows (back/forward)
GO,2020-02-01,1196892,65171,2020,2,2020-01-01,novo_caged_jan2020_anchor + stitched CAGED flows (back/forward)
GO,2020-03-01,1193670,64118,2020,3,2020-01-01,novo_caged_jan2020_anchor + stitched CAGED flows (back/forward)
GO,2020-04-01,1169452,62817,2020,4,2020-01-01,novo_caged_jan2020_anchor + stitched CAGED flows (back/forward)
GO,2020-05-01,1162258,63515,2020,5,2020-01-01,novo_caged_jan2020_anchor + stitched CAGED flows (back/forward)
GO,2020-06-01,1164429,65232,2020,6,2020-01-01,novo_caged_jan2020_anchor + stitched CAGED flows (back/forward)
GO,2020-07-01,1169910,66901,2020,7,2020-01-01,novo_caged_jan2020_anchor + stitched CAGED flows (back/forward)
GO,2020-08-01,1175547,68906,2020,8,2020-01-01,novo_caged_jan2020_anchor + stitched CAGED flows (back/forward)
GO,2020-09-01,1181639,70485,2020,9,2020-01-01,novo_caged_jan2020_anchor + stitched CAGED flows (back/forward)
GO,2020-10-01,1188630,71286,2020,10,2020-01-01,novo_caged_jan2020_anchor + stitched CAGED flows (back/forward)
GO,2020-11-01,1192207,71269,2020,11,2020-01-01,novo_caged_jan2020_anchor + stitched CAGED flows (back/forward)
GO,2020-12-01,1187755,68547,2020,12,2020-01-01,novo_caged_jan2020_anchor + stitched CAGED flows (back/forward)
GO,2021-01-01,1204228,70652,2021,1,2020-01-01,novo_caged_jan2020_anchor + stitched CAGED flows (back/forward)
GO,2021-02-01,1223202,71867,2021,2,2020-01-01,novo_caged_jan2020_anchor + stitched CAGED flows (back/forward)
GO,2021-03-01,1226571,70885,2021,3,2020-01-01,novo_caged_jan2020_anchor + stitched CAGED flows (back/forward)
GO,2021-04-01,1237039,73177,2021,4,2020-01-01,novo_caged_jan2020_anchor + stitched CAGED flows (back/forward)
GO,2021-05-01,1250084,75024,2021,5,2020-01-01,novo_caged_jan2020_anchor + stitched CAGED flows (back/forward)
GO,2021-06-01,1267497,76716,2021,6,2020-01-01,novo_caged_jan2020_anchor + stitched CAGED flows (back/forward)
GO,2021-07-01,1281485,78071,2021,7,2020-01-01,novo_caged_jan2020_anchor + stitched CAGED flows (back/forward)
GO,2021-08-01,1294071,79788,2021,8,2020-01-01,novo_caged_jan2020_anchor + stitched CAGED flows (back/forward)
GO,2021-09-01,1301750,80432,2021,9,2020-01-01,novo_caged_jan2020_anchor + stitched CAGED flows (back/forward)
GO,2021-10-01,1304844,80822,2021,10,2020-01-01,novo_caged_jan2020_anchor + stitched CAGED flows (back/forward)
GO,2021-11-01,1306334,80073,2021,11,2020-01-01,novo_caged_jan2020_anchor + stitched CAGED flows (back/forward)
GO,2021-12-01,1297970,77034,2021,12,2020-01-01,novo_caged_jan2020_anchor + stitched CAGED flows (back/forward)
GO,2022-01-01,1310661,79032,2022,1,2020-01-01,novo_caged_jan2020_anchor + stitched CAGED flows (back/forward)
GO,2022-02-01,1328079,81065,2022,2,2020-01-01,novo_caged_jan2020_anchor + stitched CAGED flows (back/forward)
GO,2022-03-01,1334783,82734,2022,3,2020-01-01,novo_caged_jan2020_anchor + stitched CAGED flows (back/forward)
GO,2022-04-01,1348074,84600,2022,4,2020-01-01,novo_caged_jan2020_anchor + stitched CAGED flows (back/forward)
GO,2022-05-01,1362520,86215,2022,5,2020-01-01,novo_caged_jan2020_anchor + stitched CAGED flows (back/forward)
GO,2022-06-01,1375016,88113,2022,6,2020-01-01,novo_caged_jan2020_anchor + stitched CAGED flows (back/forward)
GO,2022-07-01,1384063,89310,2022,7,2020-01-01,novo_caged_jan2020_anchor + stitched CAGED flows (back/forward)
GO,2022-08-01,1392145,90635,2022,8,2020-01-01,novo_caged_jan2020_anchor + stitched CAGED flows (back/forward)
GO,2022-09-01,1400264,92008,2022,9,2020-01-01,novo_caged_jan2020_anchor + stitched CAGED flows (back/forward)
GO,2022-10-01,1400975,91959,2022,10,2020-01-01,novo_caged_jan2020_anchor + stitched CAGED flows (back/forward)
GO,2022-11-01,1397876,90089,2022,11,2020-01-01,novo_caged_jan2020_anchor + stitched CAGED flows (back/forward)
GO,2022-12-01,1384746,86284,2022,12,2020-01-01,novo_caged_jan2020_anchor + stitched CAGED flows (back/forward)
GO,2023-01-01,1395929,88784,2023,1,2020-01-01,novo_caged_jan2020_anchor + stitched CAGED flows (back/forward)
GO,2023-02-01,1407235,90195,2023,2,2020-01-01,novo_caged_jan2020_anchor + stitched CAGED flows (back/forward)
GO,2023-03-01,1420587,91612,2023,3,2020-01-01,novo_caged_jan2020_anchor + stitched CAGED flows (back/forward)
GO,2023-04-01,1432174,94117,2023,4,2020-01-01,novo_caged_jan2020_anchor + stitched CAGED flows (back/forward)
GO,2023-05-01,1438206,94736,2023,5,2020-01-01,novo_caged_jan2020_anchor + stitched CAGED flows (back/forward)
GO,2023-06-01,1442879,96019,2023,6,2020-01-01,novo_caged_jan2020_anchor + stitched CAGED flows (back/forward)
GO,2023-07-01,1448156,95768,2023,7,2020-01-01,novo_caged_jan2020_anchor + stitched CAGED flows (back/forward)
GO,2023-08-01,1454093,96143,2023,8,2020-01-01,novo_caged_jan2020_anchor + stitched CAGED flows (back/forward)
GO,2023-09-01,1458163,96391,2023,9,2020-01-01,novo_caged_jan2020_anchor + stitched CAGED flows (back/forward)
GO,2023-10-01,1458175,95420,2023,10,2020-01-01,novo_caged_jan2020_anchor + stitched CAGED flows (back/forward)
GO,2023-11-01,1450534,93843,2023,11,2020-01-01,novo_caged_jan2020_anchor + stitched CAGED flows (back/forward)
GO,2023-12-01,1433593,89651,2023,12,2020-01-01,novo_caged_jan2020_anchor + stitched CAGED flows (back/forward)
GO,2024-01-01,1447958,93037,2024,1,2020-01-01,novo_caged_jan2020_anchor + stitched CAGED flows (back/forward)
GO,2024-02-01,1461669,94331,2024,2,2020-01-01,novo_caged_jan2020_anchor + stitched CAGED flows (back/forward)
GO,2024-03-01,1477292,95905,2024,3,2020-01-01,novo_caged_jan2020_anchor + stitched CAGED flows (back/forward)
GO,2024-04-01,1490711,99534,2024,4,2020-01-01,novo_caged_jan2020_anchor + stitched CAGED flows (back/forward)
GO,2024-05-01,1492203,100456,2024,5,2020-01-01,novo_caged_jan2020_anchor + stitched CAGED flows (back/forward)
GO,2024-06-01,1500621,101598,2024,6,2020-01-01,novo_caged_jan2020_anchor + stitched CAGED flows (back/forward)
GO,2024-07-01,1505945,102965,2024,7,2020-01-01,novo_caged_jan2020_anchor + stitched CAGED flows (back/forward)
GO,2024-08-01,1510732,103326,2024,8,2020-01-01,novo_caged_jan2020_anchor + stitched CAGED flows (back/forward)
GO,2024-09-01,1516087,104441,2024,9,2020-01-01,novo_caged_jan2020_anchor + stitched CAGED flows (back/forward)
GO,2024-10-01,1515926,103019,2024,10,2020-01-01,novo_caged_jan2020_anchor + stitched CAGED flows (back/forward)
GO,2024-11-01,1512398,100854,2024,11,2020-01-01,novo_caged_jan2020_anchor + stitched CAGED flows (back/forward)
GO,2024-12-01,1489357,96964,2024,12,2020-01-01,novo_caged_jan2020_anchor + stitched CAGED flows (back/forward)
GO,2025-01-01,1504096,99582,2025,1,2020-01-01,novo_caged_jan2020_anchor + stitched CAGED flows (back/forward)
GO,2025-02-01,1524627,101026,2025,2,2020-01-01,novo_caged_jan2020_anchor + stitched CAGED flows (back/forward)
GO,2025-03-01,1531073,102201,2025,3,2020-01-01,novo_caged_jan2020_anchor + stitched CAGED flows (back/forward)
GO,2025-04-01,1544521,105201,2025,4,2020-01-01,novo_caged_jan2020_anchor + stitched CAGED flows (back/forward)
GO,2025-05-01,1546104,106188,2025,5,2020-01-01,novo_caged_jan2020_anchor + stitched CAGED flows (back/forward)
GO,2025-06-01,1553749,107806,2025,6,2020-01-01,novo_caged_jan2020_anchor + stitched CAGED flows (back/forward)
GO,2025-07-01,1560812,108786,2025,7,2020-01-01,novo_caged_jan2020_anchor + stitched CAGED flows (back/forward)
GO,2025-08-01,1563956,109693,2025,8,2020-01-01,novo_caged_jan2020_anchor + stitched CAGED flows (back/forward)
GO,2025-09-01,1569670,110184,2025,9,2020-01-01,novo_caged_jan2020_anchor + stitched CAGED flows (back/forward)
GO,2025-10-01,1567492,109150,2025,10,2020-01-01,novo_caged_jan2020_anchor + stitched CAGED flows (back/forward)
GO,2025-11-01,1558958,106524,2025,11,2020-01-01,novo_caged_jan2020_anchor + stitched CAGED flows (back/forward)
GO,2025-12-01,1534897,101345,2025,12,2020-01-01,novo_caged_jan2020_anchor + stitched CAGED flows (back/forward)
GO,2026-01-01,1545865,102703,2026,1,2020-01-01,novo_caged_jan2020_anchor + stitched CAGED flows (back/forward)
GO,2026-02-01,1560907,103606,2026,2,2020-01-01,novo_caged_jan2020_anchor + stitched CAGED flows (back/forward)
GO,2026-03-01,1572588,105162,2026,3,2020-01-01,novo_caged_jan2020_anchor + stitched CAGED flows (back/forward)
MA,2007-01-01,418208,64434,2007,1,2020-01-01,novo_caged_jan2020_anchor + stitched CAGED flows (back/forward)
MA,2007-02-01,420101,64880,2007,2,2020-01-01,novo_caged_jan2020_anchor + stitched CAGED flows (back/forward)
MA,2007-03-01,421038,65063,2007,3,2020-01-01,novo_caged_jan2020_anchor + stitched CAGED flows (back/forward)
MA,2007-04-01,423353,65215,2007,4,2020-01-01,novo_caged_jan2020_anchor + stitched CAGED flows (back/forward)
MA,2007-05-01,425662,65247,2007,5,2020-01-01,novo_caged_jan2020_anchor + stitched CAGED flows (back/forward)
MA,2007-06-01,428132,65318,2007,6,2020-01-01,novo_caged_jan2020_anchor + stitched CAGED flows (back/forward)
MA,2007-07-01,429681,65093,2007,7,2020-01-01,novo_caged_jan2020_anchor + stitched CAGED flows (back/forward)
MA,2007-08-01,432074,65260,2007,8,2020-01-01,novo_caged_jan2020_anchor + stitched CAGED flows (back/forward)
MA,2007-09-01,434710,65467,2007,9,2020-01-01,novo_caged_jan2020_anchor + stitched CAGED flows (back/forward)
MA,2007-10-01,435744,65765,2007,10,2020-01-01,novo_caged_jan2020_anchor + stitched CAGED flows (back/forward)
MA,2007-11-01,436657,65796,2007,11,2020-01-01,novo_caged_jan2020_anchor + stitched CAGED flows (back/forward)
MA,2007-12-01,434638,65899,2007,12,2020-01-01,novo_caged_jan2020_anchor + stitched CAGED flows (back/forward)
MA,2008-01-01,435192,65990,2008,1,2020-01-01,novo_caged_jan2020_anchor + stitched CAGED flows (back/forward)
MA,2008-02-01,436207,65985,2008,2,2020-01-01,novo_caged_jan2020_anchor + stitched CAGED flows (back/forward)
MA,2008-03-01,437455,66180,2008,3,2020-01-01,novo_caged_jan2020_anchor + stitched CAGED flows (back/forward)
MA,2008-04-01,440364,66741,2008,4,2020-01-01,novo_caged_jan2020_anchor + stitched CAGED flows (back/forward)
MA,2008-05-01,442069,67690,2008,5,2020-01-01,novo_caged_jan2020_anchor + stitched CAGED flows (back/forward)
MA,2008-06-01,445514,68442,2008,6,2020-01-01,novo_caged_jan2020_anchor + stitched CAGED flows (back/forward)
MA,2008-07-01,450814,70388,2008,7,2020-01-01,novo_caged_jan2020_anchor + stitched CAGED flows (back/forward)
MA,2008-08-01,455629,72157,2008,8,2020-01-01,novo_caged_jan2020_anchor + stitched CAGED flows (back/forward)
MA,2008-09-01,459794,73636,2008,9,2020-01-01,novo_caged_jan2020_anchor + stitched CAGED flows (back/forward)
MA,2008-10-01,460612,75265,2008,10,2020-01-01,novo_caged_jan2020_anchor + stitched CAGED flows (back/forward)
MA,2008-11-01,459693,76108,2008,11,2020-01-01,novo_caged_jan2020_anchor + stitched CAGED flows (back/forward)
MA,2008-12-01,453982,76014,2008,12,2020-01-01,novo_caged_jan2020_anchor + stitched CAGED flows (back/forward)
MA,2009-01-01,450780,74695,2009,1,2020-01-01,novo_caged_jan2020_anchor + stitched CAGED flows (back/forward)
MA,2009-02-01,449537,73897,2009,2,2020-01-01,novo_caged_jan2020_anchor + stitched CAGED flows (back/forward)
MA,2009-03-01,449135,74024,2009,3,2020-01-01,novo_caged_jan2020_anchor + stitched CAGED flows (back/forward)
MA,2009-04-01,448256,73357,2009,4,2020-01-01,novo_caged_jan2020_anchor + stitched CAGED flows (back/forward)
MA,2009-05-01,447030,72935,2009,5,2020-01-01,novo_caged_jan2020_anchor + stitched CAGED flows (back/forward)
MA,2009-06-01,445867,72554,2009,6,2020-01-01,novo_caged_jan2020_anchor + stitched CAGED flows (back/forward)
MA,2009-07-01,447062,72414,2009,7,2020-01-01,novo_caged_jan2020_anchor + stitched CAGED flows (back/forward)
MA,2009-08-01,449060,71428,2009,8,2020-01-01,novo_caged_jan2020_anchor + stitched CAGED flows (back/forward)
MA,2009-09-01,449977,71521,2009,9,2020-01-01,novo_caged_jan2020_anchor + stitched CAGED flows (back/forward)
MA,2009-10-01,450295,71521,2009,10,2020-01-01,novo_caged_jan2020_anchor + stitched CAGED flows (back/forward)
MA,2009-11-01,453025,72585,2009,11,2020-01-01,novo_caged_jan2020_anchor + stitched CAGED flows (back/forward)
MA,2009-12-01,449198,73046,2009,12,2020-01-01,novo_caged_jan2020_anchor + stitched CAGED flows (back/forward)
MA,2010-01-01,450014,73918,2010,1,2020-01-01,novo_caged_jan2020_anchor + stitched CAGED flows (back/forward)
MA,2010-02-01,452274,74735,2010,2,2020-01-01,novo_caged_jan2020_anchor + stitched CAGED flows (back/forward)
MA,2010-03-01,456066,75795,2010,3,2020-01-01,novo_caged_jan2020_anchor + stitched CAGED flows (back/forward)
MA,2010-04-01,461180,77539,2010,4,2020-01-01,novo_caged_jan2020_anchor + stitched CAGED flows (back/forward)
MA,2010-05-01,462936,77539,2010,5,2020-01-01,novo_caged_jan2020_anchor + stitched CAGED flows (back/forward)
MA,2010-06-01,467638,77539,2010,6,2020-01-01,novo_caged_jan2020_anchor + stitched CAGED flows (back/forward)
MA,2010-07-01,472111,77928,2010,7,2020-01-01,novo_caged_jan2020_anchor + stitched CAGED flows (back/forward)
MA,2010-08-01,474525,78271,2010,8,2020-01-01,novo_caged_jan2020_anchor + stitched CAGED flows (back/forward)
MA,2010-09-01,477723,79336,2010,9,2020-01-01,novo_caged_jan2020_anchor + stitched CAGED flows (back/forward)
MA,2010-10-01,481655,79336,2010,10,2020-01-01,novo_caged_jan2020_anchor + stitched CAGED flows (back/forward)
MA,2010-11-01,483542,79050,2010,11,2020-01-01,novo_caged_jan2020_anchor + stitched CAGED flows (back/forward)
MA,2010-12-01,477135,75396,2010,12,2020-01-01,novo_caged_jan2020_anchor + stitched CAGED flows (back/forward)
MA,2011-01-01,476075,73305,2011,1,2020-01-01,novo_caged_jan2020_anchor + stitched CAGED flows (back/forward)
MA,2011-02-01,477235,71702,2011,2,2020-01-01,novo_caged_jan2020_anchor + stitched CAGED flows (back/forward)
MA,2011-03-01,473419,69055,2011,3,2020-01-01,novo_caged_jan2020_anchor + stitched CAGED flows (back/forward)
MA,2011-04-01,475354,68707,2011,4,2020-01-01,novo_caged_jan2020_anchor + stitched CAGED flows (back/forward)
MA,2011-05-01,475378,68770,2011,5,2020-01-01,novo_caged_jan2020_anchor + stitched CAGED flows (back/forward)
MA,2011-06-01,480061,69728,2011,6,2020-01-01,novo_caged_jan2020_anchor + stitched CAGED flows (back/forward)
MA,2011-07-01,483082,70977,2011,7,2020-01-01,novo_caged_jan2020_anchor + stitched CAGED flows (back/forward)
MA,2011-08-01,486511,72060,2011,8,2020-01-01,novo_caged_jan2020_anchor + stitched CAGED flows (back/forward)
MA,2011-09-01,490270,72931,2011,9,2020-01-01,novo_caged_jan2020_anchor + stitched CAGED flows (back/forward)
MA,2011-10-01,492334,74360,2011,10,2020-01-01,novo_caged_jan2020_anchor + stitched CAGED flows (back/forward)
MA,2011-11-01,492668,73721,2011,11,2020-01-01,novo_caged_jan2020_anchor + stitched CAGED flows (back/forward)
MA,2011-12-01,489688,72609,2011,12,2020-01-01,novo_caged_jan2020_anchor + stitched CAGED flows (back/forward)
MA,2012-01-01,488788,70479,2012,1,2020-01-01,novo_caged_jan2020_anchor + stitched CAGED flows (back/forward)
MA,2012-02-01,487977,69473,2012,2,2020-01-01,novo_caged_jan2020_anchor + stitched CAGED flows (back/forward)
MA,2012-03-01,486340,67901,2012,3,2020-01-01,novo_caged_jan2020_anchor + stitched CAGED flows (back/forward)
MA,2012-04-01,486965,67457,2012,4,2020-01-01,novo_caged_jan2020_anchor + stitched CAGED flows (back/forward)
MA,2012-05-01,488695,67457,2012,5,2020-01-01,novo_caged_jan2020_anchor + stitched CAGED flows (back/forward)
MA,2012-06-01,490560,67885,2012,6,2020-01-01,novo_caged_jan2020_anchor + stitched CAGED flows (back/forward)
MA,2012-07-01,493960,69674,2012,7,2020-01-01,novo_caged_jan2020_anchor + stitched CAGED flows (back/forward)
MA,2012-08-01,495394,69843,2012,8,2020-01-01,novo_caged_jan2020_anchor + stitched CAGED flows (back/forward)
MA,2012-09-01,497226,70093,2012,9,2020-01-01,novo_caged_jan2020_anchor + stitched CAGED flows (back/forward)
MA,2012-10-01,497248,70093,2012,10,2020-01-01,novo_caged_jan2020_anchor + stitched CAGED flows (back/forward)
MA,2012-11-01,496930,68494,2012,11,2020-01-01,novo_caged_jan2020_anchor + stitched CAGED flows (back/forward)
MA,2012-12-01,489103,64155,2012,12,2020-01-01,novo_caged_jan2020_anchor + stitched CAGED flows (back/forward)
MA,2013-01-01,485870,63704,2013,1,2020-01-01,novo_caged_jan2020_anchor + stitched CAGED flows (back/forward)
MA,2013-02-01,484653,62335,2013,2,2020-01-01,novo_caged_jan2020_anchor + stitched CAGED flows (back/forward)
MA,2013-03-01,483924,61615,2013,3,2020-01-01,novo_caged_jan2020_anchor + stitched CAGED flows (back/forward)
MA,2013-04-01,483188,61076,2013,4,2020-01-01,novo_caged_jan2020_anchor + stitched CAGED flows (back/forward)
MA,2013-05-01,481352,59825,2013,5,2020-01-01,novo_caged_jan2020_anchor + stitched CAGED flows (back/forward)
MA,2013-06-01,482086,58210,2013,6,2020-01-01,novo_caged_jan2020_anchor + stitched CAGED flows (back/forward)
MA,2013-07-01,483662,57855,2013,7,2020-01-01,novo_caged_jan2020_anchor + stitched CAGED flows (back/forward)
MA,2013-08-01,487197,58650,2013,8,2020-01-01,novo_caged_jan2020_anchor + stitched CAGED flows (back/forward)
MA,2013-09-01,490110,60218,2013,9,2020-01-01,novo_caged_jan2020_anchor + stitched CAGED flows (back/forward)
MA,2013-10-01,493673,61889,2013,10,2020-01-01,novo_caged_jan2020_anchor + stitched CAGED flows (back/forward)
MA,2013-11-01,494326,62597,2013,11,2020-01-01,novo_caged_jan2020_anchor + stitched CAGED flows (back/forward)
MA,2013-12-01,488522,60921,2013,12,2020-01-01,novo_caged_jan2020_anchor + stitched CAGED flows (back/forward)
MA,2014-01-01,484002,59504,2014,1,2020-01-01,novo_caged_jan2020_anchor + stitched CAGED flows (back/forward)
MA,2014-02-01,483136,58150,2014,2,2020-01-01,novo_caged_jan2020_anchor + stitched CAGED flows (back/forward)
MA,2014-03-01,480499,56476,2014,3,2020-01-01,novo_caged_jan2020_anchor + stitched CAGED flows (back/forward)
MA,2014-04-01,480065,56138,2014,4,2020-01-01,novo_caged_jan2020_anchor + stitched CAGED flows (back/forward)
MA,2014-05-01,480761,56289,2014,5,2020-01-01,novo_caged_jan2020_anchor + stitched CAGED flows (back/forward)
MA,2014-06-01,481940,57442,2014,6,2020-01-01,novo_caged_jan2020_anchor + stitched CAGED flows (back/forward)
MA,2014-07-01,485381,60112,2014,7,2020-01-01,novo_caged_jan2020_anchor + stitched CAGED flows (back/forward)
MA,2014-08-01,489299,62302,2014,8,2020-01-01,novo_caged_jan2020_anchor + stitched CAGED flows (back/forward)
MA,2014-09-01,492851,63834,2014,9,2020-01-01,novo_caged_jan2020_anchor + stitched CAGED flows (back/forward)
MA,2014-10-01,490059,61021,2014,10,2020-01-01,novo_caged_jan2020_anchor + stitched CAGED flows (back/forward)
MA,2014-11-01,486091,58165,2014,11,2020-01-01,novo_caged_jan2020_anchor + stitched CAGED flows (back/forward)
MA,2014-12-01,480282,54258,2014,12,2020-01-01,novo_caged_jan2020_anchor + stitched CAGED flows (back/forward)
MA,2015-01-01,476192,54258,2015,1,2020-01-01,novo_caged_jan2020_anchor + stitched CAGED flows (back/forward)
MA,2015-02-01,473932,52528,2015,2,2020-01-01,novo_caged_jan2020_anchor + stitched CAGED flows (back/forward)
MA,2015-03-01,473273,51527,2015,3,2020-01-01,novo_caged_jan2020_anchor + stitched CAGED flows (back/forward)
MA,2015-04-01,472538,50331,2015,4,2020-01-01,novo_caged_jan2020_anchor + stitched CAGED flows (back/forward)
MA,2015-05-01,471276,51744,2015,5,2020-01-01,novo_caged_jan2020_anchor + stitched CAGED flows (back/forward)
MA,2015-06-01,473277,53776,2015,6,2020-01-01,novo_caged_jan2020_anchor + stitched CAGED flows (back/forward)
MA,2015-07-01,475398,55298,2015,7,2020-01-01,novo_caged_jan2020_anchor + stitched CAGED flows (back/forward)
MA,2015-08-01,476345,55695,2015,8,2020-01-01,novo_caged_jan2020_anchor + stitched CAGED flows (back/forward)
MA,2015-09-01,476566,56008,2015,9,2020-01-01,novo_caged_jan2020_anchor + stitched CAGED flows (back/forward)
MA,2015-10-01,474255,55871,2015,10,2020-01-01,novo_caged_jan2020_anchor + stitched CAGED flows (back/forward)
MA,2015-11-01,471020,53866,2015,11,2020-01-01,novo_caged_jan2020_anchor + stitched CAGED flows (back/forward)
MA,2015-12-01,463696,50274,2015,12,2020-01-01,novo_caged_jan2020_anchor + stitched CAGED flows (back/forward)
MA,2016-01-01,460455,48169,2016,1,2020-01-01,novo_caged_jan2020_anchor + stitched CAGED flows (back/forward)
MA,2016-02-01,454622,45018,2016,2,2020-01-01,novo_caged_jan2020_anchor + stitched CAGED flows (back/forward)
MA,2016-03-01,452315,43476,2016,3,2020-01-01,novo_caged_jan2020_anchor + stitched CAGED flows (back/forward)
MA,2016-04-01,449284,41844,2016,4,2020-01-01,novo_caged_jan2020_anchor + stitched CAGED flows (back/forward)
MA,2016-05-01,449088,41890,2016,5,2020-01-01,novo_caged_jan2020_anchor + stitched CAGED flows (back/forward)
MA,2016-06-01,449105,42236,2016,6,2020-01-01,novo_caged_jan2020_anchor + stitched CAGED flows (back/forward)
MA,2016-07-01,449319,42238,2016,7,2020-01-01,novo_caged_jan2020_anchor + stitched CAGED flows (back/forward)
MA,2016-08-01,451565,41788,2016,8,2020-01-01,novo_caged_jan2020_anchor + stitched CAGED flows (back/forward)
MA,2016-09-01,449967,41075,2016,9,2020-01-01,novo_caged_jan2020_anchor + stitched CAGED flows (back/forward)
MA,2016-10-01,449557,40754,2016,10,2020-01-01,novo_caged_jan2020_anchor + stitched CAGED flows (back/forward)
MA,2016-11-01,447809,39293,2016,11,2020-01-01,novo_caged_jan2020_anchor + stitched CAGED flows (back/forward)
MA,2016-12-01,443062,37407,2016,12,2020-01-01,novo_caged_jan2020_anchor + stitched CAGED flows (back/forward)
MA,2017-01-01,440913,36039,2017,1,2020-01-01,novo_caged_jan2020_anchor + stitched CAGED flows (back/forward)
MA,2017-02-01,438950,34931,2017,2,2020-01-01,novo_caged_jan2020_anchor + stitched CAGED flows (back/forward)
MA,2017-03-01,436149,34110,2017,3,2020-01-01,novo_caged_jan2020_anchor + stitched CAGED flows (back/forward)
MA,2017-04-01,434990,34422,2017,4,2020-01-01,novo_caged_jan2020_anchor + stitched CAGED flows (back/forward)
MA,2017-05-01,435772,34693,2017,5,2020-01-01,novo_caged_jan2020_anchor + stitched CAGED flows (back/forward)
MA,2017-06-01,437303,35508,2017,6,2020-01-01,novo_caged_jan2020_anchor + stitched CAGED flows (back/forward)
MA,2017-07-01,438870,36481,2017,7,2020-01-01,novo_caged_jan2020_anchor + stitched CAGED flows (back/forward)
MA,2017-08-01,440604,37210,2017,8,2020-01-01,novo_caged_jan2020_anchor + stitched CAGED flows (back/forward)
MA,2017-09-01,440595,37524,2017,9,2020-01-01,novo_caged_jan2020_anchor + stitched CAGED flows (back/forward)
MA,2017-10-01,441527,37754,2017,10,2020-01-01,novo_caged_jan2020_anchor + stitched CAGED flows (back/forward)
MA,2017-11-01,441224,37697,2017,11,2020-01-01,novo_caged_jan2020_anchor + stitched CAGED flows (back/forward)
MA,2017-12-01,440237,37031,2017,12,2020-01-01,novo_caged_jan2020_anchor + stitched CAGED flows (back/forward)
MA,2018-01-01,439651,36284,2018,1,2020-01-01,novo_caged_jan2020_anchor + stitched CAGED flows (back/forward)
MA,2018-02-01,439279,35666,2018,2,2020-01-01,novo_caged_jan2020_anchor + stitched CAGED flows (back/forward)
MA,2018-03-01,440296,35218,2018,3,2020-01-01,novo_caged_jan2020_anchor + stitched CAGED flows (back/forward)
MA,2018-04-01,441628,35114,2018,4,2020-01-01,novo_caged_jan2020_anchor + stitched CAGED flows (back/forward)
MA,2018-05-01,443703,35171,2018,5,2020-01-01,novo_caged_jan2020_anchor + stitched CAGED flows (back/forward)
MA,2018-06-01,446510,35184,2018,6,2020-01-01,novo_caged_jan2020_anchor + stitched CAGED flows (back/forward)
MA,2018-07-01,448363,35321,2018,7,2020-01-01,novo_caged_jan2020_anchor + stitched CAGED flows (back/forward)
MA,2018-08-01,448297,35259,2018,8,2020-01-01,novo_caged_jan2020_anchor + stitched CAGED flows (back/forward)
MA,2018-09-01,450026,35456,2018,9,2020-01-01,novo_caged_jan2020_anchor + stitched CAGED flows (back/forward)
MA,2018-10-01,450690,35335,2018,10,2020-01-01,novo_caged_jan2020_anchor + stitched CAGED flows (back/forward)
MA,2018-11-01,450410,34988,2018,11,2020-01-01,novo_caged_jan2020_anchor + stitched CAGED flows (back/forward)
MA,2018-12-01,447492,34007,2018,12,2020-01-01,novo_caged_jan2020_anchor + stitched CAGED flows (back/forward)
MA,2019-01-01,446126,34007,2019,1,2020-01-01,novo_caged_jan2020_anchor + stitched CAGED flows (back/forward)
MA,2019-02-01,445144,33299,2019,2,2020-01-01,novo_caged_jan2020_anchor + stitched CAGED flows (back/forward)
MA,2019-03-01,444314,33299,2019,3,2020-01-01,novo_caged_jan2020_anchor + stitched CAGED flows (back/forward)
MA,2019-04-01,450995,33397,2019,4,2020-01-01,novo_caged_jan2020_anchor + stitched CAGED flows (back/forward)
MA,2019-05-01,450889,33378,2019,5,2020-01-01,novo_caged_jan2020_anchor + stitched CAGED flows (back/forward)
MA,2019-06-01,452890,34239,2019,6,2020-01-01,novo_caged_jan2020_anchor + stitched CAGED flows (back/forward)
MA,2019-07-01,452915,34884,2019,7,2020-01-01,novo_caged_jan2020_anchor + stitched CAGED flows (back/forward)
MA,2019-08-01,454410,35863,2019,8,2020-01-01,novo_caged_jan2020_anchor + stitched CAGED flows (back/forward)
MA,2019-09-01,456171,37265,2019,9,2020-01-01,novo_caged_jan2020_anchor + stitched CAGED flows (back/forward)
MA,2019-10-01,459391,38357,2019,10,2020-01-01,novo_caged_jan2020_anchor + stitched CAGED flows (back/forward)
MA,2019-11-01,460554,38335,2019,11,2020-01-01,novo_caged_jan2020_anchor + stitched CAGED flows (back/forward)
MA,2019-12-01,457133,38091,2019,12,2020-01-01,novo_caged_jan2020_anchor + stitched CAGED flows (back/forward)
MA,2020-01-01,457548,37815,2020,1,2020-01-01,novo_caged_jan2020_anchor + stitched CAGED flows (back/forward)
MA,2020-02-01,459811,37355,2020,2,2020-01-01,novo_caged_jan2020_anchor + stitched CAGED flows (back/forward)
MA,2020-03-01,457875,36629,2020,3,2020-01-01,novo_caged_jan2020_anchor + stitched CAGED flows (back/forward)
MA,2020-04-01,450951,34849,2020,4,2020-01-01,novo_caged_jan2020_anchor + stitched CAGED flows (back/forward)
MA,2020-05-01,449174,34496,2020,5,2020-01-01,novo_caged_jan2020_anchor + stitched CAGED flows (back/forward)
MA,2020-06-01,452387,36233,2020,6,2020-01-01,novo_caged_jan2020_anchor + stitched CAGED flows (back/forward)
MA,2020-07-01,457625,38283,2020,7,2020-01-01,novo_caged_jan2020_anchor + stitched CAGED flows (back/forward)
MA,2020-08-01,463373,40314,2020,8,2020-01-01,novo_caged_jan2020_anchor + stitched CAGED flows (back/forward)
MA,2020-09-01,468618,42113,2020,9,2020-01-01,novo_caged_jan2020_anchor + stitched CAGED flows (back/forward)
MA,2020-10-01,474137,43045,2020,10,2020-01-01,novo_caged_jan2020_anchor + stitched CAGED flows (back/forward)
MA,2020-11-01,478040,43199,2020,11,2020-01-01,novo_caged_jan2020_anchor + stitched CAGED flows (back/forward)
MA,2020-12-01,473644,41403,2020,12,2020-01-01,novo_caged_jan2020_anchor + stitched CAGED flows (back/forward)
MA,2021-01-01,473655,40201,2021,1,2020-01-01,novo_caged_jan2020_anchor + stitched CAGED flows (back/forward)
MA,2021-02-01,477348,39850,2021,2,2020-01-01,novo_caged_jan2020_anchor + stitched CAGED flows (back/forward)
MA,2021-03-01,481338,39550,2021,3,2020-01-01,novo_caged_jan2020_anchor + stitched CAGED flows (back/forward)
MA,2021-04-01,484386,40135,2021,4,2020-01-01,novo_caged_jan2020_anchor + stitched CAGED flows (back/forward)
MA,2021-05-01,488608,41399,2021,5,2020-01-01,novo_caged_jan2020_anchor + stitched CAGED flows (back/forward)
MA,2021-06-01,496164,43034,2021,6,2020-01-01,novo_caged_jan2020_anchor + stitched CAGED flows (back/forward)
MA,2021-07-01,501866,44554,2021,7,2020-01-01,novo_caged_jan2020_anchor + stitched CAGED flows (back/forward)
MA,2021-08-01,507280,45634,2021,8,2020-01-01,novo_caged_jan2020_anchor + stitched CAGED flows (back/forward)
MA,2021-09-01,511162,47329,2021,9,2020-01-01,novo_caged_jan2020_anchor + stitched CAGED flows (back/forward)
MA,2021-10-01,516999,48557,2021,10,2020-01-01,novo_caged_jan2020_anchor + stitched CAGED flows (back/forward)
MA,2021-11-01,519813,48917,2021,11,2020-01-01,novo_caged_jan2020_anchor + stitched CAGED flows (back/forward)
MA,2021-12-01,518180,47885,2021,12,2020-01-01,novo_caged_jan2020_anchor + stitched CAGED flows (back/forward)
MA,2022-01-01,519041,46938,2022,1,2020-01-01,novo_caged_jan2020_anchor + stitched CAGED flows (back/forward)
MA,2022-02-01,523566,45925,2022,2,2020-01-01,novo_caged_jan2020_anchor + stitched CAGED flows (back/forward)
MA,2022-03-01,525011,45043,2022,3,2020-01-01,novo_caged_jan2020_anchor + stitched CAGED flows (back/forward)
MA,2022-04-01,528603,45307,2022,4,2020-01-01,novo_caged_jan2020_anchor + stitched CAGED flows (back/forward)
MA,2022-05-01,533624,46047,2022,5,2020-01-01,novo_caged_jan2020_anchor + stitched CAGED flows (back/forward)
MA,2022-06-01,540361,47492,2022,6,2020-01-01,novo_caged_jan2020_anchor + stitched CAGED flows (back/forward)
MA,2022-07-01,546113,47914,2022,7,2020-01-01,novo_caged_jan2020_anchor + stitched CAGED flows (back/forward)
MA,2022-08-01,551595,48939,2022,8,2020-01-01,novo_caged_jan2020_anchor + stitched CAGED flows (back/forward)
MA,2022-09-01,558645,50234,2022,9,2020-01-01,novo_caged_jan2020_anchor + stitched CAGED flows (back/forward)
MA,2022-10-01,561797,50439,2022,10,2020-01-01,novo_caged_jan2020_anchor + stitched CAGED flows (back/forward)
MA,2022-11-01,563521,50282,2022,11,2020-01-01,novo_caged_jan2020_anchor + stitched CAGED flows (back/forward)
MA,2022-12-01,558220,49229,2022,12,2020-01-01,novo_caged_jan2020_anchor + stitched CAGED flows (back/forward)
MA,2023-01-01,559678,48830,2023,1,2020-01-01,novo_caged_jan2020_anchor + stitched CAGED flows (back/forward)
MA,2023-02-01,560631,48363,2023,2,2020-01-01,novo_caged_jan2020_anchor + stitched CAGED flows (back/forward)
MA,2023-03-01,563298,48743,2023,3,2020-01-01,novo_caged_jan2020_anchor + stitched CAGED flows (back/forward)
MA,2023-04-01,565266,49358,2023,4,2020-01-01,novo_caged_jan2020_anchor + stitched CAGED flows (back/forward)
MA,2023-05-01,567642,49942,2023,5,2020-01-01,novo_caged_jan2020_anchor + stitched CAGED flows (back/forward)
MA,2023-06-01,572307,50949,2023,6,2020-01-01,novo_caged_jan2020_anchor + stitched CAGED flows (back/forward)
MA,2023-07-01,575022,51585,2023,7,2020-01-01,novo_caged_jan2020_anchor + stitched CAGED flows (back/forward)
MA,2023-08-01,577500,52108,2023,8,2020-01-01,novo_caged_jan2020_anchor + stitched CAGED flows (back/forward)
MA,2023-09-01,580442,52018,2023,9,2020-01-01,novo_caged_jan2020_anchor + stitched CAGED flows (back/forward)
MA,2023-10-01,582745,52050,2023,10,2020-01-01,novo_caged_jan2020_anchor + stitched CAGED flows (back/forward)
MA,2023-11-01,584100,51574,2023,11,2020-01-01,novo_caged_jan2020_anchor + stitched CAGED flows (back/forward)
MA,2023-12-01,580066,49783,2023,12,2020-01-01,novo_caged_jan2020_anchor + stitched CAGED flows (back/forward)
MA,2024-01-01,579313,49350,2024,1,2020-01-01,novo_caged_jan2020_anchor + stitched CAGED flows (back/forward)
MA,2024-02-01,576606,48782,2024,2,2020-01-01,novo_caged_jan2020_anchor + stitched CAGED flows (back/forward)
MA,2024-03-01,579384,49070,2024,3,2020-01-01,novo_caged_jan2020_anchor + stitched CAGED flows (back/forward)
MA,2024-04-01,582244,49912,2024,4,2020-01-01,novo_caged_jan2020_anchor + stitched CAGED flows (back/forward)
MA,2024-05-01,585120,51252,2024,5,2020-01-01,novo_caged_jan2020_anchor + stitched CAGED flows (back/forward)
MA,2024-06-01,591322,52705,2024,6,2020-01-01,novo_caged_jan2020_anchor + stitched CAGED flows (back/forward)
MA,2024-07-01,594235,53576,2024,7,2020-01-01,novo_caged_jan2020_anchor + stitched CAGED flows (back/forward)
MA,2024-08-01,596913,53436,2024,8,2020-01-01,novo_caged_jan2020_anchor + stitched CAGED flows (back/forward)
MA,2024-09-01,601421,53699,2024,9,2020-01-01,novo_caged_jan2020_anchor + stitched CAGED flows (back/forward)
MA,2024-10-01,602031,53485,2024,10,2020-01-01,novo_caged_jan2020_anchor + stitched CAGED flows (back/forward)
MA,2024-11-01,603524,53199,2024,11,2020-01-01,novo_caged_jan2020_anchor + stitched CAGED flows (back/forward)
MA,2024-12-01,596110,51351,2024,12,2020-01-01,novo_caged_jan2020_anchor + stitched CAGED flows (back/forward)
MA,2025-01-01,599536,51063,2025,1,2020-01-01,novo_caged_jan2020_anchor + stitched CAGED flows (back/forward)
MA,2025-02-01,601630,50836,2025,2,2020-01-01,novo_caged_jan2020_anchor + stitched CAGED flows (back/forward)
MA,2025-03-01,603580,51216,2025,3,2020-01-01,novo_caged_jan2020_anchor + stitched CAGED flows (back/forward)
MA,2025-04-01,607278,51970,2025,4,2020-01-01,novo_caged_jan2020_anchor + stitched CAGED flows (back/forward)
MA,2025-05-01,610963,52856,2025,5,2020-01-01,novo_caged_jan2020_anchor + stitched CAGED flows (back/forward)
MA,2025-06-01,617450,53912,2025,6,2020-01-01,novo_caged_jan2020_anchor + stitched CAGED flows (back/forward)
MA,2025-07-01,620932,54447,2025,7,2020-01-01,novo_caged_jan2020_anchor + stitched CAGED flows (back/forward)
MA,2025-08-01,624169,54618,2025,8,2020-01-01,novo_caged_jan2020_anchor + stitched CAGED flows (back/forward)
MA,2025-09-01,628464,55520,2025,9,2020-01-01,novo_caged_jan2020_anchor + stitched CAGED flows (back/forward)
MA,2025-10-01,631334,56009,2025,10,2020-01-01,novo_caged_jan2020_anchor + stitched CAGED flows (back/forward)
MA,2025-11-01,633702,56280,2025,11,2020-01-01,novo_caged_jan2020_anchor + stitched CAGED flows (back/forward)
MA,2025-12-01,629751,55174,2025,12,2020-01-01,novo_caged_jan2020_anchor + stitched CAGED flows (back/forward)
MA,2026-01-01,632577,55536,2026,1,2020-01-01,novo_caged_jan2020_anchor + stitched CAGED flows (back/forward)
MA,2026-02-01,634953,56252,2026,2,2020-01-01,novo_caged_jan2020_anchor + stitched CAGED flows (back/forward)
MA,2026-03-01,636383,56475,2026,3,2020-01-01,novo_caged_jan2020_anchor + stitched CAGED flows (back/forward)
MG,2007-01-01,3176901,211898,2007,1,2020-01-01,novo_caged_jan2020_anchor + stitched CAGED flows (back/forward)
MG,2007-02-01,3194353,213413,2007,2,2020-01-01,novo_caged_jan2020_anchor + stitched CAGED flows (back/forward)
MG,2007-03-01,3218396,215789,2007,3,2020-01-01,novo_caged_jan2020_anchor + stitched CAGED flows (back/forward)
MG,2007-04-01,3257169,218028,2007,4,2020-01-01,novo_caged_jan2020_anchor + stitched CAGED flows (back/forward)
MG,2007-05-01,3310158,220663,2007,5,2020-01-01,novo_caged_jan2020_anchor + stitched CAGED flows (back/forward)
MG,2007-06-01,3356238,223577,2007,6,2020-01-01,novo_caged_jan2020_anchor + stitched CAGED flows (back/forward)
MG,2007-07-01,3356868,226722,2007,7,2020-01-01,novo_caged_jan2020_anchor + stitched CAGED flows (back/forward)
MG,2007-08-01,3340587,230513,2007,8,2020-01-01,novo_caged_jan2020_anchor + stitched CAGED flows (back/forward)
MG,2007-09-01,3342845,233648,2007,9,2020-01-01,novo_caged_jan2020_anchor + stitched CAGED flows (back/forward)
MG,2007-10-01,3356548,237256,2007,10,2020-01-01,novo_caged_jan2020_anchor + stitched CAGED flows (back/forward)
MG,2007-11-01,3367512,239358,2007,11,2020-01-01,novo_caged_jan2020_anchor + stitched CAGED flows (back/forward)
MG,2007-12-01,3338065,239430,2007,12,2020-01-01,novo_caged_jan2020_anchor + stitched CAGED flows (back/forward)
MG,2008-01-01,3348520,243489,2008,1,2020-01-01,novo_caged_jan2020_anchor + stitched CAGED flows (back/forward)
MG,2008-02-01,3376312,247050,2008,2,2020-01-01,novo_caged_jan2020_anchor + stitched CAGED flows (back/forward)
MG,2008-03-01,3409333,253729,2008,3,2020-01-01,novo_caged_jan2020_anchor + stitched CAGED flows (back/forward)
MG,2008-04-01,3444927,260962,2008,4,2020-01-01,novo_caged_jan2020_anchor + stitched CAGED flows (back/forward)
MG,2008-05-01,3482895,266406,2008,5,2020-01-01,novo_caged_jan2020_anchor + stitched CAGED flows (back/forward)
MG,2008-06-01,3556555,271327,2008,6,2020-01-01,novo_caged_jan2020_anchor + stitched CAGED flows (back/forward)
MG,2008-07-01,3588398,275719,2008,7,2020-01-01,novo_caged_jan2020_anchor + stitched CAGED flows (back/forward)
MG,2008-08-01,3608168,281704,2008,8,2020-01-01,novo_caged_jan2020_anchor + stitched CAGED flows (back/forward)
MG,2008-09-01,3620208,287656,2008,9,2020-01-01,novo_caged_jan2020_anchor + stitched CAGED flows (back/forward)
MG,2008-10-01,3590770,289189,2008,10,2020-01-01,novo_caged_jan2020_anchor + stitched CAGED flows (back/forward)
MG,2008-11-01,3556849,278463,2008,11,2020-01-01,novo_caged_jan2020_anchor + stitched CAGED flows (back/forward)
MG,2008-12-01,3468787,258122,2008,12,2020-01-01,novo_caged_jan2020_anchor + stitched CAGED flows (back/forward)
MG,2009-01-01,3441987,257918,2009,1,2020-01-01,novo_caged_jan2020_anchor + stitched CAGED flows (back/forward)
MG,2009-02-01,3441118,258089,2009,2,2020-01-01,novo_caged_jan2020_anchor + stitched CAGED flows (back/forward)
MG,2009-03-01,3450517,261156,2009,3,2020-01-01,novo_caged_jan2020_anchor + stitched CAGED flows (back/forward)
MG,2009-04-01,3466119,262563,2009,4,2020-01-01,novo_caged_jan2020_anchor + stitched CAGED flows (back/forward)
MG,2009-05-01,3503637,264547,2009,5,2020-01-01,novo_caged_jan2020_anchor + stitched CAGED flows (back/forward)
MG,2009-06-01,3549233,266423,2009,6,2020-01-01,novo_caged_jan2020_anchor + stitched CAGED flows (back/forward)
MG,2009-07-01,3552216,269830,2009,7,2020-01-01,novo_caged_jan2020_anchor + stitched CAGED flows (back/forward)
MG,2009-08-01,3560829,277312,2009,8,2020-01-01,novo_caged_jan2020_anchor + stitched CAGED flows (back/forward)
MG,2009-09-01,3568280,283510,2009,9,2020-01-01,novo_caged_jan2020_anchor + stitched CAGED flows (back/forward)
MG,2009-10-01,3584178,283510,2009,10,2020-01-01,novo_caged_jan2020_anchor + stitched CAGED flows (back/forward)
MG,2009-11-01,3609157,281907,2009,11,2020-01-01,novo_caged_jan2020_anchor + stitched CAGED flows (back/forward)
MG,2009-12-01,3559395,270224,2009,12,2020-01-01,novo_caged_jan2020_anchor + stitched CAGED flows (back/forward)
MG,2010-01-01,3579887,278010,2010,1,2020-01-01,novo_caged_jan2020_anchor + stitched CAGED flows (back/forward)
MG,2010-02-01,3607390,281810,2010,2,2020-01-01,novo_caged_jan2020_anchor + stitched CAGED flows (back/forward)
MG,2010-03-01,3647194,286749,2010,3,2020-01-01,novo_caged_jan2020_anchor + stitched CAGED flows (back/forward)
MG,2010-04-01,3692224,291761,2010,4,2020-01-01,novo_caged_jan2020_anchor + stitched CAGED flows (back/forward)
MG,2010-05-01,3753097,297783,2010,5,2020-01-01,novo_caged_jan2020_anchor + stitched CAGED flows (back/forward)
MG,2010-06-01,3791967,297783,2010,6,2020-01-01,novo_caged_jan2020_anchor + stitched CAGED flows (back/forward)
MG,2010-07-01,3805321,303931,2010,7,2020-01-01,novo_caged_jan2020_anchor + stitched CAGED flows (back/forward)
MG,2010-08-01,3834574,311526,2010,8,2020-01-01,novo_caged_jan2020_anchor + stitched CAGED flows (back/forward)
MG,2010-09-01,3843022,317463,2010,9,2020-01-01,novo_caged_jan2020_anchor + stitched CAGED flows (back/forward)
MG,2010-10-01,3857538,317463,2010,10,2020-01-01,novo_caged_jan2020_anchor + stitched CAGED flows (back/forward)
MG,2010-11-01,3869631,312650,2010,11,2020-01-01,novo_caged_jan2020_anchor + stitched CAGED flows (back/forward)
MG,2010-12-01,3818834,297607,2010,12,2020-01-01,novo_caged_jan2020_anchor + stitched CAGED flows (back/forward)
MG,2011-01-01,3832680,301162,2011,1,2020-01-01,novo_caged_jan2020_anchor + stitched CAGED flows (back/forward)
MG,2011-02-01,3868733,307653,2011,2,2020-01-01,novo_caged_jan2020_anchor + stitched CAGED flows (back/forward)
MG,2011-03-01,3880309,308675,2011,3,2020-01-01,novo_caged_jan2020_anchor + stitched CAGED flows (back/forward)
MG,2011-04-01,3916663,312625,2011,4,2020-01-01,novo_caged_jan2020_anchor + stitched CAGED flows (back/forward)
MG,2011-05-01,3973640,317500,2011,5,2020-01-01,novo_caged_jan2020_anchor + stitched CAGED flows (back/forward)
MG,2011-06-01,4018661,321858,2011,6,2020-01-01,novo_caged_jan2020_anchor + stitched CAGED flows (back/forward)
MG,2011-07-01,4026591,324474,2011,7,2020-01-01,novo_caged_jan2020_anchor + stitched CAGED flows (back/forward)
MG,2011-08-01,4025790,327906,2011,8,2020-01-01,novo_caged_jan2020_anchor + stitched CAGED flows (back/forward)
MG,2011-09-01,4029144,331775,2011,9,2020-01-01,novo_caged_jan2020_anchor + stitched CAGED flows (back/forward)
MG,2011-10-01,4036602,332909,2011,10,2020-01-01,novo_caged_jan2020_anchor + stitched CAGED flows (back/forward)
MG,2011-11-01,4042427,325326,2011,11,2020-01-01,novo_caged_jan2020_anchor + stitched CAGED flows (back/forward)
MG,2011-12-01,3990934,308682,2011,12,2020-01-01,novo_caged_jan2020_anchor + stitched CAGED flows (back/forward)
MG,2012-01-01,4007476,315018,2012,1,2020-01-01,novo_caged_jan2020_anchor + stitched CAGED flows (back/forward)
MG,2012-02-01,4028507,321279,2012,2,2020-01-01,novo_caged_jan2020_anchor + stitched CAGED flows (back/forward)
MG,2012-03-01,4051181,328351,2012,3,2020-01-01,novo_caged_jan2020_anchor + stitched CAGED flows (back/forward)
MG,2012-04-01,4080067,334538,2012,4,2020-01-01,novo_caged_jan2020_anchor + stitched CAGED flows (back/forward)
MG,2012-05-01,4112751,338707,2012,5,2020-01-01,novo_caged_jan2020_anchor + stitched CAGED flows (back/forward)
MG,2012-06-01,4151235,340193,2012,6,2020-01-01,novo_caged_jan2020_anchor + stitched CAGED flows (back/forward)
MG,2012-07-01,4170451,346320,2012,7,2020-01-01,novo_caged_jan2020_anchor + stitched CAGED flows (back/forward)
MG,2012-08-01,4167664,348074,2012,8,2020-01-01,novo_caged_jan2020_anchor + stitched CAGED flows (back/forward)
MG,2012-09-01,4166484,351671,2012,9,2020-01-01,novo_caged_jan2020_anchor + stitched CAGED flows (back/forward)
MG,2012-10-01,4161445,351157,2012,10,2020-01-01,novo_caged_jan2020_anchor + stitched CAGED flows (back/forward)
MG,2012-11-01,4157010,340927,2012,11,2020-01-01,novo_caged_jan2020_anchor + stitched CAGED flows (back/forward)
MG,2012-12-01,4099968,324624,2012,12,2020-01-01,novo_caged_jan2020_anchor + stitched CAGED flows (back/forward)
MG,2013-01-01,4107448,324624,2013,1,2020-01-01,novo_caged_jan2020_anchor + stitched CAGED flows (back/forward)
MG,2013-02-01,4117372,326119,2013,2,2020-01-01,novo_caged_jan2020_anchor + stitched CAGED flows (back/forward)
MG,2013-03-01,4136964,330611,2013,3,2020-01-01,novo_caged_jan2020_anchor + stitched CAGED flows (back/forward)
MG,2013-04-01,4160487,333576,2013,4,2020-01-01,novo_caged_jan2020_anchor + stitched CAGED flows (back/forward)
MG,2013-05-01,4186403,334982,2013,5,2020-01-01,novo_caged_jan2020_anchor + stitched CAGED flows (back/forward)
MG,2013-06-01,4214467,334870,2013,6,2020-01-01,novo_caged_jan2020_anchor + stitched CAGED flows (back/forward)
MG,2013-07-01,4226100,336985,2013,7,2020-01-01,novo_caged_jan2020_anchor + stitched CAGED flows (back/forward)
MG,2013-08-01,4224386,336296,2013,8,2020-01-01,novo_caged_jan2020_anchor + stitched CAGED flows (back/forward)
MG,2013-09-01,4231311,340733,2013,9,2020-01-01,novo_caged_jan2020_anchor + stitched CAGED flows (back/forward)
MG,2013-10-01,4225015,340551,2013,10,2020-01-01,novo_caged_jan2020_anchor + stitched CAGED flows (back/forward)
MG,2013-11-01,4213073,330210,2013,11,2020-01-01,novo_caged_jan2020_anchor + stitched CAGED flows (back/forward)
MG,2013-12-01,4162371,314998,2013,12,2020-01-01,novo_caged_jan2020_anchor + stitched CAGED flows (back/forward)
MG,2014-01-01,4169582,320616,2014,1,2020-01-01,novo_caged_jan2020_anchor + stitched CAGED flows (back/forward)
MG,2014-02-01,4192296,322634,2014,2,2020-01-01,novo_caged_jan2020_anchor + stitched CAGED flows (back/forward)
MG,2014-03-01,4195997,321927,2014,3,2020-01-01,novo_caged_jan2020_anchor + stitched CAGED flows (back/forward)
MG,2014-04-01,4211130,318613,2014,4,2020-01-01,novo_caged_jan2020_anchor + stitched CAGED flows (back/forward)
MG,2014-05-01,4234055,320172,2014,5,2020-01-01,novo_caged_jan2020_anchor + stitched CAGED flows (back/forward)
MG,2014-06-01,4249772,318951,2014,6,2020-01-01,novo_caged_jan2020_anchor + stitched CAGED flows (back/forward)
MG,2014-07-01,4244575,318770,2014,7,2020-01-01,novo_caged_jan2020_anchor + stitched CAGED flows (back/forward)
MG,2014-08-01,4234968,317702,2014,8,2020-01-01,novo_caged_jan2020_anchor + stitched CAGED flows (back/forward)
MG,2014-09-01,4234128,318567,2014,9,2020-01-01,novo_caged_jan2020_anchor + stitched CAGED flows (back/forward)
MG,2014-10-01,4225797,316661,2014,10,2020-01-01,novo_caged_jan2020_anchor + stitched CAGED flows (back/forward)
MG,2014-11-01,4220237,307428,2014,11,2020-01-01,novo_caged_jan2020_anchor + stitched CAGED flows (back/forward)
MG,2014-12-01,4154855,307428,2014,12,2020-01-01,novo_caged_jan2020_anchor + stitched CAGED flows (back/forward)
MG,2015-01-01,4140322,307428,2015,1,2020-01-01,novo_caged_jan2020_anchor + stitched CAGED flows (back/forward)
MG,2015-02-01,4143489,307327,2015,2,2020-01-01,novo_caged_jan2020_anchor + stitched CAGED flows (back/forward)
MG,2015-03-01,4140020,307327,2015,3,2020-01-01,novo_caged_jan2020_anchor + stitched CAGED flows (back/forward)
MG,2015-04-01,4133056,301854,2015,4,2020-01-01,novo_caged_jan2020_anchor + stitched CAGED flows (back/forward)
MG,2015-05-01,4123032,295591,2015,5,2020-01-01,novo_caged_jan2020_anchor + stitched CAGED flows (back/forward)
MG,2015-06-01,4132778,289054,2015,6,2020-01-01,novo_caged_jan2020_anchor + stitched CAGED flows (back/forward)
MG,2015-07-01,4116066,289054,2015,7,2020-01-01,novo_caged_jan2020_anchor + stitched CAGED flows (back/forward)
MG,2015-08-01,4092217,284553,2015,8,2020-01-01,novo_caged_jan2020_anchor + stitched CAGED flows (back/forward)
MG,2015-09-01,4059794,280993,2015,9,2020-01-01,novo_caged_jan2020_anchor + stitched CAGED flows (back/forward)
MG,2015-10-01,4035292,276005,2015,10,2020-01-01,novo_caged_jan2020_anchor + stitched CAGED flows (back/forward)
MG,2015-11-01,4016558,276005,2015,11,2020-01-01,novo_caged_jan2020_anchor + stitched CAGED flows (back/forward)
MG,2015-12-01,3951309,260033,2015,12,2020-01-01,novo_caged_jan2020_anchor + stitched CAGED flows (back/forward)
MG,2016-01-01,3934891,258008,2016,1,2020-01-01,novo_caged_jan2020_anchor + stitched CAGED flows (back/forward)
MG,2016-02-01,3931582,257188,2016,2,2020-01-01,novo_caged_jan2020_anchor + stitched CAGED flows (back/forward)
MG,2016-03-01,3923603,255009,2016,3,2020-01-01,novo_caged_jan2020_anchor + stitched CAGED flows (back/forward)
MG,2016-04-01,3927489,253466,2016,4,2020-01-01,novo_caged_jan2020_anchor + stitched CAGED flows (back/forward)
MG,2016-05-01,3936793,250485,2016,5,2020-01-01,novo_caged_jan2020_anchor + stitched CAGED flows (back/forward)
MG,2016-06-01,3941360,247445,2016,6,2020-01-01,novo_caged_jan2020_anchor + stitched CAGED flows (back/forward)
MG,2016-07-01,3926015,245214,2016,7,2020-01-01,novo_caged_jan2020_anchor + stitched CAGED flows (back/forward)
MG,2016-08-01,3912894,244670,2016,8,2020-01-01,novo_caged_jan2020_anchor + stitched CAGED flows (back/forward)
MG,2016-09-01,3896656,242870,2016,9,2020-01-01,novo_caged_jan2020_anchor + stitched CAGED flows (back/forward)
MG,2016-10-01,3890767,241719,2016,10,2020-01-01,novo_caged_jan2020_anchor + stitched CAGED flows (back/forward)
MG,2016-11-01,3879365,234282,2016,11,2020-01-01,novo_caged_jan2020_anchor + stitched CAGED flows (back/forward)
MG,2016-12-01,3827542,223060,2016,12,2020-01-01,novo_caged_jan2020_anchor + stitched CAGED flows (back/forward)
MG,2017-01-01,3827357,224183,2017,1,2020-01-01,novo_caged_jan2020_anchor + stitched CAGED flows (back/forward)
MG,2017-02-01,3836382,223062,2017,2,2020-01-01,novo_caged_jan2020_anchor + stitched CAGED flows (back/forward)
MG,2017-03-01,3836376,224050,2017,3,2020-01-01,novo_caged_jan2020_anchor + stitched CAGED flows (back/forward)
MG,2017-04-01,3851194,224396,2017,4,2020-01-01,novo_caged_jan2020_anchor + stitched CAGED flows (back/forward)
MG,2017-05-01,3874125,225547,2017,5,2020-01-01,novo_caged_jan2020_anchor + stitched CAGED flows (back/forward)
MG,2017-06-01,3889570,224823,2017,6,2020-01-01,novo_caged_jan2020_anchor + stitched CAGED flows (back/forward)
MG,2017-07-01,3890690,226975,2017,7,2020-01-01,novo_caged_jan2020_anchor + stitched CAGED flows (back/forward)
MG,2017-08-01,3881245,227718,2017,8,2020-01-01,novo_caged_jan2020_anchor + stitched CAGED flows (back/forward)
MG,2017-09-01,3876954,227908,2017,9,2020-01-01,novo_caged_jan2020_anchor + stitched CAGED flows (back/forward)
MG,2017-10-01,3881463,230136,2017,10,2020-01-01,novo_caged_jan2020_anchor + stitched CAGED flows (back/forward)
MG,2017-11-01,3879426,225795,2017,11,2020-01-01,novo_caged_jan2020_anchor + stitched CAGED flows (back/forward)
MG,2017-12-01,3842980,237341,2017,12,2020-01-01,novo_caged_jan2020_anchor + stitched CAGED flows (back/forward)
MG,2018-01-01,3851316,241025,2018,1,2020-01-01,novo_caged_jan2020_anchor + stitched CAGED flows (back/forward)
MG,2018-02-01,3858604,240979,2018,2,2020-01-01,novo_caged_jan2020_anchor + stitched CAGED flows (back/forward)
MG,2018-03-01,3872753,244250,2018,3,2020-01-01,novo_caged_jan2020_anchor + stitched CAGED flows (back/forward)
MG,2018-04-01,3896316,247821,2018,4,2020-01-01,novo_caged_jan2020_anchor + stitched CAGED flows (back/forward)
MG,2018-05-01,3916139,251722,2018,5,2020-01-01,novo_caged_jan2020_anchor + stitched CAGED flows (back/forward)
MG,2018-06-01,3928282,252124,2018,6,2020-01-01,novo_caged_jan2020_anchor + stitched CAGED flows (back/forward)
MG,2018-07-01,3938614,256483,2018,7,2020-01-01,novo_caged_jan2020_anchor + stitched CAGED flows (back/forward)
MG,2018-08-01,3943144,259120,2018,8,2020-01-01,novo_caged_jan2020_anchor + stitched CAGED flows (back/forward)
MG,2018-09-01,3948344,262872,2018,9,2020-01-01,novo_caged_jan2020_anchor + stitched CAGED flows (back/forward)
MG,2018-10-01,3951179,265234,2018,10,2020-01-01,novo_caged_jan2020_anchor + stitched CAGED flows (back/forward)
MG,2018-11-01,3951546,261382,2018,11,2020-01-01,novo_caged_jan2020_anchor + stitched CAGED flows (back/forward)
MG,2018-12-01,3912785,252789,2018,12,2020-01-01,novo_caged_jan2020_anchor + stitched CAGED flows (back/forward)
MG,2019-01-01,3914277,252789,2019,1,2020-01-01,novo_caged_jan2020_anchor + stitched CAGED flows (back/forward)
MG,2019-02-01,3940293,257525,2019,2,2020-01-01,novo_caged_jan2020_anchor + stitched CAGED flows (back/forward)
MG,2019-03-01,3945456,257525,2019,3,2020-01-01,novo_caged_jan2020_anchor + stitched CAGED flows (back/forward)
MG,2019-04-01,3967804,259759,2019,4,2020-01-01,novo_caged_jan2020_anchor + stitched CAGED flows (back/forward)
MG,2019-05-01,3986184,261175,2019,5,2020-01-01,novo_caged_jan2020_anchor + stitched CAGED flows (back/forward)
MG,2019-06-01,3997787,263670,2019,6,2020-01-01,novo_caged_jan2020_anchor + stitched CAGED flows (back/forward)
MG,2019-07-01,4008396,269680,2019,7,2020-01-01,novo_caged_jan2020_anchor + stitched CAGED flows (back/forward)
MG,2019-08-01,4014291,272926,2019,8,2020-01-01,novo_caged_jan2020_anchor + stitched CAGED flows (back/forward)
MG,2019-09-01,4018132,275564,2019,9,2020-01-01,novo_caged_jan2020_anchor + stitched CAGED flows (back/forward)
MG,2019-10-01,4030414,278794,2019,10,2020-01-01,novo_caged_jan2020_anchor + stitched CAGED flows (back/forward)
MG,2019-11-01,4038796,274445,2019,11,2020-01-01,novo_caged_jan2020_anchor + stitched CAGED flows (back/forward)
MG,2019-12-01,4002908,266841,2019,12,2020-01-01,novo_caged_jan2020_anchor + stitched CAGED flows (back/forward)
MG,2020-01-01,4007732,271841,2020,1,2020-01-01,novo_caged_jan2020_anchor + stitched CAGED flows (back/forward)
MG,2020-02-01,4034527,275979,2020,2,2020-01-01,novo_caged_jan2020_anchor + stitched CAGED flows (back/forward)
MG,2020-03-01,4012837,274486,2020,3,2020-01-01,novo_caged_jan2020_anchor + stitched CAGED flows (back/forward)
MG,2020-04-01,3911898,264767,2020,4,2020-01-01,novo_caged_jan2020_anchor + stitched CAGED flows (back/forward)
MG,2020-05-01,3871238,264148,2020,5,2020-01-01,novo_caged_jan2020_anchor + stitched CAGED flows (back/forward)
MG,2020-06-01,3869402,268041,2020,6,2020-01-01,novo_caged_jan2020_anchor + stitched CAGED flows (back/forward)
MG,2020-07-01,3888352,274973,2020,7,2020-01-01,novo_caged_jan2020_anchor + stitched CAGED flows (back/forward)
MG,2020-08-01,3913398,284504,2020,8,2020-01-01,novo_caged_jan2020_anchor + stitched CAGED flows (back/forward)
MG,2020-09-01,3947193,293205,2020,9,2020-01-01,novo_caged_jan2020_anchor + stitched CAGED flows (back/forward)
MG,2020-10-01,3986903,299198,2020,10,2020-01-01,novo_caged_jan2020_anchor + stitched CAGED flows (back/forward)
MG,2020-11-01,4015462,299431,2020,11,2020-01-01,novo_caged_jan2020_anchor + stitched CAGED flows (back/forward)
MG,2020-12-01,4002660,291666,2020,12,2020-01-01,novo_caged_jan2020_anchor + stitched CAGED flows (back/forward)
MG,2021-01-01,4023064,297935,2021,1,2020-01-01,novo_caged_jan2020_anchor + stitched CAGED flows (back/forward)
MG,2021-02-01,4074087,305956,2021,2,2020-01-01,novo_caged_jan2020_anchor + stitched CAGED flows (back/forward)
MG,2021-03-01,4107063,312248,2021,3,2020-01-01,novo_caged_jan2020_anchor + stitched CAGED flows (back/forward)
MG,2021-04-01,4120065,314717,2021,4,2020-01-01,novo_caged_jan2020_anchor + stitched CAGED flows (back/forward)
MG,2021-05-01,4156875,319484,2021,5,2020-01-01,novo_caged_jan2020_anchor + stitched CAGED flows (back/forward)
MG,2021-06-01,4198748,323836,2021,6,2020-01-01,novo_caged_jan2020_anchor + stitched CAGED flows (back/forward)
MG,2021-07-01,4234913,328844,2021,7,2020-01-01,novo_caged_jan2020_anchor + stitched CAGED flows (back/forward)
MG,2021-08-01,4277861,334053,2021,8,2020-01-01,novo_caged_jan2020_anchor + stitched CAGED flows (back/forward)
MG,2021-09-01,4304129,336630,2021,9,2020-01-01,novo_caged_jan2020_anchor + stitched CAGED flows (back/forward)
MG,2021-10-01,4323486,337213,2021,10,2020-01-01,novo_caged_jan2020_anchor + stitched CAGED flows (back/forward)
MG,2021-11-01,4344457,333138,2021,11,2020-01-01,novo_caged_jan2020_anchor + stitched CAGED flows (back/forward)
MG,2021-12-01,4316333,322865,2021,12,2020-01-01,novo_caged_jan2020_anchor + stitched CAGED flows (back/forward)
MG,2022-01-01,4315755,324624,2022,1,2020-01-01,novo_caged_jan2020_anchor + stitched CAGED flows (back/forward)
MG,2022-02-01,4354536,327701,2022,2,2020-01-01,novo_caged_jan2020_anchor + stitched CAGED flows (back/forward)
MG,2022-03-01,4378440,329176,2022,3,2020-01-01,novo_caged_jan2020_anchor + stitched CAGED flows (back/forward)
MG,2022-04-01,4399645,329395,2022,4,2020-01-01,novo_caged_jan2020_anchor + stitched CAGED flows (back/forward)
MG,2022-05-01,4429757,332710,2022,5,2020-01-01,novo_caged_jan2020_anchor + stitched CAGED flows (back/forward)
MG,2022-06-01,4463578,337243,2022,6,2020-01-01,novo_caged_jan2020_anchor + stitched CAGED flows (back/forward)
MG,2022-07-01,4482908,341453,2022,7,2020-01-01,novo_caged_jan2020_anchor + stitched CAGED flows (back/forward)
MG,2022-08-01,4510836,346260,2022,8,2020-01-01,novo_caged_jan2020_anchor + stitched CAGED flows (back/forward)
MG,2022-09-01,4532795,348841,2022,9,2020-01-01,novo_caged_jan2020_anchor + stitched CAGED flows (back/forward)
MG,2022-10-01,4539701,347443,2022,10,2020-01-01,novo_caged_jan2020_anchor + stitched CAGED flows (back/forward)
MG,2022-11-01,4542137,340950,2022,11,2020-01-01,novo_caged_jan2020_anchor + stitched CAGED flows (back/forward)
MG,2022-12-01,4493860,329273,2022,12,2020-01-01,novo_caged_jan2020_anchor + stitched CAGED flows (back/forward)
MG,2023-01-01,4491994,332142,2023,1,2020-01-01,novo_caged_jan2020_anchor + stitched CAGED flows (back/forward)
MG,2023-02-01,4520507,334838,2023,2,2020-01-01,novo_caged_jan2020_anchor + stitched CAGED flows (back/forward)
MG,2023-03-01,4559282,341876,2023,3,2020-01-01,novo_caged_jan2020_anchor + stitched CAGED flows (back/forward)
MG,2023-04-01,4586333,346342,2023,4,2020-01-01,novo_caged_jan2020_anchor + stitched CAGED flows (back/forward)
MG,2023-05-01,4612916,353815,2023,5,2020-01-01,novo_caged_jan2020_anchor + stitched CAGED flows (back/forward)
MG,2023-06-01,4638294,357998,2023,6,2020-01-01,novo_caged_jan2020_anchor + stitched CAGED flows (back/forward)
MG,2023-07-01,4650481,359921,2023,7,2020-01-01,novo_caged_jan2020_anchor + stitched CAGED flows (back/forward)
MG,2023-08-01,4665229,360964,2023,8,2020-01-01,novo_caged_jan2020_anchor + stitched CAGED flows (back/forward)
MG,2023-09-01,4677078,363233,2023,9,2020-01-01,novo_caged_jan2020_anchor + stitched CAGED flows (back/forward)
MG,2023-10-01,4681525,361288,2023,10,2020-01-01,novo_caged_jan2020_anchor + stitched CAGED flows (back/forward)
MG,2023-11-01,4681232,354275,2023,11,2020-01-01,novo_caged_jan2020_anchor + stitched CAGED flows (back/forward)
MG,2023-12-01,4632426,342615,2023,12,2020-01-01,novo_caged_jan2020_anchor + stitched CAGED flows (back/forward)
MG,2024-01-01,4644716,347080,2024,1,2020-01-01,novo_caged_jan2020_anchor + stitched CAGED flows (back/forward)
MG,2024-02-01,4680593,351914,2024,2,2020-01-01,novo_caged_jan2020_anchor + stitched CAGED flows (back/forward)
MG,2024-03-01,4721474,355917,2024,3,2020-01-01,novo_caged_jan2020_anchor + stitched CAGED flows (back/forward)
MG,2024-04-01,4747489,361035,2024,4,2020-01-01,novo_caged_jan2020_anchor + stitched CAGED flows (back/forward)
MG,2024-05-01,4767484,363987,2024,5,2020-01-01,novo_caged_jan2020_anchor + stitched CAGED flows (back/forward)
MG,2024-06-01,4796174,367266,2024,6,2020-01-01,novo_caged_jan2020_anchor + stitched CAGED flows (back/forward)
MG,2024-07-01,4808357,368655,2024,7,2020-01-01,novo_caged_jan2020_anchor + stitched CAGED flows (back/forward)
MG,2024-08-01,4822490,369207,2024,8,2020-01-01,novo_caged_jan2020_anchor + stitched CAGED flows (back/forward)
MG,2024-09-01,4838647,370460,2024,9,2020-01-01,novo_caged_jan2020_anchor + stitched CAGED flows (back/forward)
MG,2024-10-01,4840567,371696,2024,10,2020-01-01,novo_caged_jan2020_anchor + stitched CAGED flows (back/forward)
MG,2024-11-01,4841564,364588,2024,11,2020-01-01,novo_caged_jan2020_anchor + stitched CAGED flows (back/forward)
MG,2024-12-01,4771868,351859,2024,12,2020-01-01,novo_caged_jan2020_anchor + stitched CAGED flows (back/forward)
MG,2025-01-01,4776644,355966,2025,1,2020-01-01,novo_caged_jan2020_anchor + stitched CAGED flows (back/forward)
MG,2025-02-01,4829758,361671,2025,2,2020-01-01,novo_caged_jan2020_anchor + stitched CAGED flows (back/forward)
MG,2025-03-01,4848163,365112,2025,3,2020-01-01,novo_caged_jan2020_anchor + stitched CAGED flows (back/forward)
MG,2025-04-01,4875662,368580,2025,4,2020-01-01,novo_caged_jan2020_anchor + stitched CAGED flows (back/forward)
MG,2025-05-01,4896572,370854,2025,5,2020-01-01,novo_caged_jan2020_anchor + stitched CAGED flows (back/forward)
MG,2025-06-01,4920467,371528,2025,6,2020-01-01,novo_caged_jan2020_anchor + stitched CAGED flows (back/forward)
MG,2025-07-01,4923823,372530,2025,7,2020-01-01,novo_caged_jan2020_anchor + stitched CAGED flows (back/forward)
MG,2025-08-01,4925220,371740,2025,8,2020-01-01,novo_caged_jan2020_anchor + stitched CAGED flows (back/forward)
MG,2025-09-01,4937004,372818,2025,9,2020-01-01,novo_caged_jan2020_anchor + stitched CAGED flows (back/forward)
MG,2025-10-01,4932801,369487,2025,10,2020-01-01,novo_caged_jan2020_anchor + stitched CAGED flows (back/forward)
MG,2025-11-01,4923746,360981,2025,11,2020-01-01,novo_caged_jan2020_anchor + stitched CAGED flows (back/forward)
MG,2025-12-01,4849858,345506,2025,12,2020-01-01,novo_caged_jan2020_anchor + stitched CAGED flows (back/forward)
MG,2026-01-01,4857320,349801,2026,1,2020-01-01,novo_caged_jan2020_anchor + stitched CAGED flows (back/forward)
MG,2026-02-01,4881638,351811,2026,2,2020-01-01,novo_caged_jan2020_anchor + stitched CAGED flows (back/forward)
MG,2026-03-01,4920483,355987,2026,3,2020-01-01,novo_caged_jan2020_anchor + stitched CAGED flows (back/forward)
MS,2007-01-01,443003,23704,2007,1,2020-01-01,novo_caged_jan2020_anchor + stitched CAGED flows (back/forward)
MS,2007-02-01,445638,23774,2007,2,2020-01-01,novo_caged_jan2020_anchor + stitched CAGED flows (back/forward)
MS,2007-03-01,451161,23832,2007,3,2020-01-01,novo_caged_jan2020_anchor + stitched CAGED flows (back/forward)
MS,2007-04-01,455674,23922,2007,4,2020-01-01,novo_caged_jan2020_anchor + stitched CAGED flows (back/forward)
MS,2007-05-01,455046,23994,2007,5,2020-01-01,novo_caged_jan2020_anchor + stitched CAGED flows (back/forward)
MS,2007-06-01,455344,24130,2007,6,2020-01-01,novo_caged_jan2020_anchor + stitched CAGED flows (back/forward)
MS,2007-07-01,453670,24455,2007,7,2020-01-01,novo_caged_jan2020_anchor + stitched CAGED flows (back/forward)
MS,2007-08-01,454458,24658,2007,8,2020-01-01,novo_caged_jan2020_anchor + stitched CAGED flows (back/forward)
MS,2007-09-01,456590,24846,2007,9,2020-01-01,novo_caged_jan2020_anchor + stitched CAGED flows (back/forward)
MS,2007-10-01,459227,25214,2007,10,2020-01-01,novo_caged_jan2020_anchor + stitched CAGED flows (back/forward)
MS,2007-11-01,459333,26239,2007,11,2020-01-01,novo_caged_jan2020_anchor + stitched CAGED flows (back/forward)
MS,2007-12-01,450107,26657,2007,12,2020-01-01,novo_caged_jan2020_anchor + stitched CAGED flows (back/forward)
MS,2008-01-01,454193,28200,2008,1,2020-01-01,novo_caged_jan2020_anchor + stitched CAGED flows (back/forward)
MS,2008-02-01,458223,28807,2008,2,2020-01-01,novo_caged_jan2020_anchor + stitched CAGED flows (back/forward)
MS,2008-03-01,463133,29221,2008,3,2020-01-01,novo_caged_jan2020_anchor + stitched CAGED flows (back/forward)
MS,2008-04-01,465725,29052,2008,4,2020-01-01,novo_caged_jan2020_anchor + stitched CAGED flows (back/forward)
MS,2008-05-01,469051,29052,2008,5,2020-01-01,novo_caged_jan2020_anchor + stitched CAGED flows (back/forward)
MS,2008-06-01,472560,29014,2008,6,2020-01-01,novo_caged_jan2020_anchor + stitched CAGED flows (back/forward)
MS,2008-07-01,471612,28991,2008,7,2020-01-01,novo_caged_jan2020_anchor + stitched CAGED flows (back/forward)
MS,2008-08-01,473174,28991,2008,8,2020-01-01,novo_caged_jan2020_anchor + stitched CAGED flows (back/forward)
MS,2008-09-01,475360,28883,2008,9,2020-01-01,novo_caged_jan2020_anchor + stitched CAGED flows (back/forward)
MS,2008-10-01,476765,28804,2008,10,2020-01-01,novo_caged_jan2020_anchor + stitched CAGED flows (back/forward)
MS,2008-11-01,475076,28218,2008,11,2020-01-01,novo_caged_jan2020_anchor + stitched CAGED flows (back/forward)
MS,2008-12-01,459973,26617,2008,12,2020-01-01,novo_caged_jan2020_anchor + stitched CAGED flows (back/forward)
MS,2009-01-01,462075,26902,2009,1,2020-01-01,novo_caged_jan2020_anchor + stitched CAGED flows (back/forward)
MS,2009-02-01,464283,26743,2009,2,2020-01-01,novo_caged_jan2020_anchor + stitched CAGED flows (back/forward)
MS,2009-03-01,469223,26949,2009,3,2020-01-01,novo_caged_jan2020_anchor + stitched CAGED flows (back/forward)
MS,2009-04-01,469537,26435,2009,4,2020-01-01,novo_caged_jan2020_anchor + stitched CAGED flows (back/forward)
MS,2009-05-01,470849,26170,2009,5,2020-01-01,novo_caged_jan2020_anchor + stitched CAGED flows (back/forward)
MS,2009-06-01,472786,26170,2009,6,2020-01-01,novo_caged_jan2020_anchor + stitched CAGED flows (back/forward)
MS,2009-07-01,472732,26129,2009,7,2020-01-01,novo_caged_jan2020_anchor + stitched CAGED flows (back/forward)
MS,2009-08-01,474619,26129,2009,8,2020-01-01,novo_caged_jan2020_anchor + stitched CAGED flows (back/forward)
MS,2009-09-01,476857,26190,2009,9,2020-01-01,novo_caged_jan2020_anchor + stitched CAGED flows (back/forward)
MS,2009-10-01,478304,26190,2009,10,2020-01-01,novo_caged_jan2020_anchor + stitched CAGED flows (back/forward)
MS,2009-11-01,480454,26190,2009,11,2020-01-01,novo_caged_jan2020_anchor + stitched CAGED flows (back/forward)
MS,2009-12-01,472873,25504,2009,12,2020-01-01,novo_caged_jan2020_anchor + stitched CAGED flows (back/forward)
MS,2010-01-01,474562,25858,2010,1,2020-01-01,novo_caged_jan2020_anchor + stitched CAGED flows (back/forward)
MS,2010-02-01,478502,25795,2010,2,2020-01-01,novo_caged_jan2020_anchor + stitched CAGED flows (back/forward)
MS,2010-03-01,482706,25981,2010,3,2020-01-01,novo_caged_jan2020_anchor + stitched CAGED flows (back/forward)
MS,2010-04-01,487609,26281,2010,4,2020-01-01,novo_caged_jan2020_anchor + stitched CAGED flows (back/forward)
MS,2010-05-01,490280,27010,2010,5,2020-01-01,novo_caged_jan2020_anchor + stitched CAGED flows (back/forward)
MS,2010-06-01,493457,27397,2010,6,2020-01-01,novo_caged_jan2020_anchor + stitched CAGED flows (back/forward)
MS,2010-07-01,494781,27849,2010,7,2020-01-01,novo_caged_jan2020_anchor + stitched CAGED flows (back/forward)
MS,2010-08-01,496729,28316,2010,8,2020-01-01,novo_caged_jan2020_anchor + stitched CAGED flows (back/forward)
MS,2010-09-01,498173,28604,2010,9,2020-01-01,novo_caged_jan2020_anchor + stitched CAGED flows (back/forward)
MS,2010-10-01,499995,28727,2010,10,2020-01-01,novo_caged_jan2020_anchor + stitched CAGED flows (back/forward)
MS,2010-11-01,500980,28263,2010,11,2020-01-01,novo_caged_jan2020_anchor + stitched CAGED flows (back/forward)
MS,2010-12-01,492611,28263,2010,12,2020-01-01,novo_caged_jan2020_anchor + stitched CAGED flows (back/forward)
MS,2011-01-01,496179,29476,2011,1,2020-01-01,novo_caged_jan2020_anchor + stitched CAGED flows (back/forward)
MS,2011-02-01,501570,30121,2011,2,2020-01-01,novo_caged_jan2020_anchor + stitched CAGED flows (back/forward)
MS,2011-03-01,504078,30121,2011,3,2020-01-01,novo_caged_jan2020_anchor + stitched CAGED flows (back/forward)
MS,2011-04-01,506084,30220,2011,4,2020-01-01,novo_caged_jan2020_anchor + stitched CAGED flows (back/forward)
MS,2011-05-01,512031,30796,2011,5,2020-01-01,novo_caged_jan2020_anchor + stitched CAGED flows (back/forward)
MS,2011-06-01,515608,31977,2011,6,2020-01-01,novo_caged_jan2020_anchor + stitched CAGED flows (back/forward)
MS,2011-07-01,517200,32482,2011,7,2020-01-01,novo_caged_jan2020_anchor + stitched CAGED flows (back/forward)
MS,2011-08-01,519609,32879,2011,8,2020-01-01,novo_caged_jan2020_anchor + stitched CAGED flows (back/forward)
MS,2011-09-01,521244,32944,2011,9,2020-01-01,novo_caged_jan2020_anchor + stitched CAGED flows (back/forward)
MS,2011-10-01,519258,33372,2011,10,2020-01-01,novo_caged_jan2020_anchor + stitched CAGED flows (back/forward)
MS,2011-11-01,517973,32622,2011,11,2020-01-01,novo_caged_jan2020_anchor + stitched CAGED flows (back/forward)
MS,2011-12-01,508203,30780,2011,12,2020-01-01,novo_caged_jan2020_anchor + stitched CAGED flows (back/forward)
MS,2012-01-01,510173,31555,2012,1,2020-01-01,novo_caged_jan2020_anchor + stitched CAGED flows (back/forward)
MS,2012-02-01,512440,32112,2012,2,2020-01-01,novo_caged_jan2020_anchor + stitched CAGED flows (back/forward)
MS,2012-03-01,515445,32112,2012,3,2020-01-01,novo_caged_jan2020_anchor + stitched CAGED flows (back/forward)
MS,2012-04-01,521760,33101,2012,4,2020-01-01,novo_caged_jan2020_anchor + stitched CAGED flows (back/forward)
MS,2012-05-01,524982,33291,2012,5,2020-01-01,novo_caged_jan2020_anchor + stitched CAGED flows (back/forward)
MS,2012-06-01,526441,33291,2012,6,2020-01-01,novo_caged_jan2020_anchor + stitched CAGED flows (back/forward)
MS,2012-07-01,528337,33820,2012,7,2020-01-01,novo_caged_jan2020_anchor + stitched CAGED flows (back/forward)
MS,2012-08-01,529546,33820,2012,8,2020-01-01,novo_caged_jan2020_anchor + stitched CAGED flows (back/forward)
MS,2012-09-01,530677,33807,2012,9,2020-01-01,novo_caged_jan2020_anchor + stitched CAGED flows (back/forward)
MS,2012-10-01,531451,33807,2012,10,2020-01-01,novo_caged_jan2020_anchor + stitched CAGED flows (back/forward)
MS,2012-11-01,531738,33223,2012,11,2020-01-01,novo_caged_jan2020_anchor + stitched CAGED flows (back/forward)
MS,2012-12-01,523128,31997,2012,12,2020-01-01,novo_caged_jan2020_anchor + stitched CAGED flows (back/forward)
MS,2013-01-01,523512,31997,2013,1,2020-01-01,novo_caged_jan2020_anchor + stitched CAGED flows (back/forward)
MS,2013-02-01,526551,32658,2013,2,2020-01-01,novo_caged_jan2020_anchor + stitched CAGED flows (back/forward)
MS,2013-03-01,530189,33242,2013,3,2020-01-01,novo_caged_jan2020_anchor + stitched CAGED flows (back/forward)
MS,2013-04-01,534831,33629,2013,4,2020-01-01,novo_caged_jan2020_anchor + stitched CAGED flows (back/forward)
MS,2013-05-01,537497,34220,2013,5,2020-01-01,novo_caged_jan2020_anchor + stitched CAGED flows (back/forward)
MS,2013-06-01,538934,34185,2013,6,2020-01-01,novo_caged_jan2020_anchor + stitched CAGED flows (back/forward)
MS,2013-07-01,538829,33157,2013,7,2020-01-01,novo_caged_jan2020_anchor + stitched CAGED flows (back/forward)
MS,2013-08-01,541523,34913,2013,8,2020-01-01,novo_caged_jan2020_anchor + stitched CAGED flows (back/forward)
MS,2013-09-01,542484,35913,2013,9,2020-01-01,novo_caged_jan2020_anchor + stitched CAGED flows (back/forward)
MS,2013-10-01,544786,35913,2013,10,2020-01-01,novo_caged_jan2020_anchor + stitched CAGED flows (back/forward)
MS,2013-11-01,544714,36401,2013,11,2020-01-01,novo_caged_jan2020_anchor + stitched CAGED flows (back/forward)
MS,2013-12-01,536474,35436,2013,12,2020-01-01,novo_caged_jan2020_anchor + stitched CAGED flows (back/forward)
MS,2014-01-01,537490,35191,2014,1,2020-01-01,novo_caged_jan2020_anchor + stitched CAGED flows (back/forward)
MS,2014-02-01,541852,36058,2014,2,2020-01-01,novo_caged_jan2020_anchor + stitched CAGED flows (back/forward)
MS,2014-03-01,542425,36058,2014,3,2020-01-01,novo_caged_jan2020_anchor + stitched CAGED flows (back/forward)
MS,2014-04-01,542744,34198,2014,4,2020-01-01,novo_caged_jan2020_anchor + stitched CAGED flows (back/forward)
MS,2014-05-01,543310,34198,2014,5,2020-01-01,novo_caged_jan2020_anchor + stitched CAGED flows (back/forward)
MS,2014-06-01,543380,33786,2014,6,2020-01-01,novo_caged_jan2020_anchor + stitched CAGED flows (back/forward)
MS,2014-07-01,544069,34052,2014,7,2020-01-01,novo_caged_jan2020_anchor + stitched CAGED flows (back/forward)
MS,2014-08-01,545387,34864,2014,8,2020-01-01,novo_caged_jan2020_anchor + stitched CAGED flows (back/forward)
MS,2014-09-01,546729,34864,2014,9,2020-01-01,novo_caged_jan2020_anchor + stitched CAGED flows (back/forward)
MS,2014-10-01,545396,32340,2014,10,2020-01-01,novo_caged_jan2020_anchor + stitched CAGED flows (back/forward)
MS,2014-11-01,544194,30463,2014,11,2020-01-01,novo_caged_jan2020_anchor + stitched CAGED flows (back/forward)
MS,2014-12-01,533722,30463,2014,12,2020-01-01,novo_caged_jan2020_anchor + stitched CAGED flows (back/forward)
MS,2015-01-01,532452,30463,2015,1,2020-01-01,novo_caged_jan2020_anchor + stitched CAGED flows (back/forward)
MS,2015-02-01,534026,30209,2015,2,2020-01-01,novo_caged_jan2020_anchor + stitched CAGED flows (back/forward)
MS,2015-03-01,534074,30209,2015,3,2020-01-01,novo_caged_jan2020_anchor + stitched CAGED flows (back/forward)
MS,2015-04-01,534443,30195,2015,4,2020-01-01,novo_caged_jan2020_anchor + stitched CAGED flows (back/forward)
MS,2015-05-01,534977,30276,2015,5,2020-01-01,novo_caged_jan2020_anchor + stitched CAGED flows (back/forward)
MS,2015-06-01,534741,29883,2015,6,2020-01-01,novo_caged_jan2020_anchor + stitched CAGED flows (back/forward)
MS,2015-07-01,532673,29883,2015,7,2020-01-01,novo_caged_jan2020_anchor + stitched CAGED flows (back/forward)
MS,2015-08-01,531186,29671,2015,8,2020-01-01,novo_caged_jan2020_anchor + stitched CAGED flows (back/forward)
MS,2015-09-01,528371,29326,2015,9,2020-01-01,novo_caged_jan2020_anchor + stitched CAGED flows (back/forward)
MS,2015-10-01,528412,29120,2015,10,2020-01-01,novo_caged_jan2020_anchor + stitched CAGED flows (back/forward)
MS,2015-11-01,526463,29120,2015,11,2020-01-01,novo_caged_jan2020_anchor + stitched CAGED flows (back/forward)
MS,2015-12-01,519111,28359,2015,12,2020-01-01,novo_caged_jan2020_anchor + stitched CAGED flows (back/forward)
MS,2016-01-01,518948,28732,2016,1,2020-01-01,novo_caged_jan2020_anchor + stitched CAGED flows (back/forward)
MS,2016-02-01,520072,29327,2016,2,2020-01-01,novo_caged_jan2020_anchor + stitched CAGED flows (back/forward)
MS,2016-03-01,520259,29327,2016,3,2020-01-01,novo_caged_jan2020_anchor + stitched CAGED flows (back/forward)
MS,2016-04-01,521178,29377,2016,4,2020-01-01,novo_caged_jan2020_anchor + stitched CAGED flows (back/forward)
MS,2016-05-01,521740,29377,2016,5,2020-01-01,novo_caged_jan2020_anchor + stitched CAGED flows (back/forward)
MS,2016-06-01,521775,29379,2016,6,2020-01-01,novo_caged_jan2020_anchor + stitched CAGED flows (back/forward)
MS,2016-07-01,522427,29726,2016,7,2020-01-01,novo_caged_jan2020_anchor + stitched CAGED flows (back/forward)
MS,2016-08-01,523504,30342,2016,8,2020-01-01,novo_caged_jan2020_anchor + stitched CAGED flows (back/forward)
MS,2016-09-01,524872,30682,2016,9,2020-01-01,novo_caged_jan2020_anchor + stitched CAGED flows (back/forward)
MS,2016-10-01,525882,30719,2016,10,2020-01-01,novo_caged_jan2020_anchor + stitched CAGED flows (back/forward)
MS,2016-11-01,524486,30916,2016,11,2020-01-01,novo_caged_jan2020_anchor + stitched CAGED flows (back/forward)
MS,2016-12-01,516689,29928,2016,12,2020-01-01,novo_caged_jan2020_anchor + stitched CAGED flows (back/forward)
MS,2017-01-01,517560,30298,2017,1,2020-01-01,novo_caged_jan2020_anchor + stitched CAGED flows (back/forward)
MS,2017-02-01,520077,30458,2017,2,2020-01-01,novo_caged_jan2020_anchor + stitched CAGED flows (back/forward)
MS,2017-03-01,521322,30886,2017,3,2020-01-01,novo_caged_jan2020_anchor + stitched CAGED flows (back/forward)
MS,2017-04-01,522046,30886,2017,4,2020-01-01,novo_caged_jan2020_anchor + stitched CAGED flows (back/forward)
MS,2017-05-01,520710,30037,2017,5,2020-01-01,novo_caged_jan2020_anchor + stitched CAGED flows (back/forward)
MS,2017-06-01,520960,30037,2017,6,2020-01-01,novo_caged_jan2020_anchor + stitched CAGED flows (back/forward)
MS,2017-07-01,519133,29762,2017,7,2020-01-01,novo_caged_jan2020_anchor + stitched CAGED flows (back/forward)
MS,2017-08-01,518667,28926,2017,8,2020-01-01,novo_caged_jan2020_anchor + stitched CAGED flows (back/forward)
MS,2017-09-01,518468,28357,2017,9,2020-01-01,novo_caged_jan2020_anchor + stitched CAGED flows (back/forward)
MS,2017-10-01,519190,27596,2017,10,2020-01-01,novo_caged_jan2020_anchor + stitched CAGED flows (back/forward)
MS,2017-11-01,516746,27218,2017,11,2020-01-01,novo_caged_jan2020_anchor + stitched CAGED flows (back/forward)
MS,2017-12-01,510128,27218,2017,12,2020-01-01,novo_caged_jan2020_anchor + stitched CAGED flows (back/forward)
MS,2018-01-01,511717,27370,2018,1,2020-01-01,novo_caged_jan2020_anchor + stitched CAGED flows (back/forward)
MS,2018-02-01,514997,27552,2018,2,2020-01-01,novo_caged_jan2020_anchor + stitched CAGED flows (back/forward)
MS,2018-03-01,514351,27573,2018,3,2020-01-01,novo_caged_jan2020_anchor + stitched CAGED flows (back/forward)
MS,2018-04-01,515939,27500,2018,4,2020-01-01,novo_caged_jan2020_anchor + stitched CAGED flows (back/forward)
MS,2018-05-01,515652,27583,2018,5,2020-01-01,novo_caged_jan2020_anchor + stitched CAGED flows (back/forward)
MS,2018-06-01,515949,27491,2018,6,2020-01-01,novo_caged_jan2020_anchor + stitched CAGED flows (back/forward)
MS,2018-07-01,516737,27436,2018,7,2020-01-01,novo_caged_jan2020_anchor + stitched CAGED flows (back/forward)
MS,2018-08-01,517943,27462,2018,8,2020-01-01,novo_caged_jan2020_anchor + stitched CAGED flows (back/forward)
MS,2018-09-01,515298,27492,2018,9,2020-01-01,novo_caged_jan2020_anchor + stitched CAGED flows (back/forward)
MS,2018-10-01,516420,27250,2018,10,2020-01-01,novo_caged_jan2020_anchor + stitched CAGED flows (back/forward)
MS,2018-11-01,517140,27036,2018,11,2020-01-01,novo_caged_jan2020_anchor + stitched CAGED flows (back/forward)
MS,2018-12-01,505052,26361,2018,12,2020-01-01,novo_caged_jan2020_anchor + stitched CAGED flows (back/forward)
MS,2019-01-01,511146,26361,2019,1,2020-01-01,novo_caged_jan2020_anchor + stitched CAGED flows (back/forward)
MS,2019-02-01,514657,26655,2019,2,2020-01-01,novo_caged_jan2020_anchor + stitched CAGED flows (back/forward)
MS,2019-03-01,515183,26351,2019,3,2020-01-01,novo_caged_jan2020_anchor + stitched CAGED flows (back/forward)
MS,2019-04-01,517844,26399,2019,4,2020-01-01,novo_caged_jan2020_anchor + stitched CAGED flows (back/forward)
MS,2019-05-01,518941,26482,2019,5,2020-01-01,novo_caged_jan2020_anchor + stitched CAGED flows (back/forward)
MS,2019-06-01,519839,26473,2019,6,2020-01-01,novo_caged_jan2020_anchor + stitched CAGED flows (back/forward)
MS,2019-07-01,521045,26589,2019,7,2020-01-01,novo_caged_jan2020_anchor + stitched CAGED flows (back/forward)
MS,2019-08-01,522197,26589,2019,8,2020-01-01,novo_caged_jan2020_anchor + stitched CAGED flows (back/forward)
MS,2019-09-01,523114,26589,2019,9,2020-01-01,novo_caged_jan2020_anchor + stitched CAGED flows (back/forward)
MS,2019-10-01,523805,26471,2019,10,2020-01-01,novo_caged_jan2020_anchor + stitched CAGED flows (back/forward)
MS,2019-11-01,522975,26261,2019,11,2020-01-01,novo_caged_jan2020_anchor + stitched CAGED flows (back/forward)
MS,2019-12-01,516647,25435,2019,12,2020-01-01,novo_caged_jan2020_anchor + stitched CAGED flows (back/forward)
MS,2020-01-01,518417,25770,2020,1,2020-01-01,novo_caged_jan2020_anchor + stitched CAGED flows (back/forward)
MS,2020-02-01,524333,26456,2020,2,2020-01-01,novo_caged_jan2020_anchor + stitched CAGED flows (back/forward)
MS,2020-03-01,523691,26491,2020,3,2020-01-01,novo_caged_jan2020_anchor + stitched CAGED flows (back/forward)
MS,2020-04-01,515147,25975,2020,4,2020-01-01,novo_caged_jan2020_anchor + stitched CAGED flows (back/forward)
MS,2020-05-01,511749,25853,2020,5,2020-01-01,novo_caged_jan2020_anchor + stitched CAGED flows (back/forward)
MS,2020-06-01,512117,25758,2020,6,2020-01-01,novo_caged_jan2020_anchor + stitched CAGED flows (back/forward)
MS,2020-07-01,514630,25883,2020,7,2020-01-01,novo_caged_jan2020_anchor + stitched CAGED flows (back/forward)
MS,2020-08-01,516328,25961,2020,8,2020-01-01,novo_caged_jan2020_anchor + stitched CAGED flows (back/forward)
MS,2020-09-01,518901,25862,2020,9,2020-01-01,novo_caged_jan2020_anchor + stitched CAGED flows (back/forward)
MS,2020-10-01,522852,26010,2020,10,2020-01-01,novo_caged_jan2020_anchor + stitched CAGED flows (back/forward)
MS,2020-11-01,527472,26049,2020,11,2020-01-01,novo_caged_jan2020_anchor + stitched CAGED flows (back/forward)
MS,2020-12-01,523351,25176,2020,12,2020-01-01,novo_caged_jan2020_anchor + stitched CAGED flows (back/forward)
MS,2021-01-01,526737,25533,2021,1,2020-01-01,novo_caged_jan2020_anchor + stitched CAGED flows (back/forward)
MS,2021-02-01,533916,26078,2021,2,2020-01-01,novo_caged_jan2020_anchor + stitched CAGED flows (back/forward)
MS,2021-03-01,538498,26330,2021,3,2020-01-01,novo_caged_jan2020_anchor + stitched CAGED flows (back/forward)
MS,2021-04-01,542223,26727,2021,4,2020-01-01,novo_caged_jan2020_anchor + stitched CAGED flows (back/forward)
MS,2021-05-01,547183,27297,2021,5,2020-01-01,novo_caged_jan2020_anchor + stitched CAGED flows (back/forward)
MS,2021-06-01,551722,27519,2021,6,2020-01-01,novo_caged_jan2020_anchor + stitched CAGED flows (back/forward)
MS,2021-07-01,556045,27905,2021,7,2020-01-01,novo_caged_jan2020_anchor + stitched CAGED flows (back/forward)
MS,2021-08-01,559271,28302,2021,8,2020-01-01,novo_caged_jan2020_anchor + stitched CAGED flows (back/forward)
MS,2021-09-01,562523,29008,2021,9,2020-01-01,novo_caged_jan2020_anchor + stitched CAGED flows (back/forward)
MS,2021-10-01,565901,29552,2021,10,2020-01-01,novo_caged_jan2020_anchor + stitched CAGED flows (back/forward)
MS,2021-11-01,567670,29456,2021,11,2020-01-01,novo_caged_jan2020_anchor + stitched CAGED flows (back/forward)
MS,2021-12-01,562405,28865,2021,12,2020-01-01,novo_caged_jan2020_anchor + stitched CAGED flows (back/forward)
MS,2022-01-01,566032,29363,2022,1,2020-01-01,novo_caged_jan2020_anchor + stitched CAGED flows (back/forward)
MS,2022-02-01,573785,30345,2022,2,2020-01-01,novo_caged_jan2020_anchor + stitched CAGED flows (back/forward)
MS,2022-03-01,579247,31319,2022,3,2020-01-01,novo_caged_jan2020_anchor + stitched CAGED flows (back/forward)
MS,2022-04-01,582048,31882,2022,4,2020-01-01,novo_caged_jan2020_anchor + stitched CAGED flows (back/forward)
MS,2022-05-01,588915,32745,2022,5,2020-01-01,novo_caged_jan2020_anchor + stitched CAGED flows (back/forward)
MS,2022-06-01,593353,33254,2022,6,2020-01-01,novo_caged_jan2020_anchor + stitched CAGED flows (back/forward)
MS,2022-07-01,597499,34078,2022,7,2020-01-01,novo_caged_jan2020_anchor + stitched CAGED flows (back/forward)
MS,2022-08-01,602057,34670,2022,8,2020-01-01,novo_caged_jan2020_anchor + stitched CAGED flows (back/forward)
MS,2022-09-01,606011,35176,2022,9,2020-01-01,novo_caged_jan2020_anchor + stitched CAGED flows (back/forward)
MS,2022-10-01,607807,35270,2022,10,2020-01-01,novo_caged_jan2020_anchor + stitched CAGED flows (back/forward)
MS,2022-11-01,609366,35544,2022,11,2020-01-01,novo_caged_jan2020_anchor + stitched CAGED flows (back/forward)
MS,2022-12-01,602679,34483,2022,12,2020-01-01,novo_caged_jan2020_anchor + stitched CAGED flows (back/forward)
MS,2023-01-01,607928,36231,2023,1,2020-01-01,novo_caged_jan2020_anchor + stitched CAGED flows (back/forward)
MS,2023-02-01,613975,37793,2023,2,2020-01-01,novo_caged_jan2020_anchor + stitched CAGED flows (back/forward)
MS,2023-03-01,617720,38419,2023,3,2020-01-01,novo_caged_jan2020_anchor + stitched CAGED flows (back/forward)
MS,2023-04-01,621418,39075,2023,4,2020-01-01,novo_caged_jan2020_anchor + stitched CAGED flows (back/forward)
MS,2023-05-01,624569,39706,2023,5,2020-01-01,novo_caged_jan2020_anchor + stitched CAGED flows (back/forward)
MS,2023-06-01,627614,39476,2023,6,2020-01-01,novo_caged_jan2020_anchor + stitched CAGED flows (back/forward)
MS,2023-07-01,630039,39576,2023,7,2020-01-01,novo_caged_jan2020_anchor + stitched CAGED flows (back/forward)
MS,2023-08-01,633183,39892,2023,8,2020-01-01,novo_caged_jan2020_anchor + stitched CAGED flows (back/forward)
MS,2023-09-01,635115,40309,2023,9,2020-01-01,novo_caged_jan2020_anchor + stitched CAGED flows (back/forward)
MS,2023-10-01,637313,40109,2023,10,2020-01-01,novo_caged_jan2020_anchor + stitched CAGED flows (back/forward)
MS,2023-11-01,639105,39359,2023,11,2020-01-01,novo_caged_jan2020_anchor + stitched CAGED flows (back/forward)
MS,2023-12-01,630332,37097,2023,12,2020-01-01,novo_caged_jan2020_anchor + stitched CAGED flows (back/forward)
MS,2024-01-01,635220,38314,2024,1,2020-01-01,novo_caged_jan2020_anchor + stitched CAGED flows (back/forward)
MS,2024-02-01,641193,38997,2024,2,2020-01-01,novo_caged_jan2020_anchor + stitched CAGED flows (back/forward)
MS,2024-03-01,645452,38650,2024,3,2020-01-01,novo_caged_jan2020_anchor + stitched CAGED flows (back/forward)
MS,2024-04-01,648097,38187,2024,4,2020-01-01,novo_caged_jan2020_anchor + stitched CAGED flows (back/forward)
MS,2024-05-01,650037,38042,2024,5,2020-01-01,novo_caged_jan2020_anchor + stitched CAGED flows (back/forward)
MS,2024-06-01,651659,37630,2024,6,2020-01-01,novo_caged_jan2020_anchor + stitched CAGED flows (back/forward)
MS,2024-07-01,652706,36266,2024,7,2020-01-01,novo_caged_jan2020_anchor + stitched CAGED flows (back/forward)
MS,2024-08-01,654747,35566,2024,8,2020-01-01,novo_caged_jan2020_anchor + stitched CAGED flows (back/forward)
MS,2024-09-01,656674,34834,2024,9,2020-01-01,novo_caged_jan2020_anchor + stitched CAGED flows (back/forward)
MS,2024-10-01,657434,34341,2024,10,2020-01-01,novo_caged_jan2020_anchor + stitched CAGED flows (back/forward)
MS,2024-11-01,657206,33587,2024,11,2020-01-01,novo_caged_jan2020_anchor + stitched CAGED flows (back/forward)
MS,2024-12-01,642590,31859,2024,12,2020-01-01,novo_caged_jan2020_anchor + stitched CAGED flows (back/forward)
MS,2025-01-01,646022,32663,2025,1,2020-01-01,novo_caged_jan2020_anchor + stitched CAGED flows (back/forward)
MS,2025-02-01,654310,33494,2025,2,2020-01-01,novo_caged_jan2020_anchor + stitched CAGED flows (back/forward)
MS,2025-03-01,655615,33952,2025,3,2020-01-01,novo_caged_jan2020_anchor + stitched CAGED flows (back/forward)
MS,2025-04-01,660674,34606,2025,4,2020-01-01,novo_caged_jan2020_anchor + stitched CAGED flows (back/forward)
MS,2025-05-01,663811,35428,2025,5,2020-01-01,novo_caged_jan2020_anchor + stitched CAGED flows (back/forward)
MS,2025-06-01,666479,36132,2025,6,2020-01-01,novo_caged_jan2020_anchor + stitched CAGED flows (back/forward)
MS,2025-07-01,669576,37322,2025,7,2020-01-01,novo_caged_jan2020_anchor + stitched CAGED flows (back/forward)
MS,2025-08-01,672267,38453,2025,8,2020-01-01,novo_caged_jan2020_anchor + stitched CAGED flows (back/forward)
MS,2025-09-01,673735,39223,2025,9,2020-01-01,novo_caged_jan2020_anchor + stitched CAGED flows (back/forward)
MS,2025-10-01,674704,39645,2025,10,2020-01-01,novo_caged_jan2020_anchor + stitched CAGED flows (back/forward)
MS,2025-11-01,673652,39662,2025,11,2020-01-01,novo_caged_jan2020_anchor + stitched CAGED flows (back/forward)
MS,2025-12-01,662150,37684,2025,12,2020-01-01,novo_caged_jan2020_anchor + stitched CAGED flows (back/forward)
MS,2026-01-01,666390,40352,2026,1,2020-01-01,novo_caged_jan2020_anchor + stitched CAGED flows (back/forward)
MS,2026-02-01,672626,42095,2026,2,2020-01-01,novo_caged_jan2020_anchor + stitched CAGED flows (back/forward)
MS,2026-03-01,676180,42981,2026,3,2020-01-01,novo_caged_jan2020_anchor + stitched CAGED flows (back/forward)
MT,2007-01-01,582451,27276,2007,1,2020-01-01,novo_caged_jan2020_anchor + stitched CAGED flows (back/forward)
MT,2007-02-01,590711,27428,2007,2,2020-01-01,novo_caged_jan2020_anchor + stitched CAGED flows (back/forward)
MT,2007-03-01,593955,27480,2007,3,2020-01-01,novo_caged_jan2020_anchor + stitched CAGED flows (back/forward)
MT,2007-04-01,599041,27656,2007,4,2020-01-01,novo_caged_jan2020_anchor + stitched CAGED flows (back/forward)
MT,2007-05-01,601192,27826,2007,5,2020-01-01,novo_caged_jan2020_anchor + stitched CAGED flows (back/forward)
MT,2007-06-01,607345,27947,2007,6,2020-01-01,novo_caged_jan2020_anchor + stitched CAGED flows (back/forward)
MT,2007-07-01,609234,28215,2007,7,2020-01-01,novo_caged_jan2020_anchor + stitched CAGED flows (back/forward)
MT,2007-08-01,611295,28485,2007,8,2020-01-01,novo_caged_jan2020_anchor + stitched CAGED flows (back/forward)
MT,2007-09-01,614386,28912,2007,9,2020-01-01,novo_caged_jan2020_anchor + stitched CAGED flows (back/forward)
MT,2007-10-01,614895,29348,2007,10,2020-01-01,novo_caged_jan2020_anchor + stitched CAGED flows (back/forward)
MT,2007-11-01,609907,29498,2007,11,2020-01-01,novo_caged_jan2020_anchor + stitched CAGED flows (back/forward)
MT,2007-12-01,600387,29006,2007,12,2020-01-01,novo_caged_jan2020_anchor + stitched CAGED flows (back/forward)
MT,2008-01-01,607071,29425,2008,1,2020-01-01,novo_caged_jan2020_anchor + stitched CAGED flows (back/forward)
MT,2008-02-01,616075,30467,2008,2,2020-01-01,novo_caged_jan2020_anchor + stitched CAGED flows (back/forward)
MT,2008-03-01,619101,30744,2008,3,2020-01-01,novo_caged_jan2020_anchor + stitched CAGED flows (back/forward)
MT,2008-04-01,622507,31863,2008,4,2020-01-01,novo_caged_jan2020_anchor + stitched CAGED flows (back/forward)
MT,2008-05-01,625389,31863,2008,5,2020-01-01,novo_caged_jan2020_anchor + stitched CAGED flows (back/forward)
MT,2008-06-01,634723,32958,2008,6,2020-01-01,novo_caged_jan2020_anchor + stitched CAGED flows (back/forward)
MT,2008-07-01,640510,33909,2008,7,2020-01-01,novo_caged_jan2020_anchor + stitched CAGED flows (back/forward)
MT,2008-08-01,643481,33909,2008,8,2020-01-01,novo_caged_jan2020_anchor + stitched CAGED flows (back/forward)
MT,2008-09-01,646877,34406,2008,9,2020-01-01,novo_caged_jan2020_anchor + stitched CAGED flows (back/forward)
MT,2008-10-01,646627,33971,2008,10,2020-01-01,novo_caged_jan2020_anchor + stitched CAGED flows (back/forward)
MT,2008-11-01,638602,33188,2008,11,2020-01-01,novo_caged_jan2020_anchor + stitched CAGED flows (back/forward)
MT,2008-12-01,623280,30551,2008,12,2020-01-01,novo_caged_jan2020_anchor + stitched CAGED flows (back/forward)
MT,2009-01-01,626604,29814,2009,1,2020-01-01,novo_caged_jan2020_anchor + stitched CAGED flows (back/forward)
MT,2009-02-01,631982,29580,2009,2,2020-01-01,novo_caged_jan2020_anchor + stitched CAGED flows (back/forward)
MT,2009-03-01,630904,29176,2009,3,2020-01-01,novo_caged_jan2020_anchor + stitched CAGED flows (back/forward)
MT,2009-04-01,630350,29335,2009,4,2020-01-01,novo_caged_jan2020_anchor + stitched CAGED flows (back/forward)
MT,2009-05-01,631123,30428,2009,5,2020-01-01,novo_caged_jan2020_anchor + stitched CAGED flows (back/forward)
MT,2009-06-01,636576,30428,2009,6,2020-01-01,novo_caged_jan2020_anchor + stitched CAGED flows (back/forward)
MT,2009-07-01,641250,31458,2009,7,2020-01-01,novo_caged_jan2020_anchor + stitched CAGED flows (back/forward)
MT,2009-08-01,644251,31458,2009,8,2020-01-01,novo_caged_jan2020_anchor + stitched CAGED flows (back/forward)
MT,2009-09-01,646593,31207,2009,9,2020-01-01,novo_caged_jan2020_anchor + stitched CAGED flows (back/forward)
MT,2009-10-01,647385,31207,2009,10,2020-01-01,novo_caged_jan2020_anchor + stitched CAGED flows (back/forward)
MT,2009-11-01,643326,31207,2009,11,2020-01-01,novo_caged_jan2020_anchor + stitched CAGED flows (back/forward)
MT,2009-12-01,628692,28486,2009,12,2020-01-01,novo_caged_jan2020_anchor + stitched CAGED flows (back/forward)
MT,2010-01-01,637544,28640,2010,1,2020-01-01,novo_caged_jan2020_anchor + stitched CAGED flows (back/forward)
MT,2010-02-01,644669,28537,2010,2,2020-01-01,novo_caged_jan2020_anchor + stitched CAGED flows (back/forward)
MT,2010-03-01,644006,29058,2010,3,2020-01-01,novo_caged_jan2020_anchor + stitched CAGED flows (back/forward)
MT,2010-04-01,647427,30639,2010,4,2020-01-01,novo_caged_jan2020_anchor + stitched CAGED flows (back/forward)
MT,2010-05-01,648091,31584,2010,5,2020-01-01,novo_caged_jan2020_anchor + stitched CAGED flows (back/forward)
MT,2010-06-01,653378,31987,2010,6,2020-01-01,novo_caged_jan2020_anchor + stitched CAGED flows (back/forward)
MT,2010-07-01,656294,32707,2010,7,2020-01-01,novo_caged_jan2020_anchor + stitched CAGED flows (back/forward)
MT,2010-08-01,658571,33633,2010,8,2020-01-01,novo_caged_jan2020_anchor + stitched CAGED flows (back/forward)
MT,2010-09-01,659014,33728,2010,9,2020-01-01,novo_caged_jan2020_anchor + stitched CAGED flows (back/forward)
MT,2010-10-01,659490,33829,2010,10,2020-01-01,novo_caged_jan2020_anchor + stitched CAGED flows (back/forward)
MT,2010-11-01,656458,33399,2010,11,2020-01-01,novo_caged_jan2020_anchor + stitched CAGED flows (back/forward)
MT,2010-12-01,646044,33399,2010,12,2020-01-01,novo_caged_jan2020_anchor + stitched CAGED flows (back/forward)
MT,2011-01-01,653881,33705,2011,1,2020-01-01,novo_caged_jan2020_anchor + stitched CAGED flows (back/forward)
MT,2011-02-01,664439,33401,2011,2,2020-01-01,novo_caged_jan2020_anchor + stitched CAGED flows (back/forward)
MT,2011-03-01,662170,33401,2011,3,2020-01-01,novo_caged_jan2020_anchor + stitched CAGED flows (back/forward)
MT,2011-04-01,663987,34373,2011,4,2020-01-01,novo_caged_jan2020_anchor + stitched CAGED flows (back/forward)
MT,2011-05-01,667613,35988,2011,5,2020-01-01,novo_caged_jan2020_anchor + stitched CAGED flows (back/forward)
MT,2011-06-01,677445,37465,2011,6,2020-01-01,novo_caged_jan2020_anchor + stitched CAGED flows (back/forward)
MT,2011-07-01,681962,38638,2011,7,2020-01-01,novo_caged_jan2020_anchor + stitched CAGED flows (back/forward)
MT,2011-08-01,684867,39927,2011,8,2020-01-01,novo_caged_jan2020_anchor + stitched CAGED flows (back/forward)
MT,2011-09-01,685634,40709,2011,9,2020-01-01,novo_caged_jan2020_anchor + stitched CAGED flows (back/forward)
MT,2011-10-01,686115,40747,2011,10,2020-01-01,novo_caged_jan2020_anchor + stitched CAGED flows (back/forward)
MT,2011-11-01,680324,39750,2011,11,2020-01-01,novo_caged_jan2020_anchor + stitched CAGED flows (back/forward)
MT,2011-12-01,666531,36564,2011,12,2020-01-01,novo_caged_jan2020_anchor + stitched CAGED flows (back/forward)
MT,2012-01-01,676673,37367,2012,1,2020-01-01,novo_caged_jan2020_anchor + stitched CAGED flows (back/forward)
MT,2012-02-01,683328,37766,2012,2,2020-01-01,novo_caged_jan2020_anchor + stitched CAGED flows (back/forward)
MT,2012-03-01,682522,38925,2012,3,2020-01-01,novo_caged_jan2020_anchor + stitched CAGED flows (back/forward)
MT,2012-04-01,686813,41032,2012,4,2020-01-01,novo_caged_jan2020_anchor + stitched CAGED flows (back/forward)
MT,2012-05-01,688954,42568,2012,5,2020-01-01,novo_caged_jan2020_anchor + stitched CAGED flows (back/forward)
MT,2012-06-01,696736,42568,2012,6,2020-01-01,novo_caged_jan2020_anchor + stitched CAGED flows (back/forward)
MT,2012-07-01,702563,43638,2012,7,2020-01-01,novo_caged_jan2020_anchor + stitched CAGED flows (back/forward)
MT,2012-08-01,703801,43638,2012,8,2020-01-01,novo_caged_jan2020_anchor + stitched CAGED flows (back/forward)
MT,2012-09-01,706452,44013,2012,9,2020-01-01,novo_caged_jan2020_anchor + stitched CAGED flows (back/forward)
MT,2012-10-01,707500,44013,2012,10,2020-01-01,novo_caged_jan2020_anchor + stitched CAGED flows (back/forward)
MT,2012-11-01,701590,42887,2012,11,2020-01-01,novo_caged_jan2020_anchor + stitched CAGED flows (back/forward)
MT,2012-12-01,688627,40316,2012,12,2020-01-01,novo_caged_jan2020_anchor + stitched CAGED flows (back/forward)
MT,2013-01-01,697723,40316,2013,1,2020-01-01,novo_caged_jan2020_anchor + stitched CAGED flows (back/forward)
MT,2013-02-01,702954,40037,2013,2,2020-01-01,novo_caged_jan2020_anchor + stitched CAGED flows (back/forward)
MT,2013-03-01,698778,39774,2013,3,2020-01-01,novo_caged_jan2020_anchor + stitched CAGED flows (back/forward)
MT,2013-04-01,701362,41546,2013,4,2020-01-01,novo_caged_jan2020_anchor + stitched CAGED flows (back/forward)
MT,2013-05-01,702285,42347,2013,5,2020-01-01,novo_caged_jan2020_anchor + stitched CAGED flows (back/forward)
MT,2013-06-01,709228,44214,2013,6,2020-01-01,novo_caged_jan2020_anchor + stitched CAGED flows (back/forward)
MT,2013-07-01,713624,44831,2013,7,2020-01-01,novo_caged_jan2020_anchor + stitched CAGED flows (back/forward)
MT,2013-08-01,716528,46003,2013,8,2020-01-01,novo_caged_jan2020_anchor + stitched CAGED flows (back/forward)
MT,2013-09-01,718977,47470,2013,9,2020-01-01,novo_caged_jan2020_anchor + stitched CAGED flows (back/forward)
MT,2013-10-01,720026,47470,2013,10,2020-01-01,novo_caged_jan2020_anchor + stitched CAGED flows (back/forward)
MT,2013-11-01,714822,46384,2013,11,2020-01-01,novo_caged_jan2020_anchor + stitched CAGED flows (back/forward)
MT,2013-12-01,701851,42938,2013,12,2020-01-01,novo_caged_jan2020_anchor + stitched CAGED flows (back/forward)
MT,2014-01-01,712115,44528,2014,1,2020-01-01,novo_caged_jan2020_anchor + stitched CAGED flows (back/forward)
MT,2014-02-01,719533,44763,2014,2,2020-01-01,novo_caged_jan2020_anchor + stitched CAGED flows (back/forward)
MT,2014-03-01,714419,44763,2014,3,2020-01-01,novo_caged_jan2020_anchor + stitched CAGED flows (back/forward)
MT,2014-04-01,715273,46512,2014,4,2020-01-01,novo_caged_jan2020_anchor + stitched CAGED flows (back/forward)
MT,2014-05-01,715959,46512,2014,5,2020-01-01,novo_caged_jan2020_anchor + stitched CAGED flows (back/forward)
MT,2014-06-01,719371,46642,2014,6,2020-01-01,novo_caged_jan2020_anchor + stitched CAGED flows (back/forward)
MT,2014-07-01,723112,47067,2014,7,2020-01-01,novo_caged_jan2020_anchor + stitched CAGED flows (back/forward)
MT,2014-08-01,724273,47110,2014,8,2020-01-01,novo_caged_jan2020_anchor + stitched CAGED flows (back/forward)
MT,2014-09-01,724347,47110,2014,9,2020-01-01,novo_caged_jan2020_anchor + stitched CAGED flows (back/forward)
MT,2014-10-01,722384,46664,2014,10,2020-01-01,novo_caged_jan2020_anchor + stitched CAGED flows (back/forward)
MT,2014-11-01,716183,44204,2014,11,2020-01-01,novo_caged_jan2020_anchor + stitched CAGED flows (back/forward)
MT,2014-12-01,697344,44204,2014,12,2020-01-01,novo_caged_jan2020_anchor + stitched CAGED flows (back/forward)
MT,2015-01-01,703660,44204,2015,1,2020-01-01,novo_caged_jan2020_anchor + stitched CAGED flows (back/forward)
MT,2015-02-01,708819,44549,2015,2,2020-01-01,novo_caged_jan2020_anchor + stitched CAGED flows (back/forward)
MT,2015-03-01,706605,44549,2015,3,2020-01-01,novo_caged_jan2020_anchor + stitched CAGED flows (back/forward)
MT,2015-04-01,703319,45352,2015,4,2020-01-01,novo_caged_jan2020_anchor + stitched CAGED flows (back/forward)
MT,2015-05-01,701395,45437,2015,5,2020-01-01,novo_caged_jan2020_anchor + stitched CAGED flows (back/forward)
MT,2015-06-01,704997,46143,2015,6,2020-01-01,novo_caged_jan2020_anchor + stitched CAGED flows (back/forward)
MT,2015-07-01,705767,46143,2015,7,2020-01-01,novo_caged_jan2020_anchor + stitched CAGED flows (back/forward)
MT,2015-08-01,705134,46526,2015,8,2020-01-01,novo_caged_jan2020_anchor + stitched CAGED flows (back/forward)
MT,2015-09-01,703921,45324,2015,9,2020-01-01,novo_caged_jan2020_anchor + stitched CAGED flows (back/forward)
MT,2015-10-01,699651,43625,2015,10,2020-01-01,novo_caged_jan2020_anchor + stitched CAGED flows (back/forward)
MT,2015-11-01,692064,43625,2015,11,2020-01-01,novo_caged_jan2020_anchor + stitched CAGED flows (back/forward)
MT,2015-12-01,678034,39389,2015,12,2020-01-01,novo_caged_jan2020_anchor + stitched CAGED flows (back/forward)
MT,2016-01-01,684934,39352,2016,1,2020-01-01,novo_caged_jan2020_anchor + stitched CAGED flows (back/forward)
MT,2016-02-01,688617,39412,2016,2,2020-01-01,novo_caged_jan2020_anchor + stitched CAGED flows (back/forward)
MT,2016-03-01,684665,39412,2016,3,2020-01-01,novo_caged_jan2020_anchor + stitched CAGED flows (back/forward)
MT,2016-04-01,681560,39550,2016,4,2020-01-01,novo_caged_jan2020_anchor + stitched CAGED flows (back/forward)
MT,2016-05-01,679848,39550,2016,5,2020-01-01,novo_caged_jan2020_anchor + stitched CAGED flows (back/forward)
MT,2016-06-01,682437,39397,2016,6,2020-01-01,novo_caged_jan2020_anchor + stitched CAGED flows (back/forward)
MT,2016-07-01,684453,39473,2016,7,2020-01-01,novo_caged_jan2020_anchor + stitched CAGED flows (back/forward)
MT,2016-08-01,681563,39324,2016,8,2020-01-01,novo_caged_jan2020_anchor + stitched CAGED flows (back/forward)
MT,2016-09-01,681037,38847,2016,9,2020-01-01,novo_caged_jan2020_anchor + stitched CAGED flows (back/forward)
MT,2016-10-01,678593,38165,2016,10,2020-01-01,novo_caged_jan2020_anchor + stitched CAGED flows (back/forward)
MT,2016-11-01,669556,35777,2016,11,2020-01-01,novo_caged_jan2020_anchor + stitched CAGED flows (back/forward)
MT,2016-12-01,657530,31199,2016,12,2020-01-01,novo_caged_jan2020_anchor + stitched CAGED flows (back/forward)
MT,2017-01-01,667540,30872,2017,1,2020-01-01,novo_caged_jan2020_anchor + stitched CAGED flows (back/forward)
MT,2017-02-01,671576,30494,2017,2,2020-01-01,novo_caged_jan2020_anchor + stitched CAGED flows (back/forward)
MT,2017-03-01,665849,30320,2017,3,2020-01-01,novo_caged_jan2020_anchor + stitched CAGED flows (back/forward)
MT,2017-04-01,666448,30320,2017,4,2020-01-01,novo_caged_jan2020_anchor + stitched CAGED flows (back/forward)
MT,2017-05-01,668174,30964,2017,5,2020-01-01,novo_caged_jan2020_anchor + stitched CAGED flows (back/forward)
MT,2017-06-01,673953,30964,2017,6,2020-01-01,novo_caged_jan2020_anchor + stitched CAGED flows (back/forward)
MT,2017-07-01,682038,31894,2017,7,2020-01-01,novo_caged_jan2020_anchor + stitched CAGED flows (back/forward)
MT,2017-08-01,683920,32305,2017,8,2020-01-01,novo_caged_jan2020_anchor + stitched CAGED flows (back/forward)
MT,2017-09-01,684949,33014,2017,9,2020-01-01,novo_caged_jan2020_anchor + stitched CAGED flows (back/forward)
MT,2017-10-01,685274,33025,2017,10,2020-01-01,novo_caged_jan2020_anchor + stitched CAGED flows (back/forward)
MT,2017-11-01,679470,31490,2017,11,2020-01-01,novo_caged_jan2020_anchor + stitched CAGED flows (back/forward)
MT,2017-12-01,669683,31490,2017,12,2020-01-01,novo_caged_jan2020_anchor + stitched CAGED flows (back/forward)
MT,2018-01-01,679952,31856,2018,1,2020-01-01,novo_caged_jan2020_anchor + stitched CAGED flows (back/forward)
MT,2018-02-01,684673,31892,2018,2,2020-01-01,novo_caged_jan2020_anchor + stitched CAGED flows (back/forward)
MT,2018-03-01,681655,31938,2018,3,2020-01-01,novo_caged_jan2020_anchor + stitched CAGED flows (back/forward)
MT,2018-04-01,683125,32931,2018,4,2020-01-01,novo_caged_jan2020_anchor + stitched CAGED flows (back/forward)
MT,2018-05-01,685189,33688,2018,5,2020-01-01,novo_caged_jan2020_anchor + stitched CAGED flows (back/forward)
MT,2018-06-01,690601,34327,2018,6,2020-01-01,novo_caged_jan2020_anchor + stitched CAGED flows (back/forward)
MT,2018-07-01,695787,35099,2018,7,2020-01-01,novo_caged_jan2020_anchor + stitched CAGED flows (back/forward)
MT,2018-08-01,700185,35678,2018,8,2020-01-01,novo_caged_jan2020_anchor + stitched CAGED flows (back/forward)
MT,2018-09-01,704171,35707,2018,9,2020-01-01,novo_caged_jan2020_anchor + stitched CAGED flows (back/forward)
MT,2018-10-01,706066,35577,2018,10,2020-01-01,novo_caged_jan2020_anchor + stitched CAGED flows (back/forward)
MT,2018-11-01,702639,34330,2018,11,2020-01-01,novo_caged_jan2020_anchor + stitched CAGED flows (back/forward)
MT,2018-12-01,693285,31002,2018,12,2020-01-01,novo_caged_jan2020_anchor + stitched CAGED flows (back/forward)
MT,2019-01-01,704809,30839,2019,1,2020-01-01,novo_caged_jan2020_anchor + stitched CAGED flows (back/forward)
MT,2019-02-01,706388,30782,2019,2,2020-01-01,novo_caged_jan2020_anchor + stitched CAGED flows (back/forward)
MT,2019-03-01,701799,30872,2019,3,2020-01-01,novo_caged_jan2020_anchor + stitched CAGED flows (back/forward)
MT,2019-04-01,703905,31535,2019,4,2020-01-01,novo_caged_jan2020_anchor + stitched CAGED flows (back/forward)
MT,2019-05-01,705660,31925,2019,5,2020-01-01,novo_caged_jan2020_anchor + stitched CAGED flows (back/forward)
MT,2019-06-01,713027,32316,2019,6,2020-01-01,novo_caged_jan2020_anchor + stitched CAGED flows (back/forward)
MT,2019-07-01,717196,32694,2019,7,2020-01-01,novo_caged_jan2020_anchor + stitched CAGED flows (back/forward)
MT,2019-08-01,721321,32694,2019,8,2020-01-01,novo_caged_jan2020_anchor + stitched CAGED flows (back/forward)
MT,2019-09-01,724219,32694,2019,9,2020-01-01,novo_caged_jan2020_anchor + stitched CAGED flows (back/forward)
MT,2019-10-01,725858,32751,2019,10,2020-01-01,novo_caged_jan2020_anchor + stitched CAGED flows (back/forward)
MT,2019-11-01,723421,32002,2019,11,2020-01-01,novo_caged_jan2020_anchor + stitched CAGED flows (back/forward)
MT,2019-12-01,714069,30117,2019,12,2020-01-01,novo_caged_jan2020_anchor + stitched CAGED flows (back/forward)
MT,2020-01-01,723667,30975,2020,1,2020-01-01,novo_caged_jan2020_anchor + stitched CAGED flows (back/forward)
MT,2020-02-01,727226,31585,2020,2,2020-01-01,novo_caged_jan2020_anchor + stitched CAGED flows (back/forward)
MT,2020-03-01,723328,31756,2020,3,2020-01-01,novo_caged_jan2020_anchor + stitched CAGED flows (back/forward)
MT,2020-04-01,708984,30979,2020,4,2020-01-01,novo_caged_jan2020_anchor + stitched CAGED flows (back/forward)
MT,2020-05-01,706360,30848,2020,5,2020-01-01,novo_caged_jan2020_anchor + stitched CAGED flows (back/forward)
MT,2020-06-01,711925,31814,2020,6,2020-01-01,novo_caged_jan2020_anchor + stitched CAGED flows (back/forward)
MT,2020-07-01,717475,32575,2020,7,2020-01-01,novo_caged_jan2020_anchor + stitched CAGED flows (back/forward)
MT,2020-08-01,719867,33596,2020,8,2020-01-01,novo_caged_jan2020_anchor + stitched CAGED flows (back/forward)
MT,2020-09-01,724149,34778,2020,9,2020-01-01,novo_caged_jan2020_anchor + stitched CAGED flows (back/forward)
MT,2020-10-01,729499,35005,2020,10,2020-01-01,novo_caged_jan2020_anchor + stitched CAGED flows (back/forward)
MT,2020-11-01,730581,34960,2020,11,2020-01-01,novo_caged_jan2020_anchor + stitched CAGED flows (back/forward)
MT,2020-12-01,724118,32350,2020,12,2020-01-01,novo_caged_jan2020_anchor + stitched CAGED flows (back/forward)
MT,2021-01-01,736282,33567,2021,1,2020-01-01,novo_caged_jan2020_anchor + stitched CAGED flows (back/forward)
MT,2021-02-01,747416,34495,2021,2,2020-01-01,novo_caged_jan2020_anchor + stitched CAGED flows (back/forward)
MT,2021-03-01,749932,35475,2021,3,2020-01-01,novo_caged_jan2020_anchor + stitched CAGED flows (back/forward)
MT,2021-04-01,750339,37043,2021,4,2020-01-01,novo_caged_jan2020_anchor + stitched CAGED flows (back/forward)
MT,2021-05-01,758217,38245,2021,5,2020-01-01,novo_caged_jan2020_anchor + stitched CAGED flows (back/forward)
MT,2021-06-01,772550,39825,2021,6,2020-01-01,novo_caged_jan2020_anchor + stitched CAGED flows (back/forward)
MT,2021-07-01,785032,40980,2021,7,2020-01-01,novo_caged_jan2020_anchor + stitched CAGED flows (back/forward)
MT,2021-08-01,791289,42176,2021,8,2020-01-01,novo_caged_jan2020_anchor + stitched CAGED flows (back/forward)
MT,2021-09-01,796760,42683,2021,9,2020-01-01,novo_caged_jan2020_anchor + stitched CAGED flows (back/forward)
MT,2021-10-01,800054,42990,2021,10,2020-01-01,novo_caged_jan2020_anchor + stitched CAGED flows (back/forward)
MT,2021-11-01,800452,42668,2021,11,2020-01-01,novo_caged_jan2020_anchor + stitched CAGED flows (back/forward)
MT,2021-12-01,791854,39778,2021,12,2020-01-01,novo_caged_jan2020_anchor + stitched CAGED flows (back/forward)
MT,2022-01-01,807444,40845,2022,1,2020-01-01,novo_caged_jan2020_anchor + stitched CAGED flows (back/forward)
MT,2022-02-01,816730,42015,2022,2,2020-01-01,novo_caged_jan2020_anchor + stitched CAGED flows (back/forward)
MT,2022-03-01,815787,42463,2022,3,2020-01-01,novo_caged_jan2020_anchor + stitched CAGED flows (back/forward)
MT,2022-04-01,820264,43539,2022,4,2020-01-01,novo_caged_jan2020_anchor + stitched CAGED flows (back/forward)
MT,2022-05-01,828404,44832,2022,5,2020-01-01,novo_caged_jan2020_anchor + stitched CAGED flows (back/forward)
MT,2022-06-01,842283,46091,2022,6,2020-01-01,novo_caged_jan2020_anchor + stitched CAGED flows (back/forward)
MT,2022-07-01,850365,47578,2022,7,2020-01-01,novo_caged_jan2020_anchor + stitched CAGED flows (back/forward)
MT,2022-08-01,854582,49008,2022,8,2020-01-01,novo_caged_jan2020_anchor + stitched CAGED flows (back/forward)
MT,2022-09-01,860887,49422,2022,9,2020-01-01,novo_caged_jan2020_anchor + stitched CAGED flows (back/forward)
MT,2022-10-01,861688,48943,2022,10,2020-01-01,novo_caged_jan2020_anchor + stitched CAGED flows (back/forward)
MT,2022-11-01,856942,47634,2022,11,2020-01-01,novo_caged_jan2020_anchor + stitched CAGED flows (back/forward)
MT,2022-12-01,846809,43757,2022,12,2020-01-01,novo_caged_jan2020_anchor + stitched CAGED flows (back/forward)
MT,2023-01-01,863332,44751,2023,1,2020-01-01,novo_caged_jan2020_anchor + stitched CAGED flows (back/forward)
MT,2023-02-01,869006,45580,2023,2,2020-01-01,novo_caged_jan2020_anchor + stitched CAGED flows (back/forward)
MT,2023-03-01,869082,46642,2023,3,2020-01-01,novo_caged_jan2020_anchor + stitched CAGED flows (back/forward)
MT,2023-04-01,873121,48036,2023,4,2020-01-01,novo_caged_jan2020_anchor + stitched CAGED flows (back/forward)
MT,2023-05-01,876315,49024,2023,5,2020-01-01,novo_caged_jan2020_anchor + stitched CAGED flows (back/forward)
MT,2023-06-01,887127,50070,2023,6,2020-01-01,novo_caged_jan2020_anchor + stitched CAGED flows (back/forward)
MT,2023-07-01,893395,50990,2023,7,2020-01-01,novo_caged_jan2020_anchor + stitched CAGED flows (back/forward)
MT,2023-08-01,897974,52065,2023,8,2020-01-01,novo_caged_jan2020_anchor + stitched CAGED flows (back/forward)
MT,2023-09-01,902388,52356,2023,9,2020-01-01,novo_caged_jan2020_anchor + stitched CAGED flows (back/forward)
MT,2023-10-01,904055,52153,2023,10,2020-01-01,novo_caged_jan2020_anchor + stitched CAGED flows (back/forward)
MT,2023-11-01,898544,50770,2023,11,2020-01-01,novo_caged_jan2020_anchor + stitched CAGED flows (back/forward)
MT,2023-12-01,885957,45996,2023,12,2020-01-01,novo_caged_jan2020_anchor + stitched CAGED flows (back/forward)
MT,2024-01-01,903318,47082,2024,1,2020-01-01,novo_caged_jan2020_anchor + stitched CAGED flows (back/forward)
MT,2024-02-01,910725,48528,2024,2,2020-01-01,novo_caged_jan2020_anchor + stitched CAGED flows (back/forward)
MT,2024-03-01,911703,50212,2024,3,2020-01-01,novo_caged_jan2020_anchor + stitched CAGED flows (back/forward)
MT,2024-04-01,914830,52538,2024,4,2020-01-01,novo_caged_jan2020_anchor + stitched CAGED flows (back/forward)
MT,2024-05-01,918220,54644,2024,5,2020-01-01,novo_caged_jan2020_anchor + stitched CAGED flows (back/forward)
MT,2024-06-01,927924,55812,2024,6,2020-01-01,novo_caged_jan2020_anchor + stitched CAGED flows (back/forward)
MT,2024-07-01,933749,57243,2024,7,2020-01-01,novo_caged_jan2020_anchor + stitched CAGED flows (back/forward)
MT,2024-08-01,937540,58033,2024,8,2020-01-01,novo_caged_jan2020_anchor + stitched CAGED flows (back/forward)
MT,2024-09-01,939336,58283,2024,9,2020-01-01,novo_caged_jan2020_anchor + stitched CAGED flows (back/forward)
MT,2024-10-01,939161,57946,2024,10,2020-01-01,novo_caged_jan2020_anchor + stitched CAGED flows (back/forward)
MT,2024-11-01,931254,55166,2024,11,2020-01-01,novo_caged_jan2020_anchor + stitched CAGED flows (back/forward)
MT,2024-12-01,911387,49171,2024,12,2020-01-01,novo_caged_jan2020_anchor + stitched CAGED flows (back/forward)
MT,2025-01-01,931334,50498,2025,1,2020-01-01,novo_caged_jan2020_anchor + stitched CAGED flows (back/forward)
MT,2025-02-01,941174,51965,2025,2,2020-01-01,novo_caged_jan2020_anchor + stitched CAGED flows (back/forward)
MT,2025-03-01,937864,53864,2025,3,2020-01-01,novo_caged_jan2020_anchor + stitched CAGED flows (back/forward)
MT,2025-04-01,941079,55803,2025,4,2020-01-01,novo_caged_jan2020_anchor + stitched CAGED flows (back/forward)
MT,2025-05-01,944263,57290,2025,5,2020-01-01,novo_caged_jan2020_anchor + stitched CAGED flows (back/forward)
MT,2025-06-01,953675,58162,2025,6,2020-01-01,novo_caged_jan2020_anchor + stitched CAGED flows (back/forward)
MT,2025-07-01,963341,59802,2025,7,2020-01-01,novo_caged_jan2020_anchor + stitched CAGED flows (back/forward)
MT,2025-08-01,966076,60513,2025,8,2020-01-01,novo_caged_jan2020_anchor + stitched CAGED flows (back/forward)
MT,2025-09-01,969842,61427,2025,9,2020-01-01,novo_caged_jan2020_anchor + stitched CAGED flows (back/forward)
MT,2025-10-01,968222,60723,2025,10,2020-01-01,novo_caged_jan2020_anchor + stitched CAGED flows (back/forward)
MT,2025-11-01,962292,57836,2025,11,2020-01-01,novo_caged_jan2020_anchor + stitched CAGED flows (back/forward)
MT,2025-12-01,943008,51616,2025,12,2020-01-01,novo_caged_jan2020_anchor + stitched CAGED flows (back/forward)
MT,2026-01-01,961965,53219,2026,1,2020-01-01,novo_caged_jan2020_anchor + stitched CAGED flows (back/forward)
MT,2026-02-01,966830,54354,2026,2,2020-01-01,novo_caged_jan2020_anchor + stitched CAGED flows (back/forward)
MT,2026-03-01,965114,55473,2026,3,2020-01-01,novo_caged_jan2020_anchor + stitched CAGED flows (back/forward)
PA,2007-01-01,664663,85449,2007,1,2020-01-01,novo_caged_jan2020_anchor + stitched CAGED flows (back/forward)
PA,2007-02-01,666496,85499,2007,2,2020-01-01,novo_caged_jan2020_anchor + stitched CAGED flows (back/forward)
PA,2007-03-01,666127,85543,2007,3,2020-01-01,novo_caged_jan2020_anchor + stitched CAGED flows (back/forward)
PA,2007-04-01,669609,85553,2007,4,2020-01-01,novo_caged_jan2020_anchor + stitched CAGED flows (back/forward)
PA,2007-05-01,672006,85664,2007,5,2020-01-01,novo_caged_jan2020_anchor + stitched CAGED flows (back/forward)
PA,2007-06-01,674916,85893,2007,6,2020-01-01,novo_caged_jan2020_anchor + stitched CAGED flows (back/forward)
PA,2007-07-01,681846,86323,2007,7,2020-01-01,novo_caged_jan2020_anchor + stitched CAGED flows (back/forward)
PA,2007-08-01,687566,86749,2007,8,2020-01-01,novo_caged_jan2020_anchor + stitched CAGED flows (back/forward)
PA,2007-09-01,692030,86972,2007,9,2020-01-01,novo_caged_jan2020_anchor + stitched CAGED flows (back/forward)
PA,2007-10-01,694741,87109,2007,10,2020-01-01,novo_caged_jan2020_anchor + stitched CAGED flows (back/forward)
PA,2007-11-01,698573,87440,2007,11,2020-01-01,novo_caged_jan2020_anchor + stitched CAGED flows (back/forward)
PA,2007-12-01,694606,87508,2007,12,2020-01-01,novo_caged_jan2020_anchor + stitched CAGED flows (back/forward)
PA,2008-01-01,694237,87358,2008,1,2020-01-01,novo_caged_jan2020_anchor + stitched CAGED flows (back/forward)
PA,2008-02-01,695160,87273,2008,2,2020-01-01,novo_caged_jan2020_anchor + stitched CAGED flows (back/forward)
PA,2008-03-01,693713,86727,2008,3,2020-01-01,novo_caged_jan2020_anchor + stitched CAGED flows (back/forward)
PA,2008-04-01,695682,86629,2008,4,2020-01-01,novo_caged_jan2020_anchor + stitched CAGED flows (back/forward)
PA,2008-05-01,697732,87216,2008,5,2020-01-01,novo_caged_jan2020_anchor + stitched CAGED flows (back/forward)
PA,2008-06-01,703229,88898,2008,6,2020-01-01,novo_caged_jan2020_anchor + stitched CAGED flows (back/forward)
PA,2008-07-01,706940,90166,2008,7,2020-01-01,novo_caged_jan2020_anchor + stitched CAGED flows (back/forward)
PA,2008-08-01,712879,90962,2008,8,2020-01-01,novo_caged_jan2020_anchor + stitched CAGED flows (back/forward)
PA,2008-09-01,716423,91512,2008,9,2020-01-01,novo_caged_jan2020_anchor + stitched CAGED flows (back/forward)
PA,2008-10-01,716606,91879,2008,10,2020-01-01,novo_caged_jan2020_anchor + stitched CAGED flows (back/forward)
PA,2008-11-01,714707,90751,2008,11,2020-01-01,novo_caged_jan2020_anchor + stitched CAGED flows (back/forward)
PA,2008-12-01,703332,87699,2008,12,2020-01-01,novo_caged_jan2020_anchor + stitched CAGED flows (back/forward)
PA,2009-01-01,699800,86889,2009,1,2020-01-01,novo_caged_jan2020_anchor + stitched CAGED flows (back/forward)
PA,2009-02-01,697316,84633,2009,2,2020-01-01,novo_caged_jan2020_anchor + stitched CAGED flows (back/forward)
PA,2009-03-01,691673,82177,2009,3,2020-01-01,novo_caged_jan2020_anchor + stitched CAGED flows (back/forward)
PA,2009-04-01,689530,80781,2009,4,2020-01-01,novo_caged_jan2020_anchor + stitched CAGED flows (back/forward)
PA,2009-05-01,688848,80492,2009,5,2020-01-01,novo_caged_jan2020_anchor + stitched CAGED flows (back/forward)
PA,2009-06-01,689905,81506,2009,6,2020-01-01,novo_caged_jan2020_anchor + stitched CAGED flows (back/forward)
PA,2009-07-01,694355,84002,2009,7,2020-01-01,novo_caged_jan2020_anchor + stitched CAGED flows (back/forward)
PA,2009-08-01,701559,85720,2009,8,2020-01-01,novo_caged_jan2020_anchor + stitched CAGED flows (back/forward)
PA,2009-09-01,706361,87167,2009,9,2020-01-01,novo_caged_jan2020_anchor + stitched CAGED flows (back/forward)
PA,2009-10-01,711989,88595,2009,10,2020-01-01,novo_caged_jan2020_anchor + stitched CAGED flows (back/forward)
PA,2009-11-01,715670,89094,2009,11,2020-01-01,novo_caged_jan2020_anchor + stitched CAGED flows (back/forward)
PA,2009-12-01,710712,87483,2009,12,2020-01-01,novo_caged_jan2020_anchor + stitched CAGED flows (back/forward)
PA,2010-01-01,712392,87894,2010,1,2020-01-01,novo_caged_jan2020_anchor + stitched CAGED flows (back/forward)
PA,2010-02-01,716595,88523,2010,2,2020-01-01,novo_caged_jan2020_anchor + stitched CAGED flows (back/forward)
PA,2010-03-01,717345,88631,2010,3,2020-01-01,novo_caged_jan2020_anchor + stitched CAGED flows (back/forward)
PA,2010-04-01,720339,89671,2010,4,2020-01-01,novo_caged_jan2020_anchor + stitched CAGED flows (back/forward)
PA,2010-05-01,724510,89671,2010,5,2020-01-01,novo_caged_jan2020_anchor + stitched CAGED flows (back/forward)
PA,2010-06-01,727903,89671,2010,6,2020-01-01,novo_caged_jan2020_anchor + stitched CAGED flows (back/forward)
PA,2010-07-01,733996,91494,2010,7,2020-01-01,novo_caged_jan2020_anchor + stitched CAGED flows (back/forward)
PA,2010-08-01,740387,92455,2010,8,2020-01-01,novo_caged_jan2020_anchor + stitched CAGED flows (back/forward)
PA,2010-09-01,744992,92897,2010,9,2020-01-01,novo_caged_jan2020_anchor + stitched CAGED flows (back/forward)
PA,2010-10-01,748307,92897,2010,10,2020-01-01,novo_caged_jan2020_anchor + stitched CAGED flows (back/forward)
PA,2010-11-01,751734,92633,2010,11,2020-01-01,novo_caged_jan2020_anchor + stitched CAGED flows (back/forward)
PA,2010-12-01,746106,90464,2010,12,2020-01-01,novo_caged_jan2020_anchor + stitched CAGED flows (back/forward)
PA,2011-01-01,746961,90499,2011,1,2020-01-01,novo_caged_jan2020_anchor + stitched CAGED flows (back/forward)
PA,2011-02-01,751169,91127,2011,2,2020-01-01,novo_caged_jan2020_anchor + stitched CAGED flows (back/forward)
PA,2011-03-01,749712,90484,2011,3,2020-01-01,novo_caged_jan2020_anchor + stitched CAGED flows (back/forward)
PA,2011-04-01,752730,90846,2011,4,2020-01-01,novo_caged_jan2020_anchor + stitched CAGED flows (back/forward)
PA,2011-05-01,753888,91415,2011,5,2020-01-01,novo_caged_jan2020_anchor + stitched CAGED flows (back/forward)
PA,2011-06-01,758090,92888,2011,6,2020-01-01,novo_caged_jan2020_anchor + stitched CAGED flows (back/forward)
PA,2011-07-01,764860,96347,2011,7,2020-01-01,novo_caged_jan2020_anchor + stitched CAGED flows (back/forward)
PA,2011-08-01,771523,99964,2011,8,2020-01-01,novo_caged_jan2020_anchor + stitched CAGED flows (back/forward)
PA,2011-09-01,777398,101376,2011,9,2020-01-01,novo_caged_jan2020_anchor + stitched CAGED flows (back/forward)
PA,2011-10-01,783361,103978,2011,10,2020-01-01,novo_caged_jan2020_anchor + stitched CAGED flows (back/forward)
PA,2011-11-01,787587,105121,2011,11,2020-01-01,novo_caged_jan2020_anchor + stitched CAGED flows (back/forward)
PA,2011-12-01,780473,102725,2011,12,2020-01-01,novo_caged_jan2020_anchor + stitched CAGED flows (back/forward)
PA,2012-01-01,781103,102086,2012,1,2020-01-01,novo_caged_jan2020_anchor + stitched CAGED flows (back/forward)
PA,2012-02-01,783240,103185,2012,2,2020-01-01,novo_caged_jan2020_anchor + stitched CAGED flows (back/forward)
PA,2012-03-01,783094,104106,2012,3,2020-01-01,novo_caged_jan2020_anchor + stitched CAGED flows (back/forward)
PA,2012-04-01,787756,106138,2012,4,2020-01-01,novo_caged_jan2020_anchor + stitched CAGED flows (back/forward)
PA,2012-05-01,789972,106138,2012,5,2020-01-01,novo_caged_jan2020_anchor + stitched CAGED flows (back/forward)
PA,2012-06-01,796022,108279,2012,6,2020-01-01,novo_caged_jan2020_anchor + stitched CAGED flows (back/forward)
PA,2012-07-01,802781,111879,2012,7,2020-01-01,novo_caged_jan2020_anchor + stitched CAGED flows (back/forward)
PA,2012-08-01,805009,112259,2012,8,2020-01-01,novo_caged_jan2020_anchor + stitched CAGED flows (back/forward)
PA,2012-09-01,808502,114417,2012,9,2020-01-01,novo_caged_jan2020_anchor + stitched CAGED flows (back/forward)
PA,2012-10-01,809902,114417,2012,10,2020-01-01,novo_caged_jan2020_anchor + stitched CAGED flows (back/forward)
PA,2012-11-01,809372,113310,2012,11,2020-01-01,novo_caged_jan2020_anchor + stitched CAGED flows (back/forward)
PA,2012-12-01,798097,109666,2012,12,2020-01-01,novo_caged_jan2020_anchor + stitched CAGED flows (back/forward)
PA,2013-01-01,795091,109587,2013,1,2020-01-01,novo_caged_jan2020_anchor + stitched CAGED flows (back/forward)
PA,2013-02-01,797301,110856,2013,2,2020-01-01,novo_caged_jan2020_anchor + stitched CAGED flows (back/forward)
PA,2013-03-01,797987,112976,2013,3,2020-01-01,novo_caged_jan2020_anchor + stitched CAGED flows (back/forward)
PA,2013-04-01,798137,112952,2013,4,2020-01-01,novo_caged_jan2020_anchor + stitched CAGED flows (back/forward)
PA,2013-05-01,798092,113461,2013,5,2020-01-01,novo_caged_jan2020_anchor + stitched CAGED flows (back/forward)
PA,2013-06-01,801056,115994,2013,6,2020-01-01,novo_caged_jan2020_anchor + stitched CAGED flows (back/forward)
PA,2013-07-01,804798,118424,2013,7,2020-01-01,novo_caged_jan2020_anchor + stitched CAGED flows (back/forward)
PA,2013-08-01,806810,119318,2013,8,2020-01-01,novo_caged_jan2020_anchor + stitched CAGED flows (back/forward)
PA,2013-09-01,814127,124149,2013,9,2020-01-01,novo_caged_jan2020_anchor + stitched CAGED flows (back/forward)
PA,2013-10-01,816613,125958,2013,10,2020-01-01,novo_caged_jan2020_anchor + stitched CAGED flows (back/forward)
PA,2013-11-01,817786,125315,2013,11,2020-01-01,novo_caged_jan2020_anchor + stitched CAGED flows (back/forward)
PA,2013-12-01,810455,122494,2013,12,2020-01-01,novo_caged_jan2020_anchor + stitched CAGED flows (back/forward)
PA,2014-01-01,806797,120775,2014,1,2020-01-01,novo_caged_jan2020_anchor + stitched CAGED flows (back/forward)
PA,2014-02-01,808782,118703,2014,2,2020-01-01,novo_caged_jan2020_anchor + stitched CAGED flows (back/forward)
PA,2014-03-01,807645,119167,2014,3,2020-01-01,novo_caged_jan2020_anchor + stitched CAGED flows (back/forward)
PA,2014-04-01,810668,122054,2014,4,2020-01-01,novo_caged_jan2020_anchor + stitched CAGED flows (back/forward)
PA,2014-05-01,815872,126801,2014,5,2020-01-01,novo_caged_jan2020_anchor + stitched CAGED flows (back/forward)
PA,2014-06-01,821897,132333,2014,6,2020-01-01,novo_caged_jan2020_anchor + stitched CAGED flows (back/forward)
PA,2014-07-01,828184,137133,2014,7,2020-01-01,novo_caged_jan2020_anchor + stitched CAGED flows (back/forward)
PA,2014-08-01,833268,138360,2014,8,2020-01-01,novo_caged_jan2020_anchor + stitched CAGED flows (back/forward)
PA,2014-09-01,838058,140596,2014,9,2020-01-01,novo_caged_jan2020_anchor + stitched CAGED flows (back/forward)
PA,2014-10-01,835721,137665,2014,10,2020-01-01,novo_caged_jan2020_anchor + stitched CAGED flows (back/forward)
PA,2014-11-01,833441,133682,2014,11,2020-01-01,novo_caged_jan2020_anchor + stitched CAGED flows (back/forward)
PA,2014-12-01,816467,123652,2014,12,2020-01-01,novo_caged_jan2020_anchor + stitched CAGED flows (back/forward)
PA,2015-01-01,811832,123652,2015,1,2020-01-01,novo_caged_jan2020_anchor + stitched CAGED flows (back/forward)
PA,2015-02-01,810981,122477,2015,2,2020-01-01,novo_caged_jan2020_anchor + stitched CAGED flows (back/forward)
PA,2015-03-01,808319,121650,2015,3,2020-01-01,novo_caged_jan2020_anchor + stitched CAGED flows (back/forward)
PA,2015-04-01,805339,119444,2015,4,2020-01-01,novo_caged_jan2020_anchor + stitched CAGED flows (back/forward)
PA,2015-05-01,804166,119320,2015,5,2020-01-01,novo_caged_jan2020_anchor + stitched CAGED flows (back/forward)
PA,2015-06-01,802456,118034,2015,6,2020-01-01,novo_caged_jan2020_anchor + stitched CAGED flows (back/forward)
PA,2015-07-01,805090,120001,2015,7,2020-01-01,novo_caged_jan2020_anchor + stitched CAGED flows (back/forward)
PA,2015-08-01,803778,117933,2015,8,2020-01-01,novo_caged_jan2020_anchor + stitched CAGED flows (back/forward)
PA,2015-09-01,803037,117295,2015,9,2020-01-01,novo_caged_jan2020_anchor + stitched CAGED flows (back/forward)
PA,2015-10-01,793901,110855,2015,10,2020-01-01,novo_caged_jan2020_anchor + stitched CAGED flows (back/forward)
PA,2015-11-01,785961,104802,2015,11,2020-01-01,novo_caged_jan2020_anchor + stitched CAGED flows (back/forward)
PA,2015-12-01,771891,98088,2015,12,2020-01-01,novo_caged_jan2020_anchor + stitched CAGED flows (back/forward)
PA,2016-01-01,767421,96597,2016,1,2020-01-01,novo_caged_jan2020_anchor + stitched CAGED flows (back/forward)
PA,2016-02-01,765057,94648,2016,2,2020-01-01,novo_caged_jan2020_anchor + stitched CAGED flows (back/forward)
PA,2016-03-01,759761,93250,2016,3,2020-01-01,novo_caged_jan2020_anchor + stitched CAGED flows (back/forward)
PA,2016-04-01,757633,92211,2016,4,2020-01-01,novo_caged_jan2020_anchor + stitched CAGED flows (back/forward)
PA,2016-05-01,754720,90730,2016,5,2020-01-01,novo_caged_jan2020_anchor + stitched CAGED flows (back/forward)
PA,2016-06-01,752620,90312,2016,6,2020-01-01,novo_caged_jan2020_anchor + stitched CAGED flows (back/forward)
PA,2016-07-01,751089,89623,2016,7,2020-01-01,novo_caged_jan2020_anchor + stitched CAGED flows (back/forward)
PA,2016-08-01,748170,86196,2016,8,2020-01-01,novo_caged_jan2020_anchor + stitched CAGED flows (back/forward)
PA,2016-09-01,747163,85549,2016,9,2020-01-01,novo_caged_jan2020_anchor + stitched CAGED flows (back/forward)
PA,2016-10-01,742544,82684,2016,10,2020-01-01,novo_caged_jan2020_anchor + stitched CAGED flows (back/forward)
PA,2016-11-01,739039,79815,2016,11,2020-01-01,novo_caged_jan2020_anchor + stitched CAGED flows (back/forward)
PA,2016-12-01,728443,75203,2016,12,2020-01-01,novo_caged_jan2020_anchor + stitched CAGED flows (back/forward)
PA,2017-01-01,725634,74224,2017,1,2020-01-01,novo_caged_jan2020_anchor + stitched CAGED flows (back/forward)
PA,2017-02-01,723596,71837,2017,2,2020-01-01,novo_caged_jan2020_anchor + stitched CAGED flows (back/forward)
PA,2017-03-01,720280,71676,2017,3,2020-01-01,novo_caged_jan2020_anchor + stitched CAGED flows (back/forward)
PA,2017-04-01,718983,70490,2017,4,2020-01-01,novo_caged_jan2020_anchor + stitched CAGED flows (back/forward)
PA,2017-05-01,717131,70690,2017,5,2020-01-01,novo_caged_jan2020_anchor + stitched CAGED flows (back/forward)
PA,2017-06-01,717805,70960,2017,6,2020-01-01,novo_caged_jan2020_anchor + stitched CAGED flows (back/forward)
PA,2017-07-01,719667,71918,2017,7,2020-01-01,novo_caged_jan2020_anchor + stitched CAGED flows (back/forward)
PA,2017-08-01,719143,70863,2017,8,2020-01-01,novo_caged_jan2020_anchor + stitched CAGED flows (back/forward)
PA,2017-09-01,722426,71800,2017,9,2020-01-01,novo_caged_jan2020_anchor + stitched CAGED flows (back/forward)
PA,2017-10-01,723093,71038,2017,10,2020-01-01,novo_caged_jan2020_anchor + stitched CAGED flows (back/forward)
PA,2017-11-01,723822,70877,2017,11,2020-01-01,novo_caged_jan2020_anchor + stitched CAGED flows (back/forward)
PA,2017-12-01,717000,67912,2017,12,2020-01-01,novo_caged_jan2020_anchor + stitched CAGED flows (back/forward)
PA,2018-01-01,712919,65296,2018,1,2020-01-01,novo_caged_jan2020_anchor + stitched CAGED flows (back/forward)
PA,2018-02-01,713192,63542,2018,2,2020-01-01,novo_caged_jan2020_anchor + stitched CAGED flows (back/forward)
PA,2018-03-01,712405,63349,2018,3,2020-01-01,novo_caged_jan2020_anchor + stitched CAGED flows (back/forward)
PA,2018-04-01,715178,63638,2018,4,2020-01-01,novo_caged_jan2020_anchor + stitched CAGED flows (back/forward)
PA,2018-05-01,717187,65225,2018,5,2020-01-01,novo_caged_jan2020_anchor + stitched CAGED flows (back/forward)
PA,2018-06-01,718011,67081,2018,6,2020-01-01,novo_caged_jan2020_anchor + stitched CAGED flows (back/forward)
PA,2018-07-01,721520,69573,2018,7,2020-01-01,novo_caged_jan2020_anchor + stitched CAGED flows (back/forward)
PA,2018-08-01,727757,71479,2018,8,2020-01-01,novo_caged_jan2020_anchor + stitched CAGED flows (back/forward)
PA,2018-09-01,733277,72895,2018,9,2020-01-01,novo_caged_jan2020_anchor + stitched CAGED flows (back/forward)
PA,2018-10-01,733784,72689,2018,10,2020-01-01,novo_caged_jan2020_anchor + stitched CAGED flows (back/forward)
PA,2018-11-01,734341,71330,2018,11,2020-01-01,novo_caged_jan2020_anchor + stitched CAGED flows (back/forward)
PA,2018-12-01,727491,68343,2018,12,2020-01-01,novo_caged_jan2020_anchor + stitched CAGED flows (back/forward)
PA,2019-01-01,724572,68343,2019,1,2020-01-01,novo_caged_jan2020_anchor + stitched CAGED flows (back/forward)
PA,2019-02-01,725209,67324,2019,2,2020-01-01,novo_caged_jan2020_anchor + stitched CAGED flows (back/forward)
PA,2019-03-01,721093,67324,2019,3,2020-01-01,novo_caged_jan2020_anchor + stitched CAGED flows (back/forward)
PA,2019-04-01,721068,66763,2019,4,2020-01-01,novo_caged_jan2020_anchor + stitched CAGED flows (back/forward)
PA,2019-05-01,723617,67535,2019,5,2020-01-01,novo_caged_jan2020_anchor + stitched CAGED flows (back/forward)
PA,2019-06-01,724754,68622,2019,6,2020-01-01,novo_caged_jan2020_anchor + stitched CAGED flows (back/forward)
PA,2019-07-01,727752,71060,2019,7,2020-01-01,novo_caged_jan2020_anchor + stitched CAGED flows (back/forward)
PA,2019-08-01,733863,71600,2019,8,2020-01-01,novo_caged_jan2020_anchor + stitched CAGED flows (back/forward)
PA,2019-09-01,739160,72479,2019,9,2020-01-01,novo_caged_jan2020_anchor + stitched CAGED flows (back/forward)
PA,2019-10-01,741881,72409,2019,10,2020-01-01,novo_caged_jan2020_anchor + stitched CAGED flows (back/forward)
PA,2019-11-01,745004,72304,2019,11,2020-01-01,novo_caged_jan2020_anchor + stitched CAGED flows (back/forward)
PA,2019-12-01,738688,70454,2019,12,2020-01-01,novo_caged_jan2020_anchor + stitched CAGED flows (back/forward)
PA,2020-01-01,739864,70224,2020,1,2020-01-01,novo_caged_jan2020_anchor + stitched CAGED flows (back/forward)
PA,2020-02-01,744291,69491,2020,2,2020-01-01,novo_caged_jan2020_anchor + stitched CAGED flows (back/forward)
PA,2020-03-01,741590,69458,2020,3,2020-01-01,novo_caged_jan2020_anchor + stitched CAGED flows (back/forward)
PA,2020-04-01,730643,67625,2020,4,2020-01-01,novo_caged_jan2020_anchor + stitched CAGED flows (back/forward)
PA,2020-05-01,727195,67396,2020,5,2020-01-01,novo_caged_jan2020_anchor + stitched CAGED flows (back/forward)
PA,2020-06-01,732047,69876,2020,6,2020-01-01,novo_caged_jan2020_anchor + stitched CAGED flows (back/forward)
PA,2020-07-01,740550,73127,2020,7,2020-01-01,novo_caged_jan2020_anchor + stitched CAGED flows (back/forward)
PA,2020-08-01,750662,76719,2020,8,2020-01-01,novo_caged_jan2020_anchor + stitched CAGED flows (back/forward)
PA,2020-09-01,760603,80533,2020,9,2020-01-01,novo_caged_jan2020_anchor + stitched CAGED flows (back/forward)
PA,2020-10-01,770339,81770,2020,10,2020-01-01,novo_caged_jan2020_anchor + stitched CAGED flows (back/forward)
PA,2020-11-01,776197,79896,2020,11,2020-01-01,novo_caged_jan2020_anchor + stitched CAGED flows (back/forward)
PA,2020-12-01,768556,75450,2020,12,2020-01-01,novo_caged_jan2020_anchor + stitched CAGED flows (back/forward)
PA,2021-01-01,771955,75619,2021,1,2020-01-01,novo_caged_jan2020_anchor + stitched CAGED flows (back/forward)
PA,2021-02-01,780644,76374,2021,2,2020-01-01,novo_caged_jan2020_anchor + stitched CAGED flows (back/forward)
PA,2021-03-01,786027,76509,2021,3,2020-01-01,novo_caged_jan2020_anchor + stitched CAGED flows (back/forward)
PA,2021-04-01,791118,77197,2021,4,2020-01-01,novo_caged_jan2020_anchor + stitched CAGED flows (back/forward)
PA,2021-05-01,800666,80364,2021,5,2020-01-01,novo_caged_jan2020_anchor + stitched CAGED flows (back/forward)
PA,2021-06-01,811897,83992,2021,6,2020-01-01,novo_caged_jan2020_anchor + stitched CAGED flows (back/forward)
PA,2021-07-01,822250,86604,2021,7,2020-01-01,novo_caged_jan2020_anchor + stitched CAGED flows (back/forward)
PA,2021-08-01,832344,88205,2021,8,2020-01-01,novo_caged_jan2020_anchor + stitched CAGED flows (back/forward)
PA,2021-09-01,840846,90625,2021,9,2020-01-01,novo_caged_jan2020_anchor + stitched CAGED flows (back/forward)
PA,2021-10-01,843900,91487,2021,10,2020-01-01,novo_caged_jan2020_anchor + stitched CAGED flows (back/forward)
PA,2021-11-01,850320,92139,2021,11,2020-01-01,novo_caged_jan2020_anchor + stitched CAGED flows (back/forward)
PA,2021-12-01,842718,88983,2021,12,2020-01-01,novo_caged_jan2020_anchor + stitched CAGED flows (back/forward)
PA,2022-01-01,842342,87359,2022,1,2020-01-01,novo_caged_jan2020_anchor + stitched CAGED flows (back/forward)
PA,2022-02-01,846063,86991,2022,2,2020-01-01,novo_caged_jan2020_anchor + stitched CAGED flows (back/forward)
PA,2022-03-01,847919,86913,2022,3,2020-01-01,novo_caged_jan2020_anchor + stitched CAGED flows (back/forward)
PA,2022-04-01,852779,87849,2022,4,2020-01-01,novo_caged_jan2020_anchor + stitched CAGED flows (back/forward)
PA,2022-05-01,859170,89577,2022,5,2020-01-01,novo_caged_jan2020_anchor + stitched CAGED flows (back/forward)
PA,2022-06-01,869521,92962,2022,6,2020-01-01,novo_caged_jan2020_anchor + stitched CAGED flows (back/forward)
PA,2022-07-01,875745,94338,2022,7,2020-01-01,novo_caged_jan2020_anchor + stitched CAGED flows (back/forward)
PA,2022-08-01,883876,96318,2022,8,2020-01-01,novo_caged_jan2020_anchor + stitched CAGED flows (back/forward)
PA,2022-09-01,891907,99085,2022,9,2020-01-01,novo_caged_jan2020_anchor + stitched CAGED flows (back/forward)
PA,2022-10-01,893531,98563,2022,10,2020-01-01,novo_caged_jan2020_anchor + stitched CAGED flows (back/forward)
PA,2022-11-01,891873,94980,2022,11,2020-01-01,novo_caged_jan2020_anchor + stitched CAGED flows (back/forward)
PA,2022-12-01,874874,88046,2022,12,2020-01-01,novo_caged_jan2020_anchor + stitched CAGED flows (back/forward)
PA,2023-01-01,872964,86483,2023,1,2020-01-01,novo_caged_jan2020_anchor + stitched CAGED flows (back/forward)
PA,2023-02-01,878636,86511,2023,2,2020-01-01,novo_caged_jan2020_anchor + stitched CAGED flows (back/forward)
PA,2023-03-01,882959,86612,2023,3,2020-01-01,novo_caged_jan2020_anchor + stitched CAGED flows (back/forward)
PA,2023-04-01,889192,87374,2023,4,2020-01-01,novo_caged_jan2020_anchor + stitched CAGED flows (back/forward)
PA,2023-05-01,896686,90384,2023,5,2020-01-01,novo_caged_jan2020_anchor + stitched CAGED flows (back/forward)
PA,2023-06-01,903471,94208,2023,6,2020-01-01,novo_caged_jan2020_anchor + stitched CAGED flows (back/forward)
PA,2023-07-01,910410,97290,2023,7,2020-01-01,novo_caged_jan2020_anchor + stitched CAGED flows (back/forward)
PA,2023-08-01,917372,99984,2023,8,2020-01-01,novo_caged_jan2020_anchor + stitched CAGED flows (back/forward)
PA,2023-09-01,925857,102695,2023,9,2020-01-01,novo_caged_jan2020_anchor + stitched CAGED flows (back/forward)
PA,2023-10-01,930478,103609,2023,10,2020-01-01,novo_caged_jan2020_anchor + stitched CAGED flows (back/forward)
PA,2023-11-01,930284,100595,2023,11,2020-01-01,novo_caged_jan2020_anchor + stitched CAGED flows (back/forward)
PA,2023-12-01,920215,95755,2023,12,2020-01-01,novo_caged_jan2020_anchor + stitched CAGED flows (back/forward)
PA,2024-01-01,920602,95207,2024,1,2020-01-01,novo_caged_jan2020_anchor + stitched CAGED flows (back/forward)
PA,2024-02-01,927895,96972,2024,2,2020-01-01,novo_caged_jan2020_anchor + stitched CAGED flows (back/forward)
PA,2024-03-01,929938,97850,2024,3,2020-01-01,novo_caged_jan2020_anchor + stitched CAGED flows (back/forward)
PA,2024-04-01,936798,99083,2024,4,2020-01-01,novo_caged_jan2020_anchor + stitched CAGED flows (back/forward)
PA,2024-05-01,940287,101042,2024,5,2020-01-01,novo_caged_jan2020_anchor + stitched CAGED flows (back/forward)
PA,2024-06-01,948284,104094,2024,6,2020-01-01,novo_caged_jan2020_anchor + stitched CAGED flows (back/forward)
PA,2024-07-01,953479,105958,2024,7,2020-01-01,novo_caged_jan2020_anchor + stitched CAGED flows (back/forward)
PA,2024-08-01,958375,106861,2024,8,2020-01-01,novo_caged_jan2020_anchor + stitched CAGED flows (back/forward)
PA,2024-09-01,967077,108944,2024,9,2020-01-01,novo_caged_jan2020_anchor + stitched CAGED flows (back/forward)
PA,2024-10-01,969742,109098,2024,10,2020-01-01,novo_caged_jan2020_anchor + stitched CAGED flows (back/forward)
PA,2024-11-01,971190,107046,2024,11,2020-01-01,novo_caged_jan2020_anchor + stitched CAGED flows (back/forward)
PA,2024-12-01,959422,102001,2024,12,2020-01-01,novo_caged_jan2020_anchor + stitched CAGED flows (back/forward)
PA,2025-01-01,958095,100097,2025,1,2020-01-01,novo_caged_jan2020_anchor + stitched CAGED flows (back/forward)
PA,2025-02-01,967761,100555,2025,2,2020-01-01,novo_caged_jan2020_anchor + stitched CAGED flows (back/forward)
PA,2025-03-01,969497,101421,2025,3,2020-01-01,novo_caged_jan2020_anchor + stitched CAGED flows (back/forward)
PA,2025-04-01,974730,102417,2025,4,2020-01-01,novo_caged_jan2020_anchor + stitched CAGED flows (back/forward)
PA,2025-05-01,980000,104453,2025,5,2020-01-01,novo_caged_jan2020_anchor + stitched CAGED flows (back/forward)
PA,2025-06-01,985648,106039,2025,6,2020-01-01,novo_caged_jan2020_anchor + stitched CAGED flows (back/forward)
PA,2025-07-01,990788,107207,2025,7,2020-01-01,novo_caged_jan2020_anchor + stitched CAGED flows (back/forward)
PA,2025-08-01,996537,107751,2025,8,2020-01-01,novo_caged_jan2020_anchor + stitched CAGED flows (back/forward)
PA,2025-09-01,1006576,109353,2025,9,2020-01-01,novo_caged_jan2020_anchor + stitched CAGED flows (back/forward)
PA,2025-10-01,1009149,107137,2025,10,2020-01-01,novo_caged_jan2020_anchor + stitched CAGED flows (back/forward)
PA,2025-11-01,1011123,104485,2025,11,2020-01-01,novo_caged_jan2020_anchor + stitched CAGED flows (back/forward)
PA,2025-12-01,995461,97917,2025,12,2020-01-01,novo_caged_jan2020_anchor + stitched CAGED flows (back/forward)
PA,2026-01-01,995668,97472,2026,1,2020-01-01,novo_caged_jan2020_anchor + stitched CAGED flows (back/forward)
PA,2026-02-01,1000916,98018,2026,2,2020-01-01,novo_caged_jan2020_anchor + stitched CAGED flows (back/forward)
PA,2026-03-01,1002911,97747,2026,3,2020-01-01,novo_caged_jan2020_anchor + stitched CAGED flows (back/forward)
PB,2007-01-01,322702,29184,2007,1,2020-01-01,novo_caged_jan2020_anchor + stitched CAGED flows (back/forward)
PB,2007-02-01,321366,29405,2007,2,2020-01-01,novo_caged_jan2020_anchor + stitched CAGED flows (back/forward)
PB,2007-03-01,321394,29722,2007,3,2020-01-01,novo_caged_jan2020_anchor + stitched CAGED flows (back/forward)
PB,2007-04-01,323498,30001,2007,4,2020-01-01,novo_caged_jan2020_anchor + stitched CAGED flows (back/forward)
PB,2007-05-01,324944,30153,2007,5,2020-01-01,novo_caged_jan2020_anchor + stitched CAGED flows (back/forward)
PB,2007-06-01,325249,29970,2007,6,2020-01-01,novo_caged_jan2020_anchor + stitched CAGED flows (back/forward)
PB,2007-07-01,328193,30126,2007,7,2020-01-01,novo_caged_jan2020_anchor + stitched CAGED flows (back/forward)
PB,2007-08-01,333096,30314,2007,8,2020-01-01,novo_caged_jan2020_anchor + stitched CAGED flows (back/forward)
PB,2007-09-01,336551,30605,2007,9,2020-01-01,novo_caged_jan2020_anchor + stitched CAGED flows (back/forward)
PB,2007-10-01,339937,30829,2007,10,2020-01-01,novo_caged_jan2020_anchor + stitched CAGED flows (back/forward)
PB,2007-11-01,341711,30820,2007,11,2020-01-01,novo_caged_jan2020_anchor + stitched CAGED flows (back/forward)
PB,2007-12-01,341262,30673,2007,12,2020-01-01,novo_caged_jan2020_anchor + stitched CAGED flows (back/forward)
PB,2008-01-01,341580,30705,2008,1,2020-01-01,novo_caged_jan2020_anchor + stitched CAGED flows (back/forward)
PB,2008-02-01,335520,30957,2008,2,2020-01-01,novo_caged_jan2020_anchor + stitched CAGED flows (back/forward)
PB,2008-03-01,332015,30945,2008,3,2020-01-01,novo_caged_jan2020_anchor + stitched CAGED flows (back/forward)
PB,2008-04-01,332863,30799,2008,4,2020-01-01,novo_caged_jan2020_anchor + stitched CAGED flows (back/forward)
PB,2008-05-01,333495,30614,2008,5,2020-01-01,novo_caged_jan2020_anchor + stitched CAGED flows (back/forward)
PB,2008-06-01,335220,30797,2008,6,2020-01-01,novo_caged_jan2020_anchor + stitched CAGED flows (back/forward)
PB,2008-07-01,338706,31424,2008,7,2020-01-01,novo_caged_jan2020_anchor + stitched CAGED flows (back/forward)
PB,2008-08-01,346897,32063,2008,8,2020-01-01,novo_caged_jan2020_anchor + stitched CAGED flows (back/forward)
PB,2008-09-01,350464,32669,2008,9,2020-01-01,novo_caged_jan2020_anchor + stitched CAGED flows (back/forward)
PB,2008-10-01,352110,33140,2008,10,2020-01-01,novo_caged_jan2020_anchor + stitched CAGED flows (back/forward)
PB,2008-11-01,353557,33162,2008,11,2020-01-01,novo_caged_jan2020_anchor + stitched CAGED flows (back/forward)
PB,2008-12-01,351157,32376,2008,12,2020-01-01,novo_caged_jan2020_anchor + stitched CAGED flows (back/forward)
PB,2009-01-01,350867,32822,2009,1,2020-01-01,novo_caged_jan2020_anchor + stitched CAGED flows (back/forward)
PB,2009-02-01,346031,32965,2009,2,2020-01-01,novo_caged_jan2020_anchor + stitched CAGED flows (back/forward)
PB,2009-03-01,341841,32657,2009,3,2020-01-01,novo_caged_jan2020_anchor + stitched CAGED flows (back/forward)
PB,2009-04-01,341710,32895,2009,4,2020-01-01,novo_caged_jan2020_anchor + stitched CAGED flows (back/forward)
PB,2009-05-01,342759,33045,2009,5,2020-01-01,novo_caged_jan2020_anchor + stitched CAGED flows (back/forward)
PB,2009-06-01,343603,33098,2009,6,2020-01-01,novo_caged_jan2020_anchor + stitched CAGED flows (back/forward)
PB,2009-07-01,347874,33264,2009,7,2020-01-01,novo_caged_jan2020_anchor + stitched CAGED flows (back/forward)
PB,2009-08-01,354673,33715,2009,8,2020-01-01,novo_caged_jan2020_anchor + stitched CAGED flows (back/forward)
PB,2009-09-01,359316,34038,2009,9,2020-01-01,novo_caged_jan2020_anchor + stitched CAGED flows (back/forward)
PB,2009-10-01,362552,34038,2009,10,2020-01-01,novo_caged_jan2020_anchor + stitched CAGED flows (back/forward)
PB,2009-11-01,365423,34463,2009,11,2020-01-01,novo_caged_jan2020_anchor + stitched CAGED flows (back/forward)
PB,2009-12-01,364448,34091,2009,12,2020-01-01,novo_caged_jan2020_anchor + stitched CAGED flows (back/forward)
PB,2010-01-01,364510,34935,2010,1,2020-01-01,novo_caged_jan2020_anchor + stitched CAGED flows (back/forward)
PB,2010-02-01,364215,35581,2010,2,2020-01-01,novo_caged_jan2020_anchor + stitched CAGED flows (back/forward)
PB,2010-03-01,360198,36033,2010,3,2020-01-01,novo_caged_jan2020_anchor + stitched CAGED flows (back/forward)
PB,2010-04-01,359992,36601,2010,4,2020-01-01,novo_caged_jan2020_anchor + stitched CAGED flows (back/forward)
PB,2010-05-01,363098,36601,2010,5,2020-01-01,novo_caged_jan2020_anchor + stitched CAGED flows (back/forward)
PB,2010-06-01,365685,36601,2010,6,2020-01-01,novo_caged_jan2020_anchor + stitched CAGED flows (back/forward)
PB,2010-07-01,368114,36898,2010,7,2020-01-01,novo_caged_jan2020_anchor + stitched CAGED flows (back/forward)
PB,2010-08-01,376578,37497,2010,8,2020-01-01,novo_caged_jan2020_anchor + stitched CAGED flows (back/forward)
PB,2010-09-01,382599,38006,2010,9,2020-01-01,novo_caged_jan2020_anchor + stitched CAGED flows (back/forward)
PB,2010-10-01,385978,38006,2010,10,2020-01-01,novo_caged_jan2020_anchor + stitched CAGED flows (back/forward)
PB,2010-11-01,388364,37963,2010,11,2020-01-01,novo_caged_jan2020_anchor + stitched CAGED flows (back/forward)
PB,2010-12-01,386809,38047,2010,12,2020-01-01,novo_caged_jan2020_anchor + stitched CAGED flows (back/forward)
PB,2011-01-01,385697,38487,2011,1,2020-01-01,novo_caged_jan2020_anchor + stitched CAGED flows (back/forward)
PB,2011-02-01,382116,38884,2011,2,2020-01-01,novo_caged_jan2020_anchor + stitched CAGED flows (back/forward)
PB,2011-03-01,378990,39099,2011,3,2020-01-01,novo_caged_jan2020_anchor + stitched CAGED flows (back/forward)
PB,2011-04-01,380892,40048,2011,4,2020-01-01,novo_caged_jan2020_anchor + stitched CAGED flows (back/forward)
PB,2011-05-01,381711,40356,2011,5,2020-01-01,novo_caged_jan2020_anchor + stitched CAGED flows (back/forward)
PB,2011-06-01,384215,40823,2011,6,2020-01-01,novo_caged_jan2020_anchor + stitched CAGED flows (back/forward)
PB,2011-07-01,385405,41263,2011,7,2020-01-01,novo_caged_jan2020_anchor + stitched CAGED flows (back/forward)
PB,2011-08-01,395676,42227,2011,8,2020-01-01,novo_caged_jan2020_anchor + stitched CAGED flows (back/forward)
PB,2011-09-01,399509,42757,2011,9,2020-01-01,novo_caged_jan2020_anchor + stitched CAGED flows (back/forward)
PB,2011-10-01,401565,42862,2011,10,2020-01-01,novo_caged_jan2020_anchor + stitched CAGED flows (back/forward)
PB,2011-11-01,403715,42861,2011,11,2020-01-01,novo_caged_jan2020_anchor + stitched CAGED flows (back/forward)
PB,2011-12-01,402630,42932,2011,12,2020-01-01,novo_caged_jan2020_anchor + stitched CAGED flows (back/forward)
PB,2012-01-01,402795,43832,2012,1,2020-01-01,novo_caged_jan2020_anchor + stitched CAGED flows (back/forward)
PB,2012-02-01,399658,43690,2012,2,2020-01-01,novo_caged_jan2020_anchor + stitched CAGED flows (back/forward)
PB,2012-03-01,396237,44390,2012,3,2020-01-01,novo_caged_jan2020_anchor + stitched CAGED flows (back/forward)
PB,2012-04-01,397334,45218,2012,4,2020-01-01,novo_caged_jan2020_anchor + stitched CAGED flows (back/forward)
PB,2012-05-01,399558,45218,2012,5,2020-01-01,novo_caged_jan2020_anchor + stitched CAGED flows (back/forward)
PB,2012-06-01,401064,45276,2012,6,2020-01-01,novo_caged_jan2020_anchor + stitched CAGED flows (back/forward)
PB,2012-07-01,401861,45257,2012,7,2020-01-01,novo_caged_jan2020_anchor + stitched CAGED flows (back/forward)
PB,2012-08-01,409712,45703,2012,8,2020-01-01,novo_caged_jan2020_anchor + stitched CAGED flows (back/forward)
PB,2012-09-01,413328,46176,2012,9,2020-01-01,novo_caged_jan2020_anchor + stitched CAGED flows (back/forward)
PB,2012-10-01,415082,46176,2012,10,2020-01-01,novo_caged_jan2020_anchor + stitched CAGED flows (back/forward)
PB,2012-11-01,416990,46281,2012,11,2020-01-01,novo_caged_jan2020_anchor + stitched CAGED flows (back/forward)
PB,2012-12-01,416063,46280,2012,12,2020-01-01,novo_caged_jan2020_anchor + stitched CAGED flows (back/forward)
PB,2013-01-01,413364,46755,2013,1,2020-01-01,novo_caged_jan2020_anchor + stitched CAGED flows (back/forward)
PB,2013-02-01,410171,46683,2013,2,2020-01-01,novo_caged_jan2020_anchor + stitched CAGED flows (back/forward)
PB,2013-03-01,406530,45914,2013,3,2020-01-01,novo_caged_jan2020_anchor + stitched CAGED flows (back/forward)
PB,2013-04-01,406735,45912,2013,4,2020-01-01,novo_caged_jan2020_anchor + stitched CAGED flows (back/forward)
PB,2013-05-01,407895,45906,2013,5,2020-01-01,novo_caged_jan2020_anchor + stitched CAGED flows (back/forward)
PB,2013-06-01,408718,45611,2013,6,2020-01-01,novo_caged_jan2020_anchor + stitched CAGED flows (back/forward)
PB,2013-07-01,408626,45253,2013,7,2020-01-01,novo_caged_jan2020_anchor + stitched CAGED flows (back/forward)
PB,2013-08-01,413528,45516,2013,8,2020-01-01,novo_caged_jan2020_anchor + stitched CAGED flows (back/forward)
PB,2013-09-01,420146,45589,2013,9,2020-01-01,novo_caged_jan2020_anchor + stitched CAGED flows (back/forward)
PB,2013-10-01,422885,45547,2013,10,2020-01-01,novo_caged_jan2020_anchor + stitched CAGED flows (back/forward)
PB,2013-11-01,425671,45963,2013,11,2020-01-01,novo_caged_jan2020_anchor + stitched CAGED flows (back/forward)
PB,2013-12-01,424437,46033,2013,12,2020-01-01,novo_caged_jan2020_anchor + stitched CAGED flows (back/forward)
PB,2014-01-01,425502,46861,2014,1,2020-01-01,novo_caged_jan2020_anchor + stitched CAGED flows (back/forward)
PB,2014-02-01,426887,47288,2014,2,2020-01-01,novo_caged_jan2020_anchor + stitched CAGED flows (back/forward)
PB,2014-03-01,423193,47278,2014,3,2020-01-01,novo_caged_jan2020_anchor + stitched CAGED flows (back/forward)
PB,2014-04-01,421948,47674,2014,4,2020-01-01,novo_caged_jan2020_anchor + stitched CAGED flows (back/forward)
PB,2014-05-01,422261,48371,2014,5,2020-01-01,novo_caged_jan2020_anchor + stitched CAGED flows (back/forward)
PB,2014-06-01,423534,48536,2014,6,2020-01-01,novo_caged_jan2020_anchor + stitched CAGED flows (back/forward)
PB,2014-07-01,425255,48752,2014,7,2020-01-01,novo_caged_jan2020_anchor + stitched CAGED flows (back/forward)
PB,2014-08-01,430766,48680,2014,8,2020-01-01,novo_caged_jan2020_anchor + stitched CAGED flows (back/forward)
PB,2014-09-01,433372,49017,2014,9,2020-01-01,novo_caged_jan2020_anchor + stitched CAGED flows (back/forward)
PB,2014-10-01,435189,48591,2014,10,2020-01-01,novo_caged_jan2020_anchor + stitched CAGED flows (back/forward)
PB,2014-11-01,437637,47778,2014,11,2020-01-01,novo_caged_jan2020_anchor + stitched CAGED flows (back/forward)
PB,2014-12-01,436117,46498,2014,12,2020-01-01,novo_caged_jan2020_anchor + stitched CAGED flows (back/forward)
PB,2015-01-01,435166,46498,2015,1,2020-01-01,novo_caged_jan2020_anchor + stitched CAGED flows (back/forward)
PB,2015-02-01,433956,45527,2015,2,2020-01-01,novo_caged_jan2020_anchor + stitched CAGED flows (back/forward)
PB,2015-03-01,428265,44902,2015,3,2020-01-01,novo_caged_jan2020_anchor + stitched CAGED flows (back/forward)
PB,2015-04-01,425158,43794,2015,4,2020-01-01,novo_caged_jan2020_anchor + stitched CAGED flows (back/forward)
PB,2015-05-01,423033,42804,2015,5,2020-01-01,novo_caged_jan2020_anchor + stitched CAGED flows (back/forward)
PB,2015-06-01,421546,41741,2015,6,2020-01-01,novo_caged_jan2020_anchor + stitched CAGED flows (back/forward)
PB,2015-07-01,418926,41741,2015,7,2020-01-01,novo_caged_jan2020_anchor + stitched CAGED flows (back/forward)
PB,2015-08-01,423219,41564,2015,8,2020-01-01,novo_caged_jan2020_anchor + stitched CAGED flows (back/forward)
PB,2015-09-01,424418,41309,2015,9,2020-01-01,novo_caged_jan2020_anchor + stitched CAGED flows (back/forward)
PB,2015-10-01,423658,40727,2015,10,2020-01-01,novo_caged_jan2020_anchor + stitched CAGED flows (back/forward)
PB,2015-11-01,423565,39760,2015,11,2020-01-01,novo_caged_jan2020_anchor + stitched CAGED flows (back/forward)
PB,2015-12-01,419078,39152,2015,12,2020-01-01,novo_caged_jan2020_anchor + stitched CAGED flows (back/forward)
PB,2016-01-01,419267,38790,2016,1,2020-01-01,novo_caged_jan2020_anchor + stitched CAGED flows (back/forward)
PB,2016-02-01,412595,38255,2016,2,2020-01-01,novo_caged_jan2020_anchor + stitched CAGED flows (back/forward)
PB,2016-03-01,408739,37726,2016,3,2020-01-01,novo_caged_jan2020_anchor + stitched CAGED flows (back/forward)
PB,2016-04-01,407685,37432,2016,4,2020-01-01,novo_caged_jan2020_anchor + stitched CAGED flows (back/forward)
PB,2016-05-01,405654,36856,2016,5,2020-01-01,novo_caged_jan2020_anchor + stitched CAGED flows (back/forward)
PB,2016-06-01,404807,36368,2016,6,2020-01-01,novo_caged_jan2020_anchor + stitched CAGED flows (back/forward)
PB,2016-07-01,404710,35929,2016,7,2020-01-01,novo_caged_jan2020_anchor + stitched CAGED flows (back/forward)
PB,2016-08-01,410615,35645,2016,8,2020-01-01,novo_caged_jan2020_anchor + stitched CAGED flows (back/forward)
PB,2016-09-01,411181,35495,2016,9,2020-01-01,novo_caged_jan2020_anchor + stitched CAGED flows (back/forward)
PB,2016-10-01,410331,34948,2016,10,2020-01-01,novo_caged_jan2020_anchor + stitched CAGED flows (back/forward)
PB,2016-11-01,409984,33815,2016,11,2020-01-01,novo_caged_jan2020_anchor + stitched CAGED flows (back/forward)
PB,2016-12-01,406126,33325,2016,12,2020-01-01,novo_caged_jan2020_anchor + stitched CAGED flows (back/forward)
PB,2017-01-01,399688,33335,2017,1,2020-01-01,novo_caged_jan2020_anchor + stitched CAGED flows (back/forward)
PB,2017-02-01,398544,33489,2017,2,2020-01-01,novo_caged_jan2020_anchor + stitched CAGED flows (back/forward)
PB,2017-03-01,396605,33493,2017,3,2020-01-01,novo_caged_jan2020_anchor + stitched CAGED flows (back/forward)
PB,2017-04-01,396073,33322,2017,4,2020-01-01,novo_caged_jan2020_anchor + stitched CAGED flows (back/forward)
PB,2017-05-01,395482,33385,2017,5,2020-01-01,novo_caged_jan2020_anchor + stitched CAGED flows (back/forward)
PB,2017-06-01,395720,33106,2017,6,2020-01-01,novo_caged_jan2020_anchor + stitched CAGED flows (back/forward)
PB,2017-07-01,396529,32917,2017,7,2020-01-01,novo_caged_jan2020_anchor + stitched CAGED flows (back/forward)
PB,2017-08-01,400040,32836,2017,8,2020-01-01,novo_caged_jan2020_anchor + stitched CAGED flows (back/forward)
PB,2017-09-01,402015,32722,2017,9,2020-01-01,novo_caged_jan2020_anchor + stitched CAGED flows (back/forward)
PB,2017-10-01,402929,32633,2017,10,2020-01-01,novo_caged_jan2020_anchor + stitched CAGED flows (back/forward)
PB,2017-11-01,404185,32244,2017,11,2020-01-01,novo_caged_jan2020_anchor + stitched CAGED flows (back/forward)
PB,2017-12-01,402273,31973,2017,12,2020-01-01,novo_caged_jan2020_anchor + stitched CAGED flows (back/forward)
PB,2018-01-01,399018,32086,2018,1,2020-01-01,novo_caged_jan2020_anchor + stitched CAGED flows (back/forward)
PB,2018-02-01,396260,32117,2018,2,2020-01-01,novo_caged_jan2020_anchor + stitched CAGED flows (back/forward)
PB,2018-03-01,395893,32056,2018,3,2020-01-01,novo_caged_jan2020_anchor + stitched CAGED flows (back/forward)
PB,2018-04-01,396047,32166,2018,4,2020-01-01,novo_caged_jan2020_anchor + stitched CAGED flows (back/forward)
PB,2018-05-01,395344,31988,2018,5,2020-01-01,novo_caged_jan2020_anchor + stitched CAGED flows (back/forward)
PB,2018-06-01,395745,32029,2018,6,2020-01-01,novo_caged_jan2020_anchor + stitched CAGED flows (back/forward)
PB,2018-07-01,397098,31778,2018,7,2020-01-01,novo_caged_jan2020_anchor + stitched CAGED flows (back/forward)
PB,2018-08-01,404342,32203,2018,8,2020-01-01,novo_caged_jan2020_anchor + stitched CAGED flows (back/forward)
PB,2018-09-01,406425,32022,2018,9,2020-01-01,novo_caged_jan2020_anchor + stitched CAGED flows (back/forward)
PB,2018-10-01,407664,31856,2018,10,2020-01-01,novo_caged_jan2020_anchor + stitched CAGED flows (back/forward)
PB,2018-11-01,408678,31671,2018,11,2020-01-01,novo_caged_jan2020_anchor + stitched CAGED flows (back/forward)
PB,2018-12-01,406062,30978,2018,12,2020-01-01,novo_caged_jan2020_anchor + stitched CAGED flows (back/forward)
PB,2019-01-01,398217,30978,2019,1,2020-01-01,novo_caged_jan2020_anchor + stitched CAGED flows (back/forward)
PB,2019-02-01,398649,30774,2019,2,2020-01-01,novo_caged_jan2020_anchor + stitched CAGED flows (back/forward)
PB,2019-03-01,397730,30774,2019,3,2020-01-01,novo_caged_jan2020_anchor + stitched CAGED flows (back/forward)
PB,2019-04-01,398508,31017,2019,4,2020-01-01,novo_caged_jan2020_anchor + stitched CAGED flows (back/forward)
PB,2019-05-01,399191,31084,2019,5,2020-01-01,novo_caged_jan2020_anchor + stitched CAGED flows (back/forward)
PB,2019-06-01,398396,31203,2019,6,2020-01-01,novo_caged_jan2020_anchor + stitched CAGED flows (back/forward)
PB,2019-07-01,400266,31129,2019,7,2020-01-01,novo_caged_jan2020_anchor + stitched CAGED flows (back/forward)
PB,2019-08-01,407036,30844,2019,8,2020-01-01,novo_caged_jan2020_anchor + stitched CAGED flows (back/forward)
PB,2019-09-01,410134,30986,2019,9,2020-01-01,novo_caged_jan2020_anchor + stitched CAGED flows (back/forward)
PB,2019-10-01,411998,31027,2019,10,2020-01-01,novo_caged_jan2020_anchor + stitched CAGED flows (back/forward)
PB,2019-11-01,413941,30760,2019,11,2020-01-01,novo_caged_jan2020_anchor + stitched CAGED flows (back/forward)
PB,2019-12-01,410949,30480,2019,12,2020-01-01,novo_caged_jan2020_anchor + stitched CAGED flows (back/forward)
PB,2020-01-01,408373,30442,2020,1,2020-01-01,novo_caged_jan2020_anchor + stitched CAGED flows (back/forward)
PB,2020-02-01,405109,31146,2020,2,2020-01-01,novo_caged_jan2020_anchor + stitched CAGED flows (back/forward)
PB,2020-03-01,403667,31180,2020,3,2020-01-01,novo_caged_jan2020_anchor + stitched CAGED flows (back/forward)
PB,2020-04-01,394004,30485,2020,4,2020-01-01,novo_caged_jan2020_anchor + stitched CAGED flows (back/forward)
PB,2020-05-01,389709,29765,2020,5,2020-01-01,novo_caged_jan2020_anchor + stitched CAGED flows (back/forward)
PB,2020-06-01,389227,29889,2020,6,2020-01-01,novo_caged_jan2020_anchor + stitched CAGED flows (back/forward)
PB,2020-07-01,390682,30434,2020,7,2020-01-01,novo_caged_jan2020_anchor + stitched CAGED flows (back/forward)
PB,2020-08-01,400336,31856,2020,8,2020-01-01,novo_caged_jan2020_anchor + stitched CAGED flows (back/forward)
PB,2020-09-01,402107,32825,2020,9,2020-01-01,novo_caged_jan2020_anchor + stitched CAGED flows (back/forward)
PB,2020-10-01,403277,33641,2020,10,2020-01-01,novo_caged_jan2020_anchor + stitched CAGED flows (back/forward)
PB,2020-11-01,412969,36669,2020,11,2020-01-01,novo_caged_jan2020_anchor + stitched CAGED flows (back/forward)
PB,2020-12-01,413345,37057,2020,12,2020-01-01,novo_caged_jan2020_anchor + stitched CAGED flows (back/forward)
PB,2021-01-01,413056,37628,2021,1,2020-01-01,novo_caged_jan2020_anchor + stitched CAGED flows (back/forward)
PB,2021-02-01,411617,38457,2021,2,2020-01-01,novo_caged_jan2020_anchor + stitched CAGED flows (back/forward)
PB,2021-03-01,413247,38937,2021,3,2020-01-01,novo_caged_jan2020_anchor + stitched CAGED flows (back/forward)
PB,2021-04-01,413331,39428,2021,4,2020-01-01,novo_caged_jan2020_anchor + stitched CAGED flows (back/forward)
PB,2021-05-01,416198,39748,2021,5,2020-01-01,novo_caged_jan2020_anchor + stitched CAGED flows (back/forward)
PB,2021-06-01,419767,40386,2021,6,2020-01-01,novo_caged_jan2020_anchor + stitched CAGED flows (back/forward)
PB,2021-07-01,423050,40659,2021,7,2020-01-01,novo_caged_jan2020_anchor + stitched CAGED flows (back/forward)
PB,2021-08-01,434344,40804,2021,8,2020-01-01,novo_caged_jan2020_anchor + stitched CAGED flows (back/forward)
PB,2021-09-01,439946,41102,2021,9,2020-01-01,novo_caged_jan2020_anchor + stitched CAGED flows (back/forward)
PB,2021-10-01,444322,42057,2021,10,2020-01-01,novo_caged_jan2020_anchor + stitched CAGED flows (back/forward)
PB,2021-11-01,449285,42595,2021,11,2020-01-01,novo_caged_jan2020_anchor + stitched CAGED flows (back/forward)
PB,2021-12-01,448904,42789,2021,12,2020-01-01,novo_caged_jan2020_anchor + stitched CAGED flows (back/forward)
PB,2022-01-01,447397,43184,2022,1,2020-01-01,novo_caged_jan2020_anchor + stitched CAGED flows (back/forward)
PB,2022-02-01,446173,43477,2022,2,2020-01-01,novo_caged_jan2020_anchor + stitched CAGED flows (back/forward)
PB,2022-03-01,446821,43684,2022,3,2020-01-01,novo_caged_jan2020_anchor + stitched CAGED flows (back/forward)
PB,2022-04-01,449294,44288,2022,4,2020-01-01,novo_caged_jan2020_anchor + stitched CAGED flows (back/forward)
PB,2022-05-01,452413,44945,2022,5,2020-01-01,novo_caged_jan2020_anchor + stitched CAGED flows (back/forward)
PB,2022-06-01,456100,44825,2022,6,2020-01-01,novo_caged_jan2020_anchor + stitched CAGED flows (back/forward)
PB,2022-07-01,460380,45075,2022,7,2020-01-01,novo_caged_jan2020_anchor + stitched CAGED flows (back/forward)
PB,2022-08-01,466614,45672,2022,8,2020-01-01,novo_caged_jan2020_anchor + stitched CAGED flows (back/forward)
PB,2022-09-01,470368,46142,2022,9,2020-01-01,novo_caged_jan2020_anchor + stitched CAGED flows (back/forward)
PB,2022-10-01,471678,46030,2022,10,2020-01-01,novo_caged_jan2020_anchor + stitched CAGED flows (back/forward)
PB,2022-11-01,474157,45775,2022,11,2020-01-01,novo_caged_jan2020_anchor + stitched CAGED flows (back/forward)
PB,2022-12-01,471492,45430,2022,12,2020-01-01,novo_caged_jan2020_anchor + stitched CAGED flows (back/forward)
PB,2023-01-01,469897,45668,2023,1,2020-01-01,novo_caged_jan2020_anchor + stitched CAGED flows (back/forward)
PB,2023-02-01,470497,46229,2023,2,2020-01-01,novo_caged_jan2020_anchor + stitched CAGED flows (back/forward)
PB,2023-03-01,469080,46547,2023,3,2020-01-01,novo_caged_jan2020_anchor + stitched CAGED flows (back/forward)
PB,2023-04-01,465791,46663,2023,4,2020-01-01,novo_caged_jan2020_anchor + stitched CAGED flows (back/forward)
PB,2023-05-01,468588,47638,2023,5,2020-01-01,novo_caged_jan2020_anchor + stitched CAGED flows (back/forward)
PB,2023-06-01,468452,47432,2023,6,2020-01-01,novo_caged_jan2020_anchor + stitched CAGED flows (back/forward)
PB,2023-07-01,471920,48058,2023,7,2020-01-01,novo_caged_jan2020_anchor + stitched CAGED flows (back/forward)
PB,2023-08-01,480807,48874,2023,8,2020-01-01,novo_caged_jan2020_anchor + stitched CAGED flows (back/forward)
PB,2023-09-01,485036,49321,2023,9,2020-01-01,novo_caged_jan2020_anchor + stitched CAGED flows (back/forward)
PB,2023-10-01,488824,50272,2023,10,2020-01-01,novo_caged_jan2020_anchor + stitched CAGED flows (back/forward)
PB,2023-11-01,492329,50610,2023,11,2020-01-01,novo_caged_jan2020_anchor + stitched CAGED flows (back/forward)
PB,2023-12-01,490660,50654,2023,12,2020-01-01,novo_caged_jan2020_anchor + stitched CAGED flows (back/forward)
PB,2024-01-01,491033,51666,2024,1,2020-01-01,novo_caged_jan2020_anchor + stitched CAGED flows (back/forward)
PB,2024-02-01,491046,52321,2024,2,2020-01-01,novo_caged_jan2020_anchor + stitched CAGED flows (back/forward)
PB,2024-03-01,491416,52999,2024,3,2020-01-01,novo_caged_jan2020_anchor + stitched CAGED flows (back/forward)
PB,2024-04-01,492280,53569,2024,4,2020-01-01,novo_caged_jan2020_anchor + stitched CAGED flows (back/forward)
PB,2024-05-01,494180,54186,2024,5,2020-01-01,novo_caged_jan2020_anchor + stitched CAGED flows (back/forward)
PB,2024-06-01,497624,54600,2024,6,2020-01-01,novo_caged_jan2020_anchor + stitched CAGED flows (back/forward)
PB,2024-07-01,502015,55190,2024,7,2020-01-01,novo_caged_jan2020_anchor + stitched CAGED flows (back/forward)
PB,2024-08-01,511254,55730,2024,8,2020-01-01,novo_caged_jan2020_anchor + stitched CAGED flows (back/forward)
PB,2024-09-01,514946,55797,2024,9,2020-01-01,novo_caged_jan2020_anchor + stitched CAGED flows (back/forward)
PB,2024-10-01,516546,55875,2024,10,2020-01-01,novo_caged_jan2020_anchor + stitched CAGED flows (back/forward)
PB,2024-11-01,519272,55870,2024,11,2020-01-01,novo_caged_jan2020_anchor + stitched CAGED flows (back/forward)
PB,2024-12-01,518264,55445,2024,12,2020-01-01,novo_caged_jan2020_anchor + stitched CAGED flows (back/forward)
PB,2025-01-01,517719,55747,2025,1,2020-01-01,novo_caged_jan2020_anchor + stitched CAGED flows (back/forward)
PB,2025-02-01,518377,56236,2025,2,2020-01-01,novo_caged_jan2020_anchor + stitched CAGED flows (back/forward)
PB,2025-03-01,517770,56709,2025,3,2020-01-01,novo_caged_jan2020_anchor + stitched CAGED flows (back/forward)
PB,2025-04-01,519621,57457,2025,4,2020-01-01,novo_caged_jan2020_anchor + stitched CAGED flows (back/forward)
PB,2025-05-01,527009,57737,2025,5,2020-01-01,novo_caged_jan2020_anchor + stitched CAGED flows (back/forward)
PB,2025-06-01,527690,55720,2025,6,2020-01-01,novo_caged_jan2020_anchor + stitched CAGED flows (back/forward)
PB,2025-07-01,530013,55364,2025,7,2020-01-01,novo_caged_jan2020_anchor + stitched CAGED flows (back/forward)
PB,2025-08-01,538911,55805,2025,8,2020-01-01,novo_caged_jan2020_anchor + stitched CAGED flows (back/forward)
PB,2025-09-01,544982,56357,2025,9,2020-01-01,novo_caged_jan2020_anchor + stitched CAGED flows (back/forward)
PB,2025-10-01,547897,56706,2025,10,2020-01-01,novo_caged_jan2020_anchor + stitched CAGED flows (back/forward)
PB,2025-11-01,552087,56881,2025,11,2020-01-01,novo_caged_jan2020_anchor + stitched CAGED flows (back/forward)
PB,2025-12-01,549350,56003,2025,12,2020-01-01,novo_caged_jan2020_anchor + stitched CAGED flows (back/forward)
PB,2026-01-01,549194,56846,2026,1,2020-01-01,novo_caged_jan2020_anchor + stitched CAGED flows (back/forward)
PB,2026-02-01,548379,57156,2026,2,2020-01-01,novo_caged_jan2020_anchor + stitched CAGED flows (back/forward)
PB,2026-03-01,549309,57531,2026,3,2020-01-01,novo_caged_jan2020_anchor + stitched CAGED flows (back/forward)
PE,2007-01-01,1000734,70312,2007,1,2020-01-01,novo_caged_jan2020_anchor + stitched CAGED flows (back/forward)
PE,2007-02-01,984546,70573,2007,2,2020-01-01,novo_caged_jan2020_anchor + stitched CAGED flows (back/forward)
PE,2007-03-01,983351,70884,2007,3,2020-01-01,novo_caged_jan2020_anchor + stitched CAGED flows (back/forward)
PE,2007-04-01,988086,71081,2007,4,2020-01-01,novo_caged_jan2020_anchor + stitched CAGED flows (back/forward)
PE,2007-05-01,999442,71346,2007,5,2020-01-01,novo_caged_jan2020_anchor + stitched CAGED flows (back/forward)
PE,2007-06-01,1008296,71411,2007,6,2020-01-01,novo_caged_jan2020_anchor + stitched CAGED flows (back/forward)
PE,2007-07-01,1010249,71477,2007,7,2020-01-01,novo_caged_jan2020_anchor + stitched CAGED flows (back/forward)
PE,2007-08-01,1022454,71910,2007,8,2020-01-01,novo_caged_jan2020_anchor + stitched CAGED flows (back/forward)
PE,2007-09-01,1045953,72390,2007,9,2020-01-01,novo_caged_jan2020_anchor + stitched CAGED flows (back/forward)
PE,2007-10-01,1053621,73155,2007,10,2020-01-01,novo_caged_jan2020_anchor + stitched CAGED flows (back/forward)
PE,2007-11-01,1059042,74501,2007,11,2020-01-01,novo_caged_jan2020_anchor + stitched CAGED flows (back/forward)
PE,2007-12-01,1056804,75149,2007,12,2020-01-01,novo_caged_jan2020_anchor + stitched CAGED flows (back/forward)
PE,2008-01-01,1054137,76931,2008,1,2020-01-01,novo_caged_jan2020_anchor + stitched CAGED flows (back/forward)
PE,2008-02-01,1049367,78533,2008,2,2020-01-01,novo_caged_jan2020_anchor + stitched CAGED flows (back/forward)
PE,2008-03-01,1040685,79738,2008,3,2020-01-01,novo_caged_jan2020_anchor + stitched CAGED flows (back/forward)
PE,2008-04-01,1036656,78075,2008,4,2020-01-01,novo_caged_jan2020_anchor + stitched CAGED flows (back/forward)
PE,2008-05-01,1041017,78238,2008,5,2020-01-01,novo_caged_jan2020_anchor + stitched CAGED flows (back/forward)
PE,2008-06-01,1052374,79757,2008,6,2020-01-01,novo_caged_jan2020_anchor + stitched CAGED flows (back/forward)
PE,2008-07-01,1058756,81090,2008,7,2020-01-01,novo_caged_jan2020_anchor + stitched CAGED flows (back/forward)
PE,2008-08-01,1072123,82284,2008,8,2020-01-01,novo_caged_jan2020_anchor + stitched CAGED flows (back/forward)
PE,2008-09-01,1110265,85399,2008,9,2020-01-01,novo_caged_jan2020_anchor + stitched CAGED flows (back/forward)
PE,2008-10-01,1115210,86708,2008,10,2020-01-01,novo_caged_jan2020_anchor + stitched CAGED flows (back/forward)
PE,2008-11-01,1118012,88395,2008,11,2020-01-01,novo_caged_jan2020_anchor + stitched CAGED flows (back/forward)
PE,2008-12-01,1109604,86869,2008,12,2020-01-01,novo_caged_jan2020_anchor + stitched CAGED flows (back/forward)
PE,2009-01-01,1101632,87851,2009,1,2020-01-01,novo_caged_jan2020_anchor + stitched CAGED flows (back/forward)
PE,2009-02-01,1100655,88317,2009,2,2020-01-01,novo_caged_jan2020_anchor + stitched CAGED flows (back/forward)
PE,2009-03-01,1078403,88582,2009,3,2020-01-01,novo_caged_jan2020_anchor + stitched CAGED flows (back/forward)
PE,2009-04-01,1067418,88485,2009,4,2020-01-01,novo_caged_jan2020_anchor + stitched CAGED flows (back/forward)
PE,2009-05-01,1072742,89224,2009,5,2020-01-01,novo_caged_jan2020_anchor + stitched CAGED flows (back/forward)
PE,2009-06-01,1082532,90178,2009,6,2020-01-01,novo_caged_jan2020_anchor + stitched CAGED flows (back/forward)
PE,2009-07-01,1090017,90266,2009,7,2020-01-01,novo_caged_jan2020_anchor + stitched CAGED flows (back/forward)
PE,2009-08-01,1109007,92027,2009,8,2020-01-01,novo_caged_jan2020_anchor + stitched CAGED flows (back/forward)
PE,2009-09-01,1134052,94504,2009,9,2020-01-01,novo_caged_jan2020_anchor + stitched CAGED flows (back/forward)
PE,2009-10-01,1145675,94504,2009,10,2020-01-01,novo_caged_jan2020_anchor + stitched CAGED flows (back/forward)
PE,2009-11-01,1157444,96848,2009,11,2020-01-01,novo_caged_jan2020_anchor + stitched CAGED flows (back/forward)
PE,2009-12-01,1156321,96215,2009,12,2020-01-01,novo_caged_jan2020_anchor + stitched CAGED flows (back/forward)
PE,2010-01-01,1159935,98947,2010,1,2020-01-01,novo_caged_jan2020_anchor + stitched CAGED flows (back/forward)
PE,2010-02-01,1157542,100761,2010,2,2020-01-01,novo_caged_jan2020_anchor + stitched CAGED flows (back/forward)
PE,2010-03-01,1144326,102075,2010,3,2020-01-01,novo_caged_jan2020_anchor + stitched CAGED flows (back/forward)
PE,2010-04-01,1143024,102999,2010,4,2020-01-01,novo_caged_jan2020_anchor + stitched CAGED flows (back/forward)
PE,2010-05-01,1153715,102999,2010,5,2020-01-01,novo_caged_jan2020_anchor + stitched CAGED flows (back/forward)
PE,2010-06-01,1166253,102999,2010,6,2020-01-01,novo_caged_jan2020_anchor + stitched CAGED flows (back/forward)
PE,2010-07-01,1176199,105884,2010,7,2020-01-01,novo_caged_jan2020_anchor + stitched CAGED flows (back/forward)
PE,2010-08-01,1197998,110287,2010,8,2020-01-01,novo_caged_jan2020_anchor + stitched CAGED flows (back/forward)
PE,2010-09-01,1237643,114840,2010,9,2020-01-01,novo_caged_jan2020_anchor + stitched CAGED flows (back/forward)
PE,2010-10-01,1253424,114840,2010,10,2020-01-01,novo_caged_jan2020_anchor + stitched CAGED flows (back/forward)
PE,2010-11-01,1259425,117397,2010,11,2020-01-01,novo_caged_jan2020_anchor + stitched CAGED flows (back/forward)
PE,2010-12-01,1254826,116681,2010,12,2020-01-01,novo_caged_jan2020_anchor + stitched CAGED flows (back/forward)
PE,2011-01-01,1248869,118535,2011,1,2020-01-01,novo_caged_jan2020_anchor + stitched CAGED flows (back/forward)
PE,2011-02-01,1250938,120038,2011,2,2020-01-01,novo_caged_jan2020_anchor + stitched CAGED flows (back/forward)
PE,2011-03-01,1243733,121924,2011,3,2020-01-01,novo_caged_jan2020_anchor + stitched CAGED flows (back/forward)
PE,2011-04-01,1241769,123617,2011,4,2020-01-01,novo_caged_jan2020_anchor + stitched CAGED flows (back/forward)
PE,2011-05-01,1251629,124089,2011,5,2020-01-01,novo_caged_jan2020_anchor + stitched CAGED flows (back/forward)
PE,2011-06-01,1262957,126570,2011,6,2020-01-01,novo_caged_jan2020_anchor + stitched CAGED flows (back/forward)
PE,2011-07-01,1270986,127386,2011,7,2020-01-01,novo_caged_jan2020_anchor + stitched CAGED flows (back/forward)
PE,2011-08-01,1289599,130978,2011,8,2020-01-01,novo_caged_jan2020_anchor + stitched CAGED flows (back/forward)
PE,2011-09-01,1317365,136340,2011,9,2020-01-01,novo_caged_jan2020_anchor + stitched CAGED flows (back/forward)
PE,2011-10-01,1324786,137982,2011,10,2020-01-01,novo_caged_jan2020_anchor + stitched CAGED flows (back/forward)
PE,2011-11-01,1329921,137745,2011,11,2020-01-01,novo_caged_jan2020_anchor + stitched CAGED flows (back/forward)
PE,2011-12-01,1324888,136515,2011,12,2020-01-01,novo_caged_jan2020_anchor + stitched CAGED flows (back/forward)
PE,2012-01-01,1326269,139719,2012,1,2020-01-01,novo_caged_jan2020_anchor + stitched CAGED flows (back/forward)
PE,2012-02-01,1322425,140667,2012,2,2020-01-01,novo_caged_jan2020_anchor + stitched CAGED flows (back/forward)
PE,2012-03-01,1314239,144016,2012,3,2020-01-01,novo_caged_jan2020_anchor + stitched CAGED flows (back/forward)
PE,2012-04-01,1312112,145628,2012,4,2020-01-01,novo_caged_jan2020_anchor + stitched CAGED flows (back/forward)
PE,2012-05-01,1316820,145628,2012,5,2020-01-01,novo_caged_jan2020_anchor + stitched CAGED flows (back/forward)
PE,2012-06-01,1327305,146839,2012,6,2020-01-01,novo_caged_jan2020_anchor + stitched CAGED flows (back/forward)
PE,2012-07-01,1329564,146789,2012,7,2020-01-01,novo_caged_jan2020_anchor + stitched CAGED flows (back/forward)
PE,2012-08-01,1338782,148308,2012,8,2020-01-01,novo_caged_jan2020_anchor + stitched CAGED flows (back/forward)
PE,2012-09-01,1357672,150582,2012,9,2020-01-01,novo_caged_jan2020_anchor + stitched CAGED flows (back/forward)
PE,2012-10-01,1361272,150679,2012,10,2020-01-01,novo_caged_jan2020_anchor + stitched CAGED flows (back/forward)
PE,2012-11-01,1362325,148355,2012,11,2020-01-01,novo_caged_jan2020_anchor + stitched CAGED flows (back/forward)
PE,2012-12-01,1352688,145030,2012,12,2020-01-01,novo_caged_jan2020_anchor + stitched CAGED flows (back/forward)
PE,2013-01-01,1341157,145090,2013,1,2020-01-01,novo_caged_jan2020_anchor + stitched CAGED flows (back/forward)
PE,2013-02-01,1336787,147354,2013,2,2020-01-01,novo_caged_jan2020_anchor + stitched CAGED flows (back/forward)
PE,2013-03-01,1324218,148535,2013,3,2020-01-01,novo_caged_jan2020_anchor + stitched CAGED flows (back/forward)
PE,2013-04-01,1319861,147089,2013,4,2020-01-01,novo_caged_jan2020_anchor + stitched CAGED flows (back/forward)
PE,2013-05-01,1317459,142490,2013,5,2020-01-01,novo_caged_jan2020_anchor + stitched CAGED flows (back/forward)
PE,2013-06-01,1321904,141474,2013,6,2020-01-01,novo_caged_jan2020_anchor + stitched CAGED flows (back/forward)
PE,2013-07-01,1319003,138980,2013,7,2020-01-01,novo_caged_jan2020_anchor + stitched CAGED flows (back/forward)
PE,2013-08-01,1326390,140328,2013,8,2020-01-01,novo_caged_jan2020_anchor + stitched CAGED flows (back/forward)
PE,2013-09-01,1356378,143117,2013,9,2020-01-01,novo_caged_jan2020_anchor + stitched CAGED flows (back/forward)
PE,2013-10-01,1361702,141849,2013,10,2020-01-01,novo_caged_jan2020_anchor + stitched CAGED flows (back/forward)
PE,2013-11-01,1367019,142489,2013,11,2020-01-01,novo_caged_jan2020_anchor + stitched CAGED flows (back/forward)
PE,2013-12-01,1360750,140584,2013,12,2020-01-01,novo_caged_jan2020_anchor + stitched CAGED flows (back/forward)
PE,2014-01-01,1356227,141164,2014,1,2020-01-01,novo_caged_jan2020_anchor + stitched CAGED flows (back/forward)
PE,2014-02-01,1355344,141508,2014,2,2020-01-01,novo_caged_jan2020_anchor + stitched CAGED flows (back/forward)
PE,2014-03-01,1347461,140484,2014,3,2020-01-01,novo_caged_jan2020_anchor + stitched CAGED flows (back/forward)
PE,2014-04-01,1337225,137549,2014,4,2020-01-01,novo_caged_jan2020_anchor + stitched CAGED flows (back/forward)
PE,2014-05-01,1326519,134075,2014,5,2020-01-01,novo_caged_jan2020_anchor + stitched CAGED flows (back/forward)
PE,2014-06-01,1326985,131675,2014,6,2020-01-01,novo_caged_jan2020_anchor + stitched CAGED flows (back/forward)
PE,2014-07-01,1324244,128863,2014,7,2020-01-01,novo_caged_jan2020_anchor + stitched CAGED flows (back/forward)
PE,2014-08-01,1332748,128157,2014,8,2020-01-01,novo_caged_jan2020_anchor + stitched CAGED flows (back/forward)
PE,2014-09-01,1354719,128105,2014,9,2020-01-01,novo_caged_jan2020_anchor + stitched CAGED flows (back/forward)
PE,2014-10-01,1352986,124639,2014,10,2020-01-01,novo_caged_jan2020_anchor + stitched CAGED flows (back/forward)
PE,2014-11-01,1346832,119462,2014,11,2020-01-01,novo_caged_jan2020_anchor + stitched CAGED flows (back/forward)
PE,2014-12-01,1335233,115760,2014,12,2020-01-01,novo_caged_jan2020_anchor + stitched CAGED flows (back/forward)
PE,2015-01-01,1322218,115760,2015,1,2020-01-01,novo_caged_jan2020_anchor + stitched CAGED flows (back/forward)
PE,2015-02-01,1311558,112709,2015,2,2020-01-01,novo_caged_jan2020_anchor + stitched CAGED flows (back/forward)
PE,2015-03-01,1299696,111172,2015,3,2020-01-01,novo_caged_jan2020_anchor + stitched CAGED flows (back/forward)
PE,2015-04-01,1279542,107064,2015,4,2020-01-01,novo_caged_jan2020_anchor + stitched CAGED flows (back/forward)
PE,2015-05-01,1272239,104599,2015,5,2020-01-01,novo_caged_jan2020_anchor + stitched CAGED flows (back/forward)
PE,2015-06-01,1265900,102577,2015,6,2020-01-01,novo_caged_jan2020_anchor + stitched CAGED flows (back/forward)
PE,2015-07-01,1256417,102577,2015,7,2020-01-01,novo_caged_jan2020_anchor + stitched CAGED flows (back/forward)
PE,2015-08-01,1254497,100149,2015,8,2020-01-01,novo_caged_jan2020_anchor + stitched CAGED flows (back/forward)
PE,2015-09-01,1269745,99798,2015,9,2020-01-01,novo_caged_jan2020_anchor + stitched CAGED flows (back/forward)
PE,2015-10-01,1263924,97648,2015,10,2020-01-01,novo_caged_jan2020_anchor + stitched CAGED flows (back/forward)
PE,2015-11-01,1259164,96267,2015,11,2020-01-01,novo_caged_jan2020_anchor + stitched CAGED flows (back/forward)
PE,2015-12-01,1243133,93080,2015,12,2020-01-01,novo_caged_jan2020_anchor + stitched CAGED flows (back/forward)
PE,2016-01-01,1229723,93359,2016,1,2020-01-01,novo_caged_jan2020_anchor + stitched CAGED flows (back/forward)
PE,2016-02-01,1213849,93025,2016,2,2020-01-01,novo_caged_jan2020_anchor + stitched CAGED flows (back/forward)
PE,2016-03-01,1202466,92588,2016,3,2020-01-01,novo_caged_jan2020_anchor + stitched CAGED flows (back/forward)
PE,2016-04-01,1197211,91148,2016,4,2020-01-01,novo_caged_jan2020_anchor + stitched CAGED flows (back/forward)
PE,2016-05-01,1193768,89810,2016,5,2020-01-01,novo_caged_jan2020_anchor + stitched CAGED flows (back/forward)
PE,2016-06-01,1190891,88333,2016,6,2020-01-01,novo_caged_jan2020_anchor + stitched CAGED flows (back/forward)
PE,2016-07-01,1186848,86219,2016,7,2020-01-01,novo_caged_jan2020_anchor + stitched CAGED flows (back/forward)
PE,2016-08-01,1195883,85971,2016,8,2020-01-01,novo_caged_jan2020_anchor + stitched CAGED flows (back/forward)
PE,2016-09-01,1211604,85168,2016,9,2020-01-01,novo_caged_jan2020_anchor + stitched CAGED flows (back/forward)
PE,2016-10-01,1208055,83432,2016,10,2020-01-01,novo_caged_jan2020_anchor + stitched CAGED flows (back/forward)
PE,2016-11-01,1204823,80898,2016,11,2020-01-01,novo_caged_jan2020_anchor + stitched CAGED flows (back/forward)
PE,2016-12-01,1190184,78390,2016,12,2020-01-01,novo_caged_jan2020_anchor + stitched CAGED flows (back/forward)
PE,2017-01-01,1176274,78233,2017,1,2020-01-01,novo_caged_jan2020_anchor + stitched CAGED flows (back/forward)
PE,2017-02-01,1159932,77942,2017,2,2020-01-01,novo_caged_jan2020_anchor + stitched CAGED flows (back/forward)
PE,2017-03-01,1156100,77777,2017,3,2020-01-01,novo_caged_jan2020_anchor + stitched CAGED flows (back/forward)
PE,2017-04-01,1154931,76673,2017,4,2020-01-01,novo_caged_jan2020_anchor + stitched CAGED flows (back/forward)
PE,2017-05-01,1154736,75767,2017,5,2020-01-01,novo_caged_jan2020_anchor + stitched CAGED flows (back/forward)
PE,2017-06-01,1157462,75165,2017,6,2020-01-01,novo_caged_jan2020_anchor + stitched CAGED flows (back/forward)
PE,2017-07-01,1158256,74467,2017,7,2020-01-01,novo_caged_jan2020_anchor + stitched CAGED flows (back/forward)
PE,2017-08-01,1162462,74702,2017,8,2020-01-01,novo_caged_jan2020_anchor + stitched CAGED flows (back/forward)
PE,2017-09-01,1176454,74882,2017,9,2020-01-01,novo_caged_jan2020_anchor + stitched CAGED flows (back/forward)
PE,2017-10-01,1185172,74847,2017,10,2020-01-01,novo_caged_jan2020_anchor + stitched CAGED flows (back/forward)
PE,2017-11-01,1185431,74720,2017,11,2020-01-01,novo_caged_jan2020_anchor + stitched CAGED flows (back/forward)
PE,2017-12-01,1177117,73633,2017,12,2020-01-01,novo_caged_jan2020_anchor + stitched CAGED flows (back/forward)
PE,2018-01-01,1172280,73840,2018,1,2020-01-01,novo_caged_jan2020_anchor + stitched CAGED flows (back/forward)
PE,2018-02-01,1164899,74033,2018,2,2020-01-01,novo_caged_jan2020_anchor + stitched CAGED flows (back/forward)
PE,2018-03-01,1155210,74571,2018,3,2020-01-01,novo_caged_jan2020_anchor + stitched CAGED flows (back/forward)
PE,2018-04-01,1154940,74066,2018,4,2020-01-01,novo_caged_jan2020_anchor + stitched CAGED flows (back/forward)
PE,2018-05-01,1155561,73035,2018,5,2020-01-01,novo_caged_jan2020_anchor + stitched CAGED flows (back/forward)
PE,2018-06-01,1155682,72208,2018,6,2020-01-01,novo_caged_jan2020_anchor + stitched CAGED flows (back/forward)
PE,2018-07-01,1155571,72407,2018,7,2020-01-01,novo_caged_jan2020_anchor + stitched CAGED flows (back/forward)
PE,2018-08-01,1167134,72819,2018,8,2020-01-01,novo_caged_jan2020_anchor + stitched CAGED flows (back/forward)
PE,2018-09-01,1188548,72901,2018,9,2020-01-01,novo_caged_jan2020_anchor + stitched CAGED flows (back/forward)
PE,2018-10-01,1187218,72659,2018,10,2020-01-01,novo_caged_jan2020_anchor + stitched CAGED flows (back/forward)
PE,2018-11-01,1189031,72441,2018,11,2020-01-01,novo_caged_jan2020_anchor + stitched CAGED flows (back/forward)
PE,2018-12-01,1174077,71424,2018,12,2020-01-01,novo_caged_jan2020_anchor + stitched CAGED flows (back/forward)
PE,2019-01-01,1166835,71424,2019,1,2020-01-01,novo_caged_jan2020_anchor + stitched CAGED flows (back/forward)
PE,2019-02-01,1154439,71054,2019,2,2020-01-01,novo_caged_jan2020_anchor + stitched CAGED flows (back/forward)
PE,2019-03-01,1148153,71054,2019,3,2020-01-01,novo_caged_jan2020_anchor + stitched CAGED flows (back/forward)
PE,2019-04-01,1148578,71672,2019,4,2020-01-01,novo_caged_jan2020_anchor + stitched CAGED flows (back/forward)
PE,2019-05-01,1150279,71803,2019,5,2020-01-01,novo_caged_jan2020_anchor + stitched CAGED flows (back/forward)
PE,2019-06-01,1150026,72223,2019,6,2020-01-01,novo_caged_jan2020_anchor + stitched CAGED flows (back/forward)
PE,2019-07-01,1149930,72311,2019,7,2020-01-01,novo_caged_jan2020_anchor + stitched CAGED flows (back/forward)
PE,2019-08-01,1160361,72627,2019,8,2020-01-01,novo_caged_jan2020_anchor + stitched CAGED flows (back/forward)
PE,2019-09-01,1177991,72156,2019,9,2020-01-01,novo_caged_jan2020_anchor + stitched CAGED flows (back/forward)
PE,2019-10-01,1183098,72176,2019,10,2020-01-01,novo_caged_jan2020_anchor + stitched CAGED flows (back/forward)
PE,2019-11-01,1186292,71850,2019,11,2020-01-01,novo_caged_jan2020_anchor + stitched CAGED flows (back/forward)
PE,2019-12-01,1180934,70934,2019,12,2020-01-01,novo_caged_jan2020_anchor + stitched CAGED flows (back/forward)
PE,2020-01-01,1180364,71996,2020,1,2020-01-01,novo_caged_jan2020_anchor + stitched CAGED flows (back/forward)
PE,2020-02-01,1180060,72465,2020,2,2020-01-01,novo_caged_jan2020_anchor + stitched CAGED flows (back/forward)
PE,2020-03-01,1150717,69415,2020,3,2020-01-01,novo_caged_jan2020_anchor + stitched CAGED flows (back/forward)
PE,2020-04-01,1121223,65749,2020,4,2020-01-01,novo_caged_jan2020_anchor + stitched CAGED flows (back/forward)
PE,2020-05-01,1111773,63847,2020,5,2020-01-01,novo_caged_jan2020_anchor + stitched CAGED flows (back/forward)
PE,2020-06-01,1106893,64199,2020,6,2020-01-01,novo_caged_jan2020_anchor + stitched CAGED flows (back/forward)
PE,2020-07-01,1112110,65809,2020,7,2020-01-01,novo_caged_jan2020_anchor + stitched CAGED flows (back/forward)
PE,2020-08-01,1123822,67375,2020,8,2020-01-01,novo_caged_jan2020_anchor + stitched CAGED flows (back/forward)
PE,2020-09-01,1146861,68951,2020,9,2020-01-01,novo_caged_jan2020_anchor + stitched CAGED flows (back/forward)
PE,2020-10-01,1159902,70234,2020,10,2020-01-01,novo_caged_jan2020_anchor + stitched CAGED flows (back/forward)
PE,2020-11-01,1173958,70339,2020,11,2020-01-01,novo_caged_jan2020_anchor + stitched CAGED flows (back/forward)
PE,2020-12-01,1170106,68929,2020,12,2020-01-01,novo_caged_jan2020_anchor + stitched CAGED flows (back/forward)
PE,2021-01-01,1172726,70379,2021,1,2020-01-01,novo_caged_jan2020_anchor + stitched CAGED flows (back/forward)
PE,2021-02-01,1175054,71162,2021,2,2020-01-01,novo_caged_jan2020_anchor + stitched CAGED flows (back/forward)
PE,2021-03-01,1172466,71704,2021,3,2020-01-01,novo_caged_jan2020_anchor + stitched CAGED flows (back/forward)
PE,2021-04-01,1176516,72093,2021,4,2020-01-01,novo_caged_jan2020_anchor + stitched CAGED flows (back/forward)
PE,2021-05-01,1184655,72419,2021,5,2020-01-01,novo_caged_jan2020_anchor + stitched CAGED flows (back/forward)
PE,2021-06-01,1192088,72113,2021,6,2020-01-01,novo_caged_jan2020_anchor + stitched CAGED flows (back/forward)
PE,2021-07-01,1201391,72117,2021,7,2020-01-01,novo_caged_jan2020_anchor + stitched CAGED flows (back/forward)
PE,2021-08-01,1219822,72622,2021,8,2020-01-01,novo_caged_jan2020_anchor + stitched CAGED flows (back/forward)
PE,2021-09-01,1248595,73919,2021,9,2020-01-01,novo_caged_jan2020_anchor + stitched CAGED flows (back/forward)
PE,2021-10-01,1260778,74163,2021,10,2020-01-01,novo_caged_jan2020_anchor + stitched CAGED flows (back/forward)
PE,2021-11-01,1272074,75191,2021,11,2020-01-01,novo_caged_jan2020_anchor + stitched CAGED flows (back/forward)
PE,2021-12-01,1265742,73822,2021,12,2020-01-01,novo_caged_jan2020_anchor + stitched CAGED flows (back/forward)
PE,2022-01-01,1269901,74626,2022,1,2020-01-01,novo_caged_jan2020_anchor + stitched CAGED flows (back/forward)
PE,2022-02-01,1273149,75146,2022,2,2020-01-01,novo_caged_jan2020_anchor + stitched CAGED flows (back/forward)
PE,2022-03-01,1266385,76347,2022,3,2020-01-01,novo_caged_jan2020_anchor + stitched CAGED flows (back/forward)
PE,2022-04-01,1266281,76835,2022,4,2020-01-01,novo_caged_jan2020_anchor + stitched CAGED flows (back/forward)
PE,2022-05-01,1272842,77225,2022,5,2020-01-01,novo_caged_jan2020_anchor + stitched CAGED flows (back/forward)
PE,2022-06-01,1280068,77964,2022,6,2020-01-01,novo_caged_jan2020_anchor + stitched CAGED flows (back/forward)
PE,2022-07-01,1289463,79630,2022,7,2020-01-01,novo_caged_jan2020_anchor + stitched CAGED flows (back/forward)
PE,2022-08-01,1304321,80753,2022,8,2020-01-01,novo_caged_jan2020_anchor + stitched CAGED flows (back/forward)
PE,2022-09-01,1325702,82364,2022,9,2020-01-01,novo_caged_jan2020_anchor + stitched CAGED flows (back/forward)
PE,2022-10-01,1333225,83048,2022,10,2020-01-01,novo_caged_jan2020_anchor + stitched CAGED flows (back/forward)
PE,2022-11-01,1341152,83782,2022,11,2020-01-01,novo_caged_jan2020_anchor + stitched CAGED flows (back/forward)
PE,2022-12-01,1329320,82706,2022,12,2020-01-01,novo_caged_jan2020_anchor + stitched CAGED flows (back/forward)
PE,2023-01-01,1330442,83019,2023,1,2020-01-01,novo_caged_jan2020_anchor + stitched CAGED flows (back/forward)
PE,2023-02-01,1337433,83061,2023,2,2020-01-01,novo_caged_jan2020_anchor + stitched CAGED flows (back/forward)
PE,2023-03-01,1331915,83377,2023,3,2020-01-01,novo_caged_jan2020_anchor + stitched CAGED flows (back/forward)
PE,2023-04-01,1329195,83888,2023,4,2020-01-01,novo_caged_jan2020_anchor + stitched CAGED flows (back/forward)
PE,2023-05-01,1329749,84295,2023,5,2020-01-01,novo_caged_jan2020_anchor + stitched CAGED flows (back/forward)
PE,2023-06-01,1335275,84388,2023,6,2020-01-01,novo_caged_jan2020_anchor + stitched CAGED flows (back/forward)
PE,2023-07-01,1339675,84472,2023,7,2020-01-01,novo_caged_jan2020_anchor + stitched CAGED flows (back/forward)
PE,2023-08-01,1355305,85252,2023,8,2020-01-01,novo_caged_jan2020_anchor + stitched CAGED flows (back/forward)
PE,2023-09-01,1374249,85541,2023,9,2020-01-01,novo_caged_jan2020_anchor + stitched CAGED flows (back/forward)
PE,2023-10-01,1382431,85751,2023,10,2020-01-01,novo_caged_jan2020_anchor + stitched CAGED flows (back/forward)
PE,2023-11-01,1389980,86294,2023,11,2020-01-01,novo_caged_jan2020_anchor + stitched CAGED flows (back/forward)
PE,2023-12-01,1380459,84771,2023,12,2020-01-01,novo_caged_jan2020_anchor + stitched CAGED flows (back/forward)
PE,2024-01-01,1382400,85869,2024,1,2020-01-01,novo_caged_jan2020_anchor + stitched CAGED flows (back/forward)
PE,2024-02-01,1385295,86529,2024,2,2020-01-01,novo_caged_jan2020_anchor + stitched CAGED flows (back/forward)
PE,2024-03-01,1386766,87544,2024,3,2020-01-01,novo_caged_jan2020_anchor + stitched CAGED flows (back/forward)
PE,2024-04-01,1385831,89229,2024,4,2020-01-01,novo_caged_jan2020_anchor + stitched CAGED flows (back/forward)
PE,2024-05-01,1390587,89891,2024,5,2020-01-01,novo_caged_jan2020_anchor + stitched CAGED flows (back/forward)
PE,2024-06-01,1398740,90348,2024,6,2020-01-01,novo_caged_jan2020_anchor + stitched CAGED flows (back/forward)
PE,2024-07-01,1406564,90769,2024,7,2020-01-01,novo_caged_jan2020_anchor + stitched CAGED flows (back/forward)
PE,2024-08-01,1424970,91301,2024,8,2020-01-01,novo_caged_jan2020_anchor + stitched CAGED flows (back/forward)
PE,2024-09-01,1442967,92575,2024,9,2020-01-01,novo_caged_jan2020_anchor + stitched CAGED flows (back/forward)
PE,2024-10-01,1448075,92385,2024,10,2020-01-01,novo_caged_jan2020_anchor + stitched CAGED flows (back/forward)
PE,2024-11-01,1453647,92335,2024,11,2020-01-01,novo_caged_jan2020_anchor + stitched CAGED flows (back/forward)
PE,2024-12-01,1440205,90781,2024,12,2020-01-01,novo_caged_jan2020_anchor + stitched CAGED flows (back/forward)
PE,2025-01-01,1437310,91863,2025,1,2020-01-01,novo_caged_jan2020_anchor + stitched CAGED flows (back/forward)
PE,2025-02-01,1445984,93198,2025,2,2020-01-01,novo_caged_jan2020_anchor + stitched CAGED flows (back/forward)
PE,2025-03-01,1443025,93963,2025,3,2020-01-01,novo_caged_jan2020_anchor + stitched CAGED flows (back/forward)
PE,2025-04-01,1450728,95603,2025,4,2020-01-01,novo_caged_jan2020_anchor + stitched CAGED flows (back/forward)
PE,2025-05-01,1460663,96379,2025,5,2020-01-01,novo_caged_jan2020_anchor + stitched CAGED flows (back/forward)
PE,2025-06-01,1466131,96734,2025,6,2020-01-01,novo_caged_jan2020_anchor + stitched CAGED flows (back/forward)
PE,2025-07-01,1473716,97925,2025,7,2020-01-01,novo_caged_jan2020_anchor + stitched CAGED flows (back/forward)
PE,2025-08-01,1486598,100604,2025,8,2020-01-01,novo_caged_jan2020_anchor + stitched CAGED flows (back/forward)
PE,2025-09-01,1502364,102968,2025,9,2020-01-01,novo_caged_jan2020_anchor + stitched CAGED flows (back/forward)
PE,2025-10-01,1513267,105109,2025,10,2020-01-01,novo_caged_jan2020_anchor + stitched CAGED flows (back/forward)
PE,2025-11-01,1522286,107289,2025,11,2020-01-01,novo_caged_jan2020_anchor + stitched CAGED flows (back/forward)
PE,2025-12-01,1512406,105928,2025,12,2020-01-01,novo_caged_jan2020_anchor + stitched CAGED flows (back/forward)
PE,2026-01-01,1513491,109051,2026,1,2020-01-01,novo_caged_jan2020_anchor + stitched CAGED flows (back/forward)
PE,2026-02-01,1515016,110892,2026,2,2020-01-01,novo_caged_jan2020_anchor + stitched CAGED flows (back/forward)
PE,2026-03-01,1518303,113381,2026,3,2020-01-01,novo_caged_jan2020_anchor + stitched CAGED flows (back/forward)
PI,2007-01-01,221798,27041,2007,1,2020-01-01,novo_caged_jan2020_anchor + stitched CAGED flows (back/forward)
PI,2007-02-01,221421,27131,2007,2,2020-01-01,novo_caged_jan2020_anchor + stitched CAGED flows (back/forward)
PI,2007-03-01,221296,27207,2007,3,2020-01-01,novo_caged_jan2020_anchor + stitched CAGED flows (back/forward)
PI,2007-04-01,222442,27330,2007,4,2020-01-01,novo_caged_jan2020_anchor + stitched CAGED flows (back/forward)
PI,2007-05-01,223568,27372,2007,5,2020-01-01,novo_caged_jan2020_anchor + stitched CAGED flows (back/forward)
PI,2007-06-01,224168,27387,2007,6,2020-01-01,novo_caged_jan2020_anchor + stitched CAGED flows (back/forward)
PI,2007-07-01,224823,27373,2007,7,2020-01-01,novo_caged_jan2020_anchor + stitched CAGED flows (back/forward)
PI,2007-08-01,225683,27513,2007,8,2020-01-01,novo_caged_jan2020_anchor + stitched CAGED flows (back/forward)
PI,2007-09-01,227889,27953,2007,9,2020-01-01,novo_caged_jan2020_anchor + stitched CAGED flows (back/forward)
PI,2007-10-01,229963,28234,2007,10,2020-01-01,novo_caged_jan2020_anchor + stitched CAGED flows (back/forward)
PI,2007-11-01,230241,28475,2007,11,2020-01-01,novo_caged_jan2020_anchor + stitched CAGED flows (back/forward)
PI,2007-12-01,229630,28469,2007,12,2020-01-01,novo_caged_jan2020_anchor + stitched CAGED flows (back/forward)
PI,2008-01-01,229647,28871,2008,1,2020-01-01,novo_caged_jan2020_anchor + stitched CAGED flows (back/forward)
PI,2008-02-01,229802,28996,2008,2,2020-01-01,novo_caged_jan2020_anchor + stitched CAGED flows (back/forward)
PI,2008-03-01,230252,28899,2008,3,2020-01-01,novo_caged_jan2020_anchor + stitched CAGED flows (back/forward)
PI,2008-04-01,231629,29124,2008,4,2020-01-01,novo_caged_jan2020_anchor + stitched CAGED flows (back/forward)
PI,2008-05-01,233539,29462,2008,5,2020-01-01,novo_caged_jan2020_anchor + stitched CAGED flows (back/forward)
PI,2008-06-01,236098,30461,2008,6,2020-01-01,novo_caged_jan2020_anchor + stitched CAGED flows (back/forward)
PI,2008-07-01,237091,31282,2008,7,2020-01-01,novo_caged_jan2020_anchor + stitched CAGED flows (back/forward)
PI,2008-08-01,239209,31995,2008,8,2020-01-01,novo_caged_jan2020_anchor + stitched CAGED flows (back/forward)
PI,2008-09-01,241327,32940,2008,9,2020-01-01,novo_caged_jan2020_anchor + stitched CAGED flows (back/forward)
PI,2008-10-01,243111,33756,2008,10,2020-01-01,novo_caged_jan2020_anchor + stitched CAGED flows (back/forward)
PI,2008-11-01,243291,34045,2008,11,2020-01-01,novo_caged_jan2020_anchor + stitched CAGED flows (back/forward)
PI,2008-12-01,240954,33458,2008,12,2020-01-01,novo_caged_jan2020_anchor + stitched CAGED flows (back/forward)
PI,2009-01-01,240353,33781,2009,1,2020-01-01,novo_caged_jan2020_anchor + stitched CAGED flows (back/forward)
PI,2009-02-01,240104,33826,2009,2,2020-01-01,novo_caged_jan2020_anchor + stitched CAGED flows (back/forward)
PI,2009-03-01,240254,33650,2009,3,2020-01-01,novo_caged_jan2020_anchor + stitched CAGED flows (back/forward)
PI,2009-04-01,240530,33183,2009,4,2020-01-01,novo_caged_jan2020_anchor + stitched CAGED flows (back/forward)
PI,2009-05-01,241564,33227,2009,5,2020-01-01,novo_caged_jan2020_anchor + stitched CAGED flows (back/forward)
PI,2009-06-01,243800,33900,2009,6,2020-01-01,novo_caged_jan2020_anchor + stitched CAGED flows (back/forward)
PI,2009-07-01,245201,34999,2009,7,2020-01-01,novo_caged_jan2020_anchor + stitched CAGED flows (back/forward)
PI,2009-08-01,247966,36644,2009,8,2020-01-01,novo_caged_jan2020_anchor + stitched CAGED flows (back/forward)
PI,2009-09-01,250397,37423,2009,9,2020-01-01,novo_caged_jan2020_anchor + stitched CAGED flows (back/forward)
PI,2009-10-01,252844,37423,2009,10,2020-01-01,novo_caged_jan2020_anchor + stitched CAGED flows (back/forward)
PI,2009-11-01,255635,38140,2009,11,2020-01-01,novo_caged_jan2020_anchor + stitched CAGED flows (back/forward)
PI,2009-12-01,253681,37730,2009,12,2020-01-01,novo_caged_jan2020_anchor + stitched CAGED flows (back/forward)
PI,2010-01-01,254858,38761,2010,1,2020-01-01,novo_caged_jan2020_anchor + stitched CAGED flows (back/forward)
PI,2010-02-01,255733,39043,2010,2,2020-01-01,novo_caged_jan2020_anchor + stitched CAGED flows (back/forward)
PI,2010-03-01,259156,41250,2010,3,2020-01-01,novo_caged_jan2020_anchor + stitched CAGED flows (back/forward)
PI,2010-04-01,261936,42394,2010,4,2020-01-01,novo_caged_jan2020_anchor + stitched CAGED flows (back/forward)
PI,2010-05-01,264046,42394,2010,5,2020-01-01,novo_caged_jan2020_anchor + stitched CAGED flows (back/forward)
PI,2010-06-01,266917,42394,2010,6,2020-01-01,novo_caged_jan2020_anchor + stitched CAGED flows (back/forward)
PI,2010-07-01,268472,42394,2010,7,2020-01-01,novo_caged_jan2020_anchor + stitched CAGED flows (back/forward)
PI,2010-08-01,270790,42684,2010,8,2020-01-01,novo_caged_jan2020_anchor + stitched CAGED flows (back/forward)
PI,2010-09-01,270873,42019,2010,9,2020-01-01,novo_caged_jan2020_anchor + stitched CAGED flows (back/forward)
PI,2010-10-01,273919,42019,2010,10,2020-01-01,novo_caged_jan2020_anchor + stitched CAGED flows (back/forward)
PI,2010-11-01,274397,41423,2010,11,2020-01-01,novo_caged_jan2020_anchor + stitched CAGED flows (back/forward)
PI,2010-12-01,272475,39644,2010,12,2020-01-01,novo_caged_jan2020_anchor + stitched CAGED flows (back/forward)
PI,2011-01-01,272629,39245,2011,1,2020-01-01,novo_caged_jan2020_anchor + stitched CAGED flows (back/forward)
PI,2011-02-01,272811,38600,2011,2,2020-01-01,novo_caged_jan2020_anchor + stitched CAGED flows (back/forward)
PI,2011-03-01,270697,37641,2011,3,2020-01-01,novo_caged_jan2020_anchor + stitched CAGED flows (back/forward)
PI,2011-04-01,273193,37651,2011,4,2020-01-01,novo_caged_jan2020_anchor + stitched CAGED flows (back/forward)
PI,2011-05-01,274348,37520,2011,5,2020-01-01,novo_caged_jan2020_anchor + stitched CAGED flows (back/forward)
PI,2011-06-01,276050,37566,2011,6,2020-01-01,novo_caged_jan2020_anchor + stitched CAGED flows (back/forward)
PI,2011-07-01,276952,38049,2011,7,2020-01-01,novo_caged_jan2020_anchor + stitched CAGED flows (back/forward)
PI,2011-08-01,277965,38570,2011,8,2020-01-01,novo_caged_jan2020_anchor + stitched CAGED flows (back/forward)
PI,2011-09-01,279249,38923,2011,9,2020-01-01,novo_caged_jan2020_anchor + stitched CAGED flows (back/forward)
PI,2011-10-01,280743,39753,2011,10,2020-01-01,novo_caged_jan2020_anchor + stitched CAGED flows (back/forward)
PI,2011-11-01,281333,39411,2011,11,2020-01-01,novo_caged_jan2020_anchor + stitched CAGED flows (back/forward)
PI,2011-12-01,277345,37905,2011,12,2020-01-01,novo_caged_jan2020_anchor + stitched CAGED flows (back/forward)
PI,2012-01-01,277563,38554,2012,1,2020-01-01,novo_caged_jan2020_anchor + stitched CAGED flows (back/forward)
PI,2012-02-01,277787,38878,2012,2,2020-01-01,novo_caged_jan2020_anchor + stitched CAGED flows (back/forward)
PI,2012-03-01,278248,39251,2012,3,2020-01-01,novo_caged_jan2020_anchor + stitched CAGED flows (back/forward)
PI,2012-04-01,279198,39070,2012,4,2020-01-01,novo_caged_jan2020_anchor + stitched CAGED flows (back/forward)
PI,2012-05-01,279197,39070,2012,5,2020-01-01,novo_caged_jan2020_anchor + stitched CAGED flows (back/forward)
PI,2012-06-01,280785,39485,2012,6,2020-01-01,novo_caged_jan2020_anchor + stitched CAGED flows (back/forward)
PI,2012-07-01,282496,40369,2012,7,2020-01-01,novo_caged_jan2020_anchor + stitched CAGED flows (back/forward)
PI,2012-08-01,283579,40790,2012,8,2020-01-01,novo_caged_jan2020_anchor + stitched CAGED flows (back/forward)
PI,2012-09-01,283793,40468,2012,9,2020-01-01,novo_caged_jan2020_anchor + stitched CAGED flows (back/forward)
PI,2012-10-01,284743,40468,2012,10,2020-01-01,novo_caged_jan2020_anchor + stitched CAGED flows (back/forward)
PI,2012-11-01,283907,40297,2012,11,2020-01-01,novo_caged_jan2020_anchor + stitched CAGED flows (back/forward)
PI,2012-12-01,281525,39058,2012,12,2020-01-01,novo_caged_jan2020_anchor + stitched CAGED flows (back/forward)
PI,2013-01-01,280497,39111,2013,1,2020-01-01,novo_caged_jan2020_anchor + stitched CAGED flows (back/forward)
PI,2013-02-01,280152,38941,2013,2,2020-01-01,novo_caged_jan2020_anchor + stitched CAGED flows (back/forward)
PI,2013-03-01,280641,39587,2013,3,2020-01-01,novo_caged_jan2020_anchor + stitched CAGED flows (back/forward)
PI,2013-04-01,281965,40073,2013,4,2020-01-01,novo_caged_jan2020_anchor + stitched CAGED flows (back/forward)
PI,2013-05-01,284196,40775,2013,5,2020-01-01,novo_caged_jan2020_anchor + stitched CAGED flows (back/forward)
PI,2013-06-01,285828,40910,2013,6,2020-01-01,novo_caged_jan2020_anchor + stitched CAGED flows (back/forward)
PI,2013-07-01,286804,40990,2013,7,2020-01-01,novo_caged_jan2020_anchor + stitched CAGED flows (back/forward)
PI,2013-08-01,287796,41031,2013,8,2020-01-01,novo_caged_jan2020_anchor + stitched CAGED flows (back/forward)
PI,2013-09-01,288175,40887,2013,9,2020-01-01,novo_caged_jan2020_anchor + stitched CAGED flows (back/forward)
PI,2013-10-01,290779,41600,2013,10,2020-01-01,novo_caged_jan2020_anchor + stitched CAGED flows (back/forward)
PI,2013-11-01,289993,40652,2013,11,2020-01-01,novo_caged_jan2020_anchor + stitched CAGED flows (back/forward)
PI,2013-12-01,288018,39794,2013,12,2020-01-01,novo_caged_jan2020_anchor + stitched CAGED flows (back/forward)
PI,2014-01-01,287883,40050,2014,1,2020-01-01,novo_caged_jan2020_anchor + stitched CAGED flows (back/forward)
PI,2014-02-01,288849,40230,2014,2,2020-01-01,novo_caged_jan2020_anchor + stitched CAGED flows (back/forward)
PI,2014-03-01,289832,40147,2014,3,2020-01-01,novo_caged_jan2020_anchor + stitched CAGED flows (back/forward)
PI,2014-04-01,292815,40185,2014,4,2020-01-01,novo_caged_jan2020_anchor + stitched CAGED flows (back/forward)
PI,2014-05-01,293534,40597,2014,5,2020-01-01,novo_caged_jan2020_anchor + stitched CAGED flows (back/forward)
PI,2014-06-01,293910,40281,2014,6,2020-01-01,novo_caged_jan2020_anchor + stitched CAGED flows (back/forward)
PI,2014-07-01,294883,40407,2014,7,2020-01-01,novo_caged_jan2020_anchor + stitched CAGED flows (back/forward)
PI,2014-08-01,296367,40108,2014,8,2020-01-01,novo_caged_jan2020_anchor + stitched CAGED flows (back/forward)
PI,2014-09-01,295966,38989,2014,9,2020-01-01,novo_caged_jan2020_anchor + stitched CAGED flows (back/forward)
PI,2014-10-01,297014,39953,2014,10,2020-01-01,novo_caged_jan2020_anchor + stitched CAGED flows (back/forward)
PI,2014-11-01,297479,39361,2014,11,2020-01-01,novo_caged_jan2020_anchor + stitched CAGED flows (back/forward)
PI,2014-12-01,295323,38744,2014,12,2020-01-01,novo_caged_jan2020_anchor + stitched CAGED flows (back/forward)
PI,2015-01-01,293654,38744,2015,1,2020-01-01,novo_caged_jan2020_anchor + stitched CAGED flows (back/forward)
PI,2015-02-01,293760,38356,2015,2,2020-01-01,novo_caged_jan2020_anchor + stitched CAGED flows (back/forward)
PI,2015-03-01,294776,37730,2015,3,2020-01-01,novo_caged_jan2020_anchor + stitched CAGED flows (back/forward)
PI,2015-04-01,295388,36818,2015,4,2020-01-01,novo_caged_jan2020_anchor + stitched CAGED flows (back/forward)
PI,2015-05-01,295451,35838,2015,5,2020-01-01,novo_caged_jan2020_anchor + stitched CAGED flows (back/forward)
PI,2015-06-01,294572,34859,2015,6,2020-01-01,novo_caged_jan2020_anchor + stitched CAGED flows (back/forward)
PI,2015-07-01,294125,34042,2015,7,2020-01-01,novo_caged_jan2020_anchor + stitched CAGED flows (back/forward)
PI,2015-08-01,294738,33330,2015,8,2020-01-01,novo_caged_jan2020_anchor + stitched CAGED flows (back/forward)
PI,2015-09-01,295002,32320,2015,9,2020-01-01,novo_caged_jan2020_anchor + stitched CAGED flows (back/forward)
PI,2015-10-01,294411,32331,2015,10,2020-01-01,novo_caged_jan2020_anchor + stitched CAGED flows (back/forward)
PI,2015-11-01,293731,30993,2015,11,2020-01-01,novo_caged_jan2020_anchor + stitched CAGED flows (back/forward)
PI,2015-12-01,290479,29635,2015,12,2020-01-01,novo_caged_jan2020_anchor + stitched CAGED flows (back/forward)
PI,2016-01-01,288170,29623,2016,1,2020-01-01,novo_caged_jan2020_anchor + stitched CAGED flows (back/forward)
PI,2016-02-01,284695,29326,2016,2,2020-01-01,novo_caged_jan2020_anchor + stitched CAGED flows (back/forward)
PI,2016-03-01,283558,29090,2016,3,2020-01-01,novo_caged_jan2020_anchor + stitched CAGED flows (back/forward)
PI,2016-04-01,283210,28465,2016,4,2020-01-01,novo_caged_jan2020_anchor + stitched CAGED flows (back/forward)
PI,2016-05-01,282167,27794,2016,5,2020-01-01,novo_caged_jan2020_anchor + stitched CAGED flows (back/forward)
PI,2016-06-01,282268,27702,2016,6,2020-01-01,novo_caged_jan2020_anchor + stitched CAGED flows (back/forward)
PI,2016-07-01,281639,27373,2016,7,2020-01-01,novo_caged_jan2020_anchor + stitched CAGED flows (back/forward)
PI,2016-08-01,281631,27028,2016,8,2020-01-01,novo_caged_jan2020_anchor + stitched CAGED flows (back/forward)
PI,2016-09-01,280769,26421,2016,9,2020-01-01,novo_caged_jan2020_anchor + stitched CAGED flows (back/forward)
PI,2016-10-01,278972,26513,2016,10,2020-01-01,novo_caged_jan2020_anchor + stitched CAGED flows (back/forward)
PI,2016-11-01,278931,25644,2016,11,2020-01-01,novo_caged_jan2020_anchor + stitched CAGED flows (back/forward)
PI,2016-12-01,276963,24338,2016,12,2020-01-01,novo_caged_jan2020_anchor + stitched CAGED flows (back/forward)
PI,2017-01-01,276512,24098,2017,1,2020-01-01,novo_caged_jan2020_anchor + stitched CAGED flows (back/forward)
PI,2017-02-01,276690,23673,2017,2,2020-01-01,novo_caged_jan2020_anchor + stitched CAGED flows (back/forward)
PI,2017-03-01,275743,23401,2017,3,2020-01-01,novo_caged_jan2020_anchor + stitched CAGED flows (back/forward)
PI,2017-04-01,275968,22915,2017,4,2020-01-01,novo_caged_jan2020_anchor + stitched CAGED flows (back/forward)
PI,2017-05-01,276804,22937,2017,5,2020-01-01,novo_caged_jan2020_anchor + stitched CAGED flows (back/forward)
PI,2017-06-01,277516,22428,2017,6,2020-01-01,novo_caged_jan2020_anchor + stitched CAGED flows (back/forward)
PI,2017-07-01,277756,22329,2017,7,2020-01-01,novo_caged_jan2020_anchor + stitched CAGED flows (back/forward)
PI,2017-08-01,277831,22369,2017,8,2020-01-01,novo_caged_jan2020_anchor + stitched CAGED flows (back/forward)
PI,2017-09-01,278590,22472,2017,9,2020-01-01,novo_caged_jan2020_anchor + stitched CAGED flows (back/forward)
PI,2017-10-01,280204,22812,2017,10,2020-01-01,novo_caged_jan2020_anchor + stitched CAGED flows (back/forward)
PI,2017-11-01,279660,22291,2017,11,2020-01-01,novo_caged_jan2020_anchor + stitched CAGED flows (back/forward)
PI,2017-12-01,278836,21702,2017,12,2020-01-01,novo_caged_jan2020_anchor + stitched CAGED flows (back/forward)
PI,2018-01-01,277895,21691,2018,1,2020-01-01,novo_caged_jan2020_anchor + stitched CAGED flows (back/forward)
PI,2018-02-01,278063,21430,2018,2,2020-01-01,novo_caged_jan2020_anchor + stitched CAGED flows (back/forward)
PI,2018-03-01,279018,21488,2018,3,2020-01-01,novo_caged_jan2020_anchor + stitched CAGED flows (back/forward)
PI,2018-04-01,279597,21568,2018,4,2020-01-01,novo_caged_jan2020_anchor + stitched CAGED flows (back/forward)
PI,2018-05-01,280383,21473,2018,5,2020-01-01,novo_caged_jan2020_anchor + stitched CAGED flows (back/forward)
PI,2018-06-01,280865,21302,2018,6,2020-01-01,novo_caged_jan2020_anchor + stitched CAGED flows (back/forward)
PI,2018-07-01,281065,21227,2018,7,2020-01-01,novo_caged_jan2020_anchor + stitched CAGED flows (back/forward)
PI,2018-08-01,281476,20822,2018,8,2020-01-01,novo_caged_jan2020_anchor + stitched CAGED flows (back/forward)
PI,2018-09-01,282695,20674,2018,9,2020-01-01,novo_caged_jan2020_anchor + stitched CAGED flows (back/forward)
PI,2018-10-01,282945,20776,2018,10,2020-01-01,novo_caged_jan2020_anchor + stitched CAGED flows (back/forward)
PI,2018-11-01,282659,20470,2018,11,2020-01-01,novo_caged_jan2020_anchor + stitched CAGED flows (back/forward)
PI,2018-12-01,281836,20041,2018,12,2020-01-01,novo_caged_jan2020_anchor + stitched CAGED flows (back/forward)
PI,2019-01-01,279931,20041,2019,1,2020-01-01,novo_caged_jan2020_anchor + stitched CAGED flows (back/forward)
PI,2019-02-01,279531,20279,2019,2,2020-01-01,novo_caged_jan2020_anchor + stitched CAGED flows (back/forward)
PI,2019-03-01,278726,20279,2019,3,2020-01-01,novo_caged_jan2020_anchor + stitched CAGED flows (back/forward)
PI,2019-04-01,278733,20367,2019,4,2020-01-01,novo_caged_jan2020_anchor + stitched CAGED flows (back/forward)
PI,2019-05-01,279773,21041,2019,5,2020-01-01,novo_caged_jan2020_anchor + stitched CAGED flows (back/forward)
PI,2019-06-01,281081,21518,2019,6,2020-01-01,novo_caged_jan2020_anchor + stitched CAGED flows (back/forward)
PI,2019-07-01,281434,21976,2019,7,2020-01-01,novo_caged_jan2020_anchor + stitched CAGED flows (back/forward)
PI,2019-08-01,282906,22555,2019,8,2020-01-01,novo_caged_jan2020_anchor + stitched CAGED flows (back/forward)
PI,2019-09-01,284073,22777,2019,9,2020-01-01,novo_caged_jan2020_anchor + stitched CAGED flows (back/forward)
PI,2019-10-01,284797,23290,2019,10,2020-01-01,novo_caged_jan2020_anchor + stitched CAGED flows (back/forward)
PI,2019-11-01,284997,23180,2019,11,2020-01-01,novo_caged_jan2020_anchor + stitched CAGED flows (back/forward)
PI,2019-12-01,282040,22266,2019,12,2020-01-01,novo_caged_jan2020_anchor + stitched CAGED flows (back/forward)
PI,2020-01-01,282052,22841,2020,1,2020-01-01,novo_caged_jan2020_anchor + stitched CAGED flows (back/forward)
PI,2020-02-01,283092,22770,2020,2,2020-01-01,novo_caged_jan2020_anchor + stitched CAGED flows (back/forward)
PI,2020-03-01,282246,21992,2020,3,2020-01-01,novo_caged_jan2020_anchor + stitched CAGED flows (back/forward)
PI,2020-04-01,275221,20443,2020,4,2020-01-01,novo_caged_jan2020_anchor + stitched CAGED flows (back/forward)
PI,2020-05-01,271129,19900,2020,5,2020-01-01,novo_caged_jan2020_anchor + stitched CAGED flows (back/forward)
PI,2020-06-01,270669,19811,2020,6,2020-01-01,novo_caged_jan2020_anchor + stitched CAGED flows (back/forward)
PI,2020-07-01,271584,20683,2020,7,2020-01-01,novo_caged_jan2020_anchor + stitched CAGED flows (back/forward)
PI,2020-08-01,273185,21789,2020,8,2020-01-01,novo_caged_jan2020_anchor + stitched CAGED flows (back/forward)
PI,2020-09-01,275332,22615,2020,9,2020-01-01,novo_caged_jan2020_anchor + stitched CAGED flows (back/forward)
PI,2020-10-01,278443,23412,2020,10,2020-01-01,novo_caged_jan2020_anchor + stitched CAGED flows (back/forward)
PI,2020-11-01,279440,23466,2020,11,2020-01-01,novo_caged_jan2020_anchor + stitched CAGED flows (back/forward)
PI,2020-12-01,278318,23221,2020,12,2020-01-01,novo_caged_jan2020_anchor + stitched CAGED flows (back/forward)
PI,2021-01-01,279431,23798,2021,1,2020-01-01,novo_caged_jan2020_anchor + stitched CAGED flows (back/forward)
PI,2021-02-01,281979,24505,2021,2,2020-01-01,novo_caged_jan2020_anchor + stitched CAGED flows (back/forward)
PI,2021-03-01,282621,24442,2021,3,2020-01-01,novo_caged_jan2020_anchor + stitched CAGED flows (back/forward)
PI,2021-04-01,284164,24555,2021,4,2020-01-01,novo_caged_jan2020_anchor + stitched CAGED flows (back/forward)
PI,2021-05-01,287132,25163,2021,5,2020-01-01,novo_caged_jan2020_anchor + stitched CAGED flows (back/forward)
PI,2021-06-01,290061,25856,2021,6,2020-01-01,novo_caged_jan2020_anchor + stitched CAGED flows (back/forward)
PI,2021-07-01,292654,26014,2021,7,2020-01-01,novo_caged_jan2020_anchor + stitched CAGED flows (back/forward)
PI,2021-08-01,295681,26512,2021,8,2020-01-01,novo_caged_jan2020_anchor + stitched CAGED flows (back/forward)
PI,2021-09-01,299071,27082,2021,9,2020-01-01,novo_caged_jan2020_anchor + stitched CAGED flows (back/forward)
PI,2021-10-01,300457,27261,2021,10,2020-01-01,novo_caged_jan2020_anchor + stitched CAGED flows (back/forward)
PI,2021-11-01,301766,27204,2021,11,2020-01-01,novo_caged_jan2020_anchor + stitched CAGED flows (back/forward)
PI,2021-12-01,299666,26885,2021,12,2020-01-01,novo_caged_jan2020_anchor + stitched CAGED flows (back/forward)
PI,2022-01-01,299235,27216,2022,1,2020-01-01,novo_caged_jan2020_anchor + stitched CAGED flows (back/forward)
PI,2022-02-01,301277,27368,2022,2,2020-01-01,novo_caged_jan2020_anchor + stitched CAGED flows (back/forward)
PI,2022-03-01,302133,27638,2022,3,2020-01-01,novo_caged_jan2020_anchor + stitched CAGED flows (back/forward)
PI,2022-04-01,303129,27640,2022,4,2020-01-01,novo_caged_jan2020_anchor + stitched CAGED flows (back/forward)
PI,2022-05-01,305853,27687,2022,5,2020-01-01,novo_caged_jan2020_anchor + stitched CAGED flows (back/forward)
PI,2022-06-01,310500,27790,2022,6,2020-01-01,novo_caged_jan2020_anchor + stitched CAGED flows (back/forward)
PI,2022-07-01,312156,28016,2022,7,2020-01-01,novo_caged_jan2020_anchor + stitched CAGED flows (back/forward)
PI,2022-08-01,313079,27896,2022,8,2020-01-01,novo_caged_jan2020_anchor + stitched CAGED flows (back/forward)
PI,2022-09-01,315932,27676,2022,9,2020-01-01,novo_caged_jan2020_anchor + stitched CAGED flows (back/forward)
PI,2022-10-01,316940,27954,2022,10,2020-01-01,novo_caged_jan2020_anchor + stitched CAGED flows (back/forward)
PI,2022-11-01,316834,27393,2022,11,2020-01-01,novo_caged_jan2020_anchor + stitched CAGED flows (back/forward)
PI,2022-12-01,312707,26657,2022,12,2020-01-01,novo_caged_jan2020_anchor + stitched CAGED flows (back/forward)
PI,2023-01-01,313146,26949,2023,1,2020-01-01,novo_caged_jan2020_anchor + stitched CAGED flows (back/forward)
PI,2023-02-01,314419,27097,2023,2,2020-01-01,novo_caged_jan2020_anchor + stitched CAGED flows (back/forward)
PI,2023-03-01,316345,27556,2023,3,2020-01-01,novo_caged_jan2020_anchor + stitched CAGED flows (back/forward)
PI,2023-04-01,318649,28167,2023,4,2020-01-01,novo_caged_jan2020_anchor + stitched CAGED flows (back/forward)
PI,2023-05-01,321358,28971,2023,5,2020-01-01,novo_caged_jan2020_anchor + stitched CAGED flows (back/forward)
PI,2023-06-01,325489,29760,2023,6,2020-01-01,novo_caged_jan2020_anchor + stitched CAGED flows (back/forward)
PI,2023-07-01,329236,30912,2023,7,2020-01-01,novo_caged_jan2020_anchor + stitched CAGED flows (back/forward)
PI,2023-08-01,331989,31711,2023,8,2020-01-01,novo_caged_jan2020_anchor + stitched CAGED flows (back/forward)
PI,2023-09-01,334479,32197,2023,9,2020-01-01,novo_caged_jan2020_anchor + stitched CAGED flows (back/forward)
PI,2023-10-01,336626,33045,2023,10,2020-01-01,novo_caged_jan2020_anchor + stitched CAGED flows (back/forward)
PI,2023-11-01,336352,32379,2023,11,2020-01-01,novo_caged_jan2020_anchor + stitched CAGED flows (back/forward)
PI,2023-12-01,332755,30824,2023,12,2020-01-01,novo_caged_jan2020_anchor + stitched CAGED flows (back/forward)
PI,2024-01-01,333330,30632,2024,1,2020-01-01,novo_caged_jan2020_anchor + stitched CAGED flows (back/forward)
PI,2024-02-01,333825,29407,2024,2,2020-01-01,novo_caged_jan2020_anchor + stitched CAGED flows (back/forward)
PI,2024-03-01,336868,29193,2024,3,2020-01-01,novo_caged_jan2020_anchor + stitched CAGED flows (back/forward)
PI,2024-04-01,339117,29596,2024,4,2020-01-01,novo_caged_jan2020_anchor + stitched CAGED flows (back/forward)
PI,2024-05-01,341416,29852,2024,5,2020-01-01,novo_caged_jan2020_anchor + stitched CAGED flows (back/forward)
PI,2024-06-01,344382,30157,2024,6,2020-01-01,novo_caged_jan2020_anchor + stitched CAGED flows (back/forward)
PI,2024-07-01,346112,30623,2024,7,2020-01-01,novo_caged_jan2020_anchor + stitched CAGED flows (back/forward)
PI,2024-08-01,348289,30832,2024,8,2020-01-01,novo_caged_jan2020_anchor + stitched CAGED flows (back/forward)
PI,2024-09-01,349329,30623,2024,9,2020-01-01,novo_caged_jan2020_anchor + stitched CAGED flows (back/forward)
PI,2024-10-01,350690,30701,2024,10,2020-01-01,novo_caged_jan2020_anchor + stitched CAGED flows (back/forward)
PI,2024-11-01,348967,29478,2024,11,2020-01-01,novo_caged_jan2020_anchor + stitched CAGED flows (back/forward)
PI,2024-12-01,345887,28209,2024,12,2020-01-01,novo_caged_jan2020_anchor + stitched CAGED flows (back/forward)
PI,2025-01-01,345139,28338,2025,1,2020-01-01,novo_caged_jan2020_anchor + stitched CAGED flows (back/forward)
PI,2025-02-01,348369,28768,2025,2,2020-01-01,novo_caged_jan2020_anchor + stitched CAGED flows (back/forward)
PI,2025-03-01,350348,29371,2025,3,2020-01-01,novo_caged_jan2020_anchor + stitched CAGED flows (back/forward)
PI,2025-04-01,353486,30092,2025,4,2020-01-01,novo_caged_jan2020_anchor + stitched CAGED flows (back/forward)
PI,2025-05-01,357376,30583,2025,5,2020-01-01,novo_caged_jan2020_anchor + stitched CAGED flows (back/forward)
PI,2025-06-01,359258,31151,2025,6,2020-01-01,novo_caged_jan2020_anchor + stitched CAGED flows (back/forward)
PI,2025-07-01,362407,31824,2025,7,2020-01-01,novo_caged_jan2020_anchor + stitched CAGED flows (back/forward)
PI,2025-08-01,365103,32162,2025,8,2020-01-01,novo_caged_jan2020_anchor + stitched CAGED flows (back/forward)
PI,2025-09-01,367585,32374,2025,9,2020-01-01,novo_caged_jan2020_anchor + stitched CAGED flows (back/forward)
PI,2025-10-01,370555,33191,2025,10,2020-01-01,novo_caged_jan2020_anchor + stitched CAGED flows (back/forward)
PI,2025-11-01,369486,33096,2025,11,2020-01-01,novo_caged_jan2020_anchor + stitched CAGED flows (back/forward)
PI,2025-12-01,366293,32040,2025,12,2020-01-01,novo_caged_jan2020_anchor + stitched CAGED flows (back/forward)
PI,2026-01-01,366390,32311,2026,1,2020-01-01,novo_caged_jan2020_anchor + stitched CAGED flows (back/forward)
PI,2026-02-01,367900,32535,2026,2,2020-01-01,novo_caged_jan2020_anchor + stitched CAGED flows (back/forward)
PI,2026-03-01,371208,32987,2026,3,2020-01-01,novo_caged_jan2020_anchor + stitched CAGED flows (back/forward)
PR,2007-01-01,1915532,92561,2007,1,2020-01-01,novo_caged_jan2020_anchor + stitched CAGED flows (back/forward)
PR,2007-02-01,1929489,92986,2007,2,2020-01-01,novo_caged_jan2020_anchor + stitched CAGED flows (back/forward)
PR,2007-03-01,1949579,93535,2007,3,2020-01-01,novo_caged_jan2020_anchor + stitched CAGED flows (back/forward)
PR,2007-04-01,1977057,94100,2007,4,2020-01-01,novo_caged_jan2020_anchor + stitched CAGED flows (back/forward)
PR,2007-05-01,1993417,94577,2007,5,2020-01-01,novo_caged_jan2020_anchor + stitched CAGED flows (back/forward)
PR,2007-06-01,2001883,95292,2007,6,2020-01-01,novo_caged_jan2020_anchor + stitched CAGED flows (back/forward)
PR,2007-07-01,2011951,95844,2007,7,2020-01-01,novo_caged_jan2020_anchor + stitched CAGED flows (back/forward)
PR,2007-08-01,2023987,96431,2007,8,2020-01-01,novo_caged_jan2020_anchor + stitched CAGED flows (back/forward)
PR,2007-09-01,2038176,97018,2007,9,2020-01-01,novo_caged_jan2020_anchor + stitched CAGED flows (back/forward)
PR,2007-10-01,2051264,97669,2007,10,2020-01-01,novo_caged_jan2020_anchor + stitched CAGED flows (back/forward)
PR,2007-11-01,2060247,97928,2007,11,2020-01-01,novo_caged_jan2020_anchor + stitched CAGED flows (back/forward)
PR,2007-12-01,2029029,97868,2007,12,2020-01-01,novo_caged_jan2020_anchor + stitched CAGED flows (back/forward)
PR,2008-01-01,2041346,100467,2008,1,2020-01-01,novo_caged_jan2020_anchor + stitched CAGED flows (back/forward)
PR,2008-02-01,2056076,102166,2008,2,2020-01-01,novo_caged_jan2020_anchor + stitched CAGED flows (back/forward)
PR,2008-03-01,2081161,103009,2008,3,2020-01-01,novo_caged_jan2020_anchor + stitched CAGED flows (back/forward)
PR,2008-04-01,2107508,104724,2008,4,2020-01-01,novo_caged_jan2020_anchor + stitched CAGED flows (back/forward)
PR,2008-05-01,2124247,104724,2008,5,2020-01-01,novo_caged_jan2020_anchor + stitched CAGED flows (back/forward)
PR,2008-06-01,2138191,106557,2008,6,2020-01-01,novo_caged_jan2020_anchor + stitched CAGED flows (back/forward)
PR,2008-07-01,2151826,109355,2008,7,2020-01-01,novo_caged_jan2020_anchor + stitched CAGED flows (back/forward)
PR,2008-08-01,2166521,109540,2008,8,2020-01-01,novo_caged_jan2020_anchor + stitched CAGED flows (back/forward)
PR,2008-09-01,2183925,111228,2008,9,2020-01-01,novo_caged_jan2020_anchor + stitched CAGED flows (back/forward)
PR,2008-10-01,2189926,111665,2008,10,2020-01-01,novo_caged_jan2020_anchor + stitched CAGED flows (back/forward)
PR,2008-11-01,2189754,110984,2008,11,2020-01-01,novo_caged_jan2020_anchor + stitched CAGED flows (back/forward)
PR,2008-12-01,2139932,107298,2008,12,2020-01-01,novo_caged_jan2020_anchor + stitched CAGED flows (back/forward)
PR,2009-01-01,2141524,108960,2009,1,2020-01-01,novo_caged_jan2020_anchor + stitched CAGED flows (back/forward)
PR,2009-02-01,2144018,109027,2009,2,2020-01-01,novo_caged_jan2020_anchor + stitched CAGED flows (back/forward)
PR,2009-03-01,2154860,109454,2009,3,2020-01-01,novo_caged_jan2020_anchor + stitched CAGED flows (back/forward)
PR,2009-04-01,2162797,109460,2009,4,2020-01-01,novo_caged_jan2020_anchor + stitched CAGED flows (back/forward)
PR,2009-05-01,2174479,112547,2009,5,2020-01-01,novo_caged_jan2020_anchor + stitched CAGED flows (back/forward)
PR,2009-06-01,2180443,112547,2009,6,2020-01-01,novo_caged_jan2020_anchor + stitched CAGED flows (back/forward)
PR,2009-07-01,2187365,113883,2009,7,2020-01-01,novo_caged_jan2020_anchor + stitched CAGED flows (back/forward)
PR,2009-08-01,2201802,113883,2009,8,2020-01-01,novo_caged_jan2020_anchor + stitched CAGED flows (back/forward)
PR,2009-09-01,2215542,115292,2009,9,2020-01-01,novo_caged_jan2020_anchor + stitched CAGED flows (back/forward)
PR,2009-10-01,2228969,115292,2009,10,2020-01-01,novo_caged_jan2020_anchor + stitched CAGED flows (back/forward)
PR,2009-11-01,2245000,115292,2009,11,2020-01-01,novo_caged_jan2020_anchor + stitched CAGED flows (back/forward)
PR,2009-12-01,2209016,111574,2009,12,2020-01-01,novo_caged_jan2020_anchor + stitched CAGED flows (back/forward)
PR,2010-01-01,2222927,115324,2010,1,2020-01-01,novo_caged_jan2020_anchor + stitched CAGED flows (back/forward)
PR,2010-02-01,2236637,117146,2010,2,2020-01-01,novo_caged_jan2020_anchor + stitched CAGED flows (back/forward)
PR,2010-03-01,2259834,120428,2010,3,2020-01-01,novo_caged_jan2020_anchor + stitched CAGED flows (back/forward)
PR,2010-04-01,2280427,122650,2010,4,2020-01-01,novo_caged_jan2020_anchor + stitched CAGED flows (back/forward)
PR,2010-05-01,2299558,126549,2010,5,2020-01-01,novo_caged_jan2020_anchor + stitched CAGED flows (back/forward)
PR,2010-06-01,2310004,127878,2010,6,2020-01-01,novo_caged_jan2020_anchor + stitched CAGED flows (back/forward)
PR,2010-07-01,2322727,130685,2010,7,2020-01-01,novo_caged_jan2020_anchor + stitched CAGED flows (back/forward)
PR,2010-08-01,2344124,133589,2010,8,2020-01-01,novo_caged_jan2020_anchor + stitched CAGED flows (back/forward)
PR,2010-09-01,2358162,134361,2010,9,2020-01-01,novo_caged_jan2020_anchor + stitched CAGED flows (back/forward)
PR,2010-10-01,2373116,134361,2010,10,2020-01-01,novo_caged_jan2020_anchor + stitched CAGED flows (back/forward)
PR,2010-11-01,2383369,134131,2010,11,2020-01-01,novo_caged_jan2020_anchor + stitched CAGED flows (back/forward)
PR,2010-12-01,2351499,133849,2010,12,2020-01-01,novo_caged_jan2020_anchor + stitched CAGED flows (back/forward)
PR,2011-01-01,2366453,137807,2011,1,2020-01-01,novo_caged_jan2020_anchor + stitched CAGED flows (back/forward)
PR,2011-02-01,2386254,139440,2011,2,2020-01-01,novo_caged_jan2020_anchor + stitched CAGED flows (back/forward)
PR,2011-03-01,2400181,139440,2011,3,2020-01-01,novo_caged_jan2020_anchor + stitched CAGED flows (back/forward)
PR,2011-04-01,2421018,140986,2011,4,2020-01-01,novo_caged_jan2020_anchor + stitched CAGED flows (back/forward)
PR,2011-05-01,2437807,145019,2011,5,2020-01-01,novo_caged_jan2020_anchor + stitched CAGED flows (back/forward)
PR,2011-06-01,2444584,145126,2011,6,2020-01-01,novo_caged_jan2020_anchor + stitched CAGED flows (back/forward)
PR,2011-07-01,2453414,145746,2011,7,2020-01-01,novo_caged_jan2020_anchor + stitched CAGED flows (back/forward)
PR,2011-08-01,2467665,147706,2011,8,2020-01-01,novo_caged_jan2020_anchor + stitched CAGED flows (back/forward)
PR,2011-09-01,2480822,149356,2011,9,2020-01-01,novo_caged_jan2020_anchor + stitched CAGED flows (back/forward)
PR,2011-10-01,2492391,149696,2011,10,2020-01-01,novo_caged_jan2020_anchor + stitched CAGED flows (back/forward)
PR,2011-11-01,2498054,148626,2011,11,2020-01-01,novo_caged_jan2020_anchor + stitched CAGED flows (back/forward)
PR,2011-12-01,2463868,143909,2011,12,2020-01-01,novo_caged_jan2020_anchor + stitched CAGED flows (back/forward)
PR,2012-01-01,2478521,148174,2012,1,2020-01-01,novo_caged_jan2020_anchor + stitched CAGED flows (back/forward)
PR,2012-02-01,2492596,149416,2012,2,2020-01-01,novo_caged_jan2020_anchor + stitched CAGED flows (back/forward)
PR,2012-03-01,2507447,150417,2012,3,2020-01-01,novo_caged_jan2020_anchor + stitched CAGED flows (back/forward)
PR,2012-04-01,2528370,152254,2012,4,2020-01-01,novo_caged_jan2020_anchor + stitched CAGED flows (back/forward)
PR,2012-05-01,2540108,154826,2012,5,2020-01-01,novo_caged_jan2020_anchor + stitched CAGED flows (back/forward)
PR,2012-06-01,2545243,154826,2012,6,2020-01-01,novo_caged_jan2020_anchor + stitched CAGED flows (back/forward)
PR,2012-07-01,2551249,155679,2012,7,2020-01-01,novo_caged_jan2020_anchor + stitched CAGED flows (back/forward)
PR,2012-08-01,2559340,155679,2012,8,2020-01-01,novo_caged_jan2020_anchor + stitched CAGED flows (back/forward)
PR,2012-09-01,2568899,155878,2012,9,2020-01-01,novo_caged_jan2020_anchor + stitched CAGED flows (back/forward)
PR,2012-10-01,2575555,155878,2012,10,2020-01-01,novo_caged_jan2020_anchor + stitched CAGED flows (back/forward)
PR,2012-11-01,2581312,154216,2012,11,2020-01-01,novo_caged_jan2020_anchor + stitched CAGED flows (back/forward)
PR,2012-12-01,2538041,148188,2012,12,2020-01-01,novo_caged_jan2020_anchor + stitched CAGED flows (back/forward)
PR,2013-01-01,2549166,148188,2013,1,2020-01-01,novo_caged_jan2020_anchor + stitched CAGED flows (back/forward)
PR,2013-02-01,2565023,148200,2013,2,2020-01-01,novo_caged_jan2020_anchor + stitched CAGED flows (back/forward)
PR,2013-03-01,2582471,148868,2013,3,2020-01-01,novo_caged_jan2020_anchor + stitched CAGED flows (back/forward)
PR,2013-04-01,2601408,150922,2013,4,2020-01-01,novo_caged_jan2020_anchor + stitched CAGED flows (back/forward)
PR,2013-05-01,2611121,153364,2013,5,2020-01-01,novo_caged_jan2020_anchor + stitched CAGED flows (back/forward)
PR,2013-06-01,2616378,153073,2013,6,2020-01-01,novo_caged_jan2020_anchor + stitched CAGED flows (back/forward)
PR,2013-07-01,2618178,151880,2013,7,2020-01-01,novo_caged_jan2020_anchor + stitched CAGED flows (back/forward)
PR,2013-08-01,2630437,152796,2013,8,2020-01-01,novo_caged_jan2020_anchor + stitched CAGED flows (back/forward)
PR,2013-09-01,2646362,153520,2013,9,2020-01-01,novo_caged_jan2020_anchor + stitched CAGED flows (back/forward)
PR,2013-10-01,2654561,153520,2013,10,2020-01-01,novo_caged_jan2020_anchor + stitched CAGED flows (back/forward)
PR,2013-11-01,2659570,152353,2013,11,2020-01-01,novo_caged_jan2020_anchor + stitched CAGED flows (back/forward)
PR,2013-12-01,2616548,147379,2013,12,2020-01-01,novo_caged_jan2020_anchor + stitched CAGED flows (back/forward)
PR,2014-01-01,2628539,151796,2014,1,2020-01-01,novo_caged_jan2020_anchor + stitched CAGED flows (back/forward)
PR,2014-02-01,2654151,155243,2014,2,2020-01-01,novo_caged_jan2020_anchor + stitched CAGED flows (back/forward)
PR,2014-03-01,2660091,154641,2014,3,2020-01-01,novo_caged_jan2020_anchor + stitched CAGED flows (back/forward)
PR,2014-04-01,2672469,155176,2014,4,2020-01-01,novo_caged_jan2020_anchor + stitched CAGED flows (back/forward)
PR,2014-05-01,2679309,155176,2014,5,2020-01-01,novo_caged_jan2020_anchor + stitched CAGED flows (back/forward)
PR,2014-06-01,2676357,154370,2014,6,2020-01-01,novo_caged_jan2020_anchor + stitched CAGED flows (back/forward)
PR,2014-07-01,2679040,154737,2014,7,2020-01-01,novo_caged_jan2020_anchor + stitched CAGED flows (back/forward)
PR,2014-08-01,2684392,154740,2014,8,2020-01-01,novo_caged_jan2020_anchor + stitched CAGED flows (back/forward)
PR,2014-09-01,2695939,155778,2014,9,2020-01-01,novo_caged_jan2020_anchor + stitched CAGED flows (back/forward)
PR,2014-10-01,2695564,154072,2014,10,2020-01-01,novo_caged_jan2020_anchor + stitched CAGED flows (back/forward)
PR,2014-11-01,2700424,152388,2014,11,2020-01-01,novo_caged_jan2020_anchor + stitched CAGED flows (back/forward)
PR,2014-12-01,2651256,152388,2014,12,2020-01-01,novo_caged_jan2020_anchor + stitched CAGED flows (back/forward)
PR,2015-01-01,2657969,152388,2015,1,2020-01-01,novo_caged_jan2020_anchor + stitched CAGED flows (back/forward)
PR,2015-02-01,2666543,152102,2015,2,2020-01-01,novo_caged_jan2020_anchor + stitched CAGED flows (back/forward)
PR,2015-03-01,2676717,152102,2015,3,2020-01-01,novo_caged_jan2020_anchor + stitched CAGED flows (back/forward)
PR,2015-04-01,2674715,151260,2015,4,2020-01-01,novo_caged_jan2020_anchor + stitched CAGED flows (back/forward)
PR,2015-05-01,2673354,151742,2015,5,2020-01-01,novo_caged_jan2020_anchor + stitched CAGED flows (back/forward)
PR,2015-06-01,2664461,149852,2015,6,2020-01-01,novo_caged_jan2020_anchor + stitched CAGED flows (back/forward)
PR,2015-07-01,2652106,149852,2015,7,2020-01-01,novo_caged_jan2020_anchor + stitched CAGED flows (back/forward)
PR,2015-08-01,2643912,148957,2015,8,2020-01-01,novo_caged_jan2020_anchor + stitched CAGED flows (back/forward)
PR,2015-09-01,2635440,147990,2015,9,2020-01-01,novo_caged_jan2020_anchor + stitched CAGED flows (back/forward)
PR,2015-10-01,2626745,145112,2015,10,2020-01-01,novo_caged_jan2020_anchor + stitched CAGED flows (back/forward)
PR,2015-11-01,2619228,145112,2015,11,2020-01-01,novo_caged_jan2020_anchor + stitched CAGED flows (back/forward)
PR,2015-12-01,2574113,138186,2015,12,2020-01-01,novo_caged_jan2020_anchor + stitched CAGED flows (back/forward)
PR,2016-01-01,2575187,139757,2016,1,2020-01-01,novo_caged_jan2020_anchor + stitched CAGED flows (back/forward)
PR,2016-02-01,2573137,138789,2016,2,2020-01-01,novo_caged_jan2020_anchor + stitched CAGED flows (back/forward)
PR,2016-03-01,2569282,136401,2016,3,2020-01-01,novo_caged_jan2020_anchor + stitched CAGED flows (back/forward)
PR,2016-04-01,2568119,135843,2016,4,2020-01-01,novo_caged_jan2020_anchor + stitched CAGED flows (back/forward)
PR,2016-05-01,2564731,135843,2016,5,2020-01-01,novo_caged_jan2020_anchor + stitched CAGED flows (back/forward)
PR,2016-06-01,2557601,134236,2016,6,2020-01-01,novo_caged_jan2020_anchor + stitched CAGED flows (back/forward)
PR,2016-07-01,2551983,134183,2016,7,2020-01-01,novo_caged_jan2020_anchor + stitched CAGED flows (back/forward)
PR,2016-08-01,2552516,133963,2016,8,2020-01-01,novo_caged_jan2020_anchor + stitched CAGED flows (back/forward)
PR,2016-09-01,2552929,132072,2016,9,2020-01-01,novo_caged_jan2020_anchor + stitched CAGED flows (back/forward)
PR,2016-10-01,2552542,130590,2016,10,2020-01-01,novo_caged_jan2020_anchor + stitched CAGED flows (back/forward)
PR,2016-11-01,2545075,127411,2016,11,2020-01-01,novo_caged_jan2020_anchor + stitched CAGED flows (back/forward)
PR,2016-12-01,2514618,122215,2016,12,2020-01-01,novo_caged_jan2020_anchor + stitched CAGED flows (back/forward)
PR,2017-01-01,2519591,123809,2017,1,2020-01-01,novo_caged_jan2020_anchor + stitched CAGED flows (back/forward)
PR,2017-02-01,2529553,124936,2017,2,2020-01-01,novo_caged_jan2020_anchor + stitched CAGED flows (back/forward)
PR,2017-03-01,2530679,124382,2017,3,2020-01-01,novo_caged_jan2020_anchor + stitched CAGED flows (back/forward)
PR,2017-04-01,2537421,124382,2017,4,2020-01-01,novo_caged_jan2020_anchor + stitched CAGED flows (back/forward)
PR,2017-05-01,2539800,125305,2017,5,2020-01-01,novo_caged_jan2020_anchor + stitched CAGED flows (back/forward)
PR,2017-06-01,2536239,123309,2017,6,2020-01-01,novo_caged_jan2020_anchor + stitched CAGED flows (back/forward)
PR,2017-07-01,2537198,122503,2017,7,2020-01-01,novo_caged_jan2020_anchor + stitched CAGED flows (back/forward)
PR,2017-08-01,2538378,120907,2017,8,2020-01-01,novo_caged_jan2020_anchor + stitched CAGED flows (back/forward)
PR,2017-09-01,2541179,120977,2017,9,2020-01-01,novo_caged_jan2020_anchor + stitched CAGED flows (back/forward)
PR,2017-10-01,2545928,120441,2017,10,2020-01-01,novo_caged_jan2020_anchor + stitched CAGED flows (back/forward)
PR,2017-11-01,2547361,118589,2017,11,2020-01-01,novo_caged_jan2020_anchor + stitched CAGED flows (back/forward)
PR,2017-12-01,2522358,118589,2017,12,2020-01-01,novo_caged_jan2020_anchor + stitched CAGED flows (back/forward)
PR,2018-01-01,2533995,120135,2018,1,2020-01-01,novo_caged_jan2020_anchor + stitched CAGED flows (back/forward)
PR,2018-02-01,2541698,120452,2018,2,2020-01-01,novo_caged_jan2020_anchor + stitched CAGED flows (back/forward)
PR,2018-03-01,2548212,120455,2018,3,2020-01-01,novo_caged_jan2020_anchor + stitched CAGED flows (back/forward)
PR,2018-04-01,2557440,120657,2018,4,2020-01-01,novo_caged_jan2020_anchor + stitched CAGED flows (back/forward)
PR,2018-05-01,2559238,121301,2018,5,2020-01-01,novo_caged_jan2020_anchor + stitched CAGED flows (back/forward)
PR,2018-06-01,2552629,120066,2018,6,2020-01-01,novo_caged_jan2020_anchor + stitched CAGED flows (back/forward)
PR,2018-07-01,2555114,121207,2018,7,2020-01-01,novo_caged_jan2020_anchor + stitched CAGED flows (back/forward)
PR,2018-08-01,2565453,121534,2018,8,2020-01-01,novo_caged_jan2020_anchor + stitched CAGED flows (back/forward)
PR,2018-09-01,2574940,122482,2018,9,2020-01-01,novo_caged_jan2020_anchor + stitched CAGED flows (back/forward)
PR,2018-10-01,2581877,122386,2018,10,2020-01-01,novo_caged_jan2020_anchor + stitched CAGED flows (back/forward)
PR,2018-11-01,2587327,122613,2018,11,2020-01-01,novo_caged_jan2020_anchor + stitched CAGED flows (back/forward)
PR,2018-12-01,2560489,119208,2018,12,2020-01-01,novo_caged_jan2020_anchor + stitched CAGED flows (back/forward)
PR,2019-01-01,2569634,119208,2019,1,2020-01-01,novo_caged_jan2020_anchor + stitched CAGED flows (back/forward)
PR,2019-02-01,2587888,119945,2019,2,2020-01-01,novo_caged_jan2020_anchor + stitched CAGED flows (back/forward)
PR,2019-03-01,2586677,119475,2019,3,2020-01-01,novo_caged_jan2020_anchor + stitched CAGED flows (back/forward)
PR,2019-04-01,2597330,121285,2019,4,2020-01-01,novo_caged_jan2020_anchor + stitched CAGED flows (back/forward)
PR,2019-05-01,2598761,123718,2019,5,2020-01-01,novo_caged_jan2020_anchor + stitched CAGED flows (back/forward)
PR,2019-06-01,2598919,123826,2019,6,2020-01-01,novo_caged_jan2020_anchor + stitched CAGED flows (back/forward)
PR,2019-07-01,2599490,124498,2019,7,2020-01-01,novo_caged_jan2020_anchor + stitched CAGED flows (back/forward)
PR,2019-08-01,2608216,124498,2019,8,2020-01-01,novo_caged_jan2020_anchor + stitched CAGED flows (back/forward)
PR,2019-09-01,2617434,128531,2019,9,2020-01-01,novo_caged_jan2020_anchor + stitched CAGED flows (back/forward)
PR,2019-10-01,2624840,129231,2019,10,2020-01-01,novo_caged_jan2020_anchor + stitched CAGED flows (back/forward)
PR,2019-11-01,2631552,128565,2019,11,2020-01-01,novo_caged_jan2020_anchor + stitched CAGED flows (back/forward)
PR,2019-12-01,2608795,124318,2019,12,2020-01-01,novo_caged_jan2020_anchor + stitched CAGED flows (back/forward)
PR,2020-01-01,2626706,128071,2020,1,2020-01-01,novo_caged_jan2020_anchor + stitched CAGED flows (back/forward)
PR,2020-02-01,2654742,130989,2020,2,2020-01-01,novo_caged_jan2020_anchor + stitched CAGED flows (back/forward)
PR,2020-03-01,2639670,130927,2020,3,2020-01-01,novo_caged_jan2020_anchor + stitched CAGED flows (back/forward)
PR,2020-04-01,2576558,127698,2020,4,2020-01-01,novo_caged_jan2020_anchor + stitched CAGED flows (back/forward)
PR,2020-05-01,2548630,129165,2020,5,2020-01-01,novo_caged_jan2020_anchor + stitched CAGED flows (back/forward)
PR,2020-06-01,2548664,130734,2020,6,2020-01-01,novo_caged_jan2020_anchor + stitched CAGED flows (back/forward)
PR,2020-07-01,2561411,133044,2020,7,2020-01-01,novo_caged_jan2020_anchor + stitched CAGED flows (back/forward)
PR,2020-08-01,2576222,135472,2020,8,2020-01-01,novo_caged_jan2020_anchor + stitched CAGED flows (back/forward)
PR,2020-09-01,2594895,138439,2020,9,2020-01-01,novo_caged_jan2020_anchor + stitched CAGED flows (back/forward)
PR,2020-10-01,2625526,141210,2020,10,2020-01-01,novo_caged_jan2020_anchor + stitched CAGED flows (back/forward)
PR,2020-11-01,2652896,143070,2020,11,2020-01-01,novo_caged_jan2020_anchor + stitched CAGED flows (back/forward)
PR,2020-12-01,2639274,138540,2020,12,2020-01-01,novo_caged_jan2020_anchor + stitched CAGED flows (back/forward)
PR,2021-01-01,2663565,143433,2021,1,2020-01-01,novo_caged_jan2020_anchor + stitched CAGED flows (back/forward)
PR,2021-02-01,2704229,148413,2021,2,2020-01-01,novo_caged_jan2020_anchor + stitched CAGED flows (back/forward)
PR,2021-03-01,2713188,150179,2021,3,2020-01-01,novo_caged_jan2020_anchor + stitched CAGED flows (back/forward)
PR,2021-04-01,2721606,152642,2021,4,2020-01-01,novo_caged_jan2020_anchor + stitched CAGED flows (back/forward)
PR,2021-05-01,2737607,154186,2021,5,2020-01-01,novo_caged_jan2020_anchor + stitched CAGED flows (back/forward)
PR,2021-06-01,2753920,154259,2021,6,2020-01-01,novo_caged_jan2020_anchor + stitched CAGED flows (back/forward)
PR,2021-07-01,2769106,156116,2021,7,2020-01-01,novo_caged_jan2020_anchor + stitched CAGED flows (back/forward)
PR,2021-08-01,2793127,156924,2021,8,2020-01-01,novo_caged_jan2020_anchor + stitched CAGED flows (back/forward)
PR,2021-09-01,2809818,157657,2021,9,2020-01-01,novo_caged_jan2020_anchor + stitched CAGED flows (back/forward)
PR,2021-10-01,2826022,157452,2021,10,2020-01-01,novo_caged_jan2020_anchor + stitched CAGED flows (back/forward)
PR,2021-11-01,2842876,156606,2021,11,2020-01-01,novo_caged_jan2020_anchor + stitched CAGED flows (back/forward)
PR,2021-12-01,2816646,150983,2021,12,2020-01-01,novo_caged_jan2020_anchor + stitched CAGED flows (back/forward)
PR,2022-01-01,2836431,153898,2022,1,2020-01-01,novo_caged_jan2020_anchor + stitched CAGED flows (back/forward)
PR,2022-02-01,2865888,155402,2022,2,2020-01-01,novo_caged_jan2020_anchor + stitched CAGED flows (back/forward)
PR,2022-03-01,2871445,155524,2022,3,2020-01-01,novo_caged_jan2020_anchor + stitched CAGED flows (back/forward)
PR,2022-04-01,2881423,155359,2022,4,2020-01-01,novo_caged_jan2020_anchor + stitched CAGED flows (back/forward)
PR,2022-05-01,2895566,157292,2022,5,2020-01-01,novo_caged_jan2020_anchor + stitched CAGED flows (back/forward)
PR,2022-06-01,2910249,156963,2022,6,2020-01-01,novo_caged_jan2020_anchor + stitched CAGED flows (back/forward)
PR,2022-07-01,2926884,157914,2022,7,2020-01-01,novo_caged_jan2020_anchor + stitched CAGED flows (back/forward)
PR,2022-08-01,2942624,158645,2022,8,2020-01-01,novo_caged_jan2020_anchor + stitched CAGED flows (back/forward)
PR,2022-09-01,2955869,159708,2022,9,2020-01-01,novo_caged_jan2020_anchor + stitched CAGED flows (back/forward)
PR,2022-10-01,2966893,160299,2022,10,2020-01-01,novo_caged_jan2020_anchor + stitched CAGED flows (back/forward)
PR,2022-11-01,2971607,158405,2022,11,2020-01-01,novo_caged_jan2020_anchor + stitched CAGED flows (back/forward)
PR,2022-12-01,2934738,153460,2022,12,2020-01-01,novo_caged_jan2020_anchor + stitched CAGED flows (back/forward)
PR,2023-01-01,2941946,157111,2023,1,2020-01-01,novo_caged_jan2020_anchor + stitched CAGED flows (back/forward)
PR,2023-02-01,2966138,158389,2023,2,2020-01-01,novo_caged_jan2020_anchor + stitched CAGED flows (back/forward)
PR,2023-03-01,2979653,159388,2023,3,2020-01-01,novo_caged_jan2020_anchor + stitched CAGED flows (back/forward)
PR,2023-04-01,2990013,160933,2023,4,2020-01-01,novo_caged_jan2020_anchor + stitched CAGED flows (back/forward)
PR,2023-05-01,2998022,163259,2023,5,2020-01-01,novo_caged_jan2020_anchor + stitched CAGED flows (back/forward)
PR,2023-06-01,3005911,164293,2023,6,2020-01-01,novo_caged_jan2020_anchor + stitched CAGED flows (back/forward)
PR,2023-07-01,3013129,165220,2023,7,2020-01-01,novo_caged_jan2020_anchor + stitched CAGED flows (back/forward)
PR,2023-08-01,3026513,165883,2023,8,2020-01-01,novo_caged_jan2020_anchor + stitched CAGED flows (back/forward)
PR,2023-09-01,3035397,166997,2023,9,2020-01-01,novo_caged_jan2020_anchor + stitched CAGED flows (back/forward)
PR,2023-10-01,3050200,167581,2023,10,2020-01-01,novo_caged_jan2020_anchor + stitched CAGED flows (back/forward)
PR,2023-11-01,3057450,166556,2023,11,2020-01-01,novo_caged_jan2020_anchor + stitched CAGED flows (back/forward)
PR,2023-12-01,3021821,161975,2023,12,2020-01-01,novo_caged_jan2020_anchor + stitched CAGED flows (back/forward)
PR,2024-01-01,3041068,165371,2024,1,2020-01-01,novo_caged_jan2020_anchor + stitched CAGED flows (back/forward)
PR,2024-02-01,3074247,167939,2024,2,2020-01-01,novo_caged_jan2020_anchor + stitched CAGED flows (back/forward)
PR,2024-03-01,3092287,169715,2024,3,2020-01-01,novo_caged_jan2020_anchor + stitched CAGED flows (back/forward)
PR,2024-04-01,3110561,171241,2024,4,2020-01-01,novo_caged_jan2020_anchor + stitched CAGED flows (back/forward)
PR,2024-05-01,3119011,173447,2024,5,2020-01-01,novo_caged_jan2020_anchor + stitched CAGED flows (back/forward)
PR,2024-06-01,3132811,175391,2024,6,2020-01-01,novo_caged_jan2020_anchor + stitched CAGED flows (back/forward)
PR,2024-07-01,3147106,177595,2024,7,2020-01-01,novo_caged_jan2020_anchor + stitched CAGED flows (back/forward)
PR,2024-08-01,3160297,179070,2024,8,2020-01-01,novo_caged_jan2020_anchor + stitched CAGED flows (back/forward)
PR,2024-09-01,3175265,181139,2024,9,2020-01-01,novo_caged_jan2020_anchor + stitched CAGED flows (back/forward)
PR,2024-10-01,3185131,182210,2024,10,2020-01-01,novo_caged_jan2020_anchor + stitched CAGED flows (back/forward)
PR,2024-11-01,3189484,181001,2024,11,2020-01-01,novo_caged_jan2020_anchor + stitched CAGED flows (back/forward)
PR,2024-12-01,3149071,175023,2024,12,2020-01-01,novo_caged_jan2020_anchor + stitched CAGED flows (back/forward)
PR,2025-01-01,3165674,178771,2025,1,2020-01-01,novo_caged_jan2020_anchor + stitched CAGED flows (back/forward)
PR,2025-02-01,3204827,182026,2025,2,2020-01-01,novo_caged_jan2020_anchor + stitched CAGED flows (back/forward)
PR,2025-03-01,3211184,181815,2025,3,2020-01-01,novo_caged_jan2020_anchor + stitched CAGED flows (back/forward)
PR,2025-04-01,3227740,183571,2025,4,2020-01-01,novo_caged_jan2020_anchor + stitched CAGED flows (back/forward)
PR,2025-05-01,3234448,184884,2025,5,2020-01-01,novo_caged_jan2020_anchor + stitched CAGED flows (back/forward)
PR,2025-06-01,3243878,184033,2025,6,2020-01-01,novo_caged_jan2020_anchor + stitched CAGED flows (back/forward)
PR,2025-07-01,3252336,184353,2025,7,2020-01-01,novo_caged_jan2020_anchor + stitched CAGED flows (back/forward)
PR,2025-08-01,3258787,184784,2025,8,2020-01-01,novo_caged_jan2020_anchor + stitched CAGED flows (back/forward)
PR,2025-09-01,3271032,185167,2025,9,2020-01-01,novo_caged_jan2020_anchor + stitched CAGED flows (back/forward)
PR,2025-10-01,3279831,185553,2025,10,2020-01-01,novo_caged_jan2020_anchor + stitched CAGED flows (back/forward)
PR,2025-11-01,3281115,183783,2025,11,2020-01-01,novo_caged_jan2020_anchor + stitched CAGED flows (back/forward)
PR,2025-12-01,3229353,176963,2025,12,2020-01-01,novo_caged_jan2020_anchor + stitched CAGED flows (back/forward)
PR,2026-01-01,3247355,182311,2026,1,2020-01-01,novo_caged_jan2020_anchor + stitched CAGED flows (back/forward)
PR,2026-02-01,3269944,183854,2026,2,2020-01-01,novo_caged_jan2020_anchor + stitched CAGED flows (back/forward)
PR,2026-03-01,3285767,185445,2026,3,2020-01-01,novo_caged_jan2020_anchor + stitched CAGED flows (back/forward)
RJ,2007-01-01,2739189,143737,2007,1,2020-01-01,novo_caged_jan2020_anchor + stitched CAGED flows (back/forward)
RJ,2007-02-01,2748409,144272,2007,2,2020-01-01,novo_caged_jan2020_anchor + stitched CAGED flows (back/forward)
RJ,2007-03-01,2759105,145093,2007,3,2020-01-01,novo_caged_jan2020_anchor + stitched CAGED flows (back/forward)
RJ,2007-04-01,2778691,146220,2007,4,2020-01-01,novo_caged_jan2020_anchor + stitched CAGED flows (back/forward)
RJ,2007-05-01,2789841,147029,2007,5,2020-01-01,novo_caged_jan2020_anchor + stitched CAGED flows (back/forward)
RJ,2007-06-01,2802828,147983,2007,6,2020-01-01,novo_caged_jan2020_anchor + stitched CAGED flows (back/forward)
RJ,2007-07-01,2811565,149174,2007,7,2020-01-01,novo_caged_jan2020_anchor + stitched CAGED flows (back/forward)
RJ,2007-08-01,2820541,151330,2007,8,2020-01-01,novo_caged_jan2020_anchor + stitched CAGED flows (back/forward)
RJ,2007-09-01,2841181,152557,2007,9,2020-01-01,novo_caged_jan2020_anchor + stitched CAGED flows (back/forward)
RJ,2007-10-01,2857636,153966,2007,10,2020-01-01,novo_caged_jan2020_anchor + stitched CAGED flows (back/forward)
RJ,2007-11-01,2879088,154501,2007,11,2020-01-01,novo_caged_jan2020_anchor + stitched CAGED flows (back/forward)
RJ,2007-12-01,2883786,154610,2007,12,2020-01-01,novo_caged_jan2020_anchor + stitched CAGED flows (back/forward)
RJ,2008-01-01,2883603,158531,2008,1,2020-01-01,novo_caged_jan2020_anchor + stitched CAGED flows (back/forward)
RJ,2008-02-01,2893891,161492,2008,2,2020-01-01,novo_caged_jan2020_anchor + stitched CAGED flows (back/forward)
RJ,2008-03-01,2912774,165768,2008,3,2020-01-01,novo_caged_jan2020_anchor + stitched CAGED flows (back/forward)
RJ,2008-04-01,2933598,169088,2008,4,2020-01-01,novo_caged_jan2020_anchor + stitched CAGED flows (back/forward)
RJ,2008-05-01,2949793,173039,2008,5,2020-01-01,novo_caged_jan2020_anchor + stitched CAGED flows (back/forward)
RJ,2008-06-01,2966914,178621,2008,6,2020-01-01,novo_caged_jan2020_anchor + stitched CAGED flows (back/forward)
RJ,2008-07-01,2985928,184431,2008,7,2020-01-01,novo_caged_jan2020_anchor + stitched CAGED flows (back/forward)
RJ,2008-08-01,3003493,187695,2008,8,2020-01-01,novo_caged_jan2020_anchor + stitched CAGED flows (back/forward)
RJ,2008-09-01,3025937,192050,2008,9,2020-01-01,novo_caged_jan2020_anchor + stitched CAGED flows (back/forward)
RJ,2008-10-01,3040177,193341,2008,10,2020-01-01,novo_caged_jan2020_anchor + stitched CAGED flows (back/forward)
RJ,2008-11-01,3057724,193640,2008,11,2020-01-01,novo_caged_jan2020_anchor + stitched CAGED flows (back/forward)
RJ,2008-12-01,3038382,189439,2008,12,2020-01-01,novo_caged_jan2020_anchor + stitched CAGED flows (back/forward)
RJ,2009-01-01,3021844,191297,2009,1,2020-01-01,novo_caged_jan2020_anchor + stitched CAGED flows (back/forward)
RJ,2009-02-01,3027324,195082,2009,2,2020-01-01,novo_caged_jan2020_anchor + stitched CAGED flows (back/forward)
RJ,2009-03-01,3033482,198921,2009,3,2020-01-01,novo_caged_jan2020_anchor + stitched CAGED flows (back/forward)
RJ,2009-04-01,3040174,200510,2009,4,2020-01-01,novo_caged_jan2020_anchor + stitched CAGED flows (back/forward)
RJ,2009-05-01,3048094,203113,2009,5,2020-01-01,novo_caged_jan2020_anchor + stitched CAGED flows (back/forward)
RJ,2009-06-01,3053549,203833,2009,6,2020-01-01,novo_caged_jan2020_anchor + stitched CAGED flows (back/forward)
RJ,2009-07-01,3063198,203567,2009,7,2020-01-01,novo_caged_jan2020_anchor + stitched CAGED flows (back/forward)
RJ,2009-08-01,3079039,205025,2009,8,2020-01-01,novo_caged_jan2020_anchor + stitched CAGED flows (back/forward)
RJ,2009-09-01,3093698,205688,2009,9,2020-01-01,novo_caged_jan2020_anchor + stitched CAGED flows (back/forward)
RJ,2009-10-01,3110403,205688,2009,10,2020-01-01,novo_caged_jan2020_anchor + stitched CAGED flows (back/forward)
RJ,2009-11-01,3135016,205688,2009,11,2020-01-01,novo_caged_jan2020_anchor + stitched CAGED flows (back/forward)
RJ,2009-12-01,3127257,201450,2009,12,2020-01-01,novo_caged_jan2020_anchor + stitched CAGED flows (back/forward)
RJ,2010-01-01,3131668,206134,2010,1,2020-01-01,novo_caged_jan2020_anchor + stitched CAGED flows (back/forward)
RJ,2010-02-01,3139966,208207,2010,2,2020-01-01,novo_caged_jan2020_anchor + stitched CAGED flows (back/forward)
RJ,2010-03-01,3161938,211313,2010,3,2020-01-01,novo_caged_jan2020_anchor + stitched CAGED flows (back/forward)
RJ,2010-04-01,3177261,210571,2010,4,2020-01-01,novo_caged_jan2020_anchor + stitched CAGED flows (back/forward)
RJ,2010-05-01,3199511,213212,2010,5,2020-01-01,novo_caged_jan2020_anchor + stitched CAGED flows (back/forward)
RJ,2010-06-01,3215848,216793,2010,6,2020-01-01,novo_caged_jan2020_anchor + stitched CAGED flows (back/forward)
RJ,2010-07-01,3229934,218989,2010,7,2020-01-01,novo_caged_jan2020_anchor + stitched CAGED flows (back/forward)
RJ,2010-08-01,3254855,221449,2010,8,2020-01-01,novo_caged_jan2020_anchor + stitched CAGED flows (back/forward)
RJ,2010-09-01,3276504,222335,2010,9,2020-01-01,novo_caged_jan2020_anchor + stitched CAGED flows (back/forward)
RJ,2010-10-01,3296075,221132,2010,10,2020-01-01,novo_caged_jan2020_anchor + stitched CAGED flows (back/forward)
RJ,2010-11-01,3328040,220524,2010,11,2020-01-01,novo_caged_jan2020_anchor + stitched CAGED flows (back/forward)
RJ,2010-12-01,3317937,213839,2010,12,2020-01-01,novo_caged_jan2020_anchor + stitched CAGED flows (back/forward)
RJ,2011-01-01,3319064,214873,2011,1,2020-01-01,novo_caged_jan2020_anchor + stitched CAGED flows (back/forward)
RJ,2011-02-01,3338985,219400,2011,2,2020-01-01,novo_caged_jan2020_anchor + stitched CAGED flows (back/forward)
RJ,2011-03-01,3341820,220829,2011,3,2020-01-01,novo_caged_jan2020_anchor + stitched CAGED flows (back/forward)
RJ,2011-04-01,3367576,224656,2011,4,2020-01-01,novo_caged_jan2020_anchor + stitched CAGED flows (back/forward)
RJ,2011-05-01,3386179,230078,2011,5,2020-01-01,novo_caged_jan2020_anchor + stitched CAGED flows (back/forward)
RJ,2011-06-01,3405935,235569,2011,6,2020-01-01,novo_caged_jan2020_anchor + stitched CAGED flows (back/forward)
RJ,2011-07-01,3416903,239228,2011,7,2020-01-01,novo_caged_jan2020_anchor + stitched CAGED flows (back/forward)
RJ,2011-08-01,3436768,242934,2011,8,2020-01-01,novo_caged_jan2020_anchor + stitched CAGED flows (back/forward)
RJ,2011-09-01,3460671,246246,2011,9,2020-01-01,novo_caged_jan2020_anchor + stitched CAGED flows (back/forward)
RJ,2011-10-01,3473930,246301,2011,10,2020-01-01,novo_caged_jan2020_anchor + stitched CAGED flows (back/forward)
RJ,2011-11-01,3498797,247371,2011,11,2020-01-01,novo_caged_jan2020_anchor + stitched CAGED flows (back/forward)
RJ,2011-12-01,3486090,244971,2011,12,2020-01-01,novo_caged_jan2020_anchor + stitched CAGED flows (back/forward)
RJ,2012-01-01,3485496,250352,2012,1,2020-01-01,novo_caged_jan2020_anchor + stitched CAGED flows (back/forward)
RJ,2012-02-01,3501567,258398,2012,2,2020-01-01,novo_caged_jan2020_anchor + stitched CAGED flows (back/forward)
RJ,2012-03-01,3513577,263112,2012,3,2020-01-01,novo_caged_jan2020_anchor + stitched CAGED flows (back/forward)
RJ,2012-04-01,3532118,269259,2012,4,2020-01-01,novo_caged_jan2020_anchor + stitched CAGED flows (back/forward)
RJ,2012-05-01,3544148,271963,2012,5,2020-01-01,novo_caged_jan2020_anchor + stitched CAGED flows (back/forward)
RJ,2012-06-01,3552009,272625,2012,6,2020-01-01,novo_caged_jan2020_anchor + stitched CAGED flows (back/forward)
RJ,2012-07-01,3565448,275337,2012,7,2020-01-01,novo_caged_jan2020_anchor + stitched CAGED flows (back/forward)
RJ,2012-08-01,3575076,278575,2012,8,2020-01-01,novo_caged_jan2020_anchor + stitched CAGED flows (back/forward)
RJ,2012-09-01,3590939,281091,2012,9,2020-01-01,novo_caged_jan2020_anchor + stitched CAGED flows (back/forward)
RJ,2012-10-01,3597803,281091,2012,10,2020-01-01,novo_caged_jan2020_anchor + stitched CAGED flows (back/forward)
RJ,2012-11-01,3611036,275539,2012,11,2020-01-01,novo_caged_jan2020_anchor + stitched CAGED flows (back/forward)
RJ,2012-12-01,3591743,271690,2012,12,2020-01-01,novo_caged_jan2020_anchor + stitched CAGED flows (back/forward)
RJ,2013-01-01,3567093,271690,2013,1,2020-01-01,novo_caged_jan2020_anchor + stitched CAGED flows (back/forward)
RJ,2013-02-01,3575785,275515,2013,2,2020-01-01,novo_caged_jan2020_anchor + stitched CAGED flows (back/forward)
RJ,2013-03-01,3591144,280044,2013,3,2020-01-01,novo_caged_jan2020_anchor + stitched CAGED flows (back/forward)
RJ,2013-04-01,3606144,283445,2013,4,2020-01-01,novo_caged_jan2020_anchor + stitched CAGED flows (back/forward)
RJ,2013-05-01,3610719,282362,2013,5,2020-01-01,novo_caged_jan2020_anchor + stitched CAGED flows (back/forward)
RJ,2013-06-01,3618550,282718,2013,6,2020-01-01,novo_caged_jan2020_anchor + stitched CAGED flows (back/forward)
RJ,2013-07-01,3617795,285765,2013,7,2020-01-01,novo_caged_jan2020_anchor + stitched CAGED flows (back/forward)
RJ,2013-08-01,3627899,287066,2013,8,2020-01-01,novo_caged_jan2020_anchor + stitched CAGED flows (back/forward)
RJ,2013-09-01,3643552,288843,2013,9,2020-01-01,novo_caged_jan2020_anchor + stitched CAGED flows (back/forward)
RJ,2013-10-01,3650238,290108,2013,10,2020-01-01,novo_caged_jan2020_anchor + stitched CAGED flows (back/forward)
RJ,2013-11-01,3667223,285767,2013,11,2020-01-01,novo_caged_jan2020_anchor + stitched CAGED flows (back/forward)
RJ,2013-12-01,3655422,282685,2013,12,2020-01-01,novo_caged_jan2020_anchor + stitched CAGED flows (back/forward)
RJ,2014-01-01,3633874,284188,2014,1,2020-01-01,novo_caged_jan2020_anchor + stitched CAGED flows (back/forward)
RJ,2014-02-01,3659694,290416,2014,2,2020-01-01,novo_caged_jan2020_anchor + stitched CAGED flows (back/forward)
RJ,2014-03-01,3655361,289954,2014,3,2020-01-01,novo_caged_jan2020_anchor + stitched CAGED flows (back/forward)
RJ,2014-04-01,3666305,290291,2014,4,2020-01-01,novo_caged_jan2020_anchor + stitched CAGED flows (back/forward)
RJ,2014-05-01,3675225,290718,2014,5,2020-01-01,novo_caged_jan2020_anchor + stitched CAGED flows (back/forward)
RJ,2014-06-01,3680615,289421,2014,6,2020-01-01,novo_caged_jan2020_anchor + stitched CAGED flows (back/forward)
RJ,2014-07-01,3673566,286856,2014,7,2020-01-01,novo_caged_jan2020_anchor + stitched CAGED flows (back/forward)
RJ,2014-08-01,3684528,287631,2014,8,2020-01-01,novo_caged_jan2020_anchor + stitched CAGED flows (back/forward)
RJ,2014-09-01,3697214,288537,2014,9,2020-01-01,novo_caged_jan2020_anchor + stitched CAGED flows (back/forward)
RJ,2014-10-01,3697253,286882,2014,10,2020-01-01,novo_caged_jan2020_anchor + stitched CAGED flows (back/forward)
RJ,2014-11-01,3711304,283910,2014,11,2020-01-01,novo_caged_jan2020_anchor + stitched CAGED flows (back/forward)
RJ,2014-12-01,3690166,283910,2014,12,2020-01-01,novo_caged_jan2020_anchor + stitched CAGED flows (back/forward)
RJ,2015-01-01,3649508,283910,2015,1,2020-01-01,novo_caged_jan2020_anchor + stitched CAGED flows (back/forward)
RJ,2015-02-01,3638407,279802,2015,2,2020-01-01,novo_caged_jan2020_anchor + stitched CAGED flows (back/forward)
RJ,2015-03-01,3642525,279802,2015,3,2020-01-01,novo_caged_jan2020_anchor + stitched CAGED flows (back/forward)
RJ,2015-04-01,3629926,278315,2015,4,2020-01-01,novo_caged_jan2020_anchor + stitched CAGED flows (back/forward)
RJ,2015-05-01,3618821,279377,2015,5,2020-01-01,novo_caged_jan2020_anchor + stitched CAGED flows (back/forward)
RJ,2015-06-01,3611202,280357,2015,6,2020-01-01,novo_caged_jan2020_anchor + stitched CAGED flows (back/forward)
RJ,2015-07-01,3591745,280357,2015,7,2020-01-01,novo_caged_jan2020_anchor + stitched CAGED flows (back/forward)
RJ,2015-08-01,3582899,278178,2015,8,2020-01-01,novo_caged_jan2020_anchor + stitched CAGED flows (back/forward)
RJ,2015-09-01,3575389,273756,2015,9,2020-01-01,novo_caged_jan2020_anchor + stitched CAGED flows (back/forward)
RJ,2015-10-01,3556301,266613,2015,10,2020-01-01,novo_caged_jan2020_anchor + stitched CAGED flows (back/forward)
RJ,2015-11-01,3551415,266613,2015,11,2020-01-01,novo_caged_jan2020_anchor + stitched CAGED flows (back/forward)
RJ,2015-12-01,3511344,258909,2015,12,2020-01-01,novo_caged_jan2020_anchor + stitched CAGED flows (back/forward)
RJ,2016-01-01,3485795,256547,2016,1,2020-01-01,novo_caged_jan2020_anchor + stitched CAGED flows (back/forward)
RJ,2016-02-01,3463508,252829,2016,2,2020-01-01,novo_caged_jan2020_anchor + stitched CAGED flows (back/forward)
RJ,2016-03-01,3449767,249078,2016,3,2020-01-01,novo_caged_jan2020_anchor + stitched CAGED flows (back/forward)
RJ,2016-04-01,3438013,244708,2016,4,2020-01-01,novo_caged_jan2020_anchor + stitched CAGED flows (back/forward)
RJ,2016-05-01,3422325,238427,2016,5,2020-01-01,novo_caged_jan2020_anchor + stitched CAGED flows (back/forward)
RJ,2016-06-01,3406577,231362,2016,6,2020-01-01,novo_caged_jan2020_anchor + stitched CAGED flows (back/forward)
RJ,2016-07-01,3394452,220589,2016,7,2020-01-01,novo_caged_jan2020_anchor + stitched CAGED flows (back/forward)
RJ,2016-08-01,3366131,213355,2016,8,2020-01-01,novo_caged_jan2020_anchor + stitched CAGED flows (back/forward)
RJ,2016-09-01,3342610,207997,2016,9,2020-01-01,novo_caged_jan2020_anchor + stitched CAGED flows (back/forward)
RJ,2016-10-01,3322047,200715,2016,10,2020-01-01,novo_caged_jan2020_anchor + stitched CAGED flows (back/forward)
RJ,2016-11-01,3309609,193608,2016,11,2020-01-01,novo_caged_jan2020_anchor + stitched CAGED flows (back/forward)
RJ,2016-12-01,3269763,185882,2016,12,2020-01-01,novo_caged_jan2020_anchor + stitched CAGED flows (back/forward)
RJ,2017-01-01,3243291,183424,2017,1,2020-01-01,novo_caged_jan2020_anchor + stitched CAGED flows (back/forward)
RJ,2017-02-01,3235119,181453,2017,2,2020-01-01,novo_caged_jan2020_anchor + stitched CAGED flows (back/forward)
RJ,2017-03-01,3217225,180518,2017,3,2020-01-01,novo_caged_jan2020_anchor + stitched CAGED flows (back/forward)
RJ,2017-04-01,3214671,179586,2017,4,2020-01-01,novo_caged_jan2020_anchor + stitched CAGED flows (back/forward)
RJ,2017-05-01,3209088,178231,2017,5,2020-01-01,novo_caged_jan2020_anchor + stitched CAGED flows (back/forward)
RJ,2017-06-01,3203399,177923,2017,6,2020-01-01,novo_caged_jan2020_anchor + stitched CAGED flows (back/forward)
RJ,2017-07-01,3194079,173200,2017,7,2020-01-01,novo_caged_jan2020_anchor + stitched CAGED flows (back/forward)
RJ,2017-08-01,3190679,170809,2017,8,2020-01-01,novo_caged_jan2020_anchor + stitched CAGED flows (back/forward)
RJ,2017-09-01,3185910,170233,2017,9,2020-01-01,novo_caged_jan2020_anchor + stitched CAGED flows (back/forward)
RJ,2017-10-01,3182049,169268,2017,10,2020-01-01,novo_caged_jan2020_anchor + stitched CAGED flows (back/forward)
RJ,2017-11-01,3185087,167734,2017,11,2020-01-01,novo_caged_jan2020_anchor + stitched CAGED flows (back/forward)
RJ,2017-12-01,3169509,167734,2017,12,2020-01-01,novo_caged_jan2020_anchor + stitched CAGED flows (back/forward)
RJ,2018-01-01,3159679,166933,2018,1,2020-01-01,novo_caged_jan2020_anchor + stitched CAGED flows (back/forward)
RJ,2018-02-01,3156929,164396,2018,2,2020-01-01,novo_caged_jan2020_anchor + stitched CAGED flows (back/forward)
RJ,2018-03-01,3157176,162934,2018,3,2020-01-01,novo_caged_jan2020_anchor + stitched CAGED flows (back/forward)
RJ,2018-04-01,3164496,163706,2018,4,2020-01-01,novo_caged_jan2020_anchor + stitched CAGED flows (back/forward)
RJ,2018-05-01,3161357,162723,2018,5,2020-01-01,novo_caged_jan2020_anchor + stitched CAGED flows (back/forward)
RJ,2018-06-01,3158838,161802,2018,6,2020-01-01,novo_caged_jan2020_anchor + stitched CAGED flows (back/forward)
RJ,2018-07-01,3157837,160900,2018,7,2020-01-01,novo_caged_jan2020_anchor + stitched CAGED flows (back/forward)
RJ,2018-08-01,3160754,161213,2018,8,2020-01-01,novo_caged_jan2020_anchor + stitched CAGED flows (back/forward)
RJ,2018-09-01,3168698,162059,2018,9,2020-01-01,novo_caged_jan2020_anchor + stitched CAGED flows (back/forward)
RJ,2018-10-01,3167851,162242,2018,10,2020-01-01,novo_caged_jan2020_anchor + stitched CAGED flows (back/forward)
RJ,2018-11-01,3181551,163090,2018,11,2020-01-01,novo_caged_jan2020_anchor + stitched CAGED flows (back/forward)
RJ,2018-12-01,3167410,160741,2018,12,2020-01-01,novo_caged_jan2020_anchor + stitched CAGED flows (back/forward)
RJ,2019-01-01,3155157,160741,2019,1,2020-01-01,novo_caged_jan2020_anchor + stitched CAGED flows (back/forward)
RJ,2019-02-01,3164910,162544,2019,2,2020-01-01,novo_caged_jan2020_anchor + stitched CAGED flows (back/forward)
RJ,2019-03-01,3157924,162544,2019,3,2020-01-01,novo_caged_jan2020_anchor + stitched CAGED flows (back/forward)
RJ,2019-04-01,3163633,162639,2019,4,2020-01-01,novo_caged_jan2020_anchor + stitched CAGED flows (back/forward)
RJ,2019-05-01,3159344,162459,2019,5,2020-01-01,novo_caged_jan2020_anchor + stitched CAGED flows (back/forward)
RJ,2019-06-01,3161685,163670,2019,6,2020-01-01,novo_caged_jan2020_anchor + stitched CAGED flows (back/forward)
RJ,2019-07-01,3158840,165487,2019,7,2020-01-01,novo_caged_jan2020_anchor + stitched CAGED flows (back/forward)
RJ,2019-08-01,3170650,169651,2019,8,2020-01-01,novo_caged_jan2020_anchor + stitched CAGED flows (back/forward)
RJ,2019-09-01,3184607,169831,2019,9,2020-01-01,novo_caged_jan2020_anchor + stitched CAGED flows (back/forward)
RJ,2019-10-01,3174665,168283,2019,10,2020-01-01,novo_caged_jan2020_anchor + stitched CAGED flows (back/forward)
RJ,2019-11-01,3191587,167101,2019,11,2020-01-01,novo_caged_jan2020_anchor + stitched CAGED flows (back/forward)
RJ,2019-12-01,3181039,164776,2019,12,2020-01-01,novo_caged_jan2020_anchor + stitched CAGED flows (back/forward)
RJ,2020-01-01,3169327,164885,2020,1,2020-01-01,novo_caged_jan2020_anchor + stitched CAGED flows (back/forward)
RJ,2020-02-01,3170813,165674,2020,2,2020-01-01,novo_caged_jan2020_anchor + stitched CAGED flows (back/forward)
RJ,2020-03-01,3135256,163693,2020,3,2020-01-01,novo_caged_jan2020_anchor + stitched CAGED flows (back/forward)
RJ,2020-04-01,3044261,155214,2020,4,2020-01-01,novo_caged_jan2020_anchor + stitched CAGED flows (back/forward)
RJ,2020-05-01,3003529,150226,2020,5,2020-01-01,novo_caged_jan2020_anchor + stitched CAGED flows (back/forward)
RJ,2020-06-01,2983361,149648,2020,6,2020-01-01,novo_caged_jan2020_anchor + stitched CAGED flows (back/forward)
RJ,2020-07-01,2972299,150704,2020,7,2020-01-01,novo_caged_jan2020_anchor + stitched CAGED flows (back/forward)
RJ,2020-08-01,2972256,153736,2020,8,2020-01-01,novo_caged_jan2020_anchor + stitched CAGED flows (back/forward)
RJ,2020-09-01,2981864,155848,2020,9,2020-01-01,novo_caged_jan2020_anchor + stitched CAGED flows (back/forward)
RJ,2020-10-01,2997331,157553,2020,10,2020-01-01,novo_caged_jan2020_anchor + stitched CAGED flows (back/forward)
RJ,2020-11-01,3029717,158439,2020,11,2020-01-01,novo_caged_jan2020_anchor + stitched CAGED flows (back/forward)
RJ,2020-12-01,3030642,155836,2020,12,2020-01-01,novo_caged_jan2020_anchor + stitched CAGED flows (back/forward)
RJ,2021-01-01,3029466,156984,2021,1,2020-01-01,novo_caged_jan2020_anchor + stitched CAGED flows (back/forward)
RJ,2021-02-01,3046128,159229,2021,2,2020-01-01,novo_caged_jan2020_anchor + stitched CAGED flows (back/forward)
RJ,2021-03-01,3058932,160336,2021,3,2020-01-01,novo_caged_jan2020_anchor + stitched CAGED flows (back/forward)
RJ,2021-04-01,3062326,161538,2021,4,2020-01-01,novo_caged_jan2020_anchor + stitched CAGED flows (back/forward)
RJ,2021-05-01,3079958,162380,2021,5,2020-01-01,novo_caged_jan2020_anchor + stitched CAGED flows (back/forward)
RJ,2021-06-01,3098022,163426,2021,6,2020-01-01,novo_caged_jan2020_anchor + stitched CAGED flows (back/forward)
RJ,2021-07-01,3116471,165466,2021,7,2020-01-01,novo_caged_jan2020_anchor + stitched CAGED flows (back/forward)
RJ,2021-08-01,3141809,167722,2021,8,2020-01-01,novo_caged_jan2020_anchor + stitched CAGED flows (back/forward)
RJ,2021-09-01,3164919,169133,2021,9,2020-01-01,novo_caged_jan2020_anchor + stitched CAGED flows (back/forward)
RJ,2021-10-01,3185047,170102,2021,10,2020-01-01,novo_caged_jan2020_anchor + stitched CAGED flows (back/forward)
RJ,2021-11-01,3222089,171883,2021,11,2020-01-01,novo_caged_jan2020_anchor + stitched CAGED flows (back/forward)
RJ,2021-12-01,3217103,170534,2021,12,2020-01-01,novo_caged_jan2020_anchor + stitched CAGED flows (back/forward)
RJ,2022-01-01,3221465,174456,2022,1,2020-01-01,novo_caged_jan2020_anchor + stitched CAGED flows (back/forward)
RJ,2022-02-01,3246078,178611,2022,2,2020-01-01,novo_caged_jan2020_anchor + stitched CAGED flows (back/forward)
RJ,2022-03-01,3257817,181484,2022,3,2020-01-01,novo_caged_jan2020_anchor + stitched CAGED flows (back/forward)
RJ,2022-04-01,3282842,184383,2022,4,2020-01-01,novo_caged_jan2020_anchor + stitched CAGED flows (back/forward)
RJ,2022-05-01,3304196,188605,2022,5,2020-01-01,novo_caged_jan2020_anchor + stitched CAGED flows (back/forward)
RJ,2022-06-01,3327282,191078,2022,6,2020-01-01,novo_caged_jan2020_anchor + stitched CAGED flows (back/forward)
RJ,2022-07-01,3340650,193309,2022,7,2020-01-01,novo_caged_jan2020_anchor + stitched CAGED flows (back/forward)
RJ,2022-08-01,3371547,198529,2022,8,2020-01-01,novo_caged_jan2020_anchor + stitched CAGED flows (back/forward)
RJ,2022-09-01,3385802,203392,2022,9,2020-01-01,novo_caged_jan2020_anchor + stitched CAGED flows (back/forward)
RJ,2022-10-01,3393684,204228,2022,10,2020-01-01,novo_caged_jan2020_anchor + stitched CAGED flows (back/forward)
RJ,2022-11-01,3417959,202827,2022,11,2020-01-01,novo_caged_jan2020_anchor + stitched CAGED flows (back/forward)
RJ,2022-12-01,3407323,198201,2022,12,2020-01-01,novo_caged_jan2020_anchor + stitched CAGED flows (back/forward)
RJ,2023-01-01,3406216,200092,2023,1,2020-01-01,novo_caged_jan2020_anchor + stitched CAGED flows (back/forward)
RJ,2023-02-01,3420555,201934,2023,2,2020-01-01,novo_caged_jan2020_anchor + stitched CAGED flows (back/forward)
RJ,2023-03-01,3438759,205101,2023,3,2020-01-01,novo_caged_jan2020_anchor + stitched CAGED flows (back/forward)
RJ,2023-04-01,3456085,207518,2023,4,2020-01-01,novo_caged_jan2020_anchor + stitched CAGED flows (back/forward)
RJ,2023-05-01,3468349,209567,2023,5,2020-01-01,novo_caged_jan2020_anchor + stitched CAGED flows (back/forward)
RJ,2023-06-01,3481533,211150,2023,6,2020-01-01,novo_caged_jan2020_anchor + stitched CAGED flows (back/forward)
RJ,2023-07-01,3493780,213925,2023,7,2020-01-01,novo_caged_jan2020_anchor + stitched CAGED flows (back/forward)
RJ,2023-08-01,3512284,217039,2023,8,2020-01-01,novo_caged_jan2020_anchor + stitched CAGED flows (back/forward)
RJ,2023-09-01,3529416,220346,2023,9,2020-01-01,novo_caged_jan2020_anchor + stitched CAGED flows (back/forward)
RJ,2023-10-01,3548329,222597,2023,10,2020-01-01,novo_caged_jan2020_anchor + stitched CAGED flows (back/forward)
RJ,2023-11-01,3569964,222882,2023,11,2020-01-01,novo_caged_jan2020_anchor + stitched CAGED flows (back/forward)
RJ,2023-12-01,3561787,220311,2023,12,2020-01-01,novo_caged_jan2020_anchor + stitched CAGED flows (back/forward)
RJ,2024-01-01,3562879,223715,2024,1,2020-01-01,novo_caged_jan2020_anchor + stitched CAGED flows (back/forward)
RJ,2024-02-01,3580157,226857,2024,2,2020-01-01,novo_caged_jan2020_anchor + stitched CAGED flows (back/forward)
RJ,2024-03-01,3603839,229895,2024,3,2020-01-01,novo_caged_jan2020_anchor + stitched CAGED flows (back/forward)
RJ,2024-04-01,3620225,231898,2024,4,2020-01-01,novo_caged_jan2020_anchor + stitched CAGED flows (back/forward)
RJ,2024-05-01,3636164,233232,2024,5,2020-01-01,novo_caged_jan2020_anchor + stitched CAGED flows (back/forward)
RJ,2024-06-01,3653289,235064,2024,6,2020-01-01,novo_caged_jan2020_anchor + stitched CAGED flows (back/forward)
RJ,2024-07-01,3663687,236307,2024,7,2020-01-01,novo_caged_jan2020_anchor + stitched CAGED flows (back/forward)
RJ,2024-08-01,3681769,238188,2024,8,2020-01-01,novo_caged_jan2020_anchor + stitched CAGED flows (back/forward)
RJ,2024-09-01,3700842,239516,2024,9,2020-01-01,novo_caged_jan2020_anchor + stitched CAGED flows (back/forward)
RJ,2024-10-01,3711164,239509,2024,10,2020-01-01,novo_caged_jan2020_anchor + stitched CAGED flows (back/forward)
RJ,2024-11-01,3724409,237418,2024,11,2020-01-01,novo_caged_jan2020_anchor + stitched CAGED flows (back/forward)
RJ,2024-12-01,3704210,232085,2024,12,2020-01-01,novo_caged_jan2020_anchor + stitched CAGED flows (back/forward)
RJ,2025-01-01,3692138,232275,2025,1,2020-01-01,novo_caged_jan2020_anchor + stitched CAGED flows (back/forward)
RJ,2025-02-01,3724098,235188,2025,2,2020-01-01,novo_caged_jan2020_anchor + stitched CAGED flows (back/forward)
RJ,2025-03-01,3717745,235544,2025,3,2020-01-01,novo_caged_jan2020_anchor + stitched CAGED flows (back/forward)
RJ,2025-04-01,3736262,238239,2025,4,2020-01-01,novo_caged_jan2020_anchor + stitched CAGED flows (back/forward)
RJ,2025-05-01,3749485,240641,2025,5,2020-01-01,novo_caged_jan2020_anchor + stitched CAGED flows (back/forward)
RJ,2025-06-01,3764073,243002,2025,6,2020-01-01,novo_caged_jan2020_anchor + stitched CAGED flows (back/forward)
RJ,2025-07-01,3770070,243470,2025,7,2020-01-01,novo_caged_jan2020_anchor + stitched CAGED flows (back/forward)
RJ,2025-08-01,3787494,244668,2025,8,2020-01-01,novo_caged_jan2020_anchor + stitched CAGED flows (back/forward)
RJ,2025-09-01,3803297,246414,2025,9,2020-01-01,novo_caged_jan2020_anchor + stitched CAGED flows (back/forward)
RJ,2025-10-01,3811153,246359,2025,10,2020-01-01,novo_caged_jan2020_anchor + stitched CAGED flows (back/forward)
RJ,2025-11-01,3831002,246461,2025,11,2020-01-01,novo_caged_jan2020_anchor + stitched CAGED flows (back/forward)
RJ,2025-12-01,3805530,240628,2025,12,2020-01-01,novo_caged_jan2020_anchor + stitched CAGED flows (back/forward)
RJ,2026-01-01,3791824,242480,2026,1,2020-01-01,novo_caged_jan2020_anchor + stitched CAGED flows (back/forward)
RJ,2026-02-01,3803721,244013,2026,2,2020-01-01,novo_caged_jan2020_anchor + stitched CAGED flows (back/forward)
RJ,2026-03-01,3827635,248106,2026,3,2020-01-01,novo_caged_jan2020_anchor + stitched CAGED flows (back/forward)
RN,2007-01-01,342092,31510,2007,1,2020-01-01,novo_caged_jan2020_anchor + stitched CAGED flows (back/forward)
RN,2007-02-01,340461,31645,2007,2,2020-01-01,novo_caged_jan2020_anchor + stitched CAGED flows (back/forward)
RN,2007-03-01,339299,31841,2007,3,2020-01-01,novo_caged_jan2020_anchor + stitched CAGED flows (back/forward)
RN,2007-04-01,340437,31936,2007,4,2020-01-01,novo_caged_jan2020_anchor + stitched CAGED flows (back/forward)
RN,2007-05-01,341396,32236,2007,5,2020-01-01,novo_caged_jan2020_anchor + stitched CAGED flows (back/forward)
RN,2007-06-01,343835,32591,2007,6,2020-01-01,novo_caged_jan2020_anchor + stitched CAGED flows (back/forward)
RN,2007-07-01,347771,32974,2007,7,2020-01-01,novo_caged_jan2020_anchor + stitched CAGED flows (back/forward)
RN,2007-08-01,352604,33089,2007,8,2020-01-01,novo_caged_jan2020_anchor + stitched CAGED flows (back/forward)
RN,2007-09-01,358449,33248,2007,9,2020-01-01,novo_caged_jan2020_anchor + stitched CAGED flows (back/forward)
RN,2007-10-01,360195,33379,2007,10,2020-01-01,novo_caged_jan2020_anchor + stitched CAGED flows (back/forward)
RN,2007-11-01,361147,33613,2007,11,2020-01-01,novo_caged_jan2020_anchor + stitched CAGED flows (back/forward)
RN,2007-12-01,359723,33585,2007,12,2020-01-01,novo_caged_jan2020_anchor + stitched CAGED flows (back/forward)
RN,2008-01-01,357814,34146,2008,1,2020-01-01,novo_caged_jan2020_anchor + stitched CAGED flows (back/forward)
RN,2008-02-01,354753,34588,2008,2,2020-01-01,novo_caged_jan2020_anchor + stitched CAGED flows (back/forward)
RN,2008-03-01,355566,35393,2008,3,2020-01-01,novo_caged_jan2020_anchor + stitched CAGED flows (back/forward)
RN,2008-04-01,355962,35526,2008,4,2020-01-01,novo_caged_jan2020_anchor + stitched CAGED flows (back/forward)
RN,2008-05-01,356813,36329,2008,5,2020-01-01,novo_caged_jan2020_anchor + stitched CAGED flows (back/forward)
RN,2008-06-01,360255,37472,2008,6,2020-01-01,novo_caged_jan2020_anchor + stitched CAGED flows (back/forward)
RN,2008-07-01,364598,39030,2008,7,2020-01-01,novo_caged_jan2020_anchor + stitched CAGED flows (back/forward)
RN,2008-08-01,371758,39745,2008,8,2020-01-01,novo_caged_jan2020_anchor + stitched CAGED flows (back/forward)
RN,2008-09-01,376351,40629,2008,9,2020-01-01,novo_caged_jan2020_anchor + stitched CAGED flows (back/forward)
RN,2008-10-01,377775,39728,2008,10,2020-01-01,novo_caged_jan2020_anchor + stitched CAGED flows (back/forward)
RN,2008-11-01,377657,38511,2008,11,2020-01-01,novo_caged_jan2020_anchor + stitched CAGED flows (back/forward)
RN,2008-12-01,373254,36838,2008,12,2020-01-01,novo_caged_jan2020_anchor + stitched CAGED flows (back/forward)
RN,2009-01-01,370277,36053,2009,1,2020-01-01,novo_caged_jan2020_anchor + stitched CAGED flows (back/forward)
RN,2009-02-01,364888,35574,2009,2,2020-01-01,novo_caged_jan2020_anchor + stitched CAGED flows (back/forward)
RN,2009-03-01,362418,35102,2009,3,2020-01-01,novo_caged_jan2020_anchor + stitched CAGED flows (back/forward)
RN,2009-04-01,359791,34585,2009,4,2020-01-01,novo_caged_jan2020_anchor + stitched CAGED flows (back/forward)
RN,2009-05-01,357999,34936,2009,5,2020-01-01,novo_caged_jan2020_anchor + stitched CAGED flows (back/forward)
RN,2009-06-01,358735,34783,2009,6,2020-01-01,novo_caged_jan2020_anchor + stitched CAGED flows (back/forward)
RN,2009-07-01,361634,35060,2009,7,2020-01-01,novo_caged_jan2020_anchor + stitched CAGED flows (back/forward)
RN,2009-08-01,368410,35067,2009,8,2020-01-01,novo_caged_jan2020_anchor + stitched CAGED flows (back/forward)
RN,2009-09-01,372831,36228,2009,9,2020-01-01,novo_caged_jan2020_anchor + stitched CAGED flows (back/forward)
RN,2009-10-01,375408,36228,2009,10,2020-01-01,novo_caged_jan2020_anchor + stitched CAGED flows (back/forward)
RN,2009-11-01,379753,36729,2009,11,2020-01-01,novo_caged_jan2020_anchor + stitched CAGED flows (back/forward)
RN,2009-12-01,378054,35989,2009,12,2020-01-01,novo_caged_jan2020_anchor + stitched CAGED flows (back/forward)
RN,2010-01-01,378231,36664,2010,1,2020-01-01,novo_caged_jan2020_anchor + stitched CAGED flows (back/forward)
RN,2010-02-01,377451,37120,2010,2,2020-01-01,novo_caged_jan2020_anchor + stitched CAGED flows (back/forward)
RN,2010-03-01,378651,38652,2010,3,2020-01-01,novo_caged_jan2020_anchor + stitched CAGED flows (back/forward)
RN,2010-04-01,380122,39665,2010,4,2020-01-01,novo_caged_jan2020_anchor + stitched CAGED flows (back/forward)
RN,2010-05-01,383572,39665,2010,5,2020-01-01,novo_caged_jan2020_anchor + stitched CAGED flows (back/forward)
RN,2010-06-01,386242,39665,2010,6,2020-01-01,novo_caged_jan2020_anchor + stitched CAGED flows (back/forward)
RN,2010-07-01,389320,39665,2010,7,2020-01-01,novo_caged_jan2020_anchor + stitched CAGED flows (back/forward)
RN,2010-08-01,396106,40290,2010,8,2020-01-01,novo_caged_jan2020_anchor + stitched CAGED flows (back/forward)
RN,2010-09-01,402185,41772,2010,9,2020-01-01,novo_caged_jan2020_anchor + stitched CAGED flows (back/forward)
RN,2010-10-01,404550,41772,2010,10,2020-01-01,novo_caged_jan2020_anchor + stitched CAGED flows (back/forward)
RN,2010-11-01,406753,41982,2010,11,2020-01-01,novo_caged_jan2020_anchor + stitched CAGED flows (back/forward)
RN,2010-12-01,402978,41248,2010,12,2020-01-01,novo_caged_jan2020_anchor + stitched CAGED flows (back/forward)
RN,2011-01-01,400735,41434,2011,1,2020-01-01,novo_caged_jan2020_anchor + stitched CAGED flows (back/forward)
RN,2011-02-01,400608,41888,2011,2,2020-01-01,novo_caged_jan2020_anchor + stitched CAGED flows (back/forward)
RN,2011-03-01,399560,41640,2011,3,2020-01-01,novo_caged_jan2020_anchor + stitched CAGED flows (back/forward)
RN,2011-04-01,399931,42228,2011,4,2020-01-01,novo_caged_jan2020_anchor + stitched CAGED flows (back/forward)
RN,2011-05-01,399776,42622,2011,5,2020-01-01,novo_caged_jan2020_anchor + stitched CAGED flows (back/forward)
RN,2011-06-01,401183,42696,2011,6,2020-01-01,novo_caged_jan2020_anchor + stitched CAGED flows (back/forward)
RN,2011-07-01,402476,42627,2011,7,2020-01-01,novo_caged_jan2020_anchor + stitched CAGED flows (back/forward)
RN,2011-08-01,407072,42696,2011,8,2020-01-01,novo_caged_jan2020_anchor + stitched CAGED flows (back/forward)
RN,2011-09-01,411639,43776,2011,9,2020-01-01,novo_caged_jan2020_anchor + stitched CAGED flows (back/forward)
RN,2011-10-01,413580,43844,2011,10,2020-01-01,novo_caged_jan2020_anchor + stitched CAGED flows (back/forward)
RN,2011-11-01,414593,43670,2011,11,2020-01-01,novo_caged_jan2020_anchor + stitched CAGED flows (back/forward)
RN,2011-12-01,411495,42823,2011,12,2020-01-01,novo_caged_jan2020_anchor + stitched CAGED flows (back/forward)
RN,2012-01-01,410711,43085,2012,1,2020-01-01,novo_caged_jan2020_anchor + stitched CAGED flows (back/forward)
RN,2012-02-01,408499,43154,2012,2,2020-01-01,novo_caged_jan2020_anchor + stitched CAGED flows (back/forward)
RN,2012-03-01,408916,43615,2012,3,2020-01-01,novo_caged_jan2020_anchor + stitched CAGED flows (back/forward)
RN,2012-04-01,408864,43612,2012,4,2020-01-01,novo_caged_jan2020_anchor + stitched CAGED flows (back/forward)
RN,2012-05-01,408045,43612,2012,5,2020-01-01,novo_caged_jan2020_anchor + stitched CAGED flows (back/forward)
RN,2012-06-01,409676,43980,2012,6,2020-01-01,novo_caged_jan2020_anchor + stitched CAGED flows (back/forward)
RN,2012-07-01,412154,44725,2012,7,2020-01-01,novo_caged_jan2020_anchor + stitched CAGED flows (back/forward)
RN,2012-08-01,414853,45466,2012,8,2020-01-01,novo_caged_jan2020_anchor + stitched CAGED flows (back/forward)
RN,2012-09-01,420136,46484,2012,9,2020-01-01,novo_caged_jan2020_anchor + stitched CAGED flows (back/forward)
RN,2012-10-01,419951,46484,2012,10,2020-01-01,novo_caged_jan2020_anchor + stitched CAGED flows (back/forward)
RN,2012-11-01,421391,46522,2012,11,2020-01-01,novo_caged_jan2020_anchor + stitched CAGED flows (back/forward)
RN,2012-12-01,419011,45647,2012,12,2020-01-01,novo_caged_jan2020_anchor + stitched CAGED flows (back/forward)
RN,2013-01-01,415746,46023,2013,1,2020-01-01,novo_caged_jan2020_anchor + stitched CAGED flows (back/forward)
RN,2013-02-01,414902,45984,2013,2,2020-01-01,novo_caged_jan2020_anchor + stitched CAGED flows (back/forward)
RN,2013-03-01,415311,45789,2013,3,2020-01-01,novo_caged_jan2020_anchor + stitched CAGED flows (back/forward)
RN,2013-04-01,414165,45254,2013,4,2020-01-01,novo_caged_jan2020_anchor + stitched CAGED flows (back/forward)
RN,2013-05-01,414268,44873,2013,5,2020-01-01,novo_caged_jan2020_anchor + stitched CAGED flows (back/forward)
RN,2013-06-01,415380,45225,2013,6,2020-01-01,novo_caged_jan2020_anchor + stitched CAGED flows (back/forward)
RN,2013-07-01,416643,45009,2013,7,2020-01-01,novo_caged_jan2020_anchor + stitched CAGED flows (back/forward)
RN,2013-08-01,419862,44710,2013,8,2020-01-01,novo_caged_jan2020_anchor + stitched CAGED flows (back/forward)
RN,2013-09-01,425044,45369,2013,9,2020-01-01,novo_caged_jan2020_anchor + stitched CAGED flows (back/forward)
RN,2013-10-01,425832,44968,2013,10,2020-01-01,novo_caged_jan2020_anchor + stitched CAGED flows (back/forward)
RN,2013-11-01,426879,45230,2013,11,2020-01-01,novo_caged_jan2020_anchor + stitched CAGED flows (back/forward)
RN,2013-12-01,425634,44269,2013,12,2020-01-01,novo_caged_jan2020_anchor + stitched CAGED flows (back/forward)
RN,2014-01-01,426351,45591,2014,1,2020-01-01,novo_caged_jan2020_anchor + stitched CAGED flows (back/forward)
RN,2014-02-01,427282,46322,2014,2,2020-01-01,novo_caged_jan2020_anchor + stitched CAGED flows (back/forward)
RN,2014-03-01,425985,46290,2014,3,2020-01-01,novo_caged_jan2020_anchor + stitched CAGED flows (back/forward)
RN,2014-04-01,426467,46665,2014,4,2020-01-01,novo_caged_jan2020_anchor + stitched CAGED flows (back/forward)
RN,2014-05-01,426061,45860,2014,5,2020-01-01,novo_caged_jan2020_anchor + stitched CAGED flows (back/forward)
RN,2014-06-01,425494,44875,2014,6,2020-01-01,novo_caged_jan2020_anchor + stitched CAGED flows (back/forward)
RN,2014-07-01,426002,43829,2014,7,2020-01-01,novo_caged_jan2020_anchor + stitched CAGED flows (back/forward)
RN,2014-08-01,429826,43161,2014,8,2020-01-01,novo_caged_jan2020_anchor + stitched CAGED flows (back/forward)
RN,2014-09-01,433472,44470,2014,9,2020-01-01,novo_caged_jan2020_anchor + stitched CAGED flows (back/forward)
RN,2014-10-01,434204,44298,2014,10,2020-01-01,novo_caged_jan2020_anchor + stitched CAGED flows (back/forward)
RN,2014-11-01,435328,43280,2014,11,2020-01-01,novo_caged_jan2020_anchor + stitched CAGED flows (back/forward)
RN,2014-12-01,432344,41367,2014,12,2020-01-01,novo_caged_jan2020_anchor + stitched CAGED flows (back/forward)
RN,2015-01-01,431134,41367,2015,1,2020-01-01,novo_caged_jan2020_anchor + stitched CAGED flows (back/forward)
RN,2015-02-01,427121,40660,2015,2,2020-01-01,novo_caged_jan2020_anchor + stitched CAGED flows (back/forward)
RN,2015-03-01,426950,40220,2015,3,2020-01-01,novo_caged_jan2020_anchor + stitched CAGED flows (back/forward)
RN,2015-04-01,425605,39615,2015,4,2020-01-01,novo_caged_jan2020_anchor + stitched CAGED flows (back/forward)
RN,2015-05-01,424200,38811,2015,5,2020-01-01,novo_caged_jan2020_anchor + stitched CAGED flows (back/forward)
RN,2015-06-01,422012,37872,2015,6,2020-01-01,novo_caged_jan2020_anchor + stitched CAGED flows (back/forward)
RN,2015-07-01,420766,37872,2015,7,2020-01-01,novo_caged_jan2020_anchor + stitched CAGED flows (back/forward)
RN,2015-08-01,420481,36848,2015,8,2020-01-01,novo_caged_jan2020_anchor + stitched CAGED flows (back/forward)
RN,2015-09-01,422653,36951,2015,9,2020-01-01,novo_caged_jan2020_anchor + stitched CAGED flows (back/forward)
RN,2015-10-01,422183,36305,2015,10,2020-01-01,novo_caged_jan2020_anchor + stitched CAGED flows (back/forward)
RN,2015-11-01,421748,35570,2015,11,2020-01-01,novo_caged_jan2020_anchor + stitched CAGED flows (back/forward)
RN,2015-12-01,417389,34018,2015,12,2020-01-01,novo_caged_jan2020_anchor + stitched CAGED flows (back/forward)
RN,2016-01-01,414445,33479,2016,1,2020-01-01,novo_caged_jan2020_anchor + stitched CAGED flows (back/forward)
RN,2016-02-01,410007,32694,2016,2,2020-01-01,novo_caged_jan2020_anchor + stitched CAGED flows (back/forward)
RN,2016-03-01,407624,32074,2016,3,2020-01-01,novo_caged_jan2020_anchor + stitched CAGED flows (back/forward)
RN,2016-04-01,404972,31489,2016,4,2020-01-01,novo_caged_jan2020_anchor + stitched CAGED flows (back/forward)
RN,2016-05-01,402872,30914,2016,5,2020-01-01,novo_caged_jan2020_anchor + stitched CAGED flows (back/forward)
RN,2016-06-01,401709,30147,2016,6,2020-01-01,novo_caged_jan2020_anchor + stitched CAGED flows (back/forward)
RN,2016-07-01,401711,29665,2016,7,2020-01-01,novo_caged_jan2020_anchor + stitched CAGED flows (back/forward)
RN,2016-08-01,403948,28900,2016,8,2020-01-01,novo_caged_jan2020_anchor + stitched CAGED flows (back/forward)
RN,2016-09-01,405980,28886,2016,9,2020-01-01,novo_caged_jan2020_anchor + stitched CAGED flows (back/forward)
RN,2016-10-01,405244,28224,2016,10,2020-01-01,novo_caged_jan2020_anchor + stitched CAGED flows (back/forward)
RN,2016-11-01,404424,27528,2016,11,2020-01-01,novo_caged_jan2020_anchor + stitched CAGED flows (back/forward)
RN,2016-12-01,401103,26683,2016,12,2020-01-01,novo_caged_jan2020_anchor + stitched CAGED flows (back/forward)
RN,2017-01-01,398148,26407,2017,1,2020-01-01,novo_caged_jan2020_anchor + stitched CAGED flows (back/forward)
RN,2017-02-01,396866,26465,2017,2,2020-01-01,novo_caged_jan2020_anchor + stitched CAGED flows (back/forward)
RN,2017-03-01,396297,26913,2017,3,2020-01-01,novo_caged_jan2020_anchor + stitched CAGED flows (back/forward)
RN,2017-04-01,395376,26644,2017,4,2020-01-01,novo_caged_jan2020_anchor + stitched CAGED flows (back/forward)
RN,2017-05-01,395174,26429,2017,5,2020-01-01,novo_caged_jan2020_anchor + stitched CAGED flows (back/forward)
RN,2017-06-01,395627,25943,2017,6,2020-01-01,novo_caged_jan2020_anchor + stitched CAGED flows (back/forward)
RN,2017-07-01,396590,25831,2017,7,2020-01-01,novo_caged_jan2020_anchor + stitched CAGED flows (back/forward)
RN,2017-08-01,399831,26053,2017,8,2020-01-01,novo_caged_jan2020_anchor + stitched CAGED flows (back/forward)
RN,2017-09-01,401473,26094,2017,9,2020-01-01,novo_caged_jan2020_anchor + stitched CAGED flows (back/forward)
RN,2017-10-01,402330,25742,2017,10,2020-01-01,novo_caged_jan2020_anchor + stitched CAGED flows (back/forward)
RN,2017-11-01,402193,25510,2017,11,2020-01-01,novo_caged_jan2020_anchor + stitched CAGED flows (back/forward)
RN,2017-12-01,399342,24674,2017,12,2020-01-01,novo_caged_jan2020_anchor + stitched CAGED flows (back/forward)
RN,2018-01-01,398703,25370,2018,1,2020-01-01,novo_caged_jan2020_anchor + stitched CAGED flows (back/forward)
RN,2018-02-01,395133,24764,2018,2,2020-01-01,novo_caged_jan2020_anchor + stitched CAGED flows (back/forward)
RN,2018-03-01,394696,24543,2018,3,2020-01-01,novo_caged_jan2020_anchor + stitched CAGED flows (back/forward)
RN,2018-04-01,394573,24994,2018,4,2020-01-01,novo_caged_jan2020_anchor + stitched CAGED flows (back/forward)
RN,2018-05-01,394274,25244,2018,5,2020-01-01,novo_caged_jan2020_anchor + stitched CAGED flows (back/forward)
RN,2018-06-01,395079,25121,2018,6,2020-01-01,novo_caged_jan2020_anchor + stitched CAGED flows (back/forward)
RN,2018-07-01,395649,24935,2018,7,2020-01-01,novo_caged_jan2020_anchor + stitched CAGED flows (back/forward)
RN,2018-08-01,400135,25350,2018,8,2020-01-01,novo_caged_jan2020_anchor + stitched CAGED flows (back/forward)
RN,2018-09-01,401861,25161,2018,9,2020-01-01,novo_caged_jan2020_anchor + stitched CAGED flows (back/forward)
RN,2018-10-01,404352,25792,2018,10,2020-01-01,novo_caged_jan2020_anchor + stitched CAGED flows (back/forward)
RN,2018-11-01,406038,25652,2018,11,2020-01-01,novo_caged_jan2020_anchor + stitched CAGED flows (back/forward)
RN,2018-12-01,403770,24528,2018,12,2020-01-01,novo_caged_jan2020_anchor + stitched CAGED flows (back/forward)
RN,2019-01-01,402411,24528,2019,1,2020-01-01,novo_caged_jan2020_anchor + stitched CAGED flows (back/forward)
RN,2019-02-01,400162,24372,2019,2,2020-01-01,novo_caged_jan2020_anchor + stitched CAGED flows (back/forward)
RN,2019-03-01,398129,24372,2019,3,2020-01-01,novo_caged_jan2020_anchor + stitched CAGED flows (back/forward)
RN,2019-04-01,397628,24629,2019,4,2020-01-01,novo_caged_jan2020_anchor + stitched CAGED flows (back/forward)
RN,2019-05-01,397132,24760,2019,5,2020-01-01,novo_caged_jan2020_anchor + stitched CAGED flows (back/forward)
RN,2019-06-01,398369,25061,2019,6,2020-01-01,novo_caged_jan2020_anchor + stitched CAGED flows (back/forward)
RN,2019-07-01,399157,25016,2019,7,2020-01-01,novo_caged_jan2020_anchor + stitched CAGED flows (back/forward)
RN,2019-08-01,402896,25120,2019,8,2020-01-01,novo_caged_jan2020_anchor + stitched CAGED flows (back/forward)
RN,2019-09-01,405381,25234,2019,9,2020-01-01,novo_caged_jan2020_anchor + stitched CAGED flows (back/forward)
RN,2019-10-01,408361,25870,2019,10,2020-01-01,novo_caged_jan2020_anchor + stitched CAGED flows (back/forward)
RN,2019-11-01,410051,26099,2019,11,2020-01-01,novo_caged_jan2020_anchor + stitched CAGED flows (back/forward)
RN,2019-12-01,406918,25825,2019,12,2020-01-01,novo_caged_jan2020_anchor + stitched CAGED flows (back/forward)
RN,2020-01-01,405885,26717,2020,1,2020-01-01,novo_caged_jan2020_anchor + stitched CAGED flows (back/forward)
RN,2020-02-01,403728,27162,2020,2,2020-01-01,novo_caged_jan2020_anchor + stitched CAGED flows (back/forward)
RN,2020-03-01,400734,27174,2020,3,2020-01-01,novo_caged_jan2020_anchor + stitched CAGED flows (back/forward)
RN,2020-04-01,390641,26320,2020,4,2020-01-01,novo_caged_jan2020_anchor + stitched CAGED flows (back/forward)
RN,2020-05-01,386096,26089,2020,5,2020-01-01,novo_caged_jan2020_anchor + stitched CAGED flows (back/forward)
RN,2020-06-01,387010,26208,2020,6,2020-01-01,novo_caged_jan2020_anchor + stitched CAGED flows (back/forward)
RN,2020-07-01,387620,26746,2020,7,2020-01-01,novo_caged_jan2020_anchor + stitched CAGED flows (back/forward)
RN,2020-08-01,393213,27514,2020,8,2020-01-01,novo_caged_jan2020_anchor + stitched CAGED flows (back/forward)
RN,2020-09-01,397408,27517,2020,9,2020-01-01,novo_caged_jan2020_anchor + stitched CAGED flows (back/forward)
RN,2020-10-01,401606,28085,2020,10,2020-01-01,novo_caged_jan2020_anchor + stitched CAGED flows (back/forward)
RN,2020-11-01,405766,28298,2020,11,2020-01-01,novo_caged_jan2020_anchor + stitched CAGED flows (back/forward)
RN,2020-12-01,403709,27085,2020,12,2020-01-01,novo_caged_jan2020_anchor + stitched CAGED flows (back/forward)
RN,2021-01-01,405515,27984,2021,1,2020-01-01,novo_caged_jan2020_anchor + stitched CAGED flows (back/forward)
RN,2021-02-01,407082,28516,2021,2,2020-01-01,novo_caged_jan2020_anchor + stitched CAGED flows (back/forward)
RN,2021-03-01,408296,29234,2021,3,2020-01-01,novo_caged_jan2020_anchor + stitched CAGED flows (back/forward)
RN,2021-04-01,407249,28776,2021,4,2020-01-01,novo_caged_jan2020_anchor + stitched CAGED flows (back/forward)
RN,2021-05-01,408905,28515,2021,5,2020-01-01,novo_caged_jan2020_anchor + stitched CAGED flows (back/forward)
RN,2021-06-01,413533,28672,2021,6,2020-01-01,novo_caged_jan2020_anchor + stitched CAGED flows (back/forward)
RN,2021-07-01,417457,28440,2021,7,2020-01-01,novo_caged_jan2020_anchor + stitched CAGED flows (back/forward)
RN,2021-08-01,424692,29192,2021,8,2020-01-01,novo_caged_jan2020_anchor + stitched CAGED flows (back/forward)
RN,2021-09-01,431071,30294,2021,9,2020-01-01,novo_caged_jan2020_anchor + stitched CAGED flows (back/forward)
RN,2021-10-01,434544,30750,2021,10,2020-01-01,novo_caged_jan2020_anchor + stitched CAGED flows (back/forward)
RN,2021-11-01,437715,31019,2021,11,2020-01-01,novo_caged_jan2020_anchor + stitched CAGED flows (back/forward)
RN,2021-12-01,436185,30405,2021,12,2020-01-01,novo_caged_jan2020_anchor + stitched CAGED flows (back/forward)
RN,2022-01-01,433765,30683,2022,1,2020-01-01,novo_caged_jan2020_anchor + stitched CAGED flows (back/forward)
RN,2022-02-01,435908,31374,2022,2,2020-01-01,novo_caged_jan2020_anchor + stitched CAGED flows (back/forward)
RN,2022-03-01,434478,31798,2022,3,2020-01-01,novo_caged_jan2020_anchor + stitched CAGED flows (back/forward)
RN,2022-04-01,436313,32578,2022,4,2020-01-01,novo_caged_jan2020_anchor + stitched CAGED flows (back/forward)
RN,2022-05-01,439748,33774,2022,5,2020-01-01,novo_caged_jan2020_anchor + stitched CAGED flows (back/forward)
RN,2022-06-01,443538,34629,2022,6,2020-01-01,novo_caged_jan2020_anchor + stitched CAGED flows (back/forward)
RN,2022-07-01,446301,35023,2022,7,2020-01-01,novo_caged_jan2020_anchor + stitched CAGED flows (back/forward)
RN,2022-08-01,452819,35612,2022,8,2020-01-01,novo_caged_jan2020_anchor + stitched CAGED flows (back/forward)
RN,2022-09-01,457045,35878,2022,9,2020-01-01,novo_caged_jan2020_anchor + stitched CAGED flows (back/forward)
RN,2022-10-01,458908,36047,2022,10,2020-01-01,novo_caged_jan2020_anchor + stitched CAGED flows (back/forward)
RN,2022-11-01,460610,35759,2022,11,2020-01-01,novo_caged_jan2020_anchor + stitched CAGED flows (back/forward)
RN,2022-12-01,456927,34731,2022,12,2020-01-01,novo_caged_jan2020_anchor + stitched CAGED flows (back/forward)
RN,2023-01-01,456600,34932,2023,1,2020-01-01,novo_caged_jan2020_anchor + stitched CAGED flows (back/forward)
RN,2023-02-01,457060,35378,2023,2,2020-01-01,novo_caged_jan2020_anchor + stitched CAGED flows (back/forward)
RN,2023-03-01,456977,36222,2023,3,2020-01-01,novo_caged_jan2020_anchor + stitched CAGED flows (back/forward)
RN,2023-04-01,458686,37075,2023,4,2020-01-01,novo_caged_jan2020_anchor + stitched CAGED flows (back/forward)
RN,2023-05-01,460401,37684,2023,5,2020-01-01,novo_caged_jan2020_anchor + stitched CAGED flows (back/forward)
RN,2023-06-01,463008,38296,2023,6,2020-01-01,novo_caged_jan2020_anchor + stitched CAGED flows (back/forward)
RN,2023-07-01,466467,38675,2023,7,2020-01-01,novo_caged_jan2020_anchor + stitched CAGED flows (back/forward)
RN,2023-08-01,472352,39357,2023,8,2020-01-01,novo_caged_jan2020_anchor + stitched CAGED flows (back/forward)
RN,2023-09-01,476682,40010,2023,9,2020-01-01,novo_caged_jan2020_anchor + stitched CAGED flows (back/forward)
RN,2023-10-01,478873,40249,2023,10,2020-01-01,novo_caged_jan2020_anchor + stitched CAGED flows (back/forward)
RN,2023-11-01,482084,40146,2023,11,2020-01-01,novo_caged_jan2020_anchor + stitched CAGED flows (back/forward)
RN,2023-12-01,479427,38516,2023,12,2020-01-01,novo_caged_jan2020_anchor + stitched CAGED flows (back/forward)
RN,2024-01-01,480704,39147,2024,1,2020-01-01,novo_caged_jan2020_anchor + stitched CAGED flows (back/forward)
RN,2024-02-01,480980,39154,2024,2,2020-01-01,novo_caged_jan2020_anchor + stitched CAGED flows (back/forward)
RN,2024-03-01,482517,39818,2024,3,2020-01-01,novo_caged_jan2020_anchor + stitched CAGED flows (back/forward)
RN,2024-04-01,485244,40505,2024,4,2020-01-01,novo_caged_jan2020_anchor + stitched CAGED flows (back/forward)
RN,2024-05-01,488129,41200,2024,5,2020-01-01,novo_caged_jan2020_anchor + stitched CAGED flows (back/forward)
RN,2024-06-01,492697,41597,2024,6,2020-01-01,novo_caged_jan2020_anchor + stitched CAGED flows (back/forward)
RN,2024-07-01,498708,42171,2024,7,2020-01-01,novo_caged_jan2020_anchor + stitched CAGED flows (back/forward)
RN,2024-08-01,506138,43100,2024,8,2020-01-01,novo_caged_jan2020_anchor + stitched CAGED flows (back/forward)
RN,2024-09-01,511224,44165,2024,9,2020-01-01,novo_caged_jan2020_anchor + stitched CAGED flows (back/forward)
RN,2024-10-01,514066,44984,2024,10,2020-01-01,novo_caged_jan2020_anchor + stitched CAGED flows (back/forward)
RN,2024-11-01,516434,44790,2024,11,2020-01-01,novo_caged_jan2020_anchor + stitched CAGED flows (back/forward)
RN,2024-12-01,513597,43689,2024,12,2020-01-01,novo_caged_jan2020_anchor + stitched CAGED flows (back/forward)
RN,2025-01-01,513260,44568,2025,1,2020-01-01,novo_caged_jan2020_anchor + stitched CAGED flows (back/forward)
RN,2025-02-01,515905,45302,2025,2,2020-01-01,novo_caged_jan2020_anchor + stitched CAGED flows (back/forward)
RN,2025-03-01,514015,45838,2025,3,2020-01-01,novo_caged_jan2020_anchor + stitched CAGED flows (back/forward)
RN,2025-04-01,516701,46276,2025,4,2020-01-01,novo_caged_jan2020_anchor + stitched CAGED flows (back/forward)
RN,2025-05-01,518861,46321,2025,5,2020-01-01,novo_caged_jan2020_anchor + stitched CAGED flows (back/forward)
RN,2025-06-01,520334,46035,2025,6,2020-01-01,novo_caged_jan2020_anchor + stitched CAGED flows (back/forward)
RN,2025-07-01,523787,45637,2025,7,2020-01-01,novo_caged_jan2020_anchor + stitched CAGED flows (back/forward)
RN,2025-08-01,528904,45252,2025,8,2020-01-01,novo_caged_jan2020_anchor + stitched CAGED flows (back/forward)
RN,2025-09-01,532074,45533,2025,9,2020-01-01,novo_caged_jan2020_anchor + stitched CAGED flows (back/forward)
RN,2025-10-01,533292,45478,2025,10,2020-01-01,novo_caged_jan2020_anchor + stitched CAGED flows (back/forward)
RN,2025-11-01,534834,45216,2025,11,2020-01-01,novo_caged_jan2020_anchor + stitched CAGED flows (back/forward)
RN,2025-12-01,529306,43483,2025,12,2020-01-01,novo_caged_jan2020_anchor + stitched CAGED flows (back/forward)
RN,2026-01-01,530638,44384,2026,1,2020-01-01,novo_caged_jan2020_anchor + stitched CAGED flows (back/forward)
RN,2026-02-01,528541,44278,2026,2,2020-01-01,novo_caged_jan2020_anchor + stitched CAGED flows (back/forward)
RN,2026-03-01,529668,45139,2026,3,2020-01-01,novo_caged_jan2020_anchor + stitched CAGED flows (back/forward)
RO,2007-01-01,204451,20936,2007,1,2020-01-01,novo_caged_jan2020_anchor + stitched CAGED flows (back/forward)
RO,2007-02-01,205298,20950,2007,2,2020-01-01,novo_caged_jan2020_anchor + stitched CAGED flows (back/forward)
RO,2007-03-01,206466,21009,2007,3,2020-01-01,novo_caged_jan2020_anchor + stitched CAGED flows (back/forward)
RO,2007-04-01,207698,21053,2007,4,2020-01-01,novo_caged_jan2020_anchor + stitched CAGED flows (back/forward)
RO,2007-05-01,209212,21115,2007,5,2020-01-01,novo_caged_jan2020_anchor + stitched CAGED flows (back/forward)
RO,2007-06-01,210569,21178,2007,6,2020-01-01,novo_caged_jan2020_anchor + stitched CAGED flows (back/forward)
RO,2007-07-01,212190,21257,2007,7,2020-01-01,novo_caged_jan2020_anchor + stitched CAGED flows (back/forward)
RO,2007-08-01,212985,21221,2007,8,2020-01-01,novo_caged_jan2020_anchor + stitched CAGED flows (back/forward)
RO,2007-09-01,213917,21175,2007,9,2020-01-01,novo_caged_jan2020_anchor + stitched CAGED flows (back/forward)
RO,2007-10-01,214973,21306,2007,10,2020-01-01,novo_caged_jan2020_anchor + stitched CAGED flows (back/forward)
RO,2007-11-01,214854,21280,2007,11,2020-01-01,novo_caged_jan2020_anchor + stitched CAGED flows (back/forward)
RO,2007-12-01,212654,21160,2007,12,2020-01-01,novo_caged_jan2020_anchor + stitched CAGED flows (back/forward)
RO,2008-01-01,213189,21242,2008,1,2020-01-01,novo_caged_jan2020_anchor + stitched CAGED flows (back/forward)
RO,2008-02-01,213797,21340,2008,2,2020-01-01,novo_caged_jan2020_anchor + stitched CAGED flows (back/forward)
RO,2008-03-01,214298,21476,2008,3,2020-01-01,novo_caged_jan2020_anchor + stitched CAGED flows (back/forward)
RO,2008-04-01,214981,21812,2008,4,2020-01-01,novo_caged_jan2020_anchor + stitched CAGED flows (back/forward)
RO,2008-05-01,215110,22322,2008,5,2020-01-01,novo_caged_jan2020_anchor + stitched CAGED flows (back/forward)
RO,2008-06-01,216490,22545,2008,6,2020-01-01,novo_caged_jan2020_anchor + stitched CAGED flows (back/forward)
RO,2008-07-01,217398,22815,2008,7,2020-01-01,novo_caged_jan2020_anchor + stitched CAGED flows (back/forward)
RO,2008-08-01,218760,23254,2008,8,2020-01-01,novo_caged_jan2020_anchor + stitched CAGED flows (back/forward)
RO,2008-09-01,220226,23843,2008,9,2020-01-01,novo_caged_jan2020_anchor + stitched CAGED flows (back/forward)
RO,2008-10-01,220838,24156,2008,10,2020-01-01,novo_caged_jan2020_anchor + stitched CAGED flows (back/forward)
RO,2008-11-01,221217,24090,2008,11,2020-01-01,novo_caged_jan2020_anchor + stitched CAGED flows (back/forward)
RO,2008-12-01,218034,23565,2008,12,2020-01-01,novo_caged_jan2020_anchor + stitched CAGED flows (back/forward)
RO,2009-01-01,219094,24312,2009,1,2020-01-01,novo_caged_jan2020_anchor + stitched CAGED flows (back/forward)
RO,2009-02-01,220692,25362,2009,2,2020-01-01,novo_caged_jan2020_anchor + stitched CAGED flows (back/forward)
RO,2009-03-01,221991,26449,2009,3,2020-01-01,novo_caged_jan2020_anchor + stitched CAGED flows (back/forward)
RO,2009-04-01,224065,27779,2009,4,2020-01-01,novo_caged_jan2020_anchor + stitched CAGED flows (back/forward)
RO,2009-05-01,229426,32159,2009,5,2020-01-01,novo_caged_jan2020_anchor + stitched CAGED flows (back/forward)
RO,2009-06-01,232398,34372,2009,6,2020-01-01,novo_caged_jan2020_anchor + stitched CAGED flows (back/forward)
RO,2009-07-01,235081,36156,2009,7,2020-01-01,novo_caged_jan2020_anchor + stitched CAGED flows (back/forward)
RO,2009-08-01,238482,37174,2009,8,2020-01-01,novo_caged_jan2020_anchor + stitched CAGED flows (back/forward)
RO,2009-09-01,241359,38968,2009,9,2020-01-01,novo_caged_jan2020_anchor + stitched CAGED flows (back/forward)
RO,2009-10-01,244252,40605,2009,10,2020-01-01,novo_caged_jan2020_anchor + stitched CAGED flows (back/forward)
RO,2009-11-01,246217,41947,2009,11,2020-01-01,novo_caged_jan2020_anchor + stitched CAGED flows (back/forward)
RO,2009-12-01,242909,41182,2009,12,2020-01-01,novo_caged_jan2020_anchor + stitched CAGED flows (back/forward)
RO,2010-01-01,245509,42315,2010,1,2020-01-01,novo_caged_jan2020_anchor + stitched CAGED flows (back/forward)
RO,2010-02-01,247791,43735,2010,2,2020-01-01,novo_caged_jan2020_anchor + stitched CAGED flows (back/forward)
RO,2010-03-01,251184,46455,2010,3,2020-01-01,novo_caged_jan2020_anchor + stitched CAGED flows (back/forward)
RO,2010-04-01,254589,48382,2010,4,2020-01-01,novo_caged_jan2020_anchor + stitched CAGED flows (back/forward)
RO,2010-05-01,257524,48382,2010,5,2020-01-01,novo_caged_jan2020_anchor + stitched CAGED flows (back/forward)
RO,2010-06-01,259643,48382,2010,6,2020-01-01,novo_caged_jan2020_anchor + stitched CAGED flows (back/forward)
RO,2010-07-01,261768,48382,2010,7,2020-01-01,novo_caged_jan2020_anchor + stitched CAGED flows (back/forward)
RO,2010-08-01,264091,49658,2010,8,2020-01-01,novo_caged_jan2020_anchor + stitched CAGED flows (back/forward)
RO,2010-09-01,266583,50626,2010,9,2020-01-01,novo_caged_jan2020_anchor + stitched CAGED flows (back/forward)
RO,2010-10-01,266880,50626,2010,10,2020-01-01,novo_caged_jan2020_anchor + stitched CAGED flows (back/forward)
RO,2010-11-01,267932,50827,2010,11,2020-01-01,novo_caged_jan2020_anchor + stitched CAGED flows (back/forward)
RO,2010-12-01,264854,49070,2010,12,2020-01-01,novo_caged_jan2020_anchor + stitched CAGED flows (back/forward)
RO,2011-01-01,265234,48912,2011,1,2020-01-01,novo_caged_jan2020_anchor + stitched CAGED flows (back/forward)
RO,2011-02-01,269154,51794,2011,2,2020-01-01,novo_caged_jan2020_anchor + stitched CAGED flows (back/forward)
RO,2011-03-01,271141,53393,2011,3,2020-01-01,novo_caged_jan2020_anchor + stitched CAGED flows (back/forward)
RO,2011-04-01,272079,52891,2011,4,2020-01-01,novo_caged_jan2020_anchor + stitched CAGED flows (back/forward)
RO,2011-05-01,272424,52090,2011,5,2020-01-01,novo_caged_jan2020_anchor + stitched CAGED flows (back/forward)
RO,2011-06-01,273531,51986,2011,6,2020-01-01,novo_caged_jan2020_anchor + stitched CAGED flows (back/forward)
RO,2011-07-01,274841,52846,2011,7,2020-01-01,novo_caged_jan2020_anchor + stitched CAGED flows (back/forward)
RO,2011-08-01,275440,52325,2011,8,2020-01-01,novo_caged_jan2020_anchor + stitched CAGED flows (back/forward)
RO,2011-09-01,275683,51432,2011,9,2020-01-01,novo_caged_jan2020_anchor + stitched CAGED flows (back/forward)
RO,2011-10-01,275650,50652,2011,10,2020-01-01,novo_caged_jan2020_anchor + stitched CAGED flows (back/forward)
RO,2011-11-01,274139,48469,2011,11,2020-01-01,novo_caged_jan2020_anchor + stitched CAGED flows (back/forward)
RO,2011-12-01,270656,47217,2011,12,2020-01-01,novo_caged_jan2020_anchor + stitched CAGED flows (back/forward)
RO,2012-01-01,271608,48413,2012,1,2020-01-01,novo_caged_jan2020_anchor + stitched CAGED flows (back/forward)
RO,2012-02-01,272481,49299,2012,2,2020-01-01,novo_caged_jan2020_anchor + stitched CAGED flows (back/forward)
RO,2012-03-01,273126,49931,2012,3,2020-01-01,novo_caged_jan2020_anchor + stitched CAGED flows (back/forward)
RO,2012-04-01,269813,46745,2012,4,2020-01-01,novo_caged_jan2020_anchor + stitched CAGED flows (back/forward)
RO,2012-05-01,272291,46745,2012,5,2020-01-01,novo_caged_jan2020_anchor + stitched CAGED flows (back/forward)
RO,2012-06-01,275070,46745,2012,6,2020-01-01,novo_caged_jan2020_anchor + stitched CAGED flows (back/forward)
RO,2012-07-01,277197,47846,2012,7,2020-01-01,novo_caged_jan2020_anchor + stitched CAGED flows (back/forward)
RO,2012-08-01,278018,48118,2012,8,2020-01-01,novo_caged_jan2020_anchor + stitched CAGED flows (back/forward)
RO,2012-09-01,277927,47887,2012,9,2020-01-01,novo_caged_jan2020_anchor + stitched CAGED flows (back/forward)
RO,2012-10-01,276921,47887,2012,10,2020-01-01,novo_caged_jan2020_anchor + stitched CAGED flows (back/forward)
RO,2012-11-01,276065,47224,2012,11,2020-01-01,novo_caged_jan2020_anchor + stitched CAGED flows (back/forward)
RO,2012-12-01,271952,45094,2012,12,2020-01-01,novo_caged_jan2020_anchor + stitched CAGED flows (back/forward)
RO,2013-01-01,270910,44907,2013,1,2020-01-01,novo_caged_jan2020_anchor + stitched CAGED flows (back/forward)
RO,2013-02-01,271102,44707,2013,2,2020-01-01,novo_caged_jan2020_anchor + stitched CAGED flows (back/forward)
RO,2013-03-01,271346,45300,2013,3,2020-01-01,novo_caged_jan2020_anchor + stitched CAGED flows (back/forward)
RO,2013-04-01,271651,45038,2013,4,2020-01-01,novo_caged_jan2020_anchor + stitched CAGED flows (back/forward)
RO,2013-05-01,270617,43804,2013,5,2020-01-01,novo_caged_jan2020_anchor + stitched CAGED flows (back/forward)
RO,2013-06-01,270344,43434,2013,6,2020-01-01,novo_caged_jan2020_anchor + stitched CAGED flows (back/forward)
RO,2013-07-01,270577,43539,2013,7,2020-01-01,novo_caged_jan2020_anchor + stitched CAGED flows (back/forward)
RO,2013-08-01,271294,43183,2013,8,2020-01-01,novo_caged_jan2020_anchor + stitched CAGED flows (back/forward)
RO,2013-09-01,271222,42594,2013,9,2020-01-01,novo_caged_jan2020_anchor + stitched CAGED flows (back/forward)
RO,2013-10-01,270675,41351,2013,10,2020-01-01,novo_caged_jan2020_anchor + stitched CAGED flows (back/forward)
RO,2013-11-01,268308,38777,2013,11,2020-01-01,novo_caged_jan2020_anchor + stitched CAGED flows (back/forward)
RO,2013-12-01,265217,36681,2013,12,2020-01-01,novo_caged_jan2020_anchor + stitched CAGED flows (back/forward)
RO,2014-01-01,263735,36251,2014,1,2020-01-01,novo_caged_jan2020_anchor + stitched CAGED flows (back/forward)
RO,2014-02-01,263572,35618,2014,2,2020-01-01,novo_caged_jan2020_anchor + stitched CAGED flows (back/forward)
RO,2014-03-01,263750,35618,2014,3,2020-01-01,novo_caged_jan2020_anchor + stitched CAGED flows (back/forward)
RO,2014-04-01,263722,35484,2014,4,2020-01-01,novo_caged_jan2020_anchor + stitched CAGED flows (back/forward)
RO,2014-05-01,265219,36791,2014,5,2020-01-01,novo_caged_jan2020_anchor + stitched CAGED flows (back/forward)
RO,2014-06-01,265590,36813,2014,6,2020-01-01,novo_caged_jan2020_anchor + stitched CAGED flows (back/forward)
RO,2014-07-01,266383,36806,2014,7,2020-01-01,novo_caged_jan2020_anchor + stitched CAGED flows (back/forward)
RO,2014-08-01,266946,36162,2014,8,2020-01-01,novo_caged_jan2020_anchor + stitched CAGED flows (back/forward)
RO,2014-09-01,266029,34600,2014,9,2020-01-01,novo_caged_jan2020_anchor + stitched CAGED flows (back/forward)
RO,2014-10-01,264743,33499,2014,10,2020-01-01,novo_caged_jan2020_anchor + stitched CAGED flows (back/forward)
RO,2014-11-01,263522,32318,2014,11,2020-01-01,novo_caged_jan2020_anchor + stitched CAGED flows (back/forward)
RO,2014-12-01,260019,30353,2014,12,2020-01-01,novo_caged_jan2020_anchor + stitched CAGED flows (back/forward)
RO,2015-01-01,258332,29775,2015,1,2020-01-01,novo_caged_jan2020_anchor + stitched CAGED flows (back/forward)
RO,2015-02-01,256540,27266,2015,2,2020-01-01,novo_caged_jan2020_anchor + stitched CAGED flows (back/forward)
RO,2015-03-01,255919,27041,2015,3,2020-01-01,novo_caged_jan2020_anchor + stitched CAGED flows (back/forward)
RO,2015-04-01,254847,26013,2015,4,2020-01-01,novo_caged_jan2020_anchor + stitched CAGED flows (back/forward)
RO,2015-05-01,254153,25506,2015,5,2020-01-01,novo_caged_jan2020_anchor + stitched CAGED flows (back/forward)
RO,2015-06-01,252388,24416,2015,6,2020-01-01,novo_caged_jan2020_anchor + stitched CAGED flows (back/forward)
RO,2015-07-01,251675,23948,2015,7,2020-01-01,novo_caged_jan2020_anchor + stitched CAGED flows (back/forward)
RO,2015-08-01,251010,23342,2015,8,2020-01-01,novo_caged_jan2020_anchor + stitched CAGED flows (back/forward)
RO,2015-09-01,250284,22510,2015,9,2020-01-01,novo_caged_jan2020_anchor + stitched CAGED flows (back/forward)
RO,2015-10-01,247814,20781,2015,10,2020-01-01,novo_caged_jan2020_anchor + stitched CAGED flows (back/forward)
RO,2015-11-01,244877,18828,2015,11,2020-01-01,novo_caged_jan2020_anchor + stitched CAGED flows (back/forward)
RO,2015-12-01,242024,17397,2015,12,2020-01-01,novo_caged_jan2020_anchor + stitched CAGED flows (back/forward)
RO,2016-01-01,240523,16590,2016,1,2020-01-01,novo_caged_jan2020_anchor + stitched CAGED flows (back/forward)
RO,2016-02-01,239271,15551,2016,2,2020-01-01,novo_caged_jan2020_anchor + stitched CAGED flows (back/forward)
RO,2016-03-01,238725,15282,2016,3,2020-01-01,novo_caged_jan2020_anchor + stitched CAGED flows (back/forward)
RO,2016-04-01,237967,14678,2016,4,2020-01-01,novo_caged_jan2020_anchor + stitched CAGED flows (back/forward)
RO,2016-05-01,237144,14188,2016,5,2020-01-01,novo_caged_jan2020_anchor + stitched CAGED flows (back/forward)
RO,2016-06-01,236064,13636,2016,6,2020-01-01,novo_caged_jan2020_anchor + stitched CAGED flows (back/forward)
RO,2016-07-01,234945,13416,2016,7,2020-01-01,novo_caged_jan2020_anchor + stitched CAGED flows (back/forward)
RO,2016-08-01,234725,13002,2016,8,2020-01-01,novo_caged_jan2020_anchor + stitched CAGED flows (back/forward)
RO,2016-09-01,234371,12617,2016,9,2020-01-01,novo_caged_jan2020_anchor + stitched CAGED flows (back/forward)
RO,2016-10-01,232538,12031,2016,10,2020-01-01,novo_caged_jan2020_anchor + stitched CAGED flows (back/forward)
RO,2016-11-01,230153,11553,2016,11,2020-01-01,novo_caged_jan2020_anchor + stitched CAGED flows (back/forward)
RO,2016-12-01,228157,10609,2016,12,2020-01-01,novo_caged_jan2020_anchor + stitched CAGED flows (back/forward)
RO,2017-01-01,226282,10460,2017,1,2020-01-01,novo_caged_jan2020_anchor + stitched CAGED flows (back/forward)
RO,2017-02-01,226820,10334,2017,2,2020-01-01,novo_caged_jan2020_anchor + stitched CAGED flows (back/forward)
RO,2017-03-01,225734,10022,2017,3,2020-01-01,novo_caged_jan2020_anchor + stitched CAGED flows (back/forward)
RO,2017-04-01,225911,9968,2017,4,2020-01-01,novo_caged_jan2020_anchor + stitched CAGED flows (back/forward)
RO,2017-05-01,226105,10058,2017,5,2020-01-01,novo_caged_jan2020_anchor + stitched CAGED flows (back/forward)
RO,2017-06-01,226532,9874,2017,6,2020-01-01,novo_caged_jan2020_anchor + stitched CAGED flows (back/forward)
RO,2017-07-01,227788,10048,2017,7,2020-01-01,novo_caged_jan2020_anchor + stitched CAGED flows (back/forward)
RO,2017-08-01,228599,10176,2017,8,2020-01-01,novo_caged_jan2020_anchor + stitched CAGED flows (back/forward)
RO,2017-09-01,229370,10214,2017,9,2020-01-01,novo_caged_jan2020_anchor + stitched CAGED flows (back/forward)
RO,2017-10-01,229846,10324,2017,10,2020-01-01,novo_caged_jan2020_anchor + stitched CAGED flows (back/forward)
RO,2017-11-01,229129,9998,2017,11,2020-01-01,novo_caged_jan2020_anchor + stitched CAGED flows (back/forward)
RO,2017-12-01,228276,9383,2017,12,2020-01-01,novo_caged_jan2020_anchor + stitched CAGED flows (back/forward)
RO,2018-01-01,227861,9273,2018,1,2020-01-01,novo_caged_jan2020_anchor + stitched CAGED flows (back/forward)
RO,2018-02-01,228444,9214,2018,2,2020-01-01,novo_caged_jan2020_anchor + stitched CAGED flows (back/forward)
RO,2018-03-01,228655,9389,2018,3,2020-01-01,novo_caged_jan2020_anchor + stitched CAGED flows (back/forward)
RO,2018-04-01,229260,9443,2018,4,2020-01-01,novo_caged_jan2020_anchor + stitched CAGED flows (back/forward)
RO,2018-05-01,229669,9818,2018,5,2020-01-01,novo_caged_jan2020_anchor + stitched CAGED flows (back/forward)
RO,2018-06-01,229315,9919,2018,6,2020-01-01,novo_caged_jan2020_anchor + stitched CAGED flows (back/forward)
RO,2018-07-01,230123,10106,2018,7,2020-01-01,novo_caged_jan2020_anchor + stitched CAGED flows (back/forward)
RO,2018-08-01,230435,10133,2018,8,2020-01-01,novo_caged_jan2020_anchor + stitched CAGED flows (back/forward)
RO,2018-09-01,231212,10291,2018,9,2020-01-01,novo_caged_jan2020_anchor + stitched CAGED flows (back/forward)
RO,2018-10-01,230838,10114,2018,10,2020-01-01,novo_caged_jan2020_anchor + stitched CAGED flows (back/forward)
RO,2018-11-01,230198,9678,2018,11,2020-01-01,novo_caged_jan2020_anchor + stitched CAGED flows (back/forward)
RO,2018-12-01,229641,9138,2018,12,2020-01-01,novo_caged_jan2020_anchor + stitched CAGED flows (back/forward)
RO,2019-01-01,228811,9138,2019,1,2020-01-01,novo_caged_jan2020_anchor + stitched CAGED flows (back/forward)
RO,2019-02-01,229353,8894,2019,2,2020-01-01,novo_caged_jan2020_anchor + stitched CAGED flows (back/forward)
RO,2019-03-01,228527,8894,2019,3,2020-01-01,novo_caged_jan2020_anchor + stitched CAGED flows (back/forward)
RO,2019-04-01,229101,9101,2019,4,2020-01-01,novo_caged_jan2020_anchor + stitched CAGED flows (back/forward)
RO,2019-05-01,229344,9331,2019,5,2020-01-01,novo_caged_jan2020_anchor + stitched CAGED flows (back/forward)
RO,2019-06-01,230297,9800,2019,6,2020-01-01,novo_caged_jan2020_anchor + stitched CAGED flows (back/forward)
RO,2019-07-01,231802,10101,2019,7,2020-01-01,novo_caged_jan2020_anchor + stitched CAGED flows (back/forward)
RO,2019-08-01,232971,10458,2019,8,2020-01-01,novo_caged_jan2020_anchor + stitched CAGED flows (back/forward)
RO,2019-09-01,233657,10713,2019,9,2020-01-01,novo_caged_jan2020_anchor + stitched CAGED flows (back/forward)
RO,2019-10-01,233796,10723,2019,10,2020-01-01,novo_caged_jan2020_anchor + stitched CAGED flows (back/forward)
RO,2019-11-01,233442,10482,2019,11,2020-01-01,novo_caged_jan2020_anchor + stitched CAGED flows (back/forward)
RO,2019-12-01,232376,9991,2019,12,2020-01-01,novo_caged_jan2020_anchor + stitched CAGED flows (back/forward)
RO,2020-01-01,232312,9847,2020,1,2020-01-01,novo_caged_jan2020_anchor + stitched CAGED flows (back/forward)
RO,2020-02-01,233466,9791,2020,2,2020-01-01,novo_caged_jan2020_anchor + stitched CAGED flows (back/forward)
RO,2020-03-01,232367,9663,2020,3,2020-01-01,novo_caged_jan2020_anchor + stitched CAGED flows (back/forward)
RO,2020-04-01,226895,9275,2020,4,2020-01-01,novo_caged_jan2020_anchor + stitched CAGED flows (back/forward)
RO,2020-05-01,225422,9128,2020,5,2020-01-01,novo_caged_jan2020_anchor + stitched CAGED flows (back/forward)
RO,2020-06-01,226023,9340,2020,6,2020-01-01,novo_caged_jan2020_anchor + stitched CAGED flows (back/forward)
RO,2020-07-01,227261,9568,2020,7,2020-01-01,novo_caged_jan2020_anchor + stitched CAGED flows (back/forward)
RO,2020-08-01,228779,9574,2020,8,2020-01-01,novo_caged_jan2020_anchor + stitched CAGED flows (back/forward)
RO,2020-09-01,230402,9586,2020,9,2020-01-01,novo_caged_jan2020_anchor + stitched CAGED flows (back/forward)
RO,2020-10-01,231913,9619,2020,10,2020-01-01,novo_caged_jan2020_anchor + stitched CAGED flows (back/forward)
RO,2020-11-01,232842,9412,2020,11,2020-01-01,novo_caged_jan2020_anchor + stitched CAGED flows (back/forward)
RO,2020-12-01,232693,8873,2020,12,2020-01-01,novo_caged_jan2020_anchor + stitched CAGED flows (back/forward)
RO,2021-01-01,233037,8865,2021,1,2020-01-01,novo_caged_jan2020_anchor + stitched CAGED flows (back/forward)
RO,2021-02-01,234868,8926,2021,2,2020-01-01,novo_caged_jan2020_anchor + stitched CAGED flows (back/forward)
RO,2021-03-01,235368,9012,2021,3,2020-01-01,novo_caged_jan2020_anchor + stitched CAGED flows (back/forward)
RO,2021-04-01,235938,9108,2021,4,2020-01-01,novo_caged_jan2020_anchor + stitched CAGED flows (back/forward)
RO,2021-05-01,237462,9399,2021,5,2020-01-01,novo_caged_jan2020_anchor + stitched CAGED flows (back/forward)
RO,2021-06-01,240842,9794,2021,6,2020-01-01,novo_caged_jan2020_anchor + stitched CAGED flows (back/forward)
RO,2021-07-01,243659,9998,2021,7,2020-01-01,novo_caged_jan2020_anchor + stitched CAGED flows (back/forward)
RO,2021-08-01,246494,10370,2021,8,2020-01-01,novo_caged_jan2020_anchor + stitched CAGED flows (back/forward)
RO,2021-09-01,247287,10538,2021,9,2020-01-01,novo_caged_jan2020_anchor + stitched CAGED flows (back/forward)
RO,2021-10-01,248244,10601,2021,10,2020-01-01,novo_caged_jan2020_anchor + stitched CAGED flows (back/forward)
RO,2021-11-01,249799,10404,2021,11,2020-01-01,novo_caged_jan2020_anchor + stitched CAGED flows (back/forward)
RO,2021-12-01,248767,9747,2021,12,2020-01-01,novo_caged_jan2020_anchor + stitched CAGED flows (back/forward)
RO,2022-01-01,249614,9704,2022,1,2020-01-01,novo_caged_jan2020_anchor + stitched CAGED flows (back/forward)
RO,2022-02-01,252547,9767,2022,2,2020-01-01,novo_caged_jan2020_anchor + stitched CAGED flows (back/forward)
RO,2022-03-01,253937,9806,2022,3,2020-01-01,novo_caged_jan2020_anchor + stitched CAGED flows (back/forward)
RO,2022-04-01,255087,10026,2022,4,2020-01-01,novo_caged_jan2020_anchor + stitched CAGED flows (back/forward)
RO,2022-05-01,257103,10316,2022,5,2020-01-01,novo_caged_jan2020_anchor + stitched CAGED flows (back/forward)
RO,2022-06-01,259862,10722,2022,6,2020-01-01,novo_caged_jan2020_anchor + stitched CAGED flows (back/forward)
RO,2022-07-01,261490,10904,2022,7,2020-01-01,novo_caged_jan2020_anchor + stitched CAGED flows (back/forward)
RO,2022-08-01,263395,11103,2022,8,2020-01-01,novo_caged_jan2020_anchor + stitched CAGED flows (back/forward)
RO,2022-09-01,265233,11313,2022,9,2020-01-01,novo_caged_jan2020_anchor + stitched CAGED flows (back/forward)
RO,2022-10-01,265947,11273,2022,10,2020-01-01,novo_caged_jan2020_anchor + stitched CAGED flows (back/forward)
RO,2022-11-01,266136,11146,2022,11,2020-01-01,novo_caged_jan2020_anchor + stitched CAGED flows (back/forward)
RO,2022-12-01,264764,10530,2022,12,2020-01-01,novo_caged_jan2020_anchor + stitched CAGED flows (back/forward)
RO,2023-01-01,264367,10548,2023,1,2020-01-01,novo_caged_jan2020_anchor + stitched CAGED flows (back/forward)
RO,2023-02-01,266843,10753,2023,2,2020-01-01,novo_caged_jan2020_anchor + stitched CAGED flows (back/forward)
RO,2023-03-01,267944,10840,2023,3,2020-01-01,novo_caged_jan2020_anchor + stitched CAGED flows (back/forward)
RO,2023-04-01,268849,10931,2023,4,2020-01-01,novo_caged_jan2020_anchor + stitched CAGED flows (back/forward)
RO,2023-05-01,270661,11272,2023,5,2020-01-01,novo_caged_jan2020_anchor + stitched CAGED flows (back/forward)
RO,2023-06-01,272802,11875,2023,6,2020-01-01,novo_caged_jan2020_anchor + stitched CAGED flows (back/forward)
RO,2023-07-01,273881,12209,2023,7,2020-01-01,novo_caged_jan2020_anchor + stitched CAGED flows (back/forward)
RO,2023-08-01,275880,12496,2023,8,2020-01-01,novo_caged_jan2020_anchor + stitched CAGED flows (back/forward)
RO,2023-09-01,277182,12607,2023,9,2020-01-01,novo_caged_jan2020_anchor + stitched CAGED flows (back/forward)
RO,2023-10-01,277628,12613,2023,10,2020-01-01,novo_caged_jan2020_anchor + stitched CAGED flows (back/forward)
RO,2023-11-01,278067,12288,2023,11,2020-01-01,novo_caged_jan2020_anchor + stitched CAGED flows (back/forward)
RO,2023-12-01,275823,11346,2023,12,2020-01-01,novo_caged_jan2020_anchor + stitched CAGED flows (back/forward)
RO,2024-01-01,276033,11280,2024,1,2020-01-01,novo_caged_jan2020_anchor + stitched CAGED flows (back/forward)
RO,2024-02-01,278641,11222,2024,2,2020-01-01,novo_caged_jan2020_anchor + stitched CAGED flows (back/forward)
RO,2024-03-01,280212,11409,2024,3,2020-01-01,novo_caged_jan2020_anchor + stitched CAGED flows (back/forward)
RO,2024-04-01,280793,11161,2024,4,2020-01-01,novo_caged_jan2020_anchor + stitched CAGED flows (back/forward)
RO,2024-05-01,281743,11357,2024,5,2020-01-01,novo_caged_jan2020_anchor + stitched CAGED flows (back/forward)
RO,2024-06-01,283268,11659,2024,6,2020-01-01,novo_caged_jan2020_anchor + stitched CAGED flows (back/forward)
RO,2024-07-01,285716,12011,2024,7,2020-01-01,novo_caged_jan2020_anchor + stitched CAGED flows (back/forward)
RO,2024-08-01,286966,12004,2024,8,2020-01-01,novo_caged_jan2020_anchor + stitched CAGED flows (back/forward)
RO,2024-09-01,287606,11805,2024,9,2020-01-01,novo_caged_jan2020_anchor + stitched CAGED flows (back/forward)
RO,2024-10-01,287808,11447,2024,10,2020-01-01,novo_caged_jan2020_anchor + stitched CAGED flows (back/forward)
RO,2024-11-01,287581,11040,2024,11,2020-01-01,novo_caged_jan2020_anchor + stitched CAGED flows (back/forward)
RO,2024-12-01,285236,10421,2024,12,2020-01-01,novo_caged_jan2020_anchor + stitched CAGED flows (back/forward)
RO,2025-01-01,285515,10508,2025,1,2020-01-01,novo_caged_jan2020_anchor + stitched CAGED flows (back/forward)
RO,2025-02-01,288767,10645,2025,2,2020-01-01,novo_caged_jan2020_anchor + stitched CAGED flows (back/forward)
RO,2025-03-01,290038,10672,2025,3,2020-01-01,novo_caged_jan2020_anchor + stitched CAGED flows (back/forward)
RO,2025-04-01,291109,10779,2025,4,2020-01-01,novo_caged_jan2020_anchor + stitched CAGED flows (back/forward)
RO,2025-05-01,292106,10786,2025,5,2020-01-01,novo_caged_jan2020_anchor + stitched CAGED flows (back/forward)
RO,2025-06-01,293384,10896,2025,6,2020-01-01,novo_caged_jan2020_anchor + stitched CAGED flows (back/forward)
RO,2025-07-01,294770,11021,2025,7,2020-01-01,novo_caged_jan2020_anchor + stitched CAGED flows (back/forward)
RO,2025-08-01,296147,11195,2025,8,2020-01-01,novo_caged_jan2020_anchor + stitched CAGED flows (back/forward)
RO,2025-09-01,297367,11199,2025,9,2020-01-01,novo_caged_jan2020_anchor + stitched CAGED flows (back/forward)
RO,2025-10-01,297997,11318,2025,10,2020-01-01,novo_caged_jan2020_anchor + stitched CAGED flows (back/forward)
RO,2025-11-01,298183,11106,2025,11,2020-01-01,novo_caged_jan2020_anchor + stitched CAGED flows (back/forward)
RO,2025-12-01,295811,10818,2025,12,2020-01-01,novo_caged_jan2020_anchor + stitched CAGED flows (back/forward)
RO,2026-01-01,295458,10704,2026,1,2020-01-01,novo_caged_jan2020_anchor + stitched CAGED flows (back/forward)
RO,2026-02-01,297374,10758,2026,2,2020-01-01,novo_caged_jan2020_anchor + stitched CAGED flows (back/forward)
RO,2026-03-01,297928,11000,2026,3,2020-01-01,novo_caged_jan2020_anchor + stitched CAGED flows (back/forward)
RR,2007-01-01,44347,3625,2007,1,2020-01-01,novo_caged_jan2020_anchor + stitched CAGED flows (back/forward)
RR,2007-02-01,44475,3630,2007,2,2020-01-01,novo_caged_jan2020_anchor + stitched CAGED flows (back/forward)
RR,2007-03-01,44558,3671,2007,3,2020-01-01,novo_caged_jan2020_anchor + stitched CAGED flows (back/forward)
RR,2007-04-01,44627,3721,2007,4,2020-01-01,novo_caged_jan2020_anchor + stitched CAGED flows (back/forward)
RR,2007-05-01,45032,3772,2007,5,2020-01-01,novo_caged_jan2020_anchor + stitched CAGED flows (back/forward)
RR,2007-06-01,44943,3765,2007,6,2020-01-01,novo_caged_jan2020_anchor + stitched CAGED flows (back/forward)
RR,2007-07-01,45022,3817,2007,7,2020-01-01,novo_caged_jan2020_anchor + stitched CAGED flows (back/forward)
RR,2007-08-01,45083,3844,2007,8,2020-01-01,novo_caged_jan2020_anchor + stitched CAGED flows (back/forward)
RR,2007-09-01,45335,3849,2007,9,2020-01-01,novo_caged_jan2020_anchor + stitched CAGED flows (back/forward)
RR,2007-10-01,45476,3873,2007,10,2020-01-01,novo_caged_jan2020_anchor + stitched CAGED flows (back/forward)
RR,2007-11-01,45647,3966,2007,11,2020-01-01,novo_caged_jan2020_anchor + stitched CAGED flows (back/forward)
RR,2007-12-01,45587,3970,2007,12,2020-01-01,novo_caged_jan2020_anchor + stitched CAGED flows (back/forward)
RR,2008-01-01,45872,4178,2008,1,2020-01-01,novo_caged_jan2020_anchor + stitched CAGED flows (back/forward)
RR,2008-02-01,45974,4254,2008,2,2020-01-01,novo_caged_jan2020_anchor + stitched CAGED flows (back/forward)
RR,2008-03-01,46285,4308,2008,3,2020-01-01,novo_caged_jan2020_anchor + stitched CAGED flows (back/forward)
RR,2008-04-01,46648,4449,2008,4,2020-01-01,novo_caged_jan2020_anchor + stitched CAGED flows (back/forward)
RR,2008-05-01,46349,4280,2008,5,2020-01-01,novo_caged_jan2020_anchor + stitched CAGED flows (back/forward)
RR,2008-06-01,46147,4186,2008,6,2020-01-01,novo_caged_jan2020_anchor + stitched CAGED flows (back/forward)
RR,2008-07-01,45955,4072,2008,7,2020-01-01,novo_caged_jan2020_anchor + stitched CAGED flows (back/forward)
RR,2008-08-01,45883,4049,2008,8,2020-01-01,novo_caged_jan2020_anchor + stitched CAGED flows (back/forward)
RR,2008-09-01,45929,4213,2008,9,2020-01-01,novo_caged_jan2020_anchor + stitched CAGED flows (back/forward)
RR,2008-10-01,46195,4254,2008,10,2020-01-01,novo_caged_jan2020_anchor + stitched CAGED flows (back/forward)
RR,2008-11-01,46465,4344,2008,11,2020-01-01,novo_caged_jan2020_anchor + stitched CAGED flows (back/forward)
RR,2008-12-01,46161,4258,2008,12,2020-01-01,novo_caged_jan2020_anchor + stitched CAGED flows (back/forward)
RR,2009-01-01,46267,4372,2009,1,2020-01-01,novo_caged_jan2020_anchor + stitched CAGED flows (back/forward)
RR,2009-02-01,46304,4334,2009,2,2020-01-01,novo_caged_jan2020_anchor + stitched CAGED flows (back/forward)
RR,2009-03-01,46376,4353,2009,3,2020-01-01,novo_caged_jan2020_anchor + stitched CAGED flows (back/forward)
RR,2009-04-01,46457,4345,2009,4,2020-01-01,novo_caged_jan2020_anchor + stitched CAGED flows (back/forward)
RR,2009-05-01,46506,4290,2009,5,2020-01-01,novo_caged_jan2020_anchor + stitched CAGED flows (back/forward)
RR,2009-06-01,46499,4137,2009,6,2020-01-01,novo_caged_jan2020_anchor + stitched CAGED flows (back/forward)
RR,2009-07-01,46438,4060,2009,7,2020-01-01,novo_caged_jan2020_anchor + stitched CAGED flows (back/forward)
RR,2009-08-01,46582,4067,2009,8,2020-01-01,novo_caged_jan2020_anchor + stitched CAGED flows (back/forward)
RR,2009-09-01,47045,4265,2009,9,2020-01-01,novo_caged_jan2020_anchor + stitched CAGED flows (back/forward)
RR,2009-10-01,47419,4522,2009,10,2020-01-01,novo_caged_jan2020_anchor + stitched CAGED flows (back/forward)
RR,2009-11-01,47630,4647,2009,11,2020-01-01,novo_caged_jan2020_anchor + stitched CAGED flows (back/forward)
RR,2009-12-01,47350,4571,2009,12,2020-01-01,novo_caged_jan2020_anchor + stitched CAGED flows (back/forward)
RR,2010-01-01,47816,4844,2010,1,2020-01-01,novo_caged_jan2020_anchor + stitched CAGED flows (back/forward)
RR,2010-02-01,48156,5053,2010,2,2020-01-01,novo_caged_jan2020_anchor + stitched CAGED flows (back/forward)
RR,2010-03-01,48345,5140,2010,3,2020-01-01,novo_caged_jan2020_anchor + stitched CAGED flows (back/forward)
RR,2010-04-01,48518,5026,2010,4,2020-01-01,novo_caged_jan2020_anchor + stitched CAGED flows (back/forward)
RR,2010-05-01,48401,5026,2010,5,2020-01-01,novo_caged_jan2020_anchor + stitched CAGED flows (back/forward)
RR,2010-06-01,48579,5026,2010,6,2020-01-01,novo_caged_jan2020_anchor + stitched CAGED flows (back/forward)
RR,2010-07-01,48459,5000,2010,7,2020-01-01,novo_caged_jan2020_anchor + stitched CAGED flows (back/forward)
RR,2010-08-01,48886,5131,2010,8,2020-01-01,novo_caged_jan2020_anchor + stitched CAGED flows (back/forward)
RR,2010-09-01,49486,5306,2010,9,2020-01-01,novo_caged_jan2020_anchor + stitched CAGED flows (back/forward)
RR,2010-10-01,49734,5306,2010,10,2020-01-01,novo_caged_jan2020_anchor + stitched CAGED flows (back/forward)
RR,2010-11-01,50011,5306,2010,11,2020-01-01,novo_caged_jan2020_anchor + stitched CAGED flows (back/forward)
RR,2010-12-01,49853,5340,2010,12,2020-01-01,novo_caged_jan2020_anchor + stitched CAGED flows (back/forward)
RR,2011-01-01,50062,5394,2011,1,2020-01-01,novo_caged_jan2020_anchor + stitched CAGED flows (back/forward)
RR,2011-02-01,50189,5365,2011,2,2020-01-01,novo_caged_jan2020_anchor + stitched CAGED flows (back/forward)
RR,2011-03-01,50066,5070,2011,3,2020-01-01,novo_caged_jan2020_anchor + stitched CAGED flows (back/forward)
RR,2011-04-01,49938,4749,2011,4,2020-01-01,novo_caged_jan2020_anchor + stitched CAGED flows (back/forward)
RR,2011-05-01,49259,4084,2011,5,2020-01-01,novo_caged_jan2020_anchor + stitched CAGED flows (back/forward)
RR,2011-06-01,49237,4044,2011,6,2020-01-01,novo_caged_jan2020_anchor + stitched CAGED flows (back/forward)
RR,2011-07-01,49385,4049,2011,7,2020-01-01,novo_caged_jan2020_anchor + stitched CAGED flows (back/forward)
RR,2011-08-01,49800,4307,2011,8,2020-01-01,novo_caged_jan2020_anchor + stitched CAGED flows (back/forward)
RR,2011-09-01,50548,4621,2011,9,2020-01-01,novo_caged_jan2020_anchor + stitched CAGED flows (back/forward)
RR,2011-10-01,50731,4919,2011,10,2020-01-01,novo_caged_jan2020_anchor + stitched CAGED flows (back/forward)
RR,2011-11-01,51182,5040,2011,11,2020-01-01,novo_caged_jan2020_anchor + stitched CAGED flows (back/forward)
RR,2011-12-01,50942,4996,2011,12,2020-01-01,novo_caged_jan2020_anchor + stitched CAGED flows (back/forward)
RR,2012-01-01,50598,4962,2012,1,2020-01-01,novo_caged_jan2020_anchor + stitched CAGED flows (back/forward)
RR,2012-02-01,50781,5214,2012,2,2020-01-01,novo_caged_jan2020_anchor + stitched CAGED flows (back/forward)
RR,2012-03-01,51107,5385,2012,3,2020-01-01,novo_caged_jan2020_anchor + stitched CAGED flows (back/forward)
RR,2012-04-01,50999,5174,2012,4,2020-01-01,novo_caged_jan2020_anchor + stitched CAGED flows (back/forward)
RR,2012-05-01,50539,5174,2012,5,2020-01-01,novo_caged_jan2020_anchor + stitched CAGED flows (back/forward)
RR,2012-06-01,50713,5174,2012,6,2020-01-01,novo_caged_jan2020_anchor + stitched CAGED flows (back/forward)
RR,2012-07-01,51473,5283,2012,7,2020-01-01,novo_caged_jan2020_anchor + stitched CAGED flows (back/forward)
RR,2012-08-01,51854,5551,2012,8,2020-01-01,novo_caged_jan2020_anchor + stitched CAGED flows (back/forward)
RR,2012-09-01,52398,5839,2012,9,2020-01-01,novo_caged_jan2020_anchor + stitched CAGED flows (back/forward)
RR,2012-10-01,52802,5839,2012,10,2020-01-01,novo_caged_jan2020_anchor + stitched CAGED flows (back/forward)
RR,2012-11-01,53013,5823,2012,11,2020-01-01,novo_caged_jan2020_anchor + stitched CAGED flows (back/forward)
RR,2012-12-01,52570,5760,2012,12,2020-01-01,novo_caged_jan2020_anchor + stitched CAGED flows (back/forward)
RR,2013-01-01,51519,5907,2013,1,2020-01-01,novo_caged_jan2020_anchor + stitched CAGED flows (back/forward)
RR,2013-02-01,51887,6103,2013,2,2020-01-01,novo_caged_jan2020_anchor + stitched CAGED flows (back/forward)
RR,2013-03-01,50851,6088,2013,3,2020-01-01,novo_caged_jan2020_anchor + stitched CAGED flows (back/forward)
RR,2013-04-01,50842,6131,2013,4,2020-01-01,novo_caged_jan2020_anchor + stitched CAGED flows (back/forward)
RR,2013-05-01,50629,5869,2013,5,2020-01-01,novo_caged_jan2020_anchor + stitched CAGED flows (back/forward)
RR,2013-06-01,50222,5611,2013,6,2020-01-01,novo_caged_jan2020_anchor + stitched CAGED flows (back/forward)
RR,2013-07-01,50287,5560,2013,7,2020-01-01,novo_caged_jan2020_anchor + stitched CAGED flows (back/forward)
RR,2013-08-01,50624,5641,2013,8,2020-01-01,novo_caged_jan2020_anchor + stitched CAGED flows (back/forward)
RR,2013-09-01,51119,5656,2013,9,2020-01-01,novo_caged_jan2020_anchor + stitched CAGED flows (back/forward)
RR,2013-10-01,50974,5601,2013,10,2020-01-01,novo_caged_jan2020_anchor + stitched CAGED flows (back/forward)
RR,2013-11-01,50926,5455,2013,11,2020-01-01,novo_caged_jan2020_anchor + stitched CAGED flows (back/forward)
RR,2013-12-01,50833,5509,2013,12,2020-01-01,novo_caged_jan2020_anchor + stitched CAGED flows (back/forward)
RR,2014-01-01,50769,5568,2014,1,2020-01-01,novo_caged_jan2020_anchor + stitched CAGED flows (back/forward)
RR,2014-02-01,51033,5732,2014,2,2020-01-01,novo_caged_jan2020_anchor + stitched CAGED flows (back/forward)
RR,2014-03-01,51286,5861,2014,3,2020-01-01,novo_caged_jan2020_anchor + stitched CAGED flows (back/forward)
RR,2014-04-01,51681,5853,2014,4,2020-01-01,novo_caged_jan2020_anchor + stitched CAGED flows (back/forward)
RR,2014-05-01,51630,5815,2014,5,2020-01-01,novo_caged_jan2020_anchor + stitched CAGED flows (back/forward)
RR,2014-06-01,51670,5921,2014,6,2020-01-01,novo_caged_jan2020_anchor + stitched CAGED flows (back/forward)
RR,2014-07-01,51608,5851,2014,7,2020-01-01,novo_caged_jan2020_anchor + stitched CAGED flows (back/forward)
RR,2014-08-01,51939,6004,2014,8,2020-01-01,novo_caged_jan2020_anchor + stitched CAGED flows (back/forward)
RR,2014-09-01,52656,5957,2014,9,2020-01-01,novo_caged_jan2020_anchor + stitched CAGED flows (back/forward)
RR,2014-10-01,52324,5825,2014,10,2020-01-01,novo_caged_jan2020_anchor + stitched CAGED flows (back/forward)
RR,2014-11-01,52168,5514,2014,11,2020-01-01,novo_caged_jan2020_anchor + stitched CAGED flows (back/forward)
RR,2014-12-01,51868,5361,2014,12,2020-01-01,novo_caged_jan2020_anchor + stitched CAGED flows (back/forward)
RR,2015-01-01,51717,5361,2015,1,2020-01-01,novo_caged_jan2020_anchor + stitched CAGED flows (back/forward)
RR,2015-02-01,51687,5317,2015,2,2020-01-01,novo_caged_jan2020_anchor + stitched CAGED flows (back/forward)
RR,2015-03-01,51538,5279,2015,3,2020-01-01,novo_caged_jan2020_anchor + stitched CAGED flows (back/forward)
RR,2015-04-01,51329,5161,2015,4,2020-01-01,novo_caged_jan2020_anchor + stitched CAGED flows (back/forward)
RR,2015-05-01,51112,4936,2015,5,2020-01-01,novo_caged_jan2020_anchor + stitched CAGED flows (back/forward)
RR,2015-06-01,51006,4658,2015,6,2020-01-01,novo_caged_jan2020_anchor + stitched CAGED flows (back/forward)
RR,2015-07-01,50853,4494,2015,7,2020-01-01,novo_caged_jan2020_anchor + stitched CAGED flows (back/forward)
RR,2015-08-01,50970,4662,2015,8,2020-01-01,novo_caged_jan2020_anchor + stitched CAGED flows (back/forward)
RR,2015-09-01,51320,4696,2015,9,2020-01-01,novo_caged_jan2020_anchor + stitched CAGED flows (back/forward)
RR,2015-10-01,51125,4608,2015,10,2020-01-01,novo_caged_jan2020_anchor + stitched CAGED flows (back/forward)
RR,2015-11-01,51212,4489,2015,11,2020-01-01,novo_caged_jan2020_anchor + stitched CAGED flows (back/forward)
RR,2015-12-01,50806,4398,2015,12,2020-01-01,novo_caged_jan2020_anchor + stitched CAGED flows (back/forward)
RR,2016-01-01,50722,4360,2016,1,2020-01-01,novo_caged_jan2020_anchor + stitched CAGED flows (back/forward)
RR,2016-02-01,50639,4399,2016,2,2020-01-01,novo_caged_jan2020_anchor + stitched CAGED flows (back/forward)
RR,2016-03-01,50859,4459,2016,3,2020-01-01,novo_caged_jan2020_anchor + stitched CAGED flows (back/forward)
RR,2016-04-01,50795,4436,2016,4,2020-01-01,novo_caged_jan2020_anchor + stitched CAGED flows (back/forward)
RR,2016-05-01,50752,4439,2016,5,2020-01-01,novo_caged_jan2020_anchor + stitched CAGED flows (back/forward)
RR,2016-06-01,50520,4318,2016,6,2020-01-01,novo_caged_jan2020_anchor + stitched CAGED flows (back/forward)
RR,2016-07-01,50430,4214,2016,7,2020-01-01,novo_caged_jan2020_anchor + stitched CAGED flows (back/forward)
RR,2016-08-01,50493,4203,2016,8,2020-01-01,novo_caged_jan2020_anchor + stitched CAGED flows (back/forward)
RR,2016-09-01,50838,4229,2016,9,2020-01-01,novo_caged_jan2020_anchor + stitched CAGED flows (back/forward)
RR,2016-10-01,50631,4289,2016,10,2020-01-01,novo_caged_jan2020_anchor + stitched CAGED flows (back/forward)
RR,2016-11-01,50608,4319,2016,11,2020-01-01,novo_caged_jan2020_anchor + stitched CAGED flows (back/forward)
RR,2016-12-01,50118,4238,2016,12,2020-01-01,novo_caged_jan2020_anchor + stitched CAGED flows (back/forward)
RR,2017-01-01,50376,4295,2017,1,2020-01-01,novo_caged_jan2020_anchor + stitched CAGED flows (back/forward)
RR,2017-02-01,50540,4483,2017,2,2020-01-01,novo_caged_jan2020_anchor + stitched CAGED flows (back/forward)
RR,2017-03-01,50454,4510,2017,3,2020-01-01,novo_caged_jan2020_anchor + stitched CAGED flows (back/forward)
RR,2017-04-01,50698,4402,2017,4,2020-01-01,novo_caged_jan2020_anchor + stitched CAGED flows (back/forward)
RR,2017-05-01,50965,4534,2017,5,2020-01-01,novo_caged_jan2020_anchor + stitched CAGED flows (back/forward)
RR,2017-06-01,50988,4575,2017,6,2020-01-01,novo_caged_jan2020_anchor + stitched CAGED flows (back/forward)
RR,2017-07-01,51003,4533,2017,7,2020-01-01,novo_caged_jan2020_anchor + stitched CAGED flows (back/forward)
RR,2017-08-01,51418,4680,2017,8,2020-01-01,novo_caged_jan2020_anchor + stitched CAGED flows (back/forward)
RR,2017-09-01,51953,4892,2017,9,2020-01-01,novo_caged_jan2020_anchor + stitched CAGED flows (back/forward)
RR,2017-10-01,52001,5040,2017,10,2020-01-01,novo_caged_jan2020_anchor + stitched CAGED flows (back/forward)
RR,2017-11-01,52144,5131,2017,11,2020-01-01,novo_caged_jan2020_anchor + stitched CAGED flows (back/forward)
RR,2017-12-01,51915,5135,2017,12,2020-01-01,novo_caged_jan2020_anchor + stitched CAGED flows (back/forward)
RR,2018-01-01,52007,5272,2018,1,2020-01-01,novo_caged_jan2020_anchor + stitched CAGED flows (back/forward)
RR,2018-02-01,51958,5393,2018,2,2020-01-01,novo_caged_jan2020_anchor + stitched CAGED flows (back/forward)
RR,2018-03-01,51956,5490,2018,3,2020-01-01,novo_caged_jan2020_anchor + stitched CAGED flows (back/forward)
RR,2018-04-01,52065,5400,2018,4,2020-01-01,novo_caged_jan2020_anchor + stitched CAGED flows (back/forward)
RR,2018-05-01,51707,5115,2018,5,2020-01-01,novo_caged_jan2020_anchor + stitched CAGED flows (back/forward)
RR,2018-06-01,51437,4935,2018,6,2020-01-01,novo_caged_jan2020_anchor + stitched CAGED flows (back/forward)
RR,2018-07-01,51322,4791,2018,7,2020-01-01,novo_caged_jan2020_anchor + stitched CAGED flows (back/forward)
RR,2018-08-01,51457,4764,2018,8,2020-01-01,novo_caged_jan2020_anchor + stitched CAGED flows (back/forward)
RR,2018-09-01,52082,5062,2018,9,2020-01-01,novo_caged_jan2020_anchor + stitched CAGED flows (back/forward)
RR,2018-10-01,52227,5184,2018,10,2020-01-01,novo_caged_jan2020_anchor + stitched CAGED flows (back/forward)
RR,2018-11-01,52451,5245,2018,11,2020-01-01,novo_caged_jan2020_anchor + stitched CAGED flows (back/forward)
RR,2018-12-01,52124,5074,2018,12,2020-01-01,novo_caged_jan2020_anchor + stitched CAGED flows (back/forward)
RR,2019-01-01,51824,5074,2019,1,2020-01-01,novo_caged_jan2020_anchor + stitched CAGED flows (back/forward)
RR,2019-02-01,51578,4826,2019,2,2020-01-01,novo_caged_jan2020_anchor + stitched CAGED flows (back/forward)
RR,2019-03-01,51654,4826,2019,3,2020-01-01,novo_caged_jan2020_anchor + stitched CAGED flows (back/forward)
RR,2019-04-01,51806,4794,2019,4,2020-01-01,novo_caged_jan2020_anchor + stitched CAGED flows (back/forward)
RR,2019-05-01,51930,4814,2019,5,2020-01-01,novo_caged_jan2020_anchor + stitched CAGED flows (back/forward)
RR,2019-06-01,52124,4789,2019,6,2020-01-01,novo_caged_jan2020_anchor + stitched CAGED flows (back/forward)
RR,2019-07-01,52377,4818,2019,7,2020-01-01,novo_caged_jan2020_anchor + stitched CAGED flows (back/forward)
RR,2019-08-01,52653,4948,2019,8,2020-01-01,novo_caged_jan2020_anchor + stitched CAGED flows (back/forward)
RR,2019-09-01,53258,5208,2019,9,2020-01-01,novo_caged_jan2020_anchor + stitched CAGED flows (back/forward)
RR,2019-10-01,53500,5337,2019,10,2020-01-01,novo_caged_jan2020_anchor + stitched CAGED flows (back/forward)
RR,2019-11-01,54128,5396,2019,11,2020-01-01,novo_caged_jan2020_anchor + stitched CAGED flows (back/forward)
RR,2019-12-01,53957,5308,2019,12,2020-01-01,novo_caged_jan2020_anchor + stitched CAGED flows (back/forward)
RR,2020-01-01,54338,5628,2020,1,2020-01-01,novo_caged_jan2020_anchor + stitched CAGED flows (back/forward)
RR,2020-02-01,55095,6186,2020,2,2020-01-01,novo_caged_jan2020_anchor + stitched CAGED flows (back/forward)
RR,2020-03-01,55502,6338,2020,3,2020-01-01,novo_caged_jan2020_anchor + stitched CAGED flows (back/forward)
RR,2020-04-01,54098,6063,2020,4,2020-01-01,novo_caged_jan2020_anchor + stitched CAGED flows (back/forward)
RR,2020-05-01,53658,5844,2020,5,2020-01-01,novo_caged_jan2020_anchor + stitched CAGED flows (back/forward)
RR,2020-06-01,53633,5537,2020,6,2020-01-01,novo_caged_jan2020_anchor + stitched CAGED flows (back/forward)
RR,2020-07-01,53808,5504,2020,7,2020-01-01,novo_caged_jan2020_anchor + stitched CAGED flows (back/forward)
RR,2020-08-01,54447,5725,2020,8,2020-01-01,novo_caged_jan2020_anchor + stitched CAGED flows (back/forward)
RR,2020-09-01,55628,6192,2020,9,2020-01-01,novo_caged_jan2020_anchor + stitched CAGED flows (back/forward)
RR,2020-10-01,56260,6492,2020,10,2020-01-01,novo_caged_jan2020_anchor + stitched CAGED flows (back/forward)
RR,2020-11-01,57270,6703,2020,11,2020-01-01,novo_caged_jan2020_anchor + stitched CAGED flows (back/forward)
RR,2020-12-01,57416,7060,2020,12,2020-01-01,novo_caged_jan2020_anchor + stitched CAGED flows (back/forward)
RR,2021-01-01,57832,7219,2021,1,2020-01-01,novo_caged_jan2020_anchor + stitched CAGED flows (back/forward)
RR,2021-02-01,58229,7295,2021,2,2020-01-01,novo_caged_jan2020_anchor + stitched CAGED flows (back/forward)
RR,2021-03-01,58503,7279,2021,3,2020-01-01,novo_caged_jan2020_anchor + stitched CAGED flows (back/forward)
RR,2021-04-01,58818,7069,2021,4,2020-01-01,novo_caged_jan2020_anchor + stitched CAGED flows (back/forward)
RR,2021-05-01,59164,7075,2021,5,2020-01-01,novo_caged_jan2020_anchor + stitched CAGED flows (back/forward)
RR,2021-06-01,60061,7111,2021,6,2020-01-01,novo_caged_jan2020_anchor + stitched CAGED flows (back/forward)
RR,2021-07-01,60500,7007,2021,7,2020-01-01,novo_caged_jan2020_anchor + stitched CAGED flows (back/forward)
RR,2021-08-01,61178,6920,2021,8,2020-01-01,novo_caged_jan2020_anchor + stitched CAGED flows (back/forward)
RR,2021-09-01,61926,6843,2021,9,2020-01-01,novo_caged_jan2020_anchor + stitched CAGED flows (back/forward)
RR,2021-10-01,62405,6818,2021,10,2020-01-01,novo_caged_jan2020_anchor + stitched CAGED flows (back/forward)
RR,2021-11-01,62887,6545,2021,11,2020-01-01,novo_caged_jan2020_anchor + stitched CAGED flows (back/forward)
RR,2021-12-01,62253,6478,2021,12,2020-01-01,novo_caged_jan2020_anchor + stitched CAGED flows (back/forward)
RR,2022-01-01,63188,6503,2022,1,2020-01-01,novo_caged_jan2020_anchor + stitched CAGED flows (back/forward)
RR,2022-02-01,64481,6572,2022,2,2020-01-01,novo_caged_jan2020_anchor + stitched CAGED flows (back/forward)
RR,2022-03-01,64920,6366,2022,3,2020-01-01,novo_caged_jan2020_anchor + stitched CAGED flows (back/forward)
RR,2022-04-01,65469,6213,2022,4,2020-01-01,novo_caged_jan2020_anchor + stitched CAGED flows (back/forward)
RR,2022-05-01,66019,6153,2022,5,2020-01-01,novo_caged_jan2020_anchor + stitched CAGED flows (back/forward)
RR,2022-06-01,66735,6006,2022,6,2020-01-01,novo_caged_jan2020_anchor + stitched CAGED flows (back/forward)
RR,2022-07-01,67435,6020,2022,7,2020-01-01,novo_caged_jan2020_anchor + stitched CAGED flows (back/forward)
RR,2022-08-01,68725,6206,2022,8,2020-01-01,novo_caged_jan2020_anchor + stitched CAGED flows (back/forward)
RR,2022-09-01,69883,6272,2022,9,2020-01-01,novo_caged_jan2020_anchor + stitched CAGED flows (back/forward)
RR,2022-10-01,70459,6325,2022,10,2020-01-01,novo_caged_jan2020_anchor + stitched CAGED flows (back/forward)
RR,2022-11-01,71185,6314,2022,11,2020-01-01,novo_caged_jan2020_anchor + stitched CAGED flows (back/forward)
RR,2022-12-01,69698,6164,2022,12,2020-01-01,novo_caged_jan2020_anchor + stitched CAGED flows (back/forward)
RR,2023-01-01,70569,6073,2023,1,2020-01-01,novo_caged_jan2020_anchor + stitched CAGED flows (back/forward)
RR,2023-02-01,70922,6117,2023,2,2020-01-01,novo_caged_jan2020_anchor + stitched CAGED flows (back/forward)
RR,2023-03-01,72022,6215,2023,3,2020-01-01,novo_caged_jan2020_anchor + stitched CAGED flows (back/forward)
RR,2023-04-01,72770,6343,2023,4,2020-01-01,novo_caged_jan2020_anchor + stitched CAGED flows (back/forward)
RR,2023-05-01,72960,6323,2023,5,2020-01-01,novo_caged_jan2020_anchor + stitched CAGED flows (back/forward)
RR,2023-06-01,73000,6159,2023,6,2020-01-01,novo_caged_jan2020_anchor + stitched CAGED flows (back/forward)
RR,2023-07-01,73368,6153,2023,7,2020-01-01,novo_caged_jan2020_anchor + stitched CAGED flows (back/forward)
RR,2023-08-01,74197,6277,2023,8,2020-01-01,novo_caged_jan2020_anchor + stitched CAGED flows (back/forward)
RR,2023-09-01,75078,6309,2023,9,2020-01-01,novo_caged_jan2020_anchor + stitched CAGED flows (back/forward)
RR,2023-10-01,75068,6242,2023,10,2020-01-01,novo_caged_jan2020_anchor + stitched CAGED flows (back/forward)
RR,2023-11-01,75625,6305,2023,11,2020-01-01,novo_caged_jan2020_anchor + stitched CAGED flows (back/forward)
RR,2023-12-01,74719,6178,2023,12,2020-01-01,novo_caged_jan2020_anchor + stitched CAGED flows (back/forward)
RR,2024-01-01,75099,6183,2024,1,2020-01-01,novo_caged_jan2020_anchor + stitched CAGED flows (back/forward)
RR,2024-02-01,76219,6271,2024,2,2020-01-01,novo_caged_jan2020_anchor + stitched CAGED flows (back/forward)
RR,2024-03-01,77065,6377,2024,3,2020-01-01,novo_caged_jan2020_anchor + stitched CAGED flows (back/forward)
RR,2024-04-01,77587,6401,2024,4,2020-01-01,novo_caged_jan2020_anchor + stitched CAGED flows (back/forward)
RR,2024-05-01,78197,6400,2024,5,2020-01-01,novo_caged_jan2020_anchor + stitched CAGED flows (back/forward)
RR,2024-06-01,78511,6371,2024,6,2020-01-01,novo_caged_jan2020_anchor + stitched CAGED flows (back/forward)
RR,2024-07-01,78722,6552,2024,7,2020-01-01,novo_caged_jan2020_anchor + stitched CAGED flows (back/forward)
RR,2024-08-01,79613,6778,2024,8,2020-01-01,novo_caged_jan2020_anchor + stitched CAGED flows (back/forward)
RR,2024-09-01,80541,6879,2024,9,2020-01-01,novo_caged_jan2020_anchor + stitched CAGED flows (back/forward)
RR,2024-10-01,80850,6899,2024,10,2020-01-01,novo_caged_jan2020_anchor + stitched CAGED flows (back/forward)
RR,2024-11-01,81719,7046,2024,11,2020-01-01,novo_caged_jan2020_anchor + stitched CAGED flows (back/forward)
RR,2024-12-01,81146,6929,2024,12,2020-01-01,novo_caged_jan2020_anchor + stitched CAGED flows (back/forward)
RR,2025-01-01,81479,7220,2025,1,2020-01-01,novo_caged_jan2020_anchor + stitched CAGED flows (back/forward)
RR,2025-02-01,82538,7649,2025,2,2020-01-01,novo_caged_jan2020_anchor + stitched CAGED flows (back/forward)
RR,2025-03-01,82602,7813,2025,3,2020-01-01,novo_caged_jan2020_anchor + stitched CAGED flows (back/forward)
RR,2025-04-01,83473,7851,2025,4,2020-01-01,novo_caged_jan2020_anchor + stitched CAGED flows (back/forward)
RR,2025-05-01,83820,7695,2025,5,2020-01-01,novo_caged_jan2020_anchor + stitched CAGED flows (back/forward)
RR,2025-06-01,84023,7490,2025,6,2020-01-01,novo_caged_jan2020_anchor + stitched CAGED flows (back/forward)
RR,2025-07-01,84220,7341,2025,7,2020-01-01,novo_caged_jan2020_anchor + stitched CAGED flows (back/forward)
RR,2025-08-01,84007,6862,2025,8,2020-01-01,novo_caged_jan2020_anchor + stitched CAGED flows (back/forward)
RR,2025-09-01,84406,6769,2025,9,2020-01-01,novo_caged_jan2020_anchor + stitched CAGED flows (back/forward)
RR,2025-10-01,84525,6785,2025,10,2020-01-01,novo_caged_jan2020_anchor + stitched CAGED flows (back/forward)
RR,2025-11-01,84768,6811,2025,11,2020-01-01,novo_caged_jan2020_anchor + stitched CAGED flows (back/forward)
RR,2025-12-01,83826,6629,2025,12,2020-01-01,novo_caged_jan2020_anchor + stitched CAGED flows (back/forward)
RR,2026-01-01,83932,6786,2026,1,2020-01-01,novo_caged_jan2020_anchor + stitched CAGED flows (back/forward)
RR,2026-02-01,84220,6889,2026,2,2020-01-01,novo_caged_jan2020_anchor + stitched CAGED flows (back/forward)
RR,2026-03-01,84971,7044,2026,3,2020-01-01,novo_caged_jan2020_anchor + stitched CAGED flows (back/forward)
RS,2007-01-01,1900519,98365,2007,1,2020-01-01,novo_caged_jan2020_anchor + stitched CAGED flows (back/forward)
RS,2007-02-01,1914162,98595,2007,2,2020-01-01,novo_caged_jan2020_anchor + stitched CAGED flows (back/forward)
RS,2007-03-01,1923088,98911,2007,3,2020-01-01,novo_caged_jan2020_anchor + stitched CAGED flows (back/forward)
RS,2007-04-01,1938096,99335,2007,4,2020-01-01,novo_caged_jan2020_anchor + stitched CAGED flows (back/forward)
RS,2007-05-01,1934714,99672,2007,5,2020-01-01,novo_caged_jan2020_anchor + stitched CAGED flows (back/forward)
RS,2007-06-01,1933582,100125,2007,6,2020-01-01,novo_caged_jan2020_anchor + stitched CAGED flows (back/forward)
RS,2007-07-01,1931892,100424,2007,7,2020-01-01,novo_caged_jan2020_anchor + stitched CAGED flows (back/forward)
RS,2007-08-01,1932565,100868,2007,8,2020-01-01,novo_caged_jan2020_anchor + stitched CAGED flows (back/forward)
RS,2007-09-01,1947551,101344,2007,9,2020-01-01,novo_caged_jan2020_anchor + stitched CAGED flows (back/forward)
RS,2007-10-01,1967669,101888,2007,10,2020-01-01,novo_caged_jan2020_anchor + stitched CAGED flows (back/forward)
RS,2007-11-01,1987988,102413,2007,11,2020-01-01,novo_caged_jan2020_anchor + stitched CAGED flows (back/forward)
RS,2007-12-01,1979923,102603,2007,12,2020-01-01,novo_caged_jan2020_anchor + stitched CAGED flows (back/forward)
RS,2008-01-01,1998952,104601,2008,1,2020-01-01,novo_caged_jan2020_anchor + stitched CAGED flows (back/forward)
RS,2008-02-01,2019032,105335,2008,2,2020-01-01,novo_caged_jan2020_anchor + stitched CAGED flows (back/forward)
RS,2008-03-01,2037506,106728,2008,3,2020-01-01,novo_caged_jan2020_anchor + stitched CAGED flows (back/forward)
RS,2008-04-01,2051084,108038,2008,4,2020-01-01,novo_caged_jan2020_anchor + stitched CAGED flows (back/forward)
RS,2008-05-01,2053380,108038,2008,5,2020-01-01,novo_caged_jan2020_anchor + stitched CAGED flows (back/forward)
RS,2008-06-01,2061370,108989,2008,6,2020-01-01,novo_caged_jan2020_anchor + stitched CAGED flows (back/forward)
RS,2008-07-01,2065892,110788,2008,7,2020-01-01,novo_caged_jan2020_anchor + stitched CAGED flows (back/forward)
RS,2008-08-01,2070706,110788,2008,8,2020-01-01,novo_caged_jan2020_anchor + stitched CAGED flows (back/forward)
RS,2008-09-01,2081246,111971,2008,9,2020-01-01,novo_caged_jan2020_anchor + stitched CAGED flows (back/forward)
RS,2008-10-01,2090119,111993,2008,10,2020-01-01,novo_caged_jan2020_anchor + stitched CAGED flows (back/forward)
RS,2008-11-01,2098155,111689,2008,11,2020-01-01,novo_caged_jan2020_anchor + stitched CAGED flows (back/forward)
RS,2008-12-01,2070477,109468,2008,12,2020-01-01,novo_caged_jan2020_anchor + stitched CAGED flows (back/forward)
RS,2009-01-01,2073275,110407,2009,1,2020-01-01,novo_caged_jan2020_anchor + stitched CAGED flows (back/forward)
RS,2009-02-01,2074022,110048,2009,2,2020-01-01,novo_caged_jan2020_anchor + stitched CAGED flows (back/forward)
RS,2009-03-01,2078756,109948,2009,3,2020-01-01,novo_caged_jan2020_anchor + stitched CAGED flows (back/forward)
RS,2009-04-01,2081691,110081,2009,4,2020-01-01,novo_caged_jan2020_anchor + stitched CAGED flows (back/forward)
RS,2009-05-01,2077615,111309,2009,5,2020-01-01,novo_caged_jan2020_anchor + stitched CAGED flows (back/forward)
RS,2009-06-01,2076221,111309,2009,6,2020-01-01,novo_caged_jan2020_anchor + stitched CAGED flows (back/forward)
RS,2009-07-01,2075740,112018,2009,7,2020-01-01,novo_caged_jan2020_anchor + stitched CAGED flows (back/forward)
RS,2009-08-01,2086723,112018,2009,8,2020-01-01,novo_caged_jan2020_anchor + stitched CAGED flows (back/forward)
RS,2009-09-01,2101108,113408,2009,9,2020-01-01,novo_caged_jan2020_anchor + stitched CAGED flows (back/forward)
RS,2009-10-01,2120704,113408,2009,10,2020-01-01,novo_caged_jan2020_anchor + stitched CAGED flows (back/forward)
RS,2009-11-01,2146427,113408,2009,11,2020-01-01,novo_caged_jan2020_anchor + stitched CAGED flows (back/forward)
RS,2009-12-01,2134703,112127,2009,12,2020-01-01,novo_caged_jan2020_anchor + stitched CAGED flows (back/forward)
RS,2010-01-01,2153580,114981,2010,1,2020-01-01,novo_caged_jan2020_anchor + stitched CAGED flows (back/forward)
RS,2010-02-01,2173298,116715,2010,2,2020-01-01,novo_caged_jan2020_anchor + stitched CAGED flows (back/forward)
RS,2010-03-01,2201552,117036,2010,3,2020-01-01,novo_caged_jan2020_anchor + stitched CAGED flows (back/forward)
RS,2010-04-01,2221981,121706,2010,4,2020-01-01,novo_caged_jan2020_anchor + stitched CAGED flows (back/forward)
RS,2010-05-01,2231492,124443,2010,5,2020-01-01,novo_caged_jan2020_anchor + stitched CAGED flows (back/forward)
RS,2010-06-01,2239357,126983,2010,6,2020-01-01,novo_caged_jan2020_anchor + stitched CAGED flows (back/forward)
RS,2010-07-01,2249026,129174,2010,7,2020-01-01,novo_caged_jan2020_anchor + stitched CAGED flows (back/forward)
RS,2010-08-01,2264701,130690,2010,8,2020-01-01,novo_caged_jan2020_anchor + stitched CAGED flows (back/forward)
RS,2010-09-01,2275840,130941,2010,9,2020-01-01,novo_caged_jan2020_anchor + stitched CAGED flows (back/forward)
RS,2010-10-01,2294432,130941,2010,10,2020-01-01,novo_caged_jan2020_anchor + stitched CAGED flows (back/forward)
RS,2010-11-01,2316161,131134,2010,11,2020-01-01,novo_caged_jan2020_anchor + stitched CAGED flows (back/forward)
RS,2010-12-01,2297967,131134,2010,12,2020-01-01,novo_caged_jan2020_anchor + stitched CAGED flows (back/forward)
RS,2011-01-01,2315199,133375,2011,1,2020-01-01,novo_caged_jan2020_anchor + stitched CAGED flows (back/forward)
RS,2011-02-01,2335579,134591,2011,2,2020-01-01,novo_caged_jan2020_anchor + stitched CAGED flows (back/forward)
RS,2011-03-01,2355051,134591,2011,3,2020-01-01,novo_caged_jan2020_anchor + stitched CAGED flows (back/forward)
RS,2011-04-01,2372048,136310,2011,4,2020-01-01,novo_caged_jan2020_anchor + stitched CAGED flows (back/forward)
RS,2011-05-01,2376502,137879,2011,5,2020-01-01,novo_caged_jan2020_anchor + stitched CAGED flows (back/forward)
RS,2011-06-01,2382789,138650,2011,6,2020-01-01,novo_caged_jan2020_anchor + stitched CAGED flows (back/forward)
RS,2011-07-01,2387997,139649,2011,7,2020-01-01,novo_caged_jan2020_anchor + stitched CAGED flows (back/forward)
RS,2011-08-01,2393606,141092,2011,8,2020-01-01,novo_caged_jan2020_anchor + stitched CAGED flows (back/forward)
RS,2011-09-01,2400110,142627,2011,9,2020-01-01,novo_caged_jan2020_anchor + stitched CAGED flows (back/forward)
RS,2011-10-01,2416632,144350,2011,10,2020-01-01,novo_caged_jan2020_anchor + stitched CAGED flows (back/forward)
RS,2011-11-01,2429507,144196,2011,11,2020-01-01,novo_caged_jan2020_anchor + stitched CAGED flows (back/forward)
RS,2011-12-01,2406789,141249,2011,12,2020-01-01,novo_caged_jan2020_anchor + stitched CAGED flows (back/forward)
RS,2012-01-01,2419899,143894,2012,1,2020-01-01,novo_caged_jan2020_anchor + stitched CAGED flows (back/forward)
RS,2012-02-01,2429627,144624,2012,2,2020-01-01,novo_caged_jan2020_anchor + stitched CAGED flows (back/forward)
RS,2012-03-01,2446502,145601,2012,3,2020-01-01,novo_caged_jan2020_anchor + stitched CAGED flows (back/forward)
RS,2012-04-01,2460665,147902,2012,4,2020-01-01,novo_caged_jan2020_anchor + stitched CAGED flows (back/forward)
RS,2012-05-01,2457333,148843,2012,5,2020-01-01,novo_caged_jan2020_anchor + stitched CAGED flows (back/forward)
RS,2012-06-01,2456508,148843,2012,6,2020-01-01,novo_caged_jan2020_anchor + stitched CAGED flows (back/forward)
RS,2012-07-01,2460335,150001,2012,7,2020-01-01,novo_caged_jan2020_anchor + stitched CAGED flows (back/forward)
RS,2012-08-01,2467042,150001,2012,8,2020-01-01,novo_caged_jan2020_anchor + stitched CAGED flows (back/forward)
RS,2012-09-01,2475288,150564,2012,9,2020-01-01,novo_caged_jan2020_anchor + stitched CAGED flows (back/forward)
RS,2012-10-01,2486482,150564,2012,10,2020-01-01,novo_caged_jan2020_anchor + stitched CAGED flows (back/forward)
RS,2012-11-01,2502241,150263,2012,11,2020-01-01,novo_caged_jan2020_anchor + stitched CAGED flows (back/forward)
RS,2012-12-01,2474370,146168,2012,12,2020-01-01,novo_caged_jan2020_anchor + stitched CAGED flows (back/forward)
RS,2013-01-01,2493159,146168,2013,1,2020-01-01,novo_caged_jan2020_anchor + stitched CAGED flows (back/forward)
RS,2013-02-01,2510246,148581,2013,2,2020-01-01,novo_caged_jan2020_anchor + stitched CAGED flows (back/forward)
RS,2013-03-01,2538350,150350,2013,3,2020-01-01,novo_caged_jan2020_anchor + stitched CAGED flows (back/forward)
RS,2013-04-01,2548434,152449,2013,4,2020-01-01,novo_caged_jan2020_anchor + stitched CAGED flows (back/forward)
RS,2013-05-01,2546318,152257,2013,5,2020-01-01,novo_caged_jan2020_anchor + stitched CAGED flows (back/forward)
RS,2013-06-01,2549635,153138,2013,6,2020-01-01,novo_caged_jan2020_anchor + stitched CAGED flows (back/forward)
RS,2013-07-01,2545991,153230,2013,7,2020-01-01,novo_caged_jan2020_anchor + stitched CAGED flows (back/forward)
RS,2013-08-01,2552954,153542,2013,8,2020-01-01,novo_caged_jan2020_anchor + stitched CAGED flows (back/forward)
RS,2013-09-01,2563808,154917,2013,9,2020-01-01,novo_caged_jan2020_anchor + stitched CAGED flows (back/forward)
RS,2013-10-01,2573352,154917,2013,10,2020-01-01,novo_caged_jan2020_anchor + stitched CAGED flows (back/forward)
RS,2013-11-01,2583795,153808,2013,11,2020-01-01,novo_caged_jan2020_anchor + stitched CAGED flows (back/forward)
RS,2013-12-01,2555815,150659,2013,12,2020-01-01,novo_caged_jan2020_anchor + stitched CAGED flows (back/forward)
RS,2014-01-01,2565399,153630,2014,1,2020-01-01,novo_caged_jan2020_anchor + stitched CAGED flows (back/forward)
RS,2014-02-01,2591886,156208,2014,2,2020-01-01,novo_caged_jan2020_anchor + stitched CAGED flows (back/forward)
RS,2014-03-01,2605594,156208,2014,3,2020-01-01,novo_caged_jan2020_anchor + stitched CAGED flows (back/forward)
RS,2014-04-01,2614183,157298,2014,4,2020-01-01,novo_caged_jan2020_anchor + stitched CAGED flows (back/forward)
RS,2014-05-01,2610057,157298,2014,5,2020-01-01,novo_caged_jan2020_anchor + stitched CAGED flows (back/forward)
RS,2014-06-01,2605191,155700,2014,6,2020-01-01,novo_caged_jan2020_anchor + stitched CAGED flows (back/forward)
RS,2014-07-01,2598801,154699,2014,7,2020-01-01,novo_caged_jan2020_anchor + stitched CAGED flows (back/forward)
RS,2014-08-01,2597431,153712,2014,8,2020-01-01,novo_caged_jan2020_anchor + stitched CAGED flows (back/forward)
RS,2014-09-01,2600386,153712,2014,9,2020-01-01,novo_caged_jan2020_anchor + stitched CAGED flows (back/forward)
RS,2014-10-01,2601719,152865,2014,10,2020-01-01,novo_caged_jan2020_anchor + stitched CAGED flows (back/forward)
RS,2014-11-01,2612631,152319,2014,11,2020-01-01,novo_caged_jan2020_anchor + stitched CAGED flows (back/forward)
RS,2014-12-01,2576047,152319,2014,12,2020-01-01,novo_caged_jan2020_anchor + stitched CAGED flows (back/forward)
RS,2015-01-01,2584385,152319,2015,1,2020-01-01,novo_caged_jan2020_anchor + stitched CAGED flows (back/forward)
RS,2015-02-01,2587605,151500,2015,2,2020-01-01,novo_caged_jan2020_anchor + stitched CAGED flows (back/forward)
RS,2015-03-01,2599845,151500,2015,3,2020-01-01,novo_caged_jan2020_anchor + stitched CAGED flows (back/forward)
RS,2015-04-01,2592567,151936,2015,4,2020-01-01,novo_caged_jan2020_anchor + stitched CAGED flows (back/forward)
RS,2015-05-01,2576752,149263,2015,5,2020-01-01,novo_caged_jan2020_anchor + stitched CAGED flows (back/forward)
RS,2015-06-01,2562739,146936,2015,6,2020-01-01,novo_caged_jan2020_anchor + stitched CAGED flows (back/forward)
RS,2015-07-01,2544921,146936,2015,7,2020-01-01,novo_caged_jan2020_anchor + stitched CAGED flows (back/forward)
RS,2015-08-01,2532184,145607,2015,8,2020-01-01,novo_caged_jan2020_anchor + stitched CAGED flows (back/forward)
RS,2015-09-01,2523993,144720,2015,9,2020-01-01,novo_caged_jan2020_anchor + stitched CAGED flows (back/forward)
RS,2015-10-01,2515741,144249,2015,10,2020-01-01,novo_caged_jan2020_anchor + stitched CAGED flows (back/forward)
RS,2015-11-01,2513274,144249,2015,11,2020-01-01,novo_caged_jan2020_anchor + stitched CAGED flows (back/forward)
RS,2015-12-01,2478902,140047,2015,12,2020-01-01,novo_caged_jan2020_anchor + stitched CAGED flows (back/forward)
RS,2016-01-01,2486165,140518,2016,1,2020-01-01,novo_caged_jan2020_anchor + stitched CAGED flows (back/forward)
RS,2016-02-01,2492235,140280,2016,2,2020-01-01,novo_caged_jan2020_anchor + stitched CAGED flows (back/forward)
RS,2016-03-01,2497038,140280,2016,3,2020-01-01,novo_caged_jan2020_anchor + stitched CAGED flows (back/forward)
RS,2016-04-01,2489655,140273,2016,4,2020-01-01,novo_caged_jan2020_anchor + stitched CAGED flows (back/forward)
RS,2016-05-01,2473826,140273,2016,5,2020-01-01,novo_caged_jan2020_anchor + stitched CAGED flows (back/forward)
RS,2016-06-01,2463486,139762,2016,6,2020-01-01,novo_caged_jan2020_anchor + stitched CAGED flows (back/forward)
RS,2016-07-01,2451320,137967,2016,7,2020-01-01,novo_caged_jan2020_anchor + stitched CAGED flows (back/forward)
RS,2016-08-01,2449630,137113,2016,8,2020-01-01,novo_caged_jan2020_anchor + stitched CAGED flows (back/forward)
RS,2016-09-01,2446802,136138,2016,9,2020-01-01,novo_caged_jan2020_anchor + stitched CAGED flows (back/forward)
RS,2016-10-01,2449188,135056,2016,10,2020-01-01,novo_caged_jan2020_anchor + stitched CAGED flows (back/forward)
RS,2016-11-01,2450379,132768,2016,11,2020-01-01,novo_caged_jan2020_anchor + stitched CAGED flows (back/forward)
RS,2016-12-01,2421636,129573,2016,12,2020-01-01,novo_caged_jan2020_anchor + stitched CAGED flows (back/forward)
RS,2017-01-01,2429770,130382,2017,1,2020-01-01,novo_caged_jan2020_anchor + stitched CAGED flows (back/forward)
RS,2017-02-01,2440372,130450,2017,2,2020-01-01,novo_caged_jan2020_anchor + stitched CAGED flows (back/forward)
RS,2017-03-01,2445608,129815,2017,3,2020-01-01,novo_caged_jan2020_anchor + stitched CAGED flows (back/forward)
RS,2017-04-01,2442564,129815,2017,4,2020-01-01,novo_caged_jan2020_anchor + stitched CAGED flows (back/forward)
RS,2017-05-01,2430204,128971,2017,5,2020-01-01,novo_caged_jan2020_anchor + stitched CAGED flows (back/forward)
RS,2017-06-01,2420691,128971,2017,6,2020-01-01,novo_caged_jan2020_anchor + stitched CAGED flows (back/forward)
RS,2017-07-01,2419542,129117,2017,7,2020-01-01,novo_caged_jan2020_anchor + stitched CAGED flows (back/forward)
RS,2017-08-01,2418167,129911,2017,8,2020-01-01,novo_caged_jan2020_anchor + stitched CAGED flows (back/forward)
RS,2017-09-01,2417889,130165,2017,9,2020-01-01,novo_caged_jan2020_anchor + stitched CAGED flows (back/forward)
RS,2017-10-01,2425973,129188,2017,10,2020-01-01,novo_caged_jan2020_anchor + stitched CAGED flows (back/forward)
RS,2017-11-01,2434726,128394,2017,11,2020-01-01,novo_caged_jan2020_anchor + stitched CAGED flows (back/forward)
RS,2017-12-01,2409267,128394,2017,12,2020-01-01,novo_caged_jan2020_anchor + stitched CAGED flows (back/forward)
RS,2018-01-01,2427036,129893,2018,1,2020-01-01,novo_caged_jan2020_anchor + stitched CAGED flows (back/forward)
RS,2018-02-01,2440060,130906,2018,2,2020-01-01,novo_caged_jan2020_anchor + stitched CAGED flows (back/forward)
RS,2018-03-01,2452727,132146,2018,3,2020-01-01,novo_caged_jan2020_anchor + stitched CAGED flows (back/forward)
RS,2018-04-01,2451475,133004,2018,4,2020-01-01,novo_caged_jan2020_anchor + stitched CAGED flows (back/forward)
RS,2018-05-01,2440748,132996,2018,5,2020-01-01,novo_caged_jan2020_anchor + stitched CAGED flows (back/forward)
RS,2018-06-01,2434227,131634,2018,6,2020-01-01,novo_caged_jan2020_anchor + stitched CAGED flows (back/forward)
RS,2018-07-01,2431570,131537,2018,7,2020-01-01,novo_caged_jan2020_anchor + stitched CAGED flows (back/forward)
RS,2018-08-01,2427542,131518,2018,8,2020-01-01,novo_caged_jan2020_anchor + stitched CAGED flows (back/forward)
RS,2018-09-01,2428901,131110,2018,9,2020-01-01,novo_caged_jan2020_anchor + stitched CAGED flows (back/forward)
RS,2018-10-01,2438220,131291,2018,10,2020-01-01,novo_caged_jan2020_anchor + stitched CAGED flows (back/forward)
RS,2018-11-01,2448341,130867,2018,11,2020-01-01,novo_caged_jan2020_anchor + stitched CAGED flows (back/forward)
RS,2018-12-01,2426075,128938,2018,12,2020-01-01,novo_caged_jan2020_anchor + stitched CAGED flows (back/forward)
RS,2019-01-01,2438506,128938,2019,1,2020-01-01,novo_caged_jan2020_anchor + stitched CAGED flows (back/forward)
RS,2019-02-01,2460969,129657,2019,2,2020-01-01,novo_caged_jan2020_anchor + stitched CAGED flows (back/forward)
RS,2019-03-01,2463408,127864,2019,3,2020-01-01,novo_caged_jan2020_anchor + stitched CAGED flows (back/forward)
RS,2019-04-01,2460910,127450,2019,4,2020-01-01,novo_caged_jan2020_anchor + stitched CAGED flows (back/forward)
RS,2019-05-01,2449703,127201,2019,5,2020-01-01,novo_caged_jan2020_anchor + stitched CAGED flows (back/forward)
RS,2019-06-01,2445891,126992,2019,6,2020-01-01,novo_caged_jan2020_anchor + stitched CAGED flows (back/forward)
RS,2019-07-01,2442243,126885,2019,7,2020-01-01,novo_caged_jan2020_anchor + stitched CAGED flows (back/forward)
RS,2019-08-01,2440255,126885,2019,8,2020-01-01,novo_caged_jan2020_anchor + stitched CAGED flows (back/forward)
RS,2019-09-01,2441858,126885,2019,9,2020-01-01,novo_caged_jan2020_anchor + stitched CAGED flows (back/forward)
RS,2019-10-01,2450177,126789,2019,10,2020-01-01,novo_caged_jan2020_anchor + stitched CAGED flows (back/forward)
RS,2019-11-01,2462434,126390,2019,11,2020-01-01,novo_caged_jan2020_anchor + stitched CAGED flows (back/forward)
RS,2019-12-01,2443746,124196,2019,12,2020-01-01,novo_caged_jan2020_anchor + stitched CAGED flows (back/forward)
RS,2020-01-01,2456710,125026,2020,1,2020-01-01,novo_caged_jan2020_anchor + stitched CAGED flows (back/forward)
RS,2020-02-01,2479284,126062,2020,2,2020-01-01,novo_caged_jan2020_anchor + stitched CAGED flows (back/forward)
RS,2020-03-01,2463125,125003,2020,3,2020-01-01,novo_caged_jan2020_anchor + stitched CAGED flows (back/forward)
RS,2020-04-01,2380658,120797,2020,4,2020-01-01,novo_caged_jan2020_anchor + stitched CAGED flows (back/forward)
RS,2020-05-01,2343345,119530,2020,5,2020-01-01,novo_caged_jan2020_anchor + stitched CAGED flows (back/forward)
RS,2020-06-01,2334783,119782,2020,6,2020-01-01,novo_caged_jan2020_anchor + stitched CAGED flows (back/forward)
RS,2020-07-01,2334872,120529,2020,7,2020-01-01,novo_caged_jan2020_anchor + stitched CAGED flows (back/forward)
RS,2020-08-01,2339973,121804,2020,8,2020-01-01,novo_caged_jan2020_anchor + stitched CAGED flows (back/forward)
RS,2020-09-01,2354346,123351,2020,9,2020-01-01,novo_caged_jan2020_anchor + stitched CAGED flows (back/forward)
RS,2020-10-01,2378918,124999,2020,10,2020-01-01,novo_caged_jan2020_anchor + stitched CAGED flows (back/forward)
RS,2020-11-01,2406489,125764,2020,11,2020-01-01,novo_caged_jan2020_anchor + stitched CAGED flows (back/forward)
RS,2020-12-01,2401768,124480,2020,12,2020-01-01,novo_caged_jan2020_anchor + stitched CAGED flows (back/forward)
RS,2021-01-01,2428019,125593,2021,1,2020-01-01,novo_caged_jan2020_anchor + stitched CAGED flows (back/forward)
RS,2021-02-01,2455213,127200,2021,2,2020-01-01,novo_caged_jan2020_anchor + stitched CAGED flows (back/forward)
RS,2021-03-01,2469142,127775,2021,3,2020-01-01,novo_caged_jan2020_anchor + stitched CAGED flows (back/forward)
RS,2021-04-01,2465996,127813,2021,4,2020-01-01,novo_caged_jan2020_anchor + stitched CAGED flows (back/forward)
RS,2021-05-01,2472188,127043,2021,5,2020-01-01,novo_caged_jan2020_anchor + stitched CAGED flows (back/forward)
RS,2021-06-01,2483942,126854,2021,6,2020-01-01,novo_caged_jan2020_anchor + stitched CAGED flows (back/forward)
RS,2021-07-01,2498190,127678,2021,7,2020-01-01,novo_caged_jan2020_anchor + stitched CAGED flows (back/forward)
RS,2021-08-01,2511016,129449,2021,8,2020-01-01,novo_caged_jan2020_anchor + stitched CAGED flows (back/forward)
RS,2021-09-01,2525743,129970,2021,9,2020-01-01,novo_caged_jan2020_anchor + stitched CAGED flows (back/forward)
RS,2021-10-01,2545810,131156,2021,10,2020-01-01,novo_caged_jan2020_anchor + stitched CAGED flows (back/forward)
RS,2021-11-01,2563851,131784,2021,11,2020-01-01,novo_caged_jan2020_anchor + stitched CAGED flows (back/forward)
RS,2021-12-01,2544391,129818,2021,12,2020-01-01,novo_caged_jan2020_anchor + stitched CAGED flows (back/forward)
RS,2022-01-01,2561713,130505,2022,1,2020-01-01,novo_caged_jan2020_anchor + stitched CAGED flows (back/forward)
RS,2022-02-01,2588515,131897,2022,2,2020-01-01,novo_caged_jan2020_anchor + stitched CAGED flows (back/forward)
RS,2022-03-01,2599264,132228,2022,3,2020-01-01,novo_caged_jan2020_anchor + stitched CAGED flows (back/forward)
RS,2022-04-01,2607847,134197,2022,4,2020-01-01,novo_caged_jan2020_anchor + stitched CAGED flows (back/forward)
RS,2022-05-01,2611624,135432,2022,5,2020-01-01,novo_caged_jan2020_anchor + stitched CAGED flows (back/forward)
RS,2022-06-01,2619515,136362,2022,6,2020-01-01,novo_caged_jan2020_anchor + stitched CAGED flows (back/forward)
RS,2022-07-01,2626949,137221,2022,7,2020-01-01,novo_caged_jan2020_anchor + stitched CAGED flows (back/forward)
RS,2022-08-01,2636728,137789,2022,8,2020-01-01,novo_caged_jan2020_anchor + stitched CAGED flows (back/forward)
RS,2022-09-01,2647164,139128,2022,9,2020-01-01,novo_caged_jan2020_anchor + stitched CAGED flows (back/forward)
RS,2022-10-01,2661085,140062,2022,10,2020-01-01,novo_caged_jan2020_anchor + stitched CAGED flows (back/forward)
RS,2022-11-01,2672349,140168,2022,11,2020-01-01,novo_caged_jan2020_anchor + stitched CAGED flows (back/forward)
RS,2022-12-01,2643875,136661,2022,12,2020-01-01,novo_caged_jan2020_anchor + stitched CAGED flows (back/forward)
RS,2023-01-01,2654655,138928,2023,1,2020-01-01,novo_caged_jan2020_anchor + stitched CAGED flows (back/forward)
RS,2023-02-01,2675025,139094,2023,2,2020-01-01,novo_caged_jan2020_anchor + stitched CAGED flows (back/forward)
RS,2023-03-01,2687600,138199,2023,3,2020-01-01,novo_caged_jan2020_anchor + stitched CAGED flows (back/forward)
RS,2023-04-01,2699671,138792,2023,4,2020-01-01,novo_caged_jan2020_anchor + stitched CAGED flows (back/forward)
RS,2023-05-01,2697428,138143,2023,5,2020-01-01,novo_caged_jan2020_anchor + stitched CAGED flows (back/forward)
RS,2023-06-01,2696945,137323,2023,6,2020-01-01,novo_caged_jan2020_anchor + stitched CAGED flows (back/forward)
RS,2023-07-01,2694905,136903,2023,7,2020-01-01,novo_caged_jan2020_anchor + stitched CAGED flows (back/forward)
RS,2023-08-01,2697352,137530,2023,8,2020-01-01,novo_caged_jan2020_anchor + stitched CAGED flows (back/forward)
RS,2023-09-01,2698181,137077,2023,9,2020-01-01,novo_caged_jan2020_anchor + stitched CAGED flows (back/forward)
RS,2023-10-01,2708749,137923,2023,10,2020-01-01,novo_caged_jan2020_anchor + stitched CAGED flows (back/forward)
RS,2023-11-01,2720166,137893,2023,11,2020-01-01,novo_caged_jan2020_anchor + stitched CAGED flows (back/forward)
RS,2023-12-01,2690587,135042,2023,12,2020-01-01,novo_caged_jan2020_anchor + stitched CAGED flows (back/forward)
RS,2024-01-01,2711092,136688,2024,1,2020-01-01,novo_caged_jan2020_anchor + stitched CAGED flows (back/forward)
RS,2024-02-01,2736451,137569,2024,2,2020-01-01,novo_caged_jan2020_anchor + stitched CAGED flows (back/forward)
RS,2024-03-01,2746935,138445,2024,3,2020-01-01,novo_caged_jan2020_anchor + stitched CAGED flows (back/forward)
RS,2024-04-01,2760130,140047,2024,4,2020-01-01,novo_caged_jan2020_anchor + stitched CAGED flows (back/forward)
RS,2024-05-01,2738130,138557,2024,5,2020-01-01,novo_caged_jan2020_anchor + stitched CAGED flows (back/forward)
RS,2024-06-01,2729550,139066,2024,6,2020-01-01,novo_caged_jan2020_anchor + stitched CAGED flows (back/forward)
RS,2024-07-01,2736210,141107,2024,7,2020-01-01,novo_caged_jan2020_anchor + stitched CAGED flows (back/forward)
RS,2024-08-01,2746797,142810,2024,8,2020-01-01,novo_caged_jan2020_anchor + stitched CAGED flows (back/forward)
RS,2024-09-01,2757111,144154,2024,9,2020-01-01,novo_caged_jan2020_anchor + stitched CAGED flows (back/forward)
RS,2024-10-01,2771241,145436,2024,10,2020-01-01,novo_caged_jan2020_anchor + stitched CAGED flows (back/forward)
RS,2024-11-01,2783004,144476,2024,11,2020-01-01,novo_caged_jan2020_anchor + stitched CAGED flows (back/forward)
RS,2024-12-01,2754119,141792,2024,12,2020-01-01,novo_caged_jan2020_anchor + stitched CAGED flows (back/forward)
RS,2025-01-01,2781519,143035,2025,1,2020-01-01,novo_caged_jan2020_anchor + stitched CAGED flows (back/forward)
RS,2025-02-01,2812182,144383,2025,2,2020-01-01,novo_caged_jan2020_anchor + stitched CAGED flows (back/forward)
RS,2025-03-01,2821355,144833,2025,3,2020-01-01,novo_caged_jan2020_anchor + stitched CAGED flows (back/forward)
RS,2025-04-01,2828313,145096,2025,4,2020-01-01,novo_caged_jan2020_anchor + stitched CAGED flows (back/forward)
RS,2025-05-01,2828185,145458,2025,5,2020-01-01,novo_caged_jan2020_anchor + stitched CAGED flows (back/forward)
RS,2025-06-01,2829716,145397,2025,6,2020-01-01,novo_caged_jan2020_anchor + stitched CAGED flows (back/forward)
RS,2025-07-01,2830260,145592,2025,7,2020-01-01,novo_caged_jan2020_anchor + stitched CAGED flows (back/forward)
RS,2025-08-01,2828752,145049,2025,8,2020-01-01,novo_caged_jan2020_anchor + stitched CAGED flows (back/forward)
RS,2025-09-01,2832615,146041,2025,9,2020-01-01,novo_caged_jan2020_anchor + stitched CAGED flows (back/forward)
RS,2025-10-01,2832810,145797,2025,10,2020-01-01,novo_caged_jan2020_anchor + stitched CAGED flows (back/forward)
RS,2025-11-01,2837186,145134,2025,11,2020-01-01,novo_caged_jan2020_anchor + stitched CAGED flows (back/forward)
RS,2025-12-01,2799588,141385,2025,12,2020-01-01,novo_caged_jan2020_anchor + stitched CAGED flows (back/forward)
RS,2026-01-01,2817549,143046,2026,1,2020-01-01,novo_caged_jan2020_anchor + stitched CAGED flows (back/forward)
RS,2026-02-01,2842432,144459,2026,2,2020-01-01,novo_caged_jan2020_anchor + stitched CAGED flows (back/forward)
RS,2026-03-01,2846486,145395,2026,3,2020-01-01,novo_caged_jan2020_anchor + stitched CAGED flows (back/forward)
SC,2007-01-01,1468774,67381,2007,1,2020-01-01,novo_caged_jan2020_anchor + stitched CAGED flows (back/forward)
SC,2007-02-01,1483457,67539,2007,2,2020-01-01,novo_caged_jan2020_anchor + stitched CAGED flows (back/forward)
SC,2007-03-01,1488208,67925,2007,3,2020-01-01,novo_caged_jan2020_anchor + stitched CAGED flows (back/forward)
SC,2007-04-01,1497967,68231,2007,4,2020-01-01,novo_caged_jan2020_anchor + stitched CAGED flows (back/forward)
SC,2007-05-01,1497847,68544,2007,5,2020-01-01,novo_caged_jan2020_anchor + stitched CAGED flows (back/forward)
SC,2007-06-01,1500906,69020,2007,6,2020-01-01,novo_caged_jan2020_anchor + stitched CAGED flows (back/forward)
SC,2007-07-01,1504221,69480,2007,7,2020-01-01,novo_caged_jan2020_anchor + stitched CAGED flows (back/forward)
SC,2007-08-01,1511362,69898,2007,8,2020-01-01,novo_caged_jan2020_anchor + stitched CAGED flows (back/forward)
SC,2007-09-01,1523086,70358,2007,9,2020-01-01,novo_caged_jan2020_anchor + stitched CAGED flows (back/forward)
SC,2007-10-01,1539556,70754,2007,10,2020-01-01,novo_caged_jan2020_anchor + stitched CAGED flows (back/forward)
SC,2007-11-01,1552992,70994,2007,11,2020-01-01,novo_caged_jan2020_anchor + stitched CAGED flows (back/forward)
SC,2007-12-01,1538015,71082,2007,12,2020-01-01,novo_caged_jan2020_anchor + stitched CAGED flows (back/forward)
SC,2008-01-01,1555567,73053,2008,1,2020-01-01,novo_caged_jan2020_anchor + stitched CAGED flows (back/forward)
SC,2008-02-01,1568516,73951,2008,2,2020-01-01,novo_caged_jan2020_anchor + stitched CAGED flows (back/forward)
SC,2008-03-01,1574420,75329,2008,3,2020-01-01,novo_caged_jan2020_anchor + stitched CAGED flows (back/forward)
SC,2008-04-01,1582007,77164,2008,4,2020-01-01,novo_caged_jan2020_anchor + stitched CAGED flows (back/forward)
SC,2008-05-01,1586190,77164,2008,5,2020-01-01,novo_caged_jan2020_anchor + stitched CAGED flows (back/forward)
SC,2008-06-01,1594831,78668,2008,6,2020-01-01,novo_caged_jan2020_anchor + stitched CAGED flows (back/forward)
SC,2008-07-01,1602416,80115,2008,7,2020-01-01,novo_caged_jan2020_anchor + stitched CAGED flows (back/forward)
SC,2008-08-01,1614567,80115,2008,8,2020-01-01,novo_caged_jan2020_anchor + stitched CAGED flows (back/forward)
SC,2008-09-01,1626941,81207,2008,9,2020-01-01,novo_caged_jan2020_anchor + stitched CAGED flows (back/forward)
SC,2008-10-01,1635917,81345,2008,10,2020-01-01,novo_caged_jan2020_anchor + stitched CAGED flows (back/forward)
SC,2008-11-01,1639764,80780,2008,11,2020-01-01,novo_caged_jan2020_anchor + stitched CAGED flows (back/forward)
SC,2008-12-01,1611921,78350,2008,12,2020-01-01,novo_caged_jan2020_anchor + stitched CAGED flows (back/forward)
SC,2009-01-01,1618328,80476,2009,1,2020-01-01,novo_caged_jan2020_anchor + stitched CAGED flows (back/forward)
SC,2009-02-01,1624002,80649,2009,2,2020-01-01,novo_caged_jan2020_anchor + stitched CAGED flows (back/forward)
SC,2009-03-01,1623709,81504,2009,3,2020-01-01,novo_caged_jan2020_anchor + stitched CAGED flows (back/forward)
SC,2009-04-01,1624545,82176,2009,4,2020-01-01,novo_caged_jan2020_anchor + stitched CAGED flows (back/forward)
SC,2009-05-01,1622473,81862,2009,5,2020-01-01,novo_caged_jan2020_anchor + stitched CAGED flows (back/forward)
SC,2009-06-01,1623594,81862,2009,6,2020-01-01,novo_caged_jan2020_anchor + stitched CAGED flows (back/forward)
SC,2009-07-01,1628777,83054,2009,7,2020-01-01,novo_caged_jan2020_anchor + stitched CAGED flows (back/forward)
SC,2009-08-01,1640765,83054,2009,8,2020-01-01,novo_caged_jan2020_anchor + stitched CAGED flows (back/forward)
SC,2009-09-01,1653482,83041,2009,9,2020-01-01,novo_caged_jan2020_anchor + stitched CAGED flows (back/forward)
SC,2009-10-01,1669624,83041,2009,10,2020-01-01,novo_caged_jan2020_anchor + stitched CAGED flows (back/forward)
SC,2009-11-01,1687471,83041,2009,11,2020-01-01,novo_caged_jan2020_anchor + stitched CAGED flows (back/forward)
SC,2009-12-01,1662935,80473,2009,12,2020-01-01,novo_caged_jan2020_anchor + stitched CAGED flows (back/forward)
SC,2010-01-01,1682225,83052,2010,1,2020-01-01,novo_caged_jan2020_anchor + stitched CAGED flows (back/forward)
SC,2010-02-01,1698336,84204,2010,2,2020-01-01,novo_caged_jan2020_anchor + stitched CAGED flows (back/forward)
SC,2010-03-01,1705353,82326,2010,3,2020-01-01,novo_caged_jan2020_anchor + stitched CAGED flows (back/forward)
SC,2010-04-01,1717694,84593,2010,4,2020-01-01,novo_caged_jan2020_anchor + stitched CAGED flows (back/forward)
SC,2010-05-01,1723132,85137,2010,5,2020-01-01,novo_caged_jan2020_anchor + stitched CAGED flows (back/forward)
SC,2010-06-01,1729231,86510,2010,6,2020-01-01,novo_caged_jan2020_anchor + stitched CAGED flows (back/forward)
SC,2010-07-01,1734425,87962,2010,7,2020-01-01,novo_caged_jan2020_anchor + stitched CAGED flows (back/forward)
SC,2010-08-01,1748407,89848,2010,8,2020-01-01,novo_caged_jan2020_anchor + stitched CAGED flows (back/forward)
SC,2010-09-01,1761111,90706,2010,9,2020-01-01,novo_caged_jan2020_anchor + stitched CAGED flows (back/forward)
SC,2010-10-01,1776456,90706,2010,10,2020-01-01,novo_caged_jan2020_anchor + stitched CAGED flows (back/forward)
SC,2010-11-01,1789217,90805,2010,11,2020-01-01,novo_caged_jan2020_anchor + stitched CAGED flows (back/forward)
SC,2010-12-01,1763916,90805,2010,12,2020-01-01,novo_caged_jan2020_anchor + stitched CAGED flows (back/forward)
SC,2011-01-01,1780805,93924,2011,1,2020-01-01,novo_caged_jan2020_anchor + stitched CAGED flows (back/forward)
SC,2011-02-01,1799719,95411,2011,2,2020-01-01,novo_caged_jan2020_anchor + stitched CAGED flows (back/forward)
SC,2011-03-01,1802054,95411,2011,3,2020-01-01,novo_caged_jan2020_anchor + stitched CAGED flows (back/forward)
SC,2011-04-01,1810805,97543,2011,4,2020-01-01,novo_caged_jan2020_anchor + stitched CAGED flows (back/forward)
SC,2011-05-01,1815303,98934,2011,5,2020-01-01,novo_caged_jan2020_anchor + stitched CAGED flows (back/forward)
SC,2011-06-01,1818302,99592,2011,6,2020-01-01,novo_caged_jan2020_anchor + stitched CAGED flows (back/forward)
SC,2011-07-01,1821308,101396,2011,7,2020-01-01,novo_caged_jan2020_anchor + stitched CAGED flows (back/forward)
SC,2011-08-01,1828905,102970,2011,8,2020-01-01,novo_caged_jan2020_anchor + stitched CAGED flows (back/forward)
SC,2011-09-01,1839202,103864,2011,9,2020-01-01,novo_caged_jan2020_anchor + stitched CAGED flows (back/forward)
SC,2011-10-01,1852355,104127,2011,10,2020-01-01,novo_caged_jan2020_anchor + stitched CAGED flows (back/forward)
SC,2011-11-01,1864444,103988,2011,11,2020-01-01,novo_caged_jan2020_anchor + stitched CAGED flows (back/forward)
SC,2011-12-01,1839204,99756,2011,12,2020-01-01,novo_caged_jan2020_anchor + stitched CAGED flows (back/forward)
SC,2012-01-01,1855605,102808,2012,1,2020-01-01,novo_caged_jan2020_anchor + stitched CAGED flows (back/forward)
SC,2012-02-01,1871324,103734,2012,2,2020-01-01,novo_caged_jan2020_anchor + stitched CAGED flows (back/forward)
SC,2012-03-01,1881075,104557,2012,3,2020-01-01,novo_caged_jan2020_anchor + stitched CAGED flows (back/forward)
SC,2012-04-01,1888994,106272,2012,4,2020-01-01,novo_caged_jan2020_anchor + stitched CAGED flows (back/forward)
SC,2012-05-01,1890501,106661,2012,5,2020-01-01,novo_caged_jan2020_anchor + stitched CAGED flows (back/forward)
SC,2012-06-01,1891865,106661,2012,6,2020-01-01,novo_caged_jan2020_anchor + stitched CAGED flows (back/forward)
SC,2012-07-01,1895092,107710,2012,7,2020-01-01,novo_caged_jan2020_anchor + stitched CAGED flows (back/forward)
SC,2012-08-01,1900458,107710,2012,8,2020-01-01,novo_caged_jan2020_anchor + stitched CAGED flows (back/forward)
SC,2012-09-01,1907384,107678,2012,9,2020-01-01,novo_caged_jan2020_anchor + stitched CAGED flows (back/forward)
SC,2012-10-01,1916353,107678,2012,10,2020-01-01,novo_caged_jan2020_anchor + stitched CAGED flows (back/forward)
SC,2012-11-01,1924399,106512,2012,11,2020-01-01,novo_caged_jan2020_anchor + stitched CAGED flows (back/forward)
SC,2012-12-01,1893044,102531,2012,12,2020-01-01,novo_caged_jan2020_anchor + stitched CAGED flows (back/forward)
SC,2013-01-01,1911973,102531,2013,1,2020-01-01,novo_caged_jan2020_anchor + stitched CAGED flows (back/forward)
SC,2013-02-01,1927045,103044,2013,2,2020-01-01,novo_caged_jan2020_anchor + stitched CAGED flows (back/forward)
SC,2013-03-01,1935028,103120,2013,3,2020-01-01,novo_caged_jan2020_anchor + stitched CAGED flows (back/forward)
SC,2013-04-01,1945301,106228,2013,4,2020-01-01,novo_caged_jan2020_anchor + stitched CAGED flows (back/forward)
SC,2013-05-01,1947705,107129,2013,5,2020-01-01,novo_caged_jan2020_anchor + stitched CAGED flows (back/forward)
SC,2013-06-01,1953232,107557,2013,6,2020-01-01,novo_caged_jan2020_anchor + stitched CAGED flows (back/forward)
SC,2013-07-01,1954576,108139,2013,7,2020-01-01,novo_caged_jan2020_anchor + stitched CAGED flows (back/forward)
SC,2013-08-01,1963244,108980,2013,8,2020-01-01,novo_caged_jan2020_anchor + stitched CAGED flows (back/forward)
SC,2013-09-01,1974468,109081,2013,9,2020-01-01,novo_caged_jan2020_anchor + stitched CAGED flows (back/forward)
SC,2013-10-01,1986518,109081,2013,10,2020-01-01,novo_caged_jan2020_anchor + stitched CAGED flows (back/forward)
SC,2013-11-01,1996156,108244,2013,11,2020-01-01,novo_caged_jan2020_anchor + stitched CAGED flows (back/forward)
SC,2013-12-01,1961826,103792,2013,12,2020-01-01,novo_caged_jan2020_anchor + stitched CAGED flows (back/forward)
SC,2014-01-01,1980143,107396,2014,1,2020-01-01,novo_caged_jan2020_anchor + stitched CAGED flows (back/forward)
SC,2014-02-01,2008034,109633,2014,2,2020-01-01,novo_caged_jan2020_anchor + stitched CAGED flows (back/forward)
SC,2014-03-01,2014448,109959,2014,3,2020-01-01,novo_caged_jan2020_anchor + stitched CAGED flows (back/forward)
SC,2014-04-01,2021204,112290,2014,4,2020-01-01,novo_caged_jan2020_anchor + stitched CAGED flows (back/forward)
SC,2014-05-01,2021203,112290,2014,5,2020-01-01,novo_caged_jan2020_anchor + stitched CAGED flows (back/forward)
SC,2014-06-01,2021126,112421,2014,6,2020-01-01,novo_caged_jan2020_anchor + stitched CAGED flows (back/forward)
SC,2014-07-01,2019273,112935,2014,7,2020-01-01,novo_caged_jan2020_anchor + stitched CAGED flows (back/forward)
SC,2014-08-01,2025872,113774,2014,8,2020-01-01,novo_caged_jan2020_anchor + stitched CAGED flows (back/forward)
SC,2014-09-01,2032905,113666,2014,9,2020-01-01,novo_caged_jan2020_anchor + stitched CAGED flows (back/forward)
SC,2014-10-01,2037878,112999,2014,10,2020-01-01,novo_caged_jan2020_anchor + stitched CAGED flows (back/forward)
SC,2014-11-01,2046338,111994,2014,11,2020-01-01,novo_caged_jan2020_anchor + stitched CAGED flows (back/forward)
SC,2014-12-01,2009647,111994,2014,12,2020-01-01,novo_caged_jan2020_anchor + stitched CAGED flows (back/forward)
SC,2015-01-01,2024284,111994,2015,1,2020-01-01,novo_caged_jan2020_anchor + stitched CAGED flows (back/forward)
SC,2015-02-01,2036392,112234,2015,2,2020-01-01,novo_caged_jan2020_anchor + stitched CAGED flows (back/forward)
SC,2015-03-01,2040340,112234,2015,3,2020-01-01,novo_caged_jan2020_anchor + stitched CAGED flows (back/forward)
SC,2015-04-01,2036131,112734,2015,4,2020-01-01,novo_caged_jan2020_anchor + stitched CAGED flows (back/forward)
SC,2015-05-01,2029414,111763,2015,5,2020-01-01,novo_caged_jan2020_anchor + stitched CAGED flows (back/forward)
SC,2015-06-01,2021492,111014,2015,6,2020-01-01,novo_caged_jan2020_anchor + stitched CAGED flows (back/forward)
SC,2015-07-01,2006722,111014,2015,7,2020-01-01,novo_caged_jan2020_anchor + stitched CAGED flows (back/forward)
SC,2015-08-01,1999797,110394,2015,8,2020-01-01,novo_caged_jan2020_anchor + stitched CAGED flows (back/forward)
SC,2015-09-01,1995372,109328,2015,9,2020-01-01,novo_caged_jan2020_anchor + stitched CAGED flows (back/forward)
SC,2015-10-01,1990897,107298,2015,10,2020-01-01,novo_caged_jan2020_anchor + stitched CAGED flows (back/forward)
SC,2015-11-01,1984479,107298,2015,11,2020-01-01,novo_caged_jan2020_anchor + stitched CAGED flows (back/forward)
SC,2015-12-01,1949508,102347,2015,12,2020-01-01,novo_caged_jan2020_anchor + stitched CAGED flows (back/forward)
SC,2016-01-01,1956719,103905,2016,1,2020-01-01,novo_caged_jan2020_anchor + stitched CAGED flows (back/forward)
SC,2016-02-01,1961512,102757,2016,2,2020-01-01,novo_caged_jan2020_anchor + stitched CAGED flows (back/forward)
SC,2016-03-01,1957709,102447,2016,3,2020-01-01,novo_caged_jan2020_anchor + stitched CAGED flows (back/forward)
SC,2016-04-01,1954937,103126,2016,4,2020-01-01,novo_caged_jan2020_anchor + stitched CAGED flows (back/forward)
SC,2016-05-01,1950122,103126,2016,5,2020-01-01,novo_caged_jan2020_anchor + stitched CAGED flows (back/forward)
SC,2016-06-01,1941832,102188,2016,6,2020-01-01,novo_caged_jan2020_anchor + stitched CAGED flows (back/forward)
SC,2016-07-01,1936013,101884,2016,7,2020-01-01,novo_caged_jan2020_anchor + stitched CAGED flows (back/forward)
SC,2016-08-01,1939027,101326,2016,8,2020-01-01,novo_caged_jan2020_anchor + stitched CAGED flows (back/forward)
SC,2016-09-01,1942577,100806,2016,9,2020-01-01,novo_caged_jan2020_anchor + stitched CAGED flows (back/forward)
SC,2016-10-01,1943844,99936,2016,10,2020-01-01,novo_caged_jan2020_anchor + stitched CAGED flows (back/forward)
SC,2016-11-01,1942831,97753,2016,11,2020-01-01,novo_caged_jan2020_anchor + stitched CAGED flows (back/forward)
SC,2016-12-01,1916502,93978,2016,12,2020-01-01,novo_caged_jan2020_anchor + stitched CAGED flows (back/forward)
SC,2017-01-01,1927786,95668,2017,1,2020-01-01,novo_caged_jan2020_anchor + stitched CAGED flows (back/forward)
SC,2017-02-01,1942644,96158,2017,2,2020-01-01,novo_caged_jan2020_anchor + stitched CAGED flows (back/forward)
SC,2017-03-01,1938006,96122,2017,3,2020-01-01,novo_caged_jan2020_anchor + stitched CAGED flows (back/forward)
SC,2017-04-01,1939845,96122,2017,4,2020-01-01,novo_caged_jan2020_anchor + stitched CAGED flows (back/forward)
SC,2017-05-01,1939231,95920,2017,5,2020-01-01,novo_caged_jan2020_anchor + stitched CAGED flows (back/forward)
SC,2017-06-01,1937685,95474,2017,6,2020-01-01,novo_caged_jan2020_anchor + stitched CAGED flows (back/forward)
SC,2017-07-01,1937813,95728,2017,7,2020-01-01,novo_caged_jan2020_anchor + stitched CAGED flows (back/forward)
SC,2017-08-01,1943943,96520,2017,8,2020-01-01,novo_caged_jan2020_anchor + stitched CAGED flows (back/forward)
SC,2017-09-01,1951954,96857,2017,9,2020-01-01,novo_caged_jan2020_anchor + stitched CAGED flows (back/forward)
SC,2017-10-01,1960565,96439,2017,10,2020-01-01,novo_caged_jan2020_anchor + stitched CAGED flows (back/forward)
SC,2017-11-01,1965560,95259,2017,11,2020-01-01,novo_caged_jan2020_anchor + stitched CAGED flows (back/forward)
SC,2017-12-01,1943282,95259,2017,12,2020-01-01,novo_caged_jan2020_anchor + stitched CAGED flows (back/forward)
SC,2018-01-01,1960630,97042,2018,1,2020-01-01,novo_caged_jan2020_anchor + stitched CAGED flows (back/forward)
SC,2018-02-01,1976974,97580,2018,2,2020-01-01,novo_caged_jan2020_anchor + stitched CAGED flows (back/forward)
SC,2018-03-01,1978884,97837,2018,3,2020-01-01,novo_caged_jan2020_anchor + stitched CAGED flows (back/forward)
SC,2018-04-01,1984206,99157,2018,4,2020-01-01,novo_caged_jan2020_anchor + stitched CAGED flows (back/forward)
SC,2018-05-01,1979722,98904,2018,5,2020-01-01,novo_caged_jan2020_anchor + stitched CAGED flows (back/forward)
SC,2018-06-01,1975702,98848,2018,6,2020-01-01,novo_caged_jan2020_anchor + stitched CAGED flows (back/forward)
SC,2018-07-01,1975461,98812,2018,7,2020-01-01,novo_caged_jan2020_anchor + stitched CAGED flows (back/forward)
SC,2018-08-01,1979393,99401,2018,8,2020-01-01,novo_caged_jan2020_anchor + stitched CAGED flows (back/forward)
SC,2018-09-01,1986610,99293,2018,9,2020-01-01,novo_caged_jan2020_anchor + stitched CAGED flows (back/forward)
SC,2018-10-01,1996353,99261,2018,10,2020-01-01,novo_caged_jan2020_anchor + stitched CAGED flows (back/forward)
SC,2018-11-01,2005545,98570,2018,11,2020-01-01,novo_caged_jan2020_anchor + stitched CAGED flows (back/forward)
SC,2018-12-01,1982929,95393,2018,12,2020-01-01,novo_caged_jan2020_anchor + stitched CAGED flows (back/forward)
SC,2019-01-01,2003086,95916,2019,1,2020-01-01,novo_caged_jan2020_anchor + stitched CAGED flows (back/forward)
SC,2019-02-01,2028390,97447,2019,2,2020-01-01,novo_caged_jan2020_anchor + stitched CAGED flows (back/forward)
SC,2019-03-01,2025414,97576,2019,3,2020-01-01,novo_caged_jan2020_anchor + stitched CAGED flows (back/forward)
SC,2019-04-01,2031829,99310,2019,4,2020-01-01,novo_caged_jan2020_anchor + stitched CAGED flows (back/forward)
SC,2019-05-01,2030670,99659,2019,5,2020-01-01,novo_caged_jan2020_anchor + stitched CAGED flows (back/forward)
SC,2019-06-01,2031610,100046,2019,6,2020-01-01,novo_caged_jan2020_anchor + stitched CAGED flows (back/forward)
SC,2019-07-01,2035043,101135,2019,7,2020-01-01,novo_caged_jan2020_anchor + stitched CAGED flows (back/forward)
SC,2019-08-01,2041572,101135,2019,8,2020-01-01,novo_caged_jan2020_anchor + stitched CAGED flows (back/forward)
SC,2019-09-01,2054621,101135,2019,9,2020-01-01,novo_caged_jan2020_anchor + stitched CAGED flows (back/forward)
SC,2019-10-01,2066200,101749,2019,10,2020-01-01,novo_caged_jan2020_anchor + stitched CAGED flows (back/forward)
SC,2019-11-01,2076226,101189,2019,11,2020-01-01,novo_caged_jan2020_anchor + stitched CAGED flows (back/forward)
SC,2019-12-01,2051910,98069,2019,12,2020-01-01,novo_caged_jan2020_anchor + stitched CAGED flows (back/forward)
SC,2020-01-01,2081382,100983,2020,1,2020-01-01,novo_caged_jan2020_anchor + stitched CAGED flows (back/forward)
SC,2020-02-01,2101511,102928,2020,2,2020-01-01,novo_caged_jan2020_anchor + stitched CAGED flows (back/forward)
SC,2020-03-01,2092564,102924,2020,3,2020-01-01,novo_caged_jan2020_anchor + stitched CAGED flows (back/forward)
SC,2020-04-01,2013166,99912,2020,4,2020-01-01,novo_caged_jan2020_anchor + stitched CAGED flows (back/forward)
SC,2020-05-01,1987173,98410,2020,5,2020-01-01,novo_caged_jan2020_anchor + stitched CAGED flows (back/forward)
SC,2020-06-01,1988950,98898,2020,6,2020-01-01,novo_caged_jan2020_anchor + stitched CAGED flows (back/forward)
SC,2020-07-01,2002228,100254,2020,7,2020-01-01,novo_caged_jan2020_anchor + stitched CAGED flows (back/forward)
SC,2020-08-01,2019007,101558,2020,8,2020-01-01,novo_caged_jan2020_anchor + stitched CAGED flows (back/forward)
SC,2020-09-01,2044108,102456,2020,9,2020-01-01,novo_caged_jan2020_anchor + stitched CAGED flows (back/forward)
SC,2020-10-01,2075010,102845,2020,10,2020-01-01,novo_caged_jan2020_anchor + stitched CAGED flows (back/forward)
SC,2020-11-01,2105203,102820,2020,11,2020-01-01,novo_caged_jan2020_anchor + stitched CAGED flows (back/forward)
SC,2020-12-01,2088139,99529,2020,12,2020-01-01,novo_caged_jan2020_anchor + stitched CAGED flows (back/forward)
SC,2021-01-01,2119708,103179,2021,1,2020-01-01,novo_caged_jan2020_anchor + stitched CAGED flows (back/forward)
SC,2021-02-01,2153210,105549,2021,2,2020-01-01,novo_caged_jan2020_anchor + stitched CAGED flows (back/forward)
SC,2021-03-01,2172026,107093,2021,3,2020-01-01,novo_caged_jan2020_anchor + stitched CAGED flows (back/forward)
SC,2021-04-01,2181041,109086,2021,4,2020-01-01,novo_caged_jan2020_anchor + stitched CAGED flows (back/forward)
SC,2021-05-01,2193533,110407,2021,5,2020-01-01,novo_caged_jan2020_anchor + stitched CAGED flows (back/forward)
SC,2021-06-01,2209107,111587,2021,6,2020-01-01,novo_caged_jan2020_anchor + stitched CAGED flows (back/forward)
SC,2021-07-01,2221417,113058,2021,7,2020-01-01,novo_caged_jan2020_anchor + stitched CAGED flows (back/forward)
SC,2021-08-01,2241762,114510,2021,8,2020-01-01,novo_caged_jan2020_anchor + stitched CAGED flows (back/forward)
SC,2021-09-01,2260010,115638,2021,9,2020-01-01,novo_caged_jan2020_anchor + stitched CAGED flows (back/forward)
SC,2021-10-01,2277786,116387,2021,10,2020-01-01,novo_caged_jan2020_anchor + stitched CAGED flows (back/forward)
SC,2021-11-01,2295263,116544,2021,11,2020-01-01,novo_caged_jan2020_anchor + stitched CAGED flows (back/forward)
SC,2021-12-01,2255841,112237,2021,12,2020-01-01,novo_caged_jan2020_anchor + stitched CAGED flows (back/forward)
SC,2022-01-01,2279968,115737,2022,1,2020-01-01,novo_caged_jan2020_anchor + stitched CAGED flows (back/forward)
SC,2022-02-01,2311559,119204,2022,2,2020-01-01,novo_caged_jan2020_anchor + stitched CAGED flows (back/forward)
SC,2022-03-01,2318684,121778,2022,3,2020-01-01,novo_caged_jan2020_anchor + stitched CAGED flows (back/forward)
SC,2022-04-01,2326309,123957,2022,4,2020-01-01,novo_caged_jan2020_anchor + stitched CAGED flows (back/forward)
SC,2022-05-01,2333693,125102,2022,5,2020-01-01,novo_caged_jan2020_anchor + stitched CAGED flows (back/forward)
SC,2022-06-01,2343820,126015,2022,6,2020-01-01,novo_caged_jan2020_anchor + stitched CAGED flows (back/forward)
SC,2022-07-01,2348624,127465,2022,7,2020-01-01,novo_caged_jan2020_anchor + stitched CAGED flows (back/forward)
SC,2022-08-01,2359298,128575,2022,8,2020-01-01,novo_caged_jan2020_anchor + stitched CAGED flows (back/forward)
SC,2022-09-01,2374350,129793,2022,9,2020-01-01,novo_caged_jan2020_anchor + stitched CAGED flows (back/forward)
SC,2022-10-01,2381722,129632,2022,10,2020-01-01,novo_caged_jan2020_anchor + stitched CAGED flows (back/forward)
SC,2022-11-01,2385967,128106,2022,11,2020-01-01,novo_caged_jan2020_anchor + stitched CAGED flows (back/forward)
SC,2022-12-01,2346745,122648,2022,12,2020-01-01,novo_caged_jan2020_anchor + stitched CAGED flows (back/forward)
SC,2023-01-01,2363664,126337,2023,1,2020-01-01,novo_caged_jan2020_anchor + stitched CAGED flows (back/forward)
SC,2023-02-01,2383952,127975,2023,2,2020-01-01,novo_caged_jan2020_anchor + stitched CAGED flows (back/forward)
SC,2023-03-01,2395802,130329,2023,3,2020-01-01,novo_caged_jan2020_anchor + stitched CAGED flows (back/forward)
SC,2023-04-01,2403004,132106,2023,4,2020-01-01,novo_caged_jan2020_anchor + stitched CAGED flows (back/forward)
SC,2023-05-01,2406776,132798,2023,5,2020-01-01,novo_caged_jan2020_anchor + stitched CAGED flows (back/forward)
SC,2023-06-01,2408628,132259,2023,6,2020-01-01,novo_caged_jan2020_anchor + stitched CAGED flows (back/forward)
SC,2023-07-01,2410921,133358,2023,7,2020-01-01,novo_caged_jan2020_anchor + stitched CAGED flows (back/forward)
SC,2023-08-01,2417667,134734,2023,8,2020-01-01,novo_caged_jan2020_anchor + stitched CAGED flows (back/forward)
SC,2023-09-01,2429603,135139,2023,9,2020-01-01,novo_caged_jan2020_anchor + stitched CAGED flows (back/forward)
SC,2023-10-01,2441549,135586,2023,10,2020-01-01,novo_caged_jan2020_anchor + stitched CAGED flows (back/forward)
SC,2023-11-01,2447903,133899,2023,11,2020-01-01,novo_caged_jan2020_anchor + stitched CAGED flows (back/forward)
SC,2023-12-01,2409002,128662,2023,12,2020-01-01,novo_caged_jan2020_anchor + stitched CAGED flows (back/forward)
SC,2024-01-01,2435164,132550,2024,1,2020-01-01,novo_caged_jan2020_anchor + stitched CAGED flows (back/forward)
SC,2024-02-01,2461797,134806,2024,2,2020-01-01,novo_caged_jan2020_anchor + stitched CAGED flows (back/forward)
SC,2024-03-01,2476096,136212,2024,3,2020-01-01,novo_caged_jan2020_anchor + stitched CAGED flows (back/forward)
SC,2024-04-01,2490017,138834,2024,4,2020-01-01,novo_caged_jan2020_anchor + stitched CAGED flows (back/forward)
SC,2024-05-01,2494952,139257,2024,5,2020-01-01,novo_caged_jan2020_anchor + stitched CAGED flows (back/forward)
SC,2024-06-01,2505611,140182,2024,6,2020-01-01,novo_caged_jan2020_anchor + stitched CAGED flows (back/forward)
SC,2024-07-01,2518075,141088,2024,7,2020-01-01,novo_caged_jan2020_anchor + stitched CAGED flows (back/forward)
SC,2024-08-01,2526417,141963,2024,8,2020-01-01,novo_caged_jan2020_anchor + stitched CAGED flows (back/forward)
SC,2024-09-01,2539890,142125,2024,9,2020-01-01,novo_caged_jan2020_anchor + stitched CAGED flows (back/forward)
SC,2024-10-01,2550113,142546,2024,10,2020-01-01,novo_caged_jan2020_anchor + stitched CAGED flows (back/forward)
SC,2024-11-01,2559048,140715,2024,11,2020-01-01,novo_caged_jan2020_anchor + stitched CAGED flows (back/forward)
SC,2024-12-01,2515747,134875,2024,12,2020-01-01,novo_caged_jan2020_anchor + stitched CAGED flows (back/forward)
SC,2025-01-01,2539531,139786,2025,1,2020-01-01,novo_caged_jan2020_anchor + stitched CAGED flows (back/forward)
SC,2025-02-01,2570059,143139,2025,2,2020-01-01,novo_caged_jan2020_anchor + stitched CAGED flows (back/forward)
SC,2025-03-01,2580622,144535,2025,3,2020-01-01,novo_caged_jan2020_anchor + stitched CAGED flows (back/forward)
SC,2025-04-01,2589767,146470,2025,4,2020-01-01,novo_caged_jan2020_anchor + stitched CAGED flows (back/forward)
SC,2025-05-01,2589544,146447,2025,5,2020-01-01,novo_caged_jan2020_anchor + stitched CAGED flows (back/forward)
SC,2025-06-01,2595855,147060,2025,6,2020-01-01,novo_caged_jan2020_anchor + stitched CAGED flows (back/forward)
SC,2025-07-01,2599045,147722,2025,7,2020-01-01,novo_caged_jan2020_anchor + stitched CAGED flows (back/forward)
SC,2025-08-01,2599836,147740,2025,8,2020-01-01,novo_caged_jan2020_anchor + stitched CAGED flows (back/forward)
SC,2025-09-01,2611207,148165,2025,9,2020-01-01,novo_caged_jan2020_anchor + stitched CAGED flows (back/forward)
SC,2025-10-01,2618017,147566,2025,10,2020-01-01,novo_caged_jan2020_anchor + stitched CAGED flows (back/forward)
SC,2025-11-01,2623151,145374,2025,11,2020-01-01,novo_caged_jan2020_anchor + stitched CAGED flows (back/forward)
SC,2025-12-01,2574613,138443,2025,12,2020-01-01,novo_caged_jan2020_anchor + stitched CAGED flows (back/forward)
SC,2026-01-01,2594505,142690,2026,1,2020-01-01,novo_caged_jan2020_anchor + stitched CAGED flows (back/forward)
SC,2026-02-01,2617141,145294,2026,2,2020-01-01,novo_caged_jan2020_anchor + stitched CAGED flows (back/forward)
SC,2026-03-01,2634009,148063,2026,3,2020-01-01,novo_caged_jan2020_anchor + stitched CAGED flows (back/forward)
SE,2007-01-01,213900,20071,2007,1,2020-01-01,novo_caged_jan2020_anchor + stitched CAGED flows (back/forward)
SE,2007-02-01,214613,20257,2007,2,2020-01-01,novo_caged_jan2020_anchor + stitched CAGED flows (back/forward)
SE,2007-03-01,213078,20380,2007,3,2020-01-01,novo_caged_jan2020_anchor + stitched CAGED flows (back/forward)
SE,2007-04-01,214233,20558,2007,4,2020-01-01,novo_caged_jan2020_anchor + stitched CAGED flows (back/forward)
SE,2007-05-01,214309,20599,2007,5,2020-01-01,novo_caged_jan2020_anchor + stitched CAGED flows (back/forward)
SE,2007-06-01,215677,20696,2007,6,2020-01-01,novo_caged_jan2020_anchor + stitched CAGED flows (back/forward)
SE,2007-07-01,216346,20874,2007,7,2020-01-01,novo_caged_jan2020_anchor + stitched CAGED flows (back/forward)
SE,2007-08-01,217444,21019,2007,8,2020-01-01,novo_caged_jan2020_anchor + stitched CAGED flows (back/forward)
SE,2007-09-01,220471,21097,2007,9,2020-01-01,novo_caged_jan2020_anchor + stitched CAGED flows (back/forward)
SE,2007-10-01,221543,21188,2007,10,2020-01-01,novo_caged_jan2020_anchor + stitched CAGED flows (back/forward)
SE,2007-11-01,223517,21255,2007,11,2020-01-01,novo_caged_jan2020_anchor + stitched CAGED flows (back/forward)
SE,2007-12-01,222570,21252,2007,12,2020-01-01,novo_caged_jan2020_anchor + stitched CAGED flows (back/forward)
SE,2008-01-01,222614,21150,2008,1,2020-01-01,novo_caged_jan2020_anchor + stitched CAGED flows (back/forward)
SE,2008-02-01,223877,21352,2008,2,2020-01-01,novo_caged_jan2020_anchor + stitched CAGED flows (back/forward)
SE,2008-03-01,223848,21350,2008,3,2020-01-01,novo_caged_jan2020_anchor + stitched CAGED flows (back/forward)
SE,2008-04-01,224171,21694,2008,4,2020-01-01,novo_caged_jan2020_anchor + stitched CAGED flows (back/forward)
SE,2008-05-01,224345,21688,2008,5,2020-01-01,novo_caged_jan2020_anchor + stitched CAGED flows (back/forward)
SE,2008-06-01,225515,21636,2008,6,2020-01-01,novo_caged_jan2020_anchor + stitched CAGED flows (back/forward)
SE,2008-07-01,226295,21948,2008,7,2020-01-01,novo_caged_jan2020_anchor + stitched CAGED flows (back/forward)
SE,2008-08-01,228709,22465,2008,8,2020-01-01,novo_caged_jan2020_anchor + stitched CAGED flows (back/forward)
SE,2008-09-01,232274,22900,2008,9,2020-01-01,novo_caged_jan2020_anchor + stitched CAGED flows (back/forward)
SE,2008-10-01,234318,22939,2008,10,2020-01-01,novo_caged_jan2020_anchor + stitched CAGED flows (back/forward)
SE,2008-11-01,236088,22627,2008,11,2020-01-01,novo_caged_jan2020_anchor + stitched CAGED flows (back/forward)
SE,2008-12-01,233608,22184,2008,12,2020-01-01,novo_caged_jan2020_anchor + stitched CAGED flows (back/forward)
SE,2009-01-01,233289,22519,2009,1,2020-01-01,novo_caged_jan2020_anchor + stitched CAGED flows (back/forward)
SE,2009-02-01,234328,22956,2009,2,2020-01-01,novo_caged_jan2020_anchor + stitched CAGED flows (back/forward)
SE,2009-03-01,232997,23499,2009,3,2020-01-01,novo_caged_jan2020_anchor + stitched CAGED flows (back/forward)
SE,2009-04-01,232254,23704,2009,4,2020-01-01,novo_caged_jan2020_anchor + stitched CAGED flows (back/forward)
SE,2009-05-01,231383,23541,2009,5,2020-01-01,novo_caged_jan2020_anchor + stitched CAGED flows (back/forward)
SE,2009-06-01,232113,23890,2009,6,2020-01-01,novo_caged_jan2020_anchor + stitched CAGED flows (back/forward)
SE,2009-07-01,233279,24403,2009,7,2020-01-01,novo_caged_jan2020_anchor + stitched CAGED flows (back/forward)
SE,2009-08-01,235549,24850,2009,8,2020-01-01,novo_caged_jan2020_anchor + stitched CAGED flows (back/forward)
SE,2009-09-01,239237,25046,2009,9,2020-01-01,novo_caged_jan2020_anchor + stitched CAGED flows (back/forward)
SE,2009-10-01,241978,25046,2009,10,2020-01-01,novo_caged_jan2020_anchor + stitched CAGED flows (back/forward)
SE,2009-11-01,244969,25516,2009,11,2020-01-01,novo_caged_jan2020_anchor + stitched CAGED flows (back/forward)
SE,2009-12-01,244806,24970,2009,12,2020-01-01,novo_caged_jan2020_anchor + stitched CAGED flows (back/forward)
SE,2010-01-01,246100,25527,2010,1,2020-01-01,novo_caged_jan2020_anchor + stitched CAGED flows (back/forward)
SE,2010-02-01,247986,26036,2010,2,2020-01-01,novo_caged_jan2020_anchor + stitched CAGED flows (back/forward)
SE,2010-03-01,246452,26612,2010,3,2020-01-01,novo_caged_jan2020_anchor + stitched CAGED flows (back/forward)
SE,2010-04-01,248040,26807,2010,4,2020-01-01,novo_caged_jan2020_anchor + stitched CAGED flows (back/forward)
SE,2010-05-01,248932,26681,2010,5,2020-01-01,novo_caged_jan2020_anchor + stitched CAGED flows (back/forward)
SE,2010-06-01,250973,26681,2010,6,2020-01-01,novo_caged_jan2020_anchor + stitched CAGED flows (back/forward)
SE,2010-07-01,253201,26995,2010,7,2020-01-01,novo_caged_jan2020_anchor + stitched CAGED flows (back/forward)
SE,2010-08-01,255979,27593,2010,8,2020-01-01,novo_caged_jan2020_anchor + stitched CAGED flows (back/forward)
SE,2010-09-01,258314,28132,2010,9,2020-01-01,novo_caged_jan2020_anchor + stitched CAGED flows (back/forward)
SE,2010-10-01,263091,28132,2010,10,2020-01-01,novo_caged_jan2020_anchor + stitched CAGED flows (back/forward)
SE,2010-11-01,265643,28474,2010,11,2020-01-01,novo_caged_jan2020_anchor + stitched CAGED flows (back/forward)
SE,2010-12-01,264069,27789,2010,12,2020-01-01,novo_caged_jan2020_anchor + stitched CAGED flows (back/forward)
SE,2011-01-01,265799,28538,2011,1,2020-01-01,novo_caged_jan2020_anchor + stitched CAGED flows (back/forward)
SE,2011-02-01,267093,29172,2011,2,2020-01-01,novo_caged_jan2020_anchor + stitched CAGED flows (back/forward)
SE,2011-03-01,266364,29118,2011,3,2020-01-01,novo_caged_jan2020_anchor + stitched CAGED flows (back/forward)
SE,2011-04-01,265225,29245,2011,4,2020-01-01,novo_caged_jan2020_anchor + stitched CAGED flows (back/forward)
SE,2011-05-01,266529,29299,2011,5,2020-01-01,novo_caged_jan2020_anchor + stitched CAGED flows (back/forward)
SE,2011-06-01,267557,29027,2011,6,2020-01-01,novo_caged_jan2020_anchor + stitched CAGED flows (back/forward)
SE,2011-07-01,269232,29293,2011,7,2020-01-01,novo_caged_jan2020_anchor + stitched CAGED flows (back/forward)
SE,2011-08-01,271753,29953,2011,8,2020-01-01,novo_caged_jan2020_anchor + stitched CAGED flows (back/forward)
SE,2011-09-01,276402,30398,2011,9,2020-01-01,novo_caged_jan2020_anchor + stitched CAGED flows (back/forward)
SE,2011-10-01,278641,30327,2011,10,2020-01-01,novo_caged_jan2020_anchor + stitched CAGED flows (back/forward)
SE,2011-11-01,279953,30240,2011,11,2020-01-01,novo_caged_jan2020_anchor + stitched CAGED flows (back/forward)
SE,2011-12-01,278557,29427,2011,12,2020-01-01,novo_caged_jan2020_anchor + stitched CAGED flows (back/forward)
SE,2012-01-01,280338,30614,2012,1,2020-01-01,novo_caged_jan2020_anchor + stitched CAGED flows (back/forward)
SE,2012-02-01,281622,31268,2012,2,2020-01-01,novo_caged_jan2020_anchor + stitched CAGED flows (back/forward)
SE,2012-03-01,281534,32215,2012,3,2020-01-01,novo_caged_jan2020_anchor + stitched CAGED flows (back/forward)
SE,2012-04-01,279346,32301,2012,4,2020-01-01,novo_caged_jan2020_anchor + stitched CAGED flows (back/forward)
SE,2012-05-01,278837,32301,2012,5,2020-01-01,novo_caged_jan2020_anchor + stitched CAGED flows (back/forward)
SE,2012-06-01,279934,32479,2012,6,2020-01-01,novo_caged_jan2020_anchor + stitched CAGED flows (back/forward)
SE,2012-07-01,281400,32673,2012,7,2020-01-01,novo_caged_jan2020_anchor + stitched CAGED flows (back/forward)
SE,2012-08-01,283169,32891,2012,8,2020-01-01,novo_caged_jan2020_anchor + stitched CAGED flows (back/forward)
SE,2012-09-01,284703,33298,2012,9,2020-01-01,novo_caged_jan2020_anchor + stitched CAGED flows (back/forward)
SE,2012-10-01,287842,33038,2012,10,2020-01-01,novo_caged_jan2020_anchor + stitched CAGED flows (back/forward)
SE,2012-11-01,288590,32679,2012,11,2020-01-01,novo_caged_jan2020_anchor + stitched CAGED flows (back/forward)
SE,2012-12-01,285140,31052,2012,12,2020-01-01,novo_caged_jan2020_anchor + stitched CAGED flows (back/forward)
SE,2013-01-01,285117,31052,2013,1,2020-01-01,novo_caged_jan2020_anchor + stitched CAGED flows (back/forward)
SE,2013-02-01,284994,31083,2013,2,2020-01-01,novo_caged_jan2020_anchor + stitched CAGED flows (back/forward)
SE,2013-03-01,281639,31068,2013,3,2020-01-01,novo_caged_jan2020_anchor + stitched CAGED flows (back/forward)
SE,2013-04-01,284159,31654,2013,4,2020-01-01,novo_caged_jan2020_anchor + stitched CAGED flows (back/forward)
SE,2013-05-01,283877,31380,2013,5,2020-01-01,novo_caged_jan2020_anchor + stitched CAGED flows (back/forward)
SE,2013-06-01,284112,31351,2013,6,2020-01-01,novo_caged_jan2020_anchor + stitched CAGED flows (back/forward)
SE,2013-07-01,285763,31463,2013,7,2020-01-01,novo_caged_jan2020_anchor + stitched CAGED flows (back/forward)
SE,2013-08-01,286999,31075,2013,8,2020-01-01,novo_caged_jan2020_anchor + stitched CAGED flows (back/forward)
SE,2013-09-01,289312,31642,2013,9,2020-01-01,novo_caged_jan2020_anchor + stitched CAGED flows (back/forward)
SE,2013-10-01,294305,31796,2013,10,2020-01-01,novo_caged_jan2020_anchor + stitched CAGED flows (back/forward)
SE,2013-11-01,297364,31927,2013,11,2020-01-01,novo_caged_jan2020_anchor + stitched CAGED flows (back/forward)
SE,2013-12-01,295743,30825,2013,12,2020-01-01,novo_caged_jan2020_anchor + stitched CAGED flows (back/forward)
SE,2014-01-01,296885,31772,2014,1,2020-01-01,novo_caged_jan2020_anchor + stitched CAGED flows (back/forward)
SE,2014-02-01,298250,32106,2014,2,2020-01-01,novo_caged_jan2020_anchor + stitched CAGED flows (back/forward)
SE,2014-03-01,297235,32282,2014,3,2020-01-01,novo_caged_jan2020_anchor + stitched CAGED flows (back/forward)
SE,2014-04-01,296869,32577,2014,4,2020-01-01,novo_caged_jan2020_anchor + stitched CAGED flows (back/forward)
SE,2014-05-01,296345,32766,2014,5,2020-01-01,novo_caged_jan2020_anchor + stitched CAGED flows (back/forward)
SE,2014-06-01,296354,32718,2014,6,2020-01-01,novo_caged_jan2020_anchor + stitched CAGED flows (back/forward)
SE,2014-07-01,296150,32477,2014,7,2020-01-01,novo_caged_jan2020_anchor + stitched CAGED flows (back/forward)
SE,2014-08-01,297132,32620,2014,8,2020-01-01,novo_caged_jan2020_anchor + stitched CAGED flows (back/forward)
SE,2014-09-01,301765,32301,2014,9,2020-01-01,novo_caged_jan2020_anchor + stitched CAGED flows (back/forward)
SE,2014-10-01,302345,32093,2014,10,2020-01-01,novo_caged_jan2020_anchor + stitched CAGED flows (back/forward)
SE,2014-11-01,304448,31764,2014,11,2020-01-01,novo_caged_jan2020_anchor + stitched CAGED flows (back/forward)
SE,2014-12-01,302711,31764,2014,12,2020-01-01,novo_caged_jan2020_anchor + stitched CAGED flows (back/forward)
SE,2015-01-01,302332,31764,2015,1,2020-01-01,novo_caged_jan2020_anchor + stitched CAGED flows (back/forward)
SE,2015-02-01,302175,31491,2015,2,2020-01-01,novo_caged_jan2020_anchor + stitched CAGED flows (back/forward)
SE,2015-03-01,302424,31491,2015,3,2020-01-01,novo_caged_jan2020_anchor + stitched CAGED flows (back/forward)
SE,2015-04-01,300385,31300,2015,4,2020-01-01,novo_caged_jan2020_anchor + stitched CAGED flows (back/forward)
SE,2015-05-01,296339,31017,2015,5,2020-01-01,novo_caged_jan2020_anchor + stitched CAGED flows (back/forward)
SE,2015-06-01,296190,30814,2015,6,2020-01-01,novo_caged_jan2020_anchor + stitched CAGED flows (back/forward)
SE,2015-07-01,295108,30814,2015,7,2020-01-01,novo_caged_jan2020_anchor + stitched CAGED flows (back/forward)
SE,2015-08-01,295830,30549,2015,8,2020-01-01,novo_caged_jan2020_anchor + stitched CAGED flows (back/forward)
SE,2015-09-01,297505,30352,2015,9,2020-01-01,novo_caged_jan2020_anchor + stitched CAGED flows (back/forward)
SE,2015-10-01,298568,29994,2015,10,2020-01-01,novo_caged_jan2020_anchor + stitched CAGED flows (back/forward)
SE,2015-11-01,298605,29994,2015,11,2020-01-01,novo_caged_jan2020_anchor + stitched CAGED flows (back/forward)
SE,2015-12-01,296355,29100,2015,12,2020-01-01,novo_caged_jan2020_anchor + stitched CAGED flows (back/forward)
SE,2016-01-01,295934,29400,2016,1,2020-01-01,novo_caged_jan2020_anchor + stitched CAGED flows (back/forward)
SE,2016-02-01,293945,29371,2016,2,2020-01-01,novo_caged_jan2020_anchor + stitched CAGED flows (back/forward)
SE,2016-03-01,288118,29115,2016,3,2020-01-01,novo_caged_jan2020_anchor + stitched CAGED flows (back/forward)
SE,2016-04-01,286856,29051,2016,4,2020-01-01,novo_caged_jan2020_anchor + stitched CAGED flows (back/forward)
SE,2016-05-01,285293,28485,2016,5,2020-01-01,novo_caged_jan2020_anchor + stitched CAGED flows (back/forward)
SE,2016-06-01,284646,27848,2016,6,2020-01-01,novo_caged_jan2020_anchor + stitched CAGED flows (back/forward)
SE,2016-07-01,283151,27065,2016,7,2020-01-01,novo_caged_jan2020_anchor + stitched CAGED flows (back/forward)
SE,2016-08-01,282150,26238,2016,8,2020-01-01,novo_caged_jan2020_anchor + stitched CAGED flows (back/forward)
SE,2016-09-01,281754,25461,2016,9,2020-01-01,novo_caged_jan2020_anchor + stitched CAGED flows (back/forward)
SE,2016-10-01,283686,24645,2016,10,2020-01-01,novo_caged_jan2020_anchor + stitched CAGED flows (back/forward)
SE,2016-11-01,283802,24056,2016,11,2020-01-01,novo_caged_jan2020_anchor + stitched CAGED flows (back/forward)
SE,2016-12-01,280905,23038,2016,12,2020-01-01,novo_caged_jan2020_anchor + stitched CAGED flows (back/forward)
SE,2017-01-01,280292,22995,2017,1,2020-01-01,novo_caged_jan2020_anchor + stitched CAGED flows (back/forward)
SE,2017-02-01,276880,22858,2017,2,2020-01-01,novo_caged_jan2020_anchor + stitched CAGED flows (back/forward)
SE,2017-03-01,274403,22443,2017,3,2020-01-01,novo_caged_jan2020_anchor + stitched CAGED flows (back/forward)
SE,2017-04-01,274331,22245,2017,4,2020-01-01,novo_caged_jan2020_anchor + stitched CAGED flows (back/forward)
SE,2017-05-01,274198,21902,2017,5,2020-01-01,novo_caged_jan2020_anchor + stitched CAGED flows (back/forward)
SE,2017-06-01,274832,21490,2017,6,2020-01-01,novo_caged_jan2020_anchor + stitched CAGED flows (back/forward)
SE,2017-07-01,274523,21480,2017,7,2020-01-01,novo_caged_jan2020_anchor + stitched CAGED flows (back/forward)
SE,2017-08-01,274679,21507,2017,8,2020-01-01,novo_caged_jan2020_anchor + stitched CAGED flows (back/forward)
SE,2017-09-01,274095,21266,2017,9,2020-01-01,novo_caged_jan2020_anchor + stitched CAGED flows (back/forward)
SE,2017-10-01,279586,21311,2017,10,2020-01-01,novo_caged_jan2020_anchor + stitched CAGED flows (back/forward)
SE,2017-11-01,279630,21161,2017,11,2020-01-01,novo_caged_jan2020_anchor + stitched CAGED flows (back/forward)
SE,2017-12-01,278478,20707,2017,12,2020-01-01,novo_caged_jan2020_anchor + stitched CAGED flows (back/forward)
SE,2018-01-01,277690,20899,2018,1,2020-01-01,novo_caged_jan2020_anchor + stitched CAGED flows (back/forward)
SE,2018-02-01,276759,21203,2018,2,2020-01-01,novo_caged_jan2020_anchor + stitched CAGED flows (back/forward)
SE,2018-03-01,274282,21307,2018,3,2020-01-01,novo_caged_jan2020_anchor + stitched CAGED flows (back/forward)
SE,2018-04-01,274548,21364,2018,4,2020-01-01,novo_caged_jan2020_anchor + stitched CAGED flows (back/forward)
SE,2018-05-01,274389,21419,2018,5,2020-01-01,novo_caged_jan2020_anchor + stitched CAGED flows (back/forward)
SE,2018-06-01,274526,21440,2018,6,2020-01-01,novo_caged_jan2020_anchor + stitched CAGED flows (back/forward)
SE,2018-07-01,274224,21439,2018,7,2020-01-01,novo_caged_jan2020_anchor + stitched CAGED flows (back/forward)
SE,2018-08-01,273631,21312,2018,8,2020-01-01,novo_caged_jan2020_anchor + stitched CAGED flows (back/forward)
SE,2018-09-01,277594,21560,2018,9,2020-01-01,novo_caged_jan2020_anchor + stitched CAGED flows (back/forward)
SE,2018-10-01,280034,21950,2018,10,2020-01-01,novo_caged_jan2020_anchor + stitched CAGED flows (back/forward)
SE,2018-11-01,279964,22027,2018,11,2020-01-01,novo_caged_jan2020_anchor + stitched CAGED flows (back/forward)
SE,2018-12-01,278285,21445,2018,12,2020-01-01,novo_caged_jan2020_anchor + stitched CAGED flows (back/forward)
SE,2019-01-01,276528,21445,2019,1,2020-01-01,novo_caged_jan2020_anchor + stitched CAGED flows (back/forward)
SE,2019-02-01,274366,21478,2019,2,2020-01-01,novo_caged_jan2020_anchor + stitched CAGED flows (back/forward)
SE,2019-03-01,273216,21478,2019,3,2020-01-01,novo_caged_jan2020_anchor + stitched CAGED flows (back/forward)
SE,2019-04-01,273865,21583,2019,4,2020-01-01,novo_caged_jan2020_anchor + stitched CAGED flows (back/forward)
SE,2019-05-01,273996,21517,2019,5,2020-01-01,novo_caged_jan2020_anchor + stitched CAGED flows (back/forward)
SE,2019-06-01,274261,21165,2019,6,2020-01-01,novo_caged_jan2020_anchor + stitched CAGED flows (back/forward)
SE,2019-07-01,273818,21225,2019,7,2020-01-01,novo_caged_jan2020_anchor + stitched CAGED flows (back/forward)
SE,2019-08-01,273193,21194,2019,8,2020-01-01,novo_caged_jan2020_anchor + stitched CAGED flows (back/forward)
SE,2019-09-01,276670,21241,2019,9,2020-01-01,novo_caged_jan2020_anchor + stitched CAGED flows (back/forward)
SE,2019-10-01,279354,21434,2019,10,2020-01-01,novo_caged_jan2020_anchor + stitched CAGED flows (back/forward)
SE,2019-11-01,280843,21472,2019,11,2020-01-01,novo_caged_jan2020_anchor + stitched CAGED flows (back/forward)
SE,2019-12-01,279830,20823,2019,12,2020-01-01,novo_caged_jan2020_anchor + stitched CAGED flows (back/forward)
SE,2020-01-01,280004,21520,2020,1,2020-01-01,novo_caged_jan2020_anchor + stitched CAGED flows (back/forward)
SE,2020-02-01,278080,22014,2020,2,2020-01-01,novo_caged_jan2020_anchor + stitched CAGED flows (back/forward)
SE,2020-03-01,275048,21296,2020,3,2020-01-01,novo_caged_jan2020_anchor + stitched CAGED flows (back/forward)
SE,2020-04-01,269637,20478,2020,4,2020-01-01,novo_caged_jan2020_anchor + stitched CAGED flows (back/forward)
SE,2020-05-01,265742,19477,2020,5,2020-01-01,novo_caged_jan2020_anchor + stitched CAGED flows (back/forward)
SE,2020-06-01,264721,18962,2020,6,2020-01-01,novo_caged_jan2020_anchor + stitched CAGED flows (back/forward)
SE,2020-07-01,263700,18938,2020,7,2020-01-01,novo_caged_jan2020_anchor + stitched CAGED flows (back/forward)
SE,2020-08-01,264306,19512,2020,8,2020-01-01,novo_caged_jan2020_anchor + stitched CAGED flows (back/forward)
SE,2020-09-01,267898,20073,2020,9,2020-01-01,novo_caged_jan2020_anchor + stitched CAGED flows (back/forward)
SE,2020-10-01,271636,20232,2020,10,2020-01-01,novo_caged_jan2020_anchor + stitched CAGED flows (back/forward)
SE,2020-11-01,274438,19999,2020,11,2020-01-01,novo_caged_jan2020_anchor + stitched CAGED flows (back/forward)
SE,2020-12-01,274949,19534,2020,12,2020-01-01,novo_caged_jan2020_anchor + stitched CAGED flows (back/forward)
SE,2021-01-01,275604,19871,2021,1,2020-01-01,novo_caged_jan2020_anchor + stitched CAGED flows (back/forward)
SE,2021-02-01,276098,20050,2021,2,2020-01-01,novo_caged_jan2020_anchor + stitched CAGED flows (back/forward)
SE,2021-03-01,274643,20168,2021,3,2020-01-01,novo_caged_jan2020_anchor + stitched CAGED flows (back/forward)
SE,2021-04-01,274452,19958,2021,4,2020-01-01,novo_caged_jan2020_anchor + stitched CAGED flows (back/forward)
SE,2021-05-01,274967,19915,2021,5,2020-01-01,novo_caged_jan2020_anchor + stitched CAGED flows (back/forward)
SE,2021-06-01,276614,19800,2021,6,2020-01-01,novo_caged_jan2020_anchor + stitched CAGED flows (back/forward)
SE,2021-07-01,278204,20005,2021,7,2020-01-01,novo_caged_jan2020_anchor + stitched CAGED flows (back/forward)
SE,2021-08-01,280255,20717,2021,8,2020-01-01,novo_caged_jan2020_anchor + stitched CAGED flows (back/forward)
SE,2021-09-01,287157,21546,2021,9,2020-01-01,novo_caged_jan2020_anchor + stitched CAGED flows (back/forward)
SE,2021-10-01,289623,22132,2021,10,2020-01-01,novo_caged_jan2020_anchor + stitched CAGED flows (back/forward)
SE,2021-11-01,291429,22459,2021,11,2020-01-01,novo_caged_jan2020_anchor + stitched CAGED flows (back/forward)
SE,2021-12-01,290793,22570,2021,12,2020-01-01,novo_caged_jan2020_anchor + stitched CAGED flows (back/forward)
SE,2022-01-01,290098,22954,2022,1,2020-01-01,novo_caged_jan2020_anchor + stitched CAGED flows (back/forward)
SE,2022-02-01,292106,23368,2022,2,2020-01-01,novo_caged_jan2020_anchor + stitched CAGED flows (back/forward)
SE,2022-03-01,289582,23593,2022,3,2020-01-01,novo_caged_jan2020_anchor + stitched CAGED flows (back/forward)
SE,2022-04-01,291419,23831,2022,4,2020-01-01,novo_caged_jan2020_anchor + stitched CAGED flows (back/forward)
SE,2022-05-01,292365,23781,2022,5,2020-01-01,novo_caged_jan2020_anchor + stitched CAGED flows (back/forward)
SE,2022-06-01,293309,23422,2022,6,2020-01-01,novo_caged_jan2020_anchor + stitched CAGED flows (back/forward)
SE,2022-07-01,294175,23681,2022,7,2020-01-01,novo_caged_jan2020_anchor + stitched CAGED flows (back/forward)
SE,2022-08-01,296137,23802,2022,8,2020-01-01,novo_caged_jan2020_anchor + stitched CAGED flows (back/forward)
SE,2022-09-01,301555,24403,2022,9,2020-01-01,novo_caged_jan2020_anchor + stitched CAGED flows (back/forward)
SE,2022-10-01,302628,24474,2022,10,2020-01-01,novo_caged_jan2020_anchor + stitched CAGED flows (back/forward)
SE,2022-11-01,303902,24619,2022,11,2020-01-01,novo_caged_jan2020_anchor + stitched CAGED flows (back/forward)
SE,2022-12-01,302576,24358,2022,12,2020-01-01,novo_caged_jan2020_anchor + stitched CAGED flows (back/forward)
SE,2023-01-01,301973,24782,2023,1,2020-01-01,novo_caged_jan2020_anchor + stitched CAGED flows (back/forward)
SE,2023-02-01,303333,25006,2023,2,2020-01-01,novo_caged_jan2020_anchor + stitched CAGED flows (back/forward)
SE,2023-03-01,304758,25146,2023,3,2020-01-01,novo_caged_jan2020_anchor + stitched CAGED flows (back/forward)
SE,2023-04-01,304237,25211,2023,4,2020-01-01,novo_caged_jan2020_anchor + stitched CAGED flows (back/forward)
SE,2023-05-01,304054,25252,2023,5,2020-01-01,novo_caged_jan2020_anchor + stitched CAGED flows (back/forward)
SE,2023-06-01,304693,25292,2023,6,2020-01-01,novo_caged_jan2020_anchor + stitched CAGED flows (back/forward)
SE,2023-07-01,305212,25467,2023,7,2020-01-01,novo_caged_jan2020_anchor + stitched CAGED flows (back/forward)
SE,2023-08-01,307619,25758,2023,8,2020-01-01,novo_caged_jan2020_anchor + stitched CAGED flows (back/forward)
SE,2023-09-01,313507,25938,2023,9,2020-01-01,novo_caged_jan2020_anchor + stitched CAGED flows (back/forward)
SE,2023-10-01,315125,26211,2023,10,2020-01-01,novo_caged_jan2020_anchor + stitched CAGED flows (back/forward)
SE,2023-11-01,316808,26432,2023,11,2020-01-01,novo_caged_jan2020_anchor + stitched CAGED flows (back/forward)
SE,2023-12-01,315950,26227,2023,12,2020-01-01,novo_caged_jan2020_anchor + stitched CAGED flows (back/forward)
SE,2024-01-01,317022,26664,2024,1,2020-01-01,novo_caged_jan2020_anchor + stitched CAGED flows (back/forward)
SE,2024-02-01,318659,27123,2024,2,2020-01-01,novo_caged_jan2020_anchor + stitched CAGED flows (back/forward)
SE,2024-03-01,316826,27547,2024,3,2020-01-01,novo_caged_jan2020_anchor + stitched CAGED flows (back/forward)
SE,2024-04-01,318420,27915,2024,4,2020-01-01,novo_caged_jan2020_anchor + stitched CAGED flows (back/forward)
SE,2024-05-01,319206,27962,2024,5,2020-01-01,novo_caged_jan2020_anchor + stitched CAGED flows (back/forward)
SE,2024-06-01,321058,28053,2024,6,2020-01-01,novo_caged_jan2020_anchor + stitched CAGED flows (back/forward)
SE,2024-07-01,322311,28206,2024,7,2020-01-01,novo_caged_jan2020_anchor + stitched CAGED flows (back/forward)
SE,2024-08-01,325164,28646,2024,8,2020-01-01,novo_caged_jan2020_anchor + stitched CAGED flows (back/forward)
SE,2024-09-01,330846,29173,2024,9,2020-01-01,novo_caged_jan2020_anchor + stitched CAGED flows (back/forward)
SE,2024-10-01,331985,29268,2024,10,2020-01-01,novo_caged_jan2020_anchor + stitched CAGED flows (back/forward)
SE,2024-11-01,333635,29162,2024,11,2020-01-01,novo_caged_jan2020_anchor + stitched CAGED flows (back/forward)
SE,2024-12-01,331504,28503,2024,12,2020-01-01,novo_caged_jan2020_anchor + stitched CAGED flows (back/forward)
SE,2025-01-01,331007,28580,2025,1,2020-01-01,novo_caged_jan2020_anchor + stitched CAGED flows (back/forward)
SE,2025-02-01,332171,29258,2025,2,2020-01-01,novo_caged_jan2020_anchor + stitched CAGED flows (back/forward)
SE,2025-03-01,330664,29330,2025,3,2020-01-01,novo_caged_jan2020_anchor + stitched CAGED flows (back/forward)
SE,2025-04-01,333557,29985,2025,4,2020-01-01,novo_caged_jan2020_anchor + stitched CAGED flows (back/forward)
SE,2025-05-01,335589,30548,2025,5,2020-01-01,novo_caged_jan2020_anchor + stitched CAGED flows (back/forward)
SE,2025-06-01,338008,30730,2025,6,2020-01-01,novo_caged_jan2020_anchor + stitched CAGED flows (back/forward)
SE,2025-07-01,338100,30658,2025,7,2020-01-01,novo_caged_jan2020_anchor + stitched CAGED flows (back/forward)
SE,2025-08-01,340495,31358,2025,8,2020-01-01,novo_caged_jan2020_anchor + stitched CAGED flows (back/forward)
SE,2025-09-01,346429,32228,2025,9,2020-01-01,novo_caged_jan2020_anchor + stitched CAGED flows (back/forward)
SE,2025-10-01,347632,32640,2025,10,2020-01-01,novo_caged_jan2020_anchor + stitched CAGED flows (back/forward)
SE,2025-11-01,349695,33080,2025,11,2020-01-01,novo_caged_jan2020_anchor + stitched CAGED flows (back/forward)
SE,2025-12-01,347103,32525,2025,12,2020-01-01,novo_caged_jan2020_anchor + stitched CAGED flows (back/forward)
SE,2026-01-01,347426,33016,2026,1,2020-01-01,novo_caged_jan2020_anchor + stitched CAGED flows (back/forward)
SE,2026-02-01,349847,33718,2026,2,2020-01-01,novo_caged_jan2020_anchor + stitched CAGED flows (back/forward)
SE,2026-03-01,349509,33821,2026,3,2020-01-01,novo_caged_jan2020_anchor + stitched CAGED flows (back/forward)
SP,2007-01-01,9809149,492451,2007,1,2020-01-01,novo_caged_jan2020_anchor + stitched CAGED flows (back/forward)
SP,2007-02-01,9892559,493579,2007,2,2020-01-01,novo_caged_jan2020_anchor + stitched CAGED flows (back/forward)
SP,2007-03-01,9959782,494874,2007,3,2020-01-01,novo_caged_jan2020_anchor + stitched CAGED flows (back/forward)
SP,2007-04-01,10089202,496138,2007,4,2020-01-01,novo_caged_jan2020_anchor + stitched CAGED flows (back/forward)
SP,2007-05-01,10170669,497686,2007,5,2020-01-01,novo_caged_jan2020_anchor + stitched CAGED flows (back/forward)
SP,2007-06-01,10236152,499628,2007,6,2020-01-01,novo_caged_jan2020_anchor + stitched CAGED flows (back/forward)
SP,2007-07-01,10295559,502615,2007,7,2020-01-01,novo_caged_jan2020_anchor + stitched CAGED flows (back/forward)
SP,2007-08-01,10354608,504559,2007,8,2020-01-01,novo_caged_jan2020_anchor + stitched CAGED flows (back/forward)
SP,2007-09-01,10432026,506995,2007,9,2020-01-01,novo_caged_jan2020_anchor + stitched CAGED flows (back/forward)
SP,2007-10-01,10505144,509613,2007,10,2020-01-01,novo_caged_jan2020_anchor + stitched CAGED flows (back/forward)
SP,2007-11-01,10535421,511367,2007,11,2020-01-01,novo_caged_jan2020_anchor + stitched CAGED flows (back/forward)
SP,2007-12-01,10361516,511542,2007,12,2020-01-01,novo_caged_jan2020_anchor + stitched CAGED flows (back/forward)
SP,2008-01-01,10426628,525250,2008,1,2020-01-01,novo_caged_jan2020_anchor + stitched CAGED flows (back/forward)
SP,2008-02-01,10525280,534567,2008,2,2020-01-01,novo_caged_jan2020_anchor + stitched CAGED flows (back/forward)
SP,2008-03-01,10615862,544201,2008,3,2020-01-01,novo_caged_jan2020_anchor + stitched CAGED flows (back/forward)
SP,2008-04-01,10760801,553480,2008,4,2020-01-01,novo_caged_jan2020_anchor + stitched CAGED flows (back/forward)
SP,2008-05-01,10836535,553275,2008,5,2020-01-01,novo_caged_jan2020_anchor + stitched CAGED flows (back/forward)
SP,2008-06-01,10939261,561094,2008,6,2020-01-01,novo_caged_jan2020_anchor + stitched CAGED flows (back/forward)
SP,2008-07-01,11003326,567731,2008,7,2020-01-01,novo_caged_jan2020_anchor + stitched CAGED flows (back/forward)
SP,2008-08-01,11086917,576885,2008,8,2020-01-01,novo_caged_jan2020_anchor + stitched CAGED flows (back/forward)
SP,2008-09-01,11159185,582948,2008,9,2020-01-01,novo_caged_jan2020_anchor + stitched CAGED flows (back/forward)
SP,2008-10-01,11193538,585430,2008,10,2020-01-01,novo_caged_jan2020_anchor + stitched CAGED flows (back/forward)
SP,2008-11-01,11172654,583046,2008,11,2020-01-01,novo_caged_jan2020_anchor + stitched CAGED flows (back/forward)
SP,2008-12-01,10887122,567960,2008,12,2020-01-01,novo_caged_jan2020_anchor + stitched CAGED flows (back/forward)
SP,2009-01-01,10848446,574360,2009,1,2020-01-01,novo_caged_jan2020_anchor + stitched CAGED flows (back/forward)
SP,2009-02-01,10848351,575678,2009,2,2020-01-01,novo_caged_jan2020_anchor + stitched CAGED flows (back/forward)
SP,2009-03-01,10882582,581805,2009,3,2020-01-01,novo_caged_jan2020_anchor + stitched CAGED flows (back/forward)
SP,2009-04-01,10954604,588267,2009,4,2020-01-01,novo_caged_jan2020_anchor + stitched CAGED flows (back/forward)
SP,2009-05-01,10999125,589853,2009,5,2020-01-01,novo_caged_jan2020_anchor + stitched CAGED flows (back/forward)
SP,2009-06-01,11026728,592046,2009,6,2020-01-01,novo_caged_jan2020_anchor + stitched CAGED flows (back/forward)
SP,2009-07-01,11079539,601333,2009,7,2020-01-01,novo_caged_jan2020_anchor + stitched CAGED flows (back/forward)
SP,2009-08-01,11157522,609370,2009,8,2020-01-01,novo_caged_jan2020_anchor + stitched CAGED flows (back/forward)
SP,2009-09-01,11217069,617414,2009,9,2020-01-01,novo_caged_jan2020_anchor + stitched CAGED flows (back/forward)
SP,2009-10-01,11286215,617414,2009,10,2020-01-01,novo_caged_jan2020_anchor + stitched CAGED flows (back/forward)
SP,2009-11-01,11355882,617414,2009,11,2020-01-01,novo_caged_jan2020_anchor + stitched CAGED flows (back/forward)
SP,2009-12-01,11164696,609172,2009,12,2020-01-01,novo_caged_jan2020_anchor + stitched CAGED flows (back/forward)
SP,2010-01-01,11215855,623761,2010,1,2020-01-01,novo_caged_jan2020_anchor + stitched CAGED flows (back/forward)
SP,2010-02-01,11296517,634123,2010,2,2020-01-01,novo_caged_jan2020_anchor + stitched CAGED flows (back/forward)
SP,2010-03-01,11421706,644727,2010,3,2020-01-01,novo_caged_jan2020_anchor + stitched CAGED flows (back/forward)
SP,2010-04-01,11541550,653370,2010,4,2020-01-01,novo_caged_jan2020_anchor + stitched CAGED flows (back/forward)
SP,2010-05-01,11640174,653569,2010,5,2020-01-01,novo_caged_jan2020_anchor + stitched CAGED flows (back/forward)
SP,2010-06-01,11710439,653412,2010,6,2020-01-01,novo_caged_jan2020_anchor + stitched CAGED flows (back/forward)
SP,2010-07-01,11772936,659550,2010,7,2020-01-01,novo_caged_jan2020_anchor + stitched CAGED flows (back/forward)
SP,2010-08-01,11863569,666032,2010,8,2020-01-01,novo_caged_jan2020_anchor + stitched CAGED flows (back/forward)
SP,2010-09-01,11917141,666653,2010,9,2020-01-01,novo_caged_jan2020_anchor + stitched CAGED flows (back/forward)
SP,2010-10-01,11972518,665625,2010,10,2020-01-01,novo_caged_jan2020_anchor + stitched CAGED flows (back/forward)
SP,2010-11-01,11977517,665716,2010,11,2020-01-01,novo_caged_jan2020_anchor + stitched CAGED flows (back/forward)
SP,2010-12-01,11817935,654519,2010,12,2020-01-01,novo_caged_jan2020_anchor + stitched CAGED flows (back/forward)
SP,2011-01-01,11872281,667918,2011,1,2020-01-01,novo_caged_jan2020_anchor + stitched CAGED flows (back/forward)
SP,2011-02-01,11978084,677234,2011,2,2020-01-01,novo_caged_jan2020_anchor + stitched CAGED flows (back/forward)
SP,2011-03-01,12039085,677352,2011,3,2020-01-01,novo_caged_jan2020_anchor + stitched CAGED flows (back/forward)
SP,2011-04-01,12158218,683264,2011,4,2020-01-01,novo_caged_jan2020_anchor + stitched CAGED flows (back/forward)
SP,2011-05-01,12244955,688076,2011,5,2020-01-01,novo_caged_jan2020_anchor + stitched CAGED flows (back/forward)
SP,2011-06-01,12306163,691990,2011,6,2020-01-01,novo_caged_jan2020_anchor + stitched CAGED flows (back/forward)
SP,2011-07-01,12355448,697451,2011,7,2020-01-01,novo_caged_jan2020_anchor + stitched CAGED flows (back/forward)
SP,2011-08-01,12408481,700865,2011,8,2020-01-01,novo_caged_jan2020_anchor + stitched CAGED flows (back/forward)
SP,2011-09-01,12444877,702157,2011,9,2020-01-01,novo_caged_jan2020_anchor + stitched CAGED flows (back/forward)
SP,2011-10-01,12467756,703978,2011,10,2020-01-01,novo_caged_jan2020_anchor + stitched CAGED flows (back/forward)
SP,2011-11-01,12438611,697984,2011,11,2020-01-01,novo_caged_jan2020_anchor + stitched CAGED flows (back/forward)
SP,2011-12-01,12294580,685001,2011,12,2020-01-01,novo_caged_jan2020_anchor + stitched CAGED flows (back/forward)
SP,2012-01-01,12322907,697301,2012,1,2020-01-01,novo_caged_jan2020_anchor + stitched CAGED flows (back/forward)
SP,2012-02-01,12378661,702524,2012,2,2020-01-01,novo_caged_jan2020_anchor + stitched CAGED flows (back/forward)
SP,2012-03-01,12425940,711771,2012,3,2020-01-01,novo_caged_jan2020_anchor + stitched CAGED flows (back/forward)
SP,2012-04-01,12511286,724051,2012,4,2020-01-01,novo_caged_jan2020_anchor + stitched CAGED flows (back/forward)
SP,2012-05-01,12563910,723746,2012,5,2020-01-01,novo_caged_jan2020_anchor + stitched CAGED flows (back/forward)
SP,2012-06-01,12589106,723746,2012,6,2020-01-01,novo_caged_jan2020_anchor + stitched CAGED flows (back/forward)
SP,2012-07-01,12636943,727466,2012,7,2020-01-01,novo_caged_jan2020_anchor + stitched CAGED flows (back/forward)
SP,2012-08-01,12667408,727134,2012,8,2020-01-01,novo_caged_jan2020_anchor + stitched CAGED flows (back/forward)
SP,2012-09-01,12693747,724633,2012,9,2020-01-01,novo_caged_jan2020_anchor + stitched CAGED flows (back/forward)
SP,2012-10-01,12714814,724633,2012,10,2020-01-01,novo_caged_jan2020_anchor + stitched CAGED flows (back/forward)
SP,2012-11-01,12722017,716071,2012,11,2020-01-01,novo_caged_jan2020_anchor + stitched CAGED flows (back/forward)
SP,2012-12-01,12536730,698816,2012,12,2020-01-01,novo_caged_jan2020_anchor + stitched CAGED flows (back/forward)
SP,2013-01-01,12553686,698816,2013,1,2020-01-01,novo_caged_jan2020_anchor + stitched CAGED flows (back/forward)
SP,2013-02-01,12601455,702748,2013,2,2020-01-01,novo_caged_jan2020_anchor + stitched CAGED flows (back/forward)
SP,2013-03-01,12647775,709914,2013,3,2020-01-01,novo_caged_jan2020_anchor + stitched CAGED flows (back/forward)
SP,2013-04-01,12728002,720616,2013,4,2020-01-01,novo_caged_jan2020_anchor + stitched CAGED flows (back/forward)
SP,2013-05-01,12750436,719980,2013,5,2020-01-01,novo_caged_jan2020_anchor + stitched CAGED flows (back/forward)
SP,2013-06-01,12784332,719009,2013,6,2020-01-01,novo_caged_jan2020_anchor + stitched CAGED flows (back/forward)
SP,2013-07-01,12792806,717038,2013,7,2020-01-01,novo_caged_jan2020_anchor + stitched CAGED flows (back/forward)
SP,2013-08-01,12832370,719681,2013,8,2020-01-01,novo_caged_jan2020_anchor + stitched CAGED flows (back/forward)
SP,2013-09-01,12877645,723141,2013,9,2020-01-01,novo_caged_jan2020_anchor + stitched CAGED flows (back/forward)
SP,2013-10-01,12890499,723141,2013,10,2020-01-01,novo_caged_jan2020_anchor + stitched CAGED flows (back/forward)
SP,2013-11-01,12886748,715756,2013,11,2020-01-01,novo_caged_jan2020_anchor + stitched CAGED flows (back/forward)
SP,2013-12-01,12712927,696659,2013,12,2020-01-01,novo_caged_jan2020_anchor + stitched CAGED flows (back/forward)
SP,2014-01-01,12720876,711479,2014,1,2020-01-01,novo_caged_jan2020_anchor + stitched CAGED flows (back/forward)
SP,2014-02-01,12798804,716467,2014,2,2020-01-01,novo_caged_jan2020_anchor + stitched CAGED flows (back/forward)
SP,2014-03-01,12818031,717144,2014,3,2020-01-01,novo_caged_jan2020_anchor + stitched CAGED flows (back/forward)
SP,2014-04-01,12862405,720298,2014,4,2020-01-01,novo_caged_jan2020_anchor + stitched CAGED flows (back/forward)
SP,2014-05-01,12875606,720298,2014,5,2020-01-01,novo_caged_jan2020_anchor + stitched CAGED flows (back/forward)
SP,2014-06-01,12878490,714729,2014,6,2020-01-01,novo_caged_jan2020_anchor + stitched CAGED flows (back/forward)
SP,2014-07-01,12886798,715073,2014,7,2020-01-01,novo_caged_jan2020_anchor + stitched CAGED flows (back/forward)
SP,2014-08-01,12916415,711924,2014,8,2020-01-01,novo_caged_jan2020_anchor + stitched CAGED flows (back/forward)
SP,2014-09-01,12927758,711332,2014,9,2020-01-01,novo_caged_jan2020_anchor + stitched CAGED flows (back/forward)
SP,2014-10-01,12905872,705009,2014,10,2020-01-01,novo_caged_jan2020_anchor + stitched CAGED flows (back/forward)
SP,2014-11-01,12887553,697025,2014,11,2020-01-01,novo_caged_jan2020_anchor + stitched CAGED flows (back/forward)
SP,2014-12-01,12702072,697025,2014,12,2020-01-01,novo_caged_jan2020_anchor + stitched CAGED flows (back/forward)
SP,2015-01-01,12688473,697025,2015,1,2020-01-01,novo_caged_jan2020_anchor + stitched CAGED flows (back/forward)
SP,2015-02-01,12694622,692836,2015,2,2020-01-01,novo_caged_jan2020_anchor + stitched CAGED flows (back/forward)
SP,2015-03-01,12707529,692836,2015,3,2020-01-01,novo_caged_jan2020_anchor + stitched CAGED flows (back/forward)
SP,2015-04-01,12696453,692446,2015,4,2020-01-01,novo_caged_jan2020_anchor + stitched CAGED flows (back/forward)
SP,2015-05-01,12673416,683347,2015,5,2020-01-01,novo_caged_jan2020_anchor + stitched CAGED flows (back/forward)
SP,2015-06-01,12621130,677537,2015,6,2020-01-01,novo_caged_jan2020_anchor + stitched CAGED flows (back/forward)
SP,2015-07-01,12583021,677537,2015,7,2020-01-01,novo_caged_jan2020_anchor + stitched CAGED flows (back/forward)
SP,2015-08-01,12566029,673001,2015,8,2020-01-01,novo_caged_jan2020_anchor + stitched CAGED flows (back/forward)
SP,2015-09-01,12520160,664851,2015,9,2020-01-01,novo_caged_jan2020_anchor + stitched CAGED flows (back/forward)
SP,2015-10-01,12469737,655480,2015,10,2020-01-01,novo_caged_jan2020_anchor + stitched CAGED flows (back/forward)
SP,2015-11-01,12437446,655480,2015,11,2020-01-01,novo_caged_jan2020_anchor + stitched CAGED flows (back/forward)
SP,2015-12-01,12224116,633485,2015,12,2020-01-01,novo_caged_jan2020_anchor + stitched CAGED flows (back/forward)
SP,2016-01-01,12197060,639504,2016,1,2020-01-01,novo_caged_jan2020_anchor + stitched CAGED flows (back/forward)
SP,2016-02-01,12174950,636625,2016,2,2020-01-01,novo_caged_jan2020_anchor + stitched CAGED flows (back/forward)
SP,2016-03-01,12142334,629263,2016,3,2020-01-01,novo_caged_jan2020_anchor + stitched CAGED flows (back/forward)
SP,2016-04-01,12125751,625839,2016,4,2020-01-01,novo_caged_jan2020_anchor + stitched CAGED flows (back/forward)
SP,2016-05-01,12113574,620607,2016,5,2020-01-01,novo_caged_jan2020_anchor + stitched CAGED flows (back/forward)
SP,2016-06-01,12083660,611713,2016,6,2020-01-01,novo_caged_jan2020_anchor + stitched CAGED flows (back/forward)
SP,2016-07-01,12069865,606846,2016,7,2020-01-01,novo_caged_jan2020_anchor + stitched CAGED flows (back/forward)
SP,2016-08-01,12065367,600926,2016,8,2020-01-01,novo_caged_jan2020_anchor + stitched CAGED flows (back/forward)
SP,2016-09-01,12043514,591307,2016,9,2020-01-01,novo_caged_jan2020_anchor + stitched CAGED flows (back/forward)
SP,2016-10-01,12021519,583286,2016,10,2020-01-01,novo_caged_jan2020_anchor + stitched CAGED flows (back/forward)
SP,2016-11-01,11981844,571946,2016,11,2020-01-01,novo_caged_jan2020_anchor + stitched CAGED flows (back/forward)
SP,2016-12-01,11822564,555264,2016,12,2020-01-01,novo_caged_jan2020_anchor + stitched CAGED flows (back/forward)
SP,2017-01-01,11818107,557103,2017,1,2020-01-01,novo_caged_jan2020_anchor + stitched CAGED flows (back/forward)
SP,2017-02-01,11843519,552338,2017,2,2020-01-01,novo_caged_jan2020_anchor + stitched CAGED flows (back/forward)
SP,2017-03-01,11833873,547388,2017,3,2020-01-01,novo_caged_jan2020_anchor + stitched CAGED flows (back/forward)
SP,2017-04-01,11864100,547683,2017,4,2020-01-01,novo_caged_jan2020_anchor + stitched CAGED flows (back/forward)
SP,2017-05-01,11881326,542803,2017,5,2020-01-01,novo_caged_jan2020_anchor + stitched CAGED flows (back/forward)
SP,2017-06-01,11882309,537231,2017,6,2020-01-01,novo_caged_jan2020_anchor + stitched CAGED flows (back/forward)
SP,2017-07-01,11904114,537410,2017,7,2020-01-01,novo_caged_jan2020_anchor + stitched CAGED flows (back/forward)
SP,2017-08-01,11921434,535056,2017,8,2020-01-01,novo_caged_jan2020_anchor + stitched CAGED flows (back/forward)
SP,2017-09-01,11921183,531900,2017,9,2020-01-01,novo_caged_jan2020_anchor + stitched CAGED flows (back/forward)
SP,2017-10-01,11932532,529584,2017,10,2020-01-01,novo_caged_jan2020_anchor + stitched CAGED flows (back/forward)
SP,2017-11-01,11914921,523200,2017,11,2020-01-01,novo_caged_jan2020_anchor + stitched CAGED flows (back/forward)
SP,2017-12-01,11798530,523200,2017,12,2020-01-01,novo_caged_jan2020_anchor + stitched CAGED flows (back/forward)
SP,2018-01-01,11818808,529234,2018,1,2020-01-01,novo_caged_jan2020_anchor + stitched CAGED flows (back/forward)
SP,2018-02-01,11848848,528295,2018,2,2020-01-01,novo_caged_jan2020_anchor + stitched CAGED flows (back/forward)
SP,2018-03-01,11879307,530305,2018,3,2020-01-01,novo_caged_jan2020_anchor + stitched CAGED flows (back/forward)
SP,2018-04-01,11923733,534676,2018,4,2020-01-01,novo_caged_jan2020_anchor + stitched CAGED flows (back/forward)
SP,2018-05-01,11932888,531379,2018,5,2020-01-01,novo_caged_jan2020_anchor + stitched CAGED flows (back/forward)
SP,2018-06-01,11928438,530725,2018,6,2020-01-01,novo_caged_jan2020_anchor + stitched CAGED flows (back/forward)
SP,2018-07-01,11943771,530479,2018,7,2020-01-01,novo_caged_jan2020_anchor + stitched CAGED flows (back/forward)
SP,2018-08-01,11978015,532680,2018,8,2020-01-01,novo_caged_jan2020_anchor + stitched CAGED flows (back/forward)
SP,2018-09-01,12000463,533255,2018,9,2020-01-01,novo_caged_jan2020_anchor + stitched CAGED flows (back/forward)
SP,2018-10-01,12013551,531564,2018,10,2020-01-01,novo_caged_jan2020_anchor + stitched CAGED flows (back/forward)
SP,2018-11-01,12031305,529504,2018,11,2020-01-01,novo_caged_jan2020_anchor + stitched CAGED flows (back/forward)
SP,2018-12-01,11921042,521259,2018,12,2020-01-01,novo_caged_jan2020_anchor + stitched CAGED flows (back/forward)
SP,2019-01-01,11935680,521259,2019,1,2020-01-01,novo_caged_jan2020_anchor + stitched CAGED flows (back/forward)
SP,2019-02-01,11998019,523592,2019,2,2020-01-01,novo_caged_jan2020_anchor + stitched CAGED flows (back/forward)
SP,2019-03-01,11990012,531926,2019,3,2020-01-01,novo_caged_jan2020_anchor + stitched CAGED flows (back/forward)
SP,2019-04-01,12040180,536147,2019,4,2020-01-01,novo_caged_jan2020_anchor + stitched CAGED flows (back/forward)
SP,2019-05-01,12046203,536396,2019,5,2020-01-01,novo_caged_jan2020_anchor + stitched CAGED flows (back/forward)
SP,2019-06-01,12064465,537978,2019,6,2020-01-01,novo_caged_jan2020_anchor + stitched CAGED flows (back/forward)
SP,2019-07-01,12084669,539632,2019,7,2020-01-01,novo_caged_jan2020_anchor + stitched CAGED flows (back/forward)
SP,2019-08-01,12117967,539632,2019,8,2020-01-01,novo_caged_jan2020_anchor + stitched CAGED flows (back/forward)
SP,2019-09-01,12154123,543360,2019,9,2020-01-01,novo_caged_jan2020_anchor + stitched CAGED flows (back/forward)
SP,2019-10-01,12165850,545632,2019,10,2020-01-01,novo_caged_jan2020_anchor + stitched CAGED flows (back/forward)
SP,2019-11-01,12188990,545816,2019,11,2020-01-01,novo_caged_jan2020_anchor + stitched CAGED flows (back/forward)
SP,2019-12-01,12083681,537626,2019,12,2020-01-01,novo_caged_jan2020_anchor + stitched CAGED flows (back/forward)
SP,2020-01-01,12121764,551873,2020,1,2020-01-01,novo_caged_jan2020_anchor + stitched CAGED flows (back/forward)
SP,2020-02-01,12196181,558791,2020,2,2020-01-01,novo_caged_jan2020_anchor + stitched CAGED flows (back/forward)
SP,2020-03-01,12098697,554502,2020,3,2020-01-01,novo_caged_jan2020_anchor + stitched CAGED flows (back/forward)
SP,2020-04-01,11805137,537134,2020,4,2020-01-01,novo_caged_jan2020_anchor + stitched CAGED flows (back/forward)
SP,2020-05-01,11683515,528734,2020,5,2020-01-01,novo_caged_jan2020_anchor + stitched CAGED flows (back/forward)
SP,2020-06-01,11659795,529063,2020,6,2020-01-01,novo_caged_jan2020_anchor + stitched CAGED flows (back/forward)
SP,2020-07-01,11678634,536880,2020,7,2020-01-01,novo_caged_jan2020_anchor + stitched CAGED flows (back/forward)
SP,2020-08-01,11734204,545132,2020,8,2020-01-01,novo_caged_jan2020_anchor + stitched CAGED flows (back/forward)
SP,2020-09-01,11802410,554051,2020,9,2020-01-01,novo_caged_jan2020_anchor + stitched CAGED flows (back/forward)
SP,2020-10-01,11911384,562220,2020,10,2020-01-01,novo_caged_jan2020_anchor + stitched CAGED flows (back/forward)
SP,2020-11-01,12038030,570679,2020,11,2020-01-01,novo_caged_jan2020_anchor + stitched CAGED flows (back/forward)
SP,2020-12-01,11975486,565011,2020,12,2020-01-01,novo_caged_jan2020_anchor + stitched CAGED flows (back/forward)
SP,2021-01-01,12050686,580353,2021,1,2020-01-01,novo_caged_jan2020_anchor + stitched CAGED flows (back/forward)
SP,2021-02-01,12178326,594175,2021,2,2020-01-01,novo_caged_jan2020_anchor + stitched CAGED flows (back/forward)
SP,2021-03-01,12218182,601392,2021,3,2020-01-01,novo_caged_jan2020_anchor + stitched CAGED flows (back/forward)
SP,2021-04-01,12231983,606917,2021,4,2020-01-01,novo_caged_jan2020_anchor + stitched CAGED flows (back/forward)
SP,2021-05-01,12306513,608598,2021,5,2020-01-01,novo_caged_jan2020_anchor + stitched CAGED flows (back/forward)
SP,2021-06-01,12391807,610714,2021,6,2020-01-01,novo_caged_jan2020_anchor + stitched CAGED flows (back/forward)
SP,2021-07-01,12480846,615925,2021,7,2020-01-01,novo_caged_jan2020_anchor + stitched CAGED flows (back/forward)
SP,2021-08-01,12593605,623955,2021,8,2020-01-01,novo_caged_jan2020_anchor + stitched CAGED flows (back/forward)
SP,2021-09-01,12677371,628663,2021,9,2020-01-01,novo_caged_jan2020_anchor + stitched CAGED flows (back/forward)
SP,2021-10-01,12754547,632434,2021,10,2020-01-01,novo_caged_jan2020_anchor + stitched CAGED flows (back/forward)
SP,2021-11-01,12866611,636515,2021,11,2020-01-01,novo_caged_jan2020_anchor + stitched CAGED flows (back/forward)
SP,2021-12-01,12763253,627159,2021,12,2020-01-01,novo_caged_jan2020_anchor + stitched CAGED flows (back/forward)
SP,2022-01-01,12809210,641149,2022,1,2020-01-01,novo_caged_jan2020_anchor + stitched CAGED flows (back/forward)
SP,2022-02-01,12911699,653590,2022,2,2020-01-01,novo_caged_jan2020_anchor + stitched CAGED flows (back/forward)
SP,2022-03-01,12939396,656752,2022,3,2020-01-01,novo_caged_jan2020_anchor + stitched CAGED flows (back/forward)
SP,2022-04-01,12996892,663954,2022,4,2020-01-01,novo_caged_jan2020_anchor + stitched CAGED flows (back/forward)
SP,2022-05-01,13082014,669186,2022,5,2020-01-01,novo_caged_jan2020_anchor + stitched CAGED flows (back/forward)
SP,2022-06-01,13160142,674198,2022,6,2020-01-01,novo_caged_jan2020_anchor + stitched CAGED flows (back/forward)
SP,2022-07-01,13229934,681844,2022,7,2020-01-01,novo_caged_jan2020_anchor + stitched CAGED flows (back/forward)
SP,2022-08-01,13307720,689735,2022,8,2020-01-01,novo_caged_jan2020_anchor + stitched CAGED flows (back/forward)
SP,2022-09-01,13370355,694200,2022,9,2020-01-01,novo_caged_jan2020_anchor + stitched CAGED flows (back/forward)
SP,2022-10-01,13432700,698125,2022,10,2020-01-01,novo_caged_jan2020_anchor + stitched CAGED flows (back/forward)
SP,2022-11-01,13485420,696073,2022,11,2020-01-01,novo_caged_jan2020_anchor + stitched CAGED flows (back/forward)
SP,2022-12-01,13333413,683805,2022,12,2020-01-01,novo_caged_jan2020_anchor + stitched CAGED flows (back/forward)
SP,2023-01-01,13353257,699130,2023,1,2020-01-01,novo_caged_jan2020_anchor + stitched CAGED flows (back/forward)
SP,2023-02-01,13421716,705466,2023,2,2020-01-01,novo_caged_jan2020_anchor + stitched CAGED flows (back/forward)
SP,2023-03-01,13472961,713812,2023,3,2020-01-01,novo_caged_jan2020_anchor + stitched CAGED flows (back/forward)
SP,2023-04-01,13527625,720318,2023,4,2020-01-01,novo_caged_jan2020_anchor + stitched CAGED flows (back/forward)
SP,2023-05-01,13577945,724597,2023,5,2020-01-01,novo_caged_jan2020_anchor + stitched CAGED flows (back/forward)
SP,2023-06-01,13613993,726297,2023,6,2020-01-01,novo_caged_jan2020_anchor + stitched CAGED flows (back/forward)
SP,2023-07-01,13657547,732499,2023,7,2020-01-01,novo_caged_jan2020_anchor + stitched CAGED flows (back/forward)
SP,2023-08-01,13723304,740372,2023,8,2020-01-01,novo_caged_jan2020_anchor + stitched CAGED flows (back/forward)
SP,2023-09-01,13768708,744765,2023,9,2020-01-01,novo_caged_jan2020_anchor + stitched CAGED flows (back/forward)
SP,2023-10-01,13837537,749950,2023,10,2020-01-01,novo_caged_jan2020_anchor + stitched CAGED flows (back/forward)
SP,2023-11-01,13885668,746865,2023,11,2020-01-01,novo_caged_jan2020_anchor + stitched CAGED flows (back/forward)
SP,2023-12-01,13713870,733094,2023,12,2020-01-01,novo_caged_jan2020_anchor + stitched CAGED flows (back/forward)
SP,2024-01-01,13750236,751682,2024,1,2020-01-01,novo_caged_jan2020_anchor + stitched CAGED flows (back/forward)
SP,2024-02-01,13850307,763084,2024,2,2020-01-01,novo_caged_jan2020_anchor + stitched CAGED flows (back/forward)
SP,2024-03-01,13926705,770374,2024,3,2020-01-01,novo_caged_jan2020_anchor + stitched CAGED flows (back/forward)
SP,2024-04-01,14001552,773612,2024,4,2020-01-01,novo_caged_jan2020_anchor + stitched CAGED flows (back/forward)
SP,2024-05-01,14045475,776124,2024,5,2020-01-01,novo_caged_jan2020_anchor + stitched CAGED flows (back/forward)
SP,2024-06-01,14093876,777341,2024,6,2020-01-01,novo_caged_jan2020_anchor + stitched CAGED flows (back/forward)
SP,2024-07-01,14156523,779125,2024,7,2020-01-01,novo_caged_jan2020_anchor + stitched CAGED flows (back/forward)
SP,2024-08-01,14219084,780405,2024,8,2020-01-01,novo_caged_jan2020_anchor + stitched CAGED flows (back/forward)
SP,2024-09-01,14276762,780037,2024,9,2020-01-01,novo_caged_jan2020_anchor + stitched CAGED flows (back/forward)
SP,2024-10-01,14323388,779318,2024,10,2020-01-01,novo_caged_jan2020_anchor + stitched CAGED flows (back/forward)
SP,2024-11-01,14362066,773252,2024,11,2020-01-01,novo_caged_jan2020_anchor + stitched CAGED flows (back/forward)
SP,2024-12-01,14168204,755343,2024,12,2020-01-01,novo_caged_jan2020_anchor + stitched CAGED flows (back/forward)
SP,2025-01-01,14205809,771634,2025,1,2020-01-01,novo_caged_jan2020_anchor + stitched CAGED flows (back/forward)
SP,2025-02-01,14343601,782715,2025,2,2020-01-01,novo_caged_jan2020_anchor + stitched CAGED flows (back/forward)
SP,2025-03-01,14379623,788397,2025,3,2020-01-01,novo_caged_jan2020_anchor + stitched CAGED flows (back/forward)
SP,2025-04-01,14444703,791659,2025,4,2020-01-01,novo_caged_jan2020_anchor + stitched CAGED flows (back/forward)
SP,2025-05-01,14477732,790143,2025,5,2020-01-01,novo_caged_jan2020_anchor + stitched CAGED flows (back/forward)
SP,2025-06-01,14515458,790682,2025,6,2020-01-01,novo_caged_jan2020_anchor + stitched CAGED flows (back/forward)
SP,2025-07-01,14558731,795753,2025,7,2020-01-01,novo_caged_jan2020_anchor + stitched CAGED flows (back/forward)
SP,2025-08-01,14604803,802000,2025,8,2020-01-01,novo_caged_jan2020_anchor + stitched CAGED flows (back/forward)
SP,2025-09-01,14652569,805903,2025,9,2020-01-01,novo_caged_jan2020_anchor + stitched CAGED flows (back/forward)
SP,2025-10-01,14672984,805665,2025,10,2020-01-01,novo_caged_jan2020_anchor + stitched CAGED flows (back/forward)
SP,2025-11-01,14702793,800665,2025,11,2020-01-01,novo_caged_jan2020_anchor + stitched CAGED flows (back/forward)
SP,2025-12-01,14475106,778078,2025,12,2020-01-01,novo_caged_jan2020_anchor + stitched CAGED flows (back/forward)
SP,2026-01-01,14490736,793732,2026,1,2020-01-01,novo_caged_jan2020_anchor + stitched CAGED flows (back/forward)
SP,2026-02-01,14590284,803092,2026,2,2020-01-01,novo_caged_jan2020_anchor + stitched CAGED flows (back/forward)
SP,2026-03-01,14658160,812687,2026,3,2020-01-01,novo_caged_jan2020_anchor + stitched CAGED flows (back/forward)
TO,2007-01-01,148008,14364,2007,1,2020-01-01,novo_caged_jan2020_anchor + stitched CAGED flows (back/forward)
TO,2007-02-01,148953,14388,2007,2,2020-01-01,novo_caged_jan2020_anchor + stitched CAGED flows (back/forward)
TO,2007-03-01,149604,14412,2007,3,2020-01-01,novo_caged_jan2020_anchor + stitched CAGED flows (back/forward)
TO,2007-04-01,151115,14571,2007,4,2020-01-01,novo_caged_jan2020_anchor + stitched CAGED flows (back/forward)
TO,2007-05-01,152349,14909,2007,5,2020-01-01,novo_caged_jan2020_anchor + stitched CAGED flows (back/forward)
TO,2007-06-01,153522,15396,2007,6,2020-01-01,novo_caged_jan2020_anchor + stitched CAGED flows (back/forward)
TO,2007-07-01,154271,16050,2007,7,2020-01-01,novo_caged_jan2020_anchor + stitched CAGED flows (back/forward)
TO,2007-08-01,154970,16624,2007,8,2020-01-01,novo_caged_jan2020_anchor + stitched CAGED flows (back/forward)
TO,2007-09-01,155684,17270,2007,9,2020-01-01,novo_caged_jan2020_anchor + stitched CAGED flows (back/forward)
TO,2007-10-01,156388,18262,2007,10,2020-01-01,novo_caged_jan2020_anchor + stitched CAGED flows (back/forward)
TO,2007-11-01,156774,18881,2007,11,2020-01-01,novo_caged_jan2020_anchor + stitched CAGED flows (back/forward)
TO,2007-12-01,154654,18042,2007,12,2020-01-01,novo_caged_jan2020_anchor + stitched CAGED flows (back/forward)
TO,2008-01-01,155271,18364,2008,1,2020-01-01,novo_caged_jan2020_anchor + stitched CAGED flows (back/forward)
TO,2008-02-01,155661,18006,2008,2,2020-01-01,novo_caged_jan2020_anchor + stitched CAGED flows (back/forward)
TO,2008-03-01,156214,17861,2008,3,2020-01-01,novo_caged_jan2020_anchor + stitched CAGED flows (back/forward)
TO,2008-04-01,157171,18340,2008,4,2020-01-01,novo_caged_jan2020_anchor + stitched CAGED flows (back/forward)
TO,2008-05-01,158506,19424,2008,5,2020-01-01,novo_caged_jan2020_anchor + stitched CAGED flows (back/forward)
TO,2008-06-01,160294,20231,2008,6,2020-01-01,novo_caged_jan2020_anchor + stitched CAGED flows (back/forward)
TO,2008-07-01,160498,20635,2008,7,2020-01-01,novo_caged_jan2020_anchor + stitched CAGED flows (back/forward)
TO,2008-08-01,160849,20621,2008,8,2020-01-01,novo_caged_jan2020_anchor + stitched CAGED flows (back/forward)
TO,2008-09-01,161414,20704,2008,9,2020-01-01,novo_caged_jan2020_anchor + stitched CAGED flows (back/forward)
TO,2008-10-01,160663,19813,2008,10,2020-01-01,novo_caged_jan2020_anchor + stitched CAGED flows (back/forward)
TO,2008-11-01,158692,18610,2008,11,2020-01-01,novo_caged_jan2020_anchor + stitched CAGED flows (back/forward)
TO,2008-12-01,155364,16405,2008,12,2020-01-01,novo_caged_jan2020_anchor + stitched CAGED flows (back/forward)
TO,2009-01-01,155196,16182,2009,1,2020-01-01,novo_caged_jan2020_anchor + stitched CAGED flows (back/forward)
TO,2009-02-01,156223,16266,2009,2,2020-01-01,novo_caged_jan2020_anchor + stitched CAGED flows (back/forward)
TO,2009-03-01,156415,16616,2009,3,2020-01-01,novo_caged_jan2020_anchor + stitched CAGED flows (back/forward)
TO,2009-04-01,157033,17133,2009,4,2020-01-01,novo_caged_jan2020_anchor + stitched CAGED flows (back/forward)
TO,2009-05-01,157055,16909,2009,5,2020-01-01,novo_caged_jan2020_anchor + stitched CAGED flows (back/forward)
TO,2009-06-01,157258,17192,2009,6,2020-01-01,novo_caged_jan2020_anchor + stitched CAGED flows (back/forward)
TO,2009-07-01,158093,17703,2009,7,2020-01-01,novo_caged_jan2020_anchor + stitched CAGED flows (back/forward)
TO,2009-08-01,158284,17551,2009,8,2020-01-01,novo_caged_jan2020_anchor + stitched CAGED flows (back/forward)
TO,2009-09-01,158615,17453,2009,9,2020-01-01,novo_caged_jan2020_anchor + stitched CAGED flows (back/forward)
TO,2009-10-01,159899,17401,2009,10,2020-01-01,novo_caged_jan2020_anchor + stitched CAGED flows (back/forward)
TO,2009-11-01,160193,17363,2009,11,2020-01-01,novo_caged_jan2020_anchor + stitched CAGED flows (back/forward)
TO,2009-12-01,158409,16560,2009,12,2020-01-01,novo_caged_jan2020_anchor + stitched CAGED flows (back/forward)
TO,2010-01-01,158955,16881,2010,1,2020-01-01,novo_caged_jan2020_anchor + stitched CAGED flows (back/forward)
TO,2010-02-01,160213,17306,2010,2,2020-01-01,novo_caged_jan2020_anchor + stitched CAGED flows (back/forward)
TO,2010-03-01,161213,17900,2010,3,2020-01-01,novo_caged_jan2020_anchor + stitched CAGED flows (back/forward)
TO,2010-04-01,162040,18443,2010,4,2020-01-01,novo_caged_jan2020_anchor + stitched CAGED flows (back/forward)
TO,2010-05-01,163582,18443,2010,5,2020-01-01,novo_caged_jan2020_anchor + stitched CAGED flows (back/forward)
TO,2010-06-01,164820,18443,2010,6,2020-01-01,novo_caged_jan2020_anchor + stitched CAGED flows (back/forward)
TO,2010-07-01,165932,19244,2010,7,2020-01-01,novo_caged_jan2020_anchor + stitched CAGED flows (back/forward)
TO,2010-08-01,167689,19489,2010,8,2020-01-01,novo_caged_jan2020_anchor + stitched CAGED flows (back/forward)
TO,2010-09-01,167783,19527,2010,9,2020-01-01,novo_caged_jan2020_anchor + stitched CAGED flows (back/forward)
TO,2010-10-01,167598,19527,2010,10,2020-01-01,novo_caged_jan2020_anchor + stitched CAGED flows (back/forward)
TO,2010-11-01,166879,18248,2010,11,2020-01-01,novo_caged_jan2020_anchor + stitched CAGED flows (back/forward)
TO,2010-12-01,164300,16541,2010,12,2020-01-01,novo_caged_jan2020_anchor + stitched CAGED flows (back/forward)
TO,2011-01-01,164259,16043,2011,1,2020-01-01,novo_caged_jan2020_anchor + stitched CAGED flows (back/forward)
TO,2011-02-01,165312,15900,2011,2,2020-01-01,novo_caged_jan2020_anchor + stitched CAGED flows (back/forward)
TO,2011-03-01,164802,15738,2011,3,2020-01-01,novo_caged_jan2020_anchor + stitched CAGED flows (back/forward)
TO,2011-04-01,165456,15850,2011,4,2020-01-01,novo_caged_jan2020_anchor + stitched CAGED flows (back/forward)
TO,2011-05-01,165779,15725,2011,5,2020-01-01,novo_caged_jan2020_anchor + stitched CAGED flows (back/forward)
TO,2011-06-01,165950,16003,2011,6,2020-01-01,novo_caged_jan2020_anchor + stitched CAGED flows (back/forward)
TO,2011-07-01,166365,16469,2011,7,2020-01-01,novo_caged_jan2020_anchor + stitched CAGED flows (back/forward)
TO,2011-08-01,167194,16438,2011,8,2020-01-01,novo_caged_jan2020_anchor + stitched CAGED flows (back/forward)
TO,2011-09-01,168348,16521,2011,9,2020-01-01,novo_caged_jan2020_anchor + stitched CAGED flows (back/forward)
TO,2011-10-01,169127,16312,2011,10,2020-01-01,novo_caged_jan2020_anchor + stitched CAGED flows (back/forward)
TO,2011-11-01,169296,15197,2011,11,2020-01-01,novo_caged_jan2020_anchor + stitched CAGED flows (back/forward)
TO,2011-12-01,167109,14164,2011,12,2020-01-01,novo_caged_jan2020_anchor + stitched CAGED flows (back/forward)
TO,2012-01-01,167800,14093,2012,1,2020-01-01,novo_caged_jan2020_anchor + stitched CAGED flows (back/forward)
TO,2012-02-01,168981,14175,2012,2,2020-01-01,novo_caged_jan2020_anchor + stitched CAGED flows (back/forward)
TO,2012-03-01,169888,14233,2012,3,2020-01-01,novo_caged_jan2020_anchor + stitched CAGED flows (back/forward)
TO,2012-04-01,170710,14661,2012,4,2020-01-01,novo_caged_jan2020_anchor + stitched CAGED flows (back/forward)
TO,2012-05-01,171647,14661,2012,5,2020-01-01,novo_caged_jan2020_anchor + stitched CAGED flows (back/forward)
TO,2012-06-01,171834,14890,2012,6,2020-01-01,novo_caged_jan2020_anchor + stitched CAGED flows (back/forward)
TO,2012-07-01,171908,14650,2012,7,2020-01-01,novo_caged_jan2020_anchor + stitched CAGED flows (back/forward)
TO,2012-08-01,172227,14432,2012,8,2020-01-01,novo_caged_jan2020_anchor + stitched CAGED flows (back/forward)
TO,2012-09-01,171294,14306,2012,9,2020-01-01,novo_caged_jan2020_anchor + stitched CAGED flows (back/forward)
TO,2012-10-01,170924,14306,2012,10,2020-01-01,novo_caged_jan2020_anchor + stitched CAGED flows (back/forward)
TO,2012-11-01,169985,13865,2012,11,2020-01-01,novo_caged_jan2020_anchor + stitched CAGED flows (back/forward)
TO,2012-12-01,167570,12963,2012,12,2020-01-01,novo_caged_jan2020_anchor + stitched CAGED flows (back/forward)
TO,2013-01-01,167692,13152,2013,1,2020-01-01,novo_caged_jan2020_anchor + stitched CAGED flows (back/forward)
TO,2013-02-01,166908,13225,2013,2,2020-01-01,novo_caged_jan2020_anchor + stitched CAGED flows (back/forward)
TO,2013-03-01,166946,13206,2013,3,2020-01-01,novo_caged_jan2020_anchor + stitched CAGED flows (back/forward)
TO,2013-04-01,167606,13636,2013,4,2020-01-01,novo_caged_jan2020_anchor + stitched CAGED flows (back/forward)
TO,2013-05-01,167434,13773,2013,5,2020-01-01,novo_caged_jan2020_anchor + stitched CAGED flows (back/forward)
TO,2013-06-01,167189,14099,2013,6,2020-01-01,novo_caged_jan2020_anchor + stitched CAGED flows (back/forward)
TO,2013-07-01,167337,14238,2013,7,2020-01-01,novo_caged_jan2020_anchor + stitched CAGED flows (back/forward)
TO,2013-08-01,168060,14171,2013,8,2020-01-01,novo_caged_jan2020_anchor + stitched CAGED flows (back/forward)
TO,2013-09-01,168517,14171,2013,9,2020-01-01,novo_caged_jan2020_anchor + stitched CAGED flows (back/forward)
TO,2013-10-01,169312,14151,2013,10,2020-01-01,novo_caged_jan2020_anchor + stitched CAGED flows (back/forward)
TO,2013-11-01,168613,13567,2013,11,2020-01-01,novo_caged_jan2020_anchor + stitched CAGED flows (back/forward)
TO,2013-12-01,166751,12832,2013,12,2020-01-01,novo_caged_jan2020_anchor + stitched CAGED flows (back/forward)
TO,2014-01-01,167094,12910,2014,1,2020-01-01,novo_caged_jan2020_anchor + stitched CAGED flows (back/forward)
TO,2014-02-01,168278,13046,2014,2,2020-01-01,novo_caged_jan2020_anchor + stitched CAGED flows (back/forward)
TO,2014-03-01,168282,12933,2014,3,2020-01-01,novo_caged_jan2020_anchor + stitched CAGED flows (back/forward)
TO,2014-04-01,168426,13195,2014,4,2020-01-01,novo_caged_jan2020_anchor + stitched CAGED flows (back/forward)
TO,2014-05-01,169104,14131,2014,5,2020-01-01,novo_caged_jan2020_anchor + stitched CAGED flows (back/forward)
TO,2014-06-01,169649,14813,2014,6,2020-01-01,novo_caged_jan2020_anchor + stitched CAGED flows (back/forward)
TO,2014-07-01,171411,15443,2014,7,2020-01-01,novo_caged_jan2020_anchor + stitched CAGED flows (back/forward)
TO,2014-08-01,172777,15889,2014,8,2020-01-01,novo_caged_jan2020_anchor + stitched CAGED flows (back/forward)
TO,2014-09-01,173351,15722,2014,9,2020-01-01,novo_caged_jan2020_anchor + stitched CAGED flows (back/forward)
TO,2014-10-01,172896,15146,2014,10,2020-01-01,novo_caged_jan2020_anchor + stitched CAGED flows (back/forward)
TO,2014-11-01,172175,14301,2014,11,2020-01-01,novo_caged_jan2020_anchor + stitched CAGED flows (back/forward)
TO,2014-12-01,168838,12988,2014,12,2020-01-01,novo_caged_jan2020_anchor + stitched CAGED flows (back/forward)
TO,2015-01-01,168297,12988,2015,1,2020-01-01,novo_caged_jan2020_anchor + stitched CAGED flows (back/forward)
TO,2015-02-01,169395,12966,2015,2,2020-01-01,novo_caged_jan2020_anchor + stitched CAGED flows (back/forward)
TO,2015-03-01,169418,12765,2015,3,2020-01-01,novo_caged_jan2020_anchor + stitched CAGED flows (back/forward)
TO,2015-04-01,169146,12325,2015,4,2020-01-01,novo_caged_jan2020_anchor + stitched CAGED flows (back/forward)
TO,2015-05-01,168886,12481,2015,5,2020-01-01,novo_caged_jan2020_anchor + stitched CAGED flows (back/forward)
TO,2015-06-01,168662,12476,2015,6,2020-01-01,novo_caged_jan2020_anchor + stitched CAGED flows (back/forward)
TO,2015-07-01,167899,12185,2015,7,2020-01-01,novo_caged_jan2020_anchor + stitched CAGED flows (back/forward)
TO,2015-08-01,168053,11866,2015,8,2020-01-01,novo_caged_jan2020_anchor + stitched CAGED flows (back/forward)
TO,2015-09-01,167599,11421,2015,9,2020-01-01,novo_caged_jan2020_anchor + stitched CAGED flows (back/forward)
TO,2015-10-01,167646,11275,2015,10,2020-01-01,novo_caged_jan2020_anchor + stitched CAGED flows (back/forward)
TO,2015-11-01,166444,10786,2015,11,2020-01-01,novo_caged_jan2020_anchor + stitched CAGED flows (back/forward)
TO,2015-12-01,164367,10174,2015,12,2020-01-01,novo_caged_jan2020_anchor + stitched CAGED flows (back/forward)
TO,2016-01-01,164239,10385,2016,1,2020-01-01,novo_caged_jan2020_anchor + stitched CAGED flows (back/forward)
TO,2016-02-01,164327,10472,2016,2,2020-01-01,novo_caged_jan2020_anchor + stitched CAGED flows (back/forward)
TO,2016-03-01,163993,10597,2016,3,2020-01-01,novo_caged_jan2020_anchor + stitched CAGED flows (back/forward)
TO,2016-04-01,163666,10828,2016,4,2020-01-01,novo_caged_jan2020_anchor + stitched CAGED flows (back/forward)
TO,2016-05-01,163359,11114,2016,5,2020-01-01,novo_caged_jan2020_anchor + stitched CAGED flows (back/forward)
TO,2016-06-01,163120,11232,2016,6,2020-01-01,novo_caged_jan2020_anchor + stitched CAGED flows (back/forward)
TO,2016-07-01,162466,11472,2016,7,2020-01-01,novo_caged_jan2020_anchor + stitched CAGED flows (back/forward)
TO,2016-08-01,162823,11630,2016,8,2020-01-01,novo_caged_jan2020_anchor + stitched CAGED flows (back/forward)
TO,2016-09-01,162661,11646,2016,9,2020-01-01,novo_caged_jan2020_anchor + stitched CAGED flows (back/forward)
TO,2016-10-01,162759,11420,2016,10,2020-01-01,novo_caged_jan2020_anchor + stitched CAGED flows (back/forward)
TO,2016-11-01,161411,10584,2016,11,2020-01-01,novo_caged_jan2020_anchor + stitched CAGED flows (back/forward)
TO,2016-12-01,159738,9900,2016,12,2020-01-01,novo_caged_jan2020_anchor + stitched CAGED flows (back/forward)
TO,2017-01-01,159061,9645,2017,1,2020-01-01,novo_caged_jan2020_anchor + stitched CAGED flows (back/forward)
TO,2017-02-01,159696,9834,2017,2,2020-01-01,novo_caged_jan2020_anchor + stitched CAGED flows (back/forward)
TO,2017-03-01,159820,9748,2017,3,2020-01-01,novo_caged_jan2020_anchor + stitched CAGED flows (back/forward)
TO,2017-04-01,159930,9982,2017,4,2020-01-01,novo_caged_jan2020_anchor + stitched CAGED flows (back/forward)
TO,2017-05-01,160371,10359,2017,5,2020-01-01,novo_caged_jan2020_anchor + stitched CAGED flows (back/forward)
TO,2017-06-01,160851,10849,2017,6,2020-01-01,novo_caged_jan2020_anchor + stitched CAGED flows (back/forward)
TO,2017-07-01,160734,10872,2017,7,2020-01-01,novo_caged_jan2020_anchor + stitched CAGED flows (back/forward)
TO,2017-08-01,161849,10702,2017,8,2020-01-01,novo_caged_jan2020_anchor + stitched CAGED flows (back/forward)
TO,2017-09-01,162318,11163,2017,9,2020-01-01,novo_caged_jan2020_anchor + stitched CAGED flows (back/forward)
TO,2017-10-01,162997,11404,2017,10,2020-01-01,novo_caged_jan2020_anchor + stitched CAGED flows (back/forward)
TO,2017-11-01,162667,11208,2017,11,2020-01-01,novo_caged_jan2020_anchor + stitched CAGED flows (back/forward)
TO,2017-12-01,161112,10508,2017,12,2020-01-01,novo_caged_jan2020_anchor + stitched CAGED flows (back/forward)
TO,2018-01-01,161070,10269,2018,1,2020-01-01,novo_caged_jan2020_anchor + stitched CAGED flows (back/forward)
TO,2018-02-01,161173,9998,2018,2,2020-01-01,novo_caged_jan2020_anchor + stitched CAGED flows (back/forward)
TO,2018-03-01,161311,9843,2018,3,2020-01-01,novo_caged_jan2020_anchor + stitched CAGED flows (back/forward)
TO,2018-04-01,161727,9953,2018,4,2020-01-01,novo_caged_jan2020_anchor + stitched CAGED flows (back/forward)
TO,2018-05-01,162740,10960,2018,5,2020-01-01,novo_caged_jan2020_anchor + stitched CAGED flows (back/forward)
TO,2018-06-01,163188,11298,2018,6,2020-01-01,novo_caged_jan2020_anchor + stitched CAGED flows (back/forward)
TO,2018-07-01,163425,11687,2018,7,2020-01-01,novo_caged_jan2020_anchor + stitched CAGED flows (back/forward)
TO,2018-08-01,163880,11743,2018,8,2020-01-01,novo_caged_jan2020_anchor + stitched CAGED flows (back/forward)
TO,2018-09-01,164587,11659,2018,9,2020-01-01,novo_caged_jan2020_anchor + stitched CAGED flows (back/forward)
TO,2018-10-01,165118,11396,2018,10,2020-01-01,novo_caged_jan2020_anchor + stitched CAGED flows (back/forward)
TO,2018-11-01,163983,10297,2018,11,2020-01-01,novo_caged_jan2020_anchor + stitched CAGED flows (back/forward)
TO,2018-12-01,162311,9404,2018,12,2020-01-01,novo_caged_jan2020_anchor + stitched CAGED flows (back/forward)
TO,2019-01-01,161882,9404,2019,1,2020-01-01,novo_caged_jan2020_anchor + stitched CAGED flows (back/forward)
TO,2019-02-01,162998,9219,2019,2,2020-01-01,novo_caged_jan2020_anchor + stitched CAGED flows (back/forward)
TO,2019-03-01,162635,9219,2019,3,2020-01-01,novo_caged_jan2020_anchor + stitched CAGED flows (back/forward)
TO,2019-04-01,162779,8913,2019,4,2020-01-01,novo_caged_jan2020_anchor + stitched CAGED flows (back/forward)
TO,2019-05-01,162823,8761,2019,5,2020-01-01,novo_caged_jan2020_anchor + stitched CAGED flows (back/forward)
TO,2019-06-01,162776,8687,2019,6,2020-01-01,novo_caged_jan2020_anchor + stitched CAGED flows (back/forward)
TO,2019-07-01,162760,8713,2019,7,2020-01-01,novo_caged_jan2020_anchor + stitched CAGED flows (back/forward)
TO,2019-08-01,163578,8729,2019,8,2020-01-01,novo_caged_jan2020_anchor + stitched CAGED flows (back/forward)
TO,2019-09-01,164002,8769,2019,9,2020-01-01,novo_caged_jan2020_anchor + stitched CAGED flows (back/forward)
TO,2019-10-01,164511,8658,2019,10,2020-01-01,novo_caged_jan2020_anchor + stitched CAGED flows (back/forward)
TO,2019-11-01,164396,8449,2019,11,2020-01-01,novo_caged_jan2020_anchor + stitched CAGED flows (back/forward)
TO,2019-12-01,162666,8136,2019,12,2020-01-01,novo_caged_jan2020_anchor + stitched CAGED flows (back/forward)
TO,2020-01-01,162868,8063,2020,1,2020-01-01,novo_caged_jan2020_anchor + stitched CAGED flows (back/forward)
TO,2020-02-01,164349,8011,2020,2,2020-01-01,novo_caged_jan2020_anchor + stitched CAGED flows (back/forward)
TO,2020-03-01,164026,7966,2020,3,2020-01-01,novo_caged_jan2020_anchor + stitched CAGED flows (back/forward)
TO,2020-04-01,160983,7910,2020,4,2020-01-01,novo_caged_jan2020_anchor + stitched CAGED flows (back/forward)
TO,2020-05-01,159460,8384,2020,5,2020-01-01,novo_caged_jan2020_anchor + stitched CAGED flows (back/forward)
TO,2020-06-01,160478,9250,2020,6,2020-01-01,novo_caged_jan2020_anchor + stitched CAGED flows (back/forward)
TO,2020-07-01,162078,10129,2020,7,2020-01-01,novo_caged_jan2020_anchor + stitched CAGED flows (back/forward)
TO,2020-08-01,164091,10815,2020,8,2020-01-01,novo_caged_jan2020_anchor + stitched CAGED flows (back/forward)
TO,2020-09-01,166025,11382,2020,9,2020-01-01,novo_caged_jan2020_anchor + stitched CAGED flows (back/forward)
TO,2020-10-01,167294,11614,2020,10,2020-01-01,novo_caged_jan2020_anchor + stitched CAGED flows (back/forward)
TO,2020-11-01,168120,11688,2020,11,2020-01-01,novo_caged_jan2020_anchor + stitched CAGED flows (back/forward)
TO,2020-12-01,167608,11354,2020,12,2020-01-01,novo_caged_jan2020_anchor + stitched CAGED flows (back/forward)
TO,2021-01-01,169178,11610,2021,1,2020-01-01,novo_caged_jan2020_anchor + stitched CAGED flows (back/forward)
TO,2021-02-01,171710,11673,2021,2,2020-01-01,novo_caged_jan2020_anchor + stitched CAGED flows (back/forward)
TO,2021-03-01,172771,11656,2021,3,2020-01-01,novo_caged_jan2020_anchor + stitched CAGED flows (back/forward)
TO,2021-04-01,173973,12102,2021,4,2020-01-01,novo_caged_jan2020_anchor + stitched CAGED flows (back/forward)
TO,2021-05-01,175850,12564,2021,5,2020-01-01,novo_caged_jan2020_anchor + stitched CAGED flows (back/forward)
TO,2021-06-01,178045,12970,2021,6,2020-01-01,novo_caged_jan2020_anchor + stitched CAGED flows (back/forward)
TO,2021-07-01,179838,12957,2021,7,2020-01-01,novo_caged_jan2020_anchor + stitched CAGED flows (back/forward)
TO,2021-08-01,181618,12677,2021,8,2020-01-01,novo_caged_jan2020_anchor + stitched CAGED flows (back/forward)
TO,2021-09-01,183544,12839,2021,9,2020-01-01,novo_caged_jan2020_anchor + stitched CAGED flows (back/forward)
TO,2021-10-01,185441,13206,2021,10,2020-01-01,novo_caged_jan2020_anchor + stitched CAGED flows (back/forward)
TO,2021-11-01,186745,12921,2021,11,2020-01-01,novo_caged_jan2020_anchor + stitched CAGED flows (back/forward)
TO,2021-12-01,184894,12003,2021,12,2020-01-01,novo_caged_jan2020_anchor + stitched CAGED flows (back/forward)
TO,2022-01-01,186322,11728,2022,1,2020-01-01,novo_caged_jan2020_anchor + stitched CAGED flows (back/forward)
TO,2022-02-01,188733,11468,2022,2,2020-01-01,novo_caged_jan2020_anchor + stitched CAGED flows (back/forward)
TO,2022-03-01,189146,11158,2022,3,2020-01-01,novo_caged_jan2020_anchor + stitched CAGED flows (back/forward)
TO,2022-04-01,189785,11103,2022,4,2020-01-01,novo_caged_jan2020_anchor + stitched CAGED flows (back/forward)
TO,2022-05-01,191632,11557,2022,5,2020-01-01,novo_caged_jan2020_anchor + stitched CAGED flows (back/forward)
TO,2022-06-01,193208,12000,2022,6,2020-01-01,novo_caged_jan2020_anchor + stitched CAGED flows (back/forward)
TO,2022-07-01,195770,12627,2022,7,2020-01-01,novo_caged_jan2020_anchor + stitched CAGED flows (back/forward)
TO,2022-08-01,198057,12930,2022,8,2020-01-01,novo_caged_jan2020_anchor + stitched CAGED flows (back/forward)
TO,2022-09-01,200092,13049,2022,9,2020-01-01,novo_caged_jan2020_anchor + stitched CAGED flows (back/forward)
TO,2022-10-01,201168,12645,2022,10,2020-01-01,novo_caged_jan2020_anchor + stitched CAGED flows (back/forward)
TO,2022-11-01,201914,12539,2022,11,2020-01-01,novo_caged_jan2020_anchor + stitched CAGED flows (back/forward)
TO,2022-12-01,199294,11388,2022,12,2020-01-01,novo_caged_jan2020_anchor + stitched CAGED flows (back/forward)
TO,2023-01-01,200481,11461,2023,1,2020-01-01,novo_caged_jan2020_anchor + stitched CAGED flows (back/forward)
TO,2023-02-01,202494,11470,2023,2,2020-01-01,novo_caged_jan2020_anchor + stitched CAGED flows (back/forward)
TO,2023-03-01,204339,11879,2023,3,2020-01-01,novo_caged_jan2020_anchor + stitched CAGED flows (back/forward)
TO,2023-04-01,205261,11963,2023,4,2020-01-01,novo_caged_jan2020_anchor + stitched CAGED flows (back/forward)
TO,2023-05-01,206411,12176,2023,5,2020-01-01,novo_caged_jan2020_anchor + stitched CAGED flows (back/forward)
TO,2023-06-01,208002,12537,2023,6,2020-01-01,novo_caged_jan2020_anchor + stitched CAGED flows (back/forward)
TO,2023-07-01,209133,12790,2023,7,2020-01-01,novo_caged_jan2020_anchor + stitched CAGED flows (back/forward)
TO,2023-08-01,211506,13158,2023,8,2020-01-01,novo_caged_jan2020_anchor + stitched CAGED flows (back/forward)
TO,2023-09-01,212793,13114,2023,9,2020-01-01,novo_caged_jan2020_anchor + stitched CAGED flows (back/forward)
TO,2023-10-01,214177,13125,2023,10,2020-01-01,novo_caged_jan2020_anchor + stitched CAGED flows (back/forward)
TO,2023-11-01,214594,12853,2023,11,2020-01-01,novo_caged_jan2020_anchor + stitched CAGED flows (back/forward)
TO,2023-12-01,212490,11880,2023,12,2020-01-01,novo_caged_jan2020_anchor + stitched CAGED flows (back/forward)
TO,2024-01-01,213984,12197,2024,1,2020-01-01,novo_caged_jan2020_anchor + stitched CAGED flows (back/forward)
TO,2024-02-01,216278,12373,2024,2,2020-01-01,novo_caged_jan2020_anchor + stitched CAGED flows (back/forward)
TO,2024-03-01,217296,12479,2024,3,2020-01-01,novo_caged_jan2020_anchor + stitched CAGED flows (back/forward)
TO,2024-04-01,218744,12676,2024,4,2020-01-01,novo_caged_jan2020_anchor + stitched CAGED flows (back/forward)
TO,2024-05-01,219331,13092,2024,5,2020-01-01,novo_caged_jan2020_anchor + stitched CAGED flows (back/forward)
TO,2024-06-01,220107,13541,2024,6,2020-01-01,novo_caged_jan2020_anchor + stitched CAGED flows (back/forward)
TO,2024-07-01,220316,13714,2024,7,2020-01-01,novo_caged_jan2020_anchor + stitched CAGED flows (back/forward)
TO,2024-08-01,221498,13719,2024,8,2020-01-01,novo_caged_jan2020_anchor + stitched CAGED flows (back/forward)
TO,2024-09-01,222663,13654,2024,9,2020-01-01,novo_caged_jan2020_anchor + stitched CAGED flows (back/forward)
TO,2024-10-01,224097,13573,2024,10,2020-01-01,novo_caged_jan2020_anchor + stitched CAGED flows (back/forward)
TO,2024-11-01,224264,13200,2024,11,2020-01-01,novo_caged_jan2020_anchor + stitched CAGED flows (back/forward)
TO,2024-12-01,221270,12313,2024,12,2020-01-01,novo_caged_jan2020_anchor + stitched CAGED flows (back/forward)
TO,2025-01-01,223066,12459,2025,1,2020-01-01,novo_caged_jan2020_anchor + stitched CAGED flows (back/forward)
TO,2025-02-01,226501,12882,2025,2,2020-01-01,novo_caged_jan2020_anchor + stitched CAGED flows (back/forward)
TO,2025-03-01,227485,13034,2025,3,2020-01-01,novo_caged_jan2020_anchor + stitched CAGED flows (back/forward)
TO,2025-04-01,229118,13422,2025,4,2020-01-01,novo_caged_jan2020_anchor + stitched CAGED flows (back/forward)
TO,2025-05-01,230171,13815,2025,5,2020-01-01,novo_caged_jan2020_anchor + stitched CAGED flows (back/forward)
TO,2025-06-01,230706,13803,2025,6,2020-01-01,novo_caged_jan2020_anchor + stitched CAGED flows (back/forward)
TO,2025-07-01,230728,13691,2025,7,2020-01-01,novo_caged_jan2020_anchor + stitched CAGED flows (back/forward)
TO,2025-08-01,232059,13638,2025,8,2020-01-01,novo_caged_jan2020_anchor + stitched CAGED flows (back/forward)
TO,2025-09-01,233385,13689,2025,9,2020-01-01,novo_caged_jan2020_anchor + stitched CAGED flows (back/forward)
TO,2025-10-01,233430,13517,2025,10,2020-01-01,novo_caged_jan2020_anchor + stitched CAGED flows (back/forward)
TO,2025-11-01,233058,13330,2025,11,2020-01-01,novo_caged_jan2020_anchor + stitched CAGED flows (back/forward)
TO,2025-12-01,228614,12441,2025,12,2020-01-01,novo_caged_jan2020_anchor + stitched CAGED flows (back/forward)
TO,2026-01-01,230198,12836,2026,1,2020-01-01,novo_caged_jan2020_anchor + stitched CAGED flows (back/forward)
TO,2026-02-01,231548,12952,2026,2,2020-01-01,novo_caged_jan2020_anchor + stitched CAGED flows (back/forward)
TO,2026-03-01,232174,13210,2026,3,2020-01-01,novo_caged_jan2020_anchor + stitched CAGED flows (back/forward)
