uf,descricao_da_uf,co_periodo,year,month,ipva_total_arrecadado_de_ipva,itcmd_total_arrecadado_de_itcmd,taxa_total_arrecadado_de_taxas,ortb_total_arrecadado_de_outras_receitas_tributarias,total_da_arrecadacao_de_outros_tributos,daic_total_arrecadado_de_divida_ativa_de_icms,daip_total_arrecadado_de_divida_ativa_de_ipva,dait_total_arrecadado_de_divida_ativa_de_itcmd,total_de_dividas_ativas,secao_a_agricultura_pecuaria_producao_florestal_pesca_e_aquicultura,divisao_1_agricultura_pecuaria_e_servicos_relacionados,divisao_2_producao_florestal,divisao_3_pesca_e_aquicultura,secao_b_industrias_extrativas,divisao_5_extracao_de_carvao_mineral,divisao_6_extracao_de_petroleo_e_gas_natural,divisao_7_extracao_de_minerais_metalicos,divisao_8_extracao_de_minerais_nao_metalicos,divisao_9_atividades_de_apoio_a_extracao_de_minerais,secao_c_industrias_de_transformacao,divisao_10_fabricacao_de_produtos_alimenticios,divisao_11_fabricacao_de_bebidas,divisao_12_fabricacao_de_produtos_do_fumo,divisao_13_fabricacao_de_produtos_texteis,divisao_14_confeccao_de_artigos_do_vestuario_e_acessorios,divisao_15_preparacao_de_couros_e_fabricacao_de_artefatos_de_couro_artigos_para_viagem_e_calcados,divisao_16_fabricacao_de_produtos_de_madeira,divisao_17_fabricacao_de_celulose_papel_e_produtos_de_papel,divisao_18_impressao_e_reproducao_de_gravacoes,divisao_19_fabricacao_de_coque_de_produtos_derivados_do_petroleo_e_de_biocombustiveis,divisao_20_fabricacao_de_produtos_quimicos,divisao_21_fabricacao_de_produtos_farmoquimicos_e_farmaceuticos,divisao_22_fabricacao_de_produtos_de_borracha_e_de_material_plastico,divisao_23_fabricacao_de_produtos_de_minerais_nao_metalicos,divisao_24_metalurgia,divisao_25_fabricacao_de_produtos_de_metal_exceto_maquinas_e_equipamentos,divisao_26_fabricacao_de_equipamentos_de_informatica_produtos_eletronicos_e_opticos,divisao_27_fabricacao_de_maquinas_aparelhos_e_materiais_eletricos,divisao_28_fabricacao_de_maquinas_e_equipamentos,divisao_29_fabricacao_de_veiculos_automotores_reboques_e_carrocerias,divisao_30_fabricacao_de_outros_equipamentos_de_transporte_exceto_veiculos_automotores,divisao_31_fabricacao_de_moveis,divisao_32_fabricacao_de_produtos_diversos,divisao_33_manutencao_reparacao_e_instalacao_de_maquinas_e_equipamentos,secao_d_eletricidade_e_gas,divisao_35_eletricidade_gas_e_outras_utilidades,secao_e_agua_esgoto_atividades_de_gestao_de_residuos_e_descontaminacao,divisao_36_captacao_tratamento_e_distribuicao_de_agua,divisao_37_esgoto_e_atividades_relacionadas,divisao_38_coleta_tratamento_e_disposicao_de_residuos_recuperacao_de_materiais,divisao_39_descontaminacao_e_outros_servicos_de_gestao_de_residuos,secao_f_construcao,divisao_41_construcao_de_edificios,divisao_42_obras_de_infra_estrutura,divisao_43_servicos_especializados_para_construcao,secao_g_comercio_reparacao_de_veiculos_automotores_e_motocicletas,divisao_45_comercio_e_reparacao_de_veiculos_automotores_e_motocicletas,divisao_46_comercio_por_atacado_exceto_veiculos_automotores_e_motocicletas,divisao_47_comercio_varejista,secao_h_transporte_armazenagem_e_correio,divisao_49_transporte_terrestre,divisao_50_transporte_aquaviario,divisao_51_transporte_aereo,divisao_52_armazenamento_e_atividades_auxiliares_dos_transportes,divisao_53_correio_e_outras_atividades_de_entrega,secao_i_alojamento_e_alimentacao,divisao_56_alimentacao,divisao_55_alojamento,secao_j_informacao_e_comunicacao,divisao_58_edicao_e_edicao_integrada_a_impressao,divisao_59_atividades_cinematograficas_producao_de_videos_e_de_programas_de_televisao_gravacao_de_som_e_edicao_de_musica,divisao_60_atividades_de_radio_e_de_televisao,divisao_61_telecomunicacoes,divisao_62_atividades_dos_servicos_de_tecnologia_da_informacao,divisao_63_atividades_de_prestacao_de_servicos_de_informacao,secao_k_atividades_financeiras_de_seguros_e_servicos_relacionados,divisao_64_atividades_de_servicos_financeiros,divisao_65_seguros_resseguros_previdencia_complementar_e_planos_de_saude,divisao_66_atividades_auxiliares_dos_servicos_financeiros_seguros_previdencia_complementar_e_planos_de_saude,secao_l_atividades_imobiliarias,divisao_68_atividades_imobiliarias,secao_m_atividades_profissionais_cientificas_e_tecnicas,divisao_69_atividades_juridicas_de_contabilidade_e_de_auditoria,divisao_70_atividades_de_sedes_de_empresas_e_de_consultoria_em_gestao_empresarial,divisao_71_servicos_de_arquitetura_e_engenharia_testes_e_analises_tecnicas,divisao_72_pesquisa_e_desenvolvimento_cientifico,divisao_73_publicidade_e_pesquisa_de_mercado,divisao_74_outras_atividades_profissionais_cientificas_e_tecnicas,divisao_75_atividades_veterinarias,secao_n_atividades_administrativas_e_servicos_complementares,divisao_77_alugueis_nao_imobiliarios_e_gestao_de_ativos_intangiveis_nao_financeiros,divisao_78_selecao_agenciamento_e_locacao_de_mao_de_obra,divisao_79_agencias_de_viagens_operadores_turisticos_e_servicos_de_reservas,divisao_80_atividades_de_vigilancia_seguranca_e_investigacao,divisao_81_servicos_para_edificios_e_atividades_paisagisticas,divisao_82_servicos_de_escritorio_de_apoio_administrativo_e_outros_servicos_prestados_as_empresas,secao_o_administracao_publica_defesa_e_seguridade_social,divisao_84_administracao_publica_defesa_e_seguridade_social,secao_p_educacao,divisao_85_educacao,secao_q_saude_humana_e_servicos_sociais,divisao_86_atividades_de_atencao_a_saude_humana,divisao_87_atividades_de_atencao_a_saude_humana_integradas_com_assistencia_social_prestadas_em_residencias_coletivas_e_particulares,divisao_88_servicos_de_assistencia_social_sem_alojamento,secao_r_artes_cultura_esporte_e_recreacao,divisao_90_atividades_artisticas_criativas_e_de_espetaculos,divisao_91_atividades_ligadas_ao_patrimonio_cultural_e_ambiental,divisao_92_atividades_de_exploracao_de_jogos_de_azar_e_apostas,divisao_93_atividades_esportivas_e_de_recreacao_e_lazer,secao_s_outras_atividades_de_servicos,divisao_94_atividades_de_organizacoes_associativas,divisao_95_reparacao_e_manutencao_de_equipamentos_de_informatica_e_comunicacao_e_de_objetos_pessoais_e_domesticos,divisao_96_outras_atividades_de_servicos_pessoais,secao_t_servicos_domesticos,divisao_97_servicos_domesticos,secao_u_organismos_internacionais_e_outras_instituicoes_extraterritoriais,divisao_99_organismos_internacionais_e_outras_instituicoes_extraterritoriais,secao_zz_total_icms_arrecadado_do_cnae_nao_identificado,divisao_zz_total_icms_arrecadado_do_cnae_nao_identificado,total_do_icms_total_da_secao,total_da_arrecadacao_icms_outros_tributos,state_abbrev,state_name,macroregion,is_identified_uf,include_in_panel,competencia,period_date,source_system,source_sheet,source_file,source_series_version,uf_mapping_status
1,AC,202401,2024,1,12317895.11,1874381.87,2169728.06,0,16362005.04,1660437.29,0,0,1660437.29,660527.96,651195.17,8250.15,1082.64,32284.38,0,0,0,32284.38,0,45005763.39,4752754.05,9975965.73,0,9161.81,138013.57,189468.44,140908.19,7026.11,36668.38,19655361.99,542807.11,24889.91,824461.86,1358960.97,680.7,143107.23,566988.62,224893.76,33649.3,5213029.61,1012829.48,64344.58,59455.41,30336.58,18420806.89,18420806.89,9266.54,4224.81,0,5041.73,0,824701.66,690820.13,31019.77,102861.76,91928099.3,5226517.37,49209205.49,37492376.44,366671.64,255713.85,25902.15,10682.13,56113.37,18260.14,705258.95,669517.73,35741.22,5719189.15,59754.88,16328.93,32592.83,5529626.82,56757.76,24127.93,2212.01,2212.01,0,0,10751.23,10751.23,225598.26,1372.25,11226.26,40188.11,0,34496.89,75122.37,63192.38,453215.6,40449.91,8858.06,10964.1,146205.4,42387.88,204350.25,0,0,30952.23,30952.23,48623.91,48619.56,4.35,0,39190.91,5898.29,0,0,33292.62,264969.28,17011.34,157887.19,90070.75,15.64,15.64,0,0,9361890.31,9361890.31,174109989.23999992,190471994.2799999,,,,,,202401,2024-01-01,confaz_boletim_tributos_estaduais,planilha1,confaz_boletim_tributos_estaduais_20260330.xls,20260330,unmapped
2,AL,202401,2024,1,99838246.27,5088834.41,586509.52,10302493.79,115816083.99,3199060.23,120303.09,26768.26,3346131.58,2338931.91,2125525.15,166799.49,46607.27,35802636.53,0,30492473.49,817115.18,1788510.07,2704537.79,226938093.95,19197025.64,56789612.7,261026.56,231560.66,1231967.5,86616.15,244482.99,1749518.01,195904.79,85699195.2,14375035.86,509604.72,9087825.62,5211173.17,1110704.58,2915733.33,1625812.76,1495304.89,2254734.24,18462012.98,1344059.55,1677774.31,826315.24,355092.5,83613310.65,83613310.65,473223.45,27007.27,2029.94,438660.39,5525.85,2487289.13,250807.12,1732596.41,503885.6,347377908.83,25120223.73,180470220.33,141787464.77,19250656.25,14135806.7,1008452.15,31513.43,1144177.38,2930706.59,11472714.6,8905405.51,2567309.09,16267155.23,61116.47,58681.85,87032.99,15818545.16,220625.51,21153.25,113143.85,97082.88,15589.12,471.85,162289.19,162289.19,959728.88,1598.07,52823.02,75655.16,21782.63,69999.62,701337.28,36533.1,1405353.15,241683.17,9228.1,54787.8,347541.37,34851.85,717260.86,213.59,213.59,45251.08,45251.08,79667.31,78868.05,329.61,469.65,72377.1,10615.93,0,0,61761.17,1921878.54,1045928.29,705103.61,170846.64,101.44,101.44,0,0,778058.39,778058.39,751559983.0500001,867376067.0400001,,,,,,202401,2024-01-01,confaz_boletim_tributos_estaduais,planilha1,confaz_boletim_tributos_estaduais_20260330.xls,20260330,unmapped
3,AP,202401,2024,1,9987904.18,184014.79,5436136.3,21197281.56,36805336.83,681113.47,0,0,681113.47,8151.28,4829.71,2348.1,973.47,195443.48,0,731.71,17464.72,177247.05,0,26677191.84,1141509.07,10881488.9,0,2796.68,24752.01,956.25,101834.51,265724.38,9080.12,4727517.68,776285.65,24666.65,782527.86,1751933.1,81123.23,231837.84,284947.82,796251.59,83271.28,4410965.08,88176.32,69258.63,62058.15,78229.04,12420709.74,12420709.74,422534.15,396568.75,0,25965.4,0,157748.42,133116.76,5565.99,19065.67,63520465.6,4295358.96,38301208.8,20923897.84,900926.13,247874.86,347596.18,7955.4,280331.91,17167.78,198526.1,183225.52,15300.58,6329433.36,446.33,75421.1,8202.85,6242840.49,1707.46,815.13,3100.14,3100.14,0,0,397.46,397.46,208678.3,6624.48,109.27,160253.16,0,358.49,38979.74,2353.16,120196.99,1567.91,1.65,445.99,100679.96,2893.5,14607.98,0,0,1654.21,1654.21,691646.28,691523.35,122.93,0,40872.33,2,0,0,40870.33,48785.17,19192.16,19124.82,10468.19,0,0,0,0,14802843.26,14802843.26,126749304.23999998,163554641.07,,,,,,202401,2024-01-01,confaz_boletim_tributos_estaduais,planilha1,confaz_boletim_tributos_estaduais_20260330.xls,20260330,unmapped
4,AM,202401,2024,1,82908121.5,7487989.98,9901349.2,64410519.35,164707980.03,2816458.71,3372443.53,1203.28,6190105.52,28090.76,23765.58,2388.7,1936.48,59819835.34,0,57487245.08,2049360.58,283229.68,0,520211299.52,7256853.48,55971903.32,0,312498.12,284261.94,12359.1,448394.71,1965052.04,230705.18,76600362.85,10682339.76,3636197.28,22096056.72,4739821.96,928238.96,16148803.64,153063410.81,8422887.24,24588312.78,23065719.62,103214045.36,954641.34,5373861.27,214572.04,64276855.61,64276855.61,710134.94,368908.28,43.08,341183.58,0,390258.43,0,34163.97,356094.46,436139812.68,22432621.49,217480158.51,196227032.68,77672818.46,58086296.14,10134145.15,368098.77,9046409.09,37869.31,5511137.11,5510819.91,317.2,27573499.58,87240.27,15885.43,32476.59,27371761.97,65259.96,875.36,0,0,0,0,0,0,9573.84,283.47,0,9288.07,0,2.3,0,0,1180620.53,0,285.82,2460.45,1174736.83,14.5,3122.93,0.54,0.54,0,0,1711.46,1711.46,0,0,938454.91,0,938279.2,0,175.71,279040.28,1409.77,277447.53,182.98,0,0,0,0,36586523.82,36586523.82,1231329667.8099997,1396037647.8399997,,,,,,202401,2024-01-01,confaz_boletim_tributos_estaduais,planilha1,confaz_boletim_tributos_estaduais_20260330.xls,20260330,unmapped
5,BA,202401,2024,1,318147045.3,20544069.51,39619854.96,290722365.95,669033335.72,12949483.45,0,0,12949483.45,11650741.81,10597693.39,714286.2,338762.22,39890820.29,0,24485504.56,5895077.08,8384425.79,1125812.86,1540032802.99,77986909.18,339779295.9,30184.12,5152917.4,3045419.1,2571837.15,1250275.77,19721424.09,340157.86,672990242.7,150649042.7,4256503.12,57563112.32,41798131.57,14041261.64,14915096.93,6163429.81,11869790.8,8314459.28,94354669.66,2941593.04,5302746.71,2691002.88,2303299.26,317739932.2,317739932.2,4759653.37,3509589.76,2293.38,1247698.86,71.37,900245.47,17997.94,52272.61,829974.92,1213556424.54,70584203.44,603963022.3,539009198.8,44676240.53,33929529.24,2026264.55,483277.27,7773853.16,463316.31,35315829.73,29923939.32,5391890.41,91867726.14,314700.76,241152.32,235384.9,90035540.08,618535.78,422412.3,118171.14,116726.31,0,1444.83,155446.59,155446.59,5005454.24,3004.69,141514.13,925640.54,50668.66,226095.47,3527265.67,131265.08,6565259.59,1537288.83,35417.78,88293.55,1956280.54,449671.58,2498307.31,65370.41,65370.41,241116.28,241116.28,50594.86,50260.34,334.52,0,343937.08,43199.53,13562.88,137.02,287037.65,1715809.88,271731.23,1005962.17,438116.48,642.63,642.63,0,0,84673539.47,84673539.47,3399325759.2400002,4068359094.96,,,,,,202401,2024-01-01,confaz_boletim_tributos_estaduais,planilha1,confaz_boletim_tributos_estaduais_20260330.xls,20260330,unmapped
6,CE,202401,2024,1,496557621.35,9745529.97,1358429.4,257854.25,507919434.97,31275672.46,9248485.85,615609.43,41139767.74,2176745.18,1038485.43,66704.2,1071555.55,5506560.24,0,1821055.59,27.65,3685477,0,594789084.19,53432574.09,118463461.64,82599.18,6080072.22,9970478.89,16962261.42,1061492.41,5045663.57,831264.99,250547449.95,18936003.37,2877010.81,12522153.02,25258337.58,6252372.32,8182036.19,2370596.21,7331261.68,3288267.4,34081894.39,3179303.81,5135009.38,2594393.04,303126.63,157483463.27,157483463.27,499735.25,108582.77,54077.87,337074.61,0,1732994.43,933712.89,357293.51,441988.03,732379163.84,60643931.42,436095857.13,235639375.29,28463320.66,23321488.6,3099941.14,224529.89,1550323.16,267037.87,18529638.55,17339766.31,1189872.24,40824002.17,294713.29,1648.04,18356.37,40476937.63,32346.84,0,416216.93,64744.01,351172.11,300.81,45145.73,45145.73,165577.98,94.29,5717.06,107190.83,4910.66,40042.01,7081.97,541.16,2055764.48,274710.7,1011.68,253.62,1287658.2,17167.6,474962.68,9511538.69,9511538.69,151423.87,151423.87,399952.52,393101.97,222.52,6628.03,10698.21,1,135.67,0,10561.54,71203.13,17781.08,4892.01,48530.04,0,0,0,0,38677685.39,38677685.39,1633889914.7100005,2141809349.6800005,,,,,,202401,2024-01-01,confaz_boletim_tributos_estaduais,planilha1,confaz_boletim_tributos_estaduais_20260330.xls,20260330,unmapped
7,DF,202401,2024,1,174004915.1,28037654.65,33677988.19,3870547.25,239591105.19,9550085.1,6976993.99,339182.07,16866261.16,1615085.82,1580428.18,29891.55,4766.09,129026.49,0,0,1056.27,127970.22,0,199804755.02,14871278.66,54830584.3,129194.18,284713.65,511563.4,66274.69,546743.56,258210.37,166297.44,27070380.38,3646511.1,3138054.91,3583098.3,10073542,1139647.63,11574091.23,6023581.62,2555397.21,1061938.68,54677355.12,1010424.61,1064556.55,1518914.25,2401.18,87040988.36,87040988.36,560629.39,34538.12,11880.36,514210.91,0,24900.17,13976.32,7839.09,3084.76,546548609.61,41809381.29,326325244.97,178413983.35,11926760.42,10702823.77,46.78,277346.17,845313.27,101230.43,15678863.62,15645571.63,33291.99,43451486.25,54525.29,225.94,143152.42,43253581.6,0,1,0,0,0,0,0,0,3405.78,0,0,0,0,3405.78,0,0,402456.7,0,0,0,336264.93,0,66191.77,0,0,24.6,24.6,0,0,0,0,8.08,8.08,0,0,0,1641.13,0,1638.01,3.12,0,0,0,0,75259470.7,75259470.7,982448112.1400001,1222039217.3300002,,,,,,202401,2024-01-01,confaz_boletim_tributos_estaduais,planilha1,confaz_boletim_tributos_estaduais_20260330.xls,20260330,unmapped
8,ES,202401,2024,1,67369304.33,15111278.26,66009451.72,95326146.17,243816180.48,9265732.86,45138.31,10104.23,9320975.4,118439.85,0,118439.85,0,2799314.55,0,0,0,2247438.42,551876.13,215531927.05,33160480.32,76449785.85,0,426023.93,2804354.51,105893.64,1241578.67,0,321625.85,0,19929901.96,3052869.05,8395234.62,21089904.03,0,12658994.88,1455326.32,2392929.21,6050311.98,17239273.87,2762162.62,2351790.64,0,3643485.1,0,0,0,0,0,0,0,4361452.81,148655.86,1938255.76,2274541.19,747126451.55,78687924.75,423665607.2,244772919.6,56655328.04,56655328.04,0,0,0,0,13826384.51,13487651.8,338732.71,433941.13,43012.89,51277.83,0,0,339650.41,0,0,0,0,0,49849.64,49849.64,138352.79,0,13311.19,0,0,93922.64,0,31118.96,2647698.58,1286306.66,0,0,423921.68,99243.62,838226.62,0,0,0,0,37985.28,37927.45,57.83,0,50595.5,12927.12,0,0,37668.38,495478.53,41582.63,283836.01,170059.89,173.92,173.92,0,0,755427553,755427553,1799700926.7299998,2043517107.2099998,,,,,,202401,2024-01-01,confaz_boletim_tributos_estaduais,planilha1,confaz_boletim_tributos_estaduais_20260330.xls,20260330,unmapped
9,GO,202401,2024,1,353695135.4,73715904.73,191796343.5,316131612.9,935338996.53,12432038.1,17356666.51,220529.26,30009233.87,44171692.26,39832695.31,4279704.68,59292.27,10710814.16,1848,0,4787138.63,5833055.4,88772.13,645449986.53,116256216.2,128383944.8,430467.34,1450665.91,8002823.49,1414055.29,984652.19,5555967.48,736188.03,194969352.9,42645754.44,18459113.99,15404172.17,14171207.75,4897933.13,13238710.68,2257615.72,2349794.85,7526363.9,55567256.34,1798375.77,4221654.61,3000091.55,1727608,128752076.1,128752076.1,2393725.15,892938.58,40150.59,1458620.02,2015.96,2932244.69,302225.25,836523.15,1793496.29,1184630366.2,109569630.4,693342000.7,381718735.1,62772438.71,58401001.37,258832.89,210447.61,3452373.91,449782.93,20098861.74,17921974.2,2176887.54,46932251.49,118879.86,229596.45,67994.29,46181435.16,221698.07,112647.66,145307.21,128655.07,9312.73,7339.41,239593.39,239593.39,1222367.88,3490.99,98360.2,490442.47,31958.26,278867.83,180557.5,138690.63,10170814.76,1086991.04,26232.17,51048.17,1006023.98,65665.02,7934854.38,1859.22,1859.22,123550.49,123550.49,414008.87,411724.36,182.12,2102.39,449360.8,33912.25,3512.8,0,411935.75,1148969.69,338511.13,540448.64,270009.92,671.49,671.49,0,0,72897925.34,72897925.34,2235658886.17,3170997882.7,,,,,,202401,2024-01-01,confaz_boletim_tributos_estaduais,planilha1,confaz_boletim_tributos_estaduais_20260330.xls,20260330,unmapped
10,MA,202401,2024,1,97476778.91,3207395.25,1187536.32,59999730.1,161871440.58,6420218.17,21637450.22,0,28057668.39,7205846.69,6387749.36,799013.3,19084.03,7735310.85,0,2162115.37,3676184.56,1878742.42,18268.5,203966128.18,11877531.42,108935281.6,68823.04,595225.89,623844.51,457795.89,25369.08,1269931.86,296253.22,3627692.9,24127299.83,637261.87,3813857.37,10934255.07,6103605.28,1550596.61,1062746.73,177147.63,1421748.07,21111038.28,2411486.25,1714008.39,684272.54,439054.85,104913281.4,104913281.4,712869.57,14145.15,10865.03,687859.39,0,3021945.91,1148221.36,1040036.96,833687.59,469207912.21,34749634.81,215352357,219105920.4,31989487.52,28293751.85,1754866.88,10385.2,1811014.56,119469.03,5930184.15,5643528.27,286655.88,26642197.2,28534.87,69168.03,16138.34,26434214.07,47675.3,46466.59,308980.55,306207.17,0,2773.38,123267.62,123267.62,1937820.86,8302.35,24001.46,278230.1,712.1,363072.52,1214918.53,48583.8,2225502,950813.97,18064.41,15393.27,681834.74,64806.59,494589.02,25.2,25.2,60640.47,60640.47,63406.96,60986.27,2419.75,0.94,232563.6,8057.14,0,0,224506.46,418887.96,63333.16,246054.67,109500.13,56.88,56.88,0,0,39558037.31,39558037.31,906254353.0900002,1068125793.6700002,,,,,,202401,2024-01-01,confaz_boletim_tributos_estaduais,planilha1,confaz_boletim_tributos_estaduais_20260330.xls,20260330,unmapped
11,MT,202401,2024,1,86338034.12,10228981.14,10572533.89,27100530.53,134240079.68,13577542.33,7397925.6,303570.75,21279038.68,65928567.9,65406556.73,460645.43,61365.74,13541772.86,0,1189.45,9669119.22,3862815.3,8648.89,539765000.12,122590546.9,110654968.7,235220.47,1055649.78,901042.73,1366815.07,4605595.22,1611003.46,163038,118830432.2,60146966.53,1006378.92,16029284.39,29135226,3602374.1,6097839.15,2340314.08,7749834.74,8476918.14,37475075.67,1685462.67,2134043.56,1168272.95,702696.69,137487161.8,137487161.8,433990.24,35814.62,24537.43,371995.12,1643.07,1204026.62,523952.75,306225.63,373848.24,1037730753.1,102458007.4,578953408.5,356319337.2,75134876.36,62319178.74,65523.67,135808.79,8509405.57,4104959.59,8256779.55,7905085.26,351694.29,20850351.9,29625.73,95356.34,93552.34,20035093.76,390165.28,206558.45,613047.24,397999.38,6990.71,208057.15,330657.54,330657.54,2249682.26,22316.62,5982.75,472205.58,241004.02,153246.58,1315711.92,39214.79,3821384.49,1049467.75,9.91,102299.94,1090179.87,39362.32,1540064.7,47557.85,47557.85,157229.12,157229.12,174171.5,170933.73,1869.63,1368.14,85441.65,17092.44,0,0,68349.21,948783.31,629094.58,159668.6,160020.13,1955.69,1955.69,0,0,0,0,1908763191.1,2043003270.78,RO,Rondonia,North,TRUE,TRUE,202401,2024-01-01,confaz_boletim_tributos_estaduais,planilha1,confaz_boletim_tributos_estaduais_20260330.xls,20260330,mapped
12,MS,202401,2024,1,553511066.51,64364111.38,1956587.2,72522508.11,692354273.2,2674422.11,1817048.99,0,4491471.1,22202027.21,16764172.82,5276072.68,161781.71,8225311.1,0,0,3970876.2,4067757.04,186677.86,580985209.34,81577534.92,86261521.65,3253421.48,3000594.52,4646541.37,2470787.58,1770746.2,13542304.46,326242.02,294694950.33,14471259.12,3541600.69,6700579.37,9585074.31,3269958.35,5539618.5,1713481.27,3917508.71,876545.67,34953926.94,885635.2,882498.09,1328713.83,1774164.76,245155064.02,245155064.02,2062761.96,1034381.93,171205.11,857174.92,0,1958170.35,528370.41,916794.07,513005.87,478736846.48,53793578.77,255690599.8,169252667.91,52396672.04,49806916.6,3118.95,12212.54,2386796.41,187627.54,5942940.33,5591036.06,351904.27,30839640.24,46968.63,65715.07,37568.23,30600513.84,73195.09,15679.38,634112.93,100957.75,0,533155.18,144704.9,144704.9,1029123.36,5366.56,4092.71,196431.29,51690.83,118954,523047,129540.97,3715620.17,792786.81,9305.28,112378.39,427648.85,71218.42,2302282.42,2749646.86,2749646.86,62267.18,62267.18,90881.33,87620.74,3260.59,0,107506.13,10856.02,93.86,0,96556.25,696570.78,129084.11,376125.71,191360.96,12.93,12.93,0,0,32464745.03,32464745.03,1470199834.67,2162554107.87,AC,Acre,North,TRUE,TRUE,202401,2024-01-01,confaz_boletim_tributos_estaduais,planilha1,confaz_boletim_tributos_estaduais_20260330.xls,20260330,mapped
13,MG,202401,2024,1,5049595409.34,142705171.73,366123099.87,456582358.77,6015006039.71,47737461.65,27437354.24,940566.84,76115382.73,45450869.62,38759844.23,6547617.83,143407.56,174240072.51,78.96,7739678.04,154306677.74,10076032.99,2117604.78,2951796319.16,266149816.34,242082925.79,112457889.82,9658328.71,19411313.42,10466456.48,9223199.07,28579789.71,3648948,1119529199.37,157861101.07,55473559.43,61309430.65,145331262.82,140670619.64,78047294.67,33909300.41,50037222.5,68479841.09,273311825.31,11385933.31,26782663.56,16767006.62,11221391.37,525025098.99,525025098.99,6827311.84,70845.7,2119.99,6754322.75,23.4,7973509.24,1562155.4,2552425.91,3858927.93,2245814178.16,146753809.12,1361556114.7,737504254.34,116695512.49,98884060.61,2597.86,513058.42,17014289.02,281506.58,58317527.82,56518824.99,1798702.83,158838981.89,452029.39,410805.12,1102744.51,154316579.03,1681801.31,875022.53,8462304.53,8446508.77,996.4,14799.36,202353.55,202353.55,13482607.79,1416.43,1378074.57,2117006.17,431999.37,582530.91,8383922.84,587657.5,13669521.44,3249884.37,251578.96,61006.31,3866736.04,334511.59,5905804.17,3243.37,3243.37,1046678.06,1046678.06,795180.1,787804.11,3305.72,4070.27,832643.03,130113.7,58592.83,5318.71,638617.79,2926032.5,580747.37,1768078.69,577206.44,2696.27,2696.27,0,0,186126990.37,186126990.37,6518529632.73,12533535672.439999,AM,Amazonas,North,TRUE,TRUE,202401,2024-01-01,confaz_boletim_tributos_estaduais,planilha1,confaz_boletim_tributos_estaduais_20260330.xls,20260330,mapped
14,PR,202401,2024,1,2547081341.7,85464443.46,6259330.74,0,2638805115.9,17587468.83,3058675.51,175057.53,20821201.87,3723401.24,2544597.49,1148451.77,30351.98,27941615.16,41747.09,1843472.64,2691.57,25905137.07,148566.79,846516068.35,93425149.38,50098493.35,4962205.74,6269442.12,13578722.15,2721026.98,26767156.61,87378963.45,4191793.87,45081048.16,80007569.42,21390417.3,52727811.06,35142811.86,8342248.73,43225603.39,14554960.54,26600952.32,58840337.27,126020780.59,2465254.91,24164497.53,16268442.82,2290378.8,310228641.83,310228641.83,1126674.66,66389.16,5.18,1060280.32,0,8122610.27,779730.38,3802324.02,3540555.87,2811761665.67,328656888.54,1944962484.96,538142292.17,122141740.48,91615834.77,606488.48,1151519.67,8407306.19,20360591.37,25123085.36,23552163.77,1570921.59,75669704.73,1054058.73,14911.8,120294.51,73387178.66,1047050.08,46210.95,31579.09,26623.32,0,4955.77,289688.12,289688.12,864752.08,13118.93,20377.95,318672.16,426990.17,43458.4,41626.64,507.83,3780350.25,97666.03,801.7,10675.93,3257530.17,69466.24,344210.18,24850.42,24850.42,40592.07,40592.07,74476.61,74369.59,95.67,11.35,15336.95,1135.9,59.7,0,14141.35,379171.81,135526.83,225744.95,17900.03,593.33,593.33,0,0,6336420.73,6336420.73,4244193019.2100005,6882998135.110001,RR,Roraima,North,TRUE,TRUE,202401,2024-01-01,confaz_boletim_tributos_estaduais,planilha1,confaz_boletim_tributos_estaduais_20260330.xls,20260330,mapped
15,PB,202401,2024,1,70591408.83,3895278.75,3150579.03,8439470.37,86076736.98,9309100.59,1480454.92,0,10789555.51,1631833.39,1329860.08,249913.59,52059.72,5687251.06,732847.91,1022892.8,298701.88,3620395.9,12412.57,192783583.57,18474323.58,44594759.41,1897.67,2456732.19,1648143.99,1354945.75,247025.3,1692179.8,627798.91,61955271.06,4322211.96,484630.18,4354586.74,17631961.6,586688.91,3375340.86,1288289.87,593995.86,1066928.03,21605675.61,1047298.81,2241089.82,1064955.3,66852.36,48708349.89,48708349.89,43803.98,18842.94,0,24961.04,0,378610.01,82205.14,103028.29,193376.58,497819605.29,27679450.58,265228044.72,204912109.99,15668781.33,15033694.47,14445.45,50639.82,440466.58,129535.01,7980365.05,7948611.3,31753.75,17343470.63,103938.02,590.58,75434.16,17151297.84,11753.63,456.4,154429.66,150647.48,0,3782.18,10659.74,10659.74,136953.22,1340.21,8732.31,42655.52,0,44158.79,38520.54,1545.85,1023186.88,41527.75,2307.61,8992.04,612566.2,2902.11,354891.17,0,0,35156.81,35156.81,8903.5,6962,6.7,1934.8,10130.33,1627.08,0,0,8503.25,53278.69,2553.33,25639.23,25086.13,12.94,12.94,0,0,0,0,789478365.97,875555102.95,PA,Para,North,TRUE,TRUE,202401,2024-01-01,confaz_boletim_tributos_estaduais,planilha1,confaz_boletim_tributos_estaduais_20260330.xls,20260330,mapped
16,PA,202401,2024,1,97110361.89,4504358.31,230037209.6,198546495.8,530198425.6,10756118.5,2811504.98,59417.56,13627041.04,9230730.35,4909420.16,4131353.89,189956.3,148488912,0,0,145318346.4,2868432.69,302132.91,673379321.53,45798757.74,130490869.7,61233.48,256273.04,892036.85,2187034.55,5952717.43,1240632.03,158672.37,321024795.7,20312790.6,805143.13,26329530.06,19925142.14,28938380.73,1759631.48,3121484.99,2806063.94,13790474.95,40055309.4,3113288.63,1627223.54,783553.34,1948281.71,182056868.8,182056868.8,1011538.63,46364.19,11500.01,953674.43,0,3615157.23,392366.03,1152416.97,2070374.23,772696411.74,44470997.34,458208445.3,270016969.1,62929643.83,38855180.87,16264230.89,354050.88,7160584.01,295597.18,12711794.2,12432132.68,279661.52,36508454.48,14240.25,171308.37,32542.1,36128975.8,134940.66,26447.3,294973.73,258419.6,296.74,36257.39,43681.41,43681.41,1680017.24,4003.99,148378.25,407038.4,2451.97,75876.41,980245.13,62023.09,4294026.06,902167.63,438541.6,60078.6,2092065.22,124375.43,676797.58,15044.76,15044.76,64744.51,64744.51,174020.77,173829.25,48.49,143.03,254913.79,28642.02,1.62,0,226270.15,1292775.88,799155.13,318637.96,174982.79,191.2,191.2,0,0,140201408.9,140201408.9,2050944631.0400004,2581143056.6400003,AP,Amapa,North,TRUE,TRUE,202401,2024-01-01,confaz_boletim_tributos_estaduais,planilha1,confaz_boletim_tributos_estaduais_20260330.xls,20260330,mapped
17,PE,202401,2024,1,22211656.68,18322702.88,8287969.73,29158151.55,77980480.84,9292163.24,1143183.48,1066190.69,11501537.41,1456073.35,1183792.9,102637.52,169642.93,6933244.3,0,2690465.3,18294.47,4143623.51,80861.02,664307577.63,75912262.8,86157864.66,4771.72,4522627.21,6304459.35,1147356.24,1823180.34,11757421.01,788212.58,219122202.4,48870719.62,10795757.28,20285405.08,24173566.38,8559398.67,11582947.48,4501245.17,9750925.05,6367175.6,97155326.51,4082773.17,5155554.11,2398208.17,3088217.03,170887024.3,170887024.3,1630371.26,209518.27,20333.92,1400519.07,0,165486.38,66592.58,9020.22,89873.58,1161239127.78,67593128.08,708693845.4,384952154.3,49875129.95,41748319.43,1915366.61,360098.56,5420434.62,430910.73,22013259.59,20749038.03,1264221.56,34367515.5,81984.48,231514.81,104109.18,33556840.17,339655.64,53411.22,1553106.21,1538165.43,9097.33,5843.45,58197.13,58197.13,2019271.32,3725.58,63637.35,63184.33,538401.21,96770.56,1167747.34,85804.95,2067637.87,934252.79,47126.15,335995.98,699737.61,41560.52,8964.82,31825.31,31825.31,276624.05,276624.05,28753.89,25076.25,1170.69,2506.95,192405.37,12298.96,28067.11,0,152039.3,1582211.47,106979.56,1245831.96,229399.95,0,0,366.15,366.15,74519724.66,74519724.66,2195204933.47,2273185414.31,TO,Tocantins,North,TRUE,TRUE,202401,2024-01-01,confaz_boletim_tributos_estaduais,planilha1,confaz_boletim_tributos_estaduais_20260330.xls,20260330,mapped
18,PI,202401,2024,1,275601605.8,2636793.33,63919835.22,2375397.07,344533631.42,463030.08,84735.63,0,547765.71,3922298.56,3701415.19,205131.23,15752.14,2082069.9,0,49488.09,100888.88,1931261.33,431.6,218138108.83,15086803.07,62042354.64,132558.54,1223022.21,301665.51,140103.62,25192.74,66898.07,58968.67,103374243.7,6644105.9,563825.37,3485420.21,5390764.14,78339.18,823969.71,877294.61,704771.47,1107078.91,13724220.77,342726.64,1386445.04,435235.77,122100.34,87088885.33,87088885.33,33943.43,0,5756.58,28186.85,0,2118060.5,460955.58,1238531.03,418573.89,285380826.56,24037053.26,125902429.4,135441343.9,9303650.27,8923810.75,23756.48,8268.27,264898.95,82915.82,3045308.52,2798210.28,247098.24,19256873.61,5169.39,116432.05,36658.45,18925808.75,15995.87,156809.1,14477.54,13072.92,0,1404.62,26029.1,26029.1,890033.38,445.51,1057.68,135501.63,0,16449.89,734213.9,2364.77,1105487.22,274400.23,4725.58,37076.28,441682.66,23813.85,323788.62,775.04,775.04,31476.12,31476.12,36113,12833.14,23279.86,0,221907.73,3309.93,0,0,218597.8,238957.07,24935.54,160410.77,53610.76,45.34,45.34,11144.25,11144.25,53872683.38,53872683.38,686819154.6800001,1031352786.1000001,,,,,,202401,2024-01-01,confaz_boletim_tributos_estaduais,planilha1,confaz_boletim_tributos_estaduais_20260330.xls,20260330,unmapped
19,RJ,202401,2024,1,1758287955,76370225.8,1186372.67,662507552.3,2498352105.77,72908186.66,6927891.97,1038830.88,80874909.51,530930.54,420551.04,48472.24,61907.26,363396962.01,0,288166844.8,1935388.81,4925531.57,68369196.83,966602711.66,31306250.15,159695190.9,285356.65,2562657.65,12395454.09,2584936.88,621194.98,7313080.47,1331834.03,401490795.7,76130781.84,24226351.14,42748488.1,36797484.6,30092020.35,22526580.75,1924984.02,2009094.55,19768456.36,38632010.77,861799.59,3270815.32,19835982.09,28191110.68,606231270.4,606231270.4,3511278.19,272378.74,1173.53,3236412.32,1313.6,6728008.15,566538.63,1869259.23,4292210.29,1376594204.79,47384217.19,721198839.5,608011148.1,178530947.19,112676284.9,10535874.31,3572578.58,51269808.98,476400.42,57825809.41,52796991.81,5028817.6,149842835.56,330746.64,357369.67,1167210.87,146051700.5,734392.17,1201415.71,138668.64,130728.5,952.56,6987.58,122093.61,122093.61,15717396.9,2227.14,538142.65,10952238.03,2127802.3,279111.56,1693107.23,124767.99,10759349.92,5797508.85,126783.15,112771.11,2228184.15,396364.07,2097738.59,5749.99,5749.99,558547.25,558547.25,798266.77,738685.23,476.51,59105.03,1033220.17,362014.21,13859.09,186.45,657160.42,3138928.29,132315.21,2577457.39,429155.69,189.52,189.52,0,0,726611460.1,726611460.1,4468678829.06,6967030934.83,,,,,,202401,2024-01-01,confaz_boletim_tributos_estaduais,planilha1,confaz_boletim_tributos_estaduais_20260330.xls,20260330,unmapped
20,RN,202401,2024,1,40498003.23,4099288.7,0,0,44597291.93,0,0,0,0,3157571.59,1909316.7,18247.72,1230007.17,20547064.87,0,6571529.76,88034.08,13181435.5,706065.53,214093265.9,28132622.05,26160026.09,0,830466.65,3755004.22,52767.47,215933.9,426536.69,389680.46,115087681.8,4122640.89,588928.76,3447699.78,4005000.9,337573.19,1508335.26,1846800.3,2566097.17,1723781.82,15134939.72,620190.25,1160958.96,739024.65,1240574.92,126892735.92,126892735.92,469568.73,72261.88,1641.52,395665.33,0,2288256.58,647703.85,895260.27,745292.46,372195847.49,30186928.4,185417025.55,156591893.54,6745708.15,5476226.62,474094.44,6215.92,761911.63,27259.54,10023493.12,9153656.94,869836.18,17719021.23,15080.97,120711.24,15836.5,17493994.71,57723.66,15674.15,104026.67,97416.93,0,6609.74,21216.28,21216.28,1536418.76,3884.87,35635.6,479937.31,9932.18,59824.81,877949.67,69254.32,1823170.9,564733.54,33899.71,17886.38,470387.54,81357.37,654906.36,2483.19,2483.19,80591.81,80591.81,30066.69,27805.33,557.3,1704.06,192190.62,57972.18,492.33,0,133726.11,766374.44,74121.22,580789.4,111463.82,215.06,215.06,0,0,25447326.09,25447326.09,804136614.09,848733906.02,,,,,,202401,2024-01-01,confaz_boletim_tributos_estaduais,planilha1,confaz_boletim_tributos_estaduais_20260330.xls,20260330,unmapped
21,RS,202401,2024,1,622769873.4,85818318.69,15542723.15,4821.34,724135736.58,77155860.08,22210513.98,1795985.99,101162360.05,27423878.03,25945820.42,1373233.95,104823.66,8543861.92,886096.02,0,65517.36,7249071.54,343177,2078119457.56,229389002.5,323509207.1,7131926.85,8385767.81,9424728.16,26944150.72,11647329.18,40102574.31,4047149.47,662695501.9,172178331.8,3816525.3,78820862.17,47449057.16,19898019.11,81120424.44,21312064.02,26794993.77,114710287.5,128888935.9,3110173.17,36976037.42,17138439.45,2627968.35,339008606.7,339008606.7,1525591.1,6334.98,753.98,1518502.14,0,2657139.3,284744.56,1126057.93,1246336.81,1624902214,116709743.5,676050742.8,832141727.7,80175494.92,74745862.21,922270.97,482003.7,3634396.82,390961.22,42626975.79,41697982.2,928993.59,96014247.12,501936.33,203492.97,277792.38,94102475.58,299709.56,628840.3,33930.1,33605.49,29.12,295.49,933.97,933.97,1329156.32,500.82,92210.96,923036.29,38322.79,70277.48,99562.22,105245.76,2212695.59,269805.7,1126.7,127626.25,1064002.33,70444.87,679689.74,0,0,73002.53,73002.53,94340.15,94035.93,0,304.22,200567.57,6936.03,38.03,0,193593.51,1406333.47,303700.87,942467.34,160165.26,0,0,0,0,112549478.3,112549478.3,4418897904.440001,5143033641.02,MA,Maranhao,Northeast,TRUE,TRUE,202401,2024-01-01,confaz_boletim_tributos_estaduais,planilha1,confaz_boletim_tributos_estaduais_20260330.xls,20260330,mapped
22,RO,202401,2024,1,75937383.89,1697144.13,150430.41,38222918.09,116007876.52,10100813.46,2057168.25,1181.08,12159162.79,1565794.57,1515885.3,45365.29,4543.98,13569894.16,0,10490859.03,1706888.36,1372146.77,0,173311634.97,23264052.86,30729172.67,0,83403.87,158227.86,2857315.02,271080.77,122772.39,53885.33,88706876.68,5129018.24,75197.04,1501492.39,5460747.98,1034822.39,2150157.22,190341.55,53154.12,193802.63,8947662.55,865854.08,758875.73,443337.79,260383.81,49856260.65,49856260.65,174728.66,112471.47,330.75,55446.34,6480.1,1704721.37,213260.9,917044.03,574416.44,308183154.42,37458042.12,148198505.4,122526606.9,5839360,3478290.85,1408570.61,15739.13,905969.24,30790.17,2007883.27,1867286.84,140596.43,9528657.95,19303.6,103195.74,21734.03,9370336.76,7597.29,6490.53,122189.26,5864.31,101263.69,15061.26,27949.06,27949.06,470518.19,321.84,117278.59,40251.99,2037.39,80263.03,190847.69,39517.66,1000928.02,136571.41,0,4594.94,617780.45,17972.21,224009.01,0,0,20729.21,20729.21,48553.07,48553.07,0,0,106594.73,52937.02,0,0,53657.71,409192.03,36058.19,159856.13,213277.71,0,0,0,0,52925070.79,52925070.79,620873814.38,736881690.9,PI,Piaui,Northeast,TRUE,TRUE,202401,2024-01-01,confaz_boletim_tributos_estaduais,planilha1,confaz_boletim_tributos_estaduais_20260330.xls,20260330,mapped
23,RR,202401,2024,1,10900258.97,910035.44,59719.3,36823466.16,48693479.87,827052.6,352922.69,0,1179975.29,273176.46,265072.22,5243.5,2860.74,189283.64,0,0,0,189283.64,0,42742626.87,1902763.63,10835847.56,0,8644.34,45486.26,668.79,282262.03,6679.14,56276.92,22853128.56,884107.39,6032.65,546736.4,1466884.36,1551.95,245240.28,174297.63,7452.39,58449.7,3049759.31,75315.41,25946.84,74757.15,134338.18,17912477.54,17912477.54,3801.65,0,0,3801.65,0,437527.34,133806.71,134479.17,169241.46,81554540.17,5884914.72,35272312.05,40397313.4,1475564.23,1152761.12,0,36867.65,218501.65,67433.81,962641.82,921029.19,41612.63,4676153.71,1366.98,29257.52,433.92,4639500.75,4402.3,1192.24,0,0,0,0,12362.95,12362.95,65040.73,126.86,17216.76,5026.32,0,2739.5,30306.66,9624.63,392821.41,41202.67,6237.78,2029.07,157169.71,36996.59,149185.59,0,0,967.32,967.32,29919.71,29813.1,106.61,0,4846.19,11.96,0,0,4834.23,121875.78,7267.8,45895.31,68712.67,0,0,0,0,8166308.58,8166308.58,159021936.1,207715415.97,CE,Ceara,Northeast,TRUE,TRUE,202401,2024-01-01,confaz_boletim_tributos_estaduais,planilha1,confaz_boletim_tributos_estaduais_20260330.xls,20260330,mapped
24,SC,202401,2024,1,335934209.58,54212611.51,95758719.53,76217.33,485981757.95,60106454.93,1134523.31,2405094.89,63646073.13,9761983.86,3503977.63,5742990.72,515015.51,9106875.4,12018.96,3.74,1800.76,7818344.73,1274707.21,1360709791.28,105112851.59,254937618.82,1923237.96,37832340.96,48315422.54,2174884.61,15401495.61,38758236.18,4914800.65,341969363.34,50610894.5,2909763.48,67459975.2,39139396.76,27065282.65,36668427.04,7620379.25,60253026.4,78624336.99,95870288.09,14839219.26,15089365.88,8653383.64,4565799.88,224967951.95,224967951.95,2321382.58,193639.41,6756.4,2116857.83,4128.94,10706433.99,1481451.63,4228692.01,4996290.35,1692667953.05,128383064.8,792517824.32,771767063.93,137129018.31,118598272.44,909927.69,186045.41,17283979.41,150793.36,50046564.94,47505101.22,2541463.72,82972071.12,3410483.06,238577.53,163357.49,76834449.21,1872922.71,452281.12,1992209.96,1944357.75,0,47852.21,787590.35,787590.35,17941587.77,365.55,6302958.43,2086702.42,52269.87,905636.43,8276760.16,316894.91,7053782.38,2818152.02,25211.45,132669.38,1308925.79,264138,2504685.74,10408503.07,10408503.07,309375.3,309375.3,139877.28,60465.56,1494.68,77917.04,2788851.33,112714.09,176982.11,20.4,2499134.73,3323902.22,809945.2,1730128.52,783828.5,3659.8,3659.8,0,0,40867885.94,40867885.94,3666007251.88,4151989009.83,RN,Rio Grande do Norte,Northeast,TRUE,TRUE,202401,2024-01-01,confaz_boletim_tributos_estaduais,planilha1,confaz_boletim_tributos_estaduais_20260330.xls,20260330,mapped
25,SP,202401,2024,1,10683437422.05,215853201.77,1241213781.13,0,12140504404.95,133647559.51,198836030.22,12783549.66,345267139.39,36655201.37,34190051.46,2458085.84,7064.07,92143029.56,0,65066054.34,225059.75,23520344.33,3331571.14,7869313351.49,690205984.26,565789207.59,7443575.63,78997654.5,57346310.23,11297113.05,16550673.79,245018318.7,27594197.69,1634260454.21,1062210725.47,317240439.91,494224654.62,226134703.89,178116947.71,259676129.86,179232528.09,263218800.88,384667407.86,959383133.91,33718692.7,40961903.29,102229207.45,33794586.2,1242216752.48,1242216752.48,14901435.84,4627144.48,155807.77,9895831.9,222651.69,28830014.82,4062874.95,11751468.68,13015671.19,6010373498.25,403404246.7,3984635953.09,1622333298.46,584929786.88,431975329.2,3457644.09,11919056.81,86608717.52,50969039.26,131118642.7,123834970.36,7283672.34,590884891.78,20582728.8,1271664.94,943275.72,532539481.33,22444029.47,13103711.52,16935158.17,15659993.95,309754.82,965409.4,495847.43,495847.43,49728922.41,252.44,10966023.79,10567442.67,11150814.78,1702589.24,15097934.77,243864.72,64637767.99,30811136.44,1307041.78,173595.79,7889009.28,1328815.5,23128169.2,117506.07,117506.07,1299090.8,1299090.8,1077675.98,558099.56,16041.89,503534.53,5079946.09,948995.05,215351.78,0,3915599.26,9665395.72,2335733.05,6312218.52,1017444.15,144.21,144.21,0,0,849464590.24,849464590.24,17599868650.28,29740373055.23,PB,Paraiba,Northeast,TRUE,TRUE,202401,2024-01-01,confaz_boletim_tributos_estaduais,planilha1,confaz_boletim_tributos_estaduais_20260330.xls,20260330,mapped
26,SE,202401,2024,1,33101689.86,6199418.37,1425847.77,3491874.24,44218830.24,5524068.41,659169.46,50419.98,6233657.85,844653.36,777580.87,17663.52,49408.97,5931538.58,0,671473.57,299.55,5259765.46,0,147406747.25,14843538.71,28931734.38,47662.41,1296834.26,477066.64,576592.81,169310.19,155999.81,0,44759811.37,28186710.55,393612.66,2884908.53,9595308.33,379057.54,1967200.7,394926.99,530904.97,258092.44,9808356.2,669670.87,670776.73,407250.05,1420.11,42041758.96,42041758.96,75001.28,43595.45,0,31405.83,0,0,0,0,0,243617328.36,20960325.66,104948499.3,117708503.4,6243661.13,5942280.76,9211.44,147197.51,144971.42,0,6266359.35,6266359.35,0,11434845.09,0,0,179636.63,11255208.46,0,0,0,0,0,0,0,0,0,0,0,0,0,0,0,0,474771.15,0,0,0,474771.15,0,0,0,0,0,0,0,0,0,0,0,0,0,0,0,0,0,0,0,0,0,0,0,23293657.9,23293657.9,487630322.40999997,531849152.65,PE,Pernambuco,Northeast,TRUE,TRUE,202401,2024-01-01,confaz_boletim_tributos_estaduais,planilha1,confaz_boletim_tributos_estaduais_20260330.xls,20260330,mapped
27,TO,202401,2024,1,88818461.88,7137698.84,6535864.37,56912.49,102548937.58,11875189.5,14514693.82,13053.95,26402937.27,8111421.6,7117219.5,938776.93,55425.17,1227385.23,0,0,98530.75,1128854.48,0,191962435.03,15320084.04,38530153.04,6480,294768.6,127775.84,394306.91,47678.36,44896.42,70511.73,112288348.09,5020103.24,95337.3,1901358.22,5715310.51,169166.06,424360.86,323471.02,20390.19,261199.74,9078426.04,552278.15,191897.37,440658.37,643474.93,45738431.77,45738431.77,363624.69,328491.55,0,35133.14,0,372388.21,41444.26,144329.04,186614.91,176034096.97,22730903.67,89454309.43,63848883.87,7458527.95,6777077.26,24383.25,15103.65,624542.3,17421.49,1913671.13,1881687.5,31983.63,17265772.27,8151.72,0,45820.98,17207111.83,1223.84,3463.9,9896.65,9878.35,0,18.3,10725.53,10725.53,542828.77,0,4569.51,173371.25,94589.48,2931.95,258154.89,9211.69,241064.53,43388.75,0,931.32,183239.68,3430.18,10074.6,19.25,19.25,6443.89,6443.89,4122.27,4122.27,0,0,2001.49,0,0,0,2001.49,64581.87,1627.33,58771.34,4183.2,0,0,0,0,34891018.6,34891018.6,486220457.69999987,588769395.2799999,AL,Alagoas,Northeast,TRUE,TRUE,202401,2024-01-01,confaz_boletim_tributos_estaduais,planilha1,confaz_boletim_tributos_estaduais_20260330.xls,20260330,mapped
1,AC,202402,2024,2,14565262.23,1228782.05,2311267.07,0,18105311.35,1863591.58,0,0,1863591.58,624041.31,622515.88,968.97,556.46,25235.45,0,0,0,25235.45,0,35203112.14,5096156.38,11968095.34,0,7527.24,108430.1,176963.47,215324.09,867.72,50370.95,9955713.07,625050.79,42698.17,761694.64,1723163.87,1008.44,114781.3,326698.19,132960.87,33603.14,3316207.9,367835.83,41701.26,102190.64,34068.74,17683655.12,17683655.12,6282.85,2753.27,0,3529.58,0,811713.11,644183.86,15622.77,151906.48,87975795.32,4244710.71,51355377.17,32375707.44,440457.12,289322.47,38283.89,46776.36,63129.62,2944.78,615145.86,574393.17,40752.69,5400988.53,64995.49,37441.09,12553.16,5226064.26,49327.06,10607.47,5271.14,357.9,0,4913.24,9814.33,9814.33,164740.05,1971.52,8673.7,14113.71,0,19403.82,76162.64,44414.66,520310.28,26956.11,6751.24,8412.11,307317.5,19985.46,150887.86,0,0,17364.65,17364.65,27567.41,27565.53,1.88,0,34160.98,773.51,0,0,33387.47,190492.11,12574.44,88272.88,89644.79,13.95,13.95,0,0,14801159.15,14801159.15,164557320.86,182662632.21,,,,,,202402,2024-02-01,confaz_boletim_tributos_estaduais,planilha1,confaz_boletim_tributos_estaduais_20260330.xls,20260330,unmapped
2,AL,202402,2024,2,40173283.97,5812958.3,594775.43,12803125.96,59384143.66,3280693.9,38377.23,68896.57,3387967.7,1811241.26,1553401.99,180785.92,77053.35,41224229.88,0,36266537.55,844526.48,2151191.03,1961974.82,212285029.97,18027205.04,56312254.51,240996.23,234024.42,818505.68,71295.95,281760.5,2270939.53,162365.56,77188037.77,14363018.38,381511.44,9572824.84,5214395.25,1334625.4,1922626.61,2725672.86,1216033.99,2118769.13,13979177.29,1477899.04,1332088.76,616095.95,422905.84,77591889.13,77591889.13,307474.73,16821.92,12.74,288586.65,2053.42,2144390.46,299472.66,951882.45,893035.35,300081313.75,21531558.66,161437186.29,117112568.8,17029524.75,11256781.63,2195055.36,27709.68,991869.01,2558109.07,9509294.18,7361727.59,2147566.59,15490723.02,20113.06,48925.59,256360.71,14908001.16,237354.5,19968,284090.71,210937.35,25389.42,47763.94,138554.62,138554.62,1016788.42,393.49,42594.35,116024.34,379.28,80467.51,740382.3,36547.15,1402293.63,325697.86,8179.71,49812.33,327559.48,24783.9,666260.35,860.52,860.52,115892.31,115892.31,64475.5,61916.98,847.39,1711.13,69731.6,3950.68,0,0,65780.92,822426.92,491738.62,268471.14,62217.16,88.81,88.81,0,0,660639.9,660639.9,682050954.0699998,741435097.7299998,,,,,,202402,2024-02-01,confaz_boletim_tributos_estaduais,planilha1,confaz_boletim_tributos_estaduais_20260330.xls,20260330,unmapped
3,AP,202402,2024,2,10092974.96,283945.71,5020680.34,54556680.68,69954281.69,669158.22,0,0,669158.22,12659.21,10118.36,1547.87,992.98,145996.81,0,0,80926.36,65070.45,0,27851622.15,1167245.71,10098272.29,22813.16,11603.98,23631.19,1295.92,103679.25,422237.6,8715.37,8312238.15,713063.17,52144.96,777494.32,1523120.14,56114.86,161345.25,245066.84,928702.15,75134.43,2934525.41,84964.16,64481.94,41284.36,22447.54,12027167.92,12027167.92,434070.47,399325.49,0,34744.98,0,122610.34,104677.2,5787.87,12145.27,59574925.94,3862964.69,40909232.76,14802728.49,732756.12,211180.75,227330.47,1237.48,271334.26,21673.16,160219.33,148388.55,11830.78,5935384.9,553.98,60442.25,0,5871929.41,2136.2,323.06,2682.49,2682.49,0,0,1212.24,1212.24,1052185.68,799.17,0,1004725.28,0,3001.75,41681.75,1977.73,259535.47,5734.6,0,10.26,236407.37,924.06,16459.18,0,0,2006.45,2006.45,19364.85,19364.85,0,0,6126.7,2562.28,155.85,0,3408.57,76516.81,24622.35,31565.22,20329.24,0,0,0,0,13292569.96,13292569.96,121709613.84,191663895.53,,,,,,202402,2024-02-01,confaz_boletim_tributos_estaduais,planilha1,confaz_boletim_tributos_estaduais_20260330.xls,20260330,unmapped
4,AM,202402,2024,2,79529930.19,3379024.93,11743074.44,142532996.46,237185026.02,3240295.14,2975677.78,12967.63,6228940.55,41588.32,30961.7,8597.12,2029.5,58063731.36,0,56057912.17,1824591.71,181227.48,0,464835649.35,8588768.59,50292082.03,0,519951.21,280356.48,14771.93,555915.28,3260826.93,382147.94,11486729.16,11839940.32,3212897.04,29428152.67,3844589.38,2960608.38,14562718.46,147990279.13,9044099.06,17661844.1,18768299.62,125588654.16,1462115.57,2858807.47,231094.44,67131369.68,67131369.68,1303789.52,879289.84,47.37,424452.31,0,405004.71,0,59227.33,345777.38,384007347.87,26238408.55,188541035.75,169227903.57,76009964.09,59344091.15,9221002.44,201856.87,7218793.16,24220.47,4810202.69,4810145.8,56.89,25447221.96,35538.62,0,37093.02,25274599.92,96977.28,3013.12,0,0,0,0,0,0,3241.78,0,0,3239.71,0,2.07,0,0,2557001.09,0,40.8,2207.52,2550209.86,0,4542.91,0,0,0,0,1362.5,1362.5,0,0,290354.64,0,289178.85,0,1175.79,207665.57,32164.28,175407.54,93.75,0,0,0,0,34881950.48,34881950.48,1119997445.6100001,1357182471.63,,,,,,202402,2024-02-01,confaz_boletim_tributos_estaduais,planilha1,confaz_boletim_tributos_estaduais_20260330.xls,20260330,unmapped
5,BA,202402,2024,2,439748153.16,26652322.15,129130010.71,292942916.32,888473402.34,11486450.4,0,0,11486450.4,12356107.44,11250898.68,637498.43,467710.33,44628301.58,0,27615025.64,6520300.42,8331730.81,2161244.71,1271784528.76,74145446.02,266332712.2,61874.02,6173911.36,2996865.58,2861422.39,837796.58,15723706.5,357644.59,527752253.5,139662076.8,2869116.82,56511268.16,45407169.3,18191736.24,13174454.19,4949977.61,5965376.2,7003696.51,66889263.8,3743966.44,4924137.93,2136482.72,3112173.3,302786721.8,302786721.8,2650149.1,1733111.26,1389.67,914148.45,1499.72,1073100.09,18572.66,110486.97,944040.46,990508852.45,67188569.85,511140353.1,412179929.5,43871455.68,34554087.68,791638.64,202465.7,7837139.22,486124.44,31976890.17,27552472.99,4424417.18,60018925.55,275833.36,277852.16,203009.17,56752823.72,2143384.14,366023,384654.31,384461.63,0,192.68,52950.84,52950.84,4555713.22,6617.53,112246.01,347561.55,30285.39,270642.2,3650975.12,137385.42,7864716.67,1304133.43,60275.71,83217.72,2513233.38,49031.42,3854825.01,92347.33,92347.33,200191.7,200191.7,51012.54,50689.15,323.39,0,646498.37,381002.18,217.09,140.73,265138.37,1506185.42,139593.87,1005432.54,361159.01,634.19,634.19,0,0,0,0,2777009937.2099996,3665483339.5499997,,,,,,202402,2024-02-01,confaz_boletim_tributos_estaduais,planilha1,confaz_boletim_tributos_estaduais_20260330.xls,20260330,unmapped
6,CE,202402,2024,2,253936582.67,11102972.39,1122115.59,246856.92,266408527.57,29139960.68,7905398.55,1010519.27,38055878.5,2105489.66,1090201.29,21066.09,994222.28,6914326.68,0,2630882.62,7454.5,4275989.56,0,524318495.86,47843110.64,112244460.95,168056.24,6416015.62,11143032.39,13656142.79,953081.74,5781426.1,862428.85,189539387.72,19251858.51,2839186.06,11847825.62,34864791.77,5999803.69,8437898.69,2905758.32,5347668.9,5319921.47,27298359.25,5161221.98,3884029.14,2274597.4,278432.02,173980781.86,173980781.86,407447.02,100891.66,46355.98,260199.38,0,2044456.75,1296936.64,435345.67,312174.44,624994766.97,55957871.7,364257728.05,204779167.22,30780940.21,24496029.27,3842767.73,230909.44,1773480.38,437753.39,17096657.8,15570617.61,1526040.19,55127009.75,209637.99,1817.03,8481.44,54901427.94,4260.73,1384.62,481896.18,141343.86,340491.52,60.8,31635.58,31635.58,221871.26,74.83,2763.61,191137.56,13458.31,5709.59,6983.63,1743.73,2101540.99,333689.21,1204.47,514.18,1508364.09,8344.76,249424.28,8316668.77,8316668.77,281128.08,281128.08,330912.28,326588.75,215.49,4108.04,16979.31,1,0,0,16978.31,34307.95,1751.46,5941.82,26614.67,23.63,23.63,0,0,33592674.91,33592674.91,1483180011.5,1749588539.07,,,,,,202402,2024-02-01,confaz_boletim_tributos_estaduais,planilha1,confaz_boletim_tributos_estaduais_20260330.xls,20260330,unmapped
7,DF,202402,2024,2,562461137,24386580,69929949.18,3307347.32,660085013.5,9272642.83,9830067.8,404022.3,19506732.93,1825950.68,1785214.77,38283.19,2452.72,124421.78,0,0,0,124421.78,0,161716229.04,15628171.5,45286614.81,81789.91,178427.56,478514.92,41730.58,449471.49,348681.16,186048.41,22747165.16,3023465.26,4860562.45,4603774.93,8833038.89,562734.63,4360196.59,2754453.64,2297599.85,1105296.86,41144632.22,476949.51,916883.65,1343950.59,6074.47,72926418.96,72926418.96,695192.71,10680.18,350.73,684161.8,0,13129.75,10249.24,1981.58,898.93,474735874.13,51458662.33,295474017.7,127803194.1,10208621.18,8670992.05,30.67,146270.82,1324671.53,66656.11,12613721.3,12585289.64,28431.66,38725669.69,69813.59,1169.41,165448.19,38489237.5,0,1,160.27,0,0,160.27,0,0,3810.62,0,0,0,0,3810.62,0,0,575282.42,0,0,0,499725.04,0,75557.38,0,0,12.38,12.38,0,0,0,0,2.06,2.06,0,0,0,974.31,0,972.29,2.02,0,0,0,0,77324046.03,77324046.03,851489517.3099996,1511574530.8099995,,,,,,202402,2024-02-01,confaz_boletim_tributos_estaduais,planilha1,confaz_boletim_tributos_estaduais_20260330.xls,20260330,unmapped
8,ES,202402,2024,2,56994620.4,17720404.23,57074236.33,92030789.14,223820050.1,9224694.22,25895.21,40597.05,9291186.48,217797.23,0,217797.23,0,2132338.43,0,0,0,2132338.43,0,183108455.08,26039047.26,65199532.03,0,554694.82,1937373.16,144147.18,0,0,224145.58,0,19266633.1,0,7723816.89,23293027.49,0,12982937.33,1249589.16,1950861.42,2968808.45,13196145,2120751.44,2176280.31,0,2080664.46,0,0,2525221.83,0,0,2525221.83,0,3789042.33,287017.97,1886032.6,1615991.76,669959403.21,71893063.4,403886304.52,194180035.29,55058693.27,55058693.27,0,0,0,0,13127947.27,12744391.82,383555.45,117923.08,38696.5,0,79226.58,0,0,0,1263436.92,1263436.92,0,0,31830.94,31830.94,892097.49,0,16061.78,774563.21,0,68315.6,0,33156.9,2520225.93,1133515.26,0,0,443359.94,0,943350.73,0,0,0,0,30551.96,30489.7,62.26,0,34481.95,6674.64,0,0,27807.31,511931.88,56521.31,265548.3,189862.27,171.91,171.91,0,0,628143953.59,628143953.59,1563465504.3000002,1787285554.4,,,,,,202402,2024-02-01,confaz_boletim_tributos_estaduais,planilha1,confaz_boletim_tributos_estaduais_20260330.xls,20260330,unmapped
9,GO,202402,2024,2,171304286.5,73914031.41,146708615.2,231290529.3,623217462.41,12341373.8,13898230.7,218195.23,26457799.73,33859763.92,32262993.66,1470851.89,125918.37,9957546.42,924,23.57,4269103.75,5652466.27,35028.83,622013023.57,130937968,116340285.8,536384.66,1386147.25,5658794.92,1392942.53,1054110.49,4684418.53,803350.29,193092864.4,38073503.9,16895127.92,17279128.48,15047778.39,4759270.56,13090812.27,1775222.24,2269214.35,8847032.37,36461014.77,2249489.21,4097729.6,3181863.98,2098568.66,127159531.6,127159531.6,2397878.1,916374.37,27907.34,1451558.51,2037.88,2791596.98,269678.02,581336.19,1940582.77,1102052328.1,116380324.9,688488244.1,297183759.1,55136419.01,50498596.1,17227.84,192841.35,3997144.57,430609.15,17501628.57,14283872.84,3217755.73,43103835.53,141024.1,197438.99,52252.26,42445972.49,143308.43,123839.26,174290.59,162463.43,4291.6,7535.56,229665.92,229665.92,2091497.41,7224.87,21793.4,687399.33,708228.42,375993.94,169607.9,121249.55,7694649.84,522827.73,152272.41,45511.64,1260488.96,63570.49,5649978.61,4367.82,4367.82,124115.66,124115.66,61823.84,59758.25,168.91,1896.68,510802.78,33929.32,0,0,476873.46,980426.31,350443.1,386633.75,243349.46,479.5,479.5,0,0,71650086.9,71650086.9,2099495758.37,2722713220.7799997,,,,,,202402,2024-02-01,confaz_boletim_tributos_estaduais,planilha1,confaz_boletim_tributos_estaduais_20260330.xls,20260330,unmapped
10,MA,202402,2024,2,265067940.4,4319554.66,639014.43,90425099.45,360451608.94,5838160.01,18409886.71,45416.5,24293463.22,6259127.06,5566081.07,638011.52,55034.47,9448239.66,0,5588060.91,1302672.97,1865048.46,692457.32,186934788.55,10963201,97207030.95,297628.58,382384.9,576305.44,382472.97,41528.4,2361028.45,140944.06,2608257.76,17380790.84,473637.23,3605299.07,10851672.09,13331291.84,1518909.21,1304900.8,270456.42,1919769.07,16269545.04,2118815.04,1845710.73,707880.06,375328.6,104247790.2,104247790.2,581306.34,8371.95,5468.35,567466.04,0,2538444.37,1030931.87,845711.58,661800.92,539680351.85,35108939.35,337640452.7,166930959.8,22495144.43,19809662.67,1419131.72,21592.21,1209683.47,35074.36,5015237.23,4782062.25,233174.98,23644355.17,21180.88,60727.89,13366.31,23395790.92,131329.86,21959.31,740906.63,734444.58,0,6462.05,75661.47,75661.47,1408369.86,4280.79,14116.7,217251.4,793.12,31773.89,1092703.2,47450.76,2308379.03,955495.07,21470.97,12732.07,661475.13,47840.95,609364.84,2587.5,2587.5,31501.97,31501.97,40911.71,40379.01,532.7,0,103957.73,10785.54,0,0,93172.19,404949.54,61262.44,246038.28,97648.82,77.3,77.3,0,0,38811288.74,38811288.74,944773376.3399999,1305224985.28,,,,,,202402,2024-02-01,confaz_boletim_tributos_estaduais,planilha1,confaz_boletim_tributos_estaduais_20260330.xls,20260330,unmapped
11,MT,202402,2024,2,88526431.8,17982740.58,9426487.41,189666930.82,305602590.61,9935841.96,10552088.46,216595,20704525.42,59702208.51,59302730.38,371572.98,27905.15,6483961.05,0,2150.93,2207617.84,4266195.23,7997.05,446587566.88,107219971.05,100717166.61,0,1493013.93,747129.59,1821520.58,4421021.8,1732194.35,128429.07,85779078.3,37017385.58,1501508.08,15328927.7,28460087.22,3714763.07,5604562.82,3170594.88,6931869.5,6066027,29464110.77,1752785.56,1832669.29,1088912.07,593838.06,120272855.35,120272855.35,1114290.44,39397.33,128.15,1073590.59,1174.37,1385447.56,655636.14,442175.67,287635.75,1020354653.9,90068978.24,591012543.44,339273132.22,75369537.45,62549545.88,57821.26,97528,9146850.31,3517792,6546213.17,6242811.89,303401.28,19392915.64,27322.18,103908.57,85359.09,18806814.41,96895.37,272616.02,406311.31,221341.64,1489.82,183479.85,62039.63,62039.63,1465380.58,491.27,9280.62,306707.56,122606.03,188899.02,793528.73,43867.35,3242630.52,925593.17,2642.69,65154.49,1180780.24,25509.72,1042950.21,9528576.61,9528576.61,237083.23,237083.23,198569.51,196102.69,1742.39,724.43,42551.81,5196.76,51.94,0,37303.11,521589.26,184413.24,204935.26,132240.76,2008.68,2008.68,0,0,0,0,1772916391.0900002,2078518981.7000003,RO,Rondonia,North,TRUE,TRUE,202402,2024-02-01,confaz_boletim_tributos_estaduais,planilha1,confaz_boletim_tributos_estaduais_20260330.xls,20260330,mapped
12,MS,202402,2024,2,86674970.84,18501158.93,1738090.55,90989255.27,197903475.59,3180113.43,1686102.54,0,4866215.97,20075712.99,17946358.33,1957527.83,171826.83,6204884.95,0,0,2498541.05,3450219.18,256124.72,543707832.53,79624084.16,70710533.56,2940514.09,3459192.91,1892554.18,1415705.3,1929465.39,8031147.87,295651.22,298494258.6,16939843.04,1694513.9,6914148.14,11158034.43,3826078.12,6720514.55,1517998.42,3754476.29,550973.17,17633494.35,1124339.02,646676.51,1286139.51,1147495.8,219315608.58,219315608.58,1360200.27,441811.98,135173.73,783214.56,0,1827464.33,516877.34,837932.62,472654.37,453541018.41,59151328.83,262639841.49,131749848.09,54850471.27,52666825.92,5659.55,22523.56,1891295.6,264166.64,4689321.15,4359157.96,330163.19,26602365.73,35314.46,35550.21,38916.2,26374680.22,101808.53,16096.11,1129847.63,89657.23,0,1040190.4,74961.03,74961.03,1070081.28,4999.75,8929.01,210745.42,19048.51,125699.83,628895.66,71763.1,2674001.52,419886.92,59623.06,80578.12,427329.5,83280.39,1603303.53,2323193.47,2323193.47,40250.05,40250.05,68628.84,68094.09,534.75,0,91953.61,4915.84,579.49,0,86458.28,531185.01,108035,269579.92,153570.09,13.81,13.81,0,0,30256104.73,30256104.73,1370435101.19,1568338576.78,AC,Acre,North,TRUE,TRUE,202402,2024-02-01,confaz_boletim_tributos_estaduais,planilha1,confaz_boletim_tributos_estaduais_20260330.xls,20260330,mapped
13,MG,202402,2024,2,1729798392.22,125996796.36,215077097.86,450551623.02,2521423909.46,39555970.25,20728762.98,1572244.78,61856978.01,33305871.23,28144395.74,5024348.55,137126.94,143543526.33,0,5458418.23,130567503.89,6030016.25,1487587.96,2657249392.65,243066558.37,215839434.83,78679362.37,9761963.48,16410742.74,8740835.79,9586017.72,29159444.22,4271186.7,1023674834.22,128191802.3,43309372.57,63850514.5,145855651.02,213512801.23,81288788.56,24704702.08,40676660.31,53361560.88,166767771.92,7322879.76,25926952.2,15452682.33,7836872.55,494159553.2,494159553.2,6973790.7,36485.24,35599.51,6901705.95,0,8337686.95,2069850.51,2319177.15,3948659.29,2020054281.3,145335242.58,1333792391.71,540926647.01,108171484.92,92493426.54,17416.72,55962.72,15492423.62,112255.32,46785772.19,45166916.39,1618855.8,154780205.37,552805.12,496865.87,911731.7,150393492.04,1347363.34,1077947.3,6317493.64,6295838.41,6748.3,14906.93,152141.07,152141.07,12424421.78,2778.56,1223525.76,1414094.73,304844.5,464701.71,8524512.51,489964.01,11712965.6,4016614.27,231530.98,31328.33,3694221.77,358738.66,3380531.59,15835.12,15835.12,881280.49,881280.49,413388.45,378755.81,5057.29,29575.35,1178161.38,630359,79190.84,1.16,468610.38,2501587.39,534946.33,1518670.03,447971.03,2442,2442,0,0,176904906.33,176904906.33,5885866188.089999,8407290097.549999,AM,Amazonas,North,TRUE,TRUE,202402,2024-02-01,confaz_boletim_tributos_estaduais,planilha1,confaz_boletim_tributos_estaduais_20260330.xls,20260330,mapped
14,PR,202402,2024,2,796703896.03,91659661.55,6151201.46,0,894514759.04,15654731.08,2534611.92,678017.29,18867360.29,4054121.39,1997644.63,2021144.03,35332.73,28906337.22,47368.41,2120396.64,0,26540878.49,197693.68,738390099.88,104429030.73,36039482.85,15770661.23,7516986.83,11752935.33,2071119.18,30197957.32,70359385.7,5574510.71,66965353.33,68866363.58,9712539.69,48288189.1,28342252.18,9245356.68,34372196.02,10168523.8,19977293.27,48851257.3,70249236.8,1953513.96,19095665.69,16190019.92,2400268.68,316068591.1,316068591.1,1450745.4,72277.79,4.01,1378463.6,0,5601133.58,535436.54,2441029.07,2624667.97,2438339046.74,255044747.2,1831986414.38,351307885.16,112650661.64,84990156.28,573564.27,1238112.99,6828175.59,19020652.51,21912691.68,20607533.36,1305158.32,78951507.85,1110165.09,18002.47,162780.51,75672995.32,1975588.23,11976.23,28517.4,24867.23,639.99,3010.18,145092.37,145092.37,855268.32,98.01,51914.4,350122.89,385647.1,35922.62,31074.11,489.19,3646973.3,145702.51,6189.4,6495.01,3286257.43,19645.8,182683.15,16663534.72,16663534.72,81366.94,81366.94,97564.27,97424.36,72.9,67.01,12483.15,4183.76,45.51,0,8253.88,432686.06,188117.11,229170.17,15398.78,570.29,570.29,0,0,6092331.64,6092331.64,3774381324.9399996,4668896083.98,RR,Roraima,North,TRUE,TRUE,202402,2024-02-01,confaz_boletim_tributos_estaduais,planilha1,confaz_boletim_tributos_estaduais_20260330.xls,20260330,mapped
15,PB,202402,2024,2,62595442.29,3066234.21,2805559.21,8884076.9,77351312.61,5384462.11,1220832.64,0,6605294.75,1254422.1,1144709.33,57227.68,52485.09,3414588.42,919206.98,323839.49,32135.72,2137507.05,1899.18,184452456.27,15978316.1,42321764,3084.54,2751300.4,1189677.4,1417431.01,298890.41,1586510.95,537139.08,68531070.62,4385151.87,327315.68,4595049.69,13071858.76,930733.25,3756198.86,1228473.35,399815.38,4217301.45,12872503.41,1127065.04,2222069.49,609855.83,93879.7,59129270.96,59129270.96,84644.99,53917.65,0,30727.34,0,318415.91,88366.88,140270.55,89778.48,463261842.97,26401233.46,252983188.76,183877420.75,16511843.06,15736550.72,9110.72,44862.73,685500.19,35818.7,6872097.75,6843726.74,28371.01,17147974.22,83648.96,676.22,18825.81,17031544.8,11289.25,1989.18,143369.96,140889.54,0,2480.42,10518.57,10518.57,93223.55,2340.37,9807.61,4946.66,350.36,33177.02,39727.41,2874.12,1026067.34,27629.26,12295.87,22016.98,703342.26,569.5,260213.47,25617.75,25617.75,3440.99,3440.99,4856.01,3879.72,4.69,971.6,1790.35,21.36,0,0,1768.99,36109.1,977.93,22685.67,12445.5,3.18,3.18,0,0,0,0,753792553.4500002,831143866.0600002,PA,Para,North,TRUE,TRUE,202402,2024-02-01,confaz_boletim_tributos_estaduais,planilha1,confaz_boletim_tributos_estaduais_20260330.xls,20260330,mapped
16,PA,202402,2024,2,94185693.11,5144860.63,196309407.5,449142249.6,744782210.84,11081644.36,2589288.8,78758.78,13749691.94,7257916.78,4072904.4,3064513.08,120499.3,143995014.61,0,14412.87,140810332.4,2755413.99,414855.35,534100487.05,39498492.92,113026244.7,229531.2,350991.95,875668.94,750225.47,5915437.15,1530683.47,125732.2,216417898.6,21543521.49,685849.18,20999944.46,19098498.55,33445412.4,1684908.09,2249025.52,3128194.46,14409402.69,28795770.61,3806502.26,1333039.48,817701.14,3381810.12,168313438.3,168313438.3,1013792.96,100790.83,10214.87,902787.26,0,2845128.02,283986.2,981503.05,1579638.77,576195176.42,44292389.92,336671425,195231361.5,69699779.48,51824286.77,13663828.42,322355.81,3686094.6,203213.88,10496257.52,10288149.83,208107.69,33712673.36,13103.99,135044.49,34137,33175323.38,177876.87,177187.63,197381.47,195847.7,0,1533.77,76171.93,76171.93,1957209.65,16191.67,128453,636157.49,2469.81,72245.06,1043052.18,58640.44,5026171.56,703936.42,280443.5,68481.93,3319230.07,84145.61,569934.03,35326.81,35326.81,36777.88,36777.88,98014.44,95846.64,42.97,2124.83,269258.1,26417.03,0,0,242841.07,1360373.36,888252.35,360636.53,111484.48,111.17,111.17,0,0,182884937.9,182884937.9,1739571398.77,2484353609.61,AP,Amapa,North,TRUE,TRUE,202402,2024-02-01,confaz_boletim_tributos_estaduais,planilha1,confaz_boletim_tributos_estaduais_20260330.xls,20260330,mapped
17,PE,202402,2024,2,503346902.5,36511790.88,7182074.9,21123782.41,568164550.69,18099340.67,1036897.1,3776364.54,22912602.31,1838187.8,1572491.97,84967.3,180728.53,9429599.22,0,4588979.59,1436.73,4809410.84,29772.06,583498690.54,82956298.69,89094048.48,12853.13,4176511.44,5634064.36,1001042.7,1916642.06,10072211.43,828780.29,156465536.5,52344817.07,8033353.11,25243781,25906287.62,8562751.58,11758419.81,9931900.38,11816128.37,5471281.86,58540969.26,4753520.99,4569065.21,2057701.15,2350724.05,177274742.9,177274742.9,1933690.16,237598.19,10325.34,1685766.63,0,98136.65,71886.75,4495.63,21754.27,1039941309.31,69901303.91,630476459.7,339563545.7,45617830.05,35701043.22,2330046.78,425936.25,7049885.25,110918.55,20479314.46,18747179.16,1732135.3,57940083.09,86891.82,302262.08,68421.7,57209169.97,211880.35,61457.17,1753681.08,1739337.56,6377.39,7966.13,47809.59,47809.59,1719005.94,1173.17,104921.36,62931.81,177984.14,132269.13,1186241.82,53484.51,2693889.15,937370.92,23543.28,334336.51,1363527.5,31973.94,3137,40861.53,40861.53,456795.3,456795.3,111461.71,110528.77,932.94,0,318049.75,16866.54,92596.3,0,208586.91,1651007.87,204577.81,1213798.45,232631.61,365.65,365.65,0,0,75915785.02,75915785.02,2022760296.7699997,2590924847.46,TO,Tocantins,North,TRUE,TRUE,202402,2024-02-01,confaz_boletim_tributos_estaduais,planilha1,confaz_boletim_tributos_estaduais_20260330.xls,20260330,mapped
18,PI,202402,2024,2,59526495.09,3053926.11,31532231.12,797246.86,94909899.18,773242.12,287912.61,0,1061154.73,4014858.14,3821744.23,172861.57,20252.34,1527488.75,0,40448.72,92615.88,1393987.2,436.95,167717374.43,10522821.57,50965723.57,9153.46,589642.17,287020.7,108548.33,38636.76,112165.64,28004.65,74756559.78,7824813.98,319486.96,3381209.53,5204754.4,199929.27,1039297.36,528691.16,789432.3,730299.59,8219180.06,311824.34,1124095.67,501715.59,124367.59,67031187.72,67031187.72,12595.56,3164,227.65,9203.91,0,2010841.83,412519.28,1346184.12,252138.43,235450438.53,23233202.33,101211910.5,111005325.7,9627037.17,8918111.86,21993.25,12316.05,635569.82,39046.19,2529655.17,2381188.08,148467.09,15079634.49,5347.38,126113.06,16908.05,14774786.62,24985.61,131493.77,86604.42,20362.27,61551.61,4690.54,17955.49,17955.49,924417.5,0,28775.19,169916.71,0,12905.78,708109.53,4710.29,886250.09,85656.15,732.56,41713.29,409316.1,31286.62,317545.37,2952.58,2952.58,218588.72,218588.72,15163.8,12370.47,2793.33,0,146852.12,4066.84,0,0,142785.28,254137.66,10283.45,180234.05,63620.16,161.27,161.27,12386.36,12386.36,47152819.77,47152819.77,554719401.5700002,649629300.7500002,,,,,,202402,2024-02-01,confaz_boletim_tributos_estaduais,planilha1,confaz_boletim_tributos_estaduais_20260330.xls,20260330,unmapped
19,RJ,202402,2024,2,774283143.8,87834751.42,801560.26,531068421.3,1393987876.78,96566319.96,6162848.83,816844.18,103546012.97,1018623.79,905671.62,77059.97,35892.2,234605325.18,0,162837186.9,2030423.34,4217944.25,65519770.69,927858585.87,22447931.43,165933745.9,90075.45,2418697.71,10093570.11,2317477.56,525815.73,7709916.17,1733708.6,338804985.6,72757360.72,25552460.48,48516507.22,36178610.65,76898403.43,20865062.16,1305430.76,1555040.07,21674757.49,26317678.98,780055.98,2794078.38,18275832.54,22311382.75,506378575.2,506378575.2,2906602.84,246955,1793.81,2656415.82,1438.21,6253420.07,258118.19,2333818.41,3661483.47,995208303.11,28837799.91,605049316.6,361321186.6,167005612.28,108908024.9,9373796.8,2952351.78,45416991.81,354446.99,49430280.22,45792595.23,3637684.99,137925897.61,201305.32,590535.76,1342320.72,134051350.1,572395.22,1167990.49,137762.96,126786.66,3455.56,7520.74,70372.23,70372.23,11930171.75,768.85,2460376.99,6937540.73,1214740.15,392799.99,796520.49,127424.55,9581956.39,5141567.19,300354.09,118467.52,2027939.3,304709.77,1688918.52,671.5,671.5,496557.51,496557.51,581109.93,546136.23,437.85,34535.85,1206240.81,67132.98,44693.13,187.87,1094226.83,2586652.84,144338.53,1940473.48,501840.83,186.56,186.56,0,0,752260920.9,752260920.9,3807443829.55,5201431706.33,,,,,,202402,2024-02-01,confaz_boletim_tributos_estaduais,planilha1,confaz_boletim_tributos_estaduais_20260330.xls,20260330,unmapped
20,RN,202402,2024,2,30152477.23,3717395.56,0,0,33869872.79,0,0,0,0,2556318.29,1224674.03,15815.91,1315828.35,21256606.03,0,7496142.55,75288.78,13222129.97,463044.73,180932785.57,18077805.24,28109655.89,0,822818.68,2392152.26,41392.09,192516.36,414072.73,241552.54,101532762.05,2931292.4,510929.39,3381433.41,4121206.79,232635.12,1359880.57,840015.81,3580797.66,900347.43,7744765.16,741812.65,875878.95,577965.58,1309096.81,17542981.2,17542981.2,431624.94,21738.96,3.15,409882.83,0,1817948.19,313417.04,929771.7,574759.45,290076758,22661153.49,153902529.27,113513075.24,6984639.08,5701461.96,433159.64,10650.62,810834.96,28531.9,8761674.99,7926254.15,835420.84,50100703.59,13999.23,181068.28,24711.13,49830532.77,34276.08,16116.1,120265.25,117303.5,0,2961.75,42397.35,42397.35,1485969.86,4815.45,28138.7,765447.94,55160.65,51543.74,515402.37,65461.01,1610643.93,326074.35,20747.81,22456.85,500350.1,70235,670779.82,1923.59,1923.59,137500.37,137500.37,31380.51,24128.57,182.92,7069.02,360665.68,50185.26,0,0,310480.42,634480.69,61361.93,453416.92,119701.84,139.39,139.39,0,0,22971276.78,22971276.78,607858683.28,641728556.0699999,,,,,,202402,2024-02-01,confaz_boletim_tributos_estaduais,planilha1,confaz_boletim_tributos_estaduais_20260330.xls,20260330,unmapped
21,RS,202402,2024,2,347637568.9,70423757.48,15514032.34,14435.02,433589793.74,71429752.73,13451815.35,895891.31,85777459.39,22002272.85,20287111.32,1588933.43,126228.1,8804801.29,953451.88,0,30399,7693944.9,127005.51,1847193967.48,211219249.6,271500625.1,2040905.42,13380394.97,11642996.54,35319897.91,11602482.53,37980259.3,4033959.17,575419677.2,152891116.4,4083908.67,85239514.77,51422313.63,26109114.9,73419352.74,22416751.39,19526571.98,88982107.02,94018301.84,2317374.39,27987380.36,19270470.68,5369240.97,292355597.1,292355597.1,2118814.78,23501.06,886.97,2094426.75,0,2818844.58,222394.48,1411565.05,1184885.05,1277834215.7,107604121.4,628752749.5,541477344.8,68767771.88,64655713.56,550874.3,234884.39,3229549.64,96749.99,35535111.24,34582478.54,952632.7,82175198.81,699135.07,316409.36,100545.2,80176428.52,156190.46,726490.2,17774.9,13470.51,204.39,4100,7018.38,7018.38,581789.58,375.24,33095.35,338151.39,1519.43,47739.93,65368.89,95539.35,1934736.64,393756.98,2784.09,140577.72,952763.1,37302.86,407551.89,17880.93,17880.93,64412.22,64412.22,284459.9,283861.11,0,598.79,105097.15,22997.46,1674.77,0,80424.92,1166173.09,242989.78,783297.67,139885.64,0,0,0,0,101819139.6,101819139.6,3745605078.1000004,4179194871.84,MA,Maranhao,Northeast,TRUE,TRUE,202402,2024-02-01,confaz_boletim_tributos_estaduais,planilha1,confaz_boletim_tributos_estaduais_20260330.xls,20260330,mapped
22,RO,202402,2024,2,46750254.32,1878469.12,169637.81,59973647.45,108772008.7,9229663.18,3031806.83,3566.91,12265036.92,1602346.78,1564643.3,33313.53,4389.95,10369540.3,0,8160770.12,1274403.15,934367.03,0,129021064.35,21686400.6,34966086.06,0,36215.42,142687.19,3027762.61,289296.35,106127.86,43066.68,44333932.6,4207482.58,53821.9,1345243.45,6902610.7,1051566.73,2039627.2,248224.59,53943.58,253281.99,5341928.16,997205.34,634214.21,961755.34,298583.21,50535950.78,50535950.78,234897.47,95922.8,379.01,138595.66,0,1016654.79,203049.91,450608.12,362996.76,247938514.9,32574406.7,109787130.6,105576977.6,6053657.63,3749034.33,1181359.13,2007.42,1044277.88,76978.87,1721409,1608810.64,112598.36,9495003.75,10163.68,103898.34,11430.77,9357075.37,3732.74,8702.85,137741.12,49158.09,64183.32,24399.71,13574.8,13574.8,352644.39,6.55,69077.57,43768.44,120.14,77298.7,141649.6,20723.39,1212653.29,102728.96,3589.02,8458.5,737638.43,14717.85,345520.53,0,0,28950.33,28950.33,21503.93,21503.93,0,0,68099.23,9843.81,3446.54,0,54808.88,514285.31,33386.28,260050.93,220848.1,1300.03,1300.03,0,0,91112872.75,91112872.75,551452664.9300001,660224673.6300001,PI,Piaui,Northeast,TRUE,TRUE,202402,2024-02-01,confaz_boletim_tributos_estaduais,planilha1,confaz_boletim_tributos_estaduais_20260330.xls,20260330,mapped
23,RR,202402,2024,2,16787990.72,285313.31,67064.82,40306689.29,57447058.14,839891.66,277680.95,0,1117572.61,246482.13,220174.72,12240.92,14066.49,149714.81,0,0,0,149714.81,0,33976051.53,1667050.79,8453867.85,0,2932.97,40756.89,759.83,291334.17,3629.97,46517.28,17236241.03,770911.65,5854.19,684828.18,1331577.74,2894.54,43117.08,104980.08,5409.66,80237.4,3037949.83,70023.51,28977.14,45668.69,20531.06,19980384.49,19980384.49,2363.99,0,0,2363.99,0,370373.45,115679.53,21912.71,232781.21,68611377.7,4226325.18,33588392.59,30796659.93,712635.32,551657.26,0,27831.66,91576.35,41570.05,659285.24,641618.66,17666.58,3929944.97,1293.48,26316.98,1641.97,3886841.93,11943.4,1907.21,1209.28,1209.28,0,0,4796.82,4796.82,53400.37,13.65,3308.79,2294.33,0,3305.27,37412.52,7065.81,642461.04,285163.47,3665.99,5596.03,126070.11,38073.55,183891.89,64.8,64.8,32.81,32.81,20456.53,20456.53,0,0,7945.26,3.72,0,0,7941.54,106848.59,21659.21,42877.95,42311.43,1.03,1.03,0,0,18963577.42,18963577.42,148439407.57999998,205886465.71999997,CE,Ceara,Northeast,TRUE,TRUE,202402,2024-02-01,confaz_boletim_tributos_estaduais,planilha1,confaz_boletim_tributos_estaduais_20260330.xls,20260330,mapped
24,SC,202402,2024,2,342475298.67,83174979.65,88369192.06,106863.26,514126333.64,62340898.44,1510263.05,2008957.23,65860118.72,9368873.76,3329480.85,5524181.76,515211.15,7665793.67,12932.69,0.7,79340.05,6186038.11,1387482.12,1204508366.38,86289120.34,203775643.19,9492507.21,44602734.74,41742413.25,2582065,15305258.2,39789549.04,3827304.46,325867393,48353038.27,2340428.74,66231713.44,40103305.25,20384407.49,39053724.67,5936160.74,33391124.82,54154378.21,85982764.72,10554991.96,11121736.56,9242672.92,4383930.16,242458353.87,242458353.87,3259079.91,213327.56,4899.54,3038637.42,2215.39,9116810.91,873722.03,2078478.26,6164610.62,1550536012.54,136114596.69,703043270.08,711378145.77,120016539.28,100582086.86,895685.95,28369.35,18338225.61,172171.51,46371289.73,44249491.88,2121797.85,84566455.55,2717851.58,453215.56,71629.09,79475468.48,1012464.42,835826.42,2297008.45,2279477.21,0,17531.24,904920.4,904920.4,15905940.98,428.26,5347300.21,1063477.39,55647.9,355255.14,8775568.15,308263.93,6402926.76,1965402.89,35333.98,92788.57,1430030.45,273826.55,2605544.32,9150404.33,9150404.33,255975.2,255975.2,71433.26,48065.42,1004.62,22363.22,2694599.07,38527.98,300910.7,0,2355160.39,2302690.18,394727.3,1115590.19,792372.69,2441.53,2441.53,0,0,45106542.87,45106542.87,3362962458.630001,3877088792.270001,RN,Rio Grande do Norte,Northeast,TRUE,TRUE,202402,2024-02-01,confaz_boletim_tributos_estaduais,planilha1,confaz_boletim_tributos_estaduais_20260330.xls,20260330,mapped
25,SP,202402,2024,2,4091431595.49,305639309.57,806152036.08,0,5203222941.14,129000995.68,118387814.98,17545933.76,264934744.42,42077095.7,39993963.58,2072419.09,10713.03,41510554.56,0,14460581.74,236076.2,24851238.45,1962658.17,7613761016.77,678715137.65,513966585.63,7521375.04,66338292.08,53456298.74,8413261.91,15611223.39,246249176.84,27484226.63,1977129807.6,1017095477.24,270759131.67,459255377.93,235593865.43,171613864.41,270437495.47,157031934.86,213390606.11,304682413.77,723066864.14,29104683.07,34682761.45,99063601.87,33097553.84,1173514883.35,1173514883.35,16869052.62,4722543.84,129728.57,11971791.49,44988.72,29055245.49,3298048.28,13916771.47,11840425.74,5738716263.47,390985751.13,3613901250.16,1733829262.18,584547094.52,439632512.53,3552585.3,10328705.01,79148866.29,51884425.39,111358437.39,105719072.6,5639364.79,566164617.03,12301416.64,1640741.27,765619.43,525307093.47,16962090.35,9187655.87,16681475.77,16145108.59,236352.06,300015.12,935955.5,935955.5,49465921.71,2074.12,12165395.71,8217714.81,14418830.58,1838903,12601091.03,221912.46,53620735.96,17471694.77,1174554.47,222706.75,9894298.45,1678550.2,23178931.32,125324.9,125324.9,1559178.21,1559178.21,1359304.6,934351.66,17518.75,407434.19,3827010.73,278090.38,244373.56,0,3304546.79,10970485.7,4067227.14,5777837.13,1125421.43,12534.93,12534.93,0,0,772051934.95,772051934.95,16828184123.860003,22031407065.000004,PB,Paraiba,Northeast,TRUE,TRUE,202402,2024-02-01,confaz_boletim_tributos_estaduais,planilha1,confaz_boletim_tributos_estaduais_20260330.xls,20260330,mapped
26,SE,202402,2024,2,33116687.05,1572362.71,1320117.99,3371922.51,39381090.26,4980119.43,554433.17,63348.89,5597901.49,953139.77,870564.72,14632.47,67942.58,6170498.74,0,1466434.23,0,4704064.51,0,131549876.99,8679888.02,23358811.38,90220.25,1293707.06,436035.25,366247.59,93478.42,242443.19,517.54,44476737.51,29600684.37,256891.68,2387340.33,8211265.17,646557.79,1928151.21,426837.27,569362.09,610185.41,6329643.64,773382.77,472371.16,299117.89,0,43272901.51,43272901.51,68043.9,41032.69,0,27011.21,0,0,0,0,0,194868985.15,20670689.12,92326474.85,81871821.18,5933096.24,5499471.63,7688.61,142595.84,283340.16,0,5291605.29,5291605.29,0,10567341.03,0,0,12596.22,10554744.81,0,0,0,0,0,0,0,0,0,0,0,0,0,0,0,0,359431.93,0,0,0,359431.93,0,0,0,0,0,0,0,0,0,0,0,0,0,0,0,0,0,0,0,0,0,0,0,25040620.91,25040620.91,424075541.46000004,463456631.72,PE,Pernambuco,Northeast,TRUE,TRUE,202402,2024-02-01,confaz_boletim_tributos_estaduais,planilha1,confaz_boletim_tributos_estaduais_20260330.xls,20260330,mapped
27,TO,202402,2024,2,24133737.11,5303169.96,4208662.89,69821.47,33715391.43,3953541.15,9414629.22,14241.49,13382411.86,6037413.35,4752909.48,1162117.2,122386.67,1453957.36,0,0,223323.14,1230634.22,0,175031301.6,13567370.97,36407377.71,0,577801.92,165751.62,633962.27,65387.52,41237.2,60326.95,101349208.78,4221409.49,54112.81,2077485.66,5641292.24,290510.48,595556.25,245662.26,28714.36,304744.3,6661878.99,644273.02,216847.1,743223.33,437166.37,36502652.33,36502652.33,539224.11,510786.9,0,28437.21,0,241676.06,27022.64,78830.23,135823.19,153445886.27,21852239.6,79000619.41,52593027.26,8352491.78,7101738.09,16442.66,11017.69,1160617.14,62676.2,1874878.71,1730958.88,143919.83,8886968.65,1468.86,0,6921.54,8871271.45,2140.2,5166.6,9256.31,9256.31,0,0,9850.83,9850.83,1154276.7,0,0,54757.74,798365.93,3048.85,287315.14,10789.04,439083.67,183136.36,32789.67,1285.41,201713.51,3609.79,16548.93,2375.4,2375.4,5597.92,5597.92,7223.6,7223.6,0,0,3738.45,0,0,0,3738.45,74441.16,4108.36,66918.44,3414.36,0,0,0,0,36807726.4,36807726.4,430880020.65999997,464595412.09,AL,Alagoas,Northeast,TRUE,TRUE,202402,2024-02-01,confaz_boletim_tributos_estaduais,planilha1,confaz_boletim_tributos_estaduais_20260330.xls,20260330,mapped
1,AC,202403,2024,3,12260634.9,1264525.82,2238888.83,0,15764049.55,2167583.06,0,161.1,2167744.16,911819.38,908349.12,1006.78,2463.48,114889.35,0,0,0,114889.35,0,34449418.8,3849155.01,8534594.93,0,8970.31,203356.34,209677.72,181409.65,981.28,45355.5,12835066.81,542238.77,30081.06,805693.29,1310031.39,8333.23,167345.32,351460.82,206981.49,644803.24,4025376.44,307112.47,69400.21,29670.98,82322.54,13995355.7,13995355.7,27400.06,1600.6,0,25799.46,0,1382987.46,844744.6,414190.14,124052.72,91626732.99,4612262.21,55877251.42,31137219.36,421512.05,276378.68,36177.76,20127.73,66102,22725.88,626439.06,592912.42,33526.64,5257210.32,75111.26,24838.65,26906.63,4878845.71,49464.13,202043.94,405.64,403.97,0,1.67,10703.98,10703.98,159852.59,1571.7,7468.73,35373.42,0,23390.95,55557.09,36490.7,329556,25103.88,12574.26,5045.63,118284.87,15111.19,153436.17,1392.12,1392.12,43656.85,43656.85,33540.97,33540.97,0,0,49252.57,3386.56,0,0,45866.01,234418.68,58029.32,99480.84,76908.52,13.98,13.98,0,0,18445735.63,18445735.63,168122294.17999995,183886343.72999996,,,,,,202403,2024-03-01,confaz_boletim_tributos_estaduais,planilha1,confaz_boletim_tributos_estaduais_20260330.xls,20260330,unmapped
2,AL,202403,2024,3,46819809.26,3990607.28,483090.91,13479630.82,64773138.27,2592936.85,29833.48,38187.23,2660957.56,1420597.61,1158553.92,182015.74,80027.95,42319517.45,0,38417162.65,812003.44,1424771.24,1665580.12,212913530.4,16017555.75,49173985.4,269718.97,246104.11,725356.72,126618.41,450913.07,6186859.12,169845.56,73356002.92,19026269.31,345256.02,9575011.51,5137951.23,974502.17,1759327.86,2231407.65,1514385.68,3507679.88,18523387.76,1312233.42,1199537.41,624421.66,459198.81,77075455.72,77075455.72,470103.48,31589.48,101905.37,330368.96,6239.67,1397515.48,229297.06,709601.89,458616.53,306791481.91,24991840.93,170169653.28,111629987.7,16473937.76,11693547.58,1377963.42,26777.61,867044.82,2508604.33,9635002.67,6384128.7,3250873.97,14583206.83,21950.19,58218.7,156993.88,14270514.99,57734.26,17794.81,159456.02,120254.82,19181.11,20020.09,132971.06,132971.06,928706.28,394.1,20706.07,137160.3,1054.08,97688.96,631042.92,40659.85,1357429.21,238176.44,7183.49,70064.74,343940.37,36771.69,661292.48,87.3,87.3,67396.37,67396.37,181348.47,176523.99,2523.39,2301.09,110936.97,45915.06,0,0,65021.91,614877.32,183775.32,345229.2,85872.8,87.93,87.93,0,0,808033.6,808033.6,687441679.84,752214818.11,,,,,,202403,2024-03-01,confaz_boletim_tributos_estaduais,planilha1,confaz_boletim_tributos_estaduais_20260330.xls,20260330,unmapped
3,AP,202403,2024,3,34634268.12,74070.69,6956269.5,64608597.92,106273206.23,1850742.45,0,0,1850742.45,11161.42,6421.92,3733.6,1005.9,304426.31,0,0,23156.71,280077.54,1192.06,31379212.82,1169607.34,7585472.16,0,1765.71,26917.61,898.25,324260.41,442873.06,5798.61,12500382.97,635692.22,47485.75,883912.55,1238156.55,83847.36,126307.77,547602.6,1303928.76,184423.64,4144701.59,69674.44,11082.54,35360.99,9059.94,10863608.94,10863608.94,268821.43,226443.07,0,42378.36,0,138822.78,107956.33,1978.29,28888.16,49292089.7,3468947.53,32729330.56,13093811.61,1033734.11,279145.81,227619.96,14.39,506415.48,20538.47,176082.47,160324.23,15758.24,5676551.05,127.57,60547.94,0,5612691.33,2250.25,933.96,372.86,372.86,0,0,600.7,600.7,94370.45,560.47,285.67,55589.18,0,3393.45,33245.98,1295.7,107483.06,26.23,0,428.97,92952.79,1049.03,13026.04,0,0,2122.28,2122.28,19181.42,19181.42,0,0,6519.23,0,0,0,6519.23,48605.23,12489.15,26462.62,9653.46,0,0,0,0,12304580.66,12304580.66,111728346.92000002,218001553.15000004,,,,,,202403,2024-03-01,confaz_boletim_tributos_estaduais,planilha1,confaz_boletim_tributos_estaduais_20260330.xls,20260330,unmapped
4,AM,202403,2024,3,90881078.89,4058682.79,22639661.74,82824366.23,200403789.65,3397972.78,2603302.49,1320.38,6002595.65,139001.98,115836.16,18140.59,5025.23,53902099.86,0,51367932.59,2425287.98,108879.29,0,536103980.46,8921453.66,46350552.34,0,628254.57,281647.65,17630.83,524861.7,1827261.54,371151.77,42537972.46,12020450.39,2666408.16,19429624.3,3206921.45,3039425.66,15706437.01,226205689.46,12602673.81,16026873.98,21074194.07,98717293.1,855914.26,2754271.31,337016.98,66827733.44,66827733.44,819888.12,365570.08,32.06,454285.98,0,876976.6,0,133011.96,743964.64,378558115.2,24114378.99,216248618.83,138195117.38,68450794.91,51004558.33,9856452.01,237985.86,7334258.49,17540.22,4006978.14,4006928.97,49.17,26307377,32622.28,9131.03,40625.2,26030887.21,193661.61,449.67,0,0,0,0,0,0,10500.1,0,0,10500.1,0,0,0,0,1364215.18,0,0,668.39,1362189.83,0,1356.96,0,0,340.24,340.24,884.52,884.52,0,0,136887.28,0,135965.4,0,921.88,233008.85,407.07,229473.21,3128.57,0,0,0,0,51733960.74,51733960.74,1189472742.6200001,1389876532.2700002,,,,,,202403,2024-03-01,confaz_boletim_tributos_estaduais,planilha1,confaz_boletim_tributos_estaduais_20260330.xls,20260330,unmapped
5,BA,202403,2024,3,136414707.49,18085436.79,203006073.54,297591258.02,655097475.84,21597067.73,0,0,21597067.73,9071011.15,7928941.48,803415.09,338654.58,44606906.94,0,29537006.88,4694695.97,7669722.45,2705481.64,1282258439.78,81615466.31,241080044.3,35413.34,5588428.44,2874182.88,3724293.94,837650.64,14938637.78,295301.3,562522774.3,137935989.1,3576744.97,57142108.99,39073853.02,12571898.65,14496322.53,6095215.89,8725229.3,7763862.56,68730266.86,3392227.63,4422056.92,2441496.86,2378973.27,264015692.1,264015692.1,6292885.52,5167693.16,2888.69,1121456.75,846.92,771648.76,17503.65,167269.95,586875.16,617623432,71828012,545795420,0,36633001.62,27068351.51,1606756.97,132436.91,7198102.64,627353.59,28246243.31,24175004.36,4071238.95,53846788.78,170539.28,257685.03,82662.45,52616643.87,200397.65,518860.5,117088.32,117088.32,0,0,0,0,0,0,0,0,0,0,0,0,0,0,0,0,0,0,0,0,0,0,0,0,0,0,0,0,0,0,0,0,0,0,0,0,0,0,0,0,86957463.96,86957463.96,2430440602.2400002,3085538078.0800004,,,,,,202403,2024-03-01,confaz_boletim_tributos_estaduais,planilha1,confaz_boletim_tributos_estaduais_20260330.xls,20260330,unmapped
6,CE,202403,2024,3,241133517.9,6465843.34,1230699.65,76568.23,248906629.12,6716489.77,6360359.4,369368.94,13446218.11,1675452.96,941574.98,29165.02,704712.96,5986459.63,0,2550674.01,5800.4,3429985.22,0,490758639.01,48661811.13,108560410.47,150312.84,7269797.13,11009486.87,15296911.9,915245.28,5412686.94,965769.71,174490930.44,15383732.13,3206222.9,12162479.88,23822469.35,5867016.37,8784110.51,2137689.82,5729812.19,2979493.43,27414088.39,3725625.92,4272079.12,2330712.49,209743.8,168153201.71,168153201.71,405497.16,106286.99,28969.96,270240.21,0,2933454.85,1219040.15,420827.16,1293587.54,704087496.53,55655176.1,456206797.61,192225522.82,23295059.99,18401901.14,2374870.7,254301.93,2018663.37,245322.85,14570010.15,13678525.59,891484.56,34632706.35,284805.2,96150.18,7420.18,34236025.08,8305.71,0,601819.12,335131.54,266687.58,0,52386.08,52386.08,221765.74,389.96,7068.55,197631.7,0,117.41,16281.89,276.23,2135692.57,379252.96,4689.2,252.97,1430787.34,7156.72,313553.38,8672414.61,8672414.61,107535.63,107535.63,268277.81,260886.2,147.15,7244.46,18550.42,1030.98,0,0,17519.44,83362.72,5090.62,3780.04,74492.06,119.6,119.6,0,0,36049410.7,36049410.7,1494709313.3399997,1743615942.4599996,,,,,,202403,2024-03-01,confaz_boletim_tributos_estaduais,planilha1,confaz_boletim_tributos_estaduais_20260330.xls,20260330,unmapped
7,DF,202403,2024,3,169582927.13,23900472.08,27923990.57,7239054.79,228646444.57,9290421.32,16020433.2,404426.62,25715281.14,2923557.57,2903999.46,17952.63,1605.48,130382.14,0,0,0,130382.14,0,158612289.41,15255712.17,27263546.35,118300.36,204153.46,454744.06,28197.55,386524.89,392101.62,149031.28,30824672.34,3477125.45,5323181.52,3889672.02,8488379.64,322950.64,5867998.67,3135647.02,2441248.56,1466852.56,45092772.59,1384992.7,1050233.04,1592813.83,1437.09,84164863.52,84164863.52,490364.58,909.59,5462.55,483992.44,0,5851.29,1709.87,3037.59,1103.83,457552521.13,38912393.53,291069230.74,127570896.86,9368221.62,7900344.21,28.17,166437.01,1207164.81,94247.42,13246256.62,13221596.59,24660.03,35823307.42,9152.53,139.72,189761.51,35624252.66,0,1,196.03,0,0,196.03,0,0,1197.38,0,0,0,0,1193.07,4.31,0,388684.57,0,0,0,211366.79,0,177317.78,0,0,8.46,8.46,0,0,0,0,3.08,3.08,0,0,0,741.61,0,740.61,1,0,0,0,0,77648677.99,77648677.99,840357124.4200001,1069003568.99,,,,,,202403,2024-03-01,confaz_boletim_tributos_estaduais,planilha1,confaz_boletim_tributos_estaduais_20260330.xls,20260330,unmapped
8,ES,202403,2024,3,86844670.08,14824149.83,64337963.42,106602296.33,272609079.66,9026995.82,26473.48,26364.23,9079833.53,143921.3,0,143921.3,0,2867523.31,0,0,0,2206903.82,660619.49,180800985.76,24219272.33,62537395.91,0,459085.71,2075835.24,131044.24,2000292.44,0,215005.47,0,18660296.47,3525285.77,6920789.22,23194137.44,0,12662532.82,1328972.49,2516544.09,3558158.43,12865014.9,0,1811412.26,0,2119910.53,0,0,2829290.45,0,0,2829290.45,0,4298582.16,332028.02,2321555.12,1644999.02,652228294.7,58633601.71,419871684.25,173723008.74,55587307.74,55587307.74,0,0,0,0,11849487.22,11566957.53,282529.69,47466.75,47466.75,0,0,0,0,0,1556722.38,1556722.38,0,0,0,0,710901.24,0,0,682260.77,0,0,0,28640.47,2391546.62,1264689.9,0,7908.64,370533.16,83720.11,664694.81,0,0,128574.38,128574.38,55360.62,55286.19,74.43,0,19265.5,0,0,0,19265.5,479040.11,46249.79,303085.84,129704.48,195.58,195.58,0,0,621723224.01,621723224.01,1537717689.8300002,1810326769.4900002,,,,,,202403,2024-03-01,confaz_boletim_tributos_estaduais,planilha1,confaz_boletim_tributos_estaduais_20260330.xls,20260330,unmapped
9,GO,202403,2024,3,161503074.9,80517925.85,148082752.9,289438932.3,679542685.95,10347195.43,17485042.21,178290.21,28010527.85,23101195.36,21964103.84,1060437.71,76653.81,8510264.16,672,0,3461049.43,5025551.25,22991.48,643289165.98,119362071.3,107727380.7,442127.47,1395122.99,5948009.67,1499638.33,1207724.15,5617674.85,853732.89,229411401.5,35827883.09,18583647.43,15695384.31,15194455.46,3794759.36,13348134.44,2323784.93,1863881.47,9502671.48,43072540.47,2121974.27,3619685,2921612.47,1953867.95,96640279.69,96640279.69,2180167.45,838114.14,44253.35,1293075.34,4724.62,2061281.09,214236.37,635596.31,1211448.41,1043580892.91,98701543.91,679712344.9,265167004.1,50099710.27,46435738.29,20117.07,175686.25,3054274.84,413893.82,14825703.01,12963806.24,1861896.77,45053015.06,109071.76,137133.51,44444.64,44572749.12,85801.66,103814.37,338345.17,329580.9,4365,4399.27,228376.09,228376.09,876041.05,2439.88,22131.23,253945.79,241790.63,156294.43,82852.48,116586.61,6992654.67,741655.87,18580.12,95747.44,826501.33,56743.44,5253426.47,22990.54,22990.54,109779.29,109779.29,455294.79,453354.45,137.3,1803.04,303197.62,22761.31,89.97,0,280346.34,774728.24,261242,283436.76,230049.48,533.86,533.86,0,0,74171047.29,74171047.29,2013614663.5899997,2693157349.54,,,,,,202403,2024-03-01,confaz_boletim_tributos_estaduais,planilha1,confaz_boletim_tributos_estaduais_20260330.xls,20260330,unmapped
10,MA,202403,2024,3,93844497.09,1768138,28699237.66,28336558.99,152648431.74,6262762.57,11316234.68,0,17578997.25,6697829.43,6026212.38,624209.61,47407.44,4775767.81,0,1543953.22,1671634.68,1528787.36,31392.55,231047020.26,10632089.19,85545271.12,173626.35,441620.88,749463.85,387496.94,79796.89,2712219.17,168607.47,70208833.79,13002701.1,725111.94,3691482.73,9099190.63,5160357.31,1230029.37,1243947.75,271034.42,2642630.37,17805948.74,2679743.93,1240202.52,684319.87,471293.93,106023756.4,106023756.4,770317.05,4449.87,2392.35,763474.83,0,2423200.93,918621.11,865543.46,639036.36,652995224.51,33405278.51,464319726.6,155270219.4,20545077.52,16632788.15,1654666.3,15810.17,2151410.72,90402.18,4475052.3,4253395.79,221656.51,24949889.06,20401.12,82131.18,7185.8,24788067.55,32962.79,19140.62,90195.47,88967.82,0,1227.65,35921.02,35921.02,1339972.8,1801.49,22952.47,134504.3,0,31823.77,1102667.24,46223.53,2799931.28,824834.8,11374.8,8159.78,898356.2,95351.44,961854.26,0,0,27157.15,27157.15,49172.65,48086.47,1086.18,0,71722.93,3473.91,0,0,68249.02,402139.8,47197.95,272153.15,82788.7,44.94,44.94,0,0,38960023.14,38960023.14,1098479416.4499998,1251127848.1899998,,,,,,202403,2024-03-01,confaz_boletim_tributos_estaduais,planilha1,confaz_boletim_tributos_estaduais_20260330.xls,20260330,unmapped
11,MT,202403,2024,3,108955167.67,10231637.47,16559941.85,153182393.62,288929140.61,7739558.23,18247575.62,118051.76,26105185.61,54608901.4,54237757.21,348185,22959.19,7880248.36,0,629.11,4263228.73,3606893.7,9496.82,460616111.39,110336524.81,98591833.98,250318.51,1424408.59,903129.05,1879884.93,4597883.92,1278671.78,145418.21,90357779.03,32309691.42,1545852.33,16314828.8,31707229.69,3884544.4,5755396.24,2923793.08,9039854.7,7905734.93,33779106.16,1749700.67,2213255.34,1149717.47,571553.35,116674296.57,116674296.57,511394.6,85894.44,267.39,422937.61,2295.16,1334405.02,631188.48,360099.67,343116.87,984663231.86,88032339.71,587721834.12,308909058.03,68115722.94,55739629.83,57186.77,102438.27,8391325.7,3825142.37,6518792.09,6153536.75,365255.34,19296646.23,27831.5,66306.85,111489.91,18698485.04,121319.48,271213.45,535012.81,470986.75,9130.21,54895.85,105655.39,105655.39,1575615,2983.3,129840.11,291561.28,138238.14,287655.87,682388.68,42947.62,2779949.26,1010465.03,161.75,78566.08,984783.81,25472.89,680499.7,19927261.54,19927261.54,129674.2,129674.2,174275.9,172163.06,1413.77,699.07,35038.16,7152.68,0,0,27885.48,504645.77,212103.42,159254.7,133287.65,1518.46,1518.46,0,0,0,0,1745988396.9500003,2034917537.5600004,RO,Rondonia,North,TRUE,TRUE,202403,2024-03-01,confaz_boletim_tributos_estaduais,planilha1,confaz_boletim_tributos_estaduais_20260330.xls,20260330,mapped
12,MS,202403,2024,3,74697709.46,31149208.65,2538240.99,103646788.23,212031947.33,4092863.3,1681089.63,0,5773952.93,18005490.06,15285803.64,2533821.87,185864.55,6923640.73,0,0,2992980.32,3658259.32,272401.09,556437826.59,69653469.87,74881873.42,3250843.67,3063047,2327473.9,3445240.28,1902717.43,8213147.17,194515.46,305181424.27,12026638.39,6069194.24,7469569.91,13241836.75,4911682.22,7387743.59,1575421.7,4539813.07,624170.75,21639229.95,948628.04,681489.76,1460606.81,1748048.94,195815738.96,195815738.96,1205299.64,344419.09,209448.96,651431.59,0,1458919.78,367891.71,635935.29,455092.78,421393817.42,54459600.6,243032640.74,123901576.08,46163632.57,44293819.41,59648.27,21442.75,1436105.75,352616.39,4620585.77,4336169.85,284415.92,18295767.14,34897.59,21277.23,27720,18089683.46,89177.4,33011.46,892911.27,226964.98,0,665946.29,123601.95,123601.95,958617.28,3456.47,16357.87,301575.6,9524.85,73662.3,492828.38,61211.81,2727882.01,987298.63,2927.21,65613.67,390611.13,55933.27,1225498.1,2475867.65,2475867.65,31656.27,31656.27,24575.44,24084.55,490.89,0,82777.83,10200.48,61.66,0,72515.69,441346.85,90443.96,247298.63,103604.26,9.97,9.97,0,0,31483629.75,31483629.75,1309563594.93,1521595542.26,AC,Acre,North,TRUE,TRUE,202403,2024-03-01,confaz_boletim_tributos_estaduais,planilha1,confaz_boletim_tributos_estaduais_20260330.xls,20260330,mapped
13,MG,202403,2024,3,1619074494.01,146896209.47,233556464.16,308066988.65,2307594156.29,43327014.59,17713170.07,1531677.25,62571861.91,21119627.91,15880536.25,5084414.37,154677.29,133583567.9,0,12352263.41,112787549.46,6607349.11,1836405.92,2797372572.56,236954346.91,205065258.57,70303022.01,10153633.22,18841645.8,9649638.59,8636999.94,27400528.66,3156637.24,1182739620.37,134944661.48,52737044.62,63690432.33,131097055.8,189657343.39,81362028.28,31067170.32,36264562.62,62683970.34,188462505.69,7651133.34,21543162.6,14637857.64,8672312.8,469904560.32,469904560.32,7207702.93,28806.51,13349.09,7165547.33,0,6643936.29,1486040.44,2083630.59,3074265.26,1972202673.42,129495441.44,1347986740.65,494720491.33,109433314.02,91066776.81,70207.07,2328599.26,15848430.5,119300.38,47783884.05,46314238.51,1469645.54,173252820.99,764925.17,261791.43,705382.46,170166194.72,977455.33,377071.88,2060251.55,2041958.57,3349.46,14943.52,154305.04,154305.04,12668581.2,2346.66,934174.29,2383343.13,109571.21,1070955.59,7645711.82,522478.5,11762119.89,3608892.08,222248.63,61415.03,3453712.03,369095.89,4046756.23,12548.6,12548.6,764142.84,764142.84,819069.28,805566.58,4065.29,9437.41,959903.57,358326.9,61001.99,297.26,540277.42,2334570.56,459440.4,1421332.71,453797.45,5120.53,5120.53,0,0,183316629.07,183316629.07,5953361902.52,8260956058.81,AM,Amazonas,North,TRUE,TRUE,202403,2024-03-01,confaz_boletim_tributos_estaduais,planilha1,confaz_boletim_tributos_estaduais_20260330.xls,20260330,mapped
14,PR,202403,2024,3,726652599.38,113475505.48,6048630.97,0,846176735.83,37461539.67,2647189.43,563912.83,40672641.93,3856661.76,1634017.56,2188430.94,34213.26,31875922.57,102197.99,2278973.64,6037.66,29211072.58,277640.7,767469181.69,95729275.41,34466632.63,42522554.64,8187490.4,13205620.88,3142691.65,32447458.29,74701260.37,6131307.23,37203044.37,68568621.14,13874608.93,54348676.8,32377372.51,15459789.17,32306512.57,13060039.47,23317613.66,47116292.26,78453118.45,3252801.25,21382281.54,14276061.07,1938057,296910677.43,296910677.43,1832906.36,49584.32,3,1783319.04,0,5870606.89,411817.84,2131624.86,3327164.19,2692882260.09,270229454.87,2093803631.96,328849173.26,114859199.03,84327700.32,754997.06,1113581.29,8799737.43,19863182.93,20474026.22,19108934.8,1365091.42,96975110.95,3380346.42,3159.85,253596.92,91293091.85,2032264.64,12651.27,46653.42,41184.96,0,5468.46,211265.35,211265.35,1005823.7,67.67,43980.45,466316.8,373982.14,35990.35,83699.74,1786.55,2528352.84,131800.53,1802.23,6704.41,2161837.01,18975.61,207233.05,25875.75,25875.75,329712.87,329712.87,145766.63,145614.82,117.06,34.75,16717.47,2787.23,639.63,0,13290.61,473980.37,230067.92,221171.11,22741.34,562.26,562.26,0,0,5526703.67,5526703.67,4043317967.3199997,4889494703.15,RR,Roraima,North,TRUE,TRUE,202403,2024-03-01,confaz_boletim_tributos_estaduais,planilha1,confaz_boletim_tributos_estaduais_20260330.xls,20260330,mapped
15,PB,202403,2024,3,64926649.02,3722504.71,3119935.9,8835216.14,80604305.77,9477653.14,1679600.66,0,11157253.8,1332912.64,1281726.82,4809.66,46376.16,2899682.2,137546.17,154508.82,20381.65,2587083.76,161.8,186591735.9,16822757.83,45878413.33,1458.55,3429759.21,1945602.38,1082798.14,268650.36,1359020.33,559240.54,59740691.89,4044497.67,840685.7,5086241.26,19678346.93,693177.67,3355280.21,1199083.97,437345.98,1782594.5,14318948.15,1131294.86,2007537.85,878861.92,49446.67,59631807.79,59631807.79,51798.18,24615.63,0,27182.55,0,679193.77,73135.64,237744.83,368313.3,436919672.96,27714292.97,252245460.69,156959919.3,15394204.22,14648794.25,7703.99,35685.31,631662.27,70358.4,6091424.99,6072720.94,18704.05,18320678.19,174282.38,1,48800.52,18082578.6,14665.57,350.12,130270.11,130236.21,0,33.9,13417.57,13417.57,112229.34,1195.01,23768.45,8744.01,352.39,39873.2,23740.57,14555.71,937230.16,84917.46,15741.71,2901.5,606233.4,1477.42,225958.67,0,0,34268.39,34268.39,4093.86,3504.88,4.23,584.75,24693.89,2208.29,0,0,22485.6,38247.85,258.74,22372.82,15616.29,1.12,1.12,0,0,0,0,729207563.1300002,809811868.9000002,PA,Para,North,TRUE,TRUE,202403,2024-03-01,confaz_boletim_tributos_estaduais,planilha1,confaz_boletim_tributos_estaduais_20260330.xls,20260330,mapped
16,PA,202403,2024,3,124418612.9,4785866.31,186199416.1,346266010.2,661669905.51,14433811.61,3129004.06,42414.35,17605230.02,6930124.16,4156359.08,2712020.82,61744.26,119517079.92,0,24529.58,116951383.1,2332078.82,209088.42,539578455.71,35757236.7,102655153.6,57589.62,256645.99,848864.96,1836439.87,6980275.43,1571898.34,106656.97,238819301.6,18839313.46,763970.3,19169841.21,17991712.67,29301158.03,1480294.94,1848144.58,3490476.46,15969031.08,34056090.62,3311654.39,1411432.1,662996.56,2392276.23,195400033.5,195400033.5,994120.14,37573.29,1948.4,954598.45,0,8804944.57,438740.88,6641049.79,1725153.9,588001627.08,38786548.68,389355982,159859096.4,53866713.51,37803996.57,11826732.43,301301.6,3589853.7,344829.21,11122049.36,10890925.81,231123.55,33584488.3,8045.85,132719.47,82446.27,32585775.82,80855.92,694644.97,74668.68,73851.87,0,816.81,44474.13,44474.13,1882199.64,13400.29,36313.09,917996.13,1745.66,43092.81,817939.88,51711.78,4256732.12,808437.1,263396.45,49216.64,2215480.92,182404.46,737796.55,74088.16,74088.16,33666.68,33666.68,168315.58,167721.78,77.65,516.15,208409.38,31546.91,130.98,0,176731.49,1372751.51,970203.25,287391.72,115156.54,214.56,214.56,0,0,183555255.7,183555255.7,1749470412.3900003,2411140317.9000006,AP,Amapa,North,TRUE,TRUE,202403,2024-03-01,confaz_boletim_tributos_estaduais,planilha1,confaz_boletim_tributos_estaduais_20260330.xls,20260330,mapped
17,PE,202403,2024,3,166570928.9,28315190.17,7668056.19,33238524.57,235792699.83,17342091.23,1172533.47,1512784.92,20027409.62,1130150.55,909357.32,81958.76,138834.47,8727806.19,0,3931858.81,3531.85,4736568.5,55847.03,599065924.28,82334012.15,79848928.45,5536.22,4143825.11,6184705.64,889128.13,1566334.52,10618378.66,881506.65,146590991.26,53506023.6,15232008.49,23017614.91,30743542.99,9818278.66,12142273.98,7979047.98,11739584.46,7329830.81,77878049.56,4909832.43,4387099.15,3358256,3961134.47,180233916.3,180233916.3,1530999.33,166764.25,19529.54,1344705.54,0,121640.17,20564,74687.04,26389.13,1012444613.13,68301554.31,631769052.97,312374005.85,41475791.87,34534231.54,1703587.13,344868.33,4799808.07,93296.8,17880416.59,16684910.02,1195506.57,46888096.69,111903.99,215828.47,98944.34,46211886.98,201313.18,48219.73,767381.94,761311.68,5000.02,1070.24,27524.68,27524.68,1845920.93,600.97,149841.35,62077.32,306318.5,94934.22,1177810.52,54338.05,3865496.52,1245699.88,40428.14,335475.42,2214613.23,27539.33,1740.52,25123.19,25123.19,194397.6,194397.6,24397.15,22713.39,1139.98,543.78,181483.93,6762.67,40658.09,0,134063.17,1526346.9,171516.31,1199129.23,155701.36,282.66,282.66,0,0,75419766.21,75419766.21,1993377476.8100002,2229170176.6400003,TO,Tocantins,North,TRUE,TRUE,202403,2024-03-01,confaz_boletim_tributos_estaduais,planilha1,confaz_boletim_tributos_estaduais_20260330.xls,20260330,mapped
18,PI,202403,2024,3,64755016.89,2421618.26,39474437.81,515571.68,107166644.64,1752534.92,469170.1,0,2221705.02,3852103.21,3691881.64,125993.52,34228.05,1125597.37,0,29091.78,43228.88,1052837.82,438.89,171144081.49,9576938.74,48009344.17,2217.07,138717.21,300748.06,194803.73,42323.08,63299.75,55695.17,83818853.94,6310396.13,355882.98,2654537.27,4509423.11,135712.71,711382.18,462134.33,913291.45,778745.42,9424437.06,1151676.21,1081797.33,308401.57,143322.82,66692062.48,66692062.48,16375.16,0,372.97,16002.19,0,2083621.51,513857.38,1286730.35,283033.78,222153454.17,19006483.17,100131587.9,103015383.1,6998449.05,6392785.14,19332.1,6606.38,363745.73,215979.7,2450765.76,2237323.71,213442.05,13494582.91,3727.58,80826.8,15107.16,13239466.43,20716.43,134738.51,315863.28,314918.83,0,944.45,17253.8,17253.8,1241470.8,401.61,723.98,143403.67,771.49,10998.01,1076968.76,8203.28,1758469.39,661548.47,950.11,26211.93,525179.78,59393.91,485185.19,37665.37,37665.37,28320.38,28320.38,38018.24,37147.42,870.82,0,170549.29,1623.2,0,0,168926.09,196024.69,6519.99,139050.57,50454.13,46.92,46.92,11716.26,11716.26,50187657.8,50187657.8,544014149.33,651180793.97,,,,,,202403,2024-03-01,confaz_boletim_tributos_estaduais,planilha1,confaz_boletim_tributos_estaduais_20260330.xls,20260330,unmapped
19,RJ,202403,2024,3,559888996.6,110751147.2,942452.88,555653854.5,1227236451.18,52380671.36,6489783.08,1427873.45,60298327.89,610261.46,503622.27,58426.37,48212.82,210621266.38,0,141901687.2,825957.88,3838774.9,64054846.4,826631468.51,25291383.62,154468886.5,58494.72,2307436.59,10507175.15,1632665.09,389349.89,6344360.29,983360.16,327157002.6,61990452.41,19302885.67,48146865.24,31724624.68,30542794.01,19957339.94,1263653.93,2076940.83,19072463.66,29820819.06,911103.9,2639700.97,13254521.34,16787188.26,578734609.2,578734609.2,3071340.19,161657.13,1785.08,2904535.93,3362.05,5475652.81,253796.08,1625827.48,3596029.25,1019688462.01,30407259.61,636686519,352594683.4,161687891.8,100704797.8,11353582.64,3742124.32,45444351.09,443035.95,46591693.29,43132528.98,3459164.31,129948119.67,244696.75,409510.6,900541.91,127033187.3,448341.7,911841.41,343961.57,332424.23,4006.25,7531.09,157521.79,157521.79,11182872.15,28976.52,1648695.41,7521345.04,583736.08,409947.45,881385.26,108786.39,12253081.75,7356571.13,158938.21,104654.06,1897569.36,451200.65,2284148.34,7108.67,7108.67,356108.35,356108.35,315896.08,280790.58,1446.83,33658.67,894584.13,31443.19,10088.5,189.04,852863.4,2056303.2,219228.11,1481483.22,355591.87,183.73,183.73,0,0,660872859.2,660872859.2,3671501245.9400005,4898737697.120001,,,,,,202403,2024-03-01,confaz_boletim_tributos_estaduais,planilha1,confaz_boletim_tributos_estaduais_20260330.xls,20260330,unmapped
20,RN,202403,2024,3,42006044.2,2925226.66,0,0,44931270.86,0,0,0,0,2482295.24,1217152.73,12014.32,1253128.19,21587638.2,0,6961175.27,280218.54,13681950.36,664294.03,168461847.05,21445443.4,29555997.07,0,776647.04,2436002.31,45944.99,202987.77,364607.04,247302.46,84189385.76,3162828.23,296975.52,3249687.49,3892118.12,222109.06,1056821.81,792327.68,3222711.43,1036472,9101534.77,785378.67,828354.52,704616.17,845593.74,61665696.43,61665696.43,368760.43,21307.46,85.91,347367.06,0,2145303.58,423366.46,1054116.51,667820.61,290041274.2,22616475.9,154269479.32,113155318.98,7611963.59,5168473.32,1850424.39,7868.22,539262.37,45935.29,7193282.84,6534330.12,658952.72,21672436.6,12479.64,89001.95,14114.63,21279734.79,259735.29,17370.3,116563.6,115926.74,0,636.86,11146.14,11146.14,911006.6,3425.86,35505.99,328768.96,11834.34,44395.66,439020.62,48055.17,1856508.7,366020.11,4502.84,7872.45,385703.24,125484.4,966925.66,2418.96,2418.96,69275.27,69275.27,28779.66,23677.17,1394.85,3707.64,109187.29,13357.91,1311.23,0,94518.15,605245.55,76959.29,414817.87,113468.39,169.65,169.65,0,0,25001807.46,25001807.46,611942607.0400001,656873877.9000001,,,,,,202403,2024-03-01,confaz_boletim_tributos_estaduais,planilha1,confaz_boletim_tributos_estaduais_20260330.xls,20260330,unmapped
21,RS,202403,2024,3,406795786.7,75712232.68,16191152.1,8019.75,498707191.23,96612210.9,12086363.99,2163729.88,110862304.77,30273730.12,28496370.08,1646407.16,130952.88,9878503.07,901886.58,0,59525.42,8801634.02,115457.05,1945489335.87,199716365.9,259810786.7,1821649.81,9969919.55,12254665.51,48549957.05,11617736.75,44432373.39,4007539.04,690582569.7,154451254.5,4682355.49,81867487.45,48738520.13,32450672.21,70743774.79,14046006.24,18052461.62,77865930.01,107478052.4,2462677.2,32063450.15,14251812.89,3571317.39,332008325,332008325,6855958.15,65979.64,749.59,6789228.92,0,2967144.99,273336.79,1664831.85,1028976.35,1281224556.14,98035524.84,659766162.6,523422868.7,72670938.33,67512343.83,1339731.91,211294.2,3445529.85,162038.54,34610403.67,33759338.62,851065.05,79950470.93,1355941.86,278223.83,139276.69,77265720.02,124116.73,787191.8,11996.85,8825.18,457.01,2714.66,4142.04,4142.04,1110026.94,452.83,56326.86,846711.52,4731.72,56609.59,52958.6,92235.82,1887960.32,289512.42,644.4,113200,983405.49,72912.69,428285.32,0,0,129611.47,129611.47,204608.91,204188.92,0,419.99,318127.47,103742.07,10738.52,0,203646.88,1142540.43,232164.08,783721.82,126654.53,0,0,0,0,109706121.2,109706121.2,3910444501.899999,4409151693.129999,MA,Maranhao,Northeast,TRUE,TRUE,202403,2024-03-01,confaz_boletim_tributos_estaduais,planilha1,confaz_boletim_tributos_estaduais_20260330.xls,20260330,mapped
22,RO,202403,2024,3,56247387.83,2579463.35,74260.05,51954416.01,110855527.24,10248106.97,3770859.54,3645.23,14022611.74,1657451.63,1621543.25,30518.8,5389.58,11743507.53,0,8244733.7,2140445.42,1358328.41,0,108706144.54,23206429.55,33799712.92,0,54496.17,168756.98,2826642.06,380246.1,114326.46,124094.4,17859805.65,6282050.37,172238.6,1319734.92,7858182.68,899269.09,1545478.34,711645.37,42976.67,319770.33,8366409.22,1022718.54,657826.34,799719.42,173614.36,47912563.61,47912563.61,111447.07,40159.12,79.43,71208.52,0,869852.49,191007.04,180960.89,497884.56,241617541.72,34745591.92,105130386.9,101741562.9,6003711.09,3633445.91,1351260.84,8183.99,990364.36,20455.99,1931155.84,1820794.72,110361.12,9556946.85,4703.37,42175.74,16949.82,9455046.7,32755.98,5315.24,131645.94,53178.17,64746.64,13721.13,8381.82,8381.82,488834.12,10.28,57502.97,89682.31,3704.02,79433.32,246916.86,11584.36,1283383.98,217663.61,0,8704.11,559953.87,20377.51,476684.88,0,0,83488.05,83488.05,27950.95,26859.11,1091.84,0,66689.31,1434.67,0,0,65254.64,396663.97,34338.43,242448.68,119876.86,0,0,0,0,65548889.87,65548889.87,498146250.38000005,609001777.62,PI,Piaui,Northeast,TRUE,TRUE,202403,2024-03-01,confaz_boletim_tributos_estaduais,planilha1,confaz_boletim_tributos_estaduais_20260330.xls,20260330,mapped
23,RR,202403,2024,3,9042798.69,635286.44,65222.35,52937382.19,62680689.67,649203.66,205117.84,0,854321.5,257395.41,245350.72,9249.68,2795.01,240935.44,0,0,0,240935.44,0,35983040.11,1192143.77,8148726.91,5085.89,3795.81,38692.97,587.08,332586.7,3476.24,77325.61,18287172.24,1228026.83,18118.61,918126.8,1406887.87,2871.26,33828.55,367779.45,4842.57,196495.14,3460697.73,119850.79,42781.27,74001.94,19138.08,17260998.71,17260998.71,10118.26,0,0,10118.26,0,334695.02,116374.39,26889.12,191431.51,63807712.63,4848005.03,32989111.12,25970596.48,852102.58,551306.64,2220.48,140069.64,150846.47,7659.35,547740.64,528481.82,19258.82,4082343.6,2878.73,15215.05,1392.78,4054651.34,6555.38,1650.32,192,192,0,0,7821.38,7821.38,70045.34,13.11,10943.14,10186.24,0,8627.09,33024.06,7251.7,627825.34,199299.51,2132.87,5291.09,134854.28,35699.48,250548.11,64.01,64.01,2686.55,2686.55,14480.19,14431.47,48.72,0,1498.69,5.52,0,0,1493.17,81685.8,885.23,45049.49,35751.08,0,0,0,0,18299965.36,18299965.36,142483347.06,205164036.73000002,CE,Ceara,Northeast,TRUE,TRUE,202403,2024-03-01,confaz_boletim_tributos_estaduais,planilha1,confaz_boletim_tributos_estaduais_20260330.xls,20260330,mapped
24,SC,202403,2024,3,361010862.56,89724186.22,100356907.38,168017.61,551259973.77,115382813.5,1320050.34,1772107.8,118474971.64,10689564.38,4165414.94,5109245.18,1414904.26,8521115.71,12688.74,0,3638.49,7183128.27,1321660.21,1313051569.09,91490177.47,198640318.45,23603740.47,58244755.65,59612027.2,2880228.38,15352789.7,34795601.98,4676276.73,332393748.34,54595586.32,4623905.45,64516744.22,46485314.97,33874059.82,47085751.8,7133733.08,43224872.97,62506328.8,85010741.78,7883732.33,21025050.75,8797798.36,4598284.07,258603207.29,258603207.29,2591262.77,192280.75,72589.78,2314759.3,11632.94,7467287.36,1158915.29,2439460.13,3868911.94,1414475169.57,124080362.28,736935340.03,553459467.26,124088567.34,104898858.58,922976.35,22266.79,18063351.64,181113.98,39032563.94,37186769.22,1845794.72,81897416.59,6073917.06,267885.59,104303.61,73609800.35,1257975.49,583534.49,3077724.08,3054523.83,0,23200.25,2860248.57,2860248.57,11945739.93,363.97,3842057.63,1113392.94,99826.02,384568.4,6130185.97,375345,6954066.12,1919207.49,17483.81,68521.04,1325345.5,188704.83,3434803.45,9522731.86,9522731.86,288619.81,288619.81,99164.55,47996.45,1466.85,49701.25,2262627.14,127118.5,98183.91,0,2037324.73,2277230.84,224190.36,1168514.23,884526.25,3663.17,3663.17,0,0,48692199.73,48692199.73,3348401739.84,3899661713.61,RN,Rio Grande do Norte,Northeast,TRUE,TRUE,202403,2024-03-01,confaz_boletim_tributos_estaduais,planilha1,confaz_boletim_tributos_estaduais_20260330.xls,20260330,mapped
25,SP,202403,2024,3,3081973565.15,353819212.82,789115294.56,0,4224908072.53,105320839.42,107270355.08,17904731.73,230495926.23,47549026.67,45403598.32,2126223.7,19204.65,33447142.47,0,6989072.71,177598.32,24597673.78,1682797.66,7974734921.2,720397660.37,370714379.65,7537099.72,69498383.11,46777292.44,7699125.11,16025407.01,251711092.55,30213816.32,1801388433.25,1246161536.06,291133366.63,495825976.16,245468798.25,215946862.28,307302961.53,192499639.53,241926197.97,335540786.61,872709365.12,31514829.62,31631152.82,98046975.29,47063783.8,1154858241.73,1154858241.73,17519156.78,4671624.48,194931.72,12396089.05,256511.53,22291683.86,2825383.5,6022314.46,13443985.9,5433412317.94,395395583.34,3744836469.58,1293180265.02,580653994.87,431652096.54,3632498.9,11636120.93,74553109.69,59180168.81,108214550.74,102361975.31,5852575.43,571596950.91,11962570.79,1723205.21,552731.8,533409744.67,13637345.51,10311352.93,16531405.99,15087408.04,212279.38,1231718.57,1009375.24,1009375.24,54668453.02,2549.96,7022197.45,10416183.6,21478181.2,1634132.26,13978745.4,136463.15,57545575.24,23331210.65,570554.59,157996.25,7723357.19,1498592.08,24263864.48,207633.58,207633.58,1542684.6,1542684.6,1559176.16,1064550.54,16571.74,478053.88,4443877.78,556978.52,196217.57,0,3690681.69,10333944.06,3214243.98,6076855.33,1042844.75,4456.16,4456.16,0,0,680122773.27,680122773.27,16772247342.270002,20997155414.800003,PB,Paraiba,Northeast,TRUE,TRUE,202403,2024-03-01,confaz_boletim_tributos_estaduais,planilha1,confaz_boletim_tributos_estaduais_20260330.xls,20260330,mapped
26,SE,202403,2024,3,119454169.18,1564008.78,1401145.62,3013197.62,125432521.2,5096773.63,541139.12,72788.67,5710701.42,937963.11,884806.16,17475.1,35681.85,11468257.77,0,6730709.19,0,4737548.58,0,123890044.64,9844814.55,23149329.02,106681.02,1211178.01,369907.27,624962.4,92372.42,253128.86,0,35984523.24,27457947.77,365303.05,2680770.82,8329136.19,694460.9,1709541.12,417385.6,632939.94,544096.51,7735096.39,779151.84,544895.62,362422.1,0,44297359.3,44297359.3,80440.21,41303.8,0,39136.41,0,0,0,0,0,199294266.68,21614091.67,92898253.03,84781921.98,5813160,5508028.42,6703.37,110973.65,187454.56,0,4970104.47,4970104.47,0,10731275.34,0,0,7657.22,10723618.12,0,0,0,0,0,0,0,0,0,0,0,0,0,0,0,0,363787.16,0,0,0,363787.16,0,0,0,0,0,0,0,0,0,0,0,0,0,0,0,0,0,0,0,0,0,0,0,24663432.08,24663432.08,426510090.76000005,551942611.96,PE,Pernambuco,Northeast,TRUE,TRUE,202403,2024-03-01,confaz_boletim_tributos_estaduais,planilha1,confaz_boletim_tributos_estaduais_20260330.xls,20260330,mapped
27,TO,202403,2024,3,20811845.44,7148085.36,3891906.8,207034.32,32058871.92,3833549.69,7934895.69,12915.13,11781360.51,5180705.78,4483612.65,576273.79,120819.34,1162981.67,0,0,118439.82,1044509.05,32.8,176696350.46,14964092.68,31328751.79,10692,98027.25,158828.31,461948.41,71394.65,61215.06,56902.4,106564563.45,4118092.16,121566.95,1757161.36,5373372.27,103570.27,713377.46,842249.15,43509.88,375727.73,7363285.21,641605.97,191125.49,1106183.61,169106.95,38823729.15,38823729.15,543165.23,522486.82,0,20678.41,0,385894.39,34091.8,122519,229283.59,148830589.1,19579044.18,80605866.43,48645678.49,6228529.08,4728873.97,12932.05,8165.3,1453488.33,25069.43,1660833.59,1625430.53,35403.06,8498009.38,43971.86,0,6458.24,8446442.48,1136.8,0,26750.42,26750.42,0,0,13952.7,13952.7,384234.5,0,899.86,59622.02,60367.07,3306.66,250323.24,9715.65,216193.84,27604.02,0,1153.66,175721.81,6308.07,5406.28,766.88,766.88,9440.35,9440.35,264.76,264.76,0,0,3619.13,0,0,0,3619.13,78504.44,2342.74,72790.32,3371.38,0,0,0,0,34999528.08,34999528.08,423744042.9299999,455802914.8499999,AL,Alagoas,Northeast,TRUE,TRUE,202403,2024-03-01,confaz_boletim_tributos_estaduais,planilha1,confaz_boletim_tributos_estaduais_20260330.xls,20260330,mapped
1,AC,202404,2024,4,8875357.47,1115186.37,2564907.39,0,12555451.23,1984705.77,0,0,1984705.77,912929.09,903780.15,6167.49,2981.45,102577.03,0,0,0,102577.03,0,27962475.84,3745666.19,9002148.26,27.69,8342.26,129827.88,156939.75,212255.85,1051.62,45543.17,5953511.29,512895,150500.61,606451.19,1140891.49,1268.24,93606.53,768860.19,151764.06,103171.05,4618258.62,391830.47,63781.39,61366.16,42516.88,17755633.71,17755633.71,7424.9,2732.1,0,4692.8,0,679319.94,455406.9,147389.16,76523.88,92052284.45,4781834.79,53142837.07,34127612.59,462569.95,261559.31,89571.39,15770.46,76703.57,18965.22,779672.83,728285.45,51387.38,5265746.36,47355.94,31641.86,17054.21,5061799.72,69318.26,38576.37,4664.93,4036.15,0,628.78,7285.51,7285.51,170641.86,33.26,2622.09,14994.53,0,5810.57,77268.44,69912.97,434690.33,32827.86,12144.08,2964.39,201162.78,24390.09,161201.13,0,0,44727.28,44727.28,27972.55,27971.48,1.07,0,62694.33,2897.8,0,0,59796.53,236876.77,14343.78,155927.84,66605.15,15.08,15.08,0,0,16570112.9,16570112.9,163540315.6400001,176095766.8700001,,,,,,202404,2024-04-01,confaz_boletim_tributos_estaduais,planilha1,confaz_boletim_tributos_estaduais_20260330.xls,20260330,unmapped
2,AL,202404,2024,4,64594902.74,4789282.7,515660.02,14122061.67,84021907.13,3932303.89,58029.78,22985.47,4013319.14,1521918.75,1291642.61,165822.17,64453.97,51588965.44,0,46827377.77,831464.39,1826412.5,2103710.78,224649795.01,19364075.21,49304353.26,178400.44,272954.17,740057.41,89760.22,374792.22,1487073.37,185344.52,50450053.37,49459497.38,625886.82,10072811.23,5225893.06,1389935.84,2348841.24,2275350.99,1108876.97,3772981.73,21414533.93,2077656.08,1269784.64,673388.72,487492.19,77383564.57,77383564.57,325765.97,18445.66,77719.06,225850.61,3750.64,2151222.77,198332.46,1374733.23,578157.08,332294456.86,24663688.67,187503845.15,120126923.04,19661803.86,11940275.1,1004348.02,580023.01,2755027.52,3382130.21,8665987.89,6369231.09,2296756.8,15801042.24,29443.63,50235.04,30582.17,15610415.66,71016.73,9349.01,159984.47,141447.48,17512.88,1024.11,102576.16,102576.16,1267784.33,6051.24,71915.58,247449.88,44939.63,52925.38,803460.92,41041.7,1596149.19,280402.85,6089.1,166022.85,303518.58,58795.49,781320.32,1019.94,1019.94,65038.09,65038.09,99393.72,94475.78,558.54,4359.4,41367.89,8385.77,0,0,32982.12,646316.64,165303.69,364791.24,116221.71,516.76,516.76,0,0,784593.89,784593.89,738809264.4400002,822831171.5700002,,,,,,202404,2024-04-01,confaz_boletim_tributos_estaduais,planilha1,confaz_boletim_tributos_estaduais_20260330.xls,20260330,unmapped
3,AP,202404,2024,4,13591017.55,389163.83,5515548.14,59867246.46,79362975.98,696037.01,0,0,696037.01,29471.87,27097.1,1329.68,1045.09,350010.77,0,0,35140.88,312690.91,2178.98,30924824.01,1046095.04,11989943.53,28512,926.31,19999.95,829.95,210070.38,299432.1,10747.14,7380013.7,863542.03,27192.72,836840.82,1597026.69,79008.98,199014.99,364059.63,897138.75,78401.8,4636120.35,101590.95,155741.68,71088.31,31486.21,9438905.39,9438905.39,162573.73,126253.9,0,36319.83,0,173074.35,124157.77,19271.02,29645.56,70764791.83,4609375.43,50786909.01,15368507.39,830919.96,211273.23,234874.55,3702.8,363115.97,17953.41,167372.92,159008.48,8364.44,5687847.4,6.98,53830.24,43571.82,5588577.48,1513.35,347.53,222.9,222.9,0,0,7007.57,7007.57,89456.4,620.75,181.37,47209.24,0,1140.86,38059.69,2244.49,150185.78,2633.02,3.38,3.25,137077.35,208.83,10259.95,0,0,981.36,981.36,26879.28,26727.11,152.17,0,3384.95,622.74,0,0,2762.21,56219.91,14371.03,34670.71,7178.17,0,0,0,0,13033518.13,13033518.13,131897648.51,211260624.49,,,,,,202404,2024-04-01,confaz_boletim_tributos_estaduais,planilha1,confaz_boletim_tributos_estaduais_20260330.xls,20260330,unmapped
4,AM,202404,2024,4,106194358.85,3959089.89,23359756.71,129606028.64,263119234.09,4679411.3,2710958.93,2161.89,7392532.12,85823.92,49458.73,34067.5,2297.69,60672602.77,0,58654403.1,1772873.39,245326.28,0,459030990.13,6158634.99,57883751.68,0,542463.8,339775.96,16170.71,528076.12,2138431.89,413750.59,5177977.45,10949115.77,3301351.68,23195045.24,3642635.11,3497347.79,15231240.11,155441686.08,5227156.64,15750004.97,28365156.9,116197918.53,1258661.15,3541303.87,233333.1,66852424.72,66852424.72,1233803.22,524011.35,2992.57,706799.3,0,804481.47,0,88588.9,715892.57,392927158.25,24331479.59,206077321,162518357.66,75541407.4,60050853.04,8381062.91,196924.05,6710061.88,202505.52,8386123.82,8385370.32,753.5,25841287.86,72945.66,0,45065.56,25580402.36,142203.3,670.98,0,0,0,0,0,0,5739.99,0,0,5737.77,0,0,2.22,0,1561390.85,0,0,4368.77,1553677.95,0,3344.13,4.21,4.21,342.64,342.64,4280.3,4280.3,0,0,64556.79,0,63750.17,0,806.62,248648.97,800.93,247140.4,707.64,0,0,0,0,110943623.85,110943623.85,1204204691.1599998,1467323925.2499998,,,,,,202404,2024-04-01,confaz_boletim_tributos_estaduais,planilha1,confaz_boletim_tributos_estaduais_20260330.xls,20260330,unmapped
5,BA,202404,2024,4,152067980.52,25736706.98,82651382.03,294425063.33,554881132.86,15670827.27,0,0,15670827.27,11208797.34,10072461.55,846355.43,289980.36,37284066.11,0,22672317.31,4303734.45,8802376.01,1505638.34,1452489928.6,79175803.29,210933941,126423.07,6502681.83,3203114.15,4531819.37,906613.98,16063819.48,296172.18,681292296.3,178033390,4668769.5,60788579.9,45556217.93,16225516.28,11714485.07,5539208.61,11093621.19,8852043.11,91995732.06,4214777.15,5430406.5,2431248.43,2913248.22,301485548.9,301485548.9,4897160.99,3842709.89,9555.98,1044467.73,427.39,751642.16,25605.98,56619,669417.18,717164100.51,79811729.51,637352371,0,50966565.42,40337425.37,1844986.49,137866.46,8292598.7,353688.4,29390717.23,25124333.06,4266384.17,67107984.29,122235.39,208768.71,196526.6,64223541.57,1898351.3,458560.72,141804.16,141804.16,0,0,0,0,0,0,0,0,0,0,0,0,0,0,0,0,0,0,0,0,0,0,0,0,0,0,0,0,0,0,0,0,0,0,0,0,0,0,0,0,95392061,95392061,2768280376.7099996,3323161509.5699997,,,,,,202404,2024-04-01,confaz_boletim_tributos_estaduais,planilha1,confaz_boletim_tributos_estaduais_20260330.xls,20260330,unmapped
6,CE,202404,2024,4,238839686.06,6068465.89,1291783.36,46442.16,246246377.47,8007522.9,6799988.66,765903.79,15573415.35,2012413.96,862838.27,41188.75,1108386.94,7211739.81,0,2749518.05,7786.07,4454435.69,0,511472965.74,65204305.05,88138440.39,151087.89,7462811.73,14611828.75,17973638.17,956559.04,5987344.69,861595.65,173792809.57,15420397.12,2959001.6,11254661.23,29867398.43,7629622.43,11236008.73,3435502.18,7351494.14,2951670.25,33150593.84,3375663.73,4652148.39,2920280.03,128102.71,161392272.66,161392272.66,540399.15,136310.91,16547.01,387541.23,0,2260635.88,1121356.28,252990.39,886289.21,718456087.12,61910828.64,435391949.86,221153308.62,25775487.41,20346792.55,2253506.24,310088.83,2394521.77,470578.02,16512713.25,15524530.63,988182.62,39396612.8,371112.74,401.72,49186.5,38914326.86,61584.98,0,408683.89,179032.57,229651.32,0,21473.64,21473.64,196995.37,282.15,673.61,171514.03,0,14316.05,10050.04,159.49,2109616.81,522765.56,9758.25,468.19,1353136.78,9597.3,213890.73,14550695.99,14550695.99,117745.99,117745.99,404387.61,371945.99,366.53,32075.09,33796.74,2197.44,123.22,0,31476.08,94265.88,18889.12,6759.72,68617.04,0,0,0,0,37304690.02,37304690.02,1540273679.72,1786520057.19,,,,,,202404,2024-04-01,confaz_boletim_tributos_estaduais,planilha1,confaz_boletim_tributos_estaduais_20260330.xls,20260330,unmapped
7,DF,202404,2024,4,164215068.32,26023352.08,22882637.27,4474175.87,217595233.54,10466071.28,16533081.76,439442.97,27438596.01,2319042.51,2275610.14,42618.53,813.84,139480.33,0,0,9706.63,129773.7,0,189777503.71,15087006.28,43776361.47,116031.13,276592.69,450123.08,18384.14,279350.58,200699.16,152468.76,32026745.84,3786824.01,4508950.56,4264494.89,10139962.2,839571.39,4581810.92,3061454.33,2893169.76,853532.01,58238323.6,1221147.12,1032352.44,1971690.46,456.89,83961555.73,83961555.73,569656.67,565.89,5406.02,563684.76,0,12774.26,2816.15,9372.75,585.36,528887596.21,53011058.65,332189384.28,143687153.28,10639723.49,9002403.28,42.59,234289.2,1295721.78,107266.64,14675746.96,14648220,27526.96,38607249.25,5600.51,1289.95,180793.79,38419564,0,1,0,0,0,0,0,0,727.98,0,0,0,0,727.98,0,0,452097.49,0,0,0,329389.9,0,122707.59,0,0,5.43,5.43,0,0,0,0,1,1,0,0,0,1413.48,0,1412.48,1,0,0,0,0,93321715.49,93321715.49,963366289.9900001,1180961523.5300002,,,,,,202404,2024-04-01,confaz_boletim_tributos_estaduais,planilha1,confaz_boletim_tributos_estaduais_20260330.xls,20260330,unmapped
8,ES,202404,2024,4,377308475.23,16866762.85,106433846.15,102230989.61,602840073.84,8868679.75,26733.67,19170.63,8914584.05,189833.25,0,189833.25,0,2763522.9,0,0,0,2763522.9,0,200544984.71,31056255,63284995.61,0,585339.79,2528619.58,162794.99,0,0,297131.48,0,21224944.48,6463845.38,9322547.93,26403398.34,0,12392215.82,1458225.46,2265583.28,3182054.18,15590052.76,0,2285967.97,0,2041012.66,0,0,0,0,0,0,0,3914266.73,249845.71,1896737.47,1767683.55,726483786.28,70763550.7,461027801.17,194692434.41,59487981.42,59487981.42,0,0,0,0,11716030.23,11452022.51,264007.72,65486.44,28962.93,0,36523.51,0,0,0,0,0,0,0,12616.17,12616.17,992292.11,0,0,885232.28,0,59592.53,0,47467.3,2363703.9,1066488.49,0,0,438130.6,93787.61,765297.2,0,0,46814.67,46814.67,63501.64,63501.64,0,0,38775.94,6761.87,0,0,32014.07,458049.42,45469.94,288538.94,124040.54,194.81,194.81,0,0,785229133.56,785229133.56,1794370974.1799998,2397211048.02,,,,,,202404,2024-04-01,confaz_boletim_tributos_estaduais,planilha1,confaz_boletim_tributos_estaduais_20260330.xls,20260330,unmapped
9,GO,202404,2024,4,175399226.8,78325715.7,163517772.7,356585624.5,773828339.7,78926537.56,35248538.08,3592323.64,117767399.28,26504329.27,25338427.94,1075419.8,90481.53,9113702.98,0,83654.14,2706612.03,6233147.12,90289.69,760210401.71,145949911.1,133219358.7,2597581.09,2195441.99,6977254.88,1518235.05,1030921.56,5774544.55,963477.32,247073781.5,34616359.49,27287824.85,17589401.37,15038353.41,1532304.04,15712211.53,2146100.1,2234237.97,21411419.58,62403453.64,2548151.85,4277607.39,4233925.36,1878543.39,128272799.6,128272799.6,2216552.62,814612.04,47308.24,1354632.34,0,2859666.72,317983.44,966738.92,1574944.36,1242773026.3,125790240.5,765950075.6,351032710.2,63660846.46,59748415.45,12636.43,161910.31,3244961.28,492922.99,21873532.4,20036460.56,1837071.84,48352695.02,100058.11,116785.11,86547.9,47794040.99,147128.69,108134.22,545385.61,531996.41,8872.16,4517.04,197112.8,197112.8,1267034.2,9893.16,24282.53,349333,21707.61,198003.84,542896.66,120917.4,7530939.4,612789.92,24545.64,41986.69,956834.92,51865.43,5842916.8,45375.2,45375.2,79544.1,79544.1,57970.9,50109.02,6258.82,1603.06,431673.95,53349.78,1661.07,0,376663.1,1111384.7,445759.36,442048.3,223577.04,505.46,505.46,0,0,87557432.93,87557432.93,2404661912.3299994,3178490252.0299997,,,,,,202404,2024-04-01,confaz_boletim_tributos_estaduais,planilha1,confaz_boletim_tributos_estaduais_20260330.xls,20260330,unmapped
10,MA,202404,2024,4,108796132.2,2722407.25,31831401.37,28269397.47,171619338.29,5493416.35,10292283.4,2262,15787961.75,5684729.86,5055205.32,558350.41,71174.13,3762559.88,0,100905.42,1669029.51,1991327.01,1297.94,367632980.58,11459130.63,77519061.23,167309.68,401041.78,785664.3,440318.92,63999,1634376.32,154173.48,197070898,20749785.48,825001.89,5314380.5,10461409.47,6825340.26,1003322.42,1564275.35,252828.67,1425210.97,22961149.16,3092334.06,1583020.15,1311948.73,567000.13,110830923.4,110830923.4,591383.38,6652.94,5842.86,578887.58,0,4610284.54,1266634.67,2617904.63,725745.24,580002250.3,42335728.1,348171256.8,189495265.4,33183506.19,29885532.89,1084456.1,36113.01,2079397.42,98006.77,5284747.05,4981222.17,303524.88,27251562.87,23116.01,65448.19,16941.32,27055671.36,64031.65,26354.34,142914.89,141062.22,0,1852.67,128731.52,128731.52,2788494.75,3728.31,24845.44,238499.49,1461.52,142665.02,2318447.95,58847.02,2740881.44,1131237.05,7376.86,12914.58,637407.64,58036.01,893909.3,786.6,786.6,50034.49,50034.49,49685,48310.07,1374.93,0,86223.76,955.39,0,0,85268.37,425782.91,45117.98,283351.2,97313.73,60.74,60.74,0,0,44331526.08,44331526.08,1189580050.23,1361199388.52,,,,,,202404,2024-04-01,confaz_boletim_tributos_estaduais,planilha1,confaz_boletim_tributos_estaduais_20260330.xls,20260330,unmapped
11,MT,202404,2024,4,158383106.01,18542832.59,16872825.41,182125649.09,375924413.1,7811292.55,20707501.76,178768.39,28697562.7,48860429.73,48474103.38,353805.88,32520.47,9716650.16,0,592.03,5800144.26,3907164.15,8749.72,468509758.38,108475508.3,93666521.95,15098.06,1780726.3,977551.82,1827736.74,4768242.97,1728153.42,178275.3,90044792.92,38815440.15,1545950.25,16966887.19,33423151.6,4122791.43,6130854.79,2856927.7,8720651.87,7756368.49,38485810.2,2170733.68,1932171,1245693.83,873718.42,125471700.05,125471700.05,603009.56,70199.31,123.89,530875.57,1810.79,1356319.21,586748.38,326814.68,442756.15,930325455.49,96071428.91,539118542.89,295135483.69,71645457,56776109.04,57572.69,108525.35,9883570.29,4819679.63,6978104.06,6603725.36,374378.7,19991919.55,7816.44,83305.44,192750.21,19337097.02,172951.2,197999.24,277758.79,252010.09,7032.69,18716.01,510113.6,510113.6,3360620.07,2109.14,15179.31,2030884.87,107891.75,365244.46,803375.95,35934.59,2584247.71,1139809.48,1329.98,66200.42,943340.78,40897.9,392669.15,16345502.36,16345502.36,130310.53,130310.53,206544.03,202437.04,1834.22,2272.77,52371.53,3825.73,0,0,48545.8,608792.61,228525.69,249581.01,130685.91,11957.46,11957.46,0,0,0,0,1707547021.8799994,2083471434.9799995,RO,Rondonia,North,TRUE,TRUE,202404,2024-04-01,confaz_boletim_tributos_estaduais,planilha1,confaz_boletim_tributos_estaduais_20260330.xls,20260330,mapped
12,MS,202404,2024,4,86882183.34,75330282.21,1900746.91,105325315.64,269438528.1,3167325.34,2033705.33,0,5201030.67,24418115.15,16983025.57,7256911.62,178177.96,10596110.9,0,0,6659615.06,3725017.05,211478.79,571682028.55,80017886.97,73198251.95,3047120.38,3154941.76,2480101.12,2655681.62,2625788.53,15258591,288034.84,298394859.21,13478533.79,3815409.07,7150829.1,10458212.53,5277284.29,7551373.25,2251308.11,3822658.19,798636.77,29095493.55,1163867.85,815460.62,1886583.39,2995120.66,246617603.07,246617603.07,1268047.38,271936.19,232517.78,763522.53,70.88,1973566.62,494485.67,732284.04,746796.91,430052332.64,56349661.29,234233577.83,139469093.52,52232148.41,49297334.34,3240.5,17120.78,2527261.72,387191.07,5204829.7,4778011.85,426817.85,14284912.57,46299.85,21607.13,16766.42,14058582.51,107576.32,34080.34,608984.39,136625.57,0,472358.82,133984.39,133984.39,1009283.18,26599.97,5067.65,294716.48,13944.73,67136.15,542942.87,58875.33,2357820.64,675154.98,13978.9,81132.64,449853.54,67988.79,1069711.79,3202206,3202206,69266.59,69266.59,13382.06,13090.43,291.63,0,74406.58,10959.24,68.79,0,63378.55,482842.45,100070.25,265158.11,117614.09,8.36,8.36,0,0,36913611.84,36913611.84,1403195491.47,1672634019.5700002,AC,Acre,North,TRUE,TRUE,202404,2024-04-01,confaz_boletim_tributos_estaduais,planilha1,confaz_boletim_tributos_estaduais_20260330.xls,20260330,mapped
13,MG,202404,2024,4,718691273.82,143251704.99,249135277.69,360734189.08,1471812445.58,80018151.15,21104580.8,1711044.86,102833776.81,18581201.74,12819028.97,5567654.39,194518.38,145494712.51,0,8259453.73,129538010.65,6117289.06,1579959.07,3003322691.92,255434350.56,195889791.25,107073361.56,10796242.32,24475055.78,11883710.73,7523062.91,32711031.1,3705404.13,1233171965.14,143189076.5,67614788.2,78025117.48,132261136.38,161632916.87,82077995.35,37549699.13,48210067.66,55833574.04,241749866.85,9760857.33,30430871.58,22613392.67,9709356.4,525049844.27,525049844.27,6005593.21,51445.08,2381.38,5951766.75,0,10317128.46,2165586.81,1489200.57,6662341.08,2193173427.87,145840102.34,1480536948.55,566796376.98,101064493.43,93533528.87,97273.77,144991.3,7077440.72,211258.77,51733731.38,50221170.09,1512561.29,169102479.58,563921.56,244829.86,493850.87,166080166.27,1195960.36,523750.66,3172230.69,3152761.9,2159.59,17309.2,162201.72,162201.72,13061382.88,680.66,970667.66,1947202.38,204812.69,465600.68,8915967.82,556450.99,12208547.27,3904669.24,251538.38,195716.15,3174527.28,392739.24,4289356.98,10197.58,10197.58,907368.51,907368.51,396167.13,379440.05,7412.15,9314.93,898616.38,134975.14,79482.96,101.95,684056.33,4409003.34,497457.25,3406938.25,504607.84,2533.2,2533.2,0,0,214251135.22,214251135.22,6473324688.290001,7945137133.870001,AM,Amazonas,North,TRUE,TRUE,202404,2024-04-01,confaz_boletim_tributos_estaduais,planilha1,confaz_boletim_tributos_estaduais_20260330.xls,20260330,mapped
14,PR,202404,2024,4,735492847.88,122721331.66,6974212.51,0,865188392.05,16445132.06,2798988.23,200530.67,19444650.96,6293293.64,3940072.93,2318451.97,34768.74,37881631.31,190895.93,6689029.35,75019.09,30669013.94,257673,859718975.89,103174823.3,34247901.88,61261792.99,8180559.08,15077849.55,2600258.31,36694839.22,86315534.84,9970193.76,42062293.1,76512118.71,21196772.7,53012458.38,37234643.61,9764591.91,36874230.53,11553853.39,24224979.04,47757615.62,99896294.64,1727967.23,22117185.2,16541248.47,1718970.43,311779462.03,311779462.03,1760748.14,34096.89,5.06,1726646.19,0,5923035.26,560124.3,2407088,2955822.96,2836078316.88,304481143.24,2113429345.1,418167828.54,119068416.36,86101734.41,450965.68,1588976.7,10085378.49,20841361.08,22130326.71,20771589.3,1358737.41,91907802.2,2730190.78,19531.7,196166.49,88024217.53,900576.44,37119.26,55365.08,48426.99,4130.41,2807.68,2785198.47,2785198.47,1166009.89,26.78,17526.01,497861.95,584753.1,44184.63,21142.35,515.07,2290000.81,162280.24,1122.59,7575.29,1870890.87,6270.67,241861.15,21244.65,21244.65,74411.67,74411.67,139315.24,139138.33,80.46,96.45,20502.97,5044.13,3.54,0,15455.3,332575.78,115711.05,194714.9,22149.83,608.8,608.8,0,0,9319882.57,9319882.57,4308747124.35,5173935516.400001,RR,Roraima,North,TRUE,TRUE,202404,2024-04-01,confaz_boletim_tributos_estaduais,planilha1,confaz_boletim_tributos_estaduais_20260330.xls,20260330,mapped
15,PB,202404,2024,4,73606004.15,5640440.79,3773454.4,8772336.34,91792235.68,6606552.27,2967141.95,0,9573694.22,1289971.02,1234045.16,8107.82,47818.04,4482503.81,431396.72,568821.25,47500.4,2779508.1,655277.34,160215434.76,19156472.85,35781342.52,2532.36,3102863,1434407.85,2406563.46,375434.9,1344581.18,715801.11,37573943.67,4337580.5,694017.72,5405615.8,14910004.28,806703.5,3919657.54,1354745.35,947751.62,1560207.16,19701350.53,1335988.36,1964116.39,1305241.94,78511.17,62255857.74,62255857.74,78055.56,41253.01,0,36802.55,0,492722.75,114822.19,112234.97,265665.59,525324803.67,31140102.43,301355160.5,192829540.74,16101574.35,15185089.1,13825.41,50470.91,721902.21,130286.72,6766013.2,6740846.61,25166.59,19381373.47,143333.15,232.22,37054.7,19158470,40920.28,1363.12,101093.96,100294.32,0,799.64,6099.67,6099.67,88636.73,1199.64,3012.58,5008.83,0,31091.76,46775.26,1548.66,909457.36,44627.97,19258.52,13663.58,573410.21,1213.75,257283.33,3840,3840,40004.23,40004.23,7281.64,4193.16,2.91,3085.57,2236.85,491.25,0,0,1745.6,47870.06,1661.32,22793.79,23414.95,431.92,431.92,0,0,0,0,797595262.7500001,889387498.4300001,PA,Para,North,TRUE,TRUE,202404,2024-04-01,confaz_boletim_tributos_estaduais,planilha1,confaz_boletim_tributos_estaduais_20260330.xls,20260330,mapped
16,PA,202404,2024,4,132778200.7,4504358.31,230037209.6,198546495.8,565866264.41,10756118.5,2811504.98,59417.56,13627041.04,7170239,3949727,3086237,134275,137112956,0,14231,133529536,3156849,412340,531399493,43315296,106295925,473352,352956,872823,1293721,6665089,1540247,165317,200359817,18469866,912685,19262640,18302538,36595514,2696491,1950082,3637652,14528202,44212105,4206829,1645415,644698,3000233,168153980,168153980,1109366,33695,1274,1074397,0,3944175,333117,2245915,1365143,657852396,42339378,428119930,187393088,53086517,34904422,12965703,327762,4605378,283252,11977724,11701948,275776,35540219,1340,90022,33290,35123819,107967,183781,307541,255392,0,52149,30097,30097,1821962,1424,39346,719806,0,7226,1019521,34639,5306679,1892126,122795,40009,2327356,111332,813061,27097,27097,15139,15139,242129,226284,8544,7301,187399,31321,0,0,156078,3725869,3403960,256354,65555,2,2,0,0,187555089.5,187555089.5,1806566068.5,2372432332.91,AP,Amapa,North,TRUE,TRUE,202404,2024-04-01,confaz_boletim_tributos_estaduais,planilha1,confaz_boletim_tributos_estaduais_20260330.xls,20260330,mapped
17,PE,202404,2024,4,144543427.33,64230168.25,8707475.35,25009856.66,242490927.59,8697796.99,885594.87,805728.44,10389120.3,1252625.45,1041101.46,77790.54,133733.45,10050340.55,0,5061827.26,5165.39,4921699.3,61648.6,713655981.56,85612106.97,81507426.24,4902.74,3767927.48,5856662.49,1631074.94,1982948.48,12156731.74,870490.12,243401086.4,50014207.02,12689499.4,22431532.95,28061496.33,11453886.18,11343528.88,7428183.03,13589370.93,7698607.97,96945813.52,5558785.36,4643780.83,2636792.43,2369139.13,206333747.45,206333747.45,1336355.58,158113.87,25889.31,1152352.4,0,96756.56,62657.17,3949.34,30150.05,1165594941.09,73623480.86,734154071.59,357817388.64,46101435.28,37975482.11,1539210.49,422034.93,6004519.81,160187.94,19717131.09,18375596.68,1341534.41,40174174.4,66142.53,234416.99,77704.71,39554600.46,196367.24,44942.47,727927.4,726753.79,0,1173.61,34794.73,34794.73,2323312.68,1594.33,291472.19,48785.66,223613.32,134171.64,1556489.31,67186.23,3119354.77,744465.21,47908.47,350810.45,1910192.36,63589.6,2388.68,27000.89,27000.89,364245.35,364245.35,177784.08,173764.17,956.45,3063.46,236018.24,24694.88,4053.93,0,207269.43,1655273.9,115367.25,1295925.81,243980.84,318.71,318.71,0,0,85716432,85716432,2298695951.7599993,2541186879.3499994,TO,Tocantins,North,TRUE,TRUE,202404,2024-04-01,confaz_boletim_tributos_estaduais,planilha1,confaz_boletim_tributos_estaduais_20260330.xls,20260330,mapped
18,PI,202404,2024,4,52280091.84,2069328.53,35187201.92,7931156.89,97467779.18,679954.42,424749.01,0,1104703.43,4739284.52,4563530.18,148261.98,27492.36,1528231.13,0,25434.53,348923.02,1153101.48,772.1,195136062.51,12383170.87,41372878.51,1233.22,129482.66,300198.76,179787.89,10737.98,94252.4,43224.59,105588787.5,6072471.81,443179.24,3327220.9,5043179.96,138658.04,884602.64,830667.05,486212.37,824452.66,13298980.88,1603378.52,1303544.22,594994.88,180764.96,62203173.69,62203173.69,17782.67,965.23,202.68,16614.76,0,1667252.25,431755.29,862078.76,373418.2,256889528.87,21957218.77,122130376.8,112801933.3,8150445.83,7637941.01,20609.43,11909.7,419794.84,60190.85,2752712.47,2554929.74,197782.73,14227312.84,8294.27,79333.78,12423.3,13938159.4,32809.54,156292.55,95.51,95.51,0,0,18727.98,18727.98,774555.51,0,13533.73,60783.13,542.4,14639.47,680298.57,4758.21,1600847.7,571816.05,8056.01,49172.32,438545.81,53493.53,479763.98,7140.19,7140.19,35928.6,35928.6,33654.74,32954.49,700.25,0,171726.86,6229.36,0,0,165497.5,315433.83,46633.72,196772.21,72027.9,403.05,403.05,65942.15,65942.15,49404664.88,49404664.88,599740907.7800001,697208686.96,,,,,,202404,2024-04-01,confaz_boletim_tributos_estaduais,planilha1,confaz_boletim_tributos_estaduais_20260330.xls,20260330,unmapped
19,RJ,202404,2024,4,470222081.6,166887245.3,1063416.84,580028098.2,1218200841.94,57203942.12,7004302.38,1616161.22,65824405.72,834799.86,605557.37,171324.51,57917.98,330241061.99,0,247659757.3,1254680.25,4184927.24,77141697.2,865690815.88,30451752.79,129513596.3,45056.91,2979045.01,11450905.8,1976830.32,532359.17,10431936.16,1325553.88,315710943.2,73906566.73,35491430.4,41488404.53,35012546.24,28534963.97,21881509.97,1549611.48,2374660.45,23702393.46,50956440.62,995086.04,3129698.31,20375163.95,21874360.19,577222009.3,577222009.3,3665831.69,165463.85,3315.36,3495530.63,1521.85,7243843.65,340422.63,2673212.24,4230208.78,1120550533.41,33361943.01,688266762.1,398921828.3,201515914.15,115355502.3,14905187.74,3601170.66,67088542,565511.45,48948150.9,44986866.06,3961284.84,168438480.08,279412.41,409589.25,925423.51,165245832.1,730084.7,848138.11,346508.13,337322.14,2412.69,6773.3,132250.11,132250.11,23510478.57,2300.11,348507.74,15178187.43,5864660.67,467948.27,1516075.35,132799,10395339.8,5293190.47,182095.17,101771.92,2117316.09,477991.21,2222974.94,9004.72,9004.72,437540.56,437540.56,239369.79,193893.54,4675.28,40800.97,914826.3,51341.35,14517.86,0,848967.09,2579636.92,136303.32,1693171.65,750161.95,227.88,227.88,0,0,759782363,759782363,4122698986.690001,5340899828.630001,,,,,,202404,2024-04-01,confaz_boletim_tributos_estaduais,planilha1,confaz_boletim_tributos_estaduais_20260330.xls,20260330,unmapped
20,RN,202404,2024,4,54730763.5,3875994.97,0,0,58606758.47,0,0,0,0,2336031.43,1206756.93,25422.48,1103852.02,30550795.22,0,15240561.76,488361.54,14092630.87,729241.05,193176281.49,19310169.62,17651317.28,0,1217729.58,3249704.12,59325.65,201632,364630.44,218119.28,112015579.48,3243518.72,364790.17,3791681.19,3532418.12,136840.49,1171370.94,947235.42,4814766.61,659507.4,15061041.53,930542.09,760004.27,594115.29,2880241.8,68782436.58,68782436.58,585475.92,33342.49,1.02,552132.41,0,3228384.99,536746.59,1665423.87,1026214.53,299422907.57,25351683.62,153667086.01,120404137.94,5724707.36,5075612.27,167309.41,5571.27,437559.07,38655.34,8316132.81,7498506.71,817626.1,11581922.57,22604.95,124553.75,13425.63,11215997.55,193386.12,11954.57,401801.01,397996.81,0,3804.2,11481.41,11481.41,1764954.64,3227.73,72833.31,437114.66,11795.57,60620.32,1102916.45,76446.6,2212016.15,457315.93,7440.82,20046.08,462724.81,87523.64,1176964.87,2479.06,2479.06,97559.82,97559.82,57059.42,52889.42,921.77,3248.23,185750.01,85707.01,787.57,0,99255.43,591635.23,28029.77,451567.88,112037.58,155.5,155.5,0,0,30263031.42,30263031.42,659292999.6099999,717899758.0799999,,,,,,202404,2024-04-01,confaz_boletim_tributos_estaduais,planilha1,confaz_boletim_tributos_estaduais_20260330.xls,20260330,unmapped
21,RS,202404,2024,4,935921966.4,111097368.8,19024217.73,7304.67,1066050857.6,87240471.15,11424152.64,1058420.17,99723043.96,32345124.92,30526908.27,1726173.86,92042.79,10589318.64,694376.26,0,12908.55,9705319.68,176714.15,2144511072.72,223480757.2,264554262.1,1275956.53,11536200.51,15260284.27,51390755.66,17368994.34,54487196.64,3835472.57,727581545.6,164670685,4883335.54,93076747.57,53692733.55,31792351.72,89103066.67,17387316.94,23030100.88,103404547,133240972.4,2644879.2,34581883.82,18699880.93,3531146.08,322900995.3,322900995.3,1902119.1,15839.67,518.34,1885761.09,0,2904633.85,333036.5,1227495.04,1344102.31,1446452691,126361709.7,693568995.8,626521985.5,80880803.11,75244202.19,850557.45,268343.42,4343765.13,173934.92,39037596.69,38194122.89,843473.8,109087367.21,741441.89,215839.19,76179.87,106789001,256113.09,1008792.17,28048.97,27963.47,85.5,0,29094.64,29094.64,1509099.85,415.33,70656.8,1239044.12,9789.67,46119.47,55770.81,87303.65,2161403.58,439257.96,105.95,89027.44,848967.79,92139.36,691905.08,70879.44,70879.44,159979.19,159979.19,50917.77,46977.49,3691.37,248.91,243191.02,151972.71,4590.58,0,86627.73,1169820.67,235575.57,806895.29,127349.81,0,0,0,0,121227492.5,121227492.5,4317261650.17,5383312507.77,MA,Maranhao,Northeast,TRUE,TRUE,202404,2024-04-01,confaz_boletim_tributos_estaduais,planilha1,confaz_boletim_tributos_estaduais_20260330.xls,20260330,mapped
22,RO,202404,2024,4,65762760.88,2147185.02,91715.1,56924129.86,124925790.86,12886282.22,2718691.52,5732.79,15610706.53,2642057.5,2602505.67,8667.21,30884.62,13047149.91,0,9668415.05,1698625.64,1680109.22,0,121232179.36,23996734.1,35244322.75,0,66080.54,233129.16,2892607.51,351418.75,127515.98,134893.8,23843131.21,7638597.91,94780.62,1199260.36,7118165.84,1182000.94,2484062.65,362255.48,139351.29,192782.42,11028413.17,1162461.5,594344.95,925440.5,220427.93,51974185.84,51974185.84,300179.89,219622.72,614.36,79788.91,153.9,1507102.54,443053.98,309977.86,754070.7,300599191.84,37020332.94,142492817.6,121086041.3,7291571.22,4705098.48,1174370.52,14455.54,1342114.04,55532.64,2042178.07,1937273.98,104904.09,10565390.93,5901.86,48584.93,28981.08,10435055.27,28954.02,17913.77,183814.89,47181.26,124719.9,11913.73,7172.27,7172.27,544132.61,1403.68,107272.48,75952.25,81.72,130490.07,204108.95,24823.46,1686718.37,687122.69,0,11722.62,594933.63,27254.55,365684.88,0,0,74260.58,74260.58,78855.2,78471.43,383.77,0,209177.17,92205.44,1152.5,0,115819.23,591334.19,43160.02,350384.04,197790.13,941.08,941.08,0,0,80291051.06,80291051.06,594868644.52,719794435.38,PI,Piaui,Northeast,TRUE,TRUE,202404,2024-04-01,confaz_boletim_tributos_estaduais,planilha1,confaz_boletim_tributos_estaduais_20260330.xls,20260330,mapped
23,RR,202404,2024,4,9557437.1,1187980.41,69452.97,70383073.88,81197944.36,870656.43,0,0,870656.43,402239.86,229613.64,170194.88,2431.34,255625.9,0,0,0,255625.9,0,36897800.47,1621430.07,10042499.58,0,2330.32,28202.51,637.61,378613.93,9746.18,60142.98,16346078.71,1409102,16973.87,585942.15,1294528.52,16547.65,61560.35,288226.23,5448.57,198494.08,4228919.55,122136.65,34601.52,69844.07,75793.37,22956468.79,22956468.79,5552.85,0,0,5552.85,0,504432.55,127497.54,138492.48,238442.53,81823702.14,6130709.13,41437186.61,34255806.4,891592.94,590069.53,676.16,30934.58,192543.24,77369.43,729080.39,710307.5,18772.89,4371423.11,4572.29,17914.91,1458.2,4325540.59,2883.2,19053.92,0,0,0,0,4274.93,4274.93,108965.48,1.3,4774.76,17743.09,0,7698.03,71785.01,6963.29,490517.05,123383.18,1651.64,9882.18,144182.73,11480.85,199936.47,0,0,118.54,118.54,29312.37,29263.78,48.59,0,17383.02,6.23,0,0,17376.79,90678.64,5389.43,67001.47,18287.74,1.06,1.06,0,0,20696476.01,20696476.01,170275646.1,251473590.45999998,CE,Ceara,Northeast,TRUE,TRUE,202404,2024-04-01,confaz_boletim_tributos_estaduais,planilha1,confaz_boletim_tributos_estaduais_20260330.xls,20260330,mapped
24,SC,202404,2024,4,447780613,99038047,125242942,69912,672131514,83973542,1233163,3348156,88554861,10646062,4592926,5525679,527457,9145402,65759,18,1106,7949970,1128549,1427853959,101917216,185291195,28387209,55483558,68922294,3202531,15641627,42996966,5780693,398417997,52825075,6253179,72596494,47327048,28378138,39608357,8191101,50460879,75367569,103111432,8046125,15234092,9995936,4417248,242242215,242242215,2916372,192800,5850,2713803,3919,8025773,807772,2339390,4878611,1554072205,127151484,812030011,614890710,132598481,112181191,1303913,31697,18884279,197401,40229094,37902496,2326598,84517235,2376163,278861,81237,80077805,1092910,610259,575693,526194,0,49499,1106139,1106139,13433946,210,5299782,2285907,59742,415233,5056334,316738,6443747,1710239,46174,98066,1215091,253929,3120248,10755230,10755230,333922,333922,137632,71562,1144,64926,2491550,111667,130132,0,2249751,5470113,3137812,1578702,753599,3838,3838,0,0,47350239,47350239,3600348847,4272480361,RN,Rio Grande do Norte,Northeast,TRUE,TRUE,202404,2024-04-01,confaz_boletim_tributos_estaduais,planilha1,confaz_boletim_tributos_estaduais_20260330.xls,20260330,mapped
25,SP,202404,2024,4,2848325612.74,433395466.08,879620599.85,0,4161341678.67,114420975.98,100850369.32,18469963.55,233741308.85,76870463.02,74948251.78,1893725.81,28485.43,40916480.69,0,13577718.5,207141.48,26242403.28,889217.43,8729289144.9,794997104.17,418878571.12,6289461.15,85733047.6,52607544.62,24615089.05,19618588.36,287916219.99,29511312.34,2060103754.68,1295569352.78,369261646.5,529260295.06,237253553.13,185804948.04,288977312,203434053.45,296042966.82,362940247.33,969961375.27,32877469.84,34362556.44,106497321.12,36775354.04,1207267692.23,1207267692.23,17585722.44,4675957.15,77150.6,12809473.89,23140.8,33248930.39,3613930.32,13773362.17,15861637.9,6345405949.74,430667272.86,4225724677.94,1689013998.94,640653145.46,451661605.14,3690616.37,14228057.36,104163546.22,66909320.37,127276960,119445786.36,7831173.64,584571521.45,12290843.73,2120045.88,568920.53,533677304.94,22833494.33,13080912.04,18104964.68,16674185.8,248435.63,1182343.25,5779865.61,5779865.61,76884301.09,3408.96,7265957.09,8513575.05,22968180.03,2832717.94,35151089.04,149372.98,66223658.75,24290371.5,662208.82,247292.04,9474833.37,1586809.24,29962143.78,60018.14,60018.14,1278532.6,1278532.6,2209741.63,1691481.41,43982.58,474277.64,4418065.8,509002.64,150971.21,0,3758091.95,9625791.27,2447900.63,5821913.17,1355977.47,11503.85,11503.85,0,0,756106268.92,756106268.92,18743788722.659996,22905130401.329994,PB,Paraiba,Northeast,TRUE,TRUE,202404,2024-04-01,confaz_boletim_tributos_estaduais,planilha1,confaz_boletim_tributos_estaduais_20260330.xls,20260330,mapped
26,SE,202404,2024,4,28735862.35,2478520.93,1350365.74,3129402,35694151.02,5484773.01,529279.97,59093.64,6073146.62,983935.25,939262.82,16215.41,28457.02,8290236.31,0,2435166.62,0,5855069.69,0,148216615.14,12183487.36,21114780.66,83423.45,1206089.93,438207.83,1125425.47,146954.12,282403.18,0,50818590.89,31476343.7,433337.29,2639678.68,9147473.82,543391.33,1495816.68,526160.86,803498.86,198417.99,11127520.51,936610.77,1022664.3,466337.46,0,43597521.25,43597521.25,74423.68,39781.21,0,34642.47,0,0,0,0,0,215842358.18,22316351.76,93811541.9,99714464.52,6250899.87,5844108.42,5874.7,143154.46,257762.29,0,5229897.72,5229897.72,0,12994874.54,0,0,1201326.84,11793547.7,0,0,0,0,0,0,0,0,0,0,0,0,0,0,0,0,339557.39,0,0,0,339557.39,0,0,0,0,0,0,0,0,0,0,0,0,0,0,0,0,0,0,0,0,0,0,0,23814978.43,23814978.43,465635297.76000005,501329448.78000003,PE,Pernambuco,Northeast,TRUE,TRUE,202404,2024-04-01,confaz_boletim_tributos_estaduais,planilha1,confaz_boletim_tributos_estaduais_20260330.xls,20260330,mapped
27,TO,202404,2024,4,25971666.49,5186898.05,4350073.84,35044.74,35543683.12,4109756.77,10440814.09,14399.39,14564970.25,6159083.66,4740885.1,1377183.63,41014.93,1256007.03,0,0,34068.38,1221905.53,33.12,190045642.51,13784784.3,33691125.93,0,89343.82,163735.47,584229.46,45597.49,49639.48,66015.83,117123478.64,3291915.54,99211.86,1737997.28,5322238.54,146988.08,963460.85,388277.81,99902.58,434166,9238766.2,778322.11,205158.69,1469022.37,272264.18,40151337.33,40151337.33,590651.64,559012.67,0,31638.97,0,364238.8,40243.59,112735.68,211259.53,178765438.59,26883025.27,95858925,56023488.32,8030014.49,6131016.38,17222.88,13425.44,1779577.84,88771.95,1938189.83,1898131.36,40058.47,9857996.74,3177.12,0,17886.74,9831900.38,1158.49,3874.01,23285.62,23285.62,0,0,14513.62,14513.62,519881.94,185.86,0,46485.39,152493.12,3217.08,309437.07,8063.42,219067.57,18783.33,0,1278.92,190020.85,2125.83,6858.64,0,0,4166.96,4166.96,41954.14,41954.14,0,0,6581.86,200,0,0,6381.86,92074.17,1438,85164.5,5471.67,0,0,0,0,41105585.21,41105585.21,479185711.7099999,514729394.8299999,AL,Alagoas,Northeast,TRUE,TRUE,202404,2024-04-01,confaz_boletim_tributos_estaduais,planilha1,confaz_boletim_tributos_estaduais_20260330.xls,20260330,mapped
1,AC,202405,2024,5,9284215.45,907083.17,2727431.9,0,12918730.52,2233917.43,0,0,2233917.43,1168232.26,1163523.53,904.04,3804.69,105215.44,0,0,0,105215.44,0,33189691.22,5256074.91,8176145.7,2,4205.39,197152.41,180897.62,257529.02,5076.15,45466.43,9707947.1,660927.34,122445.54,715796.4,1493843.88,11670.71,214315.06,1122324.17,157652.96,113082.16,4159840.01,390334.6,81918.41,75600.44,39442.81,16963094.06,16963094.06,9640.1,4089.05,0,5551.05,0,899048.46,729943.2,49347.37,119757.89,98259163.58,5100291.02,58817810.5,34341062.06,461671.5,289765.37,68834.05,25918.05,68988.45,8165.58,647223.4,611572.52,35650.88,5301909.63,86651.1,25330.51,38323.48,5087927.76,47508.62,16168.16,12034.96,358.66,0,11676.3,5948.91,5948.91,211365.88,1522.58,16342.64,40264.01,0,25314.94,85445.99,42475.72,502518.6,39342.9,18659.19,21997.25,181658.51,49247.96,191612.79,0,0,21454.36,21454.36,9598.19,9593.39,4.8,0,47690.85,10969.18,0,0,36721.67,184396.17,2654.43,113526.73,68215.01,19.18,19.18,0,0,14051090.73,14051090.73,172051007.48,184969738,,,,,,202405,2024-05-01,confaz_boletim_tributos_estaduais,planilha1,confaz_boletim_tributos_estaduais_20260330.xls,20260330,unmapped
2,AL,202405,2024,5,73724483.16,4521865.51,534369.35,16930957.55,95711675.57,3861415.36,9901.09,36983.99,3908300.44,1678572.13,1362877.09,262496.89,53198.15,46053775.37,0,37420119.98,912956.61,2991923.5,4728775.28,181923787.13,19047651.66,44368349.49,158391.76,231394.77,673079.22,128690.23,328781.58,1485674.08,206379.04,50110354.74,16721039.5,488918.86,10717745.49,6050056.21,1630692.84,2134150.96,2056787.49,1357839.76,2810692.03,16939205.5,1702262.3,1214583.59,859599.46,501466.57,84732654.15,84732654.15,398584.72,12247.4,3792.37,382544.95,0,2156731.73,166981.34,1561097.21,428653.18,318910884.46,25919443.64,167005689.53,125985751.29,19781922.95,12583697.44,1324687.72,280575.5,1682450.02,3910512.27,10065732.64,6324122.22,3741610.42,15720980.43,27790.3,42118.89,29304.15,15423304.3,99315.19,99147.6,97946.11,64102.78,28780.82,5062.51,128009.45,128009.45,1165409.04,12450.99,48763.08,190128.5,4366.26,67250.81,815356.18,27093.22,1539887.28,353965.95,4684.47,52541.33,354498.79,50757.47,723439.27,147.19,147.19,57431.71,57431.71,108112.14,107510.89,548.3,52.95,46526.44,5677.73,16.99,0,40831.72,626327.4,199752.65,350001.11,76573.64,1458.62,1458.62,0,0,409872.68,409872.68,685604753.7700001,781316429.3400002,,,,,,202405,2024-05-01,confaz_boletim_tributos_estaduais,planilha1,confaz_boletim_tributos_estaduais_20260330.xls,20260330,unmapped
3,AP,202405,2024,5,10060734.64,555947.74,4739936.63,47544522.72,62901141.73,573556.8,0,0,573556.8,7932.54,6068.73,884.3,979.51,292989.69,0,0,134930.48,158059.21,0,20491341.28,1156981.03,7664268.31,28512,751.98,33409.68,1158.41,108853.67,414722.81,7853.57,1116887.69,697140.01,57932.95,606361.82,1256336.91,27595.67,157192.03,761123.5,1578030.51,306096.98,4274628.97,101054.18,49664.97,75599.65,9183.98,8826469.6,8826469.6,365551.47,329895.42,0,35656.05,0,201014.93,145720.74,13858.05,41436.14,53724028.82,4501915.13,32750387.09,16471726.6,745362.95,236729.74,258792.04,1107.03,191656.97,57077.17,161297.42,157708.83,3588.59,5591901.69,2.71,63188.22,8307.14,5517054.6,2109.84,1239.18,212.83,212.83,0,0,2155.67,2155.67,105879.85,691.24,289.01,50306.07,0,762.84,51313.36,2517.33,133511.56,455.57,40.01,104.8,105870.03,4525.9,22515.25,0,0,1313.58,1313.58,50150.94,48050.94,2100,0,2182.75,1.4,0,0,2181.35,59533.58,10892.95,24612.97,24027.66,0,0,0,0,11811727.74,11811727.74,102574558.88999999,165475700.61999997,,,,,,202405,2024-05-01,confaz_boletim_tributos_estaduais,planilha1,confaz_boletim_tributos_estaduais_20260330.xls,20260330,unmapped
4,AM,202405,2024,5,97103939.26,3629948.22,26302344.3,128035435.52,255071667.3,3554342.39,4108612.65,484.77,7663439.81,120998.06,103730.24,12297.19,4970.63,60831899.17,0,58459574.87,2153361.68,218962.62,0,592098425.36,7500804.4,54355133.44,0,710546.26,310493.45,25494.76,579920.85,3104746.93,338996.84,4981103.74,11394883.74,2252955.52,25535590.23,4287057.83,3205842.58,21055308.96,253077389.53,14950113.9,14438743.44,28024507.93,136125770.85,1487489.83,4066273.7,289256.65,67838343.43,67838343.43,1659432.07,934587.63,151.49,724692.95,0,610895.31,0,72999.1,537896.21,389255695.39,27073647.18,198188875.58,163993172.63,72548430.94,57836971.55,8013280.25,227710.89,6409981.37,60486.88,5743645.94,5743645.94,0,24965667,17111.15,2715.7,31054.01,24791868.53,122029.95,887.66,0,0,0,0,0,0,4324.75,0,0,4321.15,0,3.6,0,0,1367414.89,0,0,379.17,1363070.33,0,3965.39,0,0,344.75,344.75,910.7,910.7,0,0,22055.35,0,21751.61,0,303.74,203083.58,293.19,200018.45,2771.94,0,0,0,0,119087473.93,119087473.93,1336359040.6200001,1591430707.92,,,,,,202405,2024-05-01,confaz_boletim_tributos_estaduais,planilha1,confaz_boletim_tributos_estaduais_20260330.xls,20260330,unmapped
5,BA,202405,2024,5,156537156.65,25569380.22,116184925.14,297125273.49,595416735.5,11890442.35,0,0,11890442.35,7267499.03,5926521.01,868693.49,472284.53,33758520.53,0,15522981.06,6380929.52,9763922.92,2090687.03,1350660623.33,85683865.01,203610111.5,69307.84,6353981.46,3363810.26,5409955.73,1074851.95,15594993.48,318142.67,549459719.8,172536820.6,4918411.91,60895833.77,48131741.45,19186849.95,17205029.95,4339750.55,14026000.51,8596470.24,112152123.6,4036810.77,5883705.78,2582550.99,5229783.56,257305388.9,257305388.9,5566036.02,4113612.27,2505.72,1449578.87,339.16,927015.96,17673.6,124538.41,784803.95,721002594.49,85443351.99,635559242.5,0,47392482.97,34879737.35,2198427.48,148015.82,9256111.68,910190.64,29389703.81,24558662.35,4831041.46,60533492.21,196468.16,168089.62,776981.81,58044124.11,944587.72,403240.79,302793.98,302793.98,0,0,0,0,0,0,0,0,0,0,0,0,0,0,0,0,0,0,0,0,0,0,0,0,0,0,0,0,0,0,0,0,0,0,0,0,0,0,0,0,102909289.34,102909289.34,2617015440.57,3212432176.07,,,,,,202405,2024-05-01,confaz_boletim_tributos_estaduais,planilha1,confaz_boletim_tributos_estaduais_20260330.xls,20260330,unmapped
6,CE,202405,2024,5,236743888.3,9198754.13,1249393.03,170609.1,247362644.56,8630831.95,7045813.5,356962.06,16033607.51,1999497.08,1090426.22,72646.59,836424.27,6978850.46,0,3202959.19,1061.41,3774829.86,0,517194873.63,60103987.28,84737555.95,159136.43,9343018.57,13503953.47,17148653.64,1073510.55,5783498.54,837568.92,198517560.14,15945796,3612550.51,12126846.23,25461340.51,6251025.21,7050845.29,2364170.47,6996347.62,4173409.96,31341141.29,3273270.1,4877723.04,2342667.16,169296.75,158386257.67,158386257.67,422706.93,121938,25963.22,274805.71,0,2284429.76,1281930.32,338379.38,664120.06,740144550.03,63300750.53,457754385.61,219089413.89,26054707.57,20733899.84,2014233.51,444757.32,2412269.77,449547.13,15395946.18,14414610.17,981336.01,39376133.7,292462.03,28.73,7252.43,39072522,3868.51,0,466546.13,132003.9,334542.23,0,29912.48,29912.48,230211.49,73.57,2062.02,198901.29,14412.13,3872.35,10384.76,505.37,2486823.31,686953.43,26213.88,299.81,1351087.54,13054.44,409214.21,11754724.08,11754724.08,78508.3,78508.3,368889.97,355812.22,1190.33,11887.42,9076.06,2296.36,0,0,6779.7,70479.83,29553.05,3971.74,36955.04,0,0,0,0,37593331.66,37593331.66,1561326456.32,1808689100.8799999,,,,,,202405,2024-05-01,confaz_boletim_tributos_estaduais,planilha1,confaz_boletim_tributos_estaduais_20260330.xls,20260330,unmapped
7,DF,202405,2024,5,158082565.7,22337982.72,25737302.46,4872106.14,211029957.02,12474996.97,13657306.91,503477.43,26635781.31,1864287.98,1831493.51,25647.28,7147.19,91209.23,0,0,0,91209.23,0,184999224.24,15088573.16,39934379.92,71517.75,247269.34,496111.92,29968.29,354909.15,187503.45,127698.45,37006912.07,3821571.86,6524978.71,3950426.63,11270016.35,892758.06,3650412.11,2528181,3174454.46,1437691.1,49688328.7,1457907.21,1352720.95,1699179.47,5754.13,81474700.85,81474700.85,586890.54,1368.26,2276.07,583246.21,0,5053.68,210.56,4415.39,427.73,504030284.55,46913141.55,329468275.4,127648867.6,9710255.38,8292791.2,98.12,232946.91,1098780.44,85638.71,14490437.97,14446304.01,44133.96,42362559.67,16544.79,472.22,495567.52,41849974.14,0,1,0,0,0,0,0,0,6813.07,0,0,0,0,6813.07,0,0,435035.73,0,0,0,343942.58,0,91093.15,0,0,15.27,15.27,0,0,0,0,4.16,4.16,0,0,0,937.86,0,933.57,4.29,0,0,0,0,99016775.77,99016775.77,939074485.95,1150104442.97,,,,,,202405,2024-05-01,confaz_boletim_tributos_estaduais,planilha1,confaz_boletim_tributos_estaduais_20260330.xls,20260330,unmapped
8,ES,202405,2024,5,107628521.14,16633837.19,63550175.87,108426905.22,296239439.42,8044992.29,22601.94,24219.11,8091813.34,160466.88,0,156829.53,3637.35,2373415.24,0,0,0,2373415.24,0,188044047.34,31585064.15,52391901.7,0,730431.7,2749448.84,246940.71,0,0,246991.55,0,21506366.28,2766877.71,8551438.54,26250843.5,0,11310483.47,1191724.05,2803743.48,3917600.63,13947744.36,0,2051290.33,2024522.6,3770633.74,0,0,2484792.9,0,0,2484792.9,0,3934156.5,167915.58,2019350.37,1746890.55,715948102.19,73997127.39,458035705.2,183915269.6,63978614.55,56729911.09,7092187.84,0,0,156515.62,11588569.69,11290294.83,298274.86,325510.02,33851.08,29657.35,79515.98,0,182485.61,0,0,0,0,0,0,0,706998.76,0,10130.66,572544.58,0,85193.44,0,39130.08,2353380.68,1055975.8,0,0,419388.52,46916.19,831100.17,0,0,68797.28,68797.28,52231.41,52231.41,0,0,84478.01,15230.1,0,0,69247.91,549094.95,61449.82,306919.83,180725.3,235.67,235.67,0,0,639297074.67,639297074.67,1631949966.7399998,1928189406.1599998,,,,,,202405,2024-05-01,confaz_boletim_tributos_estaduais,planilha1,confaz_boletim_tributos_estaduais_20260330.xls,20260330,unmapped
9,GO,202405,2024,5,165110593.1,90701637.49,151342891.3,361701017.8,768856139.69,50928009.63,36114524.88,1150987.4,88193521.91,26521083.25,24812490.57,1632710.86,75881.82,12201842.36,0,185924.02,4633320.11,7377353.24,5244.99,692309345.37,134605671.5,103205182.1,2369734.5,1723605.99,6243435.21,2101792.82,1038279.81,6292783.97,1203974.99,228598184.3,39893275.78,20593459.83,22415697.85,18889075.33,2094136.91,15168801.91,2906556.59,2085884.22,16995217.2,51497344.75,2657657.51,4727097.39,2967222.86,2035272.05,142640208.9,142640208.9,2712719.3,823983.46,59548.13,1829187.71,0,3813233.47,940985.12,846580.89,2025667.46,1223560234.5,140307865.3,729943364.6,353309004.6,59647133.91,53310265.22,8758.7,114951.67,5367947.95,845210.37,18841783.85,16813507.09,2028276.76,57460638.73,91067.72,117687.13,75387.71,56901343.53,162351.51,112801.13,205777.5,191830,9433.49,4514.01,467819.37,467819.37,1136167.38,12998.07,130279.22,480740.21,15136.06,162826,194531.37,139656.45,8429088.07,758996.65,70138.27,41037.82,1027455.99,79116.38,6452342.96,5257.96,5257.96,91578.08,91578.08,58778.96,56676.48,1126.61,975.87,342181.12,34394.48,1269.67,0,306516.97,1074984.71,278189.07,553464.63,243331.01,640.53,640.53,0,0,89883853.97,89883853.97,2341404351.29,3110260490.98,,,,,,202405,2024-05-01,confaz_boletim_tributos_estaduais,planilha1,confaz_boletim_tributos_estaduais_20260330.xls,20260330,unmapped
10,MA,202405,2024,5,104947305.5,5688683.04,32519117.15,32174680.71,175329786.4,7663171.42,9798394.34,5908.44,17467474.2,6460323.46,5863919.86,555918.53,40485.07,5354041.35,0,419636.07,2964602.83,1965349.48,4452.97,203892055.15,11798263.16,73776677.01,25622.1,435042.5,771810.29,378898.83,33802.26,1980996.76,186172.49,32759986.56,16893062.45,779295.83,3625874.01,11891796.28,6076827.7,1217704.14,1630828.64,295819.64,2349667.44,29897329.55,3418796.63,1657623.56,1523014.92,487142.4,118499321.3,118499321.3,441053.58,17064.14,5931.75,418057.69,0,4715222.8,1225685.76,2682826.56,806710.48,494474119.6,37753350.5,277351170.4,179369598.7,24675215.47,21196428.77,1297162.83,35707.08,1693406.12,452510.67,5351299.27,5010045.82,341253.45,28502525.18,13618.24,61252.86,53899.17,28192264.45,118511.42,62979.04,127492.8,126007.57,0,1485.23,98929.24,98929.24,2924688.77,2690.92,30830.45,209110.24,1481.57,34273.66,2578424.53,67877.4,2249880.12,841170.52,10567.85,8803.62,639506.77,85217.44,664613.92,1125,1125,72971.33,72971.33,72034.32,71126.26,908.06,0,65492.93,4541.65,687.5,0,60263.78,487917.83,45866.89,341201.65,100849.29,88.92,88.92,0,0,47068884.48,47068884.48,945534682.9,1120864469.3,,,,,,202405,2024-05-01,confaz_boletim_tributos_estaduais,planilha1,confaz_boletim_tributos_estaduais_20260330.xls,20260330,unmapped
11,MT,202405,2024,5,567890757.14,8985958.97,18740136.97,187190851.78,782807704.86,17197857.69,22753560.97,507791.86,40459210.52,48282130.34,47880225.6,386335.74,15569,6307294.58,0,551.73,2448945.8,3848026.01,9771.04,470313446.56,121722943.66,96713811.5,270906.65,1164995.94,1408851.42,1582995.77,4789186.23,1205203.17,190327.05,87979599.79,35114695.85,484460.92,15281849.85,32805328.25,3611952.84,6612035.9,2235815.57,8504491.37,6599744.91,35568813.83,2260056.59,2009298.91,1211207.61,984872.98,123501534.18,123501534.18,736712.77,47439.65,877.22,686142.48,2253.42,1657738.92,702663.52,472584.02,482491.38,983670606.58,96767030.49,580503249.47,306400326.62,78560562.86,62585550.69,62579.11,115520.82,10272815.62,5524096.62,6660801.62,6284360.55,376441.07,16284614.15,10388.07,72047.6,67711.36,15769039.97,143858.87,221568.28,390250.96,353043.6,1993.1,35214.26,61094.99,61094.99,2482390.28,2398.54,36736.47,643851.08,142151.2,216676.44,1376988.07,63588.48,2330824.03,736530.95,631.4,56728.87,904344.28,43327.32,589261.21,9992878.31,9992878.31,153885.32,153885.32,482100.88,480451.12,1385.57,264.19,105271.83,30380.5,0,0,74891.33,445818.1,189367.23,146796.69,109654.18,1999.91,1999.91,0,0,0,0,1752421957.1699998,2535229662.0299997,RO,Rondonia,North,TRUE,TRUE,202405,2024-05-01,confaz_boletim_tributos_estaduais,planilha1,confaz_boletim_tributos_estaduais_20260330.xls,20260330,mapped
12,MS,202405,2024,5,75592027.52,26041699.87,4599912.49,99566822.29,205800462.17,2237032.98,1767127.97,0,4004160.95,24202251.91,20521985.07,3454972.3,225294.54,15483474.21,0,0,11700585.18,3469168.99,313720.04,555001443.96,83324526.49,72118796.82,3376250.85,3252971.19,2853668.68,2312452.21,2419145.18,8032454.3,342265.76,292909450.85,11142706.6,3463637.27,7412212.01,12052603.9,4403921.86,6699265.11,1478942.49,4370384.39,632761.69,26314166.39,1300955.64,755117.04,2163315.44,1869471.8,208101268.76,208101268.76,1497336.24,369167.08,115925.35,1008123.39,4120.42,1745076.26,422995.78,817041.64,505038.84,413555073.94,55474749.35,221638168.13,136442156.46,47793139.18,44144494.17,4765.14,13791.25,3304772.44,325316.18,5204173.46,4943390.06,260783.4,19599459.48,49411.6,16466.57,11770.4,19401756.78,102327.81,17726.32,697058.88,585329.62,0,111729.26,92196.28,92196.28,1012063.72,5724.35,3295.81,216404.4,8701.15,116941.36,598685.89,62310.76,2425350.74,641014.07,4065.07,67894.97,342221.86,38954.52,1331200.25,3610784.16,3610784.16,49571.53,49571.53,22579.48,20944.42,1635.06,0,92507.25,18103.96,40.27,0,74363.02,560534.96,124442.96,319165.31,116926.69,13.59,13.59,0,0,33036491.16,33036491.16,1333781849.1500003,1539582311.3200004,AC,Acre,North,TRUE,TRUE,202405,2024-05-01,confaz_boletim_tributos_estaduais,planilha1,confaz_boletim_tributos_estaduais_20260330.xls,20260330,mapped
13,MG,202405,2024,5,472971588.49,173463098.21,224568675.24,1383352182.07,2254355544.01,62629460.4,43668439.92,1313816.04,107611716.36,30686357.33,23389101.91,7049953.87,247301.55,144471523.8,245.74,8238501.77,127449454.52,6948293.06,1835028.71,3070561248.03,261079616.54,207539276.52,111820912.01,11362140.76,23318574.22,12505337.23,8632630.98,29213266.42,3881641.13,1262323050.16,146675122.12,46556510.68,66511108.72,149930868.79,170033088.44,90012142.58,30616886.46,53011527,59392607.34,259000963.27,9446327.54,26315827.55,20731306.91,10650514.66,483123088.39,483123088.39,8173385.57,47521.36,7237.91,8118601.75,24.55,8593543.9,2001633.62,2409870.83,4182039.45,2132182414.15,152574133.05,1415619437.49,563988843.61,104151630.98,93926903.21,75351,281109.05,8348715.06,1519552.66,52216056.64,50662841.87,1553214.77,166069565.93,645186.82,154132.95,331738.52,162126391.75,1164447.51,1647668.38,5816598.01,5788151.76,0,28446.25,214048.38,214048.38,13846556.43,958.01,956672.67,1804326.77,258433.31,647280.85,9638927.25,539957.57,13525776.14,4840580.24,236271.52,66412.68,3245457.98,377477.04,4759576.68,15748.39,15748.39,790058.56,790058.56,391360.51,370037.79,5154.67,16168.05,637601.72,127369.32,59926.08,102.96,450203.36,2416576.98,445158.48,1396647.13,574771.37,2627.54,2627.54,0,0,210891721.77,210891721.77,6448777489.1500025,8703133033.160004,AM,Amazonas,North,TRUE,TRUE,202405,2024-05-01,confaz_boletim_tributos_estaduais,planilha1,confaz_boletim_tributos_estaduais_20260330.xls,20260330,mapped
14,PR,202405,2024,5,655703110.57,104743709.32,6514813.43,0,766961633.32,14430015.48,2263046.98,2546743.29,19239805.75,3955184.97,2791943.39,1123319.94,39921.64,50261140.1,237194.22,12974671.22,1068.15,36818769.39,229437.12,873790556.41,113547654.28,28409422.39,39277261.7,9177973.15,16646347.91,2823818.05,33760808.75,81438401.57,5038341.89,78521136.89,70459920.6,21944643.74,54940217.03,37037267.73,9721359.71,35723652.79,18641715.88,48350979.53,48668565.37,77014299.04,1915858.32,22673165.12,15860095.16,2197649.81,332209875.15,332209875.15,2402926.25,32935.2,104.28,2369886.77,0,6993359.25,399972.19,3108556.66,3484830.4,2536034360.64,295285837.95,1849741844.89,391006677.8,123910142.77,89935190.94,577413.4,1922836.66,6275553.76,25199148.01,23170758.31,21737619.12,1433139.19,98829240.21,2417634.93,3624.46,147468.46,95434062.02,809212.75,17237.59,33948.65,30843.33,341.97,2763.35,290506.01,290506.01,1338038.11,1695.6,44272.79,403955.1,772810.87,32899.57,82188.04,216.14,2836616.51,164254.53,9425.73,7851.73,2389629.15,8663.96,256791.41,126208.91,126208.91,43459.85,43459.85,54520.01,54302.9,77.69,139.42,11216.52,8837.94,2.78,0,2375.8,365956.79,137840.69,205148.32,22967.78,663.29,663.29,0,0,7349654.2,7349654.2,4064008332.9100003,4830969966.2300005,RR,Roraima,North,TRUE,TRUE,202405,2024-05-01,confaz_boletim_tributos_estaduais,planilha1,confaz_boletim_tributos_estaduais_20260330.xls,20260330,mapped
15,PB,202405,2024,5,72418128.73,4137908.61,3244641.84,7725428.97,87526108.15,5540781.24,3879531.87,0,9420313.11,1519108.53,1436285.38,10259.93,72563.22,4030453.1,636425.31,290793.4,126364.04,2973829.15,3041.2,174914154.48,19317872.27,34734884.75,3908.37,3063123.35,2059977,1546309.48,303201.01,1442247.16,729014.78,56921143.11,4376830.54,698280.61,5444772.49,14009752.39,907563.66,3742649.67,1117697.7,739058.56,836891.99,18314956.94,1324938.69,2113937.06,1103603.91,61538.99,67019047.51,67019047.51,74224.28,34473.9,0,39750.38,0,536377.39,210979.57,189450,135947.82,475876846.75,29014671.35,262527713.99,184334461.41,15992311.84,15095389.02,3783.51,51115.95,755807.64,86215.72,6134189.24,6096446.66,37742.58,18141079,68214.04,6.54,69715.22,17994220.34,8282.12,640.74,109924.54,109576.56,0,347.98,78134.64,78134.64,81767.66,1960,5861.55,8024.74,0,34198.5,29982.85,1740.02,894008.63,17500.54,59741.52,7311.81,583316.81,2834.79,223303.16,9605.53,9605.53,33406.8,33406.8,4197.48,3392.15,16.7,788.63,1351.18,831.21,0,0,519.97,40691.12,1752.37,26306.61,12632.14,0,0,0,0,0,0,765490879.6999998,853016987.8499998,PA,Para,North,TRUE,TRUE,202405,2024-05-01,confaz_boletim_tributos_estaduais,planilha1,confaz_boletim_tributos_estaduais_20260330.xls,20260330,mapped
16,PA,202405,2024,5,97110361.89,4504358.31,230037209.59,198546495.81,530198425.6,10756118.5,2811504.98,59417.56,13627041.04,7672826.94,4440279.26,3137982.79,94564.89,135715087.34,0,21785.76,131986723,3452447.72,254130.86,528113694.58,40887066.63,98106244.8,381029.01,323980.03,913604.42,3323642.59,6050758.15,1306690.57,146528.7,221546737.02,18178751.87,1015986.43,12470987.61,18398210.1,30648634.71,2283954.16,2090465.16,3808503.4,19407857.61,37636719.41,4227571.78,1623366.94,799396.13,2537007.35,174663890.8,174663890.8,949645.9,57186.59,2200.02,890259.29,0,6142261.58,395586.82,4415687.72,1330987.04,695624857.25,45940956.29,467263930.01,182419970.95,60648404.59,41049663.66,14476326.27,343731.85,4422740.82,355941.99,12122173.58,11787369.72,334803.86,35502899.48,10159.75,99168.02,54402.59,35059919.83,140739.46,138509.83,344591.04,275261.3,0,69329.74,70941.31,70941.31,1746696.39,14973.29,7456.11,563929.28,2190.13,43652.11,1057505.7,56989.77,4528116.61,1075234.2,79538.29,110498.34,2366578.92,99120.95,797145.91,44663.79,44663.79,30604.82,30604.82,275667.27,275492.85,32.82,141.6,202817.01,11727.63,132.5,0,190956.88,5092893.84,4506884.63,388129.01,197880.2,93.49,93.49,0,0,162604302.05,162604302.05,1832097129.6599996,2362295555.2599998,AP,Amapa,North,TRUE,TRUE,202405,2024-05-01,confaz_boletim_tributos_estaduais,planilha1,confaz_boletim_tributos_estaduais_20260330.xls,20260330,mapped
17,PE,202405,2024,5,129852216.84,12077150.6,7591035.49,26196000.8,175716403.73,8090428.14,904407.46,1322439.6,10317275.2,1308733.76,1114419.81,55244.88,139069.07,12249234.68,0,6306649.43,935.52,5926950.05,14699.68,626605321.56,86857437.79,83479917.44,11730.22,3949319.57,6898820.56,748797.57,1985509.64,12737571.99,1058720.47,163483522.06,58799688.41,11527948.11,25050767.22,30691593.04,11741033.17,13961470.72,5292347.94,14864219.58,7339321.29,68306270.13,5873968.25,4971224.84,2557308.03,4416813.52,203751143.76,203751143.76,2080383,217346.02,17475.52,1845561.46,0,143045.23,79620.15,6095.67,57329.41,1194231377.51,81568704.23,758917659.19,353745014.09,46914306.23,38294701.45,1717603.86,338919.73,5967692.98,595388.21,19141800.7,17841281.17,1300519.53,43582457.56,69093.22,160889.02,203127.42,42953535.02,148166.17,47646.71,869840.36,799809.89,50345.49,19684.98,34464.56,34464.56,2227219.44,354.41,219322.83,39764.82,365298.93,152965.32,1376249.25,73263.88,2292626.32,950463.15,52304.55,314453.58,934229.63,33073.15,8102.26,24693.47,24693.47,168570.77,168570.77,94337.88,68198.78,22781.37,3357.73,196204.57,18742.77,4089.34,0,173372.46,1708153.42,65051.53,1397297.85,245804.04,351.79,351.79,0,0,87959479.76,87959479.76,2245583746.330001,2421300150.060001,TO,Tocantins,North,TRUE,TRUE,202405,2024-05-01,confaz_boletim_tributos_estaduais,planilha1,confaz_boletim_tributos_estaduais_20260330.xls,20260330,mapped
18,PI,202405,2024,5,30219072.7,2986701.3,28542875.81,8337661.15,70086310.96,583465.78,533081.52,0,1116547.3,4993203.2,4819990.49,121314.89,51897.82,1832090.31,0,27779.44,208663.78,1595153.81,493.28,190271336.77,13092681.76,41451266.26,5392.61,57822.09,352154.41,255677.97,35867.15,90713.05,47977.39,101991542,7748186.15,372565.87,2002773.5,4060326.26,126207.13,664264.28,497261.65,861450.25,750769.94,12728757.26,1266524.1,1152818.47,399949.61,258387.61,63680784.19,63680784.19,68753.74,273.91,446.57,68033.26,0,2193787.93,539548.95,1258773.4,395465.58,249355798.95,23646795.15,117074495.6,108634508.2,8431835.61,7803073.21,18248.4,9550.37,441442.46,159521.17,2693095,2498262.05,194832.95,14117705.86,3590.31,67220.42,47149.95,13833083.86,13364.77,153296.55,8143.91,8100.05,0,43.86,395426.22,395426.22,137975.08,569.64,1646.13,75118.93,904,11589.39,43552.6,4594.39,1163521.37,235801.12,2588.1,34395.23,391881.37,43202.89,455652.66,7652.03,7652.03,27458.44,27458.44,19903.41,17611.72,209.3,2082.39,237010.16,2431.55,0,0,234578.61,645973.08,13032.98,559389.64,73550.46,0,0,58635.69,58635.69,51244536.27,51244536.27,591584627.2200001,661670938.1800002,,,,,,202405,2024-05-01,confaz_boletim_tributos_estaduais,planilha1,confaz_boletim_tributos_estaduais_20260330.xls,20260330,unmapped
19,RJ,202405,2024,5,211410212.5,127659238.3,974438.24,587237775.8,927281664.84,54759294.86,6364764,1857977.13,62982035.99,1011792.05,684687.08,285513.7,41591.27,345054817.63,0,251686474,1734857.82,3560996.9,88072488.91,857028726.35,28933589.71,122340963.3,120391.28,3212215.43,12783022.65,3009671.49,552741.58,10663653.18,1289103.22,312042437.8,73084306.14,19606535.77,42717682.92,39632614.92,51298077.16,25985961.56,1064462.28,2071114.39,21680261.25,45516684.46,997941.49,2889770.97,15103226.06,20432297.34,535453916.2,535453916.2,4351556.22,154031.33,7832.19,4178490.89,11201.81,8178052.14,314988.39,2868578.72,4994485.03,1079322853.02,33442809.02,658674066.1,387205977.9,222184516.18,152069011.1,10229626.17,6189105.14,51834618.55,1862155.22,46560486.79,42852369.66,3708117.13,173056742.16,373334.26,288492.51,1106092.56,169835280.1,499076.65,954466.08,169585.99,136343.34,16221.05,17021.6,291984.09,291984.09,15248041.97,2391.48,670061.07,11602207.91,1349631.77,284655.25,1208077.08,131017.41,12582342.04,5792090.38,181684.5,95425.42,2307967.76,1122303.67,3082870.31,253883.92,253883.92,438393.41,438393.41,112286.18,81768.32,4176.07,26341.79,823047.78,65913.84,10023.94,0,747110,2863238.08,141613.02,1934331.08,787293.98,200.67,200.67,0,0,784774011,784774011,4089760473.8699994,5017042138.709999,,,,,,202405,2024-05-01,confaz_boletim_tributos_estaduais,planilha1,confaz_boletim_tributos_estaduais_20260330.xls,20260330,unmapped
20,RN,202405,2024,5,77968563.53,4326834.33,0,0,82295397.86,0,0,0,0,2385950.68,1258854.57,23778.61,1103317.5,22791353.17,0,8319050.68,76666.14,13785595.86,610040.49,180270814.8,21588439.74,18843314.64,0,1229179.66,3243792.12,59974.59,194039.85,447993.98,250006.28,100390310.15,3017628.04,391508.97,4734921.93,4653768.19,155707.46,1339876.22,759588.29,3565160.19,671340.37,10878508.46,935920.61,937051.8,787339.16,1195444.1,71779834.83,71779834.83,446141.7,24339.13,1.01,421801.56,0,2687304.51,468188.18,1407703.11,811413.22,301223464.21,27234289.93,152404042.92,121585131.36,7316182.63,5203663.83,1443942.69,14656.1,584487.35,69432.66,7465413.13,6681866.29,783546.84,15343818.1,9675.98,119012.88,16521.76,15123980.55,55194.02,19432.91,40291.35,30921.09,0,9370.26,19328.27,19328.27,1795424.89,5599.19,44694.33,341948.57,12836.05,47195.22,1286651.79,56499.74,2588719.76,529414.87,22728.83,12810.38,432631.12,155674.03,1435460.53,36197.35,36197.35,73147.81,73147.81,68049.49,26596.87,289.7,41162.92,183227.42,36826.24,29.85,0,146371.33,798677.41,97790.19,557841.89,143045.33,158.59,158.59,0,0,27838954.12,27838954.12,645152454.2199999,727447852.0799999,,,,,,202405,2024-05-01,confaz_boletim_tributos_estaduais,planilha1,confaz_boletim_tributos_estaduais_20260330.xls,20260330,unmapped
21,RS,202405,2024,5,173905257.8,41341341.31,12286479.27,43127.78,227576206.16,24145501.51,2826218.27,538378.61,27510098.39,11615546.51,10856162.02,682334.86,77049.63,4305658.51,555.08,0,40293.89,4205073.92,59735.62,1773412736.24,140285892.4,201072111.6,1162323.66,7873732.28,9495318.09,14365889.35,7152595.46,21060148.92,2063775.45,830234205.6,151565122.9,2829692.91,52494256,31578431.58,11007791.68,51100661.62,14873667.47,15030103.22,71889581.3,109208717.5,2730812.89,15148762.24,7454841.27,1734300.85,298180576.9,298180576.9,851871.36,783.21,832.11,850256.04,0,1650353.94,267880.54,259982.22,1122491.18,927107012.7,101835745.5,517857839,307413428.2,42519334.19,37090816.05,140063.52,174713.41,4873424.88,240316.33,15539750.21,15288597.54,251152.67,98182256.01,313834.95,119000.53,91674.08,96798882.3,98114.13,760750.02,222.99,0,9.09,213.9,5421.42,5421.42,873069.64,500.3,31880.57,358343.37,25215.44,13056.45,409582.09,34491.42,1247935.08,126582.47,0,63914.86,811350.96,17055.44,229031.35,0,0,58525.59,58525.59,139577,139577,0,0,68076.65,578.06,0,0,67498.59,592401.44,83579.48,427195.71,81626.25,0,0,0,0,104346139.8,104346139.8,3280696466.1800003,3508272672.34,MA,Maranhao,Northeast,TRUE,TRUE,202405,2024-05-01,confaz_boletim_tributos_estaduais,planilha1,confaz_boletim_tributos_estaduais_20260330.xls,20260330,mapped
22,RO,202405,2024,5,60297801.28,1500789.87,96598.87,60279587.96,122174777.98,11913036.17,2089792.04,1209.53,14004037.74,1936676.65,1888159.87,26916.82,21599.96,14066561.07,0,10721278.48,1537321.92,1807960.67,0,148103112.96,23895366.25,29648037.24,0,40043.46,258952.95,2990669.23,323203.49,161570.12,268459.61,61641061.75,4614748.21,112414.37,1443072.12,6656804.8,1381992.81,1630748.36,283347.81,146828.13,157693.33,9581090.1,1191297.6,653051.06,806175.77,216484.39,51844053.83,51844053.83,164204.18,125325.94,2128.25,36590.71,159.28,1405712.65,344153.8,445032.5,616526.35,311190994.46,37574755.96,146644333.1,126971905.4,7284896.5,4063947.29,2087384.56,9938.1,936656.03,186970.52,2158459.99,2060553.19,97906.8,10788752.52,66245.28,42256.07,37646.75,10608953.39,22193.36,11457.67,153443.97,48678.74,77639.96,27125.27,16758.99,16758.99,618813.42,511.34,97568.32,86833.19,0,117884.92,297115.5,18900.15,1595511.54,184921.19,185.92,6019.38,603342.9,26406.26,774635.89,0,0,142358.4,142358.4,57121.94,56005.03,1116.91,0,72502.21,13973.78,1161.79,0,57366.64,472674.57,30362.93,291841.8,150469.84,0,0,0,0,60928876.72,60928876.72,613001486.57,735176264.5500001,PI,Piaui,Northeast,TRUE,TRUE,202405,2024-05-01,confaz_boletim_tributos_estaduais,planilha1,confaz_boletim_tributos_estaduais_20260330.xls,20260330,mapped
23,RR,202405,2024,5,9623573.32,374718.87,76024.77,36369497.45,46443814.41,1650059.69,0,0,1650059.69,317208.25,278293.17,10003.05,28912.03,1057656,0,0,0,1057656,0,40791409.4,1553339.93,9172969.57,2959.14,2911,43908.07,458.72,290593.17,7560,62023.12,21556824.02,1162985.89,28869.98,658891.11,1817814.37,9671.59,89280.06,83554.92,9585.43,95537.8,3833954.85,127120.42,55231.25,74747.74,50617.25,23309152.28,23309152.28,6187.6,0,0,6187.6,0,492639.77,160327.77,33572.44,298739.56,79439802.98,5863471.7,41684149.39,31892181.89,1441474.37,584182,97.3,763358.48,51140.74,42695.85,658523.21,621956.86,36566.35,4448231.46,2175.57,15961.65,1915.17,4426616.06,401.43,1161.58,116.64,116.64,0,0,12787.16,12787.16,106235.11,0,23954.77,11697.68,0,4708.67,56354.27,9519.72,903137.55,78093.83,384.77,1051.69,141415.38,29432.39,652759.49,671.62,671.62,65.17,65.17,44481.44,44434.22,47.22,0,1819.98,174.22,0,0,1645.76,104617.44,4084.93,67494.22,33038.29,2.16,2.16,0,0,19298205.67,19298205.67,172434425.26,218878239.67,CE,Ceara,Northeast,TRUE,TRUE,202405,2024-05-01,confaz_boletim_tributos_estaduais,planilha1,confaz_boletim_tributos_estaduais_20260330.xls,20260330,mapped
24,SC,202405,2024,5,396844862.7,65920436.98,112065329.3,112179.65,574942808.63,153320008.8,1100414.96,2849570.87,157269994.63,10290642.21,4172969.26,5781895.75,335777.2,10310183.37,73553.73,0,2770.54,8852516.58,1381342.52,1411547921.44,109513424,156086646.5,17229522.88,60100347.66,75226597.92,3441988.96,19725293.56,33292745.67,5087893.89,383136931.8,51147156.91,25688096.85,62994269.89,49581521.64,36803162.67,49569324.09,8268868.07,48626721.68,68293215.6,107905822.1,9069496.74,15485637.35,10154353.34,5118881.67,238208943.9,238208943.9,6363190.97,3458966.77,1180.12,2891864.9,11179.18,11547891.36,832948.2,2633423.48,8081519.68,1482270517.2,129902605.1,809761445.4,542606466.7,136064087.92,114381991.6,1049532.18,293892.2,20050222.78,288449.16,34259519.47,32699106.75,1560412.72,84608439.54,2304930.16,207369.54,83289.59,80050122.69,1101752.64,860974.92,610540.55,543911.11,0,66629.44,881600.74,881600.74,15117571.1,73.13,6709555.08,1746882.06,324820.22,439961.17,5569940.99,326338.45,7295985.31,2761309.56,10461.72,77442.8,1471368.96,335058.55,2640343.72,13936100.99,13936100.99,276811.07,276811.07,181162.3,75066.04,1295.6,104800.66,1684515.99,67629.19,135317.82,0,1481568.98,2304496.6,135325.01,1456410.26,712761.33,3446.47,3446.47,0,0,46952370.9,46952370.9,3514715939.399999,4089658748.0299993,RN,Rio Grande do Norte,Northeast,TRUE,TRUE,202405,2024-05-01,confaz_boletim_tributos_estaduais,planilha1,confaz_boletim_tributos_estaduais_20260330.xls,20260330,mapped
25,SP,202405,2024,5,2578412595.48,452280581.38,906836941.85,0,3937530118.71,157625834.97,87023168.83,26063191.9,270712195.7,75185318.04,72449424.74,2682358.02,53535.28,99238855.56,1845.6,65142025.66,334527.76,32371450.16,1389006.38,8642972822.53,769306657.09,403028843.91,11573112.97,81342039.01,60327366.02,12730623.98,15803696.32,282964504.91,33809389.9,2120822330.03,1175675605.14,307411624.92,551127179.26,257516737.5,227586673.47,307472387.5,198110823.22,249609255.22,355307694.06,975663436.43,35659569.94,43419601.33,120257649.85,46446020.55,907945673.75,907945673.75,19573768.31,5012184.28,123119.92,14299798.11,138666,26381193.77,3289003.32,10160550.07,12931640.38,6545357868.46,449213207.77,4320686355.37,1775458305.32,680114812.35,490032528.45,3063711.93,12389858.31,101851674.34,72777039.32,121794284.83,115379047.33,6415237.5,579556064.59,7045446.53,1054029.19,1066181.85,543315179.24,15063126.3,12012101.48,18163528.43,14680963.22,1034098.36,2448466.85,898486.19,898486.19,66968455.62,4674.09,7661307.73,8633438.44,13878417.57,3860838.44,32729845.35,199934,58066280.82,16984090.95,788860.31,215798.93,8576331.77,1568232.59,29932966.27,261938.75,261938.75,1330894.05,1330894.05,1442411.3,950382.1,11367.62,480661.58,5460895.8,1162947.96,258259.37,0,4039688.47,27459535.75,2566635.44,23729479.18,1163421.13,14146.8,14146.8,0,0,801420976.45,801420976.45,18679608212.149998,22617138330.859997,PB,Paraiba,Northeast,TRUE,TRUE,202405,2024-05-01,confaz_boletim_tributos_estaduais,planilha1,confaz_boletim_tributos_estaduais_20260330.xls,20260330,mapped
26,SE,202405,2024,5,30426523.82,3278466.01,1352803.64,3563654.7,38621448.17,5203652.61,522385.36,49242.06,5775280.03,1039955.69,975640.18,40435.01,23880.5,7909653.64,0,2571735.46,2396.18,5335522,0,146950144.35,20550465.34,17343805.07,90844.67,1346987.81,459043.01,1209779.92,109140.88,236207.43,0,53097689.93,26191443.95,612432.4,2232184.76,8907618.84,814610.55,1412699.01,470357.59,745916.06,255595.49,8385288.06,888713.83,1098620.06,490699.69,0,46070311.75,46070311.75,71261.11,34411.97,0,36849.14,0,0,0,0,0,198395423.8,20205882.94,89289659.56,88899881.3,5831666.91,5433157.72,4465.93,96547.17,297496.09,0,4741035.32,4741035.32,0,8896380.25,0,0,4758.5,8891621.75,0,0,0,0,0,0,0,0,0,0,0,0,0,0,0,0,395708.81,0,0,0,395708.81,0,0,0,0,0,0,0,0,0,0,0,0,0,0,0,0,0,0,0,0,0,0,0,24924437.86,24924437.86,445225979.49000007,483847427.6600001,PE,Pernambuco,Northeast,TRUE,TRUE,202405,2024-05-01,confaz_boletim_tributos_estaduais,planilha1,confaz_boletim_tributos_estaduais_20260330.xls,20260330,mapped
27,TO,202405,2024,5,28514293.57,6304211.67,4236718.32,59712.55,39114936.11,4136422.48,13432430.78,13412.25,17582265.51,7010685.04,6323452.01,638137.85,49095.18,2017057.6,0,0,282612.32,1734445.28,0,180089771.84,16035621.45,29638058.7,0,32212.29,160567.5,467060.75,42360.39,67034.27,91290.46,108429853.83,4746486.5,112838.74,2146199.28,6196056.33,90914.38,551442.6,431318.18,34005.5,404330.86,8061464.69,879632.97,209746.36,1141415.73,119860.08,40868817.57,40868817.57,416265.28,387747.85,0,28517.43,0,645169.05,60265.47,186810.32,398093.26,165954778.12,24472184.06,88253636.36,53228957.7,6912161.43,5726981.77,18758.1,15366.9,1088048.84,63005.82,2060571.77,1872054.4,188517.37,8902049.49,2411.86,0,11235.06,8886974.08,1333.81,94.68,37146.48,37146.48,0,0,20920.47,20920.47,570240.11,0,0,87827.13,124879.46,6943.64,330115.6,20474.28,246549.58,28956.33,0,1222.56,189331.38,4205.03,22834.28,3392.09,3392.09,7435.31,7435.31,2997.72,2997.72,0,0,5395.46,0,0,0,5395.46,77570.93,3720.01,72100.53,1750.39,0,0,0,0,38574371.82,38574371.82,454423347.16,493538283.27000004,AL,Alagoas,Northeast,TRUE,TRUE,202405,2024-05-01,confaz_boletim_tributos_estaduais,planilha1,confaz_boletim_tributos_estaduais_20260330.xls,20260330,mapped
1,AC,202406,2024,6,9432835.42,931395.2,2381635.16,0,12745865.78,1487619.66,0,0,1487619.66,1337420.17,1318144.85,5442.56,13832.76,68136.56,0,0,0,68136.56,0,33955596.53,5326722.47,10746836.6,276.98,7417.42,144721.73,187377.47,260580.19,2068.22,43025.65,8524831.01,643615.63,107682.09,695230.39,1353264,166.37,183450.46,722226.35,176610.31,71365.38,4110049,430518.69,100496.2,66555.95,50507.97,18537699.16,18537699.16,131532.75,5280.06,0,126252.69,0,858160.06,461505.85,180869.56,215784.65,91606357.47,5294620.36,52603303.03,33708434.08,465071.56,243041.51,100841.28,54574.23,61874.52,4740.02,692189.52,637684.8,54504.72,5393675.46,76905.9,38024.99,14684.53,5179990.56,50817.78,33251.7,2402.51,1568.9,0,833.61,6268.2,6268.2,215747.29,197.88,12882.72,59428.86,0,16772.32,95202.51,31263,466943.19,19442.46,10654.8,14297.82,244263.79,21997.9,156286.42,1170.29,1170.29,11271.34,11271.34,19323.91,19323.91,0,0,117236.73,1578.96,0,0,115657.77,128860.18,5838.6,67873.38,55148.2,11.26,11.26,0,0,13498856.73,13498856.73,167513930.86999995,180259796.64999995,,,,,,202406,2024-06-01,confaz_boletim_tributos_estaduais,planilha1,confaz_boletim_tributos_estaduais_20260330.xls,20260330,unmapped
2,AL,202406,2024,6,71884239.16,5736918.64,505945.32,12877025.71,91004128.83,3580329.38,13337.29,33696.77,3627363.44,1373239.04,1132335.87,182951.32,57951.85,45321677.75,0,39346718.57,1066198.99,2377471.37,2531288.82,182718667.17,18350717.86,45040739.97,131829.14,183032.97,680353.33,82263.77,195203.7,1404250.66,220080.28,55365674.06,15295580.29,384558.01,9714510.11,5849088.97,1091502.39,2188790.07,2007616.66,1159879.1,2619766.29,16832875.27,1504820.72,1185060.24,823131.89,407341.42,74395579.38,74395579.38,233989.43,6812.44,2354.79,216730.81,8091.39,3602264.89,182464.77,2874887.4,544912.72,322880105.51,24286444.02,172815970.2,125777691.29,19073115.95,12266086.26,852873.43,618047.6,1680782.75,3655325.91,7719542.64,5965235.42,1754307.22,16701252.51,71909.52,48129.73,87603.72,16378293.13,89981.62,25334.79,157666.71,151321.98,3684.97,2659.76,103003.92,103003.92,1338742.06,661.18,34971.1,148153.12,14985.15,59613.49,1034161.46,46196.56,1301496.33,237273.37,5203.48,51301.92,298341.08,37400.95,671975.53,182.16,182.16,34004.04,34004.04,93304.77,92177.95,327.11,799.71,57564.37,17266.41,40.05,0,40257.91,497379.24,41724.04,315309.25,140345.95,97.24,97.24,0,0,429370.81,429370.81,678032245.9199998,769036374.7499999,,,,,,202406,2024-06-01,confaz_boletim_tributos_estaduais,planilha1,confaz_boletim_tributos_estaduais_20260330.xls,20260330,unmapped
3,AP,202406,2024,6,10692300.17,122859.58,5208934.52,56844321.31,72868415.58,1229698.7,0,0,1229698.7,12988.81,9974.52,2050.68,963.61,167024.01,0,0,18168.79,148855.22,0,26480152.87,1144375.97,9522100.85,0,3823.03,25734.22,2658.54,151047.95,408910.94,14927.03,5449697.02,832348.76,90921.69,835622.61,1771910.44,64843.98,157091.73,686996.93,1190028.7,143118.35,3820064.95,85642.35,39167.11,22612.43,16507.29,9693205.86,9693205.86,320829.83,291458.74,0,29371.09,0,194576.02,156120.12,8676.25,29779.65,61066965.16,4908233.73,39512370.14,16646361.29,755622.98,191290.75,415454.89,5451.77,102949.85,40475.72,178703.19,175484.84,3218.35,5709326.27,330.94,73902.47,8379.99,5625100.41,1374.74,237.72,219.26,219.26,0,0,7485.16,7485.16,244774.14,437.9,59.52,186535.93,0,1350.03,55982.32,408.44,145195.01,431.44,1.72,55.94,112644.06,3151.1,28910.75,0,0,880.24,880.24,43666.26,38548.96,5117.3,0,3084.26,7.27,0,0,3076.99,39178.24,14965.54,18770.59,5442.11,0,0,0,0,11786843.44,11786843.44,116850721.01,189719136.59,,,,,,202406,2024-06-01,confaz_boletim_tributos_estaduais,planilha1,confaz_boletim_tributos_estaduais_20260330.xls,20260330,unmapped
4,AM,202406,2024,6,90699106.05,3997247.77,26060646.36,113728178.3,234485178.48,10592444.83,3435072.1,1083.02,14028599.95,68492.4,49257.03,13147.68,6087.69,76279444.99,0,73624226.09,2489445.45,165773.45,0,463175044.29,9251257.32,58374184.21,0,556727.28,369687.9,14686.29,612181.05,2336292.05,641263.19,6659574.24,12009118.03,2102963.15,20870565.83,4064046.75,3024254.63,15724679.03,151026641.1,8945279.75,16027195.85,24605607.72,120584796.6,1230042.45,3896047.25,247952.62,56953923.52,56953923.52,1757743.64,1007547.52,169.4,750026.72,0,310753.71,4998.52,23588.49,282166.7,434904439.05,25681978.25,232461771.2,176760689.6,75851674.29,59816839.48,9155624.63,158318.23,6618381.95,102510,6600870.49,6599217.99,1652.5,26977141.77,50026.98,1366.49,41142.44,26737640.16,144326.61,2639.09,251.6,251.6,0,0,0,0,4.38,0,0,0,0,0,4.38,0,1336964.53,0,0,3794.7,1329880.44,0,3289.39,337.49,337.49,346.75,346.75,246.41,246.41,0,0,28497.15,0,27162.14,0,1335.01,243285.53,293.19,242466.35,525.99,0,0,0,0,120764471.3,120764471.3,1265253933.2900002,1499739111.7700002,,,,,,202406,2024-06-01,confaz_boletim_tributos_estaduais,planilha1,confaz_boletim_tributos_estaduais_20260330.xls,20260330,unmapped
5,BA,202406,2024,6,158298488.52,18032220.08,78946475.41,317473280.22,572750464.23,12103193.02,0,0,12103193.02,9507706.58,8087315.69,1100655.57,319735.32,34032060.35,0,15391187.15,5906739.31,9789710.1,2944423.79,1461761676.89,81952258.71,230673054.5,399066.21,6000109.38,3594881.12,4402364.86,1033738.37,16541636.3,385798.29,659020867,173175125.3,5720336.99,66079642.55,46146042.63,17179595.9,12860214.16,4572738.24,10392062.72,7964319.4,98469015.36,4164902.75,5540116.63,2946245.07,2547544.45,279627983.4,279627983.4,5118606.67,4206565.85,4349.33,907349.64,341.85,852337.29,20030.98,206280.01,626026.3,705353553.74,84696545.94,620657007.8,0,47672324.82,33302333.2,1593612.04,146748.48,12179189.19,450441.91,30085737.6,25330357.18,4755380.42,69359403.89,445807.29,281805.25,361561.63,66354619.85,1201722.69,713887.18,110561.77,110561.77,0,0,0,0,0,0,0,0,0,0,0,0,0,0,0,0,0,0,0,0,0,0,0,0,0,0,0,0,0,0,0,0,0,0,0,0,0,0,0,0,98822688.73,98822688.73,2742304641.73,3315055105.96,,,,,,202406,2024-06-01,confaz_boletim_tributos_estaduais,planilha1,confaz_boletim_tributos_estaduais_20260330.xls,20260330,unmapped
6,CE,202406,2024,6,208772297.2,8084280.18,1229106.3,286321.12,218372004.8,7261934.98,6851927.58,614201.7,14728064.26,2155535.98,1044127.83,62153.38,1049254.77,6657210.74,0,2979520.94,1509.2,3676180.6,0,527244226.27,61141724.28,97910923.43,116565.4,8527825.7,13983957.73,17241631.81,937849.96,7060850.61,813900.83,190448544.25,16855202.54,3791484.2,13437754.56,24470130.32,6103463.51,8208676.12,3479394.76,6055649.59,3054175.64,32002432.64,3731232.5,5077991.21,2708324.69,84539.99,167735588.8,167735588.8,405302.66,90639.38,79352.64,235310.64,0,3557471.8,1399806.59,1187295.2,970370.01,773562695.41,66771303.95,482391429.78,224399961.68,26563740.11,20878073.53,2629243.32,380053.28,2352460.22,323909.76,16880133.56,15904134.25,975999.31,46404519.91,276913.58,312.49,413252.68,45704960.72,8945.24,135.2,363463.59,134591.45,228872.14,0,40117.08,40117.08,143659.85,88.01,534.43,129343.4,5209.4,2026.64,6129.37,328.6,2317075.74,440173.39,23622.17,246.68,1506372.29,14022.57,332638.64,11773265.36,11773265.36,257934.13,257934.13,352083.62,345173.87,0,6909.75,11778.97,4293.38,112.25,0,7373.34,84582.93,4608.76,12485.63,67488.54,0,0,0,0,35979806.27,35979806.27,1622490192.7799995,1840862197.5799994,,,,,,202406,2024-06-01,confaz_boletim_tributos_estaduais,planilha1,confaz_boletim_tributos_estaduais_20260330.xls,20260330,unmapped
7,DF,202406,2024,6,148803654.2,20662288.95,19890653.79,2823305.43,192179902.37,9810092.04,12130887.16,729012.49,22669991.69,3058908.46,3034885.27,22897.46,1125.73,192944.36,6941.1,0,0,186003.26,0,220338876.23,15325655.29,44632098.26,210870.61,294346.25,598843.69,40128.77,342669.68,279304.26,117096,38150524.09,4153833.34,4489694.55,4344290.03,12408739.36,1030454.85,6179055.75,2495700.09,3485040.95,978612.11,76507030.61,1378661.32,1088202.15,1803936.99,4087.23,86770166.88,86770166.88,417273.22,1277.77,391.11,415604.34,0,8115.73,4239.4,2754.32,1122.01,555658587.53,71654240.63,345344376.2,138659970.7,11080082.75,9689926.78,46.32,166070.37,1124612.51,99426.77,15236047.69,15213209.72,22837.97,41776968.78,18512.66,1632.42,271790.25,41485032.45,0,1,2041.28,0,0,2041.28,0,0,3895.68,0,0,0,0,3892.61,3.07,0,406979.08,0,0,0,305431.01,0,101548.07,0,0,16.08,16.08,0,0,0,0,5.2,5.2,0,0,0,790.44,0,789.44,1,0,0,0,0,79295522.38,79295522.38,1014247221.7700001,1206427124.14,,,,,,202406,2024-06-01,confaz_boletim_tributos_estaduais,planilha1,confaz_boletim_tributos_estaduais_20260330.xls,20260330,unmapped
8,ES,202406,2024,6,93812063.22,12153552.97,61640210.89,104749533.78,272355360.86,8496966.25,32948.11,41466.52,8571380.88,6968.84,0,0,6968.84,2444706.72,0,0,0,2201576.83,243129.89,195295677.54,28263276.86,61288714.72,0,663476.11,2447516.14,171551.14,0,0,248457.22,0,23844697.58,3845873.79,8754866.08,25751631.59,0,11353384.61,1147384.39,3470717.82,3711853.8,14690416.98,0,2637128.54,0,3004730.17,0,0,0,0,0,0,0,5285211.25,278348.04,2806001.55,2200861.66,728181532.72,72764495.68,463535922.15,191881114.89,95177608.48,95020532.18,0,0,0,157076.3,12462152.91,12111462.48,350690.43,394463.48,42814.51,0,41408.32,0,310240.65,0,1763494.28,1763494.28,0,0,0,0,895576.21,0,0,773814.66,0,90496.36,0,31265.19,3108960.71,1001656.82,0,13458.35,400025.48,81956.97,1611863.09,0,0,45606.12,45606.12,65378.72,65378.72,0,0,28562.46,4579.28,0,0,23983.18,509254.4,48343.69,328761.7,132149.01,235.78,235.78,0,0,845430549.26,845430549.26,1891095939.88,2163451300.7400002,,,,,,202406,2024-06-01,confaz_boletim_tributos_estaduais,planilha1,confaz_boletim_tributos_estaduais_20260330.xls,20260330,unmapped
9,GO,202406,2024,6,166356642.4,97210600.62,155537366.9,321124819.2,740229429.12,56145095.74,31513213.74,2329515.05,89987824.53,32097273.02,27992077.65,4026259.05,78936.32,12670096.56,672,196393.25,3860692.96,8504660.52,107677.83,782947560.1,142302234.1,118293397.5,382291.5,1595143.18,6147616.06,2035661.02,1087201.1,5244518.61,1131201.36,267611755.3,53095073.09,27420675.68,21786303.69,24732335.68,1585573.57,14982966.81,3034139.39,5985424.86,19976691.13,51971579,2284481.39,4115459.11,3911786.67,2234050.3,162709529.8,162709529.8,2633182.92,927621.65,62519.46,1643041.81,0,7852730.87,4253486.53,1546370.67,2052873.67,1267434587.1,128112247.1,779652009.4,359670330.6,73125146.23,68631200.61,63950.84,357535.57,3277431.11,795028.1,19351639.76,17034857.35,2316782.41,52677032.83,47537.76,147502.72,66822.25,52001440.01,288657.36,125072.73,423319.37,413223.82,8194.16,1901.39,1929786.63,1929786.63,1372407.4,9899.21,157731.27,492977.91,65338.99,381475.31,139697.01,125287.7,7154240.38,665607.1,12605.62,63938.38,1184278.77,82087.88,5145722.63,126077.63,126077.63,90742.16,90742.16,54795.07,53034.23,1028.38,732.46,507501.61,195303.89,1747.85,0,310449.87,1233710.49,408090.21,544479.44,281140.84,485.42,485.42,0,0,87757370.21,87757370.21,2514149215.5600004,3254378644.6800003,,,,,,202406,2024-06-01,confaz_boletim_tributos_estaduais,planilha1,confaz_boletim_tributos_estaduais_20260330.xls,20260330,unmapped
10,MA,202406,2024,6,70382437.08,8555107.66,34448396.43,33155189.17,146541130.34,5991085.77,8514470.86,115.51,14505672.14,6349315.7,5719557.02,575464.93,54293.75,4240554.39,0,686920.03,1408442.5,2144302.8,889.06,294352358.91,11567699.17,87468582.76,10434.57,662073.71,665641.86,321159.22,481052.88,2011474.22,280287.77,104515532.6,23447630,712549.55,5126265.75,12155324.88,7938793.27,858690.2,1681306.74,424282.25,2261352.13,25848035.08,2952280.95,1755166.25,767471.71,439271.39,127021063.8,127021063.8,171091.97,24351.17,6658.08,140082.72,0,4830259.35,1976628.56,1888772.07,964858.72,587872657.13,37527108.03,342600216.7,207745332.4,27746709.21,23645358.33,2307434.38,23914.33,1697897.78,72104.39,5353405.56,5035672.61,317732.95,28552594.29,23643.08,60038.64,40795.37,28234223.34,168055.11,25838.75,73430.45,69506.94,132.4,3791.11,153435.81,153435.81,4173738.61,3003.6,144001.71,234289.71,8293.76,57348.36,3670604.89,56196.58,3126745.83,1886826.74,19231.68,15331.09,725352.2,204517.5,275486.62,0,0,49353.02,49353.02,64888.48,62382.55,1755.93,750,81002.6,3373.45,0,0,77629.15,533510.56,64781.52,320652.15,148076.89,65.88,65.88,0,0,47510724.55,47510724.55,1142256906.0999997,1288798036.4399996,,,,,,202406,2024-06-01,confaz_boletim_tributos_estaduais,planilha1,confaz_boletim_tributos_estaduais_20260330.xls,20260330,unmapped
11,MT,202406,2024,6,171562289.23,19693540.25,15495285.96,180891334.94,387642450.38,9244137.52,15852626.9,547082.96,25643847.38,43313879.06,42678671.34,499465.48,135742.24,6651022.88,0,630.45,2002235.1,4640834.14,7323.19,516263482.05,123993808.02,102792271.58,123872.41,1358554.01,1023120.29,1558504.54,4432999.61,1080949.01,166117.54,96071147.48,51471919.28,380852.88,18640767,37138702.12,4822845.64,6372727.81,2834576.31,8674750.74,7194209.41,40067826.68,2043240.71,1816410.32,1340098.61,863210.05,117163006.21,117163006.21,635879.06,43473.73,70.7,589507.51,2827.12,1400868.9,616486.49,462531.13,321851.28,1018576397.84,93456920.19,596175275.55,328944202.1,75406116.23,61162974.91,70158.2,97140.26,9201523.12,4874319.74,7114845.46,6751524.74,363320.72,15809263.23,23793.78,84163.17,91736.38,15350573.86,74957.95,184038.09,298956.9,240626.09,19607.39,38723.42,32729.53,32729.53,3442896.75,878.07,107548.99,321386.3,89127.66,147613.49,2721192.16,55150.08,3358390.37,1828771.52,5483.15,58918.21,952054.64,45623.1,467539.75,18771895.84,18771895.84,122089.38,122089.38,228144.76,225109.27,2769.46,266.03,49052.48,3308.8,0,0,45743.68,600861.18,336634.55,118837.09,145389.54,1446.66,1446.66,0,0,0,0,1829241224.7700002,2216883675.15,RO,Rondonia,North,TRUE,TRUE,202406,2024-06-01,confaz_boletim_tributos_estaduais,planilha1,confaz_boletim_tributos_estaduais_20260330.xls,20260330,mapped
12,MS,202406,2024,6,43814309.21,25793291.16,3992432.92,105207204.1,178807237.39,2707909.91,1657904.12,0,4365814.03,23416817.26,19015187.49,4236481.69,165148.08,12473165.76,0,0,7819330.28,4286871.7,366963.78,584917197.67,82328057.52,71840132.62,3109460.13,3554160.83,2090397.9,2132042.26,2260222.74,11657946.34,249045.21,320651139.71,13842863.45,3193998.09,6650660.34,12643295.58,5816682.95,6855307.34,1805385.38,4617902.26,1051095.49,22676359.27,1302653.75,875176.82,1323125.61,2390086.08,193798124.67,193798124.67,1839458.54,590892.4,379680.66,868885.48,0,1364708.34,372798.59,526044.27,465865.48,422381759.56,60524663.16,219604659.95,142252436.45,53280939.02,49733279.49,3256.8,13512.1,3306747.4,224143.23,5547768.75,5202229.04,345539.71,19976834.23,61132.28,24329.58,25409.96,19670813.06,174885.6,20263.75,613143.08,532282.14,0,80860.94,165323.42,165323.42,896894.68,10681.49,3382.7,217322.76,882.73,70873.02,531521.9,62230.08,2760653.45,874815.89,1961.72,89167.59,458277.82,71571.29,1264859.14,3222974.39,3222974.39,60244.91,60244.91,26796.61,26655.3,141.31,0,101393.07,22732.75,143.02,0,78517.3,471369.58,87620.36,292453.91,91295.31,10.45,10.45,0,0,33264512.76,33264512.76,1360580090.2,1539387327.5900002,AC,Acre,North,TRUE,TRUE,202406,2024-06-01,confaz_boletim_tributos_estaduais,planilha1,confaz_boletim_tributos_estaduais_20260330.xls,20260330,mapped
13,MG,202406,2024,6,373343297.09,157735531.74,218865750.39,710733649.45,1460678228.67,272463654.82,39613053.69,3636196.03,315712904.54,59117771.12,52415816.12,6529474.24,172480.76,127416096.82,0,1773806.96,115786745.55,7933329.69,1922214.62,3169300648.26,276141952.62,235438878.43,74393525.48,10963287.93,21499291.27,11021222.55,9221143.64,34719574.07,4092033.04,1327911147.04,168337278.67,49440969.27,66359495.73,191337043.26,153673081.7,84700275.28,29529428.97,64402106.2,65560924.27,225180913.78,9971790.12,26444758.06,17799942.25,11160584.63,501071855.25,501071855.25,6671413.33,47705.22,45889.48,6577818.63,0,9352960.27,994473.56,2649436.98,5709049.73,2263410005.32,148512263.19,1507165270.1,607732472.03,124461957.19,110156971.24,157000.24,518595.29,13097757.74,531632.68,54652949.3,52906275.88,1746673.42,175577134.34,375694.64,273366.25,389113.75,171374620.77,2386923.17,777415.76,5985830.58,5967958.19,509.68,17362.71,224357.23,224357.23,14242084.48,1412.32,921609.42,1480152.69,120026.99,513555.07,10761831.42,443496.57,13442550.58,4496655.32,214625.29,56785.38,3906485.93,373921.29,4394077.37,12060.35,12060.35,896565.59,896565.59,515399.99,506835.95,4036.15,4527.89,852053.3,146492.86,68300.82,103.81,637155.81,2663370.06,558208.42,1559097.33,546064.31,2445.69,2445.69,0,0,207929098.85,207929098.85,6737798607.900001,8198476836.570001,AM,Amazonas,North,TRUE,TRUE,202406,2024-06-01,confaz_boletim_tributos_estaduais,planilha1,confaz_boletim_tributos_estaduais_20260330.xls,20260330,mapped
14,PR,202406,2024,6,302205732.67,106572578.03,6223154.02,0,415001464.72,12137397.82,2521783.46,168656.64,14827837.92,4174841.15,2931909.01,1200927.31,42004.83,36063131.72,132617.32,7433372.69,0,28259701.65,237440.06,826938910.25,90891601.09,38052004.98,6698764.92,8805955.51,15461322.23,2513777.32,40244492.45,93053190.2,5565296.8,78852060.3,73543575.12,20734851.17,54170973.1,43989246.23,12331095.38,35799327.34,14270105.7,22787585.71,49592592.22,75411722.8,2908041.88,22833670.35,16655972.45,1771685,299856920.88,299856920.88,2114484.9,29470.98,225.33,2082959.6,1828.99,6360713.93,1101791.25,2100206.84,3158715.84,2709486284.28,295907588.53,1970297034.9,443281660.85,124608028.44,92871827.23,612716.59,2448930.07,6381957.51,22292597.04,21996087.51,20759061.76,1237025.75,76461709.32,1393498.09,1421.01,714452.49,73064112,1269281.13,18944.6,26417.83,24121.17,0,2296.66,188379.55,188379.55,736381.69,275.1,11602.31,320917.2,340891.95,39982.59,22055.66,656.88,2563561.96,429688.45,2079.92,10521.7,1928019.08,20869.19,172383.62,37455.58,37455.58,532282.22,532282.22,85615.86,85440.91,106.4,68.55,79461.45,423.13,17.17,0,79021.15,520989.82,191752.07,308620.71,20617.04,609.61,609.61,0,0,6828113.92,6828113.92,4119660381.8700013,4534661846.590001,RR,Roraima,North,TRUE,TRUE,202406,2024-06-01,confaz_boletim_tributos_estaduais,planilha1,confaz_boletim_tributos_estaduais_20260330.xls,20260330,mapped
15,PB,202406,2024,6,65289917.7,3456523.13,2527461.89,8380729.4,79654632.12,10363041.98,3981672.72,0,14344714.7,1233825.57,1137028.76,12439.38,84357.43,3827495.45,651110.45,314799.7,23673.37,2837619.7,292.23,184128637.05,19048856.56,33982127.17,553.06,4399969.24,2135141.04,2616194.55,315461.04,1306144.48,705839.42,58528424.63,4794538.81,490342.08,5358145.03,14729244.6,983142.85,3957215.42,2478992.65,6043382.46,993595.26,16932822.39,1450332.79,1727965.07,1083247.13,66959.32,60146685.72,60146685.72,31911.23,19835.96,0,12075.27,0,626993.6,94449.39,125863.07,406681.14,506156101.71,32736459.2,276928182.97,196491459.54,17061249.18,16036536.49,15452.38,111399.11,770388.27,127472.93,6280390.76,6247232.59,33158.17,19401980.67,44227.17,3.55,37889.35,19303429.94,15709.2,721.46,93131.11,93044.42,0,86.69,17992.94,17992.94,76118.67,5.3,2195.98,14569.86,0,28036.41,30479.39,831.73,1034595.74,23838.28,21934.64,5100.28,726623.39,733.86,256365.29,105.6,105.6,19192.47,19192.47,13456.9,12794.83,41.72,620.35,2451.43,695.95,0,0,1755.48,34322.19,0,21109.98,13212.21,4.45,4.45,0,0,0,0,800186642.4399999,879841274.56,PA,Para,North,TRUE,TRUE,202406,2024-06-01,confaz_boletim_tributos_estaduais,planilha1,confaz_boletim_tributos_estaduais_20260330.xls,20260330,mapped
16,PA,202406,2024,6,140402159.2,4260890.31,241443754.3,376249321.1,762356124.91,16183460.13,3834458.35,65550.68,20083469.16,7853386,5245941,2507742,99703,129626705,0,39598,126604117,2444756,538234,531126389,37584977,123068155,257413,287990,930033,1794215,6925292,1389210,179454,214471532,15654612,1219682,13116358,18671712,33024688,1973041,2176485,4258380,12609556,32679091,3930030,1524313,679214,2720956,169532286,169532286,1097391,108887,1985,986519,0,7207382,373053,4342006,2492323,806019069,51701638,553059207,201258224,60714324,39253073,14560949,233615,6345600,321087,12472619,12195593,277026,36869471,18575,164895,13350,36170764,83721,418166,298793,294966,0,3827,55442,55442,2123567,14448,12134,794842,1806,41656,1187665,71016,5166339,1794657,65580,133918,2201858,125959,844367,30628,30628,32584,32584,371241,371205,3,33,274626,11380,0,0,263246,5479960,5004030,366637,109293,11,11,0,0,166034722.5,166034722.5,1942386935.5,2704743060.41,AP,Amapa,North,TRUE,TRUE,202406,2024-06-01,confaz_boletim_tributos_estaduais,planilha1,confaz_boletim_tributos_estaduais_20260330.xls,20260330,mapped
17,PE,202406,2024,6,107780303.38,20243735.44,6464114.5,30597504.63,165085657.95,11265384.05,1431707.29,973299.07,13670390.41,1919563.3,1768107.44,69428.38,82027.48,16847270.32,0,11568074.26,1885.09,5268018.52,9292.45,584745153.12,90398834.59,95768284.74,8405.51,4754661.14,7247405.2,766123.15,2146756.79,11661331.07,1143176.99,98420906.2,51237440.46,12939907.88,25526464.48,25036424.41,13611361.87,12548226.22,4430103.77,12820528.22,7207367.82,89620181.42,6476651.02,4498272.6,2480142.69,3996194.88,205995362.55,205995362.55,1282186.4,192924.68,25336.47,1063925.25,0,59337.27,18506.15,19539.16,21291.96,1169070437.93,81729669.84,720611628.49,366729139.6,49136255.32,39922421.04,1231261.21,229255.04,7569158.09,184159.94,19135103.98,17874336.85,1260767.13,38422323.47,78810.98,206786.37,56075,36958043.35,995040.79,127566.98,754261.67,751721.94,0,2539.73,65965.11,65965.11,2687376.14,749.35,160286.11,228758.96,204580.19,114571.51,1925754.64,52675.38,3004336.53,1051225.28,32916.86,325285.26,1547011.79,43094.79,4802.55,29293.02,29293.02,360087,360087,25947.66,25694.21,216.63,36.82,165464.14,9374.11,4122.77,0,151967.26,1397165.19,52686.56,1158463.72,186014.91,321.32,321.32,0,0,83119450,83119450,2178222661.44,2343308319.39,TO,Tocantins,North,TRUE,TRUE,202406,2024-06-01,confaz_boletim_tributos_estaduais,planilha1,confaz_boletim_tributos_estaduais_20260330.xls,20260330,mapped
18,PI,202406,2024,6,21578159.65,3326448.23,24730620.2,5195684.22,54830912.3,565931.37,424750.88,0,990682.25,4553326.45,4393090.44,143712.28,16523.73,2242077.75,0,31121.8,552222.18,1658283.02,450.75,199884161.09,14043270.63,49819003.34,5442.1,253821.48,400996.08,212544.99,33524.11,151924.08,48731.35,100211590.7,7670757.43,491951.33,2953500.98,4493654.05,224605.61,762031.94,508681.99,1335793.4,532081.8,12394981.26,1452423.15,1217443.77,383432.18,281973.34,68973980.78,68973980.78,24013.95,276.16,135.2,23602.59,0,2089962.99,757051.03,972361.85,360550.11,266160366.35,23146031.45,120824908.7,122189426.2,8429595.43,7895311.96,21816.94,14467.94,432317.29,65681.3,2648258.52,2429363.51,218895.01,14483810.19,4796.62,93907.09,13243.24,14187053.66,14816.42,169993.16,1360.88,0,0,1360.88,59218.63,59218.63,1161790.9,175.75,1472.33,113879.26,0,85850.16,909175.99,51237.41,2152746.23,880545.54,587.6,38099.94,552679.58,6438.54,674395.03,10536.82,10536.82,23276.82,23276.82,16840.56,15079.3,771.41,989.85,151830.2,8698.66,0,0,143131.54,305817.49,20238.6,232836.47,52742.42,1423.43,1423.43,9485.9,9485.9,54926965.88,54926965.88,628310847.24,683141759.54,,,,,,202406,2024-06-01,confaz_boletim_tributos_estaduais,planilha1,confaz_boletim_tributos_estaduais_20260330.xls,20260330,unmapped
19,RJ,202406,2024,6,168807505.17,106810833.58,1155255.97,652771361.57,929544956.29,57868875.53,6285569.64,1531960.32,65686405.49,1673380.02,1449105.73,196383.29,27891,341063764.94,0,244517634.74,1556529.32,4901354.97,90088245.91,827561292.48,32369391.57,140726242.68,43210.91,3331237.2,13112420.68,2448348.77,468453.86,9227095.35,1153240.06,263424263.52,71044441.41,32188938.61,41414393.07,40994752.28,32841649.32,26044663,889672.02,1968077.22,19859456.2,48319127.16,968155.05,3227350.35,16211868.2,25284843.99,595653924.01,595653924.01,4503678.37,293022.71,96251.8,4109671.55,4732.31,8243186.2,431179.71,3231464.17,4580542.32,1119315181.26,37098339.08,661539831.25,420677010.93,235470639.2,148211565.58,11524110.34,4991449.7,70078497.61,665015.97,48947006.66,44899455.88,4047550.78,181438060.64,343193.9,395108.1,1543517.21,177510091.31,712092.38,934057.74,261351.06,248899.66,3787.86,8663.54,274250.23,274250.23,17449190.72,1950.86,550652,10121955.92,4863136.88,282499.9,1504699.76,124295.4,13116944.75,6801663.71,205543.85,118445.55,2212215.13,665702.59,3113373.92,188997.49,188997.49,536847.75,536847.75,136514.75,86492.99,540.85,49480.91,783038.61,70720.63,18673.34,192.75,693451.89,3881591.45,268027,2949919.28,663645.17,174.52,174.52,0,0,695657772.3,695657772.3,4096156787.409999,5025701743.699999,,,,,,202406,2024-06-01,confaz_boletim_tributos_estaduais,planilha1,confaz_boletim_tributos_estaduais_20260330.xls,20260330,unmapped
20,RN,202406,2024,6,69815631.31,4367641.76,0,0,74183273.07,0,0,0,0,1960601.13,847949.46,23483.9,1089167.77,23688686.9,0,8540893.35,98438.78,14295234.77,754120,195993257.1,28664707.42,25914495.31,0,1254017.4,4240037.58,58868.04,236291.74,409686.07,253545.28,101361086.53,3484446,400855.18,4092822.11,5191512.14,373303.01,900793.86,766691.42,3880127.19,819452.31,9705808.05,933559.12,846664.48,582539.22,1621947.64,66959372.36,66959372.36,416254.5,26014.8,41.44,390198.26,0,1968666.01,474235.35,613879.81,880550.85,335911277.11,27538919.32,179422942.06,128949415.73,6986823.65,5416254.17,971707.07,12113.82,540205.62,46542.97,7743595.41,6931208.13,812387.28,16404020.55,16768.85,129488.68,18477.08,16179961.75,44377.82,14946.37,1337538.97,1331848.18,0,5690.79,52030.57,52030.57,1391571.73,2754.51,37848.88,194847.67,7201.36,63234.58,1035083.1,50601.63,1793579.87,489916.61,18487.5,9224.07,456626.02,32464.23,786861.44,217.42,217.42,73202.87,73202.87,27552.79,25893.68,304.94,1354.17,113768.3,24984.13,1455.48,0,87328.69,719724.17,109816.22,490257.38,119650.57,397.78,397.78,0,0,26757423.33,26757423.33,690299562.5199999,764482835.5899999,,,,,,202406,2024-06-01,confaz_boletim_tributos_estaduais,planilha1,confaz_boletim_tributos_estaduais_20260330.xls,20260330,unmapped
21,RS,202406,2024,6,375498714.9,80693001.22,17439961.35,17320.43,473648997.9,64134803.43,8740534.56,1731905.46,74607243.45,27890061.34,26470568.73,1325475.49,94017.12,10350459.2,1026387.02,0,5614.05,9022497.68,295960.45,1623175518.77,247217355.4,128019208.7,1898095.28,9504548.24,14115519.34,46049604.07,12828481.79,38424815.85,4738320.85,491268807.7,121137981,3341364.13,83042694.79,43079616.99,47055620.45,61612246.38,17118184.11,20022529.39,74149427.58,101648430.2,1691532.26,35470268.08,15131391.85,4609474.34,247865094.3,247865094.3,2087165.8,53869.65,771.82,2032524.33,0,2789866.15,429012.79,840405.41,1520447.95,1345950755.49,89247735.49,641040201.1,615662818.9,84169392.5,76745431.47,2028339.08,195503.74,5036578.45,163539.76,33698677.25,32988735.8,709941.45,95365472.94,640718.13,155395.74,67738.09,93938003.66,220262.48,343354.84,52021.38,51922.03,99.35,0,10979.63,10979.63,1235907.07,440.64,90700.55,1000376.8,3806.42,42641.31,39944.33,57997.02,2681964.27,732680.08,1197.78,85080.46,1312411.35,80059.41,470535.19,143535.18,143535.18,140898.07,140898.07,29306.53,29086.79,0,219.74,212308.37,4305.89,9766.44,0,198236.04,1279974.55,325995.67,797277.88,156701,0,0,0,0,108899370.9,108899370.9,3588028729.690001,4061677727.590001,MA,Maranhao,Northeast,TRUE,TRUE,202406,2024-06-01,confaz_boletim_tributos_estaduais,planilha1,confaz_boletim_tributos_estaduais_20260330.xls,20260330,mapped
22,RO,202406,2024,6,56970024.95,3162726.73,81914.89,54433947.45,114648614.02,16058484.31,2544025.49,1216.33,18603726.13,1623305.08,1515039.55,98267.89,9997.64,13875184.69,0,9597177.12,2780414.95,1497592.62,0,133351075.55,25557129.87,39533813.13,0,58689.37,217550.23,2851626.25,446848.85,229059.09,207471.46,30453933.86,7851381,83315.08,1330640.16,7452509.16,1550278.21,1858257.73,344503.85,81690.38,1007800.96,9065139.73,1196130.03,745077.69,975910.19,252319.27,58000938.83,58000938.83,208761.8,118559.86,1262.49,88939.45,0,933901.83,231963.88,253315.93,448622.02,303687951.87,41474338.87,137015089.6,125198523.4,11180092.69,3340879.08,1819312.56,24005.04,5935744.71,60151.3,2379246.45,2255265.54,123980.91,10261612.88,28331.03,45550.8,23332.81,10150962.93,6801.9,6633.41,146889.14,49380.48,88142.43,9366.23,6639.21,6639.21,533295.72,22.26,125251.15,62524.65,763.23,74382.6,250592.17,19759.66,1639882.34,439514.36,1002.17,7193.95,635003.05,20145.91,537022.9,0,0,30439.3,30439.3,65198.8,65198.8,0,0,48772.15,10603.7,0,0,38168.45,598028.14,32951.37,204813.24,360263.53,576.09,576.09,0,0,95550680.64,95550680.64,634122473.1999998,748771087.2199998,PI,Piaui,Northeast,TRUE,TRUE,202406,2024-06-01,confaz_boletim_tributos_estaduais,planilha1,confaz_boletim_tributos_estaduais_20260330.xls,20260330,mapped
23,RR,202406,2024,6,11041736.73,581139.99,89786.43,27274334.68,38986997.83,464978.69,0,0,464978.69,194993.45,187913.15,1855.35,5224.95,514131.45,0,0,0,514131.45,0,35491470.63,2019639.31,8446367.93,0,10394.74,42319.38,455.45,268317.46,2507.42,44626.33,17406641.54,949894.47,7837.74,885893.09,1486950.34,1338.21,37022.85,150867.15,10312.86,107912.41,3299829.27,144409.22,49864.81,57656.77,60411.88,18727510.29,18727510.29,7353.87,0,0,7353.87,0,438166.14,168471.19,33611.35,236083.6,75196168.35,5465856.85,37777156.54,31953154.96,1012719.15,638275.6,0,62987.61,272614.63,38841.31,721793.73,685306.57,36487.16,4130790.11,1974.14,20429.88,167.32,4102342.35,3994.59,1881.83,165.92,0,0,165.92,4672.39,4672.39,110330.84,28.18,16104.53,12192.83,0,3941.22,69025.46,9038.62,260486.77,34078.75,16753.02,2063.75,115164.36,22018.4,70408.49,0,0,7222.91,7222.91,20321.66,20274.04,47.62,0,2338.32,39.04,0,0,2299.28,61823.35,6789.35,32337.93,22696.07,1,1,0,0,18239699.59,18239699.59,155142159.92,194129157.75,CE,Ceara,Northeast,TRUE,TRUE,202406,2024-06-01,confaz_boletim_tributos_estaduais,planilha1,confaz_boletim_tributos_estaduais_20260330.xls,20260330,mapped
24,SC,202406,2024,6,359243272.85,70287541.16,104780616.5,90782.26,534402212.77,55760136.02,1162423.15,2826897.29,59749456.46,9820017.61,2722287.86,6642014.16,455715.59,10556829.99,169228.17,0,1752.82,8555111.92,1830737.08,1331854523.06,93477841.37,153794328.78,2388872.07,58385312.98,62658573.5,3490695.32,20076015.52,38501409.27,4563291.04,397365547.82,46614019.93,3706793,65635266.76,50274552.22,22804625.06,45004981.21,8689746.52,45977891.52,69904781.2,95024426.25,10089543.55,16204060.82,11455670.77,5766276.58,188889503.96,188889503.96,3296018.07,250226.38,2377.29,3036689.85,6724.55,8645033.7,938558.67,2621628.55,5084846.48,1494070517.67,126905015.75,755971879.79,611193622.13,142797476.59,118443724.33,1513006.26,389576.59,22080347.7,370821.71,36006348.67,34368316.4,1638032.27,83671068.48,2691803.18,281048.47,112162.62,78427921.67,1380872.43,777260.11,4449437.79,4386588.22,0,62849.57,887375.58,887375.58,14012179.4,150.46,5781190.29,1931152.59,36310.11,420491.82,5503893.8,338990.33,6570699.4,1640957.02,19858.88,134257.05,1361674.91,205606.96,3208344.58,12824825.44,12824825.44,323632.17,323632.17,135925.75,84480.29,1888.94,49556.52,1756264.46,69863.63,181108.22,0,1505292.61,2552072.02,130143.36,1683183.11,738745.55,2875.79,2875.79,0,0,49093281.21,49093281.21,3402215906.8100004,3936618119.5800004,RN,Rio Grande do Norte,Northeast,TRUE,TRUE,202406,2024-06-01,confaz_boletim_tributos_estaduais,planilha1,confaz_boletim_tributos_estaduais_20260330.xls,20260330,mapped
25,SP,202406,2024,6,837897075.32,412864643.83,838316345.66,0,2089078064.81,182149455.93,77788711.37,13224902.89,273163070.19,59236274.89,56906528.53,2288986.8,40759.56,136038870.27,0,93891764.17,239110.32,40834646.14,1073349.64,8131336347.47,692007010.36,479945318.08,8281010.43,85193265.65,62279307.69,11616187.42,18981519.58,251471405.74,35857372.09,1757598616.6,1154361846.14,297013197.55,504241914.5,237806254.62,251017239.8,289412593.62,201127016.31,268480777.29,371349891.89,908591938.2,39180738.38,36142104.32,126712124.17,42667697.04,1281312208.58,1281312208.58,18805103.76,5138678.37,117448.96,13437150.7,111825.73,23729489.57,3328026.37,8127294.92,12274168.28,6218426120.05,442981876.75,4181439022.26,1594005221.04,675549076.28,464470088.43,3678532.06,11873550.95,128019864.35,67507040.49,126194099.92,118665911.85,7528188.07,700833653.71,7107121.32,1240000,1387753.37,663512012.72,15079396.97,12507369.33,15139327.8,13637073.76,199981.44,1302272.6,897212.31,897212.31,51899311.62,2620.67,8520789.42,9549238.54,10701436.26,3325727.6,19602960.39,196538.74,46539075.36,17371276.62,459996.07,205221.74,8116897.43,1807053.79,18578629.71,166393.61,166393.61,1548749.1,1548749.1,884145.88,435497.96,4392.23,444255.69,7145979.01,3318821.04,250533.99,0,3576623.98,15605361.99,2500574.51,11756816.58,1347970.9,8106.87,8106.87,0,0,794899234.66,794899234.66,18306194142.71,20395272207.52,PB,Paraiba,Northeast,TRUE,TRUE,202406,2024-06-01,confaz_boletim_tributos_estaduais,planilha1,confaz_boletim_tributos_estaduais_20260330.xls,20260330,mapped
26,SE,202406,2024,6,30408169.31,2179120.24,1213055.43,3810169.18,37610514.16,4724967.99,492683.35,63958.85,5281610.19,925082.98,880462.09,28918.33,15702.56,10552129.84,0,3568760.63,0,6983369.21,0,141348236.28,11760086.11,20111090.8,71106.41,1270103.7,476731.15,1033271.88,129067.55,278360.13,0,48740957.7,30940594.58,496412.44,2611267.53,9092817.49,918878.89,1992425.55,601246.12,728275.22,206545.4,7689272.42,911798.53,821084.1,466842.58,0,43942910.12,43942910.12,69410.61,50751.11,0,18659.5,0,0,0,0,0,211155074.98,21234647.76,95287930.09,94632497.13,5953273.58,5618839.06,8035.15,48189.52,278209.85,0,5514212.23,5514212.23,0,12230200.18,0,0,832.69,12229367.49,0,0,0,0,0,0,0,0,0,0,0,0,0,0,0,0,412053.24,0,0,0,412053.24,0,0,0,0,0,0,0,0,0,0,0,0,0,0,0,0,0,0,0,0,0,0,0,24669317.59,24669317.59,456771901.63,494382415.78999996,PE,Pernambuco,Northeast,TRUE,TRUE,202406,2024-06-01,confaz_boletim_tributos_estaduais,planilha1,confaz_boletim_tributos_estaduais_20260330.xls,20260330,mapped
27,TO,202406,2024,6,24079321.47,6193270.18,4148101.11,332705.12,34753397.88,4696651.5,7941587.11,13461.64,12651700.25,5672565.13,4791285.76,841691.58,39587.79,2309403.08,0,0,196743.92,2112659.16,0,181830621.88,18799173.56,41069808.6,200,41110.3,163443.76,472289.97,51031.47,43246.23,107860.01,95636484.29,4231576.23,125768.88,1943478.36,6429547.1,103456.92,666140.14,269323.57,22857.4,336685.89,9569302.61,610137.51,149286.81,838344.69,150067.58,47708860.13,47708860.13,441136.07,419287.02,0,21849.05,0,414399.49,27834.15,71977.42,314587.92,176719506.28,29737126.54,88101530.89,58880848.85,8252643.67,6429353.79,18610.92,14072.98,1697341.23,93264.75,1936779.54,1798658.62,138120.92,9673855.83,28509.77,0,13652.02,9629743.9,1704.14,246,29680.42,29680.42,0,0,16453.11,16453.11,548888.99,52.43,5188.93,64701.62,73964.77,8573.97,388103.96,8303.31,237997.76,27677.79,0,1245.13,190592.45,3455.27,15027.12,0,0,8806.56,8806.56,3340.17,3340.17,0,0,5361.05,0,0,0,5361.05,81826.27,1931.13,75470.25,4424.89,0,0,0,0,39783808.59,39783808.59,475675934.0200001,510429331.9000001,AL,Alagoas,Northeast,TRUE,TRUE,202406,2024-06-01,confaz_boletim_tributos_estaduais,planilha1,confaz_boletim_tributos_estaduais_20260330.xls,20260330,mapped
1,AC,202407,2024,7,18351574,892412.04,8064496.64,0,27308482.68,2328298.09,0,0,2328298.09,1858049.56,1832436.38,9814.99,15798.19,223820.85,0,0,0,223820.85,0,33976305.14,4522898.03,10034653.04,406.83,15736.53,191686.04,186277.24,211913.5,3548.2,31483.95,9164812.05,938016.61,330207.83,925918.24,1529564.77,37810.82,178815.2,360481.86,211384.12,177858.78,4329844.98,348909.98,171815.81,25229.56,47031.17,15064895.05,15064895.05,10734.45,4605.89,0,6128.56,0,985862.01,675207.2,137780.69,172874.12,97542558.82,5279354.97,56555006.01,35708197.84,482899.02,318937.12,74478.88,26644.77,56413.19,6425.06,879532.42,836965.67,42566.75,6200559.83,79151.93,57713.93,19877.63,5994829.84,34118.3,14868.2,10825.13,3585.3,0,7239.83,14301.42,14301.42,282000.26,573.3,4711.93,104634.43,0,10122.66,114849.86,47108.08,470525.42,54041.48,38637.62,995.4,165716.28,26091.84,185042.8,0,0,13486.56,13486.56,17765.92,17765.92,0,0,52211.75,14517.44,0,0,37694.31,257949.36,4837.07,175500.71,77611.58,14.84,14.84,0,0,16309340.28,16309340.28,174653638.08999997,201962120.76999998,,,,,,202407,2024-07-01,confaz_boletim_tributos_estaduais,planilha1,confaz_boletim_tributos_estaduais_20260330.xls,20260330,unmapped
2,AL,202407,2024,7,79759399.43,4951566.61,704440.82,15006038.05,100421444.91,4055813.72,33058.74,39555.92,4128428.38,1567690.77,1218676.18,302468.79,46545.8,7369861.73,0,1090595.44,935955.68,3052202.02,2291108.59,157667848.65,18298846.83,43464114.56,225499.62,252454.06,1047312.73,113780.27,288283.17,1398995.85,183189.96,28807836.04,14746643.22,502902.99,10270382.57,4933209.48,1419489,2421791.95,2248291.34,1763114.63,3010872.07,18540602.29,1263215.88,1311429.89,603640.74,551949.51,62842843.1,62842843.1,275160.25,12343.27,4568.19,251535.83,6712.96,2207759.49,219257.71,1454523.99,533977.79,364980941.43,27391737.22,206179806.94,131409397.27,19879536.79,12261204.15,913848.91,1003929.66,1248081.6,4452472.47,10419310.51,7099433.98,3319876.53,14644113.63,43675,102414.12,16172.47,14301933.12,132685.97,47232.95,198904.6,177875.61,20761.97,267.02,105610.9,105610.9,1167114.76,5732.75,40112.97,94866.32,5904.83,96820.29,876999.98,46677.62,1646648.71,252540.77,10349.94,128578.99,368698.18,51187.97,835292.86,353.85,353.85,42775.54,42775.54,88784.66,86136.24,47.8,2600.62,75418.21,16213.86,0,0,59204.35,511379.31,17029.64,361984.92,132364.75,200.06,200.06,0,0,1152667.46,1152667.46,646844924.41,747266369.3199999,,,,,,202407,2024-07-01,confaz_boletim_tributos_estaduais,planilha1,confaz_boletim_tributos_estaduais_20260330.xls,20260330,unmapped
3,AP,202407,2024,7,11789328.23,235355.17,5470457.78,58139252.47,75634393.65,635128.17,0,0,635128.17,39436.46,11318.15,27144.46,973.85,305357.42,0,0,19480.35,285877.07,0,23839236.31,1318580.72,11569847.51,17820,2439.57,31255.67,1616.37,286766.11,374693.64,10923.1,619194.48,695650.65,106678.62,693953.25,1372089.02,100521.52,169087.25,424187.95,1454392.06,93336.78,4335006.36,59799.26,44209.06,48588.07,8599.29,9463646.68,9463646.68,269837.31,235613.59,0,34223.72,0,231196.7,175269.56,19646.17,36280.97,70349836.89,4334742.35,49166933.14,16848161.4,898077.66,349773.8,449196.24,9209.9,85164.89,4732.83,183405.41,178602.19,4803.22,6277287.67,35.82,120738.66,8492.43,6144885.38,2415.9,719.48,224.43,224.43,0,0,3387.23,3387.23,142230.33,846.27,98.21,88601.47,0,1916.03,49859.44,908.91,266837.84,14619.12,0,79.26,142072.92,1886.53,108180.01,0,0,313.32,313.32,44997.21,42190.81,2806.4,0,2544.13,2.01,0,0,2542.12,56457.94,9971.73,31068.42,15417.79,13.67,13.67,0,0,14509669.09,14509669.09,126883993.7,202518387.35000002,,,,,,202407,2024-07-01,confaz_boletim_tributos_estaduais,planilha1,confaz_boletim_tributos_estaduais_20260330.xls,20260330,unmapped
4,AM,202407,2024,7,105749456.7,8447227.36,25071131.83,122700651.96,261968467.85,4733511.71,4042213.96,2230.33,8777956,101204.3,73448.42,9763.07,17992.81,55148006.83,0,52670553.42,2346080.78,131372.63,0,538064896.78,8525371.29,55682097.07,0,465635.14,374533.03,15321.48,669782.86,2579025.18,169294.32,19322576.59,14402217.11,1503353.5,23636442.37,4702624.68,2111668.35,15734694.81,220868734.96,14575340.29,14491018.95,27035941.5,106046917.67,1267045.32,3668888.88,216371.43,80779311.45,80779311.45,1458642.79,833171.36,187.35,625284.08,0,711636.9,872.62,79163.42,631600.86,456871568.11,27085765.23,241572159.13,188213643.75,66204621.09,49602390.74,9091788.39,2085367.13,5354049.5,71025.33,10848865.84,10848865.84,0,29166349.83,123911.52,1374.72,23147.46,28647237.54,370054.37,624.22,0,0,0,0,0,0,15.22,0,0,12.45,0,2.77,0,0,1373974.06,0,0,5219.46,1366170.77,0,2583.83,0,0,0,0,893.51,893.51,0,0,48115.58,0,47298.45,0,817.13,261039.91,293.19,260558.57,188.15,0,0,0,0,46930033.33,46930033.33,1287969175.5299995,1549937643.3799994,,,,,,202407,2024-07-01,confaz_boletim_tributos_estaduais,planilha1,confaz_boletim_tributos_estaduais_20260330.xls,20260330,unmapped
5,BA,202407,2024,7,230516885.34,34550335.38,110488756.62,328214598.25,703770575.59,14082790,0,0,14082790,9955297.68,8879304.16,840566.71,235426.81,29896443.32,0,14846873.55,4203046.57,8202477.02,2644046.18,1441343875.19,75750772.12,242103889.8,67354.16,6376520.25,3646456.97,3453440.27,896705.34,16380815.23,384461.95,616666844.4,188124716.2,4185011.16,62643529.69,47426307.86,15029198.69,13890672.62,6085897.55,11268800,9841262.29,103110583.8,2958495.68,5217878.48,2694549,3139711.68,238699477.1,238699477.1,5471847.8,4205073.76,14691.74,1251550.32,531.98,1049628.06,51994.61,142088.58,855544.87,1213511499.38,94093802.08,652652260.9,466765436.4,45679315.93,30117935.16,1257998.63,3587872.48,10272758.37,442751.29,27113820.21,25628225.39,1485594.82,67776468.63,217081.11,400123.75,133107.93,64708303.06,1923568.64,394284.14,233606.59,231826.82,157.52,1622.25,71481.44,71481.44,7651720.91,3992,103404.77,2387576.73,12129.8,204933.61,4739456.85,200227.15,6378893.51,1536901.65,23838.68,45074.6,2454294.04,724950.01,1593834.53,67385.75,67385.75,243449.08,243449.08,646681.67,646302.62,378.03,1.02,240652.95,39956.58,33.62,138.05,200524.7,1761264.73,184995.74,1134900.52,441368.47,710.37,710.37,0,0,108556492.24,108556492.24,3206350012.5399995,3910120588.1299996,,,,,,202407,2024-07-01,confaz_boletim_tributos_estaduais,planilha1,confaz_boletim_tributos_estaduais_20260330.xls,20260330,unmapped
6,CE,202407,2024,7,82269959.5,11389075.6,1239681.76,190259.09,95088975.95,9532217.43,8642427.74,523840.76,18698485.93,2275699.85,1282010.91,27207.76,966481.18,8674053.4,0,2610386.37,1423.89,6062243.14,0,558300007.18,62692445.44,107355973.15,107432.26,9704125.85,14940684.45,18208574.28,1174872.04,7164044.24,937957.81,193201654.95,19376113.15,3729801.79,13712838.24,29203066.07,6344086.42,9796496.38,3240379.88,4106115.55,4089139.54,37941537.68,2705239.67,5758182.59,2732703.29,76542.46,167573511.62,167573511.62,1206389.19,456903.51,419885.04,329600.64,0,3641723.85,1589522.59,840341.19,1211860.07,833153063.7,78405335.6,517355187.24,237392540.86,28732699.61,23502313.79,2157098.72,372942.58,2329946.9,370397.62,19312045.24,18040150.8,1271894.44,38395106.17,449714.39,0,27280.98,37915303.12,2807.68,0,406721.88,148171.88,258550,0,251220.41,251220.41,163087.94,0,2508.81,149788.2,0,1654.04,7808.21,1328.68,2741967.74,569716.4,10180.32,304,1868163.63,8809.11,284794.28,16039874.54,16039874.54,49760.84,49760.84,528450.34,518197.49,1257.73,8995.12,28745.21,5637.64,0,0,23107.57,68006.48,4352.45,5274.9,58379.13,0,0,0,0,45354990.86,45354990.86,1726897126.05,1821986102,,,,,,202407,2024-07-01,confaz_boletim_tributos_estaduais,planilha1,confaz_boletim_tributos_estaduais_20260330.xls,20260330,unmapped
7,DF,202407,2024,7,148786699.7,23256998.48,21155986.01,4522161.48,197721845.67,11888540.87,12310365.16,757351.73,24956257.76,4333921.68,4306213.84,27026.62,681.22,156356.13,0,0,1987.23,154368.9,0,216248182.68,15114473.86,54324929.37,234637.18,258277.22,986956.84,32757.17,281639.38,267849.19,101262.32,34685674.49,4087324.58,3679540.91,3369508.59,10933609.9,529376.96,4802106.67,2952748.95,3015423.31,1436502.11,70894122.02,991362.51,1317053.13,1946916.92,4129.1,81887232.53,81887232.53,522043.64,794.28,2246.45,519002.91,0,3431.1,772.4,2126.99,531.71,543946605.61,59784650.81,338289362.2,145872592.6,9998377.09,8617697.95,272.5,168303.79,1065630.54,146472.31,15420734.32,15394689.31,26045.01,37305107.48,9363.48,1753.21,148591.84,37145397.95,0,1,0,0,0,0,0,0,1738.08,0,0,0,0,1738.08,0,0,486500.27,0,0,0,406818.26,0,79682.01,0,0,13.21,13.21,0,0,0,0,2.01,2.01,0,0,0,1031.32,0,1030.32,1,0,0,0,0,108508359.4,108508359.4,1018819636.5500002,1216541482.2200003,,,,,,202407,2024-07-01,confaz_boletim_tributos_estaduais,planilha1,confaz_boletim_tributos_estaduais_20260330.xls,20260330,unmapped
8,ES,202407,2024,7,98095447.51,22504948.34,70417217.4,125258124.68,316275737.93,8700006.05,46320.53,54668.16,8800994.74,267546.01,0,267546.01,0,2417093.3,0,0,0,2417093.3,0,196086538.69,29747717.26,60323362.49,0,616641.49,2163035.79,209306.44,0,0,244670.71,0,19772722.69,2984861.27,9624318.7,26425648.03,0,13309748.1,1271712.19,2215038.74,3694415.84,17091002.08,1528098.82,2128397.7,0,2735840.35,0,0,2055739.4,0,0,2055739.4,0,3565717.17,214197.24,1828620.1,1522899.83,743911182.3,70940866.66,479013377.88,193956937.76,92702466.63,92530708.57,0,0,0,171758.06,12747234.93,12215017.07,532217.86,36596.04,36596.04,0,0,0,0,0,1364789.86,1364789.86,0,0,0,0,754590.19,0,11242.21,712638.15,0,0,0,30709.83,2593712.99,1219347.59,8599.6,9548.63,497717.18,58667.3,799832.69,0,0,66219.91,66219.91,158.94,0,158.94,0,25480.5,0,0,0,25480.5,496066.3,41851.61,303236.2,150978.49,267.73,267.73,0,0,771291079.53,771291079.53,1830382480.4199998,2146658218.35,,,,,,202407,2024-07-01,confaz_boletim_tributos_estaduais,planilha1,confaz_boletim_tributos_estaduais_20260330.xls,20260330,unmapped
9,GO,202407,2024,7,206947983.2,88234563.44,166011923.2,330116323.3,791310793.14,139668736.1,31427954.51,7188646.58,178285337.19,34367552.1,32683042.65,1631066.93,53442.52,49048006.53,3780,321614.11,6456676.4,42061226.58,204709.44,873351501.65,171922407.7,142638485.4,1630612.72,1337322.16,8283757.33,1716585.16,1266404.28,6405093.31,1008702.37,273950118.4,53661920.02,26837004.61,20503173.76,25573252.6,1918140.14,31342298.57,1562071.31,1782173.01,30156416.25,55168835.5,1783473.26,6323249.1,4186701.97,2393302.72,142786970.8,142786970.8,3229379.96,1336758.04,108785.3,1757169.95,26666.67,3596709.33,799356.49,1076033.64,1721319.2,1392811722.6,133290441,871167996.7,388353284.9,70072532.25,64294927.82,56220.82,560480.63,4355500.83,805402.15,21655653.03,18963220.19,2692432.84,68030248,204884.61,523102.74,139299.41,66772290.66,233656.56,157014.02,100898.4,86930.8,11988.05,1979.55,250527.42,250527.42,16014180.97,22415.99,13910732.14,964025.24,10056.96,510618.36,465181.99,131150.29,6928119.61,696702.4,10061.5,25538.53,1317025.03,113368.74,4765423.41,7735.08,7735.08,84963.06,84963.06,480699.74,477955.12,1342.72,1401.9,426025.53,36958.5,1795.64,0,387271.39,993282.53,211349.57,498716.32,283216.64,602.86,602.86,0,0,114282362.2,114282362.2,2798519673.65,3589830466.79,,,,,,202407,2024-07-01,confaz_boletim_tributos_estaduais,planilha1,confaz_boletim_tributos_estaduais_20260330.xls,20260330,unmapped
10,MA,202407,2024,7,70001516.56,5695175.13,32677767.14,37377822.26,145752281.09,8030793.22,12762636.07,100215.31,20893644.6,7563828.26,7070328.04,438737.75,54762.47,9496106.82,0,991377.82,5810484.27,2687158.36,7086.37,233244249.59,10928947.76,100827190.6,134728.35,439575.16,677121.32,367659.18,550519.08,2464651.42,247728.92,3586054.21,42166747.14,744975.48,5861995.3,12840315.83,6383976.98,1027540.91,2598304.87,483331.77,2097153.75,32992081.97,2594532.67,1578304.84,995303.41,655508.67,127489169.8,127489169.8,507939.13,12062.22,6960.66,488916.25,0,4709738.17,1945715.13,2003706.08,760316.96,644379329.37,41242742.87,401102436.9,202034149.6,31544717.97,27869810.86,1290345.85,65472.85,2103215.92,215872.49,5882734.58,5515957.35,366777.23,29585190.67,14259.64,108070.52,16195.75,29306971.67,104548.28,35144.81,256206.7,253615.69,189.31,2401.7,118354.29,118354.29,3654388.1,14928.14,23455.16,332868.36,1596.28,56877.24,3149488.74,75174.18,2275598.07,732987.37,19478.48,24209.37,943544.35,144722.85,410655.65,10468.91,10468.91,60636.89,60636.89,87438.43,85663.63,1774.8,0,105217.64,6586.03,4011.25,0,94620.36,491900.27,44835.02,290838.47,156226.78,72.01,72.01,0,0,53351231.02,53351231.02,1154814516.6900003,1300566797.7800002,,,,,,202407,2024-07-01,confaz_boletim_tributos_estaduais,planilha1,confaz_boletim_tributos_estaduais_20260330.xls,20260330,unmapped
11,MT,202407,2024,7,160051535.6,18041846.22,18190724.74,184557640.37,380841746.93,10644888.32,15957286.84,443655.84,27045831,44183313,43606750.85,358499.73,218062.42,7441209.07,0,1866.23,2511936.51,4919813.81,7592.52,520547216.36,122580121.46,108983021.77,237793.86,1427524.57,1008130.12,1836280.76,4947903.71,1320526.53,186442.43,102742522.59,45192002.31,354181.04,18097831.87,37112387.27,4538538.61,6784468.62,2842389.14,8336157.91,7327706.75,38794932.92,1334351.96,2570336.35,1215106.57,776557.24,103342338.87,103342338.87,774001,62856.8,39.67,708759.43,2345.1,1424424.6,612254.09,337040.92,475129.59,1099373919.13,106017174.61,663226849.77,330129894.75,86175438.88,67572523.01,58717.08,3128115.36,8818037.48,6598045.95,7887883.24,7380483.93,507399.31,18129635.13,28711.02,183364.39,43359.55,17554645.86,108162.03,211392.28,396124.15,271190.41,20008.07,104925.67,78062.33,78062.33,1982256.05,1522.54,208396.87,343588.97,86147.94,255887.49,1047899.05,38813.19,3339964.6,1785716.37,1306.15,106515.95,913102.4,52322.21,481001.52,22766322.19,22766322.19,229002.33,229002.33,301197.94,298865.32,1041.83,1290.79,66809.78,32688.63,0,0,34121.15,609986.52,263512.65,164347.56,182126.31,1880.05,1880.05,0,0,0,0,1919050985.2200003,2299892732.15,RO,Rondonia,North,TRUE,TRUE,202407,2024-07-01,confaz_boletim_tributos_estaduais,planilha1,confaz_boletim_tributos_estaduais_20260330.xls,20260330,mapped
12,MS,202407,2024,7,40143665.88,23619298.13,3341579.1,110081497.32,177186040.43,2961021.65,1802101.47,0,4763123.12,27218958.56,25404593.51,1494896.37,319468.68,7821630.25,0,0,3533467.96,4070199.85,217962.44,621008700.28,81946196.22,72092309.23,2929727.85,3489558.16,2033057.46,2259006.66,2279936.13,14189848.28,332513.12,347152255.95,14701253.45,3226156.21,8298357.83,12612657.73,5293832.82,8699327.58,2262480.18,4306155.15,652212.54,26995389.78,942995.11,732849.39,1277170,2303453.45,183120820.86,183120820.86,1448411.59,337827.01,175432.63,933889.38,1262.57,1770559.21,370861.24,775485.63,624212.34,439974196.02,59343651.3,238152695.11,142477849.61,54898173.49,51509309.4,7987.24,31575.27,3074647,274654.58,5174264.26,4806444.94,367819.32,19202328.4,44462.09,51778.57,22848.93,18900576.17,161835.18,20827.46,667024.39,503296.46,0,163727.93,96013.72,96013.72,1095703.53,7921.67,93.79,201830.05,10821.34,74598.79,742116.06,58321.83,4414236.35,1506375.35,9822.93,94691.84,463214.18,116009.15,2224122.9,4216288.41,4216288.41,36797.91,36797.91,129618.14,129617.14,1,0,179116.7,29287.79,75.5,0,149753.41,594190.37,116270.46,302907.94,175011.97,11.36,11.36,0,0,38521029.06,38521029.06,1411588072.8600001,1588774113.2900002,AC,Acre,North,TRUE,TRUE,202407,2024-07-01,confaz_boletim_tributos_estaduais,planilha1,confaz_boletim_tributos_estaduais_20260330.xls,20260330,mapped
13,MG,202407,2024,7,366832506.75,183333187.24,237451348.45,536553123.39,1324170165.83,70472608.26,36992130.43,4892542.92,112357281.61,33469886.48,25792395.78,7519713.71,157776.99,244012166.93,99.14,5018435.49,228624042.27,8243387.82,2126202.21,3144144900.67,255104857.43,218559347.21,91450090.55,11211077.52,20963118.13,10872173.7,10248327.19,34219241.16,3920316.5,1306887259.54,171120292.07,50524656.99,71566067.63,150622043.22,150423395.25,89058408.88,30239662.27,58050385.32,82340692.11,259822362.03,10117657.19,27841844.35,18128454.19,10853170.24,539298924.44,539298924.44,6588826.63,367164.05,49986.82,6171675.76,0,8189447.52,1448477.08,2690227.73,4050742.71,2244400178.02,160238547.33,1478606310.42,605555320.27,104402555.87,92312752.07,113550.09,157519.1,11569480.51,249254.1,56092073.58,54168649.87,1923423.71,168653534.36,445561.29,550358.12,556192.46,164731081.41,1124571.29,1245769.79,4759755.87,4724372.1,201.55,35182.22,173806.9,173806.9,16958248.14,2959.76,897305.72,4117291.58,140727.74,523638.22,10682728.51,593596.61,14061367.8,4482721.59,245481.65,40463.35,4070052.68,336054.6,4886593.93,624383.04,624383.04,1101269.7,1101269.7,360219.87,353443.1,5991.68,785.09,911045.19,215905.19,73376.85,104.62,621658.53,2704529.58,607629.92,1571286.21,525613.45,2453.22,2453.22,0,0,235586413.56,235586413.56,6826495987.37,8150666153.2,AM,Amazonas,North,TRUE,TRUE,202407,2024-07-01,confaz_boletim_tributos_estaduais,planilha1,confaz_boletim_tributos_estaduais_20260330.xls,20260330,mapped
14,PR,202407,2024,7,238200383.91,115868665.75,7206735.07,0,361275784.73,25234382.39,2947369.16,207716.5,28389468.05,7007362.49,6026613.84,947904.89,32843.76,46359429.26,0,10835715.54,12576.64,35235104.15,276032.93,829669003.74,101841755.76,28051861.96,5640973.02,8934699.53,15498927.29,3017736.66,38743492.49,67055912.7,5206864.67,39703367.92,101105377.29,20420083.92,55456672.5,45164846.87,11632844.77,35425566.34,14912979.55,26807088.61,45903582.79,111085113.68,2109294.46,24762655.46,19106253.76,2081051.74,289564343.01,289564343.01,2294382.1,43302.33,394.04,2250685.73,0,6874050.81,693272.69,2745157.59,3435620.53,3028517586.84,355601142.65,2233378954.05,439537490.14,136910192.8,97063672.33,1224123.45,1928349.13,7293956.26,29400091.63,23370790.09,22076426.8,1294363.29,80789904.8,2491048.8,7518.71,295912.99,76121206.02,1853276.49,20941.79,36522.51,32578.5,1193.97,2750.04,71925.27,71925.27,810344.79,840.85,14236.26,244087.46,460577.75,57932.29,31467.56,1202.62,3077451.5,99357.39,1011.33,8484.3,2546924.59,16181.42,405492.47,35318.64,35318.64,19428.9,19428.9,53571.27,52643.82,74.92,852.53,48265.56,1352.07,74.5,0,46838.99,398462.05,159676.81,215602.73,23182.51,639.74,639.74,0,0,6346223.38,6346223.38,4462255199.550002,4823530984.280003,RR,Roraima,North,TRUE,TRUE,202407,2024-07-01,confaz_boletim_tributos_estaduais,planilha1,confaz_boletim_tributos_estaduais_20260330.xls,20260330,mapped
15,PB,202407,2024,7,76449712.09,3527802.5,2926933.46,7663727.84,90568175.89,5003706.61,4540145.84,0,9543852.45,1115474.59,1036745.1,19715.97,59013.52,4319769.95,942754.47,173006.78,30043.57,3173660.92,304.21,160751438.35,20391626.38,36095493.87,11707.64,4282132.33,1588697.85,1956332.77,384364.33,1190958.34,766771.85,33542325.41,4198121.56,629683.61,5499449.75,13788125.96,900257.16,4588100.64,1219166.86,1040884.09,2901825.04,21781055.62,887194.35,1887827.92,1161659.74,57675.28,56036762.01,56036762.01,71271.82,44098.17,0,27173.65,0,480972.09,131458.62,134493.39,215020.08,569173153.27,35039984.52,321299709.82,212833458.93,15971910.08,15050130.91,20714.3,51980.68,739107.11,109977.08,6959459.4,6903626.68,55832.72,19057621.55,74068.79,3.11,18459.44,18951777.74,12596.47,716,104485.46,103682.67,0,802.79,32527.26,32527.26,74847.7,14.32,6304.83,13350.96,19.22,28889.53,24661.25,1607.59,834172.8,47535.41,7755.51,10525.15,607847.7,758.53,159750.5,0,0,23273.46,23273.46,22886.18,22237.12,70.61,578.45,123.33,62.78,0,0,60.55,60037.69,2821.57,34183.67,23032.45,1.15,1.15,0,0,0,0,835090188.14,925658364.03,PA,Para,North,TRUE,TRUE,202407,2024-07-01,confaz_boletim_tributos_estaduais,planilha1,confaz_boletim_tributos_estaduais_20260330.xls,20260330,mapped
16,PA,202407,2024,7,154066521,7963580.49,267755066.2,444168577,873953744.69,15807467.09,4387722.55,70450.85,20265640.49,8478045.5,4773790.97,3637303.02,66951.51,124895235.41,0,18716.48,118973483.3,2716733.14,3186302.49,617816101.39,43619059.98,164276799.2,430701.6,329833.01,874660.37,1158362.13,7200005.05,1923077.88,257753.36,235677728.1,19235141.41,926361.51,12381554.95,24262912.99,32441525.83,2501491.22,1625404.31,4100801.03,15583734.03,40349987.65,2705299.01,1508812.94,652471.49,3792622.34,184231893.9,184231893.9,1253562.1,45671.47,1112.71,1206777.92,0,7846069.57,379789.38,5207665.99,2258614.2,846477602.45,59151687.25,594381407.5,192944507.7,68611310.56,48314188.08,15670277.35,128618.47,4123460.15,374766.51,12498340.11,12145025.83,353314.28,39707075.5,10903.52,269109.95,25590.76,39273957.41,97532.36,29981.5,350428.25,349246.86,0,1181.39,490950.14,490950.14,1658945.85,2954.79,6015.24,366394.09,2169.49,31155.34,1177123.51,73133.39,9392952.57,1314597.22,4279203.38,138048.45,2601425.21,113909.22,945769.09,72361.74,72361.74,26757.74,26757.74,778808.94,778723.44,0,85.5,266669.61,12783.61,0,0,253886,7378111.3,6951664.62,311003.04,115443.64,0,0,0,0,190707357.2,190707357.2,2122938579.83,2996892324.52,AP,Amapa,North,TRUE,TRUE,202407,2024-07-01,confaz_boletim_tributos_estaduais,planilha1,confaz_boletim_tributos_estaduais_20260330.xls,20260330,mapped
17,PE,202407,2024,7,111157862.31,25407321.67,8782077.62,40356737.43,185703999.03,10208320.99,1958576.36,845756.84,13012654.19,1524621.35,1292566.41,83569.97,148484.97,12312488.17,0,7373603.66,1287.13,4885800.59,51796.79,601307266.65,76084179.77,97286998.65,29780.21,5376685.92,7384242.94,934604.09,1931646.45,11181822.41,992303.69,136545611.32,48057088.59,10380317.08,26944306.69,24585723.95,9553353.23,12481932.52,7792290.84,12443706.61,7452276.32,87766232.38,4566246.17,5146198.74,2757136.93,3632581.15,188029152.04,188029152.04,936063.94,253933.96,12520.96,669609.02,0,78668.06,50296.91,10895.15,17476,1208069457.1,84879067.21,779359317.89,343831072,50297636.92,40102776.43,1529541.9,258644.86,8266018.23,140655.5,20210322.26,19044079.52,1166242.74,43086550.36,69463.12,383217.5,131541.09,42307624.31,148263.32,46441.02,854583.05,844840.81,1362.85,8379.39,145691.8,145691.8,2199538.58,1127.74,136639.97,61285.76,251217,131896.05,1535189.68,82182.38,3983016.45,1104032.41,35645.07,323797.25,2485553.04,28343.41,5645.27,29316.1,29316.1,226310.1,226310.1,119436.45,115665.38,3056.91,714.16,284941.14,23652.63,4213.45,0,257075.06,1772290.29,187928.01,1332291.2,252071.08,313.17,313.17,0,0,95829174.3,95829174.3,2231296838.2799997,2417000837.31,TO,Tocantins,North,TRUE,TRUE,202407,2024-07-01,confaz_boletim_tributos_estaduais,planilha1,confaz_boletim_tributos_estaduais_20260330.xls,20260330,mapped
18,PI,202407,2024,7,20904423.42,4513858.01,28794870.86,5475796.76,59688949.05,921524.68,469419.06,0,1390943.74,5529276.14,5390907.02,113337.07,25032.05,2215971.62,0,30074.64,372302.51,1813141.82,452.65,224347783.93,11599578.61,49959568.04,5856.52,185547.78,440307.05,519743.72,47374.56,102355.92,35133.84,121318552.4,7916004.69,467286.75,3934585.31,4689452.21,145150.11,907137.85,538203.69,524297.95,964046.2,17253933.09,864767,1149074.65,391291.97,388534.02,70813462.09,70813462.09,27072.73,474.47,0,26598.26,0,2561344.55,958025.88,1012184.27,591134.4,284479102.24,21441176.44,140258698.4,122779227.4,9903832.23,9240547.33,21613.01,24645.88,545740.27,71285.74,3004766.36,2813386.09,191380.27,14305937.75,8741.78,176691.37,20536.47,13930916.67,28413.72,140637.74,1844.37,1844.37,0,0,20821.36,20821.36,1023833.5,480.7,3288.26,107650.68,0,143647.19,764096.36,4670.31,1892827.95,298646.15,0,17629.68,533707.15,42282.37,1000562.6,7141.38,7141.38,36838.3,36838.3,56766.59,23363.34,33403.25,0,159762.72,8396.64,0,0,151366.08,318309.68,18959.01,223988.13,75362.54,430,430,12895.36,12895.36,59481469.26,59481469.26,680201490.11,739890439.16,,,,,,202407,2024-07-01,confaz_boletim_tributos_estaduais,planilha1,confaz_boletim_tributos_estaduais_20260330.xls,20260330,unmapped
19,RJ,202407,2024,7,171226108.08,151104986.12,977197.73,648474711.35,971783003.28,54799804.79,9482530.35,1321951.53,65604286.67,1612320.4,1367693.68,193986.93,50639.79,347930744.3,0,239998451.16,3889889.91,5108230.89,98934172.34,1064916278.54,32360895.05,138755428.1,106966.49,4977259.05,18465506.78,2885324.88,622320.36,10816516.56,1516527.29,348333264.77,90716021.13,28012708.63,58886588.7,51090013.76,76994856.76,35396381.9,1028890.58,2528251.67,31837737.54,76892312.46,1217967,4145488.52,20925250.41,26403800.15,580589216.99,580589216.99,4670011.15,238745.11,24083.33,4405619.07,1563.64,9362698.68,489327.99,3067164.86,5806205.83,1273366540.32,42213446.15,751834374.49,479318719.68,234651894.65,167308081.58,11562376.64,5535624.37,49602019.47,643792.59,50737829.13,46450381.29,4287447.84,201607810,253077.82,788336.31,1498640.65,197288189.22,703966.13,1075599.87,276461.19,269635.89,926.82,5898.48,375458.84,375458.84,19076299.32,2740.79,794454.41,10591243.41,5805362.3,376613.13,1381343.29,124541.99,14358596.84,8389381.08,218602.77,104816.72,2430827.97,600996.48,2613971.82,17947.41,17947.41,498203.89,498203.89,225478.42,177372.37,475.34,47630.71,1081952.69,57106.82,69190.22,1958.8,953696.85,5766033.92,215882.27,4928361.23,621790.42,190.89,190.89,0,0,289407372.65,289407372.65,4100529340.2200007,5072312343.500001,,,,,,202407,2024-07-01,confaz_boletim_tributos_estaduais,planilha1,confaz_boletim_tributos_estaduais_20260330.xls,20260330,unmapped
20,RN,202407,2024,7,63231819.58,2448536.18,0,0,65680355.76,0,0,0,0,2590262.87,1202848.59,26100.52,1361313.76,25359755.92,0,9875149.34,33718.26,14626213.42,824674.9,183495768.99,20844753.16,31510285.86,0,1141249.18,3786368.83,50022.55,215121.58,395031.57,329877.14,86314369.81,3577834.31,364570.14,4137726.12,6332009.6,228518.52,1158013.41,858430.97,3669958.77,1764322.84,12355368.51,649332.34,943837.72,898948.59,1969817.47,70770678.77,70770678.77,493901.13,21975.51,1.1,471924.52,0,2247530.74,860070.53,599930.67,787529.54,332709559.71,30162518.15,168167129.88,134379911.68,7599583.62,6223584.51,738954.55,23463.01,574762.88,38818.67,9507618.63,8251571.48,1256047.15,16954501.39,14561.17,222475.02,7778.27,16593980.49,58027.74,57678.7,106167.68,104603.6,217.97,1346.11,69077.42,69077.42,1890225.47,778.45,44030.33,383825,15234.56,67188.71,1327054.13,52114.29,2076843.46,640547.15,9614.72,44429.49,464050.06,169495.99,748706.05,1695.11,1695.11,56443.38,56443.38,69394.46,53327.87,432.25,15634.34,272712.39,27601.74,0,0,245110.65,733109.87,71523.96,546874.17,114711.74,166.56,166.56,0,0,34242610.99,34242610.99,691247608.56,756927964.3199999,,,,,,202407,2024-07-01,confaz_boletim_tributos_estaduais,planilha1,confaz_boletim_tributos_estaduais_20260330.xls,20260330,unmapped
21,RS,202407,2024,7,266004361.4,132857676.5,23212493.63,22204.8,422096736.33,57282281.41,8331346.31,2832667.77,68446295.49,30227939.11,28295032.98,1744981.47,187924.66,12962457.89,2611382.72,0,26151.62,10093867.7,231055.85,2288628433.88,275202666.6,207660457.6,1761479.35,10582684.32,16733519.32,31593280.19,15404387.5,45275094.29,4518726.53,799800553.9,220734655.2,3307965.22,93604721.38,47626152.86,32528584.5,83604613.45,24851313.6,19902875.07,100406571.4,189592844.5,2364633.48,42995318.16,15645185.19,2930150.27,232387387.3,232387387.3,2500907.89,23419.03,511.69,2476977.17,0,2694964.68,307895.08,869956.85,1517112.75,1585645521.4,123681547.3,732046358.4,729917615.7,85986770.97,77823900.23,2227125.62,244035.37,5613302.61,78407.14,40867215.57,40295258.01,571957.56,103228921.83,932526.75,468785.02,75713.18,100699755.2,339614.79,712526.89,36973.24,36915.17,58.07,0,3647.26,3647.26,1205165.75,780.5,20935.04,697578.31,4236.72,45794.69,319847.91,115992.58,2745398.82,654633.61,654.84,100982.27,1248159.83,77947.54,663020.73,72276.35,72276.35,96878.54,96878.54,44805.68,44737.49,0,68.19,255015.11,135111.71,3258.5,0,116644.9,1351380.9,180927.34,981542.81,188910.75,0,0,0,0,129454179.4,129454179.4,4520396241.57,4942492977.9,MA,Maranhao,Northeast,TRUE,TRUE,202407,2024-07-01,confaz_boletim_tributos_estaduais,planilha1,confaz_boletim_tributos_estaduais_20260330.xls,20260330,mapped
22,RO,202407,2024,7,65928723.93,2738768.43,134060.45,57192333.99,125993886.8,13091698.79,2498221.45,0,15589920.24,2310963.82,2242266.02,52516.32,16181.48,12549876.19,0,9170224.53,1943234.17,1436404.4,13.09,154612415.37,23617217.49,33149972.81,0,66247.6,210163.37,2884205.29,467542.75,183400.11,101520.48,58926219.77,7856424.43,161517.49,1561946.57,7542263.63,223573.51,2223348.39,300999.96,75469.18,284740.46,12183353.73,780349.99,703310.42,845917.17,262710.77,61513695.16,61513695.16,113435.25,64294.26,707.6,45744.9,2688.49,1677328.83,549038.75,588370.13,539919.95,339074127.42,42788559.52,173851325.7,122434242.2,7207765.82,3678172.67,2547557.15,23499.76,937652.34,20883.9,2869491.86,2703417.56,166074.3,11160057.39,12771.72,106538.34,3998.91,11020543.52,5082.23,11122.67,154795.92,54662.84,90151.63,9981.45,15791,15791,579566.53,338.71,118457.31,86810.58,0,98804.68,246652.51,28502.74,1670279.45,174628.28,0,16085.22,637067.84,69199.48,773298.63,0,0,207473.16,207473.16,164314.6,161686.8,2627.8,0,144153.46,50805.55,2479.59,0,90868.32,693370.95,12552.94,414662.24,266155.77,0,0,0,0,94882125.03,94882125.03,691601027.21,817594914.01,PI,Piaui,Northeast,TRUE,TRUE,202407,2024-07-01,confaz_boletim_tributos_estaduais,planilha1,confaz_boletim_tributos_estaduais_20260330.xls,20260330,mapped
23,RR,202407,2024,7,13377565.91,899507.64,31553.04,72531944.29,86840570.88,470302.72,0,0,470302.72,305256.31,283629.55,15438.62,6188.14,1026053.82,0,0,0,1026053.82,0,31871385.44,1791879.33,8824756.02,0,6692.9,49139.02,635.24,225736.47,1120.11,61717.9,14183020.18,690887.11,29075.53,623308.55,1183104.4,2260.93,54203.97,106302.86,5538.33,66082.16,3691906.65,64785.68,25132.09,137433.25,46666.76,16321677.88,16321677.88,10513.05,0,0,10513.05,0,433947.76,173058.68,42298.92,218590.16,81852161.56,6322608.54,37928189.79,37601363.23,1278328.79,868515.91,98.55,176166.57,195350.47,38197.29,798916.52,772755.58,26160.94,3994888.84,6104.07,35938.11,876.95,3948591.08,1509.16,1869.47,244.68,0,0,244.68,56407.27,56407.27,106804.38,27.75,3389.28,16300.05,0,8956.7,69974.54,8156.06,476456.74,53257.63,1214.87,12572.09,125245.46,23276.08,260890.61,0,0,2899.29,2899.29,11928.38,11928.38,0,0,1629.82,10.37,0,0,1619.45,107772.15,8779.26,68677.47,30315.42,1,1,0,0,19330923.85,19330923.85,157988197.53,244828768.41,CE,Ceara,Northeast,TRUE,TRUE,202407,2024-07-01,confaz_boletim_tributos_estaduais,planilha1,confaz_boletim_tributos_estaduais_20260330.xls,20260330,mapped
24,SC,202407,2024,7,431638684.97,82608864.28,126325730.46,74804.74,640648084.45,61512145.57,1557460.13,2833832.15,65903437.85,6492521.32,2945792.52,3170538.06,376190.74,10161548.48,8984.17,0,21175.64,8355291.15,1776097.52,1318903211.41,89685385.21,156409450.65,565275.16,54907229.73,57999513.77,3454652.48,19316266.42,33935155.59,5276867.86,363678240.41,52338134.48,4900741.08,77410281.93,51114681.13,29208102.58,44932232.57,8805390.4,45198256.06,75293341.31,99652442.76,9916686.28,18096953.57,11718626.6,5089303.38,245161149.27,245161149.27,2794330.19,119506.18,5246.25,2656983.93,12593.83,10143158.76,844852.95,2727200.18,6571105.63,1482742448.73,135141250.43,776828836.8,570772361.5,137058207.49,115160338.16,1178883.63,396489.63,20148241.27,174254.8,36980604.74,35386163.9,1594440.84,82953634.15,2467008.52,583799.43,101671.54,78063820.94,884379.95,852953.77,1829299.32,1793026.03,0,36273.29,1018259.59,1018259.59,16257372.1,206.08,6536853.95,2024344.86,44943.22,500686.31,6816902.44,333435.24,9050714.35,3505300.09,31946.23,101309.59,1435819.77,274638.28,3701700.39,17447145.21,17447145.21,277041.45,277041.45,179637.24,77263.44,1872.87,100500.93,1837421.84,93386.74,151102.03,0,1592933.07,2473402.26,142682.74,1585899.78,744819.74,2929.24,2929.24,0,0,54895389.43,54895389.43,3438659426.569999,4079307511.0199995,RN,Rio Grande do Norte,Northeast,TRUE,TRUE,202407,2024-07-01,confaz_boletim_tributos_estaduais,planilha1,confaz_boletim_tributos_estaduais_20260330.xls,20260330,mapped
25,SP,202407,2024,7,1014132291.93,684349895.26,1035302412.47,0,2733784599.66,172780478.1,88093001.1,24618934.58,285492413.78,62131487.68,60459463.4,1642661.25,29363.03,63244528.28,0,17662591.58,313880.66,40337497.14,4930558.9,9200299174.31,670915767.05,405684716.14,8686810.27,89709115.59,59258428.01,11289058.67,13648419.75,252818533.26,35582136.17,2367767944.05,1279488013.81,355777819.88,558848559.75,234419749.58,228903638.7,322052014.04,220865277.91,296107552.91,388054486.93,1152545018.61,37768171.39,37201898.36,121066175.79,51839867.69,1001174968.2,1001174968.2,17722891.8,4900385.51,81243.13,12707328.54,33934.62,34879476.06,3589324.92,14701350.38,16588800.76,6535551046.09,483798779.16,4245631093.68,1806121173.25,711229026.22,468191981.5,3710991.91,12467940.46,137802362.51,89055749.84,127745963.45,120776168.5,6969794.95,589081367.2,9525578.76,4699608.02,559830.59,541356633.75,15171711.55,17768004.53,15106524.4,13522244.58,194257.64,1390022.18,1572775.08,1572775.08,64340646.32,1668.5,7877715.85,10489606.4,18273157.32,4121096.63,23233243.25,344158.37,72141690.61,18628684.98,645573.66,197999.23,13231156.8,1645043.5,37793232.44,169786.98,169786.98,1042872.42,1042872.42,1108446.11,637749.76,9963.81,460732.54,4710593.87,458027.39,273385.71,0,3979180.77,13396142.79,3236104.66,8167461.18,1992576.95,7924.47,7924.47,0,0,841576739.42,841576739.42,19358234071.760002,22092018671.420002,PB,Paraiba,Northeast,TRUE,TRUE,202407,2024-07-01,confaz_boletim_tributos_estaduais,planilha1,confaz_boletim_tributos_estaduais_20260330.xls,20260330,mapped
26,SE,202407,2024,7,36798266.47,2018194.94,1371097.62,3449807.85,43637366.88,5549154.18,547998.53,51264.82,6148417.53,675288.81,618634.03,34622.69,22032.09,24328657.56,0,18804913.03,0,5523744.53,0,136350770.24,12943275.17,22326028.61,86135.21,1376601.27,427672.01,402310.2,103241.13,244056.96,0,44915947.57,27416806.7,476831.93,2284187.83,8258058.06,351232.4,1659826.01,918710.49,650267.3,450775.22,9285227.31,556282.82,775882.23,441413.81,0,38021594.24,38021594.24,74810.43,41695.87,0,33114.56,0,0,0,0,0,214788871.02,21093983.32,96747210.99,96947676.71,6200067.22,5869968.59,5857.6,42650.74,281590.29,0,5539009.67,5539009.67,0,11653142.28,0,0,13051.8,11640090.48,0,0,0,0,0,0,0,0,0,0,0,0,0,0,0,0,389483.56,0,0,0,389483.56,0,0,0,0,0,0,0,0,0,0,0,0,0,0,0,0,0,0,0,0,0,0,0,29092973.93,29092973.93,467114668.9600001,510752035.8400001,PE,Pernambuco,Northeast,TRUE,TRUE,202407,2024-07-01,confaz_boletim_tributos_estaduais,planilha1,confaz_boletim_tributos_estaduais_20260330.xls,20260330,mapped
27,TO,202407,2024,7,27499646.26,16317148.99,4002263.41,255400.3,48074458.96,4045123.41,8764442.81,22360.32,12831926.54,6904025.26,5113364.39,1749793.67,40867.2,2916576.12,0,0,344543.79,2571964.45,67.88,231624240.27,16043145.77,42395738.99,0,29764.23,164753.57,619245.83,34599.94,64050.64,56270.05,140881462.4,6464069.79,111000.23,2291065.23,6876752.92,193206.35,689833.37,440194.54,40841.26,334555.87,11669987.86,439941.22,233961.49,1356642.96,193155.76,41365068.78,41365068.78,454664.53,424158.38,0,30506.15,0,443068.85,60895.04,144221.02,237952.79,181973551.96,27721015,94977273.4,59275263.56,8178803.33,6229428.72,17757.27,10365.7,1896458,24793.64,2324481.87,2139559.38,184922.49,10657325.53,9214.35,0,44245.29,10581870.32,21498.6,496.97,47670.47,47670.47,0,0,15997.09,15997.09,866750.56,0.81,5990.19,269730.06,214043.35,4034.07,363844.61,9107.47,230416.86,25471.97,0,807.84,183101.15,3538.56,17497.34,0,0,3024.29,3024.29,906.01,906.01,0,0,6396,0,0,0,6396,67028.68,1605.52,56375.01,9048.15,0,0,0,0,41047435.47,41047435.47,529127431.92999995,577201890.89,AL,Alagoas,Northeast,TRUE,TRUE,202407,2024-07-01,confaz_boletim_tributos_estaduais,planilha1,confaz_boletim_tributos_estaduais_20260330.xls,20260330,mapped
1,AC,202408,2024,8,17966277.38,62437.81,8392151.69,0,26420866.88,2418286.93,0,164.81,2418451.74,1784146.39,1769123.01,2424.79,12598.59,192083.01,0,0,0,192083.01,0,35729813.64,3969068.51,11555926.01,12.46,16482.37,172542.77,208832.07,209774.07,1479.53,78968.26,9386599.67,872713.35,83814.63,923818.26,1795528.86,8616.36,230404.65,157294.82,247851.5,170489.69,4929681.43,439806.18,114028.91,94245.08,61834.2,16378606.81,16378606.81,12591.68,5418.38,0,7173.3,0,730078.22,469866.86,154890.93,105320.43,101759462.27,6459305.73,57419201.9,37880954.64,536827.58,302357.76,102790.2,32457.82,74977.49,24244.31,811871.21,761727.46,50143.75,5219412.06,72447.71,103525.55,22922.07,4983267.95,18769.59,18479.19,14293.21,13486.59,0,806.62,9046.87,9046.87,244321.24,3273.74,6030.4,49936.78,0,9488.69,118869.79,56721.84,421922.13,73971.39,19510.84,1929.45,154330.93,8779.59,163399.93,0,0,24039.77,24039.77,11500,11496.45,3.55,0,88317.28,385.53,0,0,87931.75,168704.79,10697.51,113515.65,44491.63,16.27,16.27,0,0,18990490.47,18990490.47,183127544.90000004,209548411.78000003,,,,,,202408,2024-08-01,confaz_boletim_tributos_estaduais,planilha1,confaz_boletim_tributos_estaduais_20260330.xls,20260330,unmapped
2,AL,202408,2024,8,59672073.17,11427515.85,613343.1,14546518.06,86259450.18,4546319.64,162321.6,17514.7,4726155.94,1257704.16,1158805.29,56275.78,42623.09,7902951.39,0,782959.23,707615.34,3475270.11,2937106.71,185877271.14,19711431.7,44995852.57,196340.88,275460.94,872307.99,99212.28,452774.28,1299877.31,112894.88,48156091.59,15896918.31,733128.81,11902706.55,6329614.23,1298402.66,2298291.25,2053127,1689888.03,3161237.74,19858620.57,1610318.8,1423132.69,898422.97,551217.11,64386083.06,64386083.06,404155.53,10792.09,2551.92,386703.4,4108.12,4083358.4,227799.55,3251262.27,604296.58,375823069.69,26007935.29,219140241.12,130674893.28,18722341.31,10736886.83,2264817.87,30299.63,1398300.93,4292036.05,9344488.44,7160015.27,2184473.17,14431490.31,56204.6,121774.74,71967.03,14000914.88,166511.15,14117.91,204363.71,178963.2,23988.87,1411.64,152520.75,152520.75,1443098.77,4214.34,46933.16,188741.23,6549.87,47678.87,1096686.53,52294.77,1592454.31,408472.63,8929.87,77978.69,319515.89,25581.03,751976.2,9185.94,9185.94,57016.07,57016.07,154589.24,151138.75,41.57,3408.92,79259.14,34943.02,0,0,44316.12,459417.39,17671.11,335339.75,106406.53,233.79,233.79,0,0,887947.61,887947.61,687273000.15,773532450.3299999,,,,,,202408,2024-08-01,confaz_boletim_tributos_estaduais,planilha1,confaz_boletim_tributos_estaduais_20260330.xls,20260330,unmapped
3,AP,202408,2024,8,12009251.45,380336.92,5602308.59,68656323.78,86648220.74,648899.89,0,0,648899.89,51066.55,33409.08,16659.58,997.89,121720.7,0,0,21918.78,99801.92,0,26383260.69,1354014.36,11916325.46,0,3180,55357.7,1551.59,332234.53,224661.55,9171.51,841774.19,1096157.82,95839.43,928730.94,1799977.94,73160.78,202163.12,577947.54,1500635.88,108094.78,5058018.48,97948.91,42066.06,47382.58,16865.54,10970115.49,10970115.49,342627.48,312814.88,0,29812.6,0,239671.7,225043.7,2717.32,11910.68,69609028.53,4637528.19,46401787.7,18569712.64,945596.19,327191.56,507351.27,4208.27,95308.87,11536.22,181627.8,174560.97,7066.83,6181358.78,32.49,147083.39,18248.19,6010672.34,4980.41,341.96,200.76,200.76,0,0,2116.24,2116.24,846954.38,555.32,159.84,777606.9,0,1527.17,65647.11,1458.04,154631.69,600.71,0,24.2,110671.35,787.36,42548.07,0,0,3613.59,3613.59,45405.98,36885.1,8520.88,0,3375.83,4.91,0,0,3370.92,56791.46,11462.7,27541.55,17787.21,0,0,0,0,13463160.58,13463160.58,129602324.41999999,216250545.15999997,,,,,,202408,2024-08-01,confaz_boletim_tributos_estaduais,planilha1,confaz_boletim_tributos_estaduais_20260330.xls,20260330,unmapped
4,AM,202408,2024,8,86847019.79,3104036.1,27399245.18,114225913.5,231576214.57,3406706.14,3623420.84,707.07,7030834.05,75521.81,45698.32,23523.87,6299.62,60688095.29,0,58903865.02,1619150.08,165080.19,0,559596652.54,7944323.91,68882404.59,0,395077.91,409715.07,53075.68,771168.09,2693271.58,209385.11,33111565.45,16351832.07,2586747.39,20638627.71,5711091.54,4061084.03,18832094.4,198442484.9,9238748.68,21365754.1,24944349.37,117183200.4,1175137.47,4217895.92,377617.17,76099382.18,76099382.18,2185916,1413182.04,24.74,772709.22,0,335068.76,875.61,50463.13,283730.02,401536278.21,27649524.21,204465765.9,169420988.1,70392630.39,54715080.17,9557979.18,282654.65,5802396.31,34520.08,7260910.51,7260725.8,184.71,27154697.1,90241.28,1384.19,27065.17,26833910.63,200487.89,1607.94,0,0,0,0,0,0,0,0,0,0,0,0,0,0,1750587.72,182.06,0,2593.72,1746590.53,0,1221.41,14.47,14.47,0,0,1163.97,1163.97,0,0,30111.23,0,29082.87,0,1028.36,241533.55,293.19,240936.33,304.03,0,0,0,0,87099523.46,87099523.46,1294448087.19,1526024301.76,,,,,,202408,2024-08-01,confaz_boletim_tributos_estaduais,planilha1,confaz_boletim_tributos_estaduais_20260330.xls,20260330,unmapped
5,BA,202408,2024,8,212319730.24,25680387.89,139433441.12,320931710.77,698365270.02,41010782.23,0,0,41010782.23,13488357.36,12129221.04,1036535.72,322600.6,37685425.53,0,18998538.17,5439592.69,10774228.27,2473066.4,1523282370.96,75996600.84,241998804.5,260848.19,6401209.13,3511351.56,4749648.5,1137312.69,18741356.34,467905.41,673070879.7,180063375,4419869.7,67269510.19,54023617.37,21587817.74,13131148.86,5250560.57,10882531.18,9615196.6,107649831.5,3872700.52,6109243.87,2674629.1,10396421.9,281148552.2,281148552.2,5049735.64,3887844.26,4461.44,1156578.49,851.45,741708.45,18980.47,68989.1,653738.88,804505369.87,93789870.17,710715499.7,0,47771554.54,37423394.41,1690653.62,125256.35,7983282.34,548967.82,31737811.6,26894633.3,4843178.3,67667638.82,184451.55,626280.58,330802.32,64804792.76,1209401.1,511910.51,366963.89,366963.89,0,0,0,0,0,0,0,0,0,0,0,0,0,0,0,0,0,0,0,0,0,0,0,0,0,0,0,0,0,0,0,0,0,0,0,0,0,0,0,0,107727695.77,107727695.77,2921173184.63,3619538454.65,,,,,,202408,2024-08-01,confaz_boletim_tributos_estaduais,planilha1,confaz_boletim_tributos_estaduais_20260330.xls,20260330,unmapped
6,CE,202408,2024,8,59027338.08,12239555.06,1214890.21,344540.92,72826324.27,7357489.89,7731771.53,420556.54,15509817.96,2658967.73,1422808.63,105922.17,1130236.93,8654736.24,0,2771853.21,11434.87,5871448.16,0,603250858.91,63486975.4,115453399.15,135902.41,9954796.63,15979738.56,20026841.61,1010733.28,7349911.28,1134179.61,211800307.05,22955282.92,4022916.97,16103228.57,32852851.02,5338325.8,11285898.12,3254813.68,7234813.29,3967521.72,37565104.66,3378041.35,5581576.15,3311847.82,65851.86,166031370.8,166031370.8,616793.53,152690.21,39011.47,425091.85,0,3000782.81,1454998.27,600871.66,944912.88,874205953.54,76668199.63,556487998.78,241049755.13,32371199.54,25669039.12,3146873.22,339253.41,2839055.99,376977.8,20436285.42,19080320.54,1355964.88,40804704.18,394532.63,9679.21,377538.95,40020112.13,2841.26,0,452621.65,168736.39,283885.26,0,67312.82,67312.82,195658.67,0,288,173129.77,7968.82,6733.27,6887.27,651.54,2764974.41,361079.66,106645.62,144.49,1819918.59,14432.62,462753.43,17321722.24,17321722.24,134966.4,134966.4,455534.85,439440.66,0,16094.19,40132.46,4343.61,144.09,0,35644.76,99204.38,1913.86,5177.89,92112.63,0,0,0,0,44094937.53,44094937.53,1817658718.1100004,1890485042.3800004,,,,,,202408,2024-08-01,confaz_boletim_tributos_estaduais,planilha1,confaz_boletim_tributos_estaduais_20260330.xls,20260330,unmapped
7,DF,202408,2024,8,77905939.26,27462667.72,22463736.84,5785325.87,133617669.69,9714832.31,10725425.89,557964.64,20998222.84,3686567.99,3662592.97,15471.4,8503.62,14009932.78,0,0,189223.86,13820708.92,0,251028457.1,41994042.93,167647.39,295086.22,859073.94,58339.22,366114.21,633600.37,118817.24,33328906.24,3911270.79,4210158.6,3135447.14,12861898,1126674.1,5248770.3,1921005.83,2615245.87,1945847.37,55464971.79,1757337.86,1334417.42,1587609.32,148.99,76086025.96,1722.12,1722.12,986401.39,8678.99,942022.22,35700.18,0,62421460.39,1831.37,748.82,62418880.2,531145391.96,350739749.7,170607764.2,9797878.06,1593779.88,31.76,178170.96,1275823.35,113829.19,25924.62,15657361.53,14978.04,15642383.49,47679126.68,665.28,198779.75,47474150.89,1,0,5529.76,0,0,0,0,0,0,355441.32,0,0,0,0,355441.32,0,0,84545.38,0,0,0,84531.46,0,13.92,0,0,1121.1,1121.1,0,0,0,0,2.01,2.01,0,0,0,5.01,0,3.01,2,0,0,0,0,89067960.44,89067960.44,1017719277.0799999,1151336946.77,,,,,,202408,2024-08-01,confaz_boletim_tributos_estaduais,planilha1,confaz_boletim_tributos_estaduais_20260330.xls,20260330,unmapped
8,ES,202408,2024,8,87852272.79,21742558.2,73148524.51,99653966.91,282397322.41,9185810.26,25712.83,11098.44,9222621.53,182831.2,0,182831.2,0,3030413.79,0,0,0,3030413.79,0,203990763.38,26592897.96,61255506.65,0,537551.69,2413915.91,179529.33,1971954.39,0,350874.09,0,23476784.39,3566298.52,8792434.38,28670276.86,0,13841012.03,1473431.5,2499329.8,3212459.03,18257245.4,0,2299645.68,2028811.23,2570804.54,0,0,2248213.29,0,0,2248213.29,0,4130459.79,300426.04,1953373.86,1876659.89,779658466.55,75472593.08,503204973.04,200980900.43,142245084.12,70752580.94,0,0,71330122.46,162380.72,13197094.13,12829970.47,367123.66,513375.61,43166.59,119558.13,42512.24,0,308138.65,0,1470954.98,1470954.98,0,0,0,0,120692.04,0,16822.92,0,0,68254.57,0,35614.55,2935244.29,1361998.46,0,0,481192.19,56522.59,1035531.05,0,0,0,0,98.93,0,98.93,0,0,0,0,0,0,496069.35,55779.21,321218.98,119071.16,262.27,262.27,0,0,655418484.48,655418484.48,1809638508.1999998,2092035830.61,,,,,,202408,2024-08-01,confaz_boletim_tributos_estaduais,planilha1,confaz_boletim_tributos_estaduais_20260330.xls,20260330,unmapped
9,GO,202408,2024,8,209516918.41,64351285.35,172068220.29,344819033.96,790755458.01,44233778.58,23292453.52,1085016.67,68611248.77,41042665.9,36066867.15,4931032.26,44766.49,15460627.17,0,5168,5101939.26,10151407.58,202112.33,807181092.94,143979586.74,111584825.59,616047.02,1632482.93,6957278.72,1576152.39,1220492.62,31064032.95,1015506.51,276993622.65,52952882.65,21577127.95,18912489,27739839.73,2137658.71,20973573.32,2379269.19,1799726.77,11299168.53,52481849.59,2205710.58,10912408.55,3070692.25,2098668,138023963.29,138023963.29,3294662.49,1376475.16,58829.64,1859357.69,0,4703687.27,826645.7,1524848.62,2352192.95,1263631398.58,135184009.73,766395842.78,362051546.07,71253224.43,64573384.6,33408.29,238959.12,5586109.91,821362.51,20671396.43,17845599.38,2825797.05,58466040.37,122869.09,635129.85,141836.58,57159623.24,262131.66,144449.95,90471.53,80190.65,10274.51,6.37,234705.32,234705.32,1897317.44,14147.28,198497.82,693959.63,10967.82,470029.09,365476.63,144239.17,7021460.57,835191.63,54342.78,80560.17,963918.53,60402.19,5027045.27,7921.98,7921.98,69973.58,69973.58,21989.16,19484,565.49,1939.67,718791.48,76230.12,2537.9,0,640023.46,1001882.45,211784.17,524818.13,265280.15,649.69,649.69,0,0,102083606.31,102083606.31,2536877528.3799996,3327632986.3899994,,,,,,202408,2024-08-01,confaz_boletim_tributos_estaduais,planilha1,confaz_boletim_tributos_estaduais_20260330.xls,20260330,unmapped
10,MA,202408,2024,8,45315585.61,5909123.02,27716428.64,42782810.48,121723947.75,16107220.36,15465059.44,13365.99,31585645.79,7450740,6901510.64,498606.25,50623.11,13811774.23,0,4874962.11,6102684.56,2832970.94,1156.62,254942372.78,12014214.48,102605227,25077.41,356111.81,893949.11,651065.5,595209.16,5166479.26,244955.98,15014423.35,38054642.17,923245.32,4471851.88,15587615.05,13035568.71,1027565.36,3214472.45,357934.68,1943534.32,32725447.52,2846381.21,1610708.36,1059683.73,517008.96,119203627.4,119203627.4,408714.03,16250.72,4572.71,387890.6,0,4936316.02,2342440.93,1768343.08,825532.01,671916219.77,41275270.67,436441423.1,194199526,37062619.24,32715326.61,2003061.88,35024.18,2147348.76,161857.81,5965628.09,5517520.7,448107.39,28489072.22,13675.24,136615.38,65657.2,28050872.64,194184.38,28067.38,138559.26,136125.83,158.27,2275.16,83893.65,83893.65,11778592.37,3562.03,14052.23,620223.62,756.08,39693.6,11027116.05,73188.76,2023123.47,938170.76,18186.57,28435.07,640722.53,53258.56,344349.98,4353.67,4353.67,52250.47,52250.47,81583.55,79569.76,2012.66,1.13,185788.05,15175.42,0,0,170612.63,694500.53,70547.38,324260.91,299692.24,114.8,114.8,0,0,48644009.24,48644009.24,1207873852.8399997,1329597800.5899997,,,,,,202408,2024-08-01,confaz_boletim_tributos_estaduais,planilha1,confaz_boletim_tributos_estaduais_20260330.xls,20260330,unmapped
11,MT,202408,2024,8,116533783.7,23577805.93,17412399.14,190695365.2,348219353.97,22311569.67,11582450.83,634322.44,34528342.94,71814204,71319929.85,344385.73,149888.42,9199660.82,0,22656.99,3087563.51,6058119.95,31320.37,557369086.26,137318432.7,125528223,26623.92,1136385.61,949724.23,1941190.36,5489427.41,1308429.08,196982.2,101093109.2,47336636.88,498495.22,19510855.37,39243592.81,5580117.29,8292375.93,2554037.98,9517111.35,6767465.97,36632970.4,1758196.42,2045775.56,1823280.81,819646.56,109996055.5,109996055.5,669170.79,56629.68,38875.57,571530.27,2135.27,2889359.75,1954467.9,479897.93,454993.92,1114433848.3,109312501.2,645751482.3,359369864.8,85977514.01,70721392.19,75202.35,146103.57,8892389.29,6142426.61,8064457.42,7681336.55,383120.87,20587978.67,30722.2,290629.26,50751,19973980.4,74303.49,167592.32,424598.57,403145.06,2664,18789.51,46934.57,46934.57,2184371.84,1782.25,146398.87,334176.45,308340.85,201283.2,1144192,48198.22,2924948.49,1229997.27,42,85111.46,1002539.37,32903.33,574355.06,19451989.36,19451989.36,156294.2,156294.2,174128.47,171672.08,2186.73,269.66,41025.72,8238.88,0,0,32786.84,667427.32,275324.39,184357.67,207745.26,5241.67,5241.67,0,0,0,0,2007078295.7299998,2355297649.7,RO,Rondonia,North,TRUE,TRUE,202408,2024-08-01,confaz_boletim_tributos_estaduais,planilha1,confaz_boletim_tributos_estaduais_20260330.xls,20260330,mapped
12,MS,202408,2024,8,31986399.91,42912846.92,2833375.68,105737603.24,183470225.75,6366978.66,1833473.12,0,8200451.78,23123579.27,21235432.78,1724153.38,163993.11,10409523.64,0,0,5479580.31,4549340.28,380603.05,619230337.97,85832318.76,64848317.53,3329117.61,3525714.42,2412036.97,1931183.77,2094765.81,13608101.82,307598.04,350744565.49,14020738.55,3234752.79,7181963.02,13796615.94,5205090.41,7185680.65,1879535.92,5765801.32,736019.39,25986902.56,1073439.66,872983.2,1597499.69,2059594.65,182278934.21,182278934.21,2008112,432213.16,755622.88,811634.71,8641.25,2005312.17,661684.19,663506.22,680121.76,474999078.6,59486993.02,270342472.85,145169612.73,57603436.63,53857765.38,780.9,21681.83,3488862.84,234345.68,5488893.46,5096328.39,392565.07,19160096.59,48224.39,73162.96,70190.83,18806672.67,135715.92,26129.82,739543.39,537064.65,0,202478.74,192968.72,192968.72,1235773.69,1440.19,1326.38,298050.23,24376.99,66451.76,788325.87,55802.27,3228091.72,1227029.98,2314.73,103834.68,389607.28,53744.35,1451560.7,4099857.51,4099857.51,50115.44,50115.44,23995.57,23941.42,54.15,0,141254.9,39763.03,175.92,0,101315.95,437112.68,102699.3,252754.41,81658.97,9.06,9.06,0,0,36089551.48,36089551.48,1442545578.7000005,1626015804.4500005,AC,Acre,North,TRUE,TRUE,202408,2024-08-01,confaz_boletim_tributos_estaduais,planilha1,confaz_boletim_tributos_estaduais_20260330.xls,20260330,mapped
13,MG,202408,2024,8,322653388.2,175969892.51,223166587.57,794596846.3,1516386714.58,61143132.37,30694615.27,1916664.06,93754411.7,30909051.01,20467983.42,10204124.31,236943.28,144885683.73,217.01,6743800.95,124145295.94,11774630.63,2221739.2,3416458916.49,276911539.82,231095770.28,123400503.17,11230961.81,22497875.03,12705769.43,7713351.74,37367123.34,4151324.9,1426857220.27,197958538.35,50017201.94,71189902.5,163174007.39,158066983.82,98979551.78,28321500.06,51449726.26,61943033.93,307232178.67,15535488.73,28669778.96,18785189.07,11204395.24,525540835.99,525540835.99,6638418.2,54189.36,46805.77,6537423.07,0,10239573.53,1622195.04,2370800.95,6246577.54,2337359295.86,168732388.28,1548316046.78,620310860.8,127459114.19,113058754.95,209829.41,160442.28,13617488.54,412599.01,58917153.02,56810463.28,2106689.74,166124721.98,481551.32,784110.8,782588.62,161681444.16,1679316.93,715710.15,7978140.27,7248168.33,759.59,729212.35,117119.75,117119.75,20015577.8,1570.05,2102019.67,2216820.04,714726.51,438942.33,14039900.93,501598.27,17230991.54,5669299.76,222577.01,42843.98,3579567.71,856660.25,6860042.83,34366.21,34366.21,1017075.82,1017075.82,612371.92,601710.05,8816.01,1845.86,869748.2,105208.65,105173.51,105.55,659260.49,2572549.13,613778.7,1446727.48,512042.95,2494.57,2494.57,0,0,225636735.41,225636735.41,7100619934.619999,8617006649.199999,AM,Amazonas,North,TRUE,TRUE,202408,2024-08-01,confaz_boletim_tributos_estaduais,planilha1,confaz_boletim_tributos_estaduais_20260330.xls,20260330,mapped
14,PR,202408,2024,8,197029613.73,120612146,7470048.16,0,325111807.89,23574052.35,2934593.93,751910.65,27260556.93,5029504.73,3878511.09,1107625.66,43367.98,47461282.89,0,10585390.98,1969.83,36658749.54,215172.54,937678340.94,98796925.03,50637217.25,6820962.13,9171741.37,17713199.08,2756268.63,45000101.15,86022418.83,5692104.83,62127370.96,85254394.12,20814556.81,56912212.46,48509217.12,18007000.33,36011938.81,13668574.27,28943919.44,60423582.26,135500052.11,3133848.84,25414628.36,17412650.28,2933456.47,290535125.12,290535125.12,3080782.62,171388.07,216.99,2909177.56,0,9361549.18,540359.68,3863656.38,4957533.12,3057057484.02,352731337.21,2247683934.49,456642212.32,147449747.57,105965436.67,1207826.23,2627035.23,12695440.67,24954008.77,24068007.16,22598576.44,1469430.72,89381165.2,1524899.27,3765.75,104313.44,86587360.39,1153434.45,7391.9,39951.65,33276.72,2304.03,4370.9,58287.27,58287.27,1572107.25,419.54,26210.99,717438.49,739131.69,65270.69,21780.28,1855.57,2990406.49,112910.67,6293.64,7628.19,2724646.35,9921.21,129006.43,18981.51,18981.51,34482.66,34482.66,57001.81,55865.52,88.31,1047.98,11764.44,1173.91,34.41,0,10556.12,479041.85,168105.96,286374.64,24561.25,580.79,580.79,0,0,5519686.04,5519686.04,4621885281.19,4946997089.08,RR,Roraima,North,TRUE,TRUE,202408,2024-08-01,confaz_boletim_tributos_estaduais,planilha1,confaz_boletim_tributos_estaduais_20260330.xls,20260330,mapped
15,PB,202408,2024,8,61839476.68,5239065.17,2878339.35,6840820.74,76797701.94,5227762.23,3724243.41,0,8952005.64,1234576.6,1174104.52,11513.33,48958.75,3322703.06,163814.16,114320.59,33581.47,3008410.76,2576.08,174724725.23,19760490.12,32717063.89,2160.97,3948803.74,1847800.41,1512750.25,410949.18,693691.99,579620.69,52640283.2,4439332.31,978285.87,5406853.15,15421733.72,1001603.33,4567468.81,1166866.54,684070.46,937544.82,21366172.29,1277474.37,2081508.83,1154924.4,127271.89,54213453.73,54213453.73,56999.21,37403.13,0,19596.08,0,620283.22,120661.76,219690.56,279930.9,533851930.64,35870530.81,290699448.76,207281951.07,18048119.31,16951599.31,102284.55,72205.95,840283.92,81745.58,6930319.33,6883973.87,46345.46,18788511.23,95449.88,2.26,55002.11,18606682.95,30387.85,986.18,90911.92,90871.83,0,40.09,5020.72,5020.72,101616.91,552.85,16159.48,3154.06,0,60357.52,18273.32,3119.68,972893.38,22561.65,10356.71,4867.81,747733.63,625.85,186747.73,0,0,68069.86,68069.86,70263.54,66662.52,44.32,3556.7,536.12,2,0,0,534.12,40120.98,699.75,24365.65,15055.58,6.82,6.82,0,0,82.21,82.21,813141144.02,889938845.96,PA,Para,North,TRUE,TRUE,202408,2024-08-01,confaz_boletim_tributos_estaduais,planilha1,confaz_boletim_tributos_estaduais_20260330.xls,20260330,mapped
16,PA,202408,2024,8,128548775.2,7285042.17,274439825.8,363134553,773408196.17,14252827.34,3583526.18,542351.45,18378704.97,7025109.08,4010231.76,2909128.67,105748.65,115981465.52,0,0,109781830.4,3345369.29,2854265.83,601956562.3,44812245.4,155343653.5,780735,319812.13,907215.31,1600447.23,7798902.93,1490553.14,230812.15,215516613.3,23135012.41,896324.38,13816863.92,21901241.46,35044874.21,3050448.16,2108202.23,4397611.71,21326885.09,38386656.47,3581597.56,1735083.05,691368.01,3083403.55,225004984.5,225004984.5,978410.56,58762.08,2904.84,916743.64,0,4231568.32,650781.75,2330535.48,1250251.09,777839477.07,63477470.57,515273517.7,199088488.8,76441734.77,53411026,18405473.12,111574.45,3976383.74,537277.46,13136072.84,12787262.87,348809.97,38214483.37,12425.87,339499.03,19628.81,37711920.84,98532.07,32476.75,599447.98,593606.89,0,5841.09,59721.34,59721.34,2126428.74,4324.29,4695.33,373819.71,166069.7,45495.04,1472889.71,59134.96,5971306.19,2944292.23,40200.83,61116.91,2035365.53,120133.66,770197.03,153282.4,153282.4,29415.82,29415.82,388465.82,388452.49,0,13.33,187936.94,14582.35,0,40.8,173313.79,5675845.84,5176469.42,386854.15,112522.27,0,0,0,0,191196370.9,191196370.9,2067198090.2999997,2840606286.47,AP,Amapa,North,TRUE,TRUE,202408,2024-08-01,confaz_boletim_tributos_estaduais,planilha1,confaz_boletim_tributos_estaduais_20260330.xls,20260330,mapped
17,PE,202408,2024,8,98260204.13,23612084.2,19388046.89,27967139.66,169227474.88,11909222.89,2054051.39,1838838.85,15802113.13,1786400.79,1482497.25,65017.46,238886.08,14157574.45,0,8720381.97,362.25,5415421.69,21408.54,580006761.03,79047250.97,78227526.89,8746.42,4158602.74,7532085.33,985582.93,2427385.48,10697181.24,1002849.75,103903085.62,51796074.12,12042498.27,29532763.89,28848921.82,11548157.78,13976690.99,6691977.64,13628536.94,10121515.12,94605466.77,7308889.36,5447536.89,2658185.62,3809248.45,160166669.31,160166669.31,1138442.43,215003.32,25322.31,898116.8,0,94678.84,55118.77,6206.97,33353.1,1349530552.59,94301531.77,878950283.57,376278737.25,56875489.64,45061186.28,1980736.3,296673.02,9252767.21,284126.83,20949557.64,19115699.91,1833857.73,40732279.8,76566.44,604744.88,382721.57,39337661.2,282606.81,47978.9,1016696.49,931537.55,14.51,85144.43,29620.34,29620.34,3256052.89,910.72,73354.79,67080.51,495082.3,116608.72,2312292.28,190723.57,4048520.61,1472435.15,48728.15,393939.36,2007227.21,92278.01,33912.73,32556.31,32556.31,246023.7,246023.7,459632.23,445441.21,3406.19,10784.83,194144.23,22882.16,4191.67,1.26,167069.14,1876816.87,188869.62,1469765.41,218181.84,299.68,299.68,0,0,99058070.38,99058070.38,2335656840.2499995,2504884315.1299996,TO,Tocantins,North,TRUE,TRUE,202408,2024-08-01,confaz_boletim_tributos_estaduais,planilha1,confaz_boletim_tributos_estaduais_20260330.xls,20260330,mapped
18,PI,202408,2024,8,14391515.71,3130569.52,26317072.53,5785301.52,49624459.28,1125706.06,358372.86,0,1484078.92,8714314.9,8572157.75,101822.08,40335.07,3608204.26,0,38382.22,1450666.39,2119155.65,0,211576003.58,10397928.27,54099718.29,5582.9,32389.23,700036.38,225672.43,52104.47,86062.48,52847.45,101872223.6,10419684.94,482312.4,3507954.65,5442292.63,186642.23,1090254.66,548190.49,702077.85,1262246.7,17047558.55,1150263.29,1339925.31,510112.85,361921.53,68259023.97,68259023.97,36291.99,0,0,36291.99,0,2619828.93,995623.87,1242667.16,381537.9,281342212.75,23495261.35,131485508.5,126361442.9,8825910.8,8086777.76,22316.16,11045.83,531354.73,174416.32,2924132.33,2688594.72,235537.61,14394463.91,7891.6,293051.68,31878.12,13865800.47,39337.59,156504.45,148399.52,147330.25,0,1069.27,230852.72,230852.72,1204433.7,27.48,4336.47,122704.53,0,95819.13,977649.5,3896.59,2394144.77,435353.82,273.79,50441.98,476952.55,39418.37,1391704.26,0,0,22491.63,22491.63,29465.3,27336.19,0,2129.11,78386.44,12949.58,0,0,65436.86,570249.15,32292.57,464718.15,73238.43,23.2,23.2,19637.94,19637.94,58652624.32,58652624.32,665651096.1100003,715275555.3900002,,,,,,202408,2024-08-01,confaz_boletim_tributos_estaduais,planilha1,confaz_boletim_tributos_estaduais_20260330.xls,20260330,unmapped
19,RJ,202408,2024,8,125696836.7,157828075.16,1661449.65,557362910.47,842549271.98,57752485.98,16588576.66,2854932.39,77195995.03,1339974.04,1171543.82,115385.54,53044.68,335503080.17,0,252796830.02,2390556.99,5195235.85,75120457.31,907246273.04,29329768.7,113803027.75,94425.14,3579047.4,13719335.33,3053363.47,591855.29,7891080.86,1289701.89,340242487.06,85784498.76,29948608.92,42624542.52,50432544.6,38165762.36,24920070.04,1497210.46,1440174.03,31652648.72,43487534.82,1859552.45,3611772.86,19752333.01,18474926.6,441432703.32,441432703.32,4039679.49,281025.45,13681.98,3739776.39,5195.67,10594264.2,381286.95,4368161.27,5844815.98,1163268359.6,37474783.72,696151038.05,429642537.83,258144603.49,169023913.72,15489413.5,6070987.2,67032430.83,527858.24,50460920.51,45934100.97,4526819.54,169681474.64,326382.64,945387.58,1153070,165151599.71,848661.93,1256372.78,553723.38,544058.6,2511.94,7152.84,159423.07,159423.07,15766201.98,705.78,1581363.67,9517394.66,2442261.74,555350.05,1527791.01,141335.07,14061715.19,7531675.88,255232.64,123662.31,2287550.16,626314.09,3237280.11,196705.45,196705.45,503088.08,503088.08,132071.49,106428.35,473.56,25169.58,1964464.63,73047.86,111936.03,382.26,1779098.48,3046975.13,155084.19,2126350.9,765540.04,194.75,194.75,0,0,884281113.5,884281113.5,4262377009.1499996,5104926281.129999,,,,,,202408,2024-08-01,confaz_boletim_tributos_estaduais,planilha1,confaz_boletim_tributos_estaduais_20260330.xls,20260330,unmapped
20,RN,202408,2024,8,58199155.58,2335266.93,0,0,60534422.51,0,0,0,0,3120650.86,1566633.67,31479.7,1522537.49,28290639.29,0,10669644.46,118881.78,16872013.9,630099.15,202729380.91,16208605.33,27502404.82,0,1293612.01,3824187.09,58298.46,189951.94,541323.84,246622.04,113716765.99,4574247.14,426291.45,4016684.92,6042014.57,183697.07,1751268.47,782032.44,3786336.65,881591.95,12872320.37,970615,1207386.24,666912.99,986210.13,65617522.72,65617522.72,594778.68,25875.89,1.09,568901.7,0,6010345.69,803921.56,4229353.11,977071.02,335884201.3,28303594.5,173690727.48,133889879.32,8527642.49,6983162.66,967017.52,11933.61,486522.89,79005.81,9299349.61,8028199.77,1271149.84,15444685.93,15017.83,314902.47,8738.93,15018614.62,74438.76,12973.32,91919.06,87086.44,0,4832.62,158170.39,158170.39,2009620.01,3081.65,96962.4,324141.79,18443.83,66942.46,1443257.12,56790.76,1986849.79,698594.21,14065.08,12157.11,320755.15,149801.6,791476.64,22481.78,22481.78,73149.81,73149.81,77682.35,23145.61,632.96,53903.78,413692.82,56680.75,583.22,0,356428.85,815870.73,40748.25,646666.87,128455.61,134.83,134.83,0,0,31040376.55,31040376.55,712209145.5999999,772743568.1099999,,,,,,202408,2024-08-01,confaz_boletim_tributos_estaduais,planilha1,confaz_boletim_tributos_estaduais_20260330.xls,20260330,unmapped
21,RS,202408,2024,8,142701020,131497090.5,30198198.19,93527.73,304489836.42,90654331.68,7325465.18,1096375.48,99076172.34,31303691.46,29114492.92,2049450.96,139747.58,16098900.99,750573.17,0,6510.01,15104061.46,237756.35,2415133274.09,294775093,201865251.2,1962978.98,14386046.49,20284388.95,57908728.54,20304783.29,49436060.05,5205286.56,729022486.3,207535397.3,4568118.3,106134542,63119732.96,52813240.19,115737579.5,24409381.52,32456869.9,116137974,213013987.8,3464631.24,51238048.7,20202816.31,9149851.01,286052884.7,286052884.7,2403470.01,8020.21,302.63,2395147.17,0,2949983.73,410421.77,924850.02,1614711.94,1830623165.9,140331915.1,842231297.9,848059952.9,109493087.78,101304993.2,2058607.6,278232.27,5489029.35,362225.36,47579681.87,46430370.54,1149311.33,96784134.67,886345.77,775199.37,78572.32,94172667.58,200101.76,671247.87,31275.54,23558.13,23.47,7693.94,5935.47,5935.47,1819264.05,497.74,133667.87,884198.39,2900.14,57331.11,648500,92168.8,2603981.42,457973.7,348.64,147019.61,1228994.99,55576.93,714067.55,72647.35,72647.35,83062.32,83062.32,77170.07,76846.93,0,323.14,515049.07,7498.12,110.32,0,507440.63,1397160.75,299988.04,943231.09,153941.62,0,0,0,0,131582771.3,131582771.3,4976610592.54,5281100428.96,MA,Maranhao,Northeast,TRUE,TRUE,202408,2024-08-01,confaz_boletim_tributos_estaduais,planilha1,confaz_boletim_tributos_estaduais_20260330.xls,20260330,mapped
22,RO,202408,2024,8,50416101.74,6764750.71,149223.26,73342071.55,130672147.26,17901892.09,2342393.61,0,20244285.7,1393575.25,1302224.55,87476.51,3874.19,14183790.33,0,10840583.37,1849308.05,1493898.91,0,143222924.6,26492375.04,38116914.15,0,40488.25,231829.96,3187866.01,730960.36,198850.33,167013.94,37444167.53,8003494.51,277216.36,1602406.66,8944263.32,2609469.33,2200061.92,302180.44,80654.4,233325.25,9318651.01,920282.92,950501.54,839586.86,330364.51,56218379.48,56218379.48,224051.62,60772.21,310.43,162833.26,135.72,1306078.86,292656.26,396978.58,616444.02,376848354.98,44442613.38,198365397.5,134040344.1,7619752.62,3606065.74,2220160.86,16220.89,1716897.46,60407.67,2590541.31,2310896.61,279644.7,11571742.42,13098.57,169562.44,28779.28,11326242.94,19416.22,14642.97,324280.91,50400.96,85045.68,188834.27,36555.15,36555.15,589984.99,484.76,135272.87,93893.27,3356.87,86928.54,247291.18,22757.5,2132750.62,520919.21,5983.42,9647.7,206005.78,550680.71,839513.8,0,0,66190.34,66190.34,103379.76,103379.76,0,0,94139.54,21892.04,0,0,72247.5,429067.95,41355.48,231815.51,155896.96,197.04,197.04,0,0,85082790.13,85082790.13,704038527.8999999,834710675.1599998,PI,Piaui,Northeast,TRUE,TRUE,202408,2024-08-01,confaz_boletim_tributos_estaduais,planilha1,confaz_boletim_tributos_estaduais_20260330.xls,20260330,mapped
23,RR,202408,2024,8,11190023.58,408859.99,31036.5,55853429.33,67483349.4,538872.63,0,0,538872.63,216196.27,199547.41,9945.54,6703.32,748480.61,0,0,0,748480.61,0,35987550.84,1479168.42,9540270.51,3452.32,5880.87,79717.41,611.91,278907.54,1310.81,137673.85,16718104.37,1052697.39,5070.37,663976.13,1689388.91,4614.09,37191.26,169189.81,24084.21,139929.83,3551540.12,92909.85,146413.42,69760.45,95686.99,18205469.57,18205469.57,5414.18,0,0,5414.18,0,299793.63,82952.06,73995.83,142845.74,76521851.19,7486123.73,36197765.99,32837961.47,1333447.11,858238.61,198.54,21324.88,403182.06,50503.02,988797.93,959761.87,29036.06,5088097.5,3753.61,66385.56,3237.38,5009040.12,3465.93,2214.9,150.44,0,0,150.44,145978.2,145978.2,160540.82,929.23,24435.46,4892.05,0,3971,110717.55,15595.53,392925,39277.53,3648.06,3132.14,133598.95,31620.09,181648.23,9194.46,9194.46,3673.11,3673.11,19242.73,19242.73,0,0,4481.75,881.12,0,0,3600.63,147990.86,11903.67,82229.7,53857.49,1.77,1.77,0,0,19089123.98,19089123.98,159368401.95000002,226851751.35000002,CE,Ceara,Northeast,TRUE,TRUE,202408,2024-08-01,confaz_boletim_tributos_estaduais,planilha1,confaz_boletim_tributos_estaduais_20260330.xls,20260330,mapped
24,SC,202408,2024,8,344819047.07,97190432.17,107423689.21,96061.52,549529229.97,62145800.44,1664300.56,2664916.97,66475017.97,10136257.36,3171314.16,6244255.74,720687.46,10602708.49,6479.76,0,31452.8,9264676.83,1300099.1,1378063055.81,107919292.75,151812878.18,4760946.26,60801829.47,68684707.67,3360268.68,20134114.61,30819527.47,4880656.39,393606631.99,57316744.05,4178621.36,71381530.68,54467832.34,23627576.3,51522147.03,8082758.46,37906972.74,68696256.31,109230143.79,8790560.9,18153004.77,12374533.35,5553520.26,201882814.19,201882814.19,3585946.32,27551.78,10776.82,3539383.83,8233.89,8898369.37,997462.18,2566084.5,5334822.69,1468463931.81,135286475.43,742125510.26,591051946.12,144092536.77,121992844.67,381108.49,411871.95,21014411.92,292299.74,38281512.62,36657889.05,1623623.57,83980201.13,3021671.22,776098.41,120729.45,77932519.29,1191962.15,937220.61,4818081.46,4765144.07,1.26,52936.13,1270233.56,1270233.56,18551241.27,159.21,7746447.29,2032338.09,38642.28,530656,7849073.14,353925.26,9023433.77,2998418.96,64107.94,110322.95,1469582.4,196743.94,4184257.58,16170464.81,16170464.81,409140.55,409140.55,155704.68,56212.58,1044.52,98447.58,3213361.58,63599.81,275993.55,0,2873768.22,2335966.98,154390.07,1530389.1,651187.81,3651.74,3651.74,0,0,55282577.63,55282577.63,3459221191.899999,4008750421.869999,RN,Rio Grande do Norte,Northeast,TRUE,TRUE,202408,2024-08-01,confaz_boletim_tributos_estaduais,planilha1,confaz_boletim_tributos_estaduais_20260330.xls,20260330,mapped
25,SP,202408,2024,8,1021937375.45,541307621.9,1048603923.83,0,2611848921.18,166408168.28,120611773.98,18591015.03,305610957.29,75606859.39,73836268.64,1742694.43,27896.32,58687223.27,27.6,6002745.32,373855.21,43095300.4,9215294.74,8882033571.18,714854796.46,429209325.36,6533919.86,96625938.65,55962363.49,12553306.1,19975588.43,275212991.92,33731669.83,2090452170.32,1257578918.06,353894835.68,540433639.63,268711611.51,281857137.87,315904180.57,193821154.11,271373678.05,402172750.02,1019696055.78,34569649.85,38234182.87,125403825.68,43269881.08,1009100513.76,1009100513.76,21626728.69,4879998.84,78166,16646619.72,21944.13,30624248.62,2708124.55,10427983.5,17488140.57,6384827474.13,464183998.63,4260385522.98,1660257952.52,750043728.33,508167102.6,3655600.76,12985168.61,142229383.78,83006472.58,128319054.22,121242419.41,7076634.81,635767611.08,9579400.01,2947100.55,994512.91,550514064.75,38334374.39,33398158.47,12253372.52,10420170.42,293565.18,1539636.92,35248532.8,35248532.8,97054346.81,2617.57,8623367.12,11798528.12,17712870.53,2874984.78,55845136.01,196842.68,99465758.48,26322087.72,617872.05,350636.66,11174809.38,2504223.52,58496129.15,147538.32,147538.32,1541873.78,1541873.78,1425514.24,1023686.58,14483.37,387344.29,6288727.82,1094515.66,655075.95,0,4539136.21,13994819,3861650.51,8792047.65,1341120.84,6669.45,6669.45,0,0,890486768.54,890486768.54,19134550934.430008,21746399855.61001,PB,Paraiba,Northeast,TRUE,TRUE,202408,2024-08-01,confaz_boletim_tributos_estaduais,planilha1,confaz_boletim_tributos_estaduais_20260330.xls,20260330,mapped
26,SE,202408,2024,8,36798266.47,2018194.94,1371097.62,3449807.85,43637366.88,5549154.18,547998.53,51264.82,6148417.53,675288.81,618634.03,34622.69,22032.09,24328657.56,0,18804913.03,0,5523744.53,0,136350770.24,12943275.17,22326028.61,86135.21,1376601.27,427672.01,402310.2,103241.13,244056.96,0,44915947.57,27416806.7,476831.93,2284187.83,8258058.06,351232.4,1659826.01,918710.49,650267.3,450775.22,9285227.31,556282.82,775882.23,441413.81,0,38021594.24,38021594.24,74810.43,41695.87,0,33114.56,0,0,0,0,0,214788871.02,21093983.32,96747210.99,96947676.71,6200067.22,5869968.59,5857.6,42650.74,281590.29,0,5539009.67,5539009.67,0,11653142.28,0,0,13051.8,11640090.48,0,0,0,0,0,0,0,0,0,0,0,0,0,0,0,0,389483.56,0,0,0,389483.56,0,0,0,0,0,0,0,0,0,0,0,0,0,0,0,0,0,0,0,0,0,0,0,29092973.93,29092973.93,467114668.9600001,510752035.8400001,PE,Pernambuco,Northeast,TRUE,TRUE,202408,2024-08-01,confaz_boletim_tributos_estaduais,planilha1,confaz_boletim_tributos_estaduais_20260330.xls,20260330,mapped
27,TO,202408,2024,8,28288802.45,8011059.41,4125968.55,476243.32,40902073.73,3666577.83,6148740.59,52026.01,9867344.43,7617061.05,5403120.96,2156543.22,57396.87,2647675.88,0,0,281114.31,2366561.57,0,233843054.73,19346386.51,44989893.33,13186.8,86009.27,165503.66,614980.21,24062.71,57281.99,72636.44,142165686.07,4560950.04,271096.61,2271782.54,7169065.76,186956.82,791573.17,277875,29639.67,360809.43,8362342.44,643642.58,420929.87,807999.31,152764.5,44551904.5,44551904.5,349391.46,320148.91,0,29242.55,0,504684.36,33211.99,98542.21,372930.16,187787996.82,26062305.5,95003356.51,66722334.81,9470758.74,7614608.61,17214.94,8900.3,1745672.33,84362.56,2423106.29,2252024.85,171081.44,9633320.33,28578.4,0,21310.03,9554140.16,21503.85,7787.89,25159.74,25159.74,0,0,86215.68,86215.68,772887.69,113.34,0,147556.44,163527.98,8280.89,442093.53,11315.51,250111.47,27713.23,0,994.56,208002.66,5538.87,7862.15,264,264,3880.58,3880.58,8948.8,8948.8,0,0,7177.66,0,0,0,7177.66,93340.76,2901.4,85676.38,4762.98,0,0,0,0,36197414.97,36197414.97,536274355.51,577176429.24,AL,Alagoas,Northeast,TRUE,TRUE,202408,2024-08-01,confaz_boletim_tributos_estaduais,planilha1,confaz_boletim_tributos_estaduais_20260330.xls,20260330,mapped
1,AC,202409,2024,9,11924541.08,2092850.41,5315842.77,0,19333234.26,1768580.93,0,0,1768580.93,1642551.49,1629731.2,2417.98,10402.31,136921.25,0,0,0,136921.25,0,39907350.76,4633159.49,12119431.74,9.16,8843.23,166041.76,31737.94,311381.7,972.49,78400.46,12046807.65,405691.85,112708.78,855226.09,1923658.93,7767.28,152098.49,121397.97,258316.77,37528.87,5980061.66,407307.31,97716.92,67392.69,83691.53,17038720.9,17038720.9,15160.27,11378.2,0,3782.07,0,1028823.75,590201.03,24677.21,413945.51,95243798.98,5256843.07,55009872.9,34977083.01,397422.99,211672.27,84033.01,30027.02,61614.66,10076.03,761338.9,720932.21,40406.69,5313931.64,79654.82,13394.12,2608.67,5149515.72,55751.11,13007.2,17924.96,13294.68,0,4630.28,1222.23,1222.23,301438.15,635.3,4011.15,102772.95,0,19954.17,119723.18,54341.4,497910.32,31474.84,6781.96,11582.64,242171.19,22329.04,183570.65,0,0,22180.19,22180.19,49177,49174.94,2.06,0,52483.81,5505.5,0,0,46978.31,189624.86,6336.83,112915.57,70372.46,14.77,14.77,0,0,14299149.42,14299149.42,176917146.64000002,196250380.9,,,,,,202409,2024-09-01,confaz_boletim_tributos_estaduais,planilha1,confaz_boletim_tributos_estaduais_20260330.xls,20260330,unmapped
2,AL,202409,2024,9,50269106.36,7229317.91,536290.81,13599644.18,71634359.26,4761195.12,123545.35,36657.55,4921398.02,1488648.36,1252598.34,186608.81,49441.21,7045255.72,0,1062552.48,748485.91,3374390.2,1859827.13,188765519.91,19460962.45,39178821.35,107200.95,254220.38,752211.07,146297.25,388828.71,1137208.31,187394.28,54035311.41,15576489.61,566112.22,13049983.84,6330741.91,1442000.65,2600322.57,2437133.82,2353126.52,3054481.27,20988890.45,1781011.91,1728736.08,703345.54,504687.36,69160323.44,69160323.44,438973.64,10715.71,2235.8,424045.11,1977.02,2873891.42,173029.01,2272074.82,428787.59,351819440.3,28170579.93,192605861.83,131042998.54,17486205.1,11632075.24,1464784.14,30166.76,1557708.08,2801470.88,9591274.43,7304583.64,2286690.79,14351405.53,60938.69,54850.47,66593.06,14053976.73,87560.41,27486.17,262622.67,244107.67,17721.9,793.1,142453.28,142453.28,1659248.05,5809.57,45608.13,384356.29,4772.54,94538.26,1089692.24,34471.02,1514609.34,342377.84,5766.37,61129.92,332544.24,68263.85,704527.12,1973.89,1973.89,80782.42,80782.42,167632.42,166550.39,432.22,649.81,78140.89,21054.14,107.26,0,56979.49,385023.57,18613.66,264158.98,102250.93,456.36,456.36,0,0,500153.41,500153.41,667814034.1499997,739448393.4099997,,,,,,202409,2024-09-01,confaz_boletim_tributos_estaduais,planilha1,confaz_boletim_tributos_estaduais_20260330.xls,20260330,unmapped
3,AP,202409,2024,9,9324156.51,383116.88,5395272.6,65707124.03,80809670.02,630198.72,0,0,630198.72,46561.79,40017.41,5495.12,1049.26,82476.92,0,0,17268.97,65207.95,0,28099050.18,1313868.5,9875232.06,28066.5,729.9,31970.88,1159.54,247642.61,398946.4,10096.1,5017952.45,837790.93,49077.59,1081837.64,1748800.67,104215.38,179754.58,576369.86,1391031.19,157789.35,4850652.42,100698.18,33295.01,39532.97,22539.47,10229613.01,10229613.01,407330.7,367323.53,0,40007.17,0,230424.41,168552.59,29268.7,32603.12,76113992.86,5695816.04,51632142.02,18786034.8,1040726.09,417215.56,511838.26,1737.08,107420.07,2515.12,207003.71,200322.67,6681.04,6240053.91,5.4,85115.49,8686.37,6142139.12,3828.53,279,284.34,284.34,0,0,2980.27,2980.27,228361.01,1099.53,0,166473.18,0,1500.42,56908.28,2379.6,154181.16,1021.36,1286.46,156.8,119709.3,609.59,31397.65,0,0,1708.88,1708.88,38098.06,38098.06,0,0,2081.08,5.22,0,0,2075.86,44650.7,10505.55,24119.19,10025.96,0,0,0,0,14473749.43,14473749.43,137643328.51,218452998.52999997,,,,,,202409,2024-09-01,confaz_boletim_tributos_estaduais,planilha1,confaz_boletim_tributos_estaduais_20260330.xls,20260330,unmapped
4,AM,202409,2024,9,78295008.21,3051867.72,28396651.37,115019904.1,224763431.4,3868337.25,3255319.98,707.07,7124364.3,69179.86,46237.5,14311.79,8630.57,63763906.99,0,61409926.05,2152366.8,201614.14,0,858527130.09,9176147.08,65908136.23,0,538002.2,315839.81,64506.13,845318.73,3414806.96,272062.8,180258718,16396055.54,1730367.64,28717766.6,5242589.96,4242183.81,18100894.9,333975805.9,17913014.31,14787772.46,28290728.2,123162036.5,1039998.51,3714850.23,419527.59,74972875.12,74972875.12,1875483.3,1168085.03,231.23,707167.04,0,471420.91,0,62136.02,409284.89,479899800.17,32524292.77,252299370.2,195076137.2,78496714.55,59557548.11,11395081.08,196605.86,7313718.25,33761.25,7503152.8,7502703.07,449.73,29245622.93,55260.9,2786.3,34838.56,28997195.83,154915.35,625.99,0,0,0,0,0,0,6.09,0,0,0,0,5.04,1.05,0,1969029.8,0,0,20489.88,1947720.74,0,819.18,0,0,0,0,4331.63,4331.63,0,0,19780.09,0,18112.34,0,1667.75,205006.75,364.84,204533.22,108.69,0,0,0,0,37140475.38,37140475.38,1634163916.46,1858927347.8600001,,,,,,202409,2024-09-01,confaz_boletim_tributos_estaduais,planilha1,confaz_boletim_tributos_estaduais_20260330.xls,20260330,unmapped
5,BA,202409,2024,9,203790928.76,20619351.43,133757022.54,344595052.73,702762355.46,39869627.27,0,0,39869627.27,15106473.14,13466467.08,1376098.99,263907.07,33353977.06,0,15912105.28,5369630.06,10171750.57,1900491.15,1455212756.3,120357969.6,230477930.3,54111.91,7102825.75,3515413.14,5003266.68,1013322.68,17488388.41,488928.38,496445473.4,240746457.5,6414966.32,72227619.97,56067701.53,19733522.17,15984970.44,4943502.21,12385940.74,9044785.41,118771428.3,4425264.91,6591688.72,3042341.24,2884936.59,280120080.3,280120080.3,4998636.85,3894121.83,1547.07,1099509.06,3458.89,877441.93,14236.87,182871.98,680333.08,768006170.69,89885498.99,678120671.7,0,47485320.43,35061865.49,1473726.28,277230.52,10088618.2,583879.94,32062890.81,27638096.06,4424794.75,65847217.41,203751.66,294610.31,199315.17,63462888.79,1187394.12,499257.36,159702.52,159702.52,0,0,0,0,0,0,0,0,0,0,0,0,0,0,0,0,0,0,0,0,0,0,0,0,0,0,0,0,0,0,0,0,0,0,0,0,0,0,0,0,97745465.29,97745465.29,2800976132.7299995,3503738488.1899996,,,,,,202409,2024-09-01,confaz_boletim_tributos_estaduais,planilha1,confaz_boletim_tributos_estaduais_20260330.xls,20260330,unmapped
6,CE,202409,2024,9,47746406.1,9760795.69,1473830.69,278046.48,59259078.96,7778783.69,6655547.09,911385.97,15345716.75,2783465.9,1542891.84,84388.47,1156185.59,8681858.59,0,2618596.84,1441.98,6061819.77,0,546536089.01,65077800.96,110208851.45,112503.18,10018745.71,16207948.16,20866987.78,1111380.6,7146262.44,1011869.02,158180271.87,25923173.67,4091592.31,14922978.79,28564027.45,5241539.07,11056318.3,4694192.92,4051579.39,4041340.26,42103853.61,3508405.93,5442904.15,2862278.62,89283.37,173694648.27,173694648.27,916366.94,86456.09,441413.33,388497.52,0,3166274.1,1901853.92,731335,533085.18,777319477.5,70430533.59,463374928.5,243514015.41,33585255.56,25332440.2,4823507.48,223670.27,2902234.48,303403.13,19378811.98,17912371.13,1466440.85,40565512.82,342019.05,1.79,620650.88,39600054.71,2088.78,697.61,467040.22,213780.22,253260,0,87675.57,87675.57,185873.32,3669.61,191.65,156927.38,0,3966.06,20621.24,497.38,2599911.16,594570.6,12855.56,279.03,1649670.53,13571.67,328963.77,10933865.22,10933865.22,65035.57,65035.57,560227,546635.71,0,13591.29,38822.83,2538.88,0,0,36283.95,134487.4,7709.44,7281.67,119496.29,0,0,0,0,42458415.36,42458415.36,1664159114.3199997,1723418193.2799997,,,,,,202409,2024-09-01,confaz_boletim_tributos_estaduais,planilha1,confaz_boletim_tributos_estaduais_20260330.xls,20260330,unmapped
7,DF,202409,2024,9,66729145.52,23511412.41,12909077.64,3008936.39,106158571.96,12874149.68,9732866.41,435691.44,23042707.53,2162868.82,2132131.4,27440.1,3297.32,160351.7,0,0,3606.85,156744.85,0,197587278.34,16042416.27,44705297.57,250532.42,327359.05,561192.1,30931.03,274082.7,253852.61,119948.28,34037643.41,4226774.03,4179752.85,4155938.65,12707099.74,826961.21,4724750.38,5138539.75,3260928.4,2820392.25,54690040.35,1246776.29,1262320.51,1743485.87,262.62,81384971.05,81384971.05,985727.59,41044.03,1798.43,942885.13,0,13638.49,10696.55,2696,245.94,587081274.2,57401444,376886928.7,152792901.5,11672510.57,9898966.97,157.63,168160.27,1472420.62,132805.08,15775486.71,15750023.23,25463.48,43496289.75,15319.19,1916.8,426720.02,43052332.74,0,1,0,0,0,0,0,0,5126.77,0,0,0,0,5126.77,0,0,432846.34,0,0,0,359377.58,0,73468.76,0,0,6.18,6.18,0,0,0,0,2.23,2.23,0,0,0,1396.84,0,1394.59,2.25,0,0,0,0,91189382.71,91189382.71,1031949158.2900002,1138107730.2500002,,,,,,202409,2024-09-01,confaz_boletim_tributos_estaduais,planilha1,confaz_boletim_tributos_estaduais_20260330.xls,20260330,unmapped
8,ES,202409,2024,9,92287804.91,16426953.79,135468637.86,116202319.06,360385715.62,9166664.73,44696.56,54774.31,9266135.6,2829530.89,2440909.42,378226.1,10395.37,232410212.65,0,228359578.12,1184897.78,2465236.7,400500.05,367976032.99,28282561.93,61078517.41,0,530635.03,2444229.49,199794.74,1685783.86,3027153.64,842592.7,76152782.29,24397533.35,4677819.29,10330974.08,30470454.17,74523888.42,13849067.55,1255147.23,3224243.04,3020717.66,18662301.51,2012743.46,2488760.89,2662858.6,2155472.65,120174062.21,120174062.21,2869549.6,95260.94,23174.75,2751113.91,0,3100329.58,538196.63,1093374.45,1468758.5,757466271.88,78437041.47,483695199.21,195334031.2,141690995.21,58657897.88,4990449.72,8289.42,77914218.45,120139.74,13259541.17,12870842.86,388698.31,30241662.87,41769,43912.44,35159.29,29007717.62,507641.33,605463.19,1614606.91,1614606.91,0,0,22633.88,22633.88,3227803.25,0,11150.22,1709385.99,0,69654.85,1398327.7,39284.49,2641467.66,1232834.62,7991.83,9836.35,445252.3,52704.78,892847.78,0,0,104354.16,104354.16,82054.47,81951.45,103.02,0,113842.82,12422.8,0,0,101420.02,608393.34,161267.75,303935.05,143190.54,269.61,269.61,0,0,124233122.81,124233122.81,1804666737.9600003,2165052453.5800004,,,,,,202409,2024-09-01,confaz_boletim_tributos_estaduais,planilha1,confaz_boletim_tributos_estaduais_20260330.xls,20260330,unmapped
9,GO,202409,2024,9,390067954.2,73005866.96,222208471.26,440704700.3,1125986992.72,23304810.75,20611718.67,701002.8,44617532.22,40555994.59,34704997.85,5811687.41,39309.33,15844325.45,4260,7752,7277440.72,8080758.28,474114.45,765207206.87,152688250.4,121163088.27,523589.76,1644153.9,6941398.99,3077993.94,1571222.94,6400572.49,1129722.7,256201437.72,51589354.42,20385740.12,20357960.36,23160063.81,2731695.84,13697910.31,2193085.99,2709873.84,10102408.18,53255869.89,2422108.31,4666715.11,3630623.5,2962366.08,142865758.24,142865758.24,3554142.77,1498123.2,94262.79,1958719.08,3037.7,4386665.51,816477.63,1388029.14,2182158.74,1240156651.36,129885270.1,758058413.67,352212967.59,68799886.15,61464697.69,6408.38,172974.87,6183073.25,972731.96,18391313.96,16139906.85,2251407.11,56068466.17,93208.18,207207.16,67685.76,55394880.4,189044.15,116440.52,162771.28,145661.74,10490.82,6618.72,256928.83,256928.83,2106609.54,15463.34,293914.09,777180.11,17945.82,770077,102781.02,129248.16,9365463.57,811069.65,73878.41,61045.21,1000886.31,60924.56,7357659.43,7967.07,7967.07,105916.36,105916.36,353240.84,351263.54,387.74,1589.56,663286.58,47040.47,1745.35,0,614500.76,936707.59,189955.54,494648.14,252103.91,533.33,533.33,0,0,98859202.46,98859202.46,2468649038.520001,3594636031.2400007,,,,,,202409,2024-09-01,confaz_boletim_tributos_estaduais,planilha1,confaz_boletim_tributos_estaduais_20260330.xls,20260330,unmapped
10,MA,202409,2024,9,35789676.01,7680481.56,25365294.45,39996059.98,108831512,6968438.67,25668244.03,15471.67,32652154.37,8956418.69,8256465.1,611238.45,88715.14,32223601.81,0,10100267.53,19798227.88,2325106.4,0,260739876.94,13145810.93,108367298.1,1053.2,245515.25,851386.45,452995.58,702815.04,3978384.34,234882.82,4295958.65,43806180.38,774616.31,5708693.34,14982822.68,16053079.82,1380907.83,1902203.21,496286.35,2237760.13,34147130.6,3331851.39,1845142.26,1187711.43,609390.85,120516624.8,120516624.8,361986.84,44894,8119.64,308973.2,0,4211545.07,1493681.13,2045115.86,672748.08,715897731,40688786.1,473167056.9,202041888,23623485.88,19492251.59,1693859.97,17406.53,2196076.16,223891.63,5307436.55,4977458.39,329978.16,29941288.44,10939.36,65856.11,47590.03,29540726.41,258939.17,17237.36,812564.6,810703.26,0,1861.34,69732.32,69732.32,7603003.36,4350.67,22834.87,486105.77,1518.84,48373.04,6972639.78,67180.39,3082864.08,1622292.6,42934.59,24872.74,790784.23,81701.83,520278.09,147,147,44419.57,44419.57,46218.78,44470.33,1748.45,0,207373.7,13907.93,0,0,193465.77,471481.06,70416.34,297496.87,103567.85,1223.14,1223.14,0,0,46559337.27,46559337.27,1260678360.8999999,1369509872.8999999,,,,,,202409,2024-09-01,confaz_boletim_tributos_estaduais,planilha1,confaz_boletim_tributos_estaduais_20260330.xls,20260330,unmapped
11,MT,202409,2024,9,95971383.11,20040012.25,16895558.35,182746661.2,315653614.91,10484758.03,9347886.96,405016.53,20237661.52,73466396.64,73143312.49,291974.19,31109.96,9004465.96,0,1958.08,3014390.37,5977968.87,10148.64,603057226.61,140986399,138174628.1,377622.26,1211928.58,1025791.44,1082937.08,5232295.4,1323126.35,303580.04,109146184.1,63298278.53,514919.91,19934606.45,41420081.25,5848177.8,7787043.02,2282198.01,8815426.44,6440404.89,41613210.4,1880786.43,2052758.97,1423408.63,881433.53,117410649.3,117410649.3,728885.13,52116.85,88263.66,587446.1,1058.52,2065424.14,1062125.31,491558.43,511740.4,1160439074.9,114130663.2,684645588.3,361662823.4,78758795.44,64416562.62,72852.4,166367.96,9582925.05,4520087.41,8269512.48,7843927.1,425585.38,20221049.33,40285.78,156065.4,64226.51,19515838.1,210309.64,234323.9,312920.58,221629.54,2411.36,88879.68,44251.36,44251.36,2623610.55,3304.42,96806.39,493374.84,492498.98,169174.27,1310995.47,57456.18,2848151.79,1266868.1,704.78,95557.87,849533.25,39044.48,596443.31,11348624.63,11348624.63,149783.5,149783.5,186368.48,183531.9,2565.06,271.52,129667.67,9362.04,260.31,0,120045.32,608955.55,307332.01,186350.49,115273.05,2591.74,2591.74,0,0,0,0,2091676405.78,2407330020.69,RO,Rondonia,North,TRUE,TRUE,202409,2024-09-01,confaz_boletim_tributos_estaduais,planilha1,confaz_boletim_tributos_estaduais_20260330.xls,20260330,mapped
12,MS,202409,2024,9,27140034.25,38743922.83,2433607.23,94819852.07,163137416.38,3136849.17,1647086.05,0,4783935.22,24610284.75,19963845.99,4460658.74,185780.02,10938306.8,0,0,4511300.49,5861446.42,565559.89,627249009.62,83125826.86,84268646.19,3506494.1,3838946.05,2045947.34,2534355.64,2381665.22,8496582.39,317244.78,344621626.19,14395194.09,2177424.36,7235328.85,12495024.03,5241435.83,7907197.37,2066789.99,6363913.16,772508.84,26897617.6,1222624.85,940769.66,1377788.95,3018057.28,203862244.71,203862244.71,1471882.69,357935.38,302067.99,811879.32,0,1720104.4,488713.41,689545.69,541845.3,460339856.81,58105347.47,257728089.33,144506420.01,59566683.6,55626290.41,288658.94,20440.06,3330929.3,300364.89,5729787.59,5278115.26,451672.33,19140600.11,52847.56,23033.66,24824.91,18915895.76,109820.52,14177.7,646845.72,500092.36,0,146753.36,161334.35,161334.35,1326183.52,8044.43,5705.06,407208.67,26206.97,137376.23,680938.85,60703.31,3370826.69,891058.21,12285.78,83870.73,327741.73,67716.89,1988153.35,2861021.67,2861021.67,58011.42,58011.42,25998.92,25060.12,938.8,0,92641.3,14570.38,90.54,0,77980.38,554378.57,179642.4,268026.92,106709.25,17.34,17.34,0,0,35714373.58,35714373.58,1459440394.1599996,1622577810.5399995,AC,Acre,North,TRUE,TRUE,202409,2024-09-01,confaz_boletim_tributos_estaduais,planilha1,confaz_boletim_tributos_estaduais_20260330.xls,20260330,mapped
13,MG,202409,2024,9,302320575.17,214200598.38,239183790.24,485362491.09,1241067454.88,70947305.42,31170253.01,3997409.88,106114968.31,39826685.26,27708087.15,11976027.28,142570.83,163468216.32,17.91,4714878.76,144735479.68,11815041.82,2202798.15,3405368555.76,280174867.43,243124541.55,106250843.62,11255150.08,23091440.33,12448920.84,11598425.95,36478818.24,4297425.95,1358979182.08,209293292.97,51350011.57,81641651.22,162858946.99,176328391.39,93897060.36,35173084.91,61194145.93,61361383.37,311909212.63,13777445.74,28909854.53,18946689.98,11027768.1,516096692.55,516096692.55,7106167.28,55463.92,58275.61,6992427.75,0,10091959.64,1440076.26,3486851.39,5165031.99,2382985485.73,161031424.43,1595540018.26,626414043.04,130880746.04,116341392.11,174695.36,172018.87,13898592.12,294047.58,58416229.44,56029687.01,2386542.43,169369693.35,522410.06,355914.33,603684.69,165309754.99,1508262.64,1069666.64,10845993.93,10074196.01,995.28,770802.64,144248.3,144248.3,17977053.36,1190.5,952945.24,1847822.19,1337355.19,453923.68,12921195.21,462621.35,13721023.36,5100658.99,347891.75,39650.08,3432204.65,242201.22,4558416.67,5800.01,5800.01,1067257,1067257,839951.67,831892.47,5150.21,2908.99,1202430.41,514040.09,93675.14,0,594715.18,2473976.11,458005,1471729.9,544241.21,2484.78,2484.78,0,0,209096947.95,209096947.95,7140987598.25,8382055053.13,AM,Amazonas,North,TRUE,TRUE,202409,2024-09-01,confaz_boletim_tributos_estaduais,planilha1,confaz_boletim_tributos_estaduais_20260330.xls,20260330,mapped
14,PR,202409,2024,9,181611386.15,135537221.04,7064192.29,0,324212799.48,61678178.22,2504349.87,1089705.12,65272233.21,6277381.98,5154371.28,1071074.69,51936.01,47262402.6,0,10501753.26,61680.42,36370211.72,328757.2,964481997.37,114766393.59,74667840.93,6168290.79,10551835.48,17137753.25,2759336.39,44761702.99,81724165.08,7126364.94,38562921.84,91001048.03,18445084.23,59347899.82,52717755.33,15919516.31,41493865.83,17777033.16,28142277.48,59806016.62,126940760.33,2576126.27,28307726.73,21753454.38,2026827.57,295208201.19,295208201.19,2124564.24,93844.47,209.68,2030510.09,0,6973722.23,1404772.56,2278739.92,3290209.75,2896649629.68,306026419.92,2158043826.04,432579383.72,143086419.47,108631155.97,1048413.4,3107197.01,13980391.02,16319262.07,24530672.13,23081922.47,1448749.66,94030788.83,1011112.63,7599.55,147180.96,91918564.72,904414.79,41916.18,50541.63,47217.41,324.73,2999.49,123506.63,123506.63,3865199.76,966,19433.23,266990.61,3434336.34,51122.11,90821.42,1530.05,3421444.43,118472.31,458,14826.4,3115583.87,8930.61,163173.24,13311.41,13311.41,484176.26,484176.26,57618.02,57458.41,83.02,76.59,25182.71,531.25,3.06,0,24648.4,487677.74,159886.64,306024.08,21767.02,558.68,558.68,0,0,8105489.55,8105489.55,4497260486.540002,4821473286.020002,RR,Roraima,North,TRUE,TRUE,202409,2024-09-01,confaz_boletim_tributos_estaduais,planilha1,confaz_boletim_tributos_estaduais_20260330.xls,20260330,mapped
15,PB,202409,2024,9,60607793.98,5303543.22,2793723.21,8595834.61,77300895.02,5207631.33,4006191.62,0,9213822.95,1487337.45,1418307.49,9878.23,59151.73,4048654.09,724265.95,65375.2,38279.4,3220266.52,467.02,204192826.81,20624992.01,33186680.28,1628.91,4214343.69,2426061.36,1532629.83,434738.24,1701961.64,826553.59,61266232.74,5207428.1,969071.87,5650811.49,22749651.1,997668.84,4262447.13,1898004.7,799100.24,921299.11,29252723.47,1342406.48,2597373.4,1285034.12,43984.47,53003115.81,53003115.81,69106.53,29196.13,0,39910.4,0,563213.51,106854.15,318171.69,138187.67,560820878.94,33303690.75,323429101.9,204088086.29,17737865.07,16612104.87,38411.63,60017.56,841941.75,185389.26,7040329.24,7012453.13,27876.11,19805989.89,65353.19,26.44,60617.97,19667811.77,11515.58,664.94,108245.47,106740.41,0,1505.06,1629.32,1629.32,75597.44,5.57,1020.2,788.57,0,36965.08,35996.4,821.62,702993.51,20770.96,8268.64,135.01,559862.4,1846.44,112110.06,105.6,105.6,10857.77,10857.77,6311.82,6028.29,50.89,232.64,11187.26,877.15,0,0,10310.11,37254.14,723.8,18432.64,18097.7,705.01,705.01,0,0,0,0,869724204.6800003,947025099.7000003,PA,Para,North,TRUE,TRUE,202409,2024-09-01,confaz_boletim_tributos_estaduais,planilha1,confaz_boletim_tributos_estaduais_20260330.xls,20260330,mapped
16,PA,202409,2024,9,119118203.1,5047376.04,270256786.1,397157322.2,791579687.44,16395329.15,3496585.87,535443.94,20427358.96,9800531.11,3963292.18,5734386.19,102852.74,122773112.19,0,26263.73,117768207.6,2782381.46,2196259.4,609658374.74,52390072.85,161341586.9,2764869.61,297309.77,968275.3,2271005.74,7669131.04,1663901.42,282639.46,205577558.2,26200013.54,1113059.77,12660896.86,20704813.83,32174978.96,3239334.35,1716587.17,7649272.97,16317842.96,43188236.44,4034857.58,1648369.1,783764.34,2999996.58,197270021,197270021,1140855.43,81501.25,14563.86,1044790.32,0,10456780.27,467330.57,7857124.15,2132325.55,882196918.98,61620694.48,631177551.8,189398672.7,66645464.67,47692661.79,14309135.75,128271.51,4099914.55,415481.07,13028764.03,12651720.72,377043.31,39200813.1,18645.96,226637.57,34566.94,38753064.49,145464.99,22433.15,522286.97,521556.5,0,730.47,66164.99,66164.99,2158230.27,2845.51,9366.11,659402.37,2229.27,44235.14,1359827.81,80324.06,4305564.76,1107281.87,85350.04,65351.09,2231579.85,83394.54,732607.37,143842.49,143842.49,26883.94,26883.94,273014.12,272124.19,30.91,859.02,236122.81,9812.82,0,0,226309.99,5887649.42,5355925.01,429923.43,101800.98,5.43,5.43,0,0,196322588.8,196322588.8,2162113989.52,2953693676.96,AP,Amapa,North,TRUE,TRUE,202409,2024-09-01,confaz_boletim_tributos_estaduais,planilha1,confaz_boletim_tributos_estaduais_20260330.xls,20260330,mapped
17,PE,202409,2024,9,95986821.62,16599815.39,12103355.57,29705784.73,154395777.31,12855270.15,2325966.93,1058227.32,16239464.4,1729054.91,1500775.16,88163.22,140116.53,15811735.11,0,10739057.64,0,5018467.55,54209.92,598480350.82,85911911.57,93709398.39,6769.76,4408534.16,8079442.81,1101907.59,2213109.62,11025649.74,1285474.84,91031114.33,57626173.93,10211951.99,28033361.49,30201939.46,9719742.03,18090246.05,5743275.67,12864384.33,8112946.25,100551421.8,6528157.71,5689435.99,2937407.79,3396593.52,172892708.36,172892708.36,1231535.92,121314.34,1788.57,1108433.01,0,84212.24,59108.41,7168.44,17935.39,1381045020.04,92468161.08,904791019.3,383785839.66,55020199.55,43915927.06,1899483.52,221348.82,8757595.84,225844.31,19968342.52,18515923.52,1452419,43274630.88,78176.99,238082.2,135382.27,42587417.95,195064.52,40506.95,1442837.28,1350917.82,1977.27,89942.19,11897.04,11897.04,2432779.75,285.39,56900.17,74748.67,87198.42,283121.15,1866232.7,64293.25,4264191.6,1409639.18,75957.6,895227.47,1751668.88,88227.03,43471.44,32092.69,32092.69,244060.46,244060.46,62805.53,61371.19,950.98,483.36,317793.58,18740.12,4227.29,0,294826.17,2104057.43,268818.27,1602828.65,232410.51,315.74,315.74,0,0,91735789.91,91735789.91,2392186411.36,2546582188.67,TO,Tocantins,North,TRUE,TRUE,202409,2024-09-01,confaz_boletim_tributos_estaduais,planilha1,confaz_boletim_tributos_estaduais_20260330.xls,20260330,mapped
18,PI,202409,2024,9,11397979.26,2806564.52,25421804.98,6116307.02,45742655.78,769274.58,353925.82,0,1123200.4,6797616.7,6661010.65,116602.59,20003.46,3020396.84,0,37786.82,738868.88,2243741.14,0,217955344.59,12599846.86,58058629.15,4523.23,30958.98,308956.04,687840.4,45323.97,152847.55,70186.94,98165780.68,12729169.17,486937.19,4418364.1,5609228.41,174910.84,787955.45,690165.07,846303.51,777433.04,18011366.56,1359872.34,1065396.92,511862.39,361485.8,69066447.48,69066447.48,30514.03,847.94,0,29666.09,0,2773268.98,1003938.81,1396341.95,372988.22,272007129.27,21516681.37,135686470.8,114803977.1,8253378.54,7512169.6,23406.75,7482.29,612514.8,97805.1,2800735.79,2460261.19,340474.6,15121525.47,15513.68,124720.2,21007.66,14766904.96,42690.54,150688.43,532487.13,531814.24,0,672.89,12284.83,12284.83,1071962.01,96.24,5287.41,126208.88,813.6,53845.02,876135.59,9575.27,1585545.39,417716.45,0,23324.63,521220.18,28673.53,594610.6,0,0,52767.85,52767.85,37515.57,34109.49,3406.08,0,193041.52,6507.08,0,0,186534.44,319952.98,15223.29,244388.72,60340.97,69.61,69.61,9495.41,9495.41,60331182.15,60331182.15,661972662.14,707715317.92,,,,,,202409,2024-09-01,confaz_boletim_tributos_estaduais,planilha1,confaz_boletim_tributos_estaduais_20260330.xls,20260330,unmapped
19,RJ,202409,2024,9,115851157.7,174008549.2,1325989.78,537088936.4,828274633.08,67969921.96,18216532.82,1116382.85,87302837.63,1298887.68,968367.99,291028.58,39491.11,368122046.42,0,238598351.7,2903823.09,4200414.33,122419457.3,1004903037.15,34217888.48,158896090.8,197469.01,5034113.73,20569336.5,3241997.1,575484.4,9848837.99,1437756.66,335871635.5,85411326,33552251,48271026.22,52094862.92,50858652.89,38628805.53,1007675.9,2846656.81,25612587.96,49087601.11,1914536.81,4192957.75,19689084.43,21844401.65,528131818.7,528131818.7,6105000.19,336842.83,121367.95,5644344.3,2445.11,11237350.9,384984,3608265.38,7244101.52,1318522551.87,39122695.47,805864086.6,473535769.8,277666142.3,176176075.9,20884524.1,5870909.24,74176768.28,557864.78,51955448.57,46350866.34,5604582.23,200362507.14,378243.36,482798.45,1578663.1,195487065.8,634652.68,1801083.75,1049673.33,1021283.41,8950.7,19439.22,378545.35,378545.35,32498863.62,2548.01,469992.59,27486347.42,2308090.93,474494.99,1606973.38,150416.3,15641044.11,8870284.29,258882.35,99020.01,2542201.2,571886.78,3298769.48,130247.82,130247.82,473879.09,473879.09,212869.17,167560.97,1677.71,43630.49,2823981.19,525685.86,17673.39,157.94,2280464,3443260.38,231475.85,2437747,774037.53,214.3,214.3,0,0,385121808.1,385121808.1,4210079177.3800006,5038353810.460001,,,,,,202409,2024-09-01,confaz_boletim_tributos_estaduais,planilha1,confaz_boletim_tributos_estaduais_20260330.xls,20260330,unmapped
20,RN,202409,2024,9,54743506.33,3071006.12,0,0,57814512.45,0,0,0,0,2797628.37,1668187.25,22922.83,1106518.29,30895808.09,0,13109526.16,56633.45,16603754.13,1125894.35,264299947.75,26599696.45,50279581.31,0,1293981.11,5477077.6,69244.74,209435.09,374942.37,327973.41,134613517.1,4051164.28,522715.27,4283701.34,6775196.22,220335.52,983315.2,794644.64,5087858.57,2982860.86,14800773.65,1050646.67,1105872.18,791838.08,1603576.09,67719852.75,67719852.75,484111.88,22349.3,1.06,461761.52,0,2610335.68,649457.07,976053.62,984824.99,331718700.33,29556540.23,172328672,129833488.1,8552503.9,6767032.34,1131599.22,20313.14,575379.79,58179.41,8871807.41,7744845.95,1126961.46,19042944.63,18881.18,162961.64,16874.19,18758779.76,70250.47,15197.39,124785.13,121844.3,0,2940.83,67164.17,67164.17,1923819.18,928.47,44297.11,365883.92,5227.81,69082.42,1387737.08,50662.37,2212407.47,812959.43,17972.06,11173.07,342182.26,101880.98,926239.67,6279.41,6279.41,58102.36,58102.36,59958.18,56033.23,733.01,3191.94,131665.03,24655.97,767.98,0,106241.08,703360.1,67562.5,517347.52,118450.08,759.69,759.69,0,0,32301700.09,32301700.09,774583641.5999998,832398154.0499998,,,,,,202409,2024-09-01,confaz_boletim_tributos_estaduais,planilha1,confaz_boletim_tributos_estaduais_20260330.xls,20260330,unmapped
21,RS,202409,2024,9,99148610.37,210028264.8,23359009.31,1417.98,332537302.46,87450363.57,47149760.09,1458409.02,136058532.68,31172444.94,28946695.73,2008646.44,217102.77,11427625.49,619.19,0,24990.21,11326110.26,75905.83,2281291603.94,237750415.1,236527330.4,1256255.16,13957968.18,13229939.33,50088497.87,18802778.23,41227970.95,4953195.28,767209363.2,205676339,2746807.04,97905497.53,56592602.87,35891245.78,91962283.65,25549041.33,34244202.86,104410268.4,173817267,3129448.57,39238001.83,19804667.98,5320216.4,336270442,336270442,2334824.49,15047.76,2774.26,2317002.47,0,4187418.49,392067.31,800379.9,2994971.28,1521389659.4,141698132.2,718635890,661055637.2,90205862.97,82294007.02,2524389.93,274559.09,4895401.58,217505.35,41360524.59,40473346.17,887178.42,98893799.69,839898.91,335155.61,102673.74,96995692.64,216331.11,404047.68,43365.77,41606.9,8.81,1750.06,13667.95,13667.95,903499.64,398.95,117849.65,537921.15,2916.77,65370.82,85186.58,93855.72,2150317.25,319052.83,246.08,160905.35,1116066.19,54511.84,499534.96,73097.54,73097.54,92616.47,92616.47,31357.1,30980.69,0,376.41,535184.45,398641.59,2932.47,0,133610.39,1268280.7,214015.49,895071.95,159193.26,2063.17,2063.17,0,0,128218013.1,128218013.1,4551865669.14,4884402971.6,MA,Maranhao,Northeast,TRUE,TRUE,202409,2024-09-01,confaz_boletim_tributos_estaduais,planilha1,confaz_boletim_tributos_estaduais_20260330.xls,20260330,mapped
22,RO,202409,2024,9,38622195.11,2122226.51,170472.12,65501705.13,106416598.87,10104566.91,2123918.71,0,12228485.62,1971305.2,1873236.37,91478.25,6590.58,11567760.14,0,8161630.3,1373544.03,2032585.81,0,141167410.72,24987523.44,37689527.35,0,51174.3,195865.37,2698998.68,508055.71,209182.22,226678.39,36322282.35,8546668.46,151312.69,1595346.81,8241578.85,1389587.36,3111884.12,346405.96,94580.19,245182.92,11657058.25,1113904.42,716597.43,759251.9,308763.55,57138275.76,57138275.76,222245.06,168231.52,108.12,53469.41,436.01,1599927.96,400396.15,594647.44,604884.37,289041181.83,45718113.63,117022886.9,126300181.3,5061186.86,3052026.26,1231733.1,8402.03,751669.86,17355.61,2537594.14,2390829.99,146764.15,11669597.91,18062.36,75454.39,3849.44,11552813.42,14064.96,5353.34,214843.68,45181.15,37913.53,131749,16333.73,16333.73,660899.66,101.02,68522.91,97621.05,0,110629.82,338615.87,45408.99,1912671.09,391517.71,6493.58,12922.54,1090212.38,15522.82,396002.06,0,0,80828.98,80828.98,171500.36,169690.45,1809.91,0,196037.85,22885.61,0,0,173152.24,434309.51,22165.65,237380.23,174763.63,56.84,56.84,0,0,60623673.55,60623673.55,586287640.83,692704239.7,PI,Piaui,Northeast,TRUE,TRUE,202409,2024-09-01,confaz_boletim_tributos_estaduais,planilha1,confaz_boletim_tributos_estaduais_20260330.xls,20260330,mapped
23,RR,202409,2024,9,9882902.81,555869.64,47095.73,33652734.42,44138602.6,361203.91,0,0,361203.91,408699.18,378168.8,7205.04,23325.34,720560.81,0,0,0,720560.81,0,51368776.34,2373805.39,11375050.49,0,12353.18,55296.64,626.94,184815.22,4120.54,53526.96,28564762.31,909384.37,33025.87,969133.2,1853424.72,16575.3,133591.74,115827.1,22918.15,128708.72,4278819.59,110854,72344.18,50949.61,48862.12,22475145.09,22475145.09,7234.39,0,0,7234.39,0,557573.24,265883.39,61291.36,230398.49,85897327.91,5792318.82,42608755.37,37496253.72,1846430.23,1450321.84,99.96,95740.26,257852.8,42415.37,763978.29,741857.17,22121.12,4223427.59,8616.52,17936.44,1444.87,4184439.89,9112.1,1877.77,77.71,0,0,77.71,11359.5,11359.5,120857.44,0.67,10782.29,2533.16,0,10354.42,89468.74,7718.16,403906.46,78585.25,2659.41,14141.44,104750.56,15484.44,188285.36,684,684,745.97,745.97,26470.91,22861.85,3609.06,0,2391.56,3.19,0,0,2388.37,102126.42,12434.01,45980.25,43712.16,2.79,2.79,0,0,14326799.53,14326799.53,183264575.35999995,227403177.95999995,CE,Ceara,Northeast,TRUE,TRUE,202409,2024-09-01,confaz_boletim_tributos_estaduais,planilha1,confaz_boletim_tributos_estaduais_20260330.xls,20260330,mapped
24,SC,202409,2024,9,377923401.2,81307192.98,115819466.8,62076.38,575112137.36,62198108.14,1620332.41,2404891.07,66223331.62,12001211.49,5052679.34,6518972.19,429559.96,12237143.93,4739.21,0,11425.1,10281395.06,1939584.56,1417067131.02,99373480.64,177293183.8,5085691.67,63574477.52,69216748.17,3781743,21241722.28,37319443.72,4743254.74,383714333.9,54901741.62,2981810.53,75823751.06,61881874.3,28872382.67,52860194.64,9757921.18,34038713.54,68683372.36,110841606,12152843.4,19134083.2,13786828.3,6005928.78,219882114.3,219882114.3,7811409.56,4136265.99,2440.96,3665182.96,7519.65,10041866.24,1887430.27,2855272.39,5299163.58,1558194809.2,145557516.3,813636613.8,599000679.1,143959697.47,121635949.8,850126.74,428452.89,20786076.09,259091.95,37272669.64,35749088.18,1523581.46,83299757.81,2189410.43,383477.44,96172.7,78097192.11,1609180.3,924324.83,4323369.02,4298944.79,0,24424.23,1044902.14,1044902.14,17923349.93,1884.57,6925138.39,1992135.08,64603.86,538572.81,8061231.62,339783.6,8905415.17,2658091.81,34616.71,116976.81,1432653.09,239413.68,4423663.07,10517814.61,10517814.61,398223.54,398223.54,193495.64,72711.8,1673.91,119109.93,2384853.73,260091.15,216620.66,0,1908141.92,2565764.7,145580.92,1518350.08,901833.7,1990.69,1990.69,0,0,54973131.94,54973131.94,3605000121.769999,4180112259.129999,RN,Rio Grande do Norte,Northeast,TRUE,TRUE,202409,2024-09-01,confaz_boletim_tributos_estaduais,planilha1,confaz_boletim_tributos_estaduais_20260330.xls,20260330,mapped
25,SP,202409,2024,9,966773967.36,521900171,1028326747.89,0,2517000886.25,102358747.8,110652476.87,19727781.99,232739006.66,72276998.96,70312427.21,1947839.32,16732.43,57627281.14,0,8568528.43,292391.15,46918659.29,1847702.27,9221578034.51,774312666.35,452809762.23,8539431.13,91889773.78,54748964.01,12067792.93,23984233.54,252382958.23,35397143.55,2269557115.07,1292232850.28,237197059.68,538659268.7,276544337.15,293636727.96,335568179.1,212424758.78,282640816.49,397779717.05,1131938206.29,36533676.51,35594909.9,128512322.43,46625363.37,1023937175.81,1023937175.81,21183258.85,5077540.37,94896.29,15989143.02,21679.17,24114238.19,3496379.74,6463311.31,14154547.14,6608099862.38,448780454.3,4528327105.81,1630992302.27,712057068.7,507553552.07,3873995.09,10761803.74,140376802.67,49490915.13,129172915.02,121787366.45,7385548.57,577815386.1,13451559.74,2148277.09,553529.1,491392741.26,28891927.17,41377351.74,10205086.34,9399068.07,324329.17,481689.1,836410.58,836410.58,70697962.57,74185.08,10056999.33,11346646.84,28846819.1,1701476.25,18472824.15,199011.82,96961126.73,22546968.26,530575.55,129378.83,6307035.97,2052969.73,65394198.39,245160.47,245160.47,1186958.28,1186958.28,4795968.21,4325406.94,15617.63,454943.64,5408271.91,1497937.88,369801.92,0,3540532.11,16914560.03,3160539.17,12747113.12,1006907.74,8480.76,8480.76,0,0,888915242.29,888915242.29,19544037447.829998,22061038334.079998,PB,Paraiba,Northeast,TRUE,TRUE,202409,2024-09-01,confaz_boletim_tributos_estaduais,planilha1,confaz_boletim_tributos_estaduais_20260330.xls,20260330,mapped
26,SE,202409,2024,9,38467719.28,3936274.84,1268548.86,3712538.82,47385081.8,4995032.35,547202.27,111702.24,5653936.86,464455.16,375466.97,51398.2,37589.99,13228451.71,0,5571540.13,0,7656911.58,0,146787057.41,13697300.71,18867270.78,72599.27,1497425.98,587287.87,906295.15,126672,224888.44,0,44364401.98,36936148.63,513213.73,2489782.97,9170845.93,582032.82,2334581.43,507339.98,859269.6,654754.5,9998334.05,958931.87,929811.03,507868.69,0,41060942.74,41060942.74,83262.45,51648.93,0,31613.52,0,0,0,0,0,224242311.6,25891489.28,95856745.32,102494077,6651751.31,6305572.38,5654.35,55643.15,284881.43,0,6051461.57,6051461.57,0,11269089.46,0,0,18576.84,11250512.62,0,0,0,0,0,0,0,0,0,0,0,0,0,0,0,0,369015.34,0,0,0,369015.34,0,0,0,0,0,0,0,0,0,0,0,0,0,0,0,0,0,0,0,0,0,0,0,23996463.51,23996463.51,474204262.25999993,521589344.05999994,PE,Pernambuco,Northeast,TRUE,TRUE,202409,2024-09-01,confaz_boletim_tributos_estaduais,planilha1,confaz_boletim_tributos_estaduais_20260330.xls,20260330,mapped
27,TO,202409,2024,9,43161000.7,7384258.67,4265833.17,276427.84,55087520.38,4045818.8,6216860.32,13641.38,10276320.5,12653715.86,6201864.34,6434899.96,16951.56,2953735.46,0,0,88077.37,2865554.53,103.56,215850375.63,21547721,45794018.04,0,32425.13,152987.46,526122.09,17866.9,57630.16,86314.89,118133616.7,5651940.71,52053.88,2752027.09,7484560.52,118985.63,790833.13,317458.23,52054.46,226413.26,9234450.69,711774.39,254769.89,1139203.67,715147.71,43984864.72,43984864.72,464081.88,432192.71,0,31889.17,0,607427.13,42862.48,99290.25,465274.4,190245354.81,30108550.39,102150130.72,57986673.7,8384292.74,7322413.65,17840.85,12818.92,980836.65,50382.67,2194377.04,2032508.79,161868.25,9064383.62,9481.75,0,10875.7,9022020.66,16455.8,5549.71,20596.92,20596.92,0,0,5735.64,5735.64,558035.56,0,0,57556.66,39145.16,6558.8,432512.18,22262.76,294511.91,26026.09,0,1673.74,200345.44,5268.27,61198.37,0,0,8913.97,8913.97,3187.61,3187.61,0,0,2603.54,0,0,0,2603.54,81172.99,2867.94,72532.13,5772.92,0,0,0,0,37666883.87,37666883.87,525044250.9000001,580131771.2800001,AL,Alagoas,Northeast,TRUE,TRUE,202409,2024-09-01,confaz_boletim_tributos_estaduais,planilha1,confaz_boletim_tributos_estaduais_20260330.xls,20260330,mapped
1,AC,202410,2024,10,10336852.01,1379275.56,6968471.89,0,18684599.46,2536778.16,0,0,2536778.16,2552031.26,2546269.47,1692.24,4069.55,139754.26,0,0,0,139754.26,0,41890586.92,3648600.98,12493428.37,290.87,16146.34,190668.34,219417.98,312104,704.37,71368.98,13880642.87,974452.32,121333.57,1023769.22,1783274.6,7034.33,127515.23,249594.43,253210.64,81633.53,5599406.42,349143.5,232654.4,202207.89,51983.74,19947624.84,19947624.84,7630.5,3584.48,0,4046.02,0,2210060.12,1470147.06,194327.25,545585.81,101731089.73,5714149.79,59316441.48,36700498.46,549237.07,387827.75,67141.9,26625.58,57805.33,9836.51,1048451.85,975052.98,73398.87,5337703.1,55481.1,10293.61,12512.48,5083412.93,146982.39,29020.59,16178.58,16178.58,0,0,6493.36,6493.36,225370.95,27.46,5612.55,12683.85,1650.59,34111.7,118133.35,53151.45,547313.21,81332.82,12822.88,12281.72,204034.57,24374.43,212466.79,0,0,22375.52,22375.52,22288.17,22288.17,0,0,46781.68,4817.63,0,0,41964.05,221694.66,2887.85,146706,72100.81,19.17,19.17,0,0,14711257.7,14711257.7,191233942.64999998,209918542.10999998,,,,,,202410,2024-10-01,confaz_boletim_tributos_estaduais,planilha1,confaz_boletim_tributos_estaduais_20260330.xls,20260330,unmapped
2,AL,202410,2024,10,42676650.17,8024690.25,719690.32,20809135.67,72230166.41,4265591.2,91553.1,28279.3,4385423.6,1879538.22,1712744.97,93383.23,73410.02,7105783.65,0,1138059.59,1160766.92,2894560.07,1912397.07,205669877.19,24741546.49,53408957.95,269134,279246.18,917166.01,166444.47,338755.46,1264982.19,243756.58,54496593.74,15488435.21,627689.21,11937136.4,6372618.77,1587950.13,2647679.55,2076128.95,2141190.14,3006558.57,19009980.11,1684007.13,1594730.98,767679.52,601509.45,66464176.2,66464176.2,751438.04,16262.99,3086.1,732076.02,12.93,3044308.18,219227.72,2262262.08,562818.38,356090573.84,25082472.58,201261149.93,129746951.33,19936710.62,12785114.5,2418979.71,32321.29,1542069.37,3158225.75,9984757.86,7578906.48,2405851.38,14395452.65,36069.79,43276.09,64691,14040729.69,180113.6,30572.48,290137.55,250345.06,24226.72,15565.77,117944.81,117944.81,1491717.46,7060.73,96031.12,186360.3,7836.49,74540.4,1080428.78,39459.64,1947863.04,610304.94,12563,132473.84,304165.56,50259.37,838096.33,10541.62,10541.62,63572.26,63572.26,167283.77,165911.19,52,1320.58,122806.85,28584.31,81.92,0,94140.62,585112.91,36876.82,433637.1,114598.99,240.83,240.83,0,0,718702.73,718702.73,690838540.2799999,763068706.6899998,,,,,,202410,2024-10-01,confaz_boletim_tributos_estaduais,planilha1,confaz_boletim_tributos_estaduais_20260330.xls,20260330,unmapped
3,AP,202410,2024,10,7305648.8,314377.77,5406304.6,39934812.88,52961144.05,529057.45,0,0,529057.45,16185.51,7105.25,8044.75,1035.51,128739.14,0,0,20142.4,108596.74,0,25241421.45,1210238.54,9100810.8,8019,499.02,49167.17,947.28,356302.59,279526.33,6279.14,3488924.62,816292.85,44915.17,1036672.42,1712882.33,23481.54,222750.09,729156.43,1139314.93,70168.23,4729594.61,85779.69,47366.74,73206.5,9125.43,11004105.76,11004105.76,591239.33,560250.81,13.23,30975.29,0,240174.33,154824.88,16752.7,68596.75,60087981.59,4416910.59,38380606.72,17290464.28,957719.61,342629.26,488672.24,2848.77,120557.3,3012.04,238067.6,233069.03,4998.57,5825475.71,180.49,38795.77,54.29,5769022.23,17073.16,349.77,1713.7,1713.7,0,0,7829.2,7829.2,258018.75,47.48,1098.28,190174.09,0,2579.44,61808.94,2310.52,135300.17,4694.71,0,88.49,93674.68,2026.04,34816.25,0,0,1832.6,1832.6,49461.23,47807.07,1654.16,0,24480.8,7.47,0,0,24473.33,129697.97,13086.32,21651.54,94960.11,0,0,0,0,15097856.52,15097856.52,120037300.96999998,172998445.01999998,,,,,,202410,2024-10-01,confaz_boletim_tributos_estaduais,planilha1,confaz_boletim_tributos_estaduais_20260330.xls,20260330,unmapped
4,AM,202410,2024,10,69129252.18,4588429.55,26003267.22,123072460.3,222793409.25,4097944.37,3843606.16,1943.56,7943494.09,217650.97,143876.18,34201.96,39572.83,61478746.52,0,58613835.75,2129857.55,735053.22,0,528464127.39,7613908.45,60421498.23,0,390388.52,411553.59,12667.91,896749.59,2672468.63,424669.18,76745268.74,12533945.24,2122150.26,26169832.89,5026199.64,4489823.89,17150445.19,138098803.2,11671406.12,19231944.57,25730432.81,111776135.9,1050926.83,3487229.8,335678.21,75003626.88,75003626.88,2199210.8,1551963.62,0,647247.18,0,258691.91,0,35536.64,223155.27,486337419.44,32040580.14,258526727.5,195770111.8,83484389.68,58959475.92,15533504.5,185854.71,8728599.27,76955.28,8146093.07,8145205.14,887.93,26958545.23,59799.92,0,36142.59,26705939.69,153181.88,3481.15,0,0,0,0,0,0,18575.04,0,0,18573.18,0,1.86,0,0,1297234.64,0,0,3026.79,1293570.25,0,637.6,0,0,0,0,0,0,0,0,9864.25,0,8918.06,0,946.19,195867.37,293.42,184942.5,10631.45,0,0,0,0,42036962.71,42036962.71,1316107005.8999999,1538900415.1499999,,,,,,202410,2024-10-01,confaz_boletim_tributos_estaduais,planilha1,confaz_boletim_tributos_estaduais_20260330.xls,20260330,unmapped
5,BA,202410,2024,10,203074913.82,23749652.24,128197540.51,360996699.28,716018805.85,81188544.34,0,0,81188544.34,16419417.68,15236379.83,836009.65,347028.2,33399747.77,0,15147737.46,5325996.48,10919924.7,2006089.13,1654383342.25,91424173.33,248492079.2,216019.88,6950228.52,3684453.23,5228027.11,1120815.83,19982454.43,502556.17,728531038.6,205918303,4769516.72,63166172.25,56211663.53,19311997.75,17009338.14,5679483.1,8256126.46,11903108.53,137842789,4807847.92,5877238.79,3468199.14,4029711.62,320972689.8,320972689.8,5448883.64,4421571.73,6848.64,1019697.47,765.8,1292330.7,40213.51,468908.28,783208.91,793150735.97,96327929.27,696822806.7,0,53256898.88,43838951.8,796012.57,125536.02,8000645.66,495752.83,32933677.44,28473920.4,4459757.04,64407658.53,393224.36,272999.25,229914.29,61582664.38,1460722.15,468134.1,101379.21,101379.21,0,0,0,0,0,0,0,0,0,0,0,0,0,0,0,0,0,0,0,0,0,0,0,0,0,0,0,0,0,0,0,0,0,0,0,0,0,0,0,0,109477495.29,109477495.29,3085244257.160001,3801263063.0100007,,,,,,202410,2024-10-01,confaz_boletim_tributos_estaduais,planilha1,confaz_boletim_tributos_estaduais_20260330.xls,20260330,unmapped
6,CE,202410,2024,10,44769178.01,18729163.08,1477069.4,109402.39,65084812.88,8674679.66,6752757.43,508417.55,15935854.64,1816399.37,855369.91,40843.41,920186.05,9844852.29,0,2584368.09,14434.61,7246049.59,0,593385202.43,66930189.43,108790955.33,273799.76,10319700.02,17128618.17,20672733.62,1106356.26,7098837.4,760803.79,203036994.63,22772314.38,3481607.16,15731095.28,31946931.81,9192246.8,8759027.8,3580308.8,5894422.4,5530294.28,37380608.04,3465561.52,5987271.61,3421907.28,122616.86,180045716.16,180045716.16,589401.25,117180.38,38814.7,433406.17,0,2512937.73,995689.58,726122.04,791126.11,892153923.24,71428151.28,592270813.79,228454958.17,29537903.91,23490901.61,2563271.51,612921.89,2677664.6,193144.3,19762576.36,18235541.14,1527035.22,43276217.14,314752.96,0,347839.53,42540212.66,73411.99,0,615377.98,273480.62,341897.36,0,86682.19,86682.19,218409.66,91.73,531.98,207051.46,0,1997.2,8064.49,672.8,2327196.91,335557.15,6060.58,1076.14,1298128.09,6558.6,679816.35,10486628.35,10486628.35,143587.9,143587.9,514937.21,446504.89,2833.81,65598.51,68651.04,5117.1,74.83,0,63459.11,72437.2,2165.74,6205.19,64066.27,0,0,0,0,44128556.45,44128556.45,1831587594.7700002,1896672407.6500003,,,,,,202410,2024-10-01,confaz_boletim_tributos_estaduais,planilha1,confaz_boletim_tributos_estaduais_20260330.xls,20260330,unmapped
7,DF,202410,2024,10,65328305.1,33352533.45,14070147.6,3797631.85,116548618,11345755.38,9389623.77,553376.02,21288755.17,5730598.28,5699241.84,29996.68,1359.76,169435.64,0,0,0,169435.64,0,198873411.52,14308289.33,49265678.77,94427.19,297602.12,537433.77,28862.24,249776.44,405335.1,92675.94,29188688.18,4031840.83,7000032.78,2959675,15206812.85,840065.83,4362549.42,3494391.04,2792153.44,1660094.2,58507884.7,1045047.41,1059926.22,1443706.31,462.41,88949905.89,88949905.89,572400.95,2492.13,1251.37,568657.45,0,650.71,306.58,40.08,304.05,530329544.76,53795464.96,344981633.5,131552446.3,11457216.12,9667437.38,144.32,218141.98,1469210.78,102281.66,15019817.11,14994075.69,25741.42,34372673.15,23284.02,869.19,78358.57,34270160.37,0,1,0,0,0,0,0,0,1824.51,0,0,0,0,1824.51,0,0,445088.05,0,0,0,382985.32,0,62102.73,0,0,8.8,8.8,0,0,0,0,18.35,18.35,0,0,0,1087.03,0,1055.17,31.86,0,0,0,0,97680614.22,97680614.22,983604295.0899999,1100152913.09,,,,,,202410,2024-10-01,confaz_boletim_tributos_estaduais,planilha1,confaz_boletim_tributos_estaduais_20260330.xls,20260330,unmapped
8,ES,202410,2024,10,55211231.52,20900265.78,87321968.23,114747609.72,278181075.25,9568670.17,24661.11,34191.56,9627522.84,2851370.53,2714687.14,127016.9,9666.49,180449001.59,0,161235459.14,1949414.81,2730385.14,14533742.5,347180380.46,30681462.05,59514065.84,0,537376.87,2488095.07,220362.14,2056655.36,3043303.7,394625.9,46874828.78,22863043.58,2526495.78,8451652.6,28297046.59,91447909.46,13658489.6,1388158.6,2840205.94,3956026.84,14700986.59,1811927.64,2741794.57,3063628.39,3622238.57,111921038.63,111921038.63,2638966.99,59884.5,0,2579082.49,0,3001013.3,339368.04,1164879.93,1496765.33,746995118.03,67579100.09,493299115.69,186116902.25,118738121.31,57908246.93,5178576.4,5114.15,55522642.87,123540.96,12389904.02,12040402.36,349501.66,28411775.92,50745.9,33899.27,49906.03,27503374.68,138150.55,635699.49,1562282.33,1561330.89,0,951.44,149128.16,149128.16,2586077.84,0,27226.56,924747.7,0,63436,1531854.48,38813.1,2585763.46,1126978.14,8909.44,11320.32,442360.61,60638.2,935556.75,0,0,52396.06,52396.06,93613.18,83931.59,9681.59,0,37577.64,6579.99,0,0,30997.65,681672.59,67037.58,265805.41,348829.6,329.75,329.75,0,0,121259177.65,121259177.65,1683584709.44,1961765784.69,,,,,,202410,2024-10-01,confaz_boletim_tributos_estaduais,planilha1,confaz_boletim_tributos_estaduais_20260330.xls,20260330,unmapped
9,GO,202410,2024,10,947177528.7,96962936.59,347627378.6,318367791.2,1710135635.09,95432765.1,22291403.48,2853921.48,120578090.06,55119728.4,52176648.7,2861519.28,81560.42,22073731.78,5808,1158289.67,12837960,7759039.55,312634.56,827070514.6,160952975.6,121541263.8,368221.75,2371801.3,7610389.77,1608769.81,1022556.79,7950698.24,1179514.98,281995189.6,61953860.72,22987882.26,19404327.63,21643308.83,1828734.97,19357840.43,2382377.71,1647487.78,12633608.87,64067073.81,2115346.39,4323138.73,3251055.52,2873089.31,160111731.1,160111731.1,4428638.87,1566947.85,80440.43,2781250.59,0,3649087.4,438232.45,889478.19,2321376.76,1339911130.6,123485747.7,875804957.6,340620425.3,67478097.45,61551160.08,3274.72,220495.48,5055300.44,647866.73,18304850.77,16032534.35,2272316.42,53049171.27,46038.28,148542.47,68307.43,52516242.65,156702.89,113337.55,414677.61,405445.2,9217.22,15.19,1224840.05,1224840.05,2424372.11,10293.34,311296.28,772507.05,158402.8,860118.41,197254.05,114500.18,7343504.19,1201508.93,106976.66,110623.57,1162276.13,60423.72,4701695.18,7083.78,7083.78,96808.01,96808.01,37476.89,35120.12,2356.77,0,553336.97,63740.9,5023.61,0,484572.46,956033.27,201182.75,523226.66,231623.86,595.22,595.22,0,0,102043556.5,102043556.5,2666298966.84,4376434601.93,,,,,,202410,2024-10-01,confaz_boletim_tributos_estaduais,planilha1,confaz_boletim_tributos_estaduais_20260330.xls,20260330,unmapped
10,MA,202410,2024,10,38298970.73,5900238.76,26057524.64,37252824.48,107509558.61,7130469.54,28914996.74,4631.43,36050097.71,8895305.7,8151419.29,650218.6,93667.81,25689423.73,0,6303397.17,16461773.33,2923241.82,1011.41,263012829.07,13070164.19,107712844.8,7394.08,345449.57,881338.27,336323.11,737837.85,3130263.39,231822.85,10595538.21,40780653.96,868937.27,6669077.61,15203338.61,19147065.34,1111588.79,1490922.73,263597.91,2178333.47,31957317.97,2884758.24,1934783.91,919707.65,553769.29,127974332.8,127974332.8,382477.47,37382.29,2569.29,339865.17,2660.72,4256931.01,1981747.75,1515791.93,759391.33,615064133.81,43189422.51,381405365.5,190469345.8,24533408.17,19449595.3,1748424.72,41976.8,3185989.18,107422.17,5482842.41,5143578.75,339263.66,29087232.48,76254.03,51788.29,20293.94,28800251.88,83252.73,55391.61,282979.65,279147.99,183.39,3648.27,80367.34,80367.34,8788884.63,12734.45,32771.33,275070.35,1095.32,53128.64,8357334.43,56750.11,3235553.87,1582212.93,27924.82,19648.84,732028.46,81571.06,792167.76,1012.5,1012.5,60012,60012,63615.41,61680.47,1934.94,0,178462.22,8522.26,0,0,169939.96,487728.92,44569.36,311657.97,131501.59,76.99,76.99,0,0,49171157.84,49171157.84,1166728768.02,1274238326.6299999,,,,,,202410,2024-10-01,confaz_boletim_tributos_estaduais,planilha1,confaz_boletim_tributos_estaduais_20260330.xls,20260330,unmapped
11,MT,202410,2024,10,85440227.51,15696746.09,16849694.89,190104888.3,308091556.79,11808015.33,9892630.05,453652.19,22154297.57,89324772.58,88912449.93,389215.27,23107.38,9287121.72,0,2512.62,3403934.33,5870292.41,10382.36,579143100.25,127658835.33,144431810.49,0,978586.74,789599.49,1225580.48,5391706.82,1478601.62,209359.46,98070784.68,60869377.76,380267.01,18553682.38,39899425.73,5355115.24,8478524.31,2250755.75,9567418.42,7207330.89,40502622.16,1692892.1,1972052.07,1325567.92,853203.4,129481130.91,129481130.91,591165.63,78758.3,2869.39,506973.67,2564.27,2684445.47,1227431.71,980524.35,476489.41,1119587439.68,104180474.77,668343576.4,347063388.51,82838478.04,68026742.14,76804.03,150615.69,9628607.58,4955708.6,8432531.1,7986714.03,445817.07,20613891.71,42368.77,88343.33,55301.68,19968128.15,274188.34,185561.44,335992.11,238568.89,21885.91,75537.31,37272.77,37272.77,1925943.96,512.42,49645.3,318547.59,249606.04,111703.42,1146556.72,49372.47,2939984.88,1086978.69,30146.04,89403.77,971094.18,33738.88,728623.32,6441383.13,6441383.13,172803.97,172803.97,451223.23,421766.98,29178.56,277.69,66920.61,9180.43,0,0,57740.18,667748.1,280757.5,239282.52,147708.08,2220.85,2220.85,0,0,0,0,2055025570.6999998,2363117127.49,RO,Rondonia,North,TRUE,TRUE,202410,2024-10-01,confaz_boletim_tributos_estaduais,planilha1,confaz_boletim_tributos_estaduais_20260330.xls,20260330,mapped
12,MS,202410,2024,10,24369437.4,41863022.75,2497602.63,88509011.33,157239074.11,28633629.44,1881441.43,0,30515070.87,28312884.88,21206995.62,6912113.18,193776.08,9667128.75,0,0,5010571.34,4548048.93,108508.48,653348177.46,89764801.84,79870846.8,2610927.72,3294174.82,2341901.11,2364977.5,1941443.03,10681240.38,402317.28,356946064.71,15008727.12,9218866.92,7850682.18,10981176.03,7189705.58,10086456.65,1637350.69,5638369.25,1182603.84,27956185.81,1059260.14,796193.75,1221843.79,3302060.52,196750309.05,196750309.05,1717829.62,367292.79,405296.85,945239.98,0,1891367.45,457342.12,939054.52,494970.81,454455019.11,62831176.91,249298383.16,142325459.04,57083429.68,53384426.56,118066.73,51293.72,3236094.88,293547.79,5639764.35,5208443.85,431320.5,22804389.87,61044.59,34349.73,38257.67,22554631.22,99786.6,16320.06,260002.38,155747.14,0,104255.24,150188.11,150188.11,1339924.9,2322.97,3328.81,289447.68,13762.74,109212.86,847907.29,73942.55,3216268.26,772938.35,15206.18,54939.94,352990.34,92815.56,1927377.89,3116183.96,3116183.96,35863.06,35863.06,56321.03,53882.96,2438.07,0,145110.44,27023.37,280.47,0,117806.6,530322.17,119684.12,289348.19,121289.86,10.13,10.13,0,0,35245201.84,35245201.84,1475765696.5000002,1633004770.6100001,AC,Acre,North,TRUE,TRUE,202410,2024-10-01,confaz_boletim_tributos_estaduais,planilha1,confaz_boletim_tributos_estaduais_20260330.xls,20260330,mapped
13,MG,202410,2024,10,255139297.24,181011741.15,232077742.25,366360493.33,1034589273.97,65850258.14,40781280.02,2389050.02,109020588.18,39874199.51,28054580.32,11595431.15,224188.04,152833588.45,0,5867249.95,135259653.08,9865659.96,1841025.46,3150855296.86,277923790.35,245535005.85,93166796.08,11623659.38,22965736.73,13036106.98,12518464.36,34885578.07,4431448.55,1114450170.94,226147203.45,49982934.91,78612181.77,169512019.78,166458092.2,97093466.47,34769555.05,74565679.6,84125452.17,268519735.07,13315834.08,29129281.55,17330242.59,10756860.88,554931827.46,554931827.46,6567820.19,74345.42,100672.17,6392802.6,0,9841081.53,1320543.64,4123394.87,4397143.02,2342265129.6,160479026.95,1595080116.69,586705985.96,123772631.13,109637613.82,61046.49,299862.44,13380972.55,393135.83,58164936.31,55772617.79,2392318.52,167284501.12,707656.04,178548.01,518001.08,163217476.41,1867629.31,795190.27,11982970.46,10805145.25,150.31,1177674.9,160063.06,160063.06,21104982.73,1803.95,1056042.85,1996758.67,1590835.79,498142.81,15470281.89,491116.77,12157516.01,4379913.84,249694.7,40232.11,3355193.77,240524.66,3891956.93,11929.04,11929.04,973988.53,973988.53,887586.42,872714.51,11726.34,3145.57,1032128.9,249792.93,70033.86,214.57,712087.54,3444362.26,439367.19,2416728.84,588266.23,2631.14,2631.14,0,0,224047553.9,224047553.9,6882196724.610001,7916785998.580001,AM,Amazonas,North,TRUE,TRUE,202410,2024-10-01,confaz_boletim_tributos_estaduais,planilha1,confaz_boletim_tributos_estaduais_20260330.xls,20260330,mapped
14,PR,202410,2024,10,176054227.89,151651999.26,7166962.33,0,334873189.48,29490151.57,7692551.5,222646.75,37405349.82,6572949.14,3936021,2611539.52,25388.62,39146697.41,0,3543991.75,13194.22,35355898.67,233612.77,993390765.09,121531242.05,65540942.64,5427157.2,9967125.86,17479687.34,2636342.73,43548633.15,109488725.27,7040991.31,49123344.67,92499069.39,23975415.46,55676594.73,45968493.84,11113775.18,39418325.59,17000247.39,27870260.31,73593011.6,117297565.09,4153293.45,24039648.28,26968474.18,2032398.38,314853569.85,314853569.85,2546833.93,85045.48,212.33,2461576.12,0,8312555.81,1245120.43,3045173.44,4022261.94,2833598788.87,312079265.93,2115936748.57,405582774.37,144001038.01,107211505.39,1250774.4,1850080.67,17798258.13,15890419.42,23952371.17,22472794.92,1479576.25,96257596.82,1362460.75,5994.24,695657.04,92987249.51,1184030.52,22204.76,61165.21,58047.85,236,2881.36,159674.73,159674.73,1057899.65,692.24,51847.73,261793.73,647210.19,49962.8,46095.57,297.39,3268261.01,525688.19,4909.8,7686.27,2493645.87,16728.87,219602.01,76476.91,76476.91,91871.3,91871.3,78608.37,78464.66,89.7,54.01,5876.11,936.45,153.37,0,4786.29,611233.8,214546.42,370359.4,26327.98,693.73,693.73,0,0,5527546.97,5527546.97,4473572473.889998,4808445663.369999,RR,Roraima,North,TRUE,TRUE,202410,2024-10-01,confaz_boletim_tributos_estaduais,planilha1,confaz_boletim_tributos_estaduais_20260330.xls,20260330,mapped
15,PB,202410,2024,10,57671910.34,4579836.27,2555705.98,8422029.2,73229481.79,6406993.68,4973316.68,0,11380310.36,1695428.55,1627013.15,10492.37,57923.03,4458496.05,414481.83,558847.35,32999.8,3452167.07,0,197327130.59,21111609.77,37122151.32,1835.47,4066019.87,2815395.63,2776697.69,492151.3,1747179.11,976789.8,61742068.95,5577455.92,602745.4,5851379.07,16527594.8,1144859.92,4678536.53,1584454.65,987783.23,1508061.63,21411089.35,1209001.06,2216263.66,1149146.11,26860.35,56315950.78,56315950.78,71496.39,31188.63,0,40307.76,0,759924.34,163439.59,178189.3,418295.45,477227495.28,30476980,256611241.41,190139273.87,16234734,15315101.8,31312.75,52309.58,726105.88,109903.99,6760062.32,6726151.29,33911.03,18671103.22,53897.06,3.75,40472.01,18559983.65,15790.28,956.47,109555.49,109013.31,0,542.18,2844.65,2844.65,94327.77,2227.03,16932.54,1912.22,0.5,47931.6,23631.85,1692.03,697611.15,20976.01,7542.57,5169.58,504234.55,1091.13,158597.31,183.6,183.6,13278.78,13278.78,7856.84,7256.25,7.16,593.43,5481.16,577.01,0,0,4904.15,44210.69,0,22422.78,21787.91,2.2,2.2,0,0,0,0,780497173.8500001,853726655.6400001,PA,Para,North,TRUE,TRUE,202410,2024-10-01,confaz_boletim_tributos_estaduais,planilha1,confaz_boletim_tributos_estaduais_20260330.xls,20260330,mapped
16,PA,202410,2024,10,109120497,5320361,251157244,395648193,761246295,17291594,3792485,249570,21333649,9610022,4777487,4802556,29979,128588748,0,10034,124121743,2380190,2076781,604006356,47591392,134956767,374728,128355,951933,3182879,7842153,987517,288653,208176701,21789841,1253276,11972730,23226012,34445411,2607699,1949062,6225511,41361569,44489033,3678261,1888803,616836,4021234,193006007,193006007,1164710,65544,4710,1094430,26,6393537,815339,3749602,1828596,761445096,64329271,514319193,182796632,69664339,47643438,17187960,127259,4415358,290324,13216487,12808059,408428,35158973,26629,124334,23512,34675690,104335,204473,466780,463416,49,3315,56124,56124,2390424,5662,23134,611473,3436,44043,1613193,89483,5006940,1655804,36143,59935,2241135,207712,806211,108286,108286,39434,39434,3143242,3142955,0,287,232434,15263,0,0,217171,5664551,5175946,344951,143654,5,5,0,0,205984832,205984832,2045347327,2806593622,AP,Amapa,North,TRUE,TRUE,202410,2024-10-01,confaz_boletim_tributos_estaduais,planilha1,confaz_boletim_tributos_estaduais_20260330.xls,20260330,mapped
17,PE,202410,2024,10,102153852.56,20182666.26,35273139.2,35897264.35,193506922.37,11206936.98,2905221.47,1917898.04,16030056.49,1993683.32,1748858.16,61570.13,183255.03,12450601.91,0,6724295.92,1322.8,5688310.59,36672.6,620043926.56,85977655.22,100427475.32,11977.03,4128024.48,7737848.23,971642.79,2424720.89,10237125.96,1106927.2,109907493.61,56125027.78,11687436.57,26988539.2,29232902.54,8446475.22,16848388.92,4215979.75,11193789.23,9777815.38,104576000.86,6913393.41,5535244.29,3014697.64,2557345.04,179624329.35,179624329.35,1089907.5,137699.98,14782.25,937425.27,0,86081.08,52689.63,5878.09,27513.36,1325689589.68,83471520.57,882634351.35,359583717.76,61055648.99,51065968.78,2242332.91,235833.62,7369788.89,141724.79,21401993.42,19573515.7,1828477.72,40743297.88,80756.93,210546.11,169155.34,39979315.63,275496.43,28027.44,1147898.98,947976.29,400.34,199522.35,17795.72,17795.72,2609042.67,1409.45,79860.36,59140.88,236883.74,125902.42,2037423.4,68422.42,3056555.55,1352181.99,47570.42,526820.5,1028368.17,69207.14,32407.33,39297.79,39297.79,169770.34,169770.34,101639.04,99741.41,1189.05,708.58,219312.34,29796.56,4260.6,0,185255.18,1471444.67,72382.17,1046967.28,352095.22,340.81,340.81,0,0,92515784.91,92515784.91,2365527942.51,2559034864.88,TO,Tocantins,North,TRUE,TRUE,202410,2024-10-01,confaz_boletim_tributos_estaduais,planilha1,confaz_boletim_tributos_estaduais_20260330.xls,20260330,mapped
18,PI,202410,2024,10,10617422.88,3202628.52,26350758.58,5161425.69,45332235.67,1461314.13,299709.08,0,1761023.21,7012276.6,6882532.27,108065.19,21679.14,2204092.63,0,31794.91,29175.95,2143121.77,0,212261256.84,11777374.23,56792241.9,6860.04,33274.5,402367.81,51549.06,52550.56,61634.29,33930.77,96112657.29,12237247.14,398349.67,4322943.93,5180181.01,186303.53,762529.3,592803.11,608118.93,1222493.92,18519072.64,1418857.34,738920.04,372089.02,376906.81,76184648.05,76184648.05,22241.75,4927.32,98.8,17215.63,0,2495361.77,773068.97,1358216.09,364076.71,268150374.6,22028967.6,129114820,117006587,8712926.61,6950360.06,20227.43,7675.76,1565133.82,169529.54,2831114,2692146.08,138967.92,15954440.09,3179.19,51283.16,23442.49,15682040.43,31182.94,163311.88,24760.93,24529.8,0,231.13,16869.65,16869.65,1165934.04,0,6088.67,92349.99,0,113865.78,941289.31,12340.29,1964167.47,349568.76,553.27,53540.99,412393.18,28242.35,1119868.92,2465.93,2465.93,43755.64,43755.64,36134.01,36042.93,91.08,0,145673.12,10955.74,0,0,134717.38,747128.74,19423.85,635091.42,92613.47,349.27,349.27,9070.45,9070.45,57964128.52,57964128.52,657949170.7099999,703281406.3799999,,,,,,202410,2024-10-01,confaz_boletim_tributos_estaduais,planilha1,confaz_boletim_tributos_estaduais_20260330.xls,20260330,unmapped
19,RJ,202410,2024,10,115904117.6,148700641.6,1235012.32,566873683.6,832713455.12,36183445.86,16604049.65,2219037.08,55006532.59,2045995.5,1778024.79,230678.19,37292.52,315982598.86,0,219137829.3,1933916.14,4151731.44,90759121.98,888605431.16,26421557.92,142296841.7,77553.75,3267199.05,12782660.29,2440032.36,462208.8,10702163.44,1530748.89,284158027.8,71160264.5,41449617.42,48221814.98,49112289.56,34867506.25,25947733.65,1266224.33,2219206.16,30158520.36,41948265.97,1552367.67,2715868.35,20976473.43,32870284.53,552207226.2,552207226.2,2894316.01,267069.27,49714.46,2573096.89,4435.39,9173227.06,381900.09,2731161.79,6060165.18,1096142214.27,33678507.37,655697892.5,406765814.4,256917900.23,164645264.8,13835859.72,8806370.62,69208070.07,422335.02,51175579.73,46536765.63,4638814.1,155005640.76,344364.81,494822.54,1575032.62,150263800.3,842351.08,1485269.41,1643927.66,1621454.37,2430.67,20042.62,142907.91,142907.91,25310075.7,1783.08,642901.26,11860413.5,10510829.02,449175.34,1690132.72,154840.78,12607865.91,7012602.42,221477.06,109356.75,2241761.06,570152.18,2452516.44,74283.13,74283.13,407436.68,407436.68,101426.32,85182.83,2395.03,13848.46,1589021.65,128092.88,33172.34,159.25,1427597.18,2870206.22,288361.66,1866699.29,715145.27,219.1,219.1,0,0,821216826.1,821216826.1,4196114326.159999,5028827781.279999,,,,,,202410,2024-10-01,confaz_boletim_tributos_estaduais,planilha1,confaz_boletim_tributos_estaduais_20260330.xls,20260330,unmapped
20,RN,202410,2024,10,48597612.35,8547268.53,0,0,57144880.88,0,0,0,0,3015649.73,1820409.89,26379.06,1168860.78,30260181.72,0,12479278.85,68609.42,16553155.08,1159138.37,242913908.84,25710598.42,39350611.34,0,1301188.86,8686498.33,124305.21,232963.96,403776.21,504872.4,123683062.8,4214506.04,413391.09,4696525.23,7003925.46,407671.6,1478066.18,667824.12,4843331.77,1642899.49,12881745.33,960772.94,1019350.32,1304708.21,1381313.53,108622500,108622500,658635.6,46867.61,2.04,611765.95,0,2124373.07,516248.9,494572.79,1113551.38,327062741.71,28166472.11,165083667.6,133812602,8444961.73,6519612.7,1191393.6,16183.27,653981.2,63790.96,9568761.13,8319501.01,1249260.12,22885930.72,24069.45,83388.04,14035.87,22583893.58,166130.26,14413.52,149673.96,146598.31,0,3075.65,41026.41,41026.41,1934832.39,6543.25,25208.71,559370.76,4176.62,85584.01,1195191.7,58757.34,2560028.59,936018.89,43905.07,7515.75,356521.29,206987.8,1009079.79,1079.45,1079.45,52567.78,52567.78,96602.08,86590.35,619.33,9392.4,138220.4,47073.75,0,0,91146.65,788248.72,136684.38,518839.98,132724.36,191.24,191.24,0,0,32350168.96,32350168.96,793670284.2300003,850815165.1100003,,,,,,202410,2024-10-01,confaz_boletim_tributos_estaduais,planilha1,confaz_boletim_tributos_estaduais_20260330.xls,20260330,unmapped
21,RS,202410,2024,10,75325586.39,141989961.9,25475768.81,31714.13,242823031.23,121960573.6,46810391.79,1745321.19,170516286.58,36148057.67,33995822.75,1916815.27,235419.65,11424719.51,403763.22,0,7813.5,10815718.58,197424.21,2079533506.45,235678765.9,243289478.5,9546470.03,11246840.84,13073095.47,43864666.87,18044263.3,41434649.32,5556608.31,597462284.1,176760243.8,3633583.67,86390872.04,56991883.77,31695150.88,86759113.14,21861608.12,23818030.76,117262814.1,193860233.5,2632125.27,35250873.79,19148161.78,4271689.19,272716021,272716021,2701298.34,9074.16,282.29,2691941.89,0,4563897.33,362600.03,1229596.09,2971701.21,1389520458.5,129202816.6,690211247.1,570106394.8,92371083.22,84785968.46,2397444.54,282983.47,4735417.42,169269.33,39967500.52,39069355.75,898144.77,111756328.13,1045729.35,184725.65,156463.93,109706598.6,348137.65,314672.95,32467.74,32409.98,57.76,0,6468.37,6468.37,1275440.6,524.69,60092.79,966101.38,4397.06,55441.19,91558.64,97324.85,3198774.03,453659.12,3291.43,193432.15,1064168.44,101762.14,1382460.75,73532.25,73532.25,187404.83,187404.83,413694.02,413123.64,378.9,191.48,272632.71,144966.66,2061.55,0,125604.5,2051248.86,248202.86,1650294.34,152751.66,1465.3,1465.3,0,0,164158722.7,164158722.7,4212374722.08,4455197753.309999,MA,Maranhao,Northeast,TRUE,TRUE,202410,2024-10-01,confaz_boletim_tributos_estaduais,planilha1,confaz_boletim_tributos_estaduais_20260330.xls,20260330,mapped
22,RO,202410,2024,10,33382011.54,3871883.87,212108.92,54962053.34,92428057.67,6190128.2,1850443.66,0,8040571.86,1932813.07,1862307.22,63819.22,6686.63,3577559.98,0,0,1594304.71,1983255.27,0,100681775.45,22332620.56,37366365.5,0,43198.78,225564.81,2818070.93,562249.93,172503.55,88626.43,5401323.81,7313610.24,80001.76,1413820.75,7030088.11,942263.69,2484723.59,320777.41,92181.25,181401.34,9082638.77,1021010.5,702889.35,766508.39,239336,67115000.17,67115000.17,209054.78,146225.83,0,62828.95,0,1524723.41,540829.73,603213.99,380679.69,263658688.08,42067311.58,107187189.8,114404186.7,6439957.34,3110985.76,528987.72,10586.22,2778179.54,11218.1,2253315.84,2111759.2,141556.64,10903190.08,20924.9,44638.28,15607.13,10799140.88,14099.13,8779.76,225269.93,18377.37,38369.78,168522.78,10154.86,10154.86,743634.74,0,15191.51,112682.75,3893.25,92417.07,508657.67,10792.49,1499366.32,317143.29,352.59,9949.44,722102.18,49675.73,400143.09,0,0,33236.25,33236.25,143955.9,143116.82,839.08,0,63269.91,16945.29,3845.18,0,42479.44,298132.98,30248.23,172301.78,95582.97,23.6,23.6,0,0,50390986.77,50390986.77,511704109.46000004,604132167.13,PI,Piaui,Northeast,TRUE,TRUE,202410,2024-10-01,confaz_boletim_tributos_estaduais,planilha1,confaz_boletim_tributos_estaduais_20260330.xls,20260330,mapped
23,RR,202410,2024,10,9939365.99,666007.99,23022.03,53827201.21,64455597.22,423699.76,0,0,423699.76,460820.97,429888.18,7967.05,22965.74,747569.91,0,0,0,747569.91,0,49020044.09,2175414.99,10925494.44,0,12267.22,48428.37,655.78,197944.89,7403.78,47175.39,27032964.25,937892.14,37230.89,639563.58,1863873.19,7491.08,40133.29,466447.66,35447.57,226684.09,4037774.62,100075.65,34809.72,55513.37,89358.13,20973826.39,20973826.39,8875.68,0,0,8875.68,0,570170.51,276160.56,42297.05,251712.9,81804808.69,5362881.01,39594111.1,36847816.58,1339445.4,1014235.77,0,151443.92,132997.44,40768.27,926377.57,900827.49,25550.08,4453937.72,7353.44,11013.48,0,4428795.74,5255.33,1519.73,1589.06,1457.06,0,132,1014.19,1014.19,108674.2,0,10031.95,3273.25,0,6371.27,82457.64,6540.09,357152.24,80749.57,4432.54,22091,105510.34,19248.37,125120.42,736,736,1170.85,1170.85,26984.24,26984.24,0,0,2726.22,195.33,0,0,2530.89,130701.64,8661.48,52546.65,69493.51,3.05,3.05,0,0,11067985.09,11067985.09,172004613.71,236460210.93,CE,Ceara,Northeast,TRUE,TRUE,202410,2024-10-01,confaz_boletim_tributos_estaduais,planilha1,confaz_boletim_tributos_estaduais_20260330.xls,20260330,mapped
24,SC,202410,2024,10,335934209.6,54212611.51,95758719.53,76217.33,485981757.97,60106454.93,1134523.31,2405094.89,63646073.13,9761983.86,3503977.63,5742990.72,515015.51,9106875.4,12018.96,3.74,1800.76,7818344.73,1274707.21,1360709791.23,105112851.6,254937618.8,1923237.96,37832340.96,48315422.54,2174884.61,15401495.61,38758236.18,4914800.65,341969363.3,50610894.5,2909763.48,67459975.2,39139396.76,27065282.65,36668427.04,7620379.25,60253026.4,78624336.99,95870288.09,14839219.26,15089365.88,8653383.64,4565799.88,224967952,224967952,2321382.58,193639.41,6756.4,2116857.83,4128.94,10706433.99,1481451.63,4228692.01,4996290.35,1692667953,128383064.8,792517824.3,771767063.9,137129018.27,118598272.4,909927.69,186045.41,17283979.41,150793.36,50046564.94,47505101.22,2541463.72,82972071.12,3410483.06,238577.53,163357.49,76834449.21,1872922.71,452281.12,1992209.96,1944357.75,0,47852.21,787590.35,787590.35,17941587.77,365.55,6302958.43,2086702.42,52269.87,905636.43,8276760.16,316894.91,7053782.38,2818152.02,25211.45,132669.38,1308925.79,264138,2504685.74,10408503.07,10408503.07,309375.3,309375.3,139877.28,60465.56,1494.68,77917.04,2788851.33,112714.09,176982.11,20.4,2499134.73,3323902.22,809945.2,1730128.52,783828.5,3659.8,3659.8,0,0,40867885.94,40867885.94,3666007251.7900004,4151989009.76,RN,Rio Grande do Norte,Northeast,TRUE,TRUE,202410,2024-10-01,confaz_boletim_tributos_estaduais,planilha1,confaz_boletim_tributos_estaduais_20260330.xls,20260330,mapped
25,SP,202410,2024,10,934604094.71,1004086842.05,1153673355.84,0,3092364292.6,121949226.78,166037126.35,24471138.11,312457491.24,64069173.46,61665397.29,2396162.26,7613.91,50099369.6,1716.07,3228103.63,238199.74,41725577.58,4905772.58,9424305978.92,756574786.38,497313310.66,5423569.04,104339134.26,59660408.54,12489549.74,20717316.59,294160233.81,39298493.68,2187671074,1370662090.43,298288373.29,556518227.7,270967711.22,242837436.61,320909735.74,219049193.36,294114104.48,423451219.78,1177905422.87,34516314.04,45497791.42,141741338.37,50199142.91,915166839.5,915166839.5,17008472.87,3400958.88,106294.94,13386538.76,114680.29,30158255.95,2677277.33,6624250.01,20856728.61,6897328343.5,460026925.83,4814283470.85,1623017946.82,757163150.57,529250785.43,3626585.84,10120550.53,174958680.66,39206548.11,154611943.52,147190201.73,7421741.79,648536158.19,15629915.36,1429772.85,1138178.21,552547521.94,23150506.29,54640263.54,19383818.83,14965512.19,296868.79,4121437.85,1384054.37,1384054.37,59084921.87,1163.98,10246700.61,10634440.89,18096094.48,2909250.3,16869848.88,327422.73,91030504.11,24084065.52,684164.87,183380.81,10486476.64,1908869.62,53683546.65,204075.67,204075.67,1100996.85,1100996.85,3377077.64,2887472.51,17095.59,472509.54,6390714.88,751073.5,511098.63,0,5128542.75,19225292.26,2862915.12,14442928.61,1919448.53,6431.82,6431.82,0,0,878930219.69,878930219.69,20038565794.069996,23130930086.669994,PB,Paraiba,Northeast,TRUE,TRUE,202410,2024-10-01,confaz_boletim_tributos_estaduais,planilha1,confaz_boletim_tributos_estaduais_20260330.xls,20260330,mapped
26,SE,202410,2024,10,28959406.31,3334588.95,1156621.8,2859733.15,36310350.21,4628522,533910.31,35126.4,5197558.71,388501.14,285574.12,52944.79,49982.23,10843031.07,0,3462966,0,7380065.07,0,95772207.53,10208514.08,3923347.28,42173.43,1089015.6,578103.75,909432,101200.85,235173.07,0,21501631.09,29990507.24,384944.11,3135272.13,7748321.08,758758.82,1937986.07,706933.92,598722.67,698898.23,9160883.33,733645.41,851517.35,477226.02,0,25802070.25,25802070.25,109002.36,58663.81,0,50338.55,0,0,0,0,0,203227594.27,18865334.13,91123830.71,93238429.43,6390176.8,6015535.62,5274.74,85051.71,284314.73,0,4569791.19,4569791.19,0,11112636.85,0,0,4976.73,11107660.12,0,0,0,0,0,0,0,0,0,0,0,0,0,0,0,0,325087.54,0,0,0,324791.08,0,296.46,0,0,0,0,0,0,0,0,0,0,0,0,0,0,0,0,0,0,0,0,0,19988238.47,19988238.47,378528337.47,414838687.68,PE,Pernambuco,Northeast,TRUE,TRUE,202410,2024-10-01,confaz_boletim_tributos_estaduais,planilha1,confaz_boletim_tributos_estaduais_20260330.xls,20260330,mapped
27,TO,202410,2024,10,187060559.1,6978464.65,4861660.12,737648.43,199638332.3,4218608.99,8223032.8,16834.31,12458476.1,10380088.82,9096756.91,1271657.82,11674.09,2875918.46,0,0,259490.62,2616427.84,0,223881603.59,18290562.96,39294606.07,12028.5,30161.78,170184.2,839837.86,10405.21,74986.52,59964.71,135945080.96,6493943.33,128288.84,1878239.56,7430703.54,254269.43,796456.43,244654.67,51976.6,267689.78,9224270.9,623319.69,147097.88,1025937.51,586936.66,51912963.78,51912963.78,395077.42,360969.56,0,34107.86,0,560103.58,93026.99,92048.09,375028.5,174313985.22,24189123.76,92799101.64,57325759.82,8674175.66,7468695.58,15392.19,11711.04,1134815.94,43560.91,2180951.16,2043716.83,137234.33,8949558.23,3189.19,0,13097.32,8898511.32,24688.43,10071.97,27075.79,27075.79,0,0,10814.02,10814.02,665485.38,0.84,3016.84,6974.55,176517.02,4271.37,464517.72,10187.04,196710.9,20052,0,2140.37,164650.46,1989.08,7878.99,0,0,5650.58,5650.58,855.92,855.92,0,0,3574.92,0,0,0,3574.92,83628.57,2984.26,73958.35,6685.96,0,0,0,0,37330759.68,37330759.68,522448981.68000007,722087313.98,AL,Alagoas,Northeast,TRUE,TRUE,202410,2024-10-01,confaz_boletim_tributos_estaduais,planilha1,confaz_boletim_tributos_estaduais_20260330.xls,20260330,mapped
1,AC,202411,2024,11,6690171.31,969879.49,5447674.07,0,13107724.87,1894630.88,0,151.03,1894781.91,3057186.69,3051753.38,560.15,4873.16,298297.69,0,0,0,298297.69,0,44103199.33,3637691.4,13285843.71,525.44,12733.57,152180.1,160157.58,332812.63,8268.85,43171.91,15406765.78,924234.94,78686.2,681512.95,1811521.61,7785.61,274160.08,469395.03,179933.21,124972.15,5710335.3,423373.04,143709.02,155540.1,77889.12,20390695.12,20390695.12,14238.67,3793.4,0,10445.27,0,1148040.81,507749.19,68714.54,571577.08,109153995.54,5891118.69,64008595.24,39254281.61,445692.91,278734.87,55092.48,32435.36,61114.31,18315.89,975379.69,898115.86,77263.83,5770874.1,54709.8,49802.35,15193.94,5561792.59,79566.03,9809.39,19287.03,14947.68,0,4339.35,15839.4,15839.4,309176.94,1356.52,2658.97,130895.94,0,20332.26,117230.83,36702.42,501236.49,35756.03,15186.48,1020.59,202818.24,13786.21,232668.94,0,0,18366.74,18366.74,7929.01,7926.31,2.7,0,94188.35,16458.83,0,0,77729.52,221830.2,6527.09,142326.64,72976.47,14.93,14.93,0,0,15046631.96,15046631.96,201592101.60000002,214699826.47000003,,,,,,202411,2024-11-01,confaz_boletim_tributos_estaduais,planilha1,confaz_boletim_tributos_estaduais_20260330.xls,20260330,unmapped
2,AL,202411,2024,11,28518579.88,4286104.64,716041.07,17543221.42,51063947.01,4490810.35,85827.29,23992.76,4600630.4,1693089.96,1568724.47,87103.15,37262.34,7043736.47,0,918811.08,642254.93,3960579,1522091.46,234777294.7,23784045.7,61461194.82,282760.64,340336.26,896796.73,179110.26,383680.47,898405.98,205563.25,72749802.76,17227034.26,644274.98,11584020.94,7075163.33,1906258.88,2328827.9,2286192.33,1931095.49,3131756.27,19736581.78,1825902.97,2690809.58,730019.62,497659.5,72187434.65,72187434.65,532013.73,14051.01,3972.45,511890.04,2100.23,2134846.53,235566.58,1326973.56,572306.39,400648450.65,26995406.35,234929871.56,138723172.74,23075942.9,15083985.65,1077856.83,1542769.21,1754245.07,3617086.14,9859142.33,7713945.93,2145196.4,15035138.96,81040.98,87026.44,63589.47,14481251.48,296752.12,25478.47,232452.26,215491.77,15453.53,1506.96,93601,93601,1587339.36,5460.59,64266.87,187174.05,7363.47,76017.1,1206211.48,40845.8,1744786.32,420372.84,18749.94,79663.66,330036.57,64667.52,831295.79,2940.79,2940.79,40318.26,40318.26,70400.64,65965.52,48.62,4386.5,77542.81,19377.84,16.19,0,58148.78,566328.21,23092.55,371947.06,171288.6,226.16,226.16,0,0,968968.08,968968.08,772371994.77,823435941.78,,,,,,202411,2024-11-01,confaz_boletim_tributos_estaduais,planilha1,confaz_boletim_tributos_estaduais_20260330.xls,20260330,unmapped
3,AP,202411,2024,11,6020361.87,195549.44,5097132.2,49607968.56,60921012.07,652916.13,0,0,652916.13,45404.14,33387.89,11975.69,40.56,84498.38,0,0,47807.33,36691.05,0,29268613.68,1781800.53,11718266.02,0,278.75,49595.73,1482.53,257128.01,441330.38,8925.86,3931168.49,1049482.05,62607.98,864017.96,1716502.64,35072.33,308179.78,560810.05,1360506.75,105374.12,4693080.96,109967.76,55384.92,93633.22,64016.86,13215726.92,13215726.92,270341.95,255366.61,4.44,14970.9,0,197831.37,135820.77,23463.92,38546.68,71583081.02,4834695.42,49401438.44,17346947.16,1337164.97,729846.42,484469.86,7339.99,107425.9,8082.8,228849.89,213172.84,15677.05,5997163.32,57.64,66734.25,302.3,5921772.84,7627.7,668.59,3105.55,3103.76,0,1.79,2296.23,2296.23,94310.23,95.83,311.62,16062.85,0,2447.22,73867.78,1524.93,159332.7,24258.32,0,90.37,115731.81,796.06,18456.14,0,0,2128.92,2128.92,27368.06,26387.86,980.2,0,3591.64,4.71,0,0,3586.93,51148.69,14795.69,21294.54,15058.46,0,0,0,0,13681845.21,13681845.21,136253802.87,197174814.94,,,,,,202411,2024-11-01,confaz_boletim_tributos_estaduais,planilha1,confaz_boletim_tributos_estaduais_20260330.xls,20260330,unmapped
4,AM,202411,2024,11,46888304,3076754.2,29529175.72,113220066.7,192714300.62,5674012.62,3825649.45,6721.91,9506383.98,180944.78,144340.35,31021.54,5582.89,70663644.58,0,67854639.39,2428820.09,380185.1,0,599499316.16,8814551.43,67349870.57,0,318862.19,321768.36,29776.98,989418.05,2648035.61,378776.41,11666654.36,13700327.75,3477975.75,21744711.55,4069188.48,5532113.05,18276352.16,243249384,24983132.92,21533720.35,27118017.5,118047349.1,783332.92,4108622.43,357374.24,65167120.82,65167120.82,1494896.13,969813.97,0,525082.16,0,443401.92,0,51418.61,391983.31,495452537.9,30897474.3,235201303.2,229353760.4,94873301.06,62662325.29,23094854.74,175096.92,8890583.87,50440.24,8039681.08,8038713.7,967.38,26120602.95,42034.9,1411.58,99940.17,25537654.45,438711.74,850.11,0,0,0,0,0,0,0.96,0,0,0,0,0.96,0,0,1537215.7,0,0,17203,1519990.03,0,22.67,0,0,0,0,0,0,0,0,34127.44,0,32533.44,0,1594,200760.27,4009.04,189398.28,7352.95,0,0,0,0,74879552.94,74879552.94,1438587104.69,1631301405.31,,,,,,202411,2024-11-01,confaz_boletim_tributos_estaduais,planilha1,confaz_boletim_tributos_estaduais_20260330.xls,20260330,unmapped
5,BA,202411,2024,11,184789147.53,38470676.24,134168872.47,344606297.6,702034993.84,79955920.9,0,0,79955920.9,18340434.4,16986438.82,875077.91,478917.67,38142188.31,0,16704654.63,5325321.76,11305101.64,4807110.28,1581791664.72,111522219.8,280618368.8,139370.09,8024810.19,3991571.59,5942928.83,1121341.63,21159489.82,464009.01,629368395.7,199751983,5226125.28,68749061.02,56023692.34,18578439.83,15132181.13,4180457.28,10049510.34,9932907.66,113780644.2,4392171.67,6987745.94,3431344.17,3222895.4,343984142.7,343984142.7,6390359.35,5271877.24,3945.83,1113763.68,772.6,1443851.39,222656.96,530900.29,690294.14,840799464.97,94393386.17,746406078.8,0,59169148.53,49077844.09,836132.56,148341.37,8546077.11,560753.4,34287430.5,29161546.28,5125884.22,68646425.4,318569.75,292526.86,253962.33,65708131.85,1681554.32,391680.29,151630.44,151630.44,0,0,0,0,0,0,0,0,0,0,0,0,0,0,0,0,0,0,0,0,0,0,0,0,0,0,0,0,0,0,0,0,0,0,0,0,0,0,0,0,103980285.65,103980285.65,3097127026.3600006,3799162020.200001,,,,,,202411,2024-11-01,confaz_boletim_tributos_estaduais,planilha1,confaz_boletim_tributos_estaduais_20260330.xls,20260330,unmapped
6,CE,202411,2024,11,35719288.32,12107933.95,1567490.56,608806.68,50003519.51,8032771.94,6114157.77,466553.9,14613483.61,2138222.15,985697.33,29205.21,1123319.61,9736021.13,0,2956346.47,5385.89,6774288.77,0,692617043.06,60723438.62,104518833.88,68618.43,10011240.53,15036317.32,23298560.73,1315263.74,7555193.19,957045.42,306108477.57,25253831.94,3561028.62,21067545.98,28913283.14,6573374.2,11095278.22,2551810.67,8250969.32,5133873.16,37494285.24,3829122.55,5799137.16,3405262.22,95251.21,188392814.31,188392814.31,554158.08,105131.43,82540.82,366485.83,0,3572217.64,1469647.19,937933.34,1164637.11,894534343.04,72393073.64,577709484,244431785.4,32858251.21,25972250.35,2550854.81,285322.17,3624400.6,425423.28,19963908.95,18160671.76,1803237.19,45787623.94,462909.63,43509.15,196561.26,45067481.66,17162.24,0,871467.81,301702.22,569721.27,44.32,71531.49,71531.49,166146.87,334.39,36.79,153539.59,1871.25,3049.16,5854.84,1460.85,2495546.77,366498.31,17571.39,183.76,1586898.11,24215.92,500179.28,13919903.07,13919903.07,138946.01,138946.01,481476.21,470028.9,0,11447.31,17496.47,1589.2,0,0,15907.27,131082.14,52804.06,4702.37,73575.71,0,0,0,0,48689569.97,48689569.97,1957137770.32,2007141289.83,,,,,,202411,2024-11-01,confaz_boletim_tributos_estaduais,planilha1,confaz_boletim_tributos_estaduais_20260330.xls,20260330,unmapped
7,DF,202411,2024,11,50597140.43,23037089.66,12473074.44,3475949.63,89583254.16,8749976.33,7901691.19,416156.74,17067824.26,4708622.66,4670939.09,37033.48,650.09,197832.77,0,0,1987.23,195845.54,0,203716033.35,14584065.21,44279527.21,135798.21,304625.13,510069.16,32557.12,266875.33,264070.67,98580.74,34484322.15,3950365.14,5490359.66,3971504.67,13365041.4,737920.01,4820275.52,3752548.93,3414898.27,1391715.81,62655419.13,2197853.8,1252256.25,1755339.48,44.35,97175143.11,97175143.11,750213.12,3061.8,5276.78,741874.54,0,3775.17,2183.73,1489.65,101.79,550071191.86,48102344.06,368518324,133450523.8,11574745.05,9792859.59,36.35,234942.97,1431558.69,115347.45,15414447.57,15387019.4,27428.17,45768583.94,27882.59,827.92,121853.84,45618018.59,0,1,2042.28,0,0,2042.28,0,0,2761.06,0,0,0,0,2761.06,0,0,394999.51,5.06,0,0,317986.45,0,77008,0,0,25.87,25.87,0,0,0,0,22.38,22.38,0,0,0,1150.94,0,1149.79,1.15,0,0,0,0,94063910.71,94063910.71,1023845501.3499999,1113428755.51,,,,,,202411,2024-11-01,confaz_boletim_tributos_estaduais,planilha1,confaz_boletim_tributos_estaduais_20260330.xls,20260330,unmapped
8,ES,202411,2024,11,32108592.27,18282059.26,65454608.57,19771693.75,135616953.85,8930543.2,29745.92,33625.65,8993914.77,2989136.84,2379391.05,603539.93,6205.86,235096632.04,0,225180153.17,1308486.65,7691575.39,916416.83,346628707.61,30856086.79,67884296.85,0,558030.14,3254256.27,187015.94,2127492.82,12735109.34,267722.62,53915871.93,23507123.44,2788878.05,8963390.99,27390679.72,59928957.72,15078451.74,1122436.1,3840771.41,3055514.49,17508754.95,1869105.86,2913941.81,4256322.77,2618495.86,120450286.65,120450286.65,2284478.81,46645.92,0,2237832.89,0,3099924.91,397641.2,802879.01,1899404.7,781845476.8,72308589.81,500293948.97,209242938.02,144556712.6,59922896.23,5908356.79,9314.78,78591862.12,124282.68,12574508.92,12110395.59,464113.33,30076081.15,49246.22,57689.66,88658.85,29112286.97,159861.13,608338.32,1187339.36,1187339.36,0,0,3212894.24,3212894.24,2549810.54,0,222182.06,695042.89,0,61393.56,1541676.12,29515.91,2782920.87,1488285.6,10346.54,8596.6,418649.5,50338.79,806703.84,0,0,50585.5,50585.5,99707.11,99589.92,117.19,0,43672.81,9946.5,0,0,33726.31,691696.58,56412.4,357473.27,277810.91,284.9,284.9,0,0,123691689.97,123691689.97,1813912548.2099996,1949529502.0599995,,,,,,202411,2024-11-01,confaz_boletim_tributos_estaduais,planilha1,confaz_boletim_tributos_estaduais_20260330.xls,20260330,unmapped
9,GO,202411,2024,11,222832267.2,99915536.91,170408450.1,300016404,793172658.21,25339438.31,16554730.56,925950.92,42820119.79,52413584.1,49261063.18,3099650.99,52869.93,12852908.93,5064,983631.74,5071499.47,6499122.11,293591.61,812583311.76,149973850.1,117915513.3,316554.06,2261312.18,8721436.74,1669259.94,1271630.92,6478822.39,1416188.53,300272719.6,55531905.26,21345490.84,21361289.56,20011179.86,2354107.97,15583097.58,2692307.86,2500794.83,13642617.18,54159357.76,2346075.44,4612473.82,3587753.93,2557572.11,204274536,204274536,3985123.8,1968561.78,103589.06,1912972.96,0,3069208.31,411991.41,804172.04,1853044.86,1262929677.8,128215227.4,794612466,340101984.4,71218086.57,64897727.99,5915.06,376669.06,5214753.17,723021.29,18390712.24,16246234.43,2144477.81,53647890.47,84884.3,205076.04,72630.34,52958581.31,204981.29,121737.19,114865.89,105183.88,9287.82,394.19,236935.93,236935.93,2914026.64,32915.5,336251.58,913011.93,33508.69,1166995.35,320743.52,110600.07,11134024.43,1489765.24,75003.74,81249.8,1056626.33,62164.43,8369214.89,8318.86,8318.86,119420.61,119420.61,453240.7,452703.94,207.71,329.05,415876.47,40834.89,971.34,0,374070.24,999197.23,215017.04,562527.01,221653.18,1401.99,1401.99,0,0,102499819.8,102499819.8,2614262168.529999,3407434826.739999,,,,,,202411,2024-11-01,confaz_boletim_tributos_estaduais,planilha1,confaz_boletim_tributos_estaduais_20260330.xls,20260330,unmapped
10,MA,202411,2024,11,31459939.94,5217461.67,22713365.85,41774127.91,101164895.37,5420810.89,24594932.39,34058.22,30049801.5,8007333.09,7115120.25,798539.49,93673.35,35846102.64,0,7758207.65,25248141.26,2558533.35,281220.38,269039810.17,11568006.44,117986094.7,11961.34,552836.42,906852.79,293377.79,655432.28,5093007.08,244100.46,6103685.03,43441217.9,824592.53,5998360.86,14218672.15,18597574.22,1305816.59,1443097.35,325820.69,3061682.51,30243577.82,3052546.45,1693422.03,841288.84,576785.9,147178983.4,147178983.4,446812.99,75596.43,41872.92,328694.94,648.7,5002439.89,1473993.98,2376574.17,1151871.74,803191315.9,43358593.1,562203445.2,197629277.6,21974299.95,18361600.66,881670.83,36870.76,2494754.44,199403.26,5660268.53,5301363.19,358905.34,26978051.65,34219.47,95746.76,42833.28,26424712.55,351281.07,29258.52,309017.04,307604.91,0,1412.13,145726.98,145726.98,5668110.49,4514.64,22004.16,303142.08,1197.26,55192.05,5204327.5,77732.8,2258653.86,862119.64,28596.3,21357.7,739942.08,48489.78,558148.36,0,0,67167.51,67167.51,105597.35,104020.22,1577.13,0,152431.54,5637.87,300,0,146493.67,573856.73,41560.83,326793.86,205502.04,69.95,69.95,0,0,47189012.46,47189012.46,1379795062.12,1480959957.4899998,,,,,,202411,2024-11-01,confaz_boletim_tributos_estaduais,planilha1,confaz_boletim_tributos_estaduais_20260330.xls,20260330,unmapped
11,MT,202411,2024,11,63908902.06,15044809.67,13804390.19,185187334.8,277945436.72,15439014.26,8006626.91,473726.89,23919368.06,83671284.11,83191046.82,405199.06,75038.23,9286590.83,0,2142.42,3296353.74,5979286.58,8808.09,589181380.61,145403782.5,136258468.1,6259.83,1328160.78,871934.43,1222393.08,5108668.07,1540011.76,173827.08,107784573,47658144.27,414116.13,19226328.08,38914071.91,4909739.97,8690211.31,2437525.68,10111819.23,8491995.67,42024032.23,2012864.39,2148215.57,1521291.9,922945.64,147772688.1,147772688.1,675130.26,80869.64,12810.45,578335.27,3114.9,1616605.3,697690.22,521824.48,397090.6,1244998738.6,107296419.8,738422972.3,399279346.5,85673563.8,69800724.33,96703.38,139283.28,9926527.91,5710324.9,8650286.78,8207699.76,442587.02,24520763.39,37129.54,116226.97,116427.91,23711916.63,341350.29,197712.05,427387.14,368985.07,2322.12,56079.95,43536.92,43536.92,2450321.77,9849.06,18154.45,436945.07,652827.19,222705.39,1049140.71,60699.9,2734459.14,1092238.13,44924.96,58033.22,832966.13,38056.95,668239.75,11505824.78,11505824.78,186422.71,186422.71,185352.88,181430.64,3347.06,575.18,112441.33,10492.62,0,0,101948.71,720646.34,247228.58,242099.03,231318.73,1688.01,1688.01,0,0,0,0,2214415112.8000007,2492360549.5200005,RO,Rondonia,North,TRUE,TRUE,202411,2024-11-01,confaz_boletim_tributos_estaduais,planilha1,confaz_boletim_tributos_estaduais_20260330.xls,20260330,mapped
12,MS,202411,2024,11,18793380.16,24672079.78,2035275.08,84862660.88,130363395.9,2783314.54,2274268.38,0,5057582.92,29151686.69,21694922.67,7264413.14,192350.88,10936761.1,0,0,5635710.49,4695348.69,605701.92,651633281.79,88903171.17,83625349.82,4988018.78,3752507.57,2256508.93,1468274.35,1743294.36,11809942.84,419188.55,361253532.53,15118270.44,2492426.57,7618219.42,11784061.69,5539389.99,9105839.13,1272539.33,5646352.28,1000884.6,26471869.45,1207888.07,856536.44,1293647.31,2005568.17,221595811.99,221595811.99,1666603.93,596563.27,171062.66,893747.75,5230.25,1482255.14,345973.25,664055.73,472226.16,483146233.1,63886806.95,275755419.35,143504006.8,53340030.14,50396281.23,92629.15,32148.33,2433587.48,385383.95,5190847.94,4633365.72,557482.22,20175742.42,51216.62,108069.66,202780.12,19687216.42,101251.74,25207.86,458321.66,435318.12,0,23003.54,80671.53,80671.53,1177153.39,3569.38,2550.51,233503.47,10830.1,98762.86,773524.13,54412.94,3525886.74,1035051.02,5998.92,85037.2,319086.08,100391.59,1980321.93,3210709.37,3210709.37,68875.98,68875.98,34579.06,32770.37,6.53,1802.16,85862.07,9316.81,1023.54,0,75521.72,506687.64,147667.21,258174.43,100846,21.63,21.63,0,0,34624273.68,34624273.68,1522092296.9900002,1652455692.8900003,AC,Acre,North,TRUE,TRUE,202411,2024-11-01,confaz_boletim_tributos_estaduais,planilha1,confaz_boletim_tributos_estaduais_20260330.xls,20260330,mapped
13,MG,202411,2024,11,182306628.52,169127263.72,213704602.96,395557778.28,960696273.48,56295000.08,30096284.25,1669461.95,88060746.28,34751701,24686911.32,9932231.68,132558,158369446.47,85.81,7096853.94,138807992.95,10730723.63,1733790.14,3434048146.25,294254047.6,249037316.85,161717888.16,12257897.76,26235697.62,14719496.17,9353704.92,37194078.7,4557153.73,1314907476.41,184986725.98,45657061.26,80299301.87,163606732.11,174643887.38,99062011.86,30828117.47,82022739.32,98554908.6,276123045.57,12626750.73,31037628.7,19243572.56,11120904.92,613054417.83,613054417.83,6947245.23,50446.1,47715.59,6849083.54,0,9242397.52,1378536.42,3247043.24,4616817.86,2431944162,160577266.04,1661234286.38,610132609.58,138540352.71,121815129.21,31888.3,775525.55,15431781.91,486027.74,58474870.36,56033511.92,2441358.44,169612064.39,542848.85,314152.86,505611.97,165758471.1,1328065.29,1162914.32,9874988.37,8250719.18,340.84,1623928.35,172619.78,172619.78,20271134.4,2799.26,1076893.99,2480505.29,1661126.85,505526.24,13912326.96,631955.81,15591752.46,5219550.32,233467.67,52748.68,3470471.72,279013.23,6336500.84,80451.58,80451.58,1130881.03,1130881.03,376225.05,363755.75,11114.61,1354.69,1084524.6,376927.46,61994.41,108.23,645494.5,2647474.66,525860.05,1557676.16,563938.45,2628.81,2628.81,0,0,201752405.37,201752405.37,7307969889.869999,8268666163.349998,AM,Amazonas,North,TRUE,TRUE,202411,2024-11-01,confaz_boletim_tributos_estaduais,planilha1,confaz_boletim_tributos_estaduais_20260330.xls,20260330,mapped
14,PR,202411,2024,11,152649120.9,144847367.36,6166562.21,0,303663050.47,16405698.78,7499394.95,112008.6,24017102.33,8879407.48,4114132.02,4732234.41,33041.05,39607512.75,0,2961461.42,0,36305119.86,340931.47,969975726.74,113181324.66,74806496.31,9026578.05,9855724.95,18156512.99,2623127.77,47572352.63,100917732.37,5183700.34,41685144.13,87916669.35,20386976.28,56557797.24,50541102.19,13609051.94,39915529.11,18185176.89,25774370.59,72284692.55,110762376.95,2248442.45,27153946.67,19896794.38,1734105.95,336679171.14,336679171.14,3740258.66,129405.45,216.47,3610636.74,0,7781752.04,586185.05,2412704.84,4782862.15,2999231619.37,309187002.42,2290456039.41,399588577.54,156668462.17,118893645.59,1499290.75,2076059.31,17734722.05,16464744.47,24699374.78,23023924.89,1675449.89,89805339.39,1671814.02,8202.56,1349884.44,85845400.38,906266.99,23771,35881.18,29333.59,182.93,6364.66,97601.76,97601.76,1178111.43,16774.56,115223.9,206278.1,743055.95,48714.52,46850.8,1213.6,2513889.64,237276.16,8614.2,5072.43,1957428.43,14766.26,290732.16,24749.43,24749.43,29826.04,29826.04,53471.91,53339.96,64.49,67.46,7761.03,2716.85,50.55,0,4993.63,557343.43,139102.84,393514.61,24725.98,536.92,536.92,0,0,6724168.01,6724168.01,4648291965.300002,4951955015.770002,RR,Roraima,North,TRUE,TRUE,202411,2024-11-01,confaz_boletim_tributos_estaduais,planilha1,confaz_boletim_tributos_estaduais_20260330.xls,20260330,mapped
15,PB,202411,2024,11,36346936.92,5649916.04,2248509.08,8505951.55,52751313.59,8508920.08,4630739.17,0,13139659.25,1454106.7,1374409.32,10199.88,69497.5,3944880.47,247663.63,261148.47,36397.77,3398824.1,846.5,210503895.82,22538559.08,43270602.13,8697.08,3877698.63,2569641.24,1791233.4,322229.63,1385623.07,775087.98,70131929.74,6180685.4,600500.16,5925430.33,15892491.39,1212568.42,4917132.46,1158585.73,672333.92,1552684.15,20644881.55,1481891.09,2252047.13,1298322.48,43039.63,62673702.09,62673702.09,48592.86,32424.34,0,16168.52,0,338930.8,94890.15,204039.76,40000.89,569506314.05,35975011.8,335354079.18,198177223.07,17109771.05,16030859.2,69191.06,57343.52,769277.1,183100.17,7072610.88,7042168.33,30442.55,21135117.04,49593.79,4.55,35578.45,21028261.07,19995.66,1683.52,126189.5,122835.13,0,3354.37,3901.31,3901.31,57600.9,5.04,542.88,13388.96,0,39441.74,3912.86,309.42,887170.7,156698.19,3162.1,9693.63,599819.48,666.5,117130.8,0,0,50024.5,50024.5,13737.93,13432.11,0.95,304.87,4051.11,944.48,0,0,3106.63,35003.84,0,23382.24,11621.6,1.19,1.19,0,0,0,0,894965602.7399999,947716916.3299999,PA,Para,North,TRUE,TRUE,202411,2024-11-01,confaz_boletim_tributos_estaduais,planilha1,confaz_boletim_tributos_estaduais_20260330.xls,20260330,mapped
16,PA,202411,2024,11,86953863.88,6533677.7,269803326.5,384318223.6,747609091.68,143243573.9,7090879.75,369992.97,150704446.62,11290864,5208367.69,5946587.22,135909.09,187783395.03,0,5679.14,180534910.3,4341381.04,2901424.55,1006429789.93,74921516.15,137862748.4,158175.84,156453.02,812587.74,2437728.08,7971448.5,1459593.91,234516.5,213337711.4,22600798.37,979526.45,14209204.95,25271026.51,391131557.6,2849284.58,1821516.94,5967851.9,46778435.27,46069253.62,3930286.15,1959594.48,619753.19,2889220.38,296294856.5,296294856.5,1003566.58,100258.03,1223.56,902084.99,0,8161280.3,689472.12,5262899.66,2208908.52,993942519.05,72278226.45,603341144.7,318323147.9,95051488.21,60088235.96,28175701.99,137118.59,6309762.64,340669.03,15676298.75,15275300.67,400998.08,44822957.69,21250.78,162421.78,18587.44,44484432.66,115085.88,21179.15,390253.14,388383.28,0,1869.86,38796.79,38796.79,2453512.1,2296.84,8604.32,749353.62,6133.24,37122.32,1557932.2,92069.56,5937663.14,1839740.36,131278.85,489599.92,2416662.26,158041.37,902340.38,242571.66,242571.66,38334.57,38334.57,250457.59,250451.04,6.55,0,527035.55,11008.57,0,43.21,515983.77,4152605.01,3567093.77,459108.96,126402.28,1.71,1.71,0,0,174250640.9,174250640.9,2848738888.2000003,3596347979.88,AP,Amapa,North,TRUE,TRUE,202411,2024-11-01,confaz_boletim_tributos_estaduais,planilha1,confaz_boletim_tributos_estaduais_20260330.xls,20260330,mapped
17,PE,202411,2024,11,84412412.56,19530038.74,14774483.78,27886838.7,146603773.78,10707704.1,2377769.75,1282815.35,14368289.2,1485679.95,1289068.73,55518.85,141092.37,11956399.48,0,6203191.05,1800.03,5648698.06,102710.34,631566671.75,92354741.94,127010085.42,5849.4,4228918.72,8104619.76,1048433.57,2664886.61,10861903.39,1249761.27,88560137.78,60772253.72,10074896.65,28600526.67,29532876.07,8959087.21,16262406.36,5690616.83,10916559.49,9708306.23,98752315.35,6224834.16,5589050.77,2361689.36,2031915.02,177036159.56,177036159.56,1065788.39,148719.66,28072.37,888996.36,0,83441.28,41014.32,13101.34,29325.62,1317175617.8,84553845.71,852298970.93,380322801.16,61701551.74,49851478.03,3723247.5,318385.96,7626225.21,182215.04,22384898.77,20728418.41,1656480.36,47118778.77,93160.18,217837.02,82239.64,46465584.69,225524.23,34433.01,1464191.59,1088419.24,1414.52,374357.83,8493.45,8493.45,2492231.09,2069.98,39348.1,59212.9,214908.21,130135.45,1973196.58,73359.87,5185705.2,2188913.94,48142.14,426202.57,2426726.83,45923.8,49795.92,46647.11,46647.11,133373.55,133373.55,318556.75,316449.66,742.43,1364.66,159820.68,13700.76,4299.12,0,141820.8,1660243.93,85799.46,1334794.29,239650.18,276.83,276.83,0,0,93281657.24,93281657.24,2376326184.9099994,2522929958.6899996,TO,Tocantins,North,TRUE,TRUE,202411,2024-11-01,confaz_boletim_tributos_estaduais,planilha1,confaz_boletim_tributos_estaduais_20260330.xls,20260330,mapped
18,PI,202411,2024,11,9516529.21,3287039.73,26082721.92,2502375.38,41388666.24,723824.46,143886.55,0,867711.01,8789204.93,8576695.78,177996.75,34512.4,2576715.08,0,36506.03,482409.23,2057799.82,0,230462260.59,12231299.3,61853396.24,6605.55,9081.34,453439.47,386112.34,45710.75,107369.35,185588.76,108216730.78,12140834,284270.08,3894127.99,5390336.84,188235.85,812646.09,907841.27,686509.59,1167965.64,17948419.98,1653263.35,953914.53,372483.69,566077.81,80140277.57,80140277.57,14347.8,149.47,3161.98,11036.35,0,3299457.84,754612.49,2190214.7,354630.65,279151926.59,22597805.86,135968914.26,120585206.47,10090147.38,7739863.52,22210.76,8911.77,2230746.21,88415.12,2991115.8,2820213.77,170902.03,15076898.97,28911.86,147511.15,77424.15,14679782.6,29004.3,114264.91,174443.35,174443.35,0,0,15367.94,15367.94,1324721.47,2158.82,4836.69,144130.62,0,88309.18,1072796.95,12489.21,1929929.09,412244.6,325.36,6344.21,469761.9,63004.17,978248.85,5072.76,5072.76,50757.21,50757.21,25716.94,23015.49,2701.45,0,173254.86,15021.77,0,0,158233.09,381232.98,16434.13,273035.64,91763.21,0,0,9077.91,9077.91,56849271.73,56849271.73,693531198.7900001,734919865.0300001,,,,,,202411,2024-11-01,confaz_boletim_tributos_estaduais,planilha1,confaz_boletim_tributos_estaduais_20260330.xls,20260330,unmapped
19,RJ,202411,2024,11,105366401.2,138954534,1052346.11,563599698.5,808972979.81,106219129.5,18216532.82,1116382.85,125552045.17,830099.75,519616.4,271040.94,39442.41,544067354.93,0,454766833.8,1733832.76,4809202.55,82757485.82,952637600.98,31272354.07,128776280.1,81740.52,3491997.43,14747783.2,3512913.16,524076.69,11090516.85,1341379.94,303777642.3,164320036.7,32209403.6,47070984.16,43117557.32,29771634.89,26841703.33,950932.19,2233417.52,29345349.94,26744970.12,1361900.29,2957807.11,16907415.92,30187803.63,622342464,622342464,3437859.57,268984.28,149269.82,3019412.27,193.2,10196531.72,393754.87,3512621.57,6290155.28,1181055357.4,25364162,757346573,398344622.4,258657783.06,192447773.9,11513397.59,6790211.63,47075904.56,830495.38,51394382.66,46600905.77,4793476.89,159424704.66,323228.42,517551.73,1595090.5,155153535.1,557051.11,1278247.8,1174617.03,1169280.16,1593.09,3743.78,280573.02,280573.02,14474396.37,3916.29,436945.24,8105648.3,3644729.1,364523.06,1765048.94,153585.44,11398375.38,6163901.57,263718.21,134003.77,2248823.44,406135.1,2181793.29,1067062.29,1067062.29,432910.81,432910.81,168665.4,83942.08,2725.78,81997.54,971098.57,96796.43,16103.87,160.71,858037.56,2097533.35,172499.09,1574631.75,350402.51,215.85,215.85,0,0,1138002938,1138002938,4954112524.799999,5763085504.609999,,,,,,202411,2024-11-01,confaz_boletim_tributos_estaduais,planilha1,confaz_boletim_tributos_estaduais_20260330.xls,20260330,unmapped
20,RN,202411,2024,11,37886678.44,1757502.53,0,0,39644180.97,0,0,0,0,3537152.98,1926431.59,31304.51,1579416.88,32747310.88,0,15074536.11,103436.14,16245145.91,1324192.72,252132706.11,21118264.35,48164976.57,0,1199612.33,3975139.66,62925.22,256222.06,385772.18,328022.12,133490025.3,4755144.2,603791.55,4444475.89,5638745.11,832748.46,1353650.34,436065.91,4509210.18,3523835.67,12752722.24,1104878.79,882376.8,921708.44,1392392.74,29629303.16,29629303.16,436101.15,25231.15,1.03,410868.97,0,3476885.47,1590388.8,557415.79,1329080.88,331818696.97,29227215.17,170649196.5,131942285.3,7827062.8,6422916.87,615215.59,21140.25,619329.22,148460.87,9557571.57,8147637.45,1409934.12,16248269.3,23089.88,170257.61,13632.56,15983162.61,46212.02,11914.62,153571.71,145189.25,0,8382.46,72180.74,72180.74,1528853.47,8353.66,70368.36,313325.47,15120.86,63889.51,1000892.1,56903.51,2266298.3,857260.33,34276.42,9922.12,364250.13,197172.28,803417.02,3074.83,3074.83,46313.71,46313.71,42097.23,31067,755.41,10274.82,109338.35,24901.72,471.07,0,83965.56,622460.72,62240.31,432084.59,128135.82,164.6,164.6,0,0,33106638.76,33106638.76,725362052.8100002,765006233.7800002,,,,,,202411,2024-11-01,confaz_boletim_tributos_estaduais,planilha1,confaz_boletim_tributos_estaduais_20260330.xls,20260330,unmapped
21,RS,202411,2024,11,51365523.32,158832519.3,24577829.92,0,234775872.54,77081699.97,33086774.4,2866077.41,113034551.78,23608716.44,21852479.58,1555351.06,200885.8,13226940.46,257635.49,0,6751.95,12758279.44,204273.58,2406888033.36,236586668.1,268540411.6,1131758.51,12564638.46,25158966.09,45702667.45,17888974.07,44244929.13,6127710.64,887872266.2,182000848,3360332.19,98711681.09,62717994.46,40008558.54,85965547.84,23306820.57,20020789.8,108021759.3,166245728.1,2685336.17,41330218.09,21526194.44,5167234.52,287192477.1,287192477.1,3297260.38,9843.75,331.31,3287085.32,0,3576473.73,1178979.06,770869.7,1626624.97,1547623195.1,127430522.2,795284209.5,624908463.4,92927633.86,86511632.76,1699601.72,304380.36,4266763.21,145255.81,41986233.61,41086430.33,899803.28,96298574.18,866669.11,207453.91,92512.86,94234819.11,499156.73,397962.46,19284.19,19201.11,83.08,0,19729.87,19729.87,1357962.15,496.23,79613.18,952359.18,9959.98,94910.96,133602.43,87020.19,2443698.91,567621.34,1343.28,170495.38,1035124.51,84107.44,585006.96,74013.51,74013.51,101070.81,101070.81,38486.23,37646.99,839.24,0,210250.57,94540.64,542.88,0,115167.05,1455528.82,251259.71,1007911.76,196357.35,5000.53,5000.53,0,0,108588012.7,108588012.7,4630938576.509998,4865714449.049998,MA,Maranhao,Northeast,TRUE,TRUE,202411,2024-11-01,confaz_boletim_tributos_estaduais,planilha1,confaz_boletim_tributos_estaduais_20260330.xls,20260330,mapped
22,RO,202411,2024,11,17794703.65,3648938.66,184934.89,47621796.22,69250373.42,10242759.91,1460738.82,0,11703498.73,1586822.45,1387117.23,196832.42,2872.8,2834677.92,0,0,1183675.33,1651002.59,0,202486645.38,25223052.96,41730449.66,0,68216.12,238788.33,3465995.92,630990.11,196351.63,167451.76,96616709.76,7678245.74,126580.2,1481467.41,8032622.1,1187273.56,2053335.27,284888.82,34976.64,170253.26,9824003.22,1251778.66,1110699.37,652253.74,260261.14,68116517.23,68116517.23,191274.41,147232.91,1376.94,42478.2,186.36,1749269.23,371771.53,888273.63,489224.07,284933668.95,44376394.25,116886397.3,123670877.4,5141972.98,2779331.94,212166.01,12627.02,2087495.33,50352.68,2308694.97,2079228.45,229466.52,11117107.39,15995.92,103302.66,29800.13,10949820.49,11729.43,6458.76,223684.77,21894.88,21439.57,180350.32,19010.6,19010.6,740394.1,2241.98,57168.96,124035.47,0,138413.64,384269.08,34264.97,1813612.01,613245.93,304.7,11750.02,630983.22,70864,486464.14,0,0,44950.88,44950.88,123928.46,122856.75,1071.71,0,163276.33,34795.23,19.4,0,128461.7,496645.2,50894.17,302470.16,143280.87,0,0,0,0,52454107.38,52454107.38,636546260.6400002,705796634.0600002,PI,Piaui,Northeast,TRUE,TRUE,202411,2024-11-01,confaz_boletim_tributos_estaduais,planilha1,confaz_boletim_tributos_estaduais_20260330.xls,20260330,mapped
23,RR,202411,2024,11,6680921.58,897543.04,41805.33,64941357.16,72561627.11,286505.78,0,0,286505.78,555166.97,459165.75,74466.03,21535.19,374130.64,0,0,0,374130.64,0,50322291.08,1839628.31,10884307.16,5241.5,7082.88,52072.03,634.65,195049,4301.27,88055.4,28888439.74,882746.95,23583.63,411215.86,1645372.84,1471.83,60805.6,71859.51,13542.9,160191.4,4791757.4,155492.34,42422.71,30259.35,66756.82,21994455.56,21994455.56,6319.15,0,0,6319.15,0,388230.96,109528.67,64213.94,214488.35,88682182.49,6599353.36,47456911.64,34625917.49,1331718.5,1152615.97,100.16,87789.51,47878.02,43334.84,752487.89,727013.45,25474.44,4835461.24,8344.12,16926.06,165.99,4806960.79,2688.92,375.36,0,0,0,0,199984.99,199984.99,152318.64,80.64,20473.89,27258.13,0,6497.25,87091.11,10917.62,394172.59,42444.92,811.68,4554.51,155319.28,25566.85,165475.35,0,0,2898.12,2898.12,10034.58,10034.58,0,0,10303.62,236.22,0,0,10067.4,93580.16,5191.96,61731.48,26656.72,0,0,0,0,13400785.86,13400785.86,183506523.04000002,256068150.15000004,CE,Ceara,Northeast,TRUE,TRUE,202411,2024-11-01,confaz_boletim_tributos_estaduais,planilha1,confaz_boletim_tributos_estaduais_20260330.xls,20260330,mapped
24,SC,202411,2024,11,182028703.2,83673914.07,83445731.16,58888.97,349207237.4,70345877.11,2458256.76,2097371.07,74901504.94,11337291.31,4963239.35,5917105.81,456946.15,11023753.53,5178.9,253.55,42084.58,9391629.63,1584606.87,1477661013.22,103089122.4,193026432.7,526431.14,62771751.53,78502887.75,3804040.33,22425377.7,39115630.58,5501502.4,408083477.4,61339745.11,6797333.78,79970210.92,47368196.56,24525432.24,58054105.78,10409896.52,38322129.23,73051537.28,108100856.4,13348056.25,20746301.48,12576674.79,6203882.95,224923521.9,224923521.9,3876371.47,41563.69,11999.83,3810754.41,12053.54,11280074.55,2069136.73,3477953.47,5732984.35,1569033660,143536720.9,851106964.4,574389974.7,165033680.56,128049425.2,889613.03,448397.27,35452106.29,194138.77,40169075.17,38326118.91,1842956.26,83208391.53,2466631.28,276370.22,98273.73,78227073.54,1295706.01,844336.75,5304111.68,5281912.01,0,22199.67,5548852.37,5548852.37,18536044.38,213.11,7172102.69,1992900.39,71135.99,685556.18,8205300.15,408835.87,11061596.05,4664732.79,32492.37,155930.36,1335246.08,266969.77,4606224.68,10466686.73,10466686.73,449183.02,449183.02,256048.62,100234.63,1232.15,154581.84,1373286.73,96518.25,225149.79,0,1051618.69,2991681.28,164733.08,2217540.99,609407.21,3485.73,3485.73,0,0,58147377.98,58147377.98,3711685187.8100004,4060892425.2100005,RN,Rio Grande do Norte,Northeast,TRUE,TRUE,202411,2024-11-01,confaz_boletim_tributos_estaduais,planilha1,confaz_boletim_tributos_estaduais_20260330.xls,20260330,mapped
25,SP,202411,2024,11,707391036.18,701448467.2,916719691.36,0,2325559194.74,100606992.11,224915489.18,18625477.78,344147959.07,63248714,60971556.36,2200981.6,76176.04,54070354.19,0,6022101.5,109292.41,42546084.79,5392875.49,8874806992.99,748606995.74,512586592.54,8504415.89,85638877.38,63544942.37,13214957.96,20724166.77,292950822.84,34156148.89,1893299752.67,1287597915.96,295545118.95,546358784.64,262303391.9,218011778.65,310870790.3,213907105.85,272658621.71,411494127.19,1114351204.72,50548881.58,42782065,121099935.35,54049598.14,1233574450.35,1233574450.35,22666301.19,6732386.67,70934.6,15814127.09,48852.83,26761205.29,3488415.23,7951953.53,15320836.53,6526421332.85,445826809.86,4407547326.36,1673047196.63,749681013.51,552253078.32,2387837.72,8907130.62,183611942.78,2521024.07,131773607.93,124154156.06,7619451.87,657413971.81,19830707.52,3903978.22,1403650.64,565066452.02,18178681.17,49030502.24,14322670.6,11236660.53,187541.73,2898468.34,1073394.85,1073394.85,63447543.36,3783.02,8598263.63,9144435.46,22647341.95,3346850.96,19544673.07,162195.27,64110518.95,24869082.29,442208.93,221229.55,9114518.65,1314842.2,28148637.33,303754.73,303754.73,1400726.12,1400726.12,2644599.73,1811724.62,14994.59,817880.52,6950872.13,644522.57,393562.47,0,5912787.09,14935193.35,3361541.97,10258178.02,1315473.36,7019.03,7019.03,0,0,896999267.18,896999267.18,19406613504.14,21732172698.879997,PB,Paraiba,Northeast,TRUE,TRUE,202411,2024-11-01,confaz_boletim_tributos_estaduais,planilha1,confaz_boletim_tributos_estaduais_20260330.xls,20260330,mapped
26,SE,202411,2024,11,37694223,4737382.06,1257071.01,3432826.33,47121502.4,5035164.9,478189.91,197862.77,5711217.58,413522.42,311151.14,69364.15,33007.13,9549210.43,0,3628421.16,0,5920789.27,0,162958830.04,13343954.69,24766383.69,10188.72,1652414.08,497879.54,952465.87,110823.22,259548.38,0,57871053.46,33986939.9,837882.01,2680244.61,10565322.86,675418.98,2075067.14,297541.68,258624.66,432600.4,9450020.02,798912.13,913525.94,522018.06,0,46373922.54,46373922.54,76154.67,33327.26,0,42827.41,0,0,0,0,0,239486268.44,23664313.51,114357065.04,101464889.89,7471961.97,7082897.94,5564.18,58165.1,325334.75,0,6308143.16,6308143.16,0,11752021.08,0,0,6807.26,11745213.82,0,0,0,0,0,0,0,0,0,0,0,0,0,0,0,0,363333.88,0,0,0,363333.88,0,0,0,0,0,0,0,0,0,0,0,0,0,0,0,0,0,0,0,0,0,0,0,24042037.5,24042037.5,508795406.13,555916908.53,PE,Pernambuco,Northeast,TRUE,TRUE,202411,2024-11-01,confaz_boletim_tributos_estaduais,planilha1,confaz_boletim_tributos_estaduais_20260330.xls,20260330,mapped
27,TO,202411,2024,11,33663484.85,6578491.51,4313972.46,537251.84,45093200.66,6512155.1,7263800.77,228494,14004449.87,6921964.84,6096671.62,812773.48,12519.74,2181480.87,0,0,157177.44,2024303.43,0,243650435.8,18214349.65,38959993.75,0,165722.26,179799.71,575639.04,19560.98,84660.25,75676.23,147641020.86,7498985.86,244947.94,1903535.65,7599290.42,233294.61,718492.55,217684.31,43655.54,347202.04,16332123.77,727471.87,224662.61,1169546.76,473119.14,56757318.69,56757318.69,395914.4,368143.02,0,27771.38,0,361486.1,60721.91,142975.8,157788.39,186578287.97,28446254.42,97614134.54,60517899.01,8375466.35,7324414.49,15740.52,14608.08,903188.43,117514.83,2442063.01,2303305.92,138757.09,9524397.19,7102.42,0,13074.15,9409085.84,44455.26,50679.52,30119.32,29087.32,1032,0,3180.12,3180.12,592809.13,0,664.26,21696.69,91046.29,4373.42,466204.56,8823.91,257449.16,32902.73,0,255.73,214799.95,2344.48,7146.27,352,352,5964.62,5964.62,339.35,339.35,0,0,4056.98,0,0,0,4056.98,105734.58,2823.94,95595.92,7314.72,0,0,0,0,30572688.91,30572688.91,548761509.3900001,593854710.0500001,AL,Alagoas,Northeast,TRUE,TRUE,202411,2024-11-01,confaz_boletim_tributos_estaduais,planilha1,confaz_boletim_tributos_estaduais_20260330.xls,20260330,mapped
1,AC,202412,2024,12,5870179.66,2703559.04,6254392.2,0,14828130.9,2506933.97,0,0,2506933.97,2235368.22,2230037.7,922.66,4407.86,133257.96,0,0,0,133257.96,0,45903949.07,4621555.23,11092709.61,10.7,6013.93,200400.8,156307.99,242307,1966.74,101767.46,17916113.63,861366.01,280035.23,755132.64,1761152.95,1414.98,199231.95,438121.77,222184.25,77155.43,6289773.89,335477.77,131178.06,151799.31,60771.74,17436412.67,17436412.67,11698.85,7308.69,0,4390.16,0,912131.39,516659.88,27395.82,368075.69,110715818.93,5525627.02,60634499.4,44555692.51,546642.19,364118.18,56489.65,22218.1,87425.2,16391.06,1034802.07,928298.17,106503.9,4759374.74,13728.18,46224.92,27313.41,4623309.86,36786.46,12011.91,16005.96,16005.96,0,0,1180.69,1180.69,408063.63,939.59,9537.49,143498.73,0,22815.68,174757.33,56514.81,463288.55,40471.33,8089.48,12720.73,165365.39,20903.26,215738.36,0,0,29674.49,29674.49,52646.81,52646.81,0,0,64745.68,422.06,0,0,64323.62,309725.87,11677.51,195406.77,102641.59,13.14,13.14,0,0,12662719.85,12662719.85,197697520.76000002,212525651.66000003,,,,,,202412,2024-12-01,confaz_boletim_tributos_estaduais,planilha1,confaz_boletim_tributos_estaduais_20260330.xls,20260330,unmapped
2,AL,202412,2024,12,24395034.63,8035241.7,756274.16,25954577.93,59141128.42,4643703.1,82137.02,38002.66,4763842.78,1777436.09,1633092.99,87367.09,56976.01,7271734.59,0,646601.98,725644.52,4166595.33,1732892.76,244001332.56,24695998.18,56144506.32,500249.61,273375.82,979890.2,153299.07,619944.19,999750.23,296742.22,82357150.3,17684945.91,557277.38,14846252.75,6529711.43,1543378.18,1914444.38,2652679.82,1698489.44,2954430.14,19449657.74,3040617.16,2571637.38,1006357.59,530547.12,77419684.28,77419684.28,1452261.25,121822.12,3133.9,1325318.09,1987.14,1778452.83,245602.89,977880.3,554969.64,420987140.92,27852924.23,226290894.72,166843321.97,23770765.52,14963288.4,2884782.78,41502.39,2021591.03,3859600.92,11309988.85,8371884.11,2938104.74,14900556.18,93894.72,58724.28,20385.26,14222762.96,478316.28,26472.68,233615.22,213347.63,14833.6,5433.99,117082.56,117082.56,1968485.03,6648.34,58962.97,131649.04,2067.14,91806.44,1634109.78,43241.32,1628992.59,201448.19,14850.76,137438.73,283991.91,32046.42,959216.58,66.96,66.96,64383.11,64383.11,95665.88,86192.64,82.36,9390.88,62434.4,10614.62,36.59,0,51783.19,565615.82,22131.54,402474.46,141009.82,549.34,549.34,0,0,411203.26,411203.26,809817447.24,868958575.66,,,,,,202412,2024-12-01,confaz_boletim_tributos_estaduais,planilha1,confaz_boletim_tributos_estaduais_20260330.xls,20260330,unmapped
3,AP,202412,2024,12,5447794.73,206502.55,5340833.48,137686436.4,148681567.16,584506.38,0,0,584506.38,66305.07,51737.2,12407.48,2160.39,245916.66,0,0,50063.06,195853.6,0,30243688.66,1518547.01,11754605.29,56133,1003.4,41841.89,1447.64,187886.41,256632.27,12225.52,5419236.17,801939.05,35641.42,1012940.15,1675451.67,116770.5,299689.97,324887.67,1360317.16,284123.58,4772918.74,143435.75,77628.93,78837.68,9547.79,12109042.04,12109042.04,455257.07,447290.2,4.46,7962.41,0,198486.02,156810.76,7989.3,33685.96,83395167.49,5103390.3,60212572.03,18079205.16,770382.53,312613.76,325323.61,350.64,130451.67,1642.85,202928.28,197935.95,4992.33,6064707.65,219.05,99251.64,47114.03,5912291.04,5663.66,168.23,1806.96,1803.4,0,3.56,830.57,830.57,155482.92,52.73,0.81,70269.88,0,966.85,81867.2,2325.45,157199.94,906.09,0,22.69,90183,725.6,65362.56,0,0,1065.26,1065.26,27408.6,26092.02,1316.58,0,9680.3,24.14,0,0,9656.16,39893.56,19516.24,11915.16,8462.16,0,0,0,0,13244327.57,13244327.57,147389577.14999998,296071144.30999994,,,,,,202412,2024-12-01,confaz_boletim_tributos_estaduais,planilha1,confaz_boletim_tributos_estaduais_20260330.xls,20260330,unmapped
4,AM,202412,2024,12,47013963.94,15991656.42,44315934.79,258781588.46,366103143.61,6254602.33,3954046,2266.47,10210914.8,160668.27,132550.09,21543.52,6574.66,65498112.31,0,61625469.72,3607800.26,264842.33,0,588658016.22,9217957.27,54650599.99,0,462684.13,434015.43,31129.43,829624.48,2410683.54,306574.38,52051716.86,11260747.05,3717484.57,23598845.19,4929172.27,5408711.39,18205653.67,204681399.79,14736608.01,20640017.64,26855594.76,128569922.48,1346527.63,4039456.26,272890,64235291.94,64235291.94,1590180.17,935243.76,0,654936.41,0,238959.74,0,38539.13,200420.61,476562403.63,27645947.31,258795323.2,190121133.12,82647515.15,60890091.14,14567528.91,235123.1,6817100.97,137671.03,7763001.97,7761017.2,1984.77,26902269.54,64312.92,1419.8,71354.29,26569467.33,194419.99,1295.21,0,0,0,0,0,0,0,0,0,0,0,0,0,0,1428769.45,0,0,2943.41,1425451.71,0,374.33,1373.37,1373.37,1.82,1.82,1,0,1,0,141898.78,0,140699.83,0,1198.95,160370.23,0,158537.14,1833.09,0,0,0,0,74385989.25,74385989.25,1390374822.84,1756477966.4499998,,,,,,202412,2024-12-01,confaz_boletim_tributos_estaduais,planilha1,confaz_boletim_tributos_estaduais_20260330.xls,20260330,unmapped
5,BA,202412,2024,12,141630151.97,32727101.3,184767330.83,649679958.31,1008804542.41,90995530.05,0,0,90995530.05,14624193.03,13320599,970290.91,333303.12,39392504.2,0,18777376.62,6533232.82,9887530.55,4194364.21,1535626968.24,100591786.85,289911431.85,63698.85,7895173.33,3828550.05,5619934.3,945119.47,17284457.56,421679.45,599202848.52,176499083.47,5083702.25,73616321.26,46926844.81,25722108.71,17096952.24,5739504.67,8982663,10946676.02,120706112.67,4542500.88,6622613.2,3584369.86,3792834.97,281953821.04,281953821.04,6674419.72,5706695.93,6834.8,960888.99,0,0,0,0,0,0,0,0,0,0,0,0,0,0,0,0,0,0,0,0,0,0,0,0,0,0,0,0,0,0,0,0,0,0,0,0,0,0,0,0,0,0,0,0,0,0,0,0,0,0,0,0,0,0,0,0,0,0,0,0,0,0,0,0,0,0,0,102940754.2,102940754.2,1981212660.43,2990017202.84,,,,,,202412,2024-12-01,confaz_boletim_tributos_estaduais,planilha1,confaz_boletim_tributos_estaduais_20260330.xls,20260330,unmapped
6,CE,202412,2024,12,39642609.65,13125210.21,1382051.05,585789.9,54735660.81,7253292.1,7528347.87,249701.38,15031341.35,2675083.13,1251324.54,27943.9,1395814.69,9593796.37,0,2728587.29,958.72,6864250.36,0,630980742.7,57065788.77,111816573.51,101751.62,8759415.52,13730383.52,26673745.19,1488277.37,7045021.63,1161966.81,241407742.22,25806389.3,4127780.46,15022132.3,33100380.36,6456186.82,12254471.93,3259477.42,6958899.06,5316162.03,37187788.29,4109917.6,5171938.49,2852644.55,105907.93,195078973.42,195078973.42,1083948.4,183816.8,34767.58,865364.02,0,2509343.1,1101662.11,935104.9,472576.09,900516611.48,70460304.06,563851965.13,266204342.29,31439627.05,25776679.49,1748481.38,290826,3183196.24,440443.94,21653968.8,19864435.83,1789532.97,42300746.31,400397.6,4884.66,298427.56,41573421.82,23614.67,0,493011.1,196233.63,296777.47,0,87720.07,87720.07,277007.36,0,0,239320.06,1795.7,8555.22,11797.92,15538.46,2781632.17,475661.24,10580.58,374.75,1735337.59,22104.56,537573.45,13433233.56,13433233.56,42230.28,42230.28,300030.57,296701.15,608.92,2720.5,38786.23,15504.92,0,0,23281.31,148133.66,81722.15,20196.51,46215,0,0,0,0,45202173.96,45202173.96,1900636799.7199996,1955372460.5299995,,,,,,202412,2024-12-01,confaz_boletim_tributos_estaduais,planilha1,confaz_boletim_tributos_estaduais_20260330.xls,20260330,unmapped
7,DF,202412,2024,12,61866188.34,30176087.17,11644695.12,3263331.04,106950301.67,9828932.57,8490789.51,354961.66,18674683.74,3946989.62,3913255.25,33122.33,612.04,902175.35,0,0,0,902175.35,0,200559287.61,15276886.4,44333186.12,143061.71,457297.81,876466.83,46688.8,339372.49,182676.13,147734.07,29761110.71,3763449.84,5928358.35,4781511.45,10488768.64,641911.29,4993888.57,2979822.94,3005673.99,1505027.63,66470216.82,1566259.19,1283752.27,1583922.59,2242.97,92776719.58,92776719.58,494487.3,2408.89,7589.13,484489.28,0,5715.01,4678.14,936.39,100.48,570072598.33,55177419.13,361064377.8,153830801.4,11976183.75,10055157.95,156.92,289393.84,1531096.97,100378.07,15928407.07,15900460.87,27946.2,42791049.68,45153.06,4717.66,906807.12,41834370.84,0,1,0,0,0,0,0,0,2785.14,0,0,0,0,2785.14,0,0,376463.07,0,0,0,300084.72,0,76378.35,0,0,4.45,4.45,0,0,0,0,12.46,12.46,0,0,0,954.27,0,953.01,1.26,0,0,0,0,111839764.1,111839764.1,1051673596.7900002,1158623898.4600003,,,,,,202412,2024-12-01,confaz_boletim_tributos_estaduais,planilha1,confaz_boletim_tributos_estaduais_20260330.xls,20260330,unmapped
8,ES,202412,2024,12,33351544.58,29143228.27,71151262.51,17491206.61,151137241.97,9811020.6,44442.97,51511.91,9906975.48,2333088.18,2016669.23,310815.94,5603.01,218600327.19,0,207015116.11,4168619.34,7164596.74,251995,302469082.62,31050267.87,60342079.77,0,592672.7,3342124.15,325491.66,2026029.17,2118788.36,344730.43,49352682.22,16990810.59,2947902.35,9222156.26,27682686.87,49430405.34,14262733.98,1382072.77,2273892.14,3708862.58,14009885.8,1957202.09,3250047.42,3888732.85,1966825.25,102827259.24,102827259.24,4080969.34,34501.09,0,4046468.25,0,3671903.78,408838.56,706974.33,2556090.89,895464389.83,86228908.99,578414862.29,230820618.55,111999457.7,59501755.99,7032312.86,15183.1,45207334.75,242871,12814702.77,12403249.27,411453.5,30266792.03,63829.42,49255.42,44013.43,28843625.05,284153.33,981915.38,1298903.78,1298903.78,0,0,88069.24,88069.24,4235485.63,0,348853.04,574858.98,0,72110.2,3206625.81,33037.6,3333787.59,1371809.45,13993.26,12251.38,415338.92,447247.88,1073146.7,0,0,98304.69,98304.69,84316.77,84074.79,241.98,0,64499.03,14478.36,0,0,50020.67,492875.91,90024.62,236573.24,166278.05,279.14,279.14,0,0,138501666.09,138501666.09,1832726160.5500002,1983863402.5200002,,,,,,202412,2024-12-01,confaz_boletim_tributos_estaduais,planilha1,confaz_boletim_tributos_estaduais_20260330.xls,20260330,unmapped
9,GO,202412,2024,12,143908116.4,111493619.1,162517343.5,330529353.2,748448432.2,40526766.69,17326299.17,4968227.55,62821293.41,39672243.1,37556562.75,2070603.43,45076.92,11123014.96,3696,0,5522684.94,5482068.73,114565.29,797347887.97,167252595.7,124391332.8,258771.59,1673114,11498449.84,1705536.95,1034887.76,15303610.95,1114803.48,263094479.2,50926019.78,17650034.31,19594995,17650795.32,1998772.27,14523391.91,3119192.48,2604950.08,12992794.15,55829896.89,2241787.76,4835309.31,3526403.66,2525962.78,160417906.8,160417906.8,4362811.52,2292281.71,100511.69,1970018.12,0,2831208.79,365030.19,823522.08,1642656.52,1256251688.8,115020515.5,739815654.9,401415518.4,78114549.92,70497198.81,5029.45,228761.22,6498085.67,885474.77,19165849.64,17147755.8,2018093.84,52283236.21,215154.32,244564.49,69500.25,51365461.05,181047.59,207508.51,212883.84,206233.92,6531.27,118.65,283926.41,283926.41,1853377.1,6170.34,211379.02,654635.63,106003.81,286266.27,466677.93,122244.1,6910991.67,1902474.8,50743.92,31710.33,1107605.4,78646.86,3739810.36,8433.15,8433.15,81872.45,81872.45,25566.83,22270.87,135.62,3160.34,459724.25,93150.31,1279.46,0,365294.48,1012993,216896.49,552746.15,243350.36,1567.38,1567.38,0,0,98291696.89,98291696.89,2530713430.6799994,3279161862.879999,,,,,,202412,2024-12-01,confaz_boletim_tributos_estaduais,planilha1,confaz_boletim_tributos_estaduais_20260330.xls,20260330,unmapped
10,MA,202412,2024,12,36084523.66,7858120.1,25103564.6,38369588.01,107415796.37,6314492.19,29647047.69,8429.42,35969969.3,5959022.83,5488219.11,421931.7,48872.02,24465129.75,0,5480953.79,14718835.72,2402073.52,1863266.72,262939030.14,11043390.78,114322260.8,138337.4,218990.87,720394.78,303325.27,620869.3,14078922.29,236397.52,4461128.59,32851330.58,898548.3,5901687.02,16290293.01,17870717.45,1026979.67,989150.89,462122.03,2950707.61,30878693.62,3254653.77,1835701.76,908317.32,676109.51,140513992.5,140513992.5,208169.35,28119.7,4101.15,175948.5,0,5233901.12,2021273.58,2140524.22,1072103.32,763531042.15,41392987.55,500429580.6,221708474,20820858.54,16958751.95,1060601.82,38354.49,2365611.07,397539.21,5974128.46,5547491.99,426636.47,31477613.93,26022.05,111650.97,13300.04,30795055.39,450993.52,80591.96,69903.14,68604.51,0,1298.63,108379.07,108379.07,9822276.57,3847.49,29109.2,216233.06,699.53,57740.72,9438565.38,76081.19,2771737.3,1405492.67,17536.51,14124.49,724067.75,46844.6,563671.28,0,0,50910.68,50910.68,70081.94,68956.35,1125.59,0,110428.39,26180.59,0,0,84247.8,546390.84,67232.96,292871.22,186286.66,105.41,105.41,0,0,47907033.02,47907033.02,1322580135.13,1429995931.5,,,,,,202412,2024-12-01,confaz_boletim_tributos_estaduais,planilha1,confaz_boletim_tributos_estaduais_20260330.xls,20260330,unmapped
11,MT,202412,2024,12,63579546.01,27339505.85,15658106.81,478619100.5,585196259.17,12210539.39,9340048.41,524602.73,22075190.53,68075038.13,67538068.52,499044.35,37925.26,8561687.81,0,1953.4,3614036.93,4943276.94,2420.54,552606617.61,139772945.4,129460596.6,90839.92,1266005.96,936921.37,1105726.06,4674527.27,1408357.12,197609.42,97589572.67,49273586.79,392218.11,17470880.51,34764075.55,4760499.34,6836206.35,3093812.11,8930062.33,6130071.34,38564950.21,1762715.98,1970521.39,1331448.43,822467.38,139953782.5,139953782.5,642539.61,27786.69,41.39,612665.08,2046.45,1360448.71,684078.68,365585.62,310784.41,1183163775.83,98429032.73,719566131.6,365168611.5,84700865.16,66237392.11,67667.27,109130.1,12258177.6,6028498.08,9038148.03,8684479.82,353668.21,21729004.14,66129.73,157486.8,199974.84,20554788.48,504736.39,245887.9,344226.87,309100.57,13628.91,21497.39,107726.87,107726.87,2542340.78,9855.51,128058.61,350482.32,356580.65,162577.4,1488929.45,45856.84,2975595.34,1558956.34,27766.12,65537.25,868249.73,32916.88,422169.02,7087480.93,7087480.93,150172.13,150172.13,362619.72,226983.06,366.69,135269.97,37069.58,5375.57,0,0,31694.01,821433.12,319311.62,250875.37,251246.13,2058.06,2058.06,0,0,0,0,2084262630.9299996,2669458890.0999994,RO,Rondonia,North,TRUE,TRUE,202412,2024-12-01,confaz_boletim_tributos_estaduais,planilha1,confaz_boletim_tributos_estaduais_20260330.xls,20260330,mapped
12,MS,202412,2024,12,76943721.57,61937405.83,1852521.12,83695391.97,224429040.49,10688760.07,2024736.01,0,12713496.08,36982415.1,25299187.42,11463119.53,220108.15,8418249.97,0,0,4456472.31,3718111.73,243665.93,625424017.53,91689295.64,81019924.75,2427192.99,3514104.68,2617346.11,1302785.71,1469791.37,14473755.26,296056.41,335339266.43,17824185.87,2513489.51,6769996.59,10273964.41,5249115.38,8057838.35,2038899.03,3897626.28,863163.68,28360458.07,1137033.59,755775.6,1511242.98,2021708.84,214731828.24,214731828.24,1340471.07,344982.12,291389.22,704099.73,0,1448260.62,410255.32,598458.34,439546.96,467531451.61,55142264.72,261069011.58,151320175.31,53402677.25,51404137.55,113031.45,35353.45,1568119.47,282035.33,5537605.63,5072319.45,465286.18,19919678.29,39567.89,37356.75,222337.56,19547044.96,59488.62,13882.51,444961.71,436106.65,0,8855.06,88569.79,88569.79,1730572.82,4795.57,8520.07,288426.85,13217.95,93531.14,1246271.08,75810.16,2956922.5,1032952.07,8127.78,101057.55,349247.66,67604.56,1397932.88,3554879.67,3554879.67,79499.89,79499.89,87075.31,87041.79,33.52,0,88875.78,8668,81.9,0,80125.88,537112.69,140382.48,275458.4,121271.81,13.64,13.64,0,0,34120636.68,34120636.68,1478425775.7900004,1702854816.2800004,AC,Acre,North,TRUE,TRUE,202412,2024-12-01,confaz_boletim_tributos_estaduais,planilha1,confaz_boletim_tributos_estaduais_20260330.xls,20260330,mapped
13,MG,202412,2024,12,166924430,300871289.65,201883682.92,912372493.42,1582051895.99,62442991.25,31093518.71,2202797.58,95739307.54,34639203.56,24756808.15,9699875.3,182520.11,154228524.18,0,7411608.33,136919829.39,7285386.54,2611699.92,3411267787.26,302207841.77,235900140.54,76133708.57,13553161.47,26051956.72,14036186.85,11313731.63,38326293,3999018.2,1342795109.07,173165068.21,50885828.58,81079477.52,130637214.84,233557964.48,110838392.73,30463575.75,64786301.85,103489299.83,280785866.33,15865935.82,31954887.14,23048846.41,16391979.95,515374992.25,515374992.25,6158611.39,43619.33,42831.68,6072160.38,0,10730817.23,1516069.87,4218127.27,4996620.09,2498291671.56,154153467.31,1614517724.53,729620479.72,128307646.66,113047489.36,25213.07,198994.88,14878862.92,157086.43,62011068.9,59194267.51,2816801.39,177037028.87,654665.36,323663.77,1025304.85,171040581.72,2509115.64,1483697.53,9444006.04,8182229.98,643.92,1261132.14,133306.09,133306.09,24775207.23,2538.57,1130745.04,2312854.09,403452.75,522679.78,19946599.85,456337.15,16303636.52,6257175.67,286285.95,62203.85,3459770.45,154156.59,6084044.01,6203.57,6203.57,2194755.86,2194755.86,411005.92,392627.8,14804.88,3573.24,2749622.6,1971779.1,82391.31,109.03,695343.16,2934027.57,605914.7,1728942.15,599170.72,2541.26,2541.26,0,0,203987817.24,203987817.24,7260989481.759999,8843041377.75,AM,Amazonas,North,TRUE,TRUE,202412,2024-12-01,confaz_boletim_tributos_estaduais,planilha1,confaz_boletim_tributos_estaduais_20260330.xls,20260330,mapped
14,PR,202412,2024,12,177605826.77,209286361.41,5354999.77,0,392247187.95,10735043.98,4484175.67,785502.24,16004721.89,9013611.61,2082875.86,6876570.25,54165.5,39171854.63,0,2975347.09,22897.66,35917993.61,255616.27,1020175720.91,109148843.24,88729223.75,4752715.51,10523764.68,17903111.53,2827573.24,42222151.1,110160461.68,6478836.69,71715356.07,91610239.82,22120393.69,53314583.01,44855977.1,36166118.01,42942337.92,16487914.84,28933691.39,64072267.62,103248310.71,2119202.12,28314207.47,19101306.1,2427133.62,342890333.6,342890333.6,1818180.09,88890.43,215.83,1729073.83,0,6919265.36,492258.55,2018053.77,4408953.04,3015666282.77,297573688.19,2209516404.63,508576189.95,150531387.73,105035323.94,628263.12,1918829.56,23823302.45,19125668.66,26560348.59,24811175.08,1749173.51,82695599.87,1941514.37,12818.24,105735.53,78716548.07,1911108.84,7874.82,44861.77,39304.72,5187.65,369.4,93965.43,93965.43,1198055.22,288.47,13719.24,309073.25,763604.14,68658.42,41585.3,1126.4,3101421.5,256073.9,1548.4,4967.23,2691710.71,17200.65,129920.61,17279.12,17279.12,333757.97,333757.97,117701.92,117296.7,103.57,301.65,61799.5,585.08,276.77,0,60937.65,508665.52,125193.48,364616.3,18855.74,535.75,535.75,0,0,5461586.16,5461586.16,4706382215.02,5098629402.97,RR,Roraima,North,TRUE,TRUE,202412,2024-12-01,confaz_boletim_tributos_estaduais,planilha1,confaz_boletim_tributos_estaduais_20260330.xls,20260330,mapped
15,PB,202412,2024,12,42386906.63,7471219.62,2373619.83,9869507.72,62101253.8,6724681.2,4881224.82,0,11605906.02,1733100.2,1345654.59,313908.3,73537.31,4535753.79,621136.38,86226.51,30918.87,3795185.17,2286.86,231343856.53,19870918.5,46124122.66,5248.04,3756085.43,1671583.37,1988029.49,493382.43,1678000.06,756900.03,85612472.99,6110248.37,1000284.94,6725500.15,19631013.48,1119161.91,5139537.76,1307017.38,1022580.99,1360458.05,20473176.64,1455151.63,2646198.22,1301600.96,95183.05,63035282.46,63035282.46,74354.51,51435.51,0,22919,0,679751.57,67845.59,304395.18,307510.8,564728134.15,32673275.55,297390066.99,234664791.61,18411108.78,17147632.93,56175.83,49649.72,1010616.92,147033.38,7451176.63,7401205.3,49971.33,20521597.85,73897.28,2,31664.65,20382194.13,33176.86,662.93,132537.08,132525.93,0,11.15,92654.62,92654.62,63321.48,303.3,5229.31,4838.15,0.9,43197.63,7600.7,2151.49,670610.46,32963.25,641,9738.38,533529.79,1522.19,92215.85,0,0,52431.52,52431.52,10045.8,7406.13,9.07,2630.6,2954.88,942.45,0,0,2012.43,31967.3,0,18970.79,12996.51,8.94,8.94,0,0,0,0,913570648.5500001,975671902.35,PA,Para,North,TRUE,TRUE,202412,2024-12-01,confaz_boletim_tributos_estaduais,planilha1,confaz_boletim_tributos_estaduais_20260330.xls,20260330,mapped
16,PA,202412,2024,12,58108471.27,7523052.29,227571074,726223098.1,1019425695.66,21247679.89,3506450.23,48804.97,24802935.09,5721663.06,4275096.39,1425881.6,20685.07,163680067.18,0,0,155550434.2,3933246.83,4196386.15,563765141.56,48571973.29,128945071.4,227762.98,88913.8,592483.01,2068016.54,6061183.99,2194236.61,49598.06,163839081.3,20709409.76,1170226.95,11120576.32,24063768.33,33400858.81,3461085.17,3464586.04,4844801.27,52866549.31,47876669.84,3657866.72,1394065.78,587804.91,2508551.37,230651953.8,230651953.8,1273335.33,26744.05,524.18,1246067.1,0,4440300.62,383488.91,1346800.17,2710011.54,757735418.4,74388645.8,490512551.8,192834220.8,70215736.17,46217725.58,16769539.6,32584.76,6878344.14,317542.09,11430344.69,10982086.7,448257.99,35658910.79,7336.56,195896.12,8281.42,35255580.47,139227.1,52589.12,472356.72,472220.61,0,136.11,411487.93,411487.93,2597125.75,614.1,2117.2,484154.62,0,11177.11,2057684.57,41378.15,3555589.06,927055.33,56034.38,58992.49,1783042.47,114943.74,615520.65,83722.69,83722.69,15322.03,15322.03,214656.65,214656.65,0,0,223033.36,10987.5,0,0,212045.86,3640430.64,3195248.45,242523.95,202658.24,0,0,0,0,174142406.8,174142406.8,2029929003.23,3049354698.89,AP,Amapa,North,TRUE,TRUE,202412,2024-12-01,confaz_boletim_tributos_estaduais,planilha1,confaz_boletim_tributos_estaduais_20260330.xls,20260330,mapped
17,PE,202412,2024,12,56429819.55,14585500.85,9518376.72,34602451.7,115136148.82,11314518.06,2591300.26,1034349.68,14940168,1705394.68,1453117.79,49546.85,202730.04,11402824.78,0,5489654.28,21557.95,5891612.55,0,633846862.14,86805435.3,104698108.78,5097.05,4290422.98,7833822.41,1190654.4,2399936.64,10169679.83,1179401.2,119817210.42,55758749.03,8779875.66,33622067.8,27004683.44,11970403,15336217.94,4739405.02,12206730.2,7410345.24,99824287.6,8236294.23,6122824.69,2525552.52,1919656.76,224797345.52,224797345.52,1391301.64,148769.28,341.95,1242190.41,0,127796.93,82537.43,7428.55,37830.95,1302972403.81,83096868.58,798153332.81,421722202.42,59083683.37,48110677.98,2180105.11,331127.49,8334777.17,126995.62,22382331.33,20650460.9,1731870.43,43447736.4,68812,276304.74,83104.11,42428888.46,554621.38,36005.71,1287106.63,1105053.39,533.02,181520.22,30108.6,30108.6,3537575.86,898.34,46989.62,79050.32,178351.96,181265.81,2979811.86,71207.95,3587917.76,1672172.32,22438.91,404260.8,1433484.69,42311.86,13249.18,42115.34,42115.34,162396.92,162396.92,142340.88,140920.29,924.94,495.65,271018.16,88753.25,4603.73,0,177661.18,1537880.77,192477.33,1082579.23,262824.21,343.77,343.77,0,0,89448747.86,89448747.86,2401205233.1500006,2516341381.9700007,TO,Tocantins,North,TRUE,TRUE,202412,2024-12-01,confaz_boletim_tributos_estaduais,planilha1,confaz_boletim_tributos_estaduais_20260330.xls,20260330,mapped
18,PI,202412,2024,12,12878382.52,3289090.04,26427697.65,2244946.31,44840116.52,517243.92,110330.6,0,627574.52,8170789.85,7904154.45,196098.79,70536.61,2049446.23,0,35317.87,376029.91,1638098.45,0,224559252.15,13364347.23,54204939.33,5274.28,13417.19,736262.54,142831.79,23794.51,105853.73,74043.9,109374245.6,10420466.68,276993.38,4314034.53,5432705.41,146526.06,990854.16,1206581.1,871880.5,1127154.33,18388170.63,1512250.91,905658,426839.62,494126.74,90567233.34,90567233.34,23343.34,2452.01,399.6,20491.73,0,3029950.39,888694.93,1535590.63,605664.83,343458798.69,20067878.49,171393383.6,151997536.6,9816567.28,7697124.92,21113.86,6218.93,1848105.58,244003.99,3431783.67,3269822.13,161961.54,15274199.74,19568,153311.1,6474.99,14744024.65,19965.63,330855.37,563234.71,562357.19,0,877.52,9756.68,9756.68,1442998.05,415.84,5684.62,121136.62,0,32021.39,1271669.13,12070.45,2044220.14,567221.71,367.57,98611.17,507048.24,70944.94,800026.51,5238.01,5238.01,39670.09,39670.09,36857.69,35249.68,1608.01,0,181238.55,11924.04,0,0,169314.51,541323.08,33334.06,393862.5,114126.52,168.7,168.7,203559.16,203559.16,49169081.51,49169081.51,754618711.05,799458827.5699999,,,,,,202412,2024-12-01,confaz_boletim_tributos_estaduais,planilha1,confaz_boletim_tributos_estaduais_20260330.xls,20260330,unmapped
19,RJ,202412,2024,12,116056038,228286317.3,1185095.49,544849036.4,890376487.19,60269922.73,16822126.08,1712375.59,78804424.4,978773.22,725398.58,200217.05,53157.59,266779731.24,0,177536727.1,1408800.56,4245115.06,83589088.52,812712421.81,34330293.98,161107578.2,176800.65,3555896.04,14817632.23,3686179.93,439373.8,10935406.44,1548204.97,213422017.2,67429808.67,45474503.04,47009226.56,43691603.17,30433492.98,26304748.48,901194.38,1997978.7,29770522.72,25766657.45,1789817.78,2650219.4,14814524.03,30658741.01,577834020.5,577834020.5,3997232.17,129115.25,122405.72,3741942.18,3769.02,5410702.39,297534.66,1428480.55,3684687.18,1126848350.06,26170084.96,696111237.7,404567027.4,261930257.68,170353343,11795618.95,5469492.97,73848994.63,462808.13,51431175.68,46744887.74,4686287.94,157725837.41,196661.98,738259.91,1709161.86,152926908.9,631544.17,1523300.59,997368.43,991644.04,0,5724.39,186904.88,186904.88,16764179.63,1612.1,623578.74,9266896.95,4725487.94,399258.11,1600252.21,147093.58,15272469,8164473.1,285060.07,103180.04,2094974.56,650872.56,3973908.67,141407.08,141407.08,428932.68,428932.68,133063.07,103454.6,303.27,29305.2,1534833.55,140305.32,15847.51,161.94,1378518.78,2762210.2,158943.97,2330224.61,273041.62,213.7,213.7,0,0,961085203.1,961085203.1,4264955287.4799995,5155331774.67,,,,,,202412,2024-12-01,confaz_boletim_tributos_estaduais,planilha1,confaz_boletim_tributos_estaduais_20260330.xls,20260330,unmapped
20,RN,202412,2024,12,29133920.13,3666343.64,0,0,32800263.77,0,0,0,0,2833962.1,1630075.66,26612.62,1177273.82,28255980.4,0,12249240.56,122330.06,15093436.98,790972.8,211128683.35,20124952.36,34665576.66,0,1380126.61,7457202.69,81094.37,281264.45,477031.33,396630.91,99691950.07,5066520.2,488028.63,4949106.08,7618152.52,112064.54,1411291.57,1906020.85,5038698.12,1264199.31,14504785.68,1036062.22,1281875.21,691222.39,1204826.58,74297228.8,74297228.8,670518.22,24312.19,533.21,645672.82,0,2304957.19,892645.31,435094.37,977217.51,348821340.86,29568804.86,172494087,146758449,9211609.72,7043124.63,1197749.89,36718.96,905445.08,28571.16,9287074.16,8245986,1041088.16,12236785.63,21375.75,208897.38,17753.22,11894465.66,77173.37,17120.25,151591.68,147638.59,0,3953.09,50228.44,50228.44,2186740.13,5521.81,10669.05,510862.76,1187.58,98749.13,1497194.84,62554.96,2138131.6,611054.91,49890.19,64563.69,340469.41,84335.39,987818.01,14866.55,14866.55,108357.7,108357.7,83143.58,41318.16,3882.06,37943.36,135439.48,32693.8,0,0,102745.68,809276.83,88312.72,528871.35,192092.76,146.24,146.24,0,0,37668702.56,37668702.56,742394765.2200003,775195028.9900002,,,,,,202412,2024-12-01,confaz_boletim_tributos_estaduais,planilha1,confaz_boletim_tributos_estaduais_20260330.xls,20260330,unmapped
21,RS,202412,2024,12,1981787352,416212880.7,20913997.76,14652.33,2418928882.79,102978669.2,41224265.31,1322648.98,145525583.49,19459662.34,18136560.06,1096817.24,226285.04,14938797.52,105709.7,0,61452.41,14579506.28,192129.13,2252705266.56,214829953.2,276927120.8,989433.32,11261114.53,13313164.87,47953593.2,17179992.16,42072816.83,5275403.81,795315446.6,164945258,4036580.07,95402476.82,57420669.79,33490563.53,84419741.69,27869987.44,18944968.33,101548008,171196996.1,2763563.5,41225808.9,18742866.1,5579738.97,325855478.9,325855478.9,3394862.14,74341.92,88.26,3320431.96,0,2777891.18,505529.12,640016.94,1632345.12,1635333972.9,141012744.6,760798363,733522865.3,91329579.13,84781270.24,1640013.8,396275.44,4281401.86,230617.79,43560577.48,42608950.88,951626.6,91957750.95,606603.72,273601.04,74498.08,90166416.14,355211.88,481420.09,46694.31,39587.96,18.7,7087.65,13141.43,13141.43,2543589.64,493.2,67900.33,2242769.28,1960.61,65201.97,73216.11,92048.14,2657477.62,485139.43,1117.08,209938.98,1149820.99,51711.07,759750.07,74422.33,74422.33,133439.2,133439.2,35573.73,34471.12,833.29,269.32,224662.8,87704.23,0,0,136958.57,1487778.49,261343.77,1055552.73,170881.99,5135.76,5135.76,0,0,119667739.8,119667739.8,4608203494.21,7027132377,MA,Maranhao,Northeast,TRUE,TRUE,202412,2024-12-01,confaz_boletim_tributos_estaduais,planilha1,confaz_boletim_tributos_estaduais_20260330.xls,20260330,mapped
22,RO,202412,2024,12,17699758.97,3651747.94,231283.56,129320063.5,150902853.97,15827567.36,1540624.43,0,17368191.79,2088078.33,1950542.41,125370.16,12165.76,11652753.97,0,7156784.28,2928430.91,1567538.78,0,198526054.83,30193039.04,42416818.16,0,83372.82,312730.83,2964292.52,517647.23,226790.25,205403.01,87000567.75,6630824.86,124198.7,2272831.67,7390891.69,1430981.54,2143110.12,364911.9,63785.1,212078.25,10516428.71,1163182.58,1039424.13,863756.17,388987.8,58249040.4,58249040.4,141886.76,92578.28,1413.69,47396.87,497.92,1597380.84,438137.19,318028.77,841214.88,377266257.34,41098014.44,168542413.8,167625829.1,5934004.8,3095459.55,1846127.96,4562.47,955546.45,32308.37,3363242.22,3093681.09,269561.13,11452542.29,15131.75,124108.39,27368.08,11214368.37,62881.44,8684.26,248065.74,38870.56,16221.86,192973.32,21468.04,21468.04,746228.6,0,19007.07,167819.55,4930.45,194717.83,317577.2,42176.5,1672560.95,402928.17,0,12555.89,561022.77,78012.99,618041.13,0,0,70462.36,70462.36,176695.84,175999.6,696.24,0,302010.93,17130.33,2632.07,0,282248.53,815502,42885.54,480066.71,292549.75,0,0,0,0,59021063.71,59021063.71,733345299.95,884248153.9200001,PI,Piaui,Northeast,TRUE,TRUE,202412,2024-12-01,confaz_boletim_tributos_estaduais,planilha1,confaz_boletim_tributos_estaduais_20260330.xls,20260330,mapped
23,RR,202412,2024,12,7213328.86,353686.41,71456.6,75208373.38,82846845.25,320381.4,0,0,320381.4,471003.07,432420.99,13842.49,24739.59,596057.45,0,0,0,596057.45,0,49626179.79,2072683.72,9753610.39,0,7257.03,30119.92,1605.96,255915.07,18805.95,42059.5,28136540.35,1320338.74,30176.39,389545.08,1425051.28,0,243505.5,181975.59,16264.32,506311.58,4912210.4,116230.58,45119.21,93031.49,27821.74,20369993.13,20369993.13,6690.03,0,0,6690.03,0,481240.42,233947.39,59566.6,187726.43,93668317.15,4477716.95,47857009.92,41333590.28,722857.07,548023.28,101.96,73678.98,57650.84,43402.01,914015.44,886486.59,27528.85,4690737.4,3528.81,21673.59,5137.93,4645843.75,13297.32,1256,1050.38,0,0,1050.38,2916.17,2916.17,214369.25,111.55,18581.64,5404.9,0,5060.33,181107.46,4103.37,929434.54,166893.06,2443.33,1428.69,130619.86,9933.33,618116.27,340.46,340.46,2177.1,2177.1,5273.65,5130.92,142.73,0,7797.29,19.94,0,0,7777.35,91996.38,8987.41,48873.16,34135.81,1.57,1.57,0,0,10919073.64,10919073.64,183721521.38,266568366.63,CE,Ceara,Northeast,TRUE,TRUE,202412,2024-12-01,confaz_boletim_tributos_estaduais,planilha1,confaz_boletim_tributos_estaduais_20260330.xls,20260330,mapped
24,SC,202412,2024,12,23839018.91,1638682.01,6392758.84,2767.59,31873227.35,632396.42,19731.15,74629.27,726756.84,293449.6,198534,29615.7,65299.9,11087.04,1504.06,0,0,9582.98,0,6190705.51,345320.76,86223.8,0,373548.08,74309.2,2462.9,143981.81,62418.6,37215.56,0,355386.37,48534.76,140918.57,222469.02,456872.73,879247.91,82586.66,755588.29,492924.98,1262503.15,77664.62,156814.55,56979.25,76733.94,25513.88,25513.88,8133,0,0,8133,0,43068.67,8066.82,5898.71,29103.14,12515445.14,1235036.87,8940415.15,2339993.12,307567.07,248610.07,0,0,58775.94,181.06,476799.37,461176.84,15622.53,40139,909.15,13.29,4,2979.98,36103.54,129.04,14018.34,14018.34,0,0,35.48,35.48,242583.65,0,65345.42,400.04,339.76,1565.44,167795.86,7137.13,62128.64,5018.55,0,656.14,3.06,2585.49,53865.4,1763870.66,1763870.66,1058.71,1058.71,81.73,30.34,51.39,0,24601.61,2,0,0,24599.61,20533.98,0,12594.87,7939.11,2.98,2.98,0,0,2819244.27,2819244.27,24860068.330000002,56733295.68000001,RN,Rio Grande do Norte,Northeast,TRUE,TRUE,202412,2024-12-01,confaz_boletim_tributos_estaduais,planilha1,confaz_boletim_tributos_estaduais_20260330.xls,20260330,mapped
25,SP,202412,2024,12,1017181040.86,1211527410.63,1017000571.01,0,3245709022.5,155632304.93,320558935.62,28946017.44,505137257.99,79615114.11,77489203.28,2076048.09,49862.74,90408660.4,0,50304720.37,146507.5,36823857.64,3133574.89,9231602995.31,808424525.61,519387636.27,8524712.11,107197321.47,76240191.74,15190390.65,20141878.54,306347366.2,55790329.91,2012141754.18,1320367421.65,239453971.14,608014262.18,259157681.73,235534583.9,319395019.76,229524312.49,297122272.04,417551301.9,1082528408.78,38194067.08,49156837.4,153036981.72,53179766.86,1197544668.27,1197544668.27,19589105.72,5348043.42,202631.34,13924814.2,113616.76,27713794.04,2901107.85,8132064.26,16680621.93,7070803060.68,495335512.85,4456072944.39,2119394603.44,755591667.51,584870842.11,4427733.63,16324598.44,147288428.89,2680064.44,141711818.12,133135212.99,8576605.13,695901077.52,15077821.28,2201006.91,1993088.24,615314865.55,29895796.82,31418498.72,12068212.08,10345521,218168.36,1504522.72,1374140.6,1374140.6,67848388.43,5212.19,8343625.8,12769979.36,18003609.3,3357818.24,24943898.76,424244.78,85409258.32,24269334.37,646052.64,215039.93,16571331.22,3194210.27,40513289.89,185197.25,185197.25,2037403.86,2037403.86,2578604.81,1990568.42,24477.42,563558.97,5633799.89,499237.03,379837.27,0,4754725.59,20552384.75,3315059.31,15912639.85,1324685.59,12002.31,12002.31,0,0,963173847.77,963173847.77,20471355201.75,23717064224.25,PB,Paraiba,Northeast,TRUE,TRUE,202412,2024-12-01,confaz_boletim_tributos_estaduais,planilha1,confaz_boletim_tributos_estaduais_20260330.xls,20260330,mapped
26,SE,202412,2024,12,28217737.59,4229905.66,1111171.17,4585630.01,38144444.43,5647853.4,525589.96,45278.02,6218721.38,562542.52,392297.64,136054.8,34190.08,8751426.47,0,3840298.87,0,4911127.6,0,155601368.87,13033293.62,24573069.03,15450.15,1318545.84,674036.41,908929.54,115179.65,299770.86,0,52667127.76,30793948.32,1040803.61,2384114.87,10232255.63,749000.66,1870968.65,420393.4,707173.26,669753.59,10826093.96,772955.81,1024448.67,504055.58,0,71460459.07,71460459.07,55419.23,33485.99,0,21933.24,0,0,0,0,0,255263795.67,22014404.52,117089810.69,116159580.46,8089152.42,6911211.02,7855,714323.21,455763.19,0,6662277.59,6662277.59,0,8726788.86,0,0,4462.67,8722326.19,0,0,0,0,0,0,0,0,0,0,0,0,0,0,0,0,316103.09,0,0,0,316103.09,0,0,0,0,0,0,0,0,0,0,0,0,0,0,0,0,0,0,0,0,0,0,0,23637424.16,23637424.16,539126757.9499999,577271202.3799999,PE,Pernambuco,Northeast,TRUE,TRUE,202412,2024-12-01,confaz_boletim_tributos_estaduais,planilha1,confaz_boletim_tributos_estaduais_20260330.xls,20260330,mapped
27,TO,202412,2024,12,28569156.14,10554667.62,3748347.06,889471.43,43761642.25,12146987.96,7230903.64,232512.75,19610404.35,5742076.06,4722620.05,978181.04,41274.97,1830116.83,0,0,202267.54,1627849.29,0,228924631.72,17388224.54,39477933.36,12028.5,291839.19,204397.14,636274.47,133769.99,98018.82,70267.62,134812315.76,5610455.25,98993.57,2402458.69,7356647.71,219076.11,2309609.55,282653.86,28261.63,257826.47,14292285.43,781142.04,294127.72,1227333.82,638690.48,50752036.73,50752036.73,689400.22,665721.62,0,23678.6,0,702339.43,246816.32,179395.81,276127.3,195024298.01,23440445.42,101279734.93,70304117.66,6673327.91,5744532.89,43740.07,10679.51,832067.22,42308.22,2433808.81,2301737.03,132071.78,9393248.1,44348.19,0,96984.81,9190929.77,271.39,60713.94,33078.19,31800.77,773.5,503.92,6185.23,6185.23,1159900.37,0,159.92,425268.73,2774.93,6665.03,715519.83,9511.93,235963.79,37584.13,0,582.98,169425.75,1727.73,26643.2,0,0,1922.59,1922.59,771.88,771.88,0,0,2260.94,0,0,0,2260.94,104107.56,2907.29,94681.78,6518.49,0,0,0,0,34150575.61,34150575.61,537860049.98,581621692.23,AL,Alagoas,Northeast,TRUE,TRUE,202412,2024-12-01,confaz_boletim_tributos_estaduais,planilha1,confaz_boletim_tributos_estaduais_20260330.xls,20260330,mapped
1,AC,202501,2025,1,13406473.22,660847.1,5147752.33,0,19215072.65,2062049.64,0,153.68,2062203.32,2668778.61,2661116.09,1071.86,6590.66,194802.86,0,0,0,194802.86,0,38435544.17,5025189.38,9868578.35,317.1,3668.46,117666.16,154795.36,174055.87,7387.28,94974.01,12361985.59,880977.93,72631.89,721339.89,1410965.05,5433.44,387264.71,199810.64,152873.07,233081.8,5872999.01,345788.62,168444.08,88739.57,86576.91,18200704.35,18200704.35,20069.69,19627.57,0,442.12,0,434282.89,222637.79,54632.17,157012.93,97308053.92,5099996.46,54613586.89,37594470.57,476671.22,275638.68,38694.28,51497.78,103210.26,7630.22,1056892.03,978509.59,78382.44,6158969.7,31175.21,64932.26,4472.38,5972160.83,32119.3,54109.72,16440.22,14944.79,0,1495.43,7680.93,7680.93,228094.9,808.52,7312.56,27271.21,0,18960.48,124751.7,48990.43,479541.67,15765.61,3342.11,6785.62,162386.73,107674.1,183587.5,0,0,29603.26,29603.26,25533.44,25528.91,4.53,0,80485.95,15133.76,0,0,65352.19,229351.86,1605.48,158947.71,68798.67,17.66,17.66,0,0,11867300.16,11867300.16,177918819.48999998,197133892.14,,,,,,202501,2025-01-01,confaz_boletim_tributos_estaduais,planilha1,confaz_boletim_tributos_estaduais_20260330.xls,20260330,unmapped
2,AL,202501,2025,1,107184041.57,9786477.12,781576.13,11680746.83,129432841.65,4548322.51,81861.24,36575.34,4666759.09,1996159.55,1631995.25,298930.98,65233.32,6525301.35,0,691847.65,848996.4,2866566.65,2117890.65,229762574.47,21942332.49,69221102.34,384755.02,297205.52,871647.24,200590.72,698269.36,958572.58,316537.77,69782507.02,15495545.27,561646.75,10724012.06,5844095.35,925767.15,2447229.3,1591483.93,1171062.29,2954168.16,19107855.2,1581912.67,1374043.21,775426.5,534806.57,80534401.99,80534401.99,849528.5,22023.53,3890.87,821611.77,2002.33,1406268.24,162060.67,624508.73,619698.84,412390955.68,26461442.08,229093684.02,156835829.58,24129198.13,14730543.74,2300768.26,62159.67,2562649.81,4473076.65,13256031.03,9875330.45,3380700.58,15018964.71,49387,117899.79,14021.9,14506676.45,270980.99,59998.58,167916.43,151046.83,14384.88,2484.72,102844.67,102844.67,1477365.46,6167.39,32699.09,158958.13,4449.09,78271.48,1146946.31,49873.97,1642827.76,421049.32,11470.92,96557.13,348074.54,31815.34,733860.51,998.08,998.08,63927.7,63927.7,103570.13,99649.48,78.71,3841.94,83637.6,8779.73,0,0,74857.87,601902.1,47817.74,425570.53,128513.83,643.23,643.23,0,0,647783.29,647783.29,790762800.1,920195641.75,,,,,,202501,2025-01-01,confaz_boletim_tributos_estaduais,planilha1,confaz_boletim_tributos_estaduais_20260330.xls,20260330,unmapped
3,AP,202501,2025,1,9170702.62,599172.78,6400392.04,45298997.78,61469265.22,538910.62,0,0,538910.62,26308.93,17532.7,6429.3,2346.93,315463.61,0,0,28350.92,287112.69,0,23380750.59,1287976.64,10299942.23,0,602.15,32390.61,1574.34,240871.83,308022.5,27572.41,1079443.98,946191.79,41414.77,748549.13,1341246.99,66006.43,656089.11,309051.12,883933.06,331692.87,4517799.59,105612.03,97790.11,45515.29,11461.61,12630993.36,12630993.36,2105707.33,2088124.12,0,17583.21,0,240516.2,134850.98,27870.02,77795.2,83006203.95,4568151.24,56596117.75,21841934.96,1280457.1,411755.35,730998.22,0,131251.95,6451.58,223144.06,213942.56,9201.5,6150420.38,359.68,116353.76,0,6029079.46,4321.98,305.5,1704.28,1698.98,0,5.3,1386.09,1386.09,88600.69,232.45,420.82,11901.3,0,3767.5,67673.16,4605.46,264340.99,140.05,0,44.32,206813.52,2815.11,54527.99,0,0,7002.07,7002.07,31112.48,29579.12,1533.36,0,6136.35,1152.71,0,0,4983.64,79732.18,22167.03,19199.88,38365.27,1,1,0,0,12431940.4,12431940.4,142271922.04,203741187.26,,,,,,202501,2025-01-01,confaz_boletim_tributos_estaduais,planilha1,confaz_boletim_tributos_estaduais_20260330.xls,20260330,unmapped
4,AM,202501,2025,1,98344057.7,3045111.13,11605117,87533358.17,200527644,4634209.94,4592462.54,5602.79,9232275.27,319773.73,286411.18,19284.15,14078.4,61820689.4,0,58881716.12,2253347.67,685625.61,0,694598004.73,7701905.34,115095819.54,0,548867.28,288750.54,51044.54,653088.65,3859181.23,261049.32,77430391.7,11486255.5,2338625.5,22103236.91,4251750.84,2349293.09,20234475.67,212288938.62,22085203.67,20477501.25,28619810.96,138575640.76,899620.06,2816370.65,181183.11,62116797.22,62116797.22,1755478.28,1290474.77,0,465003.51,0,412009.63,0,89921.36,322088.27,468092012.98,27061049.19,226901395.64,214129568.15,87365687.03,53877439.29,24205283.36,156828.05,9015787.33,110349,8677567.11,8676493.92,1073.19,27655247.23,127358.6,1429.49,55172.82,27164262.13,305570.79,1453.4,0,0,0,0,0,0,547.74,0,0,348.57,0,0,199.17,0,1242247.56,0,34,2086.06,1240108.18,0,19.32,0,0,0,0,1353.61,1353.61,0,0,46321.72,0,41699.95,0,4621.77,99803.7,2213.29,94304.7,3285.71,0,0,0,0,48670925.89,48670925.89,1462874467.56,1663402111.56,,,,,,202501,2025-01-01,confaz_boletim_tributos_estaduais,planilha1,confaz_boletim_tributos_estaduais_20260330.xls,20260330,unmapped
5,BA,202501,2025,1,336284222.3,29786484.07,129238203.4,343500332.76,838809242.53,169313514.46,0,0,169313514.46,22516562.65,20932438.68,972430.36,611693.61,34251842.52,0,16458128.33,4990304.55,9617959.39,3185450.25,1691202078.92,94710940.65,386101880.8,55616.74,6754802.09,3549355.87,3722495.05,1746794.09,19736515.39,510091.73,568227900.2,282221279.8,6768939.43,70172217.94,49247166.31,24531130.01,15213104.03,5666701.71,10199044.23,9671318.07,112160774.1,3821888.5,6557529.97,3598640.59,6255951.62,272588620.2,272588620.2,6571852.06,5206471.15,90090.94,1274872.01,417.96,1386152.55,46366.75,266331.7,1073454.1,1507572001.84,89426744.54,735712828,682432429.3,47244968.46,34355841.94,916650.03,226010.56,11454656.04,291809.89,44433130.71,37097049.64,7336081.07,88630274.38,225293.34,464008.84,126852.89,84759280.65,2524260.06,530578.6,627952.12,625682.2,353.04,1916.88,343876.32,343876.32,8905593.55,1571.22,169915.2,655702.62,13542.14,342997.68,7513869.59,207995.1,16205182.39,3045466.46,80885.53,125555.73,2481814.66,591356.54,9880103.47,65293.84,65293.84,422018.52,422018.52,533299.61,532885.38,411.14,3.09,675957.15,153711.19,63.62,136.43,522045.91,1887252.86,246515.12,1212281.11,428456.63,684.78,684.78,0,0,110953667.99,110953667.99,3857018263.4200006,4695827505.950001,,,,,,202501,2025-01-01,confaz_boletim_tributos_estaduais,planilha1,confaz_boletim_tributos_estaduais_20260330.xls,20260330,unmapped
6,CE,202501,2025,1,511972957.73,48393416.05,1439118.26,252906.37,562058398.41,9718327.87,7692337.18,621195.01,18031860.06,3745650.37,2401852.39,24619.4,1319178.58,8234249.27,0,2853657.74,1382.19,5379209.34,0,557850027.98,60047320.73,112385085.18,47021.55,9819076.97,11459951.31,15648823.14,1355599.58,7109884.31,1229033.83,182583514.68,21523999.08,3788226.87,15236476.04,26668348.93,6782805.71,11380592.61,3429211,8924802.35,6847408.97,39372697.46,3561353.4,5447099.75,3037688.93,164005.6,165844324.24,165844324.24,3165544.03,2550117.38,52623.94,562802.71,0,2404603.07,1364160.17,514222.55,526220.35,934451492.53,70927271.6,610291005.6,253233215.33,29708461.57,23200737.59,2325922.27,569003.79,3277786.27,335011.65,24031167.14,22284860.55,1746306.59,44910484.19,326819.12,101.75,282563.76,44288009.04,12990.52,0,889943.77,150528.77,739415,0,46440.74,46440.74,177317.97,300.71,114.79,163480.26,388.01,2215.44,6328.25,4490.51,2144144.38,271963.29,5544.7,279.9,1433692.37,20046.74,412617.38,9379805.81,9379805.81,104429.3,104429.3,435776.1,385800,39873.98,10102.12,137346.13,6071.6,0,0,131274.53,103455.55,2660.8,8614.69,92180.06,0,0,0,0,47940611.38,47940611.38,1835705275.5200002,2397763673.9300003,,,,,,202501,2025-01-01,confaz_boletim_tributos_estaduais,planilha1,confaz_boletim_tributos_estaduais_20260330.xls,20260330,unmapped
7,DF,202501,2025,1,179697211.6,21218048.04,12489569.67,4801803.28,218206632.59,9623316.6,8049381.78,367706.25,18040404.63,12577300.75,12527976.71,48746.29,577.75,102806.81,1813.33,0,0,100993.48,0,205924490.4,14704815.63,53408300.69,144492.31,394411.15,498584.61,33529.39,505887.74,143096.6,109290.4,25328685.38,3203570.17,4479193.52,4021451.4,15640334.45,775450.86,5551464.37,3224635.08,2411567.55,1615839.18,66038708.21,1092213.13,1110632.43,1486999.42,1336.73,83982904.31,83982904.31,662279.92,923.92,3474.76,657881.24,0,5997.67,179.8,5633.5,184.37,610604336.45,76909450.15,343912427.1,189782459.2,12510379.76,10118467.11,46.44,267776.23,1993785.67,130304.31,17015850.86,16984185.97,31664.89,55280010.31,41229.22,63.5,41595.94,55197120.65,0,1,0,0,0,0,0,0,2232.93,0,0,0,0,2232.93,0,0,513494.85,2.61,0,0,432413.51,0,81078.73,0,0,19.92,19.92,0,0,0,0,5.03,5.03,0,0,0,1181.61,0,1180.61,1,0,0,0,0,97852525.77,97852525.77,1097035817.35,1315242449.9399998,,,,,,202501,2025-01-01,confaz_boletim_tributos_estaduais,planilha1,confaz_boletim_tributos_estaduais_20260330.xls,20260330,unmapped
8,ES,202501,2025,1,67906116.11,22212198.25,71619868.6,9212599.58,170950782.54,8304129.02,34915.12,12981.45,8352025.59,8829018.74,8697478.12,114376.3,17164.32,165279510.65,0,158269597.39,0,6749570.6,260342.66,335768392.72,35670709,77091238.98,0,511927.51,3534306.63,147906.22,1607737.48,2222697.47,363492.07,74485254.79,19832420.63,3314860.87,8089467.61,27978738.49,33237381.55,12386787.13,2311987.39,2620602.67,3122361.07,14803636.57,2190445.25,2491956.28,2454189.38,5298287.68,108563800.91,108563800.91,1997198.61,71003.46,0,1926195.15,0,4072546.11,480862.84,1148856.63,2442826.64,899223054.92,72697418.7,562120227.45,264405408.77,88054295.88,54424352.97,5727462.66,17910.22,27684996.38,199573.65,16051001.85,15579755.11,471246.74,26866123.26,47543.99,72481.1,65148.03,25625569.23,224676.1,830704.81,1526098.14,1525145.32,0,952.82,151668.41,151668.41,3224052.02,1555.03,222647.88,859908.42,0,77436.27,2026688.43,35815.99,2853230.11,1031446.52,7370.73,8946.82,570613.18,55024.6,1179828.26,0,0,86246.75,86246.75,72739.36,72596.94,142.42,0,79504.7,16050.36,0,0,63454.34,610386.76,64243.1,295568.38,250575.28,333.12,333.12,0,0,144706379.76,144706379.76,1808015582.7799997,1978966365.3199997,,,,,,202501,2025-01-01,confaz_boletim_tributos_estaduais,planilha1,confaz_boletim_tributos_estaduais_20260330.xls,20260330,unmapped
9,GO,202501,2025,1,433702558.6,73510088.37,193756251.1,265438312.4,966407210.47,21871933.6,15966633.81,279560.14,38118127.55,47268648.63,44623717.46,2580942.95,63988.22,11765041.3,0,0,5074843.35,6515739.3,174458.65,710862062.81,130712641.5,134749541.9,369750.67,1542484.22,8091514.87,1579279.74,928713.26,7928427.28,1165335.48,224056742.2,41893686.63,26646621.84,18233860.97,16437836,1201413.6,15339518.82,2525359.71,2982078.18,8801001.15,52147419.63,3464910.52,4399232.26,3138660.22,2526032.16,103511780.4,103511780.4,3490096.01,1527152.12,113427.34,1845195.85,4320.7,3473740.08,458421.01,1012719.74,2002599.33,1049149025.1,106209123.2,511117070.7,431822831.2,63846041.03,57581039.68,4027.71,222581.61,5379577.38,658814.65,21148015.44,18599949.54,2548065.9,39383001.55,109425.87,377233.77,65419.8,38464170.77,144824.04,221927.3,154309.58,142528.24,9895.53,1885.81,263771.92,263771.92,2733764.63,7607.23,406118.29,1366737.65,100412.4,364681.05,358323.54,129884.47,9652116.97,2149304.36,25074.91,61758.33,1138300.64,62524.27,6215154.46,3908.14,3908.14,122503.17,122503.17,445236.53,440089.52,2236.8,2910.21,618175,102817.92,1632.61,0,513724.47,1076037.89,211909.62,591447.4,272680.87,2310.76,2310.76,0,0,87051758.75,87051758.75,2156021345.6900005,3122428556.160001,,,,,,202501,2025-01-01,confaz_boletim_tributos_estaduais,planilha1,confaz_boletim_tributos_estaduais_20260330.xls,20260330,unmapped
10,MA,202501,2025,1,94821808.49,4842692.38,38358764.25,44159318.08,182182583.2,9928326.62,19655082.43,3915.49,29587324.54,7356169,6759478.32,521572.21,75118.47,24562798.42,0,7435045.59,15253141.93,1727500.18,147110.72,309141798.93,12388302.54,122574671,4859.14,386135.25,972920.07,328057.08,670061.8,2428959.41,192325.93,39277483.45,26061992.54,935717.13,5308082.05,14685215.95,38874805.86,1218961.57,2213745.83,212296.25,3664283.89,30004766.12,2612380.84,2490634.25,945702.5,689438.48,135612236.8,135612236.8,233020.69,26979.96,4627.15,201413.58,0,4542044.25,1897017.07,1448398.11,1196629.07,677493863.52,41469376.12,386869546.2,249154941.2,21353287.49,15252746.26,2898317.59,23236.34,3054971.66,124015.64,6424416.49,6083152.3,341264.19,28143146.65,35293.29,123496.8,13305.61,27780076.64,142354.56,48619.75,93358.93,89353.01,39.69,3966.23,168378.55,168378.55,5822382.19,9961.13,33800.89,331936.67,819.08,96164.06,5278957.48,70742.88,2924736.47,1345038.21,24170.36,49646.39,738809.32,45760.56,721311.63,0,0,102266.2,102266.2,101269.11,100028.84,1168.27,72,210453.23,7132.61,0,0,203320.62,637304.25,72869.01,402730.16,161705.08,130.31,130.31,0,0,41568321.84,41568321.84,1266491383.3200002,1448673966.5200002,,,,,,202501,2025-01-01,confaz_boletim_tributos_estaduais,planilha1,confaz_boletim_tributos_estaduais_20260330.xls,20260330,unmapped
11,MT,202501,2025,1,93521146.47,23213828.94,15492555.97,21260506.72,153488038.1,8771656.5,9593927.12,497611.96,18863195.58,60235095.79,59635654.79,535006.65,64434.35,6623288.75,0,1737.59,2975325.81,3629842.8,16382.55,828975391.86,136146513.4,142732837.5,51658.68,996269.68,946457.99,894648.77,3905747.28,1590878.1,183051.13,384815623.7,41301666,473696.36,16313501.95,26515878.67,3358608.36,6663917.7,2909518,7675952.03,6792411.64,39062718.89,1653841.61,1816297.63,1424546.09,749150.7,117276374.5,117276374.5,660336.06,119646,35970.08,500877.26,3842.72,1016067.86,450809.91,206975.22,358282.73,891247863.9,110098162.9,414415353,366734348,72225299.33,54486206.45,97371.31,134980.23,12944077.16,4562664.18,9321149.58,9001013.52,320136.06,22380198.74,68001.51,219005.55,80580.2,21763266.68,43246.04,206098.76,240884.51,158401.31,14146.21,68336.99,46804.85,46804.85,1875879.27,5410.81,62119.57,103674.72,237798.98,178471.14,1234261.56,54142.49,8979190.4,1212138.49,22184.29,103750.88,867623.53,43092.45,6730400.76,3237664.25,3237664.25,104012.06,104012.06,453570.48,452131.32,1285.24,153.92,46754.59,4540.67,0,0,42213.92,793647.13,252794.17,362742.22,178110.74,3091.75,3091.75,0,0,0,0,2025742565.6599996,2179230603.7599998,RO,Rondonia,North,TRUE,TRUE,202501,2025-01-01,confaz_boletim_tributos_estaduais,planilha1,confaz_boletim_tributos_estaduais_20260330.xls,20260330,mapped
12,MS,202501,2025,1,584709047.8,36586576.71,2400221.18,74569833.19,698265678.88,4730389.97,1687732.36,0,6418122.33,36138315.37,26128437.1,9824249.35,185628.92,8046281.97,0,0,4722770.02,2969697.69,353814.26,606598521.82,77237033.47,103769539.29,3519046.55,2440704.61,2959376,1108399.19,1421513.67,15388323.82,364103.98,315229842.81,13365740.65,2181155.87,6299858.78,8409626.7,4698573.9,6678970.25,2337558.17,4817953.25,823900.99,26136058.32,973978.15,712587.54,1808843.64,3915832.22,219218843.45,219218843.45,2066799.74,374632.7,688571.27,1003595.77,0,1990213.12,308749.94,1127365.3,554097.88,452476875.57,54081380.09,246986591.49,151408903.99,55111725.02,51230215.58,93994.18,152968.01,3308576.22,325971.03,6294855.13,5809216.58,485638.55,20371950.05,34351.55,67989.23,33102.3,20060800.96,146930.78,28775.23,239021.35,215246.01,0,23775.34,118397.61,118397.61,1498382.61,2501.67,3091.08,304646.78,28587.8,119049.48,943472.15,97033.65,2929863.84,876216.46,1248.03,89283.73,361428.87,70784.92,1530901.83,2662284.4,2662284.4,64570.39,64570.39,97724.25,97511.14,213.11,0,106764.24,20100.26,94.88,0,86569.1,622848.12,137771.69,295682.6,189393.83,13.1,13.1,0,0,33558184.34,33558184.34,1450212435.4899998,2148478114.37,AC,Acre,North,TRUE,TRUE,202501,2025-01-01,confaz_boletim_tributos_estaduais,planilha1,confaz_boletim_tributos_estaduais_20260330.xls,20260330,mapped
13,MG,202501,2025,1,2465879770.57,147573392.77,282936337.1,372553201.52,3268942701.96,59723387.15,28243612.13,1501378.69,89468377.97,24724847.78,16226794.65,8341882,156171.13,148284595.09,670.13,6133906.81,133640945.72,6925460.22,1583612.21,3133196586.69,304468972.06,262237997.95,75339464.71,9536365.75,21622539.52,11381730.32,11347688.79,31241707.11,3912762.61,1131416247.08,171017483.02,51435788.85,71195890.7,118376328.23,233967649.68,80075432.26,35164045.18,66077465.61,102030142.92,262620450.41,13473350.16,28879090.33,20362146.57,16015846.87,576886645.44,576886645.44,5218586.1,42322.47,37975.03,5138288.6,0,9142069.16,1128611.87,3156861.88,4856595.41,2585963263.91,150413546.03,1638070450,797479267.88,132576017.06,113392459.01,103600.91,2499644.46,16203272.18,377040.5,67629731.2,65186592.67,2443138.53,175077224.37,429968.8,609748.46,1314055.09,170167990.72,1734883.91,820577.39,12635120.81,11786456.49,748.77,847915.55,232655.1,232655.1,21880831.55,4070.67,1324795.64,1687282.1,750163.34,607866.95,16977072,529580.85,17893395.68,5552203.25,245647.63,57964.84,4035287.23,221277.86,7781014.87,11590.04,11590.04,1204393.91,1204393.91,272533.18,263508.13,6706.32,2318.73,934672.3,131305.01,76836.34,109.99,726420.96,3130865.09,756343.59,1701926.72,672594.78,4766.36,4766.36,0,0,227149806.7,227149806.7,7144050197.520001,10412992899.480001,AM,Amazonas,North,TRUE,TRUE,202501,2025-01-01,confaz_boletim_tributos_estaduais,planilha1,confaz_boletim_tributos_estaduais_20260330.xls,20260330,mapped
14,PR,202501,2025,1,2709859907.95,124839447.6,6890137.22,0,2841589492.77,17589318,4099845.5,123939.43,21813102.93,8192764.89,3382460.55,4731129.01,79175.33,25775724.48,0,2698827.13,0,22899280.31,177617.04,1004001108.43,141833927.7,115397152.01,4399679.98,9192458.33,14468388,2184082.72,27012692.78,109760813.97,5010845.32,21422625.08,88221649.59,25302046.27,45826038.13,35625197.26,8604816.75,45533335.76,15762613.55,23713656.41,74157215.4,139669804.07,3518867.08,26796305.1,18009009.18,2577887.99,307207027.12,307207027.12,2210279.64,139423.61,218.65,2070637.38,0,5990648.64,532243.4,1829440.8,3628964.44,3453271601.77,339665643.86,2526366508.92,587239448.99,157342507.46,101957579.7,755662.14,2080249,19542587.55,33006429.07,28505176.69,26654247.36,1850929.33,93165298.96,725540.05,11135.46,411774.23,90761214.67,1245404.98,10229.57,37986.47,37670.47,70.42,245.58,299021.51,299021.51,1166765.78,1340.24,31790.72,196953.22,855293.97,66580.49,14115.37,691.77,3711309.2,51796.73,13127.25,6726.06,3493480.15,18904.14,127274.87,2115.49,2115.49,73985.28,73985.28,46349.49,46092.49,89.9,167.1,32593,24032.17,129.64,0,8431.19,452027.76,129900.59,293323.42,28803.75,682.6,682.6,0,0,9629495.65,9629495.65,5101114470.309999,7942703963.08,RR,Roraima,North,TRUE,TRUE,202501,2025-01-01,confaz_boletim_tributos_estaduais,planilha1,confaz_boletim_tributos_estaduais_20260330.xls,20260330,mapped
15,PB,202501,2025,1,80533947.79,4153330.32,2622000.31,7028218.11,94337496.53,7232217.72,4695787.35,0,11928005.07,1509332.53,1325047.01,110734.6,73550.92,4366732.36,388242.3,340151.86,39859.88,3598478.32,0,209261428.05,18976005.45,52462996.48,776.79,3827890.46,1853188.75,1738226.39,370302.14,1758710.64,902804.05,59361247.81,5267628.95,925679.39,5354963.25,17124245.16,994147.84,4909988.42,1128359.24,923791.35,2336366.6,23882301.87,1157113.41,2461499.66,1524185.7,19008.25,66922852.36,66922852.36,81938.51,51541.98,0,30396.53,0,433945.67,59587.54,248989.49,125368.64,619572178.48,34584806.51,331433414.5,253553957.47,17382207.89,15984543.82,96619.52,57509.2,948839.9,294695.45,9157237.28,9115873.57,41363.71,20714394.45,170286.67,765.86,42229.61,20492604.38,7894.25,613.68,129227.92,128822.87,0,405.05,2397.89,2397.89,27279.83,723.92,131.1,10578.1,1.82,11103.75,3861.53,879.61,612426.22,20342.31,7.77,6181.08,540312.88,1529.78,44052.4,0,0,2768.84,2768.84,9490.4,9483.04,7.36,0,55690.74,53781.71,0,0,1909.03,29159.35,0,15458.59,13700.76,6.54,6.54,0,0,0,0,950270695.3100001,1044608191.84,PA,Para,North,TRUE,TRUE,202501,2025-01-01,confaz_boletim_tributos_estaduais,planilha1,confaz_boletim_tributos_estaduais_20260330.xls,20260330,mapped
16,PA,202501,2025,1,103982477,6001339,263877755,374064398,747925969,16696664,3429694,46461,20172819,5325069,4477352,756879,90838,129665094,0,37737,123293442,2351299,3982616,567197638,46736832,131370271,50904,289011,693314,1507775,5802846,1553676,201658,182719057,24616437,907534,10917890,19097373,35007647,3038792,2166737,3154961,43344907,44054907,3303764,1552750,643891,4464704,231591831,231591831,1208575,133263,10608,1064704,0,7524068,904783,3564013,3055272,927742070,71350163,588066542,268325365,70974235,44931637,19578424,40180,6172945,251049,15379261,14929137,450124,36521079,20476,287355,21374,35708718,453512,29644,500192,498031,0,2161,197074,197074,2196546,5020,29403,428061,3303,48646,1581683,100430,4510976,1316453,72789,65556,2102038,90726,863414,69293,69293,64413,64413,329231,329143,88,0,158339,13490,0,0,144849,1752306,1037925,418671,295710,202,202,0,0,157781712,157781712,2160689204,2908615173,AP,Amapa,North,TRUE,TRUE,202501,2025-01-01,confaz_boletim_tributos_estaduais,planilha1,confaz_boletim_tributos_estaduais_20260330.xls,20260330,mapped
17,PE,202501,2025,1,227941967.5,11878862.92,10317246.35,29863203.96,280001280.73,11544886.65,4252845.07,1005490.31,16803222.03,1323716.25,1117842.6,62984.34,142889.31,11833405.44,0,5926800.48,5253.04,5738274.41,163077.51,799797865.7,83588540.1,140565771.93,13082.76,4479035.47,7165782.39,1090094.09,2413691.52,11131188.38,973589.43,219363176.43,56266938.37,7380740.26,28318909.75,23580162.22,7457141.67,16671654.56,13826358.03,14528728.97,8019273.49,134442226.06,6733898.84,6412560.11,2949565,2425755.87,194518490.17,194518490.17,1280899.9,145532.14,44793.26,1090574.5,0,115201.95,51700.04,16165.2,47336.71,1394575085.6,81113706.21,913180517.31,400280862.08,57568036,46471890.82,2809595.99,362265.58,7635303.01,288980.6,26372240.8,24637575.94,1734664.86,38078896.73,110229.54,401062.17,89279.77,36853083.57,577808.77,47432.91,1018038.7,893875.67,0,124163.03,20335.59,20335.59,3316770.68,1293.67,52024.67,36890.52,474243.14,276868.14,2388798,86652.54,4649441.97,1996648.83,41372.14,398507.37,2087855.85,85268.92,39788.86,43892.55,43892.55,142091.14,142091.14,116997.36,114087.71,244.6,2665.05,264643.41,20156.4,21311.32,0,223175.69,1627653.99,81791.85,1225948.46,319913.68,349.95,349.95,0,0,111281858.84,111281858.84,2647945912.72,2927947193.45,TO,Tocantins,North,TRUE,TRUE,202501,2025-01-01,confaz_boletim_tributos_estaduais,planilha1,confaz_boletim_tributos_estaduais_20260330.xls,20260330,mapped
18,PI,202501,2025,1,305760320.2,2493428.85,71574484.7,1080518.29,380908752.04,660152.6,212998.44,0,873151.04,7399606.9,7055736.36,201061.54,142809,1405525.19,0,62565.87,91627.42,1251331.9,0,212355285.9,12292507.29,65085891.78,6198.95,11665.19,429204.44,91141.25,47230.99,105000.55,43000.73,88134589.29,11681853.6,402886.37,4260314.02,4597905.17,138324.51,654245.3,455146.82,959795.11,885145.49,17946582.54,1634042.09,1704879.27,473728.19,314006.96,77711465.15,77711465.15,7915.04,2379.06,75.95,5460.03,0,2715203.8,500602.61,1248919.37,965681.82,282549330.25,20860109.19,128961769.07,132727451.99,10497135.11,8327800.89,182892.03,11589.7,1931302.33,43550.16,4131823.51,3942111.85,189711.66,14878812.24,1909.27,327610.36,17837.65,14050560.97,47201.07,433692.92,380034.69,348980.54,0,31054.15,24852.5,24852.5,1581791.77,237.71,15878.03,113607.76,0,15035.35,1411887.94,25144.98,2259801.74,606102.73,0,81316.3,439902.13,98148.78,1034331.8,7868.33,7868.33,58263.76,58263.76,85129.24,80867.6,4261.64,0,133312.95,8432.95,0,0,124880,468044.37,24430.31,374781.91,68832.15,0,0,12004.11,12004.11,53019264.54,53019264.54,671682471.0900002,1052591223.1300001,,,,,,202501,2025-01-01,confaz_boletim_tributos_estaduais,planilha1,confaz_boletim_tributos_estaduais_20260330.xls,20260330,unmapped
19,RJ,202501,2025,1,1778578792,75074858.4,1234349.18,649222552.2,2504110551.78,72533935.15,16596848.77,1418566.26,90549350.18,909284.79,684602.42,172875.81,51806.56,352722161.51,0,246056222.1,1431621.17,3765227.94,101469090.3,1010598337.82,32396456.62,143420843.3,250201.13,3174570.22,13343568.64,4532356.71,486907.98,10924211.02,1275410.12,411210877.3,89790439.11,28407252.15,49782975.55,37085332.67,23162756.76,26667609.57,1352489.57,2011084.92,35652162.91,30067501.4,3408461.36,2661867.18,15449224.79,44083776.84,546656602.3,546656602.3,3113661.59,166416.54,6775.55,2940112.7,356.8,5449228.59,346627.84,1198888.31,3903712.44,1427114694.38,27805790.18,731292225.1,668016679.1,281535345.12,183988414.7,15820278.93,6917596.35,74360935.37,448119.77,59192630.23,53247479.27,5945150.96,173821271.64,203066.37,866712.57,1731908.72,167562706.7,910114.35,2546762.93,3141008.65,3130326.47,3903.64,6778.54,120604.21,120604.21,25496835.8,4967.2,1772855.26,13628761.46,8080453.4,341481.81,1509407.61,158909.06,17419079.21,9939923.25,193006.82,179758.04,2618157.52,630830.76,3857402.82,1795.61,1795.61,459866.43,459866.43,87312.9,72247.8,323.59,14741.51,1035775.14,83085.75,77926.44,0,874762.95,3901910.97,183819.67,3403493.16,314598.14,217.6,217.6,0,0,979191809.3,979191809.3,4891969433.79,7396079985.57,,,,,,202501,2025-01-01,confaz_boletim_tributos_estaduais,planilha1,confaz_boletim_tributos_estaduais_20260330.xls,20260330,unmapped
20,RN,202501,2025,1,33030194.44,2641586.37,0,0,35671780.81,0,0,0,0,3296098.74,1911684.23,27651.9,1356762.61,34091466,0,18672666.48,150508.03,14314948.62,953342.87,232517762.61,19124632.02,45352608.12,0,1428415.61,7047718.08,66131.07,271289.71,457339.65,345380.17,112855466.1,4001836.61,464682.82,3911544.66,4948543.16,83205.12,1280976.86,1142430.2,4492989.48,4595918.43,14732140.66,865658.25,2165920.06,1074869.99,1808065.78,68613540.97,68613540.97,656872.37,26283.79,330.49,630258.09,0,2056217.01,406995.63,290253.19,1358968.19,354283411.91,26637095.41,170655760.3,156990556.2,8353237.17,6284497,1164153.29,33006.82,748276.72,123303.34,11268070.35,10023630.34,1244440.01,21517629.17,24796.11,232367.97,11582.74,21117771.03,84536.64,46574.68,131754.33,119329.26,0,12425.07,57171.32,57171.32,2016837.86,11500.88,70096.75,799655.57,211.4,94868.91,971278.43,69225.92,2294124.93,789231.8,8978.5,145368.39,376956.15,122634.46,850955.63,1557.94,1557.94,114814.76,114814.76,77358.91,43764.41,1540.79,32053.71,215674.9,51216.01,456.52,0,164002.37,687359.75,63247.63,456164.97,167947.15,182.08,182.08,0,0,29102188,29102188,771353331.0800002,807025111.8900001,,,,,,202501,2025-01-01,confaz_boletim_tributos_estaduais,planilha1,confaz_boletim_tributos_estaduais_20260330.xls,20260330,unmapped
21,RS,202501,2025,1,629737058.6,110776195.4,16552434.89,1658.9,757067347.79,80901069.21,27353818.47,1178328.33,109433216.01,26656671.35,24832691.08,1639063.64,184916.63,11265634.23,233770.6,0,31567.03,10834821.63,165474.97,2155082661.05,209067047.8,331995962.6,619213.08,7936921.71,11564247.72,24096772.59,12649260.78,34307008.68,4744923.47,727984955.2,193188171.3,3092123.79,84500161.79,46850934.12,24451599.75,77977120.61,18077202.77,22693406.83,93236177.71,159730254.7,2287033.33,39678729.81,19897797.52,4455633.39,288833503.1,288833503.1,1930667.6,12904.23,318.47,1917444.9,0,3995467.02,746150.71,1029952.99,2219363.32,1714946830,112015433.1,716345417.2,886585979.7,87417240.27,82223010.79,1427467.07,255629.95,3341907.2,169225.26,46417059.87,45325395.41,1091664.46,95458545.23,677671.88,322916.03,120854.01,93369386.92,442666.06,525050.33,93950.88,54262.62,39688.26,0,41852.48,41852.48,1909775.32,769.2,90767.52,1367705.29,2471.43,65286.56,280111.35,102663.97,2417371.43,428568.14,209.19,195818.01,1043948.32,66872.07,681955.7,74903.68,74903.68,93050.91,93050.91,80534.97,79612.19,922.78,0,708434.86,149637.4,3025.38,0,555772.08,1348626.24,313675.7,831807.8,203142.74,4055.23,4055.23,0,0,113378145.9,113378145.9,4552154981.619998,5309222329.409998,MA,Maranhao,Northeast,TRUE,TRUE,202501,2025-01-01,confaz_boletim_tributos_estaduais,planilha1,confaz_boletim_tributos_estaduais_20260330.xls,20260330,mapped
22,RO,202501,2025,1,82196579.19,4557383.82,242057.65,55870104.24,142866124.9,12795775.68,1447695.45,0,14243471.13,1651208.8,1589595.68,55854.07,5759.05,14663773.35,0,11861849.01,1402092.6,1399831.74,0,146107458.41,28669145.77,37724387.12,0,18506.72,143015.74,2837770.66,476436.64,105556.12,53826.56,43272612.28,7445655.99,154152.61,1422334.09,6443645.34,1423575.71,2093269.32,458039.85,58275.75,223106.42,10624853.65,791834.27,872517.55,598974.74,195965.51,52566926.09,52566926.09,180213.79,125920.63,1181.03,53112.13,0,1122903.24,385983.09,139311.57,597608.58,346385795.31,43310986.31,159741082.1,143333726.9,7068133.19,2935210.63,2088604.35,929411.09,1000571.33,114335.79,2212801.68,2049388.84,163412.84,12209431.96,19652.09,71827.95,30352.81,12066938.62,13017.56,7642.93,274528.49,31233.64,57600.78,185694.07,39058.65,39058.65,828458.31,0,8845.5,487449.31,372.43,35024.38,281986.05,14780.64,1779900.79,133951.05,1317.14,11258.12,654553.32,582197.43,396623.73,0,0,64493.43,64493.43,149458.94,149454.23,4.71,0,59983.33,5644.2,0,0,54339.13,370917.75,43484.08,260325.52,67108.15,0,0,0,0,59670724.95,59670724.95,647406170.46,790272295.36,PI,Piaui,Northeast,TRUE,TRUE,202501,2025-01-01,confaz_boletim_tributos_estaduais,planilha1,confaz_boletim_tributos_estaduais_20260330.xls,20260330,mapped
23,RR,202501,2025,1,11354663.49,340051.4,56749.45,39412063.96,51163528.3,248380.11,0,0,248380.11,722673.4,605723.6,71452.68,45497.12,307514.43,0,0,0,307514.43,0,50352368.23,2249327.67,10418593.23,0,3522.02,40655.23,836.6,352997.05,17993,38577.9,29192995.28,853354.86,33114.51,562325.91,1306049.63,1074.47,39606.72,200494.03,34646.35,215485.11,4504897.66,102101.21,72845.96,66344.35,44529.48,22613468.3,22613468.3,9347.01,0,0,9347.01,0,506320.44,183607.63,35297.53,287415.28,94115800.61,4708369.76,45932110.47,43475320.38,874510.04,604397.9,1160.96,163436.86,67274.22,38240.1,1001704.79,970367.86,31336.93,4372229.5,3866.88,44441.19,5246.35,4308089.92,9744.68,840.48,1034.96,1034.96,0,0,39784.67,39784.67,156972.05,1557.4,40072.2,9592.45,0,8281.98,90346.97,7121.05,383560.94,97884.81,2539.39,4270.72,131130.85,12749.13,134986.04,0,0,5781.77,5781.77,7153.71,7151.45,2.26,0,16477.09,9.6,0,0,16467.49,83007.59,2619.22,32660.31,47728.06,2.09,2.09,0,0,9176820.56,9176820.56,184746532.18000004,235910060.48000002,CE,Ceara,Northeast,TRUE,TRUE,202501,2025-01-01,confaz_boletim_tributos_estaduais,planilha1,confaz_boletim_tributos_estaduais_20260330.xls,20260330,mapped
24,SC,202501,2025,1,36867173.98,5459422.83,9715439.83,9400.09,52051436.73,1169342.8,128584.26,156639.25,1454566.31,708919.88,670829.17,3551.82,34538.89,3537.74,0,0,0,3537.74,0,7120095.38,465356.56,198742.65,987.84,324682.05,508882.29,11664.15,243031.49,170943.25,30355.52,19274.32,431803.57,38237.05,121836.16,213865.55,289728.32,397491.17,32125.12,931983.55,532669.44,1621798.44,116312.94,233364.53,83164.69,101794.73,732.45,732.45,2283.99,23.31,0,2260.68,0,72999.89,11243.22,21798.27,39958.4,10818456.18,1068332.98,6781279.7,2968843.5,663606.08,389381.88,2571.33,0,271294.63,358.24,258093.58,254269.83,3823.75,116098.61,6622.91,18806.65,0,21071.85,4402.48,65194.72,17425.4,11838.97,0,5586.43,66953.58,66953.58,381847.13,0,121853.76,53994.15,2205.88,101835.01,100168.47,1789.86,65174.98,3263.27,0,588.82,66.34,4287.7,56968.85,507079.88,507079.88,5053.32,5053.32,1,0,1,0,18308,13064.56,0,0,5243.44,16312.25,0,11284.52,5027.73,11.23,11.23,0,0,5584741.45,5584741.45,26427731.99999999,78479168.72999999,RN,Rio Grande do Norte,Northeast,TRUE,TRUE,202501,2025-01-01,confaz_boletim_tributos_estaduais,planilha1,confaz_boletim_tributos_estaduais_20260330.xls,20260330,mapped
25,SP,202501,2025,1,11088391805.21,309847867.26,1313654478.2,0,12711894150.67,78084260.13,352401134.67,13475839.81,443961234.61,81746417.45,79619014.06,2106594.9,20808.49,44299607.4,0,12289402.09,87686.98,29756353.93,2166164.4,8781624478.05,750291513.02,504013088.91,7254449.52,82201328.11,66124098.58,14431397.12,19896477.64,253746010.22,32326117.28,1851250741.68,1360065676.96,317675599.84,519527485.61,209164237.16,242342522.99,244368795.2,210728517.77,301154859.37,435046953.1,1102623834.39,34759845.99,43016283.34,122472088.47,57142555.78,1010913474.35,1010913474.35,15700479.68,4952613.55,275220.61,10442190.27,30455.25,27057919.19,3158179.56,8672944.16,15226795.47,6781274721.44,430520264.13,4509654194.25,1841100263.06,720631658.01,562932341.39,2758954.11,13849847.92,138817146.56,2273368.03,141792467.48,133371905.77,8420561.71,601573776.81,12238293.79,3908289.71,922688.4,518674523.86,28645006.31,37184974.74,16866899.34,15054451.62,130664.27,1681783.45,640465.77,640465.77,71142718.38,712.6,8801534.45,14897350.31,15186543.9,3419741.62,28675978.82,160856.68,88416474.28,27599043.07,454611.88,307579.58,9322047.67,1437259.92,49295932.16,221850.77,221850.77,1735940.01,1735940.01,3748335.73,3056493.42,3676.26,688166.05,8078624.79,897115.53,986057.67,0,6195451.59,20314954.96,3392452,15129891.85,1792611.11,4692.31,4692.31,0,0,966636822.68,966636822.68,19384422778.88,32096316929.550003,PB,Paraiba,Northeast,TRUE,TRUE,202501,2025-01-01,confaz_boletim_tributos_estaduais,planilha1,confaz_boletim_tributos_estaduais_20260330.xls,20260330,mapped
26,SE,202501,2025,1,33289154.75,3240929.59,1693543.28,4591478.38,42815106,5052800.79,386011.7,79477.22,5518289.71,582526.53,435513.63,107150.95,39861.95,8016580.54,0,3964585.77,0,4051994.77,0,148843578,13523572.32,37219318.49,17214.75,1547106.26,447132.09,506950.12,239567.65,356890.57,337.48,35790744.75,27452976.3,536020.34,3075244.45,9857654.3,506120.72,2330400.21,393601.86,573124.51,780673.43,11763454.64,664112.47,675466.82,585893.47,0,76429878.26,76429878.26,53834.99,26386.44,0,27448.55,0,0,0,0,0,262481444.77,24153556.23,116999572.73,121328315.81,7659499.76,6375007.38,6789.02,96215.07,1181488.29,0,6011678.62,6011678.62,0,9933925.91,0,0,11346.07,9922579.84,0,0,0,0,0,0,0,0,0,0,0,0,0,0,0,0,368911.26,0,0,0,368911.26,0,0,0,0,0,0,0,0,0,0,0,0,0,0,0,0,0,0,0,0,0,0,0,25482498.91,25482498.91,545864357.5500001,588679463.5500001,PE,Pernambuco,Northeast,TRUE,TRUE,202501,2025-01-01,confaz_boletim_tributos_estaduais,planilha1,confaz_boletim_tributos_estaduais_20260330.xls,20260330,mapped
27,TO,202501,2025,1,99792268.51,7766389.87,4409598.76,379162.15,112347419.29,9331395.14,14957225.09,30519.1,24319139.33,7639560.94,6581406.01,1033140.27,25014.66,1207284.42,0,0,14021.97,1193155.44,107.01,200480221.32,16687727.75,41052611,0,51703.23,207010.8,542438.92,7970.8,78561.09,67823.19,108684082.63,7202724.5,139787.64,1790714.21,6080328.64,171600.58,2201870.38,293877.36,65268.15,342066.13,12558478.27,630168.17,185662,688280.34,749465.54,45256442.95,45256442.95,217249.38,193662.41,0,23586.97,0,280712.75,23617.12,159039.82,98055.81,200344344.1,23831090.6,105812790.01,70700463.49,7894910.21,6847417.96,20818.83,10061.52,911400.29,105211.61,2559476.03,2399298.61,160177.42,9855668.58,15192.51,0,13881.64,9809557.86,265.05,16771.52,23698.57,23698.57,0,0,3321.51,3321.51,739595.43,40.21,91.25,131866.27,2935.63,3522.33,586802.17,14337.57,251917.5,35001.67,0,683.29,198026.6,3527.48,14678.46,0,0,3484.1,3484.1,2863.1,2863.1,0,0,3766.75,0,0,0,3766.75,94692.49,2424.52,82764.41,9503.56,0,0,0,0,34039716.54,34039716.54,510898926.67,623246345.96,AL,Alagoas,Northeast,TRUE,TRUE,202501,2025-01-01,confaz_boletim_tributos_estaduais,planilha1,confaz_boletim_tributos_estaduais_20260330.xls,20260330,mapped
1,AC,202502,2025,2,15061431.07,781928.79,5194447.48,0,21037807.34,2245819.8,0,154.7,2245974.5,3466572.61,3429883.35,32622.02,4067.24,138723.74,0,0,0,138723.74,0,33469615.74,5328941.71,10164933.15,2006.71,17833.87,137619.35,165126.58,478589.65,4657.47,37648.1,8179670.98,650785.42,143953.03,681155.86,1703635.06,1716.9,131414.75,230699.04,145234.03,70505.67,4420065.3,419301.66,119848.34,191812.84,42460.27,14662920.83,14662920.83,61540.4,58222.39,0,3318.01,0,408238.88,215717.57,55686.63,136834.68,88489153.3,4601534.91,51757260.45,32130357.94,388272.52,217444.32,37428.93,30563.02,72128,30708.25,651005.73,598028.95,52976.78,4968025.96,13223.74,56138.71,251.87,4859119.76,21989.03,17302.85,16838.82,15909.78,0,929.04,6741.83,6741.83,242226.56,2731.23,17964.33,16605.07,0,6335.58,152562.13,46028.22,380919.41,32417.89,2771.54,6245.52,158722.47,19843.59,160918.4,0,0,20096.39,20096.39,12933.73,12932.03,1.7,0,332364.54,400.59,0,0,331963.95,163460.22,6471.51,98561.79,58426.92,22.64,22.64,0,0,12029305.26,12029305.26,159908979.10999995,180946786.44999996,,,,,,202502,2025-02-01,confaz_boletim_tributos_estaduais,planilha1,confaz_boletim_tributos_estaduais_20260330.xls,20260330,unmapped
2,AL,202502,2025,2,50729570.9,7274014.76,883376.7,15947938.96,74834901.32,4008628.06,11950.77,25450.96,4046029.79,1972018.29,1281195.48,635070.36,55752.45,7307477.55,0,2377633.14,675728.75,2718332.4,1535783.26,378704474.57,169436031.59,61533076.88,360156.51,274846.34,877306.91,70301.15,409473.19,725918.5,255922.6,74288508.37,17846524.81,433986.37,14020591.55,6518177.6,1222470.25,2551747.88,1064569.66,1401062.51,3383073.83,17621761.83,1925849.92,1284889.04,830938.36,367288.92,74712565.66,74712565.66,1273432.73,9932.77,3511.3,1259988.66,0,1564978.19,85964.54,1068433.01,410580.64,358621830.9,24613885.64,216621716.26,117386229,20797685.69,13079655.99,2875385.86,45188.09,2445206.13,2352249.62,11876803.99,8783932.25,3092871.74,13878127.45,29154.15,96078.36,12452.82,13353397.97,362508.92,24535.23,255289.83,228149.25,22244.8,4895.78,224205.74,224205.74,1525972.43,11160.6,43247.5,115227.52,32.92,49251.74,1270599.1,36453.05,1360314.6,366160.78,5151.04,112362.18,316003.34,33834.06,526803.2,4970.23,4970.23,193876.06,193876.06,102650.33,99150.89,56.46,3442.98,274978.26,70081.81,147.52,0,204748.93,501694.96,28469.6,360021,113204.36,240.66,240.66,0,0,1002398.67,1002398.67,876155986.79,950990888.1099999,,,,,,202502,2025-02-01,confaz_boletim_tributos_estaduais,planilha1,confaz_boletim_tributos_estaduais_20260330.xls,20260330,unmapped
3,AP,202502,2025,2,10054589.81,82277.43,6172697.25,59519632.74,75829197.23,620622.07,0,0,620622.07,23499.8,14388.48,7243.11,1868.21,152584.84,0,0,24239.41,128345.43,0,18616924.63,1199630.61,7309049.61,0,499.18,35544.05,1231.01,98192.31,211676.73,7441.4,790207.85,530370.74,73251.66,923457.11,1399828.41,63448.77,190978.27,311212.75,1147474.59,162231.34,3882026.72,146913.89,55082.23,68058.58,9116.82,12756381.85,12756381.85,266174.97,256635.65,9.08,9530.24,0,208374.55,153527.85,9819.21,45027.49,61774598.43,3353409.01,41664726.69,16756462.73,758230.25,394319.31,241784.61,4628.99,93299.45,24197.89,217707.29,212849.94,4857.35,5842844.64,386.82,65869.01,9099.63,5764719.49,1763.11,1006.58,892.39,892.39,0,0,443.72,443.72,90274.75,168.26,0.83,10947.07,0,4892.72,69890.83,4375.04,173117.24,2299.89,0,208.84,152843.02,662.29,17103.2,0,0,14425.88,14425.88,15044.2,15044.2,0,0,4307.38,4.44,0,0,4302.94,49464.77,19639.96,15809.87,14014.94,0,0,0,0,11459593.37,11459593.37,112424884.94999999,188254082.18,,,,,,202502,2025-02-01,confaz_boletim_tributos_estaduais,planilha1,confaz_boletim_tributos_estaduais_20260330.xls,20260330,unmapped
4,AM,202502,2025,2,83833418.57,2725787.15,11511716.8,127715598.9,225786521.42,3889294.81,4186370.49,3583.39,8079248.69,227710.33,198208.08,10188.91,19313.34,49347038.42,0,47198557.74,2017992.14,130488.54,0,712220268.62,8306958.4,51569810.52,0,600068.6,274854.26,37555.38,692792.18,3845450.84,137304.95,105888632.1,15669927.61,2063315.88,26952740.03,4595911.52,8066166.01,17574389.04,248893919.3,21512432.44,19246180.13,23069873.58,148565541.1,1157131.94,3252519.01,246793.8,59400600.01,59400600.01,2036183.59,1097555.33,0,938628.26,0,308240.36,9379.63,81371.34,217489.39,424024375.48,26121082.08,237573425.3,160329868.1,74987600.71,58408611.75,8174272.05,275700.08,8090605.44,38411.39,7138248.01,7137817.77,430.24,26923009.08,48299.1,3810.31,7223.94,26634318.08,227913.38,1444.27,0,0,0,0,0,0,21.28,0,0,0,0,0,2.49,18.79,1148098.41,0,47.33,10123.38,1137908.8,0,18.9,0.2,0.2,0,0,1184.96,1184.96,0,0,42918.98,0,42829.17,0,89.81,315403.03,1318.93,312878.69,1205.41,0,0,0,0,44139511.52,44139511.52,1402260412.99,1628046934.41,,,,,,202502,2025-02-01,confaz_boletim_tributos_estaduais,planilha1,confaz_boletim_tributos_estaduais_20260330.xls,20260330,unmapped
5,BA,202502,2025,2,484946050.44,30700509.36,74567780.99,0,590214340.79,0,0,0,0,18115024.34,16186548.55,1400618.48,527857.31,42912899.31,0,26573270.25,3937020.93,8561744.24,3840863.89,1425037738.38,121654684.44,306378146.6,120349.96,7405723.23,3249052.94,3330038.82,976281.3,20230670.71,752315.92,457770440.83,219406463.66,8844776.12,72599159.26,47915928.24,20247756.2,14567192.83,4426706.63,12426805.05,11343920.16,74365036.38,5050616.1,6089886.32,2456745.17,3429041.51,276328808.67,276328808.67,3929581.42,2550736.17,103382.84,1275462.41,0,1068832.37,67254.56,172759.77,828818.04,1285492900.15,82708152.92,690663902.63,512120844.6,49269076.24,34150681.92,1333090.32,123870.23,13392613.93,268819.84,40812411.94,35096119.85,5716292.09,66941165.9,170448.17,290376.92,127668.56,64628993.64,1279677.47,444001.14,1287506.85,1259041.38,0,28465.47,305437.11,305437.11,9413104.48,1494.09,134508.59,976446.79,21728.52,261699.96,7826928.07,190298.46,7913525.98,1807637.08,25708.47,104160.07,2320857.65,234531.63,3420631.08,71850.11,71850.11,562279.6,562279.6,384552.95,383966.6,584.59,1.76,413947.54,67857.77,3024.49,138.65,342926.63,2035325.13,231469.66,1343797.04,460058.43,1553.41,1553.41,0,0,0,0,3232297521.88,3822511862.67,,,,,,202502,2025-02-01,confaz_boletim_tributos_estaduais,planilha1,confaz_boletim_tributos_estaduais_20260330.xls,20260330,unmapped
6,CE,202502,2025,2,288894687.4,12399605.18,1356374.06,243968.76,302894635.4,7527166.43,7190938.37,702759.34,15420864.14,2313492.18,1383934.38,29441.18,900116.62,8058292.24,0,2725896.88,2092.35,5330303.01,0,447823681.78,57183098.54,99440555.25,51550.47,8009029.96,12006019.28,12222855.02,1302787.76,7126731.37,1026105.6,116336527.73,20289182.06,3305306.2,12048184.64,23736024.54,7181622.76,10099621.88,2216644.34,9184975.96,4377483.78,29267264.06,4144639.09,4990187.25,2168096.49,109187.75,197232777.95,197232777.95,794905.75,281133.45,137858.6,375913.7,0,2452991.18,1338327.67,611044.46,503619.05,705225059.1,56497280.96,437658168.91,211069609.23,29608873.41,20843094.16,2752186.73,213283.69,5453423.3,346885.53,20987266.09,19462489.38,1524776.71,44391921.24,511306.92,0,29212.22,43847480.46,3308.04,613.6,684179.95,214452.99,449048.96,20678,29981.79,29981.79,306178.02,0,18435.1,237231.19,5690.91,6379.77,12932.44,25508.61,2006898.97,285257.8,8470.76,850.44,1570346.24,18779.38,123194.35,6303143.24,6303143.24,58720.93,58720.93,380739.52,373104.96,0,7634.56,55440.58,6727.27,0,0,48713.31,26896.55,6885.39,6429.71,13581.45,0,0,0,0,48756286.06,48756286.06,1517497726.5299997,1820392361.9299998,,,,,,202502,2025-02-01,confaz_boletim_tributos_estaduais,planilha1,confaz_boletim_tributos_estaduais_20260330.xls,20260330,unmapped
7,DF,202502,2025,2,612553634.2,24576870,11751471.65,4800760.26,653682736.11,8246866.24,7447094.02,382411.44,16076371.7,4340120.39,4329327.09,10044.63,748.67,108659.46,0,0,26.6,108632.86,0,162287865.03,14499547.59,31732527.15,117490.11,273020.9,1242410.66,59531.78,519916.78,274932.06,56831.85,26283216.98,3024273.63,6153306.33,3899322.35,7905183.92,1106809.03,6555964.99,1960661.72,3163402.11,1073280.55,48556060.51,1272549.99,1145846.13,1409060.13,2717.78,71403927.51,71403927.51,701746.36,1092.1,10930.82,689723.44,0,6458.58,278.76,6119.46,60.36,506947480.26,43663048.56,329183074.6,134101357.1,11537843.21,9452883.87,151.17,242156.19,1751572.56,91079.42,13333310.02,13304515.93,28794.09,42235325.45,46860.91,1910.34,679447.01,41507106.19,0,1,0,0,0,0,0,0,2631.8,0,0,0,0,2631.8,0,0,387160.95,0,0,0,323646.5,0,63514.45,0,0,3.86,3.86,0,0,0,0,2.44,2.44,0,0,0,980.18,0,979.42,0.76,11.92,11.92,0,0,102755812.8,102755812.8,916049340.22,1569732076.33,,,,,,202502,2025-02-01,confaz_boletim_tributos_estaduais,planilha1,confaz_boletim_tributos_estaduais_20260330.xls,20260330,unmapped
8,ES,202502,2025,2,63990721.27,17842278.14,67304232.98,10925563.1,160062795.49,9522140.77,53231.58,14360.75,9589733.1,2585362.4,2376493.28,205472.09,3397.03,220283785.81,0,198202361.92,0,8231584.34,13849839.55,295494424.14,36887899.61,64035763.8,0,741750.86,2577869.95,143308.44,1961397.8,2444027.57,622717.35,49664050.5,18153433.62,1625799.36,9365458.2,26306579.14,36219467.75,10915181.01,1461670.5,2191855.46,6585163.54,14440415.38,2469973.02,2190967.41,2042161.57,2447512.3,115127912.43,115127912.43,1795558.79,23511.93,0,1772046.86,0,2467480.61,252591.47,953703.38,1261185.76,827874555.13,82447185.11,537188204.62,208239165.4,103308004.05,55235475.42,4474457.58,10445.52,43324209.1,263416.43,14912850.68,14464429.79,448420.89,26407297.98,83954.24,71824.15,75296.15,25032338.71,380664.15,763220.58,1110169.14,1110169.14,0,0,116722.79,116722.79,3214826.72,0,253221.19,632372.53,0,262963.06,2034355.5,31914.44,3076359.38,1976617.49,12409.39,10397.46,433739.22,40355.38,602840.44,0,0,132765.18,132765.18,114545.08,114413.2,131.88,0,59067.69,8809.64,0,0,50258.05,603627.46,97358.43,299401.56,206867.47,320.46,320.46,0,0,128857935.79,128857935.79,1747543571.7100003,1907606367.2000003,,,,,,202502,2025-02-01,confaz_boletim_tributos_estaduais,planilha1,confaz_boletim_tributos_estaduais_20260330.xls,20260330,unmapped
9,GO,202502,2025,2,182643386.53,82137689.09,167601739.01,264315369.45,696698184.08,22166560.46,14141676.27,594018.35,36902255.08,45345475.5,43328148.14,1956190.89,61136.47,11457319.22,0,8512,5588151.19,5098906.75,761749.28,704396176.44,141424671.33,105557241.67,649012.33,1242366.37,6942556.9,1094669.3,1019367.11,8124603.44,1144682.23,247238558.65,50410458.06,16269631.76,19938533.23,18940466.69,1624065.92,14360462.29,1438397.72,1044019.95,6490643.36,47230423.16,2549842.29,4274131.26,3210407.69,2176963.73,157139541.16,157139541.16,3943722.92,1675089.66,84406.25,2184227.01,0,2408110.14,287790.86,698736.95,1421582.33,1179026981.91,118644772.81,718236020.81,342146188.29,58529330.9,53405928.53,5231.89,212787.9,4051959.25,853423.33,19056848.76,16302514.46,2754334.3,37415677.96,154480.83,303232.67,67258.22,36612522.83,157391.14,120792.27,419249.94,410587.53,8198.4,464.01,249409.06,249409.06,2129303.23,10006.38,248150.09,361428.42,10640.44,279255.17,1100976.09,118846.64,8764906.03,1459104.68,21983.46,115756.12,1103973.66,69591.22,5994496.89,6035.87,6035.87,309937.85,309937.85,60006.24,52793.88,807.24,6405.12,606534.77,79806.79,1719.44,0,525008.54,1018681.03,278223.65,521641.12,218816.26,2418.02,2418.02,0,0,80713317.22,80713317.22,2312998984.17,3009697168.25,,,,,,202502,2025-02-01,confaz_boletim_tributos_estaduais,planilha1,confaz_boletim_tributos_estaduais_20260330.xls,20260330,unmapped
10,MA,202502,2025,2,253905750.7,7129877.51,49961222.27,38904622.14,349901472.62,7397708.19,16817065.42,127593.96,24342367.57,7463423.98,6911888.64,483454.63,68080.71,17899861.21,0,5402715.06,10329227.94,2109219.27,58698.94,273295366.1,11841135.18,96133680.14,4472.48,236928.32,774186.97,333632.26,215646.59,2757220.21,170626.01,50609178.73,30455519.51,549962.86,3835660.7,12440636.37,23205804.53,1502678.57,1837339.02,374404.68,2671547.68,26340507.81,3257866.32,1944051.57,1295742.96,506936.63,117383711.7,117383711.7,209104.66,12807.15,11705.12,184592.39,0,3729723.13,1745319.12,1308303.56,676100.45,640288502.57,39948417.57,414588336.8,185751748.2,19928256.06,16146368.71,910278.37,11201.04,2522149.03,338258.91,5555303.64,5196464.83,358838.81,28276100.48,44541.09,109969.79,27835.28,27772585.91,284418.74,36749.67,82991.53,81039.83,0,1951.7,68868.62,68868.62,5047752.37,4830.22,35055.28,233649.34,965.98,67272.6,4635151.85,70827.1,2699492.46,1263723.69,10705.37,18082.24,711789.96,35593.85,659597.35,108,108,43295.28,43295.28,45135.94,44681.53,454.41,0,119235.1,4179.38,0,0,115055.72,537672.2,67453.48,346929.97,123288.75,83.88,83.88,0,0,40117908.92,40117908.92,1162791897.8300002,1512693370.4500003,,,,,,202502,2025-02-01,confaz_boletim_tributos_estaduais,planilha1,confaz_boletim_tributos_estaduais_20260330.xls,20260330,unmapped
11,MT,202502,2025,2,123338280.8,20988578.68,17287207.75,199075830.1,360689897.33,8776739.52,15011566.16,437947,24226252.68,55816910.06,55068501.33,699114.6,49294.13,5791863.47,0,1740.02,2558572.89,3216725.92,14824.64,800457882.59,119544709,101275397.4,33860.36,1507877.76,1170834.87,1153432.74,3912215.19,1390870.05,153236.35,422920715.2,32562582.67,369866.48,17720978.6,28811540.6,4119888.27,6227868.43,2388397.9,9043192.24,7026349.74,33126580.17,2122609.56,1891581.87,1221421.91,761875.23,105373069.5,105373069.5,650500.33,102769.41,10171.89,535426.95,2132.08,1298972.33,627220.46,401246.51,270505.36,866968596.23,97126430.93,441051175.8,328790989.5,65525209.62,51840655.06,68273.02,160445.91,9782373.23,3673462.4,7443279.35,7111227.53,332051.82,18642759.03,13677.31,141703.38,64600.71,17931673.19,257491.06,233613.38,241617.35,87982.42,7031.94,146602.99,72812.85,72812.85,2303553.93,5750.09,31491.18,336882.51,504934.66,159932.37,1210047.26,54515.86,3671746.35,2114949.81,20575.54,76474.26,886829.39,59815.46,513101.89,3099672.99,3099672.99,266220.93,266220.93,480126.89,475971.56,863.23,3292.1,58203.25,13123.43,0,0,45079.82,623067.37,220004.9,280746.46,122316.01,1373.04,1373.04,0,0,0,0,1938787437.4599998,2299477334.79,RO,Rondonia,North,TRUE,TRUE,202502,2025-02-01,confaz_boletim_tributos_estaduais,planilha1,confaz_boletim_tributos_estaduais_20260330.xls,20260330,mapped
12,MS,202502,2025,2,89179979.28,41092499.89,2268211.41,103603070.69,236143761.27,3090642.76,1381145.73,0,4471788.49,31207103.48,25234888.53,5841376.83,130838.12,6259146.58,0,0,3397010.4,2437999.58,424136.6,605695634.95,86367660.22,75728755.63,4260494.35,3292942.03,2750077.57,1783141.4,1862189.56,16486628.86,287630.2,336323598.2,10477423.63,1962702.9,6872733.57,9141867.74,6411015.88,6837142.64,1355159.35,6140691.69,783772.24,21103377.47,1143804.35,758966.4,1218636.68,2345222.39,167932537.36,167932537.36,2175221.93,329815.77,668325.96,1177080.2,0,1395467.68,285387.89,710135.66,399944.13,470830428.39,62900808.08,265931362.52,141998257.79,46159442,44582456.89,94587.45,29680.29,1196293.73,256423.64,4652591.66,4362378.02,290213.64,20515796.45,19601.4,41069.17,46642.11,20256167.9,133227.29,19088.58,540611.85,473782.54,0,66829.31,79741.15,79741.15,1324129.27,7018.06,3535.05,288352.02,17283.33,89438.27,840601.2,77901.34,2553299.24,688003.53,5033.92,75243.38,412850.41,60785.81,1311382.19,1326023.94,1326023.94,85672.35,85672.35,77414.92,75755.29,649.66,1009.97,104758.5,14617.03,126.75,0,90014.72,481421.44,115860.68,275442,90118.76,14.8,14.8,0,0,35203460.92,35203460.92,1398599918.8600001,1634743680.13,AC,Acre,North,TRUE,TRUE,202502,2025-02-01,confaz_boletim_tributos_estaduais,planilha1,confaz_boletim_tributos_estaduais_20260330.xls,20260330,mapped
13,MG,202502,2025,2,3712622621,153542349.2,297517808.3,432945162.7,4596627941.2,56394441.24,22698529.16,1514925.49,80607895.89,64161860.18,53508550.76,10460445.89,192863.53,141350449.07,26914.99,7083909.38,121646959.6,10362630.66,2230034.44,3237895139.43,313356237.3,228347527,169831467.1,12194716.3,18840812.53,9770985.53,8961250.09,33107479.88,4028786.96,1296507031,139288314.9,44125348.14,71732468.45,137171571.9,209104476.4,86826374.84,23885429.86,66173359.49,96931969.02,192715867.5,19285258.01,28831150.86,16143595.25,10733661.12,508803323.9,508803323.9,5504862.76,72019.83,27366.85,5405476.08,0,8750320.97,985274.21,2836136.11,4928910.65,2265133931.3,156848052.3,1494374199,613911680,130592899.91,114406807.3,155317.84,48077.6,15148827.05,833870.12,57479391.29,55166312.11,2313079.18,165672190.48,431109.05,528142.94,446321.97,162356545.9,1222064.06,688006.56,10144033.18,8670778.97,1591.41,1471662.8,193432.85,193432.85,20937046.78,4394.78,1042270.61,1998678.15,430538.75,507515.63,16407936.85,545712.01,14783683.53,5174769.7,249208.05,70588.35,3586825.03,190458.12,5511834.28,11848.23,11848.23,933891.26,933891.26,619058.45,580215.03,7151.83,31691.59,1424717.65,631726.07,94149.04,117.81,698724.73,2653395.07,539652.92,1668944.77,444797.38,2514.49,2514.49,0,0,201278304.5,201278304.5,6838326295.279999,11434954236.48,AM,Amazonas,North,TRUE,TRUE,202502,2025-02-01,confaz_boletim_tributos_estaduais,planilha1,confaz_boletim_tributos_estaduais_20260330.xls,20260330,mapped
14,PR,202502,2025,2,852150527,113638812.76,7026945,0,972816284.76,8898860.22,20597737.86,195698.31,29692296.39,6009389.27,2043899.46,3915386.33,50103.48,41804156.71,0,13346438.98,4688.09,28216049.84,236979.8,709606401.86,88391101.56,50163449.38,14691284.25,9377980.43,11902086.4,2604913.65,30912252.33,75099262.88,5195473.81,23398747.56,75447133.85,19079184.96,45545202.56,39748002,15235333.53,34336097.51,12370564.04,19504080.14,36807309.4,56739366.09,2510052.33,23418366.77,15523126.57,1606029.86,299375530.39,299375530.39,1806883.07,46261.12,41771.35,1718850.6,0,4781604.82,420746.6,1590672.46,2770185.76,2806344390.23,244068234.02,2171213494.35,391062661.86,143781345.26,94200319.09,1118479.65,1579199.7,22704659.26,24178687.56,23670377.62,21974872.45,1695505.17,88195063.77,1247763.56,11268.67,77009.32,84921583.65,1930294.04,7144.53,552532.4,551641.72,0,890.68,57984.99,57984.99,1097464.7,839.62,15803.03,384572.44,551297.25,127799.29,16115.06,1038.01,2953364.94,402065.57,0,5941.99,2291568.74,66962.91,186825.73,5363.94,5363.94,444565.87,444565.87,1049867.8,1049288.92,119.72,459.16,20996.76,2443.64,97.57,0,18455.55,412384.11,135393.2,259817.94,17172.97,577.4,577.4,0,0,11344078.84,11344078.84,4143314324.750001,5116130609.510001,RR,Roraima,North,TRUE,TRUE,202502,2025-02-01,confaz_boletim_tributos_estaduais,planilha1,confaz_boletim_tributos_estaduais_20260330.xls,20260330,mapped
15,PB,202502,2025,2,79746797.42,5226873.57,2597897.42,5507557.21,93079125.62,5910990.04,3723533.88,0,9634523.92,1253005.38,1181774.6,9788.97,61441.81,8280140.03,485833.03,4416857.76,22874.57,3354334.51,240.16,183116931,18632765.22,42312842.25,4696.07,3760948.24,1892748.3,1165058.51,403192.91,1669795.35,680373.43,52697323.57,4560795.95,335097.28,5471314.3,16323304.49,1210737.89,4782218.68,797340.3,611768.36,2113645.8,18380189.55,1636713.21,2720330.53,907837.78,45893.03,63619467.57,63619467.57,91382.74,64513.47,0,26869.27,0,533760.6,89920.19,163565.91,280274.5,475901955.67,26261671.47,251628576.97,198011707.23,16493543.81,15683072.8,82123.66,52785.07,660194.96,15367.32,7619441.47,7589973.53,29467.94,18652897.16,34721.08,1.59,22238.02,18581531.01,13421.25,984.21,110161.21,110079.92,0,81.29,9825.49,9825.49,26224.3,323.72,130.8,433.26,0.93,18633.41,5165.17,1537.01,765605.7,23980.77,409.16,4838.56,692759.21,3402.01,40215.99,0,0,1789.08,1789.08,4968.41,4962.11,6.3,0,1303.64,593.32,0,0,710.32,30235.36,518.34,18127.37,11589.65,3.56,3.56,0,0,0,0,776512642.18,869591767.8,PA,Para,North,TRUE,TRUE,202502,2025-02-01,confaz_boletim_tributos_estaduais,planilha1,confaz_boletim_tributos_estaduais_20260330.xls,20260330,mapped
16,PA,202502,2025,2,100557105,5697094,231888937,378125884,716269020,16269016,3542282,153684,19964982,11809291,4271785,7430685,106821,157699019,0,39007,154374152,2042114,1243746,508446967,44731422,124674466,160803,217803,535240,1960724,6140645,1521015,147492,148872215,18101761,797579,10363063,16582211,26338545,4512677,2461018,5104407,47077790,35888585,4560687,1981119,531626,5184074,215915851,215915851,1251873,50876,3039,1197958,0,4670511,367452,2420156,1882903,654517702,68179975,398090663,188247064,65223636,43613134,15212411,58980,5840571,498540,13605404,13303255,302149,34939152,13999,143062,24315,34110984,622519,24273,1043887,1042920,0,967,144549,144549,2426468,2603,7193,462621,2419,75263,1783281,93088,4902619,1565875,134304,65670,2209906,215230,711634,74074,74074,56198,56198,373736,373685,51,0,211213,4564,0,0,206649,2402766,1859697,370480,172589,167,167,0,0,150470089,150470089,1830185172,2546454192,AP,Amapa,North,TRUE,TRUE,202502,2025-02-01,confaz_boletim_tributos_estaduais,planilha1,confaz_boletim_tributos_estaduais_20260330.xls,20260330,mapped
17,PE,202502,2025,2,552802921.99,12068149.84,8938763.53,23006690.67,596816526.03,9310522.9,5135718.92,1149625.83,15595867.65,1014996.76,758891.5,127553.61,128551.65,10367653.21,0,5547792,6079.72,4800493.73,13287.76,500892591.63,75302243.72,102960687.13,10710.93,4118665.79,6830914.07,684455.97,2108762.02,8609787.67,1064699.73,63795215.78,54099294.98,7444643.47,24968163.53,24446808.35,7861266.89,14455881.31,3174786.7,12496452.26,6509968.67,63776570.39,7028613.33,4188506.78,2910248.84,2045243.32,171128884.25,171128884.25,1787403.9,177981.1,89669.99,1519608.59,144.22,113560.38,46671.53,6930.25,59958.6,1147954468.13,79415073.94,697965797.24,370573596.95,50698644.7,40484409.48,1297547.64,323208.12,8239006.47,354472.99,22240415.48,20464970.34,1775445.14,56633461.8,92813.18,481681.82,34690.92,55804931.9,177734.99,41608.99,1209041.62,943160.41,0,265881.21,20191.06,20191.06,3083053.64,792.18,68309.21,84006.67,299680.83,142943.4,2419831.83,67489.52,4001931.64,1812784.96,32840.33,394902.18,1699774.58,50186.64,11442.95,35484.2,35484.2,485085.98,485085.98,95744.18,90454.3,4141.22,1148.66,903027.8,30766.92,8470.84,0,863790.04,1744057.67,140439.85,1420212.25,183405.57,284.07,284.07,0,0,77384861.28,77384861.28,2051794843.3800004,2648611369.4100003,TO,Tocantins,North,TRUE,TRUE,202502,2025-02-01,confaz_boletim_tributos_estaduais,planilha1,confaz_boletim_tributos_estaduais_20260330.xls,20260330,mapped
18,PI,202502,2025,2,69369595.39,2249517.78,37906663.47,802515.38,110328292.02,703082.28,175592.57,0,878674.85,5545144.85,5278521.94,146647.3,119975.61,2117168.13,0,0,860707.26,1256460.87,0,198211241.44,11393398.73,60288496.53,6130.98,15935.66,345891.13,175592.69,56287.38,81443.79,59712.35,89304731.36,9197630.78,429745.82,2652618.86,4669337.65,240955.49,718552.54,330000.56,1083500.61,737037.4,12726220.34,1685300.26,1020104.35,261298.32,731317.86,77078824.15,77078824.15,8833.17,309.23,28.9,8495.04,0,1996003.59,570231.67,1069833.05,355938.87,257559903.93,19079849.14,128178351.1,110301703.69,9003114.08,7936058.15,30235.07,4629,1008033.28,24158.58,2926098.03,2742302.87,183795.16,15191738.19,2408.42,183195.29,60853.96,14775732.82,23568.44,145979.26,201599.01,195296.62,0,6302.39,6776.35,6776.35,1567599.15,524.49,2168.14,180020.56,0,243347.74,1108739.42,32798.8,2171872.31,135690.44,0,97546,449819.13,27405.81,1461410.93,55139.25,55139.25,96538.81,96538.81,31572.77,31445.84,126.93,0,201305.37,9807.56,0,0,191497.81,283287.09,17001.37,204095.55,62190.17,71.05,71.05,7838.89,7838.89,46289531.56,46289531.56,620551201.1699998,730879493.1899998,,,,,,202502,2025-02-01,confaz_boletim_tributos_estaduais,planilha1,confaz_boletim_tributos_estaduais_20260330.xls,20260330,unmapped
19,RJ,202502,2025,2,750624698.52,131274985.85,1028430.98,619328936.02,1502257051.37,63735662.27,14320597.65,1929008.61,79985268.53,681120.44,387586.03,230339.05,63195.36,341610497.66,0,246067184.86,2681368.61,3215583.79,89646360.4,871843292.38,22470815.65,156524667.18,113329.16,2797800.19,11764159.62,2968454.83,411486.25,9992593.23,1450840.44,259123620.9,139282451.69,22226406.18,41359605.18,34267481.35,33944191.11,26607689.12,847116.64,2060709.99,21868615.77,12412072,1533236.34,2363776.82,17256863.28,48195309.46,662244749.18,662244749.18,2851326.77,126865.43,10231.96,2714229.38,0,6736858.02,468884.42,1890145.42,4377828.18,1128490202.75,24679524.89,690970524.84,412840153.02,278991920.67,186519941.77,17890902.41,5029868.97,68333590.89,1217616.63,52328190.71,47561401.84,4766788.87,163191831.55,218292.68,669358.55,1130997.65,159153320.2,482849.25,1537013.22,1115570.1,1111752.66,184.56,3632.88,170654.24,170654.24,16938661.76,1743.06,630664.58,7829333.12,6843299.8,186212.58,1295103.84,152304.78,13919006,6412528.67,186031.32,145847.7,2219951.46,373781.28,4580865.57,6641.33,6641.33,487537.54,487537.54,117405.73,74296.28,270.04,42839.41,1190984.98,161250.94,18466.55,164.97,1011102.52,2254786.99,199480.31,1806602.15,248704.53,202.67,202.67,0,0,872695745.44,872695745.44,4417867186.91,5920124238.28,,,,,,202502,2025-02-01,confaz_boletim_tributos_estaduais,planilha1,confaz_boletim_tributos_estaduais_20260330.xls,20260330,unmapped
20,RN,202502,2025,2,19909208.88,2269517.03,0,0,22178725.91,0,0,0,0,3540681.82,2151058.21,17260.43,1372363.18,27042693.23,0,11286950.89,107253.44,14657107.07,991381.83,223377344.88,19589174.58,34479132.71,0,989257.13,5300266.68,37081.71,243564.55,364387.47,309330.65,123224597.1,3570692.12,801038.73,3882726.62,4997638.03,136498.32,1479729.57,518285.84,5090285.77,1967286.93,10339506.78,1616086.34,934250.84,649148.35,2857378.06,112351668.5,112351668.5,499432.88,38715.65,1093.22,459624.01,0,2160077.14,372509.27,347497.01,1440070.86,323065045.22,25096318.72,171559786.5,126408940,7637555.05,5357530.74,1657287.77,20307.01,569809.73,32619.8,10383244.78,9341982.39,1041262.39,21278779.61,23523.07,221525.31,33923.72,20926435.66,52835.25,20536.6,123872.42,119726.87,0,4145.55,20844.18,20844.18,1927071.22,1064.64,7578.15,605893.2,5870.16,86325.45,1161031.5,59308.12,2372373.39,674420.24,6266.36,81056.07,341939.03,248403.3,1020288.39,6001.1,6001.1,121239.07,121239.07,44396.31,43061.14,1072.16,263.01,145670.05,21480.6,0,0,124189.45,716848.8,88523.6,520818.25,107506.95,142.88,142.88,0,0,24988101.55,24988101.55,761803084.0799998,783981809.9899998,,,,,,202502,2025-02-01,confaz_boletim_tributos_estaduais,planilha1,confaz_boletim_tributos_estaduais_20260330.xls,20260330,unmapped
21,RS,202502,2025,2,388436460.3,81980872.08,17984237.79,0,488401570.17,76025806.3,27660925.04,1132996.48,104819727.82,25630352.41,23608857.31,1836128.15,185366.95,12296293.1,899264.23,0,35590.57,11254985.14,106453.16,1986646459.13,213679452,243321745.2,789137.48,11138875.96,13573182.11,34008828.12,14893364.49,35009558.73,4773413.14,708446766.1,172640861.8,2676142.69,86795153.16,55030416.38,27413957.25,82402268.83,23515288.92,20287810.5,102727875.9,77063843.42,2585657.9,29212786.47,17186131.88,7473940.7,288092804.6,288092804.6,2647270.01,13078.05,95.59,2634096.37,0,2683403.73,477660.32,655295.93,1550447.48,1461129518.2,116296050.4,744053868.5,600779599.3,80517333.73,75083978.54,1808993.48,244308.07,3176380.18,203673.46,39072641.09,37994429.68,1078211.41,95125090.26,612790.77,330882.28,82271.34,93190856.48,259864.63,648424.76,27065.96,24960.61,232.19,1873.16,14235.61,14235.61,987600.65,633.42,84236.24,685881.58,3981.42,43166.92,82016.85,87684.22,2283872.53,260693.23,4845.6,266546.4,1130923.72,83299.34,537564.24,75426.33,75426.33,71951.71,71951.71,38974.52,34524.55,709.41,3740.56,443170.33,105790.86,3980.19,0,333399.28,1225493.27,266761.25,779241.58,179490.44,3257.27,3257.27,0,0,102701193.8,102701193.8,4101713408.240001,4590114978.410001,MA,Maranhao,Northeast,TRUE,TRUE,202502,2025-02-01,confaz_boletim_tributos_estaduais,planilha1,confaz_boletim_tributos_estaduais_20260330.xls,20260330,mapped
22,RO,202502,2025,2,48553091.79,3256295.66,246501.81,61480390.33,113536279.59,14111001.45,1773394.99,0,15884396.44,2476792.94,2400667.89,66006.25,10118.8,10129990.33,0,7945918.65,1250985.13,933086.55,0,131448546.72,28256035.8,34500479.83,0,23479,189392.21,2745300,636306.6,201819.75,59998.6,34826976.63,6005095.65,153884.64,1353442.52,5770079.47,1409738.53,1789312.46,200913.13,27051,414021.69,10145783.5,1289846.76,724102.01,569423.92,156063.02,51783730.99,51783730.99,158993.02,105487.11,3693.58,48588.44,1223.89,764467.13,255840.45,165046.02,343580.66,304843938.69,33656214.79,152626553.8,118561170.1,5091171.36,2662290.97,1304299.05,11057.41,1094387.24,19136.69,2269896.78,2108062.33,161834.45,10493979.15,5802.66,71920.26,6625.85,10387732.06,12864.21,9034.11,221903.1,29964.82,13579.54,178358.74,195171.19,195171.19,1003852.09,87.13,1045.45,498210.18,4993.27,61990.09,412890.87,24635.1,1644741.73,383048.67,1462.65,13693.66,655298.54,20792.52,570445.69,0,0,12182.59,12182.59,146540.44,145247.49,1292.95,0,140151.96,6838.08,2887.88,0,130426,400868.96,67349.97,247161.34,86357.65,0,0,0,0,53083065.03,53083065.03,576309984.1999999,689846263.79,PI,Piaui,Northeast,TRUE,TRUE,202502,2025-02-01,confaz_boletim_tributos_estaduais,planilha1,confaz_boletim_tributos_estaduais_20260330.xls,20260330,mapped
23,RR,202502,2025,2,20964729.45,417865.03,58034.73,50571235.33,72011864.54,306761.45,0,0,306761.45,416506.8,335535.71,13742.16,67228.93,663912.12,0,0,0,663912.12,0,44815704.32,1133399.78,9882235.75,5756.31,9378.62,60885.24,696.12,280502.19,3619.35,73836.63,25406016.55,904879.97,5240.49,526109.17,1467442.54,873.06,59211.12,248661.61,8695.61,53141.92,4314939.69,120380.32,55467.33,147219.69,47115.26,25720228.43,25720228.43,9721.02,0,0,9721.02,0,372917.89,124079.29,81259.26,167579.34,73321526.24,4502343.61,39137798.89,29681383.74,629433.24,477103.79,780.57,16942.04,46123.09,88483.75,686872.65,661291.98,25580.67,4380860.78,8701.01,22984.47,105135.95,4241902.35,958.71,1178.29,0,0,0,0,0,0,213827.87,0,33898.19,78500.15,0,5619.96,87009.77,8799.8,296169.11,58038.2,4322.76,3680.07,114845.09,60798.69,54484.3,1500,1500,449.74,449.74,4867.7,4865.44,2.26,0,23909.17,6.43,0,0,23902.74,80851.9,23401.81,40044.54,17405.55,1,1,0,0,10624156.72,10624156.72,162263416.70000002,234275281.24,CE,Ceara,Northeast,TRUE,TRUE,202502,2025-02-01,confaz_boletim_tributos_estaduais,planilha1,confaz_boletim_tributos_estaduais_20260330.xls,20260330,mapped
24,SC,202502,2025,2,385747249.3,66158753.52,93654707.09,66745.8,545627455.71,57634759.51,2608795.43,2361130.17,62604685.11,10664929.09,5362781.26,4865710.11,436437.72,8631353.38,521.4,0,18199.61,7444188.33,1168444.04,1368868948.39,124560506.5,232369778.5,10384586.23,53688255.35,46052898.08,3046776.87,17981345.17,41366149.07,4005305,393483699.7,48724575.43,2089098.74,63591600.36,44134140.59,22463851.01,42802985.52,6549885.23,28149037.22,62849433.27,80810375.87,10203025.2,14433677.36,9784357.03,5343605.09,235008877.6,235008877.6,3461528.02,143751.73,11511.89,3302210.45,4053.95,7848801.05,1442426.81,2048313.76,4358060.48,1705172642,136373291.1,813513361.9,755285989,151554833.47,112041086.3,444818.64,361288.37,38314373.27,393266.89,49766656.85,47609408.45,2157248.4,85331250.45,2369700.16,477072.52,210697.57,79096092.15,2264693.28,912994.77,3142040.99,3111218.49,0,30822.5,1102362.3,1102362.3,24310711.08,779.27,12453043.2,1489641.2,26619.86,633921.67,9368113.58,338592.3,9957316.88,3151327.98,18097.71,104406.32,1746123.88,220809.7,4716551.29,5374842.38,5374842.38,293465.09,293465.09,122442.52,74071.37,2574.9,45796.25,1847247.28,140511.79,305239.73,0,1401495.76,2956737.04,702773.28,1447371.69,806592.07,7200.77,7200.77,0,0,60933237.71,60933237.71,3736357424.3399997,4281984880.0499997,RN,Rio Grande do Norte,Northeast,TRUE,TRUE,202502,2025-02-01,confaz_boletim_tributos_estaduais,planilha1,confaz_boletim_tributos_estaduais_20260330.xls,20260330,mapped
25,SP,202502,2025,2,4532361349.19,458401695.93,957132702.06,0,5947895747.18,120040342.88,205111452.59,22920570.99,348072366.46,62492499.99,60386075.07,2027488.77,78936.15,526983631.33,0,486513845.68,289306.89,31765277.15,8415201.61,8262482531.39,752430550.23,413561218.45,8439243.3,76157312.88,50635447.78,13418872.99,16343378.78,271135030.05,24547878.82,1955361968.17,1204553942.77,241340749.87,494310303.46,230284222.23,256209442.95,291856419.41,191070307.91,256272706.55,374062078.16,881405423.98,51383987.53,39122865.28,123433831.32,45145348.52,1161942352.49,1161942352.49,18499034.12,5114828.66,158287.85,13193419.69,32497.92,23511856.46,2074567.69,7365374.88,14071913.89,6460634395.1,422569433.01,3978358502.28,2059706459.81,649419436.4,468277370.11,2438769.35,11525854.14,163012348.39,4165094.41,145964348.79,138316746.22,7647602.57,612969187.04,9038562.62,1505737.96,706702.65,562759125.32,20244736.7,18714321.79,13958644,13160552.94,222257.71,575833.35,1633448.13,1633448.13,67243537.12,2259.91,8446657.71,11502691.86,10498428.37,2645100.08,33769654.65,378744.54,77711221.56,42683654.44,429305.04,142412.6,7465941.71,1575470.31,25414437.46,204099.97,204099.97,1963033.86,1963033.86,2413019.49,1988896.31,14726.96,409396.22,7115989.6,499811.58,355275.58,0,6260902.44,24337731.56,4165546.11,18245401.1,1926784.35,5505.8,5505.8,0,0,1009549277.89,1009549277.89,19131034782.090004,25078930529.270004,PB,Paraiba,Northeast,TRUE,TRUE,202502,2025-02-01,confaz_boletim_tributos_estaduais,planilha1,confaz_boletim_tributos_estaduais_20260330.xls,20260330,mapped
26,SE,202502,2025,2,33134392.58,2897514.03,1589858.13,4075247.01,41697011.75,4389967.61,299544.15,47262.64,4736774.4,736984.38,577806.87,128290.59,30886.92,8799112.56,0,3436570.72,0,5362541.84,0,174874992.37,10602982.14,30936142.07,51863.09,1454421.9,426245.46,270754.68,253512.25,383999.64,1376.72,71648368.94,31051729.7,354915.38,2679381.83,8753498,658282.18,2435786.84,454426.8,523096.6,733834.53,9046560.49,1052065.58,724492.3,377255.25,0,49552440.6,49552440.6,52740.03,33449.6,0,19290.43,0,0,0,0,0,205325066.81,21652691.93,97153488.15,86518886.73,8473966.3,7269684.02,8812.93,54732.03,1140737.32,0,6865610.47,6865610.47,0,10872236.33,0,0,8556.29,10863680.04,0,0,0,0,0,0,0,0,0,0,0,0,0,0,0,0,339846.36,0,0,0,339846.36,0,0,0,0,0,0,0,0,0,0,0,0,0,0,0,0,0,0,0,0,0,0,0,24049217.19,24049217.19,489942213.40000004,531639225.15000004,PE,Pernambuco,Northeast,TRUE,TRUE,202502,2025-02-01,confaz_boletim_tributos_estaduais,planilha1,confaz_boletim_tributos_estaduais_20260330.xls,20260330,mapped
27,TO,202502,2025,2,26873972.77,11371269.6,4059722.46,197240.67,42502205.5,5440856.7,11329056.64,51969.68,16821883.02,5724288.94,4559333.73,1148942.5,16012.71,1315656.62,0,0,164872.58,1150784.04,0,180693221.56,17428506.98,31642796.9,0,16710.15,210623.71,474754.04,9770.43,116556.58,53045.79,103816980.59,5516864.69,118006.87,1836221.5,5768284.34,152742.57,1921420.75,326325.46,112784.45,188464.87,9144301.52,821484.73,160946.07,581484.75,274143.82,40281657.65,40281657.65,1207477.3,1187215.38,0,20261.92,0,452942.38,46500.9,106203.75,300237.73,181258103.58,21020649.81,106815237.53,53422216.24,5252139.66,4308987.7,15983.06,6266.76,908865.43,12036.71,2000167.04,1899315.18,100851.86,9149183.62,4058.38,0,7590.03,9089960.35,598.57,46976.29,24790.13,24790.13,0,0,15856.25,15856.25,644056.17,0,0,32859.92,15040.89,4452.68,579654.98,12047.7,230941.44,16618.83,0,699.35,192829.44,3644.71,17149.11,3888.35,3888.35,772.29,772.29,3396.16,3396.16,0,0,2984.09,179.73,0,0,2804.36,103239.66,2122.94,95602.33,5514.39,0,0,0,0,33048098.01,33048098.01,461412860.90000015,503915066.40000015,AL,Alagoas,Northeast,TRUE,TRUE,202502,2025-02-01,confaz_boletim_tributos_estaduais,planilha1,confaz_boletim_tributos_estaduais_20260330.xls,20260330,mapped
1,AC,202503,2025,3,15927363.32,724812.81,5055915.41,0,21708091.54,4104101.2,45200.83,0,4149302.03,2948953.31,2924849.21,11922.04,12182.06,286736.92,0,0,0,286736.92,0,30935067.65,5384968.53,7763117.61,697.48,9961.11,182805.98,157440.24,235351.59,4905.06,35417.6,7186615.5,492185.16,72505.7,684250.15,1572450.04,9768.11,139928.5,790928.86,188253.56,87277.43,5048029.24,437135.86,228996.31,169108.61,52969.42,14293542.33,14293542.33,102973.95,102626.83,0,347.12,0,511193.59,326608.59,42981.3,141603.7,94133457.53,5109426.99,52783882.98,36240147.56,483808.42,319321.08,38990.12,39824.82,73343.4,12329,826852.68,785716.89,41135.79,4905665.14,35087.81,30905.34,9816.36,4746570.88,63793.65,19491.1,26504.17,23272.52,0,3231.65,6801.22,6801.22,248746.2,150.36,29400.43,41938.75,0,12305.92,110965.33,53985.41,477795.18,15635.61,4175.95,6732.69,219896.24,27186.3,204168.39,0,0,28789.81,28789.81,8399.03,8399.03,0,0,34327.82,21430.77,0,0,12897.05,226727.08,13867.62,161068.2,51791.26,14.06,14.06,0,0,12714673.56,12714673.56,163201029.64999998,184909121.18999997,,,,,,202503,2025-03-01,confaz_boletim_tributos_estaduais,planilha1,confaz_boletim_tributos_estaduais_20260330.xls,20260330,unmapped
2,AL,202503,2025,3,62038254.73,4844315.37,609421.14,14400865.15,81892856.39,3779771.27,13897,46702.48,3840370.75,2050317.67,1645318.73,296950.18,108048.76,7258256.06,0,1931154.06,719778.69,2608353.77,1998969.54,209001633.82,20494883.55,53848107.63,205122.19,244153.9,873230.45,90996.39,441548.18,807036.95,175424.16,67870960.96,14654411.35,452695.73,10873885.13,5774766.22,1081867.49,2367095.3,1361699.6,1285755.79,2734620.86,18999565.01,2001825.21,1296970.72,708950.74,356060.31,74594167.37,74594167.37,903810.01,189083.38,14887.34,695769.36,4069.93,1764508.32,166673.93,1214849.87,382984.52,358738962.49,23980747.76,213193190.99,121565023.74,18304060.83,11536124.98,1872250.91,57960.51,2389277.74,2448446.69,9600834.46,7334020.11,2266814.35,13734043.7,25678.27,51319.11,17116.34,13494981.69,121701.65,23246.64,259656.03,236987.98,12998.19,9669.86,114053.29,114053.29,1292653.49,5881.84,47959.56,76080.22,11581.84,53988,1063210.45,33951.58,1313413.94,327653.4,4687.79,75602.17,337431.51,41584.67,526454.4,696.64,696.64,53584.11,53584.11,111623.03,110493.85,63.87,1065.31,68686.37,8387.64,76.9,0,60221.83,546549.78,37592.68,382917.52,126039.58,171.04,171.04,0,0,668631.26,668631.26,700380313.71,782273170.1,,,,,,202503,2025-03-01,confaz_boletim_tributos_estaduais,planilha1,confaz_boletim_tributos_estaduais_20260330.xls,20260330,unmapped
3,AP,202503,2025,3,36982527.36,327084.45,8437472.55,59760469.73,105507554.09,492178.51,0,0,492178.51,30880.14,27255.27,2577.95,1046.92,292325.85,0,0,54179.35,238146.5,0,20367339.32,1543841.54,8307922.84,0,352,42535.54,1045.08,134420.69,359014.54,6642.46,471430.03,583553.04,67401.2,974015.32,1208571.67,24326.2,262323.95,526658.3,1637145.23,76522,3872363.11,117386.82,70126.32,71111.99,8629.45,13006840.99,13006840.99,170071.72,145693,0,24378.72,0,179287.57,110249.74,9190.27,59847.56,69956527.3,4249262.15,50097007.35,15610257.8,855036.01,224754.74,474127.12,4948.46,144068.29,7137.4,188652.22,181044.28,7607.94,5865212.1,61.35,52666.02,28814.97,5775802.38,7659.95,207.43,10123.91,10123.91,0,0,1325.59,1325.59,76045.31,151.33,390.45,12767.05,0,332.89,59187.85,3215.74,132356.38,567.7,4.37,46.87,108865.91,1733.95,21137.58,0,0,7437.63,7437.63,35058.53,35058.53,0,0,3467.61,8.7,0,0,3458.91,89816.82,24365.66,11082.73,54368.43,1,1,0,0,11989032.81,11989032.81,123256838.80999997,228764392.89999998,,,,,,202503,2025-03-01,confaz_boletim_tributos_estaduais,planilha1,confaz_boletim_tributos_estaduais_20260330.xls,20260330,unmapped
4,AM,202503,2025,3,103371809.2,13201869.94,22907586.42,159396032.5,298877298.06,4446736.72,3787421.1,10136.54,8244294.36,299466.1,285635.33,8397.68,5433.09,44363296.3,0,42112260.36,1998283.51,252752.43,0,714593421.8,15199574.89,42970692.03,0,958433.86,285365.61,44539.9,179142.1,3078358.52,178305.96,97189487.85,11483617.37,3386507.03,19493753.59,6124186.4,5276198.97,16905341.52,271457957.3,13969374.43,21675220.16,28792282.89,151385425.6,1254262.39,2741114.8,564278.63,59684476.71,59684476.71,1592798.66,969218.01,0,623580.65,0,490704.35,7352.75,107796.02,375555.58,376315189.13,26348620.33,194616552.6,155350016.2,72924631.87,55839241.53,8492623.02,223261.25,8188681.19,180824.88,6507924.18,6506944.78,979.4,24619863.23,79689.41,5189.8,98918.03,24189739.75,242947,3379.24,0,0,0,0,0,0,31.07,0,0,0,0,0,0,31.07,1054863.83,0,0,17080.24,1037764.86,0,18.73,0,0,0,0,1405.03,1405.03,0,0,39667.99,0,37481.9,0,2186.09,204875.63,1318.93,191326.58,12230.12,0,0,0,0,70144990.18,70144990.18,1372837606.0600002,1671714904.1200001,,,,,,202503,2025-03-01,confaz_boletim_tributos_estaduais,planilha1,confaz_boletim_tributos_estaduais_20260330.xls,20260330,unmapped
5,BA,202503,2025,3,146689768.87,27514722.65,160552038.43,0,334756529.95,0,0,0,0,13558500.43,11651008.27,1478309.33,429182.83,37593167.99,0,22276118.86,3758075.1,8552977.64,3005996.39,1433951660.5,124763952.04,250729596.88,124004.53,7749412.51,3572643.96,4038839.58,1043630.19,20672449.78,471639.29,488953083.42,237215018.28,5452630.78,66431856.4,47904670.16,22464165.46,17489136,4856282.55,9517485.51,12303858.97,88027700.84,5194831.82,6217107.48,2671470.13,6086193.94,255344957.54,255344957.54,4639845.44,3413380.21,59111.52,1167143.58,210.13,1119205.8,62546.65,159149.93,897509.22,1223427584.28,84222041.51,656434612.17,482770930.6,40697395.65,27658716.94,608789.1,107297.71,11969641.92,352949.98,34662882.91,29317253.65,5345629.26,57885151.98,138306.69,203387.49,241462.39,55571280.12,1311866.56,418848.73,487559.51,481199.81,1179.52,5180.18,240441.39,240441.39,7618288.3,3257.68,182008.4,509075.33,11407.75,307960.39,6418083.86,186494.89,7938868.6,1967657.48,7247.15,99987.01,2559395.66,521825.57,2782755.73,64189.89,64189.89,457234.27,457234.27,487326.33,486920.21,405.36,0.76,510392.92,208815.52,1704.32,150.38,299722.7,1437234.83,200317.38,1236917.45,0,0,0,0,0,0,0,3122121888.56,3456878418.5099998,,,,,,202503,2025-03-01,confaz_boletim_tributos_estaduais,planilha1,confaz_boletim_tributos_estaduais_20260330.xls,20260330,unmapped
6,CE,202503,2025,3,265684412.3,9820635.6,1393355.04,163781.11,277062184.05,9281846.67,5816241.6,173960.34,15272048.61,2939619.52,1764468.49,26778.11,1148372.92,7403374.71,0,2469380.88,4872.77,4929121.06,0,534547719.66,60497361.57,89529167.22,46135.26,8470601.6,15809999.65,16976673.3,1102243.77,7261389.25,848834.81,197618057.74,19283356.2,3586537.71,12272379.37,33012315.99,6377059.44,7053617.53,2966692.73,3927969.83,4015817.69,32531111.97,4770961.4,4235610.65,2206338.6,147486.38,158008379.1,158008379.1,600227.93,140505.08,121422.54,338300.31,0,2528955.23,1519424.21,779469.34,230061.68,742474137.39,62469295.16,470004589.78,210000252.45,30003362.46,22492821.94,2050445.79,286547.13,4983061.18,190486.42,17132277.73,15979580.46,1152697.27,40145158.5,318828,31.16,42527.45,39782713.77,801.98,256.14,560339.7,139192.92,421146.78,0,55638.28,55638.28,303054.84,0,363.18,151325.91,120050.66,8074.97,18363.84,4876.28,2004455.46,209392.4,20997.17,871.57,1635775.65,13908.73,123509.94,8877621.45,8877621.45,292625.28,292625.28,469693.54,414293.61,37632.19,17767.74,21014.77,3973.26,0,0,17041.51,115114.15,73752.26,12097.23,29264.66,0,0,0,0,44892514.5,44892514.5,1593375284.2,1870437468.25,,,,,,202503,2025-03-01,confaz_boletim_tributos_estaduais,planilha1,confaz_boletim_tributos_estaduais_20260330.xls,20260330,unmapped
7,DF,202503,2025,3,171166030.9,24976372.46,10551678.31,3783701.43,210477783.1,7862870.28,6680029.12,781962.98,15324862.38,3271940.62,3244197.7,26780.4,962.52,143228.42,0,0,0,143228.42,0,194565698.92,16257173.47,47027924.41,207954.74,261892.68,771653.29,90085.27,440315.42,200582.24,77688.93,26544041.24,3879167.31,6547893.23,4058558.13,12107693.56,627351.83,6651438.01,2754422.52,4523105.14,1274186.45,55999217.4,1733443.78,1252399.48,1268848.8,8661.59,82784906.95,82784906.95,408093.15,830.42,2840.39,404422.34,0,314.97,157.86,18.8,138.31,525852972.74,40700314.14,348165265.3,136987393.3,10354421.72,8369365.35,167.34,268135.65,1613611.57,103141.81,14461776.04,14437580.99,24195.05,42108261.14,17312.14,1687.98,74723.75,42014536.27,0,1,0,0,0,0,0,0,1765.22,0,0,0,0,1765.22,0,0,452893.33,0,0,0,324688.37,0,128204.96,0,0,10.04,10.04,0,0,0,0,9.07,9.07,0,0,0,1133.16,0,1131.4,1.76,0,0,0,0,99341636.44,99341636.44,973749061.9300001,1184226845.03,,,,,,202503,2025-03-01,confaz_boletim_tributos_estaduais,planilha1,confaz_boletim_tributos_estaduais_20260330.xls,20260330,unmapped
8,ES,202503,2025,3,117460745.28,18929573.03,72106954.81,10489444.68,218986717.8,8473438.63,48616.13,18480.82,8540535.58,3490279.29,3104069.47,376580.94,9628.88,186216057.35,0,178088189.34,1461966.77,6526932.02,138969.22,306439501.79,35763906.65,62475555.56,0,688501.73,2145402.22,121536.03,1440644.05,1852979.97,263243.43,61931788.52,20984433.31,3796457.26,9092491.16,25542562.56,34917763.65,10948194.79,1406504.84,2376533.94,3788682.84,17054783.89,2218092.76,2222340.48,2697447.86,2709654.29,118399679.5,118399679.5,1999733.31,36348.52,0,1963384.79,0,2853989.16,260802.35,775395.39,1817791.42,818400631.02,80402122.31,546660870.03,191337638.68,99329035.8,56024521.37,4426001.15,12269.32,38611042.47,255201.49,13680965.73,13254923.92,426041.81,25458242.47,105358.32,44226.05,65154.09,24259480.67,246972.59,737050.75,1217513.1,1217513.1,0,0,143215.63,143215.63,2352741.44,0,87619.42,704308.57,2040.36,56250.63,1462328.32,40194.14,2357058.66,1006121.19,9529.74,9375.62,448771.46,39049.15,844211.5,0,0,96916.07,96916.07,43831.35,43203.26,628.09,0,51624.98,7485.48,0,0,44139.5,667510.06,101087.55,368245.24,198177.27,397.95,397.95,0,0,119785886.65,119785886.65,1702984811.3100002,1921971529.1100001,,,,,,202503,2025-03-01,confaz_boletim_tributos_estaduais,planilha1,confaz_boletim_tributos_estaduais_20260330.xls,20260330,unmapped
9,GO,202503,2025,3,180472711.29,73595969.25,149401746.02,390101143.18,793571569.74,22529950.21,13559645.95,421497.58,36511093.74,40244314.73,38151823.49,1995375.52,97115.72,13591097.61,0,0,8316716.13,5113973.31,160408.17,753176093.57,135629275.93,110418378.2,373972.98,1464894.79,6437057.49,1403468.63,1131783.8,5804049.05,1052287.35,285311711.52,43400511.51,21054916.65,20590592.17,18188707.87,1695408.35,14793002.44,2526326.98,1784381.72,9720112.51,57454801.12,3000056.22,4193093.75,2732096.91,3015205.63,142900853.78,142900853.78,3657235.18,1541529.29,86484.9,2027737.43,1483.56,3400189.92,591085.71,777141.08,2031963.13,1224410865.1,117742759.64,808985129.17,297682976.29,52619641.78,48218047.98,4698.66,216130.57,3680640.03,500124.54,16913585.16,14786497.36,2127087.8,53662444.98,57683.98,144981.74,77840.79,53107311.45,200383.86,74243.16,177964.6,170990.81,6866.11,107.68,239037.9,239037.9,1835784.14,1636.76,167241.56,756794.58,99854.82,395557.87,314990.46,99708.09,11956308.13,2010471.3,27749.65,49561.28,1004905.65,66710.41,8796909.84,10391.22,10391.22,191756.77,191756.77,161784.74,157433.63,772.13,3578.98,771544.61,439014.06,9074.39,0,323456.16,1047481.95,259965.48,565418.81,222097.66,1422.64,1422.64,0,0,86883339.54,86883339.54,2407853138.049999,3201424707.789999,,,,,,202503,2025-03-01,confaz_boletim_tributos_estaduais,planilha1,confaz_boletim_tributos_estaduais_20260330.xls,20260330,unmapped
10,MA,202503,2025,3,125092126.1,6041464.67,38278908.58,46256834.13,215669333.48,5508250.16,13649774.03,0,19158024.19,7384841.41,6809824.64,494248.65,80768.12,9890189.87,0,1175618.56,6773263.4,1826878.15,114429.76,236504708.74,11768532.14,86227783.83,20164.92,203007.19,578756.1,365878.93,135700.62,2864516.3,169725.89,20512556.38,28721529.7,859457.51,4316351.26,15042707.2,20975912.07,1064954.11,1155915.36,308077.32,4601799.71,28023947.77,2887802.05,2000798.42,3257852.67,440981.29,112637174.3,112637174.3,161347.02,14295.74,6495.99,140555.29,0,4028566.56,1574404.33,1782865.11,671297.12,563381212.36,39757799.06,342747640.6,180875772.7,15448720.89,12055817.39,1436110.33,44232.39,1801896.18,110664.6,4843988.08,4467922.09,376065.99,28726003.52,16095.85,90988.82,17881.24,28537060.41,31167.48,32809.72,219786.99,218613.98,0,1173.01,188058.83,188058.83,7858404.17,2126.48,28564.89,298226.91,805.49,149144.75,7304399.32,75136.33,2853568.81,1737444.64,11645.07,26697.95,628716.06,33986.94,415078.15,0,0,44631.42,44631.42,51859.39,47969.97,2969.42,920,146676.8,5465.63,0,0,141211.17,475895.09,44388.91,301243.54,130262.64,82.92,82.92,0,0,42532844.64,42532844.64,1037378561.8099998,1253047895.2899997,,,,,,202503,2025-03-01,confaz_boletim_tributos_estaduais,planilha1,confaz_boletim_tributos_estaduais_20260330.xls,20260330,unmapped
11,MT,202503,2025,3,351569599.7,21292780.7,16195605.65,194839391.9,583897377.95,10529900.34,18388122.67,2404616.95,31322639.96,53536281.25,52897724.98,588730.06,49826.21,6337630.4,0,829.23,2918229.6,3406824.02,11747.55,875934898.06,125058981.7,91063788.05,34202.82,1461120.88,1001339.39,1100214.56,4113142.56,1345031.76,150511.74,488012155.1,37469423.33,339327.69,18502844.16,30373253.96,4056636.26,6468670.99,2225809.22,10485304.53,7156869.52,39391011.86,2287240.01,1742805.86,1198700.47,896511.64,113870032.8,113870032.8,682661.65,45505.22,444.86,633602.36,3109.21,1166342.76,571606.33,294368.23,300368.2,883028195.7,101641695,419642319.1,361744181.6,68075006.85,53179836.9,55976.21,160134.44,9820969.83,4858089.47,7519160.34,7156863.64,362296.7,17412661.75,10416.15,80861.36,80380.16,16991918.17,79363.33,169722.58,545737.75,414346.03,2219.98,129171.74,61254.82,61254.82,2238264.06,4339.95,60441.3,470341.17,418365.28,128463.03,1113828.08,42485.25,2590061.43,1222522.28,2607.12,97292.84,810600.76,50103.69,406934.74,4954579.11,4954579.11,163323.59,163323.59,225741.46,219227.79,4253.21,2260.46,44815.01,3779.25,0,0,41035.76,677213.86,322191.71,233405.43,121616.72,2302.49,2302.49,0,0,0,0,2039066165.1399994,2622963543.089999,RO,Rondonia,North,TRUE,TRUE,202503,2025-03-01,confaz_boletim_tributos_estaduais,planilha1,confaz_boletim_tributos_estaduais_20260330.xls,20260330,mapped
12,MS,202503,2025,3,81749683.29,41370086.09,2107185.26,107657468.41,232884423.05,2645813.89,1716678.46,0,4362492.35,28364503.73,23957663.21,4185415.14,221425.38,5875818.64,0,0,2959876.95,2691631.09,224310.6,597005838.06,80832207.23,78384770.74,3697669.75,3704975.62,3875272.16,2314270.32,1652821.54,16922011.13,270374.9,323110577.18,10772340.03,3947807.07,7471829.79,9168771.68,5632202.7,7808848.09,1061081.19,5364799.86,1212780.57,23403866.82,1266674.36,689686.71,1801065.86,2639132.76,181829468.83,181829468.83,2424918.99,550579.27,822657.44,1051682.28,0,1568941.08,354471.88,668880.43,545588.77,476567116.49,56182787.77,291025400.58,129358928.14,47562399.08,45496984.17,107684.78,50069.98,1714483.92,193176.23,4655246.08,4356995.15,298250.93,20224397.91,29941.94,28325.6,14899.55,19971452.73,161169.15,18608.94,407563.69,302620.48,0,104943.21,84772.37,84772.37,1232855.27,3807.75,191.86,218354.37,8824.88,104446.91,802437.28,94792.22,6282656.7,460419.86,11802.52,155879.28,366578.13,67478.76,5220498.15,2274640.13,2274640.13,40902.15,40902.15,17333.98,17241.06,92.92,0,104134.35,19375.83,1612.45,0,83146.07,497722.8,111154.45,258743.8,127824.55,9.24,9.24,0,0,36242195.06,36242195.06,1413263434.63,1646147857.68,AC,Acre,North,TRUE,TRUE,202503,2025-03-01,confaz_boletim_tributos_estaduais,planilha1,confaz_boletim_tributos_estaduais_20260330.xls,20260330,mapped
13,MG,202503,2025,3,1904344649,152687643.7,245076490.9,256458116,2558566899.6,67788469.77,21897744.8,3808422.53,93494637.1,31977202.22,22309837.27,9424056.65,243308.3,127378866.11,21844.7,6277119.71,109347701.8,9353732.84,2378467.06,3073037877.85,295317431.9,233515426.9,114273118.1,10457145.9,22017089.76,12012583.87,9388791.6,31660542.93,3900822.93,1179274300,158754295.6,49698067.72,76468621.49,137753458.4,195631029.1,89221173.03,26216380.25,52899647.53,98447880.13,208857703.9,11772474.34,24628474.13,18019748.42,12851669.92,513819314.8,513819314.8,6393895.15,40694.58,58461.28,6294739.29,0,8383924.46,1086349.01,3300475.22,3997100.23,2264989075.7,150176498.9,1538374414,576438162.8,116500644.45,98233456.91,199543.23,2768122.27,15148355.55,151166.49,56217243.79,53900663.04,2316580.75,182335042.66,492374.47,271259,693838.01,179239497.8,1009117.43,628955.95,11860749.75,10533124.89,252.42,1327372.44,287239.86,287239.86,17274491.49,3249.08,554236.69,2450654.6,329023.65,538583.73,12874273.6,524470.14,13102598.89,4430356.04,226724.4,59936.75,3910352.34,180883.11,4294346.25,39685.97,39685.97,919044.06,919044.06,367600.73,356125.53,7122.11,4353.09,1778194.37,1147367.83,45701.66,112.02,585012.86,2520916.06,547747.48,1476008.51,497160.07,2797.38,2797.38,0,0,205422109.4,205422109.4,6634608515.15,9193175414.75,AM,Amazonas,North,TRUE,TRUE,202503,2025-03-01,confaz_boletim_tributos_estaduais,planilha1,confaz_boletim_tributos_estaduais_20260330.xls,20260330,mapped
14,PR,202503,2025,3,808812454.83,105110214.27,6897915.7,0,920820584.8,18793563.9,8396794.76,60959.7,27251318.36,4922120.17,2825082.65,2048703.51,48334.01,39048906.41,0,8570980.61,0,30153488.8,324437,738157609.14,94444716.47,43579137.44,26265617.8,10556238.49,15547889.73,2834057.46,27530540.19,79320517.67,4801415.4,20359847.2,70328302.61,18797485.39,43827938.42,43541025.97,11438789.61,30855807.68,12883680.42,21522702.95,43953241.79,72641283.17,2008583.91,22741864.13,16346994.33,2029930.91,328531662.44,328531662.44,1720950.46,39857.71,331.57,1680761.18,0,6420136.5,551846.38,1595060.92,4273229.2,2876831288.51,302463556.53,2201267140.55,373100591.43,134859433.36,91374545.5,1005167.36,1479593.36,20765853.68,20234273.46,23137375.6,21614287.06,1523088.54,87943203.97,1288290.15,6527.31,186045.13,85487932.11,955647.53,18761.74,446620.63,446385.42,0,235.21,77526.61,77526.61,767571.74,2359.51,18355.52,140392.92,353852.95,82358.28,169666.96,585.6,2333614.53,137847.35,0,5756.4,1830424.04,38286.95,321299.79,11945.58,11945.58,145582.99,145582.99,108971.94,108661.3,106.72,203.92,17861.49,1558.31,196,0,16107.18,453746.7,48045.77,362327.89,43373.04,606.45,606.45,0,0,13055351.63,13055351.63,4258992086.8499994,5179812671.65,RR,Roraima,North,TRUE,TRUE,202503,2025-03-01,confaz_boletim_tributos_estaduais,planilha1,confaz_boletim_tributos_estaduais_20260330.xls,20260330,mapped
15,PB,202503,2025,3,77019043.78,5101720.1,2486179.09,6389013.23,90995956.2,7105004.26,3284864.57,0,10389868.83,1392660.45,1313834.51,4936.78,73889.16,5345154.54,1362801.47,662318.58,34528.18,3284427.66,1078.65,201871913.62,20316219.56,38831064.73,4588.62,4978455.89,1737026.2,1885141.16,373805.53,1832217.68,725564.4,69161853.31,4519504.41,924914.28,6037439.61,15840344.79,1126221.15,4345050.29,1207324.24,529330.22,2427783.64,20143218.18,1849236.3,2286666.1,721416.52,67526.81,61558101.58,61558101.58,87815.19,57402.4,0,30412.79,0,282001.7,54146.48,116981.24,110873.98,520953957.09,31146852.05,298162187.13,191644917.91,15833585.17,14779748.39,70428.88,55427.43,852084.81,75895.66,7047456.26,7018988.31,28467.95,20264704.84,50923.04,71.79,19727.16,20155317.11,36654.46,2011.28,42924.31,42266.95,0,657.36,36821.68,36821.68,12351.36,565.7,306.37,1732.19,0.91,6293.89,2907.21,545.09,821322.73,122326.22,1.21,246.78,653673.03,1538.54,43536.95,0,0,1960.76,1960.76,5204.97,5200.13,4.84,0,2106.05,595.95,0,0,1510.1,19717.54,0,9515.64,10201.9,2.51,2.51,0,0,0,0,835579762.3499998,926575718.5499998,PA,Para,North,TRUE,TRUE,202503,2025-03-01,confaz_boletim_tributos_estaduais,planilha1,confaz_boletim_tributos_estaduais_20260330.xls,20260330,mapped
16,PA,202503,2025,3,149419915.9,5848454.31,245032351.7,386931617.2,787232339.11,15002295.69,3373983.96,52681.95,18428961.6,4065430.34,3621383.25,410398.67,33648.42,138110579.78,0,0,133384859.7,2098484.44,2627235.64,511527778.24,45516871.25,108264467,368318.15,86675.72,550929.53,2002599.18,6023612.37,1407072.14,157766.46,168256351.5,24799190.68,1090798.63,10625157.98,15914000.25,27110966.35,3550852.32,1850798.95,5661540.78,40303907.24,38472835.66,4992189.05,1481478.49,645571.3,2393827.26,160259636.1,160259636.1,1440263.73,173181.65,6532.16,1260549.92,0,3935456.47,355336.48,1480383.93,2099736.06,670550545.36,61333610.36,430270322,178946613,59144104.14,41394439.33,12081706.41,42992.66,5285881.49,339084.25,10643008,10269833.35,373174.65,32728301.15,11339.89,178877.67,21566.35,31897710.37,317697.12,301109.75,929520.75,922283.28,0,7237.47,248637.11,248637.11,2513314.73,3423.85,23923.1,777918.4,3518.2,61837.53,1559852.17,82841.48,5152077.5,1433249.04,79721.04,59011.32,2748679.27,109473.91,721942.92,22525.5,22525.5,40668.46,40668.46,313719.33,313647.27,72.06,0,336397.98,147012.09,0,0,189385.89,2380965.2,1449355.23,764782.21,166827.76,164.42,164.42,0,0,143495576.7,143495576.7,1747838670.9900002,2535071010.1000004,AP,Amapa,North,TRUE,TRUE,202503,2025-03-01,confaz_boletim_tributos_estaduais,planilha1,confaz_boletim_tributos_estaduais_20260330.xls,20260330,mapped
17,PE,202503,2025,3,187885625.75,13028994.54,7159913.06,30185348,238259881.35,9567439.75,4731130.04,1065439.36,15364009.15,1148906.23,965657.56,23868.96,159379.71,9741127.39,0,4216039.85,7775.01,5443918.7,73393.83,591611534.81,82263974.1,104012816,11159.69,4170808.68,6132817.61,889057.32,2568658.71,10627985.33,976583.31,102321661.09,50401199.99,8128672,27681300.36,22758241.18,7405660.03,12950379.87,4551098.81,14224714.43,7774018.32,101247926.4,7661332.74,4639220.68,4437690.18,3774557.98,173623350.9,173623350.9,1271000.67,150855.03,252624.51,867521.13,0,86719.37,49111.71,2328.18,35279.48,1137806194.54,76908708.64,716450727,344446758.9,46545561.41,37763659.6,1040457.11,242709.05,7326496.64,172239.01,18908235.15,17393737.8,1514497.35,53730994.33,58709.73,281529.81,72846.73,53069147.58,199432.56,49327.92,819500.8,560024.66,0,259476.14,34245.96,34245.96,3342423.39,3506.75,45329.65,78233.47,954098.68,151420.38,2046419.08,63415.38,4635634.73,1626408,37357.47,410347.86,2486780.59,45269.5,29471.31,25282.73,25282.73,207512.81,207512.81,35508.9,33575.83,1933.07,0,206044.21,10666.66,8264.66,0,187112.89,1438352.97,103099.75,1102462.77,232790.45,346.68,346.68,0,0,71635165.75,71635165.75,2116853643.7300003,2355113525.0800004,TO,Tocantins,North,TRUE,TRUE,202503,2025-03-01,confaz_boletim_tributos_estaduais,planilha1,confaz_boletim_tributos_estaduais_20260330.xls,20260330,mapped
18,PI,202503,2025,3,73858058.45,2581386.43,47877244.26,2338746.39,126655435.53,719526.4,251957.91,0,971484.31,5205533.49,4949323.51,187458.11,68751.87,1668694.39,0,0,337993.87,1330700.52,0,180830922.48,10584852.74,47263222.88,6030.92,19563.92,469751.12,305815.96,44828.48,227779.65,11814.9,79868125.55,8545696.23,313560.36,3892384.06,4524593.35,189153.09,825105.61,435674.82,806149.12,873834.25,18086094.72,2022369.98,1082978.95,196182.61,235359.21,82661613.26,82661613.26,18569.32,0,0,18569.32,0,2234186.32,798952.62,1018711.37,416522.33,244523877.45,18603463.01,117780629.29,108139785.15,6535935.08,5369759.08,21661.69,5409.5,1063094.91,76009.9,2450880.17,2297466.27,153413.9,13935931.84,2471.63,84226.74,46670.81,13639129.12,53292.38,110141.16,378629.62,370779.6,0,7850.02,11040.52,11040.52,1295228.89,142.2,6974.45,80004.13,0,286321.59,905943.61,15842.91,2479282.51,1164543.34,1378.3,67490.63,413304.71,49019.32,783546.21,33393.11,33393.11,86604.74,86604.74,41347.58,38296.37,3051.21,0,422089.49,2605.22,0,0,419484.27,288612.23,32956.11,189891.09,65765.03,0,0,8100.64,8100.64,46286329.25,46286329.25,591396802.38,718052237.91,,,,,,202503,2025-03-01,confaz_boletim_tributos_estaduais,planilha1,confaz_boletim_tributos_estaduais_20260330.xls,20260330,unmapped
19,RJ,202503,2025,3,709505037.1,102674944,870690.36,566870900.7,1379921572.16,62851544.18,12285202.63,1635741.12,76772487.93,707253.04,382901.39,233717.25,90634.4,307569780.4,0,159951502.9,1549055.42,3702436.78,142366785.3,767630561.51,24661862.02,159407596.5,150765.31,2968594.12,13141931.8,2045471.02,409517.59,9409389.01,1584489.73,209879866.7,83024290.29,21342762.73,39950713.45,34739449.31,36609245.92,23875192.24,932321.69,1498713.19,19235849.34,41826825.58,1902509.31,2936719.16,13997999.26,22098486.24,683519695.3,683519695.3,3316779.65,179197.77,8548.24,3127522.81,1510.83,8115436.43,385832.82,4156642.3,3572961.31,1110157299.81,24420653.81,676266381.3,409470264.7,264131696.06,170003117.3,14179086.73,5636485.26,73913024.89,399981.88,49694278.97,45182433.82,4511845.15,153456308.27,235801.88,337966.17,1521120.47,149077923.6,961482.12,1322014.03,2158048.78,2147996.37,696.02,9356.39,93058.08,93058.08,13440092.78,1284.28,652141.32,8789051.9,2234291.64,331946.84,1273755.57,157621.23,17125771.11,7827957.91,166529,111186.05,2283113,354422.56,6382562.59,454.35,454.35,512592.21,512592.21,109239.47,82687.83,269.71,26281.93,1277075.05,69464.31,12728.7,166.53,1194715.51,3318495.2,268145.83,2826203.13,224146.24,397.93,397.93,0,0,870438100.3,870438100.3,4256772414.7,5636693986.86,,,,,,202503,2025-03-01,confaz_boletim_tributos_estaduais,planilha1,confaz_boletim_tributos_estaduais_20260330.xls,20260330,unmapped
20,RN,202503,2025,3,45485121.76,2033989.3,0,0,47519111.06,0,0,0,0,3167433.27,2093737.58,19862.16,1053833.53,27149714.65,0,10543464.66,124116.16,14167362.55,2314771.28,209331727.97,18894715.07,36537876.37,0,1149566.25,7804047.19,43516.55,218561.59,413951.08,260843.1,90878831.6,3593612.6,381127.56,4011781.19,5604506.87,87822.73,1449719.22,660731.85,17883010.75,1602977.05,11500084.73,1316837.94,951173.95,612944.67,3473488.06,23577490.12,23577490.12,592619.35,21395.32,0.76,571223.27,0,2158249.33,490464.9,652849,1014935.43,321993252.29,28612691.89,172172765.9,121207794.5,7047683.17,5609140.7,546183.67,15182.83,836855.04,40320.93,9137486.57,8082907.76,1054578.81,12200896.68,15002.92,127213.12,14323.1,11873527.32,143065.24,27764.98,110967.36,108558.93,0,2408.43,60436.25,60436.25,1426378.49,6044.3,15074.46,397447.03,107.13,36472.28,921624.58,49608.71,2021313.85,662708.29,7951.17,13542.57,354672.31,221291.6,761147.91,603.76,603.76,99262.6,99262.6,54074.07,29536.85,1235.51,23301.71,144465.36,13935.66,0,0,130529.7,547307.3,56991.32,395193.38,95122.6,169.34,169.34,0,0,25921427.34,25921427.34,646742959.1200001,694262070.1800001,,,,,,202503,2025-03-01,confaz_boletim_tributos_estaduais,planilha1,confaz_boletim_tributos_estaduais_20260330.xls,20260330,unmapped
21,RS,202503,2025,3,487497611.2,100424505.1,22742926.85,10731.91,610675775.06,180163182.3,17365698.87,3339006.44,200867887.61,35448433.24,33475200.26,1781189.04,192043.94,15117538.77,633490.69,0,2575.95,14392010.74,89461.39,1917064825.28,206567291.2,253687102.4,726819.75,10951817.08,11078467.51,40771321.98,14044924.19,34675517,4469943.85,632904802.4,183120844.8,2908548.35,90334658.03,54854141.82,33804361.05,71354419.79,27685658.22,16427533.21,92283413.08,69862497.04,2609256.91,41012593.5,17181293.06,3747599.06,368017886.7,368017886.7,3641446.23,31788.79,195.12,3609462.32,0,3026058.59,614979.2,877920.58,1533158.81,1451838884.8,122756738.6,702238602.5,626843543.7,93885517.64,89082283.61,1006400.57,224927.14,3367849.29,204057.03,38927121.2,37965078.29,962042.91,101315998.27,457922.81,348600.43,84753.64,99482459.85,302781.11,639480.43,54232.97,46793.75,55.83,7383.39,11175.24,11175.24,843181.45,398.71,61320.17,598283.08,5721.46,35534.51,50220.68,91702.84,2430012.32,505657.45,1930.13,166347.63,1001245.66,139670.19,615161.26,75949.8,75949.8,251300.14,251300.14,133420.19,131709.05,822.14,889,502573.45,104405.66,4747.67,0,393420.12,1278038.37,225642.21,860973.36,191422.8,3969.82,3969.82,0,0,113787255.6,113787255.6,4147654820.0699987,4758330595.129999,MA,Maranhao,Northeast,TRUE,TRUE,202503,2025-03-01,confaz_boletim_tributos_estaduais,planilha1,confaz_boletim_tributos_estaduais_20260330.xls,20260330,mapped
22,RO,202503,2025,3,67492417.51,2824807.43,260075.05,61830434.28,132407734.27,14918412.32,4502619.68,0,19421032,2409509.9,2335079.86,68921.2,5508.84,10140569.1,0,7594387.32,1820237.65,725939.74,4.39,138543762.46,27663707.76,25377338.86,0,66725.8,244405.51,3218593.78,564246.22,208792.53,85883.72,48215424.6,8530438.6,72742.84,1403558.39,6146911.69,1306458.43,1856578.75,372988.59,66989.46,249227.76,9815334.97,1154362.28,1069874.34,547356.79,305820.79,51832964.08,51832964.08,213979.26,163987.75,0,46917.13,3074.38,1171096.22,312378.25,240584.04,618133.93,327650404.29,40385290.29,167242020.4,120023093.6,6151215.52,2829171.48,2068129.86,20836.01,1218572.24,14505.93,2584952.48,2446199.85,138752.63,10829824.19,7625.95,413562.7,2975.32,10377739,10416.07,17505.15,243887.29,46154.79,21038.97,176693.53,18293.72,18293.72,941500.07,570.08,929.12,383013.82,10894.62,90542.52,421721.01,33828.9,1789826.14,267013.27,1676.61,13506.35,667930.91,80094.31,759604.69,0,0,27372.67,27372.67,166245.18,166245.18,0,0,101048.72,14250.2,3966.1,0,82832.42,497622.34,65044.24,297658.18,134919.92,0,0,0,0,55398073.55,55398073.55,610712147.1800001,743119881.45,PI,Piaui,Northeast,TRUE,TRUE,202503,2025-03-01,confaz_boletim_tributos_estaduais,planilha1,confaz_boletim_tributos_estaduais_20260330.xls,20260330,mapped
23,RR,202503,2025,3,12792432.16,596486.45,69182.66,51394622.95,64852724.22,380031.44,0,0,380031.44,331126.61,276584.7,23455.27,31086.64,675198.37,0,0,0,675198.37,0,38919305.2,1322073.4,7625137.53,0,8596.97,36835.44,653.47,322847.7,3426.48,37348.28,20671441.83,782357.18,27455.86,449223.41,1630231.88,26103.11,56633.38,123239.79,3641.34,66712.28,5393728.65,130828.44,55847.87,93445.32,51495.59,19997029.58,19997029.58,12787.09,0,0,12787.09,0,443599.42,110986.36,77400.35,255212.71,81174355.93,4832416.21,42106037.81,34235901.91,1051220.45,695021.43,937.9,248263.18,50959.65,56038.29,785826.72,754766.05,31060.67,4133221.87,4222.57,13354.6,296.17,4109324,3878.95,2145.58,833.7,833.7,0,0,1260.45,1260.45,162650.71,1.83,43410.8,31641.18,0,7161.96,75255.08,5179.86,305091.63,78101.52,7573.9,1393.05,100696.63,22036.35,95290.18,0,0,3377.42,3377.42,7025.58,7023.32,2.26,0,26967.49,10.2,0,0,26957.29,61285.37,6221.12,34329.15,20735.1,1,1,0,0,13051099.63,13051099.63,161143264.22,225995988.44,CE,Ceara,Northeast,TRUE,TRUE,202503,2025-03-01,confaz_boletim_tributos_estaduais,planilha1,confaz_boletim_tributos_estaduais_20260330.xls,20260330,mapped
24,SC,202503,2025,3,385747249.3,66158753.52,93654707.09,66745.8,545627455.71,57634759.51,2608795.43,2361130.17,62604685.11,10664929.09,5362781.26,4865710.11,436437.72,8631353.38,521.4,0,18199.61,7444188.33,1168444.04,1368868948.39,124560506.5,232369778.5,10384586.23,53688255.35,46052898.08,3046776.87,17981345.17,41366149.07,4005305,393483699.7,48724575.43,2089098.74,63591600.36,44134140.59,22463851.01,42802985.52,6549885.23,28149037.22,62849433.27,80810375.87,10203025.2,14433677.36,9784357.03,5343605.09,235008877.6,235008877.6,3461528.02,143751.73,11511.89,3302210.45,4053.95,7848801.05,1442426.81,2048313.76,4358060.48,1705172642,136373291.1,813513361.9,755285989,151554833.47,112041086.3,444818.64,361288.37,38314373.27,393266.89,49766656.85,47609408.45,2157248.4,85331250.45,2369700.16,477072.52,210697.57,79096092.15,2264693.28,912994.77,3142040.99,3111218.49,0,30822.5,1102362.3,1102362.3,24310711.08,779.27,12453043.2,1489641.2,26619.86,633921.67,9368113.58,338592.3,9957316.88,3151327.98,18097.71,104406.32,1746123.88,220809.7,4716551.29,5374842.38,5374842.38,293465.09,293465.09,122442.52,74071.37,2574.9,45796.25,1847247.28,140511.79,305239.73,0,1401495.76,2956737.04,702773.28,1447371.69,806592.07,7200.77,7200.77,0,0,60933237.71,60933237.71,3736357424.3399997,4281984880.0499997,RN,Rio Grande do Norte,Northeast,TRUE,TRUE,202503,2025-03-01,confaz_boletim_tributos_estaduais,planilha1,confaz_boletim_tributos_estaduais_20260330.xls,20260330,mapped
25,SP,202503,2025,3,3468231517.19,452114817.62,807855013,0,4728201347.81,125169763.62,146837267.93,19150354.65,291157386.2,86161313.09,84007302.3,2136369.27,17641.52,45217277.36,222.68,8170854.98,272215.36,34499061.96,2274922.38,8244072075.73,775044636.56,440051904.53,6744734.31,74083249.52,45196110.02,10500400.6,17804951.21,227157269.64,28272041.17,1818454430.2,1189817412.63,274830781.29,504719803.09,231281329.98,204039440.14,288621644.53,206772802.78,260983722.75,397640463.58,1023343966.3,37442938.54,35262543,107642305.68,38363193.68,1265577073.7,1265577073.7,18581031.56,4989226.86,101699.39,13473990.07,16115.24,27527339.89,3776295.41,7873571.59,15877472.89,5906325521.04,414028304.93,4006522851.84,1485774364.27,638706592.75,519213148.04,3855415.58,12541209.76,101048410.41,2048408.96,138374969.54,130033702.7,8341266.84,631847256.3,13738653.14,1195137.24,589944.24,552761337.52,22520038.09,41042146.07,14801613.16,13737105.69,243528.42,820979.05,975546.79,975546.79,71712972.12,4200.88,5498611.7,9472809.03,18390167.98,2437092.15,35756100.35,153990.03,61409882.17,19820444.46,733854.08,130130.96,11662969.45,1653706.59,27408776.63,208673.14,208673.14,1733209.25,1733209.25,5139455.64,4682317.67,9810.44,447327.53,5782875.31,654292.87,361170.36,0,4767412.08,21141683.96,2515101.56,17822029.53,804552.87,6131.34,6131.34,0,0,847633126.83,847633126.83,18032935620.670002,22761136968.480003,PB,Paraiba,Northeast,TRUE,TRUE,202503,2025-03-01,confaz_boletim_tributos_estaduais,planilha1,confaz_boletim_tributos_estaduais_20260330.xls,20260330,mapped
26,SE,202503,2025,3,118060458.97,2725681.11,1543417.11,4394328.67,126723885.86,4320936.97,306900.3,47264.39,4675101.66,551371.62,430130.03,94049.07,27192.52,10941154.15,0,4684239.11,23475.72,6233439.32,0,156026537.47,9917172.46,31072965.86,17471.7,1281075.4,517131.55,560904.24,212576.67,292600.6,0,47599476.11,30862263.28,419171.09,2844928,8188423.6,753063.71,2051523.73,451184.72,5119698.48,509145.43,10977226.29,1062409.51,872712.58,443412.46,0,58552127.91,58552127.91,110840.9,92167.93,0,18672.97,0,0,0,0,0,209994748.56,21643764.28,96867777.85,91483206.43,8476934.1,7662166.11,6075.23,52658.58,756034.18,0,5269154.23,5269154.23,0,11063033.22,0,0,12258.75,11050774.47,0,0,0,0,0,0,0,0,0,0,0,0,0,0,0,0,337535.22,0,0,0,337535.22,0,0,0,0,0,0,0,0,0,0,0,0,0,0,0,0,0,0,0,0,0,0,0,25005539.82,25005539.82,486328977.2000001,613052863.0600001,PE,Pernambuco,Northeast,TRUE,TRUE,202503,2025-03-01,confaz_boletim_tributos_estaduais,planilha1,confaz_boletim_tributos_estaduais_20260330.xls,20260330,mapped
27,TO,202503,2025,3,25168493.55,7869560.92,4944174.44,381409.74,38363638.65,14938850.78,9948203.44,185884.79,25072939.01,6547616.66,5651791.54,876200.9,19624.22,1728467.37,0,0,451427.31,1275954.49,1085.57,193999648.9,17216599.21,35058209.7,0,39280.24,172660.87,503679.37,208960.5,101318.23,57659.17,110889667.05,4950724.81,85728.67,1569431.81,6030500.08,168750.99,2031975.14,329240.29,95006.04,114153.47,12027611.9,878836.84,247973.17,947721.48,273959.87,39088967.65,39088967.65,283659.73,262963.1,0,20696.63,0,403171.02,65909.79,86543.3,250717.93,175066776.57,21121614.14,102267471.21,51677691.22,5299244.2,4708773.33,16535.53,6500.82,558209.2,9225.32,2297837.1,2213539.38,84297.72,11259425.88,30071.86,0,7546.65,11185932.86,2010.54,33863.97,13115.56,13115.56,0,0,1328.18,1328.18,511342.88,0,0,17221.98,10556.29,2951.92,471922.34,8690.35,282184.44,48860.52,0,780.98,198614.31,2984.23,30944.4,0,0,1103.92,1103.92,2434.66,2434.66,0,0,3831.19,0,0,0,3831.19,88788.45,8473.74,77179.65,3135.06,0,0,0,0,36854961.8,36854961.8,473733906.16,512097544.81,AL,Alagoas,Northeast,TRUE,TRUE,202503,2025-03-01,confaz_boletim_tributos_estaduais,planilha1,confaz_boletim_tributos_estaduais_20260330.xls,20260330,mapped
1,AC,202504,2025,4,17097526.78,622557.38,5060840.92,0,22780925.08,2245845.94,43886.92,0,2289732.86,5221642.05,5210773.29,4229.82,6638.94,270024.62,0,0,0,270024.62,0,32703468.76,5396312.03,8646159.26,732.93,7408.54,136976.9,181798,242790.92,5450.81,47903.38,7133090.85,694702.53,125978.73,698303.46,1805635.92,1545.53,145626.8,519640.78,115738.87,1526603.76,4618954.61,476008.46,77042.77,63625.68,35437.24,14626528.31,14626528.31,20789.68,11417.64,0,9372.04,0,850582.47,139309.99,430397.07,280875.41,96129628.85,4937828.77,56175014.07,35016786.01,746580.98,495805.03,31528.16,42193.88,169081.52,7972.39,771618.84,732368.84,39250,4960505.27,18275.47,20697.56,11873.9,4876997.95,20261.54,12398.85,15576.88,15167.11,0,409.77,6858.89,6858.89,339376.35,2.29,19014.3,35010.8,0,6945.58,229699.69,48703.69,425782.61,35882.53,2317.1,1871.2,180769.49,26266.34,178675.95,0,0,20854.4,20854.4,42653.96,42653.26,0.7,0,20449.42,422.62,0,0,20026.8,192558.5,4924.83,122827.26,64806.41,32.98,32.98,0,0,14120859.27,14120859.27,171486373.09,194267298.17000002,,,,,,202504,2025-04-01,confaz_boletim_tributos_estaduais,planilha1,confaz_boletim_tributos_estaduais_20260330.xls,20260330,unmapped
2,AL,202504,2025,4,69987126.83,4803475.55,706510.59,13160218.95,88657331.92,4528442.16,4407.12,44045.82,4576895.1,1657612.31,1539331.76,74147.68,44132.87,8091076.32,0,2309567.88,691282.83,3222964.35,1867261.26,193555314.98,20544880.77,51066040.88,246917.59,194519.83,858016.91,106570.9,437581.28,763619.7,140979.73,51813335.37,16005285.54,495064.69,10735437.31,6154068.07,2187785.45,2763562.04,1645266.17,1372193.42,4297060.2,16938278.16,2065186.35,1779273.21,557154.63,387236.78,77543026.97,77543026.97,587372.55,117961.57,3455.81,463904.52,2050.65,2497030.12,128748.72,1833667.88,534613.52,381959832.74,28416294.29,228447933.23,125095605.22,20018241.24,11924665.76,1119560.11,1452222.56,3127012.57,2394780.24,10767100.27,8338527.28,2428572.99,13695426.74,28475.83,89857.05,8461.82,13419252.34,112979.56,36400.14,231916.52,195131.19,17572.19,19213.14,131093.6,131093.6,1622183.87,6388.97,24007.82,73826.16,5103.33,88269.36,1392145.87,32442.36,1488819.99,350510.6,34992.88,56079.59,363581.04,34731.15,648924.73,4741.84,4741.84,85856.03,85856.03,113904.61,111037.41,63.51,2803.69,83974.03,11045.38,0,0,72928.65,658316.69,46948.33,493961.49,117406.87,175.64,175.64,0,0,591829.22,591829.22,715384846.2800001,804042178.2,,,,,,202504,2025-04-01,confaz_boletim_tributos_estaduais,planilha1,confaz_boletim_tributos_estaduais_20260330.xls,20260330,unmapped
3,AP,202504,2025,4,15077355.91,173814.03,6312582.33,59681373.89,81245126.16,3881861.64,0,0,3881861.64,23713.6,15129.55,7644.37,939.68,140194.57,0,0,26970.35,113224.22,0,26409591,1539693.79,11397765.59,8019,792.92,57683.09,880.17,191674.2,230878.51,8660.51,688177.1,676368.27,39082.86,817467.23,1522297.56,54674.68,161513.78,512213.35,1546675.8,2553937.88,4017949.1,114615.17,102545.91,132668.7,33355.83,10669000.05,10669000.05,307608.99,292251.34,0,15357.65,0,170242.91,102937.67,7408.75,59896.49,70365778.16,4816424.69,47563892.57,17985460.9,1160225.87,354384.88,648143.88,8823.58,114303.34,34570.19,215450.53,197498.89,17951.64,5947834.57,128.09,54651.95,0,5891757.5,1154.78,142.25,2032.83,2032.83,0,0,1238.81,1238.81,80914.5,192.6,1.59,2453.64,43.78,348.56,76525.55,1348.78,138359.05,408.65,1847.54,198.99,102605.58,4371.72,28926.57,0,0,2521.52,2521.52,59780.71,59777.34,3.37,0,4707.05,2950.4,0,0,1756.65,47228.76,16399.12,17193.19,13636.45,2,2,0,0,12630679.93,12630679.93,128377105.41,209622231.57,,,,,,202504,2025-04-01,confaz_boletim_tributos_estaduais,planilha1,confaz_boletim_tributos_estaduais_20260330.xls,20260330,unmapped
4,AM,202504,2025,4,96714345.82,5783878.13,30697110.17,119422940.51,252618274.63,34850447.52,3465936.62,7566.08,38323950.22,228340.28,212979.46,7856.14,7504.68,48583337.99,0,46179056.13,2271842.46,132439.4,0,587012950.81,10081968.35,53834847.47,0,899587.08,298514.86,53562.83,152994.52,2078569.63,199592.98,16542775.1,12642741.64,3017563.27,24528517.58,2802480.6,7171543.52,17567499.31,227474799.47,12253774.15,20543406.49,28147951.89,141363123.36,770372.4,4367347.39,219416.92,70053410.84,70053410.84,1996070.34,1421154.94,0,574915.4,0,279695.14,0,37269.12,242426.02,430282324.94,28337168.13,234362759.26,167582397.55,77839364.65,59566786.99,10609606.14,126924.59,7348793.85,187253.08,8165820.13,8164144.27,1675.86,27133011.1,32815.59,6310.35,24637.14,26870761.57,196939.35,1547.1,31064.57,31064.57,0,0,0,0,33.05,0,0,0,0,0,0,33.05,1231895.93,0,0,1447.77,1230420.28,0,27.88,0,0,0,0,726.51,726.51,0,0,78712.6,0,77398.45,0,1314.15,134912.15,1346.78,128626.01,4939.36,0,0,0,0,50996095.7,50996095.7,1304047766.73,1556666041.3600001,,,,,,202504,2025-04-01,confaz_boletim_tributos_estaduais,planilha1,confaz_boletim_tributos_estaduais_20260330.xls,20260330,unmapped
5,BA,202504,2025,4,153110749.5,27720697.62,110876287.3,0,291707734.42,0,0,0,0,9460345.12,7757560.55,753093,949691.57,44359160.34,0,26433531.03,4819535.98,9652610.98,3453482.35,1529342888.83,114801077,246851353.3,145969.23,7144137.49,3375858.91,5432571.66,1113889.44,16183383.25,469907.1,650606197.5,190695081.9,4902185.69,71519516.36,49017791.89,18906057.9,16933777.69,5714519.45,8259869.43,13276064.73,88135721.05,4780439.77,5952061.01,2619195.15,2506261.93,275249099,275249099,3983419.57,2684428.29,3500.37,1295470.19,20.72,1505453.24,52159.44,219194.01,1234099.79,1289796662.03,89277518.63,723882250.9,476636892.5,44156664,30758010.25,1458604.89,120163.71,11456088.93,363796.22,36096812.72,30338243.56,5758569.16,67181915.8,158529.04,210946.44,140418.07,64889730.98,1318859.55,463431.72,319097.92,313368.28,0,5729.64,245461.79,245461.79,10680877.97,1196.75,168335.16,1325316.49,13697.01,573361.61,8416008.89,182962.06,7616805.53,1939665.7,9143.5,1085828.23,2193104.97,267542.88,2121520.25,79365.23,79365.23,410456.87,410456.87,250136.73,249655.16,480.79,0.78,374351.94,27893.13,2436.71,143.38,343878.72,1947436.71,238094.21,1231695.91,477646.59,1570.34,1570.34,0,0,0,0,3323057981.6800003,3614765716.1000004,,,,,,202504,2025-04-01,confaz_boletim_tributos_estaduais,planilha1,confaz_boletim_tributos_estaduais_20260330.xls,20260330,unmapped
6,CE,202504,2025,4,261404249.15,13817584.77,1620600.74,105923.55,276948358.21,6430456.75,6169642.11,272647.63,12872746.49,2559441.75,1438741.91,26669.54,1094030.3,6608270.68,0,2233676.52,1100.17,4373493.99,0,550162885.14,61195207.6,87223690.11,47667.82,8291843.32,13888913.98,23104412.29,805438.73,7084026.22,981056,218837241.32,19427982.95,3639145.39,14367350.14,21406269.98,5957114.49,11605037.54,3023188.37,2624455.71,5059440.92,30567300.47,3996955.86,4674217.83,2183510.67,171417.43,156956454.94,156956454.94,618199.46,174166.58,58203.05,385829.83,0,3380823.91,2119293.64,723113.27,538417,766281560.26,66392464.34,474348168.95,225540926.97,29865988.83,22486630.78,2191042.25,341037.08,4589273.78,258004.94,19845211.28,18557073.06,1288138.22,40167035.94,257083.17,0,23434.56,39879763.21,6755,0,345178.38,16010.84,329167.54,0,56237.14,56237.14,239862.08,1300.06,1255.51,184104.26,0,4868.43,43950.02,4383.8,2181162.76,331550.57,7624.93,144.13,1700939.41,28411.96,112491.76,8802136.61,8802136.61,111477.78,111477.78,442800.1,422019.96,0,20780.14,35498.01,1957.17,0,0,33540.84,59030.45,4457.15,11454.63,43118.67,25.65,25.65,0,0,48793904.76,48793904.76,1637513185.9099998,1914461544.12,,,,,,202504,2025-04-01,confaz_boletim_tributos_estaduais,planilha1,confaz_boletim_tributos_estaduais_20260330.xls,20260330,unmapped
7,DF,202504,2025,4,170690185,26011870.7,10705230.08,4525052.23,211932338.01,8238920.89,6701334.4,763318.95,15703574.24,2749832.22,2713144.14,33316.7,3371.38,188728.43,1354.47,0,61.57,187312.39,0,198768979.81,16283206.2,47458777.7,483595.08,411719.6,1396596.08,29963.09,277894.16,118899.57,58350.21,40384667.69,4088031.19,5827087.27,4257467.41,13561438.66,703209.22,3832776.04,2345355.54,3119109.48,1707850.9,48761817.68,1169374.03,901813.08,1588087.6,1892.33,87582524.52,87582524.52,520932.41,3288.47,4778.03,512865.91,0,1794.25,353.98,1294.61,145.66,576175236.45,71050870.65,365227822.5,139896543.3,11019616.01,8780584.51,168.8,200019.13,1936588.68,102254.89,15695832.43,15669723.88,26108.55,31884793.09,15621.67,4281.22,43337.1,31821552.1,0,1,0,0,0,0,0,0,2109.54,0,0,0,0,2109.54,0,0,415031.14,0,0,0,349192.18,0,65838.96,0,0,9.07,9.07,0,0,0,0,50.59,50.59,0,0,0,1208.87,0,1207.34,1.53,15.19,15.19,0,0,98785322.11,98785322.11,1023792016.1300002,1235724354.1400003,,,,,,202504,2025-04-01,confaz_boletim_tributos_estaduais,planilha1,confaz_boletim_tributos_estaduais_20260330.xls,20260330,unmapped
8,ES,202504,2025,4,421308833.29,10678889.55,108133454.41,13291249.74,553412426.99,8351477.13,64786.3,20974.55,8437237.98,3088488.73,2965792.73,116243.53,6452.47,231703033.41,0,224952933.71,0,6136837.09,613262.61,294138612.07,40873971.67,63074662.07,0,611379.42,2065503,150333.48,1505081.98,1771965.15,218378.6,44479756.13,18137473.41,2910253.58,10068858.52,25500005.91,38690887.85,12284309.51,1302152.49,2171033.9,4199757.13,15141442.56,2059635.53,2121402.95,2852367.99,1947999.24,115869055.63,115869055.63,2229941.71,72606.66,0,2157335.05,0,3076604.22,219098.99,616341.06,2241164.17,886166514.3,68809523.94,581092837.41,236264152.95,106154007.54,59914487.3,6146661.38,10415,39898658.4,183785.46,14211578.8,13780191.64,431387.16,33498005.16,32777.63,45228.31,72977.56,32397390.91,226794.43,722836.32,905498.11,905498.11,0,0,219170.17,219170.17,2800066.85,0,78164.07,626880.74,0,75920.32,1966107.66,52994.06,3049957.83,1808726.46,19322.89,11512.63,516963.58,42403.36,651028.91,0,0,67013.09,67013.09,34810.71,34645.94,164.77,0,108306.97,19518.95,0,0,88788.02,647556.85,73449.29,337724.18,236383.38,375.19,375.19,0,0,135689073.07,135689073.07,1833657670.4099996,2387070097.3999996,,,,,,202504,2025-04-01,confaz_boletim_tributos_estaduais,planilha1,confaz_boletim_tributos_estaduais_20260330.xls,20260330,unmapped
9,GO,202504,2025,4,175935689.2,68902235.61,159248288,393336152.4,797422365.21,20157884.94,13675617.05,557016.79,34390518.78,38297815.74,35167769.22,3043819.73,86226.79,11318863.61,0,0,5423175.69,5666497.95,229189.97,846664120.09,148244333.6,122136810.5,322027.62,2710174.04,7041638.55,3391245.7,1178581.68,6272664.63,1042983.78,333985667.6,44699058.46,26921760.65,22412725.79,18004264.73,1708531.69,14023232.5,2954461.54,1755308.98,20847556.56,54341254.13,2456234.29,4430565.61,3250153.39,2532884.07,152110986.7,152110986.7,3420134.63,1488924.39,61698.77,1869417.18,94.29,3260541.23,766202.3,706909.72,1787429.21,1254415001.8,134546017.9,794439008.9,325429975,59096413.79,54363341.24,5503.77,163166.54,4071767.85,492634.39,19490528.1,16547434.5,2943093.6,54768692.43,194370.49,164999.31,80871.5,54085977.33,83740.63,158733.17,123326.31,115612.88,5793.35,1920.08,226384.21,226384.21,2024386.74,1298.75,184782.42,975436.94,65650.85,523101.52,171053.19,103063.07,7434463.94,1739883.43,20774.45,117268.52,1109702.72,75753.73,4371081.09,3087.78,3087.78,127023.8,127023.8,57098.8,54841.8,759.58,1497.42,584013.15,16381.52,13230.85,0,554400.78,917957.25,198245.48,509660.26,210051.51,639.73,639.73,0,0,87121901.32,87121901.32,2541463381.1500006,3338885746.3600006,,,,,,202504,2025-04-01,confaz_boletim_tributos_estaduais,planilha1,confaz_boletim_tributos_estaduais_20260330.xls,20260330,unmapped
10,MA,202504,2025,4,119550347.7,5451252.31,33970627.47,53708762.24,212680989.72,6791783.26,11723438.15,37133.59,18552355,8049887.59,7183301.88,771175.63,95410.08,10490423.77,0,1104979.7,7523284.13,1818619.33,43540.61,226010116.56,10409986.32,71852155.86,30257.14,186280.69,584971.43,401465.06,214198.7,1733681.15,127609.92,5005019.16,33793114.48,712314.4,5718030.78,13607017.19,39271050.08,1048250.03,2480261.98,563501.55,3748088.21,26868377.89,2755021.97,1421697.64,3066091.08,411673.85,114157720.6,114157720.6,92396.82,19951.47,10071.68,62373.67,0,3283701.2,1292330.65,1354087.13,637283.42,526428822.72,42144412.72,287701892.9,196582517.1,15774574.48,12519660.64,874029.65,1704.53,2198561.27,180618.39,5669934.04,5365974.06,303959.98,27098942.84,30210.6,70086.41,13604.37,26861857.63,93853.7,29330.13,720426.38,718781.88,0,1644.5,79776.84,79776.84,9609116.46,3016.32,29666.75,299622.21,813.22,41743.73,9163017.66,71236.57,2851569.84,1465125.84,42918.37,27236.06,768532.67,47130.84,500626.06,200006075,200006075,105619.64,105619.64,70487.11,68175.25,2205.06,106.8,106400.22,14387.2,0,0,92013.02,595147.1,41117.86,267603.5,286425.74,65.79,65.79,0,0,44481853.09,44481853.09,1195683058.09,1408364047.81,,,,,,202504,2025-04-01,confaz_boletim_tributos_estaduais,planilha1,confaz_boletim_tributos_estaduais_20260330.xls,20260330,unmapped
11,MT,202504,2025,4,304447503.2,18735948.17,91844073.8,190862647.6,605890172.77,11764370.84,23361932.53,783999.27,35910302.64,53304752.41,52828282.66,412160.11,64309.64,5903304.49,0,865.03,2419536.54,3474956.42,7946.5,872744414.55,124334110.1,116145225.5,27616.01,1293671.82,1339273.47,1204833.25,4339219.22,1629880.08,155387.56,447508449.7,44804178.73,565290.45,20585020.71,32835137.81,4656849.7,6929777.27,2530463.25,9747760.15,7981963.25,37274825.86,2057850.88,2377462.82,1479298.86,940868.1,105804163.3,105804163.3,585547.47,69129.03,415.68,513952,2050.76,1116170.41,372363.31,426997.67,316809.43,887426953.5,111393308.3,416260399.6,359773245.6,64780071.66,48842803.87,61552.74,79283.69,10456451.01,5339980.35,8410165.09,7957981.33,452183.76,21949757.88,10535.98,103345.73,56574.43,21448893.76,108129.25,222278.73,1337232.27,1304584.13,8849.83,23798.31,59474.03,59474.03,2492416.59,9832.35,97313.84,540178.52,152432.28,206357.94,1427997.21,58304.45,4449263.21,2616778.21,3853.03,79914.87,1008736.83,50589.44,689390.83,7702952.2,7702952.2,182385.95,182385.95,294760.68,287622.59,2870.36,4267.73,100286.01,18499.68,0,0,81786.33,601034.45,257524.2,223777.17,119733.08,2799.64,2799.64,0,0,0,0,2039247905.7900002,2645138078.5600004,RO,Rondonia,North,TRUE,TRUE,202504,2025-04-01,confaz_boletim_tributos_estaduais,planilha1,confaz_boletim_tributos_estaduais_20260330.xls,20260330,mapped
12,MS,202504,2025,4,81811259.41,34072170.79,2256076,112398875.4,230538381.6,2695004.63,3142240.63,0,5837245.26,27719199.09,22422791.31,4923432.76,372975.02,5284577.76,0,0,2480238.38,2424984.53,379354.85,680550708.99,91190751.83,85534926.8,4555572.8,4020668.12,3768395.24,2224573.2,1714475.69,13897548.47,352514.07,390978212.5,9427885.39,3864690.5,8802140.6,9594693.9,4715997.37,7443856.51,1409947.72,4568313.51,740271.88,24160243.05,1207712.15,688361.44,1478087.43,4210868.82,191860561.5,191860561.5,2050595.12,147216.95,889330.96,1014047.21,0,1816025.6,439249.97,841954.21,534821.42,477176681.56,63916190.24,275398186.69,137862304.63,57312411.56,55239128.76,210301.89,21947.15,1590952.94,250080.82,4906608.33,4606655.73,299952.6,20360816.06,29368,32196.19,31673.87,20179914.45,65126.5,22537.05,437096.98,295022.77,0,142074.21,101944.29,101944.29,1309312.8,4951.18,11491.56,213585.1,8341.31,113757.38,890778.28,66407.99,3069806.73,537614.96,3720.87,74247.12,395404.45,82053.28,1976766.05,2765588.15,2765588.15,65108.58,65108.58,41599.58,40240.81,174.68,1184.09,85458.53,13997.42,120.66,0,71340.45,489796.53,106978.98,277049.79,105767.76,12.33,12.33,0,0,36310430.29,36310430.29,1513714340.3599997,1744252721.9599996,AC,Acre,North,TRUE,TRUE,202504,2025-04-01,confaz_boletim_tributos_estaduais,planilha1,confaz_boletim_tributos_estaduais_20260330.xls,20260330,mapped
13,MG,202504,2025,4,1652650951,176291880.3,233884121.7,420713130.1,2483540083.1,69403609.63,22065440.71,1523967.13,92993017.47,26246974.17,16783790.01,9219133.13,244051.03,166917826.75,2255.64,7513359.1,148740846.8,9268226.76,1393138.45,3219006656.72,322920485.7,241508868.3,158837444.2,11089819.19,22342836.82,12498905.19,10504767.3,32157013.85,3371276.29,1244781936,160312844.4,58040962,78304570.14,137031849.2,155441894.8,86820292.2,29385920.34,62051058.53,107261614.3,218445818.5,10954372.47,24128428.48,18520228.71,12293449.81,544140846.2,544140846.2,6000508.85,32044.18,111429.89,5857034.78,0,9304277.99,772441.28,3744214.83,4787621.88,2392477634.8,164627604.9,1613299708,614550321.9,120955405.62,105330372.3,158717.81,42437.86,15285948.08,137929.57,60690070.6,57112109.98,3577960.62,172439523.22,609467.61,247624.8,591036.35,168909233.3,1382602.41,699558.75,10348220.4,8841860.48,68.42,1506291.5,183220.02,183220.02,19496156.66,3000.29,506672.74,1975341.46,160505.37,495030.93,15805422.02,550183.85,16636468.11,5037527.3,234592.14,71773.38,4020923.5,218630.95,7053020.84,12135.48,12135.48,899359.34,899359.34,421714.88,412252.11,5692.47,3770.3,912688.77,98664.07,75885.25,112.99,738026.46,2763111.61,572127.14,1613088.99,577895.48,2825.2,2825.2,0,0,202803953.3,202803953.3,6972659578.69,9456199661.789999,AM,Amazonas,North,TRUE,TRUE,202504,2025-04-01,confaz_boletim_tributos_estaduais,planilha1,confaz_boletim_tributos_estaduais_20260330.xls,20260330,mapped
14,PR,202504,2025,4,761763155.52,121421481.44,7417511.21,0,890602148.17,16563164.25,10691733.42,110576.91,27365474.58,7196988.81,4793224.79,2362681.65,41082.37,42779858.43,0,10600399.98,0,31954563.61,224894.84,821794986.88,101136849.76,40643987.55,46918986.81,9781199.88,15651090.38,2480859.14,38904985.28,86476234.57,5061828.04,18231428.63,93246735.47,24920630.18,45596877.83,48293892.26,10214212.07,32781319.92,14958730.65,24103507.94,52866182.15,66514617.06,2928134.87,22391678.83,14722236.24,2968781.37,374426169.26,374426169.26,1866941.41,80541.55,115.08,1786284.78,0,5960762.15,667859.89,2074455.54,3218446.72,2847921523.89,314172150.56,2126127398.95,407621974.38,140040978.91,96948758.13,827100.85,2607992.17,20601779.59,19055348.17,25777970.49,24128235.18,1649735.31,89091960.81,1310777.36,5105.67,212961.72,86215937.03,1316596.61,30582.42,114324.59,50316.16,63602.25,406.18,124010.46,124010.46,1300956,1026.76,34274.2,312653.98,857349.42,75900.82,18269.66,1481.16,2629075.46,623823.94,112,15613.88,1807393.03,31785.85,150346.76,26315.93,26315.93,101892.99,101892.99,102723.8,102555.48,87.1,81.22,69951.56,2833.05,37430.11,0,29688.4,649887.82,262745.34,364629.15,22513.33,641.66,641.66,0,0,12719472.1,12719472.1,4374697393.410001,5265299541.580001,RR,Roraima,North,TRUE,TRUE,202504,2025-04-01,confaz_boletim_tributos_estaduais,planilha1,confaz_boletim_tributos_estaduais_20260330.xls,20260330,mapped
15,PB,202504,2025,4,76846133.74,4891999.33,2953565.03,7152259.04,91843957.14,6395964.04,3572370.47,0,9968334.51,1470533.06,1395448.17,4836.22,70248.67,4850270.94,1094575.88,131336.46,30142.04,3589397.2,4819.36,166584764.41,22366737.76,39991890.24,2969.75,4226755.95,1480710.44,1267379.99,426278.29,1605403.34,824801.25,31166344.56,4967646.29,548172.81,6246165.97,16495665.43,1061606.79,4668153.83,1079455.47,787302.31,3868435.53,18462885.29,1725253.23,2285216.49,991899.1,37634.3,60750224.01,60750224.01,53749.9,37982.71,0,15767.19,0,558754.71,126256.23,295290.63,137207.85,542541614.46,34568356.1,291169731.66,216803526.7,15975276.23,14896901.28,73308.4,50057.9,930281.77,24726.88,7497960.75,7440137.75,57823,19055156.45,141390.59,13.1,29062.16,18868582.69,14758.86,1349.05,41582.15,41463.4,0,118.75,5550.92,5550.92,22249.41,0,114.39,1488.13,0,10510.79,9083.18,1052.92,608662.92,49183.55,0,6644.09,520777.7,1937.61,30119.97,0,0,8659.54,8659.54,2897.33,2889.69,7.64,0,16383.71,606.98,0,0,15776.73,22490.66,141.81,10058.83,12290.02,1.29,1.29,0,0,0,0,820066782.8499999,911910739.9899999,PA,Para,North,TRUE,TRUE,202504,2025-04-01,confaz_boletim_tributos_estaduais,planilha1,confaz_boletim_tributos_estaduais_20260330.xls,20260330,mapped
16,PA,202504,2025,4,136184351,6043931,266816923,400090096,809135301,14092852,3254540,44862,17392254,2796175,2195155,545980,55040,135121022,0,0,131253435,1708411,2159176,499828327,43289978,103550801,146500,184003,522671,2214345,5936251,1413837,173112,162436521,21087498,973046,10639209,14492589,26264087,5073446,3197501,3853145,47146950,38481509,4187350,1313745,507379,2742854,244131198,244131198,1692359,35583,9372,1647404,0,4287858,722232,1866149,1699477,824558881,62053768,569340431,193164682,60370777,41086526,13610242,45473,5307734,320802,14519066,14100177,418889,35123712,24474,136192,21193,34777477,76230,88146,789522,758450,0,31072,674618,674618,2677811,2852,77617,524797,4057,31847,1954553,82088,4572801,1119662,87453,56787,2450441,106900,751558,306832,306832,34696,34696,270053,269337,69,647,233833,4173,0,0,229660,4702740,4120521,472896,109323,151,151,0,0,148469168,148469168,1985161600,2794296901,AP,Amapa,North,TRUE,TRUE,202504,2025-04-01,confaz_boletim_tributos_estaduais,planilha1,confaz_boletim_tributos_estaduais_20260330.xls,20260330,mapped
17,PE,202504,2025,4,160639141.49,17340951.79,7849367.81,27221972.17,213051433.26,13022878.99,5378956.35,1420248.31,19822083.65,1130152.33,944900.32,50138.78,135113.23,10089923.1,0,3935473.53,1035.11,6146985.17,6429.29,579726939.39,83360560.91,102916668.11,10641.71,4453001.44,6768630.89,1889536.75,2080890.37,10772682.37,1164293.28,132394616.03,47979479.46,9429950.07,25819436.73,25583069.82,9032294.79,12299976.29,5617833.44,10580142.12,7861882.75,63820607.56,6532707.72,4688913.02,2562318.32,2106805.44,194316694.4,194316694.4,1504453.35,119499.33,250961.07,1133992.95,0,115057.99,39799.43,12663.84,62594.72,1258441874.76,84395252.11,820084020.18,353962602.47,52176742.01,43526069.29,1089563.24,290422.22,7191843.82,78843.44,20440478.61,19088486.36,1351992.25,47785688.4,56164.53,247062.76,32633.48,47237773.94,169767.8,42285.89,827715.23,545436.83,0,282278.4,152743.49,152743.49,3372227.29,215.45,61442.59,37813.93,543144.03,134409.15,2531478.43,63723.71,5154457.9,1976502.87,29072.08,391392.42,2672870.29,57331.26,27288.98,37951.94,37951.94,196338.75,196338.75,242538.97,240529.85,1123.68,885.44,215662.74,25803.14,8344.79,0,181514.81,1498991.99,87349.98,1157805.23,253836.78,342.31,342.31,0,0,105613698.57,105613698.57,2283040673.519999,2496092106.779999,TO,Tocantins,North,TRUE,TRUE,202504,2025-04-01,confaz_boletim_tributos_estaduais,planilha1,confaz_boletim_tributos_estaduais_20260330.xls,20260330,mapped
18,PI,202504,2025,4,37765262.06,2663662.14,31511960.92,9261824.41,81202709.53,518740.67,194396.94,0,713137.61,4880249.65,4606160.76,238341.89,35747,1482359.96,0,0,35608.67,1446751.29,0,210578172.69,12577458,48178568.57,6419.56,11243.22,557645.16,252266.12,46976.04,85465.07,19956.88,104672848.8,9451151.89,417246.81,4303441.72,4561663.47,224178.32,856817.74,445398.84,760364.43,3721120.55,15841115.3,1790213.44,1064666.5,306782.16,425164.1,73757431.96,73757431.96,44138.74,0,4725.17,39413.57,0,2358844.75,1212193.22,852379.72,294271.81,285387002.52,21907501.17,148482853.77,114996647.58,8111165.35,6845987.32,18963.39,10211.5,1180186.11,55817.03,2909881.9,2698436.24,211445.66,14288662.08,2351.4,80161.43,9571.63,14012177.24,53843.27,130557.11,110613.55,102358.26,0,8255.29,1527.71,1527.71,1395334.15,0,6918.23,74369.31,0,97529.67,1183397.81,33119.13,1780990.49,771141.54,3499.13,55345.27,461334.33,23319.68,466350.54,0,0,49870.7,49870.7,34027.71,33053.95,973.76,0,345717.6,10723.59,0,0,334994.01,322747.26,17070.29,211893.66,93783.31,31.84,31.84,14954.6,14954.6,53113252.96,53113252.96,660966978.1700002,742169687.7000002,,,,,,202504,2025-04-01,confaz_boletim_tributos_estaduais,planilha1,confaz_boletim_tributos_estaduais_20260330.xls,20260330,unmapped
19,RJ,202504,2025,4,437735109.2,112464314.2,1035996.53,630183447.1,1181418867.03,74979126.42,11961445.39,3789238.23,90729810.04,854880.89,518106.59,240355.82,96418.48,774114752.14,0,686708626.5,2327403.07,4124554.41,80954168.16,1185261540.16,24579987.11,162387464.4,91582.66,3404891.51,12200467.97,1898583.39,394254.58,10117712.57,1129278.68,494903361.4,84482059.32,29631599.14,33921967.27,34417031.22,153839162.8,26739999.22,1081831.92,1641137.33,25145108.02,24207282.55,1182110.83,2599426.83,15861730.15,39403509.29,653294760.9,653294760.9,3072541.69,245344.57,3741.57,2818844.98,4610.57,5577331.67,373951.62,1718927.52,3484452.53,1103381843.94,23005886.04,682366975.6,398008982.3,297614783.32,204819320.9,16506943.2,5350198.63,70570752.2,367568.39,55050198.21,50177256.9,4872941.31,173105135.4,185627.46,363517.71,1469731.69,169015775.9,709810.47,1360672.17,1921306.97,1915086.24,89.9,6130.83,115789.96,115789.96,36895190.04,1861.25,1006882.7,28391362.61,5512394.73,295420.33,1538175.08,149093.34,13681733.82,5868253.85,233713.23,90955.55,2145761.11,267346.52,5075703.56,1240.53,1240.53,505107.04,505107.04,136549.09,104374.03,5292.8,26882.26,1102029.58,104234.37,33956.97,168.03,963670.21,1937609.56,206758.94,1490122.65,240727.97,422.37,422.37,0,0,906025806.6,906025806.6,5213650553.880001,6395069420.910001,,,,,,202504,2025-04-01,confaz_boletim_tributos_estaduais,planilha1,confaz_boletim_tributos_estaduais_20260330.xls,20260330,unmapped
20,RN,202504,2025,4,65686312.16,3067431.65,0,0,68753743.81,0,0,0,0,2721489.76,1287616.91,22085.29,1411787.56,29486203.14,0,12694645.76,32861.93,13775313.11,2983382.34,219935847.7,17997128.35,29562643.32,0,875174.99,2645343.56,58433.01,165682.82,490691.09,264865.83,128746091.4,3457309.81,488449.37,3859953.53,4497349.41,105690.65,1122302.01,632504.85,4189490.66,2620401.97,11938618.31,1015475.39,1657171.82,645234.41,2899841.14,119269984,119269984,398395.47,25750.79,2646.16,369998.52,0,2368373.02,547902.88,813462.82,1007007.32,330391115.85,29394114.65,169284440.2,131712561,8437130.2,5963431.45,1688751.35,18962.85,735830.19,30154.36,9285684.17,8424000.38,861683.79,18546273.8,20975.87,154629.25,16451.54,18262641.83,62871.17,28704.14,118354.72,112696.31,0,5658.41,26798.68,26798.68,2443904.54,1495.77,13280.77,655345.54,4511.71,42561.36,1679688.06,47021.33,3313390.76,1536404.65,33076.71,13742.05,353759.76,107140.91,1269266.68,6268.05,6268.05,58737.46,58737.46,180962.15,42320.74,2066.01,136575.4,143310.25,21452.74,4.15,0,121853.36,660156.91,74498.43,493359.68,92298.8,152.12,152.12,0,0,43972441.7,43972441.7,791764974.4499999,860518718.26,,,,,,202504,2025-04-01,confaz_boletim_tributos_estaduais,planilha1,confaz_boletim_tributos_estaduais_20260330.xls,20260330,unmapped
21,RS,202504,2025,4,1005902551,103087974.4,26092653.88,0,1135083179.28,999805193.1,15226326.82,1474330.12,1016505850.04,41759263.7,39531918.86,2061021.23,166323.61,18583539.67,878276.56,0,1383.51,17584207.42,119672.18,2702289443.52,487753588,305780807.3,1199972.24,22481508.83,16827226.79,59002574.07,16023522.25,55574639.06,6683021.76,853446737.8,232718120.2,6276615.97,126247601.3,58777442.23,36628921.4,89014836.92,18496334.34,19994994.46,98226424.12,102622296.8,2641538.98,45025288.23,27855173.81,12990256.66,352249660.8,352249660.8,5463003.31,129021.3,131.39,5333850.62,0,4073529.68,1417699.63,847631.55,1808198.5,1897430722.1,128991378.2,1003730846,764708497.9,115166610.74,108340955.2,2053310.27,245854.33,4318451.26,208039.68,61424242.02,60253595.35,1170646.67,124201181.54,729921.04,253110.85,335942.22,122151930,277245.7,453031.73,58212.91,57910.2,170.75,131.96,35303.41,35303.41,2132959.2,1101.25,1112594.8,817094.17,5990.65,53105.32,54522.56,88550.45,3147399.02,718599.89,669.46,365876.16,1193634.73,81510.8,787107.98,0,0,118727.88,118727.88,545332.28,544250.41,843.98,237.89,568400.07,188231.16,621.69,0,379547.22,1211018.61,274708.14,784095.34,152215.13,3154.1,3154.1,0,0,213154745.1,213154745.1,5543616449.66,6678699628.94,MA,Maranhao,Northeast,TRUE,TRUE,202504,2025-04-01,confaz_boletim_tributos_estaduais,planilha1,confaz_boletim_tributos_estaduais_20260330.xls,20260330,mapped
22,RO,202504,2025,4,60203425.02,2729967.55,360149.65,62051297.39,125344839.61,12408981.8,2817734.62,0,15226716.42,2246365.75,2159343.04,69279.45,17743.26,12293918.97,0,10027390.5,1268683.53,997844.94,0,123045966.38,26101217.29,31453027.38,0,110733.16,252879.52,3218355.47,573149.13,154658,124710.52,28950275.7,7990325.02,173511.17,1626428.27,6571645.38,1274030.76,1707757.05,355272.37,56850.37,440833.88,8999564.88,1122975.25,888624.15,525180.11,373961.55,51652451.97,51652451.97,191554.87,130266.99,2616.89,50514.02,8156.97,1186836.99,255784.58,151011.47,780040.94,340937152.02,39075503.22,158644664.5,143216984.3,5911105.06,2830915.46,2116808.56,16390.71,910375.57,36614.76,2599020.5,2472547.01,126473.49,11072129.57,7509.4,235306.22,92308.12,10693372.3,27883.97,15749.56,157421.63,40122.52,32471.39,84827.72,75753.47,75753.47,1045612.29,845.58,16711.8,242168.22,1646.93,125937.3,621142.32,37160.14,1740595.28,643750.16,1635.8,13627.68,662709,50060.25,368812.39,0,0,77542.15,77542.15,167678.57,167291.18,387.39,0,196332.58,42791.75,0,0,153540.83,805909.69,30422.99,433792.98,341693.72,0,0,0,0,63338763.24,63338763.24,618742110.9800001,744086950.5900002,PI,Piaui,Northeast,TRUE,TRUE,202504,2025-04-01,confaz_boletim_tributos_estaduais,planilha1,confaz_boletim_tributos_estaduais_20260330.xls,20260330,mapped
23,RR,202504,2025,4,10867195.62,407702.92,55349.85,82659977.69,93990226.08,242442.3,0,0,242442.3,466021.41,441158.74,7130.7,17731.97,618942.7,0,0,0,618584.21,358.49,47924346.74,1055866.03,9658707.38,3709.8,3925.72,29908.34,252.34,289773.91,15139.61,31827.68,25947978.31,834575.49,30888.84,321293.87,1557309.15,905.68,30301.16,112980.36,33247.88,2406212.77,5351980.07,129555.03,15924.14,37324.37,24758.81,20329461.81,20329461.81,11378.95,0,0,11378.95,0,721625.05,198357.62,284762.58,238504.85,78410213.49,5191023.95,41144894.75,32074294.79,842975.14,724164.91,0,34985.64,58441.03,25383.56,739137.96,721060.13,18077.83,3656747.34,1635.38,6811.92,0,3636910.83,9534.27,1854.94,517.48,517.48,0,0,2.31,2.31,145142.69,0,5436.75,11282.88,0,1648.33,115740.22,11034.51,293683.54,151251.6,17292.31,1058.67,10593.33,28805.2,84682.43,0,0,926.33,926.33,10670.57,10665.79,4.78,0,14989.37,3188.21,0,0,11801.16,85330.07,7661.81,38438.7,39229.56,0,0,0,0,12719133,12719133,166991245.94999996,260981472.02999997,CE,Ceara,Northeast,TRUE,TRUE,202504,2025-04-01,confaz_boletim_tributos_estaduais,planilha1,confaz_boletim_tributos_estaduais_20260330.xls,20260330,mapped
24,SC,202504,2025,4,441729628.4,104095001.6,113900978.9,70907.78,659796516.68,65984613.7,2782001.81,1927352.03,70693967.54,10266445.84,5218416.79,4467939.25,580089.8,10122483.47,1901.68,136.49,42273.71,7608469.41,2469702.18,1501357723.53,99444211.81,207294697.9,32558870.53,56846574.74,72731629.01,3720688.57,18929957.45,38452068.41,4000716.1,436938024.2,57914273.51,3762570.78,78468871.97,51333071.76,23130358.32,46339821.2,8743348.68,53595018.49,70423903.17,93410584.78,9941415.24,15339120.75,11507795.11,6530131.05,292286670.1,292286670.1,3078268.11,29274.12,1014.62,3038395.14,9584.23,8619425.94,1307232.89,1770673.77,5541519.28,1596673749,149202737.7,848779554.5,598691456.8,159773616.34,124990615.5,615844.82,378087.98,33588287.09,200780.95,45583300.97,43665134.72,1918166.25,84635787.99,2561447.7,373658.36,110268.18,77003833.78,3770024.43,816555.54,2152187.51,2122921.62,0,29265.89,714632.61,714632.61,19589100.92,507.14,8872927.78,2095819.08,42172.18,620093.39,7615178.01,342403.34,7337385.88,2895544.7,9031.44,119963.74,1495901.23,219265.7,2597679.07,9516847.88,9516847.88,364195.09,364195.09,736578.16,100468.83,1868.54,634240.79,1213154.4,108224.32,244372.36,0,860557.72,2389702.16,145726.87,1486300.03,757675.26,1955.04,1955.04,0,0,59741826.87,59741826.87,3816155037.81,4475951554.49,RN,Rio Grande do Norte,Northeast,TRUE,TRUE,202504,2025-04-01,confaz_boletim_tributos_estaduais,planilha1,confaz_boletim_tributos_estaduais_20260330.xls,20260330,mapped
25,SP,202504,2025,4,3036862844.83,410819830.96,865838977.19,0,4313521652.98,131150184.47,160393239.71,20618362.72,312161786.9,65615686.63,63683210.35,1919638.69,12837.59,52484453.44,1624.68,14096514.27,339316.22,35564799.83,2482198.44,9142722318.88,826857215.11,485356688,7836539.76,88111208.31,54128322.64,11405239.13,17051766.43,284599260.2,26040711.48,2076803931.3,1395712886.87,336688014.98,537116969.96,252775567.57,248216737.07,295126021.56,246253512.1,293358985.75,409521438.68,1010675640.86,35837806.68,36326321.65,116242781.3,50678751.49,1147683830.06,1147683830.06,20825572.37,5126197.26,70980.22,14828151.42,800243.47,27335175.03,3700199.21,6102189.51,17532786.31,6653083678.99,480763192.05,4547135913.84,1625184573.1,681789665.08,501213263.58,4009987.08,13435889.33,160725979.23,2404545.86,155818029.07,147064649.25,8753379.82,673858646.79,7899368.53,1353522.08,604344.77,599877571.2,21007118.23,43116721.98,9086180.31,7935079.61,152327.36,998773.34,1064076.12,1064076.12,80001456.73,1843.3,4463667,11564509.25,21084595.52,2609943.43,40102470.86,174427.37,80856233.3,20009809.61,536527.21,164615.05,6779623.8,1469681.56,51895976.07,213735.12,213735.12,1425413.07,1425413.07,3710745.78,3004875.16,13359.23,692511.39,9536263.01,791228.83,373209.95,0,8371824.23,18874429.42,2529080.01,14798516.11,1546833.3,0,0,0,0,855633142.56,855633142.56,19681618731.759995,23995140384.739994,PB,Paraiba,Northeast,TRUE,TRUE,202504,2025-04-01,confaz_boletim_tributos_estaduais,planilha1,confaz_boletim_tributos_estaduais_20260330.xls,20260330,mapped
26,SE,202504,2025,4,49063152.04,3068443.37,1665635.37,5646673.32,59443904.1,4642371.66,310522.66,44736.22,4997630.54,465452.36,338867.66,87315.36,39269.34,8071398.71,0,2491730.53,0,5579668.18,0,160593633.86,14293575.15,28856976.21,27005.12,1335419.27,489529.91,1020636.38,315810.63,276223.75,0,51257288.91,32960847.78,557489.82,2523494.62,9963229.5,482838.63,2053018.64,1147462.53,187934.64,665918.81,9979512.62,990654.81,794126.73,414639.4,0,50089019.53,50089019.53,109869.76,88233.13,0,21636.63,0,0,0,0,0,230513820.8,24797406.79,100652790.66,105063623.35,8892035.62,8081874.43,7491.96,42926.87,759742.36,0,6013204.27,6013204.27,0,12829074.39,0,0,6691.49,12822382.9,0,0,0,0,0,0,0,0,0,0,0,0,0,0,0,0,324006.95,0,0,0,324006.95,0,0,0,0,0,0,0,0,0,0,0,0,0,0,0,0,0,0,0,0,0,0,0,26050876.91,26050876.91,503952393.15999997,563396297.26,PE,Pernambuco,Northeast,TRUE,TRUE,202504,2025-04-01,confaz_boletim_tributos_estaduais,planilha1,confaz_boletim_tributos_estaduais_20260330.xls,20260330,mapped
27,TO,202504,2025,4,23881354.39,8732146.12,8158292.9,341706.82,41113500.23,6635928.36,8686068.7,492937.38,15814934.44,7983797.86,6477176.07,1497067.41,9554.38,1769587.81,0,0,368221.77,1401366.04,0,226611297.54,18134295.77,31824253.54,0,24905.8,240428.47,686907.72,717608.02,96197.7,46969.18,145152397.61,5613316.03,88669.62,1989932.45,5756802.28,87952.66,2249175.77,626916.37,38601.75,406182.69,10582365.29,727265.26,287879.38,910116.18,322158,39391974.91,39391974.91,344870.31,315414.29,0,29456.02,0,266694.47,50994.2,89949.45,125750.82,183474378.31,24301795.36,108214340.09,50958242.86,6758840.85,5827103.87,17048.72,17459,883496.18,13733.08,2282412.22,2166400.85,116011.37,9914459.44,17463.83,0,8971.18,9886387.55,288.65,1348.23,13028.76,13028.76,0,0,81291.88,81291.88,1151335.57,12.57,278.42,57074.37,465473.25,7871.95,607459.43,13165.58,403491.84,193563.92,0,1298.89,184875.43,3941.36,19812.24,0,0,2822.57,2822.57,41774.48,41774.48,0,0,5400.58,0,0,0,5400.58,100614.92,833.29,92953.84,6827.79,0,0,0,0,37338647.32,37338647.32,517936721.64000005,559050221.87,AL,Alagoas,Northeast,TRUE,TRUE,202504,2025-04-01,confaz_boletim_tributos_estaduais,planilha1,confaz_boletim_tributos_estaduais_20260330.xls,20260330,mapped
1,AC,202505,2025,5,15444552.15,715639.04,6343917.78,0,22504108.97,2699704.46,53537.08,157.82,2753399.36,5241308.29,5235652.79,1229,4426.5,76319.21,0,0,0,76319.21,0,32350863.71,5585948.13,8553532.98,231.11,4468.61,188786.29,174048.17,173633.47,6681.79,75799.36,7138305.28,731418.79,81170.58,837165.95,2052960.5,6519.16,187729.19,201746.07,119041.65,61281.86,5162660.74,560995.78,332171.17,70649.53,43917.55,14991117.6,14991117.6,65034.83,59448.85,0,5585.98,0,864370.08,241440.57,414939.87,207989.64,100163573.73,4664863.54,58505054.4,36993655.79,944697.6,358115.06,19224.54,31272.04,528873.97,7211.99,935069.09,898413.58,36655.51,5304767.25,11556.89,43516.94,7858.5,5186415.66,24719.6,30699.66,16986,16898.96,0,87.04,1156.68,1156.68,344672.07,43.65,37952.27,59421.29,0,4920.63,184906.94,57427.29,422289.88,29337.28,1998.2,736.2,168256.1,27360.26,194601.84,0,0,42455.69,42455.69,20307.09,20299.87,7.22,0,27542.94,5438.26,0,0,22104.68,241403.08,11498.42,142706.4,87198.26,17.03,17.03,0,0,16099623.91,16099623.91,178153575.76,200657684.73,,,,,,202505,2025-05-01,confaz_boletim_tributos_estaduais,planilha1,confaz_boletim_tributos_estaduais_20260330.xls,20260330,unmapped
2,AL,202505,2025,5,81912511.38,4777379.05,864683.97,18162892.91,105717467.31,3898290.65,128473.1,50129.59,4076893.34,1505134.6,1363688.81,73806.52,67639.27,8857268.81,0,2578692.26,741306.99,3956863.38,1580406.18,188333863.16,19626616.85,47808522.83,184853.52,220485.35,903668.52,114192.08,586813.9,906367.05,297363.61,53292249.99,16474824.51,736755.54,10953572.34,6530900.83,1253591.59,2695042.36,1222685.45,1350966.84,2688388.73,16110914.67,1929774.96,1427312.47,640623.94,377375.23,79362598.68,79362598.68,1334755.81,667324.48,6577.35,658786.04,2067.94,2228459.11,156686.75,1564565.64,507206.72,383935482.84,25936933.79,229366229.82,128632319.23,17243462.07,12746848.3,1331319.75,65493.95,2845752.5,254047.57,10175164.12,7754838.84,2420325.28,13693764.22,37532.02,71489.66,9249.06,13319832.23,215459.96,40201.29,327159.88,288760.33,23990.01,14409.54,112828.91,112828.91,1889527.04,7322.72,24050.23,252035.89,5313.16,126113.77,1437990.16,36701.11,1314814.39,368543.21,4667.02,62611.88,329738.45,26684.88,522568.95,7048.16,7048.16,100977.71,100977.71,252547.52,252033.1,59.51,454.91,76032.99,24140.83,0,0,51892.16,661135.95,33227.25,518263.95,109644.75,180.96,180.96,0,0,518955.16,518955.16,711931162.09,817648629.4000001,,,,,,202505,2025-05-01,confaz_boletim_tributos_estaduais,planilha1,confaz_boletim_tributos_estaduais_20260330.xls,20260330,unmapped
3,AP,202505,2025,5,9771647.31,255179.99,5451890.03,63753616.31,79232333.64,1783189.93,0,0,1783189.93,32620.66,27418.33,4429.03,773.3,288285.22,0,0,31112.75,257172.47,0,23138236.48,1942272,8645146.66,0,414.71,56753.64,1188.78,205640.13,500059.85,11138.67,2375778.31,665177.63,84585.57,1153809.24,1525316.02,53495.28,345417.16,538362.92,1198724.1,91056.98,3358412.59,231163.03,51690.49,95621.26,7011.46,12735213.91,12735213.91,264944.85,238949.59,0,25995.26,0,356601.29,264889.58,63849.35,27862.36,86639892.78,3525156.54,64974706.47,18140029.77,1002152.77,486004.06,395721.45,10528.01,108177.66,1721.59,201377.92,196334.09,5043.83,5980147.95,102.08,59446.4,9243.16,5902700.98,8124.11,531.22,2124.92,2124.92,0,0,1598.83,1598.83,126470.27,387.7,135.18,40543.61,0,1792.96,83366.49,244.33,143903.76,2827.25,0,21.64,107566.87,976.71,32511.29,0,0,2527.03,2527.03,33871.12,33177.35,693.77,0,8176.67,10.11,0,0,8166.56,93702.42,19915.6,37419.72,36367.1,0,0,0,0,18180295.83,18180295.83,149232144.68,228464478.32,,,,,,202505,2025-05-01,confaz_boletim_tributos_estaduais,planilha1,confaz_boletim_tributos_estaduais_20260330.xls,20260330,unmapped
4,AM,202505,2025,5,99630065.81,2258212.56,27676317.93,121821381.19,251385977.49,9596641.73,5098114.34,12196.66,14706952.73,222212.63,210809.37,8633.01,2770.25,48154889.32,0,45244249.53,2626648.33,283991.46,0,686067334.65,12577605.76,51895040.09,0,1002284.68,417789.03,60912.47,163444.59,4071763.66,247137.23,30399045.88,15305535.57,2946694.04,27449894.44,3839461.05,6473838.61,18258027.79,299752518.57,13541284.93,17321003.98,28411633.53,147167082.47,1008848.95,3507121.96,249365.37,67454223.52,67454223.52,2440254.76,1773202.99,843.62,666208.15,0,282499.45,0,44127.54,238371.91,442208188.31,26472254.09,240450298.17,175285636.05,77816372.13,59319653.33,11646857.13,156576.23,6644726.38,48559.06,7999003.05,7999003.05,0,27162126.19,55993.39,3819.38,50726.38,26777999.66,272492.59,1094.79,0,0,0,0,0,0,56.31,0,0,0,0,2.54,4.97,48.8,1135756.63,0,0,1281.82,1134437.71,0,37.1,0,0,0,0,1127.63,1126.63,1,0,41752.17,14.93,41597.03,0,140.21,169535.98,1347.39,166236.9,1951.69,0,0,0,0,102861661.83,102861661.83,1464016994.5600002,1715402972.0500002,,,,,,202505,2025-05-01,confaz_boletim_tributos_estaduais,planilha1,confaz_boletim_tributos_estaduais_20260330.xls,20260330,unmapped
5,BA,202505,2025,5,166031194.7,34523838.29,115606664.2,0,316161697.19,0,0,0,0,9824621.73,7826390.64,1316107.08,682124.01,42536670.24,0,23688055.4,6144056.86,8913956.46,3790601.52,1459227028.94,107385890.9,236113300.8,103481.57,6731446.49,3778200.7,5525232.27,1242617.42,17755999.26,403494.18,597006706.9,192893898.8,3899413.98,65514029.62,49970305.3,18696191.6,16361458.08,5342152.33,9018962.58,10733907.35,88602499.66,5622781.31,5905788.53,2613229.31,8006040,265256416.4,265256416.4,4577325.25,3076824.92,2199.69,1497537.33,763.31,2503443.88,31375.47,1464646.23,1007422.18,1292464216.11,82702513.21,695286856.2,514474846.7,43931195.36,30190270.04,1668018.69,187551.5,11529228.81,356126.32,34310819.42,29707378.87,4603440.55,70823721.57,190094.84,198195.58,180228.86,68606242.66,1294877.36,354082.27,432976.74,430217.92,0,2758.82,198801.83,198801.83,10474041.19,4035.38,177948.21,913763.48,11038.53,550144.51,8570149.41,246961.67,7243676.95,2267511.99,8393.35,109420.12,2360177.13,329650.74,2168523.62,87561.88,87561.88,341072.81,341072.81,170089.6,169379.06,499.16,211.38,362911.35,125157.91,1163.88,0,236589.56,1725587.92,325369.93,1005551.37,394666.62,660.13,660.13,0,0,0,0,3246492839.3,3562654536.4900002,,,,,,202505,2025-05-01,confaz_boletim_tributos_estaduais,planilha1,confaz_boletim_tributos_estaduais_20260330.xls,20260330,unmapped
6,CE,202505,2025,5,250440056.35,27609778.79,1423933.99,207341.06,279681110.19,7225500.07,6275166.63,298177.37,13798844.07,2797228.52,1359822.54,28191.68,1409214.3,7298181.96,0,2198392.4,1615.96,5098173.6,0,545718701.05,59164337.75,79694736.38,90560.24,8886061.58,16710894.28,17922027.03,949077.66,6869391.35,1115406.7,216352553.39,19174016.53,4290517.05,12980345.9,26784821.72,6314633.56,8973734.49,2857885.52,7347491.95,5075015.61,31730897.72,4602895.05,4780931.43,2975079.35,75388.81,157204701,157204701,948774.5,165973.39,55140.07,727661.04,0,2578781.76,1394820.48,606932.41,577028.87,824881002.98,61305029.79,550421297.52,213154675.67,32287744.96,23839911.04,1749213.16,242891.83,6164590.56,291138.37,18057601.59,16726163.66,1331437.93,43408823.07,389813.53,28.73,44837.06,42971231.26,674.09,2238.4,682549.64,155585.42,526964.22,0,84702.03,84702.03,190366.47,91.73,1078.3,163441.75,0,2142.29,19691.18,3921.22,2346768.84,652463.27,18359.02,2912.04,1527209.1,17980.47,127844.94,2533399.27,2533399.27,81728.83,81728.83,398339.04,388824.52,116.34,9398.18,37279.07,13207.3,0,0,24071.77,66917.36,11063.91,16657.4,39196.05,0,0,0,0,52211549.8,52211549.8,1693815141.7399995,1973496251.9299996,,,,,,202505,2025-05-01,confaz_boletim_tributos_estaduais,planilha1,confaz_boletim_tributos_estaduais_20260330.xls,20260330,unmapped
7,DF,202505,2025,5,164916436.5,25160087.41,11758049.4,4573363.78,206407937.09,10384599.97,8154067.61,948538.96,19487206.54,1677378.08,1619181.32,55774.86,2421.9,129387.64,0,0,0,129387.64,0,187539177.16,16107245.21,44800359.82,202558.79,437180.88,795396.47,37890.96,362046.94,174288.61,77571.21,33834967.58,3463685.19,5764699.76,4424015.27,14529175.26,390395.04,5277047.38,1647624.01,2875928.27,1595898.56,47313255.21,1045128.08,982149.02,1400577.01,92.63,82616971.39,82616971.39,650865.55,1700.52,17233.38,631931.65,0,1170.06,366.76,637.91,165.39,535028810.26,42726450.76,363167578.5,129134781,11024518.93,8350107.78,163.77,284127.92,2303210.8,86908.66,15509084.37,15484724.39,24359.98,48133501.5,9386.76,1840.82,82896.84,48039376.08,0,1,0,0,0,0,0,0,1757.1,0,0,0,0,1757.1,0,0,396199.81,0,0,0,342969.4,0,53230.41,0,0,212.12,212.12,0,0,0,0,0,0,0,0,0,2552.41,0,2552.41,0,0,0,0,0,102321617.1,102321617.1,985033203.4799999,1191441140.57,,,,,,202505,2025-05-01,confaz_boletim_tributos_estaduais,planilha1,confaz_boletim_tributos_estaduais_20260330.xls,20260330,unmapped
8,ES,202505,2025,5,122637107.21,10830231.58,71188516.25,12267991.4,216923846.44,9130588.28,30263.59,48001.33,9208853.2,3305935.2,3067599.08,231526.51,6809.61,239713990.17,0,231667301.27,1760998.62,6249912.65,35777.63,291022748.44,38610069.39,51101791.48,0,720791.98,2577614.39,131679.76,1366686.22,2253226.61,286748.82,65663188.38,16779458.47,3278531.32,9276695.25,25082919.92,29446805.69,12412246.37,1088966.85,1739899.67,3932606.74,16048990.11,2144240,2999187.22,1764194.75,2316209.05,120432529.66,120432529.66,942470.22,94088.09,0,848382.13,0,3367816.74,380344.89,897043.62,2090428.23,924554531.53,70541670.7,633300532.7,220712328.13,100752429.92,59326050.48,4984999.01,11925.43,36207329.57,222125.43,15763701.51,15295927.87,467773.64,32168577.7,38821.79,67391.64,23546.69,31299828.83,144580.7,594408.05,1192952.08,1192952.08,0,0,178707.68,178707.68,3479421.98,0,114603.03,751507.02,6597.1,57986.96,2504205.61,44522.26,2707395.93,1294837.48,67985.84,11025.58,549620.18,55335.61,728591.24,0,0,97025.5,97025.5,68994.37,68362.51,631.86,0,85305.49,10662.15,0,0,74643.34,707075.52,66524.6,338449.46,302101.46,416.23,416.23,0,0,136941090.87,136941090.87,1877483116.7400002,2094406963.1800003,,,,,,202505,2025-05-01,confaz_boletim_tributos_estaduais,planilha1,confaz_boletim_tributos_estaduais_20260330.xls,20260330,unmapped
9,GO,202505,2025,5,173413253.73,62997514.04,154296379.83,338819235.98,729526383.58,25518944.08,12556740.94,588931.28,38664616.3,34579371.27,32697719.68,1835643.9,46007.69,13287240.78,0,44650.1,5690244.49,7445996.49,106349.7,774787178.16,159583760.91,115437719.52,375065.78,1248342.32,5437961.76,2367147.05,1221254.94,5959338.32,1051666.15,275751467.14,43435754.5,18113330.26,24008957.37,20159865.66,1994118.39,15318492.3,1531584.42,1539877.85,14852655.96,52866714.45,2404991.25,4476507.87,3266407.55,2384196.44,160951717.04,160951717.04,3821689.19,1887512.45,68911.08,1865171.4,94.26,2444146.96,327414.84,375943.23,1740788.89,1240595418.65,118992343.72,771030460.17,350572614.76,61663810.19,57009746.24,5857.72,212165.91,3978779.69,457260.63,17838664.43,16171084.39,1667580.04,53665111.02,83862.85,142612.35,85201.55,53020812.77,196151.62,136469.88,156723.02,151206.52,5403.72,112.78,239004.91,239004.91,1607126.38,5935.52,132219.42,804181.82,56439.5,293117.65,188649.64,126582.83,8753193.43,2090768.77,18132.16,44726.03,1076723.62,57505.4,5465337.45,3178.77,3178.77,159391.19,159391.19,64229.54,59816.07,3089.85,1323.62,436242.99,43636.7,12260.98,0,380345.31,1036060.65,278963.74,525185.47,231911.44,1553.37,1553.37,0,0,83741933.48,83741933.48,2459832985.4199996,3189359368.9999995,,,,,,202505,2025-05-01,confaz_boletim_tributos_estaduais,planilha1,confaz_boletim_tributos_estaduais_20260330.xls,20260330,unmapped
10,MA,202505,2025,5,122793144,7434552.36,36495526.83,54690162.79,221413385.98,8878234.21,11151555.38,0,20029789.59,7032124.91,6350474.18,573213.19,108437.54,19804513.21,0,2657864.48,14591111.42,2431949.51,123587.8,248388875.18,11141302.74,93761154.13,7477.32,1706293.07,638954.63,394697.81,233339.23,1838241.37,202931.41,12853992.06,39498488.51,597873.28,5242873.44,13660502.87,23684392.95,1585482.85,1301499.92,449582.65,3432976.05,29080697.85,3232577.82,1649693.93,1635383.45,558465.84,124860442.3,124860442.3,268466.45,103202.2,8680.27,156583.98,0,3714431.13,1510260.45,1426873.5,777297.18,534044318.71,50077551.01,281188864.9,202777902.8,17288849.33,12514191.98,2321163.81,33393.12,2402430.22,17670.2,5731653.35,5418432.27,313221.08,32008745.56,18557.57,59080.02,37773.55,31678319.7,162766.55,52248.17,674766.29,673657.6,0,1108.69,70647.45,70647.45,10189594.34,4369.22,56100.79,289216.7,2480.7,47865.01,9710208.93,79352.99,4174871.2,1300539.92,28846.7,15985.32,795561.58,76828.9,1957108.78,100001910,100001910,59749.76,59749.76,122844.28,120840.64,958.84,1044.8,217059.43,8334.44,0,0,208724.99,585382.13,52714.55,370989.8,161677.78,78.62,78.62,0,0,44146483.77,44146483.77,1153385807.4,1374799193.38,,,,,,202505,2025-05-01,confaz_boletim_tributos_estaduais,planilha1,confaz_boletim_tributos_estaduais_20260330.xls,20260330,unmapped
11,MT,202505,2025,5,329152528.6,21832070.3,86938407.91,191606710.6,629529717.41,10028854.38,21530854.95,854455.4,32414164.73,50500098.56,50046641.61,356730.18,96726.77,7701551.88,0,1463.15,3915600.55,3775929.44,8558.74,813762954.89,127050192.7,107346343.1,50396.52,1682574.71,1201680.13,1535942.56,4490420.88,1618733.52,197432.26,408182715.5,32217611.22,394179.01,19605507.45,33242588.97,4769576.03,7195309.9,2833164.06,9299535.15,9477654.41,35326700.29,2205720.96,1883598.05,1325838.62,629538.89,118624490,118624490,594114.1,34678.11,153.89,557118.13,2163.97,1849813.31,662014.93,622702.1,565096.28,883666517.8,106231592,446467768.8,330967157,59596417.07,50255546.68,72729.95,129972.18,8769097.96,369070.3,8110449.91,7639216.24,471233.67,20319956.4,16218.41,113722.57,98050,19827094.94,78622.63,186247.85,2199045.4,2182533.77,1839.08,14672.55,80673.75,80673.75,2350193.81,9049.61,137115.25,254190.61,309790.71,140770.97,1454779.31,44497.35,2588809.27,1086951.13,980.13,92420.57,936637.11,53370.67,418449.66,4404601.5,4404601.5,209016.34,209016.34,317817.98,316064.14,660.13,1093.71,96602.27,3579.91,0,0,93022.36,737725.72,229101.94,278635.12,229988.66,3146.46,3146.46,0,0,0,0,1977713996.42,2607243713.83,RO,Rondonia,North,TRUE,TRUE,202505,2025-05-01,confaz_boletim_tributos_estaduais,planilha1,confaz_boletim_tributos_estaduais_20260330.xls,20260330,mapped
12,MS,202505,2025,5,77961718.87,34332360,3948335.19,99661359.99,215903774.05,5307232.57,2952393.77,0,8259626.34,26784944.22,22834443.93,3825761.61,124738.68,6239150.13,0,0,2700071.86,3095703.11,443375.16,600118255.83,96348814.03,70878159.64,3239040.64,3875517.59,3664192.46,2187420.89,1955797.8,17032122.66,287776.89,326041009.78,9080255.02,2458724.78,7961595.19,8758134.78,4366537.13,7321353.19,580093.46,4172849.39,942779.05,23319488.96,1065173.23,636391.22,1516381.01,2428647.04,170168206.2,170168206.2,1854226.68,293565.6,613360.11,941798.03,5502.94,1523596.25,318336.58,681175.99,524083.68,420211197.37,56791412.2,228362684.96,135057100.21,53203630.38,47615088.52,98761.69,5655.17,5232910.45,251214.55,5431800.72,4947370.95,484429.77,20270893.44,60958.63,37646.1,16765.84,20068361.12,76560.22,10601.53,567436.71,274637.78,0,292798.93,99718.2,99718.2,1575534.92,19135.97,4747.03,226135.27,23919.37,138795.41,1093213.07,69588.8,3375317.98,531222.47,3112.17,73291.32,349646.07,59005.82,2359040.13,0,0,44975.46,44975.46,44404.26,43929.33,142.84,332.09,107622.72,32722.2,145.15,0,74755.37,581499.19,187395.62,288694.17,105409.4,11.68,11.68,0,0,35984967.3,35984967.3,1348187389.6400006,1564091163.6900005,AC,Acre,North,TRUE,TRUE,202505,2025-05-01,confaz_boletim_tributos_estaduais,planilha1,confaz_boletim_tributos_estaduais_20260330.xls,20260330,mapped
13,MG,202505,2025,5,582133778.5,161378980.7,213678989.5,1132447169,2089638917.7,120726416.4,19819780.1,3316991.66,143863188.16,25899532.83,13086481.11,12590814.7,222237.02,157204521.33,0,6345736.36,136631828.7,11969070.94,2257885.33,3236855054.69,313868786.6,221021184.9,94589159.96,11339850.82,26473183.21,13428801.13,9162074.44,32834174.99,4050284.62,1358598243,153210111.3,35210301.88,71802991.47,160136889.8,162491169.1,108490800.1,28846814.85,55362733.85,96532147.84,203324840.4,14226145.58,26876799.22,21092362.29,13885203.34,519703380.3,519703380.3,5973403.77,53857.47,67736.72,5851809.58,0,8411382.63,1149924.97,2859628.03,4401829.63,2316920742.2,156925643.1,1514955674,645039425.1,160776263.86,111911849.6,86699.27,68967.4,48550307.98,158439.61,59660852.95,57439430.58,2221422.37,181965955.97,469992.46,313797.38,479318.02,178598717.7,1481220.43,622909.98,7096432.99,5645452.54,0,1450980.45,180881.13,180881.13,20241363.95,7872.26,424244.02,1617819.58,242316.02,696275.63,16658639.95,594196.49,15100841.67,5555491.92,254766.1,122995.75,4398784.66,171312.45,4597490.79,22626.64,22626.64,905055.75,905055.75,519603.58,496923.14,14292.04,8388.4,1015559.25,289112.46,63132.3,2742.04,660572.45,2668781.1,506651.12,1613320.11,548809.87,3154.41,3154.41,0,0,203290584.1,203290584.1,6924415975.1,9014054892.800001,AM,Amazonas,North,TRUE,TRUE,202505,2025-05-01,confaz_boletim_tributos_estaduais,planilha1,confaz_boletim_tributos_estaduais_20260330.xls,20260330,mapped
14,PR,202505,2025,5,719522953.86,115321557.09,7016512.43,0,841861023.38,13662828.68,9690106.94,164988.99,23517924.61,6352795.29,3632665.48,2649895.43,70234.38,40947486.22,0,9152741.76,0,31571502.1,223242.36,770242597.18,100219119.73,24578492.49,48387500.99,9190917.19,17708583.64,2646954.7,38007271,76525650.89,5951157.9,18057859.83,83710929.82,18033575.61,48484728.78,40432497.74,9157902.71,31352334.15,12873538.26,26689210.51,46998929.24,66044953.61,1596936.17,23697917.82,17653711.37,2241923.03,312446802.71,312446802.71,1972410.52,269087.3,7.37,1673129.4,30186.45,5609339.07,483062.79,2110622.4,3015653.88,2264976379.35,264262503.17,1591696884.57,409016991.61,138037540.86,103582868.65,1162521.39,2109724.47,24186455.23,6995971.12,24311856.05,22763384.09,1548471.96,90210954.1,1940167.07,10051.79,499874.01,85779236.31,1909008.04,72616.88,43251.05,36154.76,7000.54,95.75,189769.47,189769.47,1588395.13,9181.51,67199.52,353224.8,873168.5,242031.42,35915.8,7673.58,2653160.28,204305.57,6182.94,8246.84,2218853.48,32063.56,183507.89,7120,7120,468527.48,468527.48,63246.57,62700.57,90.98,455.02,11030.87,1271.56,77.79,0,9681.52,575194.59,152801.14,398642.9,23750.55,594.6,594.6,0,0,12629923.6,12629923.6,3673338374.9900002,4515199398.37,RR,Roraima,North,TRUE,TRUE,202505,2025-05-01,confaz_boletim_tributos_estaduais,planilha1,confaz_boletim_tributos_estaduais_20260330.xls,20260330,mapped
15,PB,202505,2025,5,74413738.22,6029459.14,3028870.22,5505394.48,88977462.06,5195518.27,3298599.64,0,8494117.91,1471007.65,1390477.72,7566.61,72963.32,5620421.03,2252501.34,0,22671.42,3344446.1,802.17,210957279.71,24151461.44,31576460.65,964.44,3626707.29,1503615.81,1436951.86,456714.67,1477275.26,457273.26,85590229.57,4782382.11,483198.06,6357967.67,15382170.62,1104607.32,4540747.94,1103261.49,891509.43,1608656.76,19129841.76,2076209.91,2281920.12,890490.76,46661.51,59732226.46,59732226.46,71719.09,47147.1,0,24571.99,0,250853.7,46820.85,137152.71,66880.14,486597506.9,29124666.33,255541577.31,201931263.26,14997121.47,14156265.38,70422.73,82826.02,667994.53,19612.81,7229429.58,7150549.22,78880.36,19497379.94,52960.31,62.47,30918.4,19376626.5,34124.15,2688.11,40254.25,40143.23,0,111.02,1293.3,1293.3,37486.65,7.92,360.74,6.53,0.95,11070.58,25222.4,817.53,629442.97,28810.53,0,10023.87,562602.49,442.18,27563.9,380.96,380.96,7019.37,7019.37,4599.87,3675.21,5.82,918.84,1181.99,86.13,0,0,1095.86,27883.51,0,5840.7,22042.81,1.29,1.29,0,0,0,0,807174489.69,896151951.75,PA,Para,North,TRUE,TRUE,202505,2025-05-01,confaz_boletim_tributos_estaduais,planilha1,confaz_boletim_tributos_estaduais_20260330.xls,20260330,mapped
16,PA,202505,2025,5,292366751,9075055,286761444,383580416,971783666,20175619,3028794,46530,23250943,2723157,2170497,445956,106704,105768696,0,0,101419174,2905798,1443724,590278257,48776874,109908095,254010,437684,490652,2243304,6106141,1837901,135141,230891771,16938108,939162,10263037,17825251,29197542,2876780,1973059,4662249,47214785,46702179,4663713,1714234,574381,3652204,220436807,220436807,1407006,202852,3311,1200843,0,4048424,573660,1667690,1807074,680075769,62591165,409119145,208365459,66054376,44385933,16641898,79486,4629304,317755,13305667,12812624,493043,38305830,8023,134033,21306,37984223,112718,45527,885985,884521,0,1464,141090,141090,3032087,7758,150671,679217,6,31997,2059392,103046,5085072,1361472,76220,58519,2345752,282600,960509,139034,139034,56037,56037,233690,233568,58,64,202870,4576,0,0,198294,7162036,6583283,425321,153432,199,199,0,0,142071043,142071043,1881413132,2853196798,AP,Amapa,North,TRUE,TRUE,202505,2025-05-01,confaz_boletim_tributos_estaduais,planilha1,confaz_boletim_tributos_estaduais_20260330.xls,20260330,mapped
17,PE,202505,2025,5,144729891.04,10672738.95,7833012.14,29999964.31,193235606.44,10326327.6,5215364.79,1295571.11,16837263.5,1571040.24,1365086.45,59883.74,146070.05,5834253.29,0,119013.18,318.34,5711748.91,3172.86,543878117.97,80547189.91,97840386.29,9925.04,4607402.99,7378310.67,12004464.48,2428921.87,9568648.79,1384508.11,60279256.28,52064987.95,9212918.76,25984537.47,26911438.12,9294377.85,11280676.7,4199762.38,12108975.55,8980819.83,90614981.97,7576400.25,4696666.81,2408464.29,2494095.61,170992650.59,170992650.59,1347608.74,158708.99,119964.05,1068935.7,0,109629.73,44089.36,2469.58,63070.79,1234367653.39,77162288.31,804651624.4,352553740.68,57949534.68,43946552.24,1277346.18,491800.48,12132675.59,101160.19,19571199.97,18369181.74,1202018.23,53270215.79,59215.43,242524.32,142813.17,52593940.65,189161.01,42561.21,1021427.37,687498.91,14062.32,319866.14,27699.77,27699.77,3507437.57,2122.01,100132.23,80245.73,355803.48,160306.59,2742968.28,65859.25,3873720.18,1551039.45,41073.1,405401.27,1776664.24,55234.13,44307.99,95697.51,95697.51,131670.08,131670.08,25722.15,24039.37,443.7,1239.08,194593.82,24508.06,8430.52,0,161655.24,1599070.34,135703.05,1198452,264915.29,354.42,354.42,0,0,87321539.5,87321539.5,2186690837.1000004,2379926443.5400004,TO,Tocantins,North,TRUE,TRUE,202505,2025-05-01,confaz_boletim_tributos_estaduais,planilha1,confaz_boletim_tributos_estaduais_20260330.xls,20260330,mapped
18,PI,202505,2025,5,20590052,6262931.1,25654353.79,8816931.18,61324268.07,600248.85,107419.22,0,707668.07,3946420.83,3720006.71,197230.57,29183.55,2072191.83,0,0,339549.47,1732642.36,0,198843690.65,13016645.31,43748974.23,5793.02,16736.3,493866.41,196146.21,64200.01,135510.83,34010.2,96081136.47,8835660.39,317990.92,4656436.98,4999097.49,101143.4,824052.97,359710.49,1181063.09,983336.8,18652844.77,1924587.5,1453683.14,268826.44,492237.28,78958142.52,78958142.52,24287.94,0,118.28,24169.66,0,2729726.04,1076597.59,1306645.24,346483.21,292178566.78,22334462.62,140136329.29,129707774.87,8583571.93,7361706.65,20330.96,9627.56,1071190.01,120716.75,3017156.74,2848038.94,169117.8,15567344.82,19509.09,138872.43,32582.27,15190144.08,46126.35,140110.6,88191.46,82575.79,0,5615.67,3402.18,3402.18,1499924.69,0,45740.5,77391.86,0,90824.57,1265814.53,20153.23,1426089.58,223267.76,2621.8,89179.89,457697.53,25599.43,627723.17,21982.6,21982.6,23370.74,23370.74,30876.5,29927.61,948.89,0,140543.76,7552.35,426.6,0,132564.81,405504.3,16884.6,281112.38,107507.32,484.97,484.97,11242.81,11242.81,53334830.85,53334830.85,662907544.52,724231812.59,,,,,,202505,2025-05-01,confaz_boletim_tributos_estaduais,planilha1,confaz_boletim_tributos_estaduais_20260330.xls,20260330,unmapped
19,RJ,202505,2025,5,221707045.7,161982023.2,1031484.49,528990761.8,913711315.19,88455359.23,14404061.98,2432001.68,105291422.89,1006330.73,701392.68,186384.26,118553.79,392598792.92,0,300121453.5,2729177.75,3181253.73,86566907.94,831736320.56,26824666.13,130367492.1,151043.14,3468327.26,12482338.12,3790095.65,610279.81,10468462.43,1027082.8,187810239.9,103646298.1,26476394.69,46530354.81,42532660.94,101530172.4,28057715.97,1173325.64,1716114.32,24387498.85,20172690.43,1615144.4,2542830.9,13593952.97,40761138.8,608604783.8,608604783.8,3680238.18,191927.68,346217.2,3141013.65,1079.65,7238284.5,384604.2,2393339.75,4460340.55,1141784590.07,25813765.07,682637807.3,433333017.7,274705674.34,186586073.3,18814331.72,5163818.23,63792408.41,349042.68,52669388.91,48068097.37,4601291.54,175330263.88,236887.15,483477.1,1439109.59,170618586.5,1293565.92,1258637.62,3562652.82,3550004.11,8831.27,3817.44,200827.57,200827.57,23509354.09,1217.87,996492.74,16802265.03,3816891.55,304719.43,1422709.08,165058.39,16225312.08,6692377.56,199493.88,119374.75,2262253.04,171995.35,6779817.5,4947.38,4947.38,501134.71,501134.71,78188.97,44253.42,6794.56,27140.99,943748.37,83518.87,29840.64,339.36,830049.5,3578769.03,191375.53,2924291.46,463102.04,241.79,241.79,0,0,893824016.4,893824016.4,4431783861.1,5345495176.290001,,,,,,202505,2025-05-01,confaz_boletim_tributos_estaduais,planilha1,confaz_boletim_tributos_estaduais_20260330.xls,20260330,unmapped
20,RN,202505,2025,5,81331152.01,3251946.25,0,0,84583098.26,0,0,0,0,2548808.77,1253375.31,23298.52,1272134.94,29901121.02,0,11623260.19,202232.47,16408521.61,1667106.75,208120361.14,22749974.68,29828118.99,0,1135220.73,5000986.28,60834.85,200112.11,427311.61,270623.84,111525505.5,3534949.23,594999.71,4292523.38,4889935.72,176134.09,1199687.63,602289.04,5613748.21,1270715.44,10810981.33,1307546.23,944063.44,751808.94,932290.16,77552603.65,77552603.65,290188.7,12379.31,1054.84,276754.55,0,2460823.29,555538.72,926758.5,978526.07,348354267.69,28651269.59,178119218.6,141583779.5,8246938.44,6230563.18,1326738.02,13044.41,643545.68,33047.15,9072173.53,8177094.46,895079.07,18449464.16,15227.59,170513.65,10374,18061919.41,170608.75,20820.76,135879.88,126065.3,0,9814.58,18307.09,18307.09,2926364.93,3761.5,34027.89,342986.3,0,80374.54,2405290.48,59924.22,2486461.11,917532.85,6689.93,9666.34,347609.98,100885.06,1104076.95,4461.31,4461.31,55301.38,55301.38,63399,59149.63,1067.07,3182.3,221334.18,24326.21,10.49,0,196997.48,601741.91,57198.95,406110.98,138431.98,154.02,154.02,0,0,38110709.94,38110709.94,749620865.1399999,834203963.3999999,,,,,,202505,2025-05-01,confaz_boletim_tributos_estaduais,planilha1,confaz_boletim_tributos_estaduais_20260330.xls,20260330,unmapped
21,RS,202505,2025,5,544748963.3,106155276,20560967.39,1633.06,671466839.75,115195477.4,12992158.31,1730087.18,129917722.89,24657967.92,22734810.5,1855363.47,67793.95,10012051.01,198590.57,0,9947.17,9783948.52,19564.75,2110600950.89,220643123.6,213758337.4,1310823.24,10524363.97,17321288.3,47392230.69,15708004.12,39139887.19,5982582.35,801170574.7,191889572.5,4335471.19,95735891.55,48015155.99,37557667.35,72908798.8,16164046.61,20234509.34,94967288.33,99987141.04,2538131.04,33009979.1,15848891.33,4457191.16,280834444.2,280834444.2,5237307.79,29839.44,881.66,5206586.69,0,2971295.88,397908.88,850103.54,1723283.46,1479001741.3,106378428.4,674193530.9,698429782,103334984.3,97818822.09,1520983.14,276973.58,3473374.85,244830.64,40887699.49,39957571.21,930128.28,96626698.27,581110.21,406637.06,68245.63,94981334.22,168452.36,420918.79,85948.43,69196.44,16751.99,0,8486.82,8486.82,1065133.11,514.66,65559.98,635472.15,5787.55,53567.79,220022.76,84208.22,2391906.1,506116.44,436.88,201026.65,1065177.31,66791.54,552357.28,0,0,142004.68,142004.68,40296.72,38586.31,861.69,848.72,296476.53,178643.89,8745.38,0,109087.26,1312784.83,319764,838602.07,154418.76,3778.74,3778.74,0,0,120014911,120014911,4279526868.0099993,4950993707.759999,MA,Maranhao,Northeast,TRUE,TRUE,202505,2025-05-01,confaz_boletim_tributos_estaduais,planilha1,confaz_boletim_tributos_estaduais_20260330.xls,20260330,mapped
22,RO,202505,2025,5,61559333,2561658.54,433039.11,66923868.2,131477898.85,16150833.19,2377188.3,0,18528021.49,1952227.66,1913764.07,34763.4,3700.19,13552304.78,0,11331519.08,1141840.89,1078944.81,0,138150065.67,27516141.11,30279645.86,0,55852.6,258564.66,2934527.37,622273.98,275764.87,122618.21,41437390.53,8272968.68,164801.59,1712051.55,6889827.04,1563296.13,1663516.48,237447.8,37253.5,338906.57,8949199.81,1199369.69,2300933.56,856342.73,461371.35,52476939.31,52476939.31,232955.52,176366.63,5315.56,49638.75,1634.58,1479551.27,362799.02,293660.26,823091.99,371375482.56,41800328.06,188239189.5,141335965,5900729.05,3105284.91,1942688.83,12896.04,823891.09,15968.18,3063459.68,2903244.25,160215.43,13428488.16,5053.93,306833,16797.2,13077431.98,15596.62,6775.43,207721.1,44554.74,51489.33,111677.03,34897.63,34897.63,951099,61.18,52645.99,131898.14,0,132896.48,574786.38,58810.83,1304495.28,200888.93,1627.82,12308.58,576831.9,92864.04,419974.01,0,0,41071.8,41071.8,196539.87,194577.31,1962.56,0,189998.2,22270.8,2670.77,0,165056.63,652034.01,20513.41,380315.92,251204.68,0,0,0,0,85875760.49,85875760.49,691065821.0399998,822543719.8899999,PI,Piaui,Northeast,TRUE,TRUE,202505,2025-05-01,confaz_boletim_tributos_estaduais,planilha1,confaz_boletim_tributos_estaduais_20260330.xls,20260330,mapped
23,RR,202505,2025,5,10944795.54,828418.99,85749.46,15996649.86,27855613.85,266205.02,0,0,266205.02,499650.35,418964.29,12676.27,68009.79,821197.67,0,0,0,821197.67,0,40987175.82,1509739.63,8313411.94,0,16755.22,58924.71,719.62,264446.51,7393.2,58351.49,21832109.13,810502.24,29796.76,682899.05,1640312,25696.33,46514.52,60351.75,17033.9,298340.2,5046731.39,143731.72,15187.86,59427.8,48798.85,17162204.03,17162204.03,12402,0,0,12402,0,399829.34,95691.76,82862.8,221274.78,87356158.35,5007886.95,46375289.5,35972981.9,1007566.63,878103.95,1639.59,19475.05,65805.7,42542.34,780809.85,746034.91,34774.94,4557519.43,2933.22,20776.18,165.62,4528894.93,2631,2118.48,0,0,0,0,5353.88,5353.88,210127.21,0.72,22492.14,46425.75,0,11151.95,124574.79,5481.86,269285.6,32685.23,2284.87,846.92,174624.09,12019.37,46825.12,14464.76,14464.76,475.44,475.44,26796.09,26795.09,1,0,17606.06,5335.75,0,0,12270.31,53956.31,10937.74,32255.68,10762.89,1,1,0,0,15957547.59,15957547.59,170140127.41,197995741.26,CE,Ceara,Northeast,TRUE,TRUE,202505,2025-05-01,confaz_boletim_tributos_estaduais,planilha1,confaz_boletim_tributos_estaduais_20260330.xls,20260330,mapped
24,SC,202505,2025,5,408445299.3,77506270.56,110602411.4,48827,596602808.26,55010196.99,4688695.96,2248824.57,61947717.52,10523823.94,4647810.57,5338278.45,537734.92,9271278.79,2874.63,168.32,12039.06,8123724.06,1132472.72,1397864247.38,92935724.03,184948351.6,40915978.32,57229024.35,72879627.83,3618948.01,19378983.78,31528933.33,4371795.53,411948730.9,51633253.26,2926845.11,69666147.52,46737048.29,25298502.54,46867098.76,9038582.28,37313574.17,63893109.79,80591863.68,10189739.05,15749899.82,11256827.88,6945657.55,256593849.5,256593849.5,3304009.04,68166.19,3691.03,3225098.7,7053.12,9195525.13,1413888.34,2386565.49,5395071.3,1602435073.2,135224913.3,871799352.9,595410807,158732264.85,120092515.6,637164.19,525051.15,37294071.67,183462.24,41203270.72,39530657.08,1672613.64,83066609.35,2656024.94,371954.87,136783.68,77472125.72,1670265.31,759454.83,2150722.1,2102818.35,0,47903.75,1153858.95,1153858.95,17186551.06,120.51,5223010.54,1979445.89,28557.67,627470.32,8935389.5,392556.63,6816081.19,2422682.35,32066.89,176723.18,1524131.08,236597.93,2423879.76,24036.18,24036.18,372429.02,372429.02,418278.38,68309.46,1316.31,348652.61,1113809.99,274652,178512.84,0,660645.15,2443538.77,163617.5,1471935.86,807985.41,2490.18,2490.18,0,0,59798464.64,59798464.64,3663670212.359999,4260273020.619999,RN,Rio Grande do Norte,Northeast,TRUE,TRUE,202505,2025-05-01,confaz_boletim_tributos_estaduais,planilha1,confaz_boletim_tributos_estaduais_20260330.xls,20260330,mapped
25,SP,202505,2025,5,2719548377.26,462801031.66,923311702.02,0,4105661110.94,123247034.14,124498635.83,20920676.42,268666346.39,44243645.8,41599411.66,2631953.57,12280.57,55827792.61,1361.68,16698255.88,407503.44,35519321.05,3201350.56,8502170493.91,801393502.88,365355689.5,7441580.37,83616723.85,57186808.24,13172508.58,17405067.75,239388678.61,37873731.66,1862041090.82,1303338175.81,255500397.94,561095421.67,248848420.52,186829591.73,312526120.11,213713296.83,282742472.16,382961692.69,1011921423.76,50910037.5,40909113.98,120279838.78,45719108.17,1196982234.45,1196982234.45,22264273.17,5184914.03,87803.91,16953321.4,38233.83,24352916.07,2802551.1,6962413.69,14587951.28,6384278833.35,468123738.2,4178703284.55,1737451810.6,645130384.72,477081340.56,3745643.19,12353527.26,148216483.91,3733389.8,156956726.46,147476482.91,9480243.55,675467570.79,6111234.6,1403479.69,795189,575833599.56,60086690.56,31237377.38,13871531.87,12875199.69,240727.07,755605.11,1811852.89,1811852.89,92651490,10000.95,4536134.04,8896817.7,29833151.82,4719608.92,44504268.06,151508.51,67230599.19,29632136.46,417195.48,163533.51,9091571.79,1498257.59,26427904.36,214931.12,214931.12,2082966.88,2082966.88,16406414.95,5504472.51,8288.06,10893654.38,7384858.7,837313.9,490135.88,0,6057408.92,14965171.52,3000836.27,9861693.89,2102641.36,591.66,591.66,0,0,951383715.33,951383715.33,18875678995.44,22981340106.379997,PB,Paraiba,Northeast,TRUE,TRUE,202505,2025-05-01,confaz_boletim_tributos_estaduais,planilha1,confaz_boletim_tributos_estaduais_20260330.xls,20260330,mapped
26,SE,202505,2025,5,32441040.38,3511568.27,1476856.25,2821023.87,40250488.77,5097104.22,330877.49,35089.11,5463070.82,322734.57,174328.87,110942.48,37463.22,8344813.43,0,2616159.38,0,5728654.05,0,160211285.28,15278023.87,24284993.68,11918.28,1231207.2,514055.86,1110446.1,287083.11,277613.14,0,56077986.78,32096556.95,474552.23,2853937.44,9204312.03,687837.22,2138107.71,363127.14,327697.37,396746.17,10213312.17,1178672.23,735958.37,467140.23,0,49344790.7,49344790.7,133861.46,115034.7,0,18826.76,0,0,0,0,0,219218127.19,20125205.21,102927028.32,96165893.66,8670141.44,7943142.49,6040.34,60946.77,660011.84,0,5573459.9,5573459.9,0,11717841.01,0,0,12793.38,11705047.63,0,0,0,0,0,0,0,0,0,0,0,0,0,0,0,0,364947.97,0,0,0,364947.97,0,0,0,0,0,0,0,0,0,0,0,0,0,0,0,0,0,0,0,0,0,0,0,24546259.01,24546259.01,488448261.96,528698750.72999996,PE,Pernambuco,Northeast,TRUE,TRUE,202505,2025-05-01,confaz_boletim_tributos_estaduais,planilha1,confaz_boletim_tributos_estaduais_20260330.xls,20260330,mapped
27,TO,202505,2025,5,24895622.94,8219215.36,4371118.96,70108.76,37556066.02,5661347.16,7714470.96,98635.1,13474453.22,8129459.14,7419826.86,690653.76,18978.52,2210180.97,0,0,84231.79,2125949.18,0,204866718.61,18931197.43,35244882.73,0,25289.81,221674.78,452927.4,714310.39,100353.98,111985.07,117832722.31,5230673.83,156272.64,1507051.33,5937183.17,183948.87,2053212.8,253825.11,30474.66,432465.67,12945592.27,752066.36,390201.29,1001043.01,357363.7,45473793.29,45473793.29,553442.97,525327.21,0,28115.76,0,295222.07,42466.04,87367.88,165388.15,185472192.38,22443399.54,101947537.34,61081255.5,6739323.08,6092669.8,16816.99,14639.58,594380.19,20816.52,2420872.12,2273022.44,147849.68,9504933.35,5846.35,0,9083.32,9488843.49,852.17,308.02,14900.34,14900.34,0,0,9966,9966,891695.34,1.78,183.87,161955.38,104943.26,2277.9,608518.73,13814.42,459271.76,179755.9,0,1394.05,217318.58,1770.53,59032.7,15137.2,15137.2,3562.11,3562.11,41842.08,41842.08,0,0,7302.69,0,0,0,7302.69,131745.81,11016.32,115727.62,5001.87,0,0,0,0,37675499.73,37675499.73,504917061.03999996,542473127.06,AL,Alagoas,Northeast,TRUE,TRUE,202505,2025-05-01,confaz_boletim_tributos_estaduais,planilha1,confaz_boletim_tributos_estaduais_20260330.xls,20260330,mapped
1,AC,202506,2025,6,13309059.93,1079785.93,16344276.89,0,30733122.75,1689909.42,155728.39,0,1845637.81,5654570.83,5646632.14,4692.87,3245.82,96054.99,0,0,0,96054.99,0,37077173.81,5871786.93,10125560.94,11.73,20609.15,187647.9,178162.6,238477.79,15489.4,57472.57,7883985.42,1010628.49,224011.54,1054344.66,1825753.98,54532.69,186069.93,453109.51,145348.92,282539.34,6190909.49,510917.21,425920.8,53653.72,80229.1,15518763.72,15518763.72,8590.78,5301.5,0,3289.28,0,687463.32,271117.45,216918.03,199427.84,101511048.14,4820993.03,56815202.36,39874852.75,567119.4,338233.77,16697.98,38110.78,169185.99,4890.88,750177.02,697197.54,52979.48,5564716.53,14177.51,58226.15,5116.88,5424007.52,34668.3,28520.17,17255.9,16951.77,0,304.13,7904.51,7904.51,412315.75,1662.02,59109.6,56195.96,0,15883.21,189165.83,90299.13,426698.15,54362.95,5288.91,1371.47,141292.92,24784.19,199597.71,0,0,11967.84,11967.84,10305.86,10298.84,7.02,0,30971.98,1139.01,0,0,29832.97,193491.92,7604.95,114424.84,71462.13,16.86,16.86,0,0,17306552.6,17306552.6,185853159.91000003,216586282.66000003,,,,,,202506,2025-06-01,confaz_boletim_tributos_estaduais,planilha1,confaz_boletim_tributos_estaduais_20260330.xls,20260330,unmapped
2,AL,202506,2025,6,89958658.78,6561282.84,816259.65,15160106.83,112496308.1,3768030.97,85509.96,40969.47,3894510.4,1653574.93,1484343.04,116717.37,52514.52,8936148.09,0,2553335.8,842083.37,3948319.21,1592409.71,177475599.49,20084838.91,42830308.03,227148.57,234898.43,779299.16,150192.6,497192.21,964700.61,189096.04,46252346.47,13678737.71,605497.92,12837612.8,6159938.81,841589.1,1991321.31,1342771.87,4903186.69,2897937.23,15421086.88,1831056.97,1381655.23,758953.97,614231.97,72935211,72935211,1097797.77,265502.24,2377.14,827831.83,2086.56,1525501.32,142156.31,849974.88,533370.13,383979081.01,23936386.76,225313031.63,134729662.62,20170012.44,12694480.41,1841306.97,49060.78,3459245.93,2125918.35,10708762.12,8068391.09,2640371.03,14567153.04,52677.86,80743.53,19986.35,14165879.22,212082.92,35783.16,265029.67,216525.47,34454.8,14049.4,100509.33,100509.33,2092402.89,6268.63,24624.61,184025.15,9383.21,70265.35,1767966.11,29869.83,1549113.3,421061.16,6383.13,138326.64,324705.12,49417.99,609219.26,3141.27,3141.27,89450.06,89450.06,157942.46,155241,747.72,1953.74,200225.44,15504.61,0,0,184720.83,601850.56,11217.44,467676.25,122956.87,710.96,710.96,0,0,586182.75,586182.75,698695399.9,811191708,,,,,,202506,2025-06-01,confaz_boletim_tributos_estaduais,planilha1,confaz_boletim_tributos_estaduais_20260330.xls,20260330,unmapped
3,AP,202506,2025,6,10563205.44,146435.27,5500312.98,65452811.93,81662765.62,660706.31,0,0,660706.31,59388.68,55179.17,3364.34,845.17,172158.31,0,0,43757.77,128400.54,0,24666791.16,1355100.84,8477280.86,20047.5,236.13,30594.82,1356.51,156241.31,537408.4,8922.37,3361815.19,623898.76,45405.7,884035.87,1802936.04,154978.75,472400.72,507768.1,1122776.69,137941.97,4554046.59,202629.15,54353.56,128733.5,25881.83,12309130.95,12309130.95,278366.4,237695.8,14.01,40656.59,0,259315.07,228311.53,8879.65,22123.89,76439450.85,4515469.85,52146006.79,19777974.21,1377757.85,469747.76,333523.41,7589.99,561597.12,5299.57,211304.53,204858.72,6445.81,6418581.08,22.55,81277.34,29403.19,6304255.35,2719.82,902.83,4081.09,4081.09,0,0,2305.61,2305.61,102723.66,160.43,16.83,13052.07,43.73,2754.36,85952.07,744.17,129866.39,36.9,0,254.61,102363.12,160.18,27051.58,5452.2,5452.2,2236.89,2236.89,70689.15,69590.88,1098.27,0,4084.88,136.88,0,0,3948,80620.45,16240.93,21337.9,43041.62,1,1,0,0,26340910.25,26340910.25,148935216.45,230597982.07,,,,,,202506,2025-06-01,confaz_boletim_tributos_estaduais,planilha1,confaz_boletim_tributos_estaduais_20260330.xls,20260330,unmapped
4,AM,202506,2025,6,105722194.74,11076338.14,25535820.19,119513863.1,261848216.17,4917981.21,4932602.91,13840.92,9864425.04,237097.7,226679.01,8998.31,1420.38,51605056.48,0,49445386.15,1983362.35,176307.98,0,610848202.06,10317616.12,63206215.81,0,797251.22,456773.54,85596.19,124397.01,3996845.16,248326.96,49260787.01,13555883.16,2385283.08,21807719.27,3752918.55,5256510.36,21491076.78,191577353.59,8552090.77,21182826.66,31759937.43,156308598.51,1233301.6,3335506.06,155387.22,50822658.7,50822658.7,1734124.89,1231133.21,0,502991.68,0,451653.12,0,55966.47,395686.65,444850830.31,34938206.71,238365868.4,171546755.2,85267613.94,62881232.1,13478772.39,1308550.8,7570145,28913.65,9304078.29,9302570.49,1507.8,29712824.3,174987.49,4301.54,146676.2,29220701.27,165130.13,1027.67,0,0,0,0,0,0,211.63,0,0,0,0,0,1,210.63,877359.03,0,0,2365.01,874990.9,0,3.12,36,36,4.91,4.91,628.42,627.42,1,0,117328.68,0,115028.05,0,2300.63,161384.39,2716.4,147403.19,11264.8,0,0,0,0,44434473.18,44434473.18,1330425566.0300004,1592273782.2000005,,,,,,202506,2025-06-01,confaz_boletim_tributos_estaduais,planilha1,confaz_boletim_tributos_estaduais_20260330.xls,20260330,unmapped
5,BA,202506,2025,6,168736633.7,33589598.28,164996853.4,0,367323085.38,0,0,0,0,13957767.32,12251932.43,1385307.69,320527.2,40102226.41,0,14754261.58,5503344.23,9453205.26,10391415.34,1444688322.61,120702867.7,247872143.5,397755.81,7593021.1,3705000.71,5308744.05,1246777.43,18871434.46,438296.64,580091064,165616822.2,4310746.59,70864938.24,54616343.55,20480585.59,15255167.08,5626292.89,10327645,11918450.82,78371296.67,5463969.73,6295583.05,2379784.19,6933591.61,286343124.1,286343124.1,6325101.09,5091798.56,1030.44,1231515.83,756.26,1005786.93,40809.63,149608.47,815368.83,1363933043.29,89022598.79,700145741.2,574764703.3,43926751.99,29834685.76,1680090.99,197330.35,11962424.84,252220.05,34155677.9,29599143.83,4556534.07,72199448.73,185792.05,283973.15,236607.25,69678504.13,1365361.64,449210.51,382504.22,377587.36,0,4916.86,275830.09,275830.09,11706801.08,7925.46,115770.05,515528.43,56564.88,324486.97,10501229.12,185296.17,6863333.18,2438469.38,10606.71,75361.33,3052150.24,285663.35,1001082.17,93213.78,93213.78,335527.03,335527.03,276648.11,276254.75,392.56,0.8,356504.55,29217.71,11209.76,146.73,315930.35,1870839.63,292473.34,1140630.46,437735.83,1673.16,1673.16,0,0,0,0,3328800125.2000003,3696123210.5800004,,,,,,202506,2025-06-01,confaz_boletim_tributos_estaduais,planilha1,confaz_boletim_tributos_estaduais_20260330.xls,20260330,unmapped
6,CE,202506,2025,6,230357018.26,10210237.07,1319458.51,153227.5,242039941.34,6553874.9,6728380.58,221069.78,13503325.26,2707921.58,1369759.14,42748.85,1295413.59,8160608.85,0,2582115.42,3596.72,5574896.71,0,590027791.3,64667987.23,97122802.9,90210.77,10046355.34,12655509.05,41109430.27,928109.28,8163058.26,1124104.17,215579444.43,20883542.55,3730299.39,17363262.62,25640590.69,6531544.5,9095273.22,2757502.57,4843551.98,4648389.02,30674408.56,4291665.76,5380406.8,2572658.06,127683.88,173763972.43,173763972.43,716062.96,229846.77,58616.07,427600.12,0,3054194.97,1821918.99,472376.29,759899.69,862245651.68,65551881.33,556916040.34,239777730.01,32787462.09,24838547.45,1984558.62,354517.45,5368288.14,241550.43,19870530.56,18686731.24,1183799.32,40454387.94,321445.5,1195.36,19780.32,40110182.99,1633.03,150.74,467306.53,61307.51,405999.02,0,94821.74,94821.74,231909.47,65.73,1546.34,204699.4,0,4069.73,15785.67,5742.6,2658777.95,740741.74,4316.94,4549.79,1721566.4,19556.87,168046.21,6213461.12,6213461.12,134338.47,134338.47,708737.24,629840.76,23.28,78873.2,31187.25,10304.21,0,0,20883.04,69827.49,3936.59,12547.95,53342.95,0,0,0,0,54162426.42,54162426.42,1798561378.04,2040601319.3799999,,,,,,202506,2025-06-01,confaz_boletim_tributos_estaduais,planilha1,confaz_boletim_tributos_estaduais_20260330.xls,20260330,unmapped
7,DF,202506,2025,6,160497541.7,27311068.95,10978469.75,3052785.01,201839865.41,9931183.94,13866673.99,871636.92,24669494.85,1814309.5,1774768.04,36415.98,3125.48,134849.63,691.71,0,0,134157.92,0,185606855.81,16446676.91,43826244.21,193998.29,415117.46,985792.27,35744.86,490429.54,187477.48,64481.31,24901986.11,3351720.41,6113467.95,3576756.77,15858585.48,376044.83,4725642.84,2226951.67,3406632.73,1440603.88,52880619.02,1336740.21,1112938.28,1651679.61,523.69,81877088.3,81877088.3,653080.67,1402.46,0,651678.21,0,5887.86,2497.47,3243.8,146.59,590037327.77,54091462.57,387072286.3,148873578.9,12068899.03,10101855.82,45.68,276708.71,1582659.9,107628.92,16488486.66,16476093.84,12392.82,45682502.92,23910.72,2473.96,39577.53,45616539.71,0,1,0,0,0,0,0,0,3084.32,0,0,0,0,3084.32,0,0,489320.06,0,0,0,406868.81,0,82451.25,0,0,6.8,6.8,0,0,0,0,3.42,3.42,0,0,0,1188.56,0,1188.56,0,0,0,0,0,98890206.84,98890206.84,1033753098.1499997,1235592963.5599997,,,,,,202506,2025-06-01,confaz_boletim_tributos_estaduais,planilha1,confaz_boletim_tributos_estaduais_20260330.xls,20260330,unmapped
8,ES,202506,2025,6,108743993.1,17400074.05,68732963.23,12274065.62,207151096,7500180.37,38396.36,14966.51,7553543.24,3237645.98,2971409.7,258353.42,7882.86,229516140.05,0,220354744.08,1313497.96,7476615.93,371282.08,326508792.21,41828434.04,56311097.83,0,608456.32,2666570.86,180830.94,2767023.61,2091943.22,278977.42,78362132.35,17212590.26,3989893.54,9587565.74,24058074.62,36285301.14,13017094.65,1053644.74,2185626.74,4207153.31,19032292.29,2138983.27,2801488.46,2149319.37,3694297.49,121097668.79,121097668.79,17452193.93,89718.92,0,17362475.01,0,3020693.59,355273.7,843733.79,1821686.1,984283633.93,80436772.39,681366081.75,222480779.79,126336590.15,70534391.18,4733210.49,12914.6,50849127.44,206946.44,13795827.05,13326654.93,469172.12,28252127,37177.2,93173.93,29637.93,27047210.44,366123.51,678803.99,847237.34,847237.34,0,0,221186.31,221186.31,3432988.08,0,108736.93,819696.3,5323.55,106420.05,2351037.58,41773.67,2775350.31,1445965.33,29850.62,12105.62,496743.41,45402.73,745282.6,0,0,129739.8,129739.8,35260.07,35085.96,174.11,0,55697.48,4954.61,0,0,50742.87,833668.59,156593.18,343680.28,333395.13,364.55,364.55,0,0,120444829.23,120444829.23,1982277634.4399996,2189428730.4399996,,,,,,202506,2025-06-01,confaz_boletim_tributos_estaduais,planilha1,confaz_boletim_tributos_estaduais_20260330.xls,20260330,unmapped
9,GO,202506,2025,6,176905574.4,79195289.58,152588122.4,342475558.6,751164544.98,31728741.44,14551401.94,363555.93,46643699.31,40673793.06,36958729.54,3657430.4,57633.12,13190729.2,0,8075.02,5535705.96,7514936.24,132011.98,820084146.09,162463895.1,114413744,394754.62,1302237.57,6885645.93,1781571.1,1280173.97,6132574.93,1191394.21,310623070.3,47603809.4,22867421.45,23450300.78,22524547.81,2810160.21,14118335.4,1906127.95,1304093.98,16423069.04,47939778.81,2667202.48,4176828.06,2993502.55,2829906.44,164136630,164136630,3550981.73,1593414.52,91140.27,1863083.03,3343.91,3350256.36,315771.71,1194605.52,1839879.13,1305671007.3,127577872.3,798984606.7,379108528.3,68791082.47,63840887.64,2102.94,206971.95,3942884.27,798235.67,19214189.91,16903061.05,2311128.86,54510762.33,114429.5,235029.01,101017.05,53776996.61,123369.9,159920.26,132948.11,127479.99,5151.35,316.77,251175.73,251175.73,1362955.02,604.13,132058.17,337341.99,103537.61,320236.83,376390.19,92786.1,10901309.05,2203756.64,9997.7,34376.01,1181798.21,69280.25,7402100.24,3182.15,3182.15,234005.16,234005.16,79219.29,74020.83,731.66,4466.8,598949.43,102079.79,10854.01,0,486015.63,1042050.38,279078.92,500954.4,262017.06,632.06,632.06,0,0,93599213.41,93599213.41,2601379218.2399993,3352543763.2199993,,,,,,202506,2025-06-01,confaz_boletim_tributos_estaduais,planilha1,confaz_boletim_tributos_estaduais_20260330.xls,20260330,unmapped
10,MA,202506,2025,6,89946439.69,5495258.92,40231672.96,212499288.8,348172660.37,11113884.72,9796550.52,0,20910435.24,9277416.81,8337983.06,836080.11,103353.64,17360843.35,0,2404598.02,12337347.97,2603934.06,14963.3,304577599.32,12296028.89,120274302.2,129323.91,538614.88,1112654.26,438328.31,225180.68,2513931.84,191672.03,39248870.12,38112432.59,952362.79,6746039.24,14549822.92,22173027.86,1228020.62,2276066.4,386084.89,2988415.16,30954035.43,3600698.06,2020669.18,1075142.49,545874.57,142916640.2,142916640.2,244793.2,68000.25,3914.48,172878.47,0,5156786.09,2096955.42,2154710.64,905120.03,591592690.05,45612967.35,322681587.3,223298135.4,18847094.81,13697575.16,1826724.85,16266.83,3273320.93,33207.04,6252538.7,5824211.35,428327.35,31954933.13,13562.41,95565.24,25026.31,31686418.3,92410.52,41950.35,671741.28,668963.52,0,2777.76,62548.74,62548.74,7639842.81,9955.35,43650.81,287615.83,869.07,205850.63,7020841.37,71059.75,2791001.99,1191501.1,6444.07,28575.96,803526.29,77642,683312.57,100000459.3,100000459.3,267579.73,267579.73,81827.66,74453.76,6661.4,712.5,158339.86,14042.99,487.51,0,143809.36,648397.71,54706.15,425180.66,168510.9,72.41,72.41,0,0,48441356.52,48441356.52,1288944503.67,1637117164.04,,,,,,202506,2025-06-01,confaz_boletim_tributos_estaduais,planilha1,confaz_boletim_tributos_estaduais_20260330.xls,20260330,unmapped
11,MT,202506,2025,6,188260192.3,30289284.28,157326609.1,197915047.4,573791133.08,17892064.27,18440423.32,1226861.87,37559349.46,47731673.77,47456062.94,219086.62,56524.21,8632481.56,0,2724.83,4153339.75,4461934.65,14482.33,838574239.31,147710243,125834643.2,39949.12,1594013.05,1042631,1323222.8,4544661.56,1528290.16,166995.76,378950817.9,41525894.5,569021.69,18831862.23,36765873.94,4144063.13,7668528.99,2407969.36,10996402.93,8960894.39,37444962.4,2234510.96,1996760.69,1323532.79,968493.76,118820842.7,118820842.7,765414.15,23490.17,651.76,739091.03,2181.19,1836411.35,774950.61,525542.83,535917.91,965814624.2,120362567.6,481682712.1,363769344.5,70133153.09,55225416.66,71345.99,93615.71,10556853.86,4185920.87,9082393.96,8427095.79,655298.17,21581657.59,14401.55,209124.05,70703.57,20909179.21,148047.53,230201.68,447844.5,433700.14,2674.57,11469.79,79690.68,79690.68,2493798.15,6969,109466.53,434088.48,156781.09,201927.5,1525780.7,58784.85,3105435.56,1586936.72,2772.39,34413.81,917235.77,44482.55,519594.32,3419612.06,3419612.06,180880.92,180880.92,578876.43,576072.59,682.85,2120.99,49077.33,7639.01,0,0,41438.32,747601.39,252588.81,282092.38,212920.2,2407.4,2407.4,0,0,0,0,2094078116.1000001,2667869249.1800003,RO,Rondonia,North,TRUE,TRUE,202506,2025-06-01,confaz_boletim_tributos_estaduais,planilha1,confaz_boletim_tributos_estaduais_20260330.xls,20260330,mapped
12,MS,202506,2025,6,48376469.46,38507716.38,3734705.96,115694863.32,206313755.12,3178560.75,2624085.04,0,5802645.79,29477228.53,25952771.42,3333295.27,191161.84,7136404.93,0,0,2689814.77,3995795.94,450794.22,623648662.32,99873529.04,72493133.78,3251654.19,3935808.68,5091840.61,2084088.22,1808059.99,13113805.7,324005.77,341551983.82,10043497.23,2941972.37,7860108.9,10915532.31,5543171.26,8113671.13,669371.77,2811917.85,777592.37,23479995.78,1150514.88,711372.13,1248601.49,3853433.05,181457143.77,181457143.77,1599571.93,260118.8,585258.33,754194.8,0,1536234.36,404134.62,680511.41,451588.33,457766833.45,59795685.8,253026413,144944734.65,52879803.07,48750801.81,104250.61,23476.7,3819393.51,181880.44,5091593.14,4650471,441122.14,20928382.9,25719.58,55463.49,27509.93,20723710.94,76158.58,19820.38,3791227.3,3632286.88,0,158940.42,107064.04,107064.04,1427310.48,8837.77,4155.92,231681.1,10531.75,116838.94,987731.45,67533.55,2513897.47,916616.97,11216.81,102269.02,432062.26,93868.26,957864.15,1825310.23,1825310.23,43086.95,43086.95,31623.58,31127.72,495.86,0,91926.15,20151.96,79.9,0,71694.29,563934.08,130476.96,317581.71,115875.41,12.7,12.7,0,0,37526139.44,37526139.44,1429443390.8200002,1635757145.94,AC,Acre,North,TRUE,TRUE,202506,2025-06-01,confaz_boletim_tributos_estaduais,planilha1,confaz_boletim_tributos_estaduais_20260330.xls,20260330,mapped
13,MG,202506,2025,6,492964059.3,191289482.98,226068834,1357192657.8,2267515034.08,218689966.99,20382467.66,2022974.35,241095409,155957779.53,145551641.52,10202926.93,203211.08,159882938.83,0,5337143.99,140659267.16,9160086.53,4726441.15,3355915173.57,321658500.05,224459849.48,80685000.65,12014637.02,26064119.8,12976351.85,10567624.28,35145212.92,4263176.81,1414813794.26,160080109.72,43228772.09,73529115.75,158297180.47,186202888.24,90491094.99,28577202.66,68411724.41,99160690.51,225351600.63,14200701.93,29714987.31,20980688.85,15040148.89,474756640.12,474756640.12,5834447.12,51706.47,30441.74,5752298.91,0,9766115.49,1057516.98,4154973.09,4553625.42,2444641929.6,166538480.48,1608130785.38,669972663.74,140441531.82,122495276.23,162772.35,127977.56,17503660.02,151845.66,61925041.83,59901207.96,2023833.87,172807376.75,490488.89,443560.99,640006.06,168422391.93,2147302.85,663626.03,6757006.49,5285529.2,297,1471180.29,198918.31,198918.31,23710934.02,4876.44,602679.6,2177678.14,137143.68,525496.67,19757466.91,505592.58,16569978.33,4973934.47,238851.85,45692.93,5366677.32,175439.87,5769381.89,86080.76,86080.76,1190020.78,1190020.78,998940.17,989739.94,7705.21,1495.02,1053736.36,114282.73,99389.01,2663.71,837400.91,3107262.57,630519.16,1884326.78,592416.63,2622.7,2622.7,0,0,206938572.81,206938572.81,7242543047.96,9510058082.04,AM,Amazonas,North,TRUE,TRUE,202506,2025-06-01,confaz_boletim_tributos_estaduais,planilha1,confaz_boletim_tributos_estaduais_20260330.xls,20260330,mapped
14,PR,202506,2025,6,299782185.23,119620852.87,7052250.24,0,426455288.34,17473144.23,14841512.72,45387.52,32360044.47,7441802.69,4767302.5,2586922.58,87577.61,43753215.13,0,7255856.33,28754.48,36246838.88,221765.44,852361586.92,98388738.4,34263346.22,52858016.06,8996438.71,17859551.04,2619562.37,38625556.47,88258089.14,6011748.84,15635991.34,96388844.93,20350796.12,54603951.11,51154527.99,12128200.97,38846028.09,13002089.85,27683210.25,51221660.27,70268034.58,5814849.42,26950600.36,17716987.73,2714766.66,292248301.99,292248301.99,2178513.68,53608.13,115.45,2124790.1,0,9601606.83,3260807.32,2435646.25,3905153.26,3119372490.13,269976840.13,2364005515.9,485390134.1,143405816.93,101065897.89,1141365.7,2192349.71,24964785.99,14041417.64,26218213.29,24557601.05,1660612.24,91670293.5,2477943.22,4384.53,110051.32,87962796.23,1071094.08,44024.12,45087.27,31955.33,178.78,12953.16,168347.44,168347.44,1094140.26,2017.57,49572.21,384433.78,571492.57,59291.38,25068.02,2264.73,2447990.62,96726.08,0,13247.46,2182910.68,18327.33,136779.07,34063.89,34063.89,63901.07,63901.07,93834.38,93434.17,73.33,326.88,11266.94,1630.17,115.49,0,9521.28,622607.46,175071.83,367088.94,80446.69,557.14,557.14,0,0,11480544.11,11480544.11,4604314181.67,5030769470.01,RR,Roraima,North,TRUE,TRUE,202506,2025-06-01,confaz_boletim_tributos_estaduais,planilha1,confaz_boletim_tributos_estaduais_20260330.xls,20260330,mapped
15,PB,202506,2025,6,72213550.36,4895444.14,2904377.93,6972543.27,86985915.7,3722319.53,2818391.44,0,6540710.97,1472476.79,1396005.98,8206.7,68264.11,5206179.17,1456794.09,44158.59,20698.37,3679611.93,4916.19,213099050.15,23720959.22,39828910.55,64493.79,3237053.58,2113043.65,1587479.8,423158.77,1018879.72,461530.3,77331061.5,5020333.49,1267211.99,6110889.12,15712672.12,812045.35,5252596.25,1432651.83,809235.85,2713051.52,19005669.4,1871335.06,2160784.96,1111815.68,32186.65,61440371.95,61440371.95,59430.02,39080.46,0,20349.56,0,573068.19,30431.06,256914.35,285722.78,550244138.06,31788371.59,307945860.9,210509905.57,15981399.04,15041504.71,103072.37,65860.55,749969.7,20991.71,7124180.47,7047139.34,77041.13,19670390.67,114820.17,1.9,49272.7,19478852.01,25755.15,1688.74,41548.08,40512.78,0,1035.3,1944.9,1944.9,12158.58,117.8,249.66,1862.49,0,6660.44,3093.45,174.74,535723.2,40132.75,0,5288.32,467849.11,3.32,22449.7,4565.86,4565.86,5708.16,5708.16,5314.67,5311.48,3.19,0,1285.5,80.7,0,0,1204.8,27840.53,0,13196.95,14643.58,5.05,5.05,0,0,0,0,875506779.0399998,962492694.7399999,PA,Para,North,TRUE,TRUE,202506,2025-06-01,confaz_boletim_tributos_estaduais,planilha1,confaz_boletim_tributos_estaduais_20260330.xls,20260330,mapped
16,PA,202506,2025,6,297243922,13602926,309268301,386728451,1006843600,15931210,3274650,80228,19286088,4414801,3915222,399491,100088,136336439,0,0,129744186,3928828,2663425,556592380,48644193,137922308,100463,600454,612190,1849699,6163432,1751743,243226,172179972,19519267,1192319,10198962,19602334,27501539,4663712,2738165,5346874,46695058,38172874,4979654,1673446,698819,3541677,229284971,229284971,1388320,27183,5055,1356082,0,3697115,419764,1359100,1918251,904659546,62121246,615027921,227510379,67431858,46104097,15701623,292033,4978323,355782,15609424,13347905,2261519,39188769,12778,227367,33912,38711854,98660,104198,1052454,1050381,0,2073,176067,176067,3338319,2793,13247,1009624,36026,38234,2141724,96671,5802541,1819227,86993,60798,2775573,206087,853863,550297,550297,54245,54245,303787,302282,53,1452,154425,5218,0,0,149207,8475071,7864242,437812,173017,144,144,0,0,149108046,149108046,2127619019,3134462619,AP,Amapa,North,TRUE,TRUE,202506,2025-06-01,confaz_boletim_tributos_estaduais,planilha1,confaz_boletim_tributos_estaduais_20260330.xls,20260330,mapped
17,PE,202506,2025,6,128766117.26,11538728.92,7209291.97,31828846.53,179342984.68,11632471.05,6129623.39,1440892.12,19202986.56,1497484.78,1313917.73,56710.02,126857.03,5914568.04,0,0,11667.49,5902900.55,0,582983028.18,84648043.04,100859385.66,14688.62,4793138.3,7328666.49,783621.14,2612668.96,10463525.83,1233772.13,113113578.68,53618258.78,12089060.31,30885325.62,24321961.3,9137123.6,11884192.22,4347572.19,13882855.28,7722003.4,72381580.05,7264237.83,5257267.36,2397033.42,1943467.97,206336130.71,206336130.71,1610331.88,148037.64,309572.66,1152721.58,0,145247.49,55480.48,10657.32,79109.69,1284400272.47,84715561.19,826049557.29,373635153.99,63673859.89,48679319.53,1710416.54,412073.44,12782965.32,89085.06,21547720.19,20100057.96,1447662.23,44657181.3,60131.89,399994.23,138587.12,43647486.66,352480.28,58501.12,991765.13,709308.57,0,282456.56,32543.36,32543.36,4303371.01,214.28,74337.3,41142.75,711138.29,246467.44,3165141.06,64929.89,4321268.65,1986962.13,94065.79,402568.93,1773112.16,34758.67,29800.97,39617.76,39617.76,138793.09,138793.09,89991.84,88660.73,474.85,856.26,284574.13,55715.02,8522.38,18127.67,202209.06,1732264.34,102981.04,1353033.82,276249.48,323.36,323.36,0,0,113456656.56,113456656.56,2338156994.1600018,2517499978.8400016,TO,Tocantins,North,TRUE,TRUE,202506,2025-06-01,confaz_boletim_tributos_estaduais,planilha1,confaz_boletim_tributos_estaduais_20260330.xls,20260330,mapped
18,PI,202506,2025,6,18371382.16,2098423.21,27084815.06,6100766.46,53655386.89,1020552.17,90200.73,0,1110752.9,8204872.14,7805954.24,343840.52,55077.38,2126862.21,0,0,35317.51,2091544.7,0,231276170.6,12807526.07,56008451.53,6475.42,21110.93,523000.41,197345.42,27415.16,112838.1,44187.6,113906131.51,10030033.48,463977.74,5327549.16,6603376.64,228210.9,735900.21,386684.7,1015843.88,1183913.88,17732902.72,2008873.51,1297467.48,338728.78,268225.37,78165384.24,78165384.24,49101.21,9022.08,0,40079.13,0,2852158.37,1064262.68,1362221.08,425674.61,321207637.13,24448343.1,158145281.58,138614012.45,10516364.98,9516708.17,21442.75,6496.28,938845.52,32872.26,4121233.57,3906553.62,214679.95,16516686.72,7235.84,170925.63,13834.25,16114838.86,45072.02,164780.12,108591.69,102129.52,0,6462.17,10362.35,10362.35,1867927.02,608.57,16867,113538.93,0,121220.68,1599376.74,16315.1,2218082.41,713602.45,3463.87,58781.57,535893.86,49527.46,856813.2,258390.71,258390.71,63211.94,63211.94,21493.63,19421.94,2071.69,0,316943.29,5572.21,0,0,311371.08,408263.42,34135.01,267786.07,106342.34,181.89,181.89,11945.55,11945.55,54933452.38,54933452.38,735255317.45,788910704.34,,,,,,202506,2025-06-01,confaz_boletim_tributos_estaduais,planilha1,confaz_boletim_tributos_estaduais_20260330.xls,20260330,unmapped
19,RJ,202506,2025,6,181388790.7,136966410.1,940265.93,499410615.8,818706082.53,145278537.5,13308743.92,1639689.4,160226970.82,1467306.07,864357.36,509330.14,93618.57,516489544.24,0,427689652.3,2681050.85,4236333.58,81882507.51,832944407.49,28922235.52,150184623.5,112350.54,2850822.15,13495255.75,2353246.96,797188.1,11781069.41,1233337.17,186155795.6,84529698.97,30870531.75,42858743.07,39100527.49,94530363.04,28625203.6,1199252.56,1923620.53,22735669.83,37541424.35,1240710.52,2715643.74,16118322.72,31068770.62,493837991,493837991,3666439.12,258082.65,10768.42,3395259.58,2328.47,7111843.48,376650.55,2966980.45,3768212.48,1170734532.51,32749779.51,702041198.3,435943554.7,358863805.94,215754747,20016297.27,7336050.93,115371610.2,385100.54,54307042.46,49562466.56,4744575.9,170035060.81,336810.77,893931.43,1420923.15,164773383.8,1270552.03,1339459.63,3176820.1,3168535.47,1280.41,7004.22,91218.05,91218.05,15079513.43,1392.76,1135722.38,9933479.57,1950205.41,562172.28,1330986.75,165554.28,14813881.58,6414270.11,154142.76,106428.29,2751045.14,465942.05,4922053.23,268.94,268.94,554128.24,554128.24,216972.9,173095.06,5029.78,38848.06,967625.34,71225.79,19603.63,171.47,876624.45,1816230,253984.62,1191591.06,370654.32,396.67,396.67,0,0,954477954.1,954477954.1,4600652982.47,5419359065,,,,,,202506,2025-06-01,confaz_boletim_tributos_estaduais,planilha1,confaz_boletim_tributos_estaduais_20260330.xls,20260330,unmapped
20,RN,202506,2025,6,79711064.85,2371027.64,0,0,82082092.49,0,0,0,0,2771970.28,1644020.97,21287.33,1106661.98,31872581.02,0,13721987.55,85398.84,15845377.89,2219816.74,203345705.75,24660322.25,33065190.89,0,1192864.76,4053017.84,90459.37,207461.54,465539.32,340923.27,97812030.2,4192280.29,518179.72,4929291.52,6295979.38,205430.43,1445368.16,666629.98,5640042.26,1506086.7,11193316.25,1309066.49,1023451.6,780529.5,1752244.03,34639853.24,34639853.24,356418.79,22776.76,0,333642.03,0,2512088.21,538104.75,679544.93,1294438.53,366624349.67,31940663.77,196469595,138214090.9,6997819,6151615.66,153445.13,16232.32,647140.37,29385.52,9859691.85,8935058.1,924633.75,15099671.33,14965.74,222988.17,13267.69,14738177.6,65020.97,45251.16,112755.89,92336.53,0,20419.36,25181.57,25181.57,14562515.02,3129.9,28490.43,12252610.76,2664.43,56543.61,2151980.35,67095.54,2428153.53,992156.35,10230.03,15549.33,408295.46,77238.29,924684.07,449.42,449.42,45400.27,45400.27,103021.79,56283.43,688.21,46050.15,188635.54,37261.14,8.86,0,151365.54,756189.34,128932.96,511433.07,115823.31,1159.85,1159.85,0,0,47175062.75,47175062.75,739478674.11,821560766.6,,,,,,202506,2025-06-01,confaz_boletim_tributos_estaduais,planilha1,confaz_boletim_tributos_estaduais_20260330.xls,20260330,unmapped
21,RS,202506,2025,6,280402408.9,105849350.6,20709889.2,11020.34,406972669.04,133019747.6,10245380.35,1458728.49,144723856.44,17912085.2,16050765.76,1770322.45,90996.99,10664830.24,835570.32,0,4761.79,9720529.57,103968.56,2059565228.77,231771939,204442859.3,1111332.27,10073773.27,16404202.67,36087998.62,16771529.46,37819980.02,5424030.04,719089406.9,169462028.3,6349212.12,90273261.55,54028994.98,36529522.29,76937966.57,27223526.73,23464253.64,119134313.5,108230508.8,2909314.1,37979104.49,21510397.71,6535772.44,266019917.3,266019917.3,4131368.96,41596.91,119383.32,3970388.73,0,3171838.92,475031.2,920779.77,1776027.95,1577990951.8,121606084.6,723070990.1,733313877.1,96968917.7,90313132.48,1792140.76,259639.68,4259904.88,344099.9,43205809.44,42042375.53,1163433.91,100355527.87,607676.07,535929.13,98449.32,98270490.37,343754.43,499228.55,63631.05,63229.51,0,401.54,8451.71,8451.71,1420973.84,928.92,149706.67,834397.7,2556.67,67541.2,249872.9,115969.78,3077871.42,902125.18,1436.18,170711.23,1094788.23,125716.43,783094.17,0,0,95099.75,95099.75,104488.64,103654.17,819.1,15.37,257342.49,138049.6,2630.14,0,116662.75,1462116.85,366048.88,888585.34,207482.63,4911.36,4911.36,0,0,108652311,108652311,4295133674.31,4702106343.35,MA,Maranhao,Northeast,TRUE,TRUE,202506,2025-06-01,confaz_boletim_tributos_estaduais,planilha1,confaz_boletim_tributos_estaduais_20260330.xls,20260330,mapped
22,RO,202506,2025,6,60588998.73,3261122.98,469114.74,62998199.74,127317436.19,16469524.83,2249252.61,14603.67,18733381.11,2280967.49,2149855.49,123252.31,7859.69,13037184.31,0,9447356.01,2185344.46,1404483.84,0,138254081.49,30901913.17,38036845.39,0,63556.24,232605.58,2952692.8,537134.72,201889.16,142684.5,30995814.13,7257761.29,146810.25,1785257.48,6765673.31,1307883.39,2387346.69,365915.57,42051.34,488468.28,10003454.41,1228956.31,1304522.74,766817.79,338026.95,57985256.4,57985256.4,393861.56,180355.21,1473.97,210569.19,1463.19,1143566.07,213393.53,463604.36,466568.18,372386814.03,46053808.63,187629703.4,138703302,7503589.53,3740811.84,2244957.71,20697.43,1475430.52,21692.03,2398120.74,2259109.37,139011.37,12526721.77,6166.92,173583.58,53710.55,12253306.34,11914.48,28039.9,199279.65,60878.72,12209.99,126190.94,17473.27,17473.27,1764107.29,578.68,359766.15,137333.64,785882.58,101650.82,343521.56,35373.86,1906196.77,561115,3212.11,17703.04,668052.05,143084.76,513029.81,27032.8,27032.8,59551.93,59551.93,136619.83,136619.83,0,0,162648.26,52047.14,0,0,110601.12,636565.68,42633.87,328618.32,265313.49,0,0,0,0,101279297.6,101279297.6,714098936.4699998,841416372.6599998,PI,Piaui,Northeast,TRUE,TRUE,202506,2025-06-01,confaz_boletim_tributos_estaduais,planilha1,confaz_boletim_tributos_estaduais_20260330.xls,20260330,mapped
23,RR,202506,2025,6,12611145.08,699617.52,56806.27,52763345.38,66130914.25,244091.25,0,0,244091.25,660859.83,545615.1,7259.18,107985.55,296452.44,0,0,258.74,296193.7,0,41435289.94,1866579.6,10316775.65,0,12427.44,37585.06,3360.96,216398.63,16418.5,51048.53,19455742.88,681564.64,10673.92,401591.5,1478405.96,0,114949.81,90291.65,16359.33,158753.42,6003909.24,151139.29,213402.05,99567.1,38344.78,16614994.27,16614994.27,9991.68,0,0,9991.68,0,552052.66,115967.01,146507.79,289577.86,92223932.65,5151219.74,47016611.86,40056101.05,1878954.77,914031.43,35.81,875127.81,47772.42,41987.3,791031.22,754937.1,36094.12,4239308.42,3508.04,67962.74,2383.93,4160522.45,2862.69,2068.57,258.74,258.74,0,0,809.08,809.08,166605.17,112.27,6851.44,1974.34,0,6362.06,143126.22,8178.84,419581.44,91412.3,18365.28,1610.55,146107.15,24472.84,137613.32,1171.99,1171.99,510.53,510.53,5156.1,5155.1,1,0,21190.61,2,0,0,21188.61,71608.61,9306.85,33265.97,29035.79,1,1,0,0,9815385.56,9815385.56,169205146.71000004,235336060.96000004,CE,Ceara,Northeast,TRUE,TRUE,202506,2025-06-01,confaz_boletim_tributos_estaduais,planilha1,confaz_boletim_tributos_estaduais_20260330.xls,20260330,mapped
24,SC,202506,2025,6,461331537.8,69559564.37,119091977.9,66697.68,650049777.75,57946532.58,2880042.34,2154651.88,62981226.8,11678076.81,4712152.02,6424394.92,541529.87,9866663.28,1566.53,0,26340.78,8687187.76,1151568.21,1448314235.72,92258496.27,181959237.3,30210284.01,60050638.03,67110604.78,3909687.26,19169439.63,37003335.1,5180058.4,407788576.8,61626370.81,2640043.69,73095565.18,54226310.31,46452357.04,48617383.74,8778599.58,49769392.47,69845257.53,83659345.15,10040948.35,17548847.33,11913336.39,5460120.57,241676216.6,241676216.6,3141276.31,70740.14,751.86,3036936.75,32847.56,8820624.65,1262419.95,2224775.54,5333429.16,1596112266,125196201.1,871467627.7,599448437.2,156776011.21,124973174.9,753726.6,446850.81,30388242.45,214016.45,41989984.97,40419781.2,1570203.77,82403204.22,2669469.9,542260.2,152323.43,76669699.16,1559573.53,809878,509415.8,448484.22,0,60931.58,1007315.77,1007315.77,16472208.48,299.24,5222056.91,1739596.89,18981.92,596818.61,8525326.18,369128.73,8887316.65,3369252.36,11213.98,152730.26,1632810.51,175012.33,3546297.21,6456681.93,6456681.93,323065.28,323065.28,346806.78,79465.36,1361.12,265980.3,2227437.89,148823.81,170639.18,0,1907974.9,2517104.41,199916.19,1449055.45,868132.77,2992.66,2992.66,0,0,56255290.17,56255290.17,3695784195.5899997,4345833973.34,RN,Rio Grande do Norte,Northeast,TRUE,TRUE,202506,2025-06-01,confaz_boletim_tributos_estaduais,planilha1,confaz_boletim_tributos_estaduais_20260330.xls,20260330,mapped
25,SP,202506,2025,6,860595091.49,444645137.56,859843437.37,0,2165083666.42,121661236.05,98476002.13,23056088.46,243193326.64,41112496.44,38272199.47,2828043.19,12253.78,55377915.18,0,10976324.18,322444.45,41335852.88,2743293.67,8750295591.57,775940598.6,361692900.07,8054261.03,85148909.29,61249139.23,14466268.56,17446896.67,280120200.68,30408736.56,2042490464.42,1250546806.69,290052691.58,597732847.74,261884312.06,178916517.49,325814860.78,203588255.71,292755103.26,396649804.1,1027655766.24,39219983.75,37690695.94,119545371.99,51224199.13,1191284476.37,1191284476.37,20399209.95,6258939.35,56660.18,14016309.53,67300.89,27800896.23,3189985.74,6694551.04,17916359.45,6551931274.12,451620141.58,4386843019.09,1713468113.45,687713835.08,492678741.4,4493349,12205628.45,176080992.32,2255123.91,165446322.41,155571935.95,9874386.46,650739306.79,8897079.8,2381309.5,1405522.13,551014456.31,56249000.99,30791938.06,13406802.64,12841607.64,208495.95,356699.05,635277.78,635277.78,95448370.69,6527.7,5621574.71,11716596.23,24067511.07,3780764.41,49939156.21,316240.36,68641595.98,19774648.25,518913.82,173769.93,13839164.31,1649015.32,32686084.35,270591.02,270591.02,1471811.51,1471811.51,5340301.19,4865844.86,18882.67,455573.66,5201313.88,861602.53,435790.29,0,3903921.06,19495159.26,3005584.84,15376783.88,1112790.54,0,0,0,0,915808299.9,915808299.9,19267820847.989998,21432904514.409996,PB,Paraiba,Northeast,TRUE,TRUE,202506,2025-06-01,confaz_boletim_tributos_estaduais,planilha1,confaz_boletim_tributos_estaduais_20260330.xls,20260330,mapped
26,SE,202506,2025,6,32287183.71,4078640.08,1470303.48,2416519.42,40252646.69,4548540.74,269703.93,41007.2,4859251.87,303898.36,152732.76,113213.17,37952.43,7421564.31,0,2158372.07,0,5263192.24,0,158429896.34,13337982.01,27220009.57,25482.6,1642869.86,534559.35,778489.55,272773.59,137621.15,0,56114040.98,27798728.39,590901.71,2968345.87,9568621.73,872260.06,1866143.58,694844.36,395762.94,706427.28,10705086.23,1132462.48,663496.68,402986.37,0,57487770.52,57487770.52,376726.81,360440.83,0,16285.98,0,0,0,0,0,227597304.3,22217759.39,101157052.48,104222492.43,7228061.46,6583837.17,10547.92,55094.35,578582.02,0,5968582.54,5968582.54,0,13170232.58,0,0,5984.22,13164248.36,0,0,0,0,0,0,0,0,0,0,0,0,0,0,0,0,412753.84,0,0,0,412753.84,0,0,0,0,0,0,0,0,0,0,0,0,0,0,0,0,0,0,0,0,0,0,0,24816203.86,24816203.86,503212994.91999996,543465641.6099999,PE,Pernambuco,Northeast,TRUE,TRUE,202506,2025-06-01,confaz_boletim_tributos_estaduais,planilha1,confaz_boletim_tributos_estaduais_20260330.xls,20260330,mapped
27,TO,202506,2025,6,24299829.47,11098041.89,4501341.77,945606.29,40844819.42,6574983.17,6625158.86,182853.36,13382995.39,9087013.25,8203335.71,811659.77,72017.77,2802598.13,0,0,194848.44,2607749.69,0,239092631.35,20099175.53,40638464.4,10023.75,17928.32,202607.95,604833.86,532630.83,91129.52,111225.21,141791447.93,4578550.45,105813.24,2225596.97,7046573.05,111169.26,3336724.8,198923.74,83580.25,756530.96,13819053.62,867716.02,478198.12,1013848.88,370884.69,45789191.93,45789191.93,615845.34,577075.6,0,38769.74,0,460825.9,42807.28,131413.26,286605.36,186531024.35,27521889.31,97852567.71,61156567.33,7995880.68,7300584.64,19205.25,14728.1,648040.55,13322.14,2584721.67,2470055.05,114666.62,10203631.46,42837.21,0,12974.16,10112985.67,3505.28,31329.14,14224.73,14224.73,0,0,9999.56,9999.56,929089.66,0,174.17,30737.64,133592.49,9787.43,736121.45,18676.48,846701.53,473351.22,0,1120.46,219534.37,2699.25,149996.23,0,0,1387.8,1387.8,1785.26,1785.26,0,0,8506.25,0,0,0,8506.25,85854.83,1621.92,81074.59,3158.32,0,0,0,0,39193676.49,39193676.49,546254590.1699998,587099409.5899998,AL,Alagoas,Northeast,TRUE,TRUE,202506,2025-06-01,confaz_boletim_tributos_estaduais,planilha1,confaz_boletim_tributos_estaduais_20260330.xls,20260330,mapped
1,AC,202507,2025,7,17933448.42,639429.7,11475610.65,0,30048488.77,2407678.84,197681.87,28786.53,2634147.24,5618536.65,5569481,47150.67,1904.98,157968.47,0,0,0,157968.47,0,38662517.3,6010302.57,9957404.36,767.31,12970.89,120663.65,186356.09,350648.63,3633.79,58316.55,10245443.64,780615.71,147542.66,530506.96,1951545.76,38790.81,250711.42,75620.22,48054.55,347427.67,6694783.15,433605.08,290411.11,29114.95,97279.77,16053095.69,16053095.69,254910.49,249039.72,5870.77,0,0,544781.29,133288.26,141724.62,269768.41,111285967.08,6827036.6,64513726.6,39945203.88,803600.28,417386.4,22797.78,43389.01,313881.16,6145.93,919015.74,863253.1,55762.64,5477392,15225.03,35730.76,3120.96,5393008.74,14403.7,15902.81,16452.99,16175.88,0,277.11,18626.35,18626.35,382819.93,1891.97,9555.36,93118.19,0,17532.61,199194.23,61527.57,458803.31,32429.2,12587.95,4309.84,187304.84,28667.93,193503.55,0,0,43138.43,43138.43,24393.41,24391.39,2.02,0,41490.57,18249.81,0,0,23240.76,276983.74,8585.03,201100.98,67297.73,27.7,27.7,0,0,17204428.67,17204428.67,198244950.09000003,228293438.86000004,,,,,,202507,2025-07-01,confaz_boletim_tributos_estaduais,planilha1,confaz_boletim_tributos_estaduais_20260330.xls,20260330,unmapped
2,AL,202507,2025,7,84981390.5,10070364.66,826471.64,14256289.37,110134516.17,4099017.62,148404.77,55541.71,4302964.1,1494625.08,1276559.51,154946.99,63118.58,7762167.85,0,1958634.45,814922.14,2428736.42,2559874.84,179385974.17,20775698.31,49581664.87,157209.57,457147.81,894103.78,148300.4,635679.92,1120242.59,253760.67,40665263.59,15088087.6,521828.9,11922370.94,5563829.6,1156424.44,2255904.15,1589657.3,1645874.31,3375724.43,17371712.38,1563180.42,1295345.41,880745.72,466217.06,70295518.76,70295518.76,1258619.25,602621.09,5663.98,642079.74,8254.44,2401543.86,205508.68,1499803.02,696232.16,397386778.11,26285043.75,237231990.21,133869744.15,21963828.28,14329411.26,970970.24,72911.56,3919678.82,2670856.4,10764219.49,8044416.15,2719803.34,14206550.88,29756.16,408139.9,37776.6,13451265.82,211690.96,67921.44,196078.79,167687.35,22387.24,6004.2,152592.96,152592.96,2255528.74,5878.51,61190.43,241602.75,11693.85,202691.41,1686353.9,46117.89,1611815.09,365641.56,12703.39,184305.26,381505.59,30655.94,637003.35,12.48,12.48,89502.32,89502.32,197664.78,193219.26,303.46,4142.06,267174.2,98712.04,68,0,168394.16,694657.44,44887.91,531126.23,118643.3,178.35,178.35,0,0,898568.4,898568.4,713283599.2800002,823418115.4500002,,,,,,202507,2025-07-01,confaz_boletim_tributos_estaduais,planilha1,confaz_boletim_tributos_estaduais_20260330.xls,20260330,unmapped
3,AP,202507,2025,7,11772512.27,295249.64,6870321.27,67331076.36,86269159.54,673102.7,0,0,673102.7,93824.79,92107.06,1183.35,534.38,249832.08,0,0,27334.62,222497.46,0,23981357.85,1462749.18,9411834.88,0,887.88,42008.89,2983.4,366790.58,495023.35,4460.42,937556.59,1045864.4,31108.67,999569.82,1528024.07,11068.38,199680.09,334824.37,1007492.09,175595.04,5461412.39,260362.98,78497.23,119308.58,4254.57,11078772.32,11078772.32,128933.87,121249.97,4.71,7679.19,0,299508.73,252008.01,13859.95,33640.77,90799702.53,5756625.61,66305275.26,18737801.66,1019281.08,506485.84,298793.91,8576.22,198613.94,6811.17,446427.49,439719.27,6708.22,6234513.05,28.21,78685.63,9326.62,6135931.88,10431.8,108.91,2218.67,2218.67,0,0,2394.55,2394.55,126500.79,664.62,0,26554.54,225.21,771.88,87183.33,11101.21,124754.73,1237.43,0,171.86,100133.36,3990.82,19221.26,0,0,4590.42,4590.42,52647.02,52647.02,0,0,1592.8,9.03,0,0,1583.77,121734.94,15062.85,23187.03,83485.06,4.02,4.02,0,0,13632511.22,13632511.22,148401102.95,234670262.49,,,,,,202507,2025-07-01,confaz_boletim_tributos_estaduais,planilha1,confaz_boletim_tributos_estaduais_20260330.xls,20260330,unmapped
4,AM,202507,2025,7,106022042.26,4515032.55,24076163.22,148585280.93,283198518.96,8211940.44,5609942.87,9356.95,13831240.26,293442.09,276316.93,8401.43,8723.73,8375132.63,0,5661735.8,2475542.62,237854.21,0,605418632.82,10582688.07,61334075.55,0,755370.81,460762.84,29406.98,254659.11,2587170.97,251925.69,56318300.26,15258657.16,4560986.12,27654282.84,3702434.86,5823027.09,19852711.79,200541915.29,7516152.6,20398987.96,30266340.22,131953047.31,1227085.37,3877775.32,210868.61,49340401.56,49340401.56,1802528.91,906429.79,0,896099.12,0,319866.75,1619.43,45463.36,272783.96,441737210.11,33888031.3,211870526.47,195978652.34,80861930.68,61709674.88,12836316.72,270347.1,6032714.51,12877.47,8480138.92,8479621.27,517.65,29086596.17,33646.45,1844.79,29823.89,28865590.19,152721.15,2969.7,92666.85,92666.85,0,0,0,0,9.82,0,0,0,0,6.78,1,2.04,2815135.64,0,0,25486.34,2789613.64,0,35.66,0,0,0,0,631.37,630.37,1,0,247721.84,0,247001.97,0,719.87,98704.06,0,97635.99,1068.07,0,0,0,0,50082141.96,50082141.96,1279052892.18,1562251411.14,,,,,,202507,2025-07-01,confaz_boletim_tributos_estaduais,planilha1,confaz_boletim_tributos_estaduais_20260330.xls,20260330,unmapped
5,BA,202507,2025,7,244985149.58,26495999,72314374.63,0,343795523.21,0,0,0,0,11150289.96,9788960.68,1220845.09,140484.19,46727572.66,0,23859048.34,5151143.46,10603349.09,7114031.77,1451701231.5,97039732.72,252827054.57,235576.83,6940529.7,3449805.41,4036886.34,1101982.49,17743570.89,412687.01,594348798.87,170816995.37,6108465.08,70455915.78,48722547.13,18412301.75,13361610.05,7189049.27,10354293.88,11894737.72,95959863.09,4714710.8,5433653.5,2922196.22,7218267.03,241643565.33,241643565.33,5989912.36,4991277.36,1352.75,996459.63,822.62,1963526.36,1074399.28,64210.81,824916.27,1302315355.9,89085194.42,665072770.63,548157390.85,46654475.52,32107549.89,2063087.49,333606.66,11868685.72,281545.76,33433671.29,29124715.93,4308955.36,67104997.43,105295.66,295255.82,296245.78,64731786.4,1266427.66,409986.11,325678.77,321628,0,4050.77,260432.58,260432.58,10773553.16,2178.31,112380.48,583345.13,55045.47,382909.62,9426540.5,211153.65,7871499.03,2412246.92,9385.57,68646.13,2592548.67,283576.45,2505095.29,70564.1,70564.1,214404.52,214404.52,470141.57,469566.57,442.69,132.31,368683.39,134070.18,6720.65,154.87,227737.69,1904483.43,297472.16,1136123.57,470887.7,1353.73,1353.73,0,0,0,0,3230945392.589999,3574740915.799999,,,,,,202507,2025-07-01,confaz_boletim_tributos_estaduais,planilha1,confaz_boletim_tributos_estaduais_20260330.xls,20260330,unmapped
6,CE,202507,2025,7,85857773.55,32570795.56,1407774.06,590417.46,120426760.63,7659948.79,7131615.09,251025.52,15042589.4,3397346.34,2234547.62,120340.56,1042458.16,10343475.49,0,2948497.85,1158.68,7393818.96,0,615026529.24,59272266.44,101310137.62,103969.63,23719763.37,16471511.57,33449256.97,1102548.8,9020062.38,1074840.9,210680088.1,29362904.59,3654382.16,15176913.14,28569332.09,5736493.91,10012875.21,2937153.51,6201481.62,5147012.59,38693354.02,4444750.25,5861347.58,2901189.73,122893.06,164782900.66,164782900.66,819358.59,285630.65,47998.1,485729.84,0,3050520.41,1557166.49,734312.86,759041.06,876869761.51,77463276.31,560909245.35,238497239.85,30884709.24,25223823.05,1042199.51,438270.46,3908913.64,271502.58,20445798.67,19041361.74,1404436.93,46029789.75,480162.67,388.94,23594.92,45524751.04,739.86,152.32,565510.77,169727.98,395782.79,0,97920.7,97920.7,324159.87,65.73,0,306786.53,0,2611.08,9660.11,5036.42,2906320.22,805247.47,8415.4,2149.35,1917824.39,17327.49,155356.12,6478113.93,6478113.93,158970.08,158970.08,652155.61,561538.77,0,90616.84,529180.58,6768.81,0,0,522411.77,85593.62,2397.46,16594.19,66601.97,0,0,0,0,68652879.03,68652879.03,1852100994.3099997,1972527754.9399996,,,,,,202507,2025-07-01,confaz_boletim_tributos_estaduais,planilha1,confaz_boletim_tributos_estaduais_20260330.xls,20260330,unmapped
7,DF,202507,2025,7,165153706,28251663.1,18734087.34,11947169.67,224086626.11,10488760.53,13083502.63,712253.59,24284516.75,2406644.31,2350804.65,53989.4,1850.26,152255.41,0,0,0,152255.41,0,200045232.1,14580704.46,42329707.99,202886.15,356595.33,672202.58,50211.86,414285.75,388084.79,63193.29,27733673.86,3487034.59,5702623.51,4144882.32,15868018.49,399780.2,5199380.65,2831577.11,3168607.63,1621922.11,67105764.84,1226198.33,1129732.99,1367896.84,266.43,75812884.09,75812884.09,615901.92,2438.27,0,613463.65,0,5158.43,2630.98,491.49,2035.96,597292661.2,62577797.6,377246133.6,157468730,10918228.71,8499327.87,179.63,297218.44,1990678.82,130823.95,15870240.58,15859132.33,11108.25,50687027.79,25211.1,2023.76,283356.48,50376435.45,0,1,0,0,0,0,0,0,2542.84,0,0,0,0,2542.84,0,0,458297.99,0,0,0,384867.79,0,73430.2,0,0,5.14,5.14,0,0,0,0,1.04,1.04,0,0,0,1562.72,0,1560.88,1.84,0,0,0,0,120129437.2,120129437.2,1074398081.47,1298484707.58,,,,,,202507,2025-07-01,confaz_boletim_tributos_estaduais,planilha1,confaz_boletim_tributos_estaduais_20260330.xls,20260330,unmapped
8,ES,202507,2025,7,109958633.79,15781676.95,77508904.18,13788776.26,217037991.18,9270542.69,45176.17,34076.55,9349795.41,1861000.57,1686168.12,171999.58,2832.87,207932812.05,0,198897426.43,1246302.1,6528775.29,1260308.23,309867851.2,31292599.06,57972384.33,0,643683.95,2320288.66,148760.7,1753221.1,2496426.14,605815.38,76400649.46,19150998.84,3134805.33,9710051.58,25581931.96,27766360.09,11987959.57,1541113.42,2329434.98,4296584.48,18407607.56,4577217.12,2740079.89,2088367.24,2921510.36,104333236.14,104333236.14,4278632.61,13708.07,6004.41,4258920.13,0,4492980.11,209474.11,2104624.84,2178881.16,1010377754.7,70515461.23,724285088.43,215577205.04,172088641.78,69899223.78,5270169.54,11715.97,96673794.41,233738.08,14165717.21,13760192.89,405524.32,31796684.63,37071.56,73461.6,88745.94,30384791.68,568931.45,643682.4,1061212.99,1061212.99,0,0,138370.72,138370.72,3631247.73,1290.02,193564.3,602040.44,3087.85,289433.18,2500577.67,41254.27,2618924.19,1365055.03,18818.5,8244.38,546236.66,58638.51,621931.11,0,0,99768.75,99768.75,223102.4,222506.59,595.81,0,53322.1,3253.8,0,0,50068.3,684529.21,138446.51,313612.52,232470.18,428.02,428.02,0,0,134596983.45,134596983.45,2004303200.5600004,2221341191.7400002,,,,,,202507,2025-07-01,confaz_boletim_tributos_estaduais,planilha1,confaz_boletim_tributos_estaduais_20260330.xls,20260330,unmapped
9,GO,202507,2025,7,201787691.01,72679163.54,164472874.81,321277412.72,760217142.08,28605037.04,31437731.89,171405.85,60214174.78,43445763.85,41035472.15,2371007.24,39284.46,14330469.96,0,13680,6294662.81,7852307.77,169819.38,793082365.41,136254033.82,115705089.42,291880.22,1251317.28,8148073.16,1780657.62,1363590.09,5848177.4,1100931.78,311150641.8,49629783.69,19976933.98,20517055.36,21432365.79,1640052.73,14056021.24,2178080.18,1415630.09,10770816.56,55517346.35,2592307.56,3906547.35,3541852.79,3013179.15,155082270.66,155082270.66,4162246.66,1701305.97,359625.91,2099684.46,1630.32,4467205.98,459575.24,2001374.21,2006256.53,1279658307.21,124748109.13,795295784.85,359614413.23,69029853.68,64234990.97,7702.63,156051.45,4117720.96,513387.67,20675242.99,18015287.13,2659955.86,55474656.41,170980.27,214032.9,133763.74,54377656.58,190221.38,388001.54,308947.49,295406.03,5618.02,7923.44,267770.75,267770.75,2146012.3,24563.16,151919.51,813974.21,7220.7,407776,508557.68,232001.04,8214735.71,1502749.99,12313.8,27087.75,1081026.02,65448.67,5526109.48,3229.06,3229.06,651360.27,651360.27,214597.52,211136.38,2025.85,1435.29,442539.58,61517.43,2512.67,0,378509.48,1140588.14,266656.81,612102.65,261828.68,839.46,839.46,0,0,99233772.69,99233772.69,2552032775.7799993,3312249917.859999,,,,,,202507,2025-07-01,confaz_boletim_tributos_estaduais,planilha1,confaz_boletim_tributos_estaduais_20260330.xls,20260330,unmapped
10,MA,202507,2025,7,75150348.39,9784689.72,34453120.51,45374406.52,164762565.14,27756616.34,9883832.39,0,37640448.73,6912400.13,6446253.89,367757.45,98388.79,20892637.13,0,6853958.75,11045761.2,2897972.67,94944.51,349755995.95,10333689.6,114057207,208022.27,320943.85,1814402.94,331938.49,165154.64,2923368.36,202344.21,80339095.59,47219958.05,1096558.34,7192121.6,14101222.44,21367741.43,1192773.71,1054740.49,479523.32,2796492.99,35126340.3,3731883.35,2154485.16,1037983.15,508004.67,151525954.4,151525954.4,216828.41,99716.53,5334.11,111777.77,0,4788927.19,2221337.58,1836979.6,730610.01,650102987.36,44865719.06,391658179.9,213579088.4,19123297.67,15525717.9,1175634.76,51731.81,2338934.05,31279.15,6404462.93,5951560.58,452902.35,33326258.8,26068.89,75544.21,19125.49,32970675.93,192518.36,42325.92,688721.97,686582.22,0,2139.75,142318.03,142318.03,4400518.28,6233.74,59328.48,278365.83,0,63717.69,3907362.2,85510.34,2742934.05,1284400.97,34066.43,23922.91,837540.16,52330.72,510672.86,80000051.75,80000051.75,78275.48,78275.48,86201.77,79350.51,2814.46,4036.8,163298.05,8062.5,637.5,0,154598.05,598955.24,48164.93,367669.47,183120.84,81.76,81.76,0,0,46324773.11,46324773.11,1378275879.46,1543038444.6,,,,,,202507,2025-07-01,confaz_boletim_tributos_estaduais,planilha1,confaz_boletim_tributos_estaduais_20260330.xls,20260330,unmapped
11,MT,202507,2025,7,162752218.2,17067898.52,94722530.62,202425317.7,476967965.04,18489200.85,17231945.8,1757085.91,37478232.56,42294965.82,41835378.74,396758.38,62828.7,13367055.74,0,1509.07,8557759.97,4797331.57,10455.13,974881698.17,135382161.9,130124492.2,57734.12,1621594.84,1077187.38,1307971.08,4704534.27,1455369.22,176456.35,497697897.7,60980514.63,378291.85,19462446.6,37463452.3,4088919.39,7730797.87,2491624.31,10894911.75,9367228.36,41737847.41,2016937.44,2052403.87,1638770.84,972152.49,110547786.5,110547786.5,787812.16,33605.69,583.78,751676.33,1946.36,1995697.33,982402.35,477941.85,535353.13,937979756.9,118244820.8,445027898.8,374707037.3,76933649.1,63151237.77,74226.39,176616.98,9266379.32,4265188.64,8899561.9,8336547.62,563014.28,23224059.16,15448.87,166146.67,67950.46,22631000.59,143649.67,199862.9,772452.38,738254.47,19971.71,14226.2,166803.27,166803.27,3252277.09,1455.58,173460.65,888372.48,253006.7,120723.56,1765209.04,50049.08,3674266.69,1981928.96,3070.37,55025.77,1035767.14,64655.55,533818.9,5896044.3,5896044.3,219579.07,219579.07,190681.28,189900.66,599.4,181.22,124661.42,3080.93,0,0,121580.49,733265.79,289283.92,279641.28,164340.59,2124.78,2124.78,0,0,0,0,2205944198.850001,2682912163.890001,RO,Rondonia,North,TRUE,TRUE,202507,2025-07-01,confaz_boletim_tributos_estaduais,planilha1,confaz_boletim_tributos_estaduais_20260330.xls,20260330,mapped
12,MS,202507,2025,7,42211616.78,36642964.69,6009871.64,130606892.46,215471345.57,2989628.37,2860328.92,0,5849957.29,32469144.53,30901525.79,1433291.4,134327.34,6711944.62,0,0,2130736.11,4205729.42,375479.09,653601416.2,97193309.2,70758081.2,4320806,3500761.56,2571733.12,1615266.86,1603225.85,14399698.73,342394.72,375492140.41,10494388.33,5350500.79,7462002.95,10392867.03,4578925.81,7449808.32,955210.5,2299865.56,587412.68,26002493.89,942545.79,830593.26,1221598.39,3235785.25,153561949.14,153561949.14,2121914.53,253138.54,792853.83,1075922.16,0,1641955.59,374845.06,844539.57,422570.96,463400294.52,61994789.95,266643921.94,134761582.63,52021044.43,46502447.92,103558.95,37570.94,5121603.89,255862.73,5180194.49,4812671.82,367522.67,21156396.2,39493.77,48450.81,41484.36,20941343.01,62818.18,22806.07,1678015.54,1496466.21,0,181549.33,92356.23,92356.23,1438187.41,5697.83,9716.69,165720.74,2358.82,166491.15,1014156.11,74046.07,2918317.04,546724.41,19063.88,84334.79,411020.73,50729.15,1806444.08,1669579.78,1669579.78,67094.68,67094.68,26320.85,25023.66,1047.18,250.01,120391.9,19523.45,68.48,0,100799.97,615934.38,132931.25,354183.16,128819.97,10.05,10.05,0,0,41162239.02,41162239.02,1441654701.1300004,1657126046.7000003,AC,Acre,North,TRUE,TRUE,202507,2025-07-01,confaz_boletim_tributos_estaduais,planilha1,confaz_boletim_tributos_estaduais_20260330.xls,20260330,mapped
13,MG,202507,2025,7,457858937,183021043.7,238716264.6,514451110.3,1394047355.6,73042159.39,22043211,3068059.58,98153429.97,38935660.6,27934724.38,10756183.11,244753.11,141188276.92,141.99,4707187.99,120262671.8,12397313.29,3820961.85,3337979535.23,308244731.5,212633319.6,149808322.2,11836999.92,24126018.45,13555572.12,10340286.42,34930191.86,4620311.08,1339008430,176573079.3,49313756.81,74816322.77,145044786.8,175451064.8,88702181.77,31852136.93,75866000.16,101432471,234106195.3,17478940.12,27855258.99,17989708.76,12393448.57,549042539.8,549042539.8,6716580.77,40961.33,142841.73,6532777.71,0,8526625.23,1142857.72,3040792.89,4342974.62,2443367397.7,230484656.3,1551177033,661705708.4,127539861.89,112648452.4,158854.53,87592.63,14475774.17,169188.16,64036920.15,61806455.09,2230465.06,172952824.5,407521.74,397955,515437.26,168056621,1783359.53,1791929.97,6393972.24,4919860.53,344.9,1473766.81,375228.3,375228.3,24488742.43,2003.43,531840.27,1765159.28,143054.57,681937.02,20763470.05,601277.81,19522307.16,4290046.16,371846.56,30666.55,6398977.54,343457.49,8087312.86,18628.97,18628.97,904737,904737,1110355.2,1102706.06,5681.33,1967.81,871878.92,134378.01,64197.19,222.93,673080.79,2807482.33,526602.94,1684676.58,596202.81,4018.7,4018.7,0,0,230480560.5,230480560.5,7177264134.54,8571311490.139999,AM,Amazonas,North,TRUE,TRUE,202507,2025-07-01,confaz_boletim_tributos_estaduais,planilha1,confaz_boletim_tributos_estaduais_20260330.xls,20260330,mapped
14,PR,202507,2025,7,250223884.01,113380220.34,7945642.4,0,371549746.75,16266531.93,19351463.78,88357.47,35706353.18,7646466.13,6207964.75,1216062.86,222438.52,32850068.49,0,4120480.68,13775.15,28460493.57,255319.09,813131376.14,87058492.66,30033751.12,26677793.37,11037024.73,15987443.87,2515144.74,37155188.93,92144199.16,6451176.4,14265935.81,98444912.95,18914229.88,53531928.75,46028846.2,11422016.04,36696278.62,13584207.33,29978094.57,58213335.2,70260324.99,3312329.71,28974634.28,17856272.46,2587814.37,309319442.96,309319442.96,2044362.61,68779.75,121.07,1975461.79,0,7284006.52,972519.45,2065194.01,4246293.06,2999425243.26,298873494.62,2217759750.3,482791998.34,151430247.8,104993383.27,978349.69,2449311.58,24677877.75,18331325.51,25427229.69,23907884.86,1519344.83,96871978.67,1182521.83,5736.92,287246.76,94134452.26,1141364.39,120656.51,35843.55,34408.17,1359.13,76.25,407615.95,407615.95,2191306.83,1392.48,88361.62,1177682.23,782947.55,70013.79,53077.62,17831.54,2660878.16,175270.03,2.03,1351.78,2209283.82,55508.78,219461.72,11613.88,11613.88,302793.24,302793.24,58754.5,58469.34,83.28,201.88,69620.45,2554.33,96.02,0,66970.1,661553.4,156885.27,451657.4,53010.73,577.27,577.27,0,0,10769637.42,10769637.42,4462600616.919999,4834150363.669999,RR,Roraima,North,TRUE,TRUE,202507,2025-07-01,confaz_boletim_tributos_estaduais,planilha1,confaz_boletim_tributos_estaduais_20260330.xls,20260330,mapped
15,PB,202507,2025,7,72998702.43,6886848.96,3462984.7,7210349.99,90558886.08,13527039.1,3254467.67,0,16781506.77,1418397.84,1324172.38,18912.4,75313.06,5400453.44,1575551.1,154176.02,63310.52,3569277.53,38138.27,225158513.78,24913495.22,42031980.89,27235.33,4507629.71,4002145.4,1447707.24,376197.45,1019380.85,695999.07,78924498.47,5127538.86,657350.98,6472717.33,19599911.74,1012912.83,4851365.81,916091.41,905503.63,1513235.93,20905879.49,1639933.23,2683573.01,905707.16,20522.74,57486057.19,57486057.19,69840.85,53426.31,0,16414.54,0,442960.97,109735.63,142409.17,190816.17,520957694.91,38063147.63,253747885.35,229146661.93,15159431.9,14312748.23,62962.74,87342.42,691067.51,5311,7452725.13,7409664.82,43060.31,20061789.16,143807.13,1,64129.23,19708523.36,143834.29,1494.15,46830.98,46810.61,0,20.37,120.1,120.1,18907,1650.97,928.28,707.8,2.91,10117.99,5139.17,359.88,713493.36,73911.59,2251.11,3319.97,591245.04,2414.77,40350.88,368.8,368.8,7406.22,7406.22,6203.14,6197.72,5.42,0,1376.47,582.19,0,0,794.28,34532.57,0,31079.53,3453.04,2.54,2.54,0,0,0,0,854437106.35,944995992.4300001,PA,Para,North,TRUE,TRUE,202507,2025-07-01,confaz_boletim_tributos_estaduais,planilha1,confaz_boletim_tributos_estaduais_20260330.xls,20260330,mapped
16,PA,202507,2025,7,330281606,15377035,331919374,403824053,1081402068,18698485,3467615,57485,22223585,5486238,2010074,3360511,115653,198111245,0,0,193362273,3276386,1472586,548292105,42518894,139990822,108007,285941,624340,2106640,6911713,1577473,171949,172392320,20296627,931791,11926794,19704303,21962931,4499974,2072889,6564653,40294199,42953236,4307593,1659578,788137,3641301,216308785,216308785,1630880,53216,5249,1572412,3,3572966,452616,1610229,1510121,928403662,77058714,638387651,212957297,75823679,50388687,20058282,78292,4918227,380191,13934965,13559433,375532,38820076,21427,251573,30804,38286420,79376,150476,2119448,2117823,0,1625,110802,110802,2989715,2602,9440,663737,3653,58742,2171920,79621,4615181,1398689,55713,68860,2151620,145902,794397,378076,378076,43659,43659,297697,295361,62,2274,308428,5231,0,0,303197,8810221,8208721,443315,158185,143,143,0,0,171820089,171820089,2221878060,3303280128,AP,Amapa,North,TRUE,TRUE,202507,2025-07-01,confaz_boletim_tributos_estaduais,planilha1,confaz_boletim_tributos_estaduais_20260330.xls,20260330,mapped
17,PE,202507,2025,7,128202321.86,15494222.99,8791055.59,40877796.07,193365396.51,17903446.32,9655372.13,2685314.15,30244132.6,1424258.04,1263122.31,52978.95,108156.78,5007705.24,0,0,2621.76,5004872.33,211.15,592107093.81,86061157.08,100119345.22,16212.71,4785799.03,7025811.93,895234.79,2290614.42,8542014.56,1078208.34,106265108.77,49590101.27,10981573.08,31616451.08,23321997.32,7872584.7,12150744.9,9259415.47,11488537.73,9476759.7,92623179.43,6662341.94,5059975.15,2534015.2,2389909.99,171914382.86,171914382.86,1567082.71,176996.02,261719.13,1128367.56,0,146518.79,43441.83,7316.1,95760.86,1235631992.18,84183396.18,789554148.1,361894447.9,59393552.38,43507779.96,1414688.13,375473.9,14000142.71,95467.68,21867504.14,20589161.32,1278342.82,40075304.09,53575.39,285078.06,98185.51,39328630.16,250985.93,58849.04,1025447.52,745177,0,280270.52,29740.53,29740.53,4169818.33,314.7,81895.22,70293.97,719991.22,150866.62,3077071.55,69385.05,3744306.2,1518613.37,32234.79,454116.53,1685044.97,32896.19,21400.35,38672.42,38672.42,127854.5,127854.5,67747.78,65743.12,1740.08,264.58,220017.31,20262.55,8610.49,4665.23,186479.04,1707267.83,103675.16,1302200.02,301392.65,364.28,364.28,0,0,96756750.99,96756750.99,2237023381.93,2430388778.4399996,TO,Tocantins,North,TRUE,TRUE,202507,2025-07-01,confaz_boletim_tributos_estaduais,planilha1,confaz_boletim_tributos_estaduais_20260330.xls,20260330,mapped
18,PI,202507,2025,7,18641159.88,2935519.42,27168733.08,5673855.77,54419268.15,976143.96,731853.01,0,1707996.97,7510954.42,6575528.48,219189.38,716236.56,2411235.97,0,215.95,169619.02,2241401,0,230420117.73,15604944.66,60655369.82,6009.25,19533.57,474052.74,181966.8,19899.99,103143.78,23415.17,102265325.23,9695243.05,381827.31,4876227.14,7088696.2,164847.78,888215.27,364500.17,1363712.2,1404982.99,21588208.96,1638297.33,1137247.54,272783.44,201667.34,84862273.61,84862273.61,145724.46,1125.02,41.67,144557.77,0,2786076.01,1338482.62,1063051.52,384541.87,305037407.27,23375444.13,152733995.02,128927968.12,10498673.03,9108515.21,20887.01,10233.67,1298891.95,60145.19,3213812.51,2946537.28,267275.23,16270815.22,2925.5,205632.56,8883.19,15874925.05,31478.19,146970.73,94534.17,88190.66,0,6343.51,23801.96,23801.96,1725795.2,715.67,41964.29,68843.16,1442.64,64197.26,1517304.18,31328,2144066.3,611340.44,6385.12,70383.28,650335.13,40168.41,765453.92,211340.67,211340.67,59326.48,59326.48,68192.12,24564.39,43485.53,142.2,346082.25,8043.31,0,0,338038.94,368108.96,20780.57,256565.68,90762.71,46.61,46.61,19545.25,19545.25,57482282.95,57482282.95,725700213.1500001,780119481.3000001,,,,,,202507,2025-07-01,confaz_boletim_tributos_estaduais,planilha1,confaz_boletim_tributos_estaduais_20260330.xls,20260330,unmapped
19,RJ,202507,2025,7,171645349.8,129501551.9,1124550.8,523312008.7,825583461.2,88133905.03,16228825.98,2051661.94,106414392.95,1716379.45,1444759.37,150350.98,121269.1,288095542.9,0,189118379.3,1799520.08,3987124.23,93190519.29,1054733869.13,24772390.38,115065372.1,308749.47,2545367.67,13263345.61,2262863.4,596392.16,11426461.12,1060817.47,458733066.6,110616950,33101653.16,49703396.05,44971166.53,32390315.43,28320826.82,1247819.18,1925592.29,25374820.92,45792861.33,5426797.13,2737405.28,15332991.72,27756447.31,462804226.1,462804226.1,4158776.34,224243.2,44945.61,3888558.8,1028.73,6752247.11,361384.89,2406230.03,3984632.19,1169365067.91,27615165.11,693113326.5,448636576.3,292227129.28,205561156.1,17559431.26,7659965.87,61058644.67,387931.38,53739064.84,49532651.54,4206413.3,171302725.2,249123.06,629880.06,2425207.46,165015830.6,1637480.19,1345203.83,3218347.78,3206363.35,5440.94,6543.49,162905.28,162905.28,27478565.97,2006.02,357047.87,16342247.25,8535918.7,485096.13,1583573.97,172676.03,13817871.32,6028851.19,109892.51,110112.37,2593281.25,594288.27,4381445.73,197619.93,197619.93,356940.9,356940.9,132084.4,73872.84,3988.3,54223.26,1066767.71,59309.22,99448.17,943.44,907066.88,2615067.81,209600.24,2080470.53,324997.04,540.88,540.88,0,0,857150831.4,857150831.4,4411092571.639999,5236676032.839999,,,,,,202507,2025-07-01,confaz_boletim_tributos_estaduais,planilha1,confaz_boletim_tributos_estaduais_20260330.xls,20260330,unmapped
20,RN,202507,2025,7,65654007.29,2735775.85,0,0,68389783.14,0,0,0,0,2449105.32,1272227.08,34783.51,1142094.73,29189768.38,0,12158922.26,152273.22,15837808.42,1040764.48,247237072.58,20056888.35,35943238.49,0,1100419.27,5579751.15,90072.51,228065.09,442681.43,317889.47,138750445.3,4141768.71,586153.7,4814985.84,5789313.62,195619.5,1222003.83,664186.27,5335677.27,2070497.3,13323561.42,1376760.92,1201975.62,572687.09,3432430.43,78118488.37,78118488.37,315227.88,30151.21,1.14,285075.53,0,2581777.38,551811.05,870123.79,1159842.54,359184761.02,30060409.82,190291616.8,138832734.4,7911543.28,5877853.72,1087822.23,15375.04,833143.07,97349.22,9271473.58,8371510.23,899963.35,22921828.8,15682.96,190818.7,13729.05,22572027.34,86729.84,42840.91,109922.41,106813.87,0,3108.54,61684.5,61684.5,3561837.28,2390.62,23369.23,1069004.17,11730.42,67599.77,2335665.61,52077.46,1983512.25,747078.46,51732.84,12605.64,444103.26,129064.56,598927.49,789.42,789.42,41624.74,41624.74,134666.74,104626.14,1201.79,28838.81,324273.52,34171.02,719.96,0,289382.54,723750.47,79183.42,491802.37,152764.68,730.22,730.22,0,0,49024837.48,49024837.48,815148675.62,883538458.76,,,,,,202507,2025-07-01,confaz_boletim_tributos_estaduais,planilha1,confaz_boletim_tributos_estaduais_20260330.xls,20260330,unmapped
21,RS,202507,2025,7,234747514.6,170665308,26275184.18,10461.68,431698468.46,115407621.7,74535738.7,1529371.6,191472732,23272806.74,21149344.95,2003586.5,119875.29,10836032.98,865483.78,0,26174.24,9834559.25,109815.71,1924250870.53,216278027.2,152696502.2,2457459.39,9984571.99,16734159.31,32322222.22,16614313.95,44537540.51,5831703.34,584170534,221848504.9,3612962.05,85024855.71,47380795.8,38256590.7,72251690.55,20125557.06,27593549.71,121451085.2,144502755,2345356.06,35504341.75,17110709.28,5615082.65,306238355.9,306238355.9,3694713.34,80143.08,198029.51,3416540.75,0,4084140.86,377798.43,1175475.64,2530866.79,1479189852.5,116991130.1,652168691.5,710030030.9,100753362.44,93338582.12,1466108.18,1313154.47,4360556.56,274961.11,44203180.08,43040487.33,1162692.75,102887924.69,651904.35,417329.85,84697.6,100934563.6,212666.79,586762.5,40184.79,39891.46,272.72,20.61,11039.68,11039.68,2411452.69,740.68,106968.84,1935499.81,2446.72,101185.58,173933.96,90677.1,3319412.31,853723.89,2502.21,174885.74,986544.24,78559.19,1223197.04,0,0,152928.6,152928.6,118387.02,117343.02,821.76,222.24,533459.6,116343.64,693.16,0,416422.8,1619061.18,339196.17,1100646.41,179218.6,4609.99,4609.99,0,0,122034565.2,122034565.2,4129656341.1199994,4561354809.579999,MA,Maranhao,Northeast,TRUE,TRUE,202507,2025-07-01,confaz_boletim_tributos_estaduais,planilha1,confaz_boletim_tributos_estaduais_20260330.xls,20260330,mapped
22,RO,202507,2025,7,64716869.44,3036068.6,614239.93,57706685.74,126073863.71,15813553.67,5276562.07,0,21090115.74,2988699.78,2687991.13,293077.39,7631.26,11723012.57,0,8738169.67,2170475.7,814367.2,0,154260144.39,30725426.41,36591741.16,0,62537.61,247862.32,3037154.47,626018.96,211811.98,91257.73,45556131.63,8099929.96,187630.49,1813671.12,7769426.37,1894269.55,1997302.33,276171.91,51655.32,222469.9,11696369.88,1047010.32,916663.88,838722.51,298908.58,57976221.47,57976221.47,203127.97,120201.95,1372.71,79565.61,1987.7,1038918.6,323825.87,130696.83,584395.9,399271161.79,48905782.29,218113592.3,132251787.2,6991921.71,3840332.17,1952378.81,20235.1,1144959.51,34016.12,3094855.87,2953282.42,141573.45,12876028.09,5181.29,131740.69,25221.12,12675307.8,14957.91,23619.28,278448.14,61705.36,17448.73,199294.05,39612.08,39612.08,797543.45,505.45,35032.64,99283.33,177.52,92237.31,546344.13,23963.07,2185320.28,774091.73,2167.94,11416.26,660628.8,145962.17,591053.38,0,0,21820.22,21820.22,208235.42,208235.42,0,0,177676.08,63531.63,0,0,114144.45,522559.96,43523.74,282028.93,197007.29,0,0,0,0,74178756.96,74178756.96,728834064.8300002,854907928.5400002,PI,Piaui,Northeast,TRUE,TRUE,202507,2025-07-01,confaz_boletim_tributos_estaduais,planilha1,confaz_boletim_tributos_estaduais_20260330.xls,20260330,mapped
23,RR,202507,2025,7,13237135.33,1211735.71,102460.92,61244195.21,75795527.17,783313.28,0,0,783313.28,669104.46,628800.43,28454.63,11849.4,433406.43,0,0,0,433406.43,0,38673894.33,1649092.43,8662591.32,0,10375.33,57783.83,811.25,154754.77,29462.35,66389.22,18401213.57,507546.08,81596.83,611597.46,1396106.15,4638.29,72106.57,400291.96,22963.85,202315.37,6002211.69,123438.58,142023.5,42911.56,31672.37,14972480.86,14972480.86,14264.05,0,0,14264.05,0,485532.3,252852.28,69851.84,162828.18,85879328.5,6161010.28,39194044.02,40524274.2,1134266.38,974064.26,2440.65,53071.59,52668.74,52021.14,1097618.72,1070250.94,27367.78,4452229.1,4212.92,48943.72,167.24,4396835.39,1056.46,1013.37,129.37,129.37,0,0,17974.17,17974.17,219077.17,0,26648.75,20045.7,0,28944.02,138193.88,5244.82,420563.77,161970.9,10873.43,659.5,133860.07,37869.18,75330.69,627.34,627.34,1205.97,1205.97,4760.85,4759.85,1,0,14253.64,32.94,0,0,14220.7,138880.44,52585.46,54617.33,31677.65,1,1,0,0,12912708.26,12912708.26,161542307.10999995,237337834.27999997,CE,Ceara,Northeast,TRUE,TRUE,202507,2025-07-01,confaz_boletim_tributos_estaduais,planilha1,confaz_boletim_tributos_estaduais_20260330.xls,20260330,mapped
24,SC,202507,2025,7,77058541.09,11808827.77,21644102.81,13370.05,110524841.72,1902636.05,165138.43,331563.24,2399337.72,1118291.92,993994.81,88090.65,36206.46,79826.5,785.43,0,0,79041.07,0,15463281.18,2455643.14,450800.71,15754.97,729452.67,644276.49,134613.67,357618.27,884979.24,61109.04,1255918.59,481024.8,163082.77,450877.66,155219.81,607794.3,576933.38,167214.94,1047380.25,1733193.81,1559965.99,724331.22,310908.69,308574.32,186612.45,200929.97,200929.97,81543.26,0,354.44,81188.82,0,269506.59,8361.96,34330.87,226813.76,25668483.44,3615300.03,16467983.6,5585199.81,1286246.32,1065490.5,27.02,0,219556.23,1172.57,421767.78,411460.43,10307.35,368350.08,65563.96,39.04,3355.8,153474.78,145781.84,134.66,2329.27,1011.06,0,1318.21,14146.36,14146.36,626742.07,0,36954.39,34120.29,13153.53,26714.38,507681.66,8117.82,187228.89,54745.52,0,7346.34,11441.04,6706.97,106989.02,833713.8,833713.8,31491.6,31491.6,9707.12,2059.07,24.06,7623.99,6901.45,2440.43,11.89,0,4449.13,70430.84,30094.59,28399.16,11937.09,12.1,12.1,0,0,11154947.11,11154947.11,57895877.650000006,168420719.37,RN,Rio Grande do Norte,Northeast,TRUE,TRUE,202507,2025-07-01,confaz_boletim_tributos_estaduais,planilha1,confaz_boletim_tributos_estaduais_20260330.xls,20260330,mapped
25,SP,202507,2025,7,1088300956.82,473483127.34,1054742046.16,0,2616526130.32,135151500.05,106440834.09,24829781.38,266422115.52,40362938.29,38362427.79,1983676.68,16833.82,78831809.46,3694.35,34924011.63,399940.58,38903550.61,4600612.29,9304463949.13,739266038.23,312953406.18,7956902.41,88954533.81,65745034.26,13094661.52,20260317.76,260737040.83,35410407.31,2190011031.02,1346899197.81,353731913.95,566529678.5,249046075.23,221693193.02,286896654.09,311103481.71,337878874.46,415601653.34,1229357212.82,35825758.37,43537234.38,122151405.81,49822242.31,937803857.55,937803857.55,19026014.78,4929610.29,78286.03,13971084.32,47034.14,31450550.58,4079427.83,9098782.71,18272340.04,6882410319.88,523388446.46,4485750267.63,1873271605.79,664111506.53,478582295.88,4469549.91,14122410.04,164626039.59,2311211.11,162046239.54,153839857.05,8206382.49,688249512.53,5396353.28,1901476.24,1657026.14,614015934.67,37436090.31,27842631.89,18295403.38,12929752.04,256820.58,5108830.76,1191615.01,1191615.01,95089377.94,4260.52,5285586.83,10304770.87,20951307.86,4072815.08,54281720.2,188916.58,68631488.13,20765853.02,910382.4,420694.63,8430835.43,1707381.79,36396340.86,284471.3,284471.3,1349930.24,1349930.24,3139601.98,2580744.99,12816.67,546040.32,7032657.76,1831502,608214.23,0,4592941.53,14914615.84,2645005.05,11114787.65,1154823.14,0,0,0,0,937302014.25,937302014.25,19955987874.099995,22572514004.419994,PB,Paraiba,Northeast,TRUE,TRUE,202507,2025-07-01,confaz_boletim_tributos_estaduais,planilha1,confaz_boletim_tributos_estaduais_20260330.xls,20260330,mapped
26,SE,202507,2025,7,38244166.3,2751319.94,1670480.02,2276889.57,44942855.83,5143723.83,383716.41,47897.18,5575337.42,370687.02,246214.69,90734.04,33738.29,7645740.84,0,1136672.61,0,6509068.23,0,164082575.69,14886367.59,29299479.82,34248.08,1492517.26,522563.74,439412.47,165851.83,175092.92,0,53512610.3,31078254.89,638526.95,3215218.53,10655877.41,665260.28,2369167.57,1075814.37,433844.12,490227.37,10938116.6,893419.73,651820.85,448883.01,0,44024468.84,44024468.84,164625.64,151190.98,0,13434.66,0,0,0,0,0,221247000.35,21807285.87,105961998.48,93477716,6585174.81,5943645.52,5762.78,39675.65,596090.86,0,5685719.39,5685719.39,0,12407662.55,0,0,46513.3,12361149.25,0,0,0,0,0,0,0,0,0,0,0,0,0,0,0,0,332012.98,0,0,0,331494.07,0,518.91,0,0,0,0,0,0,0,0,0,0,0,0,0,0,0,0,0,0,0,0,0,26604263.42,26604263.42,489149931.53000003,534092787.36,PE,Pernambuco,Northeast,TRUE,TRUE,202507,2025-07-01,confaz_boletim_tributos_estaduais,planilha1,confaz_boletim_tributos_estaduais_20260330.xls,20260330,mapped
27,TO,202507,2025,7,28119599.21,7654981.95,4048059.1,50222.02,39872862.28,7546636.81,7041923.28,140929.92,14729490.01,8003455.22,7134734.14,851556.68,17164.4,2879673.28,0,0,201656.32,2678016.96,0,229853861.26,17232987.76,38955935.22,0,20117.61,246152.15,645990.17,294283.33,141090.88,109343.37,138647519.09,6329653.92,163294.92,1656688.16,6642788.89,398327.05,711945.04,208884.46,38793.97,814037.41,14394202.74,678757.03,467062.28,862349.16,193656.65,50030982.46,50030982.46,562802.02,519382.77,0,43419.25,0,415439.49,85988.63,105787.23,223663.63,210214476.07,26529370.75,125566145.37,58118959.95,8690373.54,8327331.38,20799.19,46639.22,275771.37,19832.38,2838061.42,2674694.13,163367.29,9780255.79,3636.37,1.03,75564.52,9700574.3,312.12,167.45,15458.01,15458.01,0,0,6429.72,6429.72,822748.33,117.75,0,19293.57,105041.64,3985.68,682463.83,11845.86,309126.92,64843.35,0,0,182868.56,4347.46,57067.55,360.88,360.88,1516.09,1516.09,1517.08,1517.08,0,0,9034.22,0,0,0,9034.22,116442.83,5706.03,104820.92,5915.88,0,0,0,0,37968344.6,37968344.6,562520359.23,602393221.51,AL,Alagoas,Northeast,TRUE,TRUE,202507,2025-07-01,confaz_boletim_tributos_estaduais,planilha1,confaz_boletim_tributos_estaduais_20260330.xls,20260330,mapped
1,AC,202508,2025,8,14467818.23,510263.99,16365904.48,0,31343986.7,1988092.93,186397.19,29238.87,2203728.99,5573809.81,5502359.89,62256.14,9193.78,104991.31,0,0,0,104991.31,0,39041319.43,6166360.52,10803225.46,14.52,4181.45,164441.4,171267.11,402371.05,13189.58,54789.06,9667391.26,839516.75,119408.06,1059152.88,2303599.19,10429.94,158703.4,420117.66,45056,187216.01,5532931.08,375946.52,422153.13,39708.62,80148.78,13512600.21,13512600.21,60844.83,48962.33,0,11882.5,0,880620.91,219205.26,342781.48,318634.17,108216539.01,6326961.44,64486995.82,37402581.75,1447932.58,657322.91,13558.02,284454.32,482434.32,10163.01,869580.51,826025.2,43555.31,4852680.95,41177.1,54935.02,9363.37,4672110.7,37368.49,37726.27,22112.81,21390.64,0,722.17,1223.51,1223.51,356386.36,2242.3,10642.35,40858.21,0,31596.41,208486.33,62560.76,423495.35,26564.68,2610.24,1128.2,169218.01,42998.25,180975.97,0,0,30238.92,30238.92,16734.71,16734.71,0,0,48231.16,9717.01,0,0,38514.15,174207.61,10538.57,119620.54,44048.5,18.48,18.48,0,0,16730509.32,16730509.32,192364077.77999997,223708064.47999996,,,,,,202508,2025-08-01,confaz_boletim_tributos_estaduais,planilha1,confaz_boletim_tributos_estaduais_20260330.xls,20260330,unmapped
2,AL,202508,2025,8,60634696.28,4910342.94,776634,29489278.99,95810952.21,3063506.27,83260.92,127226.45,3273993.64,1746665.65,1633855.97,62501.09,50308.59,8393493.59,0,2841604.47,883697.19,2801549.32,1866642.61,166538199.4,20058026.61,35067366.51,216041.24,328928.1,1127210.29,159737.43,405039.76,1236275.15,162661.89,42374909.87,13411298.32,766877.41,11126676.78,6109216.48,774293.65,2477797.25,2076169.27,1861978.13,3310109.56,18820399.59,1746064.77,1639237.81,865960.41,415923.12,67862216.31,67862216.31,1397136.1,703783.55,8.43,693277.4,66.72,1410261.73,223665.01,550062.17,636534.55,399345343.07,24971441.12,249698273.3,124675628.65,20629207.73,13520401.57,928419.04,56928.77,3417264.04,2706194.31,11115080.32,8352389.56,2762690.76,13958433.58,38986.63,73325.83,35317.66,13646790.76,95384.39,68628.31,286712.52,257767.85,23766.38,5178.29,97826.2,97826.2,2132940.66,6352.06,27807.81,178781.56,12647.49,133567.18,1731733.05,42051.51,1772339.28,672237.5,7168.22,103204.78,287079.08,20993.69,681656.01,137.29,137.29,56718.14,56718.14,310998.42,296848.8,12172.22,1977.4,499880.18,348937.72,155.27,0,150787.19,726967.47,74565.22,542758.62,109643.63,168.39,168.39,0,0,638126.12,638126.12,698918852.15,794729804.36,,,,,,202508,2025-08-01,confaz_boletim_tributos_estaduais,planilha1,confaz_boletim_tributos_estaduais_20260330.xls,20260330,unmapped
3,AP,202508,2025,8,10423114.16,250418.14,5901082.91,65087922.18,81662537.39,703234.79,0,0,703234.79,122240.08,114354.83,4528.17,3357.08,3981559.34,0,3868832.19,54338.94,57458.21,930,22660990.85,1171510.47,10352267.38,0,650.02,44913.94,2225.17,458528.93,157680.17,3856.38,694504.08,829954.63,92219.53,1137054.61,1711276.93,100481.07,185677.14,268194.91,1071915.1,167966.29,3845922.56,226604.06,61523.1,63083.93,12980.45,13301117.89,13301117.89,583520.27,569778.8,4.76,13736.71,0,269115.18,241661.69,6928.69,20524.8,76460038.66,5077186,51166161.29,20216691.37,1035164.92,403817.45,291174.71,6535.39,330231.24,3406.13,227595.97,211805.26,15790.71,6248356.64,27.49,84332.87,9341.06,6151994.41,2496.1,164.71,2975.92,2975.92,0,0,6555.68,6555.68,105645.66,223.67,15.72,8083.06,238.31,960.93,95142.49,981.48,153660.23,3019.7,0,7.83,105572.9,18273.96,26785.84,193.62,193.62,1506.5,1506.5,24419.69,24418.69,1,0,1320.33,9.02,0,0,1311.31,63071.35,12025.1,20727.96,30318.29,1,1,0,0,12909169.78,12909169.78,138158219.56,219820756.95,,,,,,202508,2025-08-01,confaz_boletim_tributos_estaduais,planilha1,confaz_boletim_tributos_estaduais_20260330.xls,20260330,unmapped
4,AM,202508,2025,8,90467125.6,3287615.37,9314903.72,123086107.73,226155752.42,7795415.08,5313705.53,14625.47,13123746.08,298626.93,285552.22,8587.28,4487.43,75606809.46,0,72979938.1,2325801.07,301070.29,0,727367878.81,9377174.74,66588404.35,0,976765.35,449523.79,32223.42,265627.86,2419555.84,153817.94,102981856.93,15130583.98,3563704.38,26542282.42,5176676.89,6789142.28,16715678.97,250967848.55,4153996.45,20706472.45,29027336.27,161257017.78,944476.45,2758583.27,389128.45,70106580.65,70106580.65,2137416,1424256.2,0,713159.8,0,261357.73,0,70487.6,190870.13,461923968.88,32866253.66,237157397.32,191900317.9,80409407.24,60347237.9,8656983.75,2791309.73,8470347.21,143528.65,7552029.01,7551653.1,375.91,28042811.17,51284.91,396.85,49504.99,27594623.1,345943.9,1057.42,0,0,0,0,0,0,6,0,0,0,0,1,1,4,956937.02,0,0,42039.7,914866.08,0,31.24,0,0,0,0,633.78,633.78,0,0,107611.52,0,105693.32,0,1918.2,123235.94,2761.56,116966.27,3508.11,0,0,0,0,47482616.07,47482616.07,1502377926.21,1728533678.63,,,,,,202508,2025-08-01,confaz_boletim_tributos_estaduais,planilha1,confaz_boletim_tributos_estaduais_20260330.xls,20260330,unmapped
5,BA,202508,2025,8,225728205.09,23424569.21,149133444.81,0,398286219.11,0,0,0,0,16731424.36,14839844.02,1350559.15,541021.19,68630747.06,0,41176027.11,7733674.5,11158218.83,8562826.62,1521863953.23,88894045.8,211776281.26,200027.55,6213548.68,3664013.36,5087911.9,1169153.45,18095861.2,455603.18,695443235.09,183816161.57,4450042.01,71828994.14,53651097.49,21028788.34,16705700.63,5150044.05,8914374.38,11498237.28,90024034.4,4179272.17,6830672.62,2607136.07,10179716.61,252850360.17,252850360.17,4907185.52,3970781.48,1039.19,934266.33,1098.52,932882.26,29193.67,32082.1,871606.49,1359160764.54,90076772.49,718407772.09,550676219.96,49192054,33171973.34,1647432.22,319301.29,13741665.25,311681.9,37188304.34,32066026.66,5122277.68,69754354.7,120537.11,217865.44,112444.35,66104541.7,1320773.53,1878192.57,117799.51,115394.37,0,2405.14,211705.14,211705.14,12814565.2,3593.02,190531.35,1056811.4,81395.31,462404.65,10830514.88,189314.59,7399089.52,2583239.17,150591.19,48826.86,2318667.73,182853.16,2114911.41,103212.99,103212.99,287228.18,287228.18,415769.85,415251.93,517.92,0,370104.65,64620.54,23.02,159.46,305301.63,2022826.21,260394.79,1246720.67,515710.75,2404.74,2404.74,0,0,0,0,3404956736.1699996,3803242955.2799997,,,,,,202508,2025-08-01,confaz_boletim_tributos_estaduais,planilha1,confaz_boletim_tributos_estaduais_20260330.xls,20260330,unmapped
6,CE,202508,2025,8,58657310.25,18278294.27,1321963.69,268589.23,78526157.44,7846193.32,6484638.6,563046.69,14893878.61,2877818.6,1711140.1,76956.77,1089721.73,11190011.99,0,3154531.95,3777.68,8031702.36,0,615975898.13,64090002.86,107891573.69,131312.33,9881654.25,16000180.9,19712142.49,987331.35,9013789.1,1069886.27,223642739.14,24905457.26,3796741.29,15870820.3,36259332.85,9074422.42,8227916.03,3047716.82,6119119.97,5153110.73,37121089.76,3934382.01,5925202.25,3986938.93,133035.13,161655085.59,161655085.59,474327.01,83876.48,36290.78,354159.75,0,2790670.31,1706138.33,462228.01,622303.97,892507233.85,71652623.78,562544636.02,258309974.05,35757574.03,28693006.58,1933828,322168.56,4536729.31,271841.58,22825174.11,21055619.02,1769555.09,45042768.11,417234.19,0,224982,44392956.76,5046.17,2548.99,570543.45,149342.94,421200.51,0,43899.99,43899.99,269542.78,65.73,4992.07,252148.02,631.8,3220.94,2184.32,6299.9,2052080.82,308433.03,4717.11,1166.5,1608129.21,9975.92,119659.05,5501564.22,5501564.22,337221.27,337221.27,488607.15,412315.3,61918.11,14373.74,747087.39,3168.99,0,0,743918.4,84006.34,5436.43,11355.85,67214.06,0,0,0,0,63302685.01,63302685.01,1864493800.1499999,1943019957.59,,,,,,202508,2025-08-01,confaz_boletim_tributos_estaduais,planilha1,confaz_boletim_tributos_estaduais_20260330.xls,20260330,unmapped
7,DF,202508,2025,8,80302898.12,27996042.24,13673519.39,5578620.63,127551080.38,8938246.41,10515364.62,580756.46,20034367.49,2749741.73,2658969.54,87526.24,3245.95,349825.12,2122.1,0,0,347703.02,0,209988222.58,15467453.4,40285239.95,230756.91,446546.06,762565.89,56205.96,253428.88,299226.35,53883.54,47837987.85,3974263.7,6920750.46,4064247.44,21277698.53,491140.94,4237017.71,1847110.62,3275825.27,2369790.69,51897209.13,982352.49,1287947.92,1669554.07,18.82,76371359.69,76371359.69,729347.4,42047.17,0,687300.23,0,9617.47,2608.94,6357.22,651.31,588845639.02,69216204.52,366042741.2,153586693.3,14286144.76,10706354.22,177.1,402991.82,3043170.4,133451.22,16160003.83,16148847.36,11156.47,45691815.42,16713.96,738.41,85678.27,45588683.78,0,1,0,0,0,0,0,0,3126.26,0,0,0,0,3126.26,0,0,441835.48,1458.39,0,0,370086.56,0,70290.53,0,0,2,2,0,0,0,0,7.43,7.43,0,0,0,1239.24,0,1239.24,0,0,0,0,0,99003052.33,99003052.33,1054630979.76,1182182060.1399999,,,,,,202508,2025-08-01,confaz_boletim_tributos_estaduais,planilha1,confaz_boletim_tributos_estaduais_20260330.xls,20260330,unmapped
8,ES,202508,2025,8,98527341.25,19238358.01,83798730.1,12920452.05,214484881.41,12941417.06,41822.19,21961.91,13005201.16,2642761.89,2506362.97,127711.24,8687.68,263678851.86,0,251873370.99,5991869.06,5339799.14,473812.67,292772722.79,34763741.35,58796612.95,0,573298.34,2507388.03,162217.73,1786311.12,2335467.5,255704.35,54344176.17,20188170.58,3076230.65,10492739.12,27592204.27,24006528.5,13813995.94,1782244.15,2454967.3,3740743.08,17967046.34,2756771.74,3415863.55,2491981.36,3468318.67,109648430.54,109648430.54,2362158.94,101929.34,27776.33,2232453.27,0,3676298.84,722454.87,774077.72,2179766.25,916800857.27,85333504.92,604666046.19,226801306.16,124593318.19,70009291.07,4921431.92,64517.48,49397825.42,200252.3,15566414.37,15078071.21,488343.16,32748834.63,35676.67,102761.98,518865.85,31138453.51,238954.08,714122.54,1002718.95,1002718.95,0,0,213738.49,213738.49,3657957.55,1208.4,117910.15,706127.43,888.97,66013.53,2716654.75,49154.32,2961462.6,1090059.45,42600.51,8821.48,690296.64,90222.38,1039462.14,0,0,320458.47,320458.47,71557.59,71276.61,280.98,0,125843.62,5276.91,0,0,120566.71,722356.45,128585.65,365444.52,228326.28,398.52,398.52,0,0,131345832.67,131345832.67,1904912974.23,2119397855.64,,,,,,202508,2025-08-01,confaz_boletim_tributos_estaduais,planilha1,confaz_boletim_tributos_estaduais_20260330.xls,20260330,unmapped
9,GO,202508,2025,8,219069030,84564595.17,178534799.5,329576226.9,811744651.57,31774980.93,26637795.63,144742.98,58557519.54,51514598.76,49429366.72,2031943.87,53288.17,12845961.52,0,0,3931405.17,8794253.92,120302.43,896138604.07,162904367.6,120249994.5,326658.49,1996441.24,7122951.86,1551607.68,1695412.21,6317544.11,1203704.67,378015760.3,53990536.61,17520019.34,22467366.25,23086507.3,2506850.45,15336976.5,2119854.69,1287080.25,12044778.23,50824715.44,2156192.82,4608658.73,3629724.72,3174900.08,166498864.6,166498864.6,4762595.11,2056848.94,291892.83,2411930.16,1923.18,3609294.2,417128.22,1022477.8,2169688.18,1309070253.8,136932380.6,817397501.6,354740371.6,74540315.5,66617503.49,9166.72,344975.65,7072055.93,496613.71,19164201.87,17791824.91,1372376.96,49318279.74,86605.64,292179.21,107295.29,48611839.84,196428.61,23931.15,206845.23,191147.54,7983.94,7713.75,303457.64,303457.64,1354447.42,1356.21,138913.57,432762.87,8622.52,347612.13,305347.51,119832.61,8136416.44,1908136.45,10511.83,48364.86,1105294.25,80765.33,4983343.72,3386.25,3386.25,229454.68,229454.68,83396.98,80326.68,905.33,2164.97,773164.92,52210.62,3176.04,0,717778.26,1208273.43,311481.14,621778.84,275013.45,966.89,966.89,0,0,96690323.19,96690323.19,2696453102.2399993,3508197753.8099995,,,,,,202508,2025-08-01,confaz_boletim_tributos_estaduais,planilha1,confaz_boletim_tributos_estaduais_20260330.xls,20260330,unmapped
10,MA,202508,2025,8,55124232.42,5694979.86,28934468.04,44334936.89,134088617.21,10994004.75,8365677.38,0,19359682.13,10701444.41,9589752.66,1017188.45,94503.3,21177154.21,0,6258410.31,11342246,2667159.91,909337.99,324112610.36,11082060.44,117738559.7,236283.13,253628.28,2204974.66,345327.25,206681.07,2319710.68,309375.34,62253666.39,41178953.36,798444.98,6223287.99,16039173.95,19284167.43,1691886.03,1453004.27,347932.38,3299337.11,28978382.01,3796077.19,1917585.34,1520562.67,633548.71,140469387.2,140469387.2,333654.55,100449.02,3420.34,229785.19,0,4763386.82,1674916.24,2124365.11,964105.47,564561731.06,47589552.76,306922296.6,210049881.7,21478189.13,17306015.83,1229591.22,97753.64,2788678.64,56149.8,6593506.04,5973448.66,620057.38,36773197,26081.11,70348.09,190679.24,36369467.83,86902.1,29718.63,149714.49,149135.23,0,579.26,73955.54,73955.54,3672955.64,6648.16,33055.27,303091.21,78.78,102050.38,3139940.05,88091.79,2536765.3,1086468.31,26690.34,41620.64,706975.26,80532.18,594478.57,150000051.8,150000051.8,540793.56,540793.56,94107.5,92277.07,1495.48,334.95,197338.46,17915.16,0,0,179423.3,1578682.7,45106.14,422397.03,1111179.53,71.14,71.14,0,0,49175771.48,49175771.48,1338984468.39,1473073085.6000001,,,,,,202508,2025-08-01,confaz_boletim_tributos_estaduais,planilha1,confaz_boletim_tributos_estaduais_20260330.xls,20260330,unmapped
11,MT,202508,2025,8,125602448.9,12531975.08,87641029.33,204976801.1,430752254.41,14165559.87,14358492.21,1069917.9,29593969.98,52941193.81,52544168.17,360992.54,36033.1,10307869.84,0,1622.54,5018095.18,5190735.55,97416.57,997761331.55,149243614.9,124135597.6,38171.95,1260486.07,1134365.86,1718723.61,5192575.53,1349682.58,162899.8,506222683,53037873.35,355310.67,22208332.35,39290219.75,4807344.55,8229961.43,2582197.88,10470219.83,10200158.74,49851606.11,1692682.01,2045904.96,1612387.04,918331.98,108386643.5,108386643.5,726600.27,22827.63,80.74,701681.62,2010.28,1713398.5,795307.87,436658,481432.63,911353939.6,110679013.4,423091179.4,377583746.8,79111467.55,64631710.82,182793.59,128240.09,9595639.15,4573083.9,9272734.18,8776688.84,496045.34,24931712.85,27073.81,181806.3,63366.26,24294543.5,161168.91,203754.07,415623.49,389138.4,3282.98,23202.11,34266.48,34266.48,2623663.52,7729.42,93655.32,214212.69,319482,173550.67,1773472.8,41560.62,3386224.83,1712481.51,603.34,68132.83,919871.45,54202.18,630933.52,8566165.66,8566165.66,4069823.67,4069823.67,278795.06,275501.71,609.66,2683.69,71832.76,7337.45,0,0,64495.31,678185.07,257624.13,270055.33,150505.61,3103.05,3103.05,0,0,0,0,2216634575.24,2647386829.6499996,RO,Rondonia,North,TRUE,TRUE,202508,2025-08-01,confaz_boletim_tributos_estaduais,planilha1,confaz_boletim_tributos_estaduais_20260330.xls,20260330,mapped
12,MS,202508,2025,8,33431253.41,38398834.35,8293502.08,143013707.43,223137297.27,2507030.02,2741992.11,0,5249022.13,27011079.09,24341339.54,2538641.46,131098.09,7173701.22,0,0,1932182.22,4788441.48,453077.52,699390044.19,108393986.26,72833180.88,3510497.87,4069597.69,2815396.07,1827495.25,1745904.58,12117184.14,271995.01,406821893.26,11552073.36,2173351.04,8554645.81,12037686.36,5044188.35,8998919.48,679565.64,4006489.86,750267.64,24504671.58,905633.5,796853.14,1246907.38,3731660.04,180115116.75,180115116.75,2211148.82,805238.71,413172.42,992737.69,0,2131679.97,449876.5,950455.85,731347.62,509242294.13,68876279.39,302883230.75,137482783.99,59894505.17,51797770.04,101967.39,26599.37,7716783.4,251384.97,5480075.62,4934123.47,545952.15,21405508.34,23925.82,37433.35,82822.55,21155617.35,87745.39,17963.88,2442606.92,2381446.23,0,61160.69,156798.12,156798.12,1639549.77,1862.61,4153.12,242716.92,11609.67,128262.62,1178865.28,72079.55,3094031.76,926775.36,13976.79,120592.74,361972.18,45327.77,1625386.92,1209511.82,1209511.82,55118.56,55118.56,19716.75,19499.32,3.22,214.21,100936.74,25657,237.54,0,75042.2,556765.55,114012.86,336839.45,105913.24,20.55,20.55,0,0,43864614.8,43864614.8,1567194824.6399996,1790332121.9099996,AC,Acre,North,TRUE,TRUE,202508,2025-08-01,confaz_boletim_tributos_estaduais,planilha1,confaz_boletim_tributos_estaduais_20260330.xls,20260330,mapped
13,MG,202508,2025,8,354562704.7,154106784.6,242188851,542979734.3,1293838074.6,61503880.58,20157729.41,2405659.66,84067269.65,48109760.67,33984401.85,13995067.96,130290.86,154432287.7,0,7188922.36,131294522.5,13174039.99,2774802.85,3502504289.29,313771251,211693898.1,97550998.31,13375434.68,28073104.2,14249530.95,13683490.69,40428500.3,3625179.91,1462943436,203123859.5,48309171.7,78054790.93,175378316.5,173657517.7,100438917,27893366.15,64446936.88,98646259.35,256626268.4,10623252.93,31649552.07,19416727.66,14844528.38,530848195.9,530848195.9,6189761.34,119474.04,92493.59,5977793.71,0,9958819.82,1106023.84,3479403.14,5373392.84,2478584847.6,185913736.8,1621654327,671016783.8,136273318.03,119728247.1,151216.93,79217.55,16175750.12,138886.33,66078562.12,63885579.41,2192982.71,175591668.65,597508.75,544441.87,550343.49,171981591.2,1312630.42,605152.92,5058757.29,4480114.68,2012.14,576630.47,239815.62,239815.62,26344358.51,3976.07,528020.74,1458829.69,654661.23,834188.19,22186574.36,678108.23,15247817.97,4462738.25,250569.95,52192.47,4622464.16,200487.44,5659365.7,41142.02,41142.02,1222007.18,1222007.18,473424.18,466577.93,5589.2,1257.05,818686.97,108057.89,56747.34,353.01,653528.73,3175695.86,921044.64,1626035.74,628615.48,2739.88,2739.88,0,0,220551889.3,220551889.3,7381747845.900001,8675585920.5,AM,Amazonas,North,TRUE,TRUE,202508,2025-08-01,confaz_boletim_tributos_estaduais,planilha1,confaz_boletim_tributos_estaduais_20260330.xls,20260330,mapped
14,PR,202508,2025,8,221021984.89,116085327.23,7534235.41,0,344641547.53,13551531.92,18558775.98,371947.37,32482255.27,8385657.89,5612998.44,2634357.59,138301.86,38307267.19,0,4043158.13,9588.28,34026233.98,228286.8,910885352.44,92695423.87,27870258.81,8189343.57,13302146.78,17695065.19,2925224.53,39427341.73,86268380.61,6659642.46,16565359.72,101111590.04,21742237.55,50776646.63,58469756.22,13718713.97,36782047.13,12139263.16,31547833.13,62070802.52,154927475.88,5695948.28,29396663.85,18575292.66,2332894.15,335889435.23,335889435.23,2684295.79,57131.86,120.01,2627043.92,0,7310290.43,1420630.18,2168858.95,3720801.3,2948046892.65,274296882.21,2214647846.83,459102163.61,158817669.32,115251543.25,1032615.86,2129301.11,24271307.57,16132901.53,26993304.14,25291313.28,1701990.86,92689668.26,1357597.34,4045.7,240675.74,89313417.19,1710510.87,63421.42,56702.39,56628.77,0,73.62,177778.92,177778.92,2062673.53,8061.36,57672.83,968324.47,696148.82,72883.23,250512.38,9070.44,3864680.93,143207.52,2137.37,7249.74,3456839.74,26190.52,229056.04,89995.41,89995.41,47029.27,47029.27,59635.36,58988.78,80.02,566.56,51155.28,1803.34,12.7,0,49339.24,714568.77,216316.09,462835.1,35417.58,607.94,607.94,0,0,9147393.71,9147393.71,4546282054.85,4890923602.38,RR,Roraima,North,TRUE,TRUE,202508,2025-08-01,confaz_boletim_tributos_estaduais,planilha1,confaz_boletim_tributos_estaduais_20260330.xls,20260330,mapped
15,PB,202508,2025,8,58960659.65,7224238.39,3184801.96,8080406.37,77450106.37,171136371.2,2781739.27,0,173918110.47,4620455.49,4010683.03,14252.81,595519.65,4688821.23,684384.62,66117.17,28246.42,3909702.35,370.67,272241520.93,33035371.31,44200333.74,1974.52,7005424.16,2825943.04,1519724.26,482386.37,1704388.07,894086.09,108512696.65,5549809.93,1136252.7,7526713.39,20188078.37,923808.26,4917878.82,1032997.92,804650.34,1436949.52,22850016.01,1566675.29,2823454.58,1251871.66,50035.93,59821649.37,59821649.37,84993.79,41282.29,0,43711.5,0,978434.48,158885.42,600984.37,218564.69,673182669.71,39497921.37,304985371.69,328699376.65,17149099.39,16045657.06,9227.12,82686.2,960321.85,51207.16,10598871.11,10535646.54,63224.57,25841827.48,79418.48,46.99,19412.65,25714584.72,21528.91,6835.73,36990.66,35389.11,0,1601.55,4800.85,4800.85,48434.26,90.63,22781.32,96.09,1.94,8715.53,15291.18,1457.57,834147.74,138178.01,0,6856.2,500089.38,2372.57,186651.58,0,0,7644.34,7644.34,3961.89,3957.26,4.63,0,2241.15,7.53,0,0,2233.62,28244.24,0,18359.59,9884.65,2.58,2.58,0,0,0,0,1070174810.6900002,1147624917.0600002,PA,Para,North,TRUE,TRUE,202508,2025-08-01,confaz_boletim_tributos_estaduais,planilha1,confaz_boletim_tributos_estaduais_20260330.xls,20260330,mapped
16,PA,202508,2025,8,137486615,5471635,316631799,393872800,853462849,16434469,3350355,47841,19832665,7012326,3999295,2907073,105958,115954742,0,0,109765415,3335061,2854266,604993156,44441588,155330837,780735,318482,907908,1553020,7785455,1611383,232105,215648292,23160435,913928,14815772,23286951,35035071,3404658,2104808,4430134,21401211,38650551,3581149,1746719,771886,3080078,226787115,226787115,976403,58277,2919,915207,0,4218631,646325,2322032,1250274,780465131,64404942,516317493,199742696,76398006,53333825,18386090,111575,4028977,537539,13128325,12780276,348049,38190788,12697,338420,19360,37689309,98516,32486,604243,598398,0,5845,59215,59215,2128172,4312,4697,373308,166070,47259,1473383,59143,5968890,2938282,40202,61147,2034752,119219,775288,152327,152327,30593,30593,386788,386725,50,13,187683,14713,0,41,172929,5679295,5176048,387506,115741,178,178,0,0,224019954,224019954,2107341961,2960804810,AP,Amapa,North,TRUE,TRUE,202508,2025-08-01,confaz_boletim_tributos_estaduais,planilha1,confaz_boletim_tributos_estaduais_20260330.xls,20260330,mapped
17,PE,202508,2025,8,110554249.63,17915086.68,20665449.78,30819729.42,179954515.51,12209352.24,8353322.52,1384889.04,21947563.8,1389410.95,1228977.79,70313.5,90119.66,4914835.96,0,562.67,53933.08,4859989.67,350.54,641943817.29,93164146.57,102632041.17,23525.67,4857702.89,7853322.67,1022740.18,2504602.31,10402379.72,1151068.5,163542424.1,54654952.87,12279407.34,32594459.55,25882603.51,6337940.06,12066349.7,4172339.74,14001958.22,7781142.98,66651591.58,6042041.9,6038234.63,2677297.68,3609543.75,177373223.81,177373223.81,1638285.11,184235.77,167663.91,1286385.43,0,143254.61,60041.68,15552.6,67660.33,1177368691.49,96495062.63,706739602.19,374134026.67,73036035.9,50438896.73,2132487.97,506650.77,19862038.04,95962.39,21685426.14,19932889.77,1752536.37,48781412.86,73510.26,472363.54,178449.58,47696528.54,321829.05,38731.89,1350909.86,532755.82,0,818154.04,31634.46,31634.46,5110840.82,610.85,101893.01,102865.73,898701.18,189263.04,3749884.2,67622.81,3489360.52,1156054.34,48856.98,500151.43,1699955.28,45691.6,38650.89,59564.16,59564.16,113816.05,113816.05,39669.78,34406.45,1137.67,4125.66,203613.83,12223.41,8713.02,1091.87,181585.53,1890814.61,200400.11,1463384.36,227030.14,326.72,326.72,0,0,98140027.08,98140027.08,2258704972.0100007,2438659487.5200005,TO,Tocantins,North,TRUE,TRUE,202508,2025-08-01,confaz_boletim_tributos_estaduais,planilha1,confaz_boletim_tributos_estaduais_20260330.xls,20260330,mapped
18,PI,202508,2025,8,12730075.64,6109003.91,26165099.72,4687299.58,49691478.85,1302966.74,505518.56,0,1808485.3,6418382.46,6086894.34,193985.11,137503.01,2362375.58,0,0,125854.63,2236520.95,0,255350791.47,16240091.49,64180940.82,7761.37,19942.42,480921.67,217572.24,25385.1,86671.27,38544.75,124959389.96,11931272.92,266179.92,4974716.09,6313410.19,141264.97,865843.34,447746.23,1087514.42,1450769.09,18391914.57,1552551.48,1155852.19,291018.67,223516.3,95220167.89,95220167.89,41095.8,12.11,46.27,41037.42,0,2143121.46,1168760.51,579087.49,395273.46,313848692.24,25880478.91,154734105.14,133234108.19,12502136.64,11317950.77,22428.38,10479.69,1123541.49,27736.31,3334727.67,3124142.26,210585.41,17280618.72,5651.96,85788.05,13778.65,16956784.9,35874.72,182740.44,89508.05,82768.78,0,6739.27,35171.73,35171.73,1828324.56,120.2,95976.55,71843.98,170.03,97780.27,1535047.48,27386.05,1516304.62,421907.96,6337.89,79816.19,465514.24,32530.43,510197.91,227984.04,227984.04,71890.47,71890.47,145653.89,143361.71,2292.18,0,143558.47,7895.23,0,0,135663.24,399820.49,20027.49,255535.6,124257.4,204.68,204.68,11077.59,11077.59,61314632.07,61314632.07,774286240.5899999,823977719.4399999,,,,,,202508,2025-08-01,confaz_boletim_tributos_estaduais,planilha1,confaz_boletim_tributos_estaduais_20260330.xls,20260330,unmapped
19,RJ,202508,2025,8,133919752.7,138281820.2,1096524.99,577076226.6,850374324.49,76028423.17,16228825.98,2051661.94,94308911.09,1730555.07,1441593.44,199981.05,88980.58,276935166.53,0,180669098.5,2746917.51,4019683.97,89499466.55,899860155.44,24743393.24,123619114.2,68883.53,3378194.03,14350490.8,1815018.82,774958.91,12181474.92,1363809.51,334346170.8,106498869,25548877.24,39455163.79,44123104.38,28348342.07,32142872.35,1578693.26,2316948.94,19322274.8,33534586.43,1635020.16,2684479.05,14968328.59,31061086.62,530094083.9,530094083.9,3574823.46,143670.59,37995.15,3364759.33,28398.39,7116257.58,393931.2,2727015.77,3995310.61,1197542380.8,29266453.5,699699962.7,468575964.6,311042487.75,210260737.7,14607842.18,6150422.6,79613238.58,410246.69,57345617.04,52597280.27,4748336.77,175001147.91,616880.48,725776.19,1390678.83,170108874.7,873558.39,1285379.32,3762223.64,3754363.42,911.98,6948.24,159689.18,159689.18,19348378.81,2211.57,699637.99,9892315.06,5626097.77,643129.21,2306773.25,178213.96,13554611.65,6120553.86,216030.34,121558.68,2598201.99,548534.38,3949732.4,7180.35,7180.35,491356.45,491356.45,116136.71,83212.48,3812.3,29111.93,1346844.33,55683.09,18395.93,431.85,1272333.46,4621381.96,183184.79,4100969.53,337227.64,385.04,385.04,0,0,858128836.3,858128836.3,4361779699.899999,5212154024.389998,,,,,,202508,2025-08-01,confaz_boletim_tributos_estaduais,planilha1,confaz_boletim_tributos_estaduais_20260330.xls,20260330,unmapped
20,RN,202508,2025,8,57980195.71,2731930.9,0,0,60712126.61,0,0,0,0,3679255.48,2045109.42,27948.23,1606197.83,30526945.85,0,12444706.46,98369.35,16872915.2,1110954.84,216722464.16,20750704.03,26968138.38,0,1182919.16,5191669.26,95982,269124.91,575818.24,323783.21,104265298.4,4831626.53,785262.55,5657199.67,5829800.34,271200.14,1567946.88,663699.34,18850495.01,1096873.56,11351964.77,1304011.76,1470843.33,850095.61,2568007.08,77813751.94,77813751.94,380154.16,14715.64,1700.8,363737.72,0,2795483.05,660666.24,897378.16,1237438.65,376195661.18,32890648.18,195382205.4,147922807.6,8854765.91,6540246.28,925113.31,37226.25,1287569.96,64610.11,10637413.6,9454304.14,1183109.46,23041383.42,13702.22,219114.27,15062.03,22658122.59,83786.51,51595.8,203675.35,194052.77,0,9622.58,80531.23,80531.23,4060806.89,2463.03,40691.98,919065.3,12.86,51925.25,2988925.72,57722.75,3753046.22,1116637.36,14315.44,7100.93,446244.2,155968.9,2012779.39,5728.38,5728.38,141400.36,141400.36,136152.96,83883.52,2152.54,50116.9,224113.83,38474.53,165.06,0,185474.24,851358.41,135435.01,559255.75,156667.65,152.43,152.43,0,0,54529994.74,54529994.74,814634239.5500001,875346366.1600001,,,,,,202508,2025-08-01,confaz_boletim_tributos_estaduais,planilha1,confaz_boletim_tributos_estaduais_20260330.xls,20260330,unmapped
21,RS,202508,2025,8,159581615.1,131394213.5,35841248.22,0,326817076.82,127633789.5,125515787.7,1552622.95,254702200.15,23846159.43,22221058.58,1513573.72,111527.13,12890746.14,1518072.65,0,3217.08,11238889.5,130566.91,2137585158.36,232322355.9,156012764.6,751576.1,13399811.94,17082513.5,47728222.74,21215103.02,41640511.1,6733358.48,798545806.5,185000593.6,6764776.69,81556876.27,54288264.16,31063990.27,85521761.16,26032184.98,20280009.19,124712927,120733205.4,1998673.94,39308188.42,20556919.43,4334763.97,370206715,370206715,3024187.53,35648.44,470.31,2988068.78,0,3718025.44,371197.44,1103750.14,2243077.86,1502810708.2,132276587.2,676614794.8,693919326.2,104826692.88,98473515.52,1466544.03,420532.91,4123535.37,342565.05,46396553.76,45066283.32,1330270.44,100441258.51,802694.28,562676.77,100066.59,98066733.01,278202.98,630884.88,43066.57,41177.08,91.24,1798.25,10273.6,10273.6,1515632.63,629.66,144875.79,1037711.02,4782.34,109244.63,119040.87,99348.32,2592064.12,683719.84,551.19,177768.06,1041633.45,67842.52,620549.06,0,0,187702.1,187702.1,111898.68,107017.06,4506.1,375.52,417515.05,132610.99,2790.19,0,282113.87,1474245.61,358505.15,930065.72,185674.74,4031.68,4031.68,0,0,113692504.9,113692504.9,4425795140.1900015,4752612217.010001,MA,Maranhao,Northeast,TRUE,TRUE,202508,2025-08-01,confaz_boletim_tributos_estaduais,planilha1,confaz_boletim_tributos_estaduais_20260330.xls,20260330,mapped
22,RO,202508,2025,8,50940406.09,3265421.29,674053.53,66436882.48,121316763.39,19391371.96,6317639.17,0,25709011.13,2098218.48,1966460.79,126632.95,5124.74,3448182.06,0,0,2199012.05,1249170.01,0,140602573.11,31232667.64,36236670.9,0,50064.04,222000.73,3281892.37,611648.28,249300.74,88679.3,32699017.66,7553342.34,320404.31,1811833.73,8284747.76,1202194.31,1348832.65,330618.99,33682.5,349507.72,11601178.62,959636.06,1017876.06,721904.62,394871.78,56560872.72,56560872.72,270537.66,79516.87,1247.24,188484.29,1289.26,1488452.79,531421.92,224214.44,732816.43,413318167.6,44208567.7,236434531.9,132675068,7496235.9,3707535.11,1948139,805174.07,1016845.22,18542.5,2445826.19,2259836.7,185989.49,12541033.76,9121.36,106279.99,11367.69,12391541.33,14579.14,8144.25,301119.31,62250.71,48742.03,190126.57,23995.4,23995.4,833228.79,2424.7,78482.34,130950.79,126.6,76773.38,522508.65,21962.33,1658565.45,408796.37,186.64,55537.38,637186.26,94604.27,462254.53,0,0,25457.12,25457.12,258246.65,257726.24,520.41,0,116706.47,30319.08,109.19,0,86278.2,491810.33,42404.8,309581.73,139823.8,0,0,0,0,77494889.62,77494889.62,721474119.4100001,842790882.8000001,PI,Piaui,Northeast,TRUE,TRUE,202508,2025-08-01,confaz_boletim_tributos_estaduais,planilha1,confaz_boletim_tributos_estaduais_20260330.xls,20260330,mapped
23,RR,202508,2025,8,17490199.33,488271.86,107928.57,72373148.59,90459548.35,147413.11,105509.6,0,252922.71,572372.88,558212.02,4402.79,9758.07,718746.46,0,0,0,718746.46,0,37783513.01,1671954.18,9943019.19,2061,12431.54,57935.81,508.71,153147.54,17323.22,50334.75,17527431.52,637682.84,30541,347611.53,1620890.24,13594.53,27195.06,123470.71,14219.08,140818.86,4985774.15,119644.01,90854.78,136871.71,58197.05,17172388.65,17172388.65,8353.93,0,0,8353.93,0,447236.54,113726,83500.76,250009.78,84867314.17,5646209.54,44565840.61,34655264.02,1398480.92,1194075.48,853.93,79340.75,84623.93,39586.83,880959.33,845855.5,35103.83,4521615.12,5888.65,18718.52,166.39,4488731.29,8110.27,0,0,0,0,0,6338.33,6338.33,280130.6,111.31,15634.75,78877.58,0,4171.12,173055.65,8280.19,385931.71,76149.23,12710.07,2046.57,171867.86,14564.16,108593.82,0,0,4333.49,4333.49,11666.79,11663.69,3.1,0,17408.1,238.17,0,0,17169.93,76635.95,8787.45,41701.82,26146.68,1,1,0,0,13702473.17,13702473.17,162855900.14999998,253315448.49999997,CE,Ceara,Northeast,TRUE,TRUE,202508,2025-08-01,confaz_boletim_tributos_estaduais,planilha1,confaz_boletim_tributos_estaduais_20260330.xls,20260330,mapped
24,SC,202508,2025,8,378038802.92,84427103.63,106450880.89,104875.47,569021662.91,57709398.47,3064006.35,2959048.54,63732453.36,11028338.91,4354700.48,6148087.57,525550.86,10191520.68,4893.53,68.97,15711.96,9393072.51,777773.71,1421823636.44,102376259.63,140898659.4,7751173.31,58812515.27,71313458.32,3733412.54,20142719.43,42202106.28,5121061.44,417219409.16,65839145.48,2370053.82,74825864.28,54647797.17,35955670.05,54831298.2,10244422.73,39307912,81089162.02,84803545.98,12747087.53,16871517.06,11997139.09,6722246.25,236812311.92,236812311.92,4065740.59,73059.47,44706.9,3927567.81,20406.41,10237178.96,1514447.13,3181962.49,5540769.34,1595317386.86,148996146.07,830437563.12,615883677.67,170696470.8,134859993.79,942547.24,558236.36,34141544.45,194148.96,43624876.93,41888718.2,1736158.73,87253884.68,2229712.03,529009.17,190533.43,81184637.44,2166965.64,953026.97,253205.95,233226.85,0,19979.1,847551.94,847551.94,19029667.1,416.31,6023274.52,1576564.13,27823.27,784037.93,10222313.92,395237.02,8283694.56,3203746.85,17117.2,180434.29,1510952.24,266221.68,3105222.3,4540776.3,4540776.3,424280.84,424280.84,302911.51,86489.72,1303.18,215118.61,3626176.91,127146.01,280543.42,0,3218487.48,2702951.32,197727.29,1372951.69,1132272.34,5626,5626,0,0,62828577.85,62828577.85,3693896767.0499997,4262918429.9599996,RN,Rio Grande do Norte,Northeast,TRUE,TRUE,202508,2025-08-01,confaz_boletim_tributos_estaduais,planilha1,confaz_boletim_tributos_estaduais_20260330.xls,20260330,mapped
25,SP,202508,2025,8,1061639893.15,436626681.91,1012905659.92,0,2511172234.98,115057164.26,108369501.74,23720684.39,247147350.39,27959139.32,25978324.57,1955483.31,25331.44,65555601.87,483.92,15388720.16,419790.95,40629111.27,9117495.57,8664987389.32,739852148.35,347617614.66,8772812.97,85702260.93,58088665.59,12629087.93,20262975.36,296320640.65,40097562.21,1950368440.24,1245128918.84,278094619.62,567210290.25,263811279.72,228324168.25,283681848.12,211786177.41,307286727.6,397870771.42,1067367555.87,37837240.84,41679413.08,127922803.01,47273366.4,1182710068.98,1182710068.98,23386365.42,5192253.26,62843.9,18105383.84,25884.42,29965155.92,3341182.19,8096114.9,18527858.83,6491386130.08,491318532.69,4308532904.78,1691534692.61,683807196.21,518039797.02,4462622.39,12131445.75,146305331.39,2867999.66,163962580.98,155913530.14,8049050.84,670724125.49,10206339.49,2048359.28,1381823.16,578933452.11,42930147.31,35224004.14,16723937.03,13464686.08,251430.06,3007820.89,2593671.13,2593671.13,100098040.99,6382.23,5837438.6,18018311.86,17912701.11,3648091.4,54459476.36,215639.43,129637284.93,28095352.92,400360.5,214569.42,11952312.29,1881580.1,87093109.7,316302.4,316302.4,1437949.27,1437949.27,13206945.14,12848097.35,19993.63,338854.16,7971877.09,1385742.77,818330.74,0,5767803.58,15041663.5,3246092.72,10611933.71,1183637.07,670.55,670.55,0,0,950258778.19,950258778.19,19241730873.81,21752903108.79,PB,Paraiba,Northeast,TRUE,TRUE,202508,2025-08-01,confaz_boletim_tributos_estaduais,planilha1,confaz_boletim_tributos_estaduais_20260330.xls,20260330,mapped
26,SE,202508,2025,8,35809940.94,3609280.4,1664491.53,3921492.95,45005205.82,5004792.75,326762.54,34441.95,5365997.24,539051.85,306170.53,196060.63,36820.69,11144370.04,0,1110217.03,0,10034153.01,0,158316431.35,22463149.12,23769002.5,106125.59,1487056.29,518341.34,485082.7,344986.53,279676.74,0,42167117.29,34047671.64,526138.62,2297694.74,10114618.65,902817.06,1949533.81,613391.77,983535.48,702789.92,12556485.7,803885.31,789065.68,408264.87,0,48340367.71,48340367.71,383735.04,368913.23,0,14821.81,0,0,0,0,0,223294621.97,38915363.15,98684709.58,85694549.24,7737175.34,7119449.09,6233.35,98396.87,513096.03,0,5943339.26,5943339.26,0,12203864.2,0,0,6055.85,12197808.35,0,0,0,0,0,0,0,0,0,0,0,0,0,0,0,0,293252.21,0,0,0,293252.21,0,0,0,0,0,0,0,0,0,0,0,0,0,0,0,0,0,0,0,0,0,0,0,25537462.45,25537462.45,493733671.4199999,538738877.2399999,PE,Pernambuco,Northeast,TRUE,TRUE,202508,2025-08-01,confaz_boletim_tributos_estaduais,planilha1,confaz_boletim_tributos_estaduais_20260330.xls,20260330,mapped
27,TO,202508,2025,8,28875576.71,6391026.11,4320740.03,127251.52,39714594.37,4725105.05,5134113.24,598515.53,10457733.82,10616771.48,9514445.85,1078906.77,23418.86,3043745.17,0,0,453800.56,2589944.61,0,240147186.53,18726521.05,44424631.96,10023.75,64750.39,229702.06,547206.98,46113.8,82387.76,45440.41,141795228.82,7097634.57,183533.48,2785266.93,6981855.87,139802.11,1999167.04,1660275.13,207750.07,518575.47,10632939.88,548762.2,509525.14,742377.11,167714.55,48564070.94,48564070.94,712350.54,676804.08,0,35546.46,0,426856.27,149053.29,47791.39,230011.59,195643044.86,25022417.04,110659097.73,59961530.09,8258134.52,7917767.62,26145.84,13937.78,282541.68,17741.6,2472805.2,2358851.77,113953.43,9585121.31,3045.97,1,10890.55,9556286.59,243.74,14653.46,14445.39,14445.39,0,0,4245.48,4245.48,721642.97,0,0,31025.42,16513.86,3246.86,644701.62,26155.21,1523058.51,1290794.25,0,620.16,186200.16,2982.17,42461.77,0,0,1560.13,1560.13,984.76,984.76,0,0,7401.98,0,0,0,7401.98,116120.54,7418.9,102840.9,5860.74,0,0,0,0,39816814.98,39816814.98,561676361.5600001,601390955.9300001,AL,Alagoas,Northeast,TRUE,TRUE,202508,2025-08-01,confaz_boletim_tributos_estaduais,planilha1,confaz_boletim_tributos_estaduais_20260330.xls,20260330,mapped
1,AC,202509,2025,9,12558603.12,670445.08,6557561.51,0,19786609.71,2184297.54,153699.68,488.98,2338486.2,6193693.45,6171897.27,20346.49,1449.69,109913.36,0,0,0,109913.36,0,39946541.01,6031135.74,10253971.68,1117.23,4466.11,170030.88,191166.32,450300.67,1718.21,32014.7,10857735.52,923235.76,123138.71,893048.88,1831198.81,34.91,181834.95,254097.38,7926.78,327193.87,6515929.62,491402,245603.11,56386.68,101852.49,16050362.8,16050362.8,126246.46,122788.08,467.6,2990.78,0,386854.96,173062.68,51604.36,162187.92,98052149.69,6354535.8,56189829.04,35507784.85,869240.95,480927.07,7679.36,46244.98,319455.98,14933.56,983813.11,934512.28,49300.83,5730725.7,20947.08,28861.44,16914.08,5625769.39,13488.93,24744.78,18564.49,17988.41,0,576.08,8970.37,8970.37,396279.42,3613.76,12299.93,86540.43,0,10484.29,210345.18,72995.83,547665.07,26196.17,16036.76,1030.62,231987.06,55768.81,216645.65,0,0,11458.05,11458.05,28768.16,28768.16,0,0,66316.62,17076.61,0,0,49240.01,206958.46,13584.3,130238.68,63135.48,15.14,15.14,0,0,17326797.89,17326797.89,187061335.16000003,206847944.87000003,,,,,,202509,2025-09-01,confaz_boletim_tributos_estaduais,planilha1,confaz_boletim_tributos_estaduais_20260330.xls,20260330,unmapped
2,AL,202509,2025,9,60690501.5,4722711.49,1097503.53,15731657.84,82242374.36,5893578.52,37190.07,60871.21,5991639.8,1578904.89,1507232.53,21831.72,49840.64,8152364.95,0,2675825.13,756118.99,2967837.67,1752583.16,191811759.29,21615636.71,48923748.18,166960.17,237665.16,861232.76,105039.07,405899.9,1132271.58,185604.16,48736724.07,14662092.2,526382.45,12721858.11,5993796.89,822008.16,2428626.46,3014308.29,1266280.91,3657167.27,19211631.43,2156075.92,1688041.99,806245.2,486462.25,65275565.62,65275565.62,1129686.96,672337.61,326.95,450752.73,6269.67,1396843.3,346371.61,515066.89,535404.8,395865914.87,27305440.33,237129963.4,131430511.14,20871386.32,14408846.57,1007123,43361.99,2699191.61,2712863.15,11682977.5,8487103.86,3195873.64,13548797.7,128151.63,41915.26,45794.61,13169430.54,106947.79,56557.87,293605.65,232446.96,23312.58,37846.11,113330.93,113330.93,2243367.56,4535.9,48407.58,111285.93,351.33,112536.91,1923847.92,42401.99,1559740.05,421083.27,6147.8,52803.02,352524.44,27561.49,699620.03,414.28,414.28,111978.2,111978.2,107148.72,103608.34,109.95,3430.43,238537.87,96920.06,0,0,141617.81,684155.89,29862.73,511503.71,142789.45,185.38,185.38,0,0,1024250.1,1024250.1,717690916.03,799933290.39,,,,,,202509,2025-09-01,confaz_boletim_tributos_estaduais,planilha1,confaz_boletim_tributos_estaduais_20260330.xls,20260330,unmapped
3,AP,202509,2025,9,12785718.24,395573.16,6618515.67,49715492.68,69515299.75,694197.21,0,0,694197.21,24995,19299.95,5012.17,682.88,79544.22,0,0,32933.8,46610.42,0,26021521.92,1570038.17,11080844,0,1090.54,41622,924.69,518784.28,494416.79,16689.16,692657.65,793213.25,36676.81,977234.82,1784590.56,84011.49,182521.98,385323.17,1448830.85,151078.12,5451397.51,182769.65,46724.66,71943.03,8138.74,14429328.08,14429328.08,135885.04,116655.7,4.8,19224.54,0,297600.59,233786.63,9358,54455.96,96880091.63,5583658.37,71194301.58,20102131.68,827729.99,394102.39,277039.39,30138.91,122710.06,3739.24,261216.87,246112.61,15104.26,6340543.85,113.94,37258.43,9327.64,6288583.31,4889.75,370.78,1743.44,1743.44,0,0,25447.13,25447.13,143697.69,274.9,23.51,56755.02,0,1726.39,84079.09,838.78,108828.15,2882.74,0,97.69,85856.43,284.95,19706.34,730.28,730.28,3244.6,3244.6,52418.01,52361.65,56.36,0,4101.62,10.31,0,0,4091.31,55631.42,19356.41,24724.34,11550.67,0,0,0,0,15384107.26,15384107.26,161078406.78999996,230593706.53999996,,,,,,202509,2025-09-01,confaz_boletim_tributos_estaduais,planilha1,confaz_boletim_tributos_estaduais_20260330.xls,20260330,unmapped
4,AM,202509,2025,9,91906860.94,2519583.29,44264424.23,113542063.7,252232932.16,9678254.78,5421024.45,4580.96,15103860.19,291501.19,271870.35,1273.07,18357.77,70024524.93,0,67710766.19,2052320.46,261438.28,0,747218575.5,10568122.01,66107655.14,0,812465.01,458418.62,81294.4,255508.79,3893673.96,258052.76,130500264.81,16881512.13,3090408.79,28292670.36,9554034.84,6759104.83,18079363.41,225943235.45,7797643.6,20116269.47,30377109.91,161250306.08,1129019.29,4736248.92,276192.92,71131500.23,71131500.23,1761115.56,1123487.63,2846.67,634781.26,0,434251.33,0,64539.84,369711.49,429850436.84,33028214.63,215970428.75,180851793.46,84288072.59,66219748.43,10122169.41,1175289.67,6763423.02,7442.06,7797553.89,7796468.01,1085.88,29390747.86,61909.87,22161.45,36931.89,29072847.48,195383.81,1513.36,0,0,0,0,0,0,3.53,0,0,0,0,0,3.53,0,1418229.17,201.18,0,3071.56,1414935.21,0,21.22,0,0,0,0,636.92,636.92,0,0,58318.38,0,56286.18,0,2032.2,121680.65,0,116323.02,5357.63,0,0,0,0,50239095.52,50239095.52,1494026244.0900002,1746259176.2500002,,,,,,202509,2025-09-01,confaz_boletim_tributos_estaduais,planilha1,confaz_boletim_tributos_estaduais_20260330.xls,20260330,unmapped
5,BA,202509,2025,9,237717363.04,48095412.67,138970397.75,0,424783173.46,0,0,0,0,16506344.62,14325366.67,1934496.15,246481.8,64032682.23,0,38788390.56,5135105.6,10877158.01,9232028.06,1456781295.74,93119751.94,234703682.01,97962.34,7116225.09,3481505.64,5394225.33,1242317.1,21176936.72,488571.81,603627005.44,174110419.62,4794070.88,81836462.23,52692844.92,20076375.68,15081972.2,5318874.95,9386974.23,12327635.19,90090044.11,5691778.6,7376922.11,2777119.16,4771618.44,261811783.97,261811783.97,5287174.93,4315823.92,250.2,968563.06,2537.75,4983093.77,1994566.03,1963138.06,1025389.68,1359423064.1,93214734.11,695698367.16,570509962.83,50265608.21,34107827.9,1925063.45,317281.59,13603890.65,311544.62,37667877.14,32811214.35,4856662.79,71638278.79,117374.49,203094.99,208460.73,67725693.33,1457778.36,1925876.89,925520.94,919694.94,0,5826,361435.51,361435.51,13050846.74,2587.4,123562.49,692775.98,19800.08,607874.29,11419177.59,185068.91,7096361.21,2998584.55,9313.57,58508.96,2145127.67,329777.94,1555048.52,76059.38,76059.38,374825.37,374825.37,190338.17,189926.4,411.77,0,380475.19,66869.04,40.43,158.47,313407.25,1887904.74,269985.67,1126278.6,491640.47,1843.49,1843.49,0,0,0,0,3352742814.2399993,3777525987.6999993,,,,,,202509,2025-09-01,confaz_boletim_tributos_estaduais,planilha1,confaz_boletim_tributos_estaduais_20260330.xls,20260330,unmapped
6,CE,202509,2025,9,54909406.79,16285974.46,1530956.5,96294.74,72822632.49,8045124.15,6408362.82,363212.35,14816699.32,2660353.05,1584847.45,39828.4,1035677.2,11806226.92,0,2675381.16,525.65,9130320.11,0,606443482.6,68228242.58,102072043.42,96480.1,9391259.71,16831626.87,20217257.3,1476118.35,9246960.92,1413181.48,208930555.62,26374615.07,3763421.51,14597518.25,36511825.97,9607646.9,10405138.44,2879261.8,5588820.31,6219240.83,38232422.75,4783847.1,5931774.1,3538768.92,105454.3,159666201.63,159666201.63,632000.27,121561.75,88559.36,421879.16,0,2943120.92,1702688.54,498560.85,741871.53,877652229.41,68595088.99,564607398.95,244449741.47,35828453.34,29176103.53,1939418.55,365332.33,4066412.24,281186.69,21891882.82,20399189.2,1492693.62,42428333.57,344147.31,425.63,65074.2,42008459.29,7452.96,2774.18,922284.13,175225.36,747058.77,0,149187.8,149187.8,418401.94,0,1696.06,392584.45,0,1762.5,16901.14,5457.79,2538062.61,514255.61,69142.85,12739.04,1666068.83,11485.17,264371.11,7840961.89,7840961.89,268541.09,268541.09,481784.35,457861.48,23.92,23898.95,38826.79,16431.2,0,0,22395.59,124497.26,5941.84,12769.29,105786.13,0,0,0,0,63962743.14,63962743.14,1838697575.5299997,1911520208.0199997,,,,,,202509,2025-09-01,confaz_boletim_tributos_estaduais,planilha1,confaz_boletim_tributos_estaduais_20260330.xls,20260330,unmapped
7,DF,202509,2025,9,76258540.65,24967468.36,15296873.27,14947945.33,131470827.61,8964427.09,10765170.82,603901.75,20333499.66,2660911,2581763.87,75207.62,3939.51,328092.98,11313.77,0,2155.08,314624.13,0,200839788.99,17422531.71,52279274.48,772709.7,343345.24,676690.42,40613.88,283618.37,335415.97,71007.1,30262098.81,3807405.22,4990314.92,4011057.75,15454821.19,428088.92,4473566.9,3350401.91,3121772.75,1544598.07,52745574.98,1669864.79,942630.85,1810997.46,1387.6,85158717.97,85158717.97,864875.75,1861.2,5490.02,857524.53,0,1877.06,1750.39,0,126.67,560808735.25,56988116.95,357458664.5,146361953.8,12963732.38,10447496.01,186.34,287259.4,2074664.97,154125.66,16983983,16971865.11,12117.89,42514966.68,27152.26,792.89,95499.47,42391521.06,0,1,0,0,0,0,0,0,1359.86,0,0,0,0,1359.86,0,0,377155.5,10.55,0,0,307762.79,0,69382.16,0,0,5.21,5.21,0,0,0,0,0,0,0,0,0,1332.68,0,1331.66,1.02,0,0,0,0,88272840.06,88272840.06,1011778374.3699999,1143249201.9799998,,,,,,202509,2025-09-01,confaz_boletim_tributos_estaduais,planilha1,confaz_boletim_tributos_estaduais_20260330.xls,20260330,unmapped
8,ES,202509,2025,9,114887651.95,21812087.61,168202230.37,13395990.71,318297960.64,15060488.52,35827.84,23897.86,15120214.22,537682.82,311058.61,218008.23,8615.98,254767554.46,0,243353931.99,3767972.24,6638479.56,1007170.67,294263713.95,39052259.36,53542966.46,0,537790.77,2469604.75,126397.8,2082566.37,3530327.31,288261.54,48213085.56,19339867.8,3039940.27,10755185.01,28421737.39,29403760.69,13016921.88,1464195.98,3796452.54,3789165.65,18302521.09,3904176.2,3197527.83,2682947.8,3306053.9,124637007.73,124637007.73,2442690.94,24046.46,0,2418644.48,0,4215979.58,283887.13,783141.52,3148950.93,845738288.27,83190009.67,533513589.89,229034688.71,115333206.86,74760190.24,4661323.33,0,35694927.93,216765.36,15141121.32,14678151.43,462969.89,33976448.78,31415.52,53618.11,62180,32706223.79,407193.01,715818.35,1065938.13,1065938.13,0,0,169438.91,169438.91,3941937.96,1031.51,160401.26,830584.82,0,104354.37,2793022.29,52543.71,2796775.12,1403463.27,57085.88,12239.69,511068.51,72775.75,740142.02,0,0,159780.09,159780.09,121538.87,121132.73,406.14,0,58235.38,13704.42,0,0,44530.96,824090.45,269211.89,287601.81,267276.75,451.55,451.55,0,0,138316888.15,138316888.15,1838508769.32,2156806729.96,,,,,,202509,2025-09-01,confaz_boletim_tributos_estaduais,planilha1,confaz_boletim_tributos_estaduais_20260330.xls,20260330,unmapped
9,GO,202509,2025,9,430475204.53,76424300.56,240184060.67,323431965.17,1070515530.93,26097007.89,26938713.77,336300.65,53372022.31,48074053.39,46283347.08,1746044.3,44662.01,14662336.35,0,26676,7209200.16,7308040.81,118419.38,829039597.23,150739440.64,122818617.3,255688.29,1666070.93,6836505.38,1811174.9,1951734.05,5223660.1,994832.88,323373682,49285755.05,23921342.37,23518055.02,22591850.55,1800222.19,14040177.34,1577718.99,1654813.82,10320737.57,50764949.35,4477709.51,4222614.75,3116519.54,2075724.71,153403969.63,153403969.63,4782171.33,2241458.02,94588.2,2444176.86,1948.25,4067888.38,664396.55,1025228.53,2378263.3,1299074742.06,130748747.63,821331712.13,346994282.3,77883135.76,69893834.45,2225.9,219106.69,7151246,616722.72,18893514.5,17736151.91,1157362.59,56785311.39,235738.84,135332.25,128389.95,56031559.65,198673.86,55616.84,170158.69,147154.3,5533.66,17470.73,293809.66,293809.66,1801756.76,1976,205517.42,331249.94,101524.54,302205.4,748670.67,110612.79,8309047.79,1491508.76,41751.26,75086.79,917169.88,73402.6,5710128.5,3461.25,3461.25,150289.99,150289.99,142488.76,138880.69,1449.58,2158.49,630371.28,45692.26,4771.85,0,579907.17,893877.09,220628.4,431524.5,241724.19,675.22,675.22,0,0,104277333.67,104277333.67,2623339990.1800003,3693855521.11,,,,,,202509,2025-09-01,confaz_boletim_tributos_estaduais,planilha1,confaz_boletim_tributos_estaduais_20260330.xls,20260330,unmapped
10,MA,202509,2025,9,50349055.23,3886864.92,30794403.55,46270857.65,131301181.35,7919344.14,19455335.77,16271,27390950.91,7998105.95,7534191.87,375725.69,88188.39,22467683.05,0,7516138.57,12037299.57,2820912.54,93332.37,328013223.15,12423727.71,120173500.6,60793.85,215372.24,902172.7,336422.58,170169.23,7224903.47,220998.65,43348562.47,51868241.79,827100.62,6237379.45,16449623.27,18660927.67,1395792.45,1042886.06,363178.67,4787635.43,30891105.46,6208154.64,2213439.69,1469897.87,521236.58,144017568.9,144017568.9,480039.08,87553.61,6822.72,385662.75,0,4155384.03,1845716,1618084.28,691583.75,630449510.29,46119257.39,354825117.9,229505135,21441250.28,15743419.68,2315550.31,797763.34,2527882.02,56634.93,6900356.64,6452196.57,448160.07,34080990.65,13013.19,102445.7,12628.95,33694766.71,205582.42,52553.68,706086.69,702873.83,0,3212.86,54587.66,54587.66,3757978.58,2786.56,29940.32,270910.56,1897.89,71229.15,3307082.61,74131.49,3672396.07,1126834.35,19184.12,37061.8,549943.65,53459.52,1885912.63,240000525,240000525,61653.38,61653.38,74059.27,69740.78,4018.49,300,121097.76,10701.19,0,0,110396.57,630779.08,94115.57,180540.38,356123.13,85.28,85.28,0,0,52234815.19,52234815.19,1501318175.98,1632619357.33,,,,,,202509,2025-09-01,confaz_boletim_tributos_estaduais,planilha1,confaz_boletim_tributos_estaduais_20260330.xls,20260330,unmapped
11,MT,202509,2025,9,114944248.2,24821354.26,91535706.84,205380730.9,436682040.2,12579447.66,13307322.5,731091.86,26617862.02,70482500.07,69828311.34,572055,82133.73,11637495.77,0,1027.41,6020633.99,5581249.66,34584.71,1013902083.97,147389886.4,121294397.4,39293.12,1510456.09,988235.41,1587660.14,4865110.46,1794398.3,182064.82,512671867.5,69235777.02,973536.78,20482294.04,37709116.24,5021527.74,9654470.52,1699217.04,12330394.78,9747546.09,47421755.87,2449787.69,2192846.12,1660317.79,1000126.61,122809239.3,122809239.3,1002369.33,32275.99,59262.62,907908.68,2922.04,2308635.7,1155571.65,551218.52,601845.53,981951134.5,109407800.9,456613221.7,415930111.9,85172876.97,68912498.31,166789.5,94346.61,11717090.53,4282152.02,9864568.24,9432075.94,432492.3,20473535.6,16974.78,100750.39,215033.31,19662360.48,250024.02,228392.62,255606.59,222182.49,5235.48,28188.62,28894.51,28894.51,3570937.73,42586.34,88195.14,1009844.3,224366.78,278284.34,1879462.4,48198.43,3372839.49,1498022.73,5046.31,44005.04,1012931.41,32366.16,780467.84,3887590.89,3887590.89,157534.44,157534.44,635384.77,631516.61,376.4,3491.76,100318.5,12420.51,0,459,87438.99,699397,321166.54,206897.07,171333.39,3696.62,3696.62,0,0,0,0,2332316639.9899993,2768998680.189999,RO,Rondonia,North,TRUE,TRUE,202509,2025-09-01,confaz_boletim_tributos_estaduais,planilha1,confaz_boletim_tributos_estaduais_20260330.xls,20260330,mapped
12,MS,202509,2025,9,32951855.29,46449716.87,5332452.01,127953695.65,212687719.82,8674497.05,3018278.8,0,11692775.85,27706620.08,22814755.29,4807009.95,84854.84,6935150.45,0,0,2042997.28,4434427.55,457725.62,708323809.81,97605908.56,86230146.76,3951638.58,3209732.74,2490490.58,1742760.36,1894328.5,12103098.68,297828.5,412736208.31,11264099.45,1463662.1,7254177.18,11862350.56,7671956.87,9234680.98,741987.66,3666876.56,935286.51,25535516.96,1186199.28,721975.5,1285624.8,3237273.83,147678185.22,147678185.22,2415034.46,818128.42,818432.07,778473.97,0,1801316.61,326041.62,973120.32,502154.67,473737109.73,64782314.9,269761734.71,139193060.12,62745285.6,55204786.91,103054.77,36949.88,7084445.88,316048.16,5291550.41,4785898.57,505651.84,21480402.66,42160.52,24538.45,74173.37,20987511.74,316009.4,36009.18,1267465.59,1202413.15,0,65052.44,57689.45,57689.45,2006502.28,17962.19,59256.94,209075.49,25606.63,150671.16,1449423.84,94506.03,2458157.74,712474.31,1596.95,96154.66,418694.16,41467.61,1187770.05,1886949.79,1886949.79,72391.27,72391.27,33204.89,33192.05,12.84,0,129170.95,22091.36,92.31,0,106987.28,528470.69,125431.82,272280.51,130758.36,11.28,11.28,0,0,44201757.92,44201757.92,1510756236.8800004,1723443956.7000003,AC,Acre,North,TRUE,TRUE,202509,2025-09-01,confaz_boletim_tributos_estaduais,planilha1,confaz_boletim_tributos_estaduais_20260330.xls,20260330,mapped
13,MG,202509,2025,9,370979039.3,198720691.4,351435319.1,515419792,1436554841.8,74049239.04,23353900.93,2461631.26,99864771.23,55653888.24,42432353.08,13038941.71,182593.45,156224629.32,380.34,7565583.02,135626891.1,10237400.66,2794374.2,3548231408.4,321352963.2,235078702.1,118076502.6,12095543.48,26069733.31,13617457.99,11406817.13,36704242.22,4173878.99,1464551627,196393884.4,50302463.57,78414316.6,178701957.6,171155723.9,89852724.25,31992854.73,71044321.6,107487034,250935418.1,12787559.97,30075851.42,22863237.32,13096592.92,541576455.4,541576455.4,6092030.11,39104.54,71348.72,5981576.85,0,9290793.24,1013441.83,3302129.37,4975222.04,2432508285.2,187701650.3,1586478119,658328515.9,131532678.79,115157744.5,137857.72,55913.9,16050000.92,131161.75,66559148.71,64560455.74,1998692.97,170503021.68,1031886.17,267957.46,760299.53,165583469,1996239.74,863169.78,6857400.76,6177646.66,192.07,679562.03,233416.48,233416.48,27105998.95,2823.11,660284.06,2626755.29,1353242.51,733530.78,21280647.15,448716.05,16952469.27,4044763.04,239253.35,48711.31,4446541.82,240548.37,7932651.38,13620.51,13620.51,1347098.58,1347098.58,675629.5,662720.99,7854.54,5053.97,2497454.72,1519465.77,47460.05,237.72,930291.18,2589854.83,482949.69,1468360.92,638544.22,2934.1,2934.1,0,0,232205261.9,232205261.9,7408653478.69,8845208320.49,AM,Amazonas,North,TRUE,TRUE,202509,2025-09-01,confaz_boletim_tributos_estaduais,planilha1,confaz_boletim_tributos_estaduais_20260330.xls,20260330,mapped
14,PR,202509,2025,9,210217244.32,113966173.65,7643863.72,0,331827281.69,13513028.79,23501706.77,86174.13,37100909.69,7583304.74,3887940.85,3615991.66,79372.23,58637637.24,0,24369966.8,9412.56,34015605.43,242652.45,889665081.36,110993727.09,44601502.73,5170619.57,9999153.45,18276427.59,2550510.96,41453344.5,96300976.45,6492370.17,15312939.78,112866917.66,17485393.04,54575758.62,52927710.55,10687635,38432644.01,13421410.14,33214173.65,65158377.19,86031995.66,4850978.07,24825588.2,19881841.14,4153086.14,371436994.92,371436994.92,2256830.09,73410.05,194.84,2183225.2,0,8730851.1,1463650.98,2704300.96,4562899.16,2701775072.14,283487481.26,1959109678.79,459177912.09,158445507.52,108285341.86,897586.25,2752349.97,29936915.67,16573313.77,28351196.49,26236508.46,2114688.03,85575189.55,1835584.34,5117.85,403144.27,82015921.62,1254183.35,61238.12,45063.59,43941.88,1066.71,55,173632.95,173632.95,2422981.58,1024.94,91847.7,761596.28,1277563.99,70520.67,219145.47,1282.53,3284274.84,222269.61,12.3,3021.69,2644465,42198.7,372307.54,110757.02,110757.02,303048.53,303048.53,289927.89,289616.53,84.18,227.18,48516.16,1384.7,109.32,0,47022.14,662211.98,137860.28,490296.34,34055.36,604.16,604.16,0,0,12119466.41,12119466.41,4331918150.259999,4663745431.949999,RR,Roraima,North,TRUE,TRUE,202509,2025-09-01,confaz_boletim_tributos_estaduais,planilha1,confaz_boletim_tributos_estaduais_20260330.xls,20260330,mapped
15,PB,202509,2025,9,58268670.24,6505130.08,3986804.71,6432388.68,75192993.71,8266400.93,2698960.04,0,10965360.97,1691205.26,1614816.52,16865.29,59523.45,4547705.93,709719.33,222554.58,39921.43,3574340.16,1170.43,238021255.94,22099603.15,34660666.87,737.5,4480552.58,2113542.12,1625934.83,425435.79,1511744.29,519747.05,98520162.55,5168840.22,1067653.32,7120698.96,16145817.54,1080031.37,5070618.59,2538071.84,1120084.06,2390285.56,24033310.24,2076387.11,3025259.46,1162036.56,64034.38,60270234.83,60270234.83,72018.13,57851.24,1.77,14165.12,0,379259.32,105018.59,237376.35,36864.38,501726997.73,37549710.85,248960651.29,215216635.59,15796275.71,14801661.1,98456.46,53168.46,826393.87,16595.82,8245600.41,8190507.22,55093.19,19134474.28,335303.36,3.13,32509.15,18745720.41,20936.89,1.34,63912.17,60460.96,0,3451.21,3920.58,3920.58,70286.69,0,22321.95,376.21,675,32995.82,2809.88,11107.83,496348.57,67128.83,1005.76,7073.42,392753.97,3816.7,24569.89,0,0,3796.11,3796.11,2605.82,2602.13,3.69,0,2113.18,696.4,0,0,1416.78,45085.48,0,36606.3,8479.18,1.31,1.31,0,0,0,0,850573097.45,925766091.1600001,PA,Para,North,TRUE,TRUE,202509,2025-09-01,confaz_boletim_tributos_estaduais,planilha1,confaz_boletim_tributos_estaduais_20260330.xls,20260330,mapped
16,PA,202509,2025,9,144183688.57,8173227.16,355352779.94,349284319.92,856994015.59,15850548.01,4165010.12,37811.07,20053369.2,7671265.44,3467947.81,4155678.98,47638.65,142036255.71,0,0,136028832.04,3463428.55,2543995.12,582530791.59,50505639.28,139417999.24,503907.67,574120.87,710905.86,1682635.05,7197757.4,1560069.05,304086.16,185533884.02,24080826.25,1096449.22,11540451.45,24030624.88,25885322.05,3881476.56,2963825.88,7335991.49,42034775.77,40315896.63,4703546.77,1845558.79,668353,4156688.25,237222629.24,237222629.24,2734663.06,1527780.18,10596.09,1196286.79,0,5483519.92,501008.7,3626752.96,1355758.26,962417538.87,67737835.22,660968976.42,233710727.23,77113279.99,54585772.7,16367158.11,234913.36,5617900.46,307535.36,13997589.01,13494758.1,502830.91,40756310.93,41514.29,77639.83,15662.75,40364867.77,168347.07,88279.22,7043200.56,7040591.31,0,2609.25,57616.17,57616.17,3491001.06,1366.4,33132.25,949685.42,420.45,41191.04,2373030.12,92175.38,3779829.69,985658.89,62703.28,63623.22,1651669.92,154148.97,862025.41,396234.07,396234.07,38081.05,38081.05,241496.68,240708.46,70.5,717.72,256784.74,7330.76,0,0,249453.98,5197296.32,4544070.35,336526.39,316699.58,146.3,146.3,0,0,142501478.84,142501478.84,2234967009.24,3091961024.83,AP,Amapa,North,TRUE,TRUE,202509,2025-09-01,confaz_boletim_tributos_estaduais,planilha1,confaz_boletim_tributos_estaduais_20260330.xls,20260330,mapped
17,PE,202509,2025,9,109913001.87,14195256.19,12349847.84,39082737.88,175540843.78,25708661.61,8138302.41,1150157.35,34997121.37,6767567.34,6591297.95,41649.17,134620.22,7049808.42,0,1719807.85,4189.54,5325378.72,432.31,640211075.04,91574970.31,94825303.3,8594.25,4350069.41,7563437.81,1074739.08,2652655.32,12608982.09,1222981.15,116667901.57,54123523.49,11778567.21,31227617.26,30116064.82,7095102.07,12535709.1,4530834.07,12632407.38,6675247.45,117292998.98,9015095.7,6027025.76,2141129.3,2470118.16,175725763.99,175725763.99,910877.29,140311.36,23408.24,747157.69,0,90360.17,40130.78,12256.82,37972.57,1326912437.46,85961210.54,841405313.43,399545913.49,56515070.22,47253516.1,2033041.41,359414.51,6777472.09,91626.11,23331770.28,21793752.23,1538018.05,48906171.54,68497.17,303132.1,174414.32,47820834.66,469774.43,69518.86,1141372.74,651575.13,14201.76,475595.85,43689.37,43689.37,5312911.06,2232.45,78284.16,80147.37,897925.09,224496.76,3941758.81,88066.42,3052856.48,1343621.92,44003.98,508181.29,1069832.45,42261.49,44955.35,52176.26,52176.26,213200.73,213200.73,40966.01,38052.04,1927.86,986.11,249535.31,16513.78,8806.7,1104.28,223110.55,1866790.44,176197.62,1389944.39,300648.43,439.8,439.8,0,0,102063686.73,102063686.73,2400458526.6800003,2575999370.4600005,TO,Tocantins,North,TRUE,TRUE,202509,2025-09-01,confaz_boletim_tributos_estaduais,planilha1,confaz_boletim_tributos_estaduais_20260330.xls,20260330,mapped
18,PI,202509,2025,9,11664986.59,4428088.28,27041270.16,5343186.66,48477531.69,950274.7,768648.58,0,1718923.28,6090086.6,5294592.58,205409.83,590084.19,2567908.22,0,0,299567.96,2268340.26,0,228124126.17,12766904.74,62348169.62,5479,43754.23,750639.54,135023.68,82829.98,188669.12,80880.43,103324978.37,11348604.07,273200.24,4900865.36,6283894.14,175886.35,1025063.82,402045.36,845649.54,1348762.38,17238707.54,2311267.22,1413119.31,524762.83,304969.3,93046354.28,93046354.28,31284.03,59.74,126.16,31098.13,0,3231264.09,1701107.48,1063900.02,466256.59,331120561.94,25254720.67,159069231.73,146796609.54,11102060.89,9687391.13,23769.92,10981.44,1310831.1,69087.3,5239411.58,4887841.35,351570.23,15751111.47,7279.76,233997.66,11701.46,15254992.9,39189.23,203950.46,112798.82,90617.04,0,22181.78,3905.24,3905.24,2117704.22,4128.73,44982.58,207149.13,132.88,76137.73,1747821.16,37352.01,1544102.27,194847.26,6718.22,90790.47,590193.84,78927.88,582624.6,134615.51,134615.51,56169.36,56169.36,26583.97,20337.6,6246.37,0,187586.08,11920.51,20.28,0,175645.29,466354.74,14242.79,251799.89,200312.06,385.06,385.06,46930.63,46930.63,47754104.22,47754104.22,748755409.3900001,797232941.0800002,,,,,,202509,2025-09-01,confaz_boletim_tributos_estaduais,planilha1,confaz_boletim_tributos_estaduais_20260330.xls,20260330,unmapped
19,RJ,202509,2025,9,130267800,174170314.7,1196274.53,543564065.6,849198454.83,117321111.7,21269887.21,3367347.79,141958346.7,1495542.09,1123136.06,234817.04,137588.99,433401153.47,0,348034853.8,2043701.47,2872913.34,80449684.86,956243173.66,27060124.68,137398725.6,243588.89,3360336.31,14148921.54,2268374.74,632636.63,10798938.14,1532633.65,356754293.3,126099668.2,17475566.31,37192506.69,44041536.5,29786028.83,31972372.59,2036739.22,2233153.39,25974609.64,24219677.13,3643712.66,2871271.4,19223684.83,35274072.79,482478413.7,482478413.7,3325740.77,197256.71,9368.5,3114375.37,4740.19,5988589.52,389366.53,2558210.19,3041012.8,1169308522.41,27689383.41,670933918,470685221,693436136.17,222711915.6,14292925.69,5449847.81,450455339.1,526107.97,57889691.76,52945757.05,4943934.71,174726849.98,364968.02,421176.02,1609829.84,169360081,1296282.1,1674513,4334631.42,4323511.91,307.94,10811.57,208669.3,208669.3,26303303.76,2021.98,827338.75,15468535.91,7530140.17,551948.91,1750088.81,173229.23,14121276.32,5703985.42,255350.62,116415.61,2657178.31,514305.88,4874040.48,360959.36,360959.36,435095.68,435095.68,151713.33,105788.34,4802.73,41122.26,1605090.28,638928.93,19140.57,430.58,946590.2,2267817.15,214451.35,1508611.53,544754.27,193.43,193.43,0,0,991676487.3,991676487.3,5019759050.860001,5868957505.690001,,,,,,202509,2025-09-01,confaz_boletim_tributos_estaduais,planilha1,confaz_boletim_tributos_estaduais_20260330.xls,20260330,unmapped
20,RN,202509,2025,9,58540917.83,6944756.4,0,0,65485674.23,0,0,0,0,3394620.35,2169851.33,15996.13,1208772.89,37044486.15,0,19822719.22,247522.28,14764037.34,2210207.31,204952603.97,24478167.79,26584168.28,0,1073089.64,6940104.67,79300.14,288436.86,467612.83,431861.03,98102758.81,4634922.9,647796.45,5675998.01,6369285.61,225074.93,1289023.67,743350.86,5854890.04,1244748.93,11775846.01,1498789.44,1516177.73,796414.37,4234784.97,36052163.33,36052163.33,394228.91,13124.5,0.01,381104.4,0,5323345.74,521775.5,1391253.02,3410317.22,375661631.59,32295380.29,195604976,147761275.3,8387183.38,6392438.74,1039123.54,13555.89,902796.81,39268.4,11843535.97,10865354.44,978181.53,16428543.51,17446.97,170351.51,15496.97,16084755.79,66816.69,73675.58,197986.21,187163.01,0,10823.2,111133.35,111133.35,4207173.97,3262.66,39241.79,861512.03,666.03,67205.76,3172262.16,63023.54,2830440.07,1095460.71,50367.44,10026.19,451837.55,212108.34,1010639.84,5162.3,5162.3,60573.62,60573.62,150360.18,124723.28,4027.59,21609.31,336479.17,102373.73,507.37,0,233598.07,724329.5,70544.05,514467.26,139318.19,162.12,162.12,0,0,57980209.74,57980209.74,766086353.13,831572027.36,,,,,,202509,2025-09-01,confaz_boletim_tributos_estaduais,planilha1,confaz_boletim_tributos_estaduais_20260330.xls,20260330,unmapped
21,RS,202509,2025,9,101566203.5,131341841.3,25620896.39,146519.35,258675460.54,119460341.4,72878203.77,1737838.07,194076383.24,29883171.48,28280777.61,1526003.62,76390.25,10898920.36,108355.69,0,15776.93,10702565.25,72222.49,2017173775.76,217862548.6,202219056.7,493809.11,9648175.54,16448952.18,50950390.18,15579359.97,37787938.42,5891393.14,696911178.1,175138106,3558961,90980325.76,51347623.43,34900770.7,81718956.38,21312240.58,21688329.56,113597976,94628681.95,2648591.25,38993775.96,18403008,14463627.25,322064896.6,322064896.6,3000692.6,117016.17,336.39,2883340.04,0,4160321.73,551895.06,908720.89,2699705.78,1541611787.5,126496470.3,704965206.8,710150110.4,113038774.36,106406020,1738187.36,361056.98,4188755.56,344754.46,46503127.63,45293794.08,1209333.55,104940988.35,610434.35,380276.45,92408.77,102977870.2,391512.92,488485.66,54467.57,53732.72,0,734.85,23994.87,23994.87,1898553.38,806.17,103262.63,1229161.82,2224.91,83399.08,377412.51,102286.26,2981856.05,839792.36,1452.09,181580.36,1070354.56,84353.83,804322.85,0,0,109738.95,109738.95,66069.78,64032.83,1725.51,311.44,471884.18,144845.62,8739.02,0,318299.54,1407367.86,391837.92,824275.96,191253.98,3903.57,3903.57,0,0,122221763.3,122221763.3,4322516055.88,4581191516.42,MA,Maranhao,Northeast,TRUE,TRUE,202509,2025-09-01,confaz_boletim_tributos_estaduais,planilha1,confaz_boletim_tributos_estaduais_20260330.xls,20260330,mapped
22,RO,202509,2025,9,41918748.78,4386448.33,565992.15,65109655.46,111980844.72,14817062.65,3965229.38,21821.83,18804113.86,2720627.09,2514004.62,194161.31,12461.16,8114145.34,0,3756298.57,2387296.25,1970550.52,0,184136912.79,26232565.46,38532631.17,0,43776.07,175014.75,1922561.8,608380.73,297413.14,54792.34,80187541.37,7795419.1,145280.99,1697732.13,7950848.34,1647596.26,2467644.19,302159.54,32673.11,334948.25,10501554.11,1242602.93,788986.86,836250.99,338539.16,61740461.8,61740461.8,284956.77,36017.12,973.14,246529.82,1436.69,1581003.47,360126.04,443625.04,777252.39,376133914.27,46763633.37,186326130.2,143044150.7,6499360.48,3667422.23,1613776.24,36153.25,1157246.48,24762.28,2352798.95,2228103.14,124695.81,12569796.43,5151.54,67308.76,35805.95,12440509.37,10227.56,10793.25,379201.8,63798.9,106306.81,209096.09,34425.14,34425.14,883383.48,861.72,116635.26,123579.12,4933.24,81737.08,500087.96,55549.1,1967465.1,741632.08,4606.55,48713.55,647883.62,61745.52,462883.78,0,0,38824.28,38824.28,104924.62,104924.62,0,0,115443.98,29794.63,0,0,85649.35,513076.87,46647.47,256832.2,209597.2,341.06,341.06,0,0,69805313.05,69805313.05,729976376.7699999,841957221.4899999,PI,Piaui,Northeast,TRUE,TRUE,202509,2025-09-01,confaz_boletim_tributos_estaduais,planilha1,confaz_boletim_tributos_estaduais_20260330.xls,20260330,mapped
23,RR,202509,2025,9,11683944.14,629778.78,224791.66,20421429.31,32959943.89,159458.9,0,0,159458.9,709336.72,648867.48,29406.56,31062.68,667627.56,0,0,0,667627.56,0,49661051.01,1697050.36,10626335.74,4122,16226.15,54926.03,593.04,226185.31,17225.66,50161.34,27805689.73,846296.41,9959.72,336559.24,1482798.64,23620.77,180925.36,92868,15664.37,145657.05,5578122.48,131151.7,173181.53,95290.57,50439.81,26213095.9,26213095.9,14541.85,0,0,14541.85,0,484506.06,85050.29,152151.8,247303.97,96677060.68,6680307.1,49390544.91,40606208.67,2381464.74,1776385.46,834.67,491299.75,73423.5,39521.36,1422022.13,1379590.52,42431.61,4651093.16,3664.19,30366.74,166.71,4605357.82,9355.99,2181.71,40.7,40.7,0,0,19612.29,19612.29,193451.04,597.23,15793.79,26064.14,0,13873.45,131910.03,5212.4,469876.31,43599.04,14082.22,6577.82,277924.52,25454.63,102238.08,0,0,710.17,710.17,10330.28,10328.27,2.01,0,16018.66,3.92,0,0,16014.74,85737.57,8699.39,56387.9,20650.28,1,1,0,0,14411347.77,14411347.77,198088925.59999996,231048869.48999995,CE,Ceara,Northeast,TRUE,TRUE,202509,2025-09-01,confaz_boletim_tributos_estaduais,planilha1,confaz_boletim_tributos_estaduais_20260330.xls,20260330,mapped
24,SC,202509,2025,9,432160058.14,114726443.37,120704794.94,71191.55,667662488,61283868.84,2559794.74,3489800,67333463.58,11149653.56,4507809.64,6217716.43,424127.49,9502846.73,1985.02,134298.1,6041.34,8885637.91,474884.36,1412886582.34,99065303.76,170456790.17,242987.99,60738818.28,72957175.42,3646267.07,18062432.78,41583502,5299339.15,399607775.58,60308002.66,3874559.17,79629725.92,55211327.65,18537843.43,53175526.98,10463827.24,42904874.98,69137727.89,98240197.68,14253241.9,16282278.27,13303820.1,5903236.27,235756008.31,235756008.31,4138448.32,42719.49,58815.44,4034702.42,2210.97,11456007.39,1857926.09,3054272.37,6543808.93,1602656882.37,156263898.44,824365358.24,622027625.69,162678427.9,129017939.46,315671.97,514684.9,32605012.5,225119.07,43303067.2,41580105.14,1722962.06,86128624.81,2333216.39,343727.49,220013.71,80917779.56,1580855.53,733032.13,450705.41,408635.91,9.5,42060,852460.84,852460.84,19127703.17,162.85,6091586.05,1724863.29,22692.66,857160.75,10034720.94,396516.63,8132881.56,2998994.5,21446.07,161091.96,1478417.43,223834.72,3249096.88,7047397.79,7047397.79,560556,560556,214091.34,69038.06,190.1,144863.18,2721048.89,132726.6,160838.54,0,2427483.75,2556773.87,352525.65,1325748.22,878500,4279.94,4279.94,0,0,67176386.55,67176386.55,3688500834.2899995,4356163322.289999,RN,Rio Grande do Norte,Northeast,TRUE,TRUE,202509,2025-09-01,confaz_boletim_tributos_estaduais,planilha1,confaz_boletim_tributos_estaduais_20260330.xls,20260330,mapped
25,SP,202509,2025,9,1091366526.09,533662075.92,1102062952.51,0,2727091554.52,117510006.95,91269548.66,40470229.33,249249784.94,24573229.19,23216917.16,1246701.16,109610.87,67994669.95,0,10148225.51,578274.67,44275981.27,12992188.5,9378529369.4,782733248.93,439166970.56,9303256.78,92740893.98,55192678.69,17317718.15,22437692.15,292307852.5,37248036.6,2227470771.5,1327916879.98,281592436.49,595470951.48,248204465.57,212025922.57,314271481.86,227044950.47,311114367.25,440740327.87,1156360684.64,45422930.83,47160754.7,132497270.26,62786825.59,1149445567.27,1149445567.27,20060691.02,5560426.22,401917.56,14050464.42,47882.82,30708418.33,3647938.74,7823143.86,19237335.73,7045113704.29,491461264.54,4675335549.1,1878316890.65,727763399.67,543188066.22,4779033.42,12809151.7,164129390.53,2857757.8,168916230.76,160130903.43,8785327.33,705892610.63,23100920.02,2208118.12,1175656.74,547664103.01,33173940.13,98569872.61,12760646.59,11926173.54,254497.9,579975.15,1263821.26,1263821.26,89913153.36,8580.38,5640099.5,14613359.01,17998072.21,3380162.82,48130795.66,142083.78,167623432.66,26115318.71,541536.77,169732.16,86420860.11,1638369.41,52737615.5,310044.12,310044.12,1465989.45,1465989.45,8853982.43,8231643.58,18925.76,603413.09,6111539.61,890879.54,533880.98,0,4686779.09,16115057.2,4478098.8,10556478.28,1080480.12,0,0,0,0,902578150.14,902578150.14,20525993707.329998,23253085261.85,PB,Paraiba,Northeast,TRUE,TRUE,202509,2025-09-01,confaz_boletim_tributos_estaduais,planilha1,confaz_boletim_tributos_estaduais_20260330.xls,20260330,mapped
26,SE,202509,2025,9,41119468.97,3564040.36,1884515.8,3154151.67,49722176.8,5317698.6,410568.38,34609.73,5762876.71,294240.16,211483.28,53806.82,28950.06,12639288.71,0,2418148.76,0,10221139.95,0,161911687.57,16814271.19,22342951.6,79636.25,1546194.91,466000.99,847304.29,320601.21,134609.94,0,51336761.78,34774771.46,549799.99,2578929.55,10273730.46,563648.62,2239526.83,440080.88,550906.88,821646.28,12940150.87,1111759.4,759273.74,419130.45,0,47528958.69,47528958.69,248690.09,236670.19,0,12019.9,0,0,0,0,0,221116608.18,23207241.5,103608035.28,94301331.4,7658416.5,7111649.07,8246.93,69397.38,469123.12,0,6188151.59,6188151.59,0,12681331.7,0,0,9727.11,12671604.59,0,0,0,0,0,0,0,0,0,0,0,0,0,0,0,0,316529.37,0,0,0,315960.04,0,569.33,0,0,0,0,0,0,0,0,0,0,0,0,0,0,0,0,0,0,0,0,0,27484015.45,27484015.45,498067918.00999993,547790094.81,PE,Pernambuco,Northeast,TRUE,TRUE,202509,2025-09-01,confaz_boletim_tributos_estaduais,planilha1,confaz_boletim_tributos_estaduais_20260330.xls,20260330,mapped
27,TO,202509,2025,9,52005746.19,10259304.3,5358986.52,97339.02,67721376.03,6051133.74,4923158.47,173507.36,11147799.57,8147247.55,7504392.16,627051.83,15803.56,3786465.64,0,0,1083203.06,2703262.58,0,234688099.53,16705842.35,38967377.25,0,67841.57,255602,532842.52,455374.9,24358.39,34803.22,136271297.32,13948482.47,90773.61,2744102.82,7693713.18,392789.27,2223348.97,415314.47,168154.51,634937.37,10572102.91,870656.41,393600.65,1041170.09,183613.28,50368635.91,50368635.91,355160.57,323906.74,0,31253.83,0,571826.35,50213.06,228238.67,293374.62,201557320.21,23214760.79,115733768.95,62608790.47,9360222.14,8972952.94,20192.4,18555.95,329188.59,19332.26,2559965.59,2413030.19,146935.4,9531499.61,45160.55,3.47,4570.13,9475645.97,5859.64,259.85,15297.59,15297.59,0,0,25808.9,25808.9,871949.12,0,0,27364.83,67550.78,5269.72,752651.08,19112.71,1144864.01,952227.57,0,866.88,132047.17,6068.54,53653.85,203.2,203.2,765.65,765.65,869.78,869.78,0,0,4949.62,795.84,0,0,4153.78,82688.52,3580.13,72303.46,6804.93,0,0,0,0,37023752.93,37023752.93,560097592.4199998,627818968.4499998,AL,Alagoas,Northeast,TRUE,TRUE,202509,2025-09-01,confaz_boletim_tributos_estaduais,planilha1,confaz_boletim_tributos_estaduais_20260330.xls,20260330,mapped
1,AC,202510,2025,10,10292348.42,1222790.44,8076240.84,0,19591379.7,4386273.8,107080.02,58955.61,4552309.43,4665520.45,4655034.36,1019.65,9466.44,62922.28,0,0,0,62922.28,0,39312102.07,5379043.15,11819020.34,978.87,5865.27,140642.15,185964.05,429880.38,3873.29,68056.15,10103433.95,668098.92,95762.02,817243.59,2145884.32,10449.93,126275.51,120924.83,58976.89,132539.26,6155844.21,531952.8,189968.21,48161.66,73262.32,17745009.94,17745009.94,153573.17,143206.13,493.53,9873.51,0,630461.54,114805.45,43996.08,471660.01,100289018.51,5545929.15,60380097.71,34362991.65,944290.45,420913.14,31593.07,237689.01,218436.76,35658.47,955698.72,900526.26,55172.46,5533415.96,33737.38,35806.2,8533.26,5420379.22,9541.45,25418.45,70535.63,70080.22,0,455.41,19449.69,19449.69,480057.89,2083.53,5835.2,179577.28,0,7531.2,223982.71,61047.97,448833.12,23240.63,5402.02,4707.04,192583.09,32754.53,190145.81,11.56,11.56,10000.24,10000.24,22435.83,22435.83,0,0,32294.92,1126.77,0,0,31168.15,179870.64,4918.19,105553.01,69399.44,21.16,21.16,0,0,19576373.49,19576373.49,191131897.26,210723276.95999998,,,,,,202510,2025-10-01,confaz_boletim_tributos_estaduais,planilha1,confaz_boletim_tributos_estaduais_20260330.xls,20260330,unmapped
2,AL,202510,2025,10,48203353.99,4288643.13,1448361.91,16663349.75,70603708.78,13768262.8,42983.39,45573.35,13856819.54,1766076.94,1619848.04,70521.68,75707.22,8283649.68,4022.2,2730641.38,939959.38,3197747.51,1411279.21,204123624.89,14254392.25,59417890.13,350849.68,326322.91,1268409.54,152253.38,480874.61,1153647.52,259198.33,51040635.49,16786139.14,788687.02,16656076.47,7822656.13,1029365.16,2526506.38,1881367.42,1703597.3,3631143.87,17188636.46,1915418.75,2172459.11,807681.52,509416.32,64207639.85,64207639.85,727920.85,318624.11,1439.01,406609.62,1248.11,1260075.32,253031.69,447961.55,559082.08,426836850.74,31134022.92,246003089.06,149699738.76,24621200.92,18953940.36,468372.38,108510.28,2446141.11,2644236.79,12688313.44,9302420.38,3385893.06,15002859.6,44449.59,49304.32,97383.12,14615761.33,146448.47,49512.77,252648.13,190706.47,16097.06,45844.6,85776.42,85776.42,2366551.79,6653.34,68998.21,227820.76,2292.26,93787.87,1918824.67,48174.68,1703631.41,438354.36,7367.57,113149.95,343960.66,31829.42,768969.45,1439.12,1439.12,97302.15,97302.15,201793.07,197877.09,303.82,3612.16,140947.72,39776.8,0,0,101170.92,580101.59,61854.59,394087.58,124159.42,9928.63,9928.63,0,0,866686.02,866686.02,765825018.28,836428727.06,,,,,,202510,2025-10-01,confaz_boletim_tributos_estaduais,planilha1,confaz_boletim_tributos_estaduais_20260330.xls,20260330,unmapped
3,AP,202510,2025,10,9843997.21,540835.37,6589636.51,57189692.87,74164161.96,644350.54,0,0,644350.54,19044.49,12940.67,5549.84,553.98,154115.71,0,0,26194.94,126270.77,1650,25983501.31,1622239.88,11278270.91,30071.25,1517,38726.84,1653.59,725380.69,484418.19,14180.11,874162.72,865018.99,53608.4,768225.05,1466177.21,74023.73,221436.74,350526.7,1658088.89,96928.77,5001380.27,195594.98,77093.47,71346.56,13430.37,13686210.39,13686210.39,127983.02,112565.93,9.68,15407.41,0,367623.32,309477.7,4381.5,53764.12,87613549.82,4467808.07,62018977.85,21126763.9,1091920.47,259487.26,444448.1,8692.28,365525.48,13767.35,270307.69,266113.43,4194.26,6181494.22,54.84,51093.61,9360.49,6114384.91,5701.11,899.26,843.1,843.1,0,0,15971.83,15971.83,163992.27,544.31,23.39,45809.41,0,8506.36,108323.74,785.06,145519.52,7542.43,1418.69,1968.98,90268.15,1637.51,42683.76,83.75,83.75,2618.71,2618.71,10879.61,10877.52,2.09,0,2021.86,8.25,0,0,2013.61,45527.51,12653.24,17255.62,15618.65,2,2,0,0,16310843.76,16310843.76,152194054.36000004,226358216.32000005,,,,,,202510,2025-10-01,confaz_boletim_tributos_estaduais,planilha1,confaz_boletim_tributos_estaduais_20260330.xls,20260330,unmapped
4,AM,202510,2025,10,85951861.46,2669793.44,26234792.38,146205721.7,261062168.98,5532340.05,4565077.85,19096.53,10116514.43,164276.87,156024.66,2295.48,5956.73,65309423.88,0,62285759.07,2430669.23,592995.58,0,677937269.98,8094490.96,62255909.74,16977.6,627806.03,403913.28,48264.59,338543.32,3154884.56,561527.38,145327397.56,20074619.24,3106821.72,28909122.79,6928788.75,6638078.1,20255493.74,147506671.69,5839238.95,16340628.52,30470822.44,166540251.27,1548042.45,2631906.4,317068.9,67331012.11,67331012.11,2401815.37,1810347.28,0,591468.09,0,284834.43,0,61288.91,223545.52,435420560.31,31030705.23,223907386.05,180482469.03,86708491.48,66028195.23,11674509.65,1790838.53,7170113.35,44834.72,8255582.57,8255429.81,152.76,28332709.09,121144.21,9529.75,37126.46,27953964.55,210210.41,733.71,0,0,0,0,0,0,23.35,0,0,0,0,1.14,5.98,16.23,1218735.63,0,0,4514.38,1214189.34,0,31.91,0,0,0,0,1,0,1,0,172766.47,0,171650,0,1116.47,128719.22,2806.72,118180.05,7732.45,0,0,0,0,58528864.34,58528864.34,1432195086.1,1693257255.08,,,,,,202510,2025-10-01,confaz_boletim_tributos_estaduais,planilha1,confaz_boletim_tributos_estaduais_20260330.xls,20260330,unmapped
5,BA,202510,2025,10,235285797.26,37668383.85,150750591.18,0,423704772.29,0,0,0,0,18720262.65,16529820.79,1707369.49,483072.37,74162710.96,0,53173519.01,5504288.51,10401688.82,5083214.62,1516756003.21,85679197.02,249508956.91,152812.05,7537805.32,3906645.31,5672596.41,1432082.92,22007103.13,629409.3,621330534.09,202024881.86,4292307.05,75543422.48,55694157.21,16878461.99,12954207.51,6644067.38,10650707.82,12695360.73,96873930.67,5689624.37,7697510.9,2932201.4,8328019.38,252158488.14,252158488.14,6161470.43,5103516.05,1307.27,1054506.83,2140.28,1096369.51,35898.46,35994.19,1024476.86,1337040276.24,96336147.12,751407387.26,489296741.86,50619242.31,35132523.62,2071595.72,415331.23,12767753.45,232038.29,36359796.86,31895408.89,4464387.97,67479364.95,125224.05,175667.98,174565.7,63735530.45,1367834.74,1900542.03,374220.4,363528.41,0,10691.99,277677.29,277677.29,12812212.72,4283.08,140147.47,1115663.55,75570.99,331101.5,10960584.73,184861.4,6835646.2,2220034.76,85393.91,55946.32,2360875.12,353364.08,1760032.01,14859.07,14859.07,508117.6,508117.6,110890.61,108778.8,2110.81,1,514048.25,193535.36,14767.27,0,305745.62,1719703.67,250505.16,997281.48,471917.03,1200.76,1200.76,0,0,0,0,3383722561.8300004,3807427334.1200004,,,,,,202510,2025-10-01,confaz_boletim_tributos_estaduais,planilha1,confaz_boletim_tributos_estaduais_20260330.xls,20260330,unmapped
6,CE,202510,2025,10,52225213.2,18980125.45,1598362.81,472931.71,73276633.17,12446650.86,8094462.47,2119887.2,22661000.53,2603911.8,1584061.64,41887.52,977962.64,10268337.79,0,2342099.5,2552.29,7923686,0,578447784.77,61200206.35,97015433.57,95610.57,9238434.03,16357518.35,19983952.71,1355962.5,8660944.27,1352366.06,188234560.87,30710190.02,3432445.89,16657592.59,35344937.34,9306482.15,12417970.15,2759551.62,5967180.81,6675303.99,37431600.97,5046150.92,6216197.76,2858829.73,128361.55,161431050.74,161431050.74,715609.1,204535.23,110603.72,400470.15,0,3142706.76,1921181,583634.32,637891.44,950364228.57,79666831.47,617705157.02,252992240.08,37794219.8,29210979.83,2797623.96,395040.1,5017328.14,373247.77,21798538.87,20088703.1,1709835.77,47469647.68,417061.76,24775.58,147296.1,46874875.85,668.51,4969.88,891696.95,197178.49,694462.54,55.92,289040.74,289040.74,387967.54,69.97,20541.17,332462.91,6615.04,486.77,24066.36,3725.32,2534625.14,671334.89,65033.29,1409.83,1468875.31,10031.35,317940.47,6694648.53,6694648.53,233778.87,233778.87,692916.24,649564.86,249.11,43102.27,66928.83,12121.33,0,0,54807.5,196907.97,47107.8,18466.26,131333.91,0,0,0,0,63428684.41,63428684.41,1889453231.1000001,1962729864.2700002,,,,,,202510,2025-10-01,confaz_boletim_tributos_estaduais,planilha1,confaz_boletim_tributos_estaduais_20260330.xls,20260330,unmapped
7,DF,202510,2025,10,71584504.91,28413616.57,13970425.21,13301363.51,127269910.2,10313286.79,9918085.6,698063.11,20929435.5,3393052.22,3316020.14,74038.67,2993.41,336057.62,774.71,0,0,335282.91,0,233148398.16,20768684.16,62236726.59,228341.37,380987.63,599063.65,75776.35,395053.39,140630.8,60713.76,32181228.59,4096433.74,11972795.68,2905245.46,21908370.37,673529.86,6950923.07,6861263.49,3629493.94,2152805.11,50958171.3,1323675.55,1256948.27,1390454.03,1082,94589719.63,94589719.63,503003.94,1764.22,0,501239.72,0,9160.64,3206.05,2182.69,3771.9,620968127.48,66879455.58,382580696.5,171507975.4,11787606.55,9348499.35,175.37,384484.43,1918488.43,135958.97,16128471.91,16117611.11,10860.8,41576081.65,36220.82,1978.97,50321.63,41487559.23,0,1,0,0,0,0,0,0,4288.04,0,0,0,0,4288.04,0,0,487053.83,1.29,0,0,352117.05,0,134935.49,0,0,2.01,2.01,0,0,0,0,2.15,2.15,0,0,0,1421.8,0,1420.69,1.11,0,0,0,0,115661802.9,115661802.9,1138594250.53,1265864160.73,,,,,,202510,2025-10-01,confaz_boletim_tributos_estaduais,planilha1,confaz_boletim_tributos_estaduais_20260330.xls,20260330,unmapped
8,ES,202510,2025,10,58528388.49,26618607.62,102785576.51,12289777,200222349.62,15086887.09,36134.32,22602.29,15145623.7,572224.11,431909.49,134936.87,5377.75,225679134.56,0,209924804.7,4794156.68,9444046.84,1516126.34,335657463.09,39009101.2,60815134.21,0,596270.7,2765897.87,135249.46,2100719.47,2776300.35,388322.83,88172774.74,20843474.77,3703669.65,10000559.97,32058970.61,19447299.91,12627053.08,1366075.78,5089825.43,4434766.28,16763486.82,2683009.76,3794426.02,2633569.78,3451504.4,126660844.42,126660844.42,2365426.33,20830.91,13789.94,2330805.48,0,3882747.23,298137.82,737401.31,2847208.1,916732022.5,91308338.34,605414753.59,220008930.57,130620536.92,72473411.39,4006386.08,19940.49,53451290.95,669508.01,14272006.63,13800293.27,471713.36,33807853.03,84660.59,42002.51,57318.79,32682776.02,614111.39,326983.73,1108509.15,1107711.14,0,798.01,165423.23,165423.23,3951741.65,1399.65,139491.77,1000699.97,0,113101.7,2651540.89,45507.67,3570285.37,1990070.73,100196.55,11062.02,533300.95,80862.54,854792.58,0,0,97676.58,97676.58,149932.94,148330.03,1602.91,0,65112.27,26219.71,0,0,38892.56,676622.02,119719.39,285987.27,270915.36,520.24,520.24,0,0,138424805.29,138424805.29,1938460887.5600002,2138683237.1800003,,,,,,202510,2025-10-01,confaz_boletim_tributos_estaduais,planilha1,confaz_boletim_tributos_estaduais_20260330.xls,20260330,unmapped
9,GO,202510,2025,10,1057026053.98,69469672.68,385758749.42,357871659.24,1870126135.32,33251482.15,32050257.1,218177.17,65519916.42,49602702.12,48322584.68,1224274.3,55843.14,17448633.5,0,0,8173246.54,9053833.32,221553.64,872985229.63,156660687.74,143185477.06,687045.66,2727149.42,8110177.13,2168907.22,1530638.17,6801390.86,928166.99,327664781.67,52424138.88,21192857.93,22522027.48,21831232.51,3463466.26,15397890.21,2396383.66,1596509.72,16264876.68,51441349.53,2887438.01,4560468.59,3392948.68,3149219.57,170740304.96,170740304.96,4286524.87,2296350.32,97891.75,1890307.29,1975.51,4153481.99,483123.11,1139490.67,2530868.21,1326516125.59,133127697.28,845145119.97,348243308.34,79432691.26,71969737.79,7944.23,319971.11,6626815.92,508222.21,19110029.25,17202768.56,1907260.69,55176042.78,84473.84,108549.12,77535.96,54729847.33,124579.69,51056.84,165896.28,159913.08,5002.08,981.12,303690.66,303690.66,2098435.63,1608.13,198288.4,729730.27,127531.4,307582.02,620483.86,113211.55,8804035.81,1033889.63,235102.64,74003.2,1225885.2,91832.99,6143322.15,3561.95,3561.95,141500.27,141500.27,87757.47,86092.29,395.19,1269.99,581342.77,86036.25,3125.73,0,492180.79,962075.29,246138.47,484650.36,231286.46,857.33,857.33,0,0,111707582.42,111707582.42,2724308501.83,4594434637.15,,,,,,202510,2025-10-01,confaz_boletim_tributos_estaduais,planilha1,confaz_boletim_tributos_estaduais_20260330.xls,20260330,unmapped
10,MA,202510,2025,10,47392964.79,20473732.97,28174192.95,45183395.97,141224286.68,7237692.74,30816113.33,299713.8,38353519.87,8568696.61,7981406.69,456055.8,131234.12,19744928.54,0,6929784.57,9673483.52,3042011.87,99648.58,374639659.32,11345721.79,118277748.3,7438.17,600133.82,1262591.1,303116.69,181655.05,3514164.1,261953.39,94356682.46,45400223.17,887336.25,4800557.08,16313912.99,20378509.56,1588619.37,4642476,422191.44,2745383.44,38883525.08,4333233.24,2095176.29,1381475.51,655835.03,167079147.2,167079147.2,755239.75,401471.72,17189.11,336578.92,0,6416858.82,2153258.2,3041404.65,1222195.97,620394608.95,52753198.75,378464156.4,189177253.8,24672885.96,20458412.48,1841543.24,35396.44,2316241.78,21292.02,6538669.82,6060734.21,477935.61,36201563.26,58695.41,50949.18,21554.31,35885125.05,148210.35,37028.96,788158.37,784628.62,0,3529.75,80184.38,80184.38,3882141.53,5482.43,31640.73,455787.04,0,102792.8,3211202.49,75236.04,2222350.62,853011.93,9923.2,26704.23,756312.76,50700.39,525698.11,90001136.5,90001136.5,102547.49,102547.49,67122.76,65281.34,1531.69,309.73,152408.28,8124.61,0,0,144283.67,581892.91,215166.76,224429.72,142296.43,79.82,79.82,0,0,56356992.21,56356992.21,1419247273.1,1560471559.78,,,,,,202510,2025-10-01,confaz_boletim_tributos_estaduais,planilha1,confaz_boletim_tributos_estaduais_20260330.xls,20260330,unmapped
11,MT,202510,2025,10,92544653.26,20664014.71,89472541.09,205060749.5,407741958.56,12949450.48,12419111.14,1600556.39,26969118.01,92604022.97,92175784.15,345500.62,82738.2,17559669.69,0,1494.98,11130327.87,6394188.31,33658.53,1038968804.53,143794699.78,138511345.86,77006.82,1446316.07,1083816.12,1580158.79,5285775.64,1716904.81,168218.7,520939384.38,61979274.39,450024.35,20290687.01,39549629.84,5043492.8,9100624.02,2167809.76,10600481.95,12317530.59,54288996.38,2593916.98,2545023.31,2375546.15,1062140.03,130175840.99,130175840.99,709522.58,72780.42,626.11,633605.12,2510.93,1757583.72,688419.16,452119.81,617044.75,1008869025.53,116190648.12,475418595.43,417259781.98,90278337.51,71876820.23,124479.15,263154.58,13649995.46,4363888.09,9266260.77,8811411.21,454849.56,23301563.75,13529.45,155107.2,123043.49,22770729.28,207196.82,31957.51,543167.64,515986.14,6461.79,20719.71,27633.02,27633.02,3996878.94,10072.85,183094.87,368030.53,951180.6,288504.74,2154315.98,41679.37,3627851.55,1744975.86,12436.58,47014.32,901601.94,69272.65,852550.2,2633285,2633285,239827.65,239827.65,464935.13,419329.46,31234.13,14371.54,128993.78,2524.45,0,0,126469.33,794154.16,421288.63,166196.55,206668.98,3215.65,3215.65,0,0,0,0,2425950574.560001,2833692533.120001,RO,Rondonia,North,TRUE,TRUE,202510,2025-10-01,confaz_boletim_tributos_estaduais,planilha1,confaz_boletim_tributos_estaduais_20260330.xls,20260330,mapped
12,MS,202510,2025,10,28754482.58,52973924.65,4645035.18,120599096.46,206972538.87,2832696.49,4388286.82,0,7220983.31,25020932.08,19952874.19,4898093.01,169964.88,7380176.8,0,0,2351631.76,4500084.37,528460.67,638594441.08,97001516.8,99992348.91,3507349.88,3616429.66,2201586.17,2434104.4,1837006.43,13790434.35,345235.57,324217477.98,12502756.15,1363869.71,7267755.72,11891027.42,5167328.1,9776938.28,981016.65,4662604.94,1244151.82,28211241.69,987488.17,672370.28,1710145.28,3212256.72,166413234.64,166413234.64,1401200.88,135067.85,506801.27,759331.76,0,2184202.33,305298.14,1383799.07,495105.12,483874162.76,69108199.83,275134841.48,139631121.45,57351453.84,49599634.64,103222.82,45349.33,7445924.85,157322.2,5207839.32,4745145.48,462693.84,22044133.42,50595.17,14280.56,37485.17,20321525.92,91705.37,1528541.23,582946.52,553549.98,0,29396.54,71424.63,71424.63,1974291.87,13502.76,8158.78,215857.2,42185.36,171231.79,1449655.02,73700.96,3602262.6,683492.24,13412.48,132536.23,332964.15,72483.97,2367373.53,1343296.89,1343296.89,74905.4,74905.4,33771.88,33544.09,88.59,139.2,117590.67,14790.59,221.98,0,102578.1,593262.84,141093.94,281925.82,170243.08,14.48,14.48,0,0,52920814.21,52920814.21,1470786359.1400003,1677758898.0100002,AC,Acre,North,TRUE,TRUE,202510,2025-10-01,confaz_boletim_tributos_estaduais,planilha1,confaz_boletim_tributos_estaduais_20260330.xls,20260330,mapped
13,MG,202510,2025,10,285411274.2,201002857,231562445.9,434540720.4,1152517297.5,71033973.64,23734420.51,1552562.03,96320956.18,52910551.82,41637616.72,11089167.07,183768.03,145643683.75,0,6121873.08,124014950.7,11702918.18,3803941.79,3589063008.66,329170072.4,235414366.2,110424088,11366801.95,25876569.79,15144250.97,10098458.17,39073217.64,4089390.84,1402465372,257777681.3,57447857.84,78527388.74,171556469,168827475.7,99435859.9,39673783.28,61699760.24,105366184.4,282744362,19379952.25,31913314.64,20351048.79,11239282.62,581444959.8,581444959.8,6290981.98,57296.94,75289.82,6158393.7,1.52,9896325.64,961092.74,3569651.48,5365581.42,2520903995.3,178292260.6,1715871172,626740562.7,141750534.36,124888896.4,351565.53,46245.04,16328630.5,135196.89,63768466.15,61868910.63,1899555.52,175462280.93,980671.14,407792.91,832557.65,169984465.1,2144445,1112349.13,6809399.57,6147108.11,186.68,662104.78,245780.37,245780.37,27920742.55,2225.98,533371.7,3423574.72,1209733.44,675375.94,21502479.54,573981.23,14308496.06,3522759.47,260809.71,50636.68,4162935.51,226693,6084661.69,17852.77,17852.77,1065666.87,1065666.87,524226.96,515433.39,7301.98,1491.59,1133173.79,302662.07,52181.99,664.83,777664.9,2787753.47,586166.14,1570843.69,630743.64,2849.43,2849.43,0,0,231995982.2,231995982.2,7573946712.43,8726464009.93,AM,Amazonas,North,TRUE,TRUE,202510,2025-10-01,confaz_boletim_tributos_estaduais,planilha1,confaz_boletim_tributos_estaduais_20260330.xls,20260330,mapped
14,PR,202510,2025,10,198795310.2,143374072.52,8322207.93,0,350491590.65,18534422.11,41040623.82,109579.56,59684625.49,9981686.09,4304877.75,5254367.92,422440.42,46084310.83,0,10993402.45,58.3,34804108.34,286741.74,897388595.55,117043989.73,47547804.52,9192684.29,11107311.57,17551874.18,2515481.09,43231161.7,87614924.96,6463028.31,22366674.11,115118450.89,15547134.35,62038461.15,51198654.01,11523149.21,40684649.22,15842412.91,30856922.99,66674246.57,66141246.83,4397913.76,28433449.35,21263233.93,3033735.92,357386133.38,357386133.38,2299790,41965.41,197.02,2257627.57,0,8889257.6,1592548.23,2979756.56,4316952.81,2956824706.54,306043235.39,2235915084.28,414866386.87,159544662.21,109834837.19,681235.06,2368787.52,28965861.66,17693940.78,27095530.12,25144886.86,1950643.26,92565188.34,1787491.72,4719.35,154386.9,88545056.31,2016298.04,57236.02,61562.6,56192.89,4980.43,389.28,326160.39,326160.39,1369790.64,58.59,166931.29,330309.99,659144.1,94546.38,117210.8,1589.49,3673015.57,141954.98,184.59,7308.52,3306006.96,51772.73,165787.79,84393.49,84393.49,15447.2,15447.2,97847,96786.91,113.29,946.8,610526.83,706.66,73.16,0,609747.01,546543.1,263889.89,241635.55,41017.66,611.82,611.82,0,0,12971721.72,12971721.72,4577817481.02,4928309071.67,RR,Roraima,North,TRUE,TRUE,202510,2025-10-01,confaz_boletim_tributos_estaduais,planilha1,confaz_boletim_tributos_estaduais_20260330.xls,20260330,mapped
15,PB,202510,2025,10,60829918.24,5319975.43,3227785.43,6283540.53,75661219.63,8889393.4,2881763.39,0,11771156.79,1932643.61,1841073.42,19313.36,72256.83,4744351.57,715103.74,404129.96,94329.32,3191354.47,339434.08,206165790.97,21797884.11,36589258.92,1662.19,4182976.01,1733628.07,1551820.23,520077.82,1986990.74,594868.26,65942318.17,5147573.48,479805.26,6840173.2,18794828.57,784216.16,5369139.21,1361887.74,812249.43,1702707.55,23595164.35,2077207.33,3135141.98,1099357.64,64854.55,63654885.68,63654885.68,67679.36,42098.39,1.79,25579.18,0,3560234.43,56756.66,825407.87,2678069.9,542187160.61,40287451.73,292760224.61,209139484.27,16720372.28,15816212.04,7018.99,64523.89,827236.19,5381.17,7965741.46,7892375.2,73366.26,20039367.55,92994.99,1.09,36127.21,19893218.17,15750.5,1275.59,59543.87,56358.66,0,3185.21,2691.94,2691.94,78105.76,0,21488.51,1976.36,178.17,11974.16,3558.56,38930,472039.27,38857.31,34.98,4063.71,403533.11,431.99,25118.17,0,0,2788.35,2788.35,3913.03,3903.61,9.42,0,1675.72,248.8,0,0,1426.92,38814.72,0,31168.77,7645.95,0,0,0,0,0,0,867697800.1800001,943359019.8100001,PA,Para,North,TRUE,TRUE,202510,2025-10-01,confaz_boletim_tributos_estaduais,planilha1,confaz_boletim_tributos_estaduais_20260330.xls,20260330,mapped
16,PA,202510,2025,10,117162672,6489426,328061020,392955433,844668551,18295386,4081843,39373,22416602,6970062,3268012,3612768,89282,163661146,0,0,156240776,4318942,3101428,604959324,45328331,124445423,116315,405510,742936,2247852,8346370,1514578,437827,202879356,22510715,1042187,12543149,29826959,25463498,5777464,2058780,6939954,58348505,42386279,5273930,1905690,608128,3809588,221966638,221966638,4678909,4051229,17350,610330,0,3534863,416266,1971267,1147330,906442555,69313087,628695998,208433470,77953465,52101529,17476413,321009,7750816,303698,14094772,13531650,563122,43419618,38098,317383,17205,42721831,231697,93404,6923288,6919652,0,3636,36856,36856,3740995,7141,14486,892951,196,157861,2562395,105965,4357837,1131404,57204,66095,1556555,263399,1283180,427259,427259,149941,149941,256140,255762,65,313,257596,3508,0,0,254088,5086744,4442275,321007,323462,177,177,0,0,160497946,160497946,2229416131,3074084682,AP,Amapa,North,TRUE,TRUE,202510,2025-10-01,confaz_boletim_tributos_estaduais,planilha1,confaz_boletim_tributos_estaduais_20260330.xls,20260330,mapped
17,PE,202510,2025,10,111578874.8,21357053.96,39170749.32,34719420.97,206826099.05,22590897.76,7598089.23,1127969.65,31316956.64,2901205.44,2689746.66,56359.66,155099.12,5402904.88,0,0,3145.73,5398200.07,1559.08,687906311.5,87697983.71,103287211.36,20176.59,5294090.08,8344442.08,896691.76,2786017.49,12020182.45,1136279.78,159188259.08,59306524.04,15517115.54,31912935.57,27842759.44,8878474.8,13289723.54,5644585.54,13038750,8199784.28,102393759.38,9568830.24,6799413.32,2162640.73,2679680.7,176299509.11,176299509.11,1424736.6,152071.19,19324.03,1253341.38,0,478569.58,46426.52,13134.52,419008.54,1248292019.53,90441822.57,773903515.82,383946681.14,76167116.42,50774771.95,2843082.15,440083.08,22039099.6,70079.64,22865861.39,21034991.47,1830869.92,48482752,58792.75,198707.54,227041.68,47225168.37,711534.23,61507.43,1224873.48,641129.07,8609.66,575134.75,105664.82,105664.82,4703201.14,1557.46,76328.61,67913.08,637511.96,238957.41,3603099.28,77833.34,4008490.54,1232536.43,46686.25,415315.23,2169840.04,100950.23,43162.36,54678.27,54678.27,167626.03,167626.03,167256.76,166525.06,731.7,0,318729.5,22157.07,8901.85,1768.81,285901.77,1739038.11,162984.22,1246251.29,329802.6,333.02,333.02,0,0,116260323.37,116260323.37,2398971201.4900002,2605797300.5400004,TO,Tocantins,North,TRUE,TRUE,202510,2025-10-01,confaz_boletim_tributos_estaduais,planilha1,confaz_boletim_tributos_estaduais_20260330.xls,20260330,mapped
18,PI,202510,2025,10,10481273.62,2441939.37,27713051.53,6457930.39,47094194.91,1148017.6,917806.63,0,2065824.23,12246163.56,11341852.96,172576.1,731734.5,2902962.98,0,275.73,185765.16,2716922.09,0,232566298.56,12753791.61,58583400.69,6699.66,62441.35,922488.05,162973.07,103439.36,157341.87,88066.87,107147398.36,12015806.97,229673.21,4692259.45,7916015.23,118644.03,1380064.88,503921.81,1020551.65,1122645.62,19825901.64,1871618.42,1161163.44,375485.21,344506.11,100344743.68,100344743.68,40039.08,520.35,1.95,39516.78,0,2973568.24,1292933.55,854164.2,826470.49,321341757.53,26706542.47,153970753.32,140664461.74,9917223.2,8784972.21,22961.04,13713.69,1057680.83,37895.43,5006895.83,4686542.25,320353.58,16893884.72,8354.75,106677.52,15013.31,16704858.07,42946.83,16034.24,96438.04,88926.57,0,7511.47,26662.08,26662.08,2096131.32,3846.21,207154.8,141019.14,259.92,85313.62,1633881.44,24656.19,2320296.2,1194266.27,6459.14,13362.15,535659.82,26708,543840.82,280727.34,280727.34,74162.17,74162.17,30844.4,28531.4,1808.92,504.08,161858.78,9530.49,0,0,152328.29,492585.33,30501.77,310300.89,151782.67,205.72,205.72,38028.83,38028.83,42689825.71,42689825.71,752541303.3000002,799635498.2100002,,,,,,202510,2025-10-01,confaz_boletim_tributos_estaduais,planilha1,confaz_boletim_tributos_estaduais_20260330.xls,20260330,unmapped
19,RJ,202510,2025,10,115309714,154866397.6,1134399.08,577009401.9,848319912.58,85483315.45,21269887.21,3367347.79,110120550.45,2706469.4,2436478.01,191768.89,78222.5,484992287.09,0,398642147.9,1429061.42,3848042.4,81073035.37,860660556.95,25139208.39,148427998.9,225940.84,3179888.57,13662802.51,4022726.64,707139.62,11176972.59,1187995.83,266616448,113997395.6,26514272.44,39535376.33,39220617.55,29427732.04,32653308.34,1452029.33,2956679.82,25436389.76,21501148.94,2564142.6,3403061.2,17089258.6,30562022.51,469142690.9,469142690.9,4644611.63,172269.76,14615.27,4455893.5,1833.1,8703638.13,562818.09,3197573.12,4943246.92,1132994948.37,27539552.87,707455043.2,398000352.3,334309438.95,213671338.7,19945547.18,6975294.05,93272623.96,444635.06,54284485.12,48926717.1,5357768.02,161340123.17,294863.24,423653.27,850826.86,157427760.8,1049600.24,1293418.76,5018533.96,5005597.25,3049.1,9887.61,124410.14,124410.14,24494296.63,2210.8,864291.5,13072581.82,8217257.48,511750.43,1663072.11,163132.49,14666603.57,7362943.67,245767.48,289818.44,2546411.56,424845.14,3796817.28,10031.57,10031.57,395976.04,395976.04,613856.9,564443.32,4366.37,45047.21,1656876.63,185759.4,23277.68,25986.78,1421852.77,3389343.09,185189.74,2908326.08,295827.27,175.35,175.35,0,0,983347510.9,983347510.9,4547496864.490001,5395816777.070001,,,,,,202510,2025-10-01,confaz_boletim_tributos_estaduais,planilha1,confaz_boletim_tributos_estaduais_20260330.xls,20260330,unmapped
20,RN,202510,2025,10,50008619.97,10649546.38,0,0,60658166.35,0,0,0,0,3644243.49,2272481.91,17921.32,1353840.26,31778821.88,0,13517070.09,181433.91,16052970.96,2027346.92,236936188.69,32041012.9,38481804.9,0,654219.24,4755582.47,71727.43,310189.86,612342.02,443914.57,108332613.4,5513546.67,498739.8,5932924.13,8582719.96,174624.07,1850641.24,587482.3,4490461.78,1744259.67,13387172.83,1454195.18,1735444.72,1360791.6,3919777.95,32201029.51,32201029.51,495700.46,28903.58,1694.3,465102.58,0,2871775.95,651866.49,1116362.22,1103547.24,377597017,33658160.3,201938241.5,142000615.2,8062171.55,6199191.56,746039.39,21890.07,1048634.65,46415.88,11294756.26,10189488.16,1105268.1,22203495.85,37026.2,125677.93,14424.86,21875414.04,96337.38,54615.44,145129.5,138485.19,0,6644.31,31927.69,31927.69,5237246.46,1933.39,41795.9,718174.18,3229.82,143797.76,4270332.1,57983.31,1937694.93,807373.36,15791.88,32216.43,373835.87,94998.52,613478.87,4083.74,4083.74,94104.62,94104.62,79547.07,68811.79,498.78,10236.5,155886.64,42422.6,0,0,113464.04,909302.86,295399.34,506491.65,107411.87,143.68,143.68,0,0,78355009.02,78355009.02,814035276.85,874693443.2,,,,,,202510,2025-10-01,confaz_boletim_tributos_estaduais,planilha1,confaz_boletim_tributos_estaduais_20260330.xls,20260330,unmapped
21,RS,202510,2025,10,64201796.4,144145668.2,42744333.76,362076.68,251453875.04,103315664.2,39909304.53,1775373.02,145000341.75,29343034.47,27384149.06,1780533.31,178352.1,11419052.04,949792.54,0,23234.72,10323793.03,122231.75,2138591563.84,194708550.2,259666321.5,1184012.52,12883096.16,14759177.74,43940115.06,20570433.65,45799965.08,5631045.13,722101650.6,189417681.2,4254794.95,92944470.27,56114877.2,33891551.05,97928041.93,21321517.05,23121287.58,128553034.8,99468821.62,2612907.56,42881655.17,19450981.26,5385574.56,315518291.6,315518291.6,4277441.61,17492.26,243.7,4259705.65,0,4338245.69,423790.48,1798829.22,2115625.99,1488735709.2,141478380.9,765009873.3,582247455,101869315.51,95912984.77,1738177.23,374181.87,3566753.85,277217.79,42923640.56,41717007.81,1206632.75,104819089.32,739080.34,307976.89,69589.42,102903182.2,258775.9,540484.57,137129.09,81231.78,54743.58,1153.73,18723.95,18723.95,3902504.45,929.96,2306625.13,1217137.19,15798.27,127622.58,97583.13,136808.19,3268786.55,1135803.56,1367.74,167785.35,1037273.52,79788.07,846768.31,0,0,95147.05,95147.05,48542.66,45435.35,3090.95,16.36,318246.53,124998.73,6272.95,0,186974.85,1369026.03,341326.58,827177.66,200521.79,3419.37,3419.37,0,0,142721149.8,142721149.8,4393718059.320001,4645171934.360001,MA,Maranhao,Northeast,TRUE,TRUE,202510,2025-10-01,confaz_boletim_tributos_estaduais,planilha1,confaz_boletim_tributos_estaduais_20260330.xls,20260330,mapped
22,RO,202510,2025,10,34346082.2,5325087.98,680528.37,94941910.66,135293609.21,13129082.7,3175781.1,0,16304863.8,2727437.31,2628889.82,72672.75,25874.74,8846249.1,0,3150418.31,2942714.64,2753116.15,0,136629696.43,25507046.89,37136366.46,0,35038.47,199606.14,2315397.86,595287.97,223643.39,264687.72,32746274.61,8997580.68,399923.34,1532714.51,8188619.48,400876.48,2407584.92,503018.54,63226.92,491103.39,11153833.84,1323147.01,1103412.32,728810.72,312494.77,66648472.78,66648472.78,128465.39,68237.73,0,57827,2400.66,1757147.18,432584,462900.36,861662.82,349968162.61,49042393.11,168982540.1,131943229.4,6503501.87,3554386.44,1375034.57,35973.6,1529125.55,8981.71,2354454.82,2158226.07,196228.75,13065270.7,16907.47,129545.21,14619.19,12827113.09,24018.43,53067.31,563376.77,64975.03,243393.09,255008.65,18143.4,18143.4,736034.94,455.36,67772.22,117897.99,0,66567.9,460066.58,23274.89,1786514.29,491496.38,753.82,28177.12,595179.67,77815.98,593091.32,0,0,30525.4,30525.4,73487.95,73172.72,315.23,0,84745.14,26827.09,0,0,57918.05,433791.67,30770.58,289547.94,113473.15,0,0,0,0,66544801.77,66544801.77,658900279.52,794193888.73,PI,Piaui,Northeast,TRUE,TRUE,202510,2025-10-01,confaz_boletim_tributos_estaduais,planilha1,confaz_boletim_tributos_estaduais_20260330.xls,20260330,mapped
23,RR,202510,2025,10,6614771.58,645149.18,96536.15,54161127.65,61517584.56,698651.85,0,0,698651.85,646035.5,622136.62,9537.22,14361.66,1294650.06,0,0,0,1294650.06,0,50096397.9,1675395.9,10933870.59,0,23938.1,55560.83,274.57,248103.82,16103.87,75108.9,24899718.52,972324.39,20520.57,466909.08,2532253,4444.26,31313.23,115683.74,17561.47,318056.34,7376336.1,116284.18,64690.34,40216.17,91729.93,24382790.25,24382790.25,7730.02,0,0,7730.02,0,505010.49,47971.18,93939.66,363099.65,87579962.21,6762597.72,43579179.1,37238185.39,3332641.76,2418025.63,695.55,846517.41,43573.19,23829.98,995226.9,969362.39,25864.51,4571361.39,4309.86,15250.69,169.61,4541692.03,9240,699.2,0,0,0,0,4892.92,4892.92,198994.64,351.27,20713.45,16422.88,0,12077.22,143009.46,6420.36,400803.59,94108.1,19203.77,2401.62,148724.99,30954.95,105410.16,0,0,447.25,447.25,7980.78,7979.64,1.14,0,26500.72,1278.33,0,0,25222.39,97982.84,21190.19,50842.91,25949.74,1,1,0,0,12923973.84,12923973.84,187073384.05999997,248590968.61999997,CE,Ceara,Northeast,TRUE,TRUE,202510,2025-10-01,confaz_boletim_tributos_estaduais,planilha1,confaz_boletim_tributos_estaduais_20260330.xls,20260330,mapped
24,SC,202510,2025,10,47440804.86,15345131.72,17608239.43,1509.25,80395685.26,1373575.13,122094.21,525575.26,2021244.6,1281013.08,1204114.43,42690.3,34208.35,263096.21,0,0,0,263096.21,0,16528220.71,2260728.91,399377.24,3162.64,658502.07,586478.99,85822.12,573773.09,440500.71,45386.39,46853.51,705067.1,162825.81,3053782.42,501810.88,361709.89,575080.01,129385.69,1050210.04,1818199.97,1148533.64,1468696.09,145699.81,99685.95,206947.74,54337.37,54337.37,33883.06,1.06,237.03,33644.97,0,244177.95,3014.48,12004.43,229159.04,32635860.77,3732504.62,22224194.48,6679161.67,1959261.4,1085206.23,755198.82,870.12,108366.83,9619.4,595332.63,571277.28,24055.35,292008.08,3538.94,31467.87,21664.84,120615.97,113743.76,976.7,15041.16,12539.53,0,2501.63,69359.79,69359.79,506600.95,0,63394.55,17818.4,321.54,5412.75,417677.58,1976.13,543993.14,477509.34,0,7846.67,11922.97,3312.24,43401.92,565208.24,565208.24,14019.87,14019.87,44286.6,4523.03,0,39763.57,17290.04,972.07,0,0,16317.97,54520.41,750.49,37908.67,15861.25,18.34,18.34,0,0,15521139.54,15521139.54,71238669.34,151634354.60000002,RN,Rio Grande do Norte,Northeast,TRUE,TRUE,202510,2025-10-01,confaz_boletim_tributos_estaduais,planilha1,confaz_boletim_tributos_estaduais_20260330.xls,20260330,mapped
25,SP,202510,2025,10,981826162.23,645416320.21,1061533270.83,0,2688775753.27,142093415.77,83628628.52,29353043.39,255075087.68,30379690,28759398.45,1484061.46,136230.09,75341320.25,1904.6,26641345.56,818269.36,41787073.52,6092727.21,9570757343.84,814063943.6,542923224.29,8775511.84,97970992.06,54637949.9,14038251.63,22539387.14,288991970.26,56763382.56,2167955298.69,1397627396.18,329399981.87,614769137.02,313451215.64,239938564.54,318066374.8,240126220.05,281394875.51,448829011.6,1032450031.46,52365063.27,47810467.29,140542089.68,45327002.96,969762585.94,969762585.94,22098675.48,5407161.66,116110.26,16386554.04,188849.52,32742138.96,3664212.17,9150899.46,19927027.33,7526206871.15,515553460.93,5197767408.36,1812886001.86,783261667.62,613742226.38,6104217.12,11781249.08,148583574.94,3050400.1,169801056.65,160740990.13,9060066.52,676624588.89,12356478.09,1896142.61,855376.37,564936340.26,20179324.83,76400926.73,15446646.26,9733256.65,543721.74,5169667.87,1101507.65,1101507.65,131523286.73,8247.97,5195811.56,18624685.02,27802312.59,3735683.05,75748938.86,407607.68,126058470.48,38851592.47,487199.14,347866.85,12882504.15,3280001.73,70209306.14,277434.48,277434.48,1917922.65,1917922.65,16949654.25,16318906.06,11098.49,619649.7,6476772.8,919465.86,401442.09,0,5155864.85,30010300.18,3645055.01,24925176.18,1440068.99,0,0,0,0,969115081.84,969115081.84,21155853016.1,23844628769.37,PB,Paraiba,Northeast,TRUE,TRUE,202510,2025-10-01,confaz_boletim_tributos_estaduais,planilha1,confaz_boletim_tributos_estaduais_20260330.xls,20260330,mapped
26,SE,202510,2025,10,41900977.2,2826570.25,1898933.82,2626406.1,49252887.37,5915199.95,308701.22,46264.13,6270165.3,551998.09,462260.42,34037.59,55700.08,9097695.4,0,1261577.71,0,7836117.69,0,166945785.64,11821289.73,25046541.63,109774.63,1500952.49,425510.22,827014.35,142591.98,437164.77,0,49955443.02,40689190,477985.47,2284016.18,11932623,739979.15,1962382.31,941320.7,476443.57,514177.25,13950876.6,1169169.32,1052952.41,488386.86,0,45794368.37,45794368.37,577106.31,556305.78,0,20800.53,0,0,0,0,0,224115729.32,27083082.51,106580810.6,90451836.21,8856663.65,8101627.98,5464.48,70001.83,679569.36,0,5573967.52,5573967.52,0,12062018.04,0,0,9025.4,12052992.64,0,0,0,0,0,0,0,0,0,0,0,0,0,0,0,0,270465.03,0,0,0,270465.03,0,0,0,0,0,0,0,0,0,0,0,0,0,0,0,0,0,0,0,0,0,0,0,27853390.69,27853390.69,501699188.05999994,550952075.43,PE,Pernambuco,Northeast,TRUE,TRUE,202510,2025-10-01,confaz_boletim_tributos_estaduais,planilha1,confaz_boletim_tributos_estaduais_20260330.xls,20260330,mapped
27,TO,202510,2025,10,188824236.79,7382200.34,4882506.74,71504.11,201160447.98,13666607.39,7197459.78,201034.14,21065101.31,12797324.68,11807942.56,896146.9,93235.22,3912585.5,0,0,1092243.97,2820341.53,0,232284013.99,21037202.07,38574233.01,0,83769.85,187207.9,764938.1,145577.92,46790,82371.73,131705331.82,11341446,119033.65,1943199.04,8424613.9,259207.81,2250381.05,362278.66,43859.32,469369.13,12235555.09,702412.18,436969.49,921964.59,146301.68,59618277.7,59618277.7,635884.16,606274.4,0,29609.76,0,280796.33,48347.94,91246.1,141202.29,227588622.49,25354882.28,144964314.17,57269426.04,9891493.58,9375412.57,25076.91,26791.7,445975.49,18236.91,2780090.21,2606969.03,173121.18,9524724.46,4638.7,1.07,6596.05,9501054.1,4826.57,7607.97,16583.39,16583.39,0,0,63384.27,63384.27,1854231.32,117.98,163.86,39518.39,1010402.19,6999.4,767938.42,29091.08,262346.38,97879.07,0,316.38,138730.37,5258.8,20161.76,0,0,1795.23,1795.23,1530.57,1530.57,0,0,6907.73,1200.18,0,0,5707.55,56450.96,615,47304.2,8531.76,0,0,0,0,33160225.89,33160225.89,594737268.8400003,795897716.8200003,AL,Alagoas,Northeast,TRUE,TRUE,202510,2025-10-01,confaz_boletim_tributos_estaduais,planilha1,confaz_boletim_tributos_estaduais_20260330.xls,20260330,mapped
1,AC,202511,2025,11,6172932.35,616911.6,5970230.88,0,12760074.83,2273745.79,99637.6,29904,2403287.39,3206793.39,3200751.33,5357.44,684.62,60776.43,0,0,0,60776.43,0,41317047.71,5877061.48,12052514.41,402.26,8766.17,531633.29,189469.1,448377.73,620.37,56679.81,8432036.84,1022670.71,140451.64,1141200.32,2356862.17,39819.65,193452.38,256566.87,32752.34,243475.33,7121383.39,545762.64,437530.19,105658.92,81899.7,17280868.17,17280868.17,292868.84,280972.18,476.77,11419.89,0,341244.87,135654.14,46906.43,158684.3,106840177.21,6680656.44,60549168.16,39610352.61,796311.51,392712.76,22571.4,40805.42,321532.08,18689.85,949461.01,907065.58,42395.43,6158518.63,18244.14,26211.03,8136.8,6043994.04,15996.52,45936.1,25356.39,24923.03,0,433.36,6842.83,6842.83,417428.68,228.86,20826.98,75169.56,0,20157.67,230484.39,70561.22,405115.84,27380.7,19455.43,686.04,161077.03,21437.81,175078.83,0,0,24759.49,24759.49,14498.22,14498.22,0,0,39756.59,7575.58,0,0,32181.01,137440.88,6902.31,72520.65,58017.92,36.31,36.31,0,0,17378649.95,17378649.95,195693952.95,208454027.78,,,,,,202511,2025-11-01,confaz_boletim_tributos_estaduais,planilha1,confaz_boletim_tributos_estaduais_20260330.xls,20260330,unmapped
2,AL,202511,2025,11,30033330.2,4617137.12,786263.63,13642573.31,49079304.26,8361959.41,70351.63,26257.7,8458568.74,2049957.66,1913188.11,54549.57,82219.98,7805507.18,0,2171261.23,863912.22,3216631.48,1553702.25,234106893.66,15371370.83,66398172.67,233176.5,380142.86,1161452.11,122505.2,458691.7,1426666.39,255551.87,72346567.34,16489598.96,617619.13,13477145.7,8037583.99,714789.25,2575383.67,2288930.19,1969241.9,3213595.78,21447411.18,1979189.55,1801733.67,765798.63,574574.59,62285869.1,62285869.1,653185.19,18451.81,7552.46,626087.38,1093.54,1102913.9,168153.66,456496.61,478263.63,436507458.77,29503778.03,251684523.54,155319157.2,24114084.54,16894893.46,789811.1,69492.91,2571223.1,3788663.97,12473386.95,8976858.8,3496528.15,15110582.87,62112.3,44246.04,61649.43,14753424.23,123104.55,66046.32,307279.46,225637.83,23845.75,57795.88,91383.39,91383.39,2102323.18,6726.67,29733.76,159203.79,614.33,120944.8,1746142.81,38957.02,1587064.47,390136.72,9210.65,79238.97,358023.12,33512.5,716942.51,865.1,865.1,72296.67,72296.67,132225.37,125900.63,77.69,6247.05,83087.77,13228.51,0,0,69859.26,630850.1,60360.35,423217.76,147271.99,114.22,114.22,0,0,851044,851044,802068373.5500001,851147677.8100001,,,,,,202511,2025-11-01,confaz_boletim_tributos_estaduais,planilha1,confaz_boletim_tributos_estaduais_20260330.xls,20260330,unmapped
3,AP,202511,2025,11,6344617.93,284189.02,5210819.19,83043024.37,94882650.51,565193.49,0,0,565193.49,33371.54,26855.69,5416.94,1098.91,296713.34,0,0,162057.19,131752.4,2903.75,26159435.23,1227638.71,11161090.72,20047.5,721.57,50887.15,977.93,334802.6,540328.36,10641.71,1736929.84,760691.72,74713.41,874586.29,1553393.78,59593.32,163360.66,382858.26,1362070.37,187594.23,5235414.81,243793.15,81894.06,77718.79,17686.29,14052586.03,14052586.03,116455.05,97200.28,0,19254.77,0,261768.9,191876.02,18363.02,51529.86,76043978.35,6102901.06,48961809.53,20979267.76,905217.46,289624.14,333676.78,65598.99,215219.15,1098.4,220769.24,206482.81,14286.43,6420101.14,30.1,41736.59,9408.47,6360165.31,7950.56,810.11,1015.87,957.09,0,58.78,18980.25,18980.25,101432.65,1082,307.06,11325.33,85.92,2834.71,85153.67,643.96,129603.04,2899.12,2885.89,706.63,75716.09,2920.37,44474.94,161.04,161.04,20426.48,20426.48,15985.39,15984.39,1,0,2717.42,51.44,0,0,2665.98,60320.24,19613.91,21047.66,19658.67,2,2,0,0,15025002.92,15025002.92,139886043.58,234768694.09000003,,,,,,202511,2025-11-01,confaz_boletim_tributos_estaduais,planilha1,confaz_boletim_tributos_estaduais_20260330.xls,20260330,unmapped
4,AM,202511,2025,11,56165691.33,2890004.36,26394912.42,108424864.42,193875472.53,6800122.76,9344219.62,4329.16,16148671.54,218115.62,192484.67,23831.16,1799.79,49736060.46,0,46566561.94,2552386.39,617112.13,0,616645903.69,6852322.83,66274640.38,0,714192.63,390029.84,31119.7,177275.07,3312226.16,423974.62,53248937.24,19720557.18,3311618,26145177.08,3155404.95,5986533.62,19595726.02,205778148.35,9396089.04,16092971.42,31567623.28,139835146.96,1362651.92,2905968.11,367569.29,72460048.39,72460048.39,1772027.34,1051854.71,0,720172.63,0,263266.4,0,16529.2,246737.2,431843021.36,36328387.44,217191380.28,178323253.64,92591448.16,66980726.8,12849724.01,1527922.86,11211657.23,21417.26,7117963.59,7116540.45,1423.14,29188933.36,63965.99,23868.28,45356.82,28868856.69,186146.21,739.37,8939.62,8939.62,0,0,0,0,10.59,0,0,0,0,0,0,10.59,1159009.48,0,0,10272.38,1148640.34,0,96.76,0,0,0,0,1287.21,1287.21,0,0,32628.16,1.6,29623.65,0,3002.91,93837.13,1415.5,89479.51,2942.12,0,0,0,0,48951640.83,48951640.83,1352084141.39,1545959613.92,,,,,,202511,2025-11-01,confaz_boletim_tributos_estaduais,planilha1,confaz_boletim_tributos_estaduais_20260330.xls,20260330,unmapped
5,BA,202511,2025,11,206459967.3,27944545.72,146703821,0,381108334.02,0,0,0,0,18536357.93,17349161.91,833704.01,353492.01,65405025.15,0,48360030.27,3902700.8,10863432.14,2278861.94,2196043561.34,123966452.4,271605900.3,84610.95,7360062.28,4727046.71,6356033.98,1068675.64,19941477.36,614694.55,1275820676,156681069.5,5047465.28,73987789.88,61647747.41,23287558.94,16684914.28,6910516.2,11133809.58,11543732.95,97224675.55,5762785.39,7934683.72,2507791.36,4143391.13,276525998.8,276525998.8,6737380.92,5603678.37,30.65,1130069.72,3602.18,998055.85,19243.28,49674.47,929138.1,1432282213.5,101887152.9,782956579.4,547438481.2,48155653.37,33823385.28,895011.27,514214.87,12534306.2,388735.75,38461565.09,33211554.9,5250010.19,77450896.89,160499.38,174386.84,174151.48,72680410.02,1566776.89,2694672.28,788587.18,784958.38,0,3628.8,468340.3,468340.3,12313354.99,4364.68,281315.76,729072.1,65701.89,289048.46,10714437.19,229414.91,6812303.95,3633695.64,11739.67,149721.37,1817434.37,105089.03,1094623.87,14270.67,14270.67,341753.59,341753.59,135735.68,134517.79,1216.89,1,481981.94,48797.69,15414.99,0,417769.26,1977996.93,230395.1,1198888.21,548713.62,1295.35,1295.35,0,0,0,0,4183932329.4199996,4565040663.44,,,,,,202511,2025-11-01,confaz_boletim_tributos_estaduais,planilha1,confaz_boletim_tributos_estaduais_20260330.xls,20260330,unmapped
6,CE,202511,2025,11,42688726.25,13652260.38,1499134.09,150604.37,57990725.09,20293850.52,7617396.44,955594.94,28866841.9,3247364.38,2061308.85,174817.64,1011237.89,9141329.49,0,394272.17,2101.2,8744956.12,0,660608087.91,67874747.78,106755583.73,121385.81,9565152.32,16353146.27,28523738.24,1074642.58,9313209.61,1327179.52,246864761.67,29303266.65,4042817.24,16024774.5,34406598.81,8350636.15,8595114.75,3388742.76,4501093.24,6409853.6,41969602.56,4839063.23,6165492.99,3835688.41,1001795.49,185843144.19,185843144.19,808592.54,317202.88,36398.86,454990.8,0,2709762.83,1489275.9,572127.32,648359.61,909348374.77,82864631.62,579472852.7,247010890.45,40314561.91,32849935.34,2581413.43,378996.54,4093260.47,410956.13,21811494.1,20176601.93,1634892.17,45835966.82,493193.65,14221.09,29183.99,45299136.85,29.44,201.8,574692.99,152162.41,422530.58,0,121783.83,121783.83,290788.08,69.97,6159.65,261328.47,4086.2,3628.1,1496.89,14018.8,2720499.24,943614.81,5774.52,3396.58,1510391.44,10436.76,246885.13,7385604,7385604,141025.64,141025.64,433369.83,420330.58,0,13039.25,50520.53,3707.33,397,0,46416.2,198994.59,10488.9,10966.56,177539.13,0,0,0,0,64959362.37,64959362.37,1956545320.0399997,2014536045.1299996,,,,,,202511,2025-11-01,confaz_boletim_tributos_estaduais,planilha1,confaz_boletim_tributos_estaduais_20260330.xls,20260330,unmapped
7,DF,202511,2025,11,59878867.22,97079116.54,13528215.95,6009373.27,176495572.98,9588654.68,8409391.56,404475.17,18402521.41,3990152.69,3896010.24,89796.54,4345.91,289509.52,0,0,4390.07,285119.45,0,211707051.58,18338853.38,48262421.13,359866.49,440970.52,751865.25,61572.17,419310.37,174673.43,82517.43,41115180.86,3387452.5,5960997.06,3698195.89,18468743.98,1073908.83,3547443.66,3061821.45,3912191.67,1861823.16,52763412.36,1445225.37,1098972.42,1419615.75,16.45,89715288.86,89715288.86,688646.55,2009.62,0,686636.93,0,3427.39,491.06,0,2936.33,643727293.59,97688246.29,404874460,141164587.3,13857387.87,10809992.71,169.48,410674.44,2501577.17,134974.07,17204946.99,17187537.46,17409.53,42419027.31,45832.07,5190.8,45888.77,42322114.67,0,1,0,0,0,0,0,0,2861.16,0,0,0,0,2861.16,0,0,522835.95,447611.44,0,0,0,0,75224.51,0,0,5.08,5.08,0,0,0,0,13.31,13.31,0,0,0,1045.29,0,1045.29,0,0,0,0,0,99928912.77,99928912.77,1124058405.91,1300553978.89,,,,,,202511,2025-11-01,confaz_boletim_tributos_estaduais,planilha1,confaz_boletim_tributos_estaduais_20260330.xls,20260330,unmapped
8,ES,202511,2025,11,34922844.69,26788056.65,78829121.28,16211471.43,156751494.05,8398415.29,36070.29,70043.64,8504529.22,1029986.82,675582.59,347594.8,6809.43,265548241.8,0,251245398.02,5770992.06,6008023.99,2523827.73,307267530.65,38061340.59,61557417.36,0,922817.57,3034406.78,116114.12,2101566.14,3733015.72,423227.11,50364175.71,21693579.67,2476299.74,10611014.47,31795987.74,21469212.45,15947922.55,1541671.47,5854911.75,4558738.53,17383422.11,2479136.37,3661282.79,4108247.14,3372022.77,131939348.34,131939348.34,2574632.97,34409.87,11547.38,2528675.72,0,3993870.86,358767.42,1260184.47,2374918.97,974500626.34,86813458.02,654495239.26,233191929.06,139259281.06,80581238.76,5106724.58,30814.48,53357060.29,183442.95,15117026.94,14557767.85,559259.09,32490261.53,43444.52,47540.71,33286.4,31721923.73,355820.07,288246.1,934194.24,934194.24,0,0,197614.8,197614.8,4079892.54,1587.78,282583.44,868000.51,7488.99,304048.18,2578130.32,38053.32,3253704.72,1859266.29,20889.65,11656.43,552054.27,73858.22,735979.86,0,0,153423.85,153423.85,87443.82,80864.94,6578.88,0,43862.84,5320.93,0,0,38541.91,531866.81,92267.78,265226.47,174372.56,423.86,423.86,0,0,125343548.41,125343548.41,2008346783.1999998,2165098277.25,,,,,,202511,2025-11-01,confaz_boletim_tributos_estaduais,planilha1,confaz_boletim_tributos_estaduais_20260330.xls,20260330,unmapped
9,GO,202511,2025,11,184058232.6,61296258.8,166398743.51,497021688.08,908774922.99,31284982.79,24211089.95,239569.17,55735641.91,50457887.26,49190362.92,1202847.54,64676.8,14385824.44,0,6118,6503508.14,7697284.68,178913.62,877807045.46,161137536.03,134939023.33,344080.48,2060702.78,5629074.39,1873721.55,1433049.6,6927328.64,925266.23,327840704.24,60858404.66,19459952.75,20806158.31,20693672.36,2393319.43,17668728.28,2795890.8,1612326.01,19502521.44,55517520.07,2877319.49,4816711.66,3247186.52,2446846.41,188798785.9,188798785.9,4262408.64,2302990.62,98635.02,1855597.41,5185.59,3869176.99,383940.31,1027865.52,2457371.16,1390964936.1,147620293.92,887123602.06,356221040.12,75047770.48,67886467.13,2770.84,152648.57,6476544.29,529339.65,19881586.34,17109756.78,2771829.56,58237889.38,164324.14,107638.82,104147.92,56065655.69,146218.64,1649904.17,204123.21,189725.7,8910.51,5487,334090.23,334090.23,2563782.95,1865.31,172554.42,1169025.76,77257.79,743812.83,281891.53,117375.31,9356421.3,1703710.27,97071.87,53937.08,1031841.2,66677.29,6403183.59,3442.36,3442.36,205807.14,205807.14,110436.91,107126.94,195.61,3114.36,628861.4,56921.66,3949.18,0,567990.56,1102891.21,366305.22,508692.17,227893.82,672.01,672.01,0,0,108315612.46,108315612.46,2806539452.1700006,3715314375.160001,,,,,,202511,2025-11-01,confaz_boletim_tributos_estaduais,planilha1,confaz_boletim_tributos_estaduais_20260330.xls,20260330,unmapped
10,MA,202511,2025,11,29766931.75,5680375.43,24058472.78,45102307.82,104608087.78,6917727.21,18888581.64,22475.21,25828784.06,7479867,6918928.11,461475.63,99463.26,28994465.54,0,6594427.25,19085467.36,3288939.57,25631.36,286711959.44,10520548.27,114634778.3,29909.25,912958.5,865411.71,338490.9,179400.32,3904439.3,206604.44,26874622.76,35465724.59,949556.46,6100878.92,17205640.65,19104312.1,1459550.13,3457403.79,328455.24,3404888.72,31804787.12,4543782.77,1812340.69,2120885.67,486588.84,179218763.6,179218763.6,728443.01,362621.96,8901.48,356919.57,0,4518752.57,1842872.94,1589469.49,1086410.14,610184109.16,57807541.26,350915745.3,201460822.6,19946159.93,17143195.67,471532.57,32791.46,2261807.55,36832.68,6429157.86,5982208.61,446949.25,37727874.11,18940.95,67886.61,18658.1,37426830.86,159230.01,36327.58,754048.64,751559.68,0,2488.96,69913.67,69913.67,3637640.46,3894.76,39401.56,571032.58,562.05,75482.65,2862982.93,84283.93,2180018.48,954652.15,21179.92,24445.88,682042.44,52237.04,445461.05,200004064.8,200004064.8,116626.77,116626.77,487245.64,485194.37,1554.08,497.19,326285.5,13574.35,0,1.95,312709.2,526945.43,84800.89,256524.84,185619.7,81.4,81.4,0,0,51163305.7,51163305.7,1441205728.7100003,1545813816.4900002,,,,,,202511,2025-11-01,confaz_boletim_tributos_estaduais,planilha1,confaz_boletim_tributos_estaduais_20260330.xls,20260330,unmapped
11,MT,202511,2025,11,63032418.63,30424168.47,77428390.51,204176458.7,375061436.31,9032934.99,10552534.08,1219688.52,20805157.59,80034302.64,78938485.08,1049903.15,45914.41,12406461.37,0,1343.74,6511558.67,5863968.54,29590.42,989939745.6,148469821,118687630.3,42375.27,1550816.04,1161557.94,1574564.92,5169971.19,1473239.98,179483.92,500446526.5,49188086.45,535665.92,19164244.72,40984708.9,5257836.95,9406017.66,3119664.76,11940255.96,11168791.62,52395246.99,2601368.11,2154412.52,2400538.74,866919.24,146152492.1,146152492.1,746169.59,48925.19,644.21,695276.93,1323.26,1429618.55,587136.33,323407.1,519075.12,979990094.5,115299548.3,493809744.9,370880801.3,87294616.23,67867187.42,168322.78,141380.02,13954914.22,5162811.79,9770578.89,9368853.19,401725.7,24271534.69,9868.15,134605.38,140232.94,23564372.16,375979.1,46476.96,195517.65,179581.01,4022.57,11914.07,22686.79,22686.79,3252519.39,2321.22,244356.31,236502.24,568758.95,209357.13,1941849.43,49374.11,3323175.45,1320264.88,54236.97,101967.24,837435.16,53632.38,955638.82,7357059.86,7357059.86,315636.03,315636.03,273819.22,262235.57,253.08,11330.57,95608.33,10772.11,0,0,84836.22,946337.85,378522.6,236459.68,331355.57,2363.5,2363.5,0,0,0,0,2347820338.2299995,2722881774.5399995,RO,Rondonia,North,TRUE,TRUE,202511,2025-11-01,confaz_boletim_tributos_estaduais,planilha1,confaz_boletim_tributos_estaduais_20260330.xls,20260330,mapped
12,MS,202511,2025,11,21092271.35,91510443.21,5438792.11,115087320.08,233128826.75,3507668.1,4131700.17,0,7639368.27,20943610.98,16542918.2,4291644.03,109048.75,6410033.94,0,0,1959783.77,3991716.7,458533.47,720401851.27,90177882.42,101017895.4,3878369.14,3831207.99,2447629.75,1457419.23,2013692.82,12185518.73,250072.68,419544263.57,10083482.49,1088426.51,7847579.03,11251753,5082374.31,9069291.76,278170.82,3790615.52,1120000.22,27743382.79,1073352.46,601216.98,1278722.29,3289531.36,175782297.55,175782297.55,1119998.44,249353.65,338895.55,531342.59,406.65,2188839.06,497733.09,995879.14,695226.83,477335453.35,69856710.98,272068913.16,135409829.21,58428126.45,53759355.69,117809.36,97577.12,4303216.78,150167.5,5361830.75,4822708.06,539122.69,20729519.61,46014.24,28198.67,13795.44,20527469,80947.9,33094.36,1518333.96,1346752.31,0,171581.65,71745.8,71745.8,1690890.84,6620.08,26215.64,225424.88,45462.09,145402.37,1180777.96,60987.82,4692557.69,675207.88,3369.98,131884.86,343554.8,50248.75,3488291.42,1264855.18,1264855.18,84027.23,84027.23,34092.08,32735.56,1356.52,0,191164.71,17279.2,156,0,173729.51,507138.08,132899.1,253358.33,120880.65,5,5,0,0,46669468.21,46669468.21,1545425840.18,1778554666.93,AC,Acre,North,TRUE,TRUE,202511,2025-11-01,confaz_boletim_tributos_estaduais,planilha1,confaz_boletim_tributos_estaduais_20260330.xls,20260330,mapped
13,MG,202511,2025,11,196128272.6,195668702.2,230904441,424087202.3,1046788618.1,64750089.08,40074239.92,1392566.07,106216895.07,48359429.05,32560510.98,15617527.86,181390.21,161836693.41,8892.47,7023682.76,135249478.2,16690018.07,2864621.91,3518984812.5,328581855.8,235236884.9,129590493.1,12567652.33,27152849.78,15079742.58,12391651.09,38831029.07,3829353.89,1400345372,193236902.8,53220726.59,81278619.25,174342500.2,161683651.8,100648447.7,27992725.71,62675507.26,95559250.1,284149945.4,13167713.31,32774664.5,19568522.32,15078751.02,634893038.9,634893038.9,8818778.17,57874.04,59470.1,8701434.03,0,12608866.76,936820.23,6240297.32,5431749.21,2654938128.9,187312535.4,1806016337,661609256.5,132970461.63,110118715.2,249376.3,64870.73,22384800.27,152699.13,63210227.81,61034892.03,2175335.78,177556981.81,638645.25,217640.65,576943.01,173368763.8,1343587.93,1411401.17,6433225.99,5803261.59,272.99,629691.41,165443.72,165443.72,29615179.75,3701.58,609395.41,3417095.84,734022.05,1407768.28,22839081.92,604114.67,14867292.37,3451192.93,267624.95,75207.44,4123666.94,259522.42,6690077.69,12368.62,12368.62,1356118.11,1356118.11,649054.65,638275.02,5602.6,5177.03,774285.63,118432.25,40495.11,267.63,615090.64,2696365.41,574126.18,1489388.97,632850.26,2692.39,2692.39,0,0,234019571.2,234019571.2,7704769016.780001,8751557634.880001,AM,Amazonas,North,TRUE,TRUE,202511,2025-11-01,confaz_boletim_tributos_estaduais,planilha1,confaz_boletim_tributos_estaduais_20260330.xls,20260330,mapped
14,PR,202511,2025,11,154606780.79,172945382.57,6650171.54,0,334202334.9,10777140.1,27517383.07,62682.43,38357205.6,5812232.2,4538678.33,1170883.59,102670.28,42712094.13,0,9806554.9,0,32712058.49,193480.74,966021173.61,118282285.81,36396153.2,6025684.53,9871362.68,19684089.09,2632552.3,43835461.1,97674038.66,5970197.54,16219384.76,125255861.02,17596769.87,57560881.67,44842628.2,16514006.01,43987745.75,17882596.69,30343555.26,75451598.88,120470476.8,7143060.29,28479437.75,20971219.32,2930126.43,303160707.31,303160707.31,2965821.93,65948.46,199.22,2899674.25,0,8798107.22,1244724.25,3028810.11,4524572.86,3098232828.54,335851677.14,2320929223.73,441451927.67,169966242.17,116255788.81,937625.6,2095207.04,31258721.68,19418899.04,27415158.77,25500186.58,1914972.19,107120631.41,981103.73,3107.91,190792.5,104585103.84,1320577.31,39946.12,36329.08,35057.84,347.45,923.79,321760.01,321760.01,2194323.22,2465.62,139762.36,152477.08,1644997.79,206934.35,44687.63,2998.39,3886511.93,118384.95,60.5,6372.51,3404057.3,25020.73,332615.94,5833.9,5833.9,96879.2,96879.2,17263.29,16830.38,102.31,330.6,50823.01,6230.53,155.37,0,44437.11,554417.07,156256.23,355075.85,43084.99,555.23,555.23,0,0,13543804.33,13543804.33,4752913497.56,5087115832.46,RR,Roraima,North,TRUE,TRUE,202511,2025-11-01,confaz_boletim_tributos_estaduais,planilha1,confaz_boletim_tributos_estaduais_20260330.xls,20260330,mapped
15,PB,202511,2025,11,33195866.94,5741615.59,2751111.04,7864364.69,49552958.26,8469461.57,2115915.77,0,10585377.34,1901252.8,1831279.41,17543.43,52429.96,4830852.81,376178.1,265071.78,29970.78,4158751.4,880.75,216982503.76,21898458.9,40370015.13,15345.65,3714832.72,2036558.66,1544814.33,563691.52,1718608.43,942088.9,74374954.6,5091727.94,695925.25,5855257.79,20639910.19,1169377.69,5203567.02,724952.26,1125943.56,1344123.95,21658127.34,2132451.48,2878804.67,1235321.38,47644.4,70266598.14,70266598.14,80386.66,57782.38,1.81,22602.47,0,1107290.25,95503.56,649582.68,362204.01,541763401.4,41763252.77,284390069.44,215610079.19,17232684.99,16300188.07,46633.05,51562.41,824509.75,9791.71,8568625.01,8534141.76,34483.25,20558282.63,109091.74,1.08,74194.82,20352833.1,22065.82,96.07,61933.53,61912.38,0,21.15,1586.52,1586.52,147626.55,0,23973.05,385.42,0,13045.78,105556.47,4665.83,456295.38,56155.01,0,4017.04,373988.34,561.11,21573.88,0,0,4238.06,4238.06,13293.15,11748.55,3.84,1540.76,2784.61,669.32,0,0,2115.29,44913.23,0,35010.79,9902.44,0,0,0,0,0,0,884024549.4799998,933577507.7399998,PA,Para,North,TRUE,TRUE,202511,2025-11-01,confaz_boletim_tributos_estaduais,planilha1,confaz_boletim_tributos_estaduais_20260330.xls,20260330,mapped
16,PA,202511,2025,11,73261208,4290888,312686108,422584126,812822330,14650686,3104974,23643,17779303,6486145,3493572,2955748,36825,154692564,0,0,149612580,4042236,1037748,642124666,52957425,143990418,203790,477571,624375,2010762,7388624,1743853,251740,212700532,24112420,1010596,11569681,32165584,29140236,6437521,2805591,6567023,51895888,42974900,5584973,1628286,563034,3319843,285082523,285082523,5136832,4665695,7236,463901,0,5570818,747849,3130191,1692778,809794766,69282556,518605676,221906534,74299410,52605261,15257976,314992,5791255,329926,15497868,14811457,686411,43548734,13378,144041,26161,43219815,85220,60119,6662373,6660545,0,1828,38478,38478,3408981,12503,72044,721668,605,85167,2442710,74284,4698779,1073309,75993,65453,2193182,177070,1113772,497800,497800,64337,64337,251144,250330,65,749,339245,2138,0,0,337107,3166753,2297907,339648,529198,175,175,0,0,155452782,155452782,2216815173,3029637503,AP,Amapa,North,TRUE,TRUE,202511,2025-11-01,confaz_boletim_tributos_estaduais,planilha1,confaz_boletim_tributos_estaduais_20260330.xls,20260330,mapped
17,PE,202511,2025,11,96309207.03,25575852.56,18614996.99,48522571.55,189022628.13,58921204.34,8157356.7,6598478.3,73677039.34,4483758.53,4283569.43,53751.04,146438.06,6552374,0,0,7926.14,6534509.19,9938.67,721705515.66,100739478.39,111005920.18,8499.16,4389180.99,9139641.44,5102199.84,2853304.17,12870173.44,1411762.66,151655424.53,69178696.57,12905591.33,30935769.15,30650313.72,11628363.4,14419931.52,4863519.17,10620935.14,9539654.9,106434331.92,8946552.34,6514904.88,3101884.52,2789482.3,181435444.34,181435444.34,1361571.57,133130.71,5037.6,1223403.26,0,994935.72,45455.91,917784.04,31695.77,1522405668.75,108469029.34,933244759.72,480691879.69,64907130.33,52731777.8,2877031.42,521476.36,8697610.93,79233.82,25417335.23,23450042.43,1967292.8,59890171.03,98535.39,251245.75,171085.92,58372801.23,953187.21,43315.53,1213429.71,798892.71,90.01,414446.99,139378.55,139378.55,5357406.41,838.08,75576.27,89836.59,1108409.26,227973.83,3769796.13,84976.25,3522884.15,1484819.86,103864.4,477585.51,1297579.65,91950.55,67084.18,61686.01,61686.01,125425.89,125425.89,43345.58,42605.36,740.22,0,296978.78,19851.82,9007.95,1131.1,266987.91,1728016.6,245697.4,1217591.04,264728.16,334.94,334.94,0,0,108475535.06,108475535.06,2710118326.8400006,2899140954.9700007,TO,Tocantins,North,TRUE,TRUE,202511,2025-11-01,confaz_boletim_tributos_estaduais,planilha1,confaz_boletim_tributos_estaduais_20260330.xls,20260330,mapped
18,PI,202511,2025,11,9007281.51,2578756.48,27191917.74,5121501.07,43899456.8,736170.82,240819.27,0,976990.09,7781206.18,7519917.46,148131.6,113157.12,3046109.04,0,0,294121.31,2751987.73,0,240978961.38,13811575.74,56983263.17,6079.06,61429.7,1043041.67,376370.76,89424.2,148780.51,92999.04,115357279.11,10843252.09,266231.4,4967251.88,9625802.86,179090.69,1338465.23,504401.17,1165569.34,1373715,18237814.95,2287468.4,1395188.39,540244.31,284222.71,95014355.79,95014355.79,86466.26,33.83,439.57,85992.86,0,2979082.24,1196516.34,1273404.34,509161.56,337410945.99,30298602.2,160101780.75,147010563.04,11963576.78,10602678.48,23541.61,8690.5,1237253.56,91412.63,5240762.21,4939614.83,301147.38,18136413.9,6272.04,94759.33,15135.85,17951290.27,35294.8,33661.61,127209.62,103428.18,0,23781.44,16842.02,16842.02,1624143.51,8160.43,27061.83,87236.96,33.7,61574.42,1418799.92,21276.25,2171191.93,224869.93,6862.8,182459.99,561463.35,123571.09,1071964.77,511945.6,511945.6,41303.84,41303.84,25634.32,20941.28,4693.04,0,316097.07,10216.79,0,0,305880.28,482690.68,11929.48,308651.05,162110.15,90.52,90.52,33982.38,33982.38,43979528.15,43979528.15,771968539.41,815867996.2099999,,,,,,202511,2025-11-01,confaz_boletim_tributos_estaduais,planilha1,confaz_boletim_tributos_estaduais_20260330.xls,20260330,unmapped
19,RJ,202511,2025,11,95777138.26,158983165.8,1006755.19,586877265.7,842644324.95,64149936.25,22927407.58,2151168.69,89228512.52,737370.68,499869.12,168879.04,68622.52,293835081.43,0,213453855.7,2306235.86,4531567.43,73543422.44,975222189.01,25791532.63,123264696.7,107903.71,3625791.41,15235880.03,2038379.32,1016750.19,13295092.53,1153103.13,337415354.2,109602321.2,40557872.63,39157928.59,38257528.63,75878067.07,35540060.93,1522289.48,1732714.26,26071928.84,34549189.79,4740158.25,2799302.73,15801759.8,26066582.96,475676518.6,475676518.6,3485501.97,177402.64,146998.32,3155668.09,5432.92,6614834.58,423267.94,2509089.13,3682477.51,1202952887.59,26841446.99,742880995,433230445.6,325884595.93,211235701.9,18179359.08,3236650.98,92717294.44,515589.53,57994415.26,52797327.72,5197087.54,170454637.98,259011.37,370296.12,2118560.63,165800436.1,1390116.61,516217.15,4493322.9,4480582.98,455.46,12284.46,127845.98,127845.98,15843005.3,7028.26,1123499.13,8791320.03,3811281.68,537732.04,1291869.74,280274.42,12999555.86,5273695.43,262368.44,131114.21,2680538.94,349835.03,4302003.81,168.34,168.34,419579.03,419579.03,128310.58,82267.63,6083.55,39959.4,1167476.6,139840.07,21362.67,259.86,1006014,1758608.73,272352.86,1085251.45,401004.42,208.55,208.55,0,0,970251657.3,970251657.3,4520047772.200001,5362692097.150001,,,,,,202511,2025-11-01,confaz_boletim_tributos_estaduais,planilha1,confaz_boletim_tributos_estaduais_20260330.xls,20260330,unmapped
20,RN,202511,2025,11,35139516.55,2528942.78,0,0,37668459.33,0,0,0,0,3279807.7,1745594.05,46544.93,1487668.72,33250755.34,0,12812940.19,315289.27,19140300.88,982225,210224897.65,23350366.93,31908864.4,0,845914.07,5010983.2,69245.8,287528.7,514397.14,416385.47,108809531.5,4764173.05,676442.38,4650638.87,5647931.68,182330.09,1232713.5,665396.43,4313457.85,1642642.38,9195226.24,1451999.66,1677461.26,695819.11,2215447.94,83481833.87,83481833.87,639674.75,40278.93,0,599395.82,0,4641206.93,575644.86,2611732.66,1453829.41,394217684.25,34635607.85,211875885.6,147706190.8,8791556.05,6985208.66,496894.37,27410.69,1250964.16,31078.17,10509475.55,9305570.57,1203904.98,34343772.22,21286.92,98297.94,10469.24,34104813.7,49875,59029.42,351971.44,332912.09,0,19059.35,53811.64,53811.64,3525763.24,7649.61,28304.76,928912.67,1079,100209.94,2391785.12,67822.14,1717655.59,790924.59,11330.31,14816.95,382394.11,25923.68,492265.95,20706.56,20706.56,54925.22,54925.22,88190.93,87397.99,582.37,210.57,139866.28,20707.41,0,0,119158.87,644854.81,83670.83,416427.81,144756.17,199.58,199.58,0,0,37285364.65,37285364.65,827263974.2499999,864932433.5799999,,,,,,202511,2025-11-01,confaz_boletim_tributos_estaduais,planilha1,confaz_boletim_tributos_estaduais_20260330.xls,20260330,unmapped
21,RS,202511,2025,11,40606359.11,160292720,35539302.32,207872.97,236646254.4,120138802.8,25484301.39,1697547.68,147320651.87,18979575.86,17018755.65,1707165.58,253654.63,11000989.78,733978.77,0,46082.56,10059195.56,161732.89,2385342176.29,199386397,290888831.1,7210763.35,10850447.31,14304358.4,50502169.44,20134659.01,42543225.95,6049678.66,827771191.3,208851438.9,6074641.13,110139468.2,59297724.94,31731598.42,105439437.7,20987732.97,24220364.22,125230283.3,146748180.9,3584595.35,45008058.46,21580376.93,6806553.35,313159101.8,313159101.8,2791272.11,50266.3,411.82,2740593.99,0,4196064.79,464808.92,953827.76,2777428.11,1556156310.2,144341185.5,795853032.9,615962091.8,114870929,107235950.3,2124823.41,351923.17,4821021.59,337210.53,45773242.64,44531476.11,1241766.53,102576847.3,761399.23,202494.07,112646.95,100760319.6,252690.43,487297.02,130597.3,48294.53,81878.74,424.03,101226.35,101226.35,1688146.69,448.84,140117.25,1077284.22,25164.36,96084.76,187869.51,161177.75,2853137.49,558778.32,1498.58,196077.13,1040863.25,100188.12,955732.09,0,0,180067.04,180067.04,978635.91,976662.57,1888.43,84.91,338633.31,85527.06,3400.03,0,249706.22,1336005.3,365309.21,767514.2,203181.89,2742.61,2742.61,0,0,135166159.5,135166159.5,4697621861.27,4934268115.67,MA,Maranhao,Northeast,TRUE,TRUE,202511,2025-11-01,confaz_boletim_tributos_estaduais,planilha1,confaz_boletim_tributos_estaduais_20260330.xls,20260330,mapped
22,RO,202511,2025,11,17439149.01,2553403.55,645226.55,53088668.53,73726447.64,13111354.15,2695944.16,0,15807298.31,2275037.42,2177985.97,90171.44,6880.01,8710559.06,0,3785184.97,3004845.24,1920528.85,0,139477681.85,26452250.18,38530103.74,0,25090.65,196564.94,1983808.31,697179.5,249909.23,153988.34,27768878.97,13178991.97,127352.79,1809459.53,8126042.37,2165530.79,2234263.12,332446.36,44575.95,369980.23,11061408.03,1377680.55,1059097.64,1173773.86,359304.8,64365151.16,64365151.16,131901.43,83725.14,1297.23,45553.09,1325.97,1952068.64,260113.92,800590.27,891364.45,341482162.32,46412214.32,162362243,132707705,6173521.85,3493575.65,1328888.68,22473.27,1308610.94,19973.31,2296405.5,2090436.4,205969.1,11842130.44,17831.61,115708.79,12597.38,11667230.03,11118.27,17644.36,467955.9,60638.13,156295.86,251021.91,40518.33,40518.33,738033.25,1626.98,168326.28,89964.42,0,73426.22,382526.64,22162.71,1584756.98,312319.14,750.83,24558.52,666548.83,110993.68,469585.98,0,0,45460.95,45460.95,94564.85,93683.87,880.98,0,99292.32,25797.26,0,0,73495.06,554715.94,69738.9,187743.85,297233.19,0,0,0,0,69043286.74,69043286.74,651375204.9300003,725101652.5700003,PI,Piaui,Northeast,TRUE,TRUE,202511,2025-11-01,confaz_boletim_tributos_estaduais,planilha1,confaz_boletim_tributos_estaduais_20260330.xls,20260330,mapped
23,RR,202511,2025,11,4275974.51,468290.27,61130.1,50172598.74,54977993.62,4785375.93,0,0,4785375.93,672124.2,651109.87,5996.45,15017.88,680076.12,0,0,0,680076.12,0,46693541.63,1299523.89,13306391.41,0,6468.05,45113.23,560.73,287667.19,4132.32,41150.52,20682734.02,1393477.16,5228.87,454120.76,2286020.55,3286.36,38319.72,135519.86,17125.55,140663.83,6226049.95,125690.68,32645.44,109935.56,51715.98,17974315.66,17974315.66,5407.14,0,0,5407.14,0,449765.84,70677.91,100567.03,278520.9,88937017.84,6159971,46939414.48,35837632.36,1275654.69,1128483.56,1933.45,54745.58,68366.85,22125.25,641639.04,611140.06,30498.98,3627526.84,3203.85,12348.17,170.94,3603448.43,4384.64,3970.81,0,0,0,0,8702.76,8702.76,193878.55,4.17,13392.68,14414.5,0,22891.42,138453.65,4722.13,301995.56,43651.02,1985.28,607.95,38033.91,35183.11,182534.29,0,0,155.07,155.07,20543.55,20540.55,3,0,10710.89,1083.24,0,0,9627.65,129154.24,9295.79,52610.76,67247.69,0,0,0,0,11839028.33,11839028.33,173461237.95000002,228439231.57000002,CE,Ceara,Northeast,TRUE,TRUE,202511,2025-11-01,confaz_boletim_tributos_estaduais,planilha1,confaz_boletim_tributos_estaduais_20260330.xls,20260330,mapped
24,SC,202511,2025,11,203360592.5,106015621.6,82801093.76,49312.72,392226620.58,56682872.97,2574707.18,2738659.12,61996239.27,12751936.41,5399181.76,6704924.51,647830.14,10692923.28,3100.99,235355.36,9161.21,9609837.47,835468.25,1563683389.37,105628056.4,235147082.3,6659703.5,66513408.44,80222817.79,3782566.63,26420162.09,40930791.69,5625440.19,415955807.1,66495994.62,2777889.91,81734492.49,56327344.53,25239829.24,55083307.71,10996743.61,52911125.56,76755016.21,98221422.09,12204138.73,18954351.94,12328745.71,6767150.89,273525566.9,273525566.9,4564091.87,49844.87,56201.25,4439180.87,18864.88,9727178.88,2065678.48,2155179.61,5506320.79,1633966091.6,170931961.1,872068659.3,590965471.2,179905743.89,140370392.7,1294073.55,578671.1,37406761.22,255845.32,43429459.15,41435035.6,1994423.55,89542061.25,2835770.84,286105.71,153827.46,83053508.45,2570785.83,642062.96,462133.71,436853.38,0,25280.33,770247.09,770247.09,20583612,670.71,6731302.05,1649605.61,21849.31,711644.21,11080495.18,388044.93,8757513.95,3166497.31,9303.82,218136.08,1471525.64,195492.51,3696558.59,4962785.88,4962785.88,451619.27,451619.27,522250.92,74720.29,3524.46,444006.17,3298840.26,148059.11,189654.32,480.58,2960646.25,2766802.68,219214.99,1404260.28,1143327.41,4696.21,4696.21,0,0,75275381.78,75275381.78,3939644326.3500004,4331870946.93,RN,Rio Grande do Norte,Northeast,TRUE,TRUE,202511,2025-11-01,confaz_boletim_tributos_estaduais,planilha1,confaz_boletim_tributos_estaduais_20260330.xls,20260330,mapped
25,SP,202511,2025,11,728558886.34,579813354.9,834979194.98,0,2143351436.22,98951841.08,172991719.15,21195239.77,293138800,35785025.4,34006467.48,1683269.08,95288.84,61183445.61,243.09,5408272.5,753350.17,45787396.29,9234183.56,9693130684.03,796588214.34,519340809.04,10196599.62,86980458.69,62235668.05,13880504.56,23845941.86,310666055.4,50152867.27,2114404884.91,1267920863.75,315563704.29,614114096.29,314938496.67,209474227.9,312323656.85,557291187.84,286358359.28,434655959.2,1112823242.44,60686822.58,48325200.21,128865695.34,41497167.65,1242444522.67,1242444522.67,20765462.51,5257874.87,85300.15,15398009.51,24277.98,30577774.27,3784610.28,9224075.68,17569088.31,7400842484.37,532309050.51,5085598410.78,1782935023.08,729579712.62,548058554,4496723.03,9182021.76,164758418.37,3083995.46,183584641.48,174962377.93,8622263.55,646319708.39,12225581.5,2626666.29,995163.36,550928525.94,13867218.45,65676552.85,13786896.11,12321718.92,515945.41,949231.78,1582934.2,1582934.2,99782453.09,20367.44,7703777.07,16446651.53,18568159.81,3431958.84,53380894.6,230643.8,118677562.66,28162272.29,746595.51,287654.55,10697782.8,1674442.24,77108815.27,327227.16,327227.16,1669252.54,1669252.54,10580103.19,10187927.92,13259.75,378915.52,5626243.95,821756.25,504322.31,0,4300165.39,31774555.12,4053137.94,26175492.43,1545924.75,0,0,0,0,948767339.22,948767339.22,21276788028.59,23420139464.81,PB,Paraiba,Northeast,TRUE,TRUE,202511,2025-11-01,confaz_boletim_tributos_estaduais,planilha1,confaz_boletim_tributos_estaduais_20260330.xls,20260330,mapped
26,SE,202511,2025,11,40926166.46,4089364.47,1481267.66,3333624.66,49830423.25,9900588.05,349002.62,187623.18,10437213.85,617625.17,552912.48,36703.75,28008.94,5822895.51,0,1075337.61,0,4747557.9,0,170228746.1,13293837.03,22390719.06,103962.65,1736963.5,596770.53,852017.12,203635.58,290994.21,0,55139088.37,38724466.3,508908.89,3106996.39,12595925.6,1021309.47,2270784.59,476616.09,368759.32,607979.08,13474102.4,1228015.2,754538.98,482355.74,0,47092970.47,47092970.47,644084.24,622041.53,0,22042.71,0,0,0,0,0,260857036.34,32609700.11,119426344.77,108820991.46,9294989.85,8714980.32,8251.41,106602.68,465155.44,0,6357108.4,6357108.4,0,17594938.07,0,0,8977.02,17585961.05,0,0,0,0,0,0,0,0,0,0,0,0,0,0,0,0,311424.63,0,0,0,310826.93,0,597.7,0,0,0,0,0,0,0,0,0,0,0,0,0,0,0,0,0,0,0,0,0,32745947.84,32745947.84,551567766.62,601398189.87,PE,Pernambuco,Northeast,TRUE,TRUE,202511,2025-11-01,confaz_boletim_tributos_estaduais,planilha1,confaz_boletim_tributos_estaduais_20260330.xls,20260330,mapped
27,TO,202511,2025,11,23545092.47,8060843.26,4218897.28,61390.83,35886223.84,6131450.43,4936899.08,277215.17,11345564.68,9839994.19,8585620.84,1191881.96,62491.39,2412262.76,0,0,553771.71,1858491.05,0,247000836.97,17390852.72,34159592.84,10023.75,140478.67,180405.81,547535.3,57291.3,38100.94,56147.39,149506632.17,12327232.03,174302.64,1897409.1,10051633.6,265335.47,2387189.5,430310.35,399681.33,459514.14,14040963.28,757212.4,543987.53,992939.16,186065.55,58518081.3,58518081.3,1209116.04,1178409.2,0,30706.84,0,385014.54,41295.47,121186.66,222532.41,197995550.38,24597963.61,112344525.88,61053060.89,8180457.04,7544206.1,17939.36,30212.67,566044.48,22054.43,2397838.15,2236886.15,160952,11643764.81,3023.5,3.49,6025.26,9922812.61,616.89,1711283.06,17423.77,17423.77,0,0,81283.3,81283.3,934299.23,0,0,31069.78,86298.32,5598.46,760547.55,50785.12,222447.06,49894.19,0,199.65,149592.82,3458.04,19302.36,4899.32,4899.32,3070.85,3070.85,2188.22,2188.22,0,0,3429.08,0,0,0,3429.08,65992.5,590,59226.79,6175.71,0,0,0,0,31827140.91,31827140.91,572745090.42,608631314.26,AL,Alagoas,Northeast,TRUE,TRUE,202511,2025-11-01,confaz_boletim_tributos_estaduais,planilha1,confaz_boletim_tributos_estaduais_20260330.xls,20260330,mapped
1,AC,202512,2025,12,5641311.38,1305453.75,7499459.35,0,14446224.48,4550835.43,98753.5,35358.34,4684947.27,3526255.23,3440128.49,5784.76,80341.98,58758.72,0,0,0,58758.72,0,36909638.09,5882355.71,10684461.34,351.63,22040.81,214592.05,185250.64,370096.61,984.99,47443.76,8648630.04,780578.86,84390.22,732783.41,1696428.43,38646.95,284936.18,508765.41,83137.09,123466.87,5722180.01,493616.37,164938.09,67029.54,72533.08,17716599.37,17716599.37,264224.57,262896.27,481.35,846.95,0,343300.47,148037.86,39500.61,155762,123105640.18,5625701.28,70793680.49,46686258.41,1179111.97,473862.92,15600.71,27254.99,653485.87,8907.48,1148517.05,1105037.38,43479.67,6298091.8,17360.44,27412.39,5758.74,6177498.38,41304.41,28757.44,21222.48,21119.95,0,102.53,19901.97,19901.97,538735.63,5892.35,21058.11,60935.88,0,19819.62,366176.35,64853.32,586941.55,25993.05,18707.74,2941.88,129677.27,51135.7,358485.91,0,0,25469.75,25469.75,22151.48,22150.74,0.74,0,30333.35,1174.48,0,0,29158.87,240594.46,17060.48,162272.29,61261.69,20.18,20.18,0,0,18841371.55,18841371.55,210876879.85000005,225323104.33000004,,,,,,202512,2025-12-01,confaz_boletim_tributos_estaduais,planilha1,confaz_boletim_tributos_estaduais_20260330.xls,20260330,unmapped
2,AL,202512,2025,12,27645501.69,6075009.99,964863.45,36978330.88,71663706.01,13370753.49,18846.16,51440.47,13441040.12,2058350.21,1926957.88,75524.3,55868.03,8962498.39,0,1973640.7,891893.5,3960124.13,2136840.06,235709341.17,14254214.25,59721812.28,808412.23,412028.35,1453826.02,157047.5,491102.09,1160324.5,182304.26,82770670.56,16876625.03,523066.61,12787050.57,7260155.2,853549.48,2289878.04,1821809.04,2142484.84,3087862.7,20581281.73,2064760.47,2121621.22,628256.29,1259197.91,65813835.16,65813835.16,655021.97,48669.98,10701.69,595650.3,0,4671586.4,153536.3,495501.63,4022548.47,461090614.2,29807375.59,259241843.68,172041394.93,23801524.45,16424256.98,310658.34,515977.4,2780344,3770287.73,13436400.62,9589822.76,3846577.86,16003203.34,117468.88,47371.17,37654.59,15608592.57,120071.53,72044.6,269300.25,203111.64,17979.94,48208.67,108093.83,108093.83,3240261.25,4393.72,64134.02,120861.98,20914.68,139747.46,2852321.88,37887.51,1837208.43,515905.31,12340.45,208645.5,347034.59,31820.37,721462.21,93.45,93.45,141192.64,141192.64,190127.14,185915.92,216.62,3994.6,241342.74,46136.48,0,0,195206.26,858314.38,76482.67,634686.25,147145.46,628.31,628.31,0,0,973712.34,973712.34,840062650.6700001,911726356.6800001,,,,,,202512,2025-12-01,confaz_boletim_tributos_estaduais,planilha1,confaz_boletim_tributos_estaduais_20260330.xls,20260330,unmapped
3,AP,202512,2025,12,6231466.68,324963.87,5312170.74,120641991.7,132510592.99,1277437.7,0,0,1277437.7,58888.84,51979.27,5986.54,923.03,255552.5,0,0,101594.46,153958.04,0,25189029.63,1252703.58,9432369.35,0,7834.5,46723.92,3200.54,652907.67,420393.56,6787.94,3234674.91,560230.53,24429.04,940109.14,1609917.92,49851.17,173054.79,467605.21,805768.45,89660.35,5007637.2,212111.01,117778.24,60247.71,13032.9,14474067.78,14474067.78,113607.64,106649.04,0,6958.6,0,240222.36,182802.41,11002.08,46417.87,83460353.13,4577194.52,58206050.96,20677107.65,794147.3,278652.8,292879.27,25089.96,194354.76,3170.51,270820.64,264790.03,6030.61,6617585.92,94.86,51397.86,9422.72,6547252.88,8539.65,877.95,4013.95,4013.95,0,0,683.93,683.93,174775.31,157.38,405.33,44408.34,491.36,762.94,128040.42,509.54,103032.41,2305.46,0,530.77,80707.28,2221.7,17267.2,0,0,14110.18,14110.18,31026.08,31026.08,0,0,2695.63,22.84,0,0,2672.79,41379.73,22916.95,13131.27,5331.51,1,1,0,0,15683782.2,15683782.2,147529776.16,280040369.15,,,,,,202512,2025-12-01,confaz_boletim_tributos_estaduais,planilha1,confaz_boletim_tributos_estaduais_20260330.xls,20260330,unmapped
4,AM,202512,2025,12,61970125.5,3227510.9,23769260.77,292914919.83,381881817,163133481.09,9296008.11,3682.52,172433171.72,344634.32,295188.17,8421.7,41024.45,203863179.15,0,200455134.35,3238442.39,169602.41,0,548373665.22,11651615.88,56666726.23,28296,797263.39,582708.5,29350.7,297870.13,3058420.88,232183.2,106490511.2,16765914.46,3972931.93,30321153.65,4800501.99,4750710.49,19937365.09,107579084.98,5285989.57,13567099.7,29024260.35,128175980.62,1435620.06,2680578.56,241527.66,84796979.54,84796979.54,1683907.15,888383.34,0,795523.81,0,339883.77,2494.88,30966,306422.89,520682686.02,35216433.71,258468969.88,226997282.43,83628764.03,63993362.54,11653259.62,1237907.19,6727405.28,16829.4,7810027.38,7804882.66,5144.72,29178279.46,50531.13,7331.92,15767.04,28624117.1,475667.31,4864.96,0,0,0,0,0,0,39.63,0,0,0,0,0,0,39.63,1172597.2,0,1306.83,2760.14,1168504.72,0,25.51,0,0,1427.13,1427.13,1076.38,1075.38,1,0,55931.2,0,54467.19,0,1464.01,110147.57,1504.1,85896.68,22746.79,0,0,0,0,88376187.04,88376187.04,1570419412.1900005,1952301229.1900005,,,,,,202512,2025-12-01,confaz_boletim_tributos_estaduais,planilha1,confaz_boletim_tributos_estaduais_20260330.xls,20260330,unmapped
5,BA,202512,2025,12,151011926.65,41090352.64,183141238.41,0,375243517.7,0,0,0,0,16496283.87,15450658.22,450883.26,594742.39,64034010.82,0,45717860.93,4893382.08,9813557.88,3609209.93,1496878401.1,100962549.94,284619423.85,56526.91,6154534.28,4258595.84,5533800.43,1242348.71,23784569.44,539108.66,609211197.04,168708504.18,5948044.91,69450778.19,49902133.09,20521289.73,15010069.69,8406032.88,9760057.91,9957795.01,82382860.88,5096911.04,7833946.51,2310765.55,5226556.43,255394625.67,255394625.67,4492569.28,3245960.82,19.1,1244709.5,1879.86,1363064.19,11365.21,273871.58,1077827.4,1422173297.1,84487547.86,736846089.83,600839659.41,51635455.35,35663950.98,938238.69,392720.14,14176984.58,463560.96,40927481.15,35481853.53,5445627.62,83434920.11,197221.81,247398.24,191617.58,78573777.57,1344572.33,2880332.58,433871.58,430662.33,0,3209.25,278651.69,278651.69,20371735.1,2313.39,349492.95,1416369.11,24712.18,423073.08,17957829.33,197945.06,6611966.2,1826904.86,173932.02,107426.31,2377601.97,550989.6,1575111.44,12629.05,12629.05,280027.04,280027.04,188712.6,183804.4,4908.2,0,537021.39,67125.51,1519.49,0,468376.39,1521445.29,266040.35,803341.55,452063.39,640.93,640.93,0,0,0,0,3467066809.5099993,3842310327.209999,,,,,,202512,2025-12-01,confaz_boletim_tributos_estaduais,planilha1,confaz_boletim_tributos_estaduais_20260330.xls,20260330,unmapped
6,CE,202512,2025,12,57309270.93,26424099.75,1508877.7,440878.54,85683126.92,50950727.82,11870088.41,1197314.5,64018130.73,3689980.99,2502577.1,71922.21,1115481.68,7432388.43,0,307527.98,39119.83,7085740.62,0,607036594.45,62873291.13,115225470.9,123350.71,18160752.82,16033291.98,23016234.63,1244184,10774525.13,1117696.73,182743425.6,28500082.67,3786744.52,16227209.29,36304876.77,9551814.22,10744620.39,4008850.87,8109523.05,5132604.1,38987490.18,4345024.56,7135108.57,2806218.95,84202.68,200035403.31,200035403.31,527828.65,175412.89,32623.66,319792.1,0,3367159.21,2050914.86,601702.93,714541.42,943345063.92,75576021.34,558795722.31,308973320.27,47448562.63,38068128.83,2196600.77,535245.98,6276325.38,372261.67,24564880.12,22762237.57,1802642.55,68893219.04,551785.84,0,281250.17,68046880.74,11538.95,1763.34,443702.91,159684.02,284018.89,0,119482.16,119482.16,358271.71,37.45,1257.8,284661,60035.02,6176.69,751.14,5352.61,1635551.04,471128.94,35725.38,5155.81,781838.72,11420.33,330281.86,10825329,10825329,386967.04,386967.04,587806.47,572262.37,139.6,15404.5,154330.72,43376.97,101.6,0,110852.15,98256.46,17954.96,17554.79,62746.71,0,0,0,0,71403625.45,71403625.45,1992354403.7100003,2078037530.6300004,,,,,,202512,2025-12-01,confaz_boletim_tributos_estaduais,planilha1,confaz_boletim_tributos_estaduais_20260330.xls,20260330,unmapped
7,DF,202512,2025,12,67876045.19,41950569.55,198229387.4,5654823.44,313710825.58,9603381.79,9019731.25,634981.25,19258094.29,2279681.94,2245034.9,32218,2429.04,255917.83,0,0,33257.13,222660.7,0,224807759.01,16868694.42,69309681.6,772956.33,537401.41,935423.24,84779.34,484989.39,408311.6,50616.98,34002380.29,3360399.48,6644681.99,3927846.69,17158160.01,1190282.25,5773966.74,5792928.57,2412130.32,1797971.24,47963707.24,1489955.46,1778452.57,2059837.57,2204.28,96934179.51,96934179.51,821410.87,9278.16,0,812132.71,0,4538.48,3242.32,1254.07,42.09,623080605.61,52234605.41,407443723.3,163402276.9,14940524.71,10988538.53,185.23,342494.14,3424977.14,184329.67,17184635.05,17161235.18,23399.87,50700063.84,36317.23,2649.06,97551.32,50563545.23,0,1,0,0,0,0,0,0,2803.98,0,0,0,0,2803.98,0,0,369822.38,0,0,0,323779.63,0,46042.75,0,0,10.65,10.65,0,0,0,0,4.12,4.12,0,0,0,597.88,0,597.88,0,0,0,0,0,132725409.2,132725409.2,1164107965.06,1477818790.6399999,,,,,,202512,2025-12-01,confaz_boletim_tributos_estaduais,planilha1,confaz_boletim_tributos_estaduais_20260330.xls,20260330,unmapped
8,ES,202512,2025,12,36821905.14,37322980.57,77680387.36,22356804.14,174182077.21,28695205.82,28952.77,41975.75,28766134.34,765949.42,522648.77,236837.29,6463.36,297315245.41,0,271824496.41,10679228.85,5507727.82,9303792.33,316753110.9,39774148.2,70637005.9,0,637368.31,3178364.52,143735.36,2135697.84,2487514.91,540868.18,49669565.06,16950011.73,2915833.52,9490411.78,30101098.44,29984981.01,15602948.16,2022071.11,4566093.07,3491389.81,17875871.58,3102006.93,3213729.49,3990636.54,4241759.45,129002373.68,129002373.68,2594816.51,67084.46,13621.67,2514110.38,0,3782725.11,1067496.76,1014749.51,1700478.84,1067952466.16,78994068.55,692878622.77,296079774.84,113410038.38,76197522.17,4150892.19,41672.02,32741695.02,278256.98,16327464.05,15755997.92,571466.13,36556317.31,35130.46,92387.2,113951.23,35564074.62,333667.9,417105.9,795237.14,788708.71,0,6528.43,179779.11,179779.11,5205575.82,2321.89,111828.74,519124.34,1418.66,90290.55,4438193.52,42398.12,3431391.46,1833783.52,17667.5,11752.3,670147.09,89157.89,808883.16,0,0,89686.67,89686.67,43811.3,37129.19,6682.11,0,58244.23,9304.28,0,0,48939.95,539299.08,109565.4,259151.26,170582.42,504.88,504.88,0,0,139650810.81,139650810.81,2134454847.43,2308636924.64,,,,,,202512,2025-12-01,confaz_boletim_tributos_estaduais,planilha1,confaz_boletim_tributos_estaduais_20260330.xls,20260330,unmapped
9,GO,202512,2025,12,132564863.13,121655493.41,151543642.18,316281678.28,722045677,33437967.27,23445323.42,321636.1,57204926.79,35540324.33,33906442.28,1582890.86,50991.19,11507865.46,0,15770,5180031.99,6166136.57,145926.9,813067070.22,145628845.91,137883246.48,770207,2255821.39,9000996.57,1481007.27,1584408.28,6761464.35,1612114.81,295555277.78,48271928.49,20790017.82,20063588.03,19548702.92,1838437.67,15047399.88,3167925.32,2004382.94,8485542.31,57140280.76,3363574.34,5067092.95,3123125.21,2621681.74,208266475.12,208266475.12,4064611.72,2299826.48,165582.15,1596862.52,2340.57,2925309.15,382260.65,932307.82,1610740.68,1330084338.87,121790148.95,806696829.48,401597360.44,71150942.57,62716591.7,1251.63,165461.46,7708491.63,559146.15,20715617.52,18374870.64,2340746.88,59043508.26,96563.31,121127.09,118352.7,58464068.68,211315.12,32081.36,58230.53,49196.36,7819.66,1214.51,359544.53,359544.53,1399745.9,2786.29,154682.74,445970.68,31014.67,249879.04,376981.55,138430.93,4752687.02,913376.79,42861.1,46467.69,1157238.38,106139.46,2486603.6,3645.25,3645.25,159871.11,159871.11,90497.15,83409.83,1308.87,5778.45,527559.46,34544.48,2701.43,0,490313.55,891135.11,252253.1,403998.13,234883.88,699.8,699.8,0,0,102281769.68,102281769.68,2666891448.760001,3388937125.760001,,,,,,202512,2025-12-01,confaz_boletim_tributos_estaduais,planilha1,confaz_boletim_tributos_estaduais_20260330.xls,20260330,unmapped
10,MA,202512,2025,12,41002434.49,17573006.12,28468198.02,40076635.75,127120274.38,7682397.85,28354791.53,0,36037189.38,7461314.66,7048729.15,322373.82,90211.69,28826224.1,0,8273067.28,17324185.43,2742801.84,486169.55,256718221.15,14721745.23,103083386.6,16250.7,251461.83,835464.55,290918.48,158647.76,3491605.97,329345.43,14812537.83,32270324.39,668946.17,5045797.5,16472049.95,16305295.6,1308538.37,4856485.05,694258.99,3406095.98,27493985.01,6067442.06,2053900.44,1575254.34,508482.92,180495101.4,180495101.4,260628.64,30039.09,58669.51,171920.04,0,3635020.02,1717505.33,1006656.52,910858.17,578958541.03,48329368.93,295172189.7,235456982.4,20784978.19,16918985.48,1566875.21,30121.76,2247135.99,21859.75,6899114.69,6403128.03,495986.66,37623773.94,112580.61,224321.86,13316.51,37044408,145580.79,83566.17,919675.6,918667.11,0,1008.49,117390.52,117390.52,5303400.45,8902.3,25805.4,370071.13,18219.06,76057.74,4712421.82,91923,2573567.79,1402066.05,19037.93,25181.16,579323.1,56688.56,491270.99,250000086.5,250000086.5,88972.42,88972.42,66456.94,65260.5,1187.43,9.01,180577.59,33025.4,0,1,147551.19,540411.38,124124.15,204926.49,211360.74,79.71,79.71,0,0,56017451.98,56017451.98,1437470988.7000003,1564591263.0800004,,,,,,202512,2025-12-01,confaz_boletim_tributos_estaduais,planilha1,confaz_boletim_tributos_estaduais_20260330.xls,20260330,unmapped
11,MT,202512,2025,12,64591809.05,90110771.6,82161132.65,382104994.4,618968707.7,16321863.63,12785325.2,1010017.05,30117205.88,80569085.77,79883642.54,600496.6,84946.63,12463507.76,0,17591.82,7812555.52,4613288.12,20072.3,1086181122.11,136123285.6,134882405.1,79135.08,1485956.18,1702639.52,1598594.19,4670343.73,1454617.1,309567.67,604823899.8,52541398.44,471091.11,17168721.93,33432997.14,4389712.71,8288186.44,3072676.32,10769950.71,17352818.89,44341804.08,2061270.97,2092687.97,2095968.92,971392.51,251773277.3,251773277.3,760623.96,68408.59,5460.95,684174.71,2579.71,1403627.99,511606.53,436230.09,455791.37,827467948.7,102953689,492424906.3,232089353.4,82605320.88,63846538.48,117849.22,171077.15,13922658.18,4547197.85,9965574.07,9530232.62,435341.45,25675502.02,10641.18,182083.57,190595.7,24786667.75,473521.74,31992.08,144619.36,108271.94,4119.99,32227.43,593695.39,593695.39,4141810.84,7698.76,163773.45,198730.68,353905.83,259905.19,3109373.09,48423.84,2679899.9,657439.86,16260.6,88324.55,1018632.98,56143,843098.91,127384.67,127384.67,391329.31,391329.31,338485.02,332450.28,308.17,5726.57,151117.98,21971.42,0,0,129146.56,851493.65,533556.19,154635.94,163301.52,4390.75,4390.75,0,0,0,0,2388289817.430001,3007258525.130001,RO,Rondonia,North,TRUE,TRUE,202512,2025-12-01,confaz_boletim_tributos_estaduais,planilha1,confaz_boletim_tributos_estaduais_20260330.xls,20260330,mapped
12,MS,202512,2025,12,157850127.28,270937284.91,3494498.29,116660880.51,548942790.99,18932040.98,5055134.49,0,23987175.47,23674066.6,17730819.72,5847806.29,95440.59,17674759.49,0,423.36,1982542.9,15282007.89,409785.34,688560003.43,87902291.02,124054204.08,29131.94,3374387.31,2906258.97,1409897.59,2128621.1,12862654.6,355023.15,365814457.32,13498228.31,1121805.81,8330370.68,11638766.17,4456681.06,9597427.07,461664.28,3953568.77,1008467.78,27045554.79,967872.54,868617.3,1217179.77,3556872.02,164048779.6,164048779.6,971303.46,146418.42,331604.84,493205.19,75.01,2135288.3,376524.33,1103387.83,655376.14,502953413.08,63849765.77,293477680.02,145625967.29,61418115.03,58018294.57,114756.25,46596.24,2754246.12,484221.85,6076031.58,5613099.83,462931.75,22598496.25,20853,65647.19,47310.35,22165300.56,189057.16,110327.99,560586.96,409079.69,0,151507.27,46847.75,46847.75,2628826.9,10711.61,47116.4,349589.12,30636.15,274518.57,1807917.05,108338,2214350.13,827829.68,3809.81,123122.22,156745.14,58019.33,1044823.95,1309201.85,1309201.85,87884.29,87884.29,33911.71,33680.79,230.92,0,187461.13,7183.72,102.1,0,180175.31,581028.26,130563.82,294905.5,155558.94,337.69,337.69,0,0,48904134.88,48904134.88,1546664828.3700004,2095607619.3600004,AC,Acre,North,TRUE,TRUE,202512,2025-12-01,confaz_boletim_tributos_estaduais,planilha1,confaz_boletim_tributos_estaduais_20260330.xls,20260330,mapped
13,MG,202512,2025,12,187910285.3,336181270,214306628.5,1167657883,1906056066.8,60677509.94,30784918.63,2557217.19,94019645.76,45498787.89,29683653.41,15580099.23,235035.25,128761825.98,8676.12,7150456.82,107668083,11543060.23,2391549.81,3407107457.44,317845917.6,240865476.2,99917438.21,11508568.15,27890753.38,14620758.29,10153650.25,34387622.97,4301915.42,1397954468,190713895.8,48497385.52,76098691.14,150412685.9,148354546.1,100160246.8,29583093.14,71653601.56,85248045.78,267552350.2,14182670.02,32250425.45,17152497.16,15800754.4,607328002.5,607328002.5,6864248.25,64176.73,64019.13,6736052.39,0,7952200,871531.86,2349771.78,4730896.36,2733617740.9,173863805.6,1774050052,785703883.3,135393131.67,118492832.1,53144.63,385521.56,16320315.61,141317.77,67953667.2,65883351.51,2070315.69,191961150.05,583703.61,335785.88,1683119.24,186462167.4,2029528.03,866845.89,7713571.46,7030444.7,105383.35,577743.41,192226.34,192226.34,39524137.26,2447.61,756559.44,2234118.48,567910.19,785114.27,34631416.43,546570.84,17100194.09,4267739.11,256288.07,51773.8,4458783.12,177661.07,7887948.92,12185.28,12185.28,1293320.85,1293320.85,614554.84,602079.06,6245.5,6230.28,1058629.53,127514.63,54900.43,1179,875035.47,3010752.35,649010.68,1668529.3,693212.37,3376.97,3376.97,0,0,224400006.1,224400006.1,7627361166.950002,9533417233.750002,AM,Amazonas,North,TRUE,TRUE,202512,2025-12-01,confaz_boletim_tributos_estaduais,planilha1,confaz_boletim_tributos_estaduais_20260330.xls,20260330,mapped
14,PR,202512,2025,12,192796387.26,248334417.86,5979345.47,0,447110150.59,25488346.79,31246289.39,232757.82,56967394,4522681.83,3624294.06,616292.89,282094.88,39299888.28,0,8168187.37,13777.96,30830727.89,287195.06,867775445.86,117100898.53,31621431.94,6021154.64,10655973.28,19615979.35,2787500.99,41814415.21,112514024.79,6894837.44,21902619.66,100033168.49,19972427.82,52852256.8,45415204.28,10162864.33,40666391.17,16004429.15,22776347.82,63334606.59,70281526.21,2941480.67,30354533.06,19179068.76,2872304.88,261812663.58,261812663.58,2285433.34,65975.99,200.1,2219257.25,0,7527886.1,1051963.95,2516664.31,3959257.84,3246474241.56,271516821.72,2435388663.75,539568756.09,167718587.08,111707968.39,1039407.32,2585114.17,29103663.1,23282434.1,29553799.38,27692687.56,1861111.82,94499544.57,1710510.2,3724.37,169100.88,90953413.27,1603402.66,59393.19,167932.96,58338.26,105037.94,4556.76,451445.44,451445.44,1220811.37,1950.83,220023.78,347584.61,417549.46,138927.7,93415.69,1359.3,3283237.94,181027.09,0,7744.5,2875459.68,18165.49,200841.18,11050.36,11050.36,372563.06,372563.06,222582.59,222428.82,93.72,60.05,19050.31,6269.63,0,0,12780.68,539307.71,112772.5,399657.7,26877.51,579.56,579.56,0,0,19183944.3,19183944.3,4746942677.179999,5194052827.7699995,RR,Roraima,North,TRUE,TRUE,202512,2025-12-01,confaz_boletim_tributos_estaduais,planilha1,confaz_boletim_tributos_estaduais_20260330.xls,20260330,mapped
15,PB,202512,2025,12,44813581.75,9197512.65,3315298.16,7267918.45,64594311.01,9146750.04,2345940.49,0,11492690.53,2076638.45,2000024.91,23430.8,53182.74,5574419.28,430619.96,383824.54,37488.63,4708538.95,13947.2,262803677.43,21702751.94,40831606.93,2617.92,4269092.76,1962321.08,3660416.07,433389.6,1895899.97,633277.93,114929528.97,6029166.42,528598.97,10233659.44,18752954.11,1347245.94,4829984.06,1779649.44,989294.44,1131962.29,20872427.28,1654706.61,3097153.75,1175639.03,60332.48,70918733.49,70918733.49,56875.23,37758.51,0,19116.72,0,583614.31,128851.64,175564.98,279197.69,589718614.84,38536065.83,288882004.11,262300544.9,19226025.71,17570977.01,58880.15,28574.85,1538271.99,29321.71,8627481.25,8583189.33,44291.92,20642348.07,117915,2.24,54213.25,20455577.51,14635.81,4.26,68723.88,67074.54,0,1649.34,2362.09,2362.09,95389.8,0,21631.33,386.55,1.02,22377.11,46532.26,4461.53,574653.45,168907.32,0,4983.57,374591.59,3039.65,23131.32,880,880,8690.06,8690.06,3244.17,3235.53,8.64,0,2890.21,717.24,0,0,2172.97,64692.36,0,56582.18,8110.18,0,0,0,0,0,0,981049954.0800002,1045644265.0900002,PA,Para,North,TRUE,TRUE,202512,2025-12-01,confaz_boletim_tributos_estaduais,planilha1,confaz_boletim_tributos_estaduais_20260330.xls,20260330,mapped
16,PA,202512,2025,12,61358975,18292617,263676044,761329732,1104657368,29622128,5891680,82476,35596284,6526544,5236932,1111157,178455,148474308,0,0,140294672,6899081,1280555,579143139,50376620,120561260,226518,318515,729265,2238686,7494320,1431670,236223,200643266,21026288,1322864,11784837,27862691,26956359,3510356,2654907,6972173,44765665,36420980,4888730,2703654,552690,3464602,268793330,268793330,2285829,1915543,304,369982,0,5151802,666631,3071365,1413806,1021724955,67243767,692359568,262121620,77291274,56025748,15515402,292754,5147570,309800,17250203,16166452,1083751,46030559,20629,186136,13030,44656717,122119,1031928,7218949,7215995,0,2954,39248,39248,5521317,9722,105574,1014935,1173,73408,4202707,113798,5433372,2566322,78942,66811,1697172,119019,905106,546634,546634,62665,62665,213870,213426,65,379,278146,5354,0,0,272792,2235425,1691467,391677,152281,209,209,0,0,143525661,143525661,2337747439,3442404807,AP,Amapa,North,TRUE,TRUE,202512,2025-12-01,confaz_boletim_tributos_estaduais,planilha1,confaz_boletim_tributos_estaduais_20260330.xls,20260330,mapped
17,PE,202512,2025,12,64576301.64,37866848.49,10524777.79,55424083.32,168392011.24,30051123.57,7320154.27,942806.85,38314084.69,1695856.32,1424386.46,44881.43,226588.43,7668179.9,0,0,45983.37,7620492.03,1704.5,724690167.1,77934806.85,117799811.98,64296.92,6972378.13,8681415.37,1173331.88,2632453.47,12442834.11,1297455.72,174165149.05,64722052.56,12878958.16,30963617.79,32186869.18,7791150.15,14158783.58,7368144.46,11796023.81,7933278.54,110364547.97,9432537.47,7265098.79,2594494.34,2070676.82,201841813.25,201841813.25,1351637.4,288492.06,10933.58,1052211.76,0,1960729.46,46300.41,1418586.9,495842.15,1547615712.91,85973013.69,1008851804.02,452790895.2,70129193.88,55411099.44,1496417.88,510900.8,12587300.43,123475.33,27332370.34,25636319.81,1696050.53,60171513.83,223991.82,236160.15,146647.85,59014081.48,502558.01,48074.52,1570188.54,1081091.47,0,489097.07,95513.21,95513.21,9937397.1,1107.88,91640.98,133926.42,2976891.54,230163.29,6409162.2,94504.79,3595020.31,1465433.57,97253.07,389080.2,1510837.51,80505.63,51910.33,60152.81,60152.81,146137.08,146137.08,91254.15,87767.27,1014.97,2471.91,295169.27,25666.47,9092.16,1142.38,259268.26,1571805.07,197308.91,1023734.38,350761.78,354.21,354.21,0,0,109713081.7,109713081.7,2771533247.84,2939925259.08,TO,Tocantins,North,TRUE,TRUE,202512,2025-12-01,confaz_boletim_tributos_estaduais,planilha1,confaz_boletim_tributos_estaduais_20260330.xls,20260330,mapped
18,PI,202512,2025,12,12120578.94,3502937.91,28568449.25,2967601.26,47159567.36,371635.81,197067.75,0,568703.56,7811011.23,6796102.54,248126.75,766781.94,2824880.95,0,0,462583.9,2362297.05,0,216531075.98,11951237.42,62016912.5,6349.62,57570.15,1089255.48,237163.08,66649.06,229106.34,141832.82,94040046.49,10558644.39,265127.32,5278059.7,7149329.72,400704.51,1504483.01,1356116.55,907577.07,1294470.32,13897524.27,1800527.68,1392561.02,460085.32,429742.14,108001604.42,108001604.42,181864.1,16.35,624.78,181222.97,0,3405376.12,886172.32,1995118.22,524085.58,342864907.61,25779301.77,151060894.95,166024710.89,11379208.13,9523573.25,23504.31,11151.07,1724114.94,96864.56,5418953.33,5071529.61,347423.72,19633719.92,14602.41,361305.82,13785.78,19206863.64,20837.04,16325.23,103161.9,96540.24,0,6621.66,8146.01,8146.01,2860384.15,2926.82,40507.6,78357.55,100.69,98671.56,2610462.32,29357.61,1597699.69,221488.42,7176.65,116423.88,551452.22,49541.5,651617.02,514796.73,514796.73,42510.5,42510.5,48223.37,45774.39,1783.86,665.12,366735.59,62176.63,0,0,304558.96,522764.05,26921.58,303679.1,192163.37,326.49,326.49,47614.54,47614.54,43655121.76,43655121.76,767820086.57,814979653.9300001,,,,,,202512,2025-12-01,confaz_boletim_tributos_estaduais,planilha1,confaz_boletim_tributos_estaduais_20260330.xls,20260330,unmapped
19,RJ,202512,2025,12,113042824.4,335719134,1397376.98,551869912.3,1002029247.68,152803599.8,34310522.68,4091235.74,191205358.22,1202653.68,999965.78,135345.51,67342.39,333015974.3,0,259073445.5,2385875.57,4293870.42,67262782.81,1146815141.42,27127135.39,156973800.7,235616.16,3331413.25,15571008.72,2540602.32,608103.08,12168866.21,2500848.71,427981243.4,171291934,22198069.65,42445658.01,42702102.21,92587228.8,27920153.05,1741080.03,2186594.56,24821674.46,21199544.41,6792705,3113440.53,13612095.13,25164223.64,629033852.6,629033852.6,3204128.86,119856.58,8255.27,3073641.3,2375.71,7901538.3,642060.51,3449904.91,3809572.88,1267723233.08,32286797.88,750697048.3,484739386.9,315290299.4,218084176.5,16869966.84,948651.06,78721913.14,665591.86,60362761.45,54363516,5999245.45,168675102.93,600466.18,551557.17,2560264.91,163724281,844576.92,393956.75,6335354.05,6330239.76,1100.03,4014.26,179549.75,179549.75,13230150.53,7700.91,238951.53,6353165.03,5016442.28,497095.39,919223.97,197571.42,13791220.15,5356371.54,260094.42,236310.79,2709257.76,751248.96,4477936.68,2395.91,2395.91,578078.56,578078.56,142436.3,96682.49,6538.42,39215.39,1109466.04,81284.43,24435.25,810.14,1002936.22,2208641.92,424655.04,1421650.74,362336.14,586.13,586.13,0,0,1143788829,1143788829,5114591394.360001,6116620642.040001,,,,,,202512,2025-12-01,confaz_boletim_tributos_estaduais,planilha1,confaz_boletim_tributos_estaduais_20260330.xls,20260330,unmapped
20,RN,202512,2025,12,29968796.93,4476366.97,0,0,34445163.9,0,0,0,0,2925995.13,1873061.48,17265.95,1035667.7,24428093,0,11706213.05,221895.3,11239368.13,1260616.52,248492774.34,32347626.65,38658785.62,0,967711.16,5331859.53,84942.44,295894.52,407196.83,438294.25,111446394.3,5495732.64,585820.96,4272527.92,8259469.24,301644.6,1135713.88,1201674.27,4591726.35,3290084.93,21901318.22,1419036.48,1575322.69,837533.54,3646463.32,33681493.92,33681493.92,420044.86,57352.9,540.94,362151.02,0,5823135.53,730648.14,4107111.27,985376.12,388786943.45,32195040.55,185099550.3,171492352.6,9856951.35,7091915.81,1057966.36,110630.1,1557875.81,38563.27,12509652.85,10761709.63,1747943.22,20328340.63,43700.71,298213.08,15263.67,19719880.62,208747.23,42535.32,163801.05,154095.35,0,9705.7,37575.16,37575.16,5367923.3,3206.75,40916.32,1296832.76,3513.99,75791.29,3873088.38,74573.81,2031910.32,910884.95,18236.88,14163.58,376381.01,64933.52,647310.38,150518.17,150518.17,103691.09,103691.09,118177.36,103941.8,716.8,13518.76,502240.23,79407.09,961.54,0,421871.6,865212.11,69633.83,620852.5,174725.78,201.45,201.45,0,0,39863393.66,39863393.66,796458068.96,830903232.86,,,,,,202512,2025-12-01,confaz_boletim_tributos_estaduais,planilha1,confaz_boletim_tributos_estaduais_20260330.xls,20260330,unmapped
21,RS,202512,2025,12,1968143614,430461122.1,35752333.32,703107.68,2435060177.1,282494843.8,27879207.54,1443304.67,311817356.01,26980806.84,24962469.8,1873144.74,145192.3,10813781.77,642903.76,0,1733.97,10027743.32,141400.72,2259636069.06,195497963.4,276372900.6,5256563.76,11349445.6,13911106.61,49705897.72,26168843.45,43944677.65,6388819.77,833758613.1,168033583.4,3579150.9,100942776.9,57788120.82,32423759.39,87845079.81,26231508.06,28652882.28,90805918.48,127499566.4,2784114.47,45473578.43,19091572.76,6129625.3,304436877.4,304436877.4,2927752.36,658546.29,81.38,2269124.69,0,4309286.45,1296795.84,732433.23,2280057.38,1914356450.3,144355831.8,996349743,773650875.5,102910297.9,96823712.28,1581665.18,395031.53,3830111.46,279777.45,52300532.59,50857656.13,1442876.46,112694050.09,941613.96,247936.58,91169.68,110717000.5,255243.78,441085.59,59131.46,58351.19,0,780.27,25230.68,25230.68,1710072.53,496.6,206887.49,1113256.69,23153.32,93018.49,133119.32,140140.62,3587537.54,492485.36,399.15,184558.85,1062709.87,89286.47,1758097.84,0,0,129442.79,129442.79,77834.98,76200.61,1609.55,24.82,997246.15,142246.15,1777.36,12.71,853209.93,1475138.53,442805.3,784150.38,248182.85,3787.45,3787.45,0,0,138790325.9,138790325.9,4938221652.769999,7373281829.869999,MA,Maranhao,Northeast,TRUE,TRUE,202512,2025-12-01,confaz_boletim_tributos_estaduais,planilha1,confaz_boletim_tributos_estaduais_20260330.xls,20260330,mapped
22,RO,202512,2025,12,18549701.96,8036049.14,655598.17,161913253.9,189154603.17,12269414.17,3346970.7,0,15616384.87,2076808.01,1978398.83,74077.14,24332.04,6967951.06,0,3912507.36,1461188.42,1594255.28,0,130495551.54,26390061.36,35607179.31,0,33545.95,215158.19,2386085.01,530001.63,250702.83,107767.8,28357886.32,9196443.55,145095.63,1689605.69,7650055.74,922839.44,2101827.73,493502.78,98352.77,230776.98,10726258.64,1235675.61,969293.16,797967.71,359467.71,60590230.57,60590230.57,106960.77,24825.34,778.04,80020.87,1336.52,1233585.36,295567.9,193037.33,744980.13,352953946.99,45008952.29,159956720.6,147988274.1,6300731.41,3316431.67,1352472.22,27208.27,1595549.38,9069.87,2472090.79,2249419.01,222671.78,15284181.95,10386.79,55154.25,114465.24,12669695.03,25588.15,2408892.49,326244.65,65998.47,34154.21,226091.97,41928.67,41928.67,725416.29,743.39,65933.11,158908.18,3455.96,88282.4,385239.9,22853.35,1704567.66,297237.48,680.65,16763.23,584017.38,101011.74,704857.18,0,0,48140.87,48140.87,105617.75,104932.05,685.7,0,181720.58,33203.55,0,0,148517.03,457586.51,65801.5,244801.39,146983.62,188.81,188.81,0,0,65447005.5,65447005.5,647520455.7399999,836675058.9099998,PI,Piaui,Northeast,TRUE,TRUE,202512,2025-12-01,confaz_boletim_tributos_estaduais,planilha1,confaz_boletim_tributos_estaduais_20260330.xls,20260330,mapped
23,RR,202512,2025,12,4478724.41,504471.74,88016.35,116840344.1,121911556.6,385024.29,0,0,385024.29,643600.31,622818.52,11884.81,8896.98,933442.97,0,0,0,933442.97,0,47786259.09,1573527.58,12612648.36,4122,13690.09,50336.88,726.49,323693.22,13662.86,28168.38,22630681.07,1121649.47,28747.28,434760.67,2656536.97,72485.2,17884.63,153171.51,26879.91,126722.27,5588482.73,154511.41,46035.83,81010.2,26124.08,16857382.97,16857382.97,6227.6,0,0,6227.6,0,376891.8,33861.02,69069.4,273961.38,101754257.71,5328777.24,52189221.44,44236259.03,1446953.76,1237130.57,249.47,66186.48,116680.85,26706.39,954827,932918.14,21908.86,4928471.74,3816.9,17634.53,0,4895621.11,8446.59,2952.61,0,0,0,0,12651.34,12651.34,278889.68,0,5439.29,11633.55,0,2309.29,254983.96,4523.59,529245.97,66685.45,11.33,2555.49,167225.15,12918.96,279849.59,566.46,566.46,2939.24,2939.24,12568.5,12568.5,0,0,11723.33,1039.38,0,0,10683.95,71366.22,2420.43,43762.38,25183.41,1,1,0,0,9888089,9888089,186496355.69000003,308407912.29,CE,Ceara,Northeast,TRUE,TRUE,202512,2025-12-01,confaz_boletim_tributos_estaduais,planilha1,confaz_boletim_tributos_estaduais_20260330.xls,20260330,mapped
24,SC,202512,2025,12,162930209.4,156938206.5,95485302.65,54733.36,415408451.91,58438316.52,3728175.44,4328108.29,66494600.25,12092643.99,4443824.43,6912903.64,735915.92,9864489.44,44650.87,48606.62,3227.2,9144707.72,623297.03,1549747056.85,105121840,233679511.9,687656.74,59372939.83,80449816.55,3759598.01,27218801.29,39081183.06,5366116.89,422819490.5,62675303.41,3950441.6,80216958.68,49166950.62,36937056.79,50814774.53,12145014.24,51878179.31,81210080.21,83567156.14,18040997.06,21578981.46,13254081.15,6754126.88,269926798.4,269926798.4,3643699.39,32222.44,48447.59,3543955.66,19073.7,10019991.04,1426511.18,3391827.41,5201652.45,1704832420.2,156696855.3,846179786,701955778.9,172227089.13,134778567,268130.25,679546.21,36251648.73,249196.94,45687238.99,43731758.46,1955480.53,86221076.28,2266299.71,468124.45,161586.1,81267646.63,1637075.53,420343.86,433958.31,399971.36,49.17,33937.78,931310.41,931310.41,21502797.08,1149.94,5019209.64,1513210.83,36101.8,791741.67,13750858.45,390524.75,9369059.66,3749513.67,8327.53,185830.85,1452671.04,346795.14,3625921.43,5228895.3,5228895.3,384250.82,384250.82,318707.75,81014.24,5049.52,232643.99,3476910.73,121119.88,199255.75,376.42,3156158.68,2363766.13,220722.93,1335996.44,807046.76,4076.45,4076.45,0,0,73033083.66,73033083.66,3981309320.0099998,4396717771.92,RN,Rio Grande do Norte,Northeast,TRUE,TRUE,202512,2025-12-01,confaz_boletim_tributos_estaduais,planilha1,confaz_boletim_tributos_estaduais_20260330.xls,20260330,mapped
25,SP,202512,2025,12,1238104580.31,2166774785.2,1011130458.66,0,4416009824.17,186573100.13,286505452.39,33679355.2,506757907.72,39087840.86,36786889.88,2059413.64,241537.34,81751313.86,2393.22,29406018.82,473024.43,42781353.55,9088523.84,9666479300.18,864453392.94,557022621.8,8729211.24,102612579.62,79817387.57,18294037.58,23720360.7,339552500.88,38211116.38,2168521478.53,1279256052.97,317228534.27,584663941.32,309725040.06,200781052.56,300162501.99,248155899.61,310873179.11,420448390.74,1193941965.84,58624628.09,57535078.75,135531946.08,48616401.55,1218398968.73,1218398968.73,23754078.62,5441614.01,145477.56,17427616.19,739370.86,48395233.38,5102010.03,20860735.55,22432487.8,8335699656.1,505820074.64,5555184328.96,2274695252.5,729914379.29,543184550.93,3566632.67,13184133.63,166983558.17,2995503.89,185984368.89,176586960.58,9397408.31,689109065.7,22457651.45,4073025.91,1093932.31,587970188.5,30262685.55,43251581.98,20753623.01,14830810.26,380265.52,5542547.23,4570750.79,4570750.79,137116907.8,9779.92,13167761.08,23120047.08,23179919.33,5566588.14,71869783.81,203028.44,129422497.94,27670285.18,1189054.71,270957.51,12663699.56,2331356.82,85297144.16,280911.45,280911.45,1994004.59,1994004.59,7389673.77,6732000.45,11877.06,645796.26,6639424.45,740350.33,667712.71,0,5231361.41,34143928.14,4743735.48,28175205.88,1224986.78,59.29,59.29,0,0,949051768.23,949051768.23,22309937755.07,26725947579.239998,PB,Paraiba,Northeast,TRUE,TRUE,202512,2025-12-01,confaz_boletim_tributos_estaduais,planilha1,confaz_boletim_tributos_estaduais_20260330.xls,20260330,mapped
26,SE,202512,2025,12,34643852.43,34273028.6,1496521.67,8659407.57,79072810.27,37121039.2,499111.08,772651.8,38392802.08,549783.37,445688.08,36907.16,67188.13,5877378.5,0,1307069.59,0,4570308.91,0,176976060.87,12310319.74,25820976,69544.45,1553523.84,736135.21,1089077.26,175078.35,136107.67,0,54678231,43211684.33,955524.6,2911212.42,11628532.61,454305.67,2043793.87,2683355.45,445698.06,544219.43,12109626.67,1111017.88,1686403.53,621692.83,0,58262344.8,58262344.8,206273.66,179180.15,0,27093.51,0,0,0,0,0,258841653.55,23533101.56,119195088.8,116113463.19,9824544.85,8568778.34,6076.01,85197.77,1164492.73,0,9313727.85,9313727.85,0,21434354.87,0,0,3405.65,21430949.22,0,0,0,0,0,0,0,0,0,0,0,0,0,0,0,0,243574.66,0,0,0,243574.66,0,0,0,0,0,0,0,0,0,0,0,0,0,0,0,0,0,0,0,0,0,0,0,29312059.55,29312059.55,570841756.53,649914566.8,PE,Pernambuco,Northeast,TRUE,TRUE,202512,2025-12-01,confaz_boletim_tributos_estaduais,planilha1,confaz_boletim_tributos_estaduais_20260330.xls,20260330,mapped
27,TO,202512,2025,12,61327774.72,11056397.91,4113056.54,789659.19,77286888.36,3354252.32,5934565.93,106343.67,9395161.92,7183025.81,6124987.6,1044631.9,13406.31,2792490.23,0,0,1490717.67,1301772.56,0,219353743.6,17515155.48,43700455.69,0,59766.01,211011.15,584650.74,103868.64,28752.77,73645.78,126654414.87,4300788.04,132649.08,1708405.59,8746720.69,162444.9,1037625.74,366369.81,132827.3,441183.39,11270112.73,609352.76,617849.18,727107.93,168585.33,55639154.89,55639154.89,428956.78,389082.49,0,39874.29,0,431983.09,71588.47,199898.96,160495.66,199405500.66,20594199.54,110856546.98,67954754.14,7253560.54,6837484.28,10865.29,22134.4,363792.83,19283.74,2629879.57,2500610.98,129268.59,9350373.36,26833.14,0,2576.7,9308108.26,2185.3,10669.96,16310.84,16310.84,0,0,7235.51,7235.51,1427933.11,0,0,29946.34,57770.03,5639.93,1323819.23,10757.58,172363.73,25725.46,0,403.14,105519.16,3110.26,37605.71,0,0,607.26,607.26,2009.59,532.46,1477.13,0,4058.58,18.55,0,0,4040.03,51546.65,1012,45862.01,4672.64,0,0,0,0,34805357.55,34805357.55,540956091.3499999,618242979.7099999,AL,Alagoas,Northeast,TRUE,TRUE,202512,2025-12-01,confaz_boletim_tributos_estaduais,planilha1,confaz_boletim_tributos_estaduais_20260330.xls,20260330,mapped
1,AC,202601,2026,1,13222727.63,996590.91,5184330.43,0,19403648.97,1817319.22,71373.28,30900.91,1919593.41,2382692.67,2316122.81,21995.23,44574.63,61898.28,0,0,0,61898.28,0,39213550.53,6189538.25,12478078.78,846.75,10964.54,239184.83,136065,233084.13,1851.69,49895.26,7250207.02,1615844.35,126173.28,809587.32,1308919.51,8463.52,176295.12,289068.85,7157.55,76996.78,6978991.24,498063.14,604494.74,52230.71,71548.17,17423163.65,17423163.65,12762.41,4989.01,2753.26,5020.14,0,347369.98,170579.54,34997,141793.44,117100553.86,6663506.46,64771093.65,45665953.75,783203.95,388492.45,31028.85,39115.27,277639.9,46927.48,1207367.89,1154061.06,53306.83,6365085.83,32973.86,63262.89,5249.4,6240309.21,7751.49,15538.98,17953.89,17526.35,0,427.54,21184.47,21184.47,481604.81,1494.11,14754.06,58756.4,0,15100.44,287850.41,103649.39,538870.53,27657.09,89883.07,5673.12,177926.26,27868.88,209862.11,0,0,36227.17,36227.17,27543.04,27438.29,104.75,0,71868.44,7433.99,0,0,64434.45,218795.34,2866.24,113386.86,102542.24,16.39,16.39,0,0,13803466.62,13803466.62,200115179.74999994,219518828.71999994,,,,,,202601,2026-01-01,confaz_boletim_tributos_estaduais,planilha1,confaz_boletim_tributos_estaduais_20260330.xls,20260330,unmapped
2,AL,202601,2026,1,102107020.44,6849805.92,891151.38,11202632.78,121050610.52,5649048.04,50272.24,161270.51,5860590.79,1958258.18,1863533.75,31509.03,63215.4,8296488.4,0,2348136.3,826520.02,2502918.03,2618914.05,258136272.19,14741704.48,82508376.17,338163.6,380846.1,1861024.47,164497.97,476308.87,1037238.67,272850.23,92769623.56,12536686.52,783301.83,11715937.27,7080729.81,1000684.25,2302704.31,1280337.65,1444815.66,2834987.99,18206914.96,1565814.91,1780501.87,574994.1,477226.94,70845280.41,70845280.41,759972.92,183239.37,542.98,574691.86,1498.71,967545.45,243490.85,190489.91,533564.69,467359880.5,28089866.9,272920763.33,166349250.27,23649068.89,16862690.26,301587.85,209611.32,2425829.73,3849349.73,15861491.97,11841389.63,4020102.34,15044671.39,52193.6,67922.59,51222.93,14737378.26,95281.26,40672.75,227898.31,164752.8,10184.13,52961.38,146039.69,146039.69,2365106.29,5136.95,18241.55,155279.56,1526.15,113180.34,1987444.9,84296.84,1471472.36,363502.09,5219.67,177370.65,321663.23,35856.91,567859.81,7.36,7.36,81418.68,81418.68,189899.75,187821.76,159.67,1918.32,187672.93,40053.48,0,0,147619.45,752226.62,72574.06,516706.67,162945.89,132.14,132.14,0,0,426542.22,426542.22,868727346.6499999,989777957.1699998,,,,,,202601,2026-01-01,confaz_boletim_tributos_estaduais,planilha1,confaz_boletim_tributos_estaduais_20260330.xls,20260330,unmapped
3,AP,202601,2026,1,8689015.96,215783.88,5938092.37,88026018.23,102868910.44,2588600.81,0,0,2588600.81,22841.76,11827.55,9838.17,1176.04,413868.66,0,0,305136.88,107231.78,1500,27975713.37,1531859.47,9897754.33,0,679.36,31183.13,2341.79,279961,387970.62,2699.13,5454441.02,1032728.27,37544.67,795300.44,1343867.67,40486.23,157080.84,265122.91,1013657.53,96387.34,5241957.96,210817.72,77139.18,65446.76,9286,13116616.81,13116616.81,301588.36,247124.33,9.94,54454.09,0,258559.04,193335.58,1821.64,63401.82,84923431.4,5178234.01,53065346.66,26679850.73,812110.17,302524.29,338023.21,9879.68,157838.01,3844.98,306129.39,296536.49,9592.9,6572347.99,137.7,101132.75,20632.38,6445430.19,4435.03,579.94,9787.41,9787.41,0,0,477.91,477.91,91092.39,358.97,909.91,61468.63,52.62,2110.31,20161.3,6030.65,141015.8,7475.55,898.46,294.75,99969.3,3519.86,28857.88,0,0,2138.62,2138.62,22704.4,22704.4,0,0,2160.98,12.93,0,0,2148.05,134819.99,26054.34,19249.02,89516.63,22.8,22.8,0,0,12755284.73,12755284.73,147862711.98000002,250731622.42000002,,,,,,202601,2026-01-01,confaz_boletim_tributos_estaduais,planilha1,confaz_boletim_tributos_estaduais_20260330.xls,20260330,unmapped
4,AM,202601,2026,1,78749533.42,5736632.33,2103290.28,103344146.9,189933602.93,6721603.89,9703600.37,733288.16,17158492.42,182251.03,159082.97,8434.59,14733.47,50723682.08,0,47141394.84,3391572.41,190714.83,0,576852615.55,9606722.89,57670116.75,0,838917.23,394235.45,70588.08,224304.73,3541468.29,198029.36,83166726.49,16209342.17,4054441.85,27179773.75,3575237,3073935.12,18456977.68,174167113.7,6347730.45,15217457.12,28650051.09,118908724.2,1744982.53,3339642.36,216097.26,74539782.18,74539782.18,2021615.48,920602.79,0,1101012.69,0,202874.3,0,24926.84,177947.46,508898923.22,33254399.42,241370212.7,234274311.1,81930679.27,63706426.66,8903634.01,1051659.2,8247722.91,21236.49,7891619.41,7891513.3,106.11,31182297.17,66639.08,14455.06,11684.31,31011367.94,74630.78,3520,0,0,0,0,0,0,34.64,0,0,0,0,2.64,4.51,27.49,1760633,0,0,15550.33,1745062.72,0,19.95,0,0,0,0,876.78,875.78,1,0,24476.29,0,24449.16,0,27.13,79362.62,0,78548.24,814.38,0,0,0,0,43822466.65,43822466.65,1380114189.67,1570047792.6000001,,,,,,202601,2026-01-01,confaz_boletim_tributos_estaduais,planilha1,confaz_boletim_tributos_estaduais_20260330.xls,20260330,unmapped
5,BA,202601,2026,1,320779284.53,29209209.63,166502465.54,0,516490959.7,0,0,0,0,16345485.98,12893234.28,2728202.04,724049.66,34478273.95,0,15224395.7,7149961.46,8873536.12,3230380.67,1441540191.72,86629439.03,326954265.73,53247.62,6995657.84,3899095.63,3751822.65,1057067.07,17522728.94,686300.45,542368708.91,150182771.01,5657798.97,63110522.63,56405252.81,19169759.2,15741572.89,6837860.37,9106221.44,11040686.05,95245172,4308128.02,6899051.08,2438546.22,5478515.16,267291419.43,267291419.43,12466289.81,11224225.01,466.35,1240415.56,1182.89,1848923.52,38099.66,47601.35,1763222.51,1545762440.43,100511710.83,784985471.62,660265257.98,48996230.55,35085358.29,869968.59,387993.72,12343496.51,309413.44,48525036.27,42085458.4,6439577.87,77007219.08,109992.88,262805.9,226572.25,71009105.13,1917251.79,3481491.13,525304.12,497730.53,25.17,27548.42,587447.14,587447.14,15059876.21,2195.44,702134.36,1469832.34,116179.04,282808.08,12236699.91,250027.04,5607677.88,1864017.31,15477.91,159149.91,2028175.12,224862.44,1315995.19,12431.8,12431.8,322463.51,322463.51,142261.35,141720.9,540.45,0,525856.81,68374.8,456.17,0,457025.84,1925410.68,281463.03,1111986.85,531960.8,1175.06,1175.06,0,0,0,0,3518971415.3,4035462375,,,,,,202601,2026-01-01,confaz_boletim_tributos_estaduais,planilha1,confaz_boletim_tributos_estaduais_20260330.xls,20260330,unmapped
6,CE,202601,2026,1,0,0,0,0,0,0,0,0,0,0,0,0,0,0,0,0,0,0,0,0,0,0,0,0,0,0,0,0,0,0,0,0,0,0,0,0,0,0,0,0,0,0,0,0,0,0,0,0,0,0,0,0,0,0,0,0,0,0,0,0,0,0,0,0,0,0,0,0,0,0,0,0,0,0,0,0,0,0,0,0,0,0,0,0,0,0,0,0,0,0,0,0,0,0,0,0,0,0,0,0,0,0,0,0,0,0,0,0,0,0,0,0,0,0,0,0,0,0,0,0,0,,,,,,202601,2026-01-01,confaz_boletim_tributos_estaduais,planilha1,confaz_boletim_tributos_estaduais_20260330.xls,20260330,unmapped
7,DF,202601,2026,1,183992003.7,28730802.66,37250350.12,4685308.68,254658465.16,10652417.15,8730831.74,565492.81,19948741.7,8905068.61,8815850.94,84928.28,4289.39,395484.71,33771.23,323.7,1643.72,359746.06,0,231045671.91,18513958.43,61883482.3,353865.21,494095.01,750662.05,44888.88,485581.81,250677.93,69231.93,34664379.33,3257762.69,4978598.45,3974168.94,16668038.57,559659.2,3575897.47,4618211.75,3258173.44,2076544.14,66248098.69,1144589.41,1492807.48,1682295.08,3.72,103614705.2,103614705.2,739092.2,3616.58,0,735475.62,0,2829.32,2259.5,526.83,42.99,698664331.83,67714982.13,413219740.7,217729609,14971536.38,11903583.23,259.17,375073.97,2572640.33,119979.68,19070680.45,19057392.31,13288.14,51715274.16,39513.2,1564.73,129888.85,51544306.38,0,1,0,0,0,0,0,0,6184.45,0,0,0,0,6184.45,0,0,469617.09,13.43,0,0,397225.18,0,72378.48,0,0,10.97,10.97,0,0,0,0,8.41,8.41,0,0,0,1061.2,0,1061.2,0,0,0,0,0,96840308.75,96840308.75,1226441865.64,1481100330.8000002,,,,,,202601,2026-01-01,confaz_boletim_tributos_estaduais,planilha1,confaz_boletim_tributos_estaduais_20260330.xls,20260330,unmapped
8,ES,202601,2026,1,79925528.43,13964182.66,75162039.19,11479298.51,180531048.79,9883285.99,39592.64,5501.74,9928380.37,769056.73,580015.75,185877.38,3163.6,251457730.41,0,238459114.85,6765575.72,5588813.5,644226.34,328057722.96,39619184.71,85851944.1,0,410977.78,3451365.78,156021.91,1337303.57,3321637.94,487500.62,62015472.56,21717750.99,2467778.14,8117101.55,24397733.32,21334743.11,10976164.94,1567609.22,4976538.5,3599028.56,19230962.82,2233409.67,3709174.8,2601298.45,4477019.92,122487979.48,122487979.48,4146791.04,22352.36,79526.51,4044912.17,0,3446240.15,603071.51,1041665.96,1801502.68,1089905468.8,78661606.9,702201745.27,309042116.63,123875049.29,70795188.51,5673305.02,61521.86,47109468.18,235565.72,18306209.49,17763941.41,542268.08,34287515.74,61334.17,74937.86,156435.42,32832211.4,599010.82,563586.07,1048534.88,1028001.79,0,20533.09,199458.64,199458.64,5302467.15,1756.95,129704.63,1438107.79,3729.91,211974.57,3475531.62,41661.68,3137212.71,1470613.6,20116.83,11681.54,674097.66,58021.78,902681.3,0,0,82241.99,82241.99,49582.06,42268.82,7313.24,0,84943.89,14780.38,0,0,70163.51,717986.42,80909.41,420569.4,216507.61,592.05,592.05,0,0,140559715.78,140559715.78,2127922499.66,2308453548.4500003,,,,,,202601,2026-01-01,confaz_boletim_tributos_estaduais,planilha1,confaz_boletim_tributos_estaduais_20260330.xls,20260330,unmapped
9,GO,202601,2026,1,487070878.9,65268255.66,204483644.18,335093908.17,1091916686.91,29527656.16,19458429.61,171233.53,49157319.3,41703043.73,40279888.64,1374880.02,48275.07,9419935.5,0,0,4311477.7,5003318.68,105139.12,825751116.75,132728035.49,159224441.74,380590.39,1530765.16,9275559.79,1887422.61,1688491.46,6504206.32,1102786.57,309014185.96,52549546.69,18182214.86,14695016.86,18486803.56,1211326,14371862.57,2355493.91,1474753.98,8855497.87,55702088.06,4078457.85,4391503.46,3006809.58,3053256.01,217930500.8,217930500.8,4043640.32,2380177.76,97012.03,1564395.7,2054.83,3160361.19,481448.89,906271.76,1772640.54,1372848762.94,128427550.3,808407673.77,436013538.87,65026516.38,58568571.99,2018.95,262162.13,5642808.2,550955.11,22424555.91,19950346.5,2474209.41,54357655.51,95489.81,265133.33,66776.44,53746898.9,154192.25,29164.78,189463.27,182809.95,6598.99,54.33,251757.65,251757.65,1915498.07,1573.13,304577.57,526105.09,221306.52,354551.88,373967.6,133416.28,5158990.38,1544645.5,31358.57,44782.28,1084445.12,119804.48,2333954.43,4025.91,4025.91,297692.21,297692.21,65105.58,61264.62,1109.49,2731.47,802550.76,96117.12,2345.79,0,704087.85,1483277.64,346350.77,894756.65,242170.22,1012.13,1012.13,0,0,91293796.62,91293796.62,2718129259.2500005,3810045946.160001,,,,,,202601,2026-01-01,confaz_boletim_tributos_estaduais,planilha1,confaz_boletim_tributos_estaduais_20260330.xls,20260330,unmapped
10,MA,202601,2026,1,0,0,0,0,0,0,0,0,0,0,0,0,0,0,0,0,0,0,0,0,0,0,0,0,0,0,0,0,0,0,0,0,0,0,0,0,0,0,0,0,0,0,0,0,0,0,0,0,0,0,0,0,0,0,0,0,0,0,0,0,0,0,0,0,0,0,0,0,0,0,0,0,0,0,0,0,0,0,0,0,0,0,0,0,0,0,0,0,0,0,0,0,0,0,0,0,0,0,0,0,0,0,0,0,0,0,0,0,0,0,0,0,0,0,0,0,0,0,0,0,0,,,,,,202601,2026-01-01,confaz_boletim_tributos_estaduais,planilha1,confaz_boletim_tributos_estaduais_20260330.xls,20260330,unmapped
11,MT,202601,2026,1,104665907.9,62530499.72,96867421,180067269.8,444131098.42,10009967.65,10065083.7,567696.12,20642747.47,71243406.12,70780159.68,430178.69,33067.75,9371154.26,0,12648.59,5698528.22,3648233.93,11743.52,1092263510.1,138806629.3,147109466.4,96910.33,1159515.23,1905753.78,1535457.98,4498532.31,1409905.13,258764.05,605459830.4,53100248.93,324914.26,15395331.99,27537452.81,3865021.43,7546259,2385849.78,10427330.24,8595941.62,54116930.55,1879882.11,2526648.8,1603790.21,717143.46,34845355.13,34845355.13,609008.44,53025,2120.39,552111.69,1751.36,1694758.55,914870.18,199165.45,580722.92,814304305.8,112498889.4,442493294.1,259312122.3,82766334.98,64483701.11,88508.91,80237.87,12807009.8,5306877.29,10641049.09,10194974.52,446074.57,25183447.58,157750.94,261267.13,82473.65,23869400.46,766531.78,46023.62,333980.49,307669.78,1540.84,24769.87,611898.66,611898.66,3684037.85,4691.4,112565.27,310936.66,559520.38,321415.88,2287592.46,87315.8,15766739.61,1023353.14,5679.37,90327.45,936632.55,84706.81,13626040.29,5979507.16,5979507.16,242639.94,242639.94,874471.78,819163.26,31069.94,24238.58,93532.89,11508.85,0,0,82024.04,914326.95,324062.84,397580.16,192683.95,2787.55,2787.55,0,0,0,0,2171426252.9300003,2615557351.3500004,RO,Rondonia,North,TRUE,TRUE,202601,2026-01-01,confaz_boletim_tributos_estaduais,planilha1,confaz_boletim_tributos_estaduais_20260330.xls,20260330,mapped
12,MS,202601,2026,1,527403253.15,28470014.51,3976159.98,96655956.71,656505384.35,3797220.01,3854366.74,0,7651586.75,23040233.25,17464492.04,5434150.33,141590.88,6169995.7,0,0,2664988.25,3028088.88,476918.57,677429364.4,89848755.79,116231939.74,43157.08,2686937.63,2755952.44,911690.99,2054150.51,11575622.59,435405.67,368467488.15,9433970.34,821585.21,6684423.42,10149922.48,3884436,7189120.64,633261.06,6826116.88,1144842.13,30936299.69,905852.26,911678.42,966944.18,1929811.1,162353816.7,162353816.7,1686837.54,500938.12,606448.52,579450.9,0,2161304.11,387588.9,1081905.72,691809.49,449348634.5,57971008.33,244445147.31,146932478.86,49655749.29,46843626.23,352620.34,44508.25,1992438.54,422555.93,6522180.84,6053270.3,468910.54,24245510.47,27437.44,73917.55,39661.36,23848789.56,234110.41,21594.15,524326.09,476099.84,0,48226.25,36921.33,36921.33,1978540.01,15361.81,2994.61,305474.41,25427.6,177815.67,1348906.92,102558.99,1646428.73,494989.93,3190.89,181109.32,124903.38,40409.87,801825.34,2071371.9,2071371.9,62725.51,62725.51,70461.8,70001.09,460.71,0,134835.99,16669.15,235.05,0,117931.79,715450.47,95834.96,442595.46,177020.05,14.46,14.46,0,0,47741943.01,47741943.01,1457596646.0999997,2114102030.4499998,AC,Acre,North,TRUE,TRUE,202601,2026-01-01,confaz_boletim_tributos_estaduais,planilha1,confaz_boletim_tributos_estaduais_20260330.xls,20260330,mapped
13,MG,202601,2026,1,2000242554.56,152516847.4,294706297.95,517693116.45,2965158816.36,66267188.85,26941468.43,2693622.65,95902279.93,44534318.51,29925846.06,14410980.68,197491.77,129140911.42,23.61,6184819.69,113093168.44,7397918.29,2464981.39,3360101662.31,320682111.3,269221222.02,165388882.52,10521059.43,23388194.56,13128348.68,9180868.07,34709235.41,4065915.15,1294293738.51,161333659.06,50222381.16,61540809.78,127235109.84,148418086.1,87872269,31477359.58,69010988.44,96600545.57,293581196.4,21292940.19,30925737.49,17565084.77,18445919.28,582751976.4,582751976.4,5038659.96,59636.33,101360.35,4877663.28,0,10843168.22,1445533.75,3244239.38,6153395.09,2730829955.53,181401573.46,1745362069.52,804066312.55,131135142.84,115134422.28,103199.24,135913.44,15572012.97,189594.91,72449074.94,70142749.85,2306325.09,194486173.76,489410.05,440143.03,718053.45,188285966.53,3152979.03,1399621.67,7710435.94,7124578.5,0,585857.44,184408.22,184408.22,29725133.11,4153.58,738527.12,2100215.07,560675.02,737285.51,24994431.62,589845.19,15118477.36,3294653.72,253186.84,72997.8,4586636.09,255148.35,6655854.56,16408.59,16408.59,1129011.33,1129011.33,605371.49,597389.16,7173.87,808.46,1025463.6,173399.68,74205.45,123.72,777734.75,3286301.63,658513.5,1968212.2,659575.93,3814.76,3814.76,0,0,220883350.8,220883350.8,7540999220.72,10506158037.08,AM,Amazonas,North,TRUE,TRUE,202601,2026-01-01,confaz_boletim_tributos_estaduais,planilha1,confaz_boletim_tributos_estaduais_20260330.xls,20260330,mapped
14,PR,202601,2026,1,2278563986.41,129754713.4,7043318.7,0,2415362018.51,18051227.71,27745937.47,501555.82,46298721,4882743.86,3125513.08,1474598.13,282632.65,30010860.63,0,6065093.45,0,23657366.41,288400.77,864454063.52,111001980.1,41885845.35,7589546.68,9195347.63,14380854.35,2650998.76,28424785.78,69638286.88,6823969.94,15836051.08,89953346.56,17462634.81,52275838.87,33109485.77,6345107.05,36312314.91,15488655.31,25221476.39,65662210.6,161959668.06,7772626.7,25331831.99,17200163.39,2931036.56,390147889.12,390147889.12,2064904.84,23366.8,36.56,2041501.48,0,8176237.39,1046009.76,2652178.4,4478049.23,3111040393.98,282847516.08,2193130480.68,635062397.22,167563979.9,112690404.8,680355.38,2173334.43,30800841.96,21219043.33,31546054.92,29333853.03,2212201.89,108671495,941360.44,7308.17,940200.17,104901055.32,1763214.5,118356.4,56906.4,56549.38,237.07,119.95,447948.42,447948.42,1298147.74,6936.34,32726.36,289724.54,768014.22,105115.94,94410.63,1219.71,4187650.99,72521.2,0,896.5,3896896.19,16730.19,200606.91,18818.24,18818.24,24544.55,24544.55,165642.77,164733.66,170.52,738.59,16286.31,6878.64,21.54,0,9386.13,887037.19,126052.49,730646.87,30337.83,583.77,583.77,0,0,13045953.98,13045953.98,4738708143.5199995,7154070162.03,RR,Roraima,North,TRUE,TRUE,202601,2026-01-01,confaz_boletim_tributos_estaduais,planilha1,confaz_boletim_tributos_estaduais_20260330.xls,20260330,mapped
15,PB,202601,2026,1,83650889.69,6699780.75,3206360.31,9121163.03,102678193.78,9628066.54,2236536.25,0,11864602.79,1700609.73,1574680.3,70329.47,55599.96,6221899.15,2251235.06,129515.6,25955.22,3802229.99,12963.28,261088766.02,22712596.42,52807759.32,873.17,3676418.88,1950420.81,3575465.29,451256.19,2122476.88,521379.58,105912863.45,4902109.89,866755.44,6359432.07,17459703.75,632718.5,4129159.13,1455099.64,920411.43,1504079.96,22776844.04,1430338.81,3133428.44,1747800.54,39374.39,74904064,74904064,58686.67,40017.04,3.71,18665.92,0,794985.55,163279.15,295647.88,336058.52,587635185.5,38437008.95,288118020.46,261080156.09,17108891.69,15934481.88,21478.44,165848.64,895919.34,91163.39,10213365.39,10044650.97,168714.42,21858770.24,106802.73,827.76,116544.7,21616652.2,17764,178.85,59283.89,58965.7,0,318.19,5305.43,5305.43,119752.11,1012.2,21850.12,1093.38,0,22741.66,67469.99,5584.76,470333.27,46122.52,14854.34,4359.6,379051.87,900.31,25044.63,0,0,13636.84,13636.84,16804.38,16799.53,4.85,0,36075.26,1987.38,0,0,34087.88,22925.21,0,9127.23,13797.98,5.35,5.35,0,0,0,0,982329345.6800002,1085007539.4600003,PA,Para,North,TRUE,TRUE,202601,2026-01-01,confaz_boletim_tributos_estaduais,planilha1,confaz_boletim_tributos_estaduais_20260330.xls,20260330,mapped
16,PA,202601,2026,1,101518333.7,4655061.71,289583592.9,362897929.5,758654917.81,53323591.38,4109106.29,60180.14,57492877.81,8376131.38,4409858.48,3863655.73,102617.17,150635238.2,0,0,145294127.7,3145121.19,2195989.31,607063575.32,55917178.59,128085249.8,305188.26,586812.38,748984.64,2624407.9,5571172.59,1694990.09,310944.42,213327192.7,22531716.66,1074351.23,11437230.32,30534123.29,23127908.53,7029471.61,1812808.84,5533758.95,35576836.28,47462178.77,5385509.32,1873798.55,537170.4,3974591.2,225364480.6,225364480.6,2376452.62,1869030.21,1447.95,505974.46,0,12863431.13,590103.17,10815247.75,1458080.21,944716358.72,83501310.12,551721667.2,309493381.4,75413295.71,49914972.48,17411347.29,294530.31,7525516.61,266929.02,16765668.62,15857188.66,908479.96,48793512.19,15881.29,196368.81,15675.67,48389455.75,126178.7,49951.97,8909857.74,7106057.45,0,1803800.29,36915.08,36915.08,5003298.59,6398.15,31495.08,1776856.3,354.82,52930.62,3048301.26,86962.36,5072275.63,1361037.74,43361.23,67812.58,1995954.49,150780.84,1453328.75,329547.41,329547.41,64370.29,64370.29,248293.83,247883.48,86.66,323.69,117658.39,7998.92,0,0,109659.47,2731292.43,1959151.09,531541.4,240599.94,275.06,275.06,0,0,128971097.6,128971097.6,2243853026.5400004,3002507944.3500004,AP,Amapa,North,TRUE,TRUE,202601,2026-01-01,confaz_boletim_tributos_estaduais,planilha1,confaz_boletim_tributos_estaduais_20260330.xls,20260330,mapped
17,PE,202601,2026,1,242712397.88,25547805.82,10236169.61,37102246.22,315598619.53,12570269.55,5840392.34,1262817.77,19673479.66,1836150.4,1590795.91,23151.3,222203.19,6358162.39,0,2235.64,25696.89,6330116.91,112.95,644130802.96,75951129.26,140416267.95,29030.52,4082605.01,7954728.29,1102041.39,2513053.09,10970988.41,1413356.58,82019638.92,52910030.7,11688422.7,28050021.36,26085255.76,8158705.22,14323520.47,7326567.5,12413560.49,7363943.35,129410060.38,7462168.7,7291315.92,2543871.64,2650519.35,224830938.38,224830938.38,1478155.07,195692.94,11092.29,1271369.84,0,2871414.4,163440.54,2657644.62,50329.24,1231729994.22,90705152.67,690669327.79,450355513.76,64142097.31,54265495.57,1521481.47,556410.04,7695595.34,103114.89,27333076.64,25610297.71,1722778.93,52072637.55,172221.22,335554.16,291998.57,50600074.54,640158.31,32630.75,1461975.02,783537.01,0,678438.01,123433.89,123433.89,7542074.57,3115.81,82326.77,70856.33,492063.27,292184.98,6484792.39,116735.02,3912514.25,1726228.68,88106.04,463874.77,1430068.2,116355.46,87881.1,56913.81,56913.81,191288.26,191288.26,107155.5,102026.7,2866.79,2262.01,466005.34,46028.48,9191.13,1155.57,409630.16,1727483.23,186349.57,1126864.37,414269.29,371.39,371.39,0,0,232442427.84,232442427.84,2504815072.4200006,2820413691.950001,TO,Tocantins,North,TRUE,TRUE,202601,2026-01-01,confaz_boletim_tributos_estaduais,planilha1,confaz_boletim_tributos_estaduais_20260330.xls,20260330,mapped
18,PI,202601,2026,1,326238823.48,2822831.66,72199622.86,799813.38,402061091.38,457930.15,390061.59,0,847991.74,8287838.18,7923373.16,163246.93,201218.09,2371535.39,0,0,135318.89,2236216.5,0,248187548.02,14589236.73,76629279.61,7427.57,96182.49,926828.18,212522.72,79709.11,173722.26,78291.96,108490978.5,9602908.87,308681.13,4237076.54,6353632.99,52204.56,1143777.45,367677.04,797977.02,1653102.67,18069312.07,1480735.01,1837482.79,618330.43,380470.32,103520545.75,103520545.75,115106.33,283.42,6.71,114816.2,0,3369815,1492402.83,1370442.62,506969.55,348290118.09,27674547.97,145878798.52,174736771.6,11517006.25,9718037.31,26260.06,13104.63,1713566.9,46037.35,6088167.42,5741296.61,346870.81,15976306.41,8792.15,200868.95,11414.81,15682596.97,60238.39,12395.14,112198.24,103201.73,0,8996.51,22553.54,22553.54,2013648.02,4579.99,27124.89,111695.39,24.72,97849.81,1739101.96,33271.26,2096586.47,160757.24,6610.99,180068.51,572500.73,63516.75,1113132.25,0,0,146394.22,146394.22,24540.31,18343.25,6197.06,0,346945.91,12273.64,0,0,334672.27,629830.2,20083.6,442397.93,167348.67,292.4,292.4,34877.94,34877.94,38778310.21,38778310.21,791930164.3,1193991255.6799998,,,,,,202601,2026-01-01,confaz_boletim_tributos_estaduais,planilha1,confaz_boletim_tributos_estaduais_20260330.xls,20260330,unmapped
19,RJ,202601,2026,1,0,0,0,0,0,0,0,0,0,0,0,0,0,0,0,0,0,0,0,0,0,0,0,0,0,0,0,0,0,0,0,0,0,0,0,0,0,0,0,0,0,0,0,0,0,0,0,0,0,0,0,0,0,0,0,0,0,0,0,0,0,0,0,0,0,0,0,0,0,0,0,0,0,0,0,0,0,0,0,0,0,0,0,0,0,0,0,0,0,0,0,0,0,0,0,0,0,0,0,0,0,0,0,0,0,0,0,0,0,0,0,0,0,0,0,0,0,0,0,0,0,,,,,,202601,2026-01-01,confaz_boletim_tributos_estaduais,planilha1,confaz_boletim_tributos_estaduais_20260330.xls,20260330,unmapped
20,RN,202601,2026,1,32446200.11,3499833.43,0,0,35946033.54,0,0,0,0,3522908.1,2220234.17,24167.86,1278506.07,26817188.75,0,9007469.88,464350.51,16552408.3,792960.06,240117377.52,19291863.71,49851540.6,4582.68,1098094.66,4783926.95,61578.9,235064.16,459875.03,405676.24,120378058.9,4852349.27,527416.74,4949354.88,7762130.35,150976.87,1755063.6,1406780.27,3973625.42,746751.6,9214463.22,1159343.77,3008942.14,658232.55,3381685.01,85530912.07,85530912.07,419187.41,33582.01,5.33,385600.07,0,2267129.03,337136.57,637614.11,1292378.35,378683240.03,30897528.23,187249992.5,160535719.3,8376844.13,6319144.79,653360.61,21375.19,1357248.81,25714.73,12376993.55,10936108.45,1440885.1,20767231.67,20172.72,129135.13,33850.35,20430559.15,70656.49,82857.83,196342.63,188409.72,0,7932.91,26796.14,26796.14,4804655.18,9299.78,27925.16,1190139.85,1555.94,70246.34,3437432.36,68055.75,2657374.55,767034.02,27055.73,21578.74,449265.56,89594.19,1302846.31,34631.52,34631.52,67980.06,67980.06,120398.68,46655.2,3386.92,70356.56,212320.63,62266.77,597.38,0,149456.48,855951.77,168697.92,527844.38,159409.47,185.3,185.3,0,0,53430350.79,53430350.79,841285999.5099995,877232033.0499995,,,,,,202601,2026-01-01,confaz_boletim_tributos_estaduais,planilha1,confaz_boletim_tributos_estaduais_20260330.xls,20260330,unmapped
21,RS,202601,2026,1,665832360.8,100323600.2,20802450.97,196235.54,787154647.51,87183395.11,19084554.91,1473544.92,107741494.94,20846845.25,18258561.99,2492108.11,96175.15,9774686.29,1060799.53,0,904.3,8613401.74,99580.72,2129061964.32,182005884.7,338479214.5,2637517.4,8852834.74,11527468.31,24545653.21,13950530.24,34655904.84,4729880.8,783399121.9,174276241.3,5290764.42,77099689.49,46061236.12,24399777.32,80711806.25,20410259.98,29354907.75,94575811.09,107892410.9,2476282.73,38685174.07,17666979.69,5376612.57,388899132.8,388899132.8,2754401.71,106146.9,217.36,2648037.45,0,4575329.44,1158501.84,1020409.97,2396417.63,1800632742.9,150396128.3,762703917,887532697.6,105816725.2,99901688.72,1313857.65,358880.32,3963884.95,278413.56,52675399.46,51188280,1487119.46,115618715.12,701409.44,356658.42,110226.18,113192818.8,812344.88,445257.4,172258.42,62320.73,108135.19,1802.5,20350.06,20350.06,2672171.77,1413.17,126074.27,2091812.59,10133.39,150720.41,138996.13,153021.81,2863530.78,759315.22,6.53,202600.05,1100839.16,72490.78,728279.04,0,0,167794.07,167794.07,62635.45,50825.15,11698.99,111.31,963853.67,138749.02,14487.02,0,810617.63,1933784.59,518406.59,1194690.51,220687.49,3656.18,3656.18,0,0,113570868.5,113570868.5,4753086845.980001,5540241493.490002,MA,Maranhao,Northeast,TRUE,TRUE,202601,2026-01-01,confaz_boletim_tributos_estaduais,planilha1,confaz_boletim_tributos_estaduais_20260330.xls,20260330,mapped
22,RO,202601,2026,1,88973535.88,6201024.14,654949.76,36669733.59,132499243.37,14412345.59,2824675.05,0,17237020.64,2040444.91,1981827.67,53543.24,5074,13133877.57,0,3488450.11,8206578.28,1438849.18,0,151445067.19,27620030.91,44883054.21,0,28358.66,211591.52,2019816.95,450768.05,219918.77,68705.53,37887267.19,8852587.42,257871.19,1853950.75,6997902.93,1584216.41,1842873.77,232792.86,120714.25,245436.73,12404535.15,988387.3,1444709.38,896833.29,332743.97,60964523.34,60964523.34,102826.78,59583.89,0,41894.13,1348.76,2228887.77,489295.26,1067862.9,671729.61,391507051.85,48054356.75,180964212.8,162488482.3,7715907.3,3905002.04,2399718.43,26027.78,1362454.39,22704.66,2898897.41,2597633.07,301264.34,13436474.76,2703.58,83617.92,17002.6,13300194.48,23479.11,9477.07,378390.06,64253.76,53884.58,260251.72,24045.19,24045.19,922438.55,62.48,125634.75,128299.27,200.79,71176.78,569622.29,27442.19,1595353.37,290545.85,1097.75,21140.28,690831.75,114026.22,477711.52,0,0,19294.98,19294.98,127630.62,127630.62,0,0,94711.91,42055,0,0,52656.91,571468.03,80753.45,359145.49,131569.09,0,0,0,0,64385526.63,64385526.63,713592818.2199999,846092061.5899999,PI,Piaui,Northeast,TRUE,TRUE,202601,2026-01-01,confaz_boletim_tributos_estaduais,planilha1,confaz_boletim_tributos_estaduais_20260330.xls,20260330,mapped
23,RR,202601,2026,1,11024169.91,223764.89,33689.28,39641633.05,50923257.13,231885.28,0,0,231885.28,492964.2,463336.31,13318.38,16309.51,1054204.08,0,0,0,1054204.08,0,36824617.13,1993153.64,12899870.14,0,24034.04,47464.21,539.76,246197.33,12321,22873.73,12342838.27,862305.74,47044.77,361042.08,1675730.65,81592.15,225252.97,122897.58,11188.31,136880.74,5420018.02,108735.95,71174.72,75235.63,36225.7,16819180.9,16819180.9,11596.79,0,0,11596.79,0,514179.93,105409.56,179347.21,229423.16,92098966.59,5644377.65,44256288.56,42198300.38,901207.09,774684.95,0,18941.19,104411.25,3169.7,919897.96,891316.07,28581.89,5127732.98,3801.62,28812.45,160.77,5085890.44,8426.34,641.36,0,0,0,0,3009.42,3009.42,243016.79,5957.97,10401.55,53027.82,0,2544.79,161001.44,10083.22,358166.96,87875.02,25819.58,473.24,172433.91,27084.87,44480.34,0,0,4786.95,4786.95,10802.38,10802.38,0,0,15169.9,5969.98,0,0,9199.92,81029.89,15727.3,47074.36,18228.23,1,1,0,0,13955099.62,13955099.62,169435630.55999997,220358887.68999997,CE,Ceara,Northeast,TRUE,TRUE,202601,2026-01-01,confaz_boletim_tributos_estaduais,planilha1,confaz_boletim_tributos_estaduais_20260330.xls,20260330,mapped
24,SC,202601,2026,1,358774787.49,114364477.06,96298059.87,47185.61,569484510.03,59241617.2,2275849.39,4141701.07,65659167.66,10051592.2,4428553.89,5094668.47,528369.84,9799357.24,2927.62,141234.62,6178.16,8391265.2,1257751.64,1578611426.97,108759387.36,321508463.06,224438.1,47522298.69,53669473.34,3068754.5,19483685.22,32840826.05,5461124.36,454257808.05,47347396.92,2670122.11,65974949.6,39214473.07,35074430.24,45781739.02,10611050.44,45573228.27,80043023.58,104288104.37,17732471.27,18558162.37,11043499.98,7902517,268801980.88,268801980.88,3006209.81,20121.92,58623.56,2914785.11,12679.22,9237522.59,1029041.9,2842020,5366460.69,1808262382.84,161131070.02,834473741.42,812657571.4,167409758.48,126469478.49,520397.08,686654.9,39400236.61,332991.4,57963257.67,55767958.6,2195299.07,95840174.67,3277120.06,409732.55,175708.05,89025013.15,2660421.21,292179.65,358739.45,319035.5,0,39703.95,647579.87,647579.87,19822103.55,1073.93,5179734.1,1661360.29,39884.41,774154.31,11666446.48,499450.03,9284688.93,2928043,39452.45,197391.19,1674625.11,253401.68,4191775.5,7067398.46,7067398.46,494970.05,494970.05,206632.73,79312.47,12282.45,115037.81,3877413.93,162738.82,224938.12,0,3489736.99,2653431.63,171304.72,1693311.64,788815.27,3440.87,3440.87,0,0,65897176.78,65897176.78,4119297239.6,4688781749.63,RN,Rio Grande do Norte,Northeast,TRUE,TRUE,202601,2026-01-01,confaz_boletim_tributos_estaduais,planilha1,confaz_boletim_tributos_estaduais_20260330.xls,20260330,mapped
25,SP,202601,2026,1,11549755222.33,284726604.16,1262369994.98,0,13096851821.47,67386248.96,229037449.5,16169555.16,312593253.62,32977054.56,31307876.98,1566172.32,103005.26,60383373.09,11.2,17460037.28,328185.4,33999451.45,8595687.76,8573314411.89,805190172.81,617749382.76,8970223.7,75839788.49,56452481.24,14444664.3,18012933.61,257925345.82,28024998.26,1847783453.07,1136352549.19,310242088.75,498607455.33,220492845.1,149574328.56,212791709.63,211654711.59,262521832.89,402786688.23,1187184349.26,46363935.42,45621644.81,120335666.46,38391162.61,774441350.6,774441350.6,24091553.68,10277521.96,77870.35,13711336.57,24824.8,28063147.13,3464561.86,9275287.73,15323297.54,7412015125.98,496348133.05,4818324132.94,2097342859.99,676540441.74,472313439.64,4358141.97,12192223.05,184461438.49,3215198.59,186773709.46,175374496.43,11399213.03,678752270.02,12208306.27,1851395.07,704678.53,592541085.05,26653650.41,44793154.69,18079879.47,15105767.55,120947.6,2853164.32,1351776.76,1351776.76,113532547.24,62711.27,12908455.42,12050354.28,24970099.77,4376397.51,58939163.53,225365.46,74983541.58,16894342.52,1467654.22,267546.94,14196746.82,1303590.34,40853660.74,255801.15,255801.15,1679862.38,1679862.38,10378438.73,9856778.31,29593.68,492066.74,6691295.67,1663928.03,530062.59,251.34,4497053.71,65218113.82,3783321.77,59770286.31,1664505.74,619.64,619.64,0,0,965607431.89,965607431.89,19705131746.480003,32801983567.950005,PB,Paraiba,Northeast,TRUE,TRUE,202601,2026-01-01,confaz_boletim_tributos_estaduais,planilha1,confaz_boletim_tributos_estaduais_20260330.xls,20260330,mapped
26,SE,202601,2026,1,35299354.54,1494430.59,2194117.34,2198373.22,41186275.69,6079882.22,239294.27,101744.84,6420921.33,544782.01,445344.31,34806.34,64631.36,6038400.35,0,1164876.56,0,4873523.79,0,175467907.92,15417934.47,32628885.3,81494.48,1382989.26,700813.38,451719.74,201312.23,245420.77,0,56121066.93,33653482.66,389311.32,2606894.81,10874712.86,415513.54,2238368.22,602037.45,500007.75,525085.7,14074991.98,983148.76,940587.39,432128.92,0,54158305.42,54158305.42,881054,856134.5,0,24919.5,0,0,0,0,0,279313731.5,25184315.85,133325524.92,120803890.73,9194099.81,8429449.05,12241.36,124262.2,628147.2,0,9134604.08,9134604.08,0,14591686.4,0,0,11178.21,14580508.19,0,0,0,0,0,0,0,0,0,0,0,0,0,0,0,0,281614.96,0,0,0,281614.96,0,0,0,0,0,0,0,0,0,0,0,0,0,0,0,0,0,0,0,0,0,0,0,25985285.4,25985285.4,575591471.85,616777747.54,PE,Pernambuco,Northeast,TRUE,TRUE,202601,2026-01-01,confaz_boletim_tributos_estaduais,planilha1,confaz_boletim_tributos_estaduais_20260330.xls,20260330,mapped
27,TO,202601,2026,1,96891059.18,4694009.5,4171611.45,1070602.88,106827283.01,6061577.01,4016297.27,106628.11,10184502.39,6579394.69,5675727.02,879817.53,23850.14,2409239.73,0,0,949714.01,1459525.72,0,213689975.93,16323894.2,44531056.07,0,47503.09,172331.34,495717.71,886513.72,36688.12,47720.05,120047618.4,5694106.53,87493.47,1181402.06,6820373.01,103069.99,1111586.09,274731.26,28672.65,291248.38,13483969.09,575614.83,462835.66,830597.55,155232.66,50678771.86,50678771.86,546665.79,520414.32,0,26251.47,0,313414.74,53109.59,72038.53,188266.62,208194118.74,25294881.71,110735379.01,72163858.02,7877774.75,7508300.12,18787.78,24198.73,308507.67,17980.45,2682971.1,2539967.5,143003.6,9436959.65,7536.73,4.47,9693.77,9192173.87,1857.11,225693.7,15330.86,15330.86,0,0,11472.31,11472.31,955788.13,126.36,0,26897.56,44617.05,3218.74,861152.61,19775.81,210906.42,47556.3,0,5507.02,141704.54,2362.01,13776.55,1042.75,1042.75,1871.55,1871.55,2456.23,2456.23,0,0,3236.86,1657.27,0,0,1579.59,220722.37,28520.93,183155.54,9045.9,0,0,0,0,27772775.12,27772775.12,531604889.5800001,638432172.5900002,AL,Alagoas,Northeast,TRUE,TRUE,202601,2026-01-01,confaz_boletim_tributos_estaduais,planilha1,confaz_boletim_tributos_estaduais_20260330.xls,20260330,mapped
1,AC,202602,2026,2,0,0,0,0,0,0,0,0,0,0,0,0,0,0,0,0,0,0,0,0,0,0,0,0,0,0,0,0,0,0,0,0,0,0,0,0,0,0,0,0,0,0,0,0,0,0,0,0,0,0,0,0,0,0,0,0,0,0,0,0,0,0,0,0,0,0,0,0,0,0,0,0,0,0,0,0,0,0,0,0,0,0,0,0,0,0,0,0,0,0,0,0,0,0,0,0,0,0,0,0,0,0,0,0,0,0,0,0,0,0,0,0,0,0,0,0,0,0,0,0,0,,,,,,202602,2026-02-01,confaz_boletim_tributos_estaduais,planilha1,confaz_boletim_tributos_estaduais_20260330.xls,20260330,unmapped
2,AL,202602,2026,2,56621453.63,6472099.71,739142.48,41837349.39,105670045.21,6514323.33,86940.84,16692.27,6617956.44,1394406.65,1261170.97,15869.71,117365.97,5069423.02,0,563638.97,623580.07,2059581.34,1822622.64,236881626.85,16046049.37,70929194.01,190394.15,438728.33,1188004.05,110896.75,330213.54,765517.25,278423.82,84336371.81,13572669.17,479241.31,10583996.73,7226734.13,838985.21,2437897.21,1975455.02,1232235.37,2596167.25,16011642.16,2217923.58,1865989.6,882216.65,346680.38,66397468.18,66397468.18,668822.07,179918.9,23.62,486646.21,2233.34,1744841.41,255707.14,509523.39,979610.88,429293128.59,30544660.16,261111526.2,137636942.23,16968477.55,13717640.35,97729.91,167205.76,1994490.04,991411.49,14726557.34,10913606.51,3812950.83,13354822.16,37990.06,51824.58,35272.15,12947022.48,236489.04,46223.85,735316.04,661625.99,18790.3,54899.75,92821.09,92821.09,2762428.15,3988.77,24324.24,181007.13,230526.54,97800.32,2193613.4,31167.75,1357215.56,261574.13,5419.62,93562.83,354411,47787.98,594460,107.25,107.25,119961.55,119961.55,105256.23,104525.01,96.62,634.6,229629.06,30171.05,0,0,199458.01,575266.93,45057.65,403896.67,126312.61,133.2,133.2,0,0,564674.68,564674.68,793042383.5599997,898712428.7699997,,,,,,202602,2026-02-01,confaz_boletim_tributos_estaduais,planilha1,confaz_boletim_tributos_estaduais_20260330.xls,20260330,unmapped
3,AP,202602,2026,2,10701710.66,209919.68,6153490.44,22156290.01,39221410.79,1585680.61,0,0,1585680.61,17323.06,7961.61,8639.03,722.42,751217.44,0,214223.73,424357.64,109838.3,2797.77,23761234.77,1361037.41,8139680.78,0,1562.28,41179.97,2878.04,379647.87,192700.14,2566.47,4521663.42,744900.45,59837.03,1079255.99,1471284.26,50129.52,114930.83,327005.84,923100.68,131384.89,3899179.09,201488.25,63556.18,43302.83,8962.55,14091372.28,14091372.28,249549.23,191721.7,10.02,57817.51,0,183362.83,149198.83,6473.23,27690.77,73640449.5,3931354.7,50503485.95,19205608.85,579866.15,198137.47,243205.24,46.95,129170.02,9306.47,304483.87,295727.06,8756.81,6069929.08,179.82,54802.47,177.36,6006815.06,7042.7,911.67,1693.79,1693.79,0,0,1389.62,1389.62,66529.96,109.71,3261.57,23437.57,0,253.26,37087.56,2380.29,230155.3,9636.61,0,201.97,127603.27,740.27,91973.18,152.5,152.5,1994.48,1994.48,26101.86,26099.86,2,0,6968.37,20.5,0,0,6947.87,42617.13,15863.38,16237.41,10516.34,0,0,0,0,12269408.11,12269408.11,132295799.33,171517210.12,,,,,,202602,2026-02-01,confaz_boletim_tributos_estaduais,planilha1,confaz_boletim_tributos_estaduais_20260330.xls,20260330,unmapped
4,AM,202602,2026,2,46964960.72,2318027.75,34802358,145337194.01,229422540.48,5406138.99,11055515.91,2588.39,16464243.29,117725.28,105543.49,8606.8,3574.99,46233379.38,0,42713560.49,3041803.22,478015.67,0,584865078.95,8220433.74,62163973.18,0,455129.39,405171.73,19416.15,181534.46,3504295.62,108489.66,12662697.84,15134889.15,3713055.75,26006838.08,3916816.76,10431254.69,18203012.06,222225026.63,4953117,11567853.95,23303351.34,153218699.69,1858950.66,2231188.33,379883.09,67903955.4,67903955.4,1779762.27,1079482.26,0,700280.01,0,118726.04,0,16468.97,102257.07,374914028.29,29087162.35,178183135.76,167643730.18,78574526.36,61962228.07,8461240.59,121102.25,8005315.8,24639.65,9359271.82,9358712.4,559.42,25739994.1,52906.34,7504.99,23758.91,25510138.88,142012.16,3672.82,0,0,0,0,0,0,49.41,0,0,0,0,2.3,1.01,46.1,1378562.57,0,0,1306.08,1377256.49,0,0,4162.13,4162.13,0,0,903.58,903.58,0,0,37578.09,0,36398.11,0,1179.98,78761.82,1448.03,68042.14,9271.65,0,0,0,0,56908515.47,56908515.47,1248014980.9599996,1477437521.4399996,,,,,,202602,2026-02-01,confaz_boletim_tributos_estaduais,planilha1,confaz_boletim_tributos_estaduais_20260330.xls,20260330,unmapped
5,BA,202602,2026,2,604546968.2,18252824.18,161246761.1,0,784046553.48,0,0,0,0,9772296.13,8524133.11,574843.98,673319.04,46549034.78,0,28938129.98,4977208.53,9219519.56,3414176.71,1558478159.56,108457342.5,306738666.2,306125.28,5657904.97,3377022.4,3301665.12,1710117.4,16515021.8,504492.73,698370149.6,152364301.8,5810920.58,58949020.57,52764900.89,17968259.44,14475747.28,3785436.38,7385146.63,10253540.8,72091695.55,6253910.89,6494416.81,2112586.59,2829767.35,290447832.8,290447832.8,3430422.22,2173142.26,5.08,1252897.39,4377.49,1320636.18,91505.9,114628.27,1114502.01,1301662706.44,83925131.54,709863370.1,507874204.8,44479143.12,32480433.76,798808.92,406544.54,10481778.66,311577.24,45979645.97,40427937.57,5551708.4,69378529.39,110588.26,297034.92,294309.5,66627164.38,1649067.92,400364.41,456353.72,453014.38,25.41,3313.93,822114.55,822114.55,14255556.32,5378.11,124925.16,370170.34,1389.58,576909.55,12982369.59,194413.99,5139166.4,1730659.9,10994.28,75610.17,2108418.73,173877.99,1039605.33,19032.45,19032.45,340029.11,340029.11,283202.11,282713.89,488.22,0,576729.03,148550.76,41.71,0,428136.56,1584861.53,196085.06,820167.55,568608.92,1058.38,1058.38,0,0,0,0,3394976510.1900005,4179023063.6700006,,,,,,202602,2026-02-01,confaz_boletim_tributos_estaduais,planilha1,confaz_boletim_tributos_estaduais_20260330.xls,20260330,unmapped
6,CE,202602,2026,2,320214071.49,11055722.21,1414162.4,189636.85,332873592.95,7616423.67,5738055.72,108355.75,13462835.14,3068882.38,1741203.36,88516.12,1239162.9,6290153.45,0,440904.44,44567.82,5804681.19,0,583138432.56,60154179.42,122462936.61,140703.91,8149340.53,11021935.27,12993923.63,866224.07,7630705.8,1085898.18,219225425.04,21033008.39,3949766.03,13629517.88,29850852.35,7216428.65,7615317.67,1984293.41,5697457.79,6017466.81,28886124.09,5036211.08,4783210.3,3636414.89,71090.76,173462928.61,173462928.61,549988.45,94939.89,79910.44,375138.12,0,3491531.81,1801426.76,697450.22,992654.83,760315819.5,63826251.86,493382086.41,203107481.23,31495462.91,24596781.81,1641548.61,369012.67,4615846.78,272273.04,22674100.48,21008714.27,1665386.21,43648507.6,477819.7,0,15562.7,43139882.85,15220.5,21.85,811332.24,299827.77,511504.47,0,49881.41,49881.41,373132.23,0,3916.06,356010.5,3517.8,3559.74,1435.46,4692.67,2012010.87,293666.26,8099.46,1243.94,1510489.02,16492.53,182019.66,4576554.62,4576554.62,301515.51,301515.51,749428.79,743074.57,0,6354.22,30983.48,11263.24,0,0,19720.24,65191.58,5920.83,14508.06,44762.69,0,0,0,0,59216377.84,59216377.84,1696322216.3199997,2029195809.2699997,,,,,,202602,2026-02-01,confaz_boletim_tributos_estaduais,planilha1,confaz_boletim_tributos_estaduais_20260330.xls,20260330,unmapped
7,DF,202602,2026,2,637748558.1,22305845.76,67274360.39,2396569.57,729725333.82,9517142.01,7214998.08,684917.03,17417057.12,4311395.21,4275583.34,32362.88,3448.99,100495.55,2874.2,0,3230.38,94390.97,0,178245569.61,16748169.63,46639302.55,570335.61,259893.61,1289864.1,36495.06,510525.58,155904.63,135962.63,33021188.99,3111737.98,5556603.43,3890656.79,12754118.83,415761.22,6250626.18,2378749.54,2987201.07,1935771.23,35752633.36,1227180.97,1240538.13,1376289.81,58.68,88995442.72,88995442.72,649943.21,505.3,0,649437.91,0,378.47,266.58,0,111.89,574371714.48,64251263.58,379630946.7,130489504.2,12960725.67,11194958.91,180.9,182504.68,1466918.72,116162.46,15146618.32,15135945.14,10673.18,48215407.39,138515.84,1763.38,246748.3,47828378.87,0,1,0,0,0,0,0,0,295.93,0,0,0,0,295.93,0,0,625876.13,0,0,0,544701.44,0,81174.69,0,0,2,2,0,0,0,0,0,0,0,0,0,1512.19,0,1511.19,1,0,0,0,0,91777359.2,91777359.2,1015402736.08,1745128069.9,,,,,,202602,2026-02-01,confaz_boletim_tributos_estaduais,planilha1,confaz_boletim_tributos_estaduais_20260330.xls,20260330,unmapped
8,ES,202602,2026,2,69808619.47,35510402.59,69105998.7,9513613.49,183938634.25,12309964.47,35043.88,11968.73,12356977.08,578625.84,358088.65,217539.86,2997.33,328433101.86,0,316007355.56,7484006.19,4753010.33,188729.78,298366016.32,40202669.29,65966791.03,0,621821.52,2141648.86,284574.9,1698857.95,2147818.61,383025.9,58665805.23,19404372.45,4105509.36,8529096.51,26613024.02,22602792.35,10455685.66,1141640.01,4253720.75,6144250.23,10618502.98,2336924.83,3003321.61,2200872.64,4843289.63,138748961.28,138748961.28,1278598.81,44315.07,13176.1,1221107.64,0,3232761.03,494271.65,1331069.5,1407419.88,893441013.09,84488245.21,577594177.65,231358590.23,124955942.85,66426180.83,4387254.16,85730.52,53867079.57,189697.77,17502533.68,16911615.77,590917.91,46791474.82,45320.39,101559.95,36186.28,45750293.1,277223.36,580891.74,861902.67,859195.09,0,2707.58,56827.76,56827.76,4551211.31,2699.73,134079.03,1174775.58,0,84693.76,3116865.15,38098.06,3436194.41,1805503.79,21950.24,17483.87,564166.63,75561.9,951527.98,0,0,89237.95,89237.95,129093.11,128805.54,287.57,0,62485.42,14187.85,0,0,48297.57,583300.28,131574.33,263291.78,188434.17,457.21,457.21,0,0,111849319.24,111849319.24,1974949058.94,2158887693.19,,,,,,202602,2026-02-01,confaz_boletim_tributos_estaduais,planilha1,confaz_boletim_tributos_estaduais_20260330.xls,20260330,unmapped
9,GO,202602,2026,2,0,0,0,0,0,0,0,0,0,0,0,0,0,0,0,0,0,0,0,0,0,0,0,0,0,0,0,0,0,0,0,0,0,0,0,0,0,0,0,0,0,0,0,0,0,0,0,0,0,0,0,0,0,0,0,0,0,0,0,0,0,0,0,0,0,0,0,0,0,0,0,0,0,0,0,0,0,0,0,0,0,0,0,0,0,0,0,0,0,0,0,0,0,0,0,0,0,0,0,0,0,0,0,0,0,0,0,0,0,0,0,0,0,0,0,0,0,0,0,0,0,,,,,,202602,2026-02-01,confaz_boletim_tributos_estaduais,planilha1,confaz_boletim_tributos_estaduais_20260330.xls,20260330,unmapped
10,MA,202602,2026,2,0,0,0,0,0,0,0,0,0,0,0,0,0,0,0,0,0,0,0,0,0,0,0,0,0,0,0,0,0,0,0,0,0,0,0,0,0,0,0,0,0,0,0,0,0,0,0,0,0,0,0,0,0,0,0,0,0,0,0,0,0,0,0,0,0,0,0,0,0,0,0,0,0,0,0,0,0,0,0,0,0,0,0,0,0,0,0,0,0,0,0,0,0,0,0,0,0,0,0,0,0,0,0,0,0,0,0,0,0,0,0,0,0,0,0,0,0,0,0,0,0,,,,,,202602,2026-02-01,confaz_boletim_tributos_estaduais,planilha1,confaz_boletim_tributos_estaduais_20260330.xls,20260330,unmapped
11,MT,202602,2026,2,123407286.8,12783434.49,184670065.8,219688987.2,540549774.29,11137504.44,8400571.85,612109.63,20150185.92,50700698.5,50250975.37,403760.03,45963.1,9107266.68,0,14128.95,5793972.86,3284748.15,14416.72,1104559152.12,129981834.7,120413048.3,33487.83,1301620.64,1798411.87,1544812.03,3454937.38,1545358.35,168617.76,691984816.1,32290505.64,336879.28,14775990.51,27448895.89,4128450.99,8299171.5,3737047.75,9819009.35,7998768.81,36699191.27,2354255.74,2074593.39,1302447.62,1066999.42,124704396.7,124704396.7,766856.85,20113.85,1562.84,742121.57,3058.59,1780921.94,684422.7,649890.13,446609.11,791766018.12,98532390.82,483496549.1,209737078.2,72581835.25,62006454.99,106458.86,154263.62,8517416.43,1797241.35,9006857.28,8612737.77,394119.51,23413048.38,34302.21,205834.67,65743.84,22920703.28,156919.41,29544.97,432914.08,366031.71,12349.02,54533.35,800293.76,800293.76,4069536.43,3951.23,333945.7,473103.84,773539.29,250169.57,2188069.47,46757.33,2706641.71,925824.39,41392.8,45037.41,1043199.83,68422.48,582764.8,6863343.14,6863343.14,275189.17,275189.17,325656.07,317995.53,227.28,7433.26,113989.46,27389.6,0,0,86599.86,589127.14,247661.24,146518.75,194947.15,2900.93,2900.93,0,0,0,0,2204566643.71,2745116418,RO,Rondonia,North,TRUE,TRUE,202602,2026-02-01,confaz_boletim_tributos_estaduais,planilha1,confaz_boletim_tributos_estaduais_20260330.xls,20260330,mapped
12,MS,202602,2026,2,99420059.72,21359509.79,3135648.98,117101260.14,241016478.63,3789377.88,3115433.06,0,6904810.94,23492251.62,21644692.38,1720095.7,127463.54,5966507.87,0,0,2417953.22,2936788.57,611766.08,602197802.9,87004628.91,83008218.3,59993.18,3067280.29,2280306.71,1483632.55,1819843.54,10577942.85,228047.5,340849482.66,11955687.88,462063.45,7108406.7,10199101.41,5491503.91,7448234.77,375146.25,2803145.76,1580004.24,19456102.52,1090042.44,833234.12,1001676.12,2014076.84,161720902,161720902,1560684.12,618378.51,199786.58,738446.73,4072.3,1809038.22,251116.45,939756.55,618165.22,457755707.62,60671314.1,266310053.31,130774340.21,51807624.99,47800504.51,126965.41,32835.56,3209149.24,638170.27,5497105.94,5154081.3,343024.64,20217720.23,16139.42,33957.14,32782.08,19861227.24,242583.72,31030.63,619274.13,398095.07,0,221179.06,127735.27,127735.27,1759756.14,13709.9,4775.52,173871,10522.47,166303.06,1264837.98,125736.21,1540505.87,660618.99,5929.23,126485.52,154282.36,50297.09,542892.68,939731.71,939731.71,71626.3,71626.3,46238.02,45952.15,285.87,0,147248.56,14771.59,473,0,132003.97,561748.08,123810.63,292826.04,145111.41,42.28,42.28,0,0,40617469.72,40617469.72,1378456721.59,1619473200.2199998,AC,Acre,North,TRUE,TRUE,202602,2026-02-01,confaz_boletim_tributos_estaduais,planilha1,confaz_boletim_tributos_estaduais_20260330.xls,20260330,mapped
13,MG,202602,2026,2,4276903169.3,141054121.12,286013817.6,373275444.06,5077246552.08,61166100.37,20622926.46,1498827.76,83287854.59,42838097.73,29221090.29,13363084.57,253922.87,144337211.43,0,4547646.41,125536025.61,12492144.22,1761395.19,3083698700.03,296620837.53,239378070.77,117372668.76,10892731.94,19304142.24,9718133.22,9164527.59,33985608.85,3123644.21,1331995881.8,145998604.85,33789780.92,65800637.48,117105243.33,178304982.68,75491358.22,17880460.96,53169732.47,87941601.99,164416230.35,12902405.03,28491496.17,15223367.45,15626551.22,543169596.57,543169596.57,3734372.98,222484.69,65056.5,3446831.79,0,7210394.27,1245785.53,1662086.44,4302522.3,2329932385.3,165850280.62,1553508939.56,610573165.12,121839939.86,108117947.29,55534.68,52932.44,13443980.13,169545.32,60527468.39,58413961.38,2113507.01,173624708.73,644109.5,561874.95,638680.24,170069796.94,1204194.33,506052.77,6213555.3,5488794.19,117018.9,607742.21,284197.05,284197.05,28476392.45,3279.57,796855.97,1700391.68,355846.79,642956.75,24299619.61,677442.08,15268492.19,3112618.15,302387.96,131458.46,4519480.2,174629.07,7027918.35,5735.89,5735.89,1001414.93,1001414.93,572502.83,551250.41,5485.39,15767.03,4351017.42,3531000.7,55679.7,187.91,764149.11,2644477.61,675206.93,1373475.76,595794.92,2770.01,2770.01,0,0,177544962.07,177544962.07,6747278393.04,11824524945.119999,AM,Amazonas,North,TRUE,TRUE,202602,2026-02-01,confaz_boletim_tributos_estaduais,planilha1,confaz_boletim_tributos_estaduais_20260330.xls,20260330,mapped
14,PR,202602,2026,2,0,0,0,0,0,0,0,0,0,0,0,0,0,0,0,0,0,0,0,0,0,0,0,0,0,0,0,0,0,0,0,0,0,0,0,0,0,0,0,0,0,0,0,0,0,0,0,0,0,0,0,0,0,0,0,0,0,0,0,0,0,0,0,0,0,0,0,0,0,0,0,0,0,0,0,0,0,0,0,0,0,0,0,0,0,0,0,0,0,0,0,0,0,0,0,0,0,0,0,0,0,0,0,0,0,0,0,0,0,0,0,0,0,0,0,0,0,0,0,0,0,RR,Roraima,North,TRUE,TRUE,202602,2026-02-01,confaz_boletim_tributos_estaduais,planilha1,confaz_boletim_tributos_estaduais_20260330.xls,20260330,mapped
15,PB,202602,2026,2,81630639.48,5557361.94,2797913.56,5256227.66,95242142.64,7519861.5,1950455.82,0,9470317.32,2106665.19,1948393.73,106154.42,52117.04,4150717.99,838494.41,8616.42,18026.6,3274838.29,10742.27,194025384.81,20739088.07,46091622.93,1092.75,3335586.06,1896986.23,2694406.6,434667.41,1610780.44,566004.79,58475539.52,4755635.72,781288.84,5751675.88,15468917.9,976997.31,4074544.97,957916.46,744745.43,1179801.46,17963789.61,1850283.46,2572951.87,958338.72,142722.38,72904224.65,72904224.65,88429.78,67243.7,1,21185.08,0,371430.45,61245.2,84988.1,225197.15,602429428.51,32760880.93,354722254.5,214946293.08,16512580.56,15967850.95,13600.02,24053.44,472754.3,34321.85,9377284.53,9345482.44,31802.09,19164515.55,46453.83,6.23,23276.7,19081258.62,12848.88,671.29,38294.67,36355.29,0,1939.38,6906.47,6906.47,28971.96,202.05,1889.44,1332.55,0,18725.36,2325.61,4496.95,553524.34,89476.68,0,3905.85,422084.56,1784.97,36272.28,68.8,68.8,7099.97,7099.97,8409.33,8409.33,0,0,2439.39,813.9,0,0,1625.49,17216.51,213,13196.59,3806.92,0,0,0,0,0,0,921793593.4599998,1017035736.0999998,PA,Para,North,TRUE,TRUE,202602,2026-02-01,confaz_boletim_tributos_estaduais,planilha1,confaz_boletim_tributos_estaduais_20260330.xls,20260330,mapped
16,PA,202602,2026,2,97218375.91,5461927.71,253345575.5,377772645.5,733798524.62,19353343.64,3666394.7,25710.49,23045448.83,5141031.34,4563637.71,485746.64,91646.99,142392471.91,0,0,138477095.9,3249317.8,666058.21,515679349.3,47293340.57,128865494.6,185452.52,240039.09,670990.41,1944892.54,5918895.75,537399.15,424443.97,157561454.4,19581748.49,781521.28,9624982.89,23047095.48,23824138.7,6195410.07,1558584.15,5188803.75,41223764.87,30309014.6,5274990.93,2485390.2,504032.62,2437468.27,219576442.1,219576442.1,1863186.64,1364567.44,429.61,498189.59,0,3513391.86,467895.56,1621589.63,1423906.67,788278555.29,57617512.29,520195333,210465710,65546856.41,49267107.08,11106515.33,272813.7,4639975.9,260444.4,13875972.76,13187078.85,688893.91,38522163.05,14004.93,175141.57,89254.15,38041388.33,182619.75,19754.32,7526727.51,7524174.16,0,2553.35,99303.66,99303.66,4227052.94,9786.5,12982.65,1293476.26,253.88,38892.64,2790875.42,80785.59,4939445.92,594965.51,45972.85,37814.29,2109076.52,117316.59,2034300.16,378937.77,378937.77,56083.51,56083.51,100142.01,100070.95,71.06,0,407302.19,11140.55,0,0,396161.64,2042862.2,1564646.27,297293.52,180922.41,587.27,587.27,0,0,149577060.8,149577060.8,1963744926.4400003,2697543451.0600004,AP,Amapa,North,TRUE,TRUE,202602,2026-02-01,confaz_boletim_tributos_estaduais,planilha1,confaz_boletim_tributos_estaduais_20260330.xls,20260330,mapped
17,PE,202602,2026,2,565389509.33,17462893.57,7134594.81,25877138.55,615864136.26,11544297.03,5255789.5,896290.38,17696376.91,1605777.85,1423711.19,23347.39,158719.27,5253369.6,0,1532.02,21215.37,5230622.21,0,564674679.47,73853338.48,116374485.51,37612.77,3320463.81,6859585.8,845255.84,2278707.21,10978742.05,1317060.52,116459607.65,48441811.98,9860320.5,23730767.55,26589439.61,8806024.14,11266176.5,2773662.12,11331300.46,9071056.61,63431894.36,8428595.87,5062267.3,1828472.93,1728029.9,193558531.71,193558531.71,1518786.27,208179.07,9025.37,1301031.18,550.65,992801.78,42615.48,925540.21,24646.09,1132735494.81,84968872.98,689729300.25,358037321.58,54476671.83,47015455.83,1289413.06,493437.78,5568679.17,109685.99,24127169.09,22281102.09,1846067,40808960.95,82828.19,340769.78,184679.53,39302435.24,837235.4,61012.81,1267900.36,724404.12,13975.2,529521.04,74322.83,74322.83,5640123.69,1748.84,629282.33,58844.91,492803.24,189411.88,4193635.02,74397.47,2886993.26,1335931.01,84536.79,342545.41,983865.3,46707.84,93406.91,67255.08,67255.08,518664.96,518664.96,280981.92,279592.35,309.18,1080.39,382475.49,17807.19,9287.6,0,355380.7,1422184.13,304609.53,795737.59,321837.01,347.87,347.87,0,0,281067263.97,281067263.97,2313360756.92,2929224893.1800003,TO,Tocantins,North,TRUE,TRUE,202602,2026-02-01,confaz_boletim_tributos_estaduais,planilha1,confaz_boletim_tributos_estaduais_20260330.xls,20260330,mapped
18,PI,202602,2026,2,0,0,0,0,0,0,0,0,0,0,0,0,0,0,0,0,0,0,0,0,0,0,0,0,0,0,0,0,0,0,0,0,0,0,0,0,0,0,0,0,0,0,0,0,0,0,0,0,0,0,0,0,0,0,0,0,0,0,0,0,0,0,0,0,0,0,0,0,0,0,0,0,0,0,0,0,0,0,0,0,0,0,0,0,0,0,0,0,0,0,0,0,0,0,0,0,0,0,0,0,0,0,0,0,0,0,0,0,0,0,0,0,0,0,0,0,0,0,0,0,0,,,,,,202602,2026-02-01,confaz_boletim_tributos_estaduais,planilha1,confaz_boletim_tributos_estaduais_20260330.xls,20260330,unmapped
19,RJ,202602,2026,2,0,0,0,0,0,0,0,0,0,0,0,0,0,0,0,0,0,0,0,0,0,0,0,0,0,0,0,0,0,0,0,0,0,0,0,0,0,0,0,0,0,0,0,0,0,0,0,0,0,0,0,0,0,0,0,0,0,0,0,0,0,0,0,0,0,0,0,0,0,0,0,0,0,0,0,0,0,0,0,0,0,0,0,0,0,0,0,0,0,0,0,0,0,0,0,0,0,0,0,0,0,0,0,0,0,0,0,0,0,0,0,0,0,0,0,0,0,0,0,0,0,,,,,,202602,2026-02-01,confaz_boletim_tributos_estaduais,planilha1,confaz_boletim_tributos_estaduais_20260330.xls,20260330,unmapped
20,RN,202602,2026,2,28649671.96,2530285.62,0,0,31179957.58,0,0,0,0,3436645.87,2030076.78,20617.77,1385951.32,28645643.44,0,11334637.71,160165.59,16708657.85,442182.29,238811565.48,21661822.54,53649259.72,0,1189298.08,2752905.62,49248.78,346651.7,520867.82,351222.02,122324989,4168675.38,501082.44,4242402.59,8266437.47,867611.57,1745283.15,681288.79,3177733.44,952651.8,6284042.68,1453340.43,1590384.49,617585.33,1416780.64,81373852.06,81373852.06,346312.44,20879.66,2.81,325429.97,0,2341166.02,439826.52,1013218.17,888121.33,389075753.68,33412545.38,200471509.5,155191698.8,8859301.07,6915873.37,881595.03,30065.26,1015807.39,15960.02,13318851.36,11922005.24,1396846.12,13731711.55,13487.01,175814.93,13007.73,13178880.9,329086.72,21434.26,136806.79,134077.24,0,2729.55,42849.99,42849.99,6855335.33,5753.93,20246.87,4150817.9,1284.06,99774.16,2464232.47,113225.94,2092433.58,770783.22,9745.3,12229.24,360104.2,53724.56,885847.06,1346431.47,1346431.47,110267.07,110267.07,137244.34,124131.15,2573.66,10539.53,212560.65,51225.5,230.54,0,161104.61,627086.41,86578.25,387209.52,153298.64,180.4,180.4,0,0,38490946.08,38490946.08,829992945.0800002,861172902.6600002,,,,,,202602,2026-02-01,confaz_boletim_tributos_estaduais,planilha1,confaz_boletim_tributos_estaduais_20260330.xls,20260330,unmapped
21,RS,202602,2026,2,419849230.8,80561896.44,20915479.85,140170.81,521466777.9,83475073.66,14383205.04,1647118.35,99505397.05,19485874.8,16941226.14,2420006.84,124641.82,8958277.21,1026416.97,0,3441.75,7818253.47,110165.02,1907676058.75,206994122.9,254277229,682047.32,9963428.23,12737690.04,27871868.16,13308782.08,42874281.76,4684424.73,709495103.5,134785319.7,3150807.63,85500611.58,47879160.68,28109391.95,74985562.78,18565523.81,21285617.37,78098041.02,76946665.84,2744146.26,31748482.23,14342296.17,6645454.01,387638960.3,387638960.3,2340975.12,2092.53,180.34,2338702.25,0,3565489.51,513459.12,959919.64,2092110.75,1527223438.5,137457367.9,762329882.1,627436188.5,96252640.12,90308245.18,1959164.8,331337.99,3341396.64,312495.51,44035656.08,42636604.22,1399051.86,102719153.1,639724.99,386793.33,81201.1,100753513.1,366941.94,490978.64,34925.95,34247.7,0,678.25,9830.76,9830.76,4902801.36,1551.59,121610.86,520988.97,11894.82,73471.66,4036104.88,137178.58,3010459.75,537929.72,1309.01,157070.81,1576731.91,79422.42,657995.88,0,0,189926,189926,73382.92,64490.16,8811.3,81.46,699010.12,99932.89,10230.62,0,588846.61,1312658.81,420797.81,695192.55,196668.45,3984.82,3984.82,0,0,88932181.91,88932181.91,4199065685.89,4720532463.79,MA,Maranhao,Northeast,TRUE,TRUE,202602,2026-02-01,confaz_boletim_tributos_estaduais,planilha1,confaz_boletim_tributos_estaduais_20260330.xls,20260330,mapped
22,RO,202602,2026,2,55443424.4,4405125.17,551991.59,72118924.63,132519465.79,13903233.15,2434294.16,0,16337527.31,2456239.07,2409070.67,34908.19,12260.21,15164910.06,0,4599517.41,9698817.64,866575.01,0,118104430.45,23927076.53,34082683.67,0,27354.97,173148.03,1903801.51,442021.05,219473.52,62532.35,29674401.79,6376728.29,120598.38,1246594.81,5984864.14,1508549.3,1792640.23,221002.59,71681.67,150244.88,7261054.08,1293969.84,736960.32,635532.27,191516.23,65063049.74,65063049.74,111129.67,79934.9,28.07,29806.26,1360.44,1094509.38,222266.23,424576.54,447666.61,349816358.47,39157167.47,194344264,116314927,6824010.64,3437732.5,2719598.26,24569.42,639119.51,2990.95,2840360.1,2689809.83,150550.27,12342662.57,15558.03,268459.71,8321.72,11818226.16,19299.02,212797.93,397754.09,68771.47,109506.25,219476.37,14182.96,14182.96,684658.99,439.43,49058.45,73665.28,868.96,79489.3,453780,27357.57,1186798.27,85615.83,1927.67,13778.36,648888.3,49034.4,387553.71,0,0,69901.2,69901.2,69401.61,68431.28,970.33,0,104554.76,24910.25,0,0,79644.51,446279.61,157257.22,152177.48,136844.91,186.84,186.84,0,0,60883463.8,60883463.8,637674842.2800002,770194308.0700002,PI,Piaui,Northeast,TRUE,TRUE,202602,2026-02-01,confaz_boletim_tributos_estaduais,planilha1,confaz_boletim_tributos_estaduais_20260330.xls,20260330,mapped
23,RR,202602,2026,2,20892498.39,292415.24,78204.57,48639853.69,69902971.89,314325.13,0,0,314325.13,497260.36,469162.64,19025.72,9072,1106073.6,0,0,0,1106073.6,0,37368012.02,1520705.74,11522666.33,0,6680.47,35584.44,768.67,256564.72,15865.5,91097.44,16072149.92,789112.16,41498,476458.64,1312670.49,27383.78,68588.2,187482.59,7771.04,108559.65,4558117.37,117588.25,60198.4,41817.67,48682.55,17027711.18,17027711.18,14283.49,0,0,14283.49,0,603759.34,180636.75,165790.03,257332.56,82373004.05,4834764.64,43810646.31,33727593.1,839139.14,701355.57,0,38636.15,51865.39,47282.03,850880.31,819433.87,31446.44,4599484,6865.46,26257.27,0,4555627.13,9367.38,1366.76,264.97,264.97,0,0,4440.71,4440.71,212704.32,327.33,17522.78,45803.19,0,20350.38,121896.38,6804.26,927444.55,124268.09,2078.38,278.38,156215.47,22696.97,621907.26,371.84,371.84,4830.35,4830.35,13023.77,13021.77,2,0,62739.86,6337.85,0,0,56402.01,102323.21,38190.89,26749.19,37383.13,0,0,0,0,11285423.04,11285423.04,157893174.11000004,227796146.00000006,CE,Ceara,Northeast,TRUE,TRUE,202602,2026-02-01,confaz_boletim_tributos_estaduais,planilha1,confaz_boletim_tributos_estaduais_20260330.xls,20260330,mapped
24,SC,202602,2026,2,392900644.5,69908531.98,90600695.75,52083.51,553461955.74,51813876.87,2157237.53,3553262.28,57524376.68,10637157.5,4095001.33,6078773.79,463382.38,8973375.19,1612.38,131699.87,61168.02,8017287.6,761607.32,1443832545.69,104922259.8,282580683.8,12300942.61,52022423.8,46177405.05,2818961.41,15290526.64,38660668.04,5360776.33,450705720.4,50496531.88,3064004.24,66272615.45,41852585.41,15102926.75,43779529.17,8001502.18,32854816.9,60754015.23,66445002.88,14625935.5,13477132.24,10927018.3,5338561.68,326038110.5,326038110.5,3651844.59,50450.47,54355.45,3539294.08,7744.59,7139918.79,876784.52,1507135.1,4755999.17,1789886966.4,153970883.9,857723612.1,778192470.4,157681777.79,126437729.9,400294.1,685022.97,29821719.25,337011.57,56500988.47,54500441.77,2000546.7,89596117.87,3421631.6,614922.84,150740.11,83044780.9,2004852.63,359189.79,320132.98,271850.54,0,48282.44,842398.88,842398.88,19869212.48,375.19,5333676.53,1270108.44,18451.04,813350.61,12024210.44,409040.23,7622527.12,2217171.2,7947.81,146579.25,1508461.07,189382.61,3552985.18,2944006.34,2944006.34,505775.59,505775.59,332636.09,78769.14,1576.9,252290.05,4634213.89,97556.03,334598.53,16.8,4202042.53,2234110.39,109310.14,1266334.58,858465.67,3526.07,3526.07,0,0,56658774.24,56658774.24,3989906116.8599997,4543368072.599999,RN,Rio Grande do Norte,Northeast,TRUE,TRUE,202602,2026-02-01,confaz_boletim_tributos_estaduais,planilha1,confaz_boletim_tributos_estaduais_20260330.xls,20260330,mapped
25,SP,202602,2026,2,4905796900.11,492324689.86,824950809.39,0,6223072399.36,97451140.94,140951407.87,27547883.63,265950432.44,46983652.98,45269749.18,1617067.86,96835.94,45850913.11,0,6744150.28,506134.59,33408498.64,5192129.6,8157381370.47,687807124.03,541006783.66,10180011.2,67730707,57561652.03,12053636.77,17542006.9,295162501.5,32676916.53,1984605881.63,1082454076.58,271061692.62,499589452.76,234096953.28,165119547.17,258646666.45,181239272.38,254601886.09,352097148.16,908368985.13,47527820.22,43278880.73,110298360.9,42673406.75,1318385615.31,1318385615.31,21957538.89,7124248.15,170777,14527869.38,134644.36,27131327.12,3577009.82,7397704.86,16156612.44,7135477902.04,447754508.31,4447675520.75,2240047872.98,648292881.43,483765430.05,3063531.38,11703930.2,146756937.77,3003052.03,169299449.46,161203363.64,8096085.82,639913554,15567105.56,2561122.68,564511.8,546674098.62,22307787.18,52238928.16,15747713.7,14589002.14,468619.27,690092.29,930284.02,930284.02,98636492.21,8658.08,13091120.06,12094960.35,15230608.05,4491049.45,53491684.85,228411.37,100338433.22,13792077.88,989002.65,204130.03,9839757.64,2115191.42,73398273.6,417809.72,417809.72,1575286.11,1575286.11,10747309.26,9654232.49,11485.85,1081590.92,7016360.51,1490345.69,536614.82,2982.98,4986417.02,69005357.08,4078972.64,63154090.96,1772293.48,618.74,618.74,0,0,824991502.82,824991502.82,19340081372.200005,25563153771.560005,PB,Paraiba,Northeast,TRUE,TRUE,202602,2026-02-01,confaz_boletim_tributos_estaduais,planilha1,confaz_boletim_tributos_estaduais_20260330.xls,20260330,mapped
26,SE,202602,2026,2,0,0,0,0,0,0,0,0,0,0,0,0,0,0,0,0,0,0,0,0,0,0,0,0,0,0,0,0,0,0,0,0,0,0,0,0,0,0,0,0,0,0,0,0,0,0,0,0,0,0,0,0,0,0,0,0,0,0,0,0,0,0,0,0,0,0,0,0,0,0,0,0,0,0,0,0,0,0,0,0,0,0,0,0,0,0,0,0,0,0,0,0,0,0,0,0,0,0,0,0,0,0,0,0,0,0,0,0,0,0,0,0,0,0,0,0,0,0,0,0,0,PE,Pernambuco,Northeast,TRUE,TRUE,202602,2026-02-01,confaz_boletim_tributos_estaduais,planilha1,confaz_boletim_tributos_estaduais_20260330.xls,20260330,mapped
27,TO,202602,2026,2,26666396.9,5657199.25,3943486.2,607332.04,36874414.39,4106133.82,2431421.69,147579.34,6685134.85,6985527.1,5810256.25,1110619.59,64651.26,3201093.46,0,0,1925472.76,1275620.7,0,192601387.21,16882698.13,29761646.19,11173.14,27710.19,190704.71,467304.64,684067.35,79168.05,93232.26,113443097.05,5953778.95,72152.76,1135304.79,7909500.14,160510.64,1051051.04,223556.63,361083.93,943926.13,10992198.29,790333.86,476291.57,722759.59,168137.18,43559618.38,43559618.38,1181977.89,1156414.88,0,25563.01,0,215364.61,39327.15,48673.58,127363.88,166262055.23,19386732.89,92312278.37,54563043.97,7258256.29,6980217.6,11108.74,20841.89,229882.14,16205.92,2573870.64,2462349.84,111520.8,9608155.14,47369.3,151.21,4728.29,9521905.96,1376.52,32623.86,16344.27,16344.27,0,0,5922.9,5922.9,2806461.24,340.6,0,15905.65,1848634.52,6105.2,926589.31,8885.96,189106.3,35046.36,0,1054.6,116005.94,1242.45,35756.95,0,0,1476.93,1476.93,656.65,656.65,0,0,4487.52,0,0,0,4487.52,49379.3,3020.99,42519.03,3839.28,0,0,0,0,29240634.57,29240634.57,465761775.62999994,502636190.0199999,AL,Alagoas,Northeast,TRUE,TRUE,202602,2026-02-01,confaz_boletim_tributos_estaduais,planilha1,confaz_boletim_tributos_estaduais_20260330.xls,20260330,mapped
1,AC,202603,2026,3,0,0,0,0,0,0,0,0,0,0,0,0,0,0,0,0,0,0,0,0,0,0,0,0,0,0,0,0,0,0,0,0,0,0,0,0,0,0,0,0,0,0,0,0,0,0,0,0,0,0,0,0,0,0,0,0,0,0,0,0,0,0,0,0,0,0,0,0,0,0,0,0,0,0,0,0,0,0,0,0,0,0,0,0,0,0,0,0,0,0,0,0,0,0,0,0,0,0,0,0,0,0,0,0,0,0,0,0,0,0,0,0,0,0,0,0,0,0,0,0,0,,,,,,202603,2026-03-01,confaz_boletim_tributos_estaduais,planilha1,confaz_boletim_tributos_estaduais_20260330.xls,20260330,unmapped
2,AL,202603,2026,3,0,0,0,0,0,0,0,0,0,0,0,0,0,0,0,0,0,0,0,0,0,0,0,0,0,0,0,0,0,0,0,0,0,0,0,0,0,0,0,0,0,0,0,0,0,0,0,0,0,0,0,0,0,0,0,0,0,0,0,0,0,0,0,0,0,0,0,0,0,0,0,0,0,0,0,0,0,0,0,0,0,0,0,0,0,0,0,0,0,0,0,0,0,0,0,0,0,0,0,0,0,0,0,0,0,0,0,0,0,0,0,0,0,0,0,0,0,0,0,0,0,,,,,,202603,2026-03-01,confaz_boletim_tributos_estaduais,planilha1,confaz_boletim_tributos_estaduais_20260330.xls,20260330,unmapped
3,AP,202603,2026,3,0,0,0,0,0,0,0,0,0,0,0,0,0,0,0,0,0,0,0,0,0,0,0,0,0,0,0,0,0,0,0,0,0,0,0,0,0,0,0,0,0,0,0,0,0,0,0,0,0,0,0,0,0,0,0,0,0,0,0,0,0,0,0,0,0,0,0,0,0,0,0,0,0,0,0,0,0,0,0,0,0,0,0,0,0,0,0,0,0,0,0,0,0,0,0,0,0,0,0,0,0,0,0,0,0,0,0,0,0,0,0,0,0,0,0,0,0,0,0,0,0,,,,,,202603,2026-03-01,confaz_boletim_tributos_estaduais,planilha1,confaz_boletim_tributos_estaduais_20260330.xls,20260330,unmapped
4,AM,202603,2026,3,0,0,0,0,0,0,0,0,0,0,0,0,0,0,0,0,0,0,0,0,0,0,0,0,0,0,0,0,0,0,0,0,0,0,0,0,0,0,0,0,0,0,0,0,0,0,0,0,0,0,0,0,0,0,0,0,0,0,0,0,0,0,0,0,0,0,0,0,0,0,0,0,0,0,0,0,0,0,0,0,0,0,0,0,0,0,0,0,0,0,0,0,0,0,0,0,0,0,0,0,0,0,0,0,0,0,0,0,0,0,0,0,0,0,0,0,0,0,0,0,0,,,,,,202603,2026-03-01,confaz_boletim_tributos_estaduais,planilha1,confaz_boletim_tributos_estaduais_20260330.xls,20260330,unmapped
5,BA,202603,2026,3,0,0,0,0,0,0,0,0,0,0,0,0,0,0,0,0,0,0,0,0,0,0,0,0,0,0,0,0,0,0,0,0,0,0,0,0,0,0,0,0,0,0,0,0,0,0,0,0,0,0,0,0,0,0,0,0,0,0,0,0,0,0,0,0,0,0,0,0,0,0,0,0,0,0,0,0,0,0,0,0,0,0,0,0,0,0,0,0,0,0,0,0,0,0,0,0,0,0,0,0,0,0,0,0,0,0,0,0,0,0,0,0,0,0,0,0,0,0,0,0,0,,,,,,202603,2026-03-01,confaz_boletim_tributos_estaduais,planilha1,confaz_boletim_tributos_estaduais_20260330.xls,20260330,unmapped
6,CE,202603,2026,3,0,0,0,0,0,0,0,0,0,0,0,0,0,0,0,0,0,0,0,0,0,0,0,0,0,0,0,0,0,0,0,0,0,0,0,0,0,0,0,0,0,0,0,0,0,0,0,0,0,0,0,0,0,0,0,0,0,0,0,0,0,0,0,0,0,0,0,0,0,0,0,0,0,0,0,0,0,0,0,0,0,0,0,0,0,0,0,0,0,0,0,0,0,0,0,0,0,0,0,0,0,0,0,0,0,0,0,0,0,0,0,0,0,0,0,0,0,0,0,0,0,,,,,,202603,2026-03-01,confaz_boletim_tributos_estaduais,planilha1,confaz_boletim_tributos_estaduais_20260330.xls,20260330,unmapped
7,DF,202603,2026,3,0,0,0,0,0,0,0,0,0,0,0,0,0,0,0,0,0,0,0,0,0,0,0,0,0,0,0,0,0,0,0,0,0,0,0,0,0,0,0,0,0,0,0,0,0,0,0,0,0,0,0,0,0,0,0,0,0,0,0,0,0,0,0,0,0,0,0,0,0,0,0,0,0,0,0,0,0,0,0,0,0,0,0,0,0,0,0,0,0,0,0,0,0,0,0,0,0,0,0,0,0,0,0,0,0,0,0,0,0,0,0,0,0,0,0,0,0,0,0,0,0,,,,,,202603,2026-03-01,confaz_boletim_tributos_estaduais,planilha1,confaz_boletim_tributos_estaduais_20260330.xls,20260330,unmapped
8,ES,202603,2026,3,0,0,0,0,0,0,0,0,0,0,0,0,0,0,0,0,0,0,0,0,0,0,0,0,0,0,0,0,0,0,0,0,0,0,0,0,0,0,0,0,0,0,0,0,0,0,0,0,0,0,0,0,0,0,0,0,0,0,0,0,0,0,0,0,0,0,0,0,0,0,0,0,0,0,0,0,0,0,0,0,0,0,0,0,0,0,0,0,0,0,0,0,0,0,0,0,0,0,0,0,0,0,0,0,0,0,0,0,0,0,0,0,0,0,0,0,0,0,0,0,0,,,,,,202603,2026-03-01,confaz_boletim_tributos_estaduais,planilha1,confaz_boletim_tributos_estaduais_20260330.xls,20260330,unmapped
9,GO,202603,2026,3,0,0,0,0,0,0,0,0,0,0,0,0,0,0,0,0,0,0,0,0,0,0,0,0,0,0,0,0,0,0,0,0,0,0,0,0,0,0,0,0,0,0,0,0,0,0,0,0,0,0,0,0,0,0,0,0,0,0,0,0,0,0,0,0,0,0,0,0,0,0,0,0,0,0,0,0,0,0,0,0,0,0,0,0,0,0,0,0,0,0,0,0,0,0,0,0,0,0,0,0,0,0,0,0,0,0,0,0,0,0,0,0,0,0,0,0,0,0,0,0,0,,,,,,202603,2026-03-01,confaz_boletim_tributos_estaduais,planilha1,confaz_boletim_tributos_estaduais_20260330.xls,20260330,unmapped
10,MA,202603,2026,3,0,0,0,0,0,0,0,0,0,0,0,0,0,0,0,0,0,0,0,0,0,0,0,0,0,0,0,0,0,0,0,0,0,0,0,0,0,0,0,0,0,0,0,0,0,0,0,0,0,0,0,0,0,0,0,0,0,0,0,0,0,0,0,0,0,0,0,0,0,0,0,0,0,0,0,0,0,0,0,0,0,0,0,0,0,0,0,0,0,0,0,0,0,0,0,0,0,0,0,0,0,0,0,0,0,0,0,0,0,0,0,0,0,0,0,0,0,0,0,0,0,,,,,,202603,2026-03-01,confaz_boletim_tributos_estaduais,planilha1,confaz_boletim_tributos_estaduais_20260330.xls,20260330,unmapped
11,MT,202603,2026,3,0,0,0,0,0,0,0,0,0,0,0,0,0,0,0,0,0,0,0,0,0,0,0,0,0,0,0,0,0,0,0,0,0,0,0,0,0,0,0,0,0,0,0,0,0,0,0,0,0,0,0,0,0,0,0,0,0,0,0,0,0,0,0,0,0,0,0,0,0,0,0,0,0,0,0,0,0,0,0,0,0,0,0,0,0,0,0,0,0,0,0,0,0,0,0,0,0,0,0,0,0,0,0,0,0,0,0,0,0,0,0,0,0,0,0,0,0,0,0,0,0,RO,Rondonia,North,TRUE,TRUE,202603,2026-03-01,confaz_boletim_tributos_estaduais,planilha1,confaz_boletim_tributos_estaduais_20260330.xls,20260330,mapped
12,MS,202603,2026,3,0,0,0,0,0,0,0,0,0,0,0,0,0,0,0,0,0,0,0,0,0,0,0,0,0,0,0,0,0,0,0,0,0,0,0,0,0,0,0,0,0,0,0,0,0,0,0,0,0,0,0,0,0,0,0,0,0,0,0,0,0,0,0,0,0,0,0,0,0,0,0,0,0,0,0,0,0,0,0,0,0,0,0,0,0,0,0,0,0,0,0,0,0,0,0,0,0,0,0,0,0,0,0,0,0,0,0,0,0,0,0,0,0,0,0,0,0,0,0,0,0,AC,Acre,North,TRUE,TRUE,202603,2026-03-01,confaz_boletim_tributos_estaduais,planilha1,confaz_boletim_tributos_estaduais_20260330.xls,20260330,mapped
13,MG,202603,2026,3,0,0,0,0,0,0,0,0,0,0,0,0,0,0,0,0,0,0,0,0,0,0,0,0,0,0,0,0,0,0,0,0,0,0,0,0,0,0,0,0,0,0,0,0,0,0,0,0,0,0,0,0,0,0,0,0,0,0,0,0,0,0,0,0,0,0,0,0,0,0,0,0,0,0,0,0,0,0,0,0,0,0,0,0,0,0,0,0,0,0,0,0,0,0,0,0,0,0,0,0,0,0,0,0,0,0,0,0,0,0,0,0,0,0,0,0,0,0,0,0,0,AM,Amazonas,North,TRUE,TRUE,202603,2026-03-01,confaz_boletim_tributos_estaduais,planilha1,confaz_boletim_tributos_estaduais_20260330.xls,20260330,mapped
14,PR,202603,2026,3,0,0,0,0,0,0,0,0,0,0,0,0,0,0,0,0,0,0,0,0,0,0,0,0,0,0,0,0,0,0,0,0,0,0,0,0,0,0,0,0,0,0,0,0,0,0,0,0,0,0,0,0,0,0,0,0,0,0,0,0,0,0,0,0,0,0,0,0,0,0,0,0,0,0,0,0,0,0,0,0,0,0,0,0,0,0,0,0,0,0,0,0,0,0,0,0,0,0,0,0,0,0,0,0,0,0,0,0,0,0,0,0,0,0,0,0,0,0,0,0,0,RR,Roraima,North,TRUE,TRUE,202603,2026-03-01,confaz_boletim_tributos_estaduais,planilha1,confaz_boletim_tributos_estaduais_20260330.xls,20260330,mapped
15,PB,202603,2026,3,0,0,0,0,0,0,0,0,0,0,0,0,0,0,0,0,0,0,0,0,0,0,0,0,0,0,0,0,0,0,0,0,0,0,0,0,0,0,0,0,0,0,0,0,0,0,0,0,0,0,0,0,0,0,0,0,0,0,0,0,0,0,0,0,0,0,0,0,0,0,0,0,0,0,0,0,0,0,0,0,0,0,0,0,0,0,0,0,0,0,0,0,0,0,0,0,0,0,0,0,0,0,0,0,0,0,0,0,0,0,0,0,0,0,0,0,0,0,0,0,0,PA,Para,North,TRUE,TRUE,202603,2026-03-01,confaz_boletim_tributos_estaduais,planilha1,confaz_boletim_tributos_estaduais_20260330.xls,20260330,mapped
16,PA,202603,2026,3,0,0,0,0,0,0,0,0,0,0,0,0,0,0,0,0,0,0,0,0,0,0,0,0,0,0,0,0,0,0,0,0,0,0,0,0,0,0,0,0,0,0,0,0,0,0,0,0,0,0,0,0,0,0,0,0,0,0,0,0,0,0,0,0,0,0,0,0,0,0,0,0,0,0,0,0,0,0,0,0,0,0,0,0,0,0,0,0,0,0,0,0,0,0,0,0,0,0,0,0,0,0,0,0,0,0,0,0,0,0,0,0,0,0,0,0,0,0,0,0,0,AP,Amapa,North,TRUE,TRUE,202603,2026-03-01,confaz_boletim_tributos_estaduais,planilha1,confaz_boletim_tributos_estaduais_20260330.xls,20260330,mapped
17,PE,202603,2026,3,0,0,0,0,0,0,0,0,0,0,0,0,0,0,0,0,0,0,0,0,0,0,0,0,0,0,0,0,0,0,0,0,0,0,0,0,0,0,0,0,0,0,0,0,0,0,0,0,0,0,0,0,0,0,0,0,0,0,0,0,0,0,0,0,0,0,0,0,0,0,0,0,0,0,0,0,0,0,0,0,0,0,0,0,0,0,0,0,0,0,0,0,0,0,0,0,0,0,0,0,0,0,0,0,0,0,0,0,0,0,0,0,0,0,0,0,0,0,0,0,0,TO,Tocantins,North,TRUE,TRUE,202603,2026-03-01,confaz_boletim_tributos_estaduais,planilha1,confaz_boletim_tributos_estaduais_20260330.xls,20260330,mapped
18,PI,202603,2026,3,0,0,0,0,0,0,0,0,0,0,0,0,0,0,0,0,0,0,0,0,0,0,0,0,0,0,0,0,0,0,0,0,0,0,0,0,0,0,0,0,0,0,0,0,0,0,0,0,0,0,0,0,0,0,0,0,0,0,0,0,0,0,0,0,0,0,0,0,0,0,0,0,0,0,0,0,0,0,0,0,0,0,0,0,0,0,0,0,0,0,0,0,0,0,0,0,0,0,0,0,0,0,0,0,0,0,0,0,0,0,0,0,0,0,0,0,0,0,0,0,0,,,,,,202603,2026-03-01,confaz_boletim_tributos_estaduais,planilha1,confaz_boletim_tributos_estaduais_20260330.xls,20260330,unmapped
19,RJ,202603,2026,3,0,0,0,0,0,0,0,0,0,0,0,0,0,0,0,0,0,0,0,0,0,0,0,0,0,0,0,0,0,0,0,0,0,0,0,0,0,0,0,0,0,0,0,0,0,0,0,0,0,0,0,0,0,0,0,0,0,0,0,0,0,0,0,0,0,0,0,0,0,0,0,0,0,0,0,0,0,0,0,0,0,0,0,0,0,0,0,0,0,0,0,0,0,0,0,0,0,0,0,0,0,0,0,0,0,0,0,0,0,0,0,0,0,0,0,0,0,0,0,0,0,,,,,,202603,2026-03-01,confaz_boletim_tributos_estaduais,planilha1,confaz_boletim_tributos_estaduais_20260330.xls,20260330,unmapped
20,RN,202603,2026,3,0,0,0,0,0,0,0,0,0,0,0,0,0,0,0,0,0,0,0,0,0,0,0,0,0,0,0,0,0,0,0,0,0,0,0,0,0,0,0,0,0,0,0,0,0,0,0,0,0,0,0,0,0,0,0,0,0,0,0,0,0,0,0,0,0,0,0,0,0,0,0,0,0,0,0,0,0,0,0,0,0,0,0,0,0,0,0,0,0,0,0,0,0,0,0,0,0,0,0,0,0,0,0,0,0,0,0,0,0,0,0,0,0,0,0,0,0,0,0,0,0,,,,,,202603,2026-03-01,confaz_boletim_tributos_estaduais,planilha1,confaz_boletim_tributos_estaduais_20260330.xls,20260330,unmapped
21,RS,202603,2026,3,0,0,0,0,0,0,0,0,0,0,0,0,0,0,0,0,0,0,0,0,0,0,0,0,0,0,0,0,0,0,0,0,0,0,0,0,0,0,0,0,0,0,0,0,0,0,0,0,0,0,0,0,0,0,0,0,0,0,0,0,0,0,0,0,0,0,0,0,0,0,0,0,0,0,0,0,0,0,0,0,0,0,0,0,0,0,0,0,0,0,0,0,0,0,0,0,0,0,0,0,0,0,0,0,0,0,0,0,0,0,0,0,0,0,0,0,0,0,0,0,0,MA,Maranhao,Northeast,TRUE,TRUE,202603,2026-03-01,confaz_boletim_tributos_estaduais,planilha1,confaz_boletim_tributos_estaduais_20260330.xls,20260330,mapped
22,RO,202603,2026,3,0,0,0,0,0,0,0,0,0,0,0,0,0,0,0,0,0,0,0,0,0,0,0,0,0,0,0,0,0,0,0,0,0,0,0,0,0,0,0,0,0,0,0,0,0,0,0,0,0,0,0,0,0,0,0,0,0,0,0,0,0,0,0,0,0,0,0,0,0,0,0,0,0,0,0,0,0,0,0,0,0,0,0,0,0,0,0,0,0,0,0,0,0,0,0,0,0,0,0,0,0,0,0,0,0,0,0,0,0,0,0,0,0,0,0,0,0,0,0,0,0,PI,Piaui,Northeast,TRUE,TRUE,202603,2026-03-01,confaz_boletim_tributos_estaduais,planilha1,confaz_boletim_tributos_estaduais_20260330.xls,20260330,mapped
23,RR,202603,2026,3,0,0,0,0,0,0,0,0,0,0,0,0,0,0,0,0,0,0,0,0,0,0,0,0,0,0,0,0,0,0,0,0,0,0,0,0,0,0,0,0,0,0,0,0,0,0,0,0,0,0,0,0,0,0,0,0,0,0,0,0,0,0,0,0,0,0,0,0,0,0,0,0,0,0,0,0,0,0,0,0,0,0,0,0,0,0,0,0,0,0,0,0,0,0,0,0,0,0,0,0,0,0,0,0,0,0,0,0,0,0,0,0,0,0,0,0,0,0,0,0,0,CE,Ceara,Northeast,TRUE,TRUE,202603,2026-03-01,confaz_boletim_tributos_estaduais,planilha1,confaz_boletim_tributos_estaduais_20260330.xls,20260330,mapped
24,SC,202603,2026,3,0,0,0,0,0,0,0,0,0,0,0,0,0,0,0,0,0,0,0,0,0,0,0,0,0,0,0,0,0,0,0,0,0,0,0,0,0,0,0,0,0,0,0,0,0,0,0,0,0,0,0,0,0,0,0,0,0,0,0,0,0,0,0,0,0,0,0,0,0,0,0,0,0,0,0,0,0,0,0,0,0,0,0,0,0,0,0,0,0,0,0,0,0,0,0,0,0,0,0,0,0,0,0,0,0,0,0,0,0,0,0,0,0,0,0,0,0,0,0,0,0,RN,Rio Grande do Norte,Northeast,TRUE,TRUE,202603,2026-03-01,confaz_boletim_tributos_estaduais,planilha1,confaz_boletim_tributos_estaduais_20260330.xls,20260330,mapped
25,SP,202603,2026,3,0,0,0,0,0,0,0,0,0,0,0,0,0,0,0,0,0,0,0,0,0,0,0,0,0,0,0,0,0,0,0,0,0,0,0,0,0,0,0,0,0,0,0,0,0,0,0,0,0,0,0,0,0,0,0,0,0,0,0,0,0,0,0,0,0,0,0,0,0,0,0,0,0,0,0,0,0,0,0,0,0,0,0,0,0,0,0,0,0,0,0,0,0,0,0,0,0,0,0,0,0,0,0,0,0,0,0,0,0,0,0,0,0,0,0,0,0,0,0,0,0,PB,Paraiba,Northeast,TRUE,TRUE,202603,2026-03-01,confaz_boletim_tributos_estaduais,planilha1,confaz_boletim_tributos_estaduais_20260330.xls,20260330,mapped
26,SE,202603,2026,3,0,0,0,0,0,0,0,0,0,0,0,0,0,0,0,0,0,0,0,0,0,0,0,0,0,0,0,0,0,0,0,0,0,0,0,0,0,0,0,0,0,0,0,0,0,0,0,0,0,0,0,0,0,0,0,0,0,0,0,0,0,0,0,0,0,0,0,0,0,0,0,0,0,0,0,0,0,0,0,0,0,0,0,0,0,0,0,0,0,0,0,0,0,0,0,0,0,0,0,0,0,0,0,0,0,0,0,0,0,0,0,0,0,0,0,0,0,0,0,0,0,PE,Pernambuco,Northeast,TRUE,TRUE,202603,2026-03-01,confaz_boletim_tributos_estaduais,planilha1,confaz_boletim_tributos_estaduais_20260330.xls,20260330,mapped
27,TO,202603,2026,3,0,0,0,0,0,0,0,0,0,0,0,0,0,0,0,0,0,0,0,0,0,0,0,0,0,0,0,0,0,0,0,0,0,0,0,0,0,0,0,0,0,0,0,0,0,0,0,0,0,0,0,0,0,0,0,0,0,0,0,0,0,0,0,0,0,0,0,0,0,0,0,0,0,0,0,0,0,0,0,0,0,0,0,0,0,0,0,0,0,0,0,0,0,0,0,0,0,0,0,0,0,0,0,0,0,0,0,0,0,0,0,0,0,0,0,0,0,0,0,0,0,AL,Alagoas,Northeast,TRUE,TRUE,202603,2026-03-01,confaz_boletim_tributos_estaduais,planilha1,confaz_boletim_tributos_estaduais_20260330.xls,20260330,mapped
