competencia,period_date,year,month,uf,unidade_da_federacao,retail_nominal_revenue_index,retail_volume_index,state_abbrev,state_name,macroregion,is_identified_uf,include_in_panel,uf_mapping_status
200001,2000-01-01,2000,1,11,Rondônia,8.52729,24.71823,RO,Rondonia,North,TRUE,TRUE,mapped
200001,2000-01-01,2000,1,12,Acre,7.0708,23.6809,AC,Acre,North,TRUE,TRUE,mapped
200001,2000-01-01,2000,1,13,Amazonas,10.58783,36.56544,AM,Amazonas,North,TRUE,TRUE,mapped
200001,2000-01-01,2000,1,14,Roraima,6.77938,24.16137,RR,Roraima,North,TRUE,TRUE,mapped
200001,2000-01-01,2000,1,15,Pará,9.44517,34.09616,PA,Para,North,TRUE,TRUE,mapped
200001,2000-01-01,2000,1,16,Amapá,10.34408,33.63412,AP,Amapa,North,TRUE,TRUE,mapped
200001,2000-01-01,2000,1,17,Tocantins,6.2329,22.7378,TO,Tocantins,North,TRUE,TRUE,mapped
200001,2000-01-01,2000,1,21,Maranhão,7.12156,27.99693,MA,Maranhao,Northeast,TRUE,TRUE,mapped
200001,2000-01-01,2000,1,22,Piauí,13.31053,48.7104,PI,Piaui,Northeast,TRUE,TRUE,mapped
200001,2000-01-01,2000,1,23,Ceará,12.5344,44.81854,CE,Ceara,Northeast,TRUE,TRUE,mapped
200001,2000-01-01,2000,1,24,Rio Grande do Norte,11.36791,42.11225,RN,Rio Grande do Norte,Northeast,TRUE,TRUE,mapped
200001,2000-01-01,2000,1,25,Paraíba,10.06517,36.08676,PB,Paraiba,Northeast,TRUE,TRUE,mapped
200001,2000-01-01,2000,1,26,Pernambuco,14.77174,54.55396,PE,Pernambuco,Northeast,TRUE,TRUE,mapped
200001,2000-01-01,2000,1,27,Alagoas,10.53088,39.06785,AL,Alagoas,Northeast,TRUE,TRUE,mapped
200001,2000-01-01,2000,1,28,Sergipe,14.28226,57.57296,SE,Sergipe,Northeast,TRUE,TRUE,mapped
200001,2000-01-01,2000,1,29,Bahia,16.57254,59.30059,BA,Bahia,Northeast,TRUE,TRUE,mapped
200001,2000-01-01,2000,1,31,Minas Gerais,10.77342,40.5884,MG,Minas Gerais,Southeast,TRUE,TRUE,mapped
200001,2000-01-01,2000,1,32,Espírito Santo,11.09945,41.99767,ES,Espirito Santo,Southeast,TRUE,TRUE,mapped
200001,2000-01-01,2000,1,33,Rio de Janeiro,16.20086,58.21491,RJ,Rio de Janeiro,Southeast,TRUE,TRUE,mapped
200001,2000-01-01,2000,1,35,São Paulo,12.46119,45.04494,SP,Sao Paulo,Southeast,TRUE,TRUE,mapped
200001,2000-01-01,2000,1,41,Paraná,12.45272,49.20716,PR,Parana,South,TRUE,TRUE,mapped
200001,2000-01-01,2000,1,42,Santa Catarina,9.03234,35.7592,SC,Santa Catarina,South,TRUE,TRUE,mapped
200001,2000-01-01,2000,1,43,Rio Grande do Sul,13.60326,52.3537,RS,Rio Grande do Sul,South,TRUE,TRUE,mapped
200001,2000-01-01,2000,1,50,Mato Grosso do Sul,8.08726,31.96342,MS,Mato Grosso do Sul,Center-West,TRUE,TRUE,mapped
200001,2000-01-01,2000,1,51,Mato Grosso,11.14692,42.05889,MT,Mato Grosso,Center-West,TRUE,TRUE,mapped
200001,2000-01-01,2000,1,52,Goiás,16.08565,59.05974,GO,Goias,Center-West,TRUE,TRUE,mapped
200001,2000-01-01,2000,1,53,Distrito Federal,21.14055,74.38411,DF,Distrito Federal,Center-West,TRUE,TRUE,mapped
200002,2000-02-01,2000,2,11,Rondônia,8.95366,26.02348,RO,Rondonia,North,TRUE,TRUE,mapped
200002,2000-02-01,2000,2,12,Acre,7.03339,23.4889,AC,Acre,North,TRUE,TRUE,mapped
200002,2000-02-01,2000,2,13,Amazonas,11.29056,38.92995,AM,Amazonas,North,TRUE,TRUE,mapped
200002,2000-02-01,2000,2,14,Roraima,7.02442,24.83252,RR,Roraima,North,TRUE,TRUE,mapped
200002,2000-02-01,2000,2,15,Pará,9.20504,33.13257,PA,Para,North,TRUE,TRUE,mapped
200002,2000-02-01,2000,2,16,Amapá,10.25567,33.32197,AP,Amapa,North,TRUE,TRUE,mapped
200002,2000-02-01,2000,2,17,Tocantins,5.67473,21.10755,TO,Tocantins,North,TRUE,TRUE,mapped
200002,2000-02-01,2000,2,21,Maranhão,6.79118,26.9461,MA,Maranhao,Northeast,TRUE,TRUE,mapped
200002,2000-02-01,2000,2,22,Piauí,12.28664,45.30157,PI,Piaui,Northeast,TRUE,TRUE,mapped
200002,2000-02-01,2000,2,23,Ceará,11.64262,42.13539,CE,Ceara,Northeast,TRUE,TRUE,mapped
200002,2000-02-01,2000,2,24,Rio Grande do Norte,10.9373,41.03014,RN,Rio Grande do Norte,Northeast,TRUE,TRUE,mapped
200002,2000-02-01,2000,2,25,Paraíba,9.44441,33.89458,PB,Paraiba,Northeast,TRUE,TRUE,mapped
200002,2000-02-01,2000,2,26,Pernambuco,14.37519,52.99528,PE,Pernambuco,Northeast,TRUE,TRUE,mapped
200002,2000-02-01,2000,2,27,Alagoas,10.22115,37.9291,AL,Alagoas,Northeast,TRUE,TRUE,mapped
200002,2000-02-01,2000,2,28,Sergipe,13.26614,53.59435,SE,Sergipe,Northeast,TRUE,TRUE,mapped
200002,2000-02-01,2000,2,29,Bahia,16.34474,59.07597,BA,Bahia,Northeast,TRUE,TRUE,mapped
200002,2000-02-01,2000,2,31,Minas Gerais,10.81438,40.9951,MG,Minas Gerais,Southeast,TRUE,TRUE,mapped
200002,2000-02-01,2000,2,32,Espírito Santo,11.1855,41.91516,ES,Espirito Santo,Southeast,TRUE,TRUE,mapped
200002,2000-02-01,2000,2,33,Rio de Janeiro,16.35764,58.62779,RJ,Rio de Janeiro,Southeast,TRUE,TRUE,mapped
200002,2000-02-01,2000,2,35,São Paulo,12.7589,46.16033,SP,Sao Paulo,Southeast,TRUE,TRUE,mapped
200002,2000-02-01,2000,2,41,Paraná,12.74524,50.23768,PR,Parana,South,TRUE,TRUE,mapped
200002,2000-02-01,2000,2,42,Santa Catarina,9.09827,35.96315,SC,Santa Catarina,South,TRUE,TRUE,mapped
200002,2000-02-01,2000,2,43,Rio Grande do Sul,13.60326,51.88275,RS,Rio Grande do Sul,South,TRUE,TRUE,mapped
200002,2000-02-01,2000,2,50,Mato Grosso do Sul,8.05285,32.29988,MS,Mato Grosso do Sul,Center-West,TRUE,TRUE,mapped
200002,2000-02-01,2000,2,51,Mato Grosso,11.93069,45.94252,MT,Mato Grosso,Center-West,TRUE,TRUE,mapped
200002,2000-02-01,2000,2,52,Goiás,15.64581,57.86661,GO,Goias,Center-West,TRUE,TRUE,mapped
200002,2000-02-01,2000,2,53,Distrito Federal,21.41245,75.79728,DF,Distrito Federal,Center-West,TRUE,TRUE,mapped
200003,2000-03-01,2000,3,11,Rondônia,9.06025,26.26821,RO,Rondonia,North,TRUE,TRUE,mapped
200003,2000-03-01,2000,3,12,Acre,7.59457,25.34497,AC,Acre,North,TRUE,TRUE,mapped
200003,2000-03-01,2000,3,13,Amazonas,11.38426,39.09884,AM,Amazonas,North,TRUE,TRUE,mapped
200003,2000-03-01,2000,3,14,Roraima,8.22238,28.4464,RR,Roraima,North,TRUE,TRUE,mapped
200003,2000-03-01,2000,3,15,Pará,9.44517,33.94791,PA,Para,North,TRUE,TRUE,mapped
200003,2000-03-01,2000,3,16,Amapá,10.34408,33.40001,AP,Amapa,North,TRUE,TRUE,mapped
200003,2000-03-01,2000,3,17,Tocantins,6.00033,22.13718,TO,Tocantins,North,TRUE,TRUE,mapped
200003,2000-03-01,2000,3,21,Maranhão,6.64434,26.0454,MA,Maranhao,Northeast,TRUE,TRUE,mapped
200003,2000-03-01,2000,3,22,Piauí,10.23887,37.49714,PI,Piaui,Northeast,TRUE,TRUE,mapped
200003,2000-03-01,2000,3,23,Ceará,11.44445,40.94288,CE,Ceara,Northeast,TRUE,TRUE,mapped
200003,2000-03-01,2000,3,24,Rio Grande do Norte,11.28178,41.84172,RN,Rio Grande do Norte,Northeast,TRUE,TRUE,mapped
200003,2000-03-01,2000,3,25,Paraíba,8.86799,31.78671,PB,Paraiba,Northeast,TRUE,TRUE,mapped
200003,2000-03-01,2000,3,26,Pernambuco,14.12734,52.21593,PE,Pernambuco,Northeast,TRUE,TRUE,mapped
200003,2000-03-01,2000,3,27,Alagoas,10.1769,37.75391,AL,Alagoas,Northeast,TRUE,TRUE,mapped
200003,2000-03-01,2000,3,28,Sergipe,13.71775,55.46664,SE,Sergipe,Northeast,TRUE,TRUE,mapped
200003,2000-03-01,2000,3,29,Bahia,16.91424,60.08677,BA,Bahia,Northeast,TRUE,TRUE,mapped
200003,2000-03-01,2000,3,31,Minas Gerais,11.18305,42.13385,MG,Minas Gerais,Southeast,TRUE,TRUE,mapped
200003,2000-03-01,2000,3,32,Espírito Santo,11.27154,42.41022,ES,Espirito Santo,Southeast,TRUE,TRUE,mapped
200003,2000-03-01,2000,3,33,Rio de Janeiro,16.46217,59.04066,RJ,Rio de Janeiro,Southeast,TRUE,TRUE,mapped
200003,2000-03-01,2000,3,35,São Paulo,13.4819,48.73433,SP,Sao Paulo,Southeast,TRUE,TRUE,mapped
200003,2000-03-01,2000,3,41,Paraná,13.58099,53.24335,PR,Parana,South,TRUE,TRUE,mapped
200003,2000-03-01,2000,3,42,Santa Catarina,9.26309,36.575,SC,Santa Catarina,South,TRUE,TRUE,mapped
200003,2000-03-01,2000,3,43,Rio Grande do Sul,14.94443,56.51374,RS,Rio Grande do Sul,South,TRUE,TRUE,mapped
200003,2000-03-01,2000,3,50,Mato Grosso do Sul,8.87878,35.59716,MS,Mato Grosso do Sul,Center-West,TRUE,TRUE,mapped
200003,2000-03-01,2000,3,51,Mato Grosso,12.67092,48.3388,MT,Mato Grosso,Center-West,TRUE,TRUE,mapped
200003,2000-03-01,2000,3,52,Goiás,17.34234,63.95155,GO,Goias,Center-West,TRUE,TRUE,mapped
200003,2000-03-01,2000,3,53,Distrito Federal,22.43209,78.88056,DF,Distrito Federal,Center-West,TRUE,TRUE,mapped
200004,2000-04-01,2000,4,11,Rondônia,9.27343,26.83926,RO,Rondonia,North,TRUE,TRUE,mapped
200004,2000-04-01,2000,4,12,Acre,8.19315,27.32904,AC,Acre,North,TRUE,TRUE,mapped
200004,2000-04-01,2000,4,13,Amazonas,11.19686,38.16993,AM,Amazonas,North,TRUE,TRUE,mapped
200004,2000-04-01,2000,4,14,Roraima,6.45267,22.14792,RR,Roraima,North,TRUE,TRUE,mapped
200004,2000-04-01,2000,4,15,Pará,10.0455,35.87509,PA,Para,North,TRUE,TRUE,mapped
200004,2000-04-01,2000,4,16,Amapá,11.18398,35.97524,AP,Amapa,North,TRUE,TRUE,mapped
200004,2000-04-01,2000,4,17,Tocantins,6.27941,22.99521,TO,Tocantins,North,TRUE,TRUE,mapped
200004,2000-04-01,2000,4,21,Maranhão,6.42409,25.36987,MA,Maranhao,Northeast,TRUE,TRUE,mapped
200004,2000-04-01,2000,4,22,Piauí,9.66015,35.61331,PI,Piaui,Northeast,TRUE,TRUE,mapped
200004,2000-04-01,2000,4,23,Ceará,11.79125,42.33414,CE,Ceara,Northeast,TRUE,TRUE,mapped
200004,2000-04-01,2000,4,24,Rio Grande do Norte,10.9373,40.57926,RN,Rio Grande do Norte,Northeast,TRUE,TRUE,mapped
200004,2000-04-01,2000,4,25,Paraíba,9.22271,32.96711,PB,Paraiba,Northeast,TRUE,TRUE,mapped
200004,2000-04-01,2000,4,26,Pernambuco,14.07777,52.11852,PE,Pernambuco,Northeast,TRUE,TRUE,mapped
200004,2000-04-01,2000,4,27,Alagoas,10.30964,38.19189,AL,Alagoas,Northeast,TRUE,TRUE,mapped
200004,2000-04-01,2000,4,28,Sergipe,14.16936,57.33893,SE,Sergipe,Northeast,TRUE,TRUE,mapped
200004,2000-04-01,2000,4,29,Bahia,16.80034,60.08677,BA,Bahia,Northeast,TRUE,TRUE,mapped
200004,2000-04-01,2000,4,31,Minas Gerais,11.34691,42.94724,MG,Minas Gerais,Southeast,TRUE,TRUE,mapped
200004,2000-04-01,2000,4,32,Espírito Santo,10.97039,41.33759,ES,Espirito Santo,Southeast,TRUE,TRUE,mapped
200004,2000-04-01,2000,4,33,Rio de Janeiro,17.71643,63.47903,RJ,Rio de Janeiro,Southeast,TRUE,TRUE,mapped
200004,2000-04-01,2000,4,35,São Paulo,13.18419,47.61893,SP,Sao Paulo,Southeast,TRUE,TRUE,mapped
200004,2000-04-01,2000,4,41,Paraná,13.74814,54.35975,PR,Parana,South,TRUE,TRUE,mapped
200004,2000-04-01,2000,4,42,Santa Catarina,9.16419,36.43903,SC,Santa Catarina,South,TRUE,TRUE,mapped
200004,2000-04-01,2000,4,43,Rio Grande do Sul,15.09771,56.90619,RS,Rio Grande do Sul,South,TRUE,TRUE,mapped
200004,2000-04-01,2000,4,50,Mato Grosso do Sul,9.22292,36.74111,MS,Mato Grosso do Sul,Center-West,TRUE,TRUE,mapped
200004,2000-04-01,2000,4,51,Mato Grosso,12.40966,47.34724,MT,Mato Grosso,Center-West,TRUE,TRUE,mapped
200004,2000-04-01,2000,4,52,Goiás,17.53085,64.66743,GO,Goias,Center-West,TRUE,TRUE,mapped
200004,2000-04-01,2000,4,53,Distrito Federal,22.704,79.90832,DF,Distrito Federal,Center-West,TRUE,TRUE,mapped
200005,2000-05-01,2000,5,11,Rondônia,9.27343,26.75768,RO,Rondonia,North,TRUE,TRUE,mapped
200005,2000-05-01,2000,5,12,Acre,7.7068,25.72898,AC,Acre,North,TRUE,TRUE,mapped
200005,2000-05-01,2000,5,13,Amazonas,12.69602,43.32118,AM,Amazonas,North,TRUE,TRUE,mapped
200005,2000-05-01,2000,5,14,Roraima,7.32391,25.14228,RR,Roraima,North,TRUE,TRUE,mapped
200005,2000-05-01,2000,5,15,Pará,10.60581,37.80226,PA,Para,North,TRUE,TRUE,mapped
200005,2000-05-01,2000,5,16,Amapá,12.20071,39.33085,AP,Amapa,North,TRUE,TRUE,mapped
200005,2000-05-01,2000,5,17,Tocantins,6.5585,24.62547,TO,Tocantins,North,TRUE,TRUE,mapped
200005,2000-05-01,2000,5,21,Maranhão,7.04814,27.77175,MA,Maranhao,Northeast,TRUE,TRUE,mapped
200005,2000-05-01,2000,5,22,Piauí,10.81759,39.9192,PI,Piaui,Northeast,TRUE,TRUE,mapped
200005,2000-05-01,2000,5,23,Ceará,12.8812,46.2098,CE,Ceara,Northeast,TRUE,TRUE,mapped
200005,2000-05-01,2000,5,24,Rio Grande do Norte,11.45403,42.56313,RN,Rio Grande do Norte,Northeast,TRUE,TRUE,mapped
200005,2000-05-01,2000,5,25,Paraíba,10.06517,36.25539,PB,Paraiba,Northeast,TRUE,TRUE,mapped
200005,2000-05-01,2000,5,26,Pernambuco,14.97002,55.62556,PE,Pernambuco,Northeast,TRUE,TRUE,mapped
200005,2000-05-01,2000,5,27,Alagoas,11.19459,41.69573,AL,Alagoas,Northeast,TRUE,TRUE,mapped
200005,2000-05-01,2000,5,28,Sergipe,14.56452,59.21122,SE,Sergipe,Northeast,TRUE,TRUE,mapped
200005,2000-05-01,2000,5,29,Bahia,17.25594,61.65914,BA,Bahia,Northeast,TRUE,TRUE,mapped
200005,2000-05-01,2000,5,31,Minas Gerais,11.59269,43.59796,MG,Minas Gerais,Southeast,TRUE,TRUE,mapped
200005,2000-05-01,2000,5,32,Espírito Santo,11.1855,42.49273,ES,Espirito Santo,Southeast,TRUE,TRUE,mapped
200005,2000-05-01,2000,5,33,Rio de Janeiro,18.2913,66.26591,RJ,Rio de Janeiro,Southeast,TRUE,TRUE,mapped
200005,2000-05-01,2000,5,35,São Paulo,13.77961,49.76393,SP,Sao Paulo,Southeast,TRUE,TRUE,mapped
200005,2000-05-01,2000,5,41,Paraná,13.83171,54.44562,PR,Parana,South,TRUE,TRUE,mapped
200005,2000-05-01,2000,5,42,Santa Catarina,9.29605,36.91491,SC,Santa Catarina,South,TRUE,TRUE,mapped
200005,2000-05-01,2000,5,43,Rio Grande do Sul,15.63417,59.02546,RS,Rio Grande do Sul,South,TRUE,TRUE,mapped
200005,2000-05-01,2000,5,50,Mato Grosso do Sul,9.29175,37.81777,MS,Mato Grosso do Sul,Center-West,TRUE,TRUE,mapped
200005,2000-05-01,2000,5,51,Mato Grosso,13.01926,50.90034,MT,Mato Grosso,Center-West,TRUE,TRUE,mapped
200005,2000-05-01,2000,5,52,Goiás,18.47337,68.84337,GO,Goias,Center-West,TRUE,TRUE,mapped
200005,2000-05-01,2000,5,53,Distrito Federal,23.51971,82.34925,DF,Distrito Federal,Center-West,TRUE,TRUE,mapped
200006,2000-06-01,2000,6,11,Rondônia,8.95366,25.9419,RO,Rondonia,North,TRUE,TRUE,mapped
200006,2000-06-01,2000,6,12,Acre,8.45503,28.35308,AC,Acre,North,TRUE,TRUE,mapped
200006,2000-06-01,2000,6,13,Amazonas,12.36808,42.47671,AM,Amazonas,North,TRUE,TRUE,mapped
200006,2000-06-01,2000,6,14,Roraima,7.18778,24.78089,RR,Roraima,North,TRUE,TRUE,mapped
200006,2000-06-01,2000,6,15,Pará,10.20559,36.39394,PA,Para,North,TRUE,TRUE,mapped
200006,2000-06-01,2000,6,16,Amapá,12.37753,40.2673,AP,Amapa,North,TRUE,TRUE,mapped
200006,2000-06-01,2000,6,17,Tocantins,5.53518,20.42112,TO,Tocantins,North,TRUE,TRUE,mapped
200006,2000-06-01,2000,6,21,Maranhão,6.93802,27.39646,MA,Maranhao,Northeast,TRUE,TRUE,mapped
200006,2000-06-01,2000,6,22,Piauí,10.46145,38.57361,PI,Piaui,Northeast,TRUE,TRUE,mapped
200006,2000-06-01,2000,6,23,Ceará,12.33622,44.12291,CE,Ceara,Northeast,TRUE,TRUE,mapped
200006,2000-06-01,2000,6,24,Rio Grande do Norte,11.45403,42.56313,RN,Rio Grande do Norte,Northeast,TRUE,TRUE,mapped
200006,2000-06-01,2000,6,25,Paraíba,10.37555,36.92991,PB,Paraiba,Northeast,TRUE,TRUE,mapped
200006,2000-06-01,2000,6,26,Pernambuco,15.06916,55.62556,PE,Pernambuco,Northeast,TRUE,TRUE,mapped
200006,2000-06-01,2000,6,27,Alagoas,11.46008,42.3089,AL,Alagoas,Northeast,TRUE,TRUE,mapped
200006,2000-06-01,2000,6,28,Sergipe,14.33872,57.92402,SE,Sergipe,Northeast,TRUE,TRUE,mapped
200006,2000-06-01,2000,6,29,Bahia,17.82544,63.79306,BA,Bahia,Northeast,TRUE,TRUE,mapped
200006,2000-06-01,2000,6,31,Minas Gerais,11.26498,42.62189,MG,Minas Gerais,Southeast,TRUE,TRUE,mapped
200006,2000-06-01,2000,6,32,Espírito Santo,11.1855,42.49273,ES,Espirito Santo,Southeast,TRUE,TRUE,mapped
200006,2000-06-01,2000,6,33,Rio de Janeiro,17.66417,63.8919,RJ,Rio de Janeiro,Southeast,TRUE,TRUE,mapped
200006,2000-06-01,2000,6,35,São Paulo,12.80143,45.98873,SP,Sao Paulo,Southeast,TRUE,TRUE,mapped
200006,2000-06-01,2000,6,41,Paraná,13.24669,52.47047,PR,Parana,South,TRUE,TRUE,mapped
200006,2000-06-01,2000,6,42,Santa Catarina,8.93344,35.55525,SC,Santa Catarina,South,TRUE,TRUE,mapped
200006,2000-06-01,2000,6,43,Rio Grande do Sul,14.71452,55.41486,RS,Rio Grande do Sul,South,TRUE,TRUE,mapped
200006,2000-06-01,2000,6,50,Mato Grosso do Sul,9.11968,36.67382,MS,Mato Grosso do Sul,Center-West,TRUE,TRUE,mapped
200006,2000-06-01,2000,6,51,Mato Grosso,13.49823,52.1398,MT,Mato Grosso,Center-West,TRUE,TRUE,mapped
200006,2000-06-01,2000,6,52,Goiás,17.97069,66.21849,GO,Goias,Center-West,TRUE,TRUE,mapped
200006,2000-06-01,2000,6,53,Distrito Federal,23.11185,81.06455,DF,Distrito Federal,Center-West,TRUE,TRUE,mapped
200007,2000-07-01,2000,7,11,Rondônia,9.48661,27.24715,RO,Rondonia,North,TRUE,TRUE,mapped
200007,2000-07-01,2000,7,12,Acre,8.71692,28.9291,AC,Acre,North,TRUE,TRUE,mapped
200007,2000-07-01,2000,7,13,Amazonas,12.78972,43.40563,AM,Amazonas,North,TRUE,TRUE,mapped
200007,2000-07-01,2000,7,14,Roraima,7.26946,24.67764,RR,Roraima,North,TRUE,TRUE,mapped
200007,2000-07-01,2000,7,15,Pará,10.80592,38.24699,PA,Para,North,TRUE,TRUE,mapped
200007,2000-07-01,2000,7,16,Amapá,12.28912,39.40888,AP,Amapa,North,TRUE,TRUE,mapped
200007,2000-07-01,2000,7,17,Tocantins,7.16318,25.05449,TO,Tocantins,North,TRUE,TRUE,mapped
200007,2000-07-01,2000,7,21,Maranhão,7.6722,29.64822,MA,Maranhao,Northeast,TRUE,TRUE,mapped
200007,2000-07-01,2000,7,22,Piauí,11.08469,39.9192,PI,Piaui,Northeast,TRUE,TRUE,mapped
200007,2000-07-01,2000,7,23,Ceará,13.67389,47.70044,CE,Ceara,Northeast,TRUE,TRUE,mapped
200007,2000-07-01,2000,7,24,Rio Grande do Norte,11.79851,42.2926,RN,Rio Grande do Norte,Northeast,TRUE,TRUE,mapped
200007,2000-07-01,2000,7,25,Paraíba,10.55291,36.8456,PB,Paraiba,Northeast,TRUE,TRUE,mapped
200007,2000-07-01,2000,7,26,Pernambuco,14.62303,53.19011,PE,Pernambuco,Northeast,TRUE,TRUE,mapped
200007,2000-07-01,2000,7,27,Alagoas,10.97336,39.94381,AL,Alagoas,Northeast,TRUE,TRUE,mapped
200007,2000-07-01,2000,7,28,Sergipe,14.50807,57.45595,SE,Sergipe,Northeast,TRUE,TRUE,mapped
200007,2000-07-01,2000,7,29,Bahia,17.59764,62.10838,BA,Bahia,Northeast,TRUE,TRUE,mapped
200007,2000-07-01,2000,7,31,Minas Gerais,11.96136,43.84198,MG,Minas Gerais,Southeast,TRUE,TRUE,mapped
200007,2000-07-01,2000,7,32,Espírito Santo,11.74477,43.73039,ES,Espirito Santo,Southeast,TRUE,TRUE,mapped
200007,2000-07-01,2000,7,33,Rio de Janeiro,19.07521,68.02062,RJ,Rio de Janeiro,Southeast,TRUE,TRUE,mapped
200007,2000-07-01,2000,7,35,São Paulo,13.65202,48.47693,SP,Sao Paulo,Southeast,TRUE,TRUE,mapped
200007,2000-07-01,2000,7,41,Paraná,13.95708,53.67273,PR,Parana,South,TRUE,TRUE,mapped
200007,2000-07-01,2000,7,42,Santa Catarina,9.39495,36.23508,SC,Santa Catarina,South,TRUE,TRUE,mapped
200007,2000-07-01,2000,7,43,Rio Grande do Sul,15.44258,56.43524,RS,Rio Grande do Sul,South,TRUE,TRUE,mapped
200007,2000-07-01,2000,7,50,Mato Grosso do Sul,9.77354,37.01028,MS,Mato Grosso do Sul,Center-West,TRUE,TRUE,mapped
200007,2000-07-01,2000,7,51,Mato Grosso,14.10782,51.06561,MT,Mato Grosso,Center-West,TRUE,TRUE,mapped
200007,2000-07-01,2000,7,52,Goiás,18.91321,66.81506,GO,Goias,Center-West,TRUE,TRUE,mapped
200007,2000-07-01,2000,7,53,Distrito Federal,24.19947,82.73466,DF,Distrito Federal,Center-West,TRUE,TRUE,mapped
200008,2000-08-01,2000,8,11,Rondônia,9.6465,27.16558,RO,Rondonia,North,TRUE,TRUE,mapped
200008,2000-08-01,2000,8,12,Acre,8.38021,27.26504,AC,Acre,North,TRUE,TRUE,mapped
200008,2000-08-01,2000,8,13,Amazonas,13.16451,43.99675,AM,Amazonas,North,TRUE,TRUE,mapped
200008,2000-08-01,2000,8,14,Roraima,7.37836,24.57438,RR,Roraima,North,TRUE,TRUE,mapped
200008,2000-08-01,2000,8,15,Pará,11.44627,39.9518,PA,Para,North,TRUE,TRUE,mapped
200008,2000-08-01,2000,8,16,Amapá,13.21743,41.43786,AP,Amapa,North,TRUE,TRUE,mapped
200008,2000-08-01,2000,8,17,Tocantins,7.34924,24.79708,TO,Tocantins,North,TRUE,TRUE,mapped
200008,2000-08-01,2000,8,21,Maranhão,7.48865,28.2221,MA,Maranhao,Northeast,TRUE,TRUE,mapped
200008,2000-08-01,2000,8,22,Piauí,10.77307,37.94567,PI,Piaui,Northeast,TRUE,TRUE,mapped
200008,2000-08-01,2000,8,23,Ceará,14.31795,48.89295,CE,Ceara,Northeast,TRUE,TRUE,mapped
200008,2000-08-01,2000,8,24,Rio Grande do Norte,12.18605,42.2926,RN,Rio Grande do Norte,Northeast,TRUE,TRUE,mapped
200008,2000-08-01,2000,8,25,Paraíba,10.95197,37.35149,PB,Paraiba,Northeast,TRUE,TRUE,mapped
200008,2000-08-01,2000,8,26,Pernambuco,15.664,55.72297,PE,Pernambuco,Northeast,TRUE,TRUE,mapped
200008,2000-08-01,2000,8,27,Alagoas,11.46008,40.81977,AL,Alagoas,Northeast,TRUE,TRUE,mapped
200008,2000-08-01,2000,8,28,Sergipe,14.90323,57.68998,SE,Sergipe,Northeast,TRUE,TRUE,mapped
200008,2000-08-01,2000,8,29,Bahia,18.62275,63.11919,BA,Bahia,Northeast,TRUE,TRUE,mapped
200008,2000-08-01,2000,8,31,Minas Gerais,12.12521,43.19126,MG,Minas Gerais,Southeast,TRUE,TRUE,mapped
200008,2000-08-01,2000,8,32,Espírito Santo,11.78779,42.9878,ES,Espirito Santo,Southeast,TRUE,TRUE,mapped
200008,2000-08-01,2000,8,33,Rio de Janeiro,19.38877,67.81418,RJ,Rio de Janeiro,Southeast,TRUE,TRUE,mapped
200008,2000-08-01,2000,8,35,São Paulo,13.86467,48.47693,SP,Sao Paulo,Southeast,TRUE,TRUE,mapped
200008,2000-08-01,2000,8,41,Paraná,14.29138,53.24335,PR,Parana,South,TRUE,TRUE,mapped
200008,2000-08-01,2000,8,42,Santa Catarina,9.49384,35.48727,SC,Santa Catarina,South,TRUE,TRUE,mapped
200008,2000-08-01,2000,8,43,Rio Grande do Sul,15.25098,54.70844,RS,Rio Grande do Sul,South,TRUE,TRUE,mapped
200008,2000-08-01,2000,8,50,Mato Grosso do Sul,9.70471,35.12612,MS,Mato Grosso do Sul,Center-West,TRUE,TRUE,mapped
200008,2000-08-01,2000,8,51,Mato Grosso,14.06428,48.50406,MT,Mato Grosso,Center-West,TRUE,TRUE,mapped
200008,2000-08-01,2000,8,52,Goiás,19.10171,65.26399,GO,Goias,Center-West,TRUE,TRUE,mapped
200008,2000-08-01,2000,8,53,Distrito Federal,25.01518,82.60619,DF,Distrito Federal,Center-West,TRUE,TRUE,mapped
200009,2000-09-01,2000,9,11,Rondônia,9.32673,26.26821,RO,Rondonia,North,TRUE,TRUE,mapped
200009,2000-09-01,2000,9,12,Acre,8.04351,25.98499,AC,Acre,North,TRUE,TRUE,mapped
200009,2000-09-01,2000,9,13,Amazonas,12.60233,41.97003,AM,Amazonas,North,TRUE,TRUE,mapped
200009,2000-09-01,2000,9,14,Roraima,7.6234,25.29716,RR,Roraima,North,TRUE,TRUE,mapped
200009,2000-09-01,2000,9,15,Pará,11.00603,38.02463,PA,Para,North,TRUE,TRUE,mapped
200009,2000-09-01,2000,9,16,Amapá,12.642760000000001,39.643,AP,Amapa,North,TRUE,TRUE,mapped
200009,2000-09-01,2000,9,17,Tocantins,7.16318,24.28226,TO,Tocantins,North,TRUE,TRUE,mapped
200009,2000-09-01,2000,9,21,Maranhão,7.12156,26.79599,MA,Maranhao,Northeast,TRUE,TRUE,mapped
200009,2000-09-01,2000,9,22,Piauí,10.595,37.22802,PI,Piaui,Northeast,TRUE,TRUE,mapped
200009,2000-09-01,2000,9,23,Ceará,13.27754,44.91792,CE,Ceara,Northeast,TRUE,TRUE,mapped
200009,2000-09-01,2000,9,24,Rio Grande do Norte,12.31523,42.56313,RN,Rio Grande do Norte,Northeast,TRUE,TRUE,mapped
200009,2000-09-01,2000,9,25,Paraíba,10.68593,36.00245,PB,Paraiba,Northeast,TRUE,TRUE,mapped
200009,2000-09-01,2000,9,26,Pernambuco,15.06916,53.09269,PE,Pernambuco,Northeast,TRUE,TRUE,mapped
200009,2000-09-01,2000,9,27,Alagoas,11.41583,40.119,AL,Alagoas,Northeast,TRUE,TRUE,mapped
200009,2000-09-01,2000,9,28,Sergipe,15.18549,58.04104,SE,Sergipe,Northeast,TRUE,TRUE,mapped
200009,2000-09-01,2000,9,29,Bahia,18.1102,61.20989,BA,Bahia,Northeast,TRUE,TRUE,mapped
200009,2000-09-01,2000,9,31,Minas Gerais,11.9204,42.29653,MG,Minas Gerais,Southeast,TRUE,TRUE,mapped
200009,2000-09-01,2000,9,32,Espírito Santo,11.57269,41.99767,ES,Espirito Santo,Southeast,TRUE,TRUE,mapped
200009,2000-09-01,2000,9,33,Rio de Janeiro,18.5526,64.71764,RJ,Rio de Janeiro,Southeast,TRUE,TRUE,mapped
200009,2000-09-01,2000,9,35,São Paulo,13.73708,47.87633,SP,Sao Paulo,Southeast,TRUE,TRUE,mapped
200009,2000-09-01,2000,9,41,Paraná,13.83171,51.35407,PR,Parana,South,TRUE,TRUE,mapped
200009,2000-09-01,2000,9,42,Santa Catarina,9.52681,35.48727,SC,Santa Catarina,South,TRUE,TRUE,mapped
200009,2000-09-01,2000,9,43,Rio Grande do Sul,14.6762,52.66766,RS,Rio Grande do Sul,South,TRUE,TRUE,mapped
200009,2000-09-01,2000,9,50,Mato Grosso do Sul,9.22292,33.84758,MS,Mato Grosso do Sul,Center-West,TRUE,TRUE,mapped
200009,2000-09-01,2000,9,51,Mato Grosso,13.62885,47.59513,MT,Mato Grosso,Center-West,TRUE,TRUE,mapped
200009,2000-09-01,2000,9,52,Goiás,18.78754,64.30949,GO,Goias,Center-West,TRUE,TRUE,mapped
200009,2000-09-01,2000,9,53,Distrito Federal,24.26745,80.55067,DF,Distrito Federal,Center-West,TRUE,TRUE,mapped
200010,2000-10-01,2000,10,11,Rondônia,9.22014,25.9419,RO,Rondonia,North,TRUE,TRUE,mapped
200010,2000-10-01,2000,10,12,Acre,8.11833,26.305,AC,Acre,North,TRUE,TRUE,mapped
200010,2000-10-01,2000,10,13,Amazonas,13.07081,43.57452,AM,Amazonas,North,TRUE,TRUE,mapped
200010,2000-10-01,2000,10,14,Roraima,7.5145,25.09065,RR,Roraima,North,TRUE,TRUE,mapped
200010,2000-10-01,2000,10,15,Pará,11.72642,40.54478,PA,Para,North,TRUE,TRUE,mapped
200010,2000-10-01,2000,10,16,Amapá,12.73117,39.95515,AP,Amapa,North,TRUE,TRUE,mapped
200010,2000-10-01,2000,10,17,Tocantins,7.90741,26.68474,TO,Tocantins,North,TRUE,TRUE,mapped
200010,2000-10-01,2000,10,21,Maranhão,7.2684,27.09622,MA,Maranhao,Northeast,TRUE,TRUE,mapped
200010,2000-10-01,2000,10,22,Piauí,10.77307,37.58684,PI,Piaui,Northeast,TRUE,TRUE,mapped
200010,2000-10-01,2000,10,23,Ceará,13.77297,46.40856,CE,Ceara,Northeast,TRUE,TRUE,mapped
200010,2000-10-01,2000,10,24,Rio Grande do Norte,11.97075,41.21049,RN,Rio Grande do Norte,Northeast,TRUE,TRUE,mapped
200010,2000-10-01,2000,10,25,Paraíba,10.81895,36.76128,PB,Paraiba,Northeast,TRUE,TRUE,mapped
200010,2000-10-01,2000,10,26,Pernambuco,14.87088,52.50819,PE,Pernambuco,Northeast,TRUE,TRUE,mapped
200010,2000-10-01,2000,10,27,Alagoas,11.50432,40.55698,AL,Alagoas,Northeast,TRUE,TRUE,mapped
200010,2000-10-01,2000,10,28,Sergipe,15.18549,58.15806,SE,Sergipe,Northeast,TRUE,TRUE,mapped
200010,2000-10-01,2000,10,29,Bahia,18.73665,63.34381,BA,Bahia,Northeast,TRUE,TRUE,mapped
200010,2000-10-01,2000,10,31,Minas Gerais,12.16618,43.10992,MG,Minas Gerais,Southeast,TRUE,TRUE,mapped
200010,2000-10-01,2000,10,32,Espírito Santo,11.74477,42.65775,ES,Espirito Santo,Southeast,TRUE,TRUE,mapped
200010,2000-10-01,2000,10,33,Rio de Janeiro,18.76164,65.23373,RJ,Rio de Janeiro,Southeast,TRUE,TRUE,mapped
200010,2000-10-01,2000,10,35,São Paulo,14.07732,48.99173,SP,Sao Paulo,Southeast,TRUE,TRUE,mapped
200010,2000-10-01,2000,10,41,Paraná,14.04065,52.21284,PR,Parana,South,TRUE,TRUE,mapped
200010,2000-10-01,2000,10,42,Santa Catarina,9.82349,36.575,SC,Santa Catarina,South,TRUE,TRUE,mapped
200010,2000-10-01,2000,10,43,Rio Grande do Sul,14.98275,54.00201,RS,Rio Grande do Sul,South,TRUE,TRUE,mapped
200010,2000-10-01,2000,10,50,Mato Grosso do Sul,9.39499,34.11675,MS,Mato Grosso do Sul,Center-West,TRUE,TRUE,mapped
200010,2000-10-01,2000,10,51,Mato Grosso,13.58531,46.93408,MT,Mato Grosso,Center-West,TRUE,TRUE,mapped
200010,2000-10-01,2000,10,52,Goiás,18.7247,63.83224,GO,Goias,Center-West,TRUE,TRUE,mapped
200010,2000-10-01,2000,10,53,Distrito Federal,24.33542,80.55067,DF,Distrito Federal,Center-West,TRUE,TRUE,mapped
200011,2000-11-01,2000,11,11,Rondônia,9.96627,27.8182,RO,Rondonia,North,TRUE,TRUE,mapped
200011,2000-11-01,2000,11,12,Acre,7.74421,24.96095,AC,Acre,North,TRUE,TRUE,mapped
200011,2000-11-01,2000,11,13,Amazonas,13.5393,44.92567,AM,Amazonas,North,TRUE,TRUE,mapped
200011,2000-11-01,2000,11,14,Roraima,8.19516,27.05247,RR,Roraima,North,TRUE,TRUE,mapped
200011,2000-11-01,2000,11,15,Pará,11.88651,41.06363,PA,Para,North,TRUE,TRUE,mapped
200011,2000-11-01,2000,11,16,Amapá,13.61528,42.45234,AP,Amapa,North,TRUE,TRUE,mapped
200011,2000-11-01,2000,11,17,Tocantins,6.74455,22.39459,TO,Tocantins,North,TRUE,TRUE,mapped
200011,2000-11-01,2000,11,21,Maranhão,7.48865,27.84681,MA,Maranhao,Northeast,TRUE,TRUE,mapped
200011,2000-11-01,2000,11,22,Piauí,10.90662,38.03537,PI,Piaui,Northeast,TRUE,TRUE,mapped
200011,2000-11-01,2000,11,23,Ceará,14.16932,47.79982,CE,Ceara,Northeast,TRUE,TRUE,mapped
200011,2000-11-01,2000,11,24,Rio Grande do Norte,12.65971,43.73542,RN,Rio Grande do Norte,Northeast,TRUE,TRUE,mapped
200011,2000-11-01,2000,11,25,Paraíba,11.75009,39.54367,PB,Paraiba,Northeast,TRUE,TRUE,mapped
200011,2000-11-01,2000,11,26,Pernambuco,16.50668,58.061,PE,Pernambuco,Northeast,TRUE,TRUE,mapped
200011,2000-11-01,2000,11,27,Alagoas,12.12379,42.65929,AL,Alagoas,Northeast,TRUE,TRUE,mapped
200011,2000-11-01,2000,11,28,Sergipe,15.80646,60.26438,SE,Sergipe,Northeast,TRUE,TRUE,mapped
200011,2000-11-01,2000,11,29,Bahia,18.50885,62.33301,BA,Bahia,Northeast,TRUE,TRUE,mapped
200011,2000-11-01,2000,11,31,Minas Gerais,12.37099,43.6793,MG,Minas Gerais,Southeast,TRUE,TRUE,mapped
200011,2000-11-01,2000,11,32,Espírito Santo,11.78779,42.49273,ES,Espirito Santo,Southeast,TRUE,TRUE,mapped
200011,2000-11-01,2000,11,33,Rio de Janeiro,19.49329,67.29809,RJ,Rio de Janeiro,Southeast,TRUE,TRUE,mapped
200011,2000-11-01,2000,11,35,São Paulo,14.2049,49.33493,SP,Sao Paulo,Southeast,TRUE,TRUE,mapped
200011,2000-11-01,2000,11,41,Paraná,14.45853,53.58686,PR,Parana,South,TRUE,TRUE,mapped
200011,2000-11-01,2000,11,42,Santa Catarina,10.08721,37.45878,SC,Santa Catarina,South,TRUE,TRUE,mapped
200011,2000-11-01,2000,11,43,Rio Grande do Sul,15.59585,55.9643,RS,Rio Grande do Sul,South,TRUE,TRUE,mapped
200011,2000-11-01,2000,11,50,Mato Grosso do Sul,8.91319,32.29988,MS,Mato Grosso do Sul,Center-West,TRUE,TRUE,mapped
200011,2000-11-01,2000,11,51,Mato Grosso,13.54177,46.52093,MT,Mato Grosso,Center-West,TRUE,TRUE,mapped
200011,2000-11-01,2000,11,52,Goiás,19.03888,64.66743,GO,Goias,Center-West,TRUE,TRUE,mapped
200011,2000-11-01,2000,11,53,Distrito Federal,24.81125,81.96384,DF,Distrito Federal,Center-West,TRUE,TRUE,mapped
200012,2000-12-01,2000,12,11,Rondônia,15.93538,44.13386,RO,Rondonia,North,TRUE,TRUE,mapped
200012,2000-12-01,2000,12,12,Acre,10.73715,34.36931,AC,Acre,North,TRUE,TRUE,mapped
200012,2000-12-01,2000,12,13,Amazonas,21.5036,70.68193,AM,Amazonas,North,TRUE,TRUE,mapped
200012,2000-12-01,2000,12,14,Roraima,10.20991,33.29932,RR,Roraima,North,TRUE,TRUE,mapped
200012,2000-12-01,2000,12,15,Pará,19.7308,67.67346,PA,Para,North,TRUE,TRUE,mapped
200012,2000-12-01,2000,12,16,Amapá,19.93666,61.41543,AP,Amapa,North,TRUE,TRUE,mapped
200012,2000-12-01,2000,12,17,Tocantins,10.14008,33.37738,TO,Tocantins,North,TRUE,TRUE,mapped
200012,2000-12-01,2000,12,21,Maranhão,10.9026,40.30657,MA,Maranhao,Northeast,TRUE,TRUE,mapped
200012,2000-12-01,2000,12,22,Piauí,16.51574,57.23247,PI,Piaui,Northeast,TRUE,TRUE,mapped
200012,2000-12-01,2000,12,23,Ceará,20.26312,67.87375,CE,Ceara,Northeast,TRUE,TRUE,mapped
200012,2000-12-01,2000,12,24,Rio Grande do Norte,17.61164,60.23765,RN,Rio Grande do Norte,Northeast,TRUE,TRUE,mapped
200012,2000-12-01,2000,12,25,Paraíba,16.62748,55.73213,PB,Paraiba,Northeast,TRUE,TRUE,mapped
200012,2000-12-01,2000,12,26,Pernambuco,22.90116,80.27226,PE,Pernambuco,Northeast,TRUE,TRUE,mapped
200012,2000-12-01,2000,12,27,Alagoas,17.87595,62.54359,AL,Alagoas,Northeast,TRUE,TRUE,mapped
200012,2000-12-01,2000,12,28,Sergipe,22.01614,83.66803,SE,Sergipe,Northeast,TRUE,TRUE,mapped
200012,2000-12-01,2000,12,29,Bahia,25.85544,86.25541,BA,Bahia,Northeast,TRUE,TRUE,mapped
200012,2000-12-01,2000,12,31,Minas Gerais,16.7541,58.80844,MG,Minas Gerais,Southeast,TRUE,TRUE,mapped
200012,2000-12-01,2000,12,32,Espírito Santo,16.86429,60.47995,ES,Espirito Santo,Southeast,TRUE,TRUE,mapped
200012,2000-12-01,2000,12,33,Rio de Janeiro,28.11633,97.12807,RJ,Rio de Janeiro,Southeast,TRUE,TRUE,mapped
200012,2000-12-01,2000,12,35,São Paulo,19.39352,67.1813,SP,Sao Paulo,Southeast,TRUE,TRUE,mapped
200012,2000-12-01,2000,12,41,Paraná,19.43126,71.44914,PR,Parana,South,TRUE,TRUE,mapped
200012,2000-12-01,2000,12,42,Santa Catarina,14.30669,52.89098,SC,Santa Catarina,South,TRUE,TRUE,mapped
200012,2000-12-01,2000,12,43,Rio Grande do Sul,22.37833,79.74716,RS,Rio Grande do Sul,South,TRUE,TRUE,mapped
200012,2000-12-01,2000,12,50,Mato Grosso do Sul,12.01044,43.0665,MS,Mato Grosso do Sul,Center-West,TRUE,TRUE,mapped
200012,2000-12-01,2000,12,51,Mato Grosso,16.11079,54.94924,MT,Mato Grosso,Center-West,TRUE,TRUE,mapped
200012,2000-12-01,2000,12,52,Goiás,24.44265,82.68363,GO,Goias,Center-West,TRUE,TRUE,mapped
200012,2000-12-01,2000,12,53,Distrito Federal,33.30826,109.19947,DF,Distrito Federal,Center-West,TRUE,TRUE,mapped
200101,2001-01-01,2001,1,11,Rondônia,9.11354,24.79981,RO,Rondonia,North,TRUE,TRUE,mapped
200101,2001-01-01,2001,1,12,Acre,8.23056,25.79298,AC,Acre,North,TRUE,TRUE,mapped
200101,2001-01-01,2001,1,13,Amazonas,12.74287,40.87222,AM,Amazonas,North,TRUE,TRUE,mapped
200101,2001-01-01,2001,1,14,Roraima,8.08625,25.24553,RR,Roraima,North,TRUE,TRUE,mapped
200101,2001-01-01,2001,1,15,Pará,10.76589,36.31982,PA,Para,North,TRUE,TRUE,mapped
200101,2001-01-01,2001,1,16,Amapá,12.06809,36.05328,AP,Amapa,North,TRUE,TRUE,mapped
200101,2001-01-01,2001,1,17,Tocantins,7.30272,23.59584,TO,Tocantins,North,TRUE,TRUE,mapped
200101,2001-01-01,2001,1,21,Maranhão,7.12156,26.12046,MA,Maranhao,Northeast,TRUE,TRUE,mapped
200101,2001-01-01,2001,1,22,Piauí,15.04669,51.7604,PI,Piaui,Northeast,TRUE,TRUE,mapped
200101,2001-01-01,2001,1,23,Ceará,13.9216,46.30918,CE,Ceara,Northeast,TRUE,TRUE,mapped
200101,2001-01-01,2001,1,24,Rio Grande do Norte,12.14299,41.39084,RN,Rio Grande do Norte,Northeast,TRUE,TRUE,mapped
200101,2001-01-01,2001,1,25,Paraíba,10.99631,36.8456,PB,Paraiba,Northeast,TRUE,TRUE,mapped
200101,2001-01-01,2001,1,26,Pernambuco,15.51529,54.16429,PE,Pernambuco,Northeast,TRUE,TRUE,mapped
200101,2001-01-01,2001,1,27,Alagoas,11.59282,40.46938,AL,Alagoas,Northeast,TRUE,TRUE,mapped
200101,2001-01-01,2001,1,28,Sergipe,15.46775,58.50911,SE,Sergipe,Northeast,TRUE,TRUE,mapped
200101,2001-01-01,2001,1,29,Bahia,18.7936,61.77145,BA,Bahia,Northeast,TRUE,TRUE,mapped
200101,2001-01-01,2001,1,31,Minas Gerais,11.67461,40.42572,MG,Minas Gerais,Southeast,TRUE,TRUE,mapped
200101,2001-01-01,2001,1,32,Espírito Santo,12.60519,44.88553,ES,Espirito Santo,Southeast,TRUE,TRUE,mapped
200101,2001-01-01,2001,1,33,Rio de Janeiro,18.23903,62.85972,RJ,Rio de Janeiro,Southeast,TRUE,TRUE,mapped
200101,2001-01-01,2001,1,35,São Paulo,13.09913,45.30234,SP,Sao Paulo,Southeast,TRUE,TRUE,mapped
200101,2001-01-01,2001,1,41,Paraná,13.83171,49.98005,PR,Parana,South,TRUE,TRUE,mapped
200101,2001-01-01,2001,1,42,Santa Catarina,10.1861,37.18685,SC,Santa Catarina,South,TRUE,TRUE,mapped
200101,2001-01-01,2001,1,43,Rio Grande do Sul,14.98275,52.51068,RS,Rio Grande do Sul,South,TRUE,TRUE,mapped
200101,2001-01-01,2001,1,50,Mato Grosso do Sul,8.80995,31.08863,MS,Mato Grosso do Sul,Center-West,TRUE,TRUE,mapped
200101,2001-01-01,2001,1,51,Mato Grosso,12.67092,42.22415,MT,Mato Grosso,Center-West,TRUE,TRUE,mapped
200101,2001-01-01,2001,1,52,Goiás,18.3477,60.96874,GO,Goias,Center-West,TRUE,TRUE,mapped
200101,2001-01-01,2001,1,53,Distrito Federal,23.04388,75.02646,DF,Distrito Federal,Center-West,TRUE,TRUE,mapped
200102,2001-02-01,2001,2,11,Rondônia,9.06025,24.47349,RO,Rondonia,North,TRUE,TRUE,mapped
200102,2001-02-01,2001,2,12,Acre,7.63198,23.74491,AC,Acre,North,TRUE,TRUE,mapped
200102,2001-02-01,2001,2,13,Amazonas,12.13384,38.67661,AM,Amazonas,North,TRUE,TRUE,mapped
200102,2001-02-01,2001,2,14,Roraima,7.65063,23.85161,RR,Roraima,North,TRUE,TRUE,mapped
200102,2001-02-01,2001,2,15,Pará,10.08552,33.87379,PA,Para,North,TRUE,TRUE,mapped
200102,2001-02-01,2001,2,16,Amapá,10.65352,31.44907,AP,Amapa,North,TRUE,TRUE,mapped
200102,2001-02-01,2001,2,17,Tocantins,6.2329,20.07791,TO,Tocantins,North,TRUE,TRUE,mapped
200102,2001-02-01,2001,2,21,Maranhão,6.24054,22.81787,MA,Maranhao,Northeast,TRUE,TRUE,mapped
200102,2001-02-01,2001,2,22,Piauí,12.55374,42.96921,PI,Piaui,Northeast,TRUE,TRUE,mapped
200102,2001-02-01,2001,2,23,Ceará,12.23714,40.34662,CE,Ceara,Northeast,TRUE,TRUE,mapped
200102,2001-02-01,2001,2,24,Rio Grande do Norte,11.28178,37.96415,RN,Rio Grande do Norte,Northeast,TRUE,TRUE,mapped
200102,2001-02-01,2001,2,25,Paraíba,9.84347,33.05143,PB,Paraiba,Northeast,TRUE,TRUE,mapped
200102,2001-02-01,2001,2,26,Pernambuco,13.92906,48.80631,PE,Pernambuco,Northeast,TRUE,TRUE,mapped
200102,2001-02-01,2001,2,27,Alagoas,10.61938,37.14073,AL,Alagoas,Northeast,TRUE,TRUE,mapped
200102,2001-02-01,2001,2,28,Sergipe,14.73388,55.93471,SE,Sergipe,Northeast,TRUE,TRUE,mapped
200102,2001-02-01,2001,2,29,Bahia,17.54069,57.39129,BA,Bahia,Northeast,TRUE,TRUE,mapped
200102,2001-02-01,2001,2,31,Minas Gerais,11.06016,38.22955,MG,Minas Gerais,Southeast,TRUE,TRUE,mapped
200102,2001-02-01,2001,2,32,Espírito Santo,11.4006,40.51249,ES,Espirito Santo,Southeast,TRUE,TRUE,mapped
200102,2001-02-01,2001,2,33,Rio de Janeiro,17.29834,59.45353,RJ,Rio de Janeiro,Southeast,TRUE,TRUE,mapped
200102,2001-02-01,2001,2,35,São Paulo,12.46119,43.07154,SP,Sao Paulo,Southeast,TRUE,TRUE,mapped
200102,2001-02-01,2001,2,41,Paraná,13.330260000000001,48.09077,PR,Parana,South,TRUE,TRUE,mapped
200102,2001-02-01,2001,2,42,Santa Catarina,9.6257,35.01138,SC,Santa Catarina,South,TRUE,TRUE,mapped
200102,2001-02-01,2001,2,43,Rio Grande do Sul,13.94813,49.05706,RS,Rio Grande do Sul,South,TRUE,TRUE,mapped
200102,2001-02-01,2001,2,50,Mato Grosso do Sul,8.32816,29.20447,MS,Mato Grosso do Sul,Center-West,TRUE,TRUE,mapped
200102,2001-02-01,2001,2,51,Mato Grosso,12.88863,42.88519,MT,Mato Grosso,Center-West,TRUE,TRUE,mapped
200102,2001-02-01,2001,2,52,Goiás,16.58833,55.12242,GO,Goias,Center-West,TRUE,TRUE,mapped
200102,2001-02-01,2001,2,53,Distrito Federal,22.16019,72.32859,DF,Distrito Federal,Center-West,TRUE,TRUE,mapped
200103,2001-03-01,2001,3,11,Rondônia,8.95366,24.31034,RO,Rondonia,North,TRUE,TRUE,mapped
200103,2001-03-01,2001,3,12,Acre,8.19315,25.40897,AC,Acre,North,TRUE,TRUE,mapped
200103,2001-03-01,2001,3,13,Amazonas,13.21136,41.80114,AM,Amazonas,North,TRUE,TRUE,mapped
200103,2001-03-01,2001,3,14,Roraima,7.67786,23.49022,RR,Roraima,North,TRUE,TRUE,mapped
200103,2001-03-01,2001,3,15,Pará,11.64638,39.06234,PA,Para,North,TRUE,TRUE,mapped
200103,2001-03-01,2001,3,16,Amapá,11.67024,34.33645,AP,Amapa,North,TRUE,TRUE,mapped
200103,2001-03-01,2001,3,17,Tocantins,6.69804,21.62237,TO,Tocantins,North,TRUE,TRUE,mapped
200103,2001-03-01,2001,3,21,Maranhão,6.82789,24.99458,MA,Maranhao,Northeast,TRUE,TRUE,mapped
200103,2001-03-01,2001,3,22,Piauí,11.70792,39.9192,PI,Piaui,Northeast,TRUE,TRUE,mapped
200103,2001-03-01,2001,3,23,Ceará,13.12891,43.12915,CE,Ceara,Northeast,TRUE,TRUE,mapped
200103,2001-03-01,2001,3,24,Rio Grande do Norte,12.57359,42.20243,RN,Rio Grande do Norte,Northeast,TRUE,TRUE,mapped
200103,2001-03-01,2001,3,25,Paraíba,10.81895,36.08676,PB,Paraiba,Northeast,TRUE,TRUE,mapped
200103,2001-03-01,2001,3,26,Pernambuco,16.11012,56.21006,PE,Pernambuco,Northeast,TRUE,TRUE,mapped
200103,2001-03-01,2001,3,27,Alagoas,11.23884,39.24304,AL,Alagoas,Northeast,TRUE,TRUE,mapped
200103,2001-03-01,2001,3,28,Sergipe,15.69356,59.21122,SE,Sergipe,Northeast,TRUE,TRUE,mapped
200103,2001-03-01,2001,3,29,Bahia,19.87565,65.02849,BA,Bahia,Northeast,TRUE,TRUE,mapped
200103,2001-03-01,2001,3,31,Minas Gerais,12.45292,43.02858,MG,Minas Gerais,Southeast,TRUE,TRUE,mapped
200103,2001-03-01,2001,3,32,Espírito Santo,13.33655,47.1133,ES,Espirito Santo,Southeast,TRUE,TRUE,mapped
200103,2001-03-01,2001,3,33,Rio de Janeiro,18.70938,63.68546,RJ,Rio de Janeiro,Southeast,TRUE,TRUE,mapped
200103,2001-03-01,2001,3,35,São Paulo,14.2049,48.73433,SP,Sao Paulo,Southeast,TRUE,TRUE,mapped
200103,2001-03-01,2001,3,41,Paraná,15.12713,54.44562,PR,Parana,South,TRUE,TRUE,mapped
200103,2001-03-01,2001,3,42,Santa Catarina,10.64761,38.75046,SC,Santa Catarina,South,TRUE,TRUE,mapped
200103,2001-03-01,2001,3,43,Rio Grande do Sul,16.66879,58.39753,RS,Rio Grande do Sul,South,TRUE,TRUE,mapped
200103,2001-03-01,2001,3,50,Mato Grosso do Sul,9.87678,34.5205,MS,Mato Grosso do Sul,Center-West,TRUE,TRUE,mapped
200103,2001-03-01,2001,3,51,Mato Grosso,14.28199,47.42987,MT,Mato Grosso,Center-West,TRUE,TRUE,mapped
200103,2001-03-01,2001,3,52,Goiás,19.03888,63.11637,GO,Goias,Center-West,TRUE,TRUE,mapped
200103,2001-03-01,2001,3,53,Distrito Federal,25.28709,81.57843,DF,Distrito Federal,Center-West,TRUE,TRUE,mapped
200104,2001-04-01,2001,4,11,Rondônia,8.474,22.76035,RO,Rondonia,North,TRUE,TRUE,mapped
200104,2001-04-01,2001,4,12,Acre,7.40751,22.656860000000002,AC,Acre,North,TRUE,TRUE,mapped
200104,2001-04-01,2001,4,13,Amazonas,12.83657,40.44999,AM,Amazonas,North,TRUE,TRUE,mapped
200104,2001-04-01,2001,4,14,Roraima,9.01195,27.8785,RR,Roraima,North,TRUE,TRUE,mapped
200104,2001-04-01,2001,4,15,Pará,11.16611,36.98692,PA,Para,North,TRUE,TRUE,mapped
200104,2001-04-01,2001,4,16,Amapá,11.97968,35.03879,AP,Amapa,North,TRUE,TRUE,mapped
200104,2001-04-01,2001,4,17,Tocantins,6.41895,20.85014,TO,Tocantins,North,TRUE,TRUE,mapped
200104,2001-04-01,2001,4,21,Maranhão,6.57092,23.94375,MA,Maranhao,Northeast,TRUE,TRUE,mapped
200104,2001-04-01,2001,4,22,Piauí,10.28339,34.98537,PI,Piaui,Northeast,TRUE,TRUE,mapped
200104,2001-04-01,2001,4,23,Ceará,12.43531,40.74413,CE,Ceara,Northeast,TRUE,TRUE,mapped
200104,2001-04-01,2001,4,24,Rio Grande do Norte,12.09993,40.75961,RN,Rio Grande do Norte,Northeast,TRUE,TRUE,mapped
200104,2001-04-01,2001,4,25,Paraíba,10.37555,34.48478,PB,Paraiba,Northeast,TRUE,TRUE,mapped
200104,2001-04-01,2001,4,26,Pernambuco,14.97002,51.72884,PE,Pernambuco,Northeast,TRUE,TRUE,mapped
200104,2001-04-01,2001,4,27,Alagoas,10.79637,37.40352,AL,Alagoas,Northeast,TRUE,TRUE,mapped
200104,2001-04-01,2001,4,28,Sergipe,14.84678,55.46664,SE,Sergipe,Northeast,TRUE,TRUE,mapped
200104,2001-04-01,2001,4,29,Bahia,18.7936,61.43451,BA,Bahia,Northeast,TRUE,TRUE,mapped
200104,2001-04-01,2001,4,31,Minas Gerais,12.00232,41.07644,MG,Minas Gerais,Southeast,TRUE,TRUE,mapped
200104,2001-04-01,2001,4,32,Espírito Santo,12.8203,44.96804,ES,Espirito Santo,Southeast,TRUE,TRUE,mapped
200104,2001-04-01,2001,4,33,Rio de Janeiro,18.08225,60.89858,RJ,Rio de Janeiro,Southeast,TRUE,TRUE,mapped
200104,2001-04-01,2001,4,35,São Paulo,13.65202,46.50353,SP,Sao Paulo,Southeast,TRUE,TRUE,mapped
200104,2001-04-01,2001,4,41,Paraná,14.66747,52.64222,PR,Parana,South,TRUE,TRUE,mapped
200104,2001-04-01,2001,4,42,Santa Catarina,10.41685,37.52676,SC,Santa Catarina,South,TRUE,TRUE,mapped
200104,2001-04-01,2001,4,43,Rio Grande do Sul,16.24728,56.59223,RS,Rio Grande do Sul,South,TRUE,TRUE,mapped
200104,2001-04-01,2001,4,50,Mato Grosso do Sul,9.6703,34.04946,MS,Mato Grosso do Sul,Center-West,TRUE,TRUE,mapped
200104,2001-04-01,2001,4,51,Mato Grosso,12.93217,43.13308,MT,Mato Grosso,Center-West,TRUE,TRUE,mapped
200104,2001-04-01,2001,4,52,Goiás,18.85037,62.28118,GO,Goias,Center-West,TRUE,TRUE,mapped
200104,2001-04-01,2001,4,53,Distrito Federal,24.33542,78.23821,DF,Distrito Federal,Center-West,TRUE,TRUE,mapped
200105,2001-05-01,2001,5,11,Rondônia,10.17946,27.41031,RO,Rondonia,North,TRUE,TRUE,mapped
200105,2001-05-01,2001,5,12,Acre,8.11833,25.08896,AC,Acre,North,TRUE,TRUE,mapped
200105,2001-05-01,2001,5,13,Amazonas,13.67985,43.15229,AM,Amazonas,North,TRUE,TRUE,mapped
200105,2001-05-01,2001,5,14,Roraima,9.91042,30.51147,RR,Roraima,North,TRUE,TRUE,mapped
200105,2001-05-01,2001,5,15,Pará,12.48684,41.36012,PA,Para,North,TRUE,TRUE,mapped
200105,2001-05-01,2001,5,16,Amapá,14.18995,41.67197,AP,Amapa,North,TRUE,TRUE,mapped
200105,2001-05-01,2001,5,17,Tocantins,7.02364,22.82361,TO,Tocantins,North,TRUE,TRUE,mapped
200105,2001-05-01,2001,5,21,Maranhão,7.89245,28.82257,MA,Maranhao,Northeast,TRUE,TRUE,mapped
200105,2001-05-01,2001,5,22,Piauí,11.70792,40.27803,PI,Piaui,Northeast,TRUE,TRUE,mapped
200105,2001-05-01,2001,5,23,Ceará,14.16932,46.80606,CE,Ceara,Northeast,TRUE,TRUE,mapped
200105,2001-05-01,2001,5,24,Rio Grande do Norte,12.48747,42.38278,RN,Rio Grande do Norte,Northeast,TRUE,TRUE,mapped
200105,2001-05-01,2001,5,25,Paraíba,11.35103,37.60443,PB,Paraiba,Northeast,TRUE,TRUE,mapped
200105,2001-05-01,2001,5,26,Pernambuco,15.664,54.16429,PE,Pernambuco,Northeast,TRUE,TRUE,mapped
200105,2001-05-01,2001,5,27,Alagoas,11.46008,39.76862,AL,Alagoas,Northeast,TRUE,TRUE,mapped
200105,2001-05-01,2001,5,28,Sergipe,15.58065,58.15806,SE,Sergipe,Northeast,TRUE,TRUE,mapped
200105,2001-05-01,2001,5,29,Bahia,19.5909,63.68075,BA,Bahia,Northeast,TRUE,TRUE,mapped
200105,2001-05-01,2001,5,31,Minas Gerais,12.65774,43.43528,MG,Minas Gerais,Southeast,TRUE,TRUE,mapped
200105,2001-05-01,2001,5,32,Espírito Santo,13.4226,46.78326,ES,Espirito Santo,Southeast,TRUE,TRUE,mapped
200105,2001-05-01,2001,5,33,Rio de Janeiro,19.17973,64.51121,RJ,Rio de Janeiro,Southeast,TRUE,TRUE,mapped
200105,2001-05-01,2001,5,35,São Paulo,13.86467,47.27573,SP,Sao Paulo,Southeast,TRUE,TRUE,mapped
200105,2001-05-01,2001,5,41,Paraná,15.37786,55.39026,PR,Parana,South,TRUE,TRUE,mapped
200105,2001-05-01,2001,5,42,Santa Catarina,10.58168,38.27458,SC,Santa Catarina,South,TRUE,TRUE,mapped
200105,2001-05-01,2001,5,43,Rio Grande do Sul,17.43517,60.59528,RS,Rio Grande do Sul,South,TRUE,TRUE,mapped
200105,2001-05-01,2001,5,50,Mato Grosso do Sul,9.9112,35.19341,MS,Mato Grosso do Sul,Center-West,TRUE,TRUE,mapped
200105,2001-05-01,2001,5,51,Mato Grosso,14.32554,48.00828,MT,Mato Grosso,Center-West,TRUE,TRUE,mapped
200105,2001-05-01,2001,5,52,Goiás,19.9814,66.33781,GO,Goias,Center-West,TRUE,TRUE,mapped
200105,2001-05-01,2001,5,53,Distrito Federal,24.47137,78.75209,DF,Distrito Federal,Center-West,TRUE,TRUE,mapped
200106,2001-06-01,2001,6,11,Rondônia,11.40525,30.8366,RO,Rondonia,North,TRUE,TRUE,mapped
200106,2001-06-01,2001,6,12,Acre,8.41762,26.241,AC,Acre,North,TRUE,TRUE,mapped
200106,2001-06-01,2001,6,13,Amazonas,13.16451,41.97003,AM,Amazonas,North,TRUE,TRUE,mapped
200106,2001-06-01,2001,6,14,Roraima,8.73969,27.46549,RR,Roraima,North,TRUE,TRUE,mapped
200106,2001-06-01,2001,6,15,Pará,11.04605,36.98692,PA,Para,North,TRUE,TRUE,mapped
200106,2001-06-01,2001,6,16,Amapá,13.21743,39.17477,AP,Amapa,North,TRUE,TRUE,mapped
200106,2001-06-01,2001,6,17,Tocantins,6.69804,21.62237,TO,Tocantins,North,TRUE,TRUE,mapped
200106,2001-06-01,2001,6,21,Maranhão,7.23169,26.42069,MA,Maranhao,Northeast,TRUE,TRUE,mapped
200106,2001-06-01,2001,6,22,Piauí,11.26276,38.57361,PI,Piaui,Northeast,TRUE,TRUE,mapped
200106,2001-06-01,2001,6,23,Ceará,13.07937,43.12915,CE,Ceara,Northeast,TRUE,TRUE,mapped
200106,2001-06-01,2001,6,24,Rio Grande do Norte,12.22911,41.39084,RN,Rio Grande do Norte,Northeast,TRUE,TRUE,mapped
200106,2001-06-01,2001,6,25,Paraíba,11.30669,37.52012,PB,Paraiba,Northeast,TRUE,TRUE,mapped
200106,2001-06-01,2001,6,26,Pernambuco,15.46572,53.38495,PE,Pernambuco,Northeast,TRUE,TRUE,mapped
200106,2001-06-01,2001,6,27,Alagoas,11.32734,39.33064,AL,Alagoas,Northeast,TRUE,TRUE,mapped
200106,2001-06-01,2001,6,28,Sergipe,15.5242,57.807,SE,Sergipe,Northeast,TRUE,TRUE,mapped
200106,2001-06-01,2001,6,29,Bahia,19.53395,63.34381,BA,Bahia,Northeast,TRUE,TRUE,mapped
200106,2001-06-01,2001,6,31,Minas Gerais,12.20714,42.05251,MG,Minas Gerais,Southeast,TRUE,TRUE,mapped
200106,2001-06-01,2001,6,32,Espírito Santo,12.64822,43.97792,ES,Espirito Santo,Southeast,TRUE,TRUE,mapped
200106,2001-06-01,2001,6,33,Rio de Janeiro,18.39582,61.82754,RJ,Rio de Janeiro,Southeast,TRUE,TRUE,mapped
200106,2001-06-01,2001,6,35,São Paulo,13.31178,45.38814,SP,Sao Paulo,Southeast,TRUE,TRUE,mapped
200106,2001-06-01,2001,6,41,Paraná,14.62568,52.81397,PR,Parana,South,TRUE,TRUE,mapped
200106,2001-06-01,2001,6,42,Santa Catarina,10.1861,36.71096,SC,Santa Catarina,South,TRUE,TRUE,mapped
200106,2001-06-01,2001,6,43,Rio Grande do Sul,16.24728,56.43524,RS,Rio Grande do Sul,South,TRUE,TRUE,mapped
200106,2001-06-01,2001,6,50,Mato Grosso do Sul,9.01644,31.76155,MS,Mato Grosso do Sul,Center-West,TRUE,TRUE,mapped
200106,2001-06-01,2001,6,51,Mato Grosso,14.58679,48.50406,MT,Mato Grosso,Center-West,TRUE,TRUE,mapped
200106,2001-06-01,2001,6,52,Goiás,19.03888,62.87774,GO,Goias,Center-West,TRUE,TRUE,mapped
200106,2001-06-01,2001,6,53,Distrito Federal,26.85054,86.20335,DF,Distrito Federal,Center-West,TRUE,TRUE,mapped
200107,2001-07-01,2001,7,11,Rondônia,10.17946,27.16558,RO,Rondonia,North,TRUE,TRUE,mapped
200107,2001-07-01,2001,7,12,Acre,8.45503,26.04899,AC,Acre,North,TRUE,TRUE,mapped
200107,2001-07-01,2001,7,13,Amazonas,13.5393,42.56116,AM,Amazonas,North,TRUE,TRUE,mapped
200107,2001-07-01,2001,7,14,Roraima,8.5491,26.07156,RR,Roraima,North,TRUE,TRUE,mapped
200107,2001-07-01,2001,7,15,Pará,10.92598,36.2457,PA,Para,North,TRUE,TRUE,mapped
200107,2001-07-01,2001,7,16,Amapá,14.32257,41.28178,AP,Amapa,North,TRUE,TRUE,mapped
200107,2001-07-01,2001,7,17,Tocantins,7.44226,24.11065,TO,Tocantins,North,TRUE,TRUE,mapped
200107,2001-07-01,2001,7,21,Maranhão,7.70891,27.99693,MA,Maranhao,Northeast,TRUE,TRUE,mapped
200107,2001-07-01,2001,7,22,Piauí,11.75244,40.09861,PI,Piaui,Northeast,TRUE,TRUE,mapped
200107,2001-07-01,2001,7,23,Ceará,14.16932,46.40856,CE,Ceara,Northeast,TRUE,TRUE,mapped
200107,2001-07-01,2001,7,24,Rio Grande do Norte,12.91807,43.28454,RN,Rio Grande do Norte,Northeast,TRUE,TRUE,mapped
200107,2001-07-01,2001,7,25,Paraíba,10.77461,35.1593,PB,Paraiba,Northeast,TRUE,TRUE,mapped
200107,2001-07-01,2001,7,26,Pernambuco,15.019590000000001,51.14434,PE,Pernambuco,Northeast,TRUE,TRUE,mapped
200107,2001-07-01,2001,7,27,Alagoas,11.15035,38.19189,AL,Alagoas,Northeast,TRUE,TRUE,mapped
200107,2001-07-01,2001,7,28,Sergipe,13.7742,50.55187,SE,Sergipe,Northeast,TRUE,TRUE,mapped
200107,2001-07-01,2001,7,29,Bahia,18.62275,58.51441,BA,Bahia,Northeast,TRUE,TRUE,mapped
200107,2001-07-01,2001,7,31,Minas Gerais,12.90352,43.84198,MG,Minas Gerais,Southeast,TRUE,TRUE,mapped
200107,2001-07-01,2001,7,32,Espírito Santo,12.99238,44.55549,ES,Espirito Santo,Southeast,TRUE,TRUE,mapped
200107,2001-07-01,2001,7,33,Rio de Janeiro,19.12747,63.8919,RJ,Rio de Janeiro,Southeast,TRUE,TRUE,mapped
200107,2001-07-01,2001,7,35,São Paulo,13.52443,45.73133,SP,Sao Paulo,Southeast,TRUE,TRUE,mapped
200107,2001-07-01,2001,7,41,Paraná,14.62568,52.04108,PR,Parana,South,TRUE,TRUE,mapped
200107,2001-07-01,2001,7,42,Santa Catarina,10.15314,36.30306,SC,Santa Catarina,South,TRUE,TRUE,mapped
200107,2001-07-01,2001,7,43,Rio Grande do Sul,16.17064,55.57184,RS,Rio Grande do Sul,South,TRUE,TRUE,mapped
200107,2001-07-01,2001,7,50,Mato Grosso do Sul,10.04885,34.85695,MS,Mato Grosso do Sul,Center-West,TRUE,TRUE,mapped
200107,2001-07-01,2001,7,51,Mato Grosso,15.28348,50.2393,MT,Mato Grosso,Center-West,TRUE,TRUE,mapped
200107,2001-07-01,2001,7,52,Goiás,19.66722,64.07087,GO,Goias,Center-West,TRUE,TRUE,mapped
200107,2001-07-01,2001,7,53,Distrito Federal,25.55899,80.93608,DF,Distrito Federal,Center-West,TRUE,TRUE,mapped
200108,2001-08-01,2001,8,11,Rondônia,9.5932,25.53401,RO,Rondonia,North,TRUE,TRUE,mapped
200108,2001-08-01,2001,8,12,Acre,8.26798,25.34497,AC,Acre,North,TRUE,TRUE,mapped
200108,2001-08-01,2001,8,13,Amazonas,14.05464,43.82786,AM,Amazonas,North,TRUE,TRUE,mapped
200108,2001-08-01,2001,8,14,Roraima,9.85597,29.9952,RR,Roraima,North,TRUE,TRUE,mapped
200108,2001-08-01,2001,8,15,Pará,11.28618,36.9128,PA,Para,North,TRUE,TRUE,mapped
200108,2001-08-01,2001,8,16,Amapá,13.30584,38.3944,AP,Amapa,North,TRUE,TRUE,mapped
200108,2001-08-01,2001,8,17,Tocantins,7.81438,24.96868,TO,Tocantins,North,TRUE,TRUE,mapped
200108,2001-08-01,2001,8,21,Maranhão,7.48865,27.24634,MA,Maranhao,Northeast,TRUE,TRUE,mapped
200108,2001-08-01,2001,8,22,Piauí,12.10858,41.08538,PI,Piaui,Northeast,TRUE,TRUE,mapped
200108,2001-08-01,2001,8,23,Ceará,14.91246,48.39607,CE,Ceara,Northeast,TRUE,TRUE,mapped
200108,2001-08-01,2001,8,24,Rio Grande do Norte,13.09032,43.8256,RN,Rio Grande do Norte,Northeast,TRUE,TRUE,mapped
200108,2001-08-01,2001,8,25,Paraíba,11.43971,37.18286,PB,Paraiba,Northeast,TRUE,TRUE,mapped
200108,2001-08-01,2001,8,26,Pernambuco,15.36658,51.82626,PE,Pernambuco,Northeast,TRUE,TRUE,mapped
200108,2001-08-01,2001,8,27,Alagoas,10.92911,37.14073,AL,Alagoas,Northeast,TRUE,TRUE,mapped
200108,2001-08-01,2001,8,28,Sergipe,15.24194,55.70067,SE,Sergipe,Northeast,TRUE,TRUE,mapped
200108,2001-08-01,2001,8,29,Bahia,19.93261,61.88376,BA,Bahia,Northeast,TRUE,TRUE,mapped
200108,2001-08-01,2001,8,31,Minas Gerais,12.65774,42.70323,MG,Minas Gerais,Southeast,TRUE,TRUE,mapped
200108,2001-08-01,2001,8,32,Espírito Santo,13.16447,44.80302,ES,Espirito Santo,Southeast,TRUE,TRUE,mapped
200108,2001-08-01,2001,8,33,Rio de Janeiro,19.91138,65.74982,RJ,Rio de Janeiro,Southeast,TRUE,TRUE,mapped
200108,2001-08-01,2001,8,35,São Paulo,14.03479,47.27573,SP,Sao Paulo,Southeast,TRUE,TRUE,mapped
200108,2001-08-01,2001,8,41,Paraná,15.41965,54.5315,PR,Parana,South,TRUE,TRUE,mapped
200108,2001-08-01,2001,8,42,Santa Catarina,10.48278,37.05088,SC,Santa Catarina,South,TRUE,TRUE,mapped
200108,2001-08-01,2001,8,43,Rio Grande do Sul,16.8987,57.92658,RS,Rio Grande do Sul,South,TRUE,TRUE,mapped
200108,2001-08-01,2001,8,50,Mato Grosso do Sul,10.6683,36.53924,MS,Mato Grosso do Sul,Center-West,TRUE,TRUE,mapped
200108,2001-08-01,2001,8,51,Mato Grosso,15.37056,49.74352,MT,Mato Grosso,Center-West,TRUE,TRUE,mapped
200108,2001-08-01,2001,8,52,Goiás,19.66722,63.4743,GO,Goias,Center-West,TRUE,TRUE,mapped
200108,2001-08-01,2001,8,53,Distrito Federal,26.85054,84.14783,DF,Distrito Federal,Center-West,TRUE,TRUE,mapped
200109,2001-09-01,2001,9,11,Rondônia,9.27343,24.31034,RO,Rondonia,North,TRUE,TRUE,mapped
200109,2001-09-01,2001,9,12,Acre,8.23056,25.34497,AC,Acre,North,TRUE,TRUE,mapped
200109,2001-09-01,2001,9,13,Amazonas,13.16451,40.95667,AM,Amazonas,North,TRUE,TRUE,mapped
200109,2001-09-01,2001,9,14,Roraima,9.12086,27.51711,RR,Roraima,North,TRUE,TRUE,mapped
200109,2001-09-01,2001,9,15,Pará,10.4057,34.09616,PA,Para,North,TRUE,TRUE,mapped
200109,2001-09-01,2001,9,16,Amapá,12.73117,36.5215,AP,Amapa,North,TRUE,TRUE,mapped
200109,2001-09-01,2001,9,17,Tocantins,7.34924,23.68164,TO,Tocantins,North,TRUE,TRUE,mapped
200109,2001-09-01,2001,9,21,Maranhão,6.93802,24.99458,MA,Maranhao,Northeast,TRUE,TRUE,mapped
200109,2001-09-01,2001,9,22,Piauí,11.17372,37.85596,PI,Piaui,Northeast,TRUE,TRUE,mapped
200109,2001-09-01,2001,9,23,Ceará,13.27754,43.22853,CE,Ceara,Northeast,TRUE,TRUE,mapped
200109,2001-09-01,2001,9,24,Rio Grande do Norte,12.83195,42.83366,RN,Rio Grande do Norte,Northeast,TRUE,TRUE,mapped
200109,2001-09-01,2001,9,25,Paraíba,10.55291,34.23184,PB,Paraiba,Northeast,TRUE,TRUE,mapped
200109,2001-09-01,2001,9,26,Pernambuco,14.72217,49.48824,PE,Pernambuco,Northeast,TRUE,TRUE,mapped
200109,2001-09-01,2001,9,27,Alagoas,10.30964,34.95083,AL,Alagoas,Northeast,TRUE,TRUE,mapped
200109,2001-09-01,2001,9,28,Sergipe,14.62097,53.24329,SE,Sergipe,Northeast,TRUE,TRUE,mapped
200109,2001-09-01,2001,9,29,Bahia,18.73665,58.289790000000004,BA,Bahia,Northeast,TRUE,TRUE,mapped
200109,2001-09-01,2001,9,31,Minas Gerais,12.37099,41.56447,MG,Minas Gerais,Southeast,TRUE,TRUE,mapped
200109,2001-09-01,2001,9,32,Espírito Santo,12.64822,42.90529,ES,Espirito Santo,Southeast,TRUE,TRUE,mapped
200109,2001-09-01,2001,9,33,Rio de Janeiro,18.91843,62.44685,RJ,Rio de Janeiro,Southeast,TRUE,TRUE,mapped
200109,2001-09-01,2001,9,35,São Paulo,13.73708,46.16033,SP,Sao Paulo,Southeast,TRUE,TRUE,mapped
200109,2001-09-01,2001,9,41,Paraná,14.41674,50.40943,PR,Parana,South,TRUE,TRUE,mapped
200109,2001-09-01,2001,9,42,Santa Catarina,10.08721,35.41928,SC,Santa Catarina,South,TRUE,TRUE,mapped
200109,2001-09-01,2001,9,43,Rio Grande do Sul,15.63417,53.13861,RS,Rio Grande do Sul,South,TRUE,TRUE,mapped
200109,2001-09-01,2001,9,50,Mato Grosso do Sul,10.04885,34.65508,MS,Mato Grosso do Sul,Center-West,TRUE,TRUE,mapped
200109,2001-09-01,2001,9,51,Mato Grosso,14.41262,47.01671,MT,Mato Grosso,Center-West,TRUE,TRUE,mapped
200109,2001-09-01,2001,9,52,Goiás,19.22738,62.04255,GO,Goias,Center-West,TRUE,TRUE,mapped
200109,2001-09-01,2001,9,53,Distrito Federal,25.55899,79.52291,DF,Distrito Federal,Center-West,TRUE,TRUE,mapped
200110,2001-10-01,2001,10,11,Rondônia,10.12616,26.10506,RO,Rondonia,North,TRUE,TRUE,mapped
200110,2001-10-01,2001,10,12,Acre,8.56727,25.92099,AC,Acre,North,TRUE,TRUE,mapped
200110,2001-10-01,2001,10,13,Amazonas,14.56998,44.92567,AM,Amazonas,North,TRUE,TRUE,mapped
200110,2001-10-01,2001,10,14,Roraima,9.63816,28.54965,RR,Roraima,North,TRUE,TRUE,mapped
200110,2001-10-01,2001,10,15,Pará,11.84649,38.46936,PA,Para,North,TRUE,TRUE,mapped
200110,2001-10-01,2001,10,16,Amapá,14.36678,40.57945,AP,Amapa,North,TRUE,TRUE,mapped
200110,2001-10-01,2001,10,17,Tocantins,7.44226,23.16682,TO,Tocantins,North,TRUE,TRUE,mapped
200110,2001-10-01,2001,10,21,Maranhão,7.81903,27.69669,MA,Maranhao,Northeast,TRUE,TRUE,mapped
200110,2001-10-01,2001,10,22,Piauí,12.24213,40.63685,PI,Piaui,Northeast,TRUE,TRUE,mapped
200110,2001-10-01,2001,10,23,Ceará,14.66475,46.90543,CE,Ceara,Northeast,TRUE,TRUE,mapped
200110,2001-10-01,2001,10,24,Rio Grande do Norte,13.2195,43.19436,RN,Rio Grande do Norte,Northeast,TRUE,TRUE,mapped
200110,2001-10-01,2001,10,25,Paraíba,11.52839,37.09854,PB,Paraiba,Northeast,TRUE,TRUE,mapped
200110,2001-10-01,2001,10,26,Pernambuco,15.76313,52.6056,PE,Pernambuco,Northeast,TRUE,TRUE,mapped
200110,2001-10-01,2001,10,27,Alagoas,11.23884,37.9291,AL,Alagoas,Northeast,TRUE,TRUE,mapped
200110,2001-10-01,2001,10,28,Sergipe,15.5242,56.05173,SE,Sergipe,Northeast,TRUE,TRUE,mapped
200110,2001-10-01,2001,10,29,Bahia,20.27431,61.77145,BA,Bahia,Northeast,TRUE,TRUE,mapped
200110,2001-10-01,2001,10,31,Minas Gerais,13.10834,43.59796,MG,Minas Gerais,Southeast,TRUE,TRUE,mapped
200110,2001-10-01,2001,10,32,Espírito Santo,13.76677,46.2882,ES,Espirito Santo,Southeast,TRUE,TRUE,mapped
200110,2001-10-01,2001,10,33,Rio de Janeiro,20.12043,65.85304,RJ,Rio de Janeiro,Southeast,TRUE,TRUE,mapped
200110,2001-10-01,2001,10,35,São Paulo,14.88538,49.33493,SP,Sao Paulo,Southeast,TRUE,TRUE,mapped
200110,2001-10-01,2001,10,41,Paraná,15.37786,52.64222,PR,Parana,South,TRUE,TRUE,mapped
200110,2001-10-01,2001,10,42,Santa Catarina,11.14208,38.41055,SC,Santa Catarina,South,TRUE,TRUE,mapped
200110,2001-10-01,2001,10,43,Rio Grande do Sul,17.12862,57.61261,RS,Rio Grande do Sul,South,TRUE,TRUE,mapped
200110,2001-10-01,2001,10,50,Mato Grosso do Sul,10.6683,35.73174,MS,Mato Grosso do Sul,Center-West,TRUE,TRUE,mapped
200110,2001-10-01,2001,10,51,Mato Grosso,14.02074,44.20728,MT,Mato Grosso,Center-West,TRUE,TRUE,mapped
200110,2001-10-01,2001,10,52,Goiás,19.66722,62.04255,GO,Goias,Center-West,TRUE,TRUE,mapped
200110,2001-10-01,2001,10,53,Distrito Federal,26.03482,79.77985,DF,Distrito Federal,Center-West,TRUE,TRUE,mapped
200111,2001-11-01,2001,11,11,Rondônia,9.8596800000000009,25.12612,RO,Rondonia,North,TRUE,TRUE,mapped
200111,2001-11-01,2001,11,12,Acre,7.78162,23.36089,AC,Acre,North,TRUE,TRUE,mapped
200111,2001-11-01,2001,11,13,Amazonas,14.52313,44.50344,AM,Amazonas,North,TRUE,TRUE,mapped
200111,2001-11-01,2001,11,14,Roraima,10.18269,30.09846,RR,Roraima,North,TRUE,TRUE,mapped
200111,2001-11-01,2001,11,15,Pará,11.40625,36.69043,PA,Para,North,TRUE,TRUE,mapped
200111,2001-11-01,2001,11,16,Amapá,14.80883,41.35982,AP,Amapa,North,TRUE,TRUE,mapped
200111,2001-11-01,2001,11,17,Tocantins,7.67483,23.51003,TO,Tocantins,North,TRUE,TRUE,mapped
200111,2001-11-01,2001,11,21,Maranhão,7.78232,27.17128,MA,Maranhao,Northeast,TRUE,TRUE,mapped
200111,2001-11-01,2001,11,22,Piauí,12.19761,40.00891,PI,Piaui,Northeast,TRUE,TRUE,mapped
200111,2001-11-01,2001,11,23,Ceará,14.71429,46.50793,CE,Ceara,Northeast,TRUE,TRUE,mapped
200111,2001-11-01,2001,11,24,Rio Grande do Norte,13.39174,43.37472,RN,Rio Grande do Norte,Northeast,TRUE,TRUE,mapped
200111,2001-11-01,2001,11,25,Paraíba,11.75009,37.68875,PB,Paraiba,Northeast,TRUE,TRUE,mapped
200111,2001-11-01,2001,11,26,Pernambuco,16.35797,54.26171,PE,Pernambuco,Northeast,TRUE,TRUE,mapped
200111,2001-11-01,2001,11,27,Alagoas,11.63707,38.98025,AL,Alagoas,Northeast,TRUE,TRUE,mapped
200111,2001-11-01,2001,11,28,Sergipe,15.35485,55.2326,SE,Sergipe,Northeast,TRUE,TRUE,mapped
200111,2001-11-01,2001,11,29,Bahia,20.33126,61.99607,BA,Bahia,Northeast,TRUE,TRUE,mapped
200111,2001-11-01,2001,11,31,Minas Gerais,12.86256,42.62189,MG,Minas Gerais,Southeast,TRUE,TRUE,mapped
200111,2001-11-01,2001,11,32,Espírito Santo,13.16447,43.48286,ES,Espirito Santo,Southeast,TRUE,TRUE,mapped
200111,2001-11-01,2001,11,33,Rio de Janeiro,20.22495,65.33695,RJ,Rio de Janeiro,Southeast,TRUE,TRUE,mapped
200111,2001-11-01,2001,11,35,São Paulo,14.67273,48.21953,SP,Sao Paulo,Southeast,TRUE,TRUE,mapped
200111,2001-11-01,2001,11,41,Paraná,15.21071,51.86933,PR,Parana,South,TRUE,TRUE,mapped
200111,2001-11-01,2001,11,42,Santa Catarina,11.04318,37.73071,SC,Santa Catarina,South,TRUE,TRUE,mapped
200111,2001-11-01,2001,11,43,Rio Grande do Sul,16.78374,56.04279,RS,Rio Grande do Sul,South,TRUE,TRUE,mapped
200111,2001-11-01,2001,11,50,Mato Grosso do Sul,9.9112,32.70363,MS,Mato Grosso do Sul,Center-West,TRUE,TRUE,mapped
200111,2001-11-01,2001,11,51,Mato Grosso,13.23697,41.14995,MT,Mato Grosso,Center-West,TRUE,TRUE,mapped
200111,2001-11-01,2001,11,52,Goiás,20.73541,64.42881,GO,Goias,Center-West,TRUE,TRUE,mapped
200111,2001-11-01,2001,11,53,Distrito Federal,25.8309,79.00903,DF,Distrito Federal,Center-West,TRUE,TRUE,mapped
200112,2001-12-01,2001,12,11,Rondônia,14.12333,36.13919,RO,Rondonia,North,TRUE,TRUE,mapped
200112,2001-12-01,2001,12,12,Acre,10.66232,31.87322,AC,Acre,North,TRUE,TRUE,mapped
200112,2001-12-01,2001,12,13,Amazonas,22.76851,69.83746,AM,Amazonas,North,TRUE,TRUE,mapped
200112,2001-12-01,2001,12,14,Roraima,12.66029,37.635980000000004,RR,Roraima,North,TRUE,TRUE,mapped
200112,2001-12-01,2001,12,15,Pará,19.77083,63.52262,PA,Para,North,TRUE,TRUE,mapped
200112,2001-12-01,2001,12,16,Amapá,22.85423,64.38085,AP,Amapa,North,TRUE,TRUE,mapped
200112,2001-12-01,2001,12,17,Tocantins,10.27963,31.74712,TO,Tocantins,North,TRUE,TRUE,mapped
200112,2001-12-01,2001,12,21,Maranhão,11.23298,39.10563,MA,Maranhao,Northeast,TRUE,TRUE,mapped
200112,2001-12-01,2001,12,22,Piauí,18.42997,60.10307,PI,Piaui,Northeast,TRUE,TRUE,mapped
200112,2001-12-01,2001,12,23,Ceará,20.85763,65.58811,CE,Ceara,Northeast,TRUE,TRUE,mapped
200112,2001-12-01,2001,12,24,Rio Grande do Norte,18.81733,60.59836,RN,Rio Grande do Norte,Northeast,TRUE,TRUE,mapped
200112,2001-12-01,2001,12,25,Paraíba,16.89352,53.37131,PB,Paraiba,Northeast,TRUE,TRUE,mapped
200112,2001-12-01,2001,12,26,Pernambuco,24.28911,79.49291,PE,Pernambuco,Northeast,TRUE,TRUE,mapped
200112,2001-12-01,2001,12,27,Alagoas,17.78746,58.68937,AL,Alagoas,Northeast,TRUE,TRUE,mapped
200112,2001-12-01,2001,12,28,Sergipe,21.33872,75.71079,SE,Sergipe,Northeast,TRUE,TRUE,mapped
200112,2001-12-01,2001,12,29,Bahia,27.33614,83.3353,BA,Bahia,Northeast,TRUE,TRUE,mapped
200112,2001-12-01,2001,12,31,Minas Gerais,17.32758,57.42567,MG,Minas Gerais,Southeast,TRUE,TRUE,mapped
200112,2001-12-01,2001,12,32,Espírito Santo,18.28399,60.23242,ES,Espirito Santo,Southeast,TRUE,TRUE,mapped
200112,2001-12-01,2001,12,33,Rio de Janeiro,29.10929,93.51545,RJ,Rio de Janeiro,Southeast,TRUE,TRUE,mapped
200112,2001-12-01,2001,12,35,São Paulo,20.11653,65.55111,SP,Sao Paulo,Southeast,TRUE,TRUE,mapped
200112,2001-12-01,2001,12,41,Paraná,19.9745,68.7011,PR,Parana,South,TRUE,TRUE,mapped
200112,2001-12-01,2001,12,42,Santa Catarina,15.19674,52.21115,SC,Santa Catarina,South,TRUE,TRUE,mapped
200112,2001-12-01,2001,12,43,Rio Grande do Sul,22.95311,76.52902,RS,Rio Grande do Sul,South,TRUE,TRUE,mapped
200112,2001-12-01,2001,12,50,Mato Grosso do Sul,12.66431,42.05713,MS,Mato Grosso do Sul,Center-West,TRUE,TRUE,mapped
200112,2001-12-01,2001,12,51,Mato Grosso,15.23993,47.84302,MT,Mato Grosso,Center-West,TRUE,TRUE,mapped
200112,2001-12-01,2001,12,52,Goiás,27.0817,84.2347,GO,Goias,Center-West,TRUE,TRUE,mapped
200112,2001-12-01,2001,12,53,Distrito Federal,34.46385,105.60231,DF,Distrito Federal,Center-West,TRUE,TRUE,mapped
200201,2002-01-01,2002,1,11,Rondônia,8.63388,21.94456,RO,Rondonia,North,TRUE,TRUE,mapped
200201,2002-01-01,2002,1,12,Acre,7.10822,20.9288,AC,Acre,North,TRUE,TRUE,mapped
200201,2002-01-01,2002,1,13,Amazonas,14.00779,42.47671,AM,Amazonas,North,TRUE,TRUE,mapped
200201,2002-01-01,2002,1,14,Roraima,9.80152,29.58219,RR,Roraima,North,TRUE,TRUE,mapped
200201,2002-01-01,2002,1,15,Pará,12.0466,38.39524,PA,Para,North,TRUE,TRUE,mapped
200201,2002-01-01,2002,1,16,Amapá,13.7479,39.17477,AP,Amapa,North,TRUE,TRUE,mapped
200201,2002-01-01,2002,1,17,Tocantins,7.25621,22.5662,TO,Tocantins,North,TRUE,TRUE,mapped
200201,2002-01-01,2002,1,21,Maranhão,7.70891,27.02116,MA,Maranhao,Northeast,TRUE,TRUE,mapped
200201,2002-01-01,2002,1,22,Piauí,17.62866,55.34865,PI,Piaui,Northeast,TRUE,TRUE,mapped
200201,2002-01-01,2002,1,23,Ceará,14.76383,46.70668,CE,Ceara,Northeast,TRUE,TRUE,mapped
200201,2002-01-01,2002,1,24,Rio Grande do Norte,12.83195,41.9319,RN,Rio Grande do Norte,Northeast,TRUE,TRUE,mapped
200201,2002-01-01,2002,1,25,Paraíba,11.92744,38.27895,PB,Paraiba,Northeast,TRUE,TRUE,mapped
200201,2002-01-01,2002,1,26,Pernambuco,16.20926,53.77462,PE,Pernambuco,Northeast,TRUE,TRUE,mapped
200201,2002-01-01,2002,1,27,Alagoas,11.19459,37.40352,AL,Alagoas,Northeast,TRUE,TRUE,mapped
200201,2002-01-01,2002,1,28,Sergipe,15.97581,57.33893,SE,Sergipe,Northeast,TRUE,TRUE,mapped
200201,2002-01-01,2002,1,29,Bahia,20.04651,61.99607,BA,Bahia,Northeast,TRUE,TRUE,mapped
200201,2002-01-01,2002,1,31,Minas Gerais,12.61678,41.80849,MG,Minas Gerais,Southeast,TRUE,TRUE,mapped
200201,2002-01-01,2002,1,32,Espírito Santo,13.80979,45.21557,ES,Espirito Santo,Southeast,TRUE,TRUE,mapped
200201,2002-01-01,2002,1,33,Rio de Janeiro,19.96364,63.68546,RJ,Rio de Janeiro,Southeast,TRUE,TRUE,mapped
200201,2002-01-01,2002,1,35,São Paulo,13.52443,44.01534,SP,Sao Paulo,Southeast,TRUE,TRUE,mapped
200201,2002-01-01,2002,1,41,Paraná,14.41674,49.63654,PR,Parana,South,TRUE,TRUE,mapped
200201,2002-01-01,2002,1,42,Santa Catarina,10.64761,36.575,SC,Santa Catarina,South,TRUE,TRUE,mapped
200201,2002-01-01,2002,1,43,Rio Grande do Sul,15.05939,50.15594,RS,Rio Grande do Sul,South,TRUE,TRUE,mapped
200201,2002-01-01,2002,1,50,Mato Grosso do Sul,9.73913,33.04008,MS,Mato Grosso do Sul,Center-West,TRUE,TRUE,mapped
200201,2002-01-01,2002,1,51,Mato Grosso,12.01778,38.75367,MT,Mato Grosso,Center-West,TRUE,TRUE,mapped
200201,2002-01-01,2002,1,52,Goiás,19.79289,62.28118,GO,Goias,Center-West,TRUE,TRUE,mapped
200201,2002-01-01,2002,1,53,Distrito Federal,24.13149,74.64105,DF,Distrito Federal,Center-West,TRUE,TRUE,mapped
200202,2002-02-01,2002,2,11,Rondônia,8.26081,21.12878,RO,Rondonia,North,TRUE,TRUE,mapped
200202,2002-02-01,2002,2,12,Acre,7.25786,21.24881,AC,Acre,North,TRUE,TRUE,mapped
200202,2002-02-01,2002,2,13,Amazonas,13.30506,40.2811,AM,Amazonas,North,TRUE,TRUE,mapped
200202,2002-02-01,2002,2,14,Roraima,8.79414,27.05247,RR,Roraima,North,TRUE,TRUE,mapped
200202,2002-02-01,2002,2,15,Pará,10.76589,34.31852,PA,Para,North,TRUE,TRUE,mapped
200202,2002-02-01,2002,2,16,Amapá,12.908,37.37991,AP,Amapa,North,TRUE,TRUE,mapped
200202,2002-02-01,2002,2,17,Tocantins,6.88409,21.53656,TO,Tocantins,North,TRUE,TRUE,mapped
200202,2002-02-01,2002,2,21,Maranhão,6.53422,23.11811,MA,Maranhao,Northeast,TRUE,TRUE,mapped
200202,2002-02-01,2002,2,22,Piauí,14.69055,46.55745,PI,Piaui,Northeast,TRUE,TRUE,mapped
200202,2002-02-01,2002,2,23,Ceará,12.78211,40.64475,CE,Ceara,Northeast,TRUE,TRUE,mapped
200202,2002-02-01,2002,2,24,Rio Grande do Norte,11.84157,39.31679,RN,Rio Grande do Norte,Northeast,TRUE,TRUE,mapped
200202,2002-02-01,2002,2,25,Paraíba,10.59725,33.97889,PB,Paraiba,Northeast,TRUE,TRUE,mapped
200202,2002-02-01,2002,2,26,Pernambuco,14.52389,48.12439,PE,Pernambuco,Northeast,TRUE,TRUE,mapped
200202,2002-02-01,2002,2,27,Alagoas,10.13266,33.81208,AL,Alagoas,Northeast,TRUE,TRUE,mapped
200202,2002-02-01,2002,2,28,Sergipe,14.56452,52.42416,SE,Sergipe,Northeast,TRUE,TRUE,mapped
200202,2002-02-01,2002,2,29,Bahia,18.73665,59.30059,BA,Bahia,Northeast,TRUE,TRUE,mapped
200202,2002-02-01,2002,2,31,Minas Gerais,11.75654,39.20563,MG,Minas Gerais,Southeast,TRUE,TRUE,mapped
200202,2002-02-01,2002,2,32,Espírito Santo,12.47613,40.842529999999996,ES,Espirito Santo,Southeast,TRUE,TRUE,mapped
200202,2002-02-01,2002,2,33,Rio de Janeiro,17.97773,57.28595,RJ,Rio de Janeiro,Southeast,TRUE,TRUE,mapped
200202,2002-02-01,2002,2,35,São Paulo,12.92901,42.04194,SP,Sao Paulo,Southeast,TRUE,TRUE,mapped
200202,2002-02-01,2002,2,41,Paraná,13.45563,46.80262,PR,Parana,South,TRUE,TRUE,mapped
200202,2002-02-01,2002,2,42,Santa Catarina,10.02128,34.67147,SC,Santa Catarina,South,TRUE,TRUE,mapped
200202,2002-02-01,2002,2,43,Rio Grande do Sul,14.29301,47.95818,RS,Rio Grande do Sul,South,TRUE,TRUE,mapped
200202,2002-02-01,2002,2,50,Mato Grosso do Sul,9.05085,30.88676,MS,Mato Grosso do Sul,Center-West,TRUE,TRUE,mapped
200202,2002-02-01,2002,2,51,Mato Grosso,12.19195,39.57998,MT,Mato Grosso,Center-West,TRUE,TRUE,mapped
200202,2002-02-01,2002,2,52,Goiás,18.03352,56.55417,GO,Goias,Center-West,TRUE,TRUE,mapped
200202,2002-02-01,2002,2,53,Distrito Federal,22.22817,68.8599,DF,Distrito Federal,Center-West,TRUE,TRUE,mapped
200203,2002-03-01,2002,3,11,Rondônia,10.12616,25.37085,RO,Rondonia,North,TRUE,TRUE,mapped
200203,2002-03-01,2002,3,12,Acre,8.52986,24.57694,AC,Acre,North,TRUE,TRUE,mapped
200203,2002-03-01,2002,3,13,Amazonas,14.38258,42.89895,AM,Amazonas,North,TRUE,TRUE,mapped
200203,2002-03-01,2002,3,14,Roraima,9.39312,27.8785,RR,Roraima,North,TRUE,TRUE,mapped
200203,2002-03-01,2002,3,15,Pará,12.16666,38.09875,PA,Para,North,TRUE,TRUE,mapped
200203,2002-03-01,2002,3,16,Amapá,13.7479,38.55047,AP,Amapa,North,TRUE,TRUE,mapped
200203,2002-03-01,2002,3,17,Tocantins,7.20969,22.39459,TO,Tocantins,North,TRUE,TRUE,mapped
200203,2002-03-01,2002,3,21,Maranhão,7.89245,27.3214,MA,Maranhao,Northeast,TRUE,TRUE,mapped
200203,2002-03-01,2002,3,22,Piauí,13.13246,42.16185,PI,Piaui,Northeast,TRUE,TRUE,mapped
200203,2002-03-01,2002,3,23,Ceará,13.97115,43.82478,CE,Ceara,Northeast,TRUE,TRUE,mapped
200203,2002-03-01,2002,3,24,Rio Grande do Norte,13.26256,42.83366,RN,Rio Grande do Norte,Northeast,TRUE,TRUE,mapped
200203,2002-03-01,2002,3,25,Paraíba,11.52839,36.33971,PB,Paraiba,Northeast,TRUE,TRUE,mapped
200203,2002-03-01,2002,3,26,Pernambuco,16.35797,53.28753,PE,Pernambuco,Northeast,TRUE,TRUE,mapped
200203,2002-03-01,2002,3,27,Alagoas,11.54857,37.9291,AL,Alagoas,Northeast,TRUE,TRUE,mapped
200203,2002-03-01,2002,3,28,Sergipe,16.65323,58.74315,SE,Sergipe,Northeast,TRUE,TRUE,mapped
200203,2002-03-01,2002,3,29,Bahia,20.44516,63.56844,BA,Bahia,Northeast,TRUE,TRUE,mapped
200203,2002-03-01,2002,3,31,Minas Gerais,13.43605,44.57403,MG,Minas Gerais,Southeast,TRUE,TRUE,mapped
200203,2002-03-01,2002,3,32,Espírito Santo,13.98187,45.54561,ES,Espirito Santo,Southeast,TRUE,TRUE,mapped
200203,2002-03-01,2002,3,33,Rio de Janeiro,20.9566,66.36913,RJ,Rio de Janeiro,Southeast,TRUE,TRUE,mapped
200203,2002-03-01,2002,3,35,São Paulo,15.0555,48.82013,SP,Sao Paulo,Southeast,TRUE,TRUE,mapped
200203,2002-03-01,2002,3,41,Paraná,15.71216,53.84449,PR,Parana,South,TRUE,TRUE,mapped
200203,2002-03-01,2002,3,42,Santa Catarina,11.43876,39.15836,SC,Santa Catarina,South,TRUE,TRUE,mapped
200203,2002-03-01,2002,3,43,Rio Grande do Sul,16.78374,55.88581,RS,Rio Grande do Sul,South,TRUE,TRUE,mapped
200203,2002-03-01,2002,3,50,Mato Grosso do Sul,10.49623,35.39528,MS,Mato Grosso do Sul,Center-West,TRUE,TRUE,mapped
200203,2002-03-01,2002,3,51,Mato Grosso,13.6724,43.7115,MT,Mato Grosso,Center-West,TRUE,TRUE,mapped
200203,2002-03-01,2002,3,52,Goiás,20.54691,63.83224,GO,Goias,Center-West,TRUE,TRUE,mapped
200203,2002-03-01,2002,3,53,Distrito Federal,26.85054,82.73466,DF,Distrito Federal,Center-West,TRUE,TRUE,mapped
200204,2002-04-01,2002,4,11,Rondônia,9.32673,23.24982,RO,Rondonia,North,TRUE,TRUE,mapped
200204,2002-04-01,2002,4,12,Acre,7.63198,21.95284,AC,Acre,North,TRUE,TRUE,mapped
200204,2002-04-01,2002,4,13,Amazonas,14.00779,41.71669,AM,Amazonas,North,TRUE,TRUE,mapped
200204,2002-04-01,2002,4,14,Roraima,9.14808,26.43295,RR,Roraima,North,TRUE,TRUE,mapped
200204,2002-04-01,2002,4,15,Pará,11.76644,36.83867,PA,Para,North,TRUE,TRUE,mapped
200204,2002-04-01,2002,4,16,Amapá,15.3835,42.60842,AP,Amapa,North,TRUE,TRUE,mapped
200204,2002-04-01,2002,4,17,Tocantins,7.72135,23.51003,TO,Tocantins,North,TRUE,TRUE,mapped
200204,2002-04-01,2002,4,21,Maranhão,7.96587,27.62163,MA,Maranhao,Northeast,TRUE,TRUE,mapped
200204,2002-04-01,2002,4,22,Piauí,13.2215,42.8795,PI,Piaui,Northeast,TRUE,TRUE,mapped
200204,2002-04-01,2002,4,23,Ceará,13.87206,43.3279,CE,Ceara,Northeast,TRUE,TRUE,mapped
200204,2002-04-01,2002,4,24,Rio Grande do Norte,12.96113,41.75155,RN,Rio Grande do Norte,Northeast,TRUE,TRUE,mapped
200204,2002-04-01,2002,4,25,Paraíba,11.17367,35.07499,PB,Paraiba,Northeast,TRUE,TRUE,mapped
200204,2002-04-01,2002,4,26,Pernambuco,15.36658,50.26758,PE,Pernambuco,Northeast,TRUE,TRUE,mapped
200204,2002-04-01,2002,4,27,Alagoas,10.92911,35.6516,AL,Alagoas,Northeast,TRUE,TRUE,mapped
200204,2002-04-01,2002,4,28,Sergipe,15.46775,54.41347,SE,Sergipe,Northeast,TRUE,TRUE,mapped
200204,2002-04-01,2002,4,29,Bahia,19.8187,60.08677,BA,Bahia,Northeast,TRUE,TRUE,mapped
200204,2002-04-01,2002,4,31,Minas Gerais,12.6987,41.48313,MG,Minas Gerais,Southeast,TRUE,TRUE,mapped
200204,2002-04-01,2002,4,32,Espírito Santo,14.28302,46.45322,ES,Espirito Santo,Southeast,TRUE,TRUE,mapped
200204,2002-04-01,2002,4,33,Rio de Janeiro,19.17973,60.58893,RJ,Rio de Janeiro,Southeast,TRUE,TRUE,mapped
200204,2002-04-01,2002,4,35,São Paulo,14.07732,45.30234,SP,Sao Paulo,Southeast,TRUE,TRUE,mapped
200204,2002-04-01,2002,4,41,Paraná,14.83462,49.72242,PR,Parana,South,TRUE,TRUE,mapped
200204,2002-04-01,2002,4,42,Santa Catarina,10.58168,35.7592,SC,Santa Catarina,South,TRUE,TRUE,mapped
200204,2002-04-01,2002,4,43,Rio Grande do Sul,16.47719,53.84503,RS,Rio Grande do Sul,South,TRUE,TRUE,mapped
200204,2002-04-01,2002,4,50,Mato Grosso do Sul,10.42741,34.31862,MS,Mato Grosso do Sul,Center-West,TRUE,TRUE,mapped
200204,2002-04-01,2002,4,51,Mato Grosso,13.49823,41.811,MT,Mato Grosso,Center-West,TRUE,TRUE,mapped
200204,2002-04-01,2002,4,52,Goiás,19.29022,59.17905,GO,Goias,Center-West,TRUE,TRUE,mapped
200204,2002-04-01,2002,4,53,Distrito Federal,26.23875,79.90832,DF,Distrito Federal,Center-West,TRUE,TRUE,mapped
200205,2002-05-01,2002,5,11,Rondônia,12.20469,30.02082,RO,Rondonia,North,TRUE,TRUE,mapped
200205,2002-05-01,2002,5,12,Acre,8.56727,24.83295,AC,Acre,North,TRUE,TRUE,mapped
200205,2002-05-01,2002,5,13,Amazonas,15.4601,46.27682,AM,Amazonas,North,TRUE,TRUE,mapped
200205,2002-05-01,2002,5,14,Roraima,8.9575,26.22644,RR,Roraima,North,TRUE,TRUE,mapped
200205,2002-05-01,2002,5,15,Pará,13.28728,41.58249,PA,Para,North,TRUE,TRUE,mapped
200205,2002-05-01,2002,5,16,Amapá,17.41695,48.30515,AP,Amapa,North,TRUE,TRUE,mapped
200205,2002-05-01,2002,5,17,Tocantins,9.25632,27.88599,TO,Tocantins,North,TRUE,TRUE,mapped
200205,2002-05-01,2002,5,21,Maranhão,8.25954,28.74751,MA,Maranhao,Northeast,TRUE,TRUE,mapped
200205,2002-05-01,2002,5,22,Piauí,14.15635,46.10892,PI,Piaui,Northeast,TRUE,TRUE,mapped
200205,2002-05-01,2002,5,23,Ceará,15.95287,49.98609,CE,Ceara,Northeast,TRUE,TRUE,mapped
200205,2002-05-01,2002,5,24,Rio Grande do Norte,13.73622,44.45683,RN,Rio Grande do Norte,Northeast,TRUE,TRUE,mapped
200205,2002-05-01,2002,5,25,Paraíba,12.72556,39.62799,PB,Paraiba,Northeast,TRUE,TRUE,mapped
200205,2002-05-01,2002,5,26,Pernambuco,16.9528,55.13847,PE,Pernambuco,Northeast,TRUE,TRUE,mapped
200205,2002-05-01,2002,5,27,Alagoas,12.07954,39.24304,AL,Alagoas,Northeast,TRUE,TRUE,mapped
200205,2002-05-01,2002,5,28,Sergipe,16.76614,58.74315,SE,Sergipe,Northeast,TRUE,TRUE,mapped
200205,2002-05-01,2002,5,29,Bahia,20.61601,62.78225,BA,Bahia,Northeast,TRUE,TRUE,mapped
200205,2002-05-01,2002,5,31,Minas Gerais,13.5999,44.57403,MG,Minas Gerais,Southeast,TRUE,TRUE,mapped
200205,2002-05-01,2002,5,32,Espírito Santo,13.6377,44.638,ES,Espirito Santo,Southeast,TRUE,TRUE,mapped
200205,2002-05-01,2002,5,33,Rio de Janeiro,21.53147,68.22705,RJ,Rio de Janeiro,Southeast,TRUE,TRUE,mapped
200205,2002-05-01,2002,5,35,São Paulo,14.92791,47.87633,SP,Sao Paulo,Southeast,TRUE,TRUE,mapped
200205,2002-05-01,2002,5,41,Paraná,15.71216,53.32923,PR,Parana,South,TRUE,TRUE,mapped
200205,2002-05-01,2002,5,42,Santa Catarina,11.24097,38.27458,SC,Santa Catarina,South,TRUE,TRUE,mapped
200205,2002-05-01,2002,5,43,Rio Grande do Sul,17.55013,57.37714,RS,Rio Grande do Sul,South,TRUE,TRUE,mapped
200205,2002-05-01,2002,5,50,Mato Grosso do Sul,10.73713,35.32799,MS,Mato Grosso do Sul,Center-West,TRUE,TRUE,mapped
200205,2002-05-01,2002,5,51,Mato Grosso,16.67684,51.14824,MT,Mato Grosso,Center-West,TRUE,TRUE,mapped
200205,2002-05-01,2002,5,52,Goiás,20.48407,62.63912,GO,Goias,Center-West,TRUE,TRUE,mapped
200205,2002-05-01,2002,5,53,Distrito Federal,27.66625,83.89089,DF,Distrito Federal,Center-West,TRUE,TRUE,mapped
200206,2002-06-01,2002,6,11,Rondônia,11.29866,27.89978,RO,Rondonia,North,TRUE,TRUE,mapped
200206,2002-06-01,2002,6,12,Acre,8.04351,23.36089,AC,Acre,North,TRUE,TRUE,mapped
200206,2002-06-01,2002,6,13,Amazonas,14.14834,42.30782,AM,Amazonas,North,TRUE,TRUE,mapped
200206,2002-06-01,2002,6,14,Roraima,9.28422,27.41386,RR,Roraima,North,TRUE,TRUE,mapped
200206,2002-06-01,2002,6,15,Pará,12.16666,38.02463,PA,Para,North,TRUE,TRUE,mapped
200206,2002-06-01,2002,6,16,Amapá,16.57705,46.1201,AP,Amapa,North,TRUE,TRUE,mapped
200206,2002-06-01,2002,6,17,Tocantins,8.00043,24.02485,TO,Tocantins,North,TRUE,TRUE,mapped
200206,2002-06-01,2002,6,21,Maranhão,7.63549,26.49575,MA,Maranhao,Northeast,TRUE,TRUE,mapped
200206,2002-06-01,2002,6,22,Piauí,13.04343,42.61038,PI,Piaui,Northeast,TRUE,TRUE,mapped
200206,2002-06-01,2002,6,23,Ceará,14.11977,44.22229,CE,Ceara,Northeast,TRUE,TRUE,mapped
200206,2002-06-01,2002,6,24,Rio Grande do Norte,13.04725,42.20243,RN,Rio Grande do Norte,Northeast,TRUE,TRUE,mapped
200206,2002-06-01,2002,6,25,Paraíba,12.28216,38.44758,PB,Paraiba,Northeast,TRUE,TRUE,mapped
200206,2002-06-01,2002,6,26,Pernambuco,15.664,51.24176,PE,Pernambuco,Northeast,TRUE,TRUE,mapped
200206,2002-06-01,2002,6,27,Alagoas,11.0176,35.82679,AL,Alagoas,Northeast,TRUE,TRUE,mapped
200206,2002-06-01,2002,6,28,Sergipe,16.03227,56.5198,SE,Sergipe,Northeast,TRUE,TRUE,mapped
200206,2002-06-01,2002,6,29,Bahia,20.04651,60.53602,BA,Bahia,Northeast,TRUE,TRUE,mapped
200206,2002-06-01,2002,6,31,Minas Gerais,12.61678,41.40179,MG,Minas Gerais,Southeast,TRUE,TRUE,mapped
200206,2002-06-01,2002,6,32,Espírito Santo,12.90634,42.16269,ES,Espirito Santo,Southeast,TRUE,TRUE,mapped
200206,2002-06-01,2002,6,33,Rio de Janeiro,19.38877,61.51789,RJ,Rio de Janeiro,Southeast,TRUE,TRUE,mapped
200206,2002-06-01,2002,6,35,São Paulo,14.03479,44.87334,SP,Sao Paulo,Southeast,TRUE,TRUE,mapped
200206,2002-06-01,2002,6,41,Paraná,14.91819,50.40943,PR,Parana,South,TRUE,TRUE,mapped
200206,2002-06-01,2002,6,42,Santa Catarina,10.58168,35.96315,SC,Santa Catarina,South,TRUE,TRUE,mapped
200206,2002-06-01,2002,6,43,Rio Grande do Sul,16.51551,54.08051,RS,Rio Grande do Sul,South,TRUE,TRUE,mapped
200206,2002-06-01,2002,6,50,Mato Grosso do Sul,9.87678,32.098,MS,Mato Grosso do Sul,Center-West,TRUE,TRUE,mapped
200206,2002-06-01,2002,6,51,Mato Grosso,14.49971,44.12465,MT,Mato Grosso,Center-West,TRUE,TRUE,mapped
200206,2002-06-01,2002,6,52,Goiás,19.03888,57.86661,GO,Goias,Center-West,TRUE,TRUE,mapped
200206,2002-06-01,2002,6,53,Distrito Federal,26.3747,79.52291,DF,Distrito Federal,Center-West,TRUE,TRUE,mapped
200207,2002-07-01,2002,7,11,Rondônia,12.20469,29.93924,RO,Rondonia,North,TRUE,TRUE,mapped
200207,2002-07-01,2002,7,12,Acre,8.82915,25.40897,AC,Acre,North,TRUE,TRUE,mapped
200207,2002-07-01,2002,7,13,Amazonas,15.6475,46.53016,AM,Amazonas,North,TRUE,TRUE,mapped
200207,2002-07-01,2002,7,14,Roraima,10.99948,32.1119,RR,Roraima,North,TRUE,TRUE,mapped
200207,2002-07-01,2002,7,15,Pará,12.68695,39.43295,PA,Para,North,TRUE,TRUE,mapped
200207,2002-07-01,2002,7,16,Amapá,16.22341,45.33973,AP,Amapa,North,TRUE,TRUE,mapped
200207,2002-07-01,2002,7,17,Tocantins,8.74466,26.08412,TO,Tocantins,North,TRUE,TRUE,mapped
200207,2002-07-01,2002,7,21,Maranhão,8.4798,29.57316,MA,Maranhao,Northeast,TRUE,TRUE,mapped
200207,2002-07-01,2002,7,22,Piauí,14.64604,47.54422,PI,Piaui,Northeast,TRUE,TRUE,mapped
200207,2002-07-01,2002,7,23,Ceará,15.85378,49.58858,CE,Ceara,Northeast,TRUE,TRUE,mapped
200207,2002-07-01,2002,7,24,Rio Grande do Norte,14.03764,45.17824,RN,Rio Grande do Norte,Northeast,TRUE,TRUE,mapped
200207,2002-07-01,2002,7,25,Paraíba,12.01612,37.35149,PB,Paraiba,Northeast,TRUE,TRUE,mapped
200207,2002-07-01,2002,7,26,Pernambuco,16.3084,52.89786,PE,Pernambuco,Northeast,TRUE,TRUE,mapped
200207,2002-07-01,2002,7,27,Alagoas,11.46008,37.05314,AL,Alagoas,Northeast,TRUE,TRUE,mapped
200207,2002-07-01,2002,7,28,Sergipe,16.31452,56.75384,SE,Sergipe,Northeast,TRUE,TRUE,mapped
200207,2002-07-01,2002,7,29,Bahia,20.61601,60.3114,BA,Bahia,Northeast,TRUE,TRUE,mapped
200207,2002-07-01,2002,7,31,Minas Gerais,13.92761,45.06207,MG,Minas Gerais,Southeast,TRUE,TRUE,mapped
200207,2002-07-01,2002,7,32,Espírito Santo,14.32604,46.45322,ES,Espirito Santo,Southeast,TRUE,TRUE,mapped
200207,2002-07-01,2002,7,33,Rio de Janeiro,20.90434,65.85304,RJ,Rio de Janeiro,Southeast,TRUE,TRUE,mapped
200207,2002-07-01,2002,7,35,São Paulo,14.54514,46.07453,SP,Sao Paulo,Southeast,TRUE,TRUE,mapped
200207,2002-07-01,2002,7,41,Paraná,15.96289,53.67273,PR,Parana,South,TRUE,TRUE,mapped
200207,2002-07-01,2002,7,42,Santa Catarina,11.27394,38.07063,SC,Santa Catarina,South,TRUE,TRUE,mapped
200207,2002-07-01,2002,7,43,Rio Grande do Sul,17.20525,55.17938,RS,Rio Grande do Sul,South,TRUE,TRUE,mapped
200207,2002-07-01,2002,7,50,Mato Grosso do Sul,10.46182,33.78029,MS,Mato Grosso do Sul,Center-West,TRUE,TRUE,mapped
200207,2002-07-01,2002,7,51,Mato Grosso,15.89307,48.25617,MT,Mato Grosso,Center-West,TRUE,TRUE,mapped
200207,2002-07-01,2002,7,52,Goiás,21.42659,64.30949,GO,Goias,Center-West,TRUE,TRUE,mapped
200207,2002-07-01,2002,7,53,Distrito Federal,26.78256,80.29373,DF,Distrito Federal,Center-West,TRUE,TRUE,mapped
200208,2002-08-01,2002,8,11,Rondônia,12.68435,30.59187,RO,Rondonia,North,TRUE,TRUE,mapped
200208,2002-08-01,2002,8,12,Acre,8.86656,25.34497,AC,Acre,North,TRUE,TRUE,mapped
200208,2002-08-01,2002,8,13,Amazonas,14.71052,43.23673,AM,Amazonas,North,TRUE,TRUE,mapped
200208,2002-08-01,2002,8,14,Roraima,9.55648,27.77525,RR,Roraima,North,TRUE,TRUE,mapped
200208,2002-08-01,2002,8,15,Pará,13.3273,41.06363,PA,Para,North,TRUE,TRUE,mapped
200208,2002-08-01,2002,8,16,Amapá,15.78135,43.6229,AP,Amapa,North,TRUE,TRUE,mapped
200208,2002-08-01,2002,8,17,Tocantins,9.16329,27.19956,TO,Tocantins,North,TRUE,TRUE,mapped
200208,2002-08-01,2002,8,21,Maranhão,8.51651,28.82257,MA,Maranhao,Northeast,TRUE,TRUE,mapped
200208,2002-08-01,2002,8,22,Piauí,15.13572,47.90304,PI,Piaui,Northeast,TRUE,TRUE,mapped
200208,2002-08-01,2002,8,23,Ceará,16.00241,48.79358,CE,Ceara,Northeast,TRUE,TRUE,mapped
200208,2002-08-01,2002,8,24,Rio Grande do Norte,14.89885,46.71123,RN,Rio Grande do Norte,Northeast,TRUE,TRUE,mapped
200208,2002-08-01,2002,8,25,Paraíba,12.5482,38.27895,PB,Paraiba,Northeast,TRUE,TRUE,mapped
200208,2002-08-01,2002,8,26,Pernambuco,17.05194,54.35912,PE,Pernambuco,Northeast,TRUE,TRUE,mapped
200208,2002-08-01,2002,8,27,Alagoas,12.25653,38.89265,AL,Alagoas,Northeast,TRUE,TRUE,mapped
200208,2002-08-01,2002,8,28,Sergipe,17.61291,60.14737,SE,Sergipe,Northeast,TRUE,TRUE,mapped
200208,2002-08-01,2002,8,29,Bahia,21.69806,64.01768,BA,Bahia,Northeast,TRUE,TRUE,mapped
200208,2002-08-01,2002,8,31,Minas Gerais,14.21435,45.63145,MG,Minas Gerais,Southeast,TRUE,TRUE,mapped
200208,2002-08-01,2002,8,32,Espírito Santo,14.36906,46.20569,ES,Espirito Santo,Southeast,TRUE,TRUE,mapped
200208,2002-08-01,2002,8,33,Rio de Janeiro,21.27016,66.26591,RJ,Rio de Janeiro,Southeast,TRUE,TRUE,mapped
200208,2002-08-01,2002,8,35,São Paulo,15.31067,48.04793,SP,Sao Paulo,Southeast,TRUE,TRUE,mapped
200208,2002-08-01,2002,8,41,Paraná,16.5897,55.9914,PR,Parana,South,TRUE,TRUE,mapped
200208,2002-08-01,2002,8,42,Santa Catarina,11.70248,39.36231,SC,Santa Catarina,South,TRUE,TRUE,mapped
200208,2002-08-01,2002,8,43,Rio Grande do Sul,17.93332,57.14167,RS,Rio Grande do Sul,South,TRUE,TRUE,mapped
200208,2002-08-01,2002,8,50,Mato Grosso do Sul,10.73713,34.58779,MS,Mato Grosso do Sul,Center-West,TRUE,TRUE,mapped
200208,2002-08-01,2002,8,51,Mato Grosso,15.98016,48.50406,MT,Mato Grosso,Center-West,TRUE,TRUE,mapped
200208,2002-08-01,2002,8,52,Goiás,21.55226,64.42881,GO,Goias,Center-West,TRUE,TRUE,mapped
200208,2002-08-01,2002,8,53,Distrito Federal,29.09375,86.58876,DF,Distrito Federal,Center-West,TRUE,TRUE,mapped
200209,2002-09-01,2002,9,11,Rondônia,12.25798,29.28661,RO,Rondonia,North,TRUE,TRUE,mapped
200209,2002-09-01,2002,9,12,Acre,8.45503,23.6809,AC,Acre,North,TRUE,TRUE,mapped
200209,2002-09-01,2002,9,13,Amazonas,14.24203,41.29446,AM,Amazonas,North,TRUE,TRUE,mapped
200209,2002-09-01,2002,9,14,Roraima,10.20991,29.27243,RR,Roraima,North,TRUE,TRUE,mapped
200209,2002-09-01,2002,9,15,Pará,12.52686,38.17287,PA,Para,North,TRUE,TRUE,mapped
200209,2002-09-01,2002,9,16,Amapá,15.86976,43.15468,AP,Amapa,North,TRUE,TRUE,mapped
200209,2002-09-01,2002,9,17,Tocantins,8.83769,25.91252,TO,Tocantins,North,TRUE,TRUE,mapped
200209,2002-09-01,2002,9,21,Maranhão,7.78232,26.34563,MA,Maranhao,Northeast,TRUE,TRUE,mapped
200209,2002-09-01,2002,9,22,Piauí,14.0228,44.3148,PI,Piaui,Northeast,TRUE,TRUE,mapped
200209,2002-09-01,2002,9,23,Ceará,14.66475,44.61979,CE,Ceara,Northeast,TRUE,TRUE,mapped
200209,2002-09-01,2002,9,24,Rio Grande do Norte,13.69316,43.10419,RN,Rio Grande do Norte,Northeast,TRUE,TRUE,mapped
200209,2002-09-01,2002,9,25,Paraíba,11.8831,36.08676,PB,Paraiba,Northeast,TRUE,TRUE,mapped
200209,2002-09-01,2002,9,26,Pernambuco,15.86227,49.87791,PE,Pernambuco,Northeast,TRUE,TRUE,mapped
200209,2002-09-01,2002,9,27,Alagoas,11.15035,35.03843,AL,Alagoas,Northeast,TRUE,TRUE,mapped
200209,2002-09-01,2002,9,28,Sergipe,16.03227,54.06242,SE,Sergipe,Northeast,TRUE,TRUE,mapped
200209,2002-09-01,2002,9,29,Bahia,19.98956,57.95285,BA,Bahia,Northeast,TRUE,TRUE,mapped
200209,2002-09-01,2002,9,31,Minas Gerais,13.35412,42.29653,MG,Minas Gerais,Southeast,TRUE,TRUE,mapped
200209,2002-09-01,2002,9,32,Espírito Santo,13.50864,42.74026,ES,Espirito Santo,Southeast,TRUE,TRUE,mapped
200209,2002-09-01,2002,9,33,Rio de Janeiro,19.91138,61.10502,RJ,Rio de Janeiro,Southeast,TRUE,TRUE,mapped
200209,2002-09-01,2002,9,35,São Paulo,14.46008,44.87334,SP,Sao Paulo,Southeast,TRUE,TRUE,mapped
200209,2002-09-01,2002,9,41,Paraná,15.5868,51.35407,PR,Parana,South,TRUE,TRUE,mapped
200209,2002-09-01,2002,9,42,Santa Catarina,10.81243,35.55525,SC,Santa Catarina,South,TRUE,TRUE,mapped
200209,2002-09-01,2002,9,43,Rio Grande do Sul,16.05568,50.07745,RS,Rio Grande do Sul,South,TRUE,TRUE,mapped
200209,2002-09-01,2002,9,50,Mato Grosso do Sul,10.08327,32.36717,MS,Mato Grosso do Sul,Center-West,TRUE,TRUE,mapped
200209,2002-09-01,2002,9,51,Mato Grosso,15.1093,45.69463,MT,Mato Grosso,Center-West,TRUE,TRUE,mapped
200209,2002-09-01,2002,9,52,Goiás,21.23809,62.5198,GO,Goias,Center-West,TRUE,TRUE,mapped
200209,2002-09-01,2002,9,53,Distrito Federal,26.78256,78.23821,DF,Distrito Federal,Center-West,TRUE,TRUE,mapped
200210,2002-10-01,2002,10,11,Rondônia,13.32389,31.24449,RO,Rondonia,North,TRUE,TRUE,mapped
200210,2002-10-01,2002,10,12,Acre,8.15574,22.46486,AC,Acre,North,TRUE,TRUE,mapped
200210,2002-10-01,2002,10,13,Amazonas,15.69435,44.75678,AM,Amazonas,North,TRUE,TRUE,mapped
200210,2002-10-01,2002,10,14,Roraima,10.8089,30.71798,RR,Roraima,North,TRUE,TRUE,mapped
200210,2002-10-01,2002,10,15,Pará,14.608,43.65791,PA,Para,North,TRUE,TRUE,mapped
200210,2002-10-01,2002,10,16,Amapá,16.57705,44.32524,AP,Amapa,North,TRUE,TRUE,mapped
200210,2002-10-01,2002,10,17,Tocantins,9.72146,27.45697,TO,Tocantins,North,TRUE,TRUE,mapped
200210,2002-10-01,2002,10,21,Maranhão,8.55321,28.2221,MA,Maranhao,Northeast,TRUE,TRUE,mapped
200210,2002-10-01,2002,10,22,Piauí,14.69055,45.39127,PI,Piaui,Northeast,TRUE,TRUE,mapped
200210,2002-10-01,2002,10,23,Ceará,15.90333,47.40231,CE,Ceara,Northeast,TRUE,TRUE,mapped
200210,2002-10-01,2002,10,24,Rio Grande do Norte,15.02803,46.08,RN,Rio Grande do Norte,Northeast,TRUE,TRUE,mapped
200210,2002-10-01,2002,10,25,Paraíba,13.25764,39.45936,PB,Paraiba,Northeast,TRUE,TRUE,mapped
200210,2002-10-01,2002,10,26,Pernambuco,17.49807,54.26171,PE,Pernambuco,Northeast,TRUE,TRUE,mapped
200210,2002-10-01,2002,10,27,Alagoas,13.27422,41.17015,AL,Alagoas,Northeast,TRUE,TRUE,mapped
200210,2002-10-01,2002,10,28,Sergipe,17.72581,58.50911,SE,Sergipe,Northeast,TRUE,TRUE,mapped
200210,2002-10-01,2002,10,29,Bahia,21.92587,62.44532,BA,Bahia,Northeast,TRUE,TRUE,mapped
200210,2002-10-01,2002,10,31,Minas Gerais,14.54206,44.98073,MG,Minas Gerais,Southeast,TRUE,TRUE,mapped
200210,2002-10-01,2002,10,32,Espírito Santo,14.4551,44.72051,ES,Espirito Santo,Southeast,TRUE,TRUE,mapped
200210,2002-10-01,2002,10,33,Rio de Janeiro,21.94955,66.26591,RJ,Rio de Janeiro,Southeast,TRUE,TRUE,mapped
200210,2002-10-01,2002,10,35,São Paulo,16.2038,49.07753,SP,Sao Paulo,Southeast,TRUE,TRUE,mapped
200210,2002-10-01,2002,10,41,Paraná,17.38367,55.30439,PR,Parana,South,TRUE,TRUE,mapped
200210,2002-10-01,2002,10,42,Santa Catarina,12.16399,38.68248,SC,Santa Catarina,South,TRUE,TRUE,mapped
200210,2002-10-01,2002,10,43,Rio Grande do Sul,17.97163,54.86542,RS,Rio Grande do Sul,South,TRUE,TRUE,mapped
200210,2002-10-01,2002,10,50,Mato Grosso do Sul,11.39099,34.78966,MS,Mato Grosso do Sul,Center-West,TRUE,TRUE,mapped
200210,2002-10-01,2002,10,51,Mato Grosso,16.58976,47.84302,MT,Mato Grosso,Center-West,TRUE,TRUE,mapped
200210,2002-10-01,2002,10,52,Goiás,22.80895,64.66743,GO,Goias,Center-West,TRUE,TRUE,mapped
200210,2002-10-01,2002,10,53,Distrito Federal,28.54994,80.67914,DF,Distrito Federal,Center-West,TRUE,TRUE,mapped
200211,2002-11-01,2002,11,11,Rondônia,13.69696,31.08134,RO,Rondonia,North,TRUE,TRUE,mapped
200211,2002-11-01,2002,11,12,Acre,7.14563,18.88072,AC,Acre,North,TRUE,TRUE,mapped
200211,2002-11-01,2002,11,13,Amazonas,16.30338,45.09456,AM,Amazonas,North,TRUE,TRUE,mapped
200211,2002-11-01,2002,11,14,Roraima,10.94503,29.37568,RR,Roraima,North,TRUE,TRUE,mapped
200211,2002-11-01,2002,11,15,Pará,14.48793,41.286,PA,Para,North,TRUE,TRUE,mapped
200211,2002-11-01,2002,11,16,Amapá,16.66546,42.53038,AP,Amapa,North,TRUE,TRUE,mapped
200211,2002-11-01,2002,11,17,Tocantins,9.44237,25.05449,TO,Tocantins,North,TRUE,TRUE,mapped
200211,2002-11-01,2002,11,21,Maranhão,9.10385,28.44728,MA,Maranhao,Northeast,TRUE,TRUE,mapped
200211,2002-11-01,2002,11,22,Piauí,15.49185,45.7501,PI,Piaui,Northeast,TRUE,TRUE,mapped
200211,2002-11-01,2002,11,23,Ceará,16.59693,47.10419,CE,Ceara,Northeast,TRUE,TRUE,mapped
200211,2002-11-01,2002,11,24,Rio Grande do Norte,14.5113,42.02207,RN,Rio Grande do Norte,Northeast,TRUE,TRUE,mapped
200211,2002-11-01,2002,11,25,Paraíba,13.6567,38.70052,PB,Paraiba,Northeast,TRUE,TRUE,mapped
200211,2002-11-01,2002,11,26,Pernambuco,18.83645,55.52814,PE,Pernambuco,Northeast,TRUE,TRUE,mapped
200211,2002-11-01,2002,11,27,Alagoas,13.31847,39.50583,AL,Alagoas,Northeast,TRUE,TRUE,mapped
200211,2002-11-01,2002,11,28,Sergipe,18.00807,56.40278,SE,Sergipe,Northeast,TRUE,TRUE,mapped
200211,2002-11-01,2002,11,29,Bahia,22.43842,59.63753,BA,Bahia,Northeast,TRUE,TRUE,mapped
200211,2002-11-01,2002,11,31,Minas Gerais,15.15652,44.57403,MG,Minas Gerais,Southeast,TRUE,TRUE,mapped
200211,2002-11-01,2002,11,32,Espírito Santo,14.75625,43.64788,ES,Espirito Santo,Southeast,TRUE,TRUE,mapped
200211,2002-11-01,2002,11,33,Rio de Janeiro,22.89025,66.26591,RJ,Rio de Janeiro,Southeast,TRUE,TRUE,mapped
200211,2002-11-01,2002,11,35,São Paulo,16.33139,47.61893,SP,Sao Paulo,Southeast,TRUE,TRUE,mapped
200211,2002-11-01,2002,11,41,Paraná,17.38367,52.29871,PR,Parana,South,TRUE,TRUE,mapped
200211,2002-11-01,2002,11,42,Santa Catarina,12.9881,38.88643,SC,Santa Catarina,South,TRUE,TRUE,mapped
200211,2002-11-01,2002,11,43,Rio Grande do Sul,18.96793,55.17938,RS,Rio Grande do Sul,South,TRUE,TRUE,mapped
200211,2002-11-01,2002,11,50,Mato Grosso do Sul,11.28775,32.29988,MS,Mato Grosso do Sul,Center-West,TRUE,TRUE,mapped
200211,2002-11-01,2002,11,51,Mato Grosso,15.7189,42.38941,MT,Mato Grosso,Center-West,TRUE,TRUE,mapped
200211,2002-11-01,2002,11,52,Goiás,23.18596,61.92324,GO,Goias,Center-West,TRUE,TRUE,mapped
200211,2002-11-01,2002,11,53,Distrito Federal,29.2297,77.21045,DF,Distrito Federal,Center-West,TRUE,TRUE,mapped
200212,2002-12-01,2002,12,11,Rondônia,19.719360000000002,44.21544,RO,Rondonia,North,TRUE,TRUE,mapped
200212,2002-12-01,2002,12,12,Acre,11.26091,29.12111,AC,Acre,North,TRUE,TRUE,mapped
200212,2002-12-01,2002,12,13,Amazonas,22.62797,61.73057,AM,Amazonas,North,TRUE,TRUE,mapped
200212,2002-12-01,2002,12,14,Roraima,12.82365,33.50583,RR,Roraima,North,TRUE,TRUE,mapped
200212,2002-12-01,2002,12,15,Pará,21.85197,61.22484,PA,Para,North,TRUE,TRUE,mapped
200212,2002-12-01,2002,12,16,Amapá,25.19712,63.91263,AP,Amapa,North,TRUE,TRUE,mapped
200212,2002-12-01,2002,12,17,Tocantins,11.90762,31.31811,TO,Tocantins,North,TRUE,TRUE,mapped
200212,2002-12-01,2002,12,21,Maranhão,12.40767,38.58022,MA,Maranhao,Northeast,TRUE,TRUE,mapped
200212,2002-12-01,2002,12,22,Piauí,22.52551,65.57514,PI,Piaui,Northeast,TRUE,TRUE,mapped
200212,2002-12-01,2002,12,23,Ceará,23.03753,64.19685,CE,Ceara,Northeast,TRUE,TRUE,mapped
200212,2002-12-01,2002,12,24,Rio Grande do Norte,19.63547,55.81902,RN,Rio Grande do Norte,Northeast,TRUE,TRUE,mapped
200212,2002-12-01,2002,12,25,Paraíba,19.6426,54.55172,PB,Paraiba,Northeast,TRUE,TRUE,mapped
200212,2002-12-01,2002,12,26,Pernambuco,26.56931,76.37554,PE,Pernambuco,Northeast,TRUE,TRUE,mapped
200212,2002-12-01,2002,12,27,Alagoas,19.46886,56.76225,AL,Alagoas,Northeast,TRUE,TRUE,mapped
200212,2002-12-01,2002,12,28,Sergipe,25.57259,77.93414,SE,Sergipe,Northeast,TRUE,TRUE,mapped
200212,2002-12-01,2002,12,29,Bahia,29.50026,77.04584,BA,Bahia,Northeast,TRUE,TRUE,mapped
200212,2002-12-01,2002,12,31,Minas Gerais,19.7854,56.69362,MG,Minas Gerais,Southeast,TRUE,TRUE,mapped
200212,2002-12-01,2002,12,32,Espírito Santo,19.10139,54.70424,ES,Espirito Santo,Southeast,TRUE,TRUE,mapped
200212,2002-12-01,2002,12,33,Rio de Janeiro,31.61781,89.18029,RJ,Rio de Janeiro,Southeast,TRUE,TRUE,mapped
200212,2002-12-01,2002,12,35,São Paulo,21.73265,61.51851,SP,Sao Paulo,Southeast,TRUE,TRUE,mapped
200212,2002-12-01,2002,12,41,Paraná,22.43997,66.64007,PR,Parana,South,TRUE,TRUE,mapped
200212,2002-12-01,2002,12,42,Santa Catarina,17.20759,50.7835,SC,Santa Catarina,South,TRUE,TRUE,mapped
200212,2002-12-01,2002,12,43,Rio Grande do Sul,24.79243,71.34859,RS,Rio Grande do Sul,South,TRUE,TRUE,mapped
200212,2002-12-01,2002,12,50,Mato Grosso do Sul,14.6259,41.5188,MS,Mato Grosso do Sul,Center-West,TRUE,TRUE,mapped
200212,2002-12-01,2002,12,51,Mato Grosso,18.28792,49.33037,MT,Mato Grosso,Center-West,TRUE,TRUE,mapped
200212,2002-12-01,2002,12,52,Goiás,28.96674,76.47938,GO,Goias,Center-West,TRUE,TRUE,mapped
200212,2002-12-01,2002,12,53,Distrito Federal,38.47444,100.84892,DF,Distrito Federal,Center-West,TRUE,TRUE,mapped
200301,2003-01-01,2003,1,11,Rondônia,12.15139,25.86032,RO,Rondonia,North,TRUE,TRUE,mapped
200301,2003-01-01,2003,1,12,Acre,8.04351,19.71275,AC,Acre,North,TRUE,TRUE,mapped
200301,2003-01-01,2003,1,13,Amazonas,14.52313,37.7477,AM,Amazonas,North,TRUE,TRUE,mapped
200301,2003-01-01,2003,1,14,Roraima,11.02671,27.15573,RR,Roraima,North,TRUE,TRUE,mapped
200301,2003-01-01,2003,1,15,Pará,13.8876,37.35753,PA,Para,North,TRUE,TRUE,mapped
200301,2003-01-01,2003,1,16,Amapá,16.48864,39.87711,AP,Amapa,North,TRUE,TRUE,mapped
200301,2003-01-01,2003,1,17,Tocantins,8.51209,21.53656,TO,Tocantins,North,TRUE,TRUE,mapped
200301,2003-01-01,2003,1,21,Maranhão,8.51651,25.21975,MA,Maranhao,Northeast,TRUE,TRUE,mapped
200301,2003-01-01,2003,1,22,Piauí,21.59066,58.48836,PI,Piaui,Northeast,TRUE,TRUE,mapped
200301,2003-01-01,2003,1,23,Ceará,16.29967,43.52665,CE,Ceara,Northeast,TRUE,TRUE,mapped
200301,2003-01-01,2003,1,24,Rio Grande do Norte,14.68354,39.49714,RN,Rio Grande do Norte,Northeast,TRUE,TRUE,mapped
200301,2003-01-01,2003,1,25,Paraíba,13.12462,35.1593,PB,Paraiba,Northeast,TRUE,TRUE,mapped
200301,2003-01-01,2003,1,26,Pernambuco,19.43128,53.77462,PE,Pernambuco,Northeast,TRUE,TRUE,mapped
200301,2003-01-01,2003,1,27,Alagoas,12.07954,33.89968,AL,Alagoas,Northeast,TRUE,TRUE,mapped
200301,2003-01-01,2003,1,28,Sergipe,19.0242,55.93471,SE,Sergipe,Northeast,TRUE,TRUE,mapped
200301,2003-01-01,2003,1,29,Bahia,23.17877,56.82973,BA,Bahia,Northeast,TRUE,TRUE,mapped
200301,2003-01-01,2003,1,31,Minas Gerais,14.9517,40.9951,MG,Minas Gerais,Southeast,TRUE,TRUE,mapped
200301,2003-01-01,2003,1,32,Espírito Santo,14.67021,40.26496,ES,Espirito Santo,Southeast,TRUE,TRUE,mapped
200301,2003-01-01,2003,1,33,Rio de Janeiro,21.32242,57.69882,RJ,Rio de Janeiro,Southeast,TRUE,TRUE,mapped
200301,2003-01-01,2003,1,35,São Paulo,15.3532,42.47094,SP,Sao Paulo,Southeast,TRUE,TRUE,mapped
200301,2003-01-01,2003,1,41,Paraná,17.2583,48.94953,PR,Parana,South,TRUE,TRUE,mapped
200301,2003-01-01,2003,1,42,Santa Catarina,13.02107,36.64298,SC,Santa Catarina,South,TRUE,TRUE,mapped
200301,2003-01-01,2003,1,43,Rio Grande do Sul,17.7034,48.50762,RS,Rio Grande do Sul,South,TRUE,TRUE,mapped
200301,2003-01-01,2003,1,50,Mato Grosso do Sul,10.77154,29.27176,MS,Mato Grosso do Sul,Center-West,TRUE,TRUE,mapped
200301,2003-01-01,2003,1,51,Mato Grosso,14.76096,37.92737,MT,Mato Grosso,Center-West,TRUE,TRUE,mapped
200301,2003-01-01,2003,1,52,Goiás,22.49478,57.50867,GO,Goias,Center-West,TRUE,TRUE,mapped
200301,2003-01-01,2003,1,53,Distrito Federal,28.27803,70.78695,DF,Distrito Federal,Center-West,TRUE,TRUE,mapped
200302,2003-02-01,2003,2,11,Rondônia,11.56514,24.31034,RO,Rondonia,North,TRUE,TRUE,mapped
200302,2003-02-01,2003,2,12,Acre,7.14563,17.34466,AC,Acre,North,TRUE,TRUE,mapped
200302,2003-02-01,2003,2,13,Amazonas,14.10149,35.80542,AM,Amazonas,North,TRUE,TRUE,mapped
200302,2003-02-01,2003,2,14,Roraima,10.01933,24.26462,RR,Roraima,North,TRUE,TRUE,mapped
200302,2003-02-01,2003,2,15,Pará,13.00712,34.31852,PA,Para,North,TRUE,TRUE,mapped
200302,2003-02-01,2003,2,16,Amapá,13.7479,31.91729,AP,Amapa,North,TRUE,TRUE,mapped
200302,2003-02-01,2003,2,17,Tocantins,8.97723,21.96558,TO,Tocantins,North,TRUE,TRUE,mapped
200302,2003-02-01,2003,2,21,Maranhão,7.6722,22.2174,MA,Maranhao,Northeast,TRUE,TRUE,mapped
200302,2003-02-01,2003,2,22,Piauí,18.69707,49.96628,PI,Piaui,Northeast,TRUE,TRUE,mapped
200302,2003-02-01,2003,2,23,Ceará,14.96201,38.95536,CE,Ceara,Northeast,TRUE,TRUE,mapped
200302,2003-02-01,2003,2,24,Rio Grande do Norte,14.03764,36.88204,RN,Rio Grande do Norte,Northeast,TRUE,TRUE,mapped
200302,2003-02-01,2003,2,25,Paraíba,12.14914,32.29259,PB,Paraiba,Northeast,TRUE,TRUE,mapped
200302,2003-02-01,2003,2,26,Pernambuco,17.49807,48.2218,PE,Pernambuco,Northeast,TRUE,TRUE,mapped
200302,2003-02-01,2003,2,27,Alagoas,11.9468,33.54929,AL,Alagoas,Northeast,TRUE,TRUE,mapped
200302,2003-02-01,2003,2,28,Sergipe,18.06452,52.77522,SE,Sergipe,Northeast,TRUE,TRUE,mapped
200302,2003-02-01,2003,2,29,Bahia,21.98282,53.90963,BA,Bahia,Northeast,TRUE,TRUE,mapped
200302,2003-02-01,2003,2,31,Minas Gerais,14.74688,39.69367,MG,Minas Gerais,Southeast,TRUE,TRUE,mapped
200302,2003-02-01,2003,2,32,Espírito Santo,14.02489,37.78966,ES,Espirito Santo,Southeast,TRUE,TRUE,mapped
200302,2003-02-01,2003,2,33,Rio de Janeiro,21.79277,58.21491,RJ,Rio de Janeiro,Southeast,TRUE,TRUE,mapped
200302,2003-02-01,2003,2,35,São Paulo,15.14056,41.26974,SP,Sao Paulo,Southeast,TRUE,TRUE,mapped
200302,2003-02-01,2003,2,41,Paraná,17.34188,47.57551,PR,Parana,South,TRUE,TRUE,mapped
200302,2003-02-01,2003,2,42,Santa Catarina,12.39474,33.99163,SC,Santa Catarina,South,TRUE,TRUE,mapped
200302,2003-02-01,2003,2,43,Rio Grande do Sul,17.24357,46.46685,RS,Rio Grande do Sul,South,TRUE,TRUE,mapped
200302,2003-02-01,2003,2,50,Mato Grosso do Sul,11.01244,28.73343,MS,Mato Grosso do Sul,Center-West,TRUE,TRUE,mapped
200302,2003-02-01,2003,2,51,Mato Grosso,15.54473,38.09263,MT,Mato Grosso,Center-West,TRUE,TRUE,mapped
200302,2003-02-01,2003,2,52,Goiás,22.05494,54.52586,GO,Goias,Center-West,TRUE,TRUE,mapped
200302,2003-02-01,2003,2,53,Distrito Federal,27.93815,68.08908,DF,Distrito Federal,Center-West,TRUE,TRUE,mapped
200303,2003-03-01,2003,3,11,Rondônia,11.77832,24.39191,RO,Rondonia,North,TRUE,TRUE,mapped
200303,2003-03-01,2003,3,12,Acre,8.64209,20.28877,AC,Acre,North,TRUE,TRUE,mapped
200303,2003-03-01,2003,3,13,Amazonas,14.19518,35.63653,AM,Amazonas,North,TRUE,TRUE,mapped
200303,2003-03-01,2003,3,14,Roraima,10.56386,25.29716,RR,Roraima,North,TRUE,TRUE,mapped
200303,2003-03-01,2003,3,15,Pará,13.64747,35.20799,PA,Para,North,TRUE,TRUE,mapped
200303,2003-03-01,2003,3,16,Amapá,15.20668,35.11683,AP,Amapa,North,TRUE,TRUE,mapped
200303,2003-03-01,2003,3,17,Tocantins,8.37255,20.33532,TO,Tocantins,North,TRUE,TRUE,mapped
200303,2003-03-01,2003,3,21,Maranhão,7.70891,22.06728,MA,Maranhao,Northeast,TRUE,TRUE,mapped
200303,2003-03-01,2003,3,22,Piauí,15.18024,40.45744,PI,Piaui,Northeast,TRUE,TRUE,mapped
200303,2003-03-01,2003,3,23,Ceará,14.66475,37.86223,CE,Ceara,Northeast,TRUE,TRUE,mapped
200303,2003-03-01,2003,3,24,Rio Grande do Norte,13.90846,36.2508,RN,Rio Grande do Norte,Northeast,TRUE,TRUE,mapped
200303,2003-03-01,2003,3,25,Paraíba,12.23782,31.53376,PB,Paraiba,Northeast,TRUE,TRUE,mapped
200303,2003-03-01,2003,3,26,Pernambuco,17.05194,45.39669,PE,Pernambuco,Northeast,TRUE,TRUE,mapped
200303,2003-03-01,2003,3,27,Alagoas,11.32734,30.57103,AL,Alagoas,Northeast,TRUE,TRUE,mapped
200303,2003-03-01,2003,3,28,Sergipe,17.72581,49.96678,SE,Sergipe,Northeast,TRUE,TRUE,mapped
200303,2003-03-01,2003,3,29,Bahia,22.60927,54.35888,BA,Bahia,Northeast,TRUE,TRUE,mapped
200303,2003-03-01,2003,3,31,Minas Gerais,14.9517,39.36831,MG,Minas Gerais,Southeast,TRUE,TRUE,mapped
200303,2003-03-01,2003,3,32,Espírito Santo,14.15396,37.29459,ES,Espirito Santo,Southeast,TRUE,TRUE,mapped
200303,2003-03-01,2003,3,33,Rio de Janeiro,21.79277,56.87308,RJ,Rio de Janeiro,Southeast,TRUE,TRUE,mapped
200303,2003-03-01,2003,3,35,São Paulo,16.28886,43.50054,SP,Sao Paulo,Southeast,TRUE,TRUE,mapped
200303,2003-03-01,2003,3,41,Paraná,18.88802,51.2682,PR,Parana,South,TRUE,TRUE,mapped
200303,2003-03-01,2003,3,42,Santa Catarina,13.15293,35.7592,SC,Santa Catarina,South,TRUE,TRUE,mapped
200303,2003-03-01,2003,3,43,Rio Grande do Sul,18.85297,50.15594,RS,Rio Grande do Sul,South,TRUE,TRUE,mapped
200303,2003-03-01,2003,3,50,Mato Grosso do Sul,12.35458,31.96342,MS,Mato Grosso do Sul,Center-West,TRUE,TRUE,mapped
200303,2003-03-01,2003,3,51,Mato Grosso,18.07021,43.87676,MT,Mato Grosso,Center-West,TRUE,TRUE,mapped
200303,2003-03-01,2003,3,52,Goiás,22.68328,55.71899,GO,Goias,Center-West,TRUE,TRUE,mapped
200303,2003-03-01,2003,3,53,Distrito Federal,29.5016,70.65848,DF,Distrito Federal,Center-West,TRUE,TRUE,mapped
200304,2003-04-01,2003,4,11,Rondônia,12.63105,26.10506,RO,Rondonia,North,TRUE,TRUE,mapped
200304,2003-04-01,2003,4,12,Acre,8.6795,20.16077,AC,Acre,North,TRUE,TRUE,mapped
200304,2003-04-01,2003,4,13,Amazonas,14.33573,35.63653,AM,Amazonas,North,TRUE,TRUE,mapped
200304,2003-04-01,2003,4,14,Roraima,10.78167,25.50367,RR,Roraima,North,TRUE,TRUE,mapped
200304,2003-04-01,2003,4,15,Pará,13.92763,35.72684,PA,Para,North,TRUE,TRUE,mapped
200304,2003-04-01,2003,4,16,Amapá,16.26761,37.61402,AP,Amapa,North,TRUE,TRUE,mapped
200304,2003-04-01,2003,4,17,Tocantins,9.72146,24.28226,TO,Tocantins,North,TRUE,TRUE,mapped
200304,2003-04-01,2003,4,21,Maranhão,8.33296,23.64352,MA,Maranhao,Northeast,TRUE,TRUE,mapped
200304,2003-04-01,2003,4,22,Piauí,15.18024,40.09861,PI,Piaui,Northeast,TRUE,TRUE,mapped
200304,2003-04-01,2003,4,23,Ceará,15.7547,40.446,CE,Ceara,Northeast,TRUE,TRUE,mapped
200304,2003-04-01,2003,4,24,Rio Grande do Norte,14.16682,36.52133,RN,Rio Grande do Norte,Northeast,TRUE,TRUE,mapped
200304,2003-04-01,2003,4,25,Paraíba,12.9916,33.81026,PB,Paraiba,Northeast,TRUE,TRUE,mapped
200304,2003-04-01,2003,4,26,Pernambuco,17.49807,46.76054,PE,Pernambuco,Northeast,TRUE,TRUE,mapped
200304,2003-04-01,2003,4,27,Alagoas,11.8583,32.14776,AL,Alagoas,Northeast,TRUE,TRUE,mapped
200304,2003-04-01,2003,4,28,Sergipe,18.62904,52.77522,SE,Sergipe,Northeast,TRUE,TRUE,mapped
200304,2003-04-01,2003,4,29,Bahia,23.69132,56.94205,BA,Bahia,Northeast,TRUE,TRUE,mapped
200304,2003-04-01,2003,4,31,Minas Gerais,15.60712,40.91376,MG,Minas Gerais,Southeast,TRUE,TRUE,mapped
200304,2003-04-01,2003,4,32,Espírito Santo,14.54115,37.95468,ES,Espirito Santo,Southeast,TRUE,TRUE,mapped
200304,2003-04-01,2003,4,33,Rio de Janeiro,22.21086,56.9763,RJ,Rio de Janeiro,Southeast,TRUE,TRUE,mapped
200304,2003-04-01,2003,4,35,São Paulo,16.50151,43.67214,SP,Sao Paulo,Southeast,TRUE,TRUE,mapped
200304,2003-04-01,2003,4,41,Paraná,19.38947,52.38459,PR,Parana,South,TRUE,TRUE,mapped
200304,2003-04-01,2003,4,42,Santa Catarina,13.6474,36.84693,SC,Santa Catarina,South,TRUE,TRUE,mapped
200304,2003-04-01,2003,4,43,Rio Grande do Sul,19.54272,51.56878,RS,Rio Grande do Sul,South,TRUE,TRUE,mapped
200304,2003-04-01,2003,4,50,Mato Grosso do Sul,12.76755,33.44383,MS,Mato Grosso do Sul,Center-West,TRUE,TRUE,mapped
200304,2003-04-01,2003,4,51,Mato Grosso,16.72038,41.39785,MT,Mato Grosso,Center-West,TRUE,TRUE,mapped
200304,2003-04-01,2003,4,52,Goiás,23.37446,57.62799,GO,Goias,Center-West,TRUE,TRUE,mapped
200304,2003-04-01,2003,4,53,Distrito Federal,30.58922,72.84247,DF,Distrito Federal,Center-West,TRUE,TRUE,mapped
200305,2003-05-01,2003,5,11,Rondônia,14.4964,30.18397,RO,Rondonia,North,TRUE,TRUE,mapped
200305,2003-05-01,2003,5,12,Acre,9.01621,20.9288,AC,Acre,North,TRUE,TRUE,mapped
200305,2003-05-01,2003,5,13,Amazonas,15.50695,38.50772,AM,Amazonas,North,TRUE,TRUE,mapped
200305,2003-05-01,2003,5,14,Roraima,9.66539,23.02558,RR,Roraima,North,TRUE,TRUE,mapped
200305,2003-05-01,2003,5,15,Pará,15.68859,39.9518,PA,Para,North,TRUE,TRUE,mapped
200305,2003-05-01,2003,5,16,Amapá,17.50536,40.65748,AP,Amapa,North,TRUE,TRUE,mapped
200305,2003-05-01,2003,5,17,Tocantins,8.46558,20.67853,TO,Tocantins,North,TRUE,TRUE,mapped
200305,2003-05-01,2003,5,21,Maranhão,9.03043,25.44493,MA,Maranhao,Northeast,TRUE,TRUE,mapped
200305,2003-05-01,2003,5,22,Piauí,16.56026,43.95597,PI,Piaui,Northeast,TRUE,TRUE,mapped
200305,2003-05-01,2003,5,23,Ceará,16.99327,43.52665,CE,Ceara,Northeast,TRUE,TRUE,mapped
200305,2003-05-01,2003,5,24,Rio Grande do Norte,14.85579,38.50521,RN,Rio Grande do Norte,Northeast,TRUE,TRUE,mapped
200305,2003-05-01,2003,5,25,Paraíba,13.435,34.31615,PB,Paraiba,Northeast,TRUE,TRUE,mapped
200305,2003-05-01,2003,5,26,Pernambuco,18.04334,47.53988,PE,Pernambuco,Northeast,TRUE,TRUE,mapped
200305,2003-05-01,2003,5,27,Alagoas,12.30078,33.11131,AL,Alagoas,Northeast,TRUE,TRUE,mapped
200305,2003-05-01,2003,5,28,Sergipe,18.96775,52.89224,SE,Sergipe,Northeast,TRUE,TRUE,mapped
200305,2003-05-01,2003,5,29,Bahia,24.43168,58.85134,BA,Bahia,Northeast,TRUE,TRUE,mapped
200305,2003-05-01,2003,5,31,Minas Gerais,16.26253,42.94724,MG,Minas Gerais,Southeast,TRUE,TRUE,mapped
200305,2003-05-01,2003,5,32,Espírito Santo,14.84229,38.53225,ES,Espirito Santo,Southeast,TRUE,TRUE,mapped
200305,2003-05-01,2003,5,33,Rio de Janeiro,22.94251,58.93744,RJ,Rio de Janeiro,Southeast,TRUE,TRUE,mapped
200305,2003-05-01,2003,5,35,São Paulo,17.18198,45.30234,SP,Sao Paulo,Southeast,TRUE,TRUE,mapped
200305,2003-05-01,2003,5,41,Paraná,19.6402,54.10212,PR,Parana,South,TRUE,TRUE,mapped
200305,2003-05-01,2003,5,42,Santa Catarina,13.94408,38.34256,SC,Santa Catarina,South,TRUE,TRUE,mapped
200305,2003-05-01,2003,5,43,Rio Grande do Sul,21.19044,56.12128,RS,Rio Grande do Sul,South,TRUE,TRUE,mapped
200305,2003-05-01,2003,5,50,Mato Grosso do Sul,13.07727,34.04946,MS,Mato Grosso do Sul,Center-West,TRUE,TRUE,mapped
200305,2003-05-01,2003,5,51,Mato Grosso,18.94106,46.60356,MT,Mato Grosso,Center-West,TRUE,TRUE,mapped
200305,2003-05-01,2003,5,52,Goiás,23.6258,58.10524,GO,Goias,Center-West,TRUE,TRUE,mapped
200305,2003-05-01,2003,5,53,Distrito Federal,31.88076,76.95351,DF,Distrito Federal,Center-West,TRUE,TRUE,mapped
200306,2003-06-01,2003,6,11,Rondônia,13.59037,28.38925,RO,Rondonia,North,TRUE,TRUE,mapped
200306,2003-06-01,2003,6,12,Acre,8.23056,19.32874,AC,Acre,North,TRUE,TRUE,mapped
200306,2003-06-01,2003,6,13,Amazonas,16.02229,40.02776,AM,Amazonas,North,TRUE,TRUE,mapped
200306,2003-06-01,2003,6,14,Roraima,10.10101,24.31625,RR,Roraima,North,TRUE,TRUE,mapped
200306,2003-06-01,2003,6,15,Pará,14.88815,38.17287,PA,Para,North,TRUE,TRUE,mapped
200306,2003-06-01,2003,6,16,Amapá,17.15172,39.95515,AP,Amapa,North,TRUE,TRUE,mapped
200306,2003-06-01,2003,6,17,Tocantins,8.27952,20.59273,TO,Tocantins,North,TRUE,TRUE,mapped
200306,2003-06-01,2003,6,21,Maranhão,8.58992,24.54422,MA,Maranhao,Northeast,TRUE,TRUE,mapped
200306,2003-06-01,2003,6,22,Piauí,15.71444,42.07215,PI,Piaui,Northeast,TRUE,TRUE,mapped
200306,2003-06-01,2003,6,23,Ceará,15.80424,40.8435,CE,Ceara,Northeast,TRUE,TRUE,mapped
200306,2003-06-01,2003,6,24,Rio Grande do Norte,14.46824,38.05433,RN,Rio Grande do Norte,Northeast,TRUE,TRUE,mapped
200306,2003-06-01,2003,6,25,Paraíba,12.94726,33.81026,PB,Paraiba,Northeast,TRUE,TRUE,mapped
200306,2003-06-01,2003,6,26,Pernambuco,17.59721,47.44246,PE,Pernambuco,Northeast,TRUE,TRUE,mapped
200306,2003-06-01,2003,6,27,Alagoas,11.72556,31.79737,AL,Alagoas,Northeast,TRUE,TRUE,mapped
200306,2003-06-01,2003,6,28,Sergipe,17.95162,51.25398,SE,Sergipe,Northeast,TRUE,TRUE,mapped
200306,2003-06-01,2003,6,29,Bahia,22.83707,55.93124,BA,Bahia,Northeast,TRUE,TRUE,mapped
200306,2003-06-01,2003,6,31,Minas Gerais,14.99266,40.10036,MG,Minas Gerais,Southeast,TRUE,TRUE,mapped
200306,2003-06-01,2003,6,32,Espírito Santo,14.4551,37.87217,ES,Espirito Santo,Southeast,TRUE,TRUE,mapped
200306,2003-06-01,2003,6,33,Rio de Janeiro,22.10634,56.9763,RJ,Rio de Janeiro,Southeast,TRUE,TRUE,mapped
200306,2003-06-01,2003,6,35,São Paulo,15.94862,42.29934,SP,Sao Paulo,Southeast,TRUE,TRUE,mapped
200306,2003-06-01,2003,6,41,Paraná,17.50903,49.03541,PR,Parana,South,TRUE,TRUE,mapped
200306,2003-06-01,2003,6,42,Santa Catarina,12.46067,34.67147,SC,Santa Catarina,South,TRUE,TRUE,mapped
200306,2003-06-01,2003,6,43,Rio Grande do Sul,18.92961,51.01934,RS,Rio Grande do Sul,South,TRUE,TRUE,mapped
200306,2003-06-01,2003,6,50,Mato Grosso do Sul,11.87279,31.62696,MS,Mato Grosso do Sul,Center-West,TRUE,TRUE,mapped
200306,2003-06-01,2003,6,51,Mato Grosso,17.54769,44.37254,MT,Mato Grosso,Center-West,TRUE,TRUE,mapped
200306,2003-06-01,2003,6,52,Goiás,22.18061,55.48036,GO,Goias,Center-West,TRUE,TRUE,mapped
200306,2003-06-01,2003,6,53,Distrito Federal,30.24934,75.02646,DF,Distrito Federal,Center-West,TRUE,TRUE,mapped
200307,2003-07-01,2003,7,11,Rondônia,14.92276,31.48923,RO,Rondonia,North,TRUE,TRUE,mapped
200307,2003-07-01,2003,7,12,Acre,9.12844,21.63283,AC,Acre,North,TRUE,TRUE,mapped
200307,2003-07-01,2003,7,13,Amazonas,16.20968,41.12557,AM,Amazonas,North,TRUE,TRUE,mapped
200307,2003-07-01,2003,7,14,Roraima,9.8832,24.00649,RR,Roraima,North,TRUE,TRUE,mapped
200307,2003-07-01,2003,7,15,Pará,14.88815,38.46936,PA,Para,North,TRUE,TRUE,mapped
200307,2003-07-01,2003,7,16,Amapá,19.62723,46.35421,AP,Amapa,North,TRUE,TRUE,mapped
200307,2003-07-01,2003,7,17,Tocantins,9.76797,24.36806,TO,Tocantins,North,TRUE,TRUE,mapped
200307,2003-07-01,2003,7,21,Maranhão,9.76461,28.44728,MA,Maranhao,Northeast,TRUE,TRUE,mapped
200307,2003-07-01,2003,7,22,Piauí,17.18349,46.55745,PI,Piaui,Northeast,TRUE,TRUE,mapped
200307,2003-07-01,2003,7,23,Ceará,17.29053,45.51417,CE,Ceara,Northeast,TRUE,TRUE,mapped
200307,2003-07-01,2003,7,24,Rio Grande do Norte,15.32945,41.03014,RN,Rio Grande do Norte,Northeast,TRUE,TRUE,mapped
200307,2003-07-01,2003,7,25,Paraíba,12.85858,33.64163,PB,Paraiba,Northeast,TRUE,TRUE,mapped
200307,2003-07-01,2003,7,26,Pernambuco,17.69635,47.92955,PE,Pernambuco,Northeast,TRUE,TRUE,mapped
200307,2003-07-01,2003,7,27,Alagoas,11.81406,31.97257,AL,Alagoas,Northeast,TRUE,TRUE,mapped
200307,2003-07-01,2003,7,28,Sergipe,18.57259,53.82838,SE,Sergipe,Northeast,TRUE,TRUE,mapped
200307,2003-07-01,2003,7,29,Bahia,23.17877,57.39129,BA,Bahia,Northeast,TRUE,TRUE,mapped
200307,2003-07-01,2003,7,31,Minas Gerais,16.18061,43.92332,MG,Minas Gerais,Southeast,TRUE,TRUE,mapped
200307,2003-07-01,2003,7,32,Espírito Santo,16.00386,42.2452,ES,Espirito Santo,Southeast,TRUE,TRUE,mapped
200307,2003-07-01,2003,7,33,Rio de Janeiro,23.41286,60.89858,RJ,Rio de Janeiro,Southeast,TRUE,TRUE,mapped
200307,2003-07-01,2003,7,35,São Paulo,16.54403,44.01534,SP,Sao Paulo,Southeast,TRUE,TRUE,mapped
200307,2003-07-01,2003,7,41,Paraná,19.09696,54.01624,PR,Parana,South,TRUE,TRUE,mapped
200307,2003-07-01,2003,7,42,Santa Catarina,13.51554,37.86668,SC,Santa Catarina,South,TRUE,TRUE,mapped
200307,2003-07-01,2003,7,43,Rio Grande do Sul,19.5044,53.13861,RS,Rio Grande do Sul,South,TRUE,TRUE,mapped
200307,2003-07-01,2003,7,50,Mato Grosso do Sul,12.87079,34.85695,MS,Mato Grosso do Sul,Center-West,TRUE,TRUE,mapped
200307,2003-07-01,2003,7,51,Mato Grosso,18.28792,47.01671,MT,Mato Grosso,Center-West,TRUE,TRUE,mapped
200307,2003-07-01,2003,7,52,Goiás,25.76218,64.54812,GO,Goias,Center-West,TRUE,TRUE,mapped
200307,2003-07-01,2003,7,53,Distrito Federal,29.84148,74.64105,DF,Distrito Federal,Center-West,TRUE,TRUE,mapped
200308,2003-08-01,2003,8,11,Rondônia,14.81617,31.24449,RO,Rondonia,North,TRUE,TRUE,mapped
200308,2003-08-01,2003,8,12,Acre,9.05362,21.50482,AC,Acre,North,TRUE,TRUE,mapped
200308,2003-08-01,2003,8,13,Amazonas,15.88174,40.19665,AM,Amazonas,North,TRUE,TRUE,mapped
200308,2003-08-01,2003,8,14,Roraima,9.4748,23.23208,RR,Roraima,North,TRUE,TRUE,mapped
200308,2003-08-01,2003,8,15,Pará,15.44846,39.9518,PA,Para,North,TRUE,TRUE,mapped
200308,2003-08-01,2003,8,16,Amapá,17.63798,41.90608,AP,Amapa,North,TRUE,TRUE,mapped
200308,2003-08-01,2003,8,17,Tocantins,10.23311,25.74091,TO,Tocantins,North,TRUE,TRUE,mapped
200308,2003-08-01,2003,8,21,Maranhão,9.61778,27.99693,MA,Maranhao,Northeast,TRUE,TRUE,mapped
200308,2003-08-01,2003,8,22,Piauí,17.04994,46.01921,PI,Piaui,Northeast,TRUE,TRUE,mapped
200308,2003-08-01,2003,8,23,Ceará,17.29053,45.4148,CE,Ceara,Northeast,TRUE,TRUE,mapped
200308,2003-08-01,2003,8,24,Rio Grande do Norte,15.24333,41.03014,RN,Rio Grande do Norte,Northeast,TRUE,TRUE,mapped
200308,2003-08-01,2003,8,25,Paraíba,12.59254,33.05143,PB,Paraiba,Northeast,TRUE,TRUE,mapped
200308,2003-08-01,2003,8,26,Pernambuco,18.29118,49.78049,PE,Pernambuco,Northeast,TRUE,TRUE,mapped
200308,2003-08-01,2003,8,27,Alagoas,12.07954,33.02372,AL,Alagoas,Northeast,TRUE,TRUE,mapped
200308,2003-08-01,2003,8,28,Sergipe,18.9113,54.88155,SE,Sergipe,Northeast,TRUE,TRUE,mapped
200308,2003-08-01,2003,8,29,Bahia,23.23572,57.95285,BA,Bahia,Northeast,TRUE,TRUE,mapped
200308,2003-08-01,2003,8,31,Minas Gerais,16.34446,44.086,MG,Minas Gerais,Southeast,TRUE,TRUE,mapped
200308,2003-08-01,2003,8,32,Espírito Santo,16.08991,42.41022,ES,Espirito Santo,Southeast,TRUE,TRUE,mapped
200308,2003-08-01,2003,8,33,Rio de Janeiro,22.99477,59.65996,RJ,Rio de Janeiro,Southeast,TRUE,TRUE,mapped
200308,2003-08-01,2003,8,35,São Paulo,17.13945,45.73133,SP,Sao Paulo,Southeast,TRUE,TRUE,mapped
200308,2003-08-01,2003,8,41,Paraná,19.09696,53.58686,PR,Parana,South,TRUE,TRUE,mapped
200308,2003-08-01,2003,8,42,Santa Catarina,13.51554,37.7987,SC,Santa Catarina,South,TRUE,TRUE,mapped
200308,2003-08-01,2003,8,43,Rio Grande do Sul,19.69599,53.45258,RS,Rio Grande do Sul,South,TRUE,TRUE,mapped
200308,2003-08-01,2003,8,50,Mato Grosso do Sul,12.73314,34.58779,MS,Mato Grosso do Sul,Center-West,TRUE,TRUE,mapped
200308,2003-08-01,2003,8,51,Mato Grosso,18.76689,48.42143,MT,Mato Grosso,Center-West,TRUE,TRUE,mapped
200308,2003-08-01,2003,8,52,Goiás,26.51619,66.45712,GO,Goias,Center-West,TRUE,TRUE,mapped
200308,2003-08-01,2003,8,53,Distrito Federal,30.31731,75.66881,DF,Distrito Federal,Center-West,TRUE,TRUE,mapped
200309,2003-09-01,2003,9,11,Rondônia,14.4964,30.1024,RO,Rondonia,North,TRUE,TRUE,mapped
200309,2003-09-01,2003,9,12,Acre,8.75433,20.67279,AC,Acre,North,TRUE,TRUE,mapped
200309,2003-09-01,2003,9,13,Amazonas,15.22586,38.08548,AM,Amazonas,North,TRUE,TRUE,mapped
200309,2003-09-01,2003,9,14,Roraima,9.66539,23.43859,RR,Roraima,North,TRUE,TRUE,mapped
200309,2003-09-01,2003,9,15,Pará,15.04824,38.98822,PA,Para,North,TRUE,TRUE,mapped
200309,2003-09-01,2003,9,16,Amapá,17.68219,41.43786,AP,Amapa,North,TRUE,TRUE,mapped
200309,2003-09-01,2003,9,17,Tocantins,9.25632,22.90941,TO,Tocantins,North,TRUE,TRUE,mapped
200309,2003-09-01,2003,9,21,Maranhão,9.3241,26.72093,MA,Maranhao,Northeast,TRUE,TRUE,mapped
200309,2003-09-01,2003,9,22,Piauí,17.40608,46.46774,PI,Piaui,Northeast,TRUE,TRUE,mapped
200309,2003-09-01,2003,9,23,Ceará,16.15104,41.83726,CE,Ceara,Northeast,TRUE,TRUE,mapped
200309,2003-09-01,2003,9,24,Rio Grande do Norte,14.38212,38.1445,RN,Rio Grande do Norte,Northeast,TRUE,TRUE,mapped
200309,2003-09-01,2003,9,25,Paraíba,12.41518,32.37691,PB,Paraiba,Northeast,TRUE,TRUE,mapped
200309,2003-09-01,2003,9,26,Pernambuco,17.39893,46.95537,PE,Pernambuco,Northeast,TRUE,TRUE,mapped
200309,2003-09-01,2003,9,27,Alagoas,12.21228,33.11131,AL,Alagoas,Northeast,TRUE,TRUE,mapped
200309,2003-09-01,2003,9,28,Sergipe,17.95162,51.48802,SE,Sergipe,Northeast,TRUE,TRUE,mapped
200309,2003-09-01,2003,9,29,Bahia,22.72317,55.93124,BA,Bahia,Northeast,TRUE,TRUE,mapped
200309,2003-09-01,2003,9,31,Minas Gerais,15.73001,41.97117,MG,Minas Gerais,Southeast,TRUE,TRUE,mapped
200309,2003-09-01,2003,9,32,Espírito Santo,15.74574,41.33759,ES,Espirito Santo,Southeast,TRUE,TRUE,mapped
200309,2003-09-01,2003,9,33,Rio de Janeiro,22.52442,58.21491,RJ,Rio de Janeiro,Southeast,TRUE,TRUE,mapped
200309,2003-09-01,2003,9,35,São Paulo,16.45898,43.58634,SP,Sao Paulo,Southeast,TRUE,TRUE,mapped
200309,2003-09-01,2003,9,41,Paraná,18.34478,51.09644,PR,Parana,South,TRUE,TRUE,mapped
200309,2003-09-01,2003,9,42,Santa Catarina,13.15293,36.575,SC,Santa Catarina,South,TRUE,TRUE,mapped
200309,2003-09-01,2003,9,43,Rio Grande do Sul,18.31651,49.13555,RS,Rio Grande do Sul,South,TRUE,TRUE,mapped
200309,2003-09-01,2003,9,50,Mato Grosso do Sul,12.59548,33.57842,MS,Mato Grosso do Sul,Center-West,TRUE,TRUE,mapped
200309,2003-09-01,2003,9,51,Mato Grosso,18.54918,46.60356,MT,Mato Grosso,Center-West,TRUE,TRUE,mapped
200309,2003-09-01,2003,9,52,Goiás,24.31698,60.25286,GO,Goias,Center-West,TRUE,TRUE,mapped
200309,2003-09-01,2003,9,53,Distrito Federal,29.09375,71.81471,DF,Distrito Federal,Center-West,TRUE,TRUE,mapped
200310,2003-10-01,2003,10,11,Rondônia,15.6689,32.22343,RO,Rondonia,North,TRUE,TRUE,mapped
200310,2003-10-01,2003,10,12,Acre,10.28821,23.93691,AC,Acre,North,TRUE,TRUE,mapped
200310,2003-10-01,2003,10,13,Amazonas,17.42775,43.15229,AM,Amazonas,North,TRUE,TRUE,mapped
200310,2003-10-01,2003,10,14,Roraima,10.10101,24.10974,RR,Roraima,North,TRUE,TRUE,mapped
200310,2003-10-01,2003,10,15,Pará,16.96929,43.65791,PA,Para,North,TRUE,TRUE,mapped
200310,2003-10-01,2003,10,16,Amapá,19.00835,43.93505,AP,Amapa,North,TRUE,TRUE,mapped
200310,2003-10-01,2003,10,17,Tocantins,9.67494,23.93905,TO,Tocantins,North,TRUE,TRUE,mapped
200310,2003-10-01,2003,10,21,Maranhão,9.87474,28.2221,MA,Maranhao,Northeast,TRUE,TRUE,mapped
200310,2003-10-01,2003,10,22,Piauí,17.13898,45.92951,PI,Piaui,Northeast,TRUE,TRUE,mapped
200310,2003-10-01,2003,10,23,Ceará,17.73642,45.91168,CE,Ceara,Northeast,TRUE,TRUE,mapped
200310,2003-10-01,2003,10,24,Rio Grande do Norte,15.50169,41.03014,RN,Rio Grande do Norte,Northeast,TRUE,TRUE,mapped
200310,2003-10-01,2003,10,25,Paraíba,12.90292,33.64163,PB,Paraiba,Northeast,TRUE,TRUE,mapped
200310,2003-10-01,2003,10,26,Pernambuco,18.63817,50.46241,PE,Pernambuco,Northeast,TRUE,TRUE,mapped
200310,2003-10-01,2003,10,27,Alagoas,13.67245,37.05314,AL,Alagoas,Northeast,TRUE,TRUE,mapped
200310,2003-10-01,2003,10,28,Sergipe,19.25001,55.70067,SE,Sergipe,Northeast,TRUE,TRUE,mapped
200310,2003-10-01,2003,10,29,Bahia,24.26083,60.08677,BA,Bahia,Northeast,TRUE,TRUE,mapped
200310,2003-10-01,2003,10,31,Minas Gerais,16.83602,44.73671,MG,Minas Gerais,Southeast,TRUE,TRUE,mapped
200310,2003-10-01,2003,10,32,Espírito Santo,17.59565,46.20569,ES,Espirito Santo,Southeast,TRUE,TRUE,mapped
200310,2003-10-01,2003,10,33,Rio de Janeiro,24.03999,61.93076,RJ,Rio de Janeiro,Southeast,TRUE,TRUE,mapped
200310,2003-10-01,2003,10,35,São Paulo,17.90498,47.27573,SP,Sao Paulo,Southeast,TRUE,TRUE,mapped
200310,2003-10-01,2003,10,41,Paraná,19.80735,55.30439,PR,Parana,South,TRUE,TRUE,mapped
200310,2003-10-01,2003,10,42,Santa Catarina,14.43855,40.11013,SC,Santa Catarina,South,TRUE,TRUE,mapped
200310,2003-10-01,2003,10,43,Rio Grande do Sul,20.27078,54.23749,RS,Rio Grande do Sul,South,TRUE,TRUE,mapped
200310,2003-10-01,2003,10,50,Mato Grosso do Sul,13.42141,35.46257,MS,Mato Grosso do Sul,Center-West,TRUE,TRUE,mapped
200310,2003-10-01,2003,10,51,Mato Grosso,19.899,49.57826,MT,Mato Grosso,Center-West,TRUE,TRUE,mapped
200310,2003-10-01,2003,10,52,Goiás,26.95603,66.33781,GO,Goias,Center-West,TRUE,TRUE,mapped
200310,2003-10-01,2003,10,53,Distrito Federal,31.201,77.33892,DF,Distrito Federal,Center-West,TRUE,TRUE,mapped
200311,2003-11-01,2003,11,11,Rondônia,15.82879,32.46817,RO,Rondonia,North,TRUE,TRUE,mapped
200311,2003-11-01,2003,11,12,Acre,10.96162,25.34497,AC,Acre,North,TRUE,TRUE,mapped
200311,2003-11-01,2003,11,13,Amazonas,17.98994,44.75678,AM,Amazonas,North,TRUE,TRUE,mapped
200311,2003-11-01,2003,11,14,Roraima,10.50941,24.83252,RR,Roraima,North,TRUE,TRUE,mapped
200311,2003-11-01,2003,11,15,Pará,16.32894,41.87898,PA,Para,North,TRUE,TRUE,mapped
200311,2003-11-01,2003,11,16,Amapá,18.96414,43.70094,AP,Amapa,North,TRUE,TRUE,mapped
200311,2003-11-01,2003,11,17,Tocantins,9.16329,22.4804,TO,Tocantins,North,TRUE,TRUE,mapped
200311,2003-11-01,2003,11,21,Maranhão,9.98487,28.37222,MA,Maranhao,Northeast,TRUE,TRUE,mapped
200311,2003-11-01,2003,11,22,Piauí,16.69381,44.49421,PI,Piaui,Northeast,TRUE,TRUE,mapped
200311,2003-11-01,2003,11,23,Ceará,17.88505,46.40856,CE,Ceara,Northeast,TRUE,TRUE,mapped
200311,2003-11-01,2003,11,24,Rio Grande do Norte,15.71699,41.57119,RN,Rio Grande do Norte,Northeast,TRUE,TRUE,mapped
200311,2003-11-01,2003,11,25,Paraíba,13.70104,35.41224,PB,Paraiba,Northeast,TRUE,TRUE,mapped
200311,2003-11-01,2003,11,26,Pernambuco,19.33215,52.0211,PE,Pernambuco,Northeast,TRUE,TRUE,mapped
200311,2003-11-01,2003,11,27,Alagoas,14.20342,38.19189,AL,Alagoas,Northeast,TRUE,TRUE,mapped
200311,2003-11-01,2003,11,28,Sergipe,20.20969,58.27507,SE,Sergipe,Northeast,TRUE,TRUE,mapped
200311,2003-11-01,2003,11,29,Bahia,23.74828,58.4021,BA,Bahia,Northeast,TRUE,TRUE,mapped
200311,2003-11-01,2003,11,31,Minas Gerais,16.83602,44.81805,MG,Minas Gerais,Southeast,TRUE,TRUE,mapped
200311,2003-11-01,2003,11,32,Espírito Santo,17.16544,44.88553,ES,Espirito Santo,Southeast,TRUE,TRUE,mapped
200311,2003-11-01,2003,11,33,Rio de Janeiro,24.5626,63.37581,RJ,Rio de Janeiro,Southeast,TRUE,TRUE,mapped
200311,2003-11-01,2003,11,35,São Paulo,18.03257,47.53313,SP,Sao Paulo,Southeast,TRUE,TRUE,mapped
200311,2003-11-01,2003,11,41,Paraná,19.93271,56.16315,PR,Parana,South,TRUE,TRUE,mapped
200311,2003-11-01,2003,11,42,Santa Catarina,14.37262,40.11013,SC,Santa Catarina,South,TRUE,TRUE,mapped
200311,2003-11-01,2003,11,43,Rio Grande do Sul,19.92591,53.60956,RS,Rio Grande do Sul,South,TRUE,TRUE,mapped
200311,2003-11-01,2003,11,50,Mato Grosso do Sul,12.80196,33.91487,MS,Mato Grosso do Sul,Center-West,TRUE,TRUE,mapped
200311,2003-11-01,2003,11,51,Mato Grosso,19.37649,48.25617,MT,Mato Grosso,Center-West,TRUE,TRUE,mapped
200311,2003-11-01,2003,11,52,Goiás,26.76753,65.38331,GO,Goias,Center-West,TRUE,TRUE,mapped
200311,2003-11-01,2003,11,53,Distrito Federal,31.67683,78.10974,DF,Distrito Federal,Center-West,TRUE,TRUE,mapped
200312,2003-12-01,2003,12,11,Rondônia,25.2621,52.78116,RO,Rondonia,North,TRUE,TRUE,mapped
200312,2003-12-01,2003,12,12,Acre,14.77761,34.62532,AC,Acre,North,TRUE,TRUE,mapped
200312,2003-12-01,2003,12,13,Amazonas,27.50024,68.99299,AM,Amazonas,North,TRUE,TRUE,mapped
200312,2003-12-01,2003,12,14,Roraima,13.58599,32.42166,RR,Roraima,North,TRUE,TRUE,mapped
200312,2003-12-01,2003,12,15,Pará,26.57455,68.71117,PA,Para,North,TRUE,TRUE,mapped
200312,2003-12-01,2003,12,16,Amapá,28.46832,67.11216,AP,Amapa,North,TRUE,TRUE,mapped
200312,2003-12-01,2003,12,17,Tocantins,13.76819,34.49282,TO,Tocantins,North,TRUE,TRUE,mapped
200312,2003-12-01,2003,12,21,Maranhão,14.53679,41.95786,MA,Maranhao,Northeast,TRUE,TRUE,mapped
200312,2003-12-01,2003,12,22,Piauí,25.24104,67.9972,PI,Piaui,Northeast,TRUE,TRUE,mapped
200312,2003-12-01,2003,12,23,Ceará,25.56422,66.28374,CE,Ceara,Northeast,TRUE,TRUE,mapped
200312,2003-12-01,2003,12,24,Rio Grande do Norte,22.08991,58.97519,RN,Rio Grande do Norte,Northeast,TRUE,TRUE,mapped
200312,2003-12-01,2003,12,25,Paraíba,20.66241,53.45563,PB,Paraiba,Northeast,TRUE,TRUE,mapped
200312,2003-12-01,2003,12,26,Pernambuco,27.5607,73.84268,PE,Pernambuco,Northeast,TRUE,TRUE,mapped
200312,2003-12-01,2003,12,27,Alagoas,20.84053,56.14908,AL,Alagoas,Northeast,TRUE,TRUE,mapped
200312,2003-12-01,2003,12,28,Sergipe,27.77421,80.15748,SE,Sergipe,Northeast,TRUE,TRUE,mapped
200312,2003-12-01,2003,12,29,Bahia,32.57557,81.20138,BA,Bahia,Northeast,TRUE,TRUE,mapped
200312,2003-12-01,2003,12,31,Minas Gerais,22.32514,59.5405,MG,Minas Gerais,Southeast,TRUE,TRUE,mapped
200312,2003-12-01,2003,12,32,Espírito Santo,22.80121,59.65485,ES,Espirito Santo,Southeast,TRUE,TRUE,mapped
200312,2003-12-01,2003,12,33,Rio de Janeiro,34.17859,88.35455,RJ,Rio de Janeiro,Southeast,TRUE,TRUE,mapped
200312,2003-12-01,2003,12,35,São Paulo,23.81661,62.71971,SP,Sao Paulo,Southeast,TRUE,TRUE,mapped
200312,2003-12-01,2003,12,41,Paraná,25.4069,71.27739,PR,Parana,South,TRUE,TRUE,mapped
200312,2003-12-01,2003,12,42,Santa Catarina,19.74587,55.33838,SC,Santa Catarina,South,TRUE,TRUE,mapped
200312,2003-12-01,2003,12,43,Rio Grande do Sul,27.58972,74.25277,RS,Rio Grande do Sul,South,TRUE,TRUE,mapped
200312,2003-12-01,2003,12,50,Mato Grosso do Sul,16.69073,44.54692,MS,Mato Grosso do Sul,Center-West,TRUE,TRUE,mapped
200312,2003-12-01,2003,12,51,Mato Grosso,23.51304,58.9155,MT,Mato Grosso,Center-West,TRUE,TRUE,mapped
200312,2003-12-01,2003,12,52,Goiás,34.05634,83.63813,GO,Goias,Center-West,TRUE,TRUE,mapped
200312,2003-12-01,2003,12,53,Distrito Federal,42.75693,105.85925,DF,Distrito Federal,Center-West,TRUE,TRUE,mapped
200401,2004-01-01,2004,1,11,Rondônia,14.54969,29.77608,RO,Rondonia,North,TRUE,TRUE,mapped
200401,2004-01-01,2004,1,12,Acre,9.65221,22.27285,AC,Acre,North,TRUE,TRUE,mapped
200401,2004-01-01,2004,1,13,Amazonas,17.09981,41.97003,AM,Amazonas,North,TRUE,TRUE,mapped
200401,2004-01-01,2004,1,14,Roraima,9.36589,21.88979,RR,Roraima,North,TRUE,TRUE,mapped
200401,2004-01-01,2004,1,15,Pará,15.72861,39.80356,PA,Para,North,TRUE,TRUE,mapped
200401,2004-01-01,2004,1,16,Amapá,15.78135,36.20935,AP,Amapa,North,TRUE,TRUE,mapped
200401,2004-01-01,2004,1,17,Tocantins,10.37266,25.3119,TO,Tocantins,North,TRUE,TRUE,mapped
200401,2004-01-01,2004,1,21,Maranhão,9.6912,27.47151,MA,Maranhao,Northeast,TRUE,TRUE,mapped
200401,2004-01-01,2004,1,22,Piauí,18.65255,48.97951,PI,Piaui,Northeast,TRUE,TRUE,mapped
200401,2004-01-01,2004,1,23,Ceará,17.53825,44.81854,CE,Ceara,Northeast,TRUE,TRUE,mapped
200401,2004-01-01,2004,1,24,Rio Grande do Norte,15.15721,39.40697,RN,Rio Grande do Norte,Northeast,TRUE,TRUE,mapped
200401,2004-01-01,2004,1,25,Paraíba,13.56802,35.07499,PB,Paraiba,Northeast,TRUE,TRUE,mapped
200401,2004-01-01,2004,1,26,Pernambuco,18.24161,48.70889,PE,Pernambuco,Northeast,TRUE,TRUE,mapped
200401,2004-01-01,2004,1,27,Alagoas,13.05298,35.12602,AL,Alagoas,Northeast,TRUE,TRUE,mapped
200401,2004-01-01,2004,1,28,Sergipe,20.37904,58.27507,SE,Sergipe,Northeast,TRUE,TRUE,mapped
200401,2004-01-01,2004,1,29,Bahia,22.95097,57.05436,BA,Bahia,Northeast,TRUE,TRUE,mapped
200401,2004-01-01,2004,1,31,Minas Gerais,16.54928,43.84198,MG,Minas Gerais,Southeast,TRUE,TRUE,mapped
200401,2004-01-01,2004,1,32,Espírito Santo,17.63867,46.45322,ES,Espirito Santo,Southeast,TRUE,TRUE,mapped
200401,2004-01-01,2004,1,33,Rio de Janeiro,23.6219,60.89858,RJ,Rio de Janeiro,Southeast,TRUE,TRUE,mapped
200401,2004-01-01,2004,1,35,São Paulo,17.09692,45.04494,SP,Sao Paulo,Southeast,TRUE,TRUE,mapped
200401,2004-01-01,2004,1,41,Paraná,19.55662,54.10212,PR,Parana,South,TRUE,TRUE,mapped
200401,2004-01-01,2004,1,42,Santa Catarina,15.26267,42.08164,SC,Santa Catarina,South,TRUE,TRUE,mapped
200401,2004-01-01,2004,1,43,Rio Grande do Sul,19.35112,51.09784,RS,Rio Grande do Sul,South,TRUE,TRUE,mapped
200401,2004-01-01,2004,1,50,Mato Grosso do Sul,12.35458,32.50175,MS,Mato Grosso do Sul,Center-West,TRUE,TRUE,mapped
200401,2004-01-01,2004,1,51,Mato Grosso,17.89604,44.5378,MT,Mato Grosso,Center-West,TRUE,TRUE,mapped
200401,2004-01-01,2004,1,52,Goiás,25.13383,61.08805,GO,Goias,Center-West,TRUE,TRUE,mapped
200401,2004-01-01,2004,1,53,Distrito Federal,30.18136,73.22788,DF,Distrito Federal,Center-West,TRUE,TRUE,mapped
200402,2004-02-01,2004,2,11,Rondônia,13.11071,26.92084,RO,Rondonia,North,TRUE,TRUE,mapped
200402,2004-02-01,2004,2,12,Acre,9.20327,21.18481,AC,Acre,North,TRUE,TRUE,mapped
200402,2004-02-01,2004,2,13,Amazonas,15.27271,37.49436,AM,Amazonas,North,TRUE,TRUE,mapped
200402,2004-02-01,2004,2,14,Roraima,8.38574,19.56658,RR,Roraima,North,TRUE,TRUE,mapped
200402,2004-02-01,2004,2,15,Pará,14.36787,36.31982,PA,Para,North,TRUE,TRUE,mapped
200402,2004-02-01,2004,2,16,Amapá,15.47191,35.2729,AP,Amapa,North,TRUE,TRUE,mapped
200402,2004-02-01,2004,2,17,Tocantins,9.25632,22.4804,TO,Tocantins,North,TRUE,TRUE,mapped
200402,2004-02-01,2004,2,21,Maranhão,8.84689,24.91952,MA,Maranhao,Northeast,TRUE,TRUE,mapped
200402,2004-02-01,2004,2,22,Piauí,16.96091,44.3148,PI,Piaui,Northeast,TRUE,TRUE,mapped
200402,2004-02-01,2004,2,23,Ceará,16.05195,40.74413,CE,Ceara,Northeast,TRUE,TRUE,mapped
200402,2004-02-01,2004,2,24,Rio Grande do Norte,14.59742,37.60344,RN,Rio Grande do Norte,Northeast,TRUE,TRUE,mapped
200402,2004-02-01,2004,2,25,Paraíba,12.23782,31.61808,PB,Paraiba,Northeast,TRUE,TRUE,mapped
200402,2004-02-01,2004,2,26,Pernambuco,17.34936,46.27345,PE,Pernambuco,Northeast,TRUE,TRUE,mapped
200402,2004-02-01,2004,2,27,Alagoas,11.90255,31.88497,AL,Alagoas,Northeast,TRUE,TRUE,mapped
200402,2004-02-01,2004,2,28,Sergipe,18.57259,53.24329,SE,Sergipe,Northeast,TRUE,TRUE,mapped
200402,2004-02-01,2004,2,29,Bahia,21.81196,54.47119,BA,Bahia,Northeast,TRUE,TRUE,mapped
200402,2004-02-01,2004,2,31,Minas Gerais,15.81193,41.88983,MG,Minas Gerais,Southeast,TRUE,TRUE,mapped
200402,2004-02-01,2004,2,32,Espírito Santo,16.4771,43.40035,ES,Espirito Santo,Southeast,TRUE,TRUE,mapped
200402,2004-02-01,2004,2,33,Rio de Janeiro,22.31538,57.49239,RJ,Rio de Janeiro,Southeast,TRUE,TRUE,mapped
200402,2004-02-01,2004,2,35,São Paulo,16.71415,44.01534,SP,Sao Paulo,Southeast,TRUE,TRUE,mapped
200402,2004-02-01,2004,2,41,Paraná,18.84623,51.78345,PR,Parana,South,TRUE,TRUE,mapped
200402,2004-02-01,2004,2,42,Santa Catarina,14.07594,38.54651,SC,Santa Catarina,South,TRUE,TRUE,mapped
200402,2004-02-01,2004,2,43,Rio Grande do Sul,18.35483,48.50762,RS,Rio Grande do Sul,South,TRUE,TRUE,mapped
200402,2004-02-01,2004,2,50,Mato Grosso do Sul,12.28576,32.03071,MS,Mato Grosso do Sul,Center-West,TRUE,TRUE,mapped
200402,2004-02-01,2004,2,51,Mato Grosso,18.54918,45.85989,MT,Mato Grosso,Center-West,TRUE,TRUE,mapped
200402,2004-02-01,2004,2,52,Goiás,23.18596,56.07692,GO,Goias,Center-West,TRUE,TRUE,mapped
200402,2004-02-01,2004,2,53,Distrito Federal,29.5016,71.4293,DF,Distrito Federal,Center-West,TRUE,TRUE,mapped
200403,2004-03-01,2004,3,11,Rondônia,15.77549,32.54974,RO,Rondonia,North,TRUE,TRUE,mapped
200403,2004-03-01,2004,3,12,Acre,10.55009,24.19292,AC,Acre,North,TRUE,TRUE,mapped
200403,2004-03-01,2004,3,13,Amazonas,16.35023,40.02776,AM,Amazonas,North,TRUE,TRUE,mapped
200403,2004-03-01,2004,3,14,Roraima,9.55648,22.19955,RR,Roraima,North,TRUE,TRUE,mapped
200403,2004-03-01,2004,3,15,Pará,15.68859,39.43295,PA,Para,North,TRUE,TRUE,mapped
200403,2004-03-01,2004,3,16,Amapá,15.78135,35.74113,AP,Amapa,North,TRUE,TRUE,mapped
200403,2004-03-01,2004,3,17,Tocantins,9.90751,24.02485,TO,Tocantins,North,TRUE,TRUE,mapped
200403,2004-03-01,2004,3,21,Maranhão,9.91145,27.84681,MA,Maranhao,Northeast,TRUE,TRUE,mapped
200403,2004-03-01,2004,3,22,Piauí,18.56352,48.53098,PI,Piaui,Northeast,TRUE,TRUE,mapped
200403,2004-03-01,2004,3,23,Ceará,17.24099,43.82478,CE,Ceara,Northeast,TRUE,TRUE,mapped
200403,2004-03-01,2004,3,24,Rio Grande do Norte,16.44901,42.47296,RN,Rio Grande do Norte,Northeast,TRUE,TRUE,mapped
200403,2004-03-01,2004,3,25,Paraíba,13.83406,35.41224,PB,Paraiba,Northeast,TRUE,TRUE,mapped
200403,2004-03-01,2004,3,26,Pernambuco,19.13387,50.55983,PE,Pernambuco,Northeast,TRUE,TRUE,mapped
200403,2004-03-01,2004,3,27,Alagoas,13.80519,36.70275,AL,Alagoas,Northeast,TRUE,TRUE,mapped
200403,2004-03-01,2004,3,28,Sergipe,19.87098,56.28576,SE,Sergipe,Northeast,TRUE,TRUE,mapped
200403,2004-03-01,2004,3,29,Bahia,24.77338,61.54683,BA,Bahia,Northeast,TRUE,TRUE,mapped
200403,2004-03-01,2004,3,31,Minas Gerais,16.99988,45.06207,MG,Minas Gerais,Southeast,TRUE,TRUE,mapped
200403,2004-03-01,2004,3,32,Espírito Santo,17.68169,47.03079,ES,Espirito Santo,Southeast,TRUE,TRUE,mapped
200403,2004-03-01,2004,3,33,Rio de Janeiro,23.93547,62.24041,RJ,Rio de Janeiro,Southeast,TRUE,TRUE,mapped
200403,2004-03-01,2004,3,35,São Paulo,17.94751,47.36153,SP,Sao Paulo,Southeast,TRUE,TRUE,mapped
200403,2004-03-01,2004,3,41,Paraná,20.85204,58.05243,PR,Parana,South,TRUE,TRUE,mapped
200403,2004-03-01,2004,3,42,Santa Catarina,14.73523,41.19786,SC,Santa Catarina,South,TRUE,TRUE,mapped
200403,2004-03-01,2004,3,43,Rio Grande do Sul,20.73061,54.78693,RS,Rio Grande do Sul,South,TRUE,TRUE,mapped
200403,2004-03-01,2004,3,50,Mato Grosso do Sul,13.83438,36.47195,MS,Mato Grosso do Sul,Center-West,TRUE,TRUE,mapped
200403,2004-03-01,2004,3,51,Mato Grosso,21.37945,53.70978,MT,Mato Grosso,Center-West,TRUE,TRUE,mapped
200403,2004-03-01,2004,3,52,Goiás,25.76218,62.5198,GO,Goias,Center-West,TRUE,TRUE,mapped
200403,2004-03-01,2004,3,53,Distrito Federal,32.83243,79.90832,DF,Distrito Federal,Center-West,TRUE,TRUE,mapped
200404,2004-04-01,2004,4,11,Rondônia,16.36174,33.77342,RO,Rondonia,North,TRUE,TRUE,mapped
200404,2004-04-01,2004,4,12,Acre,10.25079,23.42489,AC,Acre,North,TRUE,TRUE,mapped
200404,2004-04-01,2004,4,13,Amazonas,17.28721,42.13893,AM,Amazonas,North,TRUE,TRUE,mapped
200404,2004-04-01,2004,4,14,Roraima,9.14808,21.37352,RR,Roraima,North,TRUE,TRUE,mapped
200404,2004-04-01,2004,4,15,Pará,16.04879,40.02592,PA,Para,North,TRUE,TRUE,mapped
200404,2004-04-01,2004,4,16,Amapá,16.40023,36.98973,AP,Amapa,North,TRUE,TRUE,mapped
200404,2004-04-01,2004,4,17,Tocantins,9.72146,23.85324,TO,Tocantins,North,TRUE,TRUE,mapped
200404,2004-04-01,2004,4,21,Maranhão,9.94816,28.07199,MA,Maranhao,Northeast,TRUE,TRUE,mapped
200404,2004-04-01,2004,4,22,Piauí,17.31704,45.12215,PI,Piaui,Northeast,TRUE,TRUE,mapped
200404,2004-04-01,2004,4,23,Ceará,17.4887,44.42104,CE,Ceara,Northeast,TRUE,TRUE,mapped
200404,2004-04-01,2004,4,24,Rio Grande do Norte,16.36289,42.47296,RN,Rio Grande do Norte,Northeast,TRUE,TRUE,mapped
200404,2004-04-01,2004,4,25,Paraíba,13.34632,34.31615,PB,Paraiba,Northeast,TRUE,TRUE,mapped
200404,2004-04-01,2004,4,26,Pernambuco,18.5886,49.39082,PE,Pernambuco,Northeast,TRUE,TRUE,mapped
200404,2004-04-01,2004,4,27,Alagoas,13.67245,36.52756,AL,Alagoas,Northeast,TRUE,TRUE,mapped
200404,2004-04-01,2004,4,28,Sergipe,19.30646,55.11558,SE,Sergipe,Northeast,TRUE,TRUE,mapped
200404,2004-04-01,2004,4,29,Bahia,24.20388,60.42371,BA,Bahia,Northeast,TRUE,TRUE,mapped
200404,2004-04-01,2004,4,31,Minas Gerais,17.45048,46.20082,MG,Minas Gerais,Southeast,TRUE,TRUE,mapped
200404,2004-04-01,2004,4,32,Espírito Santo,17.72471,47.36083,ES,Espirito Santo,Southeast,TRUE,TRUE,mapped
200404,2004-04-01,2004,4,33,Rio de Janeiro,23.83094,62.03398,RJ,Rio de Janeiro,Southeast,TRUE,TRUE,mapped
200404,2004-04-01,2004,4,35,São Paulo,18.11763,47.79053,SP,Sao Paulo,Southeast,TRUE,TRUE,mapped
200404,2004-04-01,2004,4,41,Paraná,21.06098,58.65356,PR,Parana,South,TRUE,TRUE,mapped
200404,2004-04-01,2004,4,42,Santa Catarina,14.83413,41.60576,SC,Santa Catarina,South,TRUE,TRUE,mapped
200404,2004-04-01,2004,4,43,Rio Grande do Sul,21.26707,56.04279,RS,Rio Grande do Sul,South,TRUE,TRUE,mapped
200404,2004-04-01,2004,4,50,Mato Grosso do Sul,14.10969,37.54861,MS,Mato Grosso do Sul,Center-West,TRUE,TRUE,mapped
200404,2004-04-01,2004,4,51,Mato Grosso,20.98756,53.37926,MT,Mato Grosso,Center-West,TRUE,TRUE,mapped
200404,2004-04-01,2004,4,52,Goiás,25.69934,62.5198,GO,Goias,Center-West,TRUE,TRUE,mapped
200404,2004-04-01,2004,4,53,Distrito Federal,33.24028,81.06455,DF,Distrito Federal,Center-West,TRUE,TRUE,mapped
200405,2004-05-01,2004,5,11,Rondônia,18.01391,37.52602,RO,Rondonia,North,TRUE,TRUE,mapped
200405,2004-05-01,2004,5,12,Acre,11.44797,26.305,AC,Acre,North,TRUE,TRUE,mapped
200405,2004-05-01,2004,5,13,Amazonas,20.75402,50.75249,AM,Amazonas,North,TRUE,TRUE,mapped
200405,2004-05-01,2004,5,14,Roraima,9.03918,21.11538,RR,Roraima,North,TRUE,TRUE,mapped
200405,2004-05-01,2004,5,15,Pará,17.28947,43.21317,PA,Para,North,TRUE,TRUE,mapped
200405,2004-05-01,2004,5,16,Amapá,18.91994,42.842529999999996,AP,Amapa,North,TRUE,TRUE,mapped
200405,2004-05-01,2004,5,17,Tocantins,10.5122,25.3977,TO,Tocantins,North,TRUE,TRUE,mapped
200405,2004-05-01,2004,5,21,Maranhão,11.04943,30.99928,MA,Maranhao,Northeast,TRUE,TRUE,mapped
200405,2004-05-01,2004,5,22,Piauí,18.74158,48.62069,PI,Piaui,Northeast,TRUE,TRUE,mapped
200405,2004-05-01,2004,5,23,Ceará,18.67774,47.10419,CE,Ceara,Northeast,TRUE,TRUE,mapped
200405,2004-05-01,2004,5,24,Rio Grande do Norte,17.26716,44.45683,RN,Rio Grande do Norte,Northeast,TRUE,TRUE,mapped
200405,2004-05-01,2004,5,25,Paraíba,14.80954,37.85738,PB,Paraiba,Northeast,TRUE,TRUE,mapped
200405,2004-05-01,2004,5,26,Pernambuco,20.2244,53.38495,PE,Pernambuco,Northeast,TRUE,TRUE,mapped
200405,2004-05-01,2004,5,27,Alagoas,14.86713,39.59342,AL,Alagoas,Northeast,TRUE,TRUE,mapped
200405,2004-05-01,2004,5,28,Sergipe,21.00001,59.56227,SE,Sergipe,Northeast,TRUE,TRUE,mapped
200405,2004-05-01,2004,5,29,Bahia,25.39983,63.68075,BA,Bahia,Northeast,TRUE,TRUE,mapped
200405,2004-05-01,2004,5,31,Minas Gerais,17.77818,46.7702,MG,Minas Gerais,Southeast,TRUE,TRUE,mapped
200405,2004-05-01,2004,5,32,Espírito Santo,17.72471,46.94828,ES,Espirito Santo,Southeast,TRUE,TRUE,mapped
200405,2004-05-01,2004,5,33,Rio de Janeiro,25.7646,66.47235,RJ,Rio de Janeiro,Southeast,TRUE,TRUE,mapped
200405,2004-05-01,2004,5,35,São Paulo,19.13834,50.02133,SP,Sao Paulo,Southeast,TRUE,TRUE,mapped
200405,2004-05-01,2004,5,41,Paraná,21.93852,60.80047,PR,Parana,South,TRUE,TRUE,mapped
200405,2004-05-01,2004,5,42,Santa Catarina,15.29563,42.69349,SC,Santa Catarina,South,TRUE,TRUE,mapped
200405,2004-05-01,2004,5,43,Rio Grande do Sul,22.45496,58.78998,RS,Rio Grande do Sul,South,TRUE,TRUE,mapped
200405,2004-05-01,2004,5,50,Mato Grosso do Sul,15.383,39.90381,MS,Mato Grosso do Sul,Center-West,TRUE,TRUE,mapped
200405,2004-05-01,2004,5,51,Mato Grosso,23.38241,58.08919,MT,Mato Grosso,Center-West,TRUE,TRUE,mapped
200405,2004-05-01,2004,5,52,Goiás,27.45871,65.74124,GO,Goias,Center-West,TRUE,TRUE,mapped
200405,2004-05-01,2004,5,53,Distrito Federal,34.46385,83.37701,DF,Distrito Federal,Center-West,TRUE,TRUE,mapped
200406,2004-06-01,2004,6,11,Rondônia,18.1205,37.36286,RO,Rondonia,North,TRUE,TRUE,mapped
200406,2004-06-01,2004,6,12,Acre,11.18609,25.66498,AC,Acre,North,TRUE,TRUE,mapped
200406,2004-06-01,2004,6,13,Amazonas,20.14498,49.06356,AM,Amazonas,North,TRUE,TRUE,mapped
200406,2004-06-01,2004,6,14,Roraima,9.42035,21.88979,RR,Roraima,North,TRUE,TRUE,mapped
200406,2004-06-01,2004,6,15,Pará,16.8092,41.87898,PA,Para,North,TRUE,TRUE,mapped
200406,2004-06-01,2004,6,16,Amapá,17.94742,40.34533,AP,Amapa,North,TRUE,TRUE,mapped
200406,2004-06-01,2004,6,17,Tocantins,9.861,23.68164,TO,Tocantins,North,TRUE,TRUE,mapped
200406,2004-06-01,2004,6,21,Maranhão,10.9026,30.39881,MA,Maranhao,Northeast,TRUE,TRUE,mapped
200406,2004-06-01,2004,6,22,Piauí,18.02931,46.46774,PI,Piaui,Northeast,TRUE,TRUE,mapped
200406,2004-06-01,2004,6,23,Ceará,18.03368,45.21604,CE,Ceara,Northeast,TRUE,TRUE,mapped
200406,2004-06-01,2004,6,24,Rio Grande do Norte,16.87962,43.10419,RN,Rio Grande do Norte,Northeast,TRUE,TRUE,mapped
200406,2004-06-01,2004,6,25,Paraíba,14.3218,36.33971,PB,Paraiba,Northeast,TRUE,TRUE,mapped
200406,2004-06-01,2004,6,26,Pernambuco,19.97655,52.41077,PE,Pernambuco,Northeast,TRUE,TRUE,mapped
200406,2004-06-01,2004,6,27,Alagoas,14.29191,37.75391,AL,Alagoas,Northeast,TRUE,TRUE,mapped
200406,2004-06-01,2004,6,28,Sergipe,20.6613,58.15806,SE,Sergipe,Northeast,TRUE,TRUE,mapped
200406,2004-06-01,2004,6,29,Bahia,25.57068,63.11919,BA,Bahia,Northeast,TRUE,TRUE,mapped
200406,2004-06-01,2004,6,31,Minas Gerais,17.77818,46.11948,MG,Minas Gerais,Southeast,TRUE,TRUE,mapped
200406,2004-06-01,2004,6,32,Espírito Santo,17.59565,46.12318,ES,Espirito Santo,Southeast,TRUE,TRUE,mapped
200406,2004-06-01,2004,6,33,Rio de Janeiro,24.35355,62.24041,RJ,Rio de Janeiro,Southeast,TRUE,TRUE,mapped
200406,2004-06-01,2004,6,35,São Paulo,18.45787,47.70473,SP,Sao Paulo,Southeast,TRUE,TRUE,mapped
200406,2004-06-01,2004,6,41,Paraná,20.89383,56.76428,PR,Parana,South,TRUE,TRUE,mapped
200406,2004-06-01,2004,6,42,Santa Catarina,14.80116,40.31408,SC,Santa Catarina,South,TRUE,TRUE,mapped
200406,2004-06-01,2004,6,43,Rio Grande do Sul,21.38203,55.0224,RS,Rio Grande do Sul,South,TRUE,TRUE,mapped
200406,2004-06-01,2004,6,50,Mato Grosso do Sul,14.6259,37.81777,MS,Mato Grosso do Sul,Center-West,TRUE,TRUE,mapped
200406,2004-06-01,2004,6,51,Mato Grosso,22.72927,56.10606,MT,Mato Grosso,Center-West,TRUE,TRUE,mapped
200406,2004-06-01,2004,6,52,Goiás,26.64186,63.4743,GO,Goias,Center-West,TRUE,TRUE,mapped
200406,2004-06-01,2004,6,53,Distrito Federal,33.92004,81.44996,DF,Distrito Federal,Center-West,TRUE,TRUE,mapped
200407,2004-07-01,2004,7,11,Rondônia,21.85119,44.62333,RO,Rondonia,North,TRUE,TRUE,mapped
200407,2004-07-01,2004,7,12,Acre,11.48538,26.36901,AC,Acre,North,TRUE,TRUE,mapped
200407,2004-07-01,2004,7,13,Amazonas,21.3162,51.765860000000004,AM,Amazonas,North,TRUE,TRUE,mapped
200407,2004-07-01,2004,7,14,Roraima,10.59108,24.57438,RR,Roraima,North,TRUE,TRUE,mapped
200407,2004-07-01,2004,7,15,Pará,17.92982,44.69562,PA,Para,North,TRUE,TRUE,mapped
200407,2004-07-01,2004,7,16,Amapá,20.2019,45.57384,AP,Amapa,North,TRUE,TRUE,mapped
200407,2004-07-01,2004,7,17,Tocantins,10.55871,25.4835,TO,Tocantins,North,TRUE,TRUE,mapped
200407,2004-07-01,2004,7,21,Maranhão,12.18741,34.07669,MA,Maranhao,Northeast,TRUE,TRUE,mapped
200407,2004-07-01,2004,7,22,Piauí,19.80999,51.13246,PI,Piaui,Northeast,TRUE,TRUE,mapped
200407,2004-07-01,2004,7,23,Ceará,19.91631,50.08546,CE,Ceara,Northeast,TRUE,TRUE,mapped
200407,2004-07-01,2004,7,24,Rio Grande do Norte,18.25754,46.89159,RN,Rio Grande do Norte,Northeast,TRUE,TRUE,mapped
200407,2004-07-01,2004,7,25,Paraíba,14.45482,36.59265,PB,Paraiba,Northeast,TRUE,TRUE,mapped
200407,2004-07-01,2004,7,26,Pernambuco,20.42268,53.38495,PE,Pernambuco,Northeast,TRUE,TRUE,mapped
200407,2004-07-01,2004,7,27,Alagoas,14.51315,38.19189,AL,Alagoas,Northeast,TRUE,TRUE,mapped
200407,2004-07-01,2004,7,28,Sergipe,20.71775,57.92402,SE,Sergipe,Northeast,TRUE,TRUE,mapped
200407,2004-07-01,2004,7,29,Bahia,25.96934,62.55763,BA,Bahia,Northeast,TRUE,TRUE,mapped
200407,2004-07-01,2004,7,31,Minas Gerais,19.08902,49.04771,MG,Minas Gerais,Southeast,TRUE,TRUE,mapped
200407,2004-07-01,2004,7,32,Espírito Santo,19.05837,49.25857,ES,Espirito Santo,Southeast,TRUE,TRUE,mapped
200407,2004-07-01,2004,7,33,Rio de Janeiro,25.7646,65.13051,RJ,Rio de Janeiro,Southeast,TRUE,TRUE,mapped
200407,2004-07-01,2004,7,35,São Paulo,19.30846,49.50653,SP,Sao Paulo,Southeast,TRUE,TRUE,mapped
200407,2004-07-01,2004,7,41,Paraná,22.48176,60.54284,PR,Parana,South,TRUE,TRUE,mapped
200407,2004-07-01,2004,7,42,Santa Catarina,16.05382,43.44131,SC,Santa Catarina,South,TRUE,TRUE,mapped
200407,2004-07-01,2004,7,43,Rio Grande do Sul,22.99143,58.71149,RS,Rio Grande do Sul,South,TRUE,TRUE,mapped
200407,2004-07-01,2004,7,50,Mato Grosso do Sul,16.07128,41.72068,MS,Mato Grosso do Sul,Center-West,TRUE,TRUE,mapped
200407,2004-07-01,2004,7,51,Mato Grosso,24.20972,59.98969,MT,Mato Grosso,Center-West,TRUE,TRUE,mapped
200407,2004-07-01,2004,7,52,Goiás,28.33839,67.53093,GO,Goias,Center-West,TRUE,TRUE,mapped
200407,2004-07-01,2004,7,53,Distrito Federal,35.21159,84.2763,DF,Distrito Federal,Center-West,TRUE,TRUE,mapped
200408,2004-08-01,2004,8,11,Rondônia,18.91993,38.42338,RO,Rondonia,North,TRUE,TRUE,mapped
200408,2004-08-01,2004,8,12,Acre,11.5602,26.241,AC,Acre,North,TRUE,TRUE,mapped
200408,2004-08-01,2004,8,13,Amazonas,20.19183,48.55688,AM,Amazonas,North,TRUE,TRUE,mapped
200408,2004-08-01,2004,8,14,Roraima,10.50941,24.21299,RR,Roraima,North,TRUE,TRUE,mapped
200408,2004-08-01,2004,8,15,Pará,17.36951,42.84256,PA,Para,North,TRUE,TRUE,mapped
200408,2004-08-01,2004,8,16,Amapá,19.53882,43.85702,AP,Amapa,North,TRUE,TRUE,mapped
200408,2004-08-01,2004,8,17,Tocantins,10.37266,24.53967,TO,Tocantins,North,TRUE,TRUE,mapped
200408,2004-08-01,2004,8,21,Maranhão,11.23298,30.92422,MA,Maranhao,Northeast,TRUE,TRUE,mapped
200408,2004-08-01,2004,8,22,Piauí,18.2519,46.64716,PI,Piaui,Northeast,TRUE,TRUE,mapped
200408,2004-08-01,2004,8,23,Ceará,19.22271,47.79982,CE,Ceara,Northeast,TRUE,TRUE,mapped
200408,2004-08-01,2004,8,24,Rio Grande do Norte,18.42979,46.44071,RN,Rio Grande do Norte,Northeast,TRUE,TRUE,mapped
200408,2004-08-01,2004,8,25,Paraíba,14.45482,36.17108,PB,Paraiba,Northeast,TRUE,TRUE,mapped
200408,2004-08-01,2004,8,26,Pernambuco,20.32354,52.6056,PE,Pernambuco,Northeast,TRUE,TRUE,mapped
200408,2004-08-01,2004,8,27,Alagoas,14.86713,38.80506,AL,Alagoas,Northeast,TRUE,TRUE,mapped
200408,2004-08-01,2004,8,28,Sergipe,21.05646,57.92402,SE,Sergipe,Northeast,TRUE,TRUE,mapped
200408,2004-08-01,2004,8,29,Bahia,25.62764,61.77145,BA,Bahia,Northeast,TRUE,TRUE,mapped
200408,2004-08-01,2004,8,31,Minas Gerais,18.59746,47.33958,MG,Minas Gerais,Southeast,TRUE,TRUE,mapped
200408,2004-08-01,2004,8,32,Espírito Santo,18.06888,45.95816,ES,Espirito Santo,Southeast,TRUE,TRUE,mapped
200408,2004-08-01,2004,8,33,Rio de Janeiro,25.97364,64.82086,RJ,Rio de Janeiro,Southeast,TRUE,TRUE,mapped
200408,2004-08-01,2004,8,35,São Paulo,18.9257,48.30533,SP,Sao Paulo,Southeast,TRUE,TRUE,mapped
200408,2004-08-01,2004,8,41,Paraná,21.98031,57.53717,PR,Parana,South,TRUE,TRUE,mapped
200408,2004-08-01,2004,8,42,Santa Catarina,15.59232,40.78996,SC,Santa Catarina,South,TRUE,TRUE,mapped
200408,2004-08-01,2004,8,43,Rio Grande do Sul,22.26337,56.67072,RS,Rio Grande do Sul,South,TRUE,TRUE,mapped
200408,2004-08-01,2004,8,50,Mato Grosso do Sul,15.31418,38.4234,MS,Mato Grosso do Sul,Center-West,TRUE,TRUE,mapped
200408,2004-08-01,2004,8,51,Mato Grosso,24.55806,58.75024,MT,Mato Grosso,Center-West,TRUE,TRUE,mapped
200408,2004-08-01,2004,8,52,Goiás,27.33304,64.07087,GO,Goias,Center-West,TRUE,TRUE,mapped
200408,2004-08-01,2004,8,53,Distrito Federal,35.41552,83.37701,DF,Distrito Federal,Center-West,TRUE,TRUE,mapped
200409,2004-09-01,2004,9,11,Rondônia,18.81334,37.85233,RO,Rondonia,North,TRUE,TRUE,mapped
200409,2004-09-01,2004,9,12,Acre,11.33573,25.66498,AC,Acre,North,TRUE,TRUE,mapped
200409,2004-09-01,2004,9,13,Amazonas,19.67649,47.12128,AM,Amazonas,North,TRUE,TRUE,mapped
200409,2004-09-01,2004,9,14,Roraima,9.93765,22.92232,RR,Roraima,North,TRUE,TRUE,mapped
200409,2004-09-01,2004,9,15,Pará,16.52905,40.84127,PA,Para,North,TRUE,TRUE,mapped
200409,2004-09-01,2004,9,16,Amapá,19.00835,42.76449,AP,Amapa,North,TRUE,TRUE,mapped
200409,2004-09-01,2004,9,17,Tocantins,10.04706,23.68164,TO,Tocantins,North,TRUE,TRUE,mapped
200409,2004-09-01,2004,9,21,Maranhão,10.75576,29.57316,MA,Maranhao,Northeast,TRUE,TRUE,mapped
200409,2004-09-01,2004,9,22,Piauí,17.94028,45.92951,PI,Piaui,Northeast,TRUE,TRUE,mapped
200409,2004-09-01,2004,9,23,Ceará,18.18231,45.31542,CE,Ceara,Northeast,TRUE,TRUE,mapped
200409,2004-09-01,2004,9,24,Rio Grande do Norte,17.52552,44.36665,RN,Rio Grande do Norte,Northeast,TRUE,TRUE,mapped
200409,2004-09-01,2004,9,25,Paraíba,13.70104,34.06321,PB,Paraiba,Northeast,TRUE,TRUE,mapped
200409,2004-09-01,2004,9,26,Pernambuco,19.28258,49.78049,PE,Pernambuco,Northeast,TRUE,TRUE,mapped
200409,2004-09-01,2004,9,27,Alagoas,13.89368,36.17718,AL,Alagoas,Northeast,TRUE,TRUE,mapped
200409,2004-09-01,2004,9,28,Sergipe,20.09678,54.76453,SE,Sergipe,Northeast,TRUE,TRUE,mapped
200409,2004-09-01,2004,9,29,Bahia,24.94423,59.86215,BA,Bahia,Northeast,TRUE,TRUE,mapped
200409,2004-09-01,2004,9,31,Minas Gerais,18.35167,46.44484,MG,Minas Gerais,Southeast,TRUE,TRUE,mapped
200409,2004-09-01,2004,9,32,Espírito Santo,18.1119,46.04067,ES,Espirito Santo,Southeast,TRUE,TRUE,mapped
200409,2004-09-01,2004,9,33,Rio de Janeiro,24.71938,61.62111,RJ,Rio de Janeiro,Southeast,TRUE,TRUE,mapped
200409,2004-09-01,2004,9,35,São Paulo,18.71305,47.70473,SP,Sao Paulo,Southeast,TRUE,TRUE,mapped
200409,2004-09-01,2004,9,41,Paraná,21.60422,57.19367,PR,Parana,South,TRUE,TRUE,mapped
200409,2004-09-01,2004,9,42,Santa Catarina,15.62528,41.40181,SC,Santa Catarina,South,TRUE,TRUE,mapped
200409,2004-09-01,2004,9,43,Rio Grande do Sul,20.9222,53.2171,RS,Rio Grande do Sul,South,TRUE,TRUE,mapped
200409,2004-09-01,2004,9,50,Mato Grosso do Sul,15.24535,38.28881,MS,Mato Grosso do Sul,Center-West,TRUE,TRUE,mapped
200409,2004-09-01,2004,9,51,Mato Grosso,23.73075,56.7671,MT,Mato Grosso,Center-West,TRUE,TRUE,mapped
200409,2004-09-01,2004,9,52,Goiás,26.39052,61.92324,GO,Goias,Center-West,TRUE,TRUE,mapped
200409,2004-09-01,2004,9,53,Distrito Federal,33.44421,78.88056,DF,Distrito Federal,Center-West,TRUE,TRUE,mapped
200410,2004-10-01,2004,10,11,Rondônia,19.18641,38.91285,RO,Rondonia,North,TRUE,TRUE,mapped
200410,2004-10-01,2004,10,12,Acre,12.30844,28.03307,AC,Acre,North,TRUE,TRUE,mapped
200410,2004-10-01,2004,10,13,Amazonas,21.83154,52.18809,AM,Amazonas,North,TRUE,TRUE,mapped
200410,2004-10-01,2004,10,14,Roraima,9.91042,22.66419,RR,Roraima,North,TRUE,TRUE,mapped
200410,2004-10-01,2004,10,15,Pará,18.41008,45.21447,PA,Para,North,TRUE,TRUE,mapped
200410,2004-10-01,2004,10,16,Amapá,20.37872,45.72991,AP,Amapa,North,TRUE,TRUE,mapped
200410,2004-10-01,2004,10,17,Tocantins,11.20991,26.25573,TO,Tocantins,North,TRUE,TRUE,mapped
200410,2004-10-01,2004,10,21,Maranhão,11.45323,31.29951,MA,Maranhao,Northeast,TRUE,TRUE,mapped
200410,2004-10-01,2004,10,22,Piauí,18.91965,48.08245,PI,Piaui,Northeast,TRUE,TRUE,mapped
200410,2004-10-01,2004,10,23,Ceará,19.76768,48.89295,CE,Ceara,Northeast,TRUE,TRUE,mapped
200410,2004-10-01,2004,10,24,Rio Grande do Norte,18.51591,46.35053,RN,Rio Grande do Norte,Northeast,TRUE,TRUE,mapped
200410,2004-10-01,2004,10,25,Paraíba,15.16426,37.77306,PB,Paraiba,Northeast,TRUE,TRUE,mapped
200410,2004-10-01,2004,10,26,Pernambuco,21.16622,54.65138,PE,Pernambuco,Northeast,TRUE,TRUE,mapped
200410,2004-10-01,2004,10,27,Alagoas,16.10605,41.95852,AL,Alagoas,Northeast,TRUE,TRUE,mapped
200410,2004-10-01,2004,10,28,Sergipe,21.22582,57.92402,SE,Sergipe,Northeast,TRUE,TRUE,mapped
200410,2004-10-01,2004,10,29,Bahia,27.27919,65.70236,BA,Bahia,Northeast,TRUE,TRUE,mapped
200410,2004-10-01,2004,10,31,Minas Gerais,19.49865,49.21038,MG,Minas Gerais,Southeast,TRUE,TRUE,mapped
200410,2004-10-01,2004,10,32,Espírito Santo,20.17692,51.1563,ES,Espirito Santo,Southeast,TRUE,TRUE,mapped
200410,2004-10-01,2004,10,33,Rio de Janeiro,26.60077,66.05948,RJ,Rio de Janeiro,Southeast,TRUE,TRUE,mapped
200410,2004-10-01,2004,10,35,São Paulo,20.03147,50.79353,SP,Sao Paulo,Southeast,TRUE,TRUE,mapped
200410,2004-10-01,2004,10,41,Paraná,23.15036,61.0581,PR,Parana,South,TRUE,TRUE,mapped
200410,2004-10-01,2004,10,42,Santa Catarina,16.87794,44.52904,SC,Santa Catarina,South,TRUE,TRUE,mapped
200410,2004-10-01,2004,10,43,Rio Grande do Sul,23.29798,58.94697,RS,Rio Grande do Sul,South,TRUE,TRUE,mapped
200410,2004-10-01,2004,10,50,Mato Grosso do Sul,16.17452,39.9711,MS,Mato Grosso do Sul,Center-West,TRUE,TRUE,mapped
200410,2004-10-01,2004,10,51,Mato Grosso,25.25475,59.41128,MT,Mato Grosso,Center-West,TRUE,TRUE,mapped
200410,2004-10-01,2004,10,52,Goiás,28.77824,66.69574,GO,Goias,Center-West,TRUE,TRUE,mapped
200410,2004-10-01,2004,10,53,Distrito Federal,35.41552,83.63395,DF,Distrito Federal,Center-West,TRUE,TRUE,mapped
200411,2004-11-01,2004,11,11,Rondônia,18.60016,37.68918,RO,Rondonia,North,TRUE,TRUE,mapped
200411,2004-11-01,2004,11,12,Acre,10.25079,23.36089,AC,Acre,North,TRUE,TRUE,mapped
200411,2004-11-01,2004,11,13,Amazonas,21.59729,51.17473,AM,Amazonas,North,TRUE,TRUE,mapped
200411,2004-11-01,2004,11,14,Roraima,10.56386,23.85161,RR,Roraima,North,TRUE,TRUE,mapped
200411,2004-11-01,2004,11,15,Pará,17.92982,43.58378,PA,Para,North,TRUE,TRUE,mapped
200411,2004-11-01,2004,11,16,Amapá,20.15769,44.79347,AP,Amapa,North,TRUE,TRUE,mapped
200411,2004-11-01,2004,11,17,Tocantins,10.27963,23.76744,TO,Tocantins,North,TRUE,TRUE,mapped
200411,2004-11-01,2004,11,21,Maranhão,11.3431,30.69904,MA,Maranhao,Northeast,TRUE,TRUE,mapped
200411,2004-11-01,2004,11,22,Piauí,19.0532,47.99275,PI,Piaui,Northeast,TRUE,TRUE,mapped
200411,2004-11-01,2004,11,23,Ceará,20.26312,49.58858,CE,Ceara,Northeast,TRUE,TRUE,mapped
200411,2004-11-01,2004,11,24,Rio Grande do Norte,18.60203,45.89965,RN,Rio Grande do Norte,Northeast,TRUE,TRUE,mapped
200411,2004-11-01,2004,11,25,Paraíba,15.91804,39.45936,PB,Paraiba,Northeast,TRUE,TRUE,mapped
200411,2004-11-01,2004,11,26,Pernambuco,22.5046,57.76875,PE,Pernambuco,Northeast,TRUE,TRUE,mapped
200411,2004-11-01,2004,11,27,Alagoas,16.81401,43.62284,AL,Alagoas,Northeast,TRUE,TRUE,mapped
200411,2004-11-01,2004,11,28,Sergipe,21.62098,58.27507,SE,Sergipe,Northeast,TRUE,TRUE,mapped
200411,2004-11-01,2004,11,29,Bahia,27.33614,65.02849,BA,Bahia,Northeast,TRUE,TRUE,mapped
200411,2004-11-01,2004,11,31,Minas Gerais,19.29384,48.31565,MG,Minas Gerais,Southeast,TRUE,TRUE,mapped
200411,2004-11-01,2004,11,32,Espírito Santo,19.96181,50.08367,ES,Espirito Santo,Southeast,TRUE,TRUE,mapped
200411,2004-11-01,2004,11,33,Rio de Janeiro,26.07816,64.40799,RJ,Rio de Janeiro,Southeast,TRUE,TRUE,mapped
200411,2004-11-01,2004,11,35,São Paulo,19.90388,50.19293,SP,Sao Paulo,Southeast,TRUE,TRUE,mapped
200411,2004-11-01,2004,11,41,Paraná,22.48176,58.73944,PR,Parana,South,TRUE,TRUE,mapped
200411,2004-11-01,2004,11,42,Santa Catarina,16.64719,43.44131,SC,Santa Catarina,South,TRUE,TRUE,mapped
200411,2004-11-01,2004,11,43,Rio Grande do Sul,22.83815,57.37714,RS,Rio Grande do Sul,South,TRUE,TRUE,mapped
200411,2004-11-01,2004,11,50,Mato Grosso do Sul,15.45183,37.48132,MS,Mato Grosso do Sul,Center-West,TRUE,TRUE,mapped
200411,2004-11-01,2004,11,51,Mato Grosso,24.38389,56.18869,MT,Mato Grosso,Center-West,TRUE,TRUE,mapped
200411,2004-11-01,2004,11,52,Goiás,28.65257,65.74124,GO,Goias,Center-West,TRUE,TRUE,mapped
200411,2004-11-01,2004,11,53,Distrito Federal,36.63909,85.81794,DF,Distrito Federal,Center-West,TRUE,TRUE,mapped
200412,2004-12-01,2004,12,11,Rondônia,28.08677,56.20745,RO,Rondonia,North,TRUE,TRUE,mapped
200412,2004-12-01,2004,12,12,Acre,16.76042,37.82544,AC,Acre,North,TRUE,TRUE,mapped
200412,2004-12-01,2004,12,13,Amazonas,33.49689,78.53547,AM,Amazonas,North,TRUE,TRUE,mapped
200412,2004-12-01,2004,12,14,Roraima,13.09592,29.2208,RR,Roraima,North,TRUE,TRUE,mapped
200412,2004-12-01,2004,12,15,Pará,30.05646,72.34315,PA,Para,North,TRUE,TRUE,mapped
200412,2004-12-01,2004,12,16,Amapá,31.03224,68.4388,AP,Amapa,North,TRUE,TRUE,mapped
200412,2004-12-01,2004,12,17,Tocantins,15.1171,34.66443,TO,Tocantins,North,TRUE,TRUE,mapped
200412,2004-12-01,2004,12,21,Maranhão,17.91403,48.33786,MA,Maranhao,Northeast,TRUE,TRUE,mapped
200412,2004-12-01,2004,12,22,Piauí,27.55591,68.98397,PI,Piaui,Northeast,TRUE,TRUE,mapped
200412,2004-12-01,2004,12,23,Ceará,30.7167,74.63132,CE,Ceara,Northeast,TRUE,TRUE,mapped
200412,2004-12-01,2004,12,24,Rio Grande do Norte,27.04184,66.18928,RN,Rio Grande do Norte,Northeast,TRUE,TRUE,mapped
200412,2004-12-01,2004,12,25,Paraíba,25.05207,61.38122,PB,Paraiba,Northeast,TRUE,TRUE,mapped
200412,2004-12-01,2004,12,26,Pernambuco,33.65776,85.33798,PE,Pernambuco,Northeast,TRUE,TRUE,mapped
200412,2004-12-01,2004,12,27,Alagoas,24.77855,63.50715,AL,Alagoas,Northeast,TRUE,TRUE,mapped
200412,2004-12-01,2004,12,28,Sergipe,31.61292,84.25312,SE,Sergipe,Northeast,TRUE,TRUE,mapped
200412,2004-12-01,2004,12,29,Bahia,38.55535,90.86019,BA,Bahia,Northeast,TRUE,TRUE,mapped
200412,2004-12-01,2004,12,31,Minas Gerais,26.62631,65.88498,MG,Minas Gerais,Southeast,TRUE,TRUE,mapped
200412,2004-12-01,2004,12,32,Espírito Santo,27.74864,68.73097,ES,Espirito Santo,Southeast,TRUE,TRUE,mapped
200412,2004-12-01,2004,12,33,Rio de Janeiro,39.09111,95.27015,RJ,Rio de Janeiro,Southeast,TRUE,TRUE,mapped
200412,2004-12-01,2004,12,35,São Paulo,27.89945,69.7553,SP,Sao Paulo,Southeast,TRUE,TRUE,mapped
200412,2004-12-01,2004,12,41,Paraná,31.50789,82.18369,PR,Parana,South,TRUE,TRUE,mapped
200412,2004-12-01,2004,12,42,Santa Catarina,23.86646,62.13671,SC,Santa Catarina,South,TRUE,TRUE,mapped
200412,2004-12-01,2004,12,43,Rio Grande do Sul,33.06934,81.78793,RS,Rio Grande do Sul,South,TRUE,TRUE,mapped
200412,2004-12-01,2004,12,50,Mato Grosso do Sul,21.74957,51.67981,MS,Mato Grosso do Sul,Center-West,TRUE,TRUE,mapped
200412,2004-12-01,2004,12,51,Mato Grosso,31.87323,71.80584,MT,Mato Grosso,Center-West,TRUE,TRUE,mapped
200412,2004-12-01,2004,12,52,Goiás,39.46011,89.0072,GO,Goias,Center-West,TRUE,TRUE,mapped
200412,2004-12-01,2004,12,53,Distrito Federal,49.69049,114.59521,DF,Distrito Federal,Center-West,TRUE,TRUE,mapped
200501,2005-01-01,2005,1,11,Rondônia,16.57493,32.79448,RO,Rondonia,North,TRUE,TRUE,mapped
200501,2005-01-01,2005,1,12,Acre,10.84938,24.12892,AC,Acre,North,TRUE,TRUE,mapped
200501,2005-01-01,2005,1,13,Amazonas,19.91074,46.19237,AM,Amazonas,North,TRUE,TRUE,mapped
200501,2005-01-01,2005,1,14,Roraima,9.52925,21.11538,RR,Roraima,North,TRUE,TRUE,mapped
200501,2005-01-01,2005,1,15,Pará,17.80975,42.47195,PA,Para,North,TRUE,TRUE,mapped
200501,2005-01-01,2005,1,16,Amapá,17.8148,38.70655,AP,Amapa,North,TRUE,TRUE,mapped
200501,2005-01-01,2005,1,17,Tocantins,10.74477,24.19646,TO,Tocantins,North,TRUE,TRUE,mapped
200501,2005-01-01,2005,1,21,Maranhão,11.67349,31.1494,MA,Maranhao,Northeast,TRUE,TRUE,mapped
200501,2005-01-01,2005,1,22,Piauí,20.74484,51.49128,PI,Piaui,Northeast,TRUE,TRUE,mapped
200501,2005-01-01,2005,1,23,Ceará,20.411740000000002,49.19108,CE,Ceara,Northeast,TRUE,TRUE,mapped
200501,2005-01-01,2005,1,24,Rio Grande do Norte,19.24793,46.80141,RN,Rio Grande do Norte,Northeast,TRUE,TRUE,mapped
200501,2005-01-01,2005,1,25,Paraíba,16.22842,39.45936,PB,Paraiba,Northeast,TRUE,TRUE,mapped
200501,2005-01-01,2005,1,26,Pernambuco,21.81063,55.13847,PE,Pernambuco,Northeast,TRUE,TRUE,mapped
200501,2005-01-01,2005,1,27,Alagoas,16.94676,43.36005,AL,Alagoas,Northeast,TRUE,TRUE,mapped
200501,2005-01-01,2005,1,28,Sergipe,22.63711,59.91333,SE,Sergipe,Northeast,TRUE,TRUE,mapped
200501,2005-01-01,2005,1,29,Bahia,27.45004,64.24231,BA,Bahia,Northeast,TRUE,TRUE,mapped
200501,2005-01-01,2005,1,31,Minas Gerais,19.3348,47.58359,MG,Minas Gerais,Southeast,TRUE,TRUE,mapped
200501,2005-01-01,2005,1,32,Espírito Santo,19.87577,49.25857,ES,Espirito Santo,Southeast,TRUE,TRUE,mapped
200501,2005-01-01,2005,1,33,Rio de Janeiro,25.29425,61.72432,RJ,Rio de Janeiro,Southeast,TRUE,TRUE,mapped
200501,2005-01-01,2005,1,35,São Paulo,19.01075,47.36153,SP,Sao Paulo,Southeast,TRUE,TRUE,mapped
200501,2005-01-01,2005,1,41,Paraná,22.27282,57.88068,PR,Parana,South,TRUE,TRUE,mapped
200501,2005-01-01,2005,1,42,Santa Catarina,17.5702,45.54879,SC,Santa Catarina,South,TRUE,TRUE,mapped
200501,2005-01-01,2005,1,43,Rio Grande do Sul,21.68858,53.45258,RS,Rio Grande do Sul,South,TRUE,TRUE,mapped
200501,2005-01-01,2005,1,50,Mato Grosso do Sul,14.8668,34.99154,MS,Mato Grosso do Sul,Center-West,TRUE,TRUE,mapped
200501,2005-01-01,2005,1,51,Mato Grosso,22.33739,49.66089,MT,Mato Grosso,Center-West,TRUE,TRUE,mapped
200501,2005-01-01,2005,1,52,Goiás,28.02422,62.99705,GO,Goias,Center-West,TRUE,TRUE,mapped
200501,2005-01-01,2005,1,53,Distrito Federal,33.85207,78.62362,DF,Distrito Federal,Center-West,TRUE,TRUE,mapped
200502,2005-02-01,2005,2,11,Rondônia,17.90731,35.24183,RO,Rondonia,North,TRUE,TRUE,mapped
200502,2005-02-01,2005,2,12,Acre,11.93432,26.56101,AC,Acre,North,TRUE,TRUE,mapped
200502,2005-02-01,2005,2,13,Amazonas,20.42607,47.29018,AM,Amazonas,North,TRUE,TRUE,mapped
200502,2005-02-01,2005,2,14,Roraima,9.31144,20.59912,RR,Roraima,North,TRUE,TRUE,mapped
200502,2005-02-01,2005,2,15,Pará,16.68914,39.65531,PA,Para,North,TRUE,TRUE,mapped
200502,2005-02-01,2005,2,16,Amapá,16.93069,36.59954,AP,Amapa,North,TRUE,TRUE,mapped
200502,2005-02-01,2005,2,17,Tocantins,12.41928,27.80018,TO,Tocantins,North,TRUE,TRUE,mapped
200502,2005-02-01,2005,2,21,Maranhão,11.26969,30.09857,MA,Maranhao,Northeast,TRUE,TRUE,mapped
200502,2005-02-01,2005,2,22,Piauí,20.07709,50.14569,PI,Piaui,Northeast,TRUE,TRUE,mapped
200502,2005-02-01,2005,2,23,Ceará,18.47956,44.81854,CE,Ceara,Northeast,TRUE,TRUE,mapped
200502,2005-02-01,2005,2,24,Rio Grande do Norte,18.64509,45.89965,RN,Rio Grande do Norte,Northeast,TRUE,TRUE,mapped
200502,2005-02-01,2005,2,25,Paraíba,15.652,38.11032,PB,Paraiba,Northeast,TRUE,TRUE,mapped
200502,2005-02-01,2005,2,26,Pernambuco,21.16622,53.6772,PE,Pernambuco,Northeast,TRUE,TRUE,mapped
200502,2005-02-01,2005,2,27,Alagoas,14.60164,37.49112,AL,Alagoas,Northeast,TRUE,TRUE,mapped
200502,2005-02-01,2005,2,28,Sergipe,24.66937,65.17915,SE,Sergipe,Northeast,TRUE,TRUE,mapped
200502,2005-02-01,2005,2,29,Bahia,24.65948,57.84054,BA,Bahia,Northeast,TRUE,TRUE,mapped
200502,2005-02-01,2005,2,31,Minas Gerais,16.6312,40.91376,MG,Minas Gerais,Southeast,TRUE,TRUE,mapped
200502,2005-02-01,2005,2,32,Espírito Santo,19.01534,47.19581,ES,Espirito Santo,Southeast,TRUE,TRUE,mapped
200502,2005-02-01,2005,2,33,Rio de Janeiro,23.77868,57.90526,RJ,Rio de Janeiro,Southeast,TRUE,TRUE,mapped
200502,2005-02-01,2005,2,35,São Paulo,17.26704,42.98574,SP,Sao Paulo,Southeast,TRUE,TRUE,mapped
200502,2005-02-01,2005,2,41,Paraná,19.6402,51.09644,PR,Parana,South,TRUE,TRUE,mapped
200502,2005-02-01,2005,2,42,Santa Catarina,15.52639,40.45004,SC,Santa Catarina,South,TRUE,TRUE,mapped
200502,2005-02-01,2005,2,43,Rio Grande do Sul,20.27078,49.84198,RS,Rio Grande do Sul,South,TRUE,TRUE,mapped
200502,2005-02-01,2005,2,50,Mato Grosso do Sul,14.66031,34.99154,MS,Mato Grosso do Sul,Center-West,TRUE,TRUE,mapped
200502,2005-02-01,2005,2,51,Mato Grosso,23.42595,52.47032,MT,Mato Grosso,Center-West,TRUE,TRUE,mapped
200502,2005-02-01,2005,2,52,Goiás,28.27556,63.4743,GO,Goias,Center-West,TRUE,TRUE,mapped
200502,2005-02-01,2005,2,53,Distrito Federal,34.53183,79.1375,DF,Distrito Federal,Center-West,TRUE,TRUE,mapped
200503,2005-03-01,2005,3,11,Rondônia,19.3463,38.09707,RO,Rondonia,North,TRUE,TRUE,mapped
200503,2005-03-01,2005,3,12,Acre,14.4409,31.87322,AC,Acre,North,TRUE,TRUE,mapped
200503,2005-03-01,2005,3,13,Amazonas,23.04961,53.20145,AM,Amazonas,North,TRUE,TRUE,mapped
200503,2005-03-01,2005,3,14,Roraima,11.02671,24.21299,RR,Roraima,North,TRUE,TRUE,mapped
200503,2005-03-01,2005,3,15,Pará,19.05043,45.14035,PA,Para,North,TRUE,TRUE,mapped
200503,2005-03-01,2005,3,16,Amapá,18.5663,39.72103,AP,Amapa,North,TRUE,TRUE,mapped
200503,2005-03-01,2005,3,17,Tocantins,13.34956,30.03106,TO,Tocantins,North,TRUE,TRUE,mapped
200503,2005-03-01,2005,3,21,Maranhão,12.84818,33.77645,MA,Maranhao,Northeast,TRUE,TRUE,mapped
200503,2005-03-01,2005,3,22,Piauí,22.34745,55.25894,PI,Piaui,Northeast,TRUE,TRUE,mapped
200503,2005-03-01,2005,3,23,Ceará,20.60992,49.38983,CE,Ceara,Northeast,TRUE,TRUE,mapped
200503,2005-03-01,2005,3,24,Rio Grande do Norte,21.09952,50.94951,RN,Rio Grande do Norte,Northeast,TRUE,TRUE,mapped
200503,2005-03-01,2005,3,25,Paraíba,18.35674,44.68688,PB,Paraiba,Northeast,TRUE,TRUE,mapped
200503,2005-03-01,2005,3,26,Pernambuco,23.69427,59.81452,PE,Pernambuco,Northeast,TRUE,TRUE,mapped
200503,2005-03-01,2005,3,27,Alagoas,17.38923,44.674,AL,Alagoas,Northeast,TRUE,TRUE,mapped
200503,2005-03-01,2005,3,28,Sergipe,26.87098,70.67901,SE,Sergipe,Northeast,TRUE,TRUE,mapped
200503,2005-03-01,2005,3,29,Bahia,27.7348,65.70236,BA,Bahia,Northeast,TRUE,TRUE,mapped
200503,2005-03-01,2005,3,31,Minas Gerais,20.19503,49.61708,MG,Minas Gerais,Southeast,TRUE,TRUE,mapped
200503,2005-03-01,2005,3,32,Espírito Santo,21.51057,53.38408,ES,Espirito Santo,Southeast,TRUE,TRUE,mapped
200503,2005-03-01,2005,3,33,Rio de Janeiro,27.59373,67.19487,RJ,Rio de Janeiro,Southeast,TRUE,TRUE,mapped
200503,2005-03-01,2005,3,35,São Paulo,19.90388,49.33493,SP,Sao Paulo,Southeast,TRUE,TRUE,mapped
200503,2005-03-01,2005,3,41,Paraná,23.40109,59.94171,PR,Parana,South,TRUE,TRUE,mapped
200503,2005-03-01,2005,3,42,Santa Catarina,17.504270000000002,44.73299,SC,Santa Catarina,South,TRUE,TRUE,mapped
200503,2005-03-01,2005,3,43,Rio Grande do Sul,23.22134,57.14167,RS,Rio Grande do Sul,South,TRUE,TRUE,mapped
200503,2005-03-01,2005,3,50,Mato Grosso do Sul,17.17253,41.11505,MS,Mato Grosso do Sul,Center-West,TRUE,TRUE,mapped
200503,2005-03-01,2005,3,51,Mato Grosso,24.73223,56.02343,MT,Mato Grosso,Center-West,TRUE,TRUE,mapped
200503,2005-03-01,2005,3,52,Goiás,32.1713,72.42275,GO,Goias,Center-West,TRUE,TRUE,mapped
200503,2005-03-01,2005,3,53,Distrito Federal,40.03789,91.72755,DF,Distrito Federal,Center-West,TRUE,TRUE,mapped
200504,2005-04-01,2005,4,11,Rondônia,19.82596,39.15759,RO,Rondonia,North,TRUE,TRUE,mapped
200504,2005-04-01,2005,4,12,Acre,14.55314,32.19323,AC,Acre,North,TRUE,TRUE,mapped
200504,2005-04-01,2005,4,13,Amazonas,22.86221,52.69477,AM,Amazonas,North,TRUE,TRUE,mapped
200504,2005-04-01,2005,4,14,Roraima,10.61831,23.28371,RR,Roraima,North,TRUE,TRUE,mapped
200504,2005-04-01,2005,4,15,Pará,18.89034,44.62149,PA,Para,North,TRUE,TRUE,mapped
200504,2005-04-01,2005,4,16,Amapá,18.43368,39.48692,AP,Amapa,North,TRUE,TRUE,mapped
200504,2005-04-01,2005,4,17,Tocantins,13.62865,30.11687,TO,Tocantins,North,TRUE,TRUE,mapped
200504,2005-04-01,2005,4,21,Maranhão,13.14185,34.37692,MA,Maranhao,Northeast,TRUE,TRUE,mapped
200504,2005-04-01,2005,4,22,Piauí,21.85776,53.73394,PI,Piaui,Northeast,TRUE,TRUE,mapped
200504,2005-04-01,2005,4,23,Ceará,21.20443,50.68172,CE,Ceara,Northeast,TRUE,TRUE,mapped
200504,2005-04-01,2005,4,24,Rio Grande do Norte,21.0134,50.58881,RN,Rio Grande do Norte,Northeast,TRUE,TRUE,mapped
200504,2005-04-01,2005,4,25,Paraíba,18.44542,44.43394,PB,Paraiba,Northeast,TRUE,TRUE,mapped
200504,2005-04-01,2005,4,26,Pernambuco,22.90116,57.18424,PE,Pernambuco,Northeast,TRUE,TRUE,mapped
200504,2005-04-01,2005,4,27,Alagoas,16.32729,41.43294,AL,Alagoas,Northeast,TRUE,TRUE,mapped
200504,2005-04-01,2005,4,28,Sergipe,26.36292,68.57268,SE,Sergipe,Northeast,TRUE,TRUE,mapped
200504,2005-04-01,2005,4,29,Bahia,27.22224,64.57924,BA,Bahia,Northeast,TRUE,TRUE,mapped
200504,2005-04-01,2005,4,31,Minas Gerais,19.41673,47.33958,MG,Minas Gerais,Southeast,TRUE,TRUE,mapped
200504,2005-04-01,2005,4,32,Espírito Santo,20.43504,50.49622,ES,Espirito Santo,Southeast,TRUE,TRUE,mapped
200504,2005-04-01,2005,4,33,Rio de Janeiro,26.39173,63.99512,RJ,Rio de Janeiro,Southeast,TRUE,TRUE,mapped
200504,2005-04-01,2005,4,35,São Paulo,19.60617,48.04793,SP,Sao Paulo,Southeast,TRUE,TRUE,mapped
200504,2005-04-01,2005,4,41,Paraná,22.3564,56.67841,PR,Parana,South,TRUE,TRUE,mapped
200504,2005-04-01,2005,4,42,Santa Catarina,16.84498,42.69349,SC,Santa Catarina,South,TRUE,TRUE,mapped
200504,2005-04-01,2005,4,43,Rio Grande do Sul,23.10639,55.65033,RS,Rio Grande do Sul,South,TRUE,TRUE,mapped
200504,2005-04-01,2005,4,50,Mato Grosso do Sul,16.8628,39.56735,MS,Mato Grosso do Sul,Center-West,TRUE,TRUE,mapped
200504,2005-04-01,2005,4,51,Mato Grosso,24.51452,54.37082,MT,Mato Grosso,Center-West,TRUE,TRUE,mapped
200504,2005-04-01,2005,4,52,Goiás,31.73146,70.0365,GO,Goias,Center-West,TRUE,TRUE,mapped
200504,2005-04-01,2005,4,53,Distrito Federal,38.40646,88.13039,DF,Distrito Federal,Center-West,TRUE,TRUE,mapped
200505,2005-05-01,2005,5,11,Rondônia,21.6913,43.15492,RO,Rondonia,North,TRUE,TRUE,mapped
200505,2005-05-01,2005,5,12,Acre,14.77761,32.64125,AC,Acre,North,TRUE,TRUE,mapped
200505,2005-05-01,2005,5,13,Amazonas,24.73616,56.83266,AM,Amazonas,North,TRUE,TRUE,mapped
200505,2005-05-01,2005,5,14,Roraima,10.67276,23.38697,RR,Roraima,North,TRUE,TRUE,mapped
200505,2005-05-01,2005,5,15,Pará,20.61129,48.3276,PA,Para,North,TRUE,TRUE,mapped
200505,2005-05-01,2005,5,16,Amapá,21.39545,45.72991,AP,Amapa,North,TRUE,TRUE,mapped
200505,2005-05-01,2005,5,17,Tocantins,15.25664,34.40702,TO,Tocantins,North,TRUE,TRUE,mapped
200505,2005-05-01,2005,5,21,Maranhão,13.98616,36.55363,MA,Maranhao,Northeast,TRUE,TRUE,mapped
200505,2005-05-01,2005,5,22,Piauí,23.59392,57.681,PI,Piaui,Northeast,TRUE,TRUE,mapped
200505,2005-05-01,2005,5,23,Ceará,23.08707,54.75613,CE,Ceara,Northeast,TRUE,TRUE,mapped
200505,2005-05-01,2005,5,24,Rio Grande do Norte,21.91767,52.75303,RN,Rio Grande do Norte,Northeast,TRUE,TRUE,mapped
200505,2005-05-01,2005,5,25,Paraíba,19.99731,47.97516,PB,Paraiba,Northeast,TRUE,TRUE,mapped
200505,2005-05-01,2005,5,26,Pernambuco,24.38825,60.59386,PE,Pernambuco,Northeast,TRUE,TRUE,mapped
200505,2005-05-01,2005,5,27,Alagoas,17.74321,44.76159,AL,Alagoas,Northeast,TRUE,TRUE,mapped
200505,2005-05-01,2005,5,28,Sergipe,28.67743,74.65763,SE,Sergipe,Northeast,TRUE,TRUE,mapped
200505,2005-05-01,2005,5,29,Bahia,28.4182,66.71317,BA,Bahia,Northeast,TRUE,TRUE,mapped
200505,2005-05-01,2005,5,31,Minas Gerais,20.03118,48.72235,MG,Minas Gerais,Southeast,TRUE,TRUE,mapped
200505,2005-05-01,2005,5,32,Espírito Santo,20.69317,50.66124,ES,Espirito Santo,Southeast,TRUE,TRUE,mapped
200505,2005-05-01,2005,5,33,Rio de Janeiro,27.90729,66.88522,RJ,Rio de Janeiro,Southeast,TRUE,TRUE,mapped
200505,2005-05-01,2005,5,35,São Paulo,20.62688,50.10713,SP,Sao Paulo,Southeast,TRUE,TRUE,mapped
200505,2005-05-01,2005,5,41,Paraná,22.98321,58.13831,PR,Parana,South,TRUE,TRUE,mapped
200505,2005-05-01,2005,5,42,Santa Catarina,17.40538,44.12114,SC,Santa Catarina,South,TRUE,TRUE,mapped
200505,2005-05-01,2005,5,43,Rio Grande do Sul,23.3363,56.12128,RS,Rio Grande do Sul,South,TRUE,TRUE,mapped
200505,2005-05-01,2005,5,50,Mato Grosso do Sul,17.55108,41.98984,MS,Mato Grosso do Sul,Center-West,TRUE,TRUE,mapped
200505,2005-05-01,2005,5,51,Mato Grosso,25.29829,58.08919,MT,Mato Grosso,Center-West,TRUE,TRUE,mapped
200505,2005-05-01,2005,5,52,Goiás,34.30768,76.83732,GO,Goias,Center-West,TRUE,TRUE,mapped
200505,2005-05-01,2005,5,53,Distrito Federal,41.05753,92.62684,DF,Distrito Federal,Center-West,TRUE,TRUE,mapped
200506,2005-06-01,2005,6,11,Rondônia,20.19902,39.97337,RO,Rondonia,North,TRUE,TRUE,mapped
200506,2005-06-01,2005,6,12,Acre,14.66537,32.44924,AC,Acre,North,TRUE,TRUE,mapped
200506,2005-06-01,2005,6,13,Amazonas,24.54877,56.41043,AM,Amazonas,North,TRUE,TRUE,mapped
200506,2005-06-01,2005,6,14,Roraima,10.10101,22.19955,RR,Roraima,North,TRUE,TRUE,mapped
200506,2005-06-01,2005,6,15,Pará,19.81085,46.62279,PA,Para,North,TRUE,TRUE,mapped
200506,2005-06-01,2005,6,16,Amapá,20.55554,43.85702,AP,Amapa,North,TRUE,TRUE,mapped
200506,2005-06-01,2005,6,17,Tocantins,14.60544,33.29158,TO,Tocantins,North,TRUE,TRUE,mapped
200506,2005-06-01,2005,6,21,Maranhão,13.61907,35.95316,MA,Maranhao,Northeast,TRUE,TRUE,mapped
200506,2005-06-01,2005,6,22,Piauí,23.41585,58.03983,PI,Piaui,Northeast,TRUE,TRUE,mapped
200506,2005-06-01,2005,6,23,Ceará,22.93844,54.95488,CE,Ceara,Northeast,TRUE,TRUE,mapped
200506,2005-06-01,2005,6,24,Rio Grande do Norte,22.39133,54.55656,RN,Rio Grande do Norte,Northeast,TRUE,TRUE,mapped
200506,2005-06-01,2005,6,25,Paraíba,20.88411,49.66146,PB,Paraiba,Northeast,TRUE,TRUE,mapped
200506,2005-06-01,2005,6,26,Pernambuco,23.84298,58.64551,PE,Pernambuco,Northeast,TRUE,TRUE,mapped
200506,2005-06-01,2005,6,27,Alagoas,17.74321,44.32361,AL,Alagoas,Northeast,TRUE,TRUE,mapped
200506,2005-06-01,2005,6,28,Sergipe,29.07259,74.54061,SE,Sergipe,Northeast,TRUE,TRUE,mapped
200506,2005-06-01,2005,6,29,Bahia,28.81685,67.38704,BA,Bahia,Northeast,TRUE,TRUE,mapped
200506,2005-06-01,2005,6,31,Minas Gerais,19.58058,47.99029,MG,Minas Gerais,Southeast,TRUE,TRUE,mapped
200506,2005-06-01,2005,6,32,Espírito Santo,20.43504,50.41371,ES,Espirito Santo,Southeast,TRUE,TRUE,mapped
200506,2005-06-01,2005,6,33,Rio de Janeiro,27.43694,66.05948,RJ,Rio de Janeiro,Southeast,TRUE,TRUE,mapped
200506,2005-06-01,2005,6,35,São Paulo,19.90388,48.56273,SP,Sao Paulo,Southeast,TRUE,TRUE,mapped
200506,2005-06-01,2005,6,41,Paraná,22.31461,57.88068,PR,Parana,South,TRUE,TRUE,mapped
200506,2005-06-01,2005,6,42,Santa Catarina,17.07573,44.59702,SC,Santa Catarina,South,TRUE,TRUE,mapped
200506,2005-06-01,2005,6,43,Rio Grande do Sul,22.5316,54.55145,RS,Rio Grande do Sul,South,TRUE,TRUE,mapped
200506,2005-06-01,2005,6,50,Mato Grosso do Sul,16.58749,40.24027,MS,Mato Grosso do Sul,Center-West,TRUE,TRUE,mapped
200506,2005-06-01,2005,6,51,Mato Grosso,23.73075,55.19713,MT,Mato Grosso,Center-West,TRUE,TRUE,mapped
200506,2005-06-01,2005,6,52,Goiás,32.98815,74.68969,GO,Goias,Center-West,TRUE,TRUE,mapped
200506,2005-06-01,2005,6,53,Distrito Federal,39.49408,89.92897,DF,Distrito Federal,Center-West,TRUE,TRUE,mapped
200507,2005-07-01,2005,7,11,Rondônia,21.31823,42.01283,RO,Rondonia,North,TRUE,TRUE,mapped
200507,2005-07-01,2005,7,12,Acre,13.69267,30.27316,AC,Acre,North,TRUE,TRUE,mapped
200507,2005-07-01,2005,7,13,Amazonas,26.23533,60.37942,AM,Amazonas,North,TRUE,TRUE,mapped
200507,2005-07-01,2005,7,14,Roraima,10.72722,23.59347,RR,Roraima,North,TRUE,TRUE,mapped
200507,2005-07-01,2005,7,15,Pará,20.17104,47.51225,PA,Para,North,TRUE,TRUE,mapped
200507,2005-07-01,2005,7,16,Amapá,22.6774,48.46122,AP,Amapa,North,TRUE,TRUE,mapped
200507,2005-07-01,2005,7,17,Tocantins,15.48921,34.75023,TO,Tocantins,North,TRUE,TRUE,mapped
200507,2005-07-01,2005,7,21,Maranhão,15.30768,40.38163,MA,Maranhao,Northeast,TRUE,TRUE,mapped
200507,2005-07-01,2005,7,22,Piauí,24.92942,61.53836,PI,Piaui,Northeast,TRUE,TRUE,mapped
200507,2005-07-01,2005,7,23,Ceará,24.22656,57.93616,CE,Ceara,Northeast,TRUE,TRUE,mapped
200507,2005-07-01,2005,7,24,Rio Grande do Norte,23.29559,56.72078,RN,Rio Grande do Norte,Northeast,TRUE,TRUE,mapped
200507,2005-07-01,2005,7,25,Paraíba,20.30769,48.48105,PB,Paraiba,Northeast,TRUE,TRUE,mapped
200507,2005-07-01,2005,7,26,Pernambuco,24.43782,60.20419,PE,Pernambuco,Northeast,TRUE,TRUE,mapped
200507,2005-07-01,2005,7,27,Alagoas,18.05294,45.37476,AL,Alagoas,Northeast,TRUE,TRUE,mapped
200507,2005-07-01,2005,7,28,Sergipe,27.6613,71.03006,SE,Sergipe,Northeast,TRUE,TRUE,mapped
200507,2005-07-01,2005,7,29,Bahia,28.58905,67.49935,BA,Bahia,Northeast,TRUE,TRUE,mapped
200507,2005-07-01,2005,7,31,Minas Gerais,20.31792,49.8611,MG,Minas Gerais,Southeast,TRUE,TRUE,mapped
200507,2005-07-01,2005,7,32,Espírito Santo,21.94078,54.53922,ES,Espirito Santo,Southeast,TRUE,TRUE,mapped
200507,2005-07-01,2005,7,33,Rio de Janeiro,28.27312,68.53671,RJ,Rio de Janeiro,Southeast,TRUE,TRUE,mapped
200507,2005-07-01,2005,7,35,São Paulo,20.66941,50.79353,SP,Sao Paulo,Southeast,TRUE,TRUE,mapped
200507,2005-07-01,2005,7,41,Paraná,23.56824,60.45697,PR,Parana,South,TRUE,TRUE,mapped
200507,2005-07-01,2005,7,42,Santa Catarina,17.37241,44.86896,SC,Santa Catarina,South,TRUE,TRUE,mapped
200507,2005-07-01,2005,7,43,Rio Grande do Sul,23.45126,57.06317,RS,Rio Grande do Sul,South,TRUE,TRUE,mapped
200507,2005-07-01,2005,7,50,Mato Grosso do Sul,18.13611,43.1338,MS,Mato Grosso do Sul,Center-West,TRUE,TRUE,mapped
200507,2005-07-01,2005,7,51,Mato Grosso,25.25475,57.42815,MT,Mato Grosso,Center-West,TRUE,TRUE,mapped
200507,2005-07-01,2005,7,52,Goiás,35.81571,80.05876,GO,Goias,Center-West,TRUE,TRUE,mapped
200507,2005-07-01,2005,7,53,Distrito Federal,40.64967,93.14072,DF,Distrito Federal,Center-West,TRUE,TRUE,mapped
200508,2005-08-01,2005,8,11,Rondônia,21.31823,42.01283,RO,Rondonia,North,TRUE,TRUE,mapped
200508,2005-08-01,2005,8,12,Acre,14.14161,31.23319,AC,Acre,North,TRUE,TRUE,mapped
200508,2005-08-01,2005,8,13,Amazonas,26.75066,61.30834,AM,Amazonas,North,TRUE,TRUE,mapped
200508,2005-08-01,2005,8,14,Roraima,10.99948,24.10974,RR,Roraima,North,TRUE,TRUE,mapped
200508,2005-08-01,2005,8,15,Pará,21.53179,50.62538,PA,Para,North,TRUE,TRUE,mapped
200508,2005-08-01,2005,8,16,Amapá,22.89843,48.69534,AP,Amapa,North,TRUE,TRUE,mapped
200508,2005-08-01,2005,8,17,Tocantins,16.32647,36.6379,TO,Tocantins,North,TRUE,TRUE,mapped
200508,2005-08-01,2005,8,21,Maranhão,15.3811,40.30657,MA,Maranhao,Northeast,TRUE,TRUE,mapped
200508,2005-08-01,2005,8,22,Piauí,25.46362,62.88396,PI,Piaui,Northeast,TRUE,TRUE,mapped
200508,2005-08-01,2005,8,23,Ceará,24.67245,58.92992,CE,Ceara,Northeast,TRUE,TRUE,mapped
200508,2005-08-01,2005,8,24,Rio Grande do Norte,23.64008,57.44219,RN,Rio Grande do Norte,Northeast,TRUE,TRUE,mapped
200508,2005-08-01,2005,8,25,Paraíba,20.97279,50.16735,PB,Paraiba,Northeast,TRUE,TRUE,mapped
200508,2005-08-01,2005,8,26,Pernambuco,24.98308,61.66546,PE,Pernambuco,Northeast,TRUE,TRUE,mapped
200508,2005-08-01,2005,8,27,Alagoas,18.93789,47.56467,AL,Alagoas,Northeast,TRUE,TRUE,mapped
200508,2005-08-01,2005,8,28,Sergipe,29.24195,75.24272,SE,Sergipe,Northeast,TRUE,TRUE,mapped
200508,2005-08-01,2005,8,29,Bahia,29.27245,69.40865,BA,Bahia,Northeast,TRUE,TRUE,mapped
200508,2005-08-01,2005,8,31,Minas Gerais,20.236,49.77976,MG,Minas Gerais,Southeast,TRUE,TRUE,mapped
200508,2005-08-01,2005,8,32,Espírito Santo,21.55359,53.96165,ES,Espirito Santo,Southeast,TRUE,TRUE,mapped
200508,2005-08-01,2005,8,33,Rio de Janeiro,27.69825,67.60775,RJ,Rio de Janeiro,Southeast,TRUE,TRUE,mapped
200508,2005-08-01,2005,8,35,São Paulo,20.54182,50.70773,SP,Sao Paulo,Southeast,TRUE,TRUE,mapped
200508,2005-08-01,2005,8,41,Paraná,22.18925,56.76428,PR,Parana,South,TRUE,TRUE,mapped
200508,2005-08-01,2005,8,42,Santa Catarina,16.61422,42.62551,SC,Santa Catarina,South,TRUE,TRUE,mapped
200508,2005-08-01,2005,8,43,Rio Grande do Sul,22.26337,54.159,RS,Rio Grande do Sul,South,TRUE,TRUE,mapped
200508,2005-08-01,2005,8,50,Mato Grosso do Sul,17.65432,42.25901,MS,Mato Grosso do Sul,Center-West,TRUE,TRUE,mapped
200508,2005-08-01,2005,8,51,Mato Grosso,26.03851,59.41128,MT,Mato Grosso,Center-West,TRUE,TRUE,mapped
200508,2005-08-01,2005,8,52,Goiás,34.87319,78.03044,GO,Goias,Center-West,TRUE,TRUE,mapped
200508,2005-08-01,2005,8,53,Distrito Federal,41.53336,95.19624,DF,Distrito Federal,Center-West,TRUE,TRUE,mapped
200509,2005-09-01,2005,9,11,Rondônia,19.82596,38.66812,RO,Rondonia,North,TRUE,TRUE,mapped
200509,2005-09-01,2005,9,12,Acre,13.87973,30.46516,AC,Acre,North,TRUE,TRUE,mapped
200509,2005-09-01,2005,9,13,Amazonas,25.39205,57.59268,AM,Amazonas,North,TRUE,TRUE,mapped
200509,2005-09-01,2005,9,14,Roraima,11.62569,24.88414,RR,Roraima,North,TRUE,TRUE,mapped
200509,2005-09-01,2005,9,15,Pará,21.13157,49.51355,PA,Para,North,TRUE,TRUE,mapped
200509,2005-09-01,2005,9,16,Amapá,20.86498,44.16917,AP,Amapa,North,TRUE,TRUE,mapped
200509,2005-09-01,2005,9,17,Tocantins,15.48921,35.17925,TO,Tocantins,North,TRUE,TRUE,mapped
200509,2005-09-01,2005,9,21,Maranhão,14.46338,37.75457,MA,Maranhao,Northeast,TRUE,TRUE,mapped
200509,2005-09-01,2005,9,22,Piauí,23.8165,58.66777,PI,Piaui,Northeast,TRUE,TRUE,mapped
200509,2005-09-01,2005,9,23,Ceará,23.33479,55.65052,CE,Ceara,Northeast,TRUE,TRUE,mapped
200509,2005-09-01,2005,9,24,Rio Grande do Norte,23.03723,55.45832,RN,Rio Grande do Norte,Northeast,TRUE,TRUE,mapped
200509,2005-09-01,2005,9,25,Paraíba,19.77562,47.0477,PB,Paraiba,Northeast,TRUE,TRUE,mapped
200509,2005-09-01,2005,9,26,Pernambuco,24.04126,59.23001,PE,Pernambuco,Northeast,TRUE,TRUE,mapped
200509,2005-09-01,2005,9,27,Alagoas,17.38923,43.53525,AL,Alagoas,Northeast,TRUE,TRUE,mapped
200509,2005-09-01,2005,9,28,Sergipe,27.94356,71.38111,SE,Sergipe,Northeast,TRUE,TRUE,mapped
200509,2005-09-01,2005,9,29,Bahia,28.0765,65.81467,BA,Bahia,Northeast,TRUE,TRUE,mapped
200509,2005-09-01,2005,9,31,Minas Gerais,19.82636,48.64101,MG,Minas Gerais,Southeast,TRUE,TRUE,mapped
200509,2005-09-01,2005,9,32,Espírito Santo,21.03734,52.64148,ES,Espirito Santo,Southeast,TRUE,TRUE,mapped
200509,2005-09-01,2005,9,33,Rio de Janeiro,26.60077,64.92408,RJ,Rio de Janeiro,Southeast,TRUE,TRUE,mapped
200509,2005-09-01,2005,9,35,São Paulo,19.60617,48.39113,SP,Sao Paulo,Southeast,TRUE,TRUE,mapped
200509,2005-09-01,2005,9,41,Paraná,21.77137,55.47614,PR,Parana,South,TRUE,TRUE,mapped
200509,2005-09-01,2005,9,42,Santa Catarina,16.74608,42.76148,SC,Santa Catarina,South,TRUE,TRUE,mapped
200509,2005-09-01,2005,9,43,Rio Grande do Sul,20.96052,51.09784,RS,Rio Grande do Sul,South,TRUE,TRUE,mapped
200509,2005-09-01,2005,9,50,Mato Grosso do Sul,17.48225,42.12442,MS,Mato Grosso do Sul,Center-West,TRUE,TRUE,mapped
200509,2005-09-01,2005,9,51,Mato Grosso,26.1256,60.40284,MT,Mato Grosso,Center-West,TRUE,TRUE,mapped
200509,2005-09-01,2005,9,52,Goiás,33.30233,75.28625,GO,Goias,Center-West,TRUE,TRUE,mapped
200509,2005-09-01,2005,9,53,Distrito Federal,39.83396,92.11296,DF,Distrito Federal,Center-West,TRUE,TRUE,mapped
200510,2005-10-01,2005,10,11,Rondônia,22.38414,43.72597,RO,Rondonia,North,TRUE,TRUE,mapped
200510,2005-10-01,2005,10,12,Acre,14.81502,32.51324,AC,Acre,North,TRUE,TRUE,mapped
200510,2005-10-01,2005,10,13,Amazonas,27.31285,61.81502,AM,Amazonas,North,TRUE,TRUE,mapped
200510,2005-10-01,2005,10,14,Roraima,13.04146,27.62037,RR,Roraima,North,TRUE,TRUE,mapped
200510,2005-10-01,2005,10,15,Pará,22.53234,52.62668,PA,Para,North,TRUE,TRUE,mapped
200510,2005-10-01,2005,10,16,Amapá,21.70488,45.65188,AP,Amapa,North,TRUE,TRUE,mapped
200510,2005-10-01,2005,10,17,Tocantins,15.72178,35.09344,TO,Tocantins,North,TRUE,TRUE,mapped
200510,2005-10-01,2005,10,21,Maranhão,14.9773,38.58022,MA,Maranhao,Northeast,TRUE,TRUE,mapped
200510,2005-10-01,2005,10,22,Piauí,24.0836,58.84718,PI,Piaui,Northeast,TRUE,TRUE,mapped
200510,2005-10-01,2005,10,23,Ceará,24.2761,57.63803,CE,Ceara,Northeast,TRUE,TRUE,mapped
200510,2005-10-01,2005,10,24,Rio Grande do Norte,24.07068,57.26184,RN,Rio Grande do Norte,Northeast,TRUE,TRUE,mapped
200510,2005-10-01,2005,10,25,Paraíba,20.52939,48.56536,PB,Paraiba,Northeast,TRUE,TRUE,mapped
200510,2005-10-01,2005,10,26,Pernambuco,25.42921,62.15255,PE,Pernambuco,Northeast,TRUE,TRUE,mapped
200510,2005-10-01,2005,10,27,Alagoas,18.84939,46.8639,AL,Alagoas,Northeast,TRUE,TRUE,mapped
200510,2005-10-01,2005,10,28,Sergipe,32.96776,84.37014,SE,Sergipe,Northeast,TRUE,TRUE,mapped
200510,2005-10-01,2005,10,29,Bahia,29.3294,67.83628,BA,Bahia,Northeast,TRUE,TRUE,mapped
200510,2005-10-01,2005,10,31,Minas Gerais,20.80949,50.6745,MG,Minas Gerais,Southeast,TRUE,TRUE,mapped
200510,2005-10-01,2005,10,32,Espírito Santo,22.84423,56.68448,ES,Espirito Santo,Southeast,TRUE,TRUE,mapped
200510,2005-10-01,2005,10,33,Rio de Janeiro,27.95955,67.9174,RJ,Rio de Janeiro,Southeast,TRUE,TRUE,mapped
200510,2005-10-01,2005,10,35,São Paulo,21.17977,51.82313,SP,Sao Paulo,Southeast,TRUE,TRUE,mapped
200510,2005-10-01,2005,10,41,Paraná,23.27573,58.82532,PR,Parana,South,TRUE,TRUE,mapped
200510,2005-10-01,2005,10,42,Santa Catarina,17.86688,45.27686,SC,Santa Catarina,South,TRUE,TRUE,mapped
200510,2005-10-01,2005,10,43,Rio Grande do Sul,22.5316,54.39447,RS,Rio Grande do Sul,South,TRUE,TRUE,mapped
200510,2005-10-01,2005,10,50,Mato Grosso do Sul,17.68873,41.78797,MS,Mato Grosso do Sul,Center-West,TRUE,TRUE,mapped
200510,2005-10-01,2005,10,51,Mato Grosso,26.56103,59.7418,MT,Mato Grosso,Center-West,TRUE,TRUE,mapped
200510,2005-10-01,2005,10,52,Goiás,34.87319,77.79182,GO,Goias,Center-West,TRUE,TRUE,mapped
200510,2005-10-01,2005,10,53,Distrito Federal,42.96086,97.76564,DF,Distrito Federal,Center-West,TRUE,TRUE,mapped
200511,2005-11-01,2005,11,11,Rondônia,22.22426,42.66545,RO,Rondonia,North,TRUE,TRUE,mapped
200511,2005-11-01,2005,11,12,Acre,13.95455,30.33716,AC,Acre,North,TRUE,TRUE,mapped
200511,2005-11-01,2005,11,13,Amazonas,27.82818,62.49059,AM,Amazonas,North,TRUE,TRUE,mapped
200511,2005-11-01,2005,11,14,Roraima,13.25928,27.98176,RR,Roraima,North,TRUE,TRUE,mapped
200511,2005-11-01,2005,11,15,Pará,21.25164,49.21706,PA,Para,North,TRUE,TRUE,mapped
200511,2005-11-01,2005,11,16,Amapá,21.881710000000002,45.65188,AP,Amapa,North,TRUE,TRUE,mapped
200511,2005-11-01,2005,11,17,Tocantins,15.72178,34.40702,TO,Tocantins,North,TRUE,TRUE,mapped
200511,2005-11-01,2005,11,21,Maranhão,15.89503,41.35739,MA,Maranhao,Northeast,TRUE,TRUE,mapped
200511,2005-11-01,2005,11,22,Piauí,25.01846,61.26925,PI,Piaui,Northeast,TRUE,TRUE,mapped
200511,2005-11-01,2005,11,23,Ceará,24.96971,59.4268,CE,Ceara,Northeast,TRUE,TRUE,mapped
200511,2005-11-01,2005,11,24,Rio Grande do Norte,24.88882,59.6966,RN,Rio Grande do Norte,Northeast,TRUE,TRUE,mapped
200511,2005-11-01,2005,11,25,Paraíba,21.28317,49.99872,PB,Paraiba,Northeast,TRUE,TRUE,mapped
200511,2005-11-01,2005,11,26,Pernambuco,26.37103,63.90607,PE,Pernambuco,Northeast,TRUE,TRUE,mapped
200511,2005-11-01,2005,11,27,Alagoas,19.02638,46.95149,AL,Alagoas,Northeast,TRUE,TRUE,mapped
200511,2005-11-01,2005,11,28,Sergipe,31.89518,80.50854,SE,Sergipe,Northeast,TRUE,TRUE,mapped
200511,2005-11-01,2005,11,29,Bahia,29.2155,67.27472,BA,Bahia,Northeast,TRUE,TRUE,mapped
200511,2005-11-01,2005,11,31,Minas Gerais,20.76852,50.43048,MG,Minas Gerais,Southeast,TRUE,TRUE,mapped
200511,2005-11-01,2005,11,32,Espírito Santo,22.88725,56.35444,ES,Espirito Santo,Southeast,TRUE,TRUE,mapped
200511,2005-11-01,2005,11,33,Rio de Janeiro,28.27312,68.22705,RJ,Rio de Janeiro,Southeast,TRUE,TRUE,mapped
200511,2005-11-01,2005,11,35,São Paulo,21.13724,51.47993,SP,Sao Paulo,Southeast,TRUE,TRUE,mapped
200511,2005-11-01,2005,11,41,Paraná,22.85785,57.02191,PR,Parana,South,TRUE,TRUE,mapped
200511,2005-11-01,2005,11,42,Santa Catarina,17.83392,44.52904,SC,Santa Catarina,South,TRUE,TRUE,mapped
200511,2005-11-01,2005,11,43,Rio Grande do Sul,22.79984,54.94391,RS,Rio Grande do Sul,South,TRUE,TRUE,mapped
200511,2005-11-01,2005,11,50,Mato Grosso do Sul,17.31018,40.03839,MS,Mato Grosso do Sul,Center-West,TRUE,TRUE,mapped
200511,2005-11-01,2005,11,51,Mato Grosso,25.73372,56.43658,MT,Mato Grosso,Center-West,TRUE,TRUE,mapped
200511,2005-11-01,2005,11,52,Goiás,35.18736,77.19525,GO,Goias,Center-West,TRUE,TRUE,mapped
200511,2005-11-01,2005,11,53,Distrito Federal,43.164790000000004,97.89411,DF,Distrito Federal,Center-West,TRUE,TRUE,mapped
200512,2005-12-01,2005,12,11,Rondônia,33.14985,64.12055,RO,Rondonia,North,TRUE,TRUE,mapped
200512,2005-12-01,2005,12,12,Acre,19.41665,42.24161,AC,Acre,North,TRUE,TRUE,mapped
200512,2005-12-01,2005,12,13,Amazonas,41.88282,93.90478,AM,Amazonas,North,TRUE,TRUE,mapped
200512,2005-12-01,2005,12,14,Roraima,17.42492,37.01645,RR,Roraima,North,TRUE,TRUE,mapped
200512,2005-12-01,2005,12,15,Pará,34.13869,78.8659,PA,Para,North,TRUE,TRUE,mapped
200512,2005-12-01,2005,12,16,Amapá,33.1541,69.37525,AP,Amapa,North,TRUE,TRUE,mapped
200512,2005-12-01,2005,12,17,Tocantins,21.76862,47.87809,TO,Tocantins,North,TRUE,TRUE,mapped
200512,2005-12-01,2005,12,21,Maranhão,23.23684,60.6475,MA,Maranhao,Northeast,TRUE,TRUE,mapped
200512,2005-12-01,2005,12,22,Piauí,37.92833,92.48696,PI,Piaui,Northeast,TRUE,TRUE,mapped
200512,2005-12-01,2005,12,23,Ceará,34.97741,82.68077,CE,Ceara,Northeast,TRUE,TRUE,mapped
200512,2005-12-01,2005,12,24,Rio Grande do Norte,35.74001,86.02802,RN,Rio Grande do Norte,Northeast,TRUE,TRUE,mapped
200512,2005-12-01,2005,12,25,Paraíba,33.2993,77.65399,PB,Paraiba,Northeast,TRUE,TRUE,mapped
200512,2005-12-01,2005,12,26,Pernambuco,38.91214,93.42366,PE,Pernambuco,Northeast,TRUE,TRUE,mapped
200512,2005-12-01,2005,12,27,Alagoas,28.84931,70.51484,AL,Alagoas,Northeast,TRUE,TRUE,mapped
200512,2005-12-01,2005,12,28,Sergipe,46.06454,116.31611,SE,Sergipe,Northeast,TRUE,TRUE,mapped
200512,2005-12-01,2005,12,29,Bahia,41.51677,95.8019,BA,Bahia,Northeast,TRUE,TRUE,mapped
200512,2005-12-01,2005,12,31,Minas Gerais,27.85522,67.51177,MG,Minas Gerais,Southeast,TRUE,TRUE,mapped
200512,2005-12-01,2005,12,32,Espírito Santo,32.43794,79.04474,ES,Espirito Santo,Southeast,TRUE,TRUE,mapped
200512,2005-12-01,2005,12,33,Rio de Janeiro,41.96546,99.91496,RJ,Rio de Janeiro,Southeast,TRUE,TRUE,mapped
200512,2005-12-01,2005,12,35,São Paulo,29.81329,72.3293,SP,Sao Paulo,Southeast,TRUE,TRUE,mapped
200512,2005-12-01,2005,12,41,Paraná,32.13471,80.29441,PR,Parana,South,TRUE,TRUE,mapped
200512,2005-12-01,2005,12,42,Santa Catarina,24.78948,62.13671,SC,Santa Catarina,South,TRUE,TRUE,mapped
200512,2005-12-01,2005,12,43,Rio Grande do Sul,32.11136,77.15695,RS,Rio Grande do Sul,South,TRUE,TRUE,mapped
200512,2005-12-01,2005,12,50,Mato Grosso do Sul,24.12413,55.38083,MS,Mato Grosso do Sul,Center-West,TRUE,TRUE,mapped
200512,2005-12-01,2005,12,51,Mato Grosso,33.44077,73.45845,MT,Mato Grosso,Center-West,TRUE,TRUE,mapped
200512,2005-12-01,2005,12,52,Goiás,49.45081,107.97791,GO,Goias,Center-West,TRUE,TRUE,mapped
200512,2005-12-01,2005,12,53,Distrito Federal,59.07118,131.93865,DF,Distrito Federal,Center-West,TRUE,TRUE,mapped
200601,2006-01-01,2006,1,11,Rondônia,19.293,36.79182,RO,Rondonia,North,TRUE,TRUE,mapped
200601,2006-01-01,2006,1,12,Acre,13.31855,28.8651,AC,Acre,North,TRUE,TRUE,mapped
200601,2006-01-01,2006,1,13,Amazonas,26.46957,58.94383,AM,Amazonas,North,TRUE,TRUE,mapped
200601,2006-01-01,2006,1,14,Roraima,13.23205,27.67199,RR,Roraima,North,TRUE,TRUE,mapped
200601,2006-01-01,2006,1,15,Pará,20.13102,45.95569,PA,Para,North,TRUE,TRUE,mapped
200601,2006-01-01,2006,1,16,Amapá,25.24132,52.28506,AP,Amapa,North,TRUE,TRUE,mapped
200601,2006-01-01,2006,1,17,Tocantins,16.46601,35.77987,TO,Tocantins,North,TRUE,TRUE,mapped
200601,2006-01-01,2006,1,21,Maranhão,15.19756,39.25574,MA,Maranhao,Northeast,TRUE,TRUE,mapped
200601,2006-01-01,2006,1,22,Piauí,27.2443,66.20308,PI,Piaui,Northeast,TRUE,TRUE,mapped
200601,2006-01-01,2006,1,23,Ceará,24.57336,58.23429,CE,Ceara,Northeast,TRUE,TRUE,mapped
200601,2006-01-01,2006,1,24,Rio Grande do Norte,25.10412,59.78677,RN,Rio Grande do Norte,Northeast,TRUE,TRUE,mapped
200601,2006-01-01,2006,1,25,Paraíba,21.15015,49.74577,PB,Paraiba,Northeast,TRUE,TRUE,mapped
200601,2006-01-01,2006,1,26,Pernambuco,25.37964,61.86029,PE,Pernambuco,Northeast,TRUE,TRUE,mapped
200601,2006-01-01,2006,1,27,Alagoas,18.62816,46.07553,AL,Alagoas,Northeast,TRUE,TRUE,mapped
200601,2006-01-01,2006,1,28,Sergipe,32.85485,83.31697,SE,Sergipe,Northeast,TRUE,TRUE,mapped
200601,2006-01-01,2006,1,29,Bahia,29.55721,67.49935,BA,Bahia,Northeast,TRUE,TRUE,mapped
200601,2006-01-01,2006,1,31,Minas Gerais,20.44082,48.80369,MG,Minas Gerais,Southeast,TRUE,TRUE,mapped
200601,2006-01-01,2006,1,32,Espírito Santo,23.1884,56.18942,ES,Espirito Santo,Southeast,TRUE,TRUE,mapped
200601,2006-01-01,2006,1,33,Rio de Janeiro,27.54146,65.74982,RJ,Rio de Janeiro,Southeast,TRUE,TRUE,mapped
200601,2006-01-01,2006,1,35,São Paulo,20.88206,50.87933,SP,Sao Paulo,Southeast,TRUE,TRUE,mapped
200601,2006-01-01,2006,1,41,Paraná,22.06388,54.44562,PR,Parana,South,TRUE,TRUE,mapped
200601,2006-01-01,2006,1,42,Santa Catarina,17.80095,43.98517,SC,Santa Catarina,South,TRUE,TRUE,mapped
200601,2006-01-01,2006,1,43,Rio Grande do Sul,21.45867,51.64728,RS,Rio Grande do Sul,South,TRUE,TRUE,mapped
200601,2006-01-01,2006,1,50,Mato Grosso do Sul,16.65632,38.15423,MS,Mato Grosso do Sul,Center-West,TRUE,TRUE,mapped
200601,2006-01-01,2006,1,51,Mato Grosso,23.25178,50.48719,MT,Mato Grosso,Center-West,TRUE,TRUE,mapped
200601,2006-01-01,2006,1,52,Goiás,34.68469,75.40556,GO,Goias,Center-West,TRUE,TRUE,mapped
200601,2006-01-01,2006,1,53,Distrito Federal,40.98955,90.95673,DF,Distrito Federal,Center-West,TRUE,TRUE,mapped
200602,2006-02-01,2006,2,11,Rondônia,17.90731,34.26289,RO,Rondonia,North,TRUE,TRUE,mapped
200602,2006-02-01,2006,2,12,Acre,15.18913,32.89726,AC,Acre,North,TRUE,TRUE,mapped
200602,2006-02-01,2006,2,13,Amazonas,24.22083,54.29926,AM,Amazonas,North,TRUE,TRUE,mapped
200602,2006-02-01,2006,2,14,Roraima,12.93256,27.00085,RR,Roraima,North,TRUE,TRUE,mapped
200602,2006-02-01,2006,2,15,Pará,18.08991,41.21188,PA,Para,North,TRUE,TRUE,mapped
200602,2006-02-01,2006,2,16,Amapá,21.35124,44.01309,AP,Amapa,North,TRUE,TRUE,mapped
200602,2006-02-01,2006,2,17,Tocantins,14.51241,31.40391,TO,Tocantins,North,TRUE,TRUE,mapped
200602,2006-02-01,2006,2,21,Maranhão,13.72919,35.27763,MA,Maranhao,Northeast,TRUE,TRUE,mapped
200602,2006-02-01,2006,2,22,Piauí,23.2823,56.78394,PI,Piaui,Northeast,TRUE,TRUE,mapped
200602,2006-02-01,2006,2,23,Ceará,21.10535,49.98609,CE,Ceara,Northeast,TRUE,TRUE,mapped
200602,2006-02-01,2006,2,24,Rio Grande do Norte,21.61624,51.67092,RN,Rio Grande do Norte,Northeast,TRUE,TRUE,mapped
200602,2006-02-01,2006,2,25,Paraíba,18.04636,42.24175,PB,Paraiba,Northeast,TRUE,TRUE,mapped
200602,2006-02-01,2006,2,26,Pernambuco,22.60374,54.84621,PE,Pernambuco,Northeast,TRUE,TRUE,mapped
200602,2006-02-01,2006,2,27,Alagoas,17.21224,41.95852,AL,Alagoas,Northeast,TRUE,TRUE,mapped
200602,2006-02-01,2006,2,28,Sergipe,25.51614,64.00897,SE,Sergipe,Northeast,TRUE,TRUE,mapped
200602,2006-02-01,2006,2,29,Bahia,28.3043,65.1408,BA,Bahia,Northeast,TRUE,TRUE,mapped
200602,2006-02-01,2006,2,31,Minas Gerais,18.02397,42.94724,MG,Minas Gerais,Southeast,TRUE,TRUE,mapped
200602,2006-02-01,2006,2,32,Espírito Santo,21.33849,51.9814,ES,Espirito Santo,Southeast,TRUE,TRUE,mapped
200602,2006-02-01,2006,2,33,Rio de Janeiro,26.18268,62.7565,RJ,Rio de Janeiro,Southeast,TRUE,TRUE,mapped
200602,2006-02-01,2006,2,35,São Paulo,18.75558,45.90293,SP,Sao Paulo,Southeast,TRUE,TRUE,mapped
200602,2006-02-01,2006,2,41,Paraná,21.18634,52.64222,PR,Parana,South,TRUE,TRUE,mapped
200602,2006-02-01,2006,2,42,Santa Catarina,17.10869,42.08164,SC,Santa Catarina,South,TRUE,TRUE,mapped
200602,2006-02-01,2006,2,43,Rio Grande do Sul,20.04086,48.19366,RS,Rio Grande do Sul,South,TRUE,TRUE,mapped
200602,2006-02-01,2006,2,50,Mato Grosso do Sul,15.93363,36.53924,MS,Mato Grosso do Sul,Center-West,TRUE,TRUE,mapped
200602,2006-02-01,2006,2,51,Mato Grosso,20.94402,46.10778,MT,Mato Grosso,Center-West,TRUE,TRUE,mapped
200602,2006-02-01,2006,2,52,Goiás,30.91461,68.00818,GO,Goias,Center-West,TRUE,TRUE,mapped
200602,2006-02-01,2006,2,53,Distrito Federal,39.1542,85.68947,DF,Distrito Federal,Center-West,TRUE,TRUE,mapped
200603,2006-03-01,2006,3,11,Rondônia,19.87925,38.01549,RO,Rondonia,North,TRUE,TRUE,mapped
200603,2006-03-01,2006,3,12,Acre,16.38631,35.52136,AC,Acre,North,TRUE,TRUE,mapped
200603,2006-03-01,2006,3,13,Amazonas,26.56327,59.19717,AM,Amazonas,North,TRUE,TRUE,mapped
200603,2006-03-01,2006,3,14,Roraima,14.07607,28.91104,RR,Roraima,North,TRUE,TRUE,mapped
200603,2006-03-01,2006,3,15,Pará,19.49067,44.17676,PA,Para,North,TRUE,TRUE,mapped
200603,2006-03-01,2006,3,16,Amapá,23.07525,47.3687,AP,Amapa,North,TRUE,TRUE,mapped
200603,2006-03-01,2006,3,17,Tocantins,16.97766,36.38049,TO,Tocantins,North,TRUE,TRUE,mapped
200603,2006-03-01,2006,3,21,Maranhão,15.60136,40.00633,MA,Maranhao,Northeast,TRUE,TRUE,mapped
200603,2006-03-01,2006,3,22,Piauí,25.55266,62.16631,PI,Piaui,Northeast,TRUE,TRUE,mapped
200603,2006-03-01,2006,3,23,Ceará,22.74027,53.76237,CE,Ceara,Northeast,TRUE,TRUE,mapped
200603,2006-03-01,2006,3,24,Rio Grande do Norte,23.9415,57.26184,RN,Rio Grande do Norte,Northeast,TRUE,TRUE,mapped
200603,2006-03-01,2006,3,25,Paraíba,20.88411,48.73399,PB,Paraiba,Northeast,TRUE,TRUE,mapped
200603,2006-03-01,2006,3,26,Pernambuco,25.47878,61.56804,PE,Pernambuco,Northeast,TRUE,TRUE,mapped
200603,2006-03-01,2006,3,27,Alagoas,19.86708,48.52822,AL,Alagoas,Northeast,TRUE,TRUE,mapped
200603,2006-03-01,2006,3,28,Sergipe,28.33872,71.14708,SE,Sergipe,Northeast,TRUE,TRUE,mapped
200603,2006-03-01,2006,3,29,Bahia,32.29082,73.33956,BA,Bahia,Northeast,TRUE,TRUE,mapped
200603,2006-03-01,2006,3,31,Minas Gerais,22.12032,52.38262,MG,Minas Gerais,Southeast,TRUE,TRUE,mapped
200603,2006-03-01,2006,3,32,Espírito Santo,22.84423,55.77687,ES,Espirito Santo,Southeast,TRUE,TRUE,mapped
200603,2006-03-01,2006,3,33,Rio de Janeiro,28.53442,68.43349,RJ,Rio de Janeiro,Southeast,TRUE,TRUE,mapped
200603,2006-03-01,2006,3,35,São Paulo,20.797,50.79353,SP,Sao Paulo,Southeast,TRUE,TRUE,mapped
200603,2006-03-01,2006,3,41,Paraná,23.94433,59.16882,PR,Parana,South,TRUE,TRUE,mapped
200603,2006-03-01,2006,3,42,Santa Catarina,18.82286,45.82072,SC,Santa Catarina,South,TRUE,TRUE,mapped
200603,2006-03-01,2006,3,43,Rio Grande do Sul,23.18303,55.57184,RS,Rio Grande do Sul,South,TRUE,TRUE,mapped
200603,2006-03-01,2006,3,50,Mato Grosso do Sul,17.92963,40.50943,MS,Mato Grosso do Sul,Center-West,TRUE,TRUE,mapped
200603,2006-03-01,2006,3,51,Mato Grosso,22.90344,49.82615,MT,Mato Grosso,Center-West,TRUE,TRUE,mapped
200603,2006-03-01,2006,3,52,Goiás,34.81036,76.00213,GO,Goias,Center-West,TRUE,TRUE,mapped
200603,2006-03-01,2006,3,53,Distrito Federal,43.09681,93.52613,DF,Distrito Federal,Center-West,TRUE,TRUE,mapped
200604,2006-04-01,2006,4,11,Rondônia,20.62539,39.23917,RO,Rondonia,North,TRUE,TRUE,mapped
200604,2006-04-01,2006,4,12,Acre,16.64819,35.84137,AC,Acre,North,TRUE,TRUE,mapped
200604,2006-04-01,2006,4,13,Amazonas,27.59394,61.055,AM,Amazonas,North,TRUE,TRUE,mapped
200604,2006-04-01,2006,4,14,Roraima,15.81856,32.42166,RR,Roraima,North,TRUE,TRUE,mapped
200604,2006-04-01,2006,4,15,Pará,20.49122,46.3263,PA,Para,North,TRUE,TRUE,mapped
200604,2006-04-01,2006,4,16,Amapá,22.41217,45.80795,AP,Amapa,North,TRUE,TRUE,mapped
200604,2006-04-01,2006,4,17,Tocantins,16.00087,34.23541,TO,Tocantins,North,TRUE,TRUE,mapped
200604,2006-04-01,2006,4,21,Maranhão,15.41781,39.25574,MA,Maranhao,Northeast,TRUE,TRUE,mapped
200604,2006-04-01,2006,4,22,Piauí,23.8165,57.5913,PI,Piaui,Northeast,TRUE,TRUE,mapped
200604,2006-04-01,2006,4,23,Ceará,22.5421,52.96737,CE,Ceara,Northeast,TRUE,TRUE,mapped
200604,2006-04-01,2006,4,24,Rio Grande do Norte,23.85538,57.17166,RN,Rio Grande do Norte,Northeast,TRUE,TRUE,mapped
200604,2006-04-01,2006,4,25,Paraíba,20.17467,47.13201,PB,Paraiba,Northeast,TRUE,TRUE,mapped
200604,2006-04-01,2006,4,26,Pernambuco,24.63609,59.61968,PE,Pernambuco,Northeast,TRUE,TRUE,mapped
200604,2006-04-01,2006,4,27,Alagoas,19.02638,46.25072,AL,Alagoas,Northeast,TRUE,TRUE,mapped
200604,2006-04-01,2006,4,28,Sergipe,27.71775,69.04075,SE,Sergipe,Northeast,TRUE,TRUE,mapped
200604,2006-04-01,2006,4,29,Bahia,31.20876,71.20563,BA,Bahia,Northeast,TRUE,TRUE,mapped
200604,2006-04-01,2006,4,31,Minas Gerais,22.20225,52.70798,MG,Minas Gerais,Southeast,TRUE,TRUE,mapped
200604,2006-04-01,2006,4,32,Espírito Santo,22.88725,56.0244,ES,Espirito Santo,Southeast,TRUE,TRUE,mapped
200604,2006-04-01,2006,4,33,Rio de Janeiro,28.6912,68.94958,RJ,Rio de Janeiro,Southeast,TRUE,TRUE,mapped
200604,2006-04-01,2006,4,35,São Paulo,21.13724,51.73733,SP,Sao Paulo,Southeast,TRUE,TRUE,mapped
200604,2006-04-01,2006,4,41,Paraná,24.15327,60.11346,PR,Parana,South,TRUE,TRUE,mapped
200604,2006-04-01,2006,4,42,Santa Catarina,18.88879,46.50056,SC,Santa Catarina,South,TRUE,TRUE,mapped
200604,2006-04-01,2006,4,43,Rio Grande do Sul,23.79613,56.8277,RS,Rio Grande do Sul,South,TRUE,TRUE,mapped
200604,2006-04-01,2006,4,50,Mato Grosso do Sul,17.75756,40.37485,MS,Mato Grosso do Sul,Center-West,TRUE,TRUE,mapped
200604,2006-04-01,2006,4,51,Mato Grosso,21.9455,48.17354,MT,Mato Grosso,Center-West,TRUE,TRUE,mapped
200604,2006-04-01,2006,4,52,Goiás,35.31303,77.55319,GO,Goias,Center-West,TRUE,TRUE,mapped
200604,2006-04-01,2006,4,53,Distrito Federal,44.59228,97.12329,DF,Distrito Federal,Center-West,TRUE,TRUE,mapped
200605,2006-05-01,2006,5,11,Rondônia,22.75721,43.80755,RO,Rondonia,North,TRUE,TRUE,mapped
200605,2006-05-01,2006,5,12,Acre,18.55618,40.51355,AC,Acre,North,TRUE,TRUE,mapped
200605,2006-05-01,2006,5,13,Amazonas,30.77966,68.6552,AM,Amazonas,North,TRUE,TRUE,mapped
200605,2006-05-01,2006,5,14,Roraima,15.49184,32.16353,RR,Roraima,North,TRUE,TRUE,mapped
200605,2006-05-01,2006,5,15,Pará,23.45284,53.3679,PA,Para,North,TRUE,TRUE,mapped
200605,2006-05-01,2006,5,16,Amapá,27.89365,57.43552,AP,Amapa,North,TRUE,TRUE,mapped
200605,2006-05-01,2006,5,17,Tocantins,19.90806,43.41634,TO,Tocantins,North,TRUE,TRUE,mapped
200605,2006-05-01,2006,5,21,Maranhão,17.8039,46.08609,MA,Maranhao,Northeast,TRUE,TRUE,mapped
200605,2006-05-01,2006,5,22,Piauí,27.82302,67.81779,PI,Piaui,Northeast,TRUE,TRUE,mapped
200605,2006-05-01,2006,5,23,Ceará,25.51468,60.51994,CE,Ceara,Northeast,TRUE,TRUE,mapped
200605,2006-05-01,2006,5,24,Rio Grande do Norte,25.14718,60.86889,RN,Rio Grande do Norte,Northeast,TRUE,TRUE,mapped
200605,2006-05-01,2006,5,25,Paraíba,22.70205,52.61248,PB,Paraiba,Northeast,TRUE,TRUE,mapped
200605,2006-05-01,2006,5,26,Pernambuco,26.4206,63.41898,PE,Pernambuco,Northeast,TRUE,TRUE,mapped
200605,2006-05-01,2006,5,27,Alagoas,21.59273,52.20726,AL,Alagoas,Northeast,TRUE,TRUE,mapped
200605,2006-05-01,2006,5,28,Sergipe,31.61292,78.05115,SE,Sergipe,Northeast,TRUE,TRUE,mapped
200605,2006-05-01,2006,5,29,Bahia,32.51862,73.33956,BA,Bahia,Northeast,TRUE,TRUE,mapped
200605,2006-05-01,2006,5,31,Minas Gerais,23.22634,55.31085,MG,Minas Gerais,Southeast,TRUE,TRUE,mapped
200605,2006-05-01,2006,5,32,Espírito Santo,23.57559,57.42707,ES,Espirito Santo,Southeast,TRUE,TRUE,mapped
200605,2006-05-01,2006,5,33,Rio de Janeiro,30.31129,72.76864,RJ,Rio de Janeiro,Southeast,TRUE,TRUE,mapped
200605,2006-05-01,2006,5,35,São Paulo,21.52,52.68112,SP,Sao Paulo,Southeast,TRUE,TRUE,mapped
200605,2006-05-01,2006,5,41,Paraná,24.65472,61.40161,PR,Parana,South,TRUE,TRUE,mapped
200605,2006-05-01,2006,5,42,Santa Catarina,18.95472,46.77249,SC,Santa Catarina,South,TRUE,TRUE,mapped
200605,2006-05-01,2006,5,43,Rio Grande do Sul,24.56251,58.39753,RS,Rio Grande do Sul,South,TRUE,TRUE,mapped
200605,2006-05-01,2006,5,50,Mato Grosso do Sul,18.96205,43.40296,MS,Mato Grosso do Sul,Center-West,TRUE,TRUE,mapped
200605,2006-05-01,2006,5,51,Mato Grosso,22.5551,49.99141,MT,Mato Grosso,Center-West,TRUE,TRUE,mapped
200605,2006-05-01,2006,5,52,Goiás,37.00957,81.96776,GO,Goias,Center-West,TRUE,TRUE,mapped
200605,2006-05-01,2006,5,53,Distrito Federal,46.63156,102.26209,DF,Distrito Federal,Center-West,TRUE,TRUE,mapped
200606,2006-06-01,2006,6,11,Rondônia,21.15834,40.78915,RO,Rondonia,North,TRUE,TRUE,mapped
200606,2006-06-01,2006,6,12,Acre,16.79783,36.8014,AC,Acre,North,TRUE,TRUE,mapped
200606,2006-06-01,2006,6,13,Amazonas,27.96873,62.49059,AM,Amazonas,North,TRUE,TRUE,mapped
200606,2006-06-01,2006,6,14,Roraima,14.23943,29.94358,RR,Roraima,North,TRUE,TRUE,mapped
200606,2006-06-01,2006,6,15,Pará,21.7319,49.51355,PA,Para,North,TRUE,TRUE,mapped
200606,2006-06-01,2006,6,16,Amapá,25.24132,51.89487,AP,Amapa,North,TRUE,TRUE,mapped
200606,2006-06-01,2006,6,17,Tocantins,18.00098,39.98422,TO,Tocantins,North,TRUE,TRUE,mapped
200606,2006-06-01,2006,6,21,Maranhão,16.55579,42.93362,MA,Maranhao,Northeast,TRUE,TRUE,mapped
200606,2006-06-01,2006,6,22,Piauí,26.26493,64.31925,PI,Piaui,Northeast,TRUE,TRUE,mapped
200606,2006-06-01,2006,6,23,Ceará,24.2761,57.93616,CE,Ceara,Northeast,TRUE,TRUE,mapped
200606,2006-06-01,2006,6,24,Rio Grande do Norte,24.11374,58.52431,RN,Rio Grande do Norte,Northeast,TRUE,TRUE,mapped
200606,2006-06-01,2006,6,25,Paraíba,21.54921,49.57714,PB,Paraiba,Northeast,TRUE,TRUE,mapped
200606,2006-06-01,2006,6,26,Pernambuco,25.52835,60.88612,PE,Pernambuco,Northeast,TRUE,TRUE,mapped
200606,2006-06-01,2006,6,27,Alagoas,19.99983,48.17784,AL,Alagoas,Northeast,TRUE,TRUE,mapped
200606,2006-06-01,2006,6,28,Sergipe,30.14518,74.30657,SE,Sergipe,Northeast,TRUE,TRUE,mapped
200606,2006-06-01,2006,6,29,Bahia,31.60742,71.43026,BA,Bahia,Northeast,TRUE,TRUE,mapped
200606,2006-06-01,2006,6,31,Minas Gerais,22.32514,53.3587,MG,Minas Gerais,Southeast,TRUE,TRUE,mapped
200606,2006-06-01,2006,6,32,Espírito Santo,23.14537,57.01452,ES,Espirito Santo,Southeast,TRUE,TRUE,mapped
200606,2006-06-01,2006,6,33,Rio de Janeiro,27.95955,67.60775,RJ,Rio de Janeiro,Southeast,TRUE,TRUE,mapped
200606,2006-06-01,2006,6,35,São Paulo,20.32917,50.36453,SP,Sao Paulo,Southeast,TRUE,TRUE,mapped
200606,2006-06-01,2006,6,41,Paraná,23.10857,58.39594,PR,Parana,South,TRUE,TRUE,mapped
200606,2006-06-01,2006,6,42,Santa Catarina,17.47131,43.84921,SC,Santa Catarina,South,TRUE,TRUE,mapped
200606,2006-06-01,2006,6,43,Rio Grande do Sul,22.5316,54.159,RS,Rio Grande do Sul,South,TRUE,TRUE,mapped
200606,2006-06-01,2006,6,50,Mato Grosso do Sul,17.65432,41.18235,MS,Mato Grosso do Sul,Center-West,TRUE,TRUE,mapped
200606,2006-06-01,2006,6,51,Mato Grosso,22.11967,49.66089,MT,Mato Grosso,Center-West,TRUE,TRUE,mapped
200606,2006-06-01,2006,6,52,Goiás,34.87319,77.79182,GO,Goias,Center-West,TRUE,TRUE,mapped
200606,2006-06-01,2006,6,53,Distrito Federal,43.30074,95.71012,DF,Distrito Federal,Center-West,TRUE,TRUE,mapped
200607,2006-07-01,2006,7,11,Rondônia,23.18358,45.03123,RO,Rondonia,North,TRUE,TRUE,mapped
200607,2006-07-01,2006,7,12,Acre,17.54607,38.72148,AC,Acre,North,TRUE,TRUE,mapped
200607,2006-07-01,2006,7,13,Amazonas,29.32735,65.95291,AM,Amazonas,North,TRUE,TRUE,mapped
200607,2006-07-01,2006,7,14,Roraima,15.41016,32.62817,RR,Roraima,North,TRUE,TRUE,mapped
200607,2006-07-01,2006,7,15,Pará,21.81194,50.03241,PA,Para,North,TRUE,TRUE,mapped
200607,2006-07-01,2006,7,16,Amapá,27.98206,57.98179,AP,Amapa,North,TRUE,TRUE,mapped
200607,2006-07-01,2006,7,17,Tocantins,17.67538,38.78297,TO,Tocantins,North,TRUE,TRUE,mapped
200607,2006-07-01,2006,7,21,Maranhão,17.21656,44.50986,MA,Maranhao,Northeast,TRUE,TRUE,mapped
200607,2006-07-01,2006,7,22,Piauí,28.0456,68.35603,PI,Piaui,Northeast,TRUE,TRUE,mapped
200607,2006-07-01,2006,7,23,Ceará,25.26697,59.8243,CE,Ceara,Northeast,TRUE,TRUE,mapped
200607,2006-07-01,2006,7,24,Rio Grande do Norte,25.31943,61.50012,RN,Rio Grande do Norte,Northeast,TRUE,TRUE,mapped
200607,2006-07-01,2006,7,25,Paraíba,21.77091,50.67324,PB,Paraiba,Northeast,TRUE,TRUE,mapped
200607,2006-07-01,2006,7,26,Pernambuco,26.51974,63.90607,PE,Pernambuco,Northeast,TRUE,TRUE,mapped
200607,2006-07-01,2006,7,27,Alagoas,20.48655,49.66697,AL,Alagoas,Northeast,TRUE,TRUE,mapped
200607,2006-07-01,2006,7,28,Sergipe,30.31453,75.47675,SE,Sergipe,Northeast,TRUE,TRUE,mapped
200607,2006-07-01,2006,7,29,Bahia,31.89217,72.778,BA,Bahia,Northeast,TRUE,TRUE,mapped
200607,2006-07-01,2006,7,31,Minas Gerais,22.85767,54.57879,MG,Minas Gerais,Southeast,TRUE,TRUE,mapped
200607,2006-07-01,2006,7,32,Espírito Santo,23.74767,58.33469,ES,Espirito Santo,Southeast,TRUE,TRUE,mapped
200607,2006-07-01,2006,7,33,Rio de Janeiro,28.53442,68.94958,RJ,Rio de Janeiro,Southeast,TRUE,TRUE,mapped
200607,2006-07-01,2006,7,35,São Paulo,20.88206,51.73733,SP,Sao Paulo,Southeast,TRUE,TRUE,mapped
200607,2006-07-01,2006,7,41,Paraná,23.48466,59.16882,PR,Parana,South,TRUE,TRUE,mapped
200607,2006-07-01,2006,7,42,Santa Catarina,17.89985,44.80097,SC,Santa Catarina,South,TRUE,TRUE,mapped
200607,2006-07-01,2006,7,43,Rio Grande do Sul,22.87647,54.94391,RS,Rio Grande do Sul,South,TRUE,TRUE,mapped
200607,2006-07-01,2006,7,50,Mato Grosso do Sul,18.37701,42.25901,MS,Mato Grosso do Sul,Center-West,TRUE,TRUE,mapped
200607,2006-07-01,2006,7,51,Mato Grosso,22.42447,49.90878,MT,Mato Grosso,Center-West,TRUE,TRUE,mapped
200607,2006-07-01,2006,7,52,Goiás,36.00421,79.93944,GO,Goias,Center-West,TRUE,TRUE,mapped
200607,2006-07-01,2006,7,53,Distrito Federal,42.68895,93.14072,DF,Distrito Federal,Center-West,TRUE,TRUE,mapped
200608,2006-08-01,2006,8,11,Rondônia,24.24949,47.15226,RO,Rondonia,North,TRUE,TRUE,mapped
200608,2006-08-01,2006,8,12,Acre,19.267,42.75363,AC,Acre,North,TRUE,TRUE,mapped
200608,2006-08-01,2006,8,13,Amazonas,29.98323,67.64184,AM,Amazonas,North,TRUE,TRUE,mapped
200608,2006-08-01,2006,8,14,Roraima,15.81856,33.40258,RR,Roraima,North,TRUE,TRUE,mapped
200608,2006-08-01,2006,8,15,Pará,23.13267,53.14553,PA,Para,North,TRUE,TRUE,mapped
200608,2006-08-01,2006,8,16,Amapá,28.20309,58.68412,AP,Amapa,North,TRUE,TRUE,mapped
200608,2006-08-01,2006,8,17,Tocantins,19.67549,43.24473,TO,Tocantins,North,TRUE,TRUE,mapped
200608,2006-08-01,2006,8,21,Maranhão,18.06086,46.83668,MA,Maranhao,Northeast,TRUE,TRUE,mapped
200608,2006-08-01,2006,8,22,Piauí,28.40173,69.70162,PI,Piaui,Northeast,TRUE,TRUE,mapped
200608,2006-08-01,2006,8,23,Ceará,26.1092,62.10995,CE,Ceara,Northeast,TRUE,TRUE,mapped
200608,2006-08-01,2006,8,24,Rio Grande do Norte,26.30981,64.2054,RN,Rio Grande do Norte,Northeast,TRUE,TRUE,mapped
200608,2006-08-01,2006,8,25,Paraíba,22.56903,52.61248,PB,Paraiba,Northeast,TRUE,TRUE,mapped
200608,2006-08-01,2006,8,26,Pernambuco,27.065,65.26992,PE,Pernambuco,Northeast,TRUE,TRUE,mapped
200608,2006-08-01,2006,8,27,Alagoas,22.61042,55.44831,AL,Alagoas,Northeast,TRUE,TRUE,mapped
200608,2006-08-01,2006,8,28,Sergipe,32.62905,81.44468,SE,Sergipe,Northeast,TRUE,TRUE,mapped
200608,2006-08-01,2006,8,29,Bahia,32.91727,74.91192,BA,Bahia,Northeast,TRUE,TRUE,mapped
200608,2006-08-01,2006,8,31,Minas Gerais,23.7179,56.69362,MG,Minas Gerais,Southeast,TRUE,TRUE,mapped
200608,2006-08-01,2006,8,32,Espírito Santo,24.13486,59.32481,ES,Espirito Santo,Southeast,TRUE,TRUE,mapped
200608,2006-08-01,2006,8,33,Rio de Janeiro,29.6319,71.63324,RJ,Rio de Janeiro,Southeast,TRUE,TRUE,mapped
200608,2006-08-01,2006,8,35,São Paulo,21.43494,53.19592,SP,Sao Paulo,Southeast,TRUE,TRUE,mapped
200608,2006-08-01,2006,8,41,Paraná,23.98612,60.62872,PR,Parana,South,TRUE,TRUE,mapped
200608,2006-08-01,2006,8,42,Santa Catarina,18.29542,46.16064,SC,Santa Catarina,South,TRUE,TRUE,mapped
200608,2006-08-01,2006,8,43,Rio Grande do Sul,23.29798,55.9643,RS,Rio Grande do Sul,South,TRUE,TRUE,mapped
200608,2006-08-01,2006,8,50,Mato Grosso do Sul,19.3406,44.07588,MS,Mato Grosso do Sul,Center-West,TRUE,TRUE,mapped
200608,2006-08-01,2006,8,51,Mato Grosso,23.51304,51.89191,MT,Mato Grosso,Center-West,TRUE,TRUE,mapped
200608,2006-08-01,2006,8,52,Goiás,36.82106,81.72913,GO,Goias,Center-West,TRUE,TRUE,mapped
200608,2006-08-01,2006,8,53,Distrito Federal,44.79621,97.63717,DF,Distrito Federal,Center-West,TRUE,TRUE,mapped
200609,2006-09-01,2006,9,11,Rondônia,23.18358,45.1128,RO,Rondonia,North,TRUE,TRUE,mapped
200609,2006-09-01,2006,9,12,Acre,19.94041,44.03368,AC,Acre,North,TRUE,TRUE,mapped
200609,2006-09-01,2006,9,13,Amazonas,29.70214,66.88182,AM,Amazonas,North,TRUE,TRUE,mapped
200609,2006-09-01,2006,9,14,Roraima,16.49922,34.95138,RR,Roraima,North,TRUE,TRUE,mapped
200609,2006-09-01,2006,9,15,Pará,22.49232,51.73721,PA,Para,North,TRUE,TRUE,mapped
200609,2006-09-01,2006,9,16,Amapá,26.61169,55.40655,AP,Amapa,North,TRUE,TRUE,mapped
200609,2006-09-01,2006,9,17,Tocantins,18.28006,40.07002,TO,Tocantins,North,TRUE,TRUE,mapped
200609,2006-09-01,2006,9,21,Maranhão,17.10643,44.4348,MA,Maranhao,Northeast,TRUE,TRUE,mapped
200609,2006-09-01,2006,9,22,Piauí,27.19978,66.65161,PI,Piaui,Northeast,TRUE,TRUE,mapped
200609,2006-09-01,2006,9,23,Ceará,25.71285,61.21557,CE,Ceara,Northeast,TRUE,TRUE,mapped
200609,2006-09-01,2006,9,24,Rio Grande do Norte,25.53473,62.22153,RN,Rio Grande do Norte,Northeast,TRUE,TRUE,mapped
200609,2006-09-01,2006,9,25,Paraíba,22.21431,51.76933,PB,Paraiba,Northeast,TRUE,TRUE,mapped
200609,2006-09-01,2006,9,26,Pernambuco,26.66845,64.39316,PE,Pernambuco,Northeast,TRUE,TRUE,mapped
200609,2006-09-01,2006,9,27,Alagoas,21.90246,53.69639,AL,Alagoas,Northeast,TRUE,TRUE,mapped
200609,2006-09-01,2006,9,28,Sergipe,31.89518,79.45537,SE,Sergipe,Northeast,TRUE,TRUE,mapped
200609,2006-09-01,2006,9,29,Bahia,32.11997,73.00262,BA,Bahia,Northeast,TRUE,TRUE,mapped
200609,2006-09-01,2006,9,31,Minas Gerais,23.34923,55.96156,MG,Minas Gerais,Southeast,TRUE,TRUE,mapped
200609,2006-09-01,2006,9,32,Espírito Santo,24.30695,59.81987,ES,Espirito Santo,Southeast,TRUE,TRUE,mapped
200609,2006-09-01,2006,9,33,Rio de Janeiro,29.47512,71.11715,RJ,Rio de Janeiro,Southeast,TRUE,TRUE,mapped
200609,2006-09-01,2006,9,35,São Paulo,21.30736,53.11012,SP,Sao Paulo,Southeast,TRUE,TRUE,mapped
200609,2006-09-01,2006,9,41,Paraná,23.98612,60.7146,PR,Parana,South,TRUE,TRUE,mapped
200609,2006-09-01,2006,9,42,Santa Catarina,18.65804,47.24837,SC,Santa Catarina,South,TRUE,TRUE,mapped
200609,2006-09-01,2006,9,43,Rio Grande do Sul,23.10639,55.65033,RS,Rio Grande do Sul,South,TRUE,TRUE,mapped
200609,2006-09-01,2006,9,50,Mato Grosso do Sul,18.99646,43.33567,MS,Mato Grosso do Sul,Center-West,TRUE,TRUE,mapped
200609,2006-09-01,2006,9,51,Mato Grosso,23.51304,51.80928,MT,Mato Grosso,Center-West,TRUE,TRUE,mapped
200609,2006-09-01,2006,9,52,Goiás,36.06705,79.82013,GO,Goias,Center-West,TRUE,TRUE,mapped
200609,2006-09-01,2006,9,53,Distrito Federal,44.59228,97.76564,DF,Distrito Federal,Center-West,TRUE,TRUE,mapped
200610,2006-10-01,2006,10,11,Rondônia,22.70392,44.05229,RO,Rondonia,North,TRUE,TRUE,mapped
200610,2006-10-01,2006,10,12,Acre,20.16488,44.16168,AC,Acre,North,TRUE,TRUE,mapped
200610,2006-10-01,2006,10,13,Amazonas,31.43554,70.25969,AM,Amazonas,North,TRUE,TRUE,mapped
200610,2006-10-01,2006,10,14,Roraima,16.39032,34.7965,RR,Roraima,North,TRUE,TRUE,mapped
200610,2006-10-01,2006,10,15,Pará,23.69297,54.18324,PA,Para,North,TRUE,TRUE,mapped
200610,2006-10-01,2006,10,16,Amapá,28.3357,58.99627,AP,Amapa,North,TRUE,TRUE,mapped
200610,2006-10-01,2006,10,17,Tocantins,18.83823,41.61447,TO,Tocantins,North,TRUE,TRUE,mapped
200610,2006-10-01,2006,10,21,Maranhão,17.91403,46.38633,MA,Maranhao,Northeast,TRUE,TRUE,mapped
200610,2006-10-01,2006,10,22,Piauí,25.86427,62.88396,PI,Piaui,Northeast,TRUE,TRUE,mapped
200610,2006-10-01,2006,10,23,Ceará,27.24869,64.49497,CE,Ceara,Northeast,TRUE,TRUE,mapped
200610,2006-10-01,2006,10,24,Rio Grande do Norte,24.97494,60.14748,RN,Rio Grande do Norte,Northeast,TRUE,TRUE,mapped
200610,2006-10-01,2006,10,25,Paraíba,22.39167,52.35953,PB,Paraiba,Northeast,TRUE,TRUE,mapped
200610,2006-10-01,2006,10,26,Pernambuco,27.70941,67.02344,PE,Pernambuco,Northeast,TRUE,TRUE,mapped
200610,2006-10-01,2006,10,27,Alagoas,25.44226,62.71879,AL,Alagoas,Northeast,TRUE,TRUE,mapped
200610,2006-10-01,2006,10,28,Sergipe,32.74195,81.67872,SE,Sergipe,Northeast,TRUE,TRUE,mapped
200610,2006-10-01,2006,10,29,Bahia,32.86032,74.12574,BA,Bahia,Northeast,TRUE,TRUE,mapped
200610,2006-10-01,2006,10,31,Minas Gerais,23.75886,56.8563,MG,Minas Gerais,Southeast,TRUE,TRUE,mapped
200610,2006-10-01,2006,10,32,Espírito Santo,24.99528,61.14003,ES,Espirito Santo,Southeast,TRUE,TRUE,mapped
200610,2006-10-01,2006,10,33,Rio de Janeiro,30.31129,72.97508,RJ,Rio de Janeiro,Southeast,TRUE,TRUE,mapped
200610,2006-10-01,2006,10,35,São Paulo,22.07289,55.16932,SP,Sao Paulo,Southeast,TRUE,TRUE,mapped
200610,2006-10-01,2006,10,41,Paraná,24.3622,61.22986,PR,Parana,South,TRUE,TRUE,mapped
200610,2006-10-01,2006,10,42,Santa Catarina,18.72397,46.90845,SC,Santa Catarina,South,TRUE,TRUE,mapped
200610,2006-10-01,2006,10,43,Rio Grande do Sul,23.64285,56.59223,RS,Rio Grande do Sul,South,TRUE,TRUE,mapped
200610,2006-10-01,2006,10,50,Mato Grosso do Sul,19.78798,45.55629,MS,Mato Grosso do Sul,Center-West,TRUE,TRUE,mapped
200610,2006-10-01,2006,10,51,Mato Grosso,24.12264,53.54452,MT,Mato Grosso,Center-West,TRUE,TRUE,mapped
200610,2006-10-01,2006,10,52,Goiás,36.44405,80.77463,GO,Goias,Center-West,TRUE,TRUE,mapped
200610,2006-10-01,2006,10,53,Distrito Federal,46.29168,102.13362,DF,Distrito Federal,Center-West,TRUE,TRUE,mapped
200611,2006-11-01,2006,11,11,Rondônia,23.07699,44.46018,RO,Rondonia,North,TRUE,TRUE,mapped
200611,2006-11-01,2006,11,12,Acre,19.5663,42.56162,AC,Acre,North,TRUE,TRUE,mapped
200611,2006-11-01,2006,11,13,Amazonas,32.27882,71.86418,AM,Amazonas,North,TRUE,TRUE,mapped
200611,2006-11-01,2006,11,14,Roraima,16.00915,33.97047,RR,Roraima,North,TRUE,TRUE,mapped
200611,2006-11-01,2006,11,15,Pará,23.77302,54.035,PA,Para,North,TRUE,TRUE,mapped
200611,2006-11-01,2006,11,16,Amapá,27.80524,57.74767,AP,Amapa,North,TRUE,TRUE,mapped
200611,2006-11-01,2006,11,17,Tocantins,18.55915,40.75644,TO,Tocantins,North,TRUE,TRUE,mapped
200611,2006-11-01,2006,11,21,Maranhão,18.68492,48.48797,MA,Maranhao,Northeast,TRUE,TRUE,mapped
200611,2006-11-01,2006,11,22,Piauí,26.88816,65.48543,PI,Piaui,Northeast,TRUE,TRUE,mapped
200611,2006-11-01,2006,11,23,Ceará,28.58635,67.57563,CE,Ceara,Northeast,TRUE,TRUE,mapped
200611,2006-11-01,2006,11,24,Rio Grande do Norte,25.75003,61.951,RN,Rio Grande do Norte,Northeast,TRUE,TRUE,mapped
200611,2006-11-01,2006,11,25,Paraíba,23.41149,54.38309,PB,Paraiba,Northeast,TRUE,TRUE,mapped
200611,2006-11-01,2006,11,26,Pernambuco,29.69219,71.11498,PE,Pernambuco,Northeast,TRUE,TRUE,mapped
200611,2006-11-01,2006,11,27,Alagoas,26.85817,65.52186,AL,Alagoas,Northeast,TRUE,TRUE,mapped
200611,2006-11-01,2006,11,28,Sergipe,33.98389,84.25312,SE,Sergipe,Northeast,TRUE,TRUE,mapped
200611,2006-11-01,2006,11,29,Bahia,33.82848,76.48429,BA,Bahia,Northeast,TRUE,TRUE,mapped
200611,2006-11-01,2006,11,31,Minas Gerais,23.7179,56.53094,MG,Minas Gerais,Southeast,TRUE,TRUE,mapped
200611,2006-11-01,2006,11,32,Espírito Santo,25.94175,63.2853,ES,Espirito Santo,Southeast,TRUE,TRUE,mapped
200611,2006-11-01,2006,11,33,Rio de Janeiro,31.46103,75.34909,RJ,Rio de Janeiro,Southeast,TRUE,TRUE,mapped
200611,2006-11-01,2006,11,35,São Paulo,22.41313,55.51252,SP,Sao Paulo,Southeast,TRUE,TRUE,mapped
200611,2006-11-01,2006,11,41,Paraná,24.44578,60.62872,PR,Parana,South,TRUE,TRUE,mapped
200611,2006-11-01,2006,11,42,Santa Catarina,19.84477,49.08392,SC,Santa Catarina,South,TRUE,TRUE,mapped
200611,2006-11-01,2006,11,43,Rio Grande do Sul,23.48958,56.12128,RS,Rio Grande do Sul,South,TRUE,TRUE,mapped
200611,2006-11-01,2006,11,50,Mato Grosso do Sul,19.51267,44.74879,MS,Mato Grosso do Sul,Center-West,TRUE,TRUE,mapped
200611,2006-11-01,2006,11,51,Mato Grosso,23.99201,53.214,MT,Mato Grosso,Center-West,TRUE,TRUE,mapped
200611,2006-11-01,2006,11,52,Goiás,37.32374,82.20638,GO,Goias,Center-West,TRUE,TRUE,mapped
200611,2006-11-01,2006,11,53,Distrito Federal,48.8068,107.7863,DF,Distrito Federal,Center-West,TRUE,TRUE,mapped
200612,2006-12-01,2006,12,11,Rondônia,32.40371,62.57056,RO,Rondonia,North,TRUE,TRUE,mapped
200612,2006-12-01,2006,12,12,Acre,26.37522,57.7302,AC,Acre,North,TRUE,TRUE,mapped
200612,2006-12-01,2006,12,13,Amazonas,44.88115,99.9005,AM,Amazonas,North,TRUE,TRUE,mapped
200612,2006-12-01,2006,12,14,Roraima,19.84807,42.43727,RR,Roraima,North,TRUE,TRUE,mapped
200612,2006-12-01,2006,12,15,Pará,37.58058,85.61101,PA,Para,North,TRUE,TRUE,mapped
200612,2006-12-01,2006,12,16,Amapá,41.77416,86.93366,AP,Amapa,North,TRUE,TRUE,mapped
200612,2006-12-01,2006,12,17,Tocantins,24.3269,53.7127,TO,Tocantins,North,TRUE,TRUE,mapped
200612,2006-12-01,2006,12,21,Maranhão,26.13686,68.15338,MA,Maranhao,Northeast,TRUE,TRUE,mapped
200612,2006-12-01,2006,12,22,Piauí,36.45928,88.80901,PI,Piaui,Northeast,TRUE,TRUE,mapped
200612,2006-12-01,2006,12,23,Ceará,39.08948,91.82335,CE,Ceara,Northeast,TRUE,TRUE,mapped
200612,2006-12-01,2006,12,24,Rio Grande do Norte,34.62044,83.50309,RN,Rio Grande do Norte,Northeast,TRUE,TRUE,mapped
200612,2006-12-01,2006,12,25,Paraíba,33.87572,77.99125,PB,Paraiba,Northeast,TRUE,TRUE,mapped
200612,2006-12-01,2006,12,26,Pernambuco,41.29148,98.19713,PE,Pernambuco,Northeast,TRUE,TRUE,mapped
200612,2006-12-01,2006,12,27,Alagoas,37.56604,91.01232,AL,Alagoas,Northeast,TRUE,TRUE,mapped
200612,2006-12-01,2006,12,28,Sergipe,46.12099,114.20978,SE,Sergipe,Northeast,TRUE,TRUE,mapped
200612,2006-12-01,2006,12,29,Bahia,46.69925,106.13458,BA,Bahia,Northeast,TRUE,TRUE,mapped
200612,2006-12-01,2006,12,31,Minas Gerais,31.25519,74.42562,MG,Minas Gerais,Southeast,TRUE,TRUE,mapped
200612,2006-12-01,2006,12,32,Espírito Santo,35.49244,86.22312,ES,Espirito Santo,Southeast,TRUE,TRUE,mapped
200612,2006-12-01,2006,12,33,Rio de Janeiro,44.26494,104.66298,RJ,Rio de Janeiro,Southeast,TRUE,TRUE,mapped
200612,2006-12-01,2006,12,35,São Paulo,30.70641,76.10449,SP,Sao Paulo,Southeast,TRUE,TRUE,mapped
200612,2006-12-01,2006,12,41,Paraná,33.34655,82.69895,PR,Parana,South,TRUE,TRUE,mapped
200612,2006-12-01,2006,12,42,Santa Catarina,26.99811,67.0315,SC,Santa Catarina,South,TRUE,TRUE,mapped
200612,2006-12-01,2006,12,43,Rio Grande do Sul,33.29926,79.51169,RS,Rio Grande do Sul,South,TRUE,TRUE,mapped
200612,2006-12-01,2006,12,50,Mato Grosso do Sul,25.98248,58.61082,MS,Mato Grosso do Sul,Center-West,TRUE,TRUE,mapped
200612,2006-12-01,2006,12,51,Mato Grosso,31.87323,69.57482,MT,Mato Grosso,Center-West,TRUE,TRUE,mapped
200612,2006-12-01,2006,12,52,Goiás,50.3305,109.88691,GO,Goias,Center-West,TRUE,TRUE,mapped
200612,2006-12-01,2006,12,53,Distrito Federal,62.402,137.46286,DF,Distrito Federal,Center-West,TRUE,TRUE,mapped
200701,2007-01-01,2007,1,11,Rondônia,19.719360000000002,38.01549,RO,Rondonia,North,TRUE,TRUE,mapped
200701,2007-01-01,2007,1,12,Acre,19.41665,41.9856,AC,Acre,North,TRUE,TRUE,mapped
200701,2007-01-01,2007,1,13,Amazonas,29.42104,65.44623,AM,Amazonas,North,TRUE,TRUE,mapped
200701,2007-01-01,2007,1,14,Roraima,14.18497,30.04683,RR,Roraima,North,TRUE,TRUE,mapped
200701,2007-01-01,2007,1,15,Pará,22.73245,51.66309,PA,Para,North,TRUE,TRUE,mapped
200701,2007-01-01,2007,1,16,Amapá,27.58421,56.88926,AP,Amapa,North,TRUE,TRUE,mapped
200701,2007-01-01,2007,1,17,Tocantins,18.04749,40.32743,TO,Tocantins,North,TRUE,TRUE,mapped
200701,2007-01-01,2007,1,21,Maranhão,17.8039,46.23621,MA,Maranhao,Northeast,TRUE,TRUE,mapped
200701,2007-01-01,2007,1,22,Piauí,27.28881,66.02367,PI,Piaui,Northeast,TRUE,TRUE,mapped
200701,2007-01-01,2007,1,23,Ceará,27.79366,65.88624,CE,Ceara,Northeast,TRUE,TRUE,mapped
200701,2007-01-01,2007,1,24,Rio Grande do Norte,24.8027,59.60642,RN,Rio Grande do Norte,Northeast,TRUE,TRUE,mapped
200701,2007-01-01,2007,1,25,Paraíba,23.01243,53.45563,PB,Paraiba,Northeast,TRUE,TRUE,mapped
200701,2007-01-01,2007,1,26,Pernambuco,27.51113,66.34151,PE,Pernambuco,Northeast,TRUE,TRUE,mapped
200701,2007-01-01,2007,1,27,Alagoas,26.4157,64.908690000000007,AL,Alagoas,Northeast,TRUE,TRUE,mapped
200701,2007-01-01,2007,1,28,Sergipe,34.88711,87.29559,SE,Sergipe,Northeast,TRUE,TRUE,mapped
200701,2007-01-01,2007,1,29,Bahia,34.28408,77.38278,BA,Bahia,Northeast,TRUE,TRUE,mapped
200701,2007-01-01,2007,1,31,Minas Gerais,22.93959,54.25343,MG,Minas Gerais,Southeast,TRUE,TRUE,mapped
200701,2007-01-01,2007,1,32,Espírito Santo,25.12435,60.72748,ES,Espirito Santo,Southeast,TRUE,TRUE,mapped
200701,2007-01-01,2007,1,33,Rio de Janeiro,29.68416,70.601070000000007,RJ,Rio de Janeiro,Southeast,TRUE,TRUE,mapped
200701,2007-01-01,2007,1,35,São Paulo,21.81771,53.71072,SP,Sao Paulo,Southeast,TRUE,TRUE,mapped
200701,2007-01-01,2007,1,41,Paraná,24.3622,60.28522,PR,Parana,South,TRUE,TRUE,mapped
200701,2007-01-01,2007,1,42,Santa Catarina,21.22929,52.14317,SC,Santa Catarina,South,TRUE,TRUE,mapped
200701,2007-01-01,2007,1,43,Rio Grande do Sul,22.91479,55.0224,RS,Rio Grande do Sul,South,TRUE,TRUE,mapped
200701,2007-01-01,2007,1,50,Mato Grosso do Sul,18.44584,42.66276,MS,Mato Grosso do Sul,Center-West,TRUE,TRUE,mapped
200701,2007-01-01,2007,1,51,Mato Grosso,22.5551,50.32193,MT,Mato Grosso,Center-West,TRUE,TRUE,mapped
200701,2007-01-01,2007,1,52,Goiás,37.76358,83.51882,GO,Goias,Center-West,TRUE,TRUE,mapped
200701,2007-01-01,2007,1,53,Distrito Federal,45.61192,100.97739,DF,Distrito Federal,Center-West,TRUE,TRUE,mapped
200702,2007-02-01,2007,2,11,Rondônia,18.65345,35.64972,RO,Rondonia,North,TRUE,TRUE,mapped
200702,2007-02-01,2007,2,12,Acre,17.50866,37.56943,AC,Acre,North,TRUE,TRUE,mapped
200702,2007-02-01,2007,2,13,Amazonas,27.64079,61.39278,AM,Amazonas,North,TRUE,TRUE,mapped
200702,2007-02-01,2007,2,14,Roraima,13.77658,29.16917,RR,Roraima,North,TRUE,TRUE,mapped
200702,2007-02-01,2007,2,15,Pará,19.89089,45.14035,PA,Para,North,TRUE,TRUE,mapped
200702,2007-02-01,2007,2,16,Amapá,24.13618,49.70982,AP,Amapa,North,TRUE,TRUE,mapped
200702,2007-02-01,2007,2,17,Tocantins,16.23344,35.60826,TO,Tocantins,North,TRUE,TRUE,mapped
200702,2007-02-01,2007,2,21,Maranhão,15.71148,40.9821,MA,Maranhao,Northeast,TRUE,TRUE,mapped
200702,2007-02-01,2007,2,22,Piauí,23.10423,56.42512,PI,Piaui,Northeast,TRUE,TRUE,mapped
200702,2007-02-01,2007,2,23,Ceará,24.37519,57.83679,CE,Ceara,Northeast,TRUE,TRUE,mapped
200702,2007-02-01,2007,2,24,Rio Grande do Norte,21.659300000000002,52.48251,RN,Rio Grande do Norte,Northeast,TRUE,TRUE,mapped
200702,2007-02-01,2007,2,25,Paraíba,20.08599,46.54181,PB,Paraiba,Northeast,TRUE,TRUE,mapped
200702,2007-02-01,2007,2,26,Pernambuco,24.93351,59.81452,PE,Pernambuco,Northeast,TRUE,TRUE,mapped
200702,2007-02-01,2007,2,27,Alagoas,23.18564,56.67466,AL,Alagoas,Northeast,TRUE,TRUE,mapped
200702,2007-02-01,2007,2,28,Sergipe,30.25808,75.24272,SE,Sergipe,Northeast,TRUE,TRUE,mapped
200702,2007-02-01,2007,2,29,Bahia,31.77827,71.31795,BA,Bahia,Northeast,TRUE,TRUE,mapped
200702,2007-02-01,2007,2,31,Minas Gerais,19.90829,47.01422,MG,Minas Gerais,Southeast,TRUE,TRUE,mapped
200702,2007-02-01,2007,2,32,Espírito Santo,24.60809,59.65485,ES,Espirito Santo,Southeast,TRUE,TRUE,mapped
200702,2007-02-01,2007,2,33,Rio de Janeiro,28.06407,66.47235,RJ,Rio de Janeiro,Southeast,TRUE,TRUE,mapped
200702,2007-02-01,2007,2,35,São Paulo,20.54182,50.45033,SP,Sao Paulo,Southeast,TRUE,TRUE,mapped
200702,2007-02-01,2007,2,41,Paraná,22.18925,55.30439,PR,Parana,South,TRUE,TRUE,mapped
200702,2007-02-01,2007,2,42,Santa Catarina,19.02065,47.24837,SC,Santa Catarina,South,TRUE,TRUE,mapped
200702,2007-02-01,2007,2,43,Rio Grande do Sul,21.15212,51.09784,RS,Rio Grande do Sul,South,TRUE,TRUE,mapped
200702,2007-02-01,2007,2,50,Mato Grosso do Sul,18.44584,42.46088,MS,Mato Grosso do Sul,Center-West,TRUE,TRUE,mapped
200702,2007-02-01,2007,2,51,Mato Grosso,22.11967,48.58669,MT,Mato Grosso,Center-West,TRUE,TRUE,mapped
200702,2007-02-01,2007,2,52,Goiás,32.61115,71.46825,GO,Goias,Center-West,TRUE,TRUE,mapped
200702,2007-02-01,2007,2,53,Distrito Federal,43.43669,96.09553,DF,Distrito Federal,Center-West,TRUE,TRUE,mapped
200703,2007-03-01,2007,3,11,Rondônia,23.02369,44.21544,RO,Rondonia,North,TRUE,TRUE,mapped
200703,2007-03-01,2007,3,12,Acre,19.267,41.28158,AC,Acre,North,TRUE,TRUE,mapped
200703,2007-03-01,2007,3,13,Amazonas,30.68596,67.89518,AM,Amazonas,North,TRUE,TRUE,mapped
200703,2007-03-01,2007,3,14,Roraima,16.03637,34.12535,RR,Roraima,North,TRUE,TRUE,mapped
200703,2007-03-01,2007,3,15,Pará,22.89253,51.66309,PA,Para,North,TRUE,TRUE,mapped
200703,2007-03-01,2007,3,16,Amapá,26.87692,55.32851,AP,Amapa,North,TRUE,TRUE,mapped
200703,2007-03-01,2007,3,17,Tocantins,18.65217,40.41323,TO,Tocantins,North,TRUE,TRUE,mapped
200703,2007-03-01,2007,3,21,Maranhão,18.57479,48.2628,MA,Maranhao,Northeast,TRUE,TRUE,mapped
200703,2007-03-01,2007,3,22,Piauí,25.73072,63.15307,PI,Piaui,Northeast,TRUE,TRUE,mapped
200703,2007-03-01,2007,3,23,Ceará,26.75326,63.10371,CE,Ceara,Northeast,TRUE,TRUE,mapped
200703,2007-03-01,2007,3,24,Rio Grande do Norte,25.62085,62.49206,RN,Rio Grande do Norte,Northeast,TRUE,TRUE,mapped
200703,2007-03-01,2007,3,25,Paraíba,22.74639,52.52816,PB,Paraiba,Northeast,TRUE,TRUE,mapped
200703,2007-03-01,2007,3,26,Pernambuco,28.45295,68.19245,PE,Pernambuco,Northeast,TRUE,TRUE,mapped
200703,2007-03-01,2007,3,27,Alagoas,25.66349,62.54359,AL,Alagoas,Northeast,TRUE,TRUE,mapped
200703,2007-03-01,2007,3,28,Sergipe,34.09679,84.721190000000007,SE,Sergipe,Northeast,TRUE,TRUE,mapped
200703,2007-03-01,2007,3,29,Bahia,35.93564,80.30288,BA,Bahia,Northeast,TRUE,TRUE,mapped
200703,2007-03-01,2007,3,31,Minas Gerais,24.33235,57.10031,MG,Minas Gerais,Southeast,TRUE,TRUE,mapped
200703,2007-03-01,2007,3,32,Espírito Santo,27.01728,65.34805,ES,Espirito Santo,Southeast,TRUE,TRUE,mapped
200703,2007-03-01,2007,3,33,Rio de Janeiro,31.40877,74.11047,RJ,Rio de Janeiro,Southeast,TRUE,TRUE,mapped
200703,2007-03-01,2007,3,35,São Paulo,23.60396,57.91492,SP,Sao Paulo,Southeast,TRUE,TRUE,mapped
200703,2007-03-01,2007,3,41,Paraná,26.0755,64.57903,PR,Parana,South,TRUE,TRUE,mapped
200703,2007-03-01,2007,3,42,Santa Catarina,20.4711,50.64753,SC,Santa Catarina,South,TRUE,TRUE,mapped
200703,2007-03-01,2007,3,43,Rio Grande do Sul,24.60083,58.86847,RS,Rio Grande do Sul,South,TRUE,TRUE,mapped
200703,2007-03-01,2007,3,50,Mato Grosso do Sul,20.40743,46.36378,MS,Mato Grosso do Sul,Center-West,TRUE,TRUE,mapped
200703,2007-03-01,2007,3,51,Mato Grosso,25.38537,55.36239,MT,Mato Grosso,Center-West,TRUE,TRUE,mapped
200703,2007-03-01,2007,3,52,Goiás,37.88925,82.20638,GO,Goias,Center-West,TRUE,TRUE,mapped
200703,2007-03-01,2007,3,53,Distrito Federal,49.0787,106.75854,DF,Distrito Federal,Center-West,TRUE,TRUE,mapped
200704,2007-04-01,2007,4,11,Rondônia,21.95778,41.76809,RO,Rondonia,North,TRUE,TRUE,mapped
200704,2007-04-01,2007,4,12,Acre,18.33171,38.91348,AC,Acre,North,TRUE,TRUE,mapped
200704,2007-04-01,2007,4,13,Amazonas,29.0931,63.84174,AM,Amazonas,North,TRUE,TRUE,mapped
200704,2007-04-01,2007,4,14,Roraima,15.24681,32.1119,RR,Roraima,North,TRUE,TRUE,mapped
200704,2007-04-01,2007,4,15,Pará,23.09264,51.44073,PA,Para,North,TRUE,TRUE,mapped
200704,2007-04-01,2007,4,16,Amapá,25.15291,51.27057,AP,Amapa,North,TRUE,TRUE,mapped
200704,2007-04-01,2007,4,17,Tocantins,18.83823,40.92805,TO,Tocantins,North,TRUE,TRUE,mapped
200704,2007-04-01,2007,4,21,Maranhão,17.51023,45.48562,MA,Maranhao,Northeast,TRUE,TRUE,mapped
200704,2007-04-01,2007,4,22,Piauí,24.39522,59.83395,PI,Piaui,Northeast,TRUE,TRUE,mapped
200704,2007-04-01,2007,4,23,Ceará,25.66331,60.61931,CE,Ceara,Northeast,TRUE,TRUE,mapped
200704,2007-04-01,2007,4,24,Rio Grande do Norte,23.7262,57.8029,RN,Rio Grande do Norte,Northeast,TRUE,TRUE,mapped
200704,2007-04-01,2007,4,25,Paraíba,21.28317,48.81831,PB,Paraiba,Northeast,TRUE,TRUE,mapped
200704,2007-04-01,2007,4,26,Pernambuco,26.61888,63.41898,PE,Pernambuco,Northeast,TRUE,TRUE,mapped
200704,2007-04-01,2007,4,27,Alagoas,24.20333,58.68937,AL,Alagoas,Northeast,TRUE,TRUE,mapped
200704,2007-04-01,2007,4,28,Sergipe,31.83872,78.05115,SE,Sergipe,Northeast,TRUE,TRUE,mapped
200704,2007-04-01,2007,4,29,Bahia,33.37288,74.57499,BA,Bahia,Northeast,TRUE,TRUE,mapped
200704,2007-04-01,2007,4,31,Minas Gerais,23.63597,55.71754,MG,Minas Gerais,Southeast,TRUE,TRUE,mapped
200704,2007-04-01,2007,4,32,Espírito Santo,25.59758,62.04764,ES,Espirito Santo,Southeast,TRUE,TRUE,mapped
200704,2007-04-01,2007,4,33,Rio de Janeiro,30.31129,71.63324,RJ,Rio de Janeiro,Southeast,TRUE,TRUE,mapped
200704,2007-04-01,2007,4,35,São Paulo,23.43384,57.31432,SP,Sao Paulo,Southeast,TRUE,TRUE,mapped
200704,2007-04-01,2007,4,41,Paraná,25.49047,63.11914,PR,Parana,South,TRUE,TRUE,mapped
200704,2007-04-01,2007,4,42,Santa Catarina,20.00959,49.35585,SC,Santa Catarina,South,TRUE,TRUE,mapped
200704,2007-04-01,2007,4,43,Rio Grande do Sul,24.52419,58.08356,RS,Rio Grande do Sul,South,TRUE,TRUE,mapped
200704,2007-04-01,2007,4,50,Mato Grosso do Sul,20.30419,45.89274,MS,Mato Grosso do Sul,Center-West,TRUE,TRUE,mapped
200704,2007-04-01,2007,4,51,Mato Grosso,24.34035,53.54452,MT,Mato Grosso,Center-West,TRUE,TRUE,mapped
200704,2007-04-01,2007,4,52,Goiás,35.69004,77.43388,GO,Goias,Center-West,TRUE,TRUE,mapped
200704,2007-04-01,2007,4,53,Distrito Federal,47.85513,104.57455,DF,Distrito Federal,Center-West,TRUE,TRUE,mapped
200705,2007-05-01,2007,5,11,Rondônia,26.59449,50.41539,RO,Rondonia,North,TRUE,TRUE,mapped
200705,2007-05-01,2007,5,12,Acre,20.27712,42.94564,AC,Acre,North,TRUE,TRUE,mapped
200705,2007-05-01,2007,5,13,Amazonas,33.2158,72.6242,AM,Amazonas,North,TRUE,TRUE,mapped
200705,2007-05-01,2007,5,14,Roraima,16.30864,34.07372,RR,Roraima,North,TRUE,TRUE,mapped
200705,2007-05-01,2007,5,15,Pará,27.01479,60.18713,PA,Para,North,TRUE,TRUE,mapped
200705,2007-05-01,2007,5,16,Amapá,30.7228,62.50795,AP,Amapa,North,TRUE,TRUE,mapped
200705,2007-05-01,2007,5,17,Tocantins,20.6988,45.2182,TO,Tocantins,North,TRUE,TRUE,mapped
200705,2007-05-01,2007,5,21,Maranhão,19.93303,51.7155,MA,Maranhao,Northeast,TRUE,TRUE,mapped
200705,2007-05-01,2007,5,22,Piauí,27.5114,67.36926,PI,Piaui,Northeast,TRUE,TRUE,mapped
200705,2007-05-01,2007,5,23,Ceará,28.78452,67.675,CE,Ceara,Northeast,TRUE,TRUE,mapped
200705,2007-05-01,2007,5,24,Rio Grande do Norte,26.61123,65.01699,RN,Rio Grande do Norte,Northeast,TRUE,TRUE,mapped
200705,2007-05-01,2007,5,25,Paraíba,24.60867,56.49096,PB,Paraiba,Northeast,TRUE,TRUE,mapped
200705,2007-05-01,2007,5,26,Pernambuco,30.08875,71.60207,PE,Pernambuco,Northeast,TRUE,TRUE,mapped
200705,2007-05-01,2007,5,27,Alagoas,27.30065,66.22263,AL,Alagoas,Northeast,TRUE,TRUE,mapped
200705,2007-05-01,2007,5,28,Sergipe,36.75002,90.45508,SE,Sergipe,Northeast,TRUE,TRUE,mapped
200705,2007-05-01,2007,5,29,Bahia,36.61904,81.53831,BA,Bahia,Northeast,TRUE,TRUE,mapped
200705,2007-05-01,2007,5,31,Minas Gerais,25.11066,58.88978,MG,Minas Gerais,Southeast,TRUE,TRUE,mapped
200705,2007-05-01,2007,5,32,Espírito Santo,26.71613,64.52295,ES,Espirito Santo,Southeast,TRUE,TRUE,mapped
200705,2007-05-01,2007,5,33,Rio de Janeiro,32.50625,76.69092,RJ,Rio de Janeiro,Southeast,TRUE,TRUE,mapped
200705,2007-05-01,2007,5,35,São Paulo,24.75226,60.31731,SP,Sao Paulo,Southeast,TRUE,TRUE,mapped
200705,2007-05-01,2007,5,41,Paraná,26.70231,65.7813,PR,Parana,South,TRUE,TRUE,mapped
200705,2007-05-01,2007,5,42,Santa Catarina,20.96557,51.73527,SC,Santa Catarina,South,TRUE,TRUE,mapped
200705,2007-05-01,2007,5,43,Rio Grande do Sul,26.40183,62.32209,RS,Rio Grande do Sul,South,TRUE,TRUE,mapped
200705,2007-05-01,2007,5,50,Mato Grosso do Sul,22.12812,49.93023,MS,Mato Grosso do Sul,Center-West,TRUE,TRUE,mapped
200705,2007-05-01,2007,5,51,Mato Grosso,26.56103,58.41971,MT,Mato Grosso,Center-West,TRUE,TRUE,mapped
200705,2007-05-01,2007,5,52,Goiás,40.08846,87.0982,GO,Goias,Center-West,TRUE,TRUE,mapped
200705,2007-05-01,2007,5,53,Distrito Federal,51.18596,111.25499,DF,Distrito Federal,Center-West,TRUE,TRUE,mapped
200706,2007-06-01,2007,6,11,Rondônia,24.24949,45.5207,RO,Rondonia,North,TRUE,TRUE,mapped
200706,2007-06-01,2007,6,12,Acre,18.9303,39.87352,AC,Acre,North,TRUE,TRUE,mapped
200706,2007-06-01,2007,6,13,Amazonas,30.96705,67.72629,AM,Amazonas,North,TRUE,TRUE,mapped
200706,2007-06-01,2007,6,14,Roraima,14.59337,30.51147,RR,Roraima,North,TRUE,TRUE,mapped
200706,2007-06-01,2007,6,15,Pará,24.97367,56.03629,PA,Para,North,TRUE,TRUE,mapped
200706,2007-06-01,2007,6,16,Amapá,29.04299,58.91823,AP,Amapa,North,TRUE,TRUE,mapped
200706,2007-06-01,2007,6,17,Tocantins,18.79172,40.92805,TO,Tocantins,North,TRUE,TRUE,mapped
200706,2007-06-01,2007,6,21,Maranhão,19.08872,49.68892,MA,Maranhao,Northeast,TRUE,TRUE,mapped
200706,2007-06-01,2007,6,22,Piauí,26.04234,63.96043,PI,Piaui,Northeast,TRUE,TRUE,mapped
200706,2007-06-01,2007,6,23,Ceará,27.44686,64.69372,CE,Ceara,Northeast,TRUE,TRUE,mapped
200706,2007-06-01,2007,6,24,Rio Grande do Norte,26.82653,65.28752,RN,Rio Grande do Norte,Northeast,TRUE,TRUE,mapped
200706,2007-06-01,2007,6,25,Paraíba,23.85489,54.38309,PB,Paraiba,Northeast,TRUE,TRUE,mapped
200706,2007-06-01,2007,6,26,Pernambuco,29.64262,70.04339,PE,Pernambuco,Northeast,TRUE,TRUE,mapped
200706,2007-06-01,2007,6,27,Alagoas,25.13252,60.44129,AL,Alagoas,Northeast,TRUE,TRUE,mapped
200706,2007-06-01,2007,6,28,Sergipe,35.33873,86.00839,SE,Sergipe,Northeast,TRUE,TRUE,mapped
200706,2007-06-01,2007,6,29,Bahia,36.78989,82.43681,BA,Bahia,Northeast,TRUE,TRUE,mapped
200706,2007-06-01,2007,6,31,Minas Gerais,24.33235,56.8563,MG,Minas Gerais,Southeast,TRUE,TRUE,mapped
200706,2007-06-01,2007,6,32,Espírito Santo,25.42549,60.97501,ES,Espirito Santo,Southeast,TRUE,TRUE,mapped
200706,2007-06-01,2007,6,33,Rio de Janeiro,30.67712,72.04612,RJ,Rio de Janeiro,Southeast,TRUE,TRUE,mapped
200706,2007-06-01,2007,6,35,São Paulo,23.90166,57.91492,SP,Sao Paulo,Southeast,TRUE,TRUE,mapped
200706,2007-06-01,2007,6,41,Paraná,25.32332,62.43212,PR,Parana,South,TRUE,TRUE,mapped
200706,2007-06-01,2007,6,42,Santa Catarina,19.97663,49.28787,SC,Santa Catarina,South,TRUE,TRUE,mapped
200706,2007-06-01,2007,6,43,Rio Grande do Sul,25.02234,58.94697,RS,Rio Grande do Sul,South,TRUE,TRUE,mapped
200706,2007-06-01,2007,6,50,Mato Grosso do Sul,20.64833,46.63295,MS,Mato Grosso do Sul,Center-West,TRUE,TRUE,mapped
200706,2007-06-01,2007,6,51,Mato Grosso,25.47246,55.9408,MT,Mato Grosso,Center-West,TRUE,TRUE,mapped
200706,2007-06-01,2007,6,52,Goiás,37.95208,82.56432,GO,Goias,Center-West,TRUE,TRUE,mapped
200706,2007-06-01,2007,6,53,Distrito Federal,48.87477,104.06067,DF,Distrito Federal,Center-West,TRUE,TRUE,mapped
200707,2007-07-01,2007,7,11,Rondônia,23.34346,43.72597,RO,Rondonia,North,TRUE,TRUE,mapped
200707,2007-07-01,2007,7,12,Acre,19.71594,41.21757,AC,Acre,North,TRUE,TRUE,mapped
200707,2007-07-01,2007,7,13,Amazonas,31.62294,69.16188,AM,Amazonas,North,TRUE,TRUE,mapped
200707,2007-07-01,2007,7,14,Roraima,15.57352,32.73143,RR,Roraima,North,TRUE,TRUE,mapped
200707,2007-07-01,2007,7,15,Pará,24.37335,54.77622,PA,Para,North,TRUE,TRUE,mapped
200707,2007-07-01,2007,7,16,Amapá,33.24251,67.50235,AP,Amapa,North,TRUE,TRUE,mapped
200707,2007-07-01,2007,7,17,Tocantins,19.21034,41.87188,TO,Tocantins,North,TRUE,TRUE,mapped
200707,2007-07-01,2007,7,21,Maranhão,19.56594,50.66468,MA,Maranhao,Northeast,TRUE,TRUE,mapped
200707,2007-07-01,2007,7,22,Piauí,26.9772,65.57514,PI,Piaui,Northeast,TRUE,TRUE,mapped
200707,2007-07-01,2007,7,23,Ceará,28.23955,66.48249,CE,Ceara,Northeast,TRUE,TRUE,mapped
200707,2007-07-01,2007,7,24,Rio Grande do Norte,27.60162,66.91069,RN,Rio Grande do Norte,Northeast,TRUE,TRUE,mapped
200707,2007-07-01,2007,7,25,Paraíba,22.92375,52.78111,PB,Paraiba,Northeast,TRUE,TRUE,mapped
200707,2007-07-01,2007,7,26,Pernambuco,29.94004,71.40724,PE,Pernambuco,Northeast,TRUE,TRUE,mapped
200707,2007-07-01,2007,7,27,Alagoas,24.99978,60.52888,AL,Alagoas,Northeast,TRUE,TRUE,mapped
200707,2007-07-01,2007,7,28,Sergipe,33.58873,82.8489,SE,Sergipe,Northeast,TRUE,TRUE,mapped
200707,2007-07-01,2007,7,29,Bahia,34.56883,77.27047,BA,Bahia,Northeast,TRUE,TRUE,mapped
200707,2007-07-01,2007,7,31,Minas Gerais,24.74199,57.58835,MG,Minas Gerais,Southeast,TRUE,TRUE,mapped
200707,2007-07-01,2007,7,32,Espírito Santo,25.72664,61.47007,ES,Espirito Santo,Southeast,TRUE,TRUE,mapped
200707,2007-07-01,2007,7,33,Rio de Janeiro,31.565550000000002,73.80082,RJ,Rio de Janeiro,Southeast,TRUE,TRUE,mapped
200707,2007-07-01,2007,7,35,São Paulo,24.11431,58.17232,SP,Sao Paulo,Southeast,TRUE,TRUE,mapped
200707,2007-07-01,2007,7,41,Paraná,25.82477,63.03326,PR,Parana,South,TRUE,TRUE,mapped
200707,2007-07-01,2007,7,42,Santa Catarina,20.30627,49.49182,SC,Santa Catarina,South,TRUE,TRUE,mapped
200707,2007-07-01,2007,7,43,Rio Grande do Sul,24.98402,58.47602,RS,Rio Grande do Sul,South,TRUE,TRUE,mapped
200707,2007-07-01,2007,7,50,Mato Grosso do Sul,21.06129,47.97878,MS,Mato Grosso do Sul,Center-West,TRUE,TRUE,mapped
200707,2007-07-01,2007,7,51,Mato Grosso,26.90937,58.99813,MT,Mato Grosso,Center-West,TRUE,TRUE,mapped
200707,2007-07-01,2007,7,52,Goiás,38.64327,83.99607,GO,Goias,Center-West,TRUE,TRUE,mapped
200707,2007-07-01,2007,7,53,Distrito Federal,46.69954,99.82116,DF,Distrito Federal,Center-West,TRUE,TRUE,mapped
200708,2007-08-01,2007,8,11,Rondônia,23.71653,44.78649,RO,Rondonia,North,TRUE,TRUE,mapped
200708,2007-08-01,2007,8,12,Acre,20.01524,41.66559,AC,Acre,North,TRUE,TRUE,mapped
200708,2007-08-01,2007,8,13,Amazonas,33.26264,72.28641,AM,Amazonas,North,TRUE,TRUE,mapped
200708,2007-08-01,2007,8,14,Roraima,14.81118,30.87286,RR,Roraima,North,TRUE,TRUE,mapped
200708,2007-08-01,2007,8,15,Pará,25.41392,56.77752,PA,Para,North,TRUE,TRUE,mapped
200708,2007-08-01,2007,8,16,Amapá,29.70607,60.40094,AP,Amapa,North,TRUE,TRUE,mapped
200708,2007-08-01,2007,8,17,Tocantins,20.93137,46.76266,TO,Tocantins,North,TRUE,TRUE,mapped
200708,2007-08-01,2007,8,21,Maranhão,20.11657,51.56538,MA,Maranhao,Northeast,TRUE,TRUE,mapped
200708,2007-08-01,2007,8,22,Piauí,27.82302,67.36926,PI,Piaui,Northeast,TRUE,TRUE,mapped
200708,2007-08-01,2007,8,23,Ceará,29.37904,68.76814,CE,Ceara,Northeast,TRUE,TRUE,mapped
200708,2007-08-01,2007,8,24,Rio Grande do Norte,28.63506,69.34544,RN,Rio Grande do Norte,Northeast,TRUE,TRUE,mapped
200708,2007-08-01,2007,8,25,Paraíba,24.564330000000002,56.23802,PB,Paraiba,Northeast,TRUE,TRUE,mapped
200708,2007-08-01,2007,8,26,Pernambuco,30.68359,72.47883,PE,Pernambuco,Northeast,TRUE,TRUE,mapped
200708,2007-08-01,2007,8,27,Alagoas,26.50419,63.68234,AL,Alagoas,Northeast,TRUE,TRUE,mapped
200708,2007-08-01,2007,8,28,Sergipe,36.12905,88.23174,SE,Sergipe,Northeast,TRUE,TRUE,mapped
200708,2007-08-01,2007,8,29,Bahia,37.3594,83.22299,BA,Bahia,Northeast,TRUE,TRUE,mapped
200708,2007-08-01,2007,8,31,Minas Gerais,26.01186,60.02854,MG,Minas Gerais,Southeast,TRUE,TRUE,mapped
200708,2007-08-01,2007,8,32,Espírito Santo,27.10332,64.27542,ES,Espirito Santo,Southeast,TRUE,TRUE,mapped
200708,2007-08-01,2007,8,33,Rio de Janeiro,33.02885,76.69092,RJ,Rio de Janeiro,Southeast,TRUE,TRUE,mapped
200708,2007-08-01,2007,8,35,São Paulo,25.22008,60.40311,SP,Sao Paulo,Southeast,TRUE,TRUE,mapped
200708,2007-08-01,2007,8,41,Paraná,26.70231,64.92254,PR,Parana,South,TRUE,TRUE,mapped
200708,2007-08-01,2007,8,42,Santa Catarina,21.13039,51.1914,SC,Santa Catarina,South,TRUE,TRUE,mapped
200708,2007-08-01,2007,8,43,Rio Grande do Sul,25.98032,60.98774,RS,Rio Grande do Sul,South,TRUE,TRUE,mapped
200708,2007-08-01,2007,8,50,Mato Grosso do Sul,21.5775,50.26669,MS,Mato Grosso do Sul,Center-West,TRUE,TRUE,mapped
200708,2007-08-01,2007,8,51,Mato Grosso,27.08354,60.65074,MT,Mato Grosso,Center-West,TRUE,TRUE,mapped
200708,2007-08-01,2007,8,52,Goiás,40.21413,88.17201,GO,Goias,Center-West,TRUE,TRUE,mapped
200708,2007-08-01,2007,8,53,Distrito Federal,50.37025,107.40089,DF,Distrito Federal,Center-West,TRUE,TRUE,mapped
200709,2007-09-01,2007,9,11,Rondônia,21.85119,41.19705,RO,Rondonia,North,TRUE,TRUE,mapped
200709,2007-09-01,2007,9,12,Acre,19.5663,41.21757,AC,Acre,North,TRUE,TRUE,mapped
200709,2007-09-01,2007,9,13,Amazonas,31.62294,68.48631,AM,Amazonas,North,TRUE,TRUE,mapped
200709,2007-09-01,2007,9,14,Roraima,14.7295,30.71798,RR,Roraima,North,TRUE,TRUE,mapped
200709,2007-09-01,2007,9,15,Pará,24.85361,55.29507,PA,Para,North,TRUE,TRUE,mapped
200709,2007-09-01,2007,9,16,Amapá,29.30822,59.4645,AP,Amapa,North,TRUE,TRUE,mapped
200709,2007-09-01,2007,9,17,Tocantins,19.48943,43.50214,TO,Tocantins,North,TRUE,TRUE,mapped
200709,2007-09-01,2007,9,21,Maranhão,19.56594,49.91409,MA,Maranhao,Northeast,TRUE,TRUE,mapped
200709,2007-09-01,2007,9,22,Piauí,27.15526,65.30602,PI,Piaui,Northeast,TRUE,TRUE,mapped
200709,2007-09-01,2007,9,23,Ceará,28.04138,65.28998,CE,Ceara,Northeast,TRUE,TRUE,mapped
200709,2007-09-01,2007,9,24,Rio Grande do Norte,27.90304,66.45981,RN,Rio Grande do Norte,Northeast,TRUE,TRUE,mapped
200709,2007-09-01,2007,9,25,Paraíba,23.54451,53.37131,PB,Paraiba,Northeast,TRUE,TRUE,mapped
200709,2007-09-01,2007,9,26,Pernambuco,30.039180000000002,70.33564,PE,Pernambuco,Northeast,TRUE,TRUE,mapped
200709,2007-09-01,2007,9,27,Alagoas,26.23871,62.54359,AL,Alagoas,Northeast,TRUE,TRUE,mapped
200709,2007-09-01,2007,9,28,Sergipe,33.64518,81.32766,SE,Sergipe,Northeast,TRUE,TRUE,mapped
200709,2007-09-01,2007,9,29,Bahia,35.59394,79.74133,BA,Bahia,Northeast,TRUE,TRUE,mapped
200709,2007-09-01,2007,9,31,Minas Gerais,25.31548,58.40175,MG,Minas Gerais,Southeast,TRUE,TRUE,mapped
200709,2007-09-01,2007,9,32,Espírito Santo,26.67311,63.36781,ES,Espirito Santo,Southeast,TRUE,TRUE,mapped
200709,2007-09-01,2007,9,33,Rio de Janeiro,31.82685,74.00726,RJ,Rio de Janeiro,Southeast,TRUE,TRUE,mapped
200709,2007-09-01,2007,9,35,São Paulo,24.96491,59.80251,SP,Sao Paulo,Southeast,TRUE,TRUE,mapped
200709,2007-09-01,2007,9,41,Paraná,26.32622,64.3214,PR,Parana,South,TRUE,TRUE,mapped
200709,2007-09-01,2007,9,42,Santa Catarina,20.83371,50.51157,SC,Santa Catarina,South,TRUE,TRUE,mapped
200709,2007-09-01,2007,9,43,Rio Grande do Sul,24.71579,58.24054,RS,Rio Grande do Sul,South,TRUE,TRUE,mapped
200709,2007-09-01,2007,9,50,Mato Grosso do Sul,21.30219,49.72835,MS,Mato Grosso do Sul,Center-West,TRUE,TRUE,mapped
200709,2007-09-01,2007,9,51,Mato Grosso,26.25623,58.75024,MT,Mato Grosso,Center-West,TRUE,TRUE,mapped
200709,2007-09-01,2007,9,52,Goiás,38.76893,84.95057,GO,Goias,Center-West,TRUE,TRUE,mapped
200709,2007-09-01,2007,9,53,Distrito Federal,49.01072,105.2169,DF,Distrito Federal,Center-West,TRUE,TRUE,mapped
200710,2007-10-01,2007,10,11,Rondônia,23.98301,45.03123,RO,Rondonia,North,TRUE,TRUE,mapped
200710,2007-10-01,2007,10,12,Acre,19.60371,41.02557,AC,Acre,North,TRUE,TRUE,mapped
200710,2007-10-01,2007,10,13,Amazonas,33.2158,71.52639,AM,Amazonas,North,TRUE,TRUE,mapped
200710,2007-10-01,2007,10,14,Roraima,15.70966,32.31841,RR,Roraima,North,TRUE,TRUE,mapped
200710,2007-10-01,2007,10,15,Pará,27.17488,60.11301,PA,Para,North,TRUE,TRUE,mapped
200710,2007-10-01,2007,10,16,Amapá,30.23654,61.10328,AP,Amapa,North,TRUE,TRUE,mapped
200710,2007-10-01,2007,10,17,Tocantins,19.722,42.81572,TO,Tocantins,North,TRUE,TRUE,mapped
200710,2007-10-01,2007,10,21,Maranhão,20.48366,51.86562,MA,Maranhao,Northeast,TRUE,TRUE,mapped
200710,2007-10-01,2007,10,22,Piauí,27.86753,66.92073,PI,Piaui,Northeast,TRUE,TRUE,mapped
200710,2007-10-01,2007,10,23,Ceará,30.61762,71.35191,CE,Ceara,Northeast,TRUE,TRUE,mapped
200710,2007-10-01,2007,10,24,Rio Grande do Norte,28.20446,66.82051,RN,Rio Grande do Norte,Northeast,TRUE,TRUE,mapped
200710,2007-10-01,2007,10,25,Paraíba,24.87471,56.06939,PB,Paraiba,Northeast,TRUE,TRUE,mapped
200710,2007-10-01,2007,10,26,Pernambuco,31.77412,74.13493,PE,Pernambuco,Northeast,TRUE,TRUE,mapped
200710,2007-10-01,2007,10,27,Alagoas,28.22984,67.01099,AL,Alagoas,Northeast,TRUE,TRUE,mapped
200710,2007-10-01,2007,10,28,Sergipe,35.22582,85.54032,SE,Sergipe,Northeast,TRUE,TRUE,mapped
200710,2007-10-01,2007,10,29,Bahia,37.3594,82.77374,BA,Bahia,Northeast,TRUE,TRUE,mapped
200710,2007-10-01,2007,10,31,Minas Gerais,26.58535,61.32997,MG,Minas Gerais,Southeast,TRUE,TRUE,mapped
200710,2007-10-01,2007,10,32,Espírito Santo,28.60906,67.49331,ES,Espirito Santo,Southeast,TRUE,TRUE,mapped
200710,2007-10-01,2007,10,33,Rio de Janeiro,33.34242,77.20701,RJ,Rio de Janeiro,Southeast,TRUE,TRUE,mapped
200710,2007-10-01,2007,10,35,São Paulo,25.8155,61.69011,SP,Sao Paulo,Southeast,TRUE,TRUE,mapped
200710,2007-10-01,2007,10,41,Paraná,26.82768,65.60955,PR,Parana,South,TRUE,TRUE,mapped
200710,2007-10-01,2007,10,42,Santa Catarina,21.42707,52.07518,SC,Santa Catarina,South,TRUE,TRUE,mapped
200710,2007-10-01,2007,10,43,Rio Grande do Sul,26.59342,62.87153,RS,Rio Grande do Sul,South,TRUE,TRUE,mapped
200710,2007-10-01,2007,10,50,Mato Grosso do Sul,22.43785,50.46856,MS,Mato Grosso do Sul,Center-West,TRUE,TRUE,mapped
200710,2007-10-01,2007,10,51,Mato Grosso,28.30273,61.55967,MT,Mato Grosso,Center-West,TRUE,TRUE,mapped
200710,2007-10-01,2007,10,52,Goiás,41.03098,88.41064,GO,Goias,Center-West,TRUE,TRUE,mapped
200710,2007-10-01,2007,10,53,Distrito Federal,49.96239,107.01548,DF,Distrito Federal,Center-West,TRUE,TRUE,mapped
200711,2007-11-01,2007,11,11,Rondônia,24.56926,46.01017,RO,Rondonia,North,TRUE,TRUE,mapped
200711,2007-11-01,2007,11,12,Acre,20.09006,41.8576,AC,Acre,North,TRUE,TRUE,mapped
200711,2007-11-01,2007,11,13,Amazonas,34.71496,74.65092,AM,Amazonas,North,TRUE,TRUE,mapped
200711,2007-11-01,2007,11,14,Roraima,16.30864,33.66071,RR,Roraima,North,TRUE,TRUE,mapped
200711,2007-11-01,2007,11,15,Pará,26.41446,58.25996,PA,Para,North,TRUE,TRUE,mapped
200711,2007-11-01,2007,11,16,Amapá,30.67859,62.03973,AP,Amapa,North,TRUE,TRUE,mapped
200711,2007-11-01,2007,11,17,Tocantins,19.21034,41.35706,TO,Tocantins,North,TRUE,TRUE,mapped
200711,2007-11-01,2007,11,21,Maranhão,21.29126,54.19244,MA,Maranhao,Northeast,TRUE,TRUE,mapped
200711,2007-11-01,2007,11,22,Piauí,27.86753,66.83102,PI,Piaui,Northeast,TRUE,TRUE,mapped
200711,2007-11-01,2007,11,23,Ceará,30.51853,71.15316,CE,Ceara,Northeast,TRUE,TRUE,mapped
200711,2007-11-01,2007,11,24,Rio Grande do Norte,29.88381,70.87844,RN,Rio Grande do Norte,Northeast,TRUE,TRUE,mapped
200711,2007-11-01,2007,11,25,Paraíba,25.89453,58.00863,PB,Paraiba,Northeast,TRUE,TRUE,mapped
200711,2007-11-01,2007,11,26,Pernambuco,33.31077,77.15489,PE,Pernambuco,Northeast,TRUE,TRUE,mapped
200711,2007-11-01,2007,11,27,Alagoas,28.89355,68.06215,AL,Alagoas,Northeast,TRUE,TRUE,mapped
200711,2007-11-01,2007,11,28,Sergipe,36.46776,88.58279,SE,Sergipe,Northeast,TRUE,TRUE,mapped
200711,2007-11-01,2007,11,29,Bahia,37.53025,83.22299,BA,Bahia,Northeast,TRUE,TRUE,mapped
200711,2007-11-01,2007,11,31,Minas Gerais,26.42149,60.59791,MG,Minas Gerais,Southeast,TRUE,TRUE,mapped
200711,2007-11-01,2007,11,32,Espírito Santo,28.17885,66.17315,ES,Espirito Santo,Southeast,TRUE,TRUE,mapped
200711,2007-11-01,2007,11,33,Rio de Janeiro,34.4399,79.47781,RJ,Rio de Janeiro,Southeast,TRUE,TRUE,mapped
200711,2007-11-01,2007,11,35,São Paulo,26.87874,64.09251,SP,Sao Paulo,Southeast,TRUE,TRUE,mapped
200711,2007-11-01,2007,11,41,Paraná,26.82768,65.52367,PR,Parana,South,TRUE,TRUE,mapped
200711,2007-11-01,2007,11,42,Santa Catarina,22.11933,53.43485,SC,Santa Catarina,South,TRUE,TRUE,mapped
200711,2007-11-01,2007,11,43,Rio Grande do Sul,26.44015,61.92964,RS,Rio Grande do Sul,South,TRUE,TRUE,mapped
200711,2007-11-01,2007,11,50,Mato Grosso do Sul,22.57551,50.26669,MS,Mato Grosso do Sul,Center-West,TRUE,TRUE,mapped
200711,2007-11-01,2007,11,51,Mato Grosso,27.64959,59.41128,MT,Mato Grosso,Center-West,TRUE,TRUE,mapped
200711,2007-11-01,2007,11,52,Goiás,41.15665,88.41064,GO,Goias,Center-West,TRUE,TRUE,mapped
200711,2007-11-01,2007,11,53,Distrito Federal,52.2056,113.05357,DF,Distrito Federal,Center-West,TRUE,TRUE,mapped
200712,2007-12-01,2007,12,11,Rondônia,36.40088,67.46526,RO,Rondonia,North,TRUE,TRUE,mapped
200712,2007-12-01,2007,12,12,Acre,27.98392,57.6022,AC,Acre,North,TRUE,TRUE,mapped
200712,2007-12-01,2007,12,13,Amazonas,47.41098,100.40718,AM,Amazonas,North,TRUE,TRUE,mapped
200712,2007-12-01,2007,12,14,Roraima,19.8753,40.42383,RR,Roraima,North,TRUE,TRUE,mapped
200712,2007-12-01,2007,12,15,Pará,42.26314,92.20787,PA,Para,North,TRUE,TRUE,mapped
200712,2007-12-01,2007,12,16,Amapá,43.10033,87.0117,AP,Amapa,North,TRUE,TRUE,mapped
200712,2007-12-01,2007,12,17,Tocantins,26.28049,56.5442,TO,Tocantins,North,TRUE,TRUE,mapped
200712,2007-12-01,2007,12,21,Maranhão,30.65208,78.28631,MA,Maranhao,Northeast,TRUE,TRUE,mapped
200712,2007-12-01,2007,12,22,Piauí,39.04125,93.1149,PI,Piaui,Northeast,TRUE,TRUE,mapped
200712,2007-12-01,2007,12,23,Ceará,41.96298,96.49402,CE,Ceara,Northeast,TRUE,TRUE,mapped
200712,2007-12-01,2007,12,24,Rio Grande do Norte,41.33784,96.39828,RN,Rio Grande do Norte,Northeast,TRUE,TRUE,mapped
200712,2007-12-01,2007,12,25,Paraíba,37.91065,83.38741,PB,Paraiba,Northeast,TRUE,TRUE,mapped
200712,2007-12-01,2007,12,26,Pernambuco,46.44672,105.30863,PE,Pernambuco,Northeast,TRUE,TRUE,mapped
200712,2007-12-01,2007,12,27,Alagoas,41.76955,96.96885,AL,Alagoas,Northeast,TRUE,TRUE,mapped
200712,2007-12-01,2007,12,28,Sergipe,51.25809,122.16702,SE,Sergipe,Northeast,TRUE,TRUE,mapped
200712,2007-12-01,2007,12,29,Bahia,52.67903,115.45645,BA,Bahia,Northeast,TRUE,TRUE,mapped
200712,2007-12-01,2007,12,31,Minas Gerais,34.94191,79.14331,MG,Minas Gerais,Southeast,TRUE,TRUE,mapped
200712,2007-12-01,2007,12,32,Espírito Santo,39.49341,91.7513,ES,Espirito Santo,Southeast,TRUE,TRUE,mapped
200712,2007-12-01,2007,12,33,Rio de Janeiro,49.12519,111.57858,RJ,Rio de Janeiro,Southeast,TRUE,TRUE,mapped
200712,2007-12-01,2007,12,35,São Paulo,36.40538,86.65788,SP,Sao Paulo,Southeast,TRUE,TRUE,mapped
200712,2007-12-01,2007,12,41,Paraná,36.27169,88.28091,PR,Parana,South,TRUE,TRUE,mapped
200712,2007-12-01,2007,12,42,Santa Catarina,29.89901,72.26621,SC,Santa Catarina,South,TRUE,TRUE,mapped
200712,2007-12-01,2007,12,43,Rio Grande do Sul,36.36478,84.61362,RS,Rio Grande do Sul,South,TRUE,TRUE,mapped
200712,2007-12-01,2007,12,50,Mato Grosso do Sul,30.28421,65.60913,MS,Mato Grosso do Sul,Center-West,TRUE,TRUE,mapped
200712,2007-12-01,2007,12,51,Mato Grosso,37.66441,79.07732,MT,Mato Grosso,Center-West,TRUE,TRUE,mapped
200712,2007-12-01,2007,12,52,Goiás,54.16341,113.82422,GO,Goias,Center-West,TRUE,TRUE,mapped
200712,2007-12-01,2007,12,53,Distrito Federal,68.17997,145.17106,DF,Distrito Federal,Center-West,TRUE,TRUE,mapped
200801,2008-01-01,2008,1,11,Rondônia,22.11767,40.46284,RO,Rondonia,North,TRUE,TRUE,mapped
200801,2008-01-01,2008,1,12,Acre,19.04253,38.52947,AC,Acre,North,TRUE,TRUE,mapped
200801,2008-01-01,2008,1,13,Amazonas,30.63911,64.34842,AM,Amazonas,North,TRUE,TRUE,mapped
200801,2008-01-01,2008,1,14,Roraima,14.94731,29.84032,RR,Roraima,North,TRUE,TRUE,mapped
200801,2008-01-01,2008,1,15,Pará,27.73519,59.66828,PA,Para,North,TRUE,TRUE,mapped
200801,2008-01-01,2008,1,16,Amapá,29.26402,58.2159,AP,Amapa,North,TRUE,TRUE,mapped
200801,2008-01-01,2008,1,17,Tocantins,20.0476,42.3009,TO,Tocantins,North,TRUE,TRUE,mapped
200801,2008-01-01,2008,1,21,Maranhão,20.92417,52.84138,MA,Maranhao,Northeast,TRUE,TRUE,mapped
200801,2008-01-01,2008,1,22,Piauí,31.38436,74.36633,PI,Piaui,Northeast,TRUE,TRUE,mapped
200801,2008-01-01,2008,1,23,Ceará,31.21213,72.14692,CE,Ceara,Northeast,TRUE,TRUE,mapped
200801,2008-01-01,2008,1,24,Rio Grande do Norte,30.57278,70.69808,RN,Rio Grande do Norte,Northeast,TRUE,TRUE,mapped
200801,2008-01-01,2008,1,25,Paraíba,28.55492,62.56163,PB,Paraiba,Northeast,TRUE,TRUE,mapped
200801,2008-01-01,2008,1,26,Pernambuco,32.6168,74.71944,PE,Pernambuco,Northeast,TRUE,TRUE,mapped
200801,2008-01-01,2008,1,27,Alagoas,29.95549,69.81407,AL,Alagoas,Northeast,TRUE,TRUE,mapped
200801,2008-01-01,2008,1,28,Sergipe,37.8226,90.10403,SE,Sergipe,Northeast,TRUE,TRUE,mapped
200801,2008-01-01,2008,1,29,Bahia,38.95401,85.13229,BA,Bahia,Northeast,TRUE,TRUE,mapped
200801,2008-01-01,2008,1,31,Minas Gerais,26.54439,59.86586,MG,Minas Gerais,Southeast,TRUE,TRUE,mapped
200801,2008-01-01,2008,1,32,Espírito Santo,29.68459,68.81348,ES,Espirito Santo,Southeast,TRUE,TRUE,mapped
200801,2008-01-01,2008,1,33,Rio de Janeiro,34.38764,78.65206,RJ,Rio de Janeiro,Southeast,TRUE,TRUE,mapped
200801,2008-01-01,2008,1,35,São Paulo,26.36838,61.69011,SP,Sao Paulo,Southeast,TRUE,TRUE,mapped
200801,2008-01-01,2008,1,41,Paraná,27.37092,66.46831,PR,Parana,South,TRUE,TRUE,mapped
200801,2008-01-01,2008,1,42,Santa Catarina,23.14124,55.74628,SC,Santa Catarina,South,TRUE,TRUE,mapped
200801,2008-01-01,2008,1,43,Rio Grande do Sul,25.63544,60.12434,RS,Rio Grande do Sul,South,TRUE,TRUE,mapped
200801,2008-01-01,2008,1,50,Mato Grosso do Sul,22.64433,49.45919,MS,Mato Grosso do Sul,Center-West,TRUE,TRUE,mapped
200801,2008-01-01,2008,1,51,Mato Grosso,25.29829,53.62715,MT,Mato Grosso,Center-West,TRUE,TRUE,mapped
200801,2008-01-01,2008,1,52,Goiás,42.09917,88.88789,GO,Goias,Center-West,TRUE,TRUE,mapped
200801,2008-01-01,2008,1,53,Distrito Federal,50.64215,108.17171,DF,Distrito Federal,Center-West,TRUE,TRUE,mapped
200802,2008-02-01,2008,2,11,Rondônia,22.49073,41.19705,RO,Rondonia,North,TRUE,TRUE,mapped
200802,2008-02-01,2008,2,12,Acre,18.51877,37.24942,AC,Acre,North,TRUE,TRUE,mapped
200802,2008-02-01,2008,2,13,Amazonas,28.95256,60.37942,AM,Amazonas,North,TRUE,TRUE,mapped
200802,2008-02-01,2008,2,14,Roraima,14.15775,28.13664,RR,Roraima,North,TRUE,TRUE,mapped
200802,2008-02-01,2008,2,15,Pará,22.57236,48.3276,PA,Para,North,TRUE,TRUE,mapped
200802,2008-02-01,2008,2,16,Amapá,25.9044,51.11449,AP,Amapa,North,TRUE,TRUE,mapped
200802,2008-02-01,2008,2,17,Tocantins,18.32658,38.26815,TO,Tocantins,North,TRUE,TRUE,mapped
200802,2008-02-01,2008,2,21,Maranhão,18.79505,46.76162,MA,Maranhao,Northeast,TRUE,TRUE,mapped
200802,2008-02-01,2008,2,22,Piauí,26.13138,61.62807,PI,Piaui,Northeast,TRUE,TRUE,mapped
200802,2008-02-01,2008,2,23,Ceará,26.40646,60.61931,CE,Ceara,Northeast,TRUE,TRUE,mapped
200802,2008-02-01,2008,2,24,Rio Grande do Norte,27.5155,63.75452,RN,Rio Grande do Norte,Northeast,TRUE,TRUE,mapped
200802,2008-02-01,2008,2,25,Paraíba,23.18979,51.0105,PB,Paraiba,Northeast,TRUE,TRUE,mapped
200802,2008-02-01,2008,2,26,Pernambuco,29.54348,67.02344,PE,Pernambuco,Northeast,TRUE,TRUE,mapped
200802,2008-02-01,2008,2,27,Alagoas,25.61925,59.56533,AL,Alagoas,Northeast,TRUE,TRUE,mapped
200802,2008-02-01,2008,2,28,Sergipe,33.64518,79.92344,SE,Sergipe,Northeast,TRUE,TRUE,mapped
200802,2008-02-01,2008,2,29,Bahia,34.91053,76.93353,BA,Bahia,Northeast,TRUE,TRUE,mapped
200802,2008-02-01,2008,2,31,Minas Gerais,24.86488,55.71754,MG,Minas Gerais,Southeast,TRUE,TRUE,mapped
200802,2008-02-01,2008,2,32,Espírito Santo,28.00676,64.687970000000007,ES,Espirito Santo,Southeast,TRUE,TRUE,mapped
200802,2008-02-01,2008,2,33,Rio de Janeiro,31.77459,72.35577,RJ,Rio de Janeiro,Southeast,TRUE,TRUE,mapped
200802,2008-02-01,2008,2,35,São Paulo,25.00744,58.85872,SP,Sao Paulo,Southeast,TRUE,TRUE,mapped
200802,2008-02-01,2008,2,41,Paraná,24.73829,60.19934,PR,Parana,South,TRUE,TRUE,mapped
200802,2008-02-01,2008,2,42,Santa Catarina,21.42707,52.07518,SC,Santa Catarina,South,TRUE,TRUE,mapped
200802,2008-02-01,2008,2,43,Rio Grande do Sul,24.3326,57.29865,RS,Rio Grande do Sul,South,TRUE,TRUE,mapped
200802,2008-02-01,2008,2,50,Mato Grosso do Sul,21.54309,47.30586,MS,Mato Grosso do Sul,Center-West,TRUE,TRUE,mapped
200802,2008-02-01,2008,2,51,Mato Grosso,26.16914,55.1145,MT,Mato Grosso,Center-West,TRUE,TRUE,mapped
200802,2008-02-01,2008,2,52,Goiás,38.07775,79.93944,GO,Goias,Center-West,TRUE,TRUE,mapped
200802,2008-02-01,2008,2,53,Distrito Federal,48.26299,102.77597,DF,Distrito Federal,Center-West,TRUE,TRUE,mapped
200803,2008-03-01,2008,3,11,Rondônia,25.79506,46.9891,RO,Rondonia,North,TRUE,TRUE,mapped
200803,2008-03-01,2008,3,12,Acre,21.811,43.58566,AC,Acre,North,TRUE,TRUE,mapped
200803,2008-03-01,2008,3,13,Amazonas,31.57609,65.44623,AM,Amazonas,North,TRUE,TRUE,mapped
200803,2008-03-01,2008,3,14,Roraima,16.11805,31.85377,RR,Roraima,North,TRUE,TRUE,mapped
200803,2008-03-01,2008,3,15,Pará,25.33387,53.73851,PA,Para,North,TRUE,TRUE,mapped
200803,2008-03-01,2008,3,16,Amapá,28.42411,55.7187,AP,Amapa,North,TRUE,TRUE,mapped
200803,2008-03-01,2008,3,17,Tocantins,19.90806,41.61447,TO,Tocantins,North,TRUE,TRUE,mapped
200803,2008-03-01,2008,3,21,Maranhão,20.74063,51.64044,MA,Maranhao,Northeast,TRUE,TRUE,mapped
200803,2008-03-01,2008,3,22,Piauí,28.09012,66.02367,PI,Piaui,Northeast,TRUE,TRUE,mapped
200803,2008-03-01,2008,3,23,Ceará,28.88361,65.78686,CE,Ceara,Northeast,TRUE,TRUE,mapped
200803,2008-03-01,2008,3,24,Rio Grande do Norte,30.57278,71.23914,RN,Rio Grande do Norte,Northeast,TRUE,TRUE,mapped
200803,2008-03-01,2008,3,25,Paraíba,25.62849,56.23802,PB,Paraiba,Northeast,TRUE,TRUE,mapped
200803,2008-03-01,2008,3,26,Pernambuco,33.16207,75.30395,PE,Pernambuco,Northeast,TRUE,TRUE,mapped
200803,2008-03-01,2008,3,27,Alagoas,29.46877,68.41253,AL,Alagoas,Northeast,TRUE,TRUE,mapped
200803,2008-03-01,2008,3,28,Sergipe,36.80647,87.52963,SE,Sergipe,Northeast,TRUE,TRUE,mapped
200803,2008-03-01,2008,3,29,Bahia,39.52351,87.1539,BA,Bahia,Northeast,TRUE,TRUE,mapped
200803,2008-03-01,2008,3,31,Minas Gerais,27.48655,61.24863,MG,Minas Gerais,Southeast,TRUE,TRUE,mapped
200803,2008-03-01,2008,3,32,Espírito Santo,31.06126,71.53631,ES,Espirito Santo,Southeast,TRUE,TRUE,mapped
200803,2008-03-01,2008,3,33,Rio de Janeiro,35.79868,81.23251,RJ,Rio de Janeiro,Southeast,TRUE,TRUE,mapped
200803,2008-03-01,2008,3,35,São Paulo,28.57993,67.1813,SP,Sao Paulo,Southeast,TRUE,TRUE,mapped
200803,2008-03-01,2008,3,41,Paraná,29.126,69.81749,PR,Parana,South,TRUE,TRUE,mapped
200803,2008-03-01,2008,3,42,Santa Catarina,22.94345,54.65855,SC,Santa Catarina,South,TRUE,TRUE,mapped
200803,2008-03-01,2008,3,43,Rio Grande do Sul,27.58972,63.89192,RS,Rio Grande do Sul,South,TRUE,TRUE,mapped
200803,2008-03-01,2008,3,50,Mato Grosso do Sul,23.2982,51.07418,MS,Mato Grosso do Sul,Center-West,TRUE,TRUE,mapped
200803,2008-03-01,2008,3,51,Mato Grosso,29.73964,62.79913,MT,Mato Grosso,Center-West,TRUE,TRUE,mapped
200803,2008-03-01,2008,3,52,Goiás,43.16735,90.55827,GO,Goias,Center-West,TRUE,TRUE,mapped
200803,2008-03-01,2008,3,53,Distrito Federal,52.95334,113.31051,DF,Distrito Federal,Center-West,TRUE,TRUE,mapped
200804,2008-04-01,2008,4,11,Rondônia,24.56926,44.62333,RO,Rondonia,North,TRUE,TRUE,mapped
200804,2008-04-01,2008,4,12,Acre,21.13759,42.11361,AC,Acre,North,TRUE,TRUE,mapped
200804,2008-04-01,2008,4,13,Amazonas,30.9202,63.75729,AM,Amazonas,North,TRUE,TRUE,mapped
200804,2008-04-01,2008,4,14,Roraima,16.19973,32.06028,RR,Roraima,North,TRUE,TRUE,mapped
200804,2008-04-01,2008,4,15,Pará,25.17378,52.84904,PA,Para,North,TRUE,TRUE,mapped
200804,2008-04-01,2008,4,16,Amapá,30.32495,58.45001,AP,Amapa,North,TRUE,TRUE,mapped
200804,2008-04-01,2008,4,17,Tocantins,20.14063,42.64411,TO,Tocantins,North,TRUE,TRUE,mapped
200804,2008-04-01,2008,4,21,Maranhão,20.96088,52.31597,MA,Maranhao,Northeast,TRUE,TRUE,mapped
200804,2008-04-01,2008,4,22,Piauí,27.60043,65.30602,PI,Piaui,Northeast,TRUE,TRUE,mapped
200804,2008-04-01,2008,4,23,Ceará,29.08178,66.88,CE,Ceara,Northeast,TRUE,TRUE,mapped
200804,2008-04-01,2008,4,24,Rio Grande do Norte,29.45321,69.07491,RN,Rio Grande do Norte,Northeast,TRUE,TRUE,mapped
200804,2008-04-01,2008,4,25,Paraíba,25.05207,54.21446,PB,Paraiba,Northeast,TRUE,TRUE,mapped
200804,2008-04-01,2008,4,26,Pernambuco,31.37756,70.14081,PE,Pernambuco,Northeast,TRUE,TRUE,mapped
200804,2008-04-01,2008,4,27,Alagoas,27.30065,62.456,AL,Alagoas,Northeast,TRUE,TRUE,mapped
200804,2008-04-01,2008,4,28,Sergipe,35.28227,82.61486,SE,Sergipe,Northeast,TRUE,TRUE,mapped
200804,2008-04-01,2008,4,29,Bahia,37.75805,80.86444,BA,Bahia,Northeast,TRUE,TRUE,mapped
200804,2008-04-01,2008,4,31,Minas Gerais,26.83113,59.78452,MG,Minas Gerais,Southeast,TRUE,TRUE,mapped
200804,2008-04-01,2008,4,32,Espírito Santo,29.81365,67.90586,ES,Espirito Santo,Southeast,TRUE,TRUE,mapped
200804,2008-04-01,2008,4,33,Rio de Janeiro,33.91729,76.38127,RJ,Rio de Janeiro,Southeast,TRUE,TRUE,mapped
200804,2008-04-01,2008,4,35,São Paulo,27.17645,63.32031,SP,Sao Paulo,Southeast,TRUE,TRUE,mapped
200804,2008-04-01,2008,4,41,Paraná,27.78879,65.86718,PR,Parana,South,TRUE,TRUE,mapped
200804,2008-04-01,2008,4,42,Santa Catarina,21.88858,51.73527,SC,Santa Catarina,South,TRUE,TRUE,mapped
200804,2008-04-01,2008,4,43,Rio Grande do Sul,27.58972,63.1855,RS,Rio Grande do Sul,South,TRUE,TRUE,mapped
200804,2008-04-01,2008,4,50,Mato Grosso do Sul,23.33261,51.94897,MS,Mato Grosso do Sul,Center-West,TRUE,TRUE,mapped
200804,2008-04-01,2008,4,51,Mato Grosso,28.43336,60.73337,MT,Mato Grosso,Center-West,TRUE,TRUE,mapped
200804,2008-04-01,2008,4,52,Goiás,41.72216,88.41064,GO,Goias,Center-West,TRUE,TRUE,mapped
200804,2008-04-01,2008,4,53,Distrito Federal,51.25393,108.68559,DF,Distrito Federal,Center-West,TRUE,TRUE,mapped
200805,2008-05-01,2008,5,11,Rondônia,30.21859,54.657470000000004,RO,Rondonia,North,TRUE,TRUE,mapped
200805,2008-05-01,2008,5,12,Acre,22.97076,45.76175,AC,Acre,North,TRUE,TRUE,mapped
200805,2008-05-01,2008,5,13,Amazonas,34.9492,72.03307,AM,Amazonas,North,TRUE,TRUE,mapped
200805,2008-05-01,2008,5,14,Roraima,18.75902,37.32622,RR,Roraima,North,TRUE,TRUE,mapped
200805,2008-05-01,2008,5,15,Pará,28.45558,60.03889,PA,Para,North,TRUE,TRUE,mapped
200805,2008-05-01,2008,5,16,Amapá,34.43606,66.95609,AP,Amapa,North,TRUE,TRUE,mapped
200805,2008-05-01,2008,5,17,Tocantins,21.90816,46.07623,TO,Tocantins,North,TRUE,TRUE,mapped
200805,2008-05-01,2008,5,21,Maranhão,22.72292,56.44421,MA,Maranhao,Northeast,TRUE,TRUE,mapped
200805,2008-05-01,2008,5,22,Piauí,30.89468,72.3928,PI,Piaui,Northeast,TRUE,TRUE,mapped
200805,2008-05-01,2008,5,23,Ceará,32.50025,74.53194,CE,Ceara,Northeast,TRUE,TRUE,mapped
200805,2008-05-01,2008,5,24,Rio Grande do Norte,32.166,75.02654,RN,Rio Grande do Norte,Northeast,TRUE,TRUE,mapped
200805,2008-05-01,2008,5,25,Paraíba,28.68794,62.05574,PB,Paraiba,Northeast,TRUE,TRUE,mapped
200805,2008-05-01,2008,5,26,Pernambuco,35.14485,78.03165,PE,Pernambuco,Northeast,TRUE,TRUE,mapped
200805,2008-05-01,2008,5,27,Alagoas,31.06168,70.69003,AL,Alagoas,Northeast,TRUE,TRUE,mapped
200805,2008-05-01,2008,5,28,Sergipe,38.61292,89.86999,SE,Sergipe,Northeast,TRUE,TRUE,mapped
200805,2008-05-01,2008,5,29,Bahia,41.74457,88.95089,BA,Bahia,Northeast,TRUE,TRUE,mapped
200805,2008-05-01,2008,5,31,Minas Gerais,29.24798,64.33953,MG,Minas Gerais,Southeast,TRUE,TRUE,mapped
200805,2008-05-01,2008,5,32,Espírito Santo,32.43794,72.69145,ES,Espirito Santo,Southeast,TRUE,TRUE,mapped
200805,2008-05-01,2008,5,33,Rio de Janeiro,37.41876,83.09043,RJ,Rio de Janeiro,Southeast,TRUE,TRUE,mapped
200805,2008-05-01,2008,5,35,São Paulo,30.4087,69.8411,SP,Sao Paulo,Southeast,TRUE,TRUE,mapped
200805,2008-05-01,2008,5,41,Paraná,29.96175,69.90337,PR,Parana,South,TRUE,TRUE,mapped
200805,2008-05-01,2008,5,42,Santa Catarina,23.56978,54.8625,SC,Santa Catarina,South,TRUE,TRUE,mapped
200805,2008-05-01,2008,5,43,Rio Grande do Sul,30.08045,67.97347,RS,Rio Grande do Sul,South,TRUE,TRUE,mapped
200805,2008-05-01,2008,5,50,Mato Grosso do Sul,25.08772,55.24625,MS,Mato Grosso do Sul,Center-West,TRUE,TRUE,mapped
200805,2008-05-01,2008,5,51,Mato Grosso,31.26363,65.93908,MT,Mato Grosso,Center-West,TRUE,TRUE,mapped
200805,2008-05-01,2008,5,52,Goiás,46.30908,96.76252,GO,Goias,Center-West,TRUE,TRUE,mapped
200805,2008-05-01,2008,5,53,Distrito Federal,55.6044,116.90767,DF,Distrito Federal,Center-West,TRUE,TRUE,mapped
200806,2008-06-01,2008,6,11,Rondônia,26.4879,47.72331,RO,Rondonia,North,TRUE,TRUE,mapped
200806,2008-06-01,2008,6,12,Acre,21.77359,43.07364,AC,Acre,North,TRUE,TRUE,mapped
200806,2008-06-01,2008,6,13,Amazonas,32.79416,67.13516,AM,Amazonas,North,TRUE,TRUE,mapped
200806,2008-06-01,2008,6,14,Roraima,17.88777,35.41602,RR,Roraima,North,TRUE,TRUE,mapped
200806,2008-06-01,2008,6,15,Pará,26.45449,55.59156,PA,Para,North,TRUE,TRUE,mapped
200806,2008-06-01,2008,6,16,Amapá,31.47429,61.02524,AP,Amapa,North,TRUE,TRUE,mapped
200806,2008-06-01,2008,6,17,Tocantins,21.53605,44.61758,TO,Tocantins,North,TRUE,TRUE,mapped
200806,2008-06-01,2008,6,21,Maranhão,21.4381,52.54115,MA,Maranhao,Northeast,TRUE,TRUE,mapped
200806,2008-06-01,2008,6,22,Piauí,29.29207,67.9075,PI,Piaui,Northeast,TRUE,TRUE,mapped
200806,2008-06-01,2008,6,23,Ceará,30.56807,69.36439,CE,Ceara,Northeast,TRUE,TRUE,mapped
200806,2008-06-01,2008,6,24,Rio Grande do Norte,30.70196,70.60791,RN,Rio Grande do Norte,Northeast,TRUE,TRUE,mapped
200806,2008-06-01,2008,6,25,Paraíba,26.73699,56.49096,PB,Paraiba,Northeast,TRUE,TRUE,mapped
200806,2008-06-01,2008,6,26,Pernambuco,32.86465,71.40724,PE,Pernambuco,Northeast,TRUE,TRUE,mapped
200806,2008-06-01,2008,6,27,Alagoas,28.27409,62.80638,AL,Alagoas,Northeast,TRUE,TRUE,mapped
200806,2008-06-01,2008,6,28,Sergipe,37.08873,84.48716,SE,Sergipe,Northeast,TRUE,TRUE,mapped
200806,2008-06-01,2008,6,29,Bahia,40.43471,84.68304,BA,Bahia,Northeast,TRUE,TRUE,mapped
200806,2008-06-01,2008,6,31,Minas Gerais,27.85522,60.51657,MG,Minas Gerais,Southeast,TRUE,TRUE,mapped
200806,2008-06-01,2008,6,32,Espírito Santo,29.64157,66.09064,ES,Espirito Santo,Southeast,TRUE,TRUE,mapped
200806,2008-06-01,2008,6,33,Rio de Janeiro,35.32833,77.92954,RJ,Rio de Janeiro,Southeast,TRUE,TRUE,mapped
200806,2008-06-01,2008,6,35,São Paulo,28.70752,65.03631,SP,Sao Paulo,Southeast,TRUE,TRUE,mapped
200806,2008-06-01,2008,6,41,Paraná,28.08131,64.75079,PR,Parana,South,TRUE,TRUE,mapped
200806,2008-06-01,2008,6,42,Santa Catarina,21.95451,50.64753,SC,Santa Catarina,South,TRUE,TRUE,mapped
200806,2008-06-01,2008,6,43,Rio Grande do Sul,28.20282,63.26399,RS,Rio Grande do Sul,South,TRUE,TRUE,mapped
200806,2008-06-01,2008,6,50,Mato Grosso do Sul,23.22937,50.9396,MS,Mato Grosso do Sul,Center-West,TRUE,TRUE,mapped
200806,2008-06-01,2008,6,51,Mato Grosso,30.04444,62.96439,MT,Mato Grosso,Center-West,TRUE,TRUE,mapped
200806,2008-06-01,2008,6,52,Goiás,43.92137,91.15483,GO,Goias,Center-West,TRUE,TRUE,mapped
200806,2008-06-01,2008,6,53,Distrito Federal,52.2056,107.14395,DF,Distrito Federal,Center-West,TRUE,TRUE,mapped
200807,2008-07-01,2008,7,11,Rondônia,29.15268,51.96538,RO,Rondonia,North,TRUE,TRUE,mapped
200807,2008-07-01,2008,7,12,Acre,23.90605,46.78579,AC,Acre,North,TRUE,TRUE,mapped
200807,2008-07-01,2008,7,13,Amazonas,35.0429,71.52639,AM,Amazonas,North,TRUE,TRUE,mapped
200807,2008-07-01,2008,7,14,Roraima,18.26894,36.19043,RR,Roraima,North,TRUE,TRUE,mapped
200807,2008-07-01,2008,7,15,Pará,27.9353,58.55645,PA,Para,North,TRUE,TRUE,mapped
200807,2008-07-01,2008,7,16,Amapá,36.51371,71.48225,AP,Amapa,North,TRUE,TRUE,mapped
200807,2008-07-01,2008,7,17,Tocantins,21.95468,45.47561,TO,Tocantins,North,TRUE,TRUE,mapped
200807,2008-07-01,2008,7,21,Maranhão,23.89761,58.17056,MA,Maranhao,Northeast,TRUE,TRUE,mapped
200807,2008-07-01,2008,7,22,Piauí,31.91856,73.20015,PI,Piaui,Northeast,TRUE,TRUE,mapped
200807,2008-07-01,2008,7,23,Ceará,32.94614,74.03506,CE,Ceara,Northeast,TRUE,TRUE,mapped
200807,2008-07-01,2008,7,24,Rio Grande do Norte,32.12294,73.04266,RN,Rio Grande do Norte,Northeast,TRUE,TRUE,mapped
200807,2008-07-01,2008,7,25,Paraíba,28.33322,60.70671,PB,Paraiba,Northeast,TRUE,TRUE,mapped
200807,2008-07-01,2008,7,26,Pernambuco,34.45088,75.69362,PE,Pernambuco,Northeast,TRUE,TRUE,mapped
200807,2008-07-01,2008,7,27,Alagoas,29.99974,67.18619,AL,Alagoas,Northeast,TRUE,TRUE,mapped
200807,2008-07-01,2008,7,28,Sergipe,37.08873,85.07225,SE,Sergipe,Northeast,TRUE,TRUE,mapped
200807,2008-07-01,2008,7,29,Bahia,40.49166,85.01998,BA,Bahia,Northeast,TRUE,TRUE,mapped
200807,2008-07-01,2008,7,31,Minas Gerais,29.32991,63.36345,MG,Minas Gerais,Southeast,TRUE,TRUE,mapped
200807,2008-07-01,2008,7,32,Espírito Santo,31.49148,70.13364,ES,Espirito Santo,Southeast,TRUE,TRUE,mapped
200807,2008-07-01,2008,7,33,Rio de Janeiro,36.94842,81.33573,RJ,Rio de Janeiro,Southeast,TRUE,TRUE,mapped
200807,2008-07-01,2008,7,35,São Paulo,29.34546,65.89431,SP,Sao Paulo,Southeast,TRUE,TRUE,mapped
200807,2008-07-01,2008,7,41,Paraná,30.00354,69.13048,PR,Parana,South,TRUE,TRUE,mapped
200807,2008-07-01,2008,7,42,Santa Catarina,23.37199,53.77476,SC,Santa Catarina,South,TRUE,TRUE,mapped
200807,2008-07-01,2008,7,43,Rio Grande do Sul,28.39442,63.42097,RS,Rio Grande do Sul,South,TRUE,TRUE,mapped
200807,2008-07-01,2008,7,50,Mato Grosso do Sul,25.50068,56.12104,MS,Mato Grosso do Sul,Center-West,TRUE,TRUE,mapped
200807,2008-07-01,2008,7,51,Mato Grosso,33.04888,69.07904,MT,Mato Grosso,Center-West,TRUE,TRUE,mapped
200807,2008-07-01,2008,7,52,Goiás,46.30908,95.80802,GO,Goias,Center-West,TRUE,TRUE,mapped
200807,2008-07-01,2008,7,53,Distrito Federal,53.15726,108.81406,DF,Distrito Federal,Center-West,TRUE,TRUE,mapped
200808,2008-08-01,2008,8,11,Rondônia,30.80484,55.14694,RO,Rondonia,North,TRUE,TRUE,mapped
200808,2008-08-01,2008,8,12,Acre,23.68158,46.27377,AC,Acre,North,TRUE,TRUE,mapped
200808,2008-08-01,2008,8,13,Amazonas,35.08975,71.27305,AM,Amazonas,North,TRUE,TRUE,mapped
200808,2008-08-01,2008,8,14,Roraima,18.9496,37.37784,RR,Roraima,North,TRUE,TRUE,mapped
200808,2008-08-01,2008,8,15,Pará,27.85525,57.96347,PA,Para,North,TRUE,TRUE,mapped
200808,2008-08-01,2008,8,16,Amapá,34.96652,67.58038,AP,Amapa,North,TRUE,TRUE,mapped
200808,2008-08-01,2008,8,17,Tocantins,22.93148,47.19167,TO,Tocantins,North,TRUE,TRUE,mapped
200808,2008-08-01,2008,8,21,Maranhão,23.75077,57.7202,MA,Maranhao,Northeast,TRUE,TRUE,mapped
200808,2008-08-01,2008,8,22,Piauí,31.11726,71.13691,PI,Piaui,Northeast,TRUE,TRUE,mapped
200808,2008-08-01,2008,8,23,Ceará,33.34249,74.92944,CE,Ceara,Northeast,TRUE,TRUE,mapped
200808,2008-08-01,2008,8,24,Rio Grande do Norte,32.89803,75.02654,RN,Rio Grande do Norte,Northeast,TRUE,TRUE,mapped
200808,2008-08-01,2008,8,25,Paraíba,31.57004,66.44012,PB,Paraiba,Northeast,TRUE,TRUE,mapped
200808,2008-08-01,2008,8,26,Pernambuco,35.29356,77.34972,PE,Pernambuco,Northeast,TRUE,TRUE,mapped
200808,2008-08-01,2008,8,27,Alagoas,30.48646,68.14974,AL,Alagoas,Northeast,TRUE,TRUE,mapped
200808,2008-08-01,2008,8,28,Sergipe,38.50002,88.46578,SE,Sergipe,Northeast,TRUE,TRUE,mapped
200808,2008-08-01,2008,8,29,Bahia,42.25712,89.40013,BA,Bahia,Northeast,TRUE,TRUE,mapped
200808,2008-08-01,2008,8,31,Minas Gerais,29.9034,64.42087,MG,Minas Gerais,Southeast,TRUE,TRUE,mapped
200808,2008-08-01,2008,8,32,Espírito Santo,31.70658,70.6287,ES,Espirito Santo,Southeast,TRUE,TRUE,mapped
200808,2008-08-01,2008,8,33,Rio de Janeiro,37.05294,81.43895,RJ,Rio de Janeiro,Southeast,TRUE,TRUE,mapped
200808,2008-08-01,2008,8,35,São Paulo,30.74894,68.9831,SP,Sao Paulo,Southeast,TRUE,TRUE,mapped
200808,2008-08-01,2008,8,41,Paraná,30.63035,71.36327,PR,Parana,South,TRUE,TRUE,mapped
200808,2008-08-01,2008,8,42,Santa Catarina,23.89943,55.61031,SC,Santa Catarina,South,TRUE,TRUE,mapped
200808,2008-08-01,2008,8,43,Rio Grande do Sul,29.12248,65.06929,RS,Rio Grande do Sul,South,TRUE,TRUE,mapped
200808,2008-08-01,2008,8,50,Mato Grosso do Sul,25.87924,55.98646,MS,Mato Grosso do Sul,Center-West,TRUE,TRUE,mapped
200808,2008-08-01,2008,8,51,Mato Grosso,32.39574,67.17854,MT,Mato Grosso,Center-West,TRUE,TRUE,mapped
200808,2008-08-01,2008,8,52,Goiás,46.68609,96.28527,GO,Goias,Center-West,TRUE,TRUE,mapped
200808,2008-08-01,2008,8,53,Distrito Federal,53.70107,110.61264,DF,Distrito Federal,Center-West,TRUE,TRUE,mapped
200809,2008-09-01,2008,9,11,Rondônia,29.41916,52.04696,RO,Rondonia,North,TRUE,TRUE,mapped
200809,2008-09-01,2008,9,12,Acre,23.34487,45.12172,AC,Acre,North,TRUE,TRUE,mapped
200809,2008-09-01,2008,9,13,Amazonas,33.45004,67.30406,AM,Amazonas,North,TRUE,TRUE,mapped
200809,2008-09-01,2008,9,14,Roraima,18.16003,35.20951,RR,Roraima,North,TRUE,TRUE,mapped
200809,2008-09-01,2008,9,15,Pará,27.33497,56.92576,PA,Para,North,TRUE,TRUE,mapped
200809,2008-09-01,2008,9,16,Amapá,33.90559,64.45889,AP,Amapa,North,TRUE,TRUE,mapped
200809,2008-09-01,2008,9,17,Tocantins,23.07102,47.02006,TO,Tocantins,North,TRUE,TRUE,mapped
200809,2008-09-01,2008,9,21,Maranhão,23.53052,56.89456,MA,Maranhao,Northeast,TRUE,TRUE,mapped
200809,2008-09-01,2008,9,22,Piauí,31.38436,72.12368,PI,Piaui,Northeast,TRUE,TRUE,mapped
200809,2008-09-01,2008,9,23,Ceará,32.59934,73.33943,CE,Ceara,Northeast,TRUE,TRUE,mapped
200809,2008-09-01,2008,9,24,Rio Grande do Norte,31.39092,71.69002,RN,Rio Grande do Norte,Northeast,TRUE,TRUE,mapped
200809,2008-09-01,2008,9,25,Paraíba,31.43702,66.18717,PB,Paraiba,Northeast,TRUE,TRUE,mapped
200809,2008-09-01,2008,9,26,Pernambuco,34.15346,75.30395,PE,Pernambuco,Northeast,TRUE,TRUE,mapped
200809,2008-09-01,2008,9,27,Alagoas,29.60151,66.57301,AL,Alagoas,Northeast,TRUE,TRUE,mapped
200809,2008-09-01,2008,9,28,Sergipe,39.34679,90.68912,SE,Sergipe,Northeast,TRUE,TRUE,mapped
200809,2008-09-01,2008,9,29,Bahia,41.34592,87.04159,BA,Bahia,Northeast,TRUE,TRUE,mapped
200809,2008-09-01,2008,9,31,Minas Gerais,28.96124,62.55006,MG,Minas Gerais,Southeast,TRUE,TRUE,mapped
200809,2008-09-01,2008,9,32,Espírito Santo,30.7171,68.73097,ES,Espirito Santo,Southeast,TRUE,TRUE,mapped
200809,2008-09-01,2008,9,33,Rio de Janeiro,35.6419,78.96172,RJ,Rio de Janeiro,Southeast,TRUE,TRUE,mapped
200809,2008-09-01,2008,9,35,São Paulo,29.72823,67.1813,SP,Sao Paulo,Southeast,TRUE,TRUE,mapped
200809,2008-09-01,2008,9,41,Paraná,29.75281,68.95873,PR,Parana,South,TRUE,TRUE,mapped
200809,2008-09-01,2008,9,42,Santa Catarina,23.10828,53.57081,SC,Santa Catarina,South,TRUE,TRUE,mapped
200809,2008-09-01,2008,9,43,Rio Grande do Sul,27.74299,61.69416,RS,Rio Grande do Sul,South,TRUE,TRUE,mapped
200809,2008-09-01,2008,9,50,Mato Grosso do Sul,25.43186,54.30417,MS,Mato Grosso do Sul,Center-West,TRUE,TRUE,mapped
200809,2008-09-01,2008,9,51,Mato Grosso,31.61198,64.86489,MT,Mato Grosso,Center-West,TRUE,TRUE,mapped
200809,2008-09-01,2008,9,52,Goiás,45.11523,92.46727,GO,Goias,Center-West,TRUE,TRUE,mapped
200809,2008-09-01,2008,9,53,Distrito Federal,51.18596,108.94253,DF,Distrito Federal,Center-West,TRUE,TRUE,mapped
200810,2008-10-01,2008,10,11,Rondônia,30.75155,53.43379,RO,Rondonia,North,TRUE,TRUE,mapped
200810,2008-10-01,2008,10,12,Acre,24.76652,47.42581,AC,Acre,North,TRUE,TRUE,mapped
200810,2008-10-01,2008,10,13,Amazonas,35.83933,71.61084,AM,Amazonas,North,TRUE,TRUE,mapped
200810,2008-10-01,2008,10,14,Roraima,19.49413,37.73923,RR,Roraima,North,TRUE,TRUE,mapped
200810,2008-10-01,2008,10,15,Pará,28.97587,59.96476,PA,Para,North,TRUE,TRUE,mapped
200810,2008-10-01,2008,10,16,Amapá,35.80643,67.65842,AP,Amapa,North,TRUE,TRUE,mapped
200810,2008-10-01,2008,10,17,Tocantins,23.30359,47.27747,TO,Tocantins,North,TRUE,TRUE,mapped
200810,2008-10-01,2008,10,21,Maranhão,24.11786,58.24562,MA,Maranhao,Northeast,TRUE,TRUE,mapped
200810,2008-10-01,2008,10,22,Piauí,31.7405,71.85456,PI,Piaui,Northeast,TRUE,TRUE,mapped
200810,2008-10-01,2008,10,23,Ceará,33.63974,74.92944,CE,Ceara,Northeast,TRUE,TRUE,mapped
200810,2008-10-01,2008,10,24,Rio Grande do Norte,32.94109,74.30513,RN,Rio Grande do Norte,Northeast,TRUE,TRUE,mapped
200810,2008-10-01,2008,10,25,Paraíba,28.24454,59.77924,PB,Paraiba,Northeast,TRUE,TRUE,mapped
200810,2008-10-01,2008,10,26,Pernambuco,36.38409,79.59033,PE,Pernambuco,Northeast,TRUE,TRUE,mapped
200810,2008-10-01,2008,10,27,Alagoas,32.47759,72.26676,AL,Alagoas,Northeast,TRUE,TRUE,mapped
200810,2008-10-01,2008,10,28,Sergipe,41.66131,95.83792,SE,Sergipe,Northeast,TRUE,TRUE,mapped
200810,2008-10-01,2008,10,29,Bahia,43.79478,91.87099,BA,Bahia,Northeast,TRUE,TRUE,mapped
200810,2008-10-01,2008,10,31,Minas Gerais,30.59978,65.96632,MG,Minas Gerais,Southeast,TRUE,TRUE,mapped
200810,2008-10-01,2008,10,32,Espírito Santo,32.61003,72.11388,ES,Espirito Santo,Southeast,TRUE,TRUE,mapped
200810,2008-10-01,2008,10,33,Rio de Janeiro,38.09816,83.91618,RJ,Rio de Janeiro,Southeast,TRUE,TRUE,mapped
200810,2008-10-01,2008,10,35,São Paulo,31.25929,70.3559,SP,Sao Paulo,Southeast,TRUE,TRUE,mapped
200810,2008-10-01,2008,10,41,Paraná,30.54678,70.84801,PR,Parana,South,TRUE,TRUE,mapped
200810,2008-10-01,2008,10,42,Santa Catarina,23.96536,55.40636,SC,Santa Catarina,South,TRUE,TRUE,mapped
200810,2008-10-01,2008,10,43,Rio Grande do Sul,29.27575,64.83381,RS,Rio Grande do Sul,South,TRUE,TRUE,mapped
200810,2008-10-01,2008,10,50,Mato Grosso do Sul,27.11814,57.46687,MS,Mato Grosso do Sul,Center-West,TRUE,TRUE,mapped
200810,2008-10-01,2008,10,51,Mato Grosso,33.48431,68.58326,MT,Mato Grosso,Center-West,TRUE,TRUE,mapped
200810,2008-10-01,2008,10,52,Goiás,46.87459,94.85352,GO,Goias,Center-West,TRUE,TRUE,mapped
200810,2008-10-01,2008,10,53,Distrito Federal,53.905,111.38346,DF,Distrito Federal,Center-West,TRUE,TRUE,mapped
200811,2008-11-01,2008,11,11,Rondônia,31.3378,53.27063,RO,Rondonia,North,TRUE,TRUE,mapped
200811,2008-11-01,2008,11,12,Acre,24.13052,45.56974,AC,Acre,North,TRUE,TRUE,mapped
200811,2008-11-01,2008,11,13,Amazonas,34.99605,69.58412,AM,Amazonas,North,TRUE,TRUE,mapped
200811,2008-11-01,2008,11,14,Roraima,19.19464,36.75832,RR,Roraima,North,TRUE,TRUE,mapped
200811,2008-11-01,2008,11,15,Pará,27.41501,55.81393,PA,Para,North,TRUE,TRUE,mapped
200811,2008-11-01,2008,11,16,Amapá,35.6296,66.64394,AP,Amapa,North,TRUE,TRUE,mapped
200811,2008-11-01,2008,11,17,Tocantins,20.6988,41.27126,TO,Tocantins,North,TRUE,TRUE,mapped
200811,2008-11-01,2008,11,21,Maranhão,23.0533,55.69362,MA,Maranhao,Northeast,TRUE,TRUE,mapped
200811,2008-11-01,2008,11,22,Piauí,32.71987,74.99427,PI,Piaui,Northeast,TRUE,TRUE,mapped
200811,2008-11-01,2008,11,23,Ceará,34.13517,75.72445,CE,Ceara,Northeast,TRUE,TRUE,mapped
200811,2008-11-01,2008,11,24,Rio Grande do Norte,32.63967,73.04266,RN,Rio Grande do Norte,Northeast,TRUE,TRUE,mapped
200811,2008-11-01,2008,11,25,Paraíba,29.35304,61.46554,PB,Paraiba,Northeast,TRUE,TRUE,mapped
200811,2008-11-01,2008,11,26,Pernambuco,36.78065,79.49291,PE,Pernambuco,Northeast,TRUE,TRUE,mapped
200811,2008-11-01,2008,11,27,Alagoas,32.12361,70.51484,AL,Alagoas,Northeast,TRUE,TRUE,mapped
200811,2008-11-01,2008,11,28,Sergipe,40.98389,93.61458,SE,Sergipe,Northeast,TRUE,TRUE,mapped
200811,2008-11-01,2008,11,29,Bahia,42.59882,89.51245,BA,Bahia,Northeast,TRUE,TRUE,mapped
200811,2008-11-01,2008,11,31,Minas Gerais,28.96124,61.98068,MG,Minas Gerais,Southeast,TRUE,TRUE,mapped
200811,2008-11-01,2008,11,32,Espírito Santo,31.57752,69.14352,ES,Espirito Santo,Southeast,TRUE,TRUE,mapped
200811,2008-11-01,2008,11,33,Rio de Janeiro,37.62781,82.05826,RJ,Rio de Janeiro,Southeast,TRUE,TRUE,mapped
200811,2008-11-01,2008,11,35,São Paulo,31.00412,69.1547,SP,Sao Paulo,Southeast,TRUE,TRUE,mapped
200811,2008-11-01,2008,11,41,Paraná,29.7946,68.78698,PR,Parana,South,TRUE,TRUE,mapped
200811,2008-11-01,2008,11,42,Santa Catarina,23.63571,54.52258,SC,Santa Catarina,South,TRUE,TRUE,mapped
200811,2008-11-01,2008,11,43,Rio Grande do Sul,29.35239,64.12739,RS,Rio Grande do Sul,South,TRUE,TRUE,mapped
200811,2008-11-01,2008,11,50,Mato Grosso do Sul,24.88124,52.42001,MS,Mato Grosso do Sul,Center-West,TRUE,TRUE,mapped
200811,2008-11-01,2008,11,51,Mato Grosso,31.30718,63.04702,MT,Mato Grosso,Center-West,TRUE,TRUE,mapped
200811,2008-11-01,2008,11,52,Goiás,44.61255,89.48445,GO,Goias,Center-West,TRUE,TRUE,mapped
200811,2008-11-01,2008,11,53,Distrito Federal,55.06059,113.69592,DF,Distrito Federal,Center-West,TRUE,TRUE,mapped
200812,2008-12-01,2008,12,11,Rondônia,44.44851,75.45993,RO,Rondonia,North,TRUE,TRUE,mapped
200812,2008-12-01,2008,12,12,Acre,31.68767,59.01025,AC,Acre,North,TRUE,TRUE,mapped
200812,2008-12-01,2008,12,13,Amazonas,49.75342,97.95823,AM,Amazonas,North,TRUE,TRUE,mapped
200812,2008-12-01,2008,12,14,Roraima,22.95189,44.08933,RR,Roraima,North,TRUE,TRUE,mapped
200812,2008-12-01,2008,12,15,Pará,41.8229,85.53688,PA,Para,North,TRUE,TRUE,mapped
200812,2008-12-01,2008,12,16,Amapá,48.40498,91.45983,AP,Amapa,North,TRUE,TRUE,mapped
200812,2008-12-01,2008,12,17,Tocantins,28.69923,58.60347,TO,Tocantins,North,TRUE,TRUE,mapped
200812,2008-12-01,2008,12,21,Maranhão,31.71664,76.55996,MA,Maranhao,Northeast,TRUE,TRUE,mapped
200812,2008-12-01,2008,12,22,Piauí,43.31487,97.06197,PI,Piaui,Northeast,TRUE,TRUE,mapped
200812,2008-12-01,2008,12,23,Ceará,46.86774,102.65533,CE,Ceara,Northeast,TRUE,TRUE,mapped
200812,2008-12-01,2008,12,24,Rio Grande do Norte,44.78266,99.7348,RN,Rio Grande do Norte,Northeast,TRUE,TRUE,mapped
200812,2008-12-01,2008,12,25,Paraíba,40.39369,83.21878,PB,Paraiba,Northeast,TRUE,TRUE,mapped
200812,2008-12-01,2008,12,26,Pernambuco,49.27219,104.91896,PE,Pernambuco,Northeast,TRUE,TRUE,mapped
200812,2008-12-01,2008,12,27,Alagoas,44.20316,95.7425,AL,Alagoas,Northeast,TRUE,TRUE,mapped
200812,2008-12-01,2008,12,28,Sergipe,55.60486,125.67757,SE,Sergipe,Northeast,TRUE,TRUE,mapped
200812,2008-12-01,2008,12,29,Bahia,57.34895,119.94892,BA,Bahia,Northeast,TRUE,TRUE,mapped
200812,2008-12-01,2008,12,31,Minas Gerais,37.52262,80.60742,MG,Minas Gerais,Southeast,TRUE,TRUE,mapped
200812,2008-12-01,2008,12,32,Espírito Santo,42.03166,91.25624,ES,Espirito Santo,Southeast,TRUE,TRUE,mapped
200812,2008-12-01,2008,12,33,Rio de Janeiro,54.50806,117.04913,RJ,Rio de Janeiro,Southeast,TRUE,TRUE,mapped
200812,2008-12-01,2008,12,35,São Paulo,40.82847,92.06327,SP,Sao Paulo,Southeast,TRUE,TRUE,mapped
200812,2008-12-01,2008,12,41,Paraná,39.949,92.23123,PR,Parana,South,TRUE,TRUE,mapped
200812,2008-12-01,2008,12,42,Santa Catarina,32.60212,75.80134,SC,Santa Catarina,South,TRUE,TRUE,mapped
200812,2008-12-01,2008,12,43,Rio Grande do Sul,38.28073,83.75022,RS,Rio Grande do Sul,South,TRUE,TRUE,mapped
200812,2008-12-01,2008,12,50,Mato Grosso do Sul,33.7256,70.25224,MS,Mato Grosso do Sul,Center-West,TRUE,TRUE,mapped
200812,2008-12-01,2008,12,51,Mato Grosso,40.45114,80.81256,MT,Mato Grosso,Center-West,TRUE,TRUE,mapped
200812,2008-12-01,2008,12,52,Goiás,59.19017,118.11948,GO,Goias,Center-West,TRUE,TRUE,mapped
200812,2008-12-01,2008,12,53,Distrito Federal,69.81139,142.21625,DF,Distrito Federal,Center-West,TRUE,TRUE,mapped
200901,2009-01-01,2009,1,11,Rondônia,29.36586,50.17066,RO,Rondonia,North,TRUE,TRUE,mapped
200901,2009-01-01,2009,1,12,Acre,22.67147,42.11361,AC,Acre,North,TRUE,TRUE,mapped
200901,2009-01-01,2009,1,13,Amazonas,34.38702,67.72629,AM,Amazonas,North,TRUE,TRUE,mapped
200901,2009-01-01,2009,1,14,Roraima,18.26894,34.95138,RR,Roraima,North,TRUE,TRUE,mapped
200901,2009-01-01,2009,1,15,Pará,27.17488,54.99859,PA,Para,North,TRUE,TRUE,mapped
200901,2009-01-01,2009,1,16,Amapá,33.24251,62.03973,AP,Amapa,North,TRUE,TRUE,mapped
200901,2009-01-01,2009,1,17,Tocantins,21.39651,42.64411,TO,Tocantins,North,TRUE,TRUE,mapped
200901,2009-01-01,2009,1,21,Maranhão,23.23684,56.21903,MA,Maranhao,Northeast,TRUE,TRUE,mapped
200901,2009-01-01,2009,1,22,Piauí,33.38762,75.53251,PI,Piaui,Northeast,TRUE,TRUE,mapped
200901,2009-01-01,2009,1,23,Ceará,33.88746,75.22757,CE,Ceara,Northeast,TRUE,TRUE,mapped
200901,2009-01-01,2009,1,24,Rio Grande do Norte,32.94109,74.0346,RN,Rio Grande do Norte,Northeast,TRUE,TRUE,mapped
200901,2009-01-01,2009,1,25,Paraíba,27.71247,58.34589,PB,Paraiba,Northeast,TRUE,TRUE,mapped
200901,2009-01-01,2009,1,26,Pernambuco,35.88839,77.73939,PE,Pernambuco,Northeast,TRUE,TRUE,mapped
200901,2009-01-01,2009,1,27,Alagoas,32.47759,71.82878,AL,Alagoas,Northeast,TRUE,TRUE,mapped
200901,2009-01-01,2009,1,28,Sergipe,43.86292,101.33778,SE,Sergipe,Northeast,TRUE,TRUE,mapped
200901,2009-01-01,2009,1,29,Bahia,42.48492,87.49083,BA,Bahia,Northeast,TRUE,TRUE,mapped
200901,2009-01-01,2009,1,31,Minas Gerais,29.4528,62.87542,MG,Minas Gerais,Southeast,TRUE,TRUE,mapped
200901,2009-01-01,2009,1,32,Espírito Santo,32.3519,69.96862,ES,Espirito Santo,Southeast,TRUE,TRUE,mapped
200901,2009-01-01,2009,1,33,Rio de Janeiro,39.35242,84.74192,RJ,Rio de Janeiro,Southeast,TRUE,TRUE,mapped
200901,2009-01-01,2009,1,35,São Paulo,30.23858,67.0955,SP,Sao Paulo,Southeast,TRUE,TRUE,mapped
200901,2009-01-01,2009,1,41,Paraná,30.25426,69.64574,PR,Parana,South,TRUE,TRUE,mapped
200901,2009-01-01,2009,1,42,Santa Catarina,25.87731,59.48536,SC,Santa Catarina,South,TRUE,TRUE,mapped
200901,2009-01-01,2009,1,43,Rio Grande do Sul,27.39812,60.28132,RS,Rio Grande do Sul,South,TRUE,TRUE,mapped
200901,2009-01-01,2009,1,50,Mato Grosso do Sul,26.49869,55.78458,MS,Mato Grosso do Sul,Center-West,TRUE,TRUE,mapped
200901,2009-01-01,2009,1,51,Mato Grosso,29.56547,59.32865,MT,Mato Grosso,Center-West,TRUE,TRUE,mapped
200901,2009-01-01,2009,1,52,Goiás,45.6179,91.27414,GO,Goias,Center-West,TRUE,TRUE,mapped
200901,2009-01-01,2009,1,53,Distrito Federal,53.76905,107.7863,DF,Distrito Federal,Center-West,TRUE,TRUE,mapped
200902,2009-02-01,2009,2,11,Rondônia,27.28734,45.84701,RO,Rondonia,North,TRUE,TRUE,mapped
200902,2009-02-01,2009,2,12,Acre,21.36206,39.10549,AC,Acre,North,TRUE,TRUE,mapped
200902,2009-02-01,2009,2,13,Amazonas,31.0139,60.46387,AM,Amazonas,North,TRUE,TRUE,mapped
200902,2009-02-01,2009,2,14,Roraima,17.64273,33.40258,RR,Roraima,North,TRUE,TRUE,mapped
200902,2009-02-01,2009,2,15,Pará,24.21326,48.69821,PA,Para,North,TRUE,TRUE,mapped
200902,2009-02-01,2009,2,16,Amapá,29.79448,54.54814,AP,Amapa,North,TRUE,TRUE,mapped
200902,2009-02-01,2009,2,17,Tocantins,19.02429,37.66753,TO,Tocantins,North,TRUE,TRUE,mapped
200902,2009-02-01,2009,2,21,Maranhão,21.07101,50.51456,MA,Maranhao,Northeast,TRUE,TRUE,mapped
200902,2009-02-01,2009,2,22,Piauí,29.3811,65.93396,PI,Piaui,Northeast,TRUE,TRUE,mapped
200902,2009-02-01,2009,2,23,Ceará,29.92401,65.78686,CE,Ceara,Northeast,TRUE,TRUE,mapped
200902,2009-02-01,2009,2,24,Rio Grande do Norte,29.23791,65.01699,RN,Rio Grande do Norte,Northeast,TRUE,TRUE,mapped
200902,2009-02-01,2009,2,25,Paraíba,24.25395,50.58892,PB,Paraiba,Northeast,TRUE,TRUE,mapped
200902,2009-02-01,2009,2,26,Pernambuco,31.4767,67.41311,PE,Pernambuco,Northeast,TRUE,TRUE,mapped
200902,2009-02-01,2009,2,27,Alagoas,28.76081,62.80638,AL,Alagoas,Northeast,TRUE,TRUE,mapped
200902,2009-02-01,2009,2,28,Sergipe,37.87905,86.12541,SE,Sergipe,Northeast,TRUE,TRUE,mapped
200902,2009-02-01,2009,2,29,Bahia,38.89706,79.96595,BA,Bahia,Northeast,TRUE,TRUE,mapped
200902,2009-02-01,2009,2,31,Minas Gerais,26.7492,56.28692,MG,Minas Gerais,Southeast,TRUE,TRUE,mapped
200902,2009-02-01,2009,2,32,Espírito Santo,29.2974,63.20279,ES,Espirito Santo,Southeast,TRUE,TRUE,mapped
200902,2009-02-01,2009,2,33,Rio de Janeiro,36.00772,77.00058,RJ,Rio de Janeiro,Southeast,TRUE,TRUE,mapped
200902,2009-02-01,2009,2,35,São Paulo,28.19716,62.46231,SP,Sao Paulo,Southeast,TRUE,TRUE,mapped
200902,2009-02-01,2009,2,41,Paraná,26.86946,62.1745,PR,Parana,South,TRUE,TRUE,mapped
200902,2009-02-01,2009,2,42,Santa Catarina,23.47089,53.91073,SC,Santa Catarina,South,TRUE,TRUE,mapped
200902,2009-02-01,2009,2,43,Rio Grande do Sul,25.25225,55.65033,RS,Rio Grande do Sul,South,TRUE,TRUE,mapped
200902,2009-02-01,2009,2,50,Mato Grosso do Sul,22.33461,47.10399,MS,Mato Grosso do Sul,Center-West,TRUE,TRUE,mapped
200902,2009-02-01,2009,2,51,Mato Grosso,28.4769,57.015,MT,Mato Grosso,Center-West,TRUE,TRUE,mapped
200902,2009-02-01,2009,2,52,Goiás,39.83712,79.34288,GO,Goias,Center-West,TRUE,TRUE,mapped
200902,2009-02-01,2009,2,53,Distrito Federal,49.41858,100.0781,DF,Distrito Federal,Center-West,TRUE,TRUE,mapped
200903,2009-03-01,2009,3,11,Rondônia,30.96473,53.0259,RO,Rondonia,North,TRUE,TRUE,mapped
200903,2009-03-01,2009,3,12,Acre,23.08299,42.49762,AC,Acre,North,TRUE,TRUE,mapped
200903,2009-03-01,2009,3,13,Amazonas,34.80865,67.89518,AM,Amazonas,North,TRUE,TRUE,mapped
200903,2009-03-01,2009,3,14,Roraima,20.22924,38.72014,RR,Roraima,North,TRUE,TRUE,mapped
200903,2009-03-01,2009,3,15,Pará,26.53453,53.3679,PA,Para,North,TRUE,TRUE,mapped
200903,2009-03-01,2009,3,16,Amapá,32.31419,59.54253,AP,Amapa,North,TRUE,TRUE,mapped
200903,2009-03-01,2009,3,17,Tocantins,21.76862,42.64411,TO,Tocantins,North,TRUE,TRUE,mapped
200903,2009-03-01,2009,3,21,Maranhão,22.17228,52.69127,MA,Maranhao,Northeast,TRUE,TRUE,mapped
200903,2009-03-01,2009,3,22,Piauí,31.7405,71.58544,PI,Piaui,Northeast,TRUE,TRUE,mapped
200903,2009-03-01,2009,3,23,Ceará,32.8966,72.6438,CE,Ceara,Northeast,TRUE,TRUE,mapped
200903,2009-03-01,2009,3,24,Rio Grande do Norte,31.86458,71.87037,RN,Rio Grande do Norte,Northeast,TRUE,TRUE,mapped
200903,2009-03-01,2009,3,25,Paraíba,27.09171,56.65959,PB,Paraiba,Northeast,TRUE,TRUE,mapped
200903,2009-03-01,2009,3,26,Pernambuco,35.04571,75.30395,PE,Pernambuco,Northeast,TRUE,TRUE,mapped
200903,2009-03-01,2009,3,27,Alagoas,31.59265,69.28849,AL,Alagoas,Northeast,TRUE,TRUE,mapped
200903,2009-03-01,2009,3,28,Sergipe,41.09679,93.38054,SE,Sergipe,Northeast,TRUE,TRUE,mapped
200903,2009-03-01,2009,3,29,Bahia,42.71273,88.05239,BA,Bahia,Northeast,TRUE,TRUE,mapped
200903,2009-03-01,2009,3,31,Minas Gerais,29.49376,62.2247,MG,Minas Gerais,Southeast,TRUE,TRUE,mapped
200903,2009-03-01,2009,3,32,Espírito Santo,30.45897,65.92562,ES,Espirito Santo,Southeast,TRUE,TRUE,mapped
200903,2009-03-01,2009,3,33,Rio de Janeiro,39.03885,83.40009,RJ,Rio de Janeiro,Southeast,TRUE,TRUE,mapped
200903,2009-03-01,2009,3,35,São Paulo,31.04665,68.2967,SP,Sao Paulo,Southeast,TRUE,TRUE,mapped
200903,2009-03-01,2009,3,41,Paraná,29.96175,68.95873,PR,Parana,South,TRUE,TRUE,mapped
200903,2009-03-01,2009,3,42,Santa Catarina,24.45983,56.15418,SC,Santa Catarina,South,TRUE,TRUE,mapped
200903,2009-03-01,2009,3,43,Rio Grande do Sul,28.70097,63.1855,RS,Rio Grande do Sul,South,TRUE,TRUE,mapped
200903,2009-03-01,2009,3,50,Mato Grosso do Sul,24.88124,52.08355,MS,Mato Grosso do Sul,Center-West,TRUE,TRUE,mapped
200903,2009-03-01,2009,3,51,Mato Grosso,31.61198,62.96439,MT,Mato Grosso,Center-West,TRUE,TRUE,mapped
200903,2009-03-01,2009,3,52,Goiás,46.56042,92.46727,GO,Goias,Center-West,TRUE,TRUE,mapped
200903,2009-03-01,2009,3,53,Distrito Federal,54.10893,107.7863,DF,Distrito Federal,Center-West,TRUE,TRUE,mapped
200904,2009-04-01,2009,4,11,Rondônia,29.84552,49.84435,RO,Rondonia,North,TRUE,TRUE,mapped
200904,2009-04-01,2009,4,12,Acre,22.93335,41.34558,AC,Acre,North,TRUE,TRUE,mapped
200904,2009-04-01,2009,4,13,Amazonas,34.19962,66.03736,AM,Amazonas,North,TRUE,TRUE,mapped
200904,2009-04-01,2009,4,14,Roraima,20.93713,39.80431,RR,Roraima,North,TRUE,TRUE,mapped
200904,2009-04-01,2009,4,15,Pará,26.73464,52.92317,PA,Para,North,TRUE,TRUE,mapped
200904,2009-04-01,2009,4,16,Amapá,32.49102,59.30842,AP,Amapa,North,TRUE,TRUE,mapped
200904,2009-04-01,2009,4,17,Tocantins,21.21045,41.78608,TO,Tocantins,North,TRUE,TRUE,mapped
200904,2009-04-01,2009,4,21,Maranhão,22.57608,53.51691,MA,Maranhao,Northeast,TRUE,TRUE,mapped
200904,2009-04-01,2009,4,22,Piauí,31.69598,71.31633,PI,Piaui,Northeast,TRUE,TRUE,mapped
200904,2009-04-01,2009,4,23,Ceará,32.99568,72.44505,CE,Ceara,Northeast,TRUE,TRUE,mapped
200904,2009-04-01,2009,4,24,Rio Grande do Norte,31.90764,71.7802,RN,Rio Grande do Norte,Northeast,TRUE,TRUE,mapped
200904,2009-04-01,2009,4,25,Paraíba,27.80114,57.67137,PB,Paraiba,Northeast,TRUE,TRUE,mapped
200904,2009-04-01,2009,4,26,Pernambuco,34.897,74.62202,PE,Pernambuco,Northeast,TRUE,TRUE,mapped
200904,2009-04-01,2009,4,27,Alagoas,31.50415,68.41253,AL,Alagoas,Northeast,TRUE,TRUE,mapped
200904,2009-04-01,2009,4,28,Sergipe,41.09679,93.1465,SE,Sergipe,Northeast,TRUE,TRUE,mapped
200904,2009-04-01,2009,4,29,Bahia,41.51677,86.59234,BA,Bahia,Northeast,TRUE,TRUE,mapped
200904,2009-04-01,2009,4,31,Minas Gerais,29.94436,62.95676,MG,Minas Gerais,Southeast,TRUE,TRUE,mapped
200904,2009-04-01,2009,4,32,Espírito Santo,30.97522,66.50319,ES,Espirito Santo,Southeast,TRUE,TRUE,mapped
200904,2009-04-01,2009,4,33,Rio de Janeiro,38.04589,80.50999,RJ,Rio de Janeiro,Southeast,TRUE,TRUE,mapped
200904,2009-04-01,2009,4,35,São Paulo,31.76965,69.6695,SP,Sao Paulo,Southeast,TRUE,TRUE,mapped
200904,2009-04-01,2009,4,41,Paraná,31.46611,71.53502,PR,Parana,South,TRUE,TRUE,mapped
200904,2009-04-01,2009,4,42,Santa Catarina,25.08616,56.83401,SC,Santa Catarina,South,TRUE,TRUE,mapped
200904,2009-04-01,2009,4,43,Rio Grande do Sul,29.9655,65.06929,RS,Rio Grande do Sul,South,TRUE,TRUE,mapped
200904,2009-04-01,2009,4,50,Mato Grosso do Sul,25.22537,52.62189,MS,Mato Grosso do Sul,Center-West,TRUE,TRUE,mapped
200904,2009-04-01,2009,4,51,Mato Grosso,30.52341,61.22915,MT,Mato Grosso,Center-West,TRUE,TRUE,mapped
200904,2009-04-01,2009,4,52,Goiás,45.99491,91.27414,GO,Goias,Center-West,TRUE,TRUE,mapped
200904,2009-04-01,2009,4,53,Distrito Federal,54.10893,108.30018,DF,Distrito Federal,Center-West,TRUE,TRUE,mapped
200905,2009-05-01,2009,5,11,Rondônia,32.83008,54.33115,RO,Rondonia,North,TRUE,TRUE,mapped
200905,2009-05-01,2009,5,12,Acre,24.99099,45.12172,AC,Acre,North,TRUE,TRUE,mapped
200905,2009-05-01,2009,5,13,Amazonas,37.52589,72.28641,AM,Amazonas,North,TRUE,TRUE,mapped
200905,2009-05-01,2009,5,14,Roraima,21.15494,40.26895,RR,Roraima,North,TRUE,TRUE,mapped
200905,2009-05-01,2009,5,15,Pará,29.81633,59.22354,PA,Para,North,TRUE,TRUE,mapped
200905,2009-05-01,2009,5,16,Amapá,36.55792,66.95609,AP,Amapa,North,TRUE,TRUE,mapped
200905,2009-05-01,2009,5,17,Tocantins,24.18736,47.70649,TO,Tocantins,North,TRUE,TRUE,mapped
200905,2009-05-01,2009,5,21,Maranhão,24.2647,57.57009,MA,Maranhao,Northeast,TRUE,TRUE,mapped
200905,2009-05-01,2009,5,22,Piauí,35.96959,80.64576,PI,Piaui,Northeast,TRUE,TRUE,mapped
200905,2009-05-01,2009,5,23,Ceará,37.40502,82.68077,CE,Ceara,Northeast,TRUE,TRUE,mapped
200905,2009-05-01,2009,5,24,Rio Grande do Norte,34.49126,78.00235,RN,Rio Grande do Norte,Northeast,TRUE,TRUE,mapped
200905,2009-05-01,2009,5,25,Paraíba,30.99362,64.24793,PB,Paraiba,Northeast,TRUE,TRUE,mapped
200905,2009-05-01,2009,5,26,Pernambuco,37.52419,80.07742,PE,Pernambuco,Northeast,TRUE,TRUE,mapped
200905,2009-05-01,2009,5,27,Alagoas,34.33598,74.45666,AL,Alagoas,Northeast,TRUE,TRUE,mapped
200905,2009-05-01,2009,5,28,Sergipe,44.37099,99.93356,SE,Sergipe,Northeast,TRUE,TRUE,mapped
200905,2009-05-01,2009,5,29,Bahia,44.76294,94.22954,BA,Bahia,Northeast,TRUE,TRUE,mapped
200905,2009-05-01,2009,5,31,Minas Gerais,31.05038,65.39694,MG,Minas Gerais,Southeast,TRUE,TRUE,mapped
200905,2009-05-01,2009,5,32,Espírito Santo,31.70658,67.4108,ES,Espirito Santo,Southeast,TRUE,TRUE,mapped
200905,2009-05-01,2009,5,33,Rio de Janeiro,39.97955,84.12261,RJ,Rio de Janeiro,Southeast,TRUE,TRUE,mapped
200905,2009-05-01,2009,5,35,São Paulo,33.25819,72.6725,SP,Sao Paulo,Southeast,TRUE,TRUE,mapped
200905,2009-05-01,2009,5,41,Paraná,32.38543,73.59605,PR,Parana,South,TRUE,TRUE,mapped
200905,2009-05-01,2009,5,42,Santa Catarina,25.5147,58.32964,SC,Santa Catarina,South,TRUE,TRUE,mapped
200905,2009-05-01,2009,5,43,Rio Grande do Sul,31.15339,67.73799,RS,Rio Grande do Sul,South,TRUE,TRUE,mapped
200905,2009-05-01,2009,5,50,Mato Grosso do Sul,27.11814,56.18833,MS,Mato Grosso do Sul,Center-West,TRUE,TRUE,mapped
200905,2009-05-01,2009,5,51,Mato Grosso,33.00534,65.52593,MT,Mato Grosso,Center-West,TRUE,TRUE,mapped
200905,2009-05-01,2009,5,52,Goiás,49.32514,98.4329,GO,Goias,Center-West,TRUE,TRUE,mapped
200905,2009-05-01,2009,5,53,Distrito Federal,56.28416,112.79663,DF,Distrito Federal,Center-West,TRUE,TRUE,mapped
200906,2009-06-01,2009,6,11,Rondônia,30.96473,50.66013,RO,Rondonia,North,TRUE,TRUE,mapped
200906,2009-06-01,2009,6,12,Acre,24.13052,43.13765,AC,Acre,North,TRUE,TRUE,mapped
200906,2009-06-01,2009,6,13,Amazonas,35.79248,69.07744,AM,Amazonas,North,TRUE,TRUE,mapped
200906,2009-06-01,2009,6,14,Roraima,19.92975,38.20387,RR,Roraima,North,TRUE,TRUE,mapped
200906,2009-06-01,2009,6,15,Pará,28.09538,55.88805,PA,Para,North,TRUE,TRUE,mapped
200906,2009-06-01,2009,6,16,Amapá,35.76222,64.77104,AP,Amapa,North,TRUE,TRUE,mapped
200906,2009-06-01,2009,6,17,Tocantins,22.14074,43.67375,TO,Tocantins,North,TRUE,TRUE,mapped
200906,2009-06-01,2009,6,21,Maranhão,24.2647,56.89456,MA,Maranhao,Northeast,TRUE,TRUE,mapped
200906,2009-06-01,2009,6,22,Piauí,36.28121,81.00458,PI,Piaui,Northeast,TRUE,TRUE,mapped
200906,2009-06-01,2009,6,23,Ceará,35.17558,76.91696,CE,Ceara,Northeast,TRUE,TRUE,mapped
200906,2009-06-01,2009,6,24,Rio Grande do Norte,32.76885,73.22301,RN,Rio Grande do Norte,Northeast,TRUE,TRUE,mapped
200906,2009-06-01,2009,6,25,Paraíba,29.5304,60.1165,PB,Paraiba,Northeast,TRUE,TRUE,mapped
200906,2009-06-01,2009,6,26,Pernambuco,36.43366,76.47296,PE,Pernambuco,Northeast,TRUE,TRUE,mapped
200906,2009-06-01,2009,6,27,Alagoas,31.68114,67.62417,AL,Alagoas,Northeast,TRUE,TRUE,mapped
200906,2009-06-01,2009,6,28,Sergipe,43.97583,97.71021,SE,Sergipe,Northeast,TRUE,TRUE,mapped
200906,2009-06-01,2009,6,29,Bahia,44.36428,90.86019,BA,Bahia,Northeast,TRUE,TRUE,mapped
200906,2009-06-01,2009,6,31,Minas Gerais,29.69858,62.79408,MG,Minas Gerais,Southeast,TRUE,TRUE,mapped
200906,2009-06-01,2009,6,32,Espírito Santo,30.32991,64.44044,ES,Espirito Santo,Southeast,TRUE,TRUE,mapped
200906,2009-06-01,2009,6,33,Rio de Janeiro,38.72529,81.12929,RJ,Rio de Janeiro,Southeast,TRUE,TRUE,mapped
200906,2009-06-01,2009,6,35,São Paulo,31.9823,69.7553,SP,Sao Paulo,Southeast,TRUE,TRUE,mapped
200906,2009-06-01,2009,6,41,Paraná,30.58857,68.87285,PR,Parana,South,TRUE,TRUE,mapped
200906,2009-06-01,2009,6,42,Santa Catarina,24.06425,54.25065,SC,Santa Catarina,South,TRUE,TRUE,mapped
200906,2009-06-01,2009,6,43,Rio Grande do Sul,29.9655,65.22627,RS,Rio Grande do Sul,South,TRUE,TRUE,mapped
200906,2009-06-01,2009,6,50,Mato Grosso do Sul,25.15655,52.08355,MS,Mato Grosso do Sul,Center-West,TRUE,TRUE,mapped
200906,2009-06-01,2009,6,51,Mato Grosso,31.91677,63.87332,MT,Mato Grosso,Center-West,TRUE,TRUE,mapped
200906,2009-06-01,2009,6,52,Goiás,46.81176,93.18314,GO,Goias,Center-West,TRUE,TRUE,mapped
200906,2009-06-01,2009,6,53,Distrito Federal,53.49714,105.85925,DF,Distrito Federal,Center-West,TRUE,TRUE,mapped
200907,2009-07-01,2009,7,11,Rondônia,34.64213,56.69692,RO,Rondonia,North,TRUE,TRUE,mapped
200907,2009-07-01,2009,7,12,Acre,25.85146,46.46577,AC,Acre,North,TRUE,TRUE,mapped
200907,2009-07-01,2009,7,13,Amazonas,38.13492,73.63756,AM,Amazonas,North,TRUE,TRUE,mapped
200907,2009-07-01,2009,7,14,Roraima,19.65749,37.73923,RR,Roraima,North,TRUE,TRUE,mapped
200907,2009-07-01,2009,7,15,Pará,30.09648,59.7424,PA,Para,North,TRUE,TRUE,mapped
200907,2009-07-01,2009,7,16,Amapá,41.15529,75.30609,AP,Amapa,North,TRUE,TRUE,mapped
200907,2009-07-01,2009,7,17,Tocantins,22.09422,43.93116,TO,Tocantins,North,TRUE,TRUE,mapped
200907,2009-07-01,2009,7,21,Maranhão,25.65964,59.14632,MA,Maranhao,Northeast,TRUE,TRUE,mapped
200907,2009-07-01,2009,7,22,Piauí,39.79804,87.73254,PI,Piaui,Northeast,TRUE,TRUE,mapped
200907,2009-07-01,2009,7,23,Ceará,37.55365,81.58763,CE,Ceara,Northeast,TRUE,TRUE,mapped
200907,2009-07-01,2009,7,24,Rio Grande do Norte,34.57738,75.29707,RN,Rio Grande do Norte,Northeast,TRUE,TRUE,mapped
200907,2009-07-01,2009,7,25,Paraíba,30.23984,62.14006,PB,Paraiba,Northeast,TRUE,TRUE,mapped
200907,2009-07-01,2009,7,26,Pernambuco,37.37548,79.10324,PE,Pernambuco,Northeast,TRUE,TRUE,mapped
200907,2009-07-01,2009,7,27,Alagoas,34.55722,74.36906,AL,Alagoas,Northeast,TRUE,TRUE,mapped
200907,2009-07-01,2009,7,28,Sergipe,45.33067,101.22076,SE,Sergipe,Northeast,TRUE,TRUE,mapped
200907,2009-07-01,2009,7,29,Bahia,44.81989,92.32024,BA,Bahia,Northeast,TRUE,TRUE,mapped
200907,2009-07-01,2009,7,31,Minas Gerais,31.46001,66.86105,MG,Minas Gerais,Southeast,TRUE,TRUE,mapped
200907,2009-07-01,2009,7,32,Espírito Santo,32.13679,68.40093,ES,Espirito Santo,Southeast,TRUE,TRUE,mapped
200907,2009-07-01,2009,7,33,Rio de Janeiro,40.44989,85.05158,RJ,Rio de Janeiro,Southeast,TRUE,TRUE,mapped
200907,2009-07-01,2009,7,35,São Paulo,32.74783,71.1281,SP,Sao Paulo,Southeast,TRUE,TRUE,mapped
200907,2009-07-01,2009,7,41,Paraná,31.88398,71.87853,PR,Parana,South,TRUE,TRUE,mapped
200907,2009-07-01,2009,7,42,Santa Catarina,25.11912,56.96998,SC,Santa Catarina,South,TRUE,TRUE,mapped
200907,2009-07-01,2009,7,43,Rio Grande do Sul,30.38701,66.32515,RS,Rio Grande do Sul,South,TRUE,TRUE,mapped
200907,2009-07-01,2009,7,50,Mato Grosso do Sul,26.5331,55.51542,MS,Mato Grosso do Sul,Center-West,TRUE,TRUE,mapped
200907,2009-07-01,2009,7,51,Mato Grosso,33.52785,66.84802,MT,Mato Grosso,Center-West,TRUE,TRUE,mapped
200907,2009-07-01,2009,7,52,Goiás,50.07916,99.86465,GO,Goias,Center-West,TRUE,TRUE,mapped
200907,2009-07-01,2009,7,53,Distrito Federal,56.75999,112.28275,DF,Distrito Federal,Center-West,TRUE,TRUE,mapped
200908,2009-08-01,2009,8,11,Rondônia,34.58883,56.86008,RO,Rondonia,North,TRUE,TRUE,mapped
200908,2009-08-01,2009,8,12,Acre,26.45004,47.87383,AC,Acre,North,TRUE,TRUE,mapped
200908,2009-08-01,2009,8,13,Amazonas,38.7908,75.3265,AM,Amazonas,North,TRUE,TRUE,mapped
200908,2009-08-01,2009,8,14,Roraima,19.49413,37.32622,RR,Roraima,North,TRUE,TRUE,mapped
200908,2009-08-01,2009,8,15,Pará,30.69681,61.37308,PA,Para,North,TRUE,TRUE,mapped
200908,2009-08-01,2009,8,16,Amapá,39.29866,72.26263,AP,Amapa,North,TRUE,TRUE,mapped
200908,2009-08-01,2009,8,17,Tocantins,21.48954,42.72991,TO,Tocantins,North,TRUE,TRUE,mapped
200908,2009-08-01,2009,8,21,Maranhão,25.69635,59.59667,MA,Maranhao,Northeast,TRUE,TRUE,mapped
200908,2009-08-01,2009,8,22,Piauí,39.97611,87.73254,PI,Piaui,Northeast,TRUE,TRUE,mapped
200908,2009-08-01,2009,8,23,Ceará,37.30593,80.4945,CE,Ceara,Northeast,TRUE,TRUE,mapped
200908,2009-08-01,2009,8,24,Rio Grande do Norte,35.13716,78.1827,RN,Rio Grande do Norte,Northeast,TRUE,TRUE,mapped
200908,2009-08-01,2009,8,25,Paraíba,29.84078,61.04396,PB,Paraiba,Northeast,TRUE,TRUE,mapped
200908,2009-08-01,2009,8,26,Pernambuco,38.36687,80.85676,PE,Pernambuco,Northeast,TRUE,TRUE,mapped
200908,2009-08-01,2009,8,27,Alagoas,34.15899,73.23031,AL,Alagoas,Northeast,TRUE,TRUE,mapped
200908,2009-08-01,2009,8,28,Sergipe,46.68551,103.91218,SE,Sergipe,Northeast,TRUE,TRUE,mapped
200908,2009-08-01,2009,8,29,Bahia,45.95889,94.7911,BA,Bahia,Northeast,TRUE,TRUE,mapped
200908,2009-08-01,2009,8,31,Minas Gerais,31.37809,66.29167,MG,Minas Gerais,Southeast,TRUE,TRUE,mapped
200908,2009-08-01,2009,8,32,Espírito Santo,31.70658,67.82335,ES,Espirito Santo,Southeast,TRUE,TRUE,mapped
200908,2009-08-01,2009,8,33,Rio de Janeiro,40.55442,85.87732,RJ,Rio de Janeiro,Southeast,TRUE,TRUE,mapped
200908,2009-08-01,2009,8,35,São Paulo,33.68348,73.1873,SP,Sao Paulo,Southeast,TRUE,TRUE,mapped
200908,2009-08-01,2009,8,41,Paraná,33.13761,75.14183,PR,Parana,South,TRUE,TRUE,mapped
200908,2009-08-01,2009,8,42,Santa Catarina,25.44877,58.12569,SC,Santa Catarina,South,TRUE,TRUE,mapped
200908,2009-08-01,2009,8,43,Rio Grande do Sul,29.9655,65.61873,RS,Rio Grande do Sul,South,TRUE,TRUE,mapped
200908,2009-08-01,2009,8,50,Mato Grosso do Sul,26.67076,55.51542,MS,Mato Grosso do Sul,Center-West,TRUE,TRUE,mapped
200908,2009-08-01,2009,8,51,Mato Grosso,33.91974,67.92221,MT,Mato Grosso,Center-West,TRUE,TRUE,mapped
200908,2009-08-01,2009,8,52,Goiás,49.89065,99.50671,GO,Goias,Center-West,TRUE,TRUE,mapped
200908,2009-08-01,2009,8,53,Distrito Federal,56.42011,111.89734,DF,Distrito Federal,Center-West,TRUE,TRUE,mapped
200909,2009-09-01,2009,9,11,Rondônia,34.48224,57.34955,RO,Rondonia,North,TRUE,TRUE,mapped
200909,2009-09-01,2009,9,12,Acre,26.82416,48.96187,AC,Acre,North,TRUE,TRUE,mapped
200909,2009-09-01,2009,9,13,Amazonas,37.66643,72.96199,AM,Amazonas,North,TRUE,TRUE,mapped
200909,2009-09-01,2009,9,14,Roraima,18.78624,36.03554,RR,Roraima,North,TRUE,TRUE,mapped
200909,2009-09-01,2009,9,15,Pará,30.01644,59.89064,PA,Para,North,TRUE,TRUE,mapped
200909,2009-09-01,2009,9,16,Amapá,37.35362,68.36076,AP,Amapa,North,TRUE,TRUE,mapped
200909,2009-09-01,2009,9,17,Tocantins,21.39651,42.64411,TO,Tocantins,North,TRUE,TRUE,mapped
200909,2009-09-01,2009,9,21,Maranhão,24.70521,56.51926,MA,Maranhao,Northeast,TRUE,TRUE,mapped
200909,2009-09-01,2009,9,22,Piauí,37.61672,81.90164,PI,Piaui,Northeast,TRUE,TRUE,mapped
200909,2009-09-01,2009,9,23,Ceará,36.1169,78.0101,CE,Ceara,Northeast,TRUE,TRUE,mapped
200909,2009-09-01,2009,9,24,Rio Grande do Norte,33.75923,74.93636,RN,Rio Grande do Norte,Northeast,TRUE,TRUE,mapped
200909,2009-09-01,2009,9,25,Paraíba,29.04266,59.61061,PB,Paraiba,Northeast,TRUE,TRUE,mapped
200909,2009-09-01,2009,9,26,Pernambuco,37.37548,79.00582,PE,Pernambuco,Northeast,TRUE,TRUE,mapped
200909,2009-09-01,2009,9,27,Alagoas,33.36254,71.65359,AL,Alagoas,Northeast,TRUE,TRUE,mapped
200909,2009-09-01,2009,9,28,Sergipe,44.48389,99.11443,SE,Sergipe,Northeast,TRUE,TRUE,mapped
200909,2009-09-01,2009,9,29,Bahia,45.21854,93.33104,BA,Bahia,Northeast,TRUE,TRUE,mapped
200909,2009-09-01,2009,9,31,Minas Gerais,30.8046,65.23426,MG,Minas Gerais,Southeast,TRUE,TRUE,mapped
200909,2009-09-01,2009,9,32,Espírito Santo,31.23335,67.08076,ES,Espirito Santo,Southeast,TRUE,TRUE,mapped
200909,2009-09-01,2009,9,33,Rio de Janeiro,38.98659,83.40009,RJ,Rio de Janeiro,Southeast,TRUE,TRUE,mapped
200909,2009-09-01,2009,9,35,São Paulo,32.66277,71.4713,SP,Sao Paulo,Southeast,TRUE,TRUE,mapped
200909,2009-09-01,2009,9,41,Paraná,31.13181,70.84801,PR,Parana,South,TRUE,TRUE,mapped
200909,2009-09-01,2009,9,42,Santa Catarina,24.88837,57.10594,SC,Santa Catarina,South,TRUE,TRUE,mapped
200909,2009-09-01,2009,9,43,Rio Grande do Sul,28.73929,63.26399,RS,Rio Grande do Sul,South,TRUE,TRUE,mapped
200909,2009-09-01,2009,9,50,Mato Grosso do Sul,26.25779,55.04438,MS,Mato Grosso do Sul,Center-West,TRUE,TRUE,mapped
200909,2009-09-01,2009,9,51,Mato Grosso,34.05036,68.50063,MT,Mato Grosso,Center-West,TRUE,TRUE,mapped
200909,2009-09-01,2009,9,52,Goiás,47.75428,95.80802,GO,Goias,Center-West,TRUE,TRUE,mapped
200909,2009-09-01,2009,9,53,Distrito Federal,54.85666,110.09876,DF,Distrito Federal,Center-West,TRUE,TRUE,mapped
200910,2009-10-01,2009,10,11,Rondônia,36.34759,59.87848,RO,Rondonia,North,TRUE,TRUE,mapped
200910,2009-10-01,2009,10,12,Acre,28.32063,51.32996,AC,Acre,North,TRUE,TRUE,mapped
200910,2009-10-01,2009,10,13,Amazonas,40.19627,77.18433,AM,Amazonas,North,TRUE,TRUE,mapped
200910,2009-10-01,2009,10,14,Roraima,20.96436,40.16569,RR,Roraima,North,TRUE,TRUE,mapped
200910,2009-10-01,2009,10,15,Pará,33.4183,65.89453,PA,Para,North,TRUE,TRUE,mapped
200910,2009-10-01,2009,10,16,Amapá,40.66903,73.90141,AP,Amapa,North,TRUE,TRUE,mapped
200910,2009-10-01,2009,10,17,Tocantins,21.95468,43.58794,TO,Tocantins,North,TRUE,TRUE,mapped
200910,2009-10-01,2009,10,21,Maranhão,25.95332,59.22138,MA,Maranhao,Northeast,TRUE,TRUE,mapped
200910,2009-10-01,2009,10,22,Piauí,38.19544,83.24723,PI,Piaui,Northeast,TRUE,TRUE,mapped
200910,2009-10-01,2009,10,23,Ceará,39.78308,85.46329,CE,Ceara,Northeast,TRUE,TRUE,mapped
200910,2009-10-01,2009,10,24,Rio Grande do Norte,35.86919,78.72376,RN,Rio Grande do Norte,Northeast,TRUE,TRUE,mapped
200910,2009-10-01,2009,10,25,Paraíba,31.21532,63.74204,PB,Paraiba,Northeast,TRUE,TRUE,mapped
200910,2009-10-01,2009,10,26,Pernambuco,40.89492,85.82507,PE,Pernambuco,Northeast,TRUE,TRUE,mapped
200910,2009-10-01,2009,10,27,Alagoas,36.63685,78.13569,AL,Alagoas,Northeast,TRUE,TRUE,mapped
200910,2009-10-01,2009,10,28,Sergipe,48.77422,108.24185,SE,Sergipe,Northeast,TRUE,TRUE,mapped
200910,2009-10-01,2009,10,29,Bahia,48.92031,101.19287,BA,Bahia,Northeast,TRUE,TRUE,mapped
200910,2009-10-01,2009,10,31,Minas Gerais,33.30337,70.19597,MG,Minas Gerais,Southeast,TRUE,TRUE,mapped
200910,2009-10-01,2009,10,32,Espírito Santo,34.71806,74.25915,ES,Espirito Santo,Southeast,TRUE,TRUE,mapped
200910,2009-10-01,2009,10,33,Rio de Janeiro,42.64485,90.72856,RJ,Rio de Janeiro,Southeast,TRUE,TRUE,mapped
200910,2009-10-01,2009,10,35,São Paulo,35.34214,77.13409,SP,Sao Paulo,Southeast,TRUE,TRUE,mapped
200910,2009-10-01,2009,10,41,Paraná,33.59728,76.00059,PR,Parana,South,TRUE,TRUE,mapped
200910,2009-10-01,2009,10,42,Santa Catarina,26.7344,60.57309,SC,Santa Catarina,South,TRUE,TRUE,mapped
200910,2009-10-01,2009,10,43,Rio Grande do Sul,31.95809,70.09273,RS,Rio Grande do Sul,South,TRUE,TRUE,mapped
200910,2009-10-01,2009,10,50,Mato Grosso do Sul,28.46028,59.5529,MS,Mato Grosso do Sul,Center-West,TRUE,TRUE,mapped
200910,2009-10-01,2009,10,51,Mato Grosso,36.27104,72.63215,MT,Mato Grosso,Center-West,TRUE,TRUE,mapped
200910,2009-10-01,2009,10,52,Goiás,51.52435,103.32471,GO,Goias,Center-West,TRUE,TRUE,mapped
200910,2009-10-01,2009,10,53,Distrito Federal,60.09082,117.93543,DF,Distrito Federal,Center-West,TRUE,TRUE,mapped
200911,2009-11-01,2009,11,11,Rondônia,36.77395,60.5311,RO,Rondonia,North,TRUE,TRUE,mapped
200911,2009-11-01,2009,11,12,Acre,28.95662,52.99402,AC,Acre,North,TRUE,TRUE,mapped
200911,2009-11-01,2009,11,13,Amazonas,39.11874,75.57984,AM,Amazonas,North,TRUE,TRUE,mapped
200911,2009-11-01,2009,11,14,Roraima,21.64502,41.76613,RR,Roraima,North,TRUE,TRUE,mapped
200911,2009-11-01,2009,11,15,Pará,31.17707,61.59545,PA,Para,North,TRUE,TRUE,mapped
200911,2009-11-01,2009,11,16,Amapá,37.70726,68.4388,AP,Amapa,North,TRUE,TRUE,mapped
200911,2009-11-01,2009,11,17,Tocantins,21.44302,42.3867,TO,Tocantins,North,TRUE,TRUE,mapped
200911,2009-11-01,2009,11,21,Maranhão,25.21913,57.19479,MA,Maranhao,Northeast,TRUE,TRUE,mapped
200911,2009-11-01,2009,11,22,Piauí,37.43865,81.18399,PI,Piaui,Northeast,TRUE,TRUE,mapped
200911,2009-11-01,2009,11,23,Ceará,38.44542,81.78638,CE,Ceara,Northeast,TRUE,TRUE,mapped
200911,2009-11-01,2009,11,24,Rio Grande do Norte,35.05104,76.289,RN,Rio Grande do Norte,Northeast,TRUE,TRUE,mapped
200911,2009-11-01,2009,11,25,Paraíba,30.46154,61.8028,PB,Paraiba,Northeast,TRUE,TRUE,mapped
200911,2009-11-01,2009,11,26,Pernambuco,40.94449,85.4354,PE,Pernambuco,Northeast,TRUE,TRUE,mapped
200911,2009-11-01,2009,11,27,Alagoas,37.07932,78.74887,AL,Alagoas,Northeast,TRUE,TRUE,mapped
200911,2009-11-01,2009,11,28,Sergipe,47.87099,106.01851,SE,Sergipe,Northeast,TRUE,TRUE,mapped
200911,2009-11-01,2009,11,29,Bahia,46.7562,97.03733,BA,Bahia,Northeast,TRUE,TRUE,mapped
200911,2009-11-01,2009,11,31,Minas Gerais,31.62387,66.45435,MG,Minas Gerais,Southeast,TRUE,TRUE,mapped
200911,2009-11-01,2009,11,32,Espírito Santo,33.68555,71.86635,ES,Espirito Santo,Southeast,TRUE,TRUE,mapped
200911,2009-11-01,2009,11,33,Rio de Janeiro,42.22676,90.41891,RJ,Rio de Janeiro,Southeast,TRUE,TRUE,mapped
200911,2009-11-01,2009,11,35,São Paulo,34.95937,76.19029,SP,Sao Paulo,Southeast,TRUE,TRUE,mapped
200911,2009-11-01,2009,11,41,Paraná,32.63616,73.76781,PR,Parana,South,TRUE,TRUE,mapped
200911,2009-11-01,2009,11,42,Santa Catarina,26.60254,60.16519,SC,Santa Catarina,South,TRUE,TRUE,mapped
200911,2009-11-01,2009,11,43,Rio Grande do Sul,30.31037,65.93269,RS,Rio Grande do Sul,South,TRUE,TRUE,mapped
200911,2009-11-01,2009,11,50,Mato Grosso do Sul,27.59993,57.66874,MS,Mato Grosso do Sul,Center-West,TRUE,TRUE,mapped
200911,2009-11-01,2009,11,51,Mato Grosso,34.65996,69.32693,MT,Mato Grosso,Center-West,TRUE,TRUE,mapped
200911,2009-11-01,2009,11,52,Goiás,49.70215,99.50671,GO,Goias,Center-West,TRUE,TRUE,mapped
200911,2009-11-01,2009,11,53,Distrito Federal,58.59535,117.67849,DF,Distrito Federal,Center-West,TRUE,TRUE,mapped
200912,2009-12-01,2009,12,11,Rondônia,54.84115,88.7572,RO,Rondonia,North,TRUE,TRUE,mapped
200912,2009-12-01,2009,12,12,Acre,39.73118,72.06675,AC,Acre,North,TRUE,TRUE,mapped
200912,2009-12-01,2009,12,13,Amazonas,53.40763,100.91386,AM,Amazonas,North,TRUE,TRUE,mapped
200912,2009-12-01,2009,12,14,Roraima,27.03585,51.26547,RR,Roraima,North,TRUE,TRUE,mapped
200912,2009-12-01,2009,12,15,Pará,49.10689,96.58107,PA,Para,North,TRUE,TRUE,mapped
200912,2009-12-01,2009,12,16,Amapá,58.17439,104.80422,AP,Amapa,North,TRUE,TRUE,mapped
200912,2009-12-01,2009,12,17,Tocantins,28.65272,57.14482,TO,Tocantins,North,TRUE,TRUE,mapped
200912,2009-12-01,2009,12,21,Maranhão,36.37869,82.41454,MA,Maranhao,Northeast,TRUE,TRUE,mapped
200912,2009-12-01,2009,12,22,Piauí,53.15309,115.09289,PI,Piaui,Northeast,TRUE,TRUE,mapped
200912,2009-12-01,2009,12,23,Ceará,55.14144,115.77295,CE,Ceara,Northeast,TRUE,TRUE,mapped
200912,2009-12-01,2009,12,24,Rio Grande do Norte,49.64846,107.03906,RN,Rio Grande do Norte,Northeast,TRUE,TRUE,mapped
200912,2009-12-01,2009,12,25,Paraíba,44.78334,89.71102,PB,Paraiba,Northeast,TRUE,TRUE,mapped
200912,2009-12-01,2009,12,26,Pernambuco,57.15375,117.38843,PE,Pernambuco,Northeast,TRUE,TRUE,mapped
200912,2009-12-01,2009,12,27,Alagoas,53.40662,111.86018,AL,Alagoas,Northeast,TRUE,TRUE,mapped
200912,2009-12-01,2009,12,28,Sergipe,67.79842,147.79401,SE,Sergipe,Northeast,TRUE,TRUE,mapped
200912,2009-12-01,2009,12,29,Bahia,65.03724,135.11101,BA,Bahia,Northeast,TRUE,TRUE,mapped
200912,2009-12-01,2009,12,31,Minas Gerais,42.27439,89.22941,MG,Minas Gerais,Southeast,TRUE,TRUE,mapped
200912,2009-12-01,2009,12,32,Espírito Santo,45.77449,97.36199,ES,Espirito Santo,Southeast,TRUE,TRUE,mapped
200912,2009-12-01,2009,12,33,Rio de Janeiro,59.15928,124.58404,RJ,Rio de Janeiro,Southeast,TRUE,TRUE,mapped
200912,2009-12-01,2009,12,35,São Paulo,45.67685,99.69946,SP,Sao Paulo,Southeast,TRUE,TRUE,mapped
200912,2009-12-01,2009,12,41,Paraná,44.33671,99.70247,PR,Parana,South,TRUE,TRUE,mapped
200912,2009-12-01,2009,12,42,Santa Catarina,36.12934,81.71589,SC,Santa Catarina,South,TRUE,TRUE,mapped
200912,2009-12-01,2009,12,43,Rio Grande do Sul,42.80238,93.64012,RS,Rio Grande do Sul,South,TRUE,TRUE,mapped
200912,2009-12-01,2009,12,50,Mato Grosso do Sul,36.78844,75.50097,MS,Mato Grosso do Sul,Center-West,TRUE,TRUE,mapped
200912,2009-12-01,2009,12,51,Mato Grosso,47.54859,95.10762,MT,Mato Grosso,Center-West,TRUE,TRUE,mapped
200912,2009-12-01,2009,12,52,Goiás,68.11268,135.89705,GO,Goias,Center-West,TRUE,TRUE,mapped
200912,2009-12-01,2009,12,53,Distrito Federal,76.54102,153.1362,DF,Distrito Federal,Center-West,TRUE,TRUE,mapped
201001,2010-01-01,2010,1,11,Rondônia,34.16247,55.71798,RO,Rondonia,North,TRUE,TRUE,mapped
201001,2010-01-01,2010,1,12,Acre,27.46016,49.66589,AC,Acre,North,TRUE,TRUE,mapped
201001,2010-01-01,2010,1,13,Amazonas,38.7908,73.63756,AM,Amazonas,North,TRUE,TRUE,mapped
201001,2010-01-01,2010,1,14,Roraima,20.50151,38.46201,RR,Roraima,North,TRUE,TRUE,mapped
201001,2010-01-01,2010,1,15,Pará,31.93749,61.96606,PA,Para,North,TRUE,TRUE,mapped
201001,2010-01-01,2010,1,16,Amapá,40.49221,72.65282,AP,Amapa,North,TRUE,TRUE,mapped
201001,2010-01-01,2010,1,17,Tocantins,22.18725,43.67375,TO,Tocantins,North,TRUE,TRUE,mapped
201001,2010-01-01,2010,1,21,Maranhão,27.38497,62.14867,MA,Maranhao,Northeast,TRUE,TRUE,mapped
201001,2010-01-01,2010,1,22,Piauí,37.48317,81.99135,PI,Piaui,Northeast,TRUE,TRUE,mapped
201001,2010-01-01,2010,1,23,Ceará,39.684,85.16516,CE,Ceara,Northeast,TRUE,TRUE,mapped
201001,2010-01-01,2010,1,24,Rio Grande do Norte,36.38591,79.35499,RN,Rio Grande do Norte,Northeast,TRUE,TRUE,mapped
201001,2010-01-01,2010,1,25,Paraíba,31.57004,63.91067,PB,Paraiba,Northeast,TRUE,TRUE,mapped
201001,2010-01-01,2010,1,26,Pernambuco,41.19234,85.82507,PE,Pernambuco,Northeast,TRUE,TRUE,mapped
201001,2010-01-01,2010,1,27,Alagoas,37.96427,80.85117,AL,Alagoas,Northeast,TRUE,TRUE,mapped
201001,2010-01-01,2010,1,28,Sergipe,51.87906,114.3268,SE,Sergipe,Northeast,TRUE,TRUE,mapped
201001,2010-01-01,2010,1,29,Bahia,47.95215,98.83432,BA,Bahia,Northeast,TRUE,TRUE,mapped
201001,2010-01-01,2010,1,31,Minas Gerais,32.89374,69.38258,MG,Minas Gerais,Southeast,TRUE,TRUE,mapped
201001,2010-01-01,2010,1,32,Espírito Santo,35.62151,75.41429,ES,Espirito Santo,Southeast,TRUE,TRUE,mapped
201001,2010-01-01,2010,1,33,Rio de Janeiro,42.85389,91.03822,RJ,Rio de Janeiro,Southeast,TRUE,TRUE,mapped
201001,2010-01-01,2010,1,35,São Paulo,34.53408,74.98909,SP,Sao Paulo,Southeast,TRUE,TRUE,mapped
201001,2010-01-01,2010,1,41,Paraná,34.22409,77.11698,PR,Parana,South,TRUE,TRUE,mapped
201001,2010-01-01,2010,1,42,Santa Catarina,28.05298,62.54461,SC,Santa Catarina,South,TRUE,TRUE,mapped
201001,2010-01-01,2010,1,43,Rio Grande do Sul,29.88886,65.46174,RS,Rio Grande do Sul,South,TRUE,TRUE,mapped
201001,2010-01-01,2010,1,50,Mato Grosso do Sul,28.15055,58.20707,MS,Mato Grosso do Sul,Center-West,TRUE,TRUE,mapped
201001,2010-01-01,2010,1,51,Mato Grosso,35.09539,70.15323,MT,Mato Grosso,Center-West,TRUE,TRUE,mapped
201001,2010-01-01,2010,1,52,Goiás,52.46687,105.35303,GO,Goias,Center-West,TRUE,TRUE,mapped
201001,2010-01-01,2010,1,53,Distrito Federal,57.71166,114.33827,DF,Distrito Federal,Center-West,TRUE,TRUE,mapped
201002,2010-02-01,2010,2,11,Rondônia,37.20031,60.85742,RO,Rondonia,North,TRUE,TRUE,mapped
201002,2010-02-01,2010,2,12,Acre,27.04863,48.76986,AC,Acre,North,TRUE,TRUE,mapped
201002,2010-02-01,2010,2,13,Amazonas,36.35467,68.6552,AM,Amazonas,North,TRUE,TRUE,mapped
201002,2010-02-01,2010,2,14,Roraima,20.61041,38.72014,RR,Roraima,North,TRUE,TRUE,mapped
201002,2010-02-01,2010,2,15,Pará,28.65569,55.44332,PA,Para,North,TRUE,TRUE,mapped
201002,2010-02-01,2010,2,16,Amapá,35.40858,63.4444,AP,Amapa,North,TRUE,TRUE,mapped
201002,2010-02-01,2010,2,17,Tocantins,27.30381,53.28369,TO,Tocantins,North,TRUE,TRUE,mapped
201002,2010-02-01,2010,2,21,Maranhão,24.2647,54.79291,MA,Maranhao,Northeast,TRUE,TRUE,mapped
201002,2010-02-01,2010,2,22,Piauí,33.56569,73.64868,PI,Piaui,Northeast,TRUE,TRUE,mapped
201002,2010-02-01,2010,2,23,Ceará,36.26553,77.81135,CE,Ceara,Northeast,TRUE,TRUE,mapped
201002,2010-02-01,2010,2,24,Rio Grande do Norte,32.98415,72.23108,RN,Rio Grande do Norte,Northeast,TRUE,TRUE,mapped
201002,2010-02-01,2010,2,25,Paraíba,28.46624,57.50274,PB,Paraiba,Northeast,TRUE,TRUE,mapped
201002,2010-02-01,2010,2,26,Pernambuco,37.47462,77.83681,PE,Pernambuco,Northeast,TRUE,TRUE,mapped
201002,2010-02-01,2010,2,27,Alagoas,34.02625,71.82878,AL,Alagoas,Northeast,TRUE,TRUE,mapped
201002,2010-02-01,2010,2,28,Sergipe,46.4597,102.15691,SE,Sergipe,Northeast,TRUE,TRUE,mapped
201002,2010-02-01,2010,2,29,Bahia,44.19343,90.29863,BA,Bahia,Northeast,TRUE,TRUE,mapped
201002,2010-02-01,2010,2,31,Minas Gerais,30.14918,62.38738,MG,Minas Gerais,Southeast,TRUE,TRUE,mapped
201002,2010-02-01,2010,2,32,Espírito Santo,33.25534,69.72109,ES,Espirito Santo,Southeast,TRUE,TRUE,mapped
201002,2010-02-01,2010,2,33,Rio de Janeiro,40.55442,85.25801,RJ,Rio de Janeiro,Southeast,TRUE,TRUE,mapped
201002,2010-02-01,2010,2,35,São Paulo,32.66277,70.0127,SP,Sao Paulo,Southeast,TRUE,TRUE,mapped
201002,2010-02-01,2010,2,41,Paraná,31.21538,70.161,PR,Parana,South,TRUE,TRUE,mapped
201002,2010-02-01,2010,2,42,Santa Catarina,26.80033,59.21343,SC,Santa Catarina,South,TRUE,TRUE,mapped
201002,2010-02-01,2010,2,43,Rio Grande do Sul,28.54769,62.00813,RS,Rio Grande do Sul,South,TRUE,TRUE,mapped
201002,2010-02-01,2010,2,50,Mato Grosso do Sul,26.49869,54.70792,MS,Mato Grosso do Sul,Center-West,TRUE,TRUE,mapped
201002,2010-02-01,2010,2,51,Mato Grosso,34.61642,68.83115,MT,Mato Grosso,Center-West,TRUE,TRUE,mapped
201002,2010-02-01,2010,2,52,Goiás,47.18877,93.42177,GO,Goias,Center-West,TRUE,TRUE,mapped
201002,2010-02-01,2010,2,53,Distrito Federal,54.04095,106.63007,DF,Distrito Federal,Center-West,TRUE,TRUE,mapped
201003,2010-03-01,2010,3,11,Rondônia,42.47658,69.83103,RO,Rondonia,North,TRUE,TRUE,mapped
201003,2010-03-01,2010,3,12,Acre,30.75238,55.93813,AC,Acre,North,TRUE,TRUE,mapped
201003,2010-03-01,2010,3,13,Amazonas,39.44669,73.8909,AM,Amazonas,North,TRUE,TRUE,mapped
201003,2010-03-01,2010,3,14,Roraima,23.03357,42.90192,RR,Roraima,North,TRUE,TRUE,mapped
201003,2010-03-01,2010,3,15,Pará,32.65788,63.07789,PA,Para,North,TRUE,TRUE,mapped
201003,2010-03-01,2010,3,16,Amapá,39.12184,69.76543,AP,Amapa,North,TRUE,TRUE,mapped
201003,2010-03-01,2010,3,17,Tocantins,32.37385,63.49425,TO,Tocantins,North,TRUE,TRUE,mapped
201003,2010-03-01,2010,3,21,Maranhão,28.33941,64.17526,MA,Maranhao,Northeast,TRUE,TRUE,mapped
201003,2010-03-01,2010,3,22,Piauí,38.77415,85.13106,PI,Piaui,Northeast,TRUE,TRUE,mapped
201003,2010-03-01,2010,3,23,Ceará,40.87303,87.35143,CE,Ceara,Northeast,TRUE,TRUE,mapped
201003,2010-03-01,2010,3,24,Rio Grande do Norte,38.32362,85.30662,RN,Rio Grande do Norte,Northeast,TRUE,TRUE,mapped
201003,2010-03-01,2010,3,25,Paraíba,34.27478,69.13819,PB,Paraiba,Northeast,TRUE,TRUE,mapped
201003,2010-03-01,2010,3,26,Pernambuco,42.97685,88.65019,PE,Pernambuco,Northeast,TRUE,TRUE,mapped
201003,2010-03-01,2010,3,27,Alagoas,39.38019,82.5155,AL,Alagoas,Northeast,TRUE,TRUE,mapped
201003,2010-03-01,2010,3,28,Sergipe,51.42744,112.33749,SE,Sergipe,Northeast,TRUE,TRUE,mapped
201003,2010-03-01,2010,3,29,Bahia,51.36917,104.22528,BA,Bahia,Northeast,TRUE,TRUE,mapped
201003,2010-03-01,2010,3,31,Minas Gerais,34.45035,70.92803,MG,Minas Gerais,Southeast,TRUE,TRUE,mapped
201003,2010-03-01,2010,3,32,Espírito Santo,36.91214,76.65194,ES,Espirito Santo,Southeast,TRUE,TRUE,mapped
201003,2010-03-01,2010,3,33,Rio de Janeiro,44.99659,93.61866,RJ,Rio de Janeiro,Southeast,TRUE,TRUE,mapped
201003,2010-03-01,2010,3,35,São Paulo,37.21345,79.36489,SP,Sao Paulo,Southeast,TRUE,TRUE,mapped
201003,2010-03-01,2010,3,41,Paraná,36.14632,80.46616,PR,Parana,South,TRUE,TRUE,mapped
201003,2010-03-01,2010,3,42,Santa Catarina,28.64635,63.02049,SC,Santa Catarina,South,TRUE,TRUE,mapped
201003,2010-03-01,2010,3,43,Rio Grande do Sul,33.33757,71.58407,RS,Rio Grande do Sul,South,TRUE,TRUE,mapped
201003,2010-03-01,2010,3,50,Mato Grosso do Sul,29.66476,61.57164,MS,Mato Grosso do Sul,Center-West,TRUE,TRUE,mapped
201003,2010-03-01,2010,3,51,Mato Grosso,39.1884,78.00313,MT,Mato Grosso,Center-West,TRUE,TRUE,mapped
201003,2010-03-01,2010,3,52,Goiás,53.7864,106.30753,GO,Goias,Center-West,TRUE,TRUE,mapped
201003,2010-03-01,2010,3,53,Distrito Federal,61.79022,123.07422,DF,Distrito Federal,Center-West,TRUE,TRUE,mapped
201004,2010-04-01,2010,4,11,Rondônia,41.35737,67.79157,RO,Rondonia,North,TRUE,TRUE,mapped
201004,2010-04-01,2010,4,12,Acre,29.14368,52.80201,AC,Acre,North,TRUE,TRUE,mapped
201004,2010-04-01,2010,4,13,Amazonas,38.41601,71.77973,AM,Amazonas,North,TRUE,TRUE,mapped
201004,2010-04-01,2010,4,14,Roraima,23.36028,43.88283,RR,Roraima,North,TRUE,TRUE,mapped
201004,2010-04-01,2010,4,15,Pará,31.81742,60.85423,PA,Para,North,TRUE,TRUE,mapped
201004,2010-04-01,2010,4,16,Amapá,38.32614,68.28272,AP,Amapa,North,TRUE,TRUE,mapped
201004,2010-04-01,2010,4,17,Tocantins,31.21099,61.60658,TO,Tocantins,North,TRUE,TRUE,mapped
201004,2010-04-01,2010,4,21,Maranhão,27.16471,60.6475,MA,Maranhao,Northeast,TRUE,TRUE,mapped
201004,2010-04-01,2010,4,22,Piauí,33.96634,73.9178,PI,Piaui,Northeast,TRUE,TRUE,mapped
201004,2010-04-01,2010,4,23,Ceará,39.88217,84.66829,CE,Ceara,Northeast,TRUE,TRUE,mapped
201004,2010-04-01,2010,4,24,Rio Grande do Norte,35.78307,78.00235,RN,Rio Grande do Norte,Northeast,TRUE,TRUE,mapped
201004,2010-04-01,2010,4,25,Paraíba,31.57004,62.47732,PB,Paraiba,Northeast,TRUE,TRUE,mapped
201004,2010-04-01,2010,4,26,Pernambuco,40.25052,81.73352,PE,Pernambuco,Northeast,TRUE,TRUE,mapped
201004,2010-04-01,2010,4,27,Alagoas,39.24745,81.72713,AL,Alagoas,Northeast,TRUE,TRUE,mapped
201004,2010-04-01,2010,4,28,Sergipe,48.2097,103.21007,SE,Sergipe,Northeast,TRUE,TRUE,mapped
201004,2010-04-01,2010,4,29,Bahia,47.15485,94.56647,BA,Bahia,Northeast,TRUE,TRUE,mapped
201004,2010-04-01,2010,4,31,Minas Gerais,33.42626,68.32516,MG,Minas Gerais,Southeast,TRUE,TRUE,mapped
201004,2010-04-01,2010,4,32,Espírito Santo,34.8041,70.87623,ES,Espirito Santo,Southeast,TRUE,TRUE,mapped
201004,2010-04-01,2010,4,33,Rio de Janeiro,42.27902,86.59984,RJ,Rio de Janeiro,Southeast,TRUE,TRUE,mapped
201004,2010-04-01,2010,4,35,São Paulo,36.32032,76.36189,SP,Sao Paulo,Southeast,TRUE,TRUE,mapped
201004,2010-04-01,2010,4,41,Paraná,34.76733,76.3441,PR,Parana,South,TRUE,TRUE,mapped
201004,2010-04-01,2010,4,42,Santa Catarina,27.49258,59.89326,SC,Santa Catarina,South,TRUE,TRUE,mapped
201004,2010-04-01,2010,4,43,Rio Grande do Sul,32.64783,69.22933,RS,Rio Grande do Sul,South,TRUE,TRUE,mapped
201004,2010-04-01,2010,4,50,Mato Grosso do Sul,29.14856,60.89873,MS,Mato Grosso do Sul,Center-West,TRUE,TRUE,mapped
201004,2010-04-01,2010,4,51,Mato Grosso,36.83709,73.45845,MT,Mato Grosso,Center-West,TRUE,TRUE,mapped
201004,2010-04-01,2010,4,52,Goiás,52.3412,103.32471,GO,Goias,Center-West,TRUE,TRUE,mapped
201004,2010-04-01,2010,4,53,Distrito Federal,59.0032,113.31051,DF,Distrito Federal,Center-West,TRUE,TRUE,mapped
201005,2010-05-01,2010,5,11,Rondônia,46.47375,77.00992,RO,Rondonia,North,TRUE,TRUE,mapped
201005,2010-05-01,2010,5,12,Acre,29.03145,53.82605,AC,Acre,North,TRUE,TRUE,mapped
201005,2010-05-01,2010,5,13,Amazonas,41.18009,77.60656,AM,Amazonas,North,TRUE,TRUE,mapped
201005,2010-05-01,2010,5,14,Roraima,24.31321,45.68977,RR,Roraima,North,TRUE,TRUE,mapped
201005,2010-05-01,2010,5,15,Pará,35.9797,69.30415,PA,Para,North,TRUE,TRUE,mapped
201005,2010-05-01,2010,5,16,Amapá,45.08957,81.23693,AP,Amapa,North,TRUE,TRUE,mapped
201005,2010-05-01,2010,5,17,Tocantins,33.72276,66.84057,TO,Tocantins,North,TRUE,TRUE,mapped
201005,2010-05-01,2010,5,21,Maranhão,30.61537,67.77808,MA,Maranhao,Northeast,TRUE,TRUE,mapped
201005,2010-05-01,2010,5,22,Piauí,39.08577,84.14429,PI,Piaui,Northeast,TRUE,TRUE,mapped
201005,2010-05-01,2010,5,23,Ceará,43.10247,90.82959,CE,Ceara,Northeast,TRUE,TRUE,mapped
201005,2010-05-01,2010,5,24,Rio Grande do Norte,38.53892,83.23256,RN,Rio Grande do Norte,Northeast,TRUE,TRUE,mapped
201005,2010-05-01,2010,5,25,Paraíba,37.64461,74.02845,PB,Paraiba,Northeast,TRUE,TRUE,mapped
201005,2010-05-01,2010,5,26,Pernambuco,43.8691,89.13727,PE,Pernambuco,Northeast,TRUE,TRUE,mapped
201005,2010-05-01,2010,5,27,Alagoas,40.97309,84.17982,AL,Alagoas,Northeast,TRUE,TRUE,mapped
201005,2010-05-01,2010,5,28,Sergipe,52.55648,112.45451,SE,Sergipe,Northeast,TRUE,TRUE,mapped
201005,2010-05-01,2010,5,29,Bahia,50.85662,101.97905,BA,Bahia,Northeast,TRUE,TRUE,mapped
201005,2010-05-01,2010,5,31,Minas Gerais,35.26962,72.55481,MG,Minas Gerais,Southeast,TRUE,TRUE,mapped
201005,2010-05-01,2010,5,32,Espírito Santo,36.39589,73.68158,ES,Espirito Santo,Southeast,TRUE,TRUE,mapped
201005,2010-05-01,2010,5,33,Rio de Janeiro,45.41467,92.48327,RJ,Rio de Janeiro,Southeast,TRUE,TRUE,mapped
201005,2010-05-01,2010,5,35,São Paulo,38.10657,80.05129,SP,Sao Paulo,Southeast,TRUE,TRUE,mapped
201005,2010-05-01,2010,5,41,Paraná,36.43884,79.86503,PR,Parana,South,TRUE,TRUE,mapped
201005,2010-05-01,2010,5,42,Santa Catarina,28.28374,61.45687,SC,Santa Catarina,South,TRUE,TRUE,mapped
201005,2010-05-01,2010,5,43,Rio Grande do Sul,34.44883,73.62484,RS,Rio Grande do Sul,South,TRUE,TRUE,mapped
201005,2010-05-01,2010,5,50,Mato Grosso do Sul,31.41987,66.08017,MS,Mato Grosso do Sul,Center-West,TRUE,TRUE,mapped
201005,2010-05-01,2010,5,51,Mato Grosso,39.40611,78.91206,MT,Mato Grosso,Center-West,TRUE,TRUE,mapped
201005,2010-05-01,2010,5,52,Goiás,55.67144,110.84141,GO,Goias,Center-West,TRUE,TRUE,mapped
201005,2010-05-01,2010,5,53,Distrito Federal,62.74188,122.04646,DF,Distrito Federal,Center-West,TRUE,TRUE,mapped
201006,2010-06-01,2010,6,11,Rondônia,42.36999,69.01525,RO,Rondonia,North,TRUE,TRUE,mapped
201006,2010-06-01,2010,6,12,Acre,29.89192,54.53008,AC,Acre,North,TRUE,TRUE,mapped
201006,2010-06-01,2010,6,13,Amazonas,40.7116,76.08652,AM,Amazonas,North,TRUE,TRUE,mapped
201006,2010-06-01,2010,6,14,Roraima,24.99387,47.2902,RR,Roraima,North,TRUE,TRUE,mapped
201006,2010-06-01,2010,6,15,Pará,32.73793,62.92965,PA,Para,North,TRUE,TRUE,mapped
201006,2010-06-01,2010,6,16,Amapá,41.42052,74.21356,AP,Amapa,North,TRUE,TRUE,mapped
201006,2010-06-01,2010,6,17,Tocantins,33.16459,65.89673,TO,Tocantins,North,TRUE,TRUE,mapped
201006,2010-06-01,2010,6,21,Maranhão,29.9546,66.05173,MA,Maranhao,Northeast,TRUE,TRUE,mapped
201006,2010-06-01,2010,6,22,Piauí,37.08251,79.38987,PI,Piaui,Northeast,TRUE,TRUE,mapped
201006,2010-06-01,2010,6,23,Ceará,41.02166,86.2583,CE,Ceara,Northeast,TRUE,TRUE,mapped
201006,2010-06-01,2010,6,24,Rio Grande do Norte,36.42897,78.09253,RN,Rio Grande do Norte,Northeast,TRUE,TRUE,mapped
201006,2010-06-01,2010,6,25,Paraíba,36.44743,71.16175,PB,Paraiba,Northeast,TRUE,TRUE,mapped
201006,2010-06-01,2010,6,26,Pernambuco,41.78718,84.26638,PE,Pernambuco,Northeast,TRUE,TRUE,mapped
201006,2010-06-01,2010,6,27,Alagoas,36.81384,74.98224,AL,Alagoas,Northeast,TRUE,TRUE,mapped
201006,2010-06-01,2010,6,28,Sergipe,51.87906,110.23116,SE,Sergipe,Northeast,TRUE,TRUE,mapped
201006,2010-06-01,2010,6,29,Bahia,49.48981,98.49738,BA,Bahia,Northeast,TRUE,TRUE,mapped
201006,2010-06-01,2010,6,31,Minas Gerais,34.2865,70.68401,MG,Minas Gerais,Southeast,TRUE,TRUE,mapped
201006,2010-06-01,2010,6,32,Espírito Santo,34.8041,71.04125,ES,Espirito Santo,Southeast,TRUE,TRUE,mapped
201006,2010-06-01,2010,6,33,Rio de Janeiro,44.10815,90.10925,RJ,Rio de Janeiro,Southeast,TRUE,TRUE,mapped
201006,2010-06-01,2010,6,35,São Paulo,36.5755,77.90629,SP,Sao Paulo,Southeast,TRUE,TRUE,mapped
201006,2010-06-01,2010,6,41,Paraná,34.60018,76.08647,PR,Parana,South,TRUE,TRUE,mapped
201006,2010-06-01,2010,6,42,Santa Catarina,27.16294,60.02923,SC,Santa Catarina,South,TRUE,TRUE,mapped
201006,2010-06-01,2010,6,43,Rio Grande do Sul,32.83943,70.56368,RS,Rio Grande do Sul,South,TRUE,TRUE,mapped
201006,2010-06-01,2010,6,50,Mato Grosso do Sul,29.28621,62.17727,MS,Mato Grosso do Sul,Center-West,TRUE,TRUE,mapped
201006,2010-06-01,2010,6,51,Mato Grosso,37.22898,75.02843,MT,Mato Grosso,Center-West,TRUE,TRUE,mapped
201006,2010-06-01,2010,6,52,Goiás,52.52971,104.51784,GO,Goias,Center-West,TRUE,TRUE,mapped
201006,2010-06-01,2010,6,53,Distrito Federal,60.09082,116.90767,DF,Distrito Federal,Center-West,TRUE,TRUE,mapped
201007,2010-07-01,2010,7,11,Rondônia,45.35454,73.257320000000007,RO,Rondonia,North,TRUE,TRUE,mapped
201007,2010-07-01,2010,7,12,Acre,32.62297,58.81824,AC,Acre,North,TRUE,TRUE,mapped
201007,2010-07-01,2010,7,13,Amazonas,41.36749,77.69101,AM,Amazonas,North,TRUE,TRUE,mapped
201007,2010-07-01,2010,7,14,Roraima,24.74883,46.7223,RR,Roraima,North,TRUE,TRUE,mapped
201007,2010-07-01,2010,7,15,Pará,34.97915,67.30285,PA,Para,North,TRUE,TRUE,mapped
201007,2010-07-01,2010,7,16,Amapá,45.08957,81.08085,AP,Amapa,North,TRUE,TRUE,mapped
201007,2010-07-01,2010,7,17,Tocantins,36.09498,72.41776,TO,Tocantins,North,TRUE,TRUE,mapped
201007,2010-07-01,2010,7,21,Maranhão,32.52424,71.53102,MA,Maranhao,Northeast,TRUE,TRUE,mapped
201007,2010-07-01,2010,7,22,Piauí,41,87.10459,PI,Piaui,Northeast,TRUE,TRUE,mapped
201007,2010-07-01,2010,7,23,Ceará,44.24196,92.0221,CE,Ceara,Northeast,TRUE,TRUE,mapped
201007,2010-07-01,2010,7,24,Rio Grande do Norte,39.18482,84.67538,RN,Rio Grande do Norte,Northeast,TRUE,TRUE,mapped
201007,2010-07-01,2010,7,25,Paraíba,39.37387,76.97948,PB,Paraiba,Northeast,TRUE,TRUE,mapped
201007,2010-07-01,2010,7,26,Pernambuco,43.17513,88.1631,PE,Pernambuco,Northeast,TRUE,TRUE,mapped
201007,2010-07-01,2010,7,27,Alagoas,39.86691,82.34031,AL,Alagoas,Northeast,TRUE,TRUE,mapped
201007,2010-07-01,2010,7,28,Sergipe,52.33067,112.22047,SE,Sergipe,Northeast,TRUE,TRUE,mapped
201007,2010-07-01,2010,7,29,Bahia,49.54676,100.06975,BA,Bahia,Northeast,TRUE,TRUE,mapped
201007,2010-07-01,2010,7,31,Minas Gerais,35.72022,74.26294,MG,Minas Gerais,Southeast,TRUE,TRUE,mapped
201007,2010-07-01,2010,7,32,Espírito Santo,36.95516,75.90935,ES,Espirito Santo,Southeast,TRUE,TRUE,mapped
201007,2010-07-01,2010,7,33,Rio de Janeiro,45.31015,92.99936,RJ,Rio de Janeiro,Southeast,TRUE,TRUE,mapped
201007,2010-07-01,2010,7,35,São Paulo,37.17092,78.85009,SP,Sao Paulo,Southeast,TRUE,TRUE,mapped
201007,2010-07-01,2010,7,41,Paraná,36.10454,79.34977,PR,Parana,South,TRUE,TRUE,mapped
201007,2010-07-01,2010,7,42,Santa Catarina,28.02002,62.00074,SC,Santa Catarina,South,TRUE,TRUE,mapped
201007,2010-07-01,2010,7,43,Rio Grande do Sul,34.6021,74.56673,RS,Rio Grande do Sul,South,TRUE,TRUE,mapped
201007,2010-07-01,2010,7,50,Mato Grosso do Sul,30.4907,64.59976,MS,Mato Grosso do Sul,Center-West,TRUE,TRUE,mapped
201007,2010-07-01,2010,7,51,Mato Grosso,40.53822,81.63886,MT,Mato Grosso,Center-West,TRUE,TRUE,mapped
201007,2010-07-01,2010,7,52,Goiás,55.98561,111.79591,GO,Goias,Center-West,TRUE,TRUE,mapped
201007,2010-07-01,2010,7,53,Distrito Federal,63.62557,123.33116,DF,Distrito Federal,Center-West,TRUE,TRUE,mapped
201008,2010-08-01,2010,8,11,Rondônia,44.71499,73.257320000000007,RO,Rondonia,North,TRUE,TRUE,mapped
201008,2010-08-01,2010,8,12,Acre,31.42579,57.6662,AC,Acre,North,TRUE,TRUE,mapped
201008,2010-08-01,2010,8,13,Amazonas,44.7406,84.95343,AM,Amazonas,North,TRUE,TRUE,mapped
201008,2010-08-01,2010,8,14,Roraima,25.62008,48.58087,RR,Roraima,North,TRUE,TRUE,mapped
201008,2010-08-01,2010,8,15,Pará,35.13924,68.19232,PA,Para,North,TRUE,TRUE,mapped
201008,2010-08-01,2010,8,16,Amapá,42.43725,77.33506,AP,Amapa,North,TRUE,TRUE,mapped
201008,2010-08-01,2010,8,17,Tocantins,37.67646,74.39123,TO,Tocantins,North,TRUE,TRUE,mapped
201008,2010-08-01,2010,8,21,Maranhão,32.08373,70.93055,MA,Maranhao,Northeast,TRUE,TRUE,mapped
201008,2010-08-01,2010,8,22,Piauí,40.64386,87.73254,PI,Piaui,Northeast,TRUE,TRUE,mapped
201008,2010-08-01,2010,8,23,Ceará,44.04379,92.41961,CE,Ceara,Northeast,TRUE,TRUE,mapped
201008,2010-08-01,2010,8,24,Rio Grande do Norte,38.96952,83.8638,RN,Rio Grande do Norte,Northeast,TRUE,TRUE,mapped
201008,2010-08-01,2010,8,25,Paraíba,40.83709,80.18344,PB,Paraiba,Northeast,TRUE,TRUE,mapped
201008,2010-08-01,2010,8,26,Pernambuco,44.26566,91.4753,PE,Pernambuco,Northeast,TRUE,TRUE,mapped
201008,2010-08-01,2010,8,27,Alagoas,39.82266,83.21627,AL,Alagoas,Northeast,TRUE,TRUE,mapped
201008,2010-08-01,2010,8,28,Sergipe,52.72583,114.20978,SE,Sergipe,Northeast,TRUE,TRUE,mapped
201008,2010-08-01,2010,8,29,Bahia,49.83151,101.41749,BA,Bahia,Northeast,TRUE,TRUE,mapped
201008,2010-08-01,2010,8,31,Minas Gerais,35.26962,73.77491,MG,Minas Gerais,Southeast,TRUE,TRUE,mapped
201008,2010-08-01,2010,8,32,Espírito Santo,35.92265,74.01162,ES,Espirito Santo,Southeast,TRUE,TRUE,mapped
201008,2010-08-01,2010,8,33,Rio de Janeiro,45.62372,94.23797,RJ,Rio de Janeiro,Southeast,TRUE,TRUE,mapped
201008,2010-08-01,2010,8,35,São Paulo,37.80886,80.39448,SP,Sao Paulo,Southeast,TRUE,TRUE,mapped
201008,2010-08-01,2010,8,41,Paraná,36.94029,80.98142,PR,Parana,South,TRUE,TRUE,mapped
201008,2010-08-01,2010,8,42,Santa Catarina,28.34967,62.34066,SC,Santa Catarina,South,TRUE,TRUE,mapped
201008,2010-08-01,2010,8,43,Rio Grande do Sul,34.18059,73.9388,RS,Rio Grande do Sul,South,TRUE,TRUE,mapped
201008,2010-08-01,2010,8,50,Mato Grosso do Sul,29.87125,62.91747,MS,Mato Grosso do Sul,Center-West,TRUE,TRUE,mapped
201008,2010-08-01,2010,8,51,Mato Grosso,40.49468,81.88676,MT,Mato Grosso,Center-West,TRUE,TRUE,mapped
201008,2010-08-01,2010,8,52,Goiás,55.23159,109.76759,GO,Goias,Center-West,TRUE,TRUE,mapped
201008,2010-08-01,2010,8,53,Distrito Federal,61.99415,121.40412,DF,Distrito Federal,Center-West,TRUE,TRUE,mapped
201009,2010-09-01,2010,9,11,Rondônia,45.35454,74.31784,RO,Rondonia,North,TRUE,TRUE,mapped
201009,2010-09-01,2010,9,12,Acre,32.62297,59.84228,AC,Acre,North,TRUE,TRUE,mapped
201009,2010-09-01,2010,9,13,Amazonas,43.33514,81.57556,AM,Amazonas,North,TRUE,TRUE,mapped
201009,2010-09-01,2010,9,14,Roraima,27.41702,52.65939,RR,Roraima,North,TRUE,TRUE,mapped
201009,2010-09-01,2010,9,15,Pará,34.93913,67.82171,PA,Para,North,TRUE,TRUE,mapped
201009,2010-09-01,2010,9,16,Amapá,42.21622,76.55469,AP,Amapa,North,TRUE,TRUE,mapped
201009,2010-09-01,2010,9,17,Tocantins,38.65326,75.42087,TO,Tocantins,North,TRUE,TRUE,mapped
201009,2010-09-01,2010,9,21,Maranhão,32.04702,70.1049,MA,Maranhao,Northeast,TRUE,TRUE,mapped
201009,2010-09-01,2010,9,22,Piauí,41.08903,87.1943,PI,Piaui,Northeast,TRUE,TRUE,mapped
201009,2010-09-01,2010,9,23,Ceará,42.95384,89.63708,CE,Ceara,Northeast,TRUE,TRUE,mapped
201009,2010-09-01,2010,9,24,Rio Grande do Norte,37.8069,81.69957,RN,Rio Grande do Norte,Northeast,TRUE,TRUE,mapped
201009,2010-09-01,2010,9,25,Paraíba,38.97481,76.5579,PB,Paraiba,Northeast,TRUE,TRUE,mapped
201009,2010-09-01,2010,9,26,Pernambuco,43.32383,89.52695,PE,Pernambuco,Northeast,TRUE,TRUE,mapped
201009,2010-09-01,2010,9,27,Alagoas,38.22976,79.53723,AL,Alagoas,Northeast,TRUE,TRUE,mapped
201009,2010-09-01,2010,9,28,Sergipe,51.8226,112.10346,SE,Sergipe,Northeast,TRUE,TRUE,mapped
201009,2010-09-01,2010,9,29,Bahia,49.66066,101.64211,BA,Bahia,Northeast,TRUE,TRUE,mapped
201009,2010-09-01,2010,9,31,Minas Gerais,35.47444,73.61223,MG,Minas Gerais,Southeast,TRUE,TRUE,mapped
201009,2010-09-01,2010,9,32,Espírito Santo,35.96567,73.92911,ES,Espirito Santo,Southeast,TRUE,TRUE,mapped
201009,2010-09-01,2010,9,33,Rio de Janeiro,45.72824,94.54763,RJ,Rio de Janeiro,Southeast,TRUE,TRUE,mapped
201009,2010-09-01,2010,9,35,São Paulo,37.34104,79.10749,SP,Sao Paulo,Southeast,TRUE,TRUE,mapped
201009,2010-09-01,2010,9,41,Paraná,35.81202,78.74864,PR,Parana,South,TRUE,TRUE,mapped
201009,2010-09-01,2010,9,42,Santa Catarina,28.25077,62.34066,SC,Santa Catarina,South,TRUE,TRUE,mapped
201009,2010-09-01,2010,9,43,Rio Grande do Sul,33.29926,71.89803,RS,Rio Grande do Sul,South,TRUE,TRUE,mapped
201009,2010-09-01,2010,9,50,Mato Grosso do Sul,30.45628,63.4558,MS,Mato Grosso do Sul,Center-West,TRUE,TRUE,mapped
201009,2010-09-01,2010,9,51,Mato Grosso,40.32051,80.56467,MT,Mato Grosso,Center-West,TRUE,TRUE,mapped
201009,2010-09-01,2010,9,52,Goiás,54.72892,108.09722,GO,Goias,Center-West,TRUE,TRUE,mapped
201009,2010-09-01,2010,9,53,Distrito Federal,60.36272,117.29308,DF,Distrito Federal,Center-West,TRUE,TRUE,mapped
201010,2010-10-01,2010,10,11,Rondônia,47.85943,77.0915,RO,Rondonia,North,TRUE,TRUE,mapped
201010,2010-10-01,2010,10,12,Acre,34.23167,61.63435,AC,Acre,North,TRUE,TRUE,mapped
201010,2010-10-01,2010,10,13,Amazonas,45.06854,84.3623,AM,Amazonas,North,TRUE,TRUE,mapped
201010,2010-10-01,2010,10,14,Roraima,26.65468,51.05896,RR,Roraima,North,TRUE,TRUE,mapped
201010,2010-10-01,2010,10,15,Pará,37.46051,71.37957,PA,Para,North,TRUE,TRUE,mapped
201010,2010-10-01,2010,10,16,Amapá,42.52566,76.55469,AP,Amapa,North,TRUE,TRUE,mapped
201010,2010-10-01,2010,10,17,Tocantins,39.7696,75.42087,TO,Tocantins,North,TRUE,TRUE,mapped
201010,2010-10-01,2010,10,21,Maranhão,32.92804,71.23079,MA,Maranhao,Northeast,TRUE,TRUE,mapped
201010,2010-10-01,2010,10,22,Piauí,39.75352,83.24723,PI,Piaui,Northeast,TRUE,TRUE,mapped
201010,2010-10-01,2010,10,23,Ceará,45.23282,93.61212,CE,Ceara,Northeast,TRUE,TRUE,mapped
201010,2010-10-01,2010,10,24,Rio Grande do Norte,41.03642,87.92172,RN,Rio Grande do Norte,Northeast,TRUE,TRUE,mapped
201010,2010-10-01,2010,10,25,Paraíba,38.22103,75.37749,PB,Paraiba,Northeast,TRUE,TRUE,mapped
201010,2010-10-01,2010,10,26,Pernambuco,46.34758,94.88492,PE,Pernambuco,Northeast,TRUE,TRUE,mapped
201010,2010-10-01,2010,10,27,Alagoas,41.01734,84.26742,AL,Alagoas,Northeast,TRUE,TRUE,mapped
201010,2010-10-01,2010,10,28,Sergipe,55.60486,119.59262,SE,Sergipe,Northeast,TRUE,TRUE,mapped
201010,2010-10-01,2010,10,29,Bahia,53.70413,108.94237,BA,Bahia,Northeast,TRUE,TRUE,mapped
201010,2010-10-01,2010,10,31,Minas Gerais,37.27684,76.29643,MG,Minas Gerais,Southeast,TRUE,TRUE,mapped
201010,2010-10-01,2010,10,32,Espírito Santo,38.84809,79.20976,ES,Espirito Santo,Southeast,TRUE,TRUE,mapped
201010,2010-10-01,2010,10,33,Rio de Janeiro,48.86389,100.63748,RJ,Rio de Janeiro,Southeast,TRUE,TRUE,mapped
201010,2010-10-01,2010,10,35,São Paulo,39.97787,82.96848,SP,Sao Paulo,Southeast,TRUE,TRUE,mapped
201010,2010-10-01,2010,10,41,Paraná,37.60889,80.63792,PR,Parana,South,TRUE,TRUE,mapped
201010,2010-10-01,2010,10,42,Santa Catarina,30.12976,65.60385,SC,Santa Catarina,South,TRUE,TRUE,mapped
201010,2010-10-01,2010,10,43,Rio Grande do Sul,35.86663,76.60751,RS,Rio Grande do Sul,South,TRUE,TRUE,mapped
201010,2010-10-01,2010,10,50,Mato Grosso do Sul,31.93608,64.59976,MS,Mato Grosso do Sul,Center-West,TRUE,TRUE,mapped
201010,2010-10-01,2010,10,51,Mato Grosso,42.80244,83.78726,MT,Mato Grosso,Center-West,TRUE,TRUE,mapped
201010,2010-10-01,2010,10,52,Goiás,59.75568,115.61391,GO,Goias,Center-West,TRUE,TRUE,mapped
201010,2010-10-01,2010,10,53,Distrito Federal,64.84914,124.10198,DF,Distrito Federal,Center-West,TRUE,TRUE,mapped
201011,2010-11-01,2010,11,11,Rondônia,48.71216,77.58097,RO,Rondonia,North,TRUE,TRUE,mapped
201011,2010-11-01,2010,11,12,Acre,34.49355,61.37834,AC,Acre,North,TRUE,TRUE,mapped
201011,2010-11-01,2010,11,13,Amazonas,45.02169,83.0956,AM,Amazonas,North,TRUE,TRUE,mapped
201011,2010-11-01,2010,11,14,Roraima,24.42212,46.36092,RR,Roraima,North,TRUE,TRUE,mapped
201011,2010-11-01,2010,11,15,Pará,36.09977,68.41468,PA,Para,North,TRUE,TRUE,mapped
201011,2010-11-01,2010,11,16,Amapá,44.4707,79.12992,AP,Amapa,North,TRUE,TRUE,mapped
201011,2010-11-01,2010,11,17,Tocantins,38.28115,71.81714,TO,Tocantins,North,TRUE,TRUE,mapped
201011,2010-11-01,2010,11,21,Maranhão,32.34069,68.45361,MA,Maranhao,Northeast,TRUE,TRUE,mapped
201011,2010-11-01,2010,11,22,Piauí,40.33224,82.52958,PI,Piaui,Northeast,TRUE,TRUE,mapped
201011,2010-11-01,2010,11,23,Ceará,47.41272,95.89776,CE,Ceara,Northeast,TRUE,TRUE,mapped
201011,2010-11-01,2010,11,24,Rio Grande do Norte,39.14176,82.24063,RN,Rio Grande do Norte,Northeast,TRUE,TRUE,mapped
201011,2010-11-01,2010,11,25,Paraíba,38.48707,75.63044,PB,Paraiba,Northeast,TRUE,TRUE,mapped
201011,2010-11-01,2010,11,26,Pernambuco,46.79371,94.69009,PE,Pernambuco,Northeast,TRUE,TRUE,mapped
201011,2010-11-01,2010,11,27,Alagoas,42.566,87.59607,AL,Alagoas,Northeast,TRUE,TRUE,mapped
201011,2010-11-01,2010,11,28,Sergipe,55.66132,118.89051,SE,Sergipe,Northeast,TRUE,TRUE,mapped
201011,2010-11-01,2010,11,29,Bahia,54.38754,109.167,BA,Bahia,Northeast,TRUE,TRUE,mapped
201011,2010-11-01,2010,11,31,Minas Gerais,36.66238,74.75098,MG,Minas Gerais,Southeast,TRUE,TRUE,mapped
201011,2010-11-01,2010,11,32,Espírito Santo,37.94465,76.3219,ES,Espirito Santo,Southeast,TRUE,TRUE,mapped
201011,2010-11-01,2010,11,33,Rio de Janeiro,48.28902,99.19243,RJ,Rio de Janeiro,Southeast,TRUE,TRUE,mapped
201011,2010-11-01,2010,11,35,São Paulo,39.68017,82.45368,SP,Sao Paulo,Southeast,TRUE,TRUE,mapped
201011,2010-11-01,2010,11,41,Paraná,37.14923,78.92039,PR,Parana,South,TRUE,TRUE,mapped
201011,2010-11-01,2010,11,42,Santa Catarina,30.03087,64.44814,SC,Santa Catarina,South,TRUE,TRUE,mapped
201011,2010-11-01,2010,11,43,Rio Grande do Sul,35.21521,74.40975,RS,Rio Grande do Sul,South,TRUE,TRUE,mapped
201011,2010-11-01,2010,11,50,Mato Grosso do Sul,30.80042,61.70623,MS,Mato Grosso do Sul,Center-West,TRUE,TRUE,mapped
201011,2010-11-01,2010,11,51,Mato Grosso,40.75593,78.49891,MT,Mato Grosso,Center-West,TRUE,TRUE,mapped
201011,2010-11-01,2010,11,52,Goiás,58.12198,112.15385,GO,Goias,Center-West,TRUE,TRUE,mapped
201011,2010-11-01,2010,11,53,Distrito Federal,65.32497,128.46996,DF,Distrito Federal,Center-West,TRUE,TRUE,mapped
201012,2010-12-01,2010,12,11,Rondônia,68.85789,109.39651,RO,Rondonia,North,TRUE,TRUE,mapped
201012,2010-12-01,2010,12,12,Acre,48.18622,86.5953,AC,Acre,North,TRUE,TRUE,mapped
201012,2010-12-01,2010,12,13,Amazonas,61.93411,113.07419,AM,Amazonas,North,TRUE,TRUE,mapped
201012,2010-12-01,2010,12,14,Roraima,30.41193,57.77045,RR,Roraima,North,TRUE,TRUE,mapped
201012,2010-12-01,2010,12,15,Pará,56.51094,106.14282,PA,Para,North,TRUE,TRUE,mapped
201012,2010-12-01,2010,12,16,Amapá,60.6941,108.00376,AP,Amapa,North,TRUE,TRUE,mapped
201012,2010-12-01,2010,12,17,Tocantins,52.00282,98.33028,TO,Tocantins,North,TRUE,TRUE,mapped
201012,2010-12-01,2010,12,21,Maranhão,45.95976,95.39971,MA,Maranhao,Northeast,TRUE,TRUE,mapped
201012,2010-12-01,2010,12,22,Piauí,59.42996,119.12966,PI,Piaui,Northeast,TRUE,TRUE,mapped
201012,2010-12-01,2010,12,23,Ceará,65.00051,129.08932,CE,Ceara,Northeast,TRUE,TRUE,mapped
201012,2010-12-01,2010,12,24,Rio Grande do Norte,55.76302,114.25315,RN,Rio Grande do Norte,Northeast,TRUE,TRUE,mapped
201012,2010-12-01,2010,12,25,Paraíba,53.29661,102.77982,PB,Paraiba,Northeast,TRUE,TRUE,mapped
201012,2010-12-01,2010,12,26,Pernambuco,65.67973,129.95533,PE,Pernambuco,Northeast,TRUE,TRUE,mapped
201012,2010-12-01,2010,12,27,Alagoas,60.84018,122.28411,AL,Alagoas,Northeast,TRUE,TRUE,mapped
201012,2010-12-01,2010,12,28,Sergipe,78.58068,165.58078,SE,Sergipe,Northeast,TRUE,TRUE,mapped
201012,2010-12-01,2010,12,29,Bahia,74.32014,148.58841,BA,Bahia,Northeast,TRUE,TRUE,mapped
201012,2010-12-01,2010,12,31,Minas Gerais,49.36109,100.45426,MG,Minas Gerais,Southeast,TRUE,TRUE,mapped
201012,2010-12-01,2010,12,32,Espírito Santo,52.48579,104.21034,ES,Espirito Santo,Southeast,TRUE,TRUE,mapped
201012,2010-12-01,2010,12,33,Rio de Janeiro,69.19336,139.44743,RJ,Rio de Janeiro,Southeast,TRUE,TRUE,mapped
201012,2010-12-01,2010,12,35,São Paulo,52.99195,109.82384,SP,Sao Paulo,Southeast,TRUE,TRUE,mapped
201012,2010-12-01,2010,12,41,Paraná,50.18698,104.76918,PR,Parana,South,TRUE,TRUE,mapped
201012,2010-12-01,2010,12,42,Santa Catarina,39.92029,84.84312,SC,Santa Catarina,South,TRUE,TRUE,mapped
201012,2010-12-01,2010,12,43,Rio Grande do Sul,49.2783,104.00097,RS,Rio Grande do Sul,South,TRUE,TRUE,mapped
201012,2010-12-01,2010,12,50,Mato Grosso do Sul,42.56997,84.18156,MS,Mato Grosso do Sul,Center-West,TRUE,TRUE,mapped
201012,2010-12-01,2010,12,51,Mato Grosso,55.56044,105.60169,MT,Mato Grosso,Center-West,TRUE,TRUE,mapped
201012,2010-12-01,2010,12,52,Goiás,78.66889,152.00426,GO,Goias,Center-West,TRUE,TRUE,mapped
201012,2010-12-01,2010,12,53,Distrito Federal,85.98969,167.26789,DF,Distrito Federal,Center-West,TRUE,TRUE,mapped
201101,2011-01-01,2011,1,11,Rondônia,44.92817,70.15734,RO,Rondonia,North,TRUE,TRUE,mapped
201101,2011-01-01,2011,1,12,Acre,34.19426,59.77828,AC,Acre,North,TRUE,TRUE,mapped
201101,2011-01-01,2011,1,13,Amazonas,44.50636,81.66,AM,Amazonas,North,TRUE,TRUE,mapped
201101,2011-01-01,2011,1,14,Roraima,25.62008,48.94226,RR,Roraima,North,TRUE,TRUE,mapped
201101,2011-01-01,2011,1,15,Pará,35.9797,67.89583,PA,Para,North,TRUE,TRUE,mapped
201101,2011-01-01,2011,1,16,Amapá,41.59734,73.51123,AP,Amapa,North,TRUE,TRUE,mapped
201101,2011-01-01,2011,1,17,Tocantins,37.39738,70.6159,TO,Tocantins,North,TRUE,TRUE,mapped
201101,2011-01-01,2011,1,21,Maranhão,32.48753,67.85314,MA,Maranhao,Northeast,TRUE,TRUE,mapped
201101,2011-01-01,2011,1,22,Piauí,42.24647,86.02812,PI,Piaui,Northeast,TRUE,TRUE,mapped
201101,2011-01-01,2011,1,23,Ceará,46.71911,95.59964,CE,Ceara,Northeast,TRUE,TRUE,mapped
201101,2011-01-01,2011,1,24,Rio Grande do Norte,41.51008,87.47084,RN,Rio Grande do Norte,Northeast,TRUE,TRUE,mapped
201101,2011-01-01,2011,1,25,Paraíba,38.97481,76.30496,PB,Paraiba,Northeast,TRUE,TRUE,mapped
201101,2011-01-01,2011,1,26,Pernambuco,45.60404,92.25464,PE,Pernambuco,Northeast,TRUE,TRUE,mapped
201101,2011-01-01,2011,1,27,Alagoas,42.25627,86.10694,AL,Alagoas,Northeast,TRUE,TRUE,mapped
201101,2011-01-01,2011,1,28,Sergipe,56.56454,120.64579,SE,Sergipe,Northeast,TRUE,TRUE,mapped
201101,2011-01-01,2011,1,29,Bahia,53.13463,106.47152,BA,Bahia,Northeast,TRUE,TRUE,mapped
201101,2011-01-01,2011,1,31,Minas Gerais,37.97322,78.16724,MG,Minas Gerais,Southeast,TRUE,TRUE,mapped
201101,2011-01-01,2011,1,32,Espírito Santo,40.78404,80.69494,ES,Espirito Santo,Southeast,TRUE,TRUE,mapped
201101,2011-01-01,2011,1,33,Rio de Janeiro,49.22972,99.81174,RJ,Rio de Janeiro,Southeast,TRUE,TRUE,mapped
201101,2011-01-01,2011,1,35,São Paulo,38.82957,80.13709,SP,Sao Paulo,Southeast,TRUE,TRUE,mapped
201101,2011-01-01,2011,1,41,Paraná,38.36107,80.46616,PR,Parana,South,TRUE,TRUE,mapped
201101,2011-01-01,2011,1,42,Santa Catarina,31.74503,66.35167,SC,Santa Catarina,South,TRUE,TRUE,mapped
201101,2011-01-01,2011,1,43,Rio Grande do Sul,33.83572,71.2701,RS,Rio Grande do Sul,South,TRUE,TRUE,mapped
201101,2011-01-01,2011,1,50,Mato Grosso do Sul,30.52511,61.30248,MS,Mato Grosso do Sul,Center-West,TRUE,TRUE,mapped
201101,2011-01-01,2011,1,51,Mato Grosso,38.79651,75.19369,MT,Mato Grosso,Center-West,TRUE,TRUE,mapped
201101,2011-01-01,2011,1,52,Goiás,60.32119,117.4036,GO,Goias,Center-West,TRUE,TRUE,mapped
201101,2011-01-01,2011,1,53,Distrito Federal,64.50926,123.71657,DF,Distrito Federal,Center-West,TRUE,TRUE,mapped
201102,2011-02-01,2011,2,11,Rondônia,44.07544,68.68893,RO,Rondonia,North,TRUE,TRUE,mapped
201102,2011-02-01,2011,2,12,Acre,32.36108,56.51416,AC,Acre,North,TRUE,TRUE,mapped
201102,2011-02-01,2011,2,13,Amazonas,40.66475,74.39758,AM,Amazonas,North,TRUE,TRUE,mapped
201102,2011-02-01,2011,2,14,Roraima,22.95189,43.8312,RR,Roraima,North,TRUE,TRUE,mapped
201102,2011-02-01,2011,2,15,Pará,32.61786,61.15072,PA,Para,North,TRUE,TRUE,mapped
201102,2011-02-01,2011,2,16,Amapá,38.50296,67.50235,AP,Amapa,North,TRUE,TRUE,mapped
201102,2011-02-01,2011,2,17,Tocantins,36.88572,69.50046,TO,Tocantins,North,TRUE,TRUE,mapped
201102,2011-02-01,2011,2,21,Maranhão,31.38626,65.60138,MA,Maranhao,Northeast,TRUE,TRUE,mapped
201102,2011-02-01,2011,2,22,Piauí,38.15092,78.76193,PI,Piaui,Northeast,TRUE,TRUE,mapped
201102,2011-02-01,2011,2,23,Ceará,42.75567,87.35143,CE,Ceara,Northeast,TRUE,TRUE,mapped
201102,2011-02-01,2011,2,24,Rio Grande do Norte,38.62504,82.06028,RN,Rio Grande do Norte,Northeast,TRUE,TRUE,mapped
201102,2011-02-01,2011,2,25,Paraíba,38.70877,75.12455,PB,Paraiba,Northeast,TRUE,TRUE,mapped
201102,2011-02-01,2011,2,26,Pernambuco,42.2333,85.04573,PE,Pernambuco,Northeast,TRUE,TRUE,mapped
201102,2011-02-01,2011,2,27,Alagoas,38.49524,78.39848,AL,Alagoas,Northeast,TRUE,TRUE,mapped
201102,2011-02-01,2011,2,28,Sergipe,48.37905,102.742,SE,Sergipe,Northeast,TRUE,TRUE,mapped
201102,2011-02-01,2011,2,29,Bahia,50.51492,100.63131,BA,Bahia,Northeast,TRUE,TRUE,mapped
201102,2011-02-01,2011,2,31,Minas Gerais,35.80215,72.3108,MG,Minas Gerais,Southeast,TRUE,TRUE,mapped
201102,2011-02-01,2011,2,32,Espírito Santo,37.72954,74.42417,ES,Espirito Santo,Southeast,TRUE,TRUE,mapped
201102,2011-02-01,2011,2,33,Rio de Janeiro,46.77346,94.13475,RJ,Rio de Janeiro,Southeast,TRUE,TRUE,mapped
201102,2011-02-01,2011,2,35,São Paulo,36.27779,74.04529,SP,Sao Paulo,Southeast,TRUE,TRUE,mapped
201102,2011-02-01,2011,2,41,Paraná,35.35236,74.11131,PR,Parana,South,TRUE,TRUE,mapped
201102,2011-02-01,2011,2,42,Santa Catarina,28.81117,60.23318,SC,Santa Catarina,South,TRUE,TRUE,mapped
201102,2011-02-01,2011,2,43,Rio Grande do Sul,32.07305,67.58101,RS,Rio Grande do Sul,South,TRUE,TRUE,mapped
201102,2011-02-01,2011,2,50,Mato Grosso do Sul,29.35504,58.8127,MS,Mato Grosso do Sul,Center-West,TRUE,TRUE,mapped
201102,2011-02-01,2011,2,51,Mato Grosso,38.40463,74.36739,MT,Mato Grosso,Center-West,TRUE,TRUE,mapped
201102,2011-02-01,2011,2,52,Goiás,54.16341,104.51784,GO,Goias,Center-West,TRUE,TRUE,mapped
201102,2011-02-01,2011,2,53,Distrito Federal,60.97451,116.39379,DF,Distrito Federal,Center-West,TRUE,TRUE,mapped
201103,2011-03-01,2011,3,11,Rondônia,47.53966,74.31784,RO,Rondonia,North,TRUE,TRUE,mapped
201103,2011-03-01,2011,3,12,Acre,34.41873,59.90629,AC,Acre,North,TRUE,TRUE,mapped
201103,2011-03-01,2011,3,13,Amazonas,42.25761,76.84654,AM,Amazonas,North,TRUE,TRUE,mapped
201103,2011-03-01,2011,3,14,Roraima,25.59285,49.20039,RR,Roraima,North,TRUE,TRUE,mapped
201103,2011-03-01,2011,3,15,Pará,35.37937,65.96865,PA,Para,North,TRUE,TRUE,mapped
201103,2011-03-01,2011,3,16,Amapá,38.45875,68.04861,AP,Amapa,North,TRUE,TRUE,mapped
201103,2011-03-01,2011,3,17,Tocantins,40.32777,74.99185,TO,Tocantins,North,TRUE,TRUE,mapped
201103,2011-03-01,2011,3,21,Maranhão,34.10273,70.70537,MA,Maranhao,Northeast,TRUE,TRUE,mapped
201103,2011-03-01,2011,3,22,Piauí,41,83.24723,PI,Piaui,Northeast,TRUE,TRUE,mapped
201103,2011-03-01,2011,3,23,Ceará,46.4714,95.40088,CE,Ceara,Northeast,TRUE,TRUE,mapped
201103,2011-03-01,2011,3,24,Rio Grande do Norte,40.26133,84.67538,RN,Rio Grande do Norte,Northeast,TRUE,TRUE,mapped
201103,2011-03-01,2011,3,25,Paraíba,40.08331,76.89516,PB,Paraiba,Northeast,TRUE,TRUE,mapped
201103,2011-03-01,2011,3,26,Pernambuco,44.56307,89.23469,PE,Pernambuco,Northeast,TRUE,TRUE,mapped
201103,2011-03-01,2011,3,27,Alagoas,40.66336,81.98992,AL,Alagoas,Northeast,TRUE,TRUE,mapped
201103,2011-03-01,2011,3,28,Sergipe,51.48389,108.70993,SE,Sergipe,Northeast,TRUE,TRUE,mapped
201103,2011-03-01,2011,3,29,Bahia,53.70413,107.03308,BA,Bahia,Northeast,TRUE,TRUE,mapped
201103,2011-03-01,2011,3,31,Minas Gerais,38.62864,76.86581,MG,Minas Gerais,Southeast,TRUE,TRUE,mapped
201103,2011-03-01,2011,3,32,Espírito Santo,41.3003,80.69494,ES,Espirito Santo,Southeast,TRUE,TRUE,mapped
201103,2011-03-01,2011,3,33,Rio de Janeiro,49.02067,97.54095,RJ,Rio de Janeiro,Southeast,TRUE,TRUE,mapped
201103,2011-03-01,2011,3,35,São Paulo,40.48823,82.62528,SP,Sao Paulo,Southeast,TRUE,TRUE,mapped
201103,2011-03-01,2011,3,41,Paraná,38.73716,80.38029,PR,Parana,South,TRUE,TRUE,mapped
201103,2011-03-01,2011,3,42,Santa Catarina,32.10765,66.2157,SC,Santa Catarina,South,TRUE,TRUE,mapped
201103,2011-03-01,2011,3,43,Rio Grande do Sul,35.21521,73.15389,RS,Rio Grande do Sul,South,TRUE,TRUE,mapped
201103,2011-03-01,2011,3,50,Mato Grosso do Sul,32.10815,62.7156,MS,Mato Grosso do Sul,Center-West,TRUE,TRUE,mapped
201103,2011-03-01,2011,3,51,Mato Grosso,41.67033,79.07732,MT,Mato Grosso,Center-West,TRUE,TRUE,mapped
201103,2011-03-01,2011,3,52,Goiás,59.0645,112.75041,GO,Goias,Center-West,TRUE,TRUE,mapped
201103,2011-03-01,2011,3,53,Distrito Federal,64.10141,120.76177,DF,Distrito Federal,Center-West,TRUE,TRUE,mapped
201104,2011-04-01,2011,4,11,Rondônia,48.76546,75.62309,RO,Rondonia,North,TRUE,TRUE,mapped
201104,2011-04-01,2011,4,12,Acre,34.49355,59.71428,AC,Acre,North,TRUE,TRUE,mapped
201104,2011-04-01,2011,4,13,Amazonas,42.58555,76.67765,AM,Amazonas,North,TRUE,TRUE,mapped
201104,2011-04-01,2011,4,14,Roraima,25.23891,47.49671,RR,Roraima,North,TRUE,TRUE,mapped
201104,2011-04-01,2011,4,15,Pará,37.10031,68.63705,PA,Para,North,TRUE,TRUE,mapped
201104,2011-04-01,2011,4,16,Amapá,38.63558,67.65842,AP,Amapa,North,TRUE,TRUE,mapped
201104,2011-04-01,2011,4,17,Tocantins,43.49073,79.28201,TO,Tocantins,North,TRUE,TRUE,mapped
201104,2011-04-01,2011,4,21,Maranhão,34.72678,71.53102,MA,Maranhao,Northeast,TRUE,TRUE,mapped
201104,2011-04-01,2011,4,22,Piauí,40.64386,81.81194,PI,Piaui,Northeast,TRUE,TRUE,mapped
201104,2011-04-01,2011,4,23,Ceará,45.82734,91.72398,CE,Ceara,Northeast,TRUE,TRUE,mapped
201104,2011-04-01,2011,4,24,Rio Grande do Norte,41.42396,86.02802,RN,Rio Grande do Norte,Northeast,TRUE,TRUE,mapped
201104,2011-04-01,2011,4,25,Paraíba,41.32483,78.41283,PB,Paraiba,Northeast,TRUE,TRUE,mapped
201104,2011-04-01,2011,4,26,Pernambuco,46.79371,92.25464,PE,Pernambuco,Northeast,TRUE,TRUE,mapped
201104,2011-04-01,2011,4,27,Alagoas,41.59256,82.60309,AL,Alagoas,Northeast,TRUE,TRUE,mapped
201104,2011-04-01,2011,4,28,Sergipe,53.00809,109.41204,SE,Sergipe,Northeast,TRUE,TRUE,mapped
201104,2011-04-01,2011,4,29,Bahia,54.55839,106.02227,BA,Bahia,Northeast,TRUE,TRUE,mapped
201104,2011-04-01,2011,4,31,Minas Gerais,39.65272,78.0859,MG,Minas Gerais,Southeast,TRUE,TRUE,mapped
201104,2011-04-01,2011,4,32,Espírito Santo,41.5154,80.19988,ES,Espirito Santo,Southeast,TRUE,TRUE,mapped
201104,2011-04-01,2011,4,33,Rio de Janeiro,50.06589,98.88278,RJ,Rio de Janeiro,Southeast,TRUE,TRUE,mapped
201104,2011-04-01,2011,4,35,São Paulo,41.29629,82.71108,SP,Sao Paulo,Southeast,TRUE,TRUE,mapped
201104,2011-04-01,2011,4,41,Paraná,40.9519,83.38596,PR,Parana,South,TRUE,TRUE,mapped
201104,2011-04-01,2011,4,42,Santa Catarina,31.81096,64.44814,SC,Santa Catarina,South,TRUE,TRUE,mapped
201104,2011-04-01,2011,4,43,Rio Grande do Sul,37.8209,76.45053,RS,Rio Grande do Sul,South,TRUE,TRUE,mapped
201104,2011-04-01,2011,4,50,Mato Grosso do Sul,32.65877,62.98476,MS,Mato Grosso do Sul,Center-West,TRUE,TRUE,mapped
201104,2011-04-01,2011,4,51,Mato Grosso,42.27993,78.7468,MT,Mato Grosso,Center-West,TRUE,TRUE,mapped
201104,2011-04-01,2011,4,52,Goiás,60.38403,112.98903,GO,Goias,Center-West,TRUE,TRUE,mapped
201104,2011-04-01,2011,4,53,Distrito Federal,66.34462,123.33116,DF,Distrito Federal,Center-West,TRUE,TRUE,mapped
201105,2011-05-01,2011,5,11,Rondônia,54.04172,83.37303,RO,Rondonia,North,TRUE,TRUE,mapped
201105,2011-05-01,2011,5,12,Acre,37.07495,64.06644,AC,Acre,North,TRUE,TRUE,mapped
201105,2011-05-01,2011,5,13,Amazonas,45.77127,82.9267,AM,Amazonas,North,TRUE,TRUE,mapped
201105,2011-05-01,2011,5,14,Roraima,25.81066,48.78738,RR,Roraima,North,TRUE,TRUE,mapped
201105,2011-05-01,2011,5,15,Pará,38.50108,71.52781,PA,Para,North,TRUE,TRUE,mapped
201105,2011-05-01,2011,5,16,Amapá,42.17201,74.36964,AP,Amapa,North,TRUE,TRUE,mapped
201105,2011-05-01,2011,5,17,Tocantins,45.90947,84.25858,TO,Tocantins,North,TRUE,TRUE,mapped
201105,2011-05-01,2011,5,21,Maranhão,36.04831,74.53337,MA,Maranhao,Northeast,TRUE,TRUE,mapped
201105,2011-05-01,2011,5,22,Piauí,44.16069,89.25754,PI,Piaui,Northeast,TRUE,TRUE,mapped
201105,2011-05-01,2011,5,23,Ceará,48.00723,96.9909,CE,Ceara,Northeast,TRUE,TRUE,mapped
201105,2011-05-01,2011,5,24,Rio Grande do Norte,41.51008,88.19225,RN,Rio Grande do Norte,Northeast,TRUE,TRUE,mapped
201105,2011-05-01,2011,5,25,Paraíba,42.74371,81.86974,PB,Paraiba,Northeast,TRUE,TRUE,mapped
201105,2011-05-01,2011,5,26,Pernambuco,47.7851,94.39783,PE,Pernambuco,Northeast,TRUE,TRUE,mapped
201105,2011-05-01,2011,5,27,Alagoas,43.53944,86.80771,AL,Alagoas,Northeast,TRUE,TRUE,mapped
201105,2011-05-01,2011,5,28,Sergipe,55.0968,114.20978,SE,Sergipe,Northeast,TRUE,TRUE,mapped
201105,2011-05-01,2011,5,29,Bahia,55.41264,109.72856,BA,Bahia,Northeast,TRUE,TRUE,mapped
201105,2011-05-01,2011,5,31,Minas Gerais,40.10332,79.55001,MG,Minas Gerais,Southeast,TRUE,TRUE,mapped
201105,2011-05-01,2011,5,32,Espírito Santo,41.21425,78.79721,ES,Espirito Santo,Southeast,TRUE,TRUE,mapped
201105,2011-05-01,2011,5,33,Rio de Janeiro,51.16337,101.15357,RJ,Rio de Janeiro,Southeast,TRUE,TRUE,mapped
201105,2011-05-01,2011,5,35,São Paulo,41.89171,84.42708,SP,Sao Paulo,Southeast,TRUE,TRUE,mapped
201105,2011-05-01,2011,5,41,Paraná,40.53403,83.64359,PR,Parana,South,TRUE,TRUE,mapped
201105,2011-05-01,2011,5,42,Santa Catarina,30.98685,63.15646,SC,Santa Catarina,South,TRUE,TRUE,mapped
201105,2011-05-01,2011,5,43,Rio Grande do Sul,37.93586,77.5494,RS,Rio Grande do Sul,South,TRUE,TRUE,mapped
201105,2011-05-01,2011,5,50,Mato Grosso do Sul,36.27223,72.27098,MS,Mato Grosso do Sul,Center-West,TRUE,TRUE,mapped
201105,2011-05-01,2011,5,51,Mato Grosso,42.62827,79.90363,MT,Mato Grosso,Center-West,TRUE,TRUE,mapped
201105,2011-05-01,2011,5,52,Goiás,62.08056,117.64223,GO,Goias,Center-West,TRUE,TRUE,mapped
201105,2011-05-01,2011,5,53,Distrito Federal,66.75247,126.41444,DF,Distrito Federal,Center-West,TRUE,TRUE,mapped
201106,2011-06-01,2011,6,11,Rondônia,49.93796,76.03098,RO,Rondonia,North,TRUE,TRUE,mapped
201106,2011-06-01,2011,6,12,Acre,33.67049,57.47419,AC,Acre,North,TRUE,TRUE,mapped
201106,2011-06-01,2011,6,13,Amazonas,44.5532,80.73109,AM,Amazonas,North,TRUE,TRUE,mapped
201106,2011-06-01,2011,6,14,Roraima,25.26614,48.21948,RR,Roraima,North,TRUE,TRUE,mapped
201106,2011-06-01,2011,6,15,Pará,37.50053,69.67476,PA,Para,North,TRUE,TRUE,mapped
201106,2011-06-01,2011,6,16,Amapá,43.76341,77.64721,AP,Amapa,North,TRUE,TRUE,mapped
201106,2011-06-01,2011,6,17,Tocantins,44.60707,82.71413,TO,Tocantins,North,TRUE,TRUE,mapped
201106,2011-06-01,2011,6,21,Maranhão,33.55209,68.8289,MA,Maranhao,Northeast,TRUE,TRUE,mapped
201106,2011-06-01,2011,6,22,Piauí,43.00325,87.01489,PI,Piaui,Northeast,TRUE,TRUE,mapped
201106,2011-06-01,2011,6,23,Ceará,47.11546,94.80463,CE,Ceara,Northeast,TRUE,TRUE,mapped
201106,2011-06-01,2011,6,24,Rio Grande do Norte,40.30439,84.49503,RN,Rio Grande do Norte,Northeast,TRUE,TRUE,mapped
201106,2011-06-01,2011,6,25,Paraíba,43.14277,81.36385,PB,Paraiba,Northeast,TRUE,TRUE,mapped
201106,2011-06-01,2011,6,26,Pernambuco,47.68596,92.5469,PE,Pernambuco,Northeast,TRUE,TRUE,mapped
201106,2011-06-01,2011,6,27,Alagoas,41.76955,81.90233,AL,Alagoas,Northeast,TRUE,TRUE,mapped
201106,2011-06-01,2011,6,28,Sergipe,54.75809,112.10346,SE,Sergipe,Northeast,TRUE,TRUE,mapped
201106,2011-06-01,2011,6,29,Bahia,55.29874,108.94237,BA,Bahia,Northeast,TRUE,TRUE,mapped
201106,2011-06-01,2011,6,31,Minas Gerais,38.75153,76.45911,MG,Minas Gerais,Southeast,TRUE,TRUE,mapped
201106,2011-06-01,2011,6,32,Espírito Santo,39.8806,76.56943,ES,Espirito Santo,Southeast,TRUE,TRUE,mapped
201106,2011-06-01,2011,6,33,Rio de Janeiro,48.75937,95.68302,RJ,Rio de Janeiro,Southeast,TRUE,TRUE,mapped
201106,2011-06-01,2011,6,35,São Paulo,40.78594,82.96848,SP,Sao Paulo,Southeast,TRUE,TRUE,mapped
201106,2011-06-01,2011,6,41,Paraná,39.57291,81.4108,PR,Parana,South,TRUE,TRUE,mapped
201106,2011-06-01,2011,6,42,Santa Catarina,30.62423,63.29242,SC,Santa Catarina,South,TRUE,TRUE,mapped
201106,2011-06-01,2011,6,43,Rio Grande do Sul,37.32276,76.45053,RS,Rio Grande do Sul,South,TRUE,TRUE,mapped
201106,2011-06-01,2011,6,50,Mato Grosso do Sul,32.65877,63.72497,MS,Mato Grosso do Sul,Center-West,TRUE,TRUE,mapped
201106,2011-06-01,2011,6,51,Mato Grosso,40.66885,77.42471,MT,Mato Grosso,Center-West,TRUE,TRUE,mapped
201106,2011-06-01,2011,6,52,Goiás,59.69285,113.10835,GO,Goias,Center-West,TRUE,TRUE,mapped
201106,2011-06-01,2011,6,53,Distrito Federal,64.37331,121.53259,DF,Distrito Federal,Center-West,TRUE,TRUE,mapped
201107,2011-07-01,2011,7,11,Rondônia,56.28013,86.39143,RO,Rondonia,North,TRUE,TRUE,mapped
201107,2011-07-01,2011,7,12,Acre,37.41166,64.06644,AC,Acre,North,TRUE,TRUE,mapped
201107,2011-07-01,2011,7,13,Amazonas,45.67758,82.67336,AM,Amazonas,North,TRUE,TRUE,mapped
201107,2011-07-01,2011,7,14,Roraima,26.65468,50.49106,RR,Roraima,North,TRUE,TRUE,mapped
201107,2011-07-01,2011,7,15,Pará,39.46161,72.93613,PA,Para,North,TRUE,TRUE,mapped
201107,2011-07-01,2011,7,16,Amapá,44.86855,78.89581,AP,Amapa,North,TRUE,TRUE,mapped
201107,2011-07-01,2011,7,17,Tocantins,48.83986,90.4364,TO,Tocantins,North,TRUE,TRUE,mapped
201107,2011-07-01,2011,7,21,Maranhão,36.78249,75.50914,MA,Maranhao,Northeast,TRUE,TRUE,mapped
201107,2011-07-01,2011,7,22,Piauí,46.11943,92.75608,PI,Piaui,Northeast,TRUE,TRUE,mapped
201107,2011-07-01,2011,7,23,Ceará,50.18713,100.46906,CE,Ceara,Northeast,TRUE,TRUE,mapped
201107,2011-07-01,2011,7,24,Rio Grande do Norte,43.14637,90.53683,RN,Rio Grande do Norte,Northeast,TRUE,TRUE,mapped
201107,2011-07-01,2011,7,25,Paraíba,44.2956,84.82076,PB,Paraiba,Northeast,TRUE,TRUE,mapped
201107,2011-07-01,2011,7,26,Pernambuco,49.37133,97.22295,PE,Pernambuco,Northeast,TRUE,TRUE,mapped
201107,2011-07-01,2011,7,27,Alagoas,42.96423,85.49376,AL,Alagoas,Northeast,TRUE,TRUE,mapped
201107,2011-07-01,2011,7,28,Sergipe,54.47583,113.39066,SE,Sergipe,Northeast,TRUE,TRUE,mapped
201107,2011-07-01,2011,7,29,Bahia,56.0391,110.85167,BA,Bahia,Northeast,TRUE,TRUE,mapped
201107,2011-07-01,2011,7,31,Minas Gerais,40.39007,80.20073,MG,Minas Gerais,Southeast,TRUE,TRUE,mapped
201107,2011-07-01,2011,7,32,Espírito Santo,42.97812,82.92271,ES,Espirito Santo,Southeast,TRUE,TRUE,mapped
201107,2011-07-01,2011,7,33,Rio de Janeiro,50.32719,99.50209,RJ,Rio de Janeiro,Southeast,TRUE,TRUE,mapped
201107,2011-07-01,2011,7,35,São Paulo,41.89171,84.16968,SP,Sao Paulo,Southeast,TRUE,TRUE,mapped
201107,2011-07-01,2011,7,41,Paraná,41.57872,85.70462,PR,Parana,South,TRUE,TRUE,mapped
201107,2011-07-01,2011,7,42,Santa Catarina,32.60212,67.4394,SC,Santa Catarina,South,TRUE,TRUE,mapped
201107,2011-07-01,2011,7,43,Rio Grande do Sul,38.05082,78.17733,RS,Rio Grande do Sul,South,TRUE,TRUE,mapped
201107,2011-07-01,2011,7,50,Mato Grosso do Sul,34.24181,67.02225,MS,Mato Grosso do Sul,Center-West,TRUE,TRUE,mapped
201107,2011-07-01,2011,7,51,Mato Grosso,44.8054,84.36567,MT,Mato Grosso,Center-West,TRUE,TRUE,mapped
201107,2011-07-01,2011,7,52,Goiás,62.64607,119.07398,GO,Goias,Center-West,TRUE,TRUE,mapped
201107,2011-07-01,2011,7,53,Distrito Federal,67.97604,126.79985,DF,Distrito Federal,Center-West,TRUE,TRUE,mapped
201108,2011-08-01,2011,8,11,Rondônia,54.414790000000004,83.29145,RO,Rondonia,North,TRUE,TRUE,mapped
201108,2011-08-01,2011,8,12,Acre,37.48648,64.13045,AC,Acre,North,TRUE,TRUE,mapped
201108,2011-08-01,2011,8,13,Amazonas,48.44165,88.3313,AM,Amazonas,North,TRUE,TRUE,mapped
201108,2011-08-01,2011,8,14,Roraima,28.39718,53.74356,RR,Roraima,North,TRUE,TRUE,mapped
201108,2011-08-01,2011,8,15,Pará,40.46216,75.15979,PA,Para,North,TRUE,TRUE,mapped
201108,2011-08-01,2011,8,16,Amapá,45.62004,80.45656,AP,Amapa,North,TRUE,TRUE,mapped
201108,2011-08-01,2011,8,17,Tocantins,49.305,91.12283,TO,Tocantins,North,TRUE,TRUE,mapped
201108,2011-08-01,2011,8,21,Maranhão,38.32427,78.28631,MA,Maranhao,Northeast,TRUE,TRUE,mapped
201108,2011-08-01,2011,8,22,Piauí,45.7633,92.12813,PI,Piaui,Northeast,TRUE,TRUE,mapped
201108,2011-08-01,2011,8,23,Ceará,49.84033,99.97218,CE,Ceara,Northeast,TRUE,TRUE,mapped
201108,2011-08-01,2011,8,24,Rio Grande do Norte,42.97413,92.43053,RN,Rio Grande do Norte,Northeast,TRUE,TRUE,mapped
201108,2011-08-01,2011,8,25,Paraíba,44.5173,84.56781,PB,Paraiba,Northeast,TRUE,TRUE,mapped
201108,2011-08-01,2011,8,26,Pernambuco,49.52003,96.83328,PE,Pernambuco,Northeast,TRUE,TRUE,mapped
201108,2011-08-01,2011,8,27,Alagoas,43.80493,86.45732,AL,Alagoas,Northeast,TRUE,TRUE,mapped
201108,2011-08-01,2011,8,28,Sergipe,55.94357,115.37997,SE,Sergipe,Northeast,TRUE,TRUE,mapped
201108,2011-08-01,2011,8,29,Bahia,56.8364,111.75017,BA,Bahia,Northeast,TRUE,TRUE,mapped
201108,2011-08-01,2011,8,31,Minas Gerais,40.75874,80.44474,MG,Minas Gerais,Southeast,TRUE,TRUE,mapped
201108,2011-08-01,2011,8,32,Espírito Santo,43.23625,82.34514,ES,Espirito Santo,Southeast,TRUE,TRUE,mapped
201108,2011-08-01,2011,8,33,Rio de Janeiro,51.11111,100.7407,RJ,Rio de Janeiro,Southeast,TRUE,TRUE,mapped
201108,2011-08-01,2011,8,35,São Paulo,42.06183,83.99808,SP,Sao Paulo,Southeast,TRUE,TRUE,mapped
201108,2011-08-01,2011,8,41,Paraná,41.87123,86.56339,PR,Parana,South,TRUE,TRUE,mapped
201108,2011-08-01,2011,8,42,Santa Catarina,32.66805,67.91528,SC,Santa Catarina,South,TRUE,TRUE,mapped
201108,2011-08-01,2011,8,43,Rio Grande do Sul,37.8209,77.94186,RS,Rio Grande do Sul,South,TRUE,TRUE,mapped
201108,2011-08-01,2011,8,50,Mato Grosso do Sul,33.79443,65.811,MS,Mato Grosso do Sul,Center-West,TRUE,TRUE,mapped
201108,2011-08-01,2011,8,51,Mato Grosso,44.32643,84.11778,MT,Mato Grosso,Center-West,TRUE,TRUE,mapped
201108,2011-08-01,2011,8,52,Goiás,63.14875,119.43191,GO,Goias,Center-West,TRUE,TRUE,mapped
201108,2011-08-01,2011,8,53,Distrito Federal,67.84009,127.05679,DF,Distrito Federal,Center-West,TRUE,TRUE,mapped
201109,2011-09-01,2011,9,11,Rondônia,52.12308,79.78358,RO,Rondonia,North,TRUE,TRUE,mapped
201109,2011-09-01,2011,9,12,Acre,36.36413,62.46638,AC,Acre,North,TRUE,TRUE,mapped
201109,2011-09-01,2011,9,13,Amazonas,44.60005,80.05552,AM,Amazonas,North,TRUE,TRUE,mapped
201109,2011-09-01,2011,9,14,Roraima,28.58776,54.36308,RR,Roraima,North,TRUE,TRUE,mapped
201109,2011-09-01,2011,9,15,Pará,38.58113,71.52781,PA,Para,North,TRUE,TRUE,mapped
201109,2011-09-01,2011,9,16,Amapá,43.14453,76.08646,AP,Amapa,North,TRUE,TRUE,mapped
201109,2011-09-01,2011,9,17,Tocantins,46.79323,86.40366,TO,Tocantins,North,TRUE,TRUE,mapped
201109,2011-09-01,2011,9,21,Maranhão,36.78249,74.90867,MA,Maranhao,Northeast,TRUE,TRUE,mapped
201109,2011-09-01,2011,9,22,Piauí,43.09229,87.10459,PI,Piaui,Northeast,TRUE,TRUE,mapped
201109,2011-09-01,2011,9,23,Ceará,47.80906,96.89152,CE,Ceara,Northeast,TRUE,TRUE,mapped
201109,2011-09-01,2011,9,24,Rio Grande do Norte,40.82111,86.1182,RN,Rio Grande do Norte,Northeast,TRUE,TRUE,mapped
201109,2011-09-01,2011,9,25,Paraíba,43.6305,82.54426,PB,Paraiba,Northeast,TRUE,TRUE,mapped
201109,2011-09-01,2011,9,26,Pernambuco,47.88424,93.52107,PE,Pernambuco,Northeast,TRUE,TRUE,mapped
201109,2011-09-01,2011,9,27,Alagoas,41.76955,81.98992,AL,Alagoas,Northeast,TRUE,TRUE,mapped
201109,2011-09-01,2011,9,28,Sergipe,53.79841,110.58222,SE,Sergipe,Northeast,TRUE,TRUE,mapped
201109,2011-09-01,2011,9,29,Bahia,54.61534,107.14539,BA,Bahia,Northeast,TRUE,TRUE,mapped
201109,2011-09-01,2011,9,31,Minas Gerais,40.30814,79.14331,MG,Minas Gerais,Southeast,TRUE,TRUE,mapped
201109,2011-09-01,2011,9,32,Espírito Santo,41.81655,79.45729,ES,Espirito Santo,Southeast,TRUE,TRUE,mapped
201109,2011-09-01,2011,9,33,Rio de Janeiro,50.32719,99.08921,RJ,Rio de Janeiro,Southeast,TRUE,TRUE,mapped
201109,2011-09-01,2011,9,35,São Paulo,41.46641,83.05428,SP,Sao Paulo,Southeast,TRUE,TRUE,mapped
201109,2011-09-01,2011,9,41,Paraná,41.11906,84.50235,PR,Parana,South,TRUE,TRUE,mapped
201109,2011-09-01,2011,9,42,Santa Catarina,32.00875,66.07974,SC,Santa Catarina,South,TRUE,TRUE,mapped
201109,2011-09-01,2011,9,43,Rio Grande do Sul,36.63301,75.03768,RS,Rio Grande do Sul,South,TRUE,TRUE,mapped
201109,2011-09-01,2011,9,50,Mato Grosso do Sul,33.14057,64.73434,MS,Mato Grosso do Sul,Center-West,TRUE,TRUE,mapped
201109,2011-09-01,2011,9,51,Mato Grosso,42.06221,80.48204,MT,Mato Grosso,Center-West,TRUE,TRUE,mapped
201109,2011-09-01,2011,9,52,Goiás,60.76104,114.89804,GO,Goias,Center-West,TRUE,TRUE,mapped
201109,2011-09-01,2011,9,53,Distrito Federal,64.44129,120.50483,DF,Distrito Federal,Center-West,TRUE,TRUE,mapped
201110,2011-10-01,2011,10,11,Rondônia,53.0824,79.86516,RO,Rondonia,North,TRUE,TRUE,mapped
201110,2011-10-01,2011,10,12,Acre,35.9526,60.54631,AC,Acre,North,TRUE,TRUE,mapped
201110,2011-10-01,2011,10,13,Amazonas,47.50468,84.53119,AM,Amazonas,North,TRUE,TRUE,mapped
201110,2011-10-01,2011,10,14,Roraima,28.17936,53.02078,RR,Roraima,North,TRUE,TRUE,mapped
201110,2011-10-01,2011,10,15,Pará,41.54275,76.27162,PA,Para,North,TRUE,TRUE,mapped
201110,2011-10-01,2011,10,16,Amapá,45.3106,79.52011,AP,Amapa,North,TRUE,TRUE,mapped
201110,2011-10-01,2011,10,17,Tocantins,47.44443,87.17589,TO,Tocantins,North,TRUE,TRUE,mapped
201110,2011-10-01,2011,10,21,Maranhão,35.09387,70.93055,MA,Maranhao,Northeast,TRUE,TRUE,mapped
201110,2011-10-01,2011,10,22,Piauí,42.55808,85.22077,PI,Piaui,Northeast,TRUE,TRUE,mapped
201110,2011-10-01,2011,10,23,Ceará,50.0385,100.17093,CE,Ceara,Northeast,TRUE,TRUE,mapped
201110,2011-10-01,2011,10,24,Rio Grande do Norte,42.58658,89.00384,RN,Rio Grande do Norte,Northeast,TRUE,TRUE,mapped
201110,2011-10-01,2011,10,25,Paraíba,44.11824,83.13446,PB,Paraiba,Northeast,TRUE,TRUE,mapped
201110,2011-10-01,2011,10,26,Pernambuco,50.01573,97.90487,PE,Pernambuco,Northeast,TRUE,TRUE,mapped
201110,2011-10-01,2011,10,27,Alagoas,43.58369,85.40617,AL,Alagoas,Northeast,TRUE,TRUE,mapped
201110,2011-10-01,2011,10,28,Sergipe,56.62099,116.9012,SE,Sergipe,Northeast,TRUE,TRUE,mapped
201110,2011-10-01,2011,10,29,Bahia,56.55165,111.41323,BA,Bahia,Northeast,TRUE,TRUE,mapped
201110,2011-10-01,2011,10,31,Minas Gerais,41.65994,81.82752,MG,Minas Gerais,Southeast,TRUE,TRUE,mapped
201110,2011-10-01,2011,10,32,Espírito Santo,43.7525,82.92271,ES,Espirito Santo,Southeast,TRUE,TRUE,mapped
201110,2011-10-01,2011,10,33,Rio de Janeiro,53.04476,103.83724,RJ,Rio de Janeiro,Southeast,TRUE,TRUE,mapped
201110,2011-10-01,2011,10,35,São Paulo,43.46531,86.91528,SP,Sao Paulo,Southeast,TRUE,TRUE,mapped
201110,2011-10-01,2011,10,41,Paraná,42.12196,85.44699,PR,Parana,South,TRUE,TRUE,mapped
201110,2011-10-01,2011,10,42,Santa Catarina,33.06362,67.50738,SC,Santa Catarina,South,TRUE,TRUE,mapped
201110,2011-10-01,2011,10,43,Rio Grande do Sul,38.77888,78.41281,RS,Rio Grande do Sul,South,TRUE,TRUE,mapped
201110,2011-10-01,2011,10,50,Mato Grosso do Sul,35.37747,68.70453,MS,Mato Grosso do Sul,Center-West,TRUE,TRUE,mapped
201110,2011-10-01,2011,10,51,Mato Grosso,43.84746,83.20884,MT,Mato Grosso,Center-West,TRUE,TRUE,mapped
201110,2011-10-01,2011,10,52,Goiás,63.52576,120.02848,GO,Goias,Center-West,TRUE,TRUE,mapped
201110,2011-10-01,2011,10,53,Distrito Federal,68.6558,127.18526,DF,Distrito Federal,Center-West,TRUE,TRUE,mapped
201111,2011-11-01,2011,11,11,Rondônia,54.46808,82.06778,RO,Rondonia,North,TRUE,TRUE,mapped
201111,2011-11-01,2011,11,12,Acre,37.93542,63.61843,AC,Acre,North,TRUE,TRUE,mapped
201111,2011-11-01,2011,11,13,Amazonas,49.05069,87.31794,AM,Amazonas,North,TRUE,TRUE,mapped
201111,2011-11-01,2011,11,14,Roraima,28.66944,54.46633,RR,Roraima,North,TRUE,TRUE,mapped
201111,2011-11-01,2011,11,15,Pará,39.98189,73.08437,PA,Para,North,TRUE,TRUE,mapped
201111,2011-11-01,2011,11,16,Amapá,44.82434,79.36403,AP,Amapa,North,TRUE,TRUE,mapped
201111,2011-11-01,2011,11,17,Tocantins,47.86306,86.83267,TO,Tocantins,North,TRUE,TRUE,mapped
201111,2011-11-01,2011,11,21,Maranhão,37.95718,76.55996,MA,Maranhao,Northeast,TRUE,TRUE,mapped
201111,2011-11-01,2011,11,22,Piauí,44.69489,89.88548,PI,Piaui,Northeast,TRUE,TRUE,mapped
201111,2011-11-01,2011,11,23,Ceará,50.13759,98.77967,CE,Ceara,Northeast,TRUE,TRUE,mapped
201111,2011-11-01,2011,11,24,Rio Grande do Norte,43.01719,88.91366,RN,Rio Grande do Norte,Northeast,TRUE,TRUE,mapped
201111,2011-11-01,2011,11,25,Paraíba,45.6258,85.57959,PB,Paraiba,Northeast,TRUE,TRUE,mapped
201111,2011-11-01,2011,11,26,Pernambuco,51.99852,101.3145,PE,Pernambuco,Northeast,TRUE,TRUE,mapped
201111,2011-11-01,2011,11,27,Alagoas,45.57482,88.55963,AL,Alagoas,Northeast,TRUE,TRUE,mapped
201111,2011-11-01,2011,11,28,Sergipe,57.86293,119.24157,SE,Sergipe,Northeast,TRUE,TRUE,mapped
201111,2011-11-01,2011,11,29,Bahia,57.00725,112.87328,BA,Bahia,Northeast,TRUE,TRUE,mapped
201111,2011-11-01,2011,11,31,Minas Gerais,41.57801,82.23421,MG,Minas Gerais,Southeast,TRUE,TRUE,mapped
201111,2011-11-01,2011,11,32,Espírito Santo,43.27927,81.76757,ES,Espirito Santo,Southeast,TRUE,TRUE,mapped
201111,2011-11-01,2011,11,33,Rio de Janeiro,53.41058,105.07585,RJ,Rio de Janeiro,Southeast,TRUE,TRUE,mapped
201111,2011-11-01,2011,11,35,São Paulo,43.8906,87.60167,SP,Sao Paulo,Southeast,TRUE,TRUE,mapped
201111,2011-11-01,2011,11,41,Paraná,42.6652,86.82102,PR,Parana,South,TRUE,TRUE,mapped
201111,2011-11-01,2011,11,42,Santa Catarina,33.75588,69.61487,SC,Santa Catarina,South,TRUE,TRUE,mapped
201111,2011-11-01,2011,11,43,Rio Grande do Sul,39.23871,78.56979,RS,Rio Grande do Sul,South,TRUE,TRUE,mapped
201111,2011-11-01,2011,11,50,Mato Grosso do Sul,35.17099,67.82974,MS,Mato Grosso do Sul,Center-West,TRUE,TRUE,mapped
201111,2011-11-01,2011,11,51,Mato Grosso,43.67329,83.29147,MT,Mato Grosso,Center-West,TRUE,TRUE,mapped
201111,2011-11-01,2011,11,52,Goiás,62.89741,118.23879,GO,Goias,Center-West,TRUE,TRUE,mapped
201111,2011-11-01,2011,11,53,Distrito Federal,69.40354,134.89346,DF,Distrito Federal,Center-West,TRUE,TRUE,mapped
201112,2011-12-01,2011,12,11,Rondônia,79.99666,119.26749,RO,Rondonia,North,TRUE,TRUE,mapped
201112,2011-12-01,2011,12,12,Acre,57.57654,95.81166,AC,Acre,North,TRUE,TRUE,mapped
201112,2011-12-01,2011,12,13,Amazonas,66.61899,117.29653,AM,Amazonas,North,TRUE,TRUE,mapped
201112,2011-12-01,2011,12,14,Roraima,35.74831,67.01166,RR,Roraima,North,TRUE,TRUE,mapped
201112,2011-12-01,2011,12,15,Pará,63.1946,115.55633,PA,Para,North,TRUE,TRUE,mapped
201112,2011-12-01,2011,12,16,Amapá,63.65587,113.38834,AP,Amapa,North,TRUE,TRUE,mapped
201112,2011-12-01,2011,12,17,Tocantins,69.39911,126.30207,TO,Tocantins,North,TRUE,TRUE,mapped
201112,2011-12-01,2011,12,21,Maranhão,53.22816,105.60771,MA,Maranhao,Northeast,TRUE,TRUE,mapped
201112,2011-12-01,2011,12,22,Piauí,62.85776,123.34585,PI,Piaui,Northeast,TRUE,TRUE,mapped
201112,2011-12-01,2011,12,23,Ceará,69.65756,134.555,CE,Ceara,Northeast,TRUE,TRUE,mapped
201112,2011-12-01,2011,12,24,Rio Grande do Norte,60.58577,122.18865,RN,Rio Grande do Norte,Northeast,TRUE,TRUE,mapped
201112,2011-12-01,2011,12,25,Paraíba,64.95802,121.24478,PB,Paraiba,Northeast,TRUE,TRUE,mapped
201112,2011-12-01,2011,12,26,Pernambuco,71.4298,136.3849,PE,Pernambuco,Northeast,TRUE,TRUE,mapped
201112,2011-12-01,2011,12,27,Alagoas,64.99943,125.34998,AL,Alagoas,Northeast,TRUE,TRUE,mapped
201112,2011-12-01,2011,12,28,Sergipe,79.48391,160.90005,SE,Sergipe,Northeast,TRUE,TRUE,mapped
201112,2011-12-01,2011,12,29,Bahia,79.78737,154.87787,BA,Bahia,Northeast,TRUE,TRUE,mapped
201112,2011-12-01,2011,12,31,Minas Gerais,55.99718,110.86571000000001,MG,Minas Gerais,Southeast,TRUE,TRUE,mapped
201112,2011-12-01,2011,12,32,Espírito Santo,58.76688,109.40848,ES,Espirito Santo,Southeast,TRUE,TRUE,mapped
201112,2011-12-01,2011,12,33,Rio de Janeiro,73.94909,143.26649,RJ,Rio de Janeiro,Southeast,TRUE,TRUE,mapped
201112,2011-12-01,2011,12,35,São Paulo,58.01045,116.85943,SP,Sao Paulo,Southeast,TRUE,TRUE,mapped
201112,2011-12-01,2011,12,41,Paraná,58.5863,118.25177,PR,Parana,South,TRUE,TRUE,mapped
201112,2011-12-01,2011,12,42,Santa Catarina,45.4254,93.54498,SC,Santa Catarina,South,TRUE,TRUE,mapped
201112,2011-12-01,2011,12,43,Rio Grande do Sul,55.10279,111.37915,RS,Rio Grande do Sul,South,TRUE,TRUE,mapped
201112,2011-12-01,2011,12,50,Mato Grosso do Sul,47.62881,91.58361,MS,Mato Grosso do Sul,Center-West,TRUE,TRUE,mapped
201112,2011-12-01,2011,12,51,Mato Grosso,59.34865,111.55108,MT,Mato Grosso,Center-West,TRUE,TRUE,mapped
201112,2011-12-01,2011,12,52,Goiás,85.45503,161.78789,GO,Goias,Center-West,TRUE,TRUE,mapped
201112,2011-12-01,2011,12,53,Distrito Federal,90.20421,173.04904,DF,Distrito Federal,Center-West,TRUE,TRUE,mapped
201201,2012-01-01,2012,1,11,Rondônia,49.35171,74.31784,RO,Rondonia,North,TRUE,TRUE,mapped
201201,2012-01-01,2012,1,12,Acre,39.84342,66.62654,AC,Acre,North,TRUE,TRUE,mapped
201201,2012-01-01,2012,1,13,Amazonas,46.47401,82.58892,AM,Amazonas,North,TRUE,TRUE,mapped
201201,2012-01-01,2012,1,14,Roraima,32.31778,60.50667,RR,Roraima,North,TRUE,TRUE,mapped
201201,2012-01-01,2012,1,15,Pará,40.70229,74.04796,PA,Para,North,TRUE,TRUE,mapped
201201,2012-01-01,2012,1,16,Amapá,47.6977,83.81216,AP,Amapa,North,TRUE,TRUE,mapped
201201,2012-01-01,2012,1,17,Tocantins,47.3514,85.80304,TO,Tocantins,North,TRUE,TRUE,mapped
201201,2012-01-01,2012,1,21,Maranhão,38.06731,77.46067,MA,Maranhao,Northeast,TRUE,TRUE,mapped
201201,2012-01-01,2012,1,22,Piauí,47.32138,94.46049,PI,Piaui,Northeast,TRUE,TRUE,mapped
201201,2012-01-01,2012,1,23,Ceará,50.0385,99.57467,CE,Ceara,Northeast,TRUE,TRUE,mapped
201201,2012-01-01,2012,1,24,Rio Grande do Norte,41.51008,86.47891,RN,Rio Grande do Norte,Northeast,TRUE,TRUE,mapped
201201,2012-01-01,2012,1,25,Paraíba,45.13806,85.15802,PB,Paraiba,Northeast,TRUE,TRUE,mapped
201201,2012-01-01,2012,1,26,Pernambuco,51.94895,101.21708,PE,Pernambuco,Northeast,TRUE,TRUE,mapped
201201,2012-01-01,2012,1,27,Alagoas,46.19429,90.57434,AL,Alagoas,Northeast,TRUE,TRUE,mapped
201201,2012-01-01,2012,1,28,Sergipe,59.33067,121.3479,SE,Sergipe,Northeast,TRUE,TRUE,mapped
201201,2012-01-01,2012,1,29,Bahia,58.94356,114.67027,BA,Bahia,Northeast,TRUE,TRUE,mapped
201201,2012-01-01,2012,1,31,Minas Gerais,42.39728,82.80359,MG,Minas Gerais,Southeast,TRUE,TRUE,mapped
201201,2012-01-01,2012,1,32,Espírito Santo,44.48386,83.41778,ES,Espirito Santo,Southeast,TRUE,TRUE,mapped
201201,2012-01-01,2012,1,33,Rio de Janeiro,52.10406,100.63748,RJ,Rio de Janeiro,Southeast,TRUE,TRUE,mapped
201201,2012-01-01,2012,1,35,São Paulo,44.01819,87.34427,SP,Sao Paulo,Southeast,TRUE,TRUE,mapped
201201,2012-01-01,2012,1,41,Paraná,46.00821,93.60525,PR,Parana,South,TRUE,TRUE,mapped
201201,2012-01-01,2012,1,42,Santa Catarina,36.29417,73.76185,SC,Santa Catarina,South,TRUE,TRUE,mapped
201201,2012-01-01,2012,1,43,Rio Grande do Sul,38.70224,78.64828,RS,Rio Grande do Sul,South,TRUE,TRUE,mapped
201201,2012-01-01,2012,1,50,Mato Grosso do Sul,37.71761,72.20369,MS,Mato Grosso do Sul,Center-West,TRUE,TRUE,mapped
201201,2012-01-01,2012,1,51,Mato Grosso,42.32347,78.16839,MT,Mato Grosso,Center-West,TRUE,TRUE,mapped
201201,2012-01-01,2012,1,52,Goiás,65.91347,122.41473,GO,Goias,Center-West,TRUE,TRUE,mapped
201201,2012-01-01,2012,1,53,Distrito Federal,67.43223,125.77209,DF,Distrito Federal,Center-West,TRUE,TRUE,mapped
201202,2012-02-01,2012,2,11,Rondônia,47.69954,71.54418,RO,Rondonia,North,TRUE,TRUE,mapped
201202,2012-02-01,2012,2,12,Acre,36.77566,61.25034,AC,Acre,North,TRUE,TRUE,mapped
201202,2012-02-01,2012,2,13,Amazonas,43.24144,76.93099,AM,Amazonas,North,TRUE,TRUE,mapped
201202,2012-02-01,2012,2,14,Roraima,32.04552,59.93878,RR,Roraima,North,TRUE,TRUE,mapped
201202,2012-02-01,2012,2,15,Pará,37.02027,67.37697,PA,Para,North,TRUE,TRUE,mapped
201202,2012-02-01,2012,2,16,Amapá,44.4707,78.19347,AP,Amapa,North,TRUE,TRUE,mapped
201202,2012-02-01,2012,2,17,Tocantins,45.81644,83.14314,TO,Tocantins,North,TRUE,TRUE,mapped
201202,2012-02-01,2012,2,21,Maranhão,36.74578,74.45831,MA,Maranhao,Northeast,TRUE,TRUE,mapped
201202,2012-02-01,2012,2,22,Piauí,44.87296,89.16783,PI,Piaui,Northeast,TRUE,TRUE,mapped
201202,2012-02-01,2012,2,23,Ceará,48.50266,96.19589,CE,Ceara,Northeast,TRUE,TRUE,mapped
201202,2012-02-01,2012,2,24,Rio Grande do Norte,41.8115,86.74943,RN,Rio Grande do Norte,Northeast,TRUE,TRUE,mapped
201202,2012-02-01,2012,2,25,Paraíba,43.27579,81.44816,PB,Paraiba,Northeast,TRUE,TRUE,mapped
201202,2012-02-01,2012,2,26,Pernambuco,48.52864,94.30042,PE,Pernambuco,Northeast,TRUE,TRUE,mapped
201202,2012-02-01,2012,2,27,Alagoas,44.99961,87.94645,AL,Alagoas,Northeast,TRUE,TRUE,mapped
201202,2012-02-01,2012,2,28,Sergipe,55.54841,113.27364,SE,Sergipe,Northeast,TRUE,TRUE,mapped
201202,2012-02-01,2012,2,29,Bahia,56.32385,109.61624,BA,Bahia,Northeast,TRUE,TRUE,mapped
201202,2012-02-01,2012,2,31,Minas Gerais,40.43103,78.73662,MG,Minas Gerais,Southeast,TRUE,TRUE,mapped
201202,2012-02-01,2012,2,32,Espírito Santo,43.66646,81.93259,ES,Espirito Santo,Southeast,TRUE,TRUE,mapped
201202,2012-02-01,2012,2,33,Rio de Janeiro,50.37945,97.33451,RJ,Rio de Janeiro,Southeast,TRUE,TRUE,mapped
201202,2012-02-01,2012,2,35,São Paulo,41.93424,83.22588,SP,Sao Paulo,Southeast,TRUE,TRUE,mapped
201202,2012-02-01,2012,2,41,Paraná,42.20553,85.7905,PR,Parana,South,TRUE,TRUE,mapped
201202,2012-02-01,2012,2,42,Santa Catarina,34.41518,69.95478,SC,Santa Catarina,South,TRUE,TRUE,mapped
201202,2012-02-01,2012,2,43,Rio Grande do Sul,37.16948,75.11617,RS,Rio Grande do Sul,South,TRUE,TRUE,mapped
201202,2012-02-01,2012,2,50,Mato Grosso do Sul,35.75602,68.77182,MS,Mato Grosso do Sul,Center-West,TRUE,TRUE,mapped
201202,2012-02-01,2012,2,51,Mato Grosso,41.5397,77.50734,MT,Mato Grosso,Center-West,TRUE,TRUE,mapped
201202,2012-02-01,2012,2,52,Goiás,60.82387,113.46628,GO,Goias,Center-West,TRUE,TRUE,mapped
201202,2012-02-01,2012,2,53,Distrito Federal,65.59688,122.3034,DF,Distrito Federal,Center-West,TRUE,TRUE,mapped
201203,2012-03-01,2012,3,11,Rondônia,52.76262,79.13096,RO,Rondonia,North,TRUE,TRUE,mapped
201203,2012-03-01,2012,3,12,Acre,42.31259,70.33868,AC,Acre,North,TRUE,TRUE,mapped
201203,2012-03-01,2012,3,13,Amazonas,48.62905,86.55791,AM,Amazonas,North,TRUE,TRUE,mapped
201203,2012-03-01,2012,3,14,Roraima,34.55035,63.91405,RR,Roraima,North,TRUE,TRUE,mapped
201203,2012-03-01,2012,3,15,Pará,41.90294,76.04926,PA,Para,North,TRUE,TRUE,mapped
201203,2012-03-01,2012,3,16,Amapá,47.07882,82.40749,AP,Amapa,North,TRUE,TRUE,mapped
201203,2012-03-01,2012,3,17,Tocantins,50.6074,91.80925,TO,Tocantins,North,TRUE,TRUE,mapped
201203,2012-03-01,2012,3,21,Maranhão,40.0496,80.16278,MA,Maranhao,Northeast,TRUE,TRUE,mapped
201203,2012-03-01,2012,3,22,Piauí,48.47882,95.53696,PI,Piaui,Northeast,TRUE,TRUE,mapped
201203,2012-03-01,2012,3,23,Ceará,51.67342,101.46282,CE,Ceara,Northeast,TRUE,TRUE,mapped
201203,2012-03-01,2012,3,24,Rio Grande do Norte,45.08408,92.52071,RN,Rio Grande do Norte,Northeast,TRUE,TRUE,mapped
201203,2012-03-01,2012,3,25,Paraíba,46.86732,88.10904,PB,Paraiba,Northeast,TRUE,TRUE,mapped
201203,2012-03-01,2012,3,26,Pernambuco,53.68388,104.13961,PE,Pernambuco,Northeast,TRUE,TRUE,mapped
201203,2012-03-01,2012,3,27,Alagoas,46.7695,91.2751,AL,Alagoas,Northeast,TRUE,TRUE,mapped
201203,2012-03-01,2012,3,28,Sergipe,58.37099,118.53946,SE,Sergipe,Northeast,TRUE,TRUE,mapped
201203,2012-03-01,2012,3,29,Bahia,62.58838,121.74591,BA,Bahia,Northeast,TRUE,TRUE,mapped
201203,2012-03-01,2012,3,31,Minas Gerais,44.56835,86.78922,MG,Minas Gerais,Southeast,TRUE,TRUE,mapped
201203,2012-03-01,2012,3,32,Espírito Santo,48.05462,90.43114,ES,Espirito Santo,Southeast,TRUE,TRUE,mapped
201203,2012-03-01,2012,3,33,Rio de Janeiro,54.61258,105.79838,RJ,Rio de Janeiro,Southeast,TRUE,TRUE,mapped
201203,2012-03-01,2012,3,35,São Paulo,46.78262,93.00707,SP,Sao Paulo,Southeast,TRUE,TRUE,mapped
201203,2012-03-01,2012,3,41,Paraná,46.46788,94.72164,PR,Parana,South,TRUE,TRUE,mapped
201203,2012-03-01,2012,3,42,Santa Catarina,35.53598,72.26621,SC,Santa Catarina,South,TRUE,TRUE,mapped
201203,2012-03-01,2012,3,43,Rio Grande do Sul,42.34255,85.63401,RS,Rio Grande do Sul,South,TRUE,TRUE,mapped
201203,2012-03-01,2012,3,50,Mato Grosso do Sul,38.9221,74.82805,MS,Mato Grosso do Sul,Center-West,TRUE,TRUE,mapped
201203,2012-03-01,2012,3,51,Mato Grosso,46.41648,86.51406,MT,Mato Grosso,Center-West,TRUE,TRUE,mapped
201203,2012-03-01,2012,3,52,Goiás,67.54717,126.23273,GO,Goias,Center-West,TRUE,TRUE,mapped
201203,2012-03-01,2012,3,53,Distrito Federal,74.09388,138.10521,DF,Distrito Federal,Center-West,TRUE,TRUE,mapped
201204,2012-04-01,2012,4,11,Rondônia,51.8566,77.90728,RO,Rondonia,North,TRUE,TRUE,mapped
201204,2012-04-01,2012,4,12,Acre,40.81612,67.58658,AC,Acre,North,TRUE,TRUE,mapped
201204,2012-04-01,2012,4,13,Amazonas,47.27043,83.43338,AM,Amazonas,North,TRUE,TRUE,mapped
201204,2012-04-01,2012,4,14,Roraima,31.88216,58.85461,RR,Roraima,North,TRUE,TRUE,mapped
201204,2012-04-01,2012,4,15,Pará,40.9024,73.67735,PA,Para,North,TRUE,TRUE,mapped
201204,2012-04-01,2012,4,16,Amapá,44.33808,77.49113,AP,Amapa,North,TRUE,TRUE,mapped
201204,2012-04-01,2012,4,17,Tocantins,49.305,90.17899,TO,Tocantins,North,TRUE,TRUE,mapped
201204,2012-04-01,2012,4,21,Maranhão,38.14073,76.25972,MA,Maranhao,Northeast,TRUE,TRUE,mapped
201204,2012-04-01,2012,4,22,Piauí,44.47231,87.28401,PI,Piaui,Northeast,TRUE,TRUE,mapped
201204,2012-04-01,2012,4,23,Ceará,50.97982,99.77343,CE,Ceara,Northeast,TRUE,TRUE,mapped
201204,2012-04-01,2012,4,24,Rio Grande do Norte,42.37128,86.74943,RN,Rio Grande do Norte,Northeast,TRUE,TRUE,mapped
201204,2012-04-01,2012,4,25,Paraíba,43.05409,80.26775,PB,Paraiba,Northeast,TRUE,TRUE,mapped
201204,2012-04-01,2012,4,26,Pernambuco,51.30454,98.68422,PE,Pernambuco,Northeast,TRUE,TRUE,mapped
201204,2012-04-01,2012,4,27,Alagoas,45.30934,87.59607,AL,Alagoas,Northeast,TRUE,TRUE,mapped
201204,2012-04-01,2012,4,28,Sergipe,56.22583,112.92258,SE,Sergipe,Northeast,TRUE,TRUE,mapped
201204,2012-04-01,2012,4,29,Bahia,59.17136,114.67027,BA,Bahia,Northeast,TRUE,TRUE,mapped
201204,2012-04-01,2012,4,31,Minas Gerais,42.43825,82.31555,MG,Minas Gerais,Southeast,TRUE,TRUE,mapped
201204,2012-04-01,2012,4,32,Espírito Santo,44.69897,83.91284,ES,Espirito Santo,Southeast,TRUE,TRUE,mapped
201204,2012-04-01,2012,4,33,Rio de Janeiro,51.58145,99.70852,RJ,Rio de Janeiro,Southeast,TRUE,TRUE,mapped
201204,2012-04-01,2012,4,35,São Paulo,44.69866,88.28807,SP,Sao Paulo,Southeast,TRUE,TRUE,mapped
201204,2012-04-01,2012,4,41,Paraná,44.62922,90.59958,PR,Parana,South,TRUE,TRUE,mapped
201204,2012-04-01,2012,4,42,Santa Catarina,34.08553,69.00302,SC,Santa Catarina,South,TRUE,TRUE,mapped
201204,2012-04-01,2012,4,43,Rio Grande do Sul,40.65651,81.55246,RS,Rio Grande do Sul,South,TRUE,TRUE,mapped
201204,2012-04-01,2012,4,50,Mato Grosso do Sul,36.75402,70.85786,MS,Mato Grosso do Sul,Center-West,TRUE,TRUE,mapped
201204,2012-04-01,2012,4,51,Mato Grosso,44.19581,82.96095,MT,Mato Grosso,Center-West,TRUE,TRUE,mapped
201204,2012-04-01,2012,4,52,Goiás,66.35331,124.44304,GO,Goias,Center-West,TRUE,TRUE,mapped
201204,2012-04-01,2012,4,53,Distrito Federal,70.15127,130.39701,DF,Distrito Federal,Center-West,TRUE,TRUE,mapped
201205,2012-05-01,2012,5,11,Rondônia,57.23945,86.06511,RO,Rondonia,North,TRUE,TRUE,mapped
201205,2012-05-01,2012,5,12,Acre,44.03352,72.83478,AC,Acre,North,TRUE,TRUE,mapped
201205,2012-05-01,2012,5,13,Amazonas,51.58052,90.8647,AM,Amazonas,North,TRUE,TRUE,mapped
201205,2012-05-01,2012,5,14,Roraima,33.81524,62.05548,RR,Roraima,North,TRUE,TRUE,mapped
201205,2012-05-01,2012,5,15,Pará,45.06468,80.86719,PA,Para,North,TRUE,TRUE,mapped
201205,2012-05-01,2012,5,16,Amapá,51.32254,89.50889,AP,Amapa,North,TRUE,TRUE,mapped
201205,2012-05-01,2012,5,17,Tocantins,52.79356,96.61422,TO,Tocantins,North,TRUE,TRUE,mapped
201205,2012-05-01,2012,5,21,Maranhão,41.37113,82.4896,MA,Maranhao,Northeast,TRUE,TRUE,mapped
201205,2012-05-01,2012,5,22,Piauí,50.48208,98.58697,PI,Piaui,Northeast,TRUE,TRUE,mapped
201205,2012-05-01,2012,5,23,Ceará,54.34875,106.33224,CE,Ceara,Northeast,TRUE,TRUE,mapped
201205,2012-05-01,2012,5,24,Rio Grande do Norte,46.11752,94.50458,RN,Rio Grande do Norte,Northeast,TRUE,TRUE,mapped
201205,2012-05-01,2012,5,25,Paraíba,49.35036,92.07184,PB,Paraiba,Northeast,TRUE,TRUE,mapped
201205,2012-05-01,2012,5,26,Pernambuco,55.27011,105.89313,PE,Pernambuco,Northeast,TRUE,TRUE,mapped
201205,2012-05-01,2012,5,27,Alagoas,48.22967,92.85183,AL,Alagoas,Northeast,TRUE,TRUE,mapped
201205,2012-05-01,2012,5,28,Sergipe,60.85487,121.81597,SE,Sergipe,Northeast,TRUE,TRUE,mapped
201205,2012-05-01,2012,5,29,Bahia,62.30363,120.17355,BA,Bahia,Northeast,TRUE,TRUE,mapped
201205,2012-05-01,2012,5,31,Minas Gerais,44.03582,85.08109,MG,Minas Gerais,Southeast,TRUE,TRUE,mapped
201205,2012-05-01,2012,5,32,Espírito Santo,47.58138,88.86345,ES,Espirito Santo,Southeast,TRUE,TRUE,mapped
201205,2012-05-01,2012,5,33,Rio de Janeiro,53.77641,103.32115,RJ,Rio de Janeiro,Southeast,TRUE,TRUE,mapped
201205,2012-05-01,2012,5,35,São Paulo,46.95274,92.49227,SP,Sao Paulo,Southeast,TRUE,TRUE,mapped
201205,2012-05-01,2012,5,41,Paraná,45.92464,92.91824,PR,Parana,South,TRUE,TRUE,mapped
201205,2012-05-01,2012,5,42,Santa Catarina,33.78885,68.32318,SC,Santa Catarina,South,TRUE,TRUE,mapped
201205,2012-05-01,2012,5,43,Rio Grande do Sul,41.99768,83.82871,RS,Rio Grande do Sul,South,TRUE,TRUE,mapped
201205,2012-05-01,2012,5,50,Mato Grosso do Sul,39.98893,77.04867,MS,Mato Grosso do Sul,Center-West,TRUE,TRUE,mapped
201205,2012-05-01,2012,5,51,Mato Grosso,44.32643,83.04358,MT,Mato Grosso,Center-West,TRUE,TRUE,mapped
201205,2012-05-01,2012,5,52,Goiás,68.8667,128.85761,GO,Goias,Center-West,TRUE,TRUE,mapped
201205,2012-05-01,2012,5,53,Distrito Federal,71.44282,132.45253,DF,Distrito Federal,Center-West,TRUE,TRUE,mapped
201206,2012-06-01,2012,6,11,Rondônia,55.37411,83.37303,RO,Rondonia,North,TRUE,TRUE,mapped
201206,2012-06-01,2012,6,12,Acre,42.12553,69.76266,AC,Acre,North,TRUE,TRUE,mapped
201206,2012-06-01,2012,6,13,Amazonas,49.37863,86.98015,AM,Amazonas,North,TRUE,TRUE,mapped
201206,2012-06-01,2012,6,14,Roraima,34.06028,62.15873,RR,Roraima,North,TRUE,TRUE,mapped
201206,2012-06-01,2012,6,15,Pará,42.7434,76.49399,PA,Para,North,TRUE,TRUE,mapped
201206,2012-06-01,2012,6,16,Amapá,51.98563,90.3673,AP,Amapa,North,TRUE,TRUE,mapped
201206,2012-06-01,2012,6,17,Tocantins,51.81676,94.38334,TO,Tocantins,North,TRUE,TRUE,mapped
201206,2012-06-01,2012,6,21,Maranhão,40.08631,80.23784,MA,Maranhao,Northeast,TRUE,TRUE,mapped
201206,2012-06-01,2012,6,22,Piauí,46.92073,91.85902,PI,Piaui,Northeast,TRUE,TRUE,mapped
201206,2012-06-01,2012,6,23,Ceará,53.70469,105.13972,CE,Ceara,Northeast,TRUE,TRUE,mapped
201206,2012-06-01,2012,6,24,Rio Grande do Norte,45.98834,94.50458,RN,Rio Grande do Norte,Northeast,TRUE,TRUE,mapped
201206,2012-06-01,2012,6,25,Paraíba,47.57676,88.10904,PB,Paraiba,Northeast,TRUE,TRUE,mapped
201206,2012-06-01,2012,6,26,Pernambuco,55.17097,105.01637,PE,Pernambuco,Northeast,TRUE,TRUE,mapped
201206,2012-06-01,2012,6,27,Alagoas,47.38897,90.66193,AL,Alagoas,Northeast,TRUE,TRUE,mapped
201206,2012-06-01,2012,6,28,Sergipe,59.27422,117.83735,SE,Sergipe,Northeast,TRUE,TRUE,mapped
201206,2012-06-01,2012,6,29,Bahia,63.89824,123.76752,BA,Bahia,Northeast,TRUE,TRUE,mapped
201206,2012-06-01,2012,6,31,Minas Gerais,43.70812,84.43038,MG,Minas Gerais,Southeast,TRUE,TRUE,mapped
201206,2012-06-01,2012,6,32,Espírito Santo,47.75347,88.4509,ES,Espirito Santo,Southeast,TRUE,TRUE,mapped
201206,2012-06-01,2012,6,33,Rio de Janeiro,53.72415,102.18575,RJ,Rio de Janeiro,Southeast,TRUE,TRUE,mapped
201206,2012-06-01,2012,6,35,São Paulo,45.80444,89.83247,SP,Sao Paulo,Southeast,TRUE,TRUE,mapped
201206,2012-06-01,2012,6,41,Paraná,45.00531,90.59958,PR,Parana,South,TRUE,TRUE,mapped
201206,2012-06-01,2012,6,42,Santa Catarina,34.25035,68.79907,SC,Santa Catarina,South,TRUE,TRUE,mapped
201206,2012-06-01,2012,6,43,Rio Grande do Sul,42.11264,83.75022,RS,Rio Grande do Sul,South,TRUE,TRUE,mapped
201206,2012-06-01,2012,6,50,Mato Grosso do Sul,39.30065,75.56826,MS,Mato Grosso do Sul,Center-West,TRUE,TRUE,mapped
201206,2012-06-01,2012,6,51,Mato Grosso,45.15374,84.4483,MT,Mato Grosso,Center-West,TRUE,TRUE,mapped
201206,2012-06-01,2012,6,52,Goiás,67.79851,126.35205,GO,Goias,Center-West,TRUE,TRUE,mapped
201206,2012-06-01,2012,6,53,Distrito Federal,70.15127,129.75466,DF,Distrito Federal,Center-West,TRUE,TRUE,mapped
201207,2012-07-01,2012,7,11,Rondônia,58.83832,88.7572,RO,Rondonia,North,TRUE,TRUE,mapped
201207,2012-07-01,2012,7,12,Acre,45.41775,75.39488,AC,Acre,North,TRUE,TRUE,mapped
201207,2012-07-01,2012,7,13,Amazonas,49.70657,87.48683,AM,Amazonas,North,TRUE,TRUE,mapped
201207,2012-07-01,2012,7,14,Roraima,35.72109,65.56611,RR,Roraima,North,TRUE,TRUE,mapped
201207,2012-07-01,2012,7,15,Pará,44.02411,78.79177,PA,Para,North,TRUE,TRUE,mapped
201207,2012-07-01,2012,7,16,Amapá,53.70964,93.02058,AP,Amapa,North,TRUE,TRUE,mapped
201207,2012-07-01,2012,7,17,Tocantins,54.93321,100.56116,TO,Tocantins,North,TRUE,TRUE,mapped
201207,2012-07-01,2012,7,21,Maranhão,42.43569,84.66631,MA,Maranhao,Northeast,TRUE,TRUE,mapped
201207,2012-07-01,2012,7,22,Piauí,49.10206,95.89579,PI,Piaui,Northeast,TRUE,TRUE,mapped
201207,2012-07-01,2012,7,23,Ceará,57.27179,111.79791,CE,Ceara,Northeast,TRUE,TRUE,mapped
201207,2012-07-01,2012,7,24,Rio Grande do Norte,47.15097,96.66881,RN,Rio Grande do Norte,Northeast,TRUE,TRUE,mapped
201207,2012-07-01,2012,7,25,Paraíba,47.8428,88.86787,PB,Paraiba,Northeast,TRUE,TRUE,mapped
201207,2012-07-01,2012,7,26,Pernambuco,54.87355,104.43187,PE,Pernambuco,Northeast,TRUE,TRUE,mapped
201207,2012-07-01,2012,7,27,Alagoas,47.65445,91.18751,AL,Alagoas,Northeast,TRUE,TRUE,mapped
201207,2012-07-01,2012,7,28,Sergipe,59.61293,118.53946,SE,Sergipe,Northeast,TRUE,TRUE,mapped
201207,2012-07-01,2012,7,29,Bahia,62.36058,121.52129,BA,Bahia,Northeast,TRUE,TRUE,mapped
201207,2012-07-01,2012,7,31,Minas Gerais,44.65028,85.97583,MG,Minas Gerais,Southeast,TRUE,TRUE,mapped
201207,2012-07-01,2012,7,32,Espírito Santo,47.88253,88.36839,ES,Espirito Santo,Southeast,TRUE,TRUE,mapped
201207,2012-07-01,2012,7,33,Rio de Janeiro,55.08293,104.04367,RJ,Rio de Janeiro,Southeast,TRUE,TRUE,mapped
201207,2012-07-01,2012,7,35,São Paulo,46.78262,91.46267,SP,Sao Paulo,Southeast,TRUE,TRUE,mapped
201207,2012-07-01,2012,7,41,Paraná,45.84106,91.80185,PR,Parana,South,TRUE,TRUE,mapped
201207,2012-07-01,2012,7,42,Santa Catarina,34.05257,67.98327,SC,Santa Catarina,South,TRUE,TRUE,mapped
201207,2012-07-01,2012,7,43,Rio Grande do Sul,40.80979,80.76755,RS,Rio Grande do Sul,South,TRUE,TRUE,mapped
201207,2012-07-01,2012,7,50,Mato Grosso do Sul,39.98893,77.04867,MS,Mato Grosso do Sul,Center-West,TRUE,TRUE,mapped
201207,2012-07-01,2012,7,51,Mato Grosso,48.11465,90.39769,MT,Mato Grosso,Center-West,TRUE,TRUE,mapped
201207,2012-07-01,2012,7,52,Goiás,69.80922,130.28936,GO,Goias,Center-West,TRUE,TRUE,mapped
201207,2012-07-01,2012,7,53,Distrito Federal,71.44282,131.42477,DF,Distrito Federal,Center-West,TRUE,TRUE,mapped
201208,2012-08-01,2012,8,11,Rondônia,59.90423,90.14403,RO,Rondonia,North,TRUE,TRUE,mapped
201208,2012-08-01,2012,8,12,Acre,45.00623,74.62685,AC,Acre,North,TRUE,TRUE,mapped
201208,2012-08-01,2012,8,13,Amazonas,50.97149,89.26021,AM,Amazonas,North,TRUE,TRUE,mapped
201208,2012-08-01,2012,8,14,Roraima,37.95366,69.23161,RR,Roraima,North,TRUE,TRUE,mapped
201208,2012-08-01,2012,8,15,Pará,45.46489,80.94131,PA,Para,North,TRUE,TRUE,mapped
201208,2012-08-01,2012,8,16,Amapá,58.66065,101.05843,AP,Amapa,North,TRUE,TRUE,mapped
201208,2012-08-01,2012,8,17,Tocantins,56.56121,103.04945,TO,Tocantins,North,TRUE,TRUE,mapped
201208,2012-08-01,2012,8,21,Maranhão,43.24329,85.34184,MA,Maranhao,Northeast,TRUE,TRUE,mapped
201208,2012-08-01,2012,8,22,Piauí,49.59174,95.80608,PI,Piaui,Northeast,TRUE,TRUE,mapped
201208,2012-08-01,2012,8,23,Ceará,58.26265,112.59292,CE,Ceara,Northeast,TRUE,TRUE,mapped
201208,2012-08-01,2012,8,24,Rio Grande do Norte,48.65808,98.65268,RN,Rio Grande do Norte,Northeast,TRUE,TRUE,mapped
201208,2012-08-01,2012,8,25,Paraíba,47.35506,87.43452,PB,Paraiba,Northeast,TRUE,TRUE,mapped
201208,2012-08-01,2012,8,26,Pernambuco,57.74859,109.20534,PE,Pernambuco,Northeast,TRUE,TRUE,mapped
201208,2012-08-01,2012,8,27,Alagoas,49.3801,94.07818,AL,Alagoas,Northeast,TRUE,TRUE,mapped
201208,2012-08-01,2012,8,28,Sergipe,62.32261,123.22019,SE,Sergipe,Northeast,TRUE,TRUE,mapped
201208,2012-08-01,2012,8,29,Bahia,63.55654,123.87983,BA,Bahia,Northeast,TRUE,TRUE,mapped
201208,2012-08-01,2012,8,31,Minas Gerais,46.16593,88.41601,MG,Minas Gerais,Southeast,TRUE,TRUE,mapped
201208,2012-08-01,2012,8,32,Espírito Santo,50.11963,91.7513,ES,Espirito Santo,Southeast,TRUE,TRUE,mapped
201208,2012-08-01,2012,8,33,Rio de Janeiro,57.01658,106.72734,RJ,Rio de Janeiro,Southeast,TRUE,TRUE,mapped
201208,2012-08-01,2012,8,35,São Paulo,48.39874,94.29407,SP,Sao Paulo,Southeast,TRUE,TRUE,mapped
201208,2012-08-01,2012,8,41,Paraná,47.30363,94.20638,PR,Parana,South,TRUE,TRUE,mapped
201208,2012-08-01,2012,8,42,Santa Catarina,35.7997,71.04251,SC,Santa Catarina,South,TRUE,TRUE,mapped
201208,2012-08-01,2012,8,43,Rio Grande do Sul,43.18557,84.92759,RS,Rio Grande do Sul,South,TRUE,TRUE,mapped
201208,2012-08-01,2012,8,50,Mato Grosso do Sul,41.88169,80.41324,MS,Mato Grosso do Sul,Center-West,TRUE,TRUE,mapped
201208,2012-08-01,2012,8,51,Mato Grosso,49.24675,92.38082,MT,Mato Grosso,Center-West,TRUE,TRUE,mapped
201208,2012-08-01,2012,8,52,Goiás,71.25441,132.31768,GO,Goias,Center-West,TRUE,TRUE,mapped
201208,2012-08-01,2012,8,53,Distrito Federal,74.43376,136.4351,DF,Distrito Federal,Center-West,TRUE,TRUE,mapped
201209,2012-09-01,2012,9,11,Rondônia,57.93229,86.55458,RO,Rondonia,North,TRUE,TRUE,mapped
201209,2012-09-01,2012,9,12,Acre,41.56435,68.41861,AC,Acre,North,TRUE,TRUE,mapped
201209,2012-09-01,2012,9,13,Amazonas,48.20741,83.77117,AM,Amazonas,North,TRUE,TRUE,mapped
201209,2012-09-01,2012,9,14,Roraima,38.17147,69.54137,RR,Roraima,North,TRUE,TRUE,mapped
201209,2012-09-01,2012,9,15,Pará,43.22367,76.41987,PA,Para,North,TRUE,TRUE,mapped
201209,2012-09-01,2012,9,16,Amapá,55.38945,95.04955,AP,Amapa,North,TRUE,TRUE,mapped
201209,2012-09-01,2012,9,17,Tocantins,52.84007,95.75619,TO,Tocantins,North,TRUE,TRUE,mapped
201209,2012-09-01,2012,9,21,Maranhão,41.40784,80.61313,MA,Maranhao,Northeast,TRUE,TRUE,mapped
201209,2012-09-01,2012,9,22,Piauí,47.3659,90.24431,PI,Piaui,Northeast,TRUE,TRUE,mapped
201209,2012-09-01,2012,9,23,Ceará,56.23138,107.02787,CE,Ceara,Northeast,TRUE,TRUE,mapped
201209,2012-09-01,2012,9,24,Rio Grande do Norte,47.88299,95.67687,RN,Rio Grande do Norte,Northeast,TRUE,TRUE,mapped
201209,2012-09-01,2012,9,25,Paraíba,50.54754,92.83067,PB,Paraiba,Northeast,TRUE,TRUE,mapped
201209,2012-09-01,2012,9,26,Pernambuco,54.17958,101.70417,PE,Pernambuco,Northeast,TRUE,TRUE,mapped
201209,2012-09-01,2012,9,27,Alagoas,47.21198,89.1728,AL,Alagoas,Northeast,TRUE,TRUE,mapped
201209,2012-09-01,2012,9,28,Sergipe,60.74196,118.89051,SE,Sergipe,Northeast,TRUE,TRUE,mapped
201209,2012-09-01,2012,9,29,Bahia,61.67718,118.93812,BA,Bahia,Northeast,TRUE,TRUE,mapped
201209,2012-09-01,2012,9,31,Minas Gerais,44.19968,83.861,MG,Minas Gerais,Southeast,TRUE,TRUE,mapped
201209,2012-09-01,2012,9,32,Espírito Santo,48.87202,88.78094,ES,Espirito Santo,Southeast,TRUE,TRUE,mapped
201209,2012-09-01,2012,9,33,Rio de Janeiro,55.13519,102.28897,RJ,Rio de Janeiro,Southeast,TRUE,TRUE,mapped
201209,2012-09-01,2012,9,35,São Paulo,47.37803,91.54847,SP,Sao Paulo,Southeast,TRUE,TRUE,mapped
201209,2012-09-01,2012,9,41,Paraná,45.29782,89.39731,PR,Parana,South,TRUE,TRUE,mapped
201209,2012-09-01,2012,9,42,Santa Catarina,35.40412,69.4789,SC,Santa Catarina,South,TRUE,TRUE,mapped
201209,2012-09-01,2012,9,43,Rio Grande do Sul,42.8407,83.43625,RS,Rio Grande do Sul,South,TRUE,TRUE,mapped
201209,2012-09-01,2012,9,50,Mato Grosso do Sul,41.12459,78.3945,MS,Mato Grosso do Sul,Center-West,TRUE,TRUE,mapped
201209,2012-09-01,2012,9,51,Mato Grosso,48.0711,89.57139,MT,Mato Grosso,Center-West,TRUE,TRUE,mapped
201209,2012-09-01,2012,9,52,Goiás,69.0552,127.06792,GO,Goias,Center-West,TRUE,TRUE,mapped
201209,2012-09-01,2012,9,53,Distrito Federal,70.76306,128.85537,DF,Distrito Federal,Center-West,TRUE,TRUE,mapped
201210,2012-10-01,2012,10,11,Rondônia,60.01082,88.92035,RO,Rondonia,North,TRUE,TRUE,mapped
201210,2012-10-01,2012,10,12,Acre,45.49258,74.30684,AC,Acre,North,TRUE,TRUE,mapped
201210,2012-10-01,2012,10,13,Amazonas,49.70657,85.88234,AM,Amazonas,North,TRUE,TRUE,mapped
201210,2012-10-01,2012,10,14,Roraima,38.22592,68.56046,RR,Roraima,North,TRUE,TRUE,mapped
201210,2012-10-01,2012,10,15,Pará,47.18584,82.42376,PA,Para,North,TRUE,TRUE,mapped
201210,2012-10-01,2012,10,16,Amapá,55.08001,93.95702,AP,Amapa,North,TRUE,TRUE,mapped
201210,2012-10-01,2012,10,17,Tocantins,58.09617,104.07908,TO,Tocantins,North,TRUE,TRUE,mapped
201210,2012-10-01,2012,10,21,Maranhão,44.85849,86.6929,MA,Maranhao,Northeast,TRUE,TRUE,mapped
201210,2012-10-01,2012,10,22,Piauí,50.34853,94.90902,PI,Piaui,Northeast,TRUE,TRUE,mapped
201210,2012-10-01,2012,10,23,Ceará,59.84803,113.0898,CE,Ceara,Northeast,TRUE,TRUE,mapped
201210,2012-10-01,2012,10,24,Rio Grande do Norte,48.91644,96.75898,RN,Rio Grande do Norte,Northeast,TRUE,TRUE,mapped
201210,2012-10-01,2012,10,25,Paraíba,53.42963,97.38367,PB,Paraiba,Northeast,TRUE,TRUE,mapped
201210,2012-10-01,2012,10,26,Pernambuco,58.04601,108.13374,PE,Pernambuco,Northeast,TRUE,TRUE,mapped
201210,2012-10-01,2012,10,27,Alagoas,49.42435,92.50145,AL,Alagoas,Northeast,TRUE,TRUE,mapped
201210,2012-10-01,2012,10,28,Sergipe,63.95971,124.27335,SE,Sergipe,Northeast,TRUE,TRUE,mapped
201210,2012-10-01,2012,10,29,Bahia,65.5498,124.10446,BA,Bahia,Northeast,TRUE,TRUE,mapped
201210,2012-10-01,2012,10,31,Minas Gerais,46.32978,87.52128,MG,Minas Gerais,Southeast,TRUE,TRUE,mapped
201210,2012-10-01,2012,10,32,Espírito Santo,52.22767,94.22661,ES,Espirito Santo,Southeast,TRUE,TRUE,mapped
201210,2012-10-01,2012,10,33,Rio de Janeiro,59.05475,108.89492,RJ,Rio de Janeiro,Southeast,TRUE,TRUE,mapped
201210,2012-10-01,2012,10,35,São Paulo,49.54705,95.06626,SP,Sao Paulo,Southeast,TRUE,TRUE,mapped
201210,2012-10-01,2012,10,41,Paraná,47.26184,92.83236,PR,Parana,South,TRUE,TRUE,mapped
201210,2012-10-01,2012,10,42,Santa Catarina,36.8216,71.9263,SC,Santa Catarina,South,TRUE,TRUE,mapped
201210,2012-10-01,2012,10,43,Rio Grande do Sul,45.75295,88.61668,RS,Rio Grande do Sul,South,TRUE,TRUE,mapped
201210,2012-10-01,2012,10,50,Mato Grosso do Sul,44.04977,83.23948,MS,Mato Grosso do Sul,Center-West,TRUE,TRUE,mapped
201210,2012-10-01,2012,10,51,Mato Grosso,49.37738,91.14136,MT,Mato Grosso,Center-West,TRUE,TRUE,mapped
201210,2012-10-01,2012,10,52,Goiás,72.38543,131.84043,GO,Goias,Center-West,TRUE,TRUE,mapped
201210,2012-10-01,2012,10,53,Distrito Federal,73.95793,133.73723,DF,Distrito Federal,Center-West,TRUE,TRUE,mapped
201211,2012-11-01,2012,11,11,Rondônia,58.30536,85.49407,RO,Rondonia,North,TRUE,TRUE,mapped
201211,2012-11-01,2012,11,12,Acre,43.54717,70.40269,AC,Acre,North,TRUE,TRUE,mapped
201211,2012-11-01,2012,11,13,Amazonas,51.15888,87.23349,AM,Amazonas,North,TRUE,TRUE,mapped
201211,2012-11-01,2012,11,14,Roraima,38.03534,67.63118,RR,Roraima,North,TRUE,TRUE,mapped
201211,2012-11-01,2012,11,15,Pará,44.3843,76.64223,PA,Para,North,TRUE,TRUE,mapped
201211,2012-11-01,2012,11,16,Amapá,55.52206,94.1131,AP,Amapa,North,TRUE,TRUE,mapped
201211,2012-11-01,2012,11,17,Tocantins,60.74748,107.94022,TO,Tocantins,North,TRUE,TRUE,mapped
201211,2012-11-01,2012,11,21,Maranhão,44.12431,84.44113,MA,Maranhao,Northeast,TRUE,TRUE,mapped
201211,2012-11-01,2012,11,22,Piauí,51.14983,95.62667,PI,Piaui,Northeast,TRUE,TRUE,mapped
201211,2012-11-01,2012,11,23,Ceará,59.74894,111.79791,CE,Ceara,Northeast,TRUE,TRUE,mapped
201211,2012-11-01,2012,11,24,Rio Grande do Norte,50.76803,99.28392,RN,Rio Grande do Norte,Northeast,TRUE,TRUE,mapped
201211,2012-11-01,2012,11,25,Paraíba,54.49379,98.90134,PB,Paraiba,Northeast,TRUE,TRUE,mapped
201211,2012-11-01,2012,11,26,Pernambuco,59.83051,111.15369,PE,Pernambuco,Northeast,TRUE,TRUE,mapped
201211,2012-11-01,2012,11,27,Alagoas,52.38892,97.58202,AL,Alagoas,Northeast,TRUE,TRUE,mapped
201211,2012-11-01,2012,11,28,Sergipe,64.80648,125.09248,SE,Sergipe,Northeast,TRUE,TRUE,mapped
201211,2012-11-01,2012,11,29,Bahia,65.6637,122.53209,BA,Bahia,Northeast,TRUE,TRUE,mapped
201211,2012-11-01,2012,11,31,Minas Gerais,45.26473,85.08109,MG,Minas Gerais,Southeast,TRUE,TRUE,mapped
201211,2012-11-01,2012,11,32,Espírito Santo,50.85099,92.08134,ES,Espirito Santo,Southeast,TRUE,TRUE,mapped
201211,2012-11-01,2012,11,33,Rio de Janeiro,58.58441,108.68848,RJ,Rio de Janeiro,Southeast,TRUE,TRUE,mapped
201211,2012-11-01,2012,11,35,São Paulo,50.61029,96.78226,SP,Sao Paulo,Southeast,TRUE,TRUE,mapped
201211,2012-11-01,2012,11,41,Paraná,49.1005,94.63577,PR,Parana,South,TRUE,TRUE,mapped
201211,2012-11-01,2012,11,42,Santa Catarina,38.83245,74.71361,SC,Santa Catarina,South,TRUE,TRUE,mapped
201211,2012-11-01,2012,11,43,Rio Grande do Sul,45.21648,87.5178,RS,Rio Grande do Sul,South,TRUE,TRUE,mapped
201211,2012-11-01,2012,11,50,Mato Grosso do Sul,44.8757,84.31614,MS,Mato Grosso do Sul,Center-West,TRUE,TRUE,mapped
201211,2012-11-01,2012,11,51,Mato Grosso,48.46299,89.15823,MT,Mato Grosso,Center-West,TRUE,TRUE,mapped
201211,2012-11-01,2012,11,52,Goiás,71.63142,129.57349,GO,Goias,Center-West,TRUE,TRUE,mapped
201211,2012-11-01,2012,11,53,Distrito Federal,73.61805,133.48029,DF,Distrito Federal,Center-West,TRUE,TRUE,mapped
201212,2012-12-01,2012,12,11,Rondônia,83.35429,122.53062,RO,Rondonia,North,TRUE,TRUE,mapped
201212,2012-12-01,2012,12,12,Acre,58.81113,95.10763,AC,Acre,North,TRUE,TRUE,mapped
201212,2012-12-01,2012,12,13,Amazonas,68.25869,115.94538,AM,Amazonas,North,TRUE,TRUE,mapped
201212,2012-12-01,2012,12,14,Roraima,43.67121,76.87239,RR,Roraima,North,TRUE,TRUE,mapped
201212,2012-12-01,2012,12,15,Pará,68.35743,117.26113,PA,Para,North,TRUE,TRUE,mapped
201212,2012-12-01,2012,12,16,Amapá,75.06088,126.81077,AP,Amapa,North,TRUE,TRUE,mapped
201212,2012-12-01,2012,12,17,Tocantins,77.02743,135.483,TO,Tocantins,North,TRUE,TRUE,mapped
201212,2012-12-01,2012,12,21,Maranhão,59.94592,114.01429,MA,Maranhao,Northeast,TRUE,TRUE,mapped
201212,2012-12-01,2012,12,22,Piauí,66.19652,122.89732,PI,Piaui,Northeast,TRUE,TRUE,mapped
201212,2012-12-01,2012,12,23,Ceará,76.74221,142.4057,CE,Ceara,Northeast,TRUE,TRUE,mapped
201212,2012-12-01,2012,12,24,Rio Grande do Norte,66.35584,128.95186,RN,Rio Grande do Norte,Northeast,TRUE,TRUE,mapped
201212,2012-12-01,2012,12,25,Paraíba,71.20995,127.98997,PB,Paraiba,Northeast,TRUE,TRUE,mapped
201212,2012-12-01,2012,12,26,Pernambuco,82.13683,151.97175,PE,Pernambuco,Northeast,TRUE,TRUE,mapped
201212,2012-12-01,2012,12,27,Alagoas,72.433,134.37237,AL,Alagoas,Northeast,TRUE,TRUE,mapped
201212,2012-12-01,2012,12,28,Sergipe,85.69359,164.64464,SE,Sergipe,Northeast,TRUE,TRUE,mapped
201212,2012-12-01,2012,12,29,Bahia,87.70346,162.62738,BA,Bahia,Northeast,TRUE,TRUE,mapped
201212,2012-12-01,2012,12,31,Minas Gerais,59.27427,110.78437,MG,Minas Gerais,Southeast,TRUE,TRUE,mapped
201212,2012-12-01,2012,12,32,Espírito Santo,68.48966,122.77512,ES,Espirito Santo,Southeast,TRUE,TRUE,mapped
201212,2012-12-01,2012,12,33,Rio de Janeiro,81.89274,150.38853,RJ,Rio de Janeiro,Southeast,TRUE,TRUE,mapped
201212,2012-12-01,2012,12,35,São Paulo,66.09108,125.61102,SP,Sao Paulo,Southeast,TRUE,TRUE,mapped
201212,2012-12-01,2012,12,41,Paraná,63.72618,122.03033,PR,Parana,South,TRUE,TRUE,mapped
201212,2012-12-01,2012,12,42,Santa Catarina,51.95241,99.25557,SC,Santa Catarina,South,TRUE,TRUE,mapped
201212,2012-12-01,2012,12,43,Rio Grande do Sul,58.85806,113.34144,RS,Rio Grande do Sul,South,TRUE,TRUE,mapped
201212,2012-12-01,2012,12,50,Mato Grosso do Sul,54.51159,101.20629,MS,Mato Grosso do Sul,Center-West,TRUE,TRUE,mapped
201212,2012-12-01,2012,12,51,Mato Grosso,61.4387,111.30319,MT,Mato Grosso,Center-West,TRUE,TRUE,mapped
201212,2012-12-01,2012,12,52,Goiás,91.67565,164.7707,GO,Goias,Center-West,TRUE,TRUE,mapped
201212,2012-12-01,2012,12,53,Distrito Federal,93.94289,167.78177,DF,Distrito Federal,Center-West,TRUE,TRUE,mapped
201301,2013-01-01,2013,1,11,Rondônia,55.90706,80.8441,RO,Rondonia,North,TRUE,TRUE,mapped
201301,2013-01-01,2013,1,12,Acre,43.69682,69.63466,AC,Acre,North,TRUE,TRUE,mapped
201301,2013-01-01,2013,1,13,Amazonas,50.73725,85.12232,AM,Amazonas,North,TRUE,TRUE,mapped
201301,2013-01-01,2013,1,14,Roraima,36.10226,62.93314,RR,Roraima,North,TRUE,TRUE,mapped
201301,2013-01-01,2013,1,15,Pará,47.38595,79.75536,PA,Para,North,TRUE,TRUE,mapped
201301,2013-01-01,2013,1,16,Amapá,51.54357,86.62151,AP,Amapa,North,TRUE,TRUE,mapped
201301,2013-01-01,2013,1,17,Tocantins,53.30522,93.01049,TO,Tocantins,North,TRUE,TRUE,mapped
201301,2013-01-01,2013,1,21,Maranhão,45.48254,85.71713,MA,Maranhao,Northeast,TRUE,TRUE,mapped
201301,2013-01-01,2013,1,22,Piauí,51.90662,95.71638,PI,Piaui,Northeast,TRUE,TRUE,mapped
201301,2013-01-01,2013,1,23,Ceará,59.40214,109.41289,CE,Ceara,Northeast,TRUE,TRUE,mapped
201301,2013-01-01,2013,1,24,Rio Grande do Norte,50.98333,98.65268,RN,Rio Grande do Norte,Northeast,TRUE,TRUE,mapped
201301,2013-01-01,2013,1,25,Paraíba,53.87303,96.20327,PB,Paraiba,Northeast,TRUE,TRUE,mapped
201301,2013-01-01,2013,1,26,Pernambuco,60.27664,110.27693,PE,Pernambuco,Northeast,TRUE,TRUE,mapped
201301,2013-01-01,2013,1,27,Alagoas,53.09688,97.58202,AL,Alagoas,Northeast,TRUE,TRUE,mapped
201301,2013-01-01,2013,1,28,Sergipe,66.33068,126.02862,SE,Sergipe,Northeast,TRUE,TRUE,mapped
201301,2013-01-01,2013,1,29,Bahia,65.37894,120.62279,BA,Bahia,Northeast,TRUE,TRUE,mapped
201301,2013-01-01,2013,1,31,Minas Gerais,46.00208,85.65047,MG,Minas Gerais,Southeast,TRUE,TRUE,mapped
201301,2013-01-01,2013,1,32,Espírito Santo,51.2812,90.51365,ES,Espirito Santo,Southeast,TRUE,TRUE,mapped
201301,2013-01-01,2013,1,33,Rio de Janeiro,59.05475,106.52091,RJ,Rio de Janeiro,Southeast,TRUE,TRUE,mapped
201301,2013-01-01,2013,1,35,São Paulo,49.16428,92.14907,SP,Sao Paulo,Southeast,TRUE,TRUE,mapped
201301,2013-01-01,2013,1,41,Paraná,52.73602,99.87422,PR,Parana,South,TRUE,TRUE,mapped
201301,2013-01-01,2013,1,42,Santa Catarina,40.2829,76.00529,SC,Santa Catarina,South,TRUE,TRUE,mapped
201301,2013-01-01,2013,1,43,Rio Grande do Sul,43.07061,81.94492,RS,Rio Grande do Sul,South,TRUE,TRUE,mapped
201301,2013-01-01,2013,1,50,Mato Grosso do Sul,45.83929,84.31614,MS,Mato Grosso do Sul,Center-West,TRUE,TRUE,mapped
201301,2013-01-01,2013,1,51,Mato Grosso,46.98254,84.69619,MT,Mato Grosso,Center-West,TRUE,TRUE,mapped
201301,2013-01-01,2013,1,52,Goiás,73.20228,130.52799,GO,Goias,Center-West,TRUE,TRUE,mapped
201301,2013-01-01,2013,1,53,Distrito Federal,74.29781,131.81018,DF,Distrito Federal,Center-West,TRUE,TRUE,mapped
201302,2013-02-01,2013,2,11,Rondônia,53.24228,76.60203,RO,Rondonia,North,TRUE,TRUE,mapped
201302,2013-02-01,2013,2,12,Acre,40.32977,63.36242,AC,Acre,North,TRUE,TRUE,mapped
201302,2013-02-01,2013,2,13,Amazonas,46.94249,77.60656,AM,Amazonas,North,TRUE,TRUE,mapped
201302,2013-02-01,2013,2,14,Roraima,35.99335,61.07457,RR,Roraima,North,TRUE,TRUE,mapped
201302,2013-02-01,2013,2,15,Pará,41.50273,68.78529,PA,Para,North,TRUE,TRUE,mapped
201302,2013-02-01,2013,2,16,Amapá,48.58181,80.45656,AP,Amapa,North,TRUE,TRUE,mapped
201302,2013-02-01,2013,2,17,Tocantins,48.60729,83.57216,TO,Tocantins,North,TRUE,TRUE,mapped
201302,2013-02-01,2013,2,21,Maranhão,40.74707,74.90867,MA,Maranhao,Northeast,TRUE,TRUE,mapped
201302,2013-02-01,2013,2,22,Piauí,47.633,85.48988,PI,Piaui,Northeast,TRUE,TRUE,mapped
201302,2013-02-01,2013,2,23,Ceará,52.61474,94.40713,CE,Ceara,Northeast,TRUE,TRUE,mapped
201302,2013-02-01,2013,2,24,Rio Grande do Norte,47.75381,90.08595,RN,Rio Grande do Norte,Northeast,TRUE,TRUE,mapped
201302,2013-02-01,2013,2,25,Paraíba,47.35506,82.96583,PB,Paraiba,Northeast,TRUE,TRUE,mapped
201302,2013-02-01,2013,2,26,Pernambuco,52.39507,93.61849,PE,Pernambuco,Northeast,TRUE,TRUE,mapped
201302,2013-02-01,2013,2,27,Alagoas,47.91994,85.58136,AL,Alagoas,Northeast,TRUE,TRUE,mapped
201302,2013-02-01,2013,2,28,Sergipe,60.17745,111.05029,SE,Sergipe,Northeast,TRUE,TRUE,mapped
201302,2013-02-01,2013,2,29,Bahia,57.7476,104.33759,BA,Bahia,Northeast,TRUE,TRUE,mapped
201302,2013-02-01,2013,2,31,Minas Gerais,42.11054,76.94715,MG,Minas Gerais,Southeast,TRUE,TRUE,mapped
201302,2013-02-01,2013,2,32,Espírito Santo,46.5919,81.60255,ES,Espirito Santo,Southeast,TRUE,TRUE,mapped
201302,2013-02-01,2013,2,33,Rio de Janeiro,54.92615,97.95382,RJ,Rio de Janeiro,Southeast,TRUE,TRUE,mapped
201302,2013-02-01,2013,2,35,São Paulo,45.08143,83.31168,SP,Sao Paulo,Southeast,TRUE,TRUE,mapped
201302,2013-02-01,2013,2,41,Paraná,45.84106,85.53287,PR,Parana,South,TRUE,TRUE,mapped
201302,2013-02-01,2013,2,42,Santa Catarina,36.52492,67.98327,SC,Santa Catarina,South,TRUE,TRUE,mapped
201302,2013-02-01,2013,2,43,Rio Grande do Sul,40.4266,76.05807,RS,Rio Grande do Sul,South,TRUE,TRUE,mapped
201302,2013-02-01,2013,2,50,Mato Grosso do Sul,41.91611,75.97201,MS,Mato Grosso do Sul,Center-West,TRUE,TRUE,mapped
201302,2013-02-01,2013,2,51,Mato Grosso,45.37146,79.90363,MT,Mato Grosso,Center-West,TRUE,TRUE,mapped
201302,2013-02-01,2013,2,52,Goiás,64.97095,113.82422,GO,Goias,Center-West,TRUE,TRUE,mapped
201302,2013-02-01,2013,2,53,Distrito Federal,68.51985,119.22013,DF,Distrito Federal,Center-West,TRUE,TRUE,mapped
201303,2013-03-01,2013,3,11,Rondônia,61.07673,86.96248,RO,Rondonia,North,TRUE,TRUE,mapped
201303,2013-03-01,2013,3,12,Acre,45.15587,70.40269,AC,Acre,North,TRUE,TRUE,mapped
201303,2013-03-01,2013,3,13,Amazonas,53.31393,87.65572,AM,Amazonas,North,TRUE,TRUE,mapped
201303,2013-03-01,2013,3,14,Roraima,40.45849,68.30233,RR,Roraima,North,TRUE,TRUE,mapped
201303,2013-03-01,2013,3,15,Pará,48.78671,80.20009,PA,Para,North,TRUE,TRUE,mapped
201303,2013-03-01,2013,3,16,Amapá,52.47189,86.07525,AP,Amapa,North,TRUE,TRUE,mapped
201303,2013-03-01,2013,3,17,Tocantins,57.67755,98.33028,TO,Tocantins,North,TRUE,TRUE,mapped
201303,2013-03-01,2013,3,21,Maranhão,46.14331,84.36607,MA,Maranhao,Northeast,TRUE,TRUE,mapped
201303,2013-03-01,2013,3,22,Piauí,54.31053,97.24138,PI,Piaui,Northeast,TRUE,TRUE,mapped
201303,2013-03-01,2013,3,23,Ceará,59.94711,106.92849,CE,Ceara,Northeast,TRUE,TRUE,mapped
201303,2013-03-01,2013,3,24,Rio Grande do Norte,54.60039,102.44008,RN,Rio Grande do Norte,Northeast,TRUE,TRUE,mapped
201303,2013-03-01,2013,3,25,Paraíba,55.95701,97.5523,PB,Paraiba,Northeast,TRUE,TRUE,mapped
201303,2013-03-01,2013,3,26,Pernambuco,61.8133,109.98468,PE,Pernambuco,Northeast,TRUE,TRUE,mapped
201303,2013-03-01,2013,3,27,Alagoas,53.09688,94.60376,AL,Alagoas,Northeast,TRUE,TRUE,mapped
201303,2013-03-01,2013,3,28,Sergipe,68.58874,126.14564,SE,Sergipe,Northeast,TRUE,TRUE,mapped
201303,2013-03-01,2013,3,29,Bahia,67.42916,120.84742,BA,Bahia,Northeast,TRUE,TRUE,mapped
201303,2013-03-01,2013,3,31,Minas Gerais,47.80447,86.21985,MG,Minas Gerais,Southeast,TRUE,TRUE,mapped
201303,2013-03-01,2013,3,32,Espírito Santo,53.56132,92.65891,ES,Espirito Santo,Southeast,TRUE,TRUE,mapped
201303,2013-03-01,2013,3,33,Rio de Janeiro,64.43762,113.64294,RJ,Rio de Janeiro,Southeast,TRUE,TRUE,mapped
201303,2013-03-01,2013,3,35,São Paulo,53.11954,97.55446,SP,Sao Paulo,Southeast,TRUE,TRUE,mapped
201303,2013-03-01,2013,3,41,Paraná,53.65535,99.78835,PR,Parana,South,TRUE,TRUE,mapped
201303,2013-03-01,2013,3,42,Santa Catarina,40.24993,74.50966,SC,Santa Catarina,South,TRUE,TRUE,mapped
201303,2013-03-01,2013,3,43,Rio Grande do Sul,48.58856,90.73594,RS,Rio Grande do Sul,South,TRUE,TRUE,mapped
201303,2013-03-01,2013,3,50,Mato Grosso do Sul,46.66522,84.04698,MS,Mato Grosso do Sul,Center-West,TRUE,TRUE,mapped
201303,2013-03-01,2013,3,51,Mato Grosso,51.6416,90.31506,MT,Mato Grosso,Center-West,TRUE,TRUE,mapped
201303,2013-03-01,2013,3,52,Goiás,76.21834,132.43699,GO,Goias,Center-West,TRUE,TRUE,mapped
201303,2013-03-01,2013,3,53,Distrito Federal,80.61958,139.13297,DF,Distrito Federal,Center-West,TRUE,TRUE,mapped
201304,2013-04-01,2013,4,11,Rondônia,59.53116,84.67828,RO,Rondonia,North,TRUE,TRUE,mapped
201304,2013-04-01,2013,4,12,Acre,44.2954,68.99463,AC,Acre,North,TRUE,TRUE,mapped
201304,2013-04-01,2013,4,13,Amazonas,51.11204,83.68673,AM,Amazonas,North,TRUE,TRUE,mapped
201304,2013-04-01,2013,4,14,Roraima,40.40404,68.04419,RR,Roraima,North,TRUE,TRUE,mapped
201304,2013-04-01,2013,4,15,Pará,46.86566,76.64223,PA,Para,North,TRUE,TRUE,mapped
201304,2013-04-01,2013,4,16,Amapá,51.67619,84.04628,AP,Amapa,North,TRUE,TRUE,mapped
201304,2013-04-01,2013,4,17,Tocantins,58.1892,99.35992,TO,Tocantins,North,TRUE,TRUE,mapped
201304,2013-04-01,2013,4,21,Maranhão,44.82178,81.73902,MA,Maranhao,Northeast,TRUE,TRUE,mapped
201304,2013-04-01,2013,4,22,Piauí,50.83821,90.51342,PI,Piaui,Northeast,TRUE,TRUE,mapped
201304,2013-04-01,2013,4,23,Ceará,58.857170000000004,104.44409,CE,Ceara,Northeast,TRUE,TRUE,mapped
201304,2013-04-01,2013,4,24,Rio Grande do Norte,51.84454,96.84916,RN,Rio Grande do Norte,Northeast,TRUE,TRUE,mapped
201304,2013-04-01,2013,4,25,Paraíba,52.85321,91.39732,PB,Paraiba,Northeast,TRUE,TRUE,mapped
201304,2013-04-01,2013,4,26,Pernambuco,57.84773,102.09384,PE,Pernambuco,Northeast,TRUE,TRUE,mapped
201304,2013-04-01,2013,4,27,Alagoas,51.10575,90.39914,AL,Alagoas,Northeast,TRUE,TRUE,mapped
201304,2013-04-01,2013,4,28,Sergipe,64.69358,117.95437,SE,Sergipe,Northeast,TRUE,TRUE,mapped
201304,2013-04-01,2013,4,29,Bahia,64.92334,115.9057,BA,Bahia,Northeast,TRUE,TRUE,mapped
201304,2013-04-01,2013,4,31,Minas Gerais,45.59244,82.15287,MG,Minas Gerais,Southeast,TRUE,TRUE,mapped
201304,2013-04-01,2013,4,32,Espírito Santo,50.42078,86.96571,ES,Espirito Santo,Southeast,TRUE,TRUE,mapped
201304,2013-04-01,2013,4,33,Rio de Janeiro,58.68893,102.59862,RJ,Rio de Janeiro,Southeast,TRUE,TRUE,mapped
201304,2013-04-01,2013,4,35,São Paulo,48.44127,88.54547,SP,Sao Paulo,Southeast,TRUE,TRUE,mapped
201304,2013-04-01,2013,4,41,Paraná,49.35122,91.28659,PR,Parana,South,TRUE,TRUE,mapped
201304,2013-04-01,2013,4,42,Santa Catarina,36.19527,66.6236,SC,Santa Catarina,South,TRUE,TRUE,mapped
201304,2013-04-01,2013,4,43,Rio Grande do Sul,44.94825,83.59323,RS,Rio Grande do Sul,South,TRUE,TRUE,mapped
201304,2013-04-01,2013,4,50,Mato Grosso do Sul,44.56597,80.21136,MS,Mato Grosso do Sul,Center-West,TRUE,TRUE,mapped
201304,2013-04-01,2013,4,51,Mato Grosso,48.6807,85.85302,MT,Mato Grosso,Center-West,TRUE,TRUE,mapped
201304,2013-04-01,2013,4,52,Goiás,71.19158,124.08511,GO,Goias,Center-West,TRUE,TRUE,mapped
201304,2013-04-01,2013,4,53,Distrito Federal,75.79328,130.52548,DF,Distrito Federal,Center-West,TRUE,TRUE,mapped
201305,2013-05-01,2013,5,11,Rondônia,67.84527,96.50714,RO,Rondonia,North,TRUE,TRUE,mapped
201305,2013-05-01,2013,5,12,Acre,48.33586,75.13887,AC,Acre,North,TRUE,TRUE,mapped
201305,2013-05-01,2013,5,13,Amazonas,55.09418,90.18912,AM,Amazonas,North,TRUE,TRUE,mapped
201305,2013-05-01,2013,5,14,Roraima,41.84704,70.3674,RR,Roraima,North,TRUE,TRUE,mapped
201305,2013-05-01,2013,5,15,Pará,51.90842,85.09215,PA,Para,North,TRUE,TRUE,mapped
201305,2013-05-01,2013,5,16,Amapá,55.87571,91.22572,AP,Amapa,North,TRUE,TRUE,mapped
201305,2013-05-01,2013,5,17,Tocantins,57.72406,99.35992,TO,Tocantins,North,TRUE,TRUE,mapped
201305,2013-05-01,2013,5,21,Maranhão,49.15345,89.92042,MA,Maranhao,Northeast,TRUE,TRUE,mapped
201305,2013-05-01,2013,5,22,Piauí,55.64603,99.39433,PI,Piaui,Northeast,TRUE,TRUE,mapped
201305,2013-05-01,2013,5,23,Ceará,62.67198,111.89729,CE,Ceara,Northeast,TRUE,TRUE,mapped
201305,2013-05-01,2013,5,24,Rio Grande do Norte,56.02138,105.14536,RN,Rio Grande do Norte,Northeast,TRUE,TRUE,mapped
201305,2013-05-01,2013,5,25,Paraíba,57.46457,99.40723,PB,Paraiba,Northeast,TRUE,TRUE,mapped
201305,2013-05-01,2013,5,26,Pernambuco,62.9534,110.56919,PE,Pernambuco,Northeast,TRUE,TRUE,mapped
201305,2013-05-01,2013,5,27,Alagoas,56.10571,99.07115,AL,Alagoas,Northeast,TRUE,TRUE,mapped
201305,2013-05-01,2013,5,28,Sergipe,69.77423,126.61372,SE,Sergipe,Northeast,TRUE,TRUE,mapped
201305,2013-05-01,2013,5,29,Bahia,70.33362,125.22757,BA,Bahia,Northeast,TRUE,TRUE,mapped
201305,2013-05-01,2013,5,31,Minas Gerais,48.25507,86.46387,MG,Minas Gerais,Southeast,TRUE,TRUE,mapped
201305,2013-05-01,2013,5,32,Espírito Santo,53.21715,91.66879,ES,Espirito Santo,Southeast,TRUE,TRUE,mapped
201305,2013-05-01,2013,5,33,Rio de Janeiro,62.97432,109.30779,RJ,Rio de Janeiro,Southeast,TRUE,TRUE,mapped
201305,2013-05-01,2013,5,35,São Paulo,52.65171,95.92426,SP,Sao Paulo,Southeast,TRUE,TRUE,mapped
201305,2013-05-01,2013,5,41,Paraná,52.23457,96.95443,PR,Parana,South,TRUE,TRUE,mapped
201305,2013-05-01,2013,5,42,Santa Catarina,38.33798,70.90655,SC,Santa Catarina,South,TRUE,TRUE,mapped
201305,2013-05-01,2013,5,43,Rio Grande do Sul,47.32403,87.75327,RS,Rio Grande do Sul,South,TRUE,TRUE,mapped
201305,2013-05-01,2013,5,50,Mato Grosso do Sul,47.49115,85.25822,MS,Mato Grosso do Sul,Center-West,TRUE,TRUE,mapped
201305,2013-05-01,2013,5,51,Mato Grosso,53.16559,94.03343,MT,Mato Grosso,Center-West,TRUE,TRUE,mapped
201305,2013-05-01,2013,5,52,Goiás,77.97771,135.89705,GO,Goias,Center-West,TRUE,TRUE,mapped
201305,2013-05-01,2013,5,53,Distrito Federal,78.5803,134.89346,DF,Distrito Federal,Center-West,TRUE,TRUE,mapped
201306,2013-06-01,2013,6,11,Rondônia,62.83549,89.08351,RO,Rondonia,North,TRUE,TRUE,mapped
201306,2013-06-01,2013,6,12,Acre,44.74434,69.50665,AC,Acre,North,TRUE,TRUE,mapped
201306,2013-06-01,2013,6,13,Amazonas,53.45448,87.48683,AM,Amazonas,North,TRUE,TRUE,mapped
201306,2013-06-01,2013,6,14,Roraima,39.26052,66.03075,RR,Roraima,North,TRUE,TRUE,mapped
201306,2013-06-01,2013,6,15,Pará,48.90678,80.12597,PA,Para,North,TRUE,TRUE,mapped
201306,2013-06-01,2013,6,16,Amapá,57.99757,94.58132,AP,Amapa,North,TRUE,TRUE,mapped
201306,2013-06-01,2013,6,17,Tocantins,56.93332,97.90127,TO,Tocantins,North,TRUE,TRUE,mapped
201306,2013-06-01,2013,6,21,Maranhão,46.18002,84.06584,MA,Maranhao,Northeast,TRUE,TRUE,mapped
201306,2013-06-01,2013,6,22,Piauí,52.88599,93.83255,PI,Piaui,Northeast,TRUE,TRUE,mapped
201306,2013-06-01,2013,6,23,Ceará,59.0058,104.64285,CE,Ceara,Northeast,TRUE,TRUE,mapped
201306,2013-06-01,2013,6,24,Rio Grande do Norte,52.79186,98.56251,RN,Rio Grande do Norte,Northeast,TRUE,TRUE,mapped
201306,2013-06-01,2013,6,25,Paraíba,55.02587,94.6856,PB,Paraiba,Northeast,TRUE,TRUE,mapped
201306,2013-06-01,2013,6,26,Pernambuco,61.41674,107.84149,PE,Pernambuco,Northeast,TRUE,TRUE,mapped
201306,2013-06-01,2013,6,27,Alagoas,53.76059,94.77895,AL,Alagoas,Northeast,TRUE,TRUE,mapped
201306,2013-06-01,2013,6,28,Sergipe,66.33068,120.41175,SE,Sergipe,Northeast,TRUE,TRUE,mapped
201306,2013-06-01,2013,6,29,Bahia,68.39731,121.52129,BA,Bahia,Northeast,TRUE,TRUE,mapped
201306,2013-06-01,2013,6,31,Minas Gerais,45.92015,82.31555,MG,Minas Gerais,Southeast,TRUE,TRUE,mapped
201306,2013-06-01,2013,6,32,Espírito Santo,49.99057,85.89308,ES,Espirito Santo,Southeast,TRUE,TRUE,mapped
201306,2013-06-01,2013,6,33,Rio de Janeiro,59.83867,103.73402,RJ,Rio de Janeiro,Southeast,TRUE,TRUE,mapped
201306,2013-06-01,2013,6,35,São Paulo,50.35511,91.89167,SP,Sao Paulo,Southeast,TRUE,TRUE,mapped
201306,2013-06-01,2013,6,41,Paraná,50.93915,95.06515,PR,Parana,South,TRUE,TRUE,mapped
201306,2013-06-01,2013,6,42,Santa Catarina,37.08532,68.86705,SC,Santa Catarina,South,TRUE,TRUE,mapped
201306,2013-06-01,2013,6,43,Rio Grande do Sul,45.36976,83.98569,RS,Rio Grande do Sul,South,TRUE,TRUE,mapped
201306,2013-06-01,2013,6,50,Mato Grosso do Sul,44.80687,80.6824,MS,Mato Grosso do Sul,Center-West,TRUE,TRUE,mapped
201306,2013-06-01,2013,6,51,Mato Grosso,50.94492,90.64558,MT,Mato Grosso,Center-West,TRUE,TRUE,mapped
201306,2013-06-01,2013,6,52,Goiás,73.45362,128.38036,GO,Goias,Center-West,TRUE,TRUE,mapped
201306,2013-06-01,2013,6,53,Distrito Federal,76.74495,131.93865,DF,Distrito Federal,Center-West,TRUE,TRUE,mapped
201307,2013-07-01,2013,7,11,Rondônia,69.01778,98.46502,RO,Rondonia,North,TRUE,TRUE,mapped
201307,2013-07-01,2013,7,12,Acre,48.1488,75.13887,AC,Acre,North,TRUE,TRUE,mapped
201307,2013-07-01,2013,7,13,Amazonas,55.75007,91.37138,AM,Amazonas,North,TRUE,TRUE,mapped
201307,2013-07-01,2013,7,14,Roraima,39.6417,66.80515,RR,Roraima,North,TRUE,TRUE,mapped
201307,2013-07-01,2013,7,15,Pará,50.98792,83.9062,PA,Para,North,TRUE,TRUE,mapped
201307,2013-07-01,2013,7,16,Amapá,61.53401,100.66824,AP,Amapa,North,TRUE,TRUE,mapped
201307,2013-07-01,2013,7,17,Tocantins,59.11948,102.19142,TO,Tocantins,North,TRUE,TRUE,mapped
201307,2013-07-01,2013,7,21,Maranhão,50.87878,93.44819,MA,Maranhao,Northeast,TRUE,TRUE,mapped
201307,2013-07-01,2013,7,22,Piauí,59.02931,105.58404,PI,Piaui,Northeast,TRUE,TRUE,mapped
201307,2013-07-01,2013,7,23,Ceará,64.25736,114.67981,CE,Ceara,Northeast,TRUE,TRUE,mapped
201307,2013-07-01,2013,7,24,Rio Grande do Norte,57.14095,107.6703,RN,Rio Grande do Norte,Northeast,TRUE,TRUE,mapped
201307,2013-07-01,2013,7,25,Paraíba,58.52873,101.09353,PB,Paraiba,Northeast,TRUE,TRUE,mapped
201307,2013-07-01,2013,7,26,Pernambuco,65.43188,115.44008,PE,Pernambuco,Northeast,TRUE,TRUE,mapped
201307,2013-07-01,2013,7,27,Alagoas,55.30925,98.02,AL,Alagoas,Northeast,TRUE,TRUE,mapped
201307,2013-07-01,2013,7,28,Sergipe,67.40326,123.3372,SE,Sergipe,Northeast,TRUE,TRUE,mapped
201307,2013-07-01,2013,7,29,Bahia,69.70717,124.5537,BA,Bahia,Northeast,TRUE,TRUE,mapped
201307,2013-07-01,2013,7,31,Minas Gerais,48.37796,86.9519,MG,Minas Gerais,Southeast,TRUE,TRUE,mapped
201307,2013-07-01,2013,7,32,Espírito Santo,53.38924,91.83381,ES,Espirito Santo,Southeast,TRUE,TRUE,mapped
201307,2013-07-01,2013,7,33,Rio de Janeiro,63.49693,110.75284,RJ,Rio de Janeiro,Southeast,TRUE,TRUE,mapped
201307,2013-07-01,2013,7,35,São Paulo,52.82183,96.69646,SP,Sao Paulo,Southeast,TRUE,TRUE,mapped
201307,2013-07-01,2013,7,41,Paraná,53.65535,99.87422,PR,Parana,South,TRUE,TRUE,mapped
201307,2013-07-01,2013,7,42,Santa Catarina,39.6236,73.42193,SC,Santa Catarina,South,TRUE,TRUE,mapped
201307,2013-07-01,2013,7,43,Rio Grande do Sul,47.01748,87.20383,RS,Rio Grande do Sul,South,TRUE,TRUE,mapped
201307,2013-07-01,2013,7,50,Mato Grosso do Sul,48.1106,87.20967,MS,Mato Grosso do Sul,Center-West,TRUE,TRUE,mapped
201307,2013-07-01,2013,7,51,Mato Grosso,52.81725,94.7771,MT,Mato Grosso,Center-West,TRUE,TRUE,mapped
201307,2013-07-01,2013,7,52,Goiás,78.98306,138.76056,GO,Goias,Center-West,TRUE,TRUE,mapped
201307,2013-07-01,2013,7,53,Distrito Federal,79.32804,136.82051,DF,Distrito Federal,Center-West,TRUE,TRUE,mapped
201308,2013-08-01,2013,8,11,Rondônia,68.21834,96.91503,RO,Rondonia,North,TRUE,TRUE,mapped
201308,2013-08-01,2013,8,12,Acre,46.95163,73.02679,AC,Acre,North,TRUE,TRUE,mapped
201308,2013-08-01,2013,8,13,Amazonas,57.90511,94.74925,AM,Amazonas,North,TRUE,TRUE,mapped
201308,2013-08-01,2013,8,14,Roraima,40.29513,67.88931,RR,Roraima,North,TRUE,TRUE,mapped
201308,2013-08-01,2013,8,15,Pará,52.14855,85.61101,PA,Para,North,TRUE,TRUE,mapped
201308,2013-08-01,2013,8,16,Amapá,61.22457,99.80983,AP,Amapa,North,TRUE,TRUE,mapped
201308,2013-08-01,2013,8,17,Tocantins,62.51502,107.3396,TO,Tocantins,North,TRUE,TRUE,mapped
201308,2013-08-01,2013,8,21,Maranhão,51.17245,94.12372,MA,Maranhao,Northeast,TRUE,TRUE,mapped
201308,2013-08-01,2013,8,22,Piauí,57.82735,103.61051,PI,Piaui,Northeast,TRUE,TRUE,mapped
201308,2013-08-01,2013,8,23,Ceará,65.00051,116.26983,CE,Ceara,Northeast,TRUE,TRUE,mapped
201308,2013-08-01,2013,8,24,Rio Grande do Norte,58.73418,111.09699,RN,Rio Grande do Norte,Northeast,TRUE,TRUE,mapped
201308,2013-08-01,2013,8,25,Paraíba,59.28251,102.52688,PB,Paraiba,Northeast,TRUE,TRUE,mapped
201308,2013-08-01,2013,8,26,Pernambuco,67.11724,118.55745,PE,Pernambuco,Northeast,TRUE,TRUE,mapped
201308,2013-08-01,2013,8,27,Alagoas,59.91098,106.42922,AL,Alagoas,Northeast,TRUE,TRUE,mapped
201308,2013-08-01,2013,8,28,Sergipe,70.56455,129.42215,SE,Sergipe,Northeast,TRUE,TRUE,mapped
201308,2013-08-01,2013,8,29,Bahia,73.18114,130.50623,BA,Bahia,Northeast,TRUE,TRUE,mapped
201308,2013-08-01,2013,8,31,Minas Gerais,49.60687,89.31075,MG,Minas Gerais,Southeast,TRUE,TRUE,mapped
201308,2013-08-01,2013,8,32,Espírito Santo,55.41123,95.13422,ES,Espirito Santo,Southeast,TRUE,TRUE,mapped
201308,2013-08-01,2013,8,33,Rio de Janeiro,65.58736,114.46869,RJ,Rio de Janeiro,Southeast,TRUE,TRUE,mapped
201308,2013-08-01,2013,8,35,São Paulo,55.11843,100.90066,SP,Sao Paulo,Southeast,TRUE,TRUE,mapped
201308,2013-08-01,2013,8,41,Paraná,55.28507,102.36464,PR,Parana,South,TRUE,TRUE,mapped
201308,2013-08-01,2013,8,42,Santa Catarina,40.51365,74.71361,SC,Santa Catarina,South,TRUE,TRUE,mapped
201308,2013-08-01,2013,8,43,Rio Grande do Sul,48.12873,88.77366,RS,Rio Grande do Sul,South,TRUE,TRUE,mapped
201308,2013-08-01,2013,8,50,Mato Grosso do Sul,48.28267,87.14238,MS,Mato Grosso do Sul,Center-West,TRUE,TRUE,mapped
201308,2013-08-01,2013,8,51,Mato Grosso,54.2977,97.09075,MT,Mato Grosso,Center-West,TRUE,TRUE,mapped
201308,2013-08-01,2013,8,52,Goiás,80.11409,139.95368,GO,Goias,Center-West,TRUE,TRUE,mapped
201308,2013-08-01,2013,8,53,Distrito Federal,82.59089,142.08778,DF,Distrito Federal,Center-West,TRUE,TRUE,mapped
201309,2013-09-01,2013,9,11,Rondônia,63.15526,89.16509,RO,Rondonia,North,TRUE,TRUE,mapped
201309,2013-09-01,2013,9,12,Acre,45.04364,69.76266,AC,Acre,North,TRUE,TRUE,mapped
201309,2013-09-01,2013,9,13,Amazonas,54.11036,88.24685,AM,Amazonas,North,TRUE,TRUE,mapped
201309,2013-09-01,2013,9,14,Roraima,38.85213,65.61773,RR,Roraima,North,TRUE,TRUE,mapped
201309,2013-09-01,2013,9,15,Pará,48.98682,80.49658,PA,Para,North,TRUE,TRUE,mapped
201309,2013-09-01,2013,9,16,Amapá,57.59972,93.56684,AP,Amapa,North,TRUE,TRUE,mapped
201309,2013-09-01,2013,9,17,Tocantins,61.58473,105.53774,TO,Tocantins,North,TRUE,TRUE,mapped
201309,2013-09-01,2013,9,21,Maranhão,48.1256,88.26913,MA,Maranhao,Northeast,TRUE,TRUE,mapped
201309,2013-09-01,2013,9,22,Piauí,53.99891,96.34432,PI,Piaui,Northeast,TRUE,TRUE,mapped
201309,2013-09-01,2013,9,23,Ceará,62.02792,110.6054,CE,Ceara,Northeast,TRUE,TRUE,mapped
201309,2013-09-01,2013,9,24,Rio Grande do Norte,55.16018,103.8829,RN,Rio Grande do Norte,Northeast,TRUE,TRUE,mapped
201309,2013-09-01,2013,9,25,Paraíba,55.29191,95.44443,PB,Paraiba,Northeast,TRUE,TRUE,mapped
201309,2013-09-01,2013,9,26,Pernambuco,62.9534,110.76402,PE,Pernambuco,Northeast,TRUE,TRUE,mapped
201309,2013-09-01,2013,9,27,Alagoas,55.84022,98.72077,AL,Alagoas,Northeast,TRUE,TRUE,mapped
201309,2013-09-01,2013,9,28,Sergipe,64.12906,117.25226,SE,Sergipe,Northeast,TRUE,TRUE,mapped
201309,2013-09-01,2013,9,29,Bahia,68.28341,122.30747,BA,Bahia,Northeast,TRUE,TRUE,mapped
201309,2013-09-01,2013,9,31,Minas Gerais,47.10809,84.75574,MG,Minas Gerais,Southeast,TRUE,TRUE,mapped
201309,2013-09-01,2013,9,32,Espírito Santo,50.42078,86.22312,ES,Espirito Santo,Southeast,TRUE,TRUE,mapped
201309,2013-09-01,2013,9,33,Rio de Janeiro,61.98136,107.75952,RJ,Rio de Janeiro,Southeast,TRUE,TRUE,mapped
201309,2013-09-01,2013,9,35,São Paulo,52.56665,95.83846,SP,Sao Paulo,Southeast,TRUE,TRUE,mapped
201309,2013-09-01,2013,9,41,Paraná,51.73312,95.92391,PR,Parana,South,TRUE,TRUE,mapped
201309,2013-09-01,2013,9,42,Santa Catarina,38.40391,70.83856,SC,Santa Catarina,South,TRUE,TRUE,mapped
201309,2013-09-01,2013,9,43,Rio Grande do Sul,46.55765,84.92759,RS,Rio Grande do Sul,South,TRUE,TRUE,mapped
201309,2013-09-01,2013,9,50,Mato Grosso do Sul,47.07819,84.6526,MS,Mato Grosso do Sul,Center-West,TRUE,TRUE,mapped
201309,2013-09-01,2013,9,51,Mato Grosso,52.90434,94.03343,MT,Mato Grosso,Center-West,TRUE,TRUE,mapped
201309,2013-09-01,2013,9,52,Goiás,75.7785,132.5563,GO,Goias,Center-West,TRUE,TRUE,mapped
201309,2013-09-01,2013,9,53,Distrito Federal,77.22078,132.83794,DF,Distrito Federal,Center-West,TRUE,TRUE,mapped
201310,2013-10-01,2013,10,11,Rondônia,66.56618,93.16243,RO,Rondonia,North,TRUE,TRUE,mapped
201310,2013-10-01,2013,10,12,Acre,51.3288,78.723,AC,Acre,North,TRUE,TRUE,mapped
201310,2013-10-01,2013,10,13,Amazonas,57.76456,93.48255,AM,Amazonas,North,TRUE,TRUE,mapped
201310,2013-10-01,2013,10,14,Roraima,39.7506,67.06328,RR,Roraima,North,TRUE,TRUE,mapped
201310,2013-10-01,2013,10,15,Pará,53.38923,87.38994,PA,Para,North,TRUE,TRUE,mapped
201310,2013-10-01,2013,10,16,Amapá,59.50056,95.90796,AP,Amapa,North,TRUE,TRUE,mapped
201310,2013-10-01,2013,10,17,Tocantins,64.84073,109.48468,TO,Tocantins,North,TRUE,TRUE,mapped
201310,2013-10-01,2013,10,21,Maranhão,52.12689,95.54983,MA,Maranhao,Northeast,TRUE,TRUE,mapped
201310,2013-10-01,2013,10,22,Piauí,55.64603,98.76638,PI,Piaui,Northeast,TRUE,TRUE,mapped
201310,2013-10-01,2013,10,23,Ceará,65.24822,115.77295,CE,Ceara,Northeast,TRUE,TRUE,mapped
201310,2013-10-01,2013,10,24,Rio Grande do Norte,57.09789,106.76853,RN,Rio Grande do Norte,Northeast,TRUE,TRUE,mapped
201310,2013-10-01,2013,10,25,Paraíba,61.01176,105.05633,PB,Paraiba,Northeast,TRUE,TRUE,mapped
201310,2013-10-01,2013,10,26,Pernambuco,66.22499,115.82975,PE,Pernambuco,Northeast,TRUE,TRUE,mapped
201310,2013-10-01,2013,10,27,Alagoas,58.93754,103.53855,AL,Alagoas,Northeast,TRUE,TRUE,mapped
201310,2013-10-01,2013,10,28,Sergipe,71.18552,129.18812,SE,Sergipe,Northeast,TRUE,TRUE,mapped
201310,2013-10-01,2013,10,29,Bahia,71.92823,129.83236,BA,Bahia,Northeast,TRUE,TRUE,mapped
201310,2013-10-01,2013,10,31,Minas Gerais,49.85265,89.31075,MG,Minas Gerais,Southeast,TRUE,TRUE,mapped
201310,2013-10-01,2013,10,32,Espírito Santo,55.66936,94.55665,ES,Espirito Santo,Southeast,TRUE,TRUE,mapped
201310,2013-10-01,2013,10,33,Rio de Janeiro,66.47579,114.67512,RJ,Rio de Janeiro,Southeast,TRUE,TRUE,mapped
201310,2013-10-01,2013,10,35,São Paulo,56.01155,101.15806,SP,Sao Paulo,Southeast,TRUE,TRUE,mapped
201310,2013-10-01,2013,10,41,Paraná,54.95077,100.99062,PR,Parana,South,TRUE,TRUE,mapped
201310,2013-10-01,2013,10,42,Santa Catarina,41.10702,75.25748,SC,Santa Catarina,South,TRUE,TRUE,mapped
201310,2013-10-01,2013,10,43,Rio Grande do Sul,49.8914,90.42198,RS,Rio Grande do Sul,South,TRUE,TRUE,mapped
201310,2013-10-01,2013,10,50,Mato Grosso do Sul,50.45075,89.29571,MS,Mato Grosso do Sul,Center-West,TRUE,TRUE,mapped
201310,2013-10-01,2013,10,51,Mato Grosso,56.1265,97.83443,MT,Mato Grosso,Center-West,TRUE,TRUE,mapped
201310,2013-10-01,2013,10,52,Goiás,79.92558,138.04468,GO,Goias,Center-West,TRUE,TRUE,mapped
201310,2013-10-01,2013,10,53,Distrito Federal,81.9791,140.54614,DF,Distrito Federal,Center-West,TRUE,TRUE,mapped
201311,2013-11-01,2013,11,11,Rondônia,71.57596,99.93343,RO,Rondonia,North,TRUE,TRUE,mapped
201311,2013-11-01,2013,11,12,Acre,52.26409,80.06705,AC,Acre,North,TRUE,TRUE,mapped
201311,2013-11-01,2013,11,13,Amazonas,58.3736,94.15812,AM,Amazonas,North,TRUE,TRUE,mapped
201311,2013-11-01,2013,11,14,Roraima,39.7506,66.75352,RR,Roraima,North,TRUE,TRUE,mapped
201311,2013-11-01,2013,11,15,Pará,51.62827,84.05444,PA,Para,North,TRUE,TRUE,mapped
201311,2013-11-01,2013,11,16,Amapá,61.13616,98.24908,AP,Amapa,North,TRUE,TRUE,mapped
201311,2013-11-01,2013,11,17,Tocantins,68.79443,115.57669,TO,Tocantins,North,TRUE,TRUE,mapped
201311,2013-11-01,2013,11,21,Maranhão,52.71423,95.69995,MA,Maranhao,Northeast,TRUE,TRUE,mapped
201311,2013-11-01,2013,11,22,Piauí,56.6254,99.57374,PI,Piaui,Northeast,TRUE,TRUE,mapped
201311,2013-11-01,2013,11,23,Ceará,66.88314,117.76047,CE,Ceara,Northeast,TRUE,TRUE,mapped
201311,2013-11-01,2013,11,24,Rio Grande do Norte,57.78685,107.30959,RN,Rio Grande do Norte,Northeast,TRUE,TRUE,mapped
201311,2013-11-01,2013,11,25,Paraíba,64.86934,111.46426,PB,Paraiba,Northeast,TRUE,TRUE,mapped
201311,2013-11-01,2013,11,26,Pernambuco,69.94271,121.77223,PE,Pernambuco,Northeast,TRUE,TRUE,mapped
201311,2013-11-01,2013,11,27,Alagoas,60.88443,106.51682,AL,Alagoas,Northeast,TRUE,TRUE,mapped
201311,2013-11-01,2013,11,28,Sergipe,72.31455,130.82637,SE,Sergipe,Northeast,TRUE,TRUE,mapped
201311,2013-11-01,2013,11,29,Bahia,73.75064,132.41553,BA,Bahia,Northeast,TRUE,TRUE,mapped
201311,2013-11-01,2013,11,31,Minas Gerais,50.4671,89.79878,MG,Minas Gerais,Southeast,TRUE,TRUE,mapped
201311,2013-11-01,2013,11,32,Espírito Santo,56.87395,96.37187,ES,Espirito Santo,Southeast,TRUE,TRUE,mapped
201311,2013-11-01,2013,11,33,Rio de Janeiro,68.72301,118.49419,RJ,Rio de Janeiro,Southeast,TRUE,TRUE,mapped
201311,2013-11-01,2013,11,35,São Paulo,57.20238,102.78825,SP,Sao Paulo,Southeast,TRUE,TRUE,mapped
201311,2013-11-01,2013,11,41,Paraná,57.33267,104.16804,PR,Parana,South,TRUE,TRUE,mapped
201311,2013-11-01,2013,11,42,Santa Catarina,42.88711,77.97681,SC,Santa Catarina,South,TRUE,TRUE,mapped
201311,2013-11-01,2013,11,43,Rio Grande do Sul,50.8877,92.07029,RS,Rio Grande do Sul,South,TRUE,TRUE,mapped
201311,2013-11-01,2013,11,50,Mato Grosso do Sul,51.89613,91.31445,MS,Mato Grosso do Sul,Center-West,TRUE,TRUE,mapped
201311,2013-11-01,2013,11,51,Mato Grosso,56.43129,97.7518,MT,Mato Grosso,Center-West,TRUE,TRUE,mapped
201311,2013-11-01,2013,11,52,Goiás,81.11944,139.23781,GO,Goias,Center-West,TRUE,TRUE,mapped
201311,2013-11-01,2013,11,53,Distrito Federal,83.61053,143.24401,DF,Distrito Federal,Center-West,TRUE,TRUE,mapped
201312,2013-12-01,2013,12,11,Rondônia,99.82262,138.68312,RO,Rondonia,North,TRUE,TRUE,mapped
201312,2013-12-01,2013,12,12,Acre,70.5958,107.97212,AC,Acre,North,TRUE,TRUE,mapped
201312,2013-12-01,2013,12,13,Amazonas,78.05009,124.6434,AM,Amazonas,North,TRUE,TRUE,mapped
201312,2013-12-01,2013,12,14,Roraima,48.05466,79.76349,RR,Roraima,North,TRUE,TRUE,mapped
201312,2013-12-01,2013,12,15,Pará,77.28232,125.26632,PA,Para,North,TRUE,TRUE,mapped
201312,2013-12-01,2013,12,16,Amapá,80.63077,128.1374,AP,Amapa,North,TRUE,TRUE,mapped
201312,2013-12-01,2013,12,17,Tocantins,81.63233,135.7404,TO,Tocantins,North,TRUE,TRUE,mapped
201312,2013-12-01,2013,12,21,Maranhão,69.49028,125.04793,MA,Maranhao,Northeast,TRUE,TRUE,mapped
201312,2013-12-01,2013,12,22,Piauí,74.43213,130.0738,PI,Piaui,Northeast,TRUE,TRUE,mapped
201312,2013-12-01,2013,12,23,Ceará,85.26362,149.26263,CE,Ceara,Northeast,TRUE,TRUE,mapped
201312,2013-12-01,2013,12,24,Rio Grande do Norte,74.62341,136.88736,RN,Rio Grande do Norte,Northeast,TRUE,TRUE,mapped
201312,2013-12-01,2013,12,25,Paraíba,78.43736,132.62729,PB,Paraiba,Northeast,TRUE,TRUE,mapped
201312,2013-12-01,2013,12,26,Pernambuco,92.19946,158.69357,PE,Pernambuco,Northeast,TRUE,TRUE,mapped
201312,2013-12-01,2013,12,27,Alagoas,83.49485,144.35832,AL,Alagoas,Northeast,TRUE,TRUE,mapped
201312,2013-12-01,2013,12,28,Sergipe,92.01617,164.29358,SE,Sergipe,Northeast,TRUE,TRUE,mapped
201312,2013-12-01,2013,12,29,Bahia,97.44196,169.70302,BA,Bahia,Northeast,TRUE,TRUE,mapped
201312,2013-12-01,2013,12,31,Minas Gerais,63.32966,111.19107,MG,Minas Gerais,Southeast,TRUE,TRUE,mapped
201312,2013-12-01,2013,12,32,Espírito Santo,70.55467,118.15455,ES,Espirito Santo,Southeast,TRUE,TRUE,mapped
201312,2013-12-01,2013,12,33,Rio de Janeiro,90.14996,154.10437,RJ,Rio de Janeiro,Southeast,TRUE,TRUE,mapped
201312,2013-12-01,2013,12,35,São Paulo,72.76824,129.90101,SP,Sao Paulo,Southeast,TRUE,TRUE,mapped
201312,2013-12-01,2013,12,41,Paraná,73.96415,133.45189,PR,Parana,South,TRUE,TRUE,mapped
201312,2013-12-01,2013,12,42,Santa Catarina,56.50155,102.04288,SC,Santa Catarina,South,TRUE,TRUE,mapped
201312,2013-12-01,2013,12,43,Rio Grande do Sul,65.98541,118.99281,RS,Rio Grande do Sul,South,TRUE,TRUE,mapped
201312,2013-12-01,2013,12,50,Mato Grosso do Sul,67.31355,116.95248,MS,Mato Grosso do Sul,Center-West,TRUE,TRUE,mapped
201312,2013-12-01,2013,12,51,Mato Grosso,66.79445,113.53421,MT,Mato Grosso,Center-West,TRUE,TRUE,mapped
201312,2013-12-01,2013,12,52,Goiás,103.61422,176.34403,GO,Goias,Center-West,TRUE,TRUE,mapped
201312,2013-12-01,2013,12,53,Distrito Federal,101.42025,172.02128,DF,Distrito Federal,Center-West,TRUE,TRUE,mapped
201401,2014-01-01,2014,1,11,Rondônia,64.75413,89.16509,RO,Rondonia,North,TRUE,TRUE,mapped
201401,2014-01-01,2014,1,12,Acre,52.52597,79.42703,AC,Acre,North,TRUE,TRUE,mapped
201401,2014-01-01,2014,1,13,Amazonas,57.34293,91.03359,AM,Amazonas,North,TRUE,TRUE,mapped
201401,2014-01-01,2014,1,14,Roraima,38.33483,63.4494,RR,Roraima,North,TRUE,TRUE,mapped
201401,2014-01-01,2014,1,15,Pará,52.86895,84.86978,PA,Para,North,TRUE,TRUE,mapped
201401,2014-01-01,2014,1,16,Amapá,56.31776,88.96263,AP,Amapa,North,TRUE,TRUE,mapped
201401,2014-01-01,2014,1,17,Tocantins,61.95685,102.87784,TO,Tocantins,North,TRUE,TRUE,mapped
201401,2014-01-01,2014,1,21,Maranhão,52.45727,93.44819,MA,Maranhao,Northeast,TRUE,TRUE,mapped
201401,2014-01-01,2014,1,22,Piauí,58.628660000000004,102.08551,PI,Piaui,Northeast,TRUE,TRUE,mapped
201401,2014-01-01,2014,1,23,Ceará,68.12172,118.4561,CE,Ceara,Northeast,TRUE,TRUE,mapped
201401,2014-01-01,2014,1,24,Rio Grande do Norte,57.70073,105.41589,RN,Rio Grande do Norte,Northeast,TRUE,TRUE,mapped
201401,2014-01-01,2014,1,25,Paraíba,59.59288,100.75627,PB,Paraiba,Northeast,TRUE,TRUE,mapped
201401,2014-01-01,2014,1,26,Pernambuco,67.61294,116.70651,PE,Pernambuco,Northeast,TRUE,TRUE,mapped
201401,2014-01-01,2014,1,27,Alagoas,62.52158,108.53153,AL,Alagoas,Northeast,TRUE,TRUE,mapped
201401,2014-01-01,2014,1,28,Sergipe,75.53229,134.80499,SE,Sergipe,Northeast,TRUE,TRUE,mapped
201401,2014-01-01,2014,1,29,Bahia,76.25645,132.1909,BA,Bahia,Northeast,TRUE,TRUE,mapped
201401,2014-01-01,2014,1,31,Minas Gerais,51.8189,90.8562,MG,Minas Gerais,Southeast,TRUE,TRUE,mapped
201401,2014-01-01,2014,1,32,Espírito Santo,56.87395,94.9692,ES,Espirito Santo,Southeast,TRUE,TRUE,mapped
201401,2014-01-01,2014,1,33,Rio de Janeiro,66.05771,111.57858,RJ,Rio de Janeiro,Southeast,TRUE,TRUE,mapped
201401,2014-01-01,2014,1,35,São Paulo,55.45867,98.15506,SP,Sao Paulo,Southeast,TRUE,TRUE,mapped
201401,2014-01-01,2014,1,41,Paraná,59.29669,106.05732,PR,Parana,South,TRUE,TRUE,mapped
201401,2014-01-01,2014,1,42,Santa Catarina,44.96389,80.56017,SC,Santa Catarina,South,TRUE,TRUE,mapped
201401,2014-01-01,2014,1,43,Rio Grande do Sul,49.04838,87.83176,RS,Rio Grande do Sul,South,TRUE,TRUE,mapped
201401,2014-01-01,2014,1,50,Mato Grosso do Sul,51.00137,88.28633,MS,Mato Grosso do Sul,Center-West,TRUE,TRUE,mapped
201401,2014-01-01,2014,1,51,Mato Grosso,52.68663,89.0756,MT,Mato Grosso,Center-West,TRUE,TRUE,mapped
201401,2014-01-01,2014,1,52,Goiás,82.6903,140.19231,GO,Goias,Center-West,TRUE,TRUE,mapped
201401,2014-01-01,2014,1,53,Distrito Federal,81.4353,137.20592,DF,Distrito Federal,Center-West,TRUE,TRUE,mapped
201402,2014-02-01,2014,2,11,Rondônia,61.07673,83.37303,RO,Rondonia,North,TRUE,TRUE,mapped
201402,2014-02-01,2014,2,12,Acre,49.04668,73.53881,AC,Acre,North,TRUE,TRUE,mapped
201402,2014-02-01,2014,2,13,Amazonas,50.6904,80.47775,AM,Amazonas,North,TRUE,TRUE,mapped
201402,2014-02-01,2014,2,14,Roraima,37.68139,61.95223,RR,Roraima,North,TRUE,TRUE,mapped
201402,2014-02-01,2014,2,15,Pará,47.34592,75.75277,PA,Para,North,TRUE,TRUE,mapped
201402,2014-02-01,2014,2,16,Amapá,55.91991,87.636,AP,Amapa,North,TRUE,TRUE,mapped
201402,2014-02-01,2014,2,17,Tocantins,58.8404,97.21484,TO,Tocantins,North,TRUE,TRUE,mapped
201402,2014-02-01,2014,2,21,Maranhão,48.82307,86.84301,MA,Maranhao,Northeast,TRUE,TRUE,mapped
201402,2014-02-01,2014,2,22,Piauí,53.42019,92.48696,PI,Piaui,Northeast,TRUE,TRUE,mapped
201402,2014-02-01,2014,2,23,Ceará,62.37472,108.02163,CE,Ceara,Northeast,TRUE,TRUE,mapped
201402,2014-02-01,2014,2,24,Rio Grande do Norte,54.29897,99.10356,RN,Rio Grande do Norte,Northeast,TRUE,TRUE,mapped
201402,2014-02-01,2014,2,25,Paraíba,52.05509,87.60315,PB,Paraiba,Northeast,TRUE,TRUE,mapped
201402,2014-02-01,2014,2,26,Pernambuco,61.76373,105.79572,PE,Pernambuco,Northeast,TRUE,TRUE,mapped
201402,2014-02-01,2014,2,27,Alagoas,56.68092,97.58202,AL,Alagoas,Northeast,TRUE,TRUE,mapped
201402,2014-02-01,2014,2,28,Sergipe,66.89519,118.65648,SE,Sergipe,Northeast,TRUE,TRUE,mapped
201402,2014-02-01,2014,2,29,Bahia,69.99192,120.84742,BA,Bahia,Northeast,TRUE,TRUE,mapped
201402,2014-02-01,2014,2,31,Minas Gerais,47.72254,82.31555,MG,Minas Gerais,Southeast,TRUE,TRUE,mapped
201402,2014-02-01,2014,2,32,Espírito Santo,50.4638,83.99535,ES,Espirito Santo,Southeast,TRUE,TRUE,mapped
201402,2014-02-01,2014,2,33,Rio de Janeiro,62.24267,104.66298,RJ,Rio de Janeiro,Southeast,TRUE,TRUE,mapped
201402,2014-02-01,2014,2,35,São Paulo,51.631,90.51887,SP,Sao Paulo,Southeast,TRUE,TRUE,mapped
201402,2014-02-01,2014,2,41,Paraná,51.60776,92.05947,PR,Parana,South,TRUE,TRUE,mapped
201402,2014-02-01,2014,2,42,Santa Catarina,40.18401,71.79033,SC,Santa Catarina,South,TRUE,TRUE,mapped
201402,2014-02-01,2014,2,43,Rio Grande do Sul,46.28941,82.57285,RS,Rio Grande do Sul,South,TRUE,TRUE,mapped
201402,2014-02-01,2014,2,50,Mato Grosso do Sul,47.38791,81.89365,MS,Mato Grosso do Sul,Center-West,TRUE,TRUE,mapped
201402,2014-02-01,2014,2,51,Mato Grosso,51.98994,87.83615,MT,Mato Grosso,Center-West,TRUE,TRUE,mapped
201402,2014-02-01,2014,2,52,Goiás,74.39614,125.51686,GO,Goias,Center-West,TRUE,TRUE,mapped
201402,2014-02-01,2014,2,53,Distrito Federal,76.8809,129.62619,DF,Distrito Federal,Center-West,TRUE,TRUE,mapped
201403,2014-03-01,2014,3,11,Rondônia,65.28708,88.34931,RO,Rondonia,North,TRUE,TRUE,mapped
201403,2014-03-01,2014,3,12,Acre,50.43092,75.01086,AC,Acre,North,TRUE,TRUE,mapped
201403,2014-03-01,2014,3,13,Amazonas,53.59502,84.44675,AM,Amazonas,North,TRUE,TRUE,mapped
201403,2014-03-01,2014,3,14,Roraima,38.85213,63.34615,RR,Roraima,North,TRUE,TRUE,mapped
201403,2014-03-01,2014,3,15,Pará,50.78781,80.94131,PA,Para,North,TRUE,TRUE,mapped
201403,2014-03-01,2014,3,16,Amapá,60.56149,94.34721,AP,Amapa,North,TRUE,TRUE,mapped
201403,2014-03-01,2014,3,17,Tocantins,62.42199,102.36302,TO,Tocantins,North,TRUE,TRUE,mapped
201403,2014-03-01,2014,3,21,Maranhão,50.43827,89.09478,MA,Maranhao,Northeast,TRUE,TRUE,mapped
201403,2014-03-01,2014,3,22,Piauí,56.31378,96.79285,PI,Piaui,Northeast,TRUE,TRUE,mapped
201403,2014-03-01,2014,3,23,Ceará,65.24822,112.09604,CE,Ceara,Northeast,TRUE,TRUE,mapped
201403,2014-03-01,2014,3,24,Rio Grande do Norte,56.15056,101.71867,RN,Rio Grande do Norte,Northeast,TRUE,TRUE,mapped
201403,2014-03-01,2014,3,25,Paraíba,56.40041,94.17971,PB,Paraiba,Northeast,TRUE,TRUE,mapped
201403,2014-03-01,2014,3,26,Pernambuco,64.04393,109.10792,PE,Pernambuco,Northeast,TRUE,TRUE,mapped
201403,2014-03-01,2014,3,27,Alagoas,57.65437,98.80837,AL,Alagoas,Northeast,TRUE,TRUE,mapped
201403,2014-03-01,2014,3,28,Sergipe,69.88713,123.10317,SE,Sergipe,Northeast,TRUE,TRUE,mapped
201403,2014-03-01,2014,3,29,Bahia,73.12419,125.4522,BA,Bahia,Northeast,TRUE,TRUE,mapped
201403,2014-03-01,2014,3,31,Minas Gerais,50.05747,85.40645,MG,Minas Gerais,Southeast,TRUE,TRUE,mapped
201403,2014-03-01,2014,3,32,Espírito Santo,54.1206,88.61592,ES,Espirito Santo,Southeast,TRUE,TRUE,mapped
201403,2014-03-01,2014,3,33,Rio de Janeiro,65.06475,107.14021,RJ,Rio de Janeiro,Southeast,TRUE,TRUE,mapped
201403,2014-03-01,2014,3,35,São Paulo,56.2242,97.03966,SP,Sao Paulo,Southeast,TRUE,TRUE,mapped
201403,2014-03-01,2014,3,41,Paraná,56.12082,98.32845,PR,Parana,South,TRUE,TRUE,mapped
201403,2014-03-01,2014,3,42,Santa Catarina,41.00812,71.85831,SC,Santa Catarina,South,TRUE,TRUE,mapped
201403,2014-03-01,2014,3,43,Rio Grande do Sul,50.31291,88.06724,RS,Rio Grande do Sul,South,TRUE,TRUE,mapped
201403,2014-03-01,2014,3,50,Mato Grosso do Sul,50.20985,85.66197,MS,Mato Grosso do Sul,Center-West,TRUE,TRUE,mapped
201403,2014-03-01,2014,3,51,Mato Grosso,56.47484,94.11606,MT,Mato Grosso,Center-West,TRUE,TRUE,mapped
201403,2014-03-01,2014,3,52,Goiás,80.42826,133.98805,GO,Goias,Center-West,TRUE,TRUE,mapped
201403,2014-03-01,2014,3,53,Distrito Federal,81.7072,135.40734,DF,Distrito Federal,Center-West,TRUE,TRUE,mapped
201404,2014-04-01,2014,4,11,Rondônia,69.81721,93.97821,RO,Rondonia,North,TRUE,TRUE,mapped
201404,2014-04-01,2014,4,12,Acre,47.21351,69.57065,AC,Acre,North,TRUE,TRUE,mapped
201404,2014-04-01,2014,4,13,Amazonas,52.93914,82.75781,AM,Amazonas,North,TRUE,TRUE,mapped
201404,2014-04-01,2014,4,14,Roraima,43.9707,71.45157,RR,Roraima,North,TRUE,TRUE,mapped
201404,2014-04-01,2014,4,15,Pará,50.66774,80.05185,PA,Para,North,TRUE,TRUE,mapped
201404,2014-04-01,2014,4,16,Amapá,61.88765,95.51777,AP,Amapa,North,TRUE,TRUE,mapped
201404,2014-04-01,2014,4,17,Tocantins,63.81741,104.16489,TO,Tocantins,North,TRUE,TRUE,mapped
201404,2014-04-01,2014,4,21,Maranhão,50.80536,88.41925,MA,Maranhao,Northeast,TRUE,TRUE,mapped
201404,2014-04-01,2014,4,22,Piauí,56.6254,95.80608,PI,Piaui,Northeast,TRUE,TRUE,mapped
201404,2014-04-01,2014,4,23,Ceará,67.37857,113.98418,CE,Ceara,Northeast,TRUE,TRUE,mapped
201404,2014-04-01,2014,4,24,Rio Grande do Norte,57.27013,101.9892,RN,Rio Grande do Norte,Northeast,TRUE,TRUE,mapped
201404,2014-04-01,2014,4,25,Paraíba,59.14949,97.80525,PB,Paraiba,Northeast,TRUE,TRUE,mapped
201404,2014-04-01,2014,4,26,Pernambuco,65.7293,110.6666,PE,Pernambuco,Northeast,TRUE,TRUE,mapped
201404,2014-04-01,2014,4,27,Alagoas,59.02604,99.85952,AL,Alagoas,Northeast,TRUE,TRUE,mapped
201404,2014-04-01,2014,4,28,Sergipe,69.60487,120.87982,SE,Sergipe,Northeast,TRUE,TRUE,mapped
201404,2014-04-01,2014,4,29,Bahia,70.96007,120.06124,BA,Bahia,Northeast,TRUE,TRUE,mapped
201404,2014-04-01,2014,4,31,Minas Gerais,50.71288,86.13851,MG,Minas Gerais,Southeast,TRUE,TRUE,mapped
201404,2014-04-01,2014,4,32,Espírito Santo,56.61582,92.08134,ES,Espirito Santo,Southeast,TRUE,TRUE,mapped
201404,2014-04-01,2014,4,33,Rio de Janeiro,67.25971,109.9271,RJ,Rio de Janeiro,Southeast,TRUE,TRUE,mapped
201404,2014-04-01,2014,4,35,São Paulo,55.58626,95.23786,SP,Sao Paulo,Southeast,TRUE,TRUE,mapped
201404,2014-04-01,2014,4,41,Paraná,56.914790000000004,98.32845,PR,Parana,South,TRUE,TRUE,mapped
201404,2014-04-01,2014,4,42,Santa Catarina,40.97516,70.77058,SC,Santa Catarina,South,TRUE,TRUE,mapped
201404,2014-04-01,2014,4,43,Rio Grande do Sul,51.11761,88.22422,RS,Rio Grande do Sul,South,TRUE,TRUE,mapped
201404,2014-04-01,2014,4,50,Mato Grosso do Sul,50.72606,85.72926,MS,Mato Grosso do Sul,Center-West,TRUE,TRUE,mapped
201404,2014-04-01,2014,4,51,Mato Grosso,55.86524,92.46345,MT,Mato Grosso,Center-West,TRUE,TRUE,mapped
201404,2014-04-01,2014,4,52,Goiás,81.24511,134.34599,GO,Goias,Center-West,TRUE,TRUE,mapped
201404,2014-04-01,2014,4,53,Distrito Federal,82.72684,135.53581,DF,Distrito Federal,Center-West,TRUE,TRUE,mapped
201405,2014-05-01,2014,5,11,Rondônia,82.18178,110.13071,RO,Rondonia,North,TRUE,TRUE,mapped
201405,2014-05-01,2014,5,12,Acre,59.97089,88.57938,AC,Acre,North,TRUE,TRUE,mapped
201405,2014-05-01,2014,5,13,Amazonas,61.13768,95.34038,AM,Amazonas,North,TRUE,TRUE,mapped
201405,2014-05-01,2014,5,14,Roraima,46.17604,74.91057,RR,Roraima,North,TRUE,TRUE,mapped
201405,2014-05-01,2014,5,15,Pará,56.11072,88.35352,PA,Para,North,TRUE,TRUE,mapped
201405,2014-05-01,2014,5,16,Amapá,65.20306,100.51217,AP,Amapa,North,TRUE,TRUE,mapped
201405,2014-05-01,2014,5,17,Tocantins,70.65499,114.97607000000001,TO,Tocantins,North,TRUE,TRUE,mapped
201405,2014-05-01,2014,5,21,Maranhão,55.4307,96.37548,MA,Maranhao,Northeast,TRUE,TRUE,mapped
201405,2014-05-01,2014,5,22,Piauí,62.36807,105.49434,PI,Piaui,Northeast,TRUE,TRUE,mapped
201405,2014-05-01,2014,5,23,Ceará,72.38242,122.82864,CE,Ceara,Northeast,TRUE,TRUE,mapped
201405,2014-05-01,2014,5,24,Rio Grande do Norte,62.26512,111.00681,RN,Rio Grande do Norte,Northeast,TRUE,TRUE,mapped
201405,2014-05-01,2014,5,25,Paraíba,63.98254,105.56222,PB,Paraiba,Northeast,TRUE,TRUE,mapped
201405,2014-05-01,2014,5,26,Pernambuco,70.63669,118.46003,PE,Pernambuco,Northeast,TRUE,TRUE,mapped
201405,2014-05-01,2014,5,27,Alagoas,63.14104,106.34163,AL,Alagoas,Northeast,TRUE,TRUE,mapped
201405,2014-05-01,2014,5,28,Sergipe,75.47584,130.47532,SE,Sergipe,Northeast,TRUE,TRUE,mapped
201405,2014-05-01,2014,5,29,Bahia,79.78737,135.67257,BA,Bahia,Northeast,TRUE,TRUE,mapped
201405,2014-05-01,2014,5,31,Minas Gerais,52.84299,89.79878,MG,Minas Gerais,Southeast,TRUE,TRUE,mapped
201405,2014-05-01,2014,5,32,Espírito Santo,57.94948,93.40151,ES,Espirito Santo,Southeast,TRUE,TRUE,mapped
201405,2014-05-01,2014,5,33,Rio de Janeiro,70.81344,114.98478,RJ,Rio de Janeiro,Southeast,TRUE,TRUE,mapped
201405,2014-05-01,2014,5,35,São Paulo,58.05298,99.09886,SP,Sao Paulo,Southeast,TRUE,TRUE,mapped
201405,2014-05-01,2014,5,41,Paraná,59.00417,101.93526,PR,Parana,South,TRUE,TRUE,mapped
201405,2014-05-01,2014,5,42,Santa Catarina,42.35968,73.15,SC,Santa Catarina,South,TRUE,TRUE,mapped
201405,2014-05-01,2014,5,43,Rio Grande do Sul,53.76163,92.77672,RS,Rio Grande do Sul,South,TRUE,TRUE,mapped
201405,2014-05-01,2014,5,50,Mato Grosso do Sul,54.47717,91.85278,MS,Mato Grosso do Sul,Center-West,TRUE,TRUE,mapped
201405,2014-05-01,2014,5,51,Mato Grosso,55.47336,92.46345,MT,Mato Grosso,Center-West,TRUE,TRUE,mapped
201405,2014-05-01,2014,5,52,Goiás,86.77455,143.29444,GO,Goias,Center-West,TRUE,TRUE,mapped
201405,2014-05-01,2014,5,53,Distrito Federal,86.32957,140.80308,DF,Distrito Federal,Center-West,TRUE,TRUE,mapped
201406,2014-06-01,2014,6,11,Rondônia,73.12153,97.97555,RO,Rondonia,North,TRUE,TRUE,mapped
201406,2014-06-01,2014,6,12,Acre,54.32173,80.00305,AC,Acre,North,TRUE,TRUE,mapped
201406,2014-06-01,2014,6,13,Amazonas,55.51582,86.72681,AM,Amazonas,North,TRUE,TRUE,mapped
201406,2014-06-01,2014,6,14,Roraima,44.43355,71.96784,RR,Roraima,North,TRUE,TRUE,mapped
201406,2014-06-01,2014,6,15,Pará,50.38759,79.60712,PA,Para,North,TRUE,TRUE,mapped
201406,2014-06-01,2014,6,16,Amapá,63.56746,98.56123,AP,Amapa,North,TRUE,TRUE,mapped
201406,2014-06-01,2014,6,17,Tocantins,61.30565,99.78893,TO,Tocantins,North,TRUE,TRUE,mapped
201406,2014-06-01,2014,6,21,Maranhão,51.7965,89.31995,MA,Maranhao,Northeast,TRUE,TRUE,mapped
201406,2014-06-01,2014,6,22,Piauí,55.60151,93.29431,PI,Piaui,Northeast,TRUE,TRUE,mapped
201406,2014-06-01,2014,6,23,Ceará,66.8336,111.89729,CE,Ceara,Northeast,TRUE,TRUE,mapped
201406,2014-06-01,2014,6,24,Rio Grande do Norte,57.09789,100.4562,RN,Rio Grande do Norte,Northeast,TRUE,TRUE,mapped
201406,2014-06-01,2014,6,25,Paraíba,62.03158,101.68373,PB,Paraiba,Northeast,TRUE,TRUE,mapped
201406,2014-06-01,2014,6,26,Pernambuco,65.97714,109.78984,PE,Pernambuco,Northeast,TRUE,TRUE,mapped
201406,2014-06-01,2014,6,27,Alagoas,58.40657,97.75721,AL,Alagoas,Northeast,TRUE,TRUE,mapped
201406,2014-06-01,2014,6,28,Sergipe,68.47584,117.60331,SE,Sergipe,Northeast,TRUE,TRUE,mapped
201406,2014-06-01,2014,6,29,Bahia,73.80759,125.33989,BA,Bahia,Northeast,TRUE,TRUE,mapped
201406,2014-06-01,2014,6,31,Minas Gerais,48.95145,82.88493,MG,Minas Gerais,Southeast,TRUE,TRUE,mapped
201406,2014-06-01,2014,6,32,Espírito Santo,51.8835,83.41778,ES,Espirito Santo,Southeast,TRUE,TRUE,mapped
201406,2014-06-01,2014,6,33,Rio de Janeiro,66.84162,108.48205,RJ,Rio de Janeiro,Southeast,TRUE,TRUE,mapped
201406,2014-06-01,2014,6,35,São Paulo,53.84254,91.89167,SP,Sao Paulo,Southeast,TRUE,TRUE,mapped
201406,2014-06-01,2014,6,41,Paraná,54.07323,93.94875,PR,Parana,South,TRUE,TRUE,mapped
201406,2014-06-01,2014,6,42,Santa Catarina,38.00833,66.07974,SC,Santa Catarina,South,TRUE,TRUE,mapped
201406,2014-06-01,2014,6,43,Rio Grande do Sul,49.0867,84.37815,RS,Rio Grande do Sul,South,TRUE,TRUE,mapped
201406,2014-06-01,2014,6,50,Mato Grosso do Sul,49.41833,83.57594,MS,Mato Grosso do Sul,Center-West,TRUE,TRUE,mapped
201406,2014-06-01,2014,6,51,Mato Grosso,54.99439,91.63715,MT,Mato Grosso,Center-West,TRUE,TRUE,mapped
201406,2014-06-01,2014,6,52,Goiás,76.65818,126.70998,GO,Goias,Center-West,TRUE,TRUE,mapped
201406,2014-06-01,2014,6,53,Distrito Federal,80.82351,131.55324,DF,Distrito Federal,Center-West,TRUE,TRUE,mapped
201407,2014-07-01,2014,7,11,Rondônia,77.01211,103.11498,RO,Rondonia,North,TRUE,TRUE,mapped
201407,2014-07-01,2014,7,12,Acre,57.80101,85.25125,AC,Acre,North,TRUE,TRUE,mapped
201407,2014-07-01,2014,7,13,Amazonas,56.4528,88.1624,AM,Amazonas,North,TRUE,TRUE,mapped
201407,2014-07-01,2014,7,14,Roraima,45.33202,73.51664,RR,Roraima,North,TRUE,TRUE,mapped
201407,2014-07-01,2014,7,15,Pará,53.34921,84.42505,PA,Para,North,TRUE,TRUE,mapped
201407,2014-07-01,2014,7,16,Amapá,69.97725,108.15983,AP,Amapa,North,TRUE,TRUE,mapped
201407,2014-07-01,2014,7,17,Tocantins,65.49192,106.22416,TO,Tocantins,North,TRUE,TRUE,mapped
201407,2014-07-01,2014,7,21,Maranhão,54.99019,95.17454,MA,Maranhao,Northeast,TRUE,TRUE,mapped
201407,2014-07-01,2014,7,22,Piauí,59.47448,100.20168,PI,Piaui,Northeast,TRUE,TRUE,mapped
201407,2014-07-01,2014,7,23,Ceará,69.7071,117.46234,CE,Ceara,Northeast,TRUE,TRUE,mapped
201407,2014-07-01,2014,7,24,Rio Grande do Norte,60.58577,107.30959,RN,Rio Grande do Norte,Northeast,TRUE,TRUE,mapped
201407,2014-07-01,2014,7,25,Paraíba,60.1693,98.90134,PB,Paraiba,Northeast,TRUE,TRUE,mapped
201407,2014-07-01,2014,7,26,Pernambuco,67.41466,113.00463,PE,Pernambuco,Northeast,TRUE,TRUE,mapped
201407,2014-07-01,2014,7,27,Alagoas,61.14991,102.92538,AL,Alagoas,Northeast,TRUE,TRUE,mapped
201407,2014-07-01,2014,7,28,Sergipe,69.77423,120.52877,SE,Sergipe,Northeast,TRUE,TRUE,mapped
201407,2014-07-01,2014,7,29,Bahia,74.54794,127.92306,BA,Bahia,Northeast,TRUE,TRUE,mapped
201407,2014-07-01,2014,7,31,Minas Gerais,51.57312,87.11458,MG,Minas Gerais,Southeast,TRUE,TRUE,mapped
201407,2014-07-01,2014,7,32,Espírito Santo,56.05655,90.01859,ES,Espirito Santo,Southeast,TRUE,TRUE,mapped
201407,2014-07-01,2014,7,33,Rio de Janeiro,69.19336,112.40433,RJ,Rio de Janeiro,Southeast,TRUE,TRUE,mapped
201407,2014-07-01,2014,7,35,São Paulo,55.54373,94.55146,SP,Sao Paulo,Southeast,TRUE,TRUE,mapped
201407,2014-07-01,2014,7,41,Paraná,57.08194,99.35897,PR,Parana,South,TRUE,TRUE,mapped
201407,2014-07-01,2014,7,42,Santa Catarina,39.52471,68.79907,SC,Santa Catarina,South,TRUE,TRUE,mapped
201407,2014-07-01,2014,7,43,Rio Grande do Sul,51.27089,88.53819,RS,Rio Grande do Sul,South,TRUE,TRUE,mapped
201407,2014-07-01,2014,7,50,Mato Grosso do Sul,51.75848,87.54613,MS,Mato Grosso do Sul,Center-West,TRUE,TRUE,mapped
201407,2014-07-01,2014,7,51,Mato Grosso,56.56192,94.52921,MT,Mato Grosso,Center-West,TRUE,TRUE,mapped
201407,2014-07-01,2014,7,52,Goiás,80.80527,133.63011,GO,Goias,Center-West,TRUE,TRUE,mapped
201407,2014-07-01,2014,7,53,Distrito Federal,82.25101,133.73723,DF,Distrito Federal,Center-West,TRUE,TRUE,mapped
201408,2014-08-01,2014,8,11,Rondônia,79.78348,106.786,RO,Rondonia,North,TRUE,TRUE,mapped
201408,2014-08-01,2014,8,12,Acre,58.99819,86.78731,AC,Acre,North,TRUE,TRUE,mapped
201408,2014-08-01,2014,8,13,Amazonas,59.96646,93.73589,AM,Amazonas,North,TRUE,TRUE,mapped
201408,2014-08-01,2014,8,14,Roraima,45.30479,73.41339,RR,Roraima,North,TRUE,TRUE,mapped
201408,2014-08-01,2014,8,15,Pará,53.8695,85.16627,PA,Para,North,TRUE,TRUE,mapped
201408,2014-08-01,2014,8,16,Amapá,68.47427,106.13086,AP,Amapa,North,TRUE,TRUE,mapped
201408,2014-08-01,2014,8,17,Tocantins,66.37569,107.51121,TO,Tocantins,North,TRUE,TRUE,mapped
201408,2014-08-01,2014,8,21,Maranhão,56.27501,97.65148,MA,Maranhao,Northeast,TRUE,TRUE,mapped
201408,2014-08-01,2014,8,22,Piauí,60.27578,101.9061,PI,Piaui,Northeast,TRUE,TRUE,mapped
201408,2014-08-01,2014,8,23,Ceará,69.55847,117.46234,CE,Ceara,Northeast,TRUE,TRUE,mapped
201408,2014-08-01,2014,8,24,Rio Grande do Norte,61.87758,110.2854,RN,Rio Grande do Norte,Northeast,TRUE,TRUE,mapped
201408,2014-08-01,2014,8,25,Paraíba,61.98724,101.5151,PB,Paraiba,Northeast,TRUE,TRUE,mapped
201408,2014-08-01,2014,8,26,Pernambuco,70.43841,117.38843,PE,Pernambuco,Northeast,TRUE,TRUE,mapped
201408,2014-08-01,2014,8,27,Alagoas,61.90212,103.80134,AL,Alagoas,Northeast,TRUE,TRUE,mapped
201408,2014-08-01,2014,8,28,Sergipe,73.38713,126.37968,SE,Sergipe,Northeast,TRUE,TRUE,mapped
201408,2014-08-01,2014,8,29,Bahia,77.85106,133.53864,BA,Bahia,Northeast,TRUE,TRUE,mapped
201408,2014-08-01,2014,8,31,Minas Gerais,52.39239,88.74137,MG,Minas Gerais,Southeast,TRUE,TRUE,mapped
201408,2014-08-01,2014,8,32,Espírito Santo,56.5728,90.84369,ES,Espirito Santo,Southeast,TRUE,TRUE,mapped
201408,2014-08-01,2014,8,33,Rio de Janeiro,71.64962,116.63626,RJ,Rio de Janeiro,Southeast,TRUE,TRUE,mapped
201408,2014-08-01,2014,8,35,São Paulo,57.3725,98.32666,SP,Sao Paulo,Southeast,TRUE,TRUE,mapped
201408,2014-08-01,2014,8,41,Paraná,58.21021,101.42,PR,Parana,South,TRUE,TRUE,mapped
201408,2014-08-01,2014,8,42,Santa Catarina,40.67848,70.90655,SC,Santa Catarina,South,TRUE,TRUE,mapped
201408,2014-08-01,2014,8,43,Rio Grande do Sul,52.26719,90.26499,RS,Rio Grande do Sul,South,TRUE,TRUE,mapped
201408,2014-08-01,2014,8,50,Mato Grosso do Sul,52.92855,89.22841,MS,Mato Grosso do Sul,Center-West,TRUE,TRUE,mapped
201408,2014-08-01,2014,8,51,Mato Grosso,57.78112,96.01656,MT,Mato Grosso,Center-West,TRUE,TRUE,mapped
201408,2014-08-01,2014,8,52,Goiás,80.99377,133.86874,GO,Goias,Center-West,TRUE,TRUE,mapped
201408,2014-08-01,2014,8,53,Distrito Federal,85.78576,139.38991,DF,Distrito Federal,Center-West,TRUE,TRUE,mapped
201409,2014-09-01,2014,9,11,Rondônia,75.14677,100.99394,RO,Rondonia,North,TRUE,TRUE,mapped
201409,2014-09-01,2014,9,12,Acre,57.05278,84.09921,AC,Acre,North,TRUE,TRUE,mapped
201409,2014-09-01,2014,9,13,Amazonas,57.76456,90.10468,AM,Amazonas,North,TRUE,TRUE,mapped
201409,2014-09-01,2014,9,14,Roraima,46.3394,75.11707,RR,Roraima,North,TRUE,TRUE,mapped
201409,2014-09-01,2014,9,15,Pará,51.54823,81.31192,PA,Para,North,TRUE,TRUE,mapped
201409,2014-09-01,2014,9,16,Amapá,66.21979,102.38506,AP,Amapa,North,TRUE,TRUE,mapped
201409,2014-09-01,2014,9,17,Tocantins,65.72449,107.51121,TO,Tocantins,North,TRUE,TRUE,mapped
201409,2014-09-01,2014,9,21,Maranhão,53.59525,92.3223,MA,Maranhao,Northeast,TRUE,TRUE,mapped
201409,2014-09-01,2014,9,22,Piauí,58.98479,99.30462,PI,Piaui,Northeast,TRUE,TRUE,mapped
201409,2014-09-01,2014,9,23,Ceará,68.27035,115.07732,CE,Ceara,Northeast,TRUE,TRUE,mapped
201409,2014-09-01,2014,9,24,Rio Grande do Norte,59.55232,105.7766,RN,Rio Grande do Norte,Northeast,TRUE,TRUE,mapped
201409,2014-09-01,2014,9,25,Paraíba,61.54384,100.75627,PB,Paraiba,Northeast,TRUE,TRUE,mapped
201409,2014-09-01,2014,9,26,Pernambuco,66.77026,111.05628,PE,Pernambuco,Northeast,TRUE,TRUE,mapped
201409,2014-09-01,2014,9,27,Alagoas,59.77824,99.77192,AL,Alagoas,Northeast,TRUE,TRUE,mapped
201409,2014-09-01,2014,9,28,Sergipe,72.08874,123.68826,SE,Sergipe,Northeast,TRUE,TRUE,mapped
201409,2014-09-01,2014,9,29,Bahia,75.00355,125.90145,BA,Bahia,Northeast,TRUE,TRUE,mapped
201409,2014-09-01,2014,9,31,Minas Gerais,51.45023,86.70788,MG,Minas Gerais,Southeast,TRUE,TRUE,mapped
201409,2014-09-01,2014,9,32,Espírito Santo,55.54029,89.02847,ES,Espirito Santo,Southeast,TRUE,TRUE,mapped
201409,2014-09-01,2014,9,33,Rio de Janeiro,69.03658,112.40433,RJ,Rio de Janeiro,Southeast,TRUE,TRUE,mapped
201409,2014-09-01,2014,9,35,São Paulo,54.82072,93.43607,SP,Sao Paulo,Southeast,TRUE,TRUE,mapped
201409,2014-09-01,2014,9,41,Paraná,55.74474,97.0403,PR,Parana,South,TRUE,TRUE,mapped
201409,2014-09-01,2014,9,42,Santa Catarina,38.83245,67.71133,SC,Santa Catarina,South,TRUE,TRUE,mapped
201409,2014-09-01,2014,9,43,Rio Grande do Sul,50.00636,86.10496,RS,Rio Grande do Sul,South,TRUE,TRUE,mapped
201409,2014-09-01,2014,9,50,Mato Grosso do Sul,52.03379,88.62279,MS,Mato Grosso do Sul,Center-West,TRUE,TRUE,mapped
201409,2014-09-01,2014,9,51,Mato Grosso,56.56192,96.18182,MT,Mato Grosso,Center-West,TRUE,TRUE,mapped
201409,2014-09-01,2014,9,52,Goiás,78.48039,130.6473,GO,Goias,Center-West,TRUE,TRUE,mapped
201409,2014-09-01,2014,9,53,Distrito Federal,81.63922,132.19559,DF,Distrito Federal,Center-West,TRUE,TRUE,mapped
201410,2014-10-01,2014,10,11,Rondônia,79.6236,106.62285,RO,Rondonia,North,TRUE,TRUE,mapped
201410,2014-10-01,2014,10,12,Acre,59.18524,86.85131,AC,Acre,North,TRUE,TRUE,mapped
201410,2014-10-01,2014,10,13,Amazonas,61.04398,95.25593,AM,Amazonas,North,TRUE,TRUE,mapped
201410,2014-10-01,2014,10,14,Roraima,50.17833,81.05416,RR,Roraima,North,TRUE,TRUE,mapped
201410,2014-10-01,2014,10,15,Pará,62.43419,98.58237,PA,Para,North,TRUE,TRUE,mapped
201410,2014-10-01,2014,10,16,Amapá,70.86136,109.25235,AP,Amapa,North,TRUE,TRUE,mapped
201410,2014-10-01,2014,10,17,Tocantins,71.81785,116.86374,TO,Tocantins,North,TRUE,TRUE,mapped
201410,2014-10-01,2014,10,21,Maranhão,58.95477,101.47948,MA,Maranhao,Northeast,TRUE,TRUE,mapped
201410,2014-10-01,2014,10,22,Piauí,62.94679,105.67375,PI,Piaui,Northeast,TRUE,TRUE,mapped
201410,2014-10-01,2014,10,23,Ceará,71.19339,119.64861,CE,Ceara,Northeast,TRUE,TRUE,mapped
201410,2014-10-01,2014,10,24,Rio Grande do Norte,62.09288,109.38364,RN,Rio Grande do Norte,Northeast,TRUE,TRUE,mapped
201410,2014-10-01,2014,10,25,Paraíba,67.17502,110.95837,PB,Paraiba,Northeast,TRUE,TRUE,mapped
201410,2014-10-01,2014,10,26,Pernambuco,70.7854,117.87552,PE,Pernambuco,Northeast,TRUE,TRUE,mapped
201410,2014-10-01,2014,10,27,Alagoas,63.80475,106.86721,AL,Alagoas,Northeast,TRUE,TRUE,mapped
201410,2014-10-01,2014,10,28,Sergipe,75.02423,129.30513,SE,Sergipe,Northeast,TRUE,TRUE,mapped
201410,2014-10-01,2014,10,29,Bahia,79.55957,132.64015,BA,Bahia,Northeast,TRUE,TRUE,mapped
201410,2014-10-01,2014,10,31,Minas Gerais,54.8502,92.15763,MG,Minas Gerais,Southeast,TRUE,TRUE,mapped
201410,2014-10-01,2014,10,32,Espírito Santo,58.93896,94.22661,ES,Espirito Santo,Southeast,TRUE,TRUE,mapped
201410,2014-10-01,2014,10,33,Rio de Janeiro,74.52396,120.76498,RJ,Rio de Janeiro,Southeast,TRUE,TRUE,mapped
201410,2014-10-01,2014,10,35,São Paulo,58.98863,100.12846,SP,Sao Paulo,Southeast,TRUE,TRUE,mapped
201410,2014-10-01,2014,10,41,Paraná,60.21602,104.59742,PR,Parana,South,TRUE,TRUE,mapped
201410,2014-10-01,2014,10,42,Santa Catarina,44.93093,77.90882,SC,Santa Catarina,South,TRUE,TRUE,mapped
201410,2014-10-01,2014,10,43,Rio Grande do Sul,53.87659,92.22728,RS,Rio Grande do Sul,South,TRUE,TRUE,mapped
201410,2014-10-01,2014,10,50,Mato Grosso do Sul,56.74849,96.09214,MS,Mato Grosso do Sul,Center-West,TRUE,TRUE,mapped
201410,2014-10-01,2014,10,51,Mato Grosso,60.78556,102.21384,MT,Mato Grosso,Center-West,TRUE,TRUE,mapped
201410,2014-10-01,2014,10,52,Goiás,86.71172,143.891,GO,Goias,Center-West,TRUE,TRUE,mapped
201410,2014-10-01,2014,10,53,Distrito Federal,85.98969,138.49062,DF,Distrito Federal,Center-West,TRUE,TRUE,mapped
201411,2014-11-01,2014,11,11,Rondônia,82.18178,109.23335,RO,Rondonia,North,TRUE,TRUE,mapped
201411,2014-11-01,2014,11,12,Acre,60.56948,88.32337,AC,Acre,North,TRUE,TRUE,mapped
201411,2014-11-01,2014,11,13,Amazonas,62.07465,95.76261,AM,Amazonas,North,TRUE,TRUE,mapped
201411,2014-11-01,2014,11,14,Roraima,49.47044,79.04071,RR,Roraima,North,TRUE,TRUE,mapped
201411,2014-11-01,2014,11,15,Pará,56.0707,87.38994,PA,Para,North,TRUE,TRUE,mapped
201411,2014-11-01,2014,11,16,Amapá,75.28191,115.26123,AP,Amapa,North,TRUE,TRUE,mapped
201411,2014-11-01,2014,11,17,Tocantins,76.28321,121.32549,TO,Tocantins,North,TRUE,TRUE,mapped
201411,2014-11-01,2014,11,21,Maranhão,56.86236,96.67571,MA,Maranhao,Northeast,TRUE,TRUE,mapped
201411,2014-11-01,2014,11,22,Piauí,62.05645,103.25169,PI,Piaui,Northeast,TRUE,TRUE,mapped
201411,2014-11-01,2014,11,23,Ceará,73.72009,123.42489,CE,Ceara,Northeast,TRUE,TRUE,mapped
201411,2014-11-01,2014,11,24,Rio Grande do Norte,64.84873,113.7121,RN,Rio Grande do Norte,Northeast,TRUE,TRUE,mapped
201411,2014-11-01,2014,11,25,Paraíba,69.12597,113.74076,PB,Paraiba,Northeast,TRUE,TRUE,mapped
201411,2014-11-01,2014,11,26,Pernambuco,75.49451,125.47411,PE,Pernambuco,Northeast,TRUE,TRUE,mapped
201411,2014-11-01,2014,11,27,Alagoas,65.48616,109.2323,AL,Alagoas,Northeast,TRUE,TRUE,mapped
201411,2014-11-01,2014,11,28,Sergipe,79.82262,136.7943,SE,Sergipe,Northeast,TRUE,TRUE,mapped
201411,2014-11-01,2014,11,29,Bahia,82.46403,137.13262,BA,Bahia,Northeast,TRUE,TRUE,mapped
201411,2014-11-01,2014,11,31,Minas Gerais,54.76828,91.66959,MG,Minas Gerais,Southeast,TRUE,TRUE,mapped
201411,2014-11-01,2014,11,32,Espírito Santo,59.6273,95.13422,ES,Espirito Santo,Southeast,TRUE,TRUE,mapped
201411,2014-11-01,2014,11,33,Rio de Janeiro,74.15814,120.14567,RJ,Rio de Janeiro,Southeast,TRUE,TRUE,mapped
201411,2014-11-01,2014,11,35,São Paulo,61.15764,103.30305,SP,Sao Paulo,Southeast,TRUE,TRUE,mapped
201411,2014-11-01,2014,11,41,Paraná,60.80104,105.19856,PR,Parana,South,TRUE,TRUE,mapped
201411,2014-11-01,2014,11,42,Santa Catarina,45.72208,79.13252,SC,Santa Catarina,South,TRUE,TRUE,mapped
201411,2014-11-01,2014,11,43,Rio Grande do Sul,54.7196,93.09068,RS,Rio Grande do Sul,South,TRUE,TRUE,mapped
201411,2014-11-01,2014,11,50,Mato Grosso do Sul,56.64525,93.66965,MS,Mato Grosso do Sul,Center-West,TRUE,TRUE,mapped
201411,2014-11-01,2014,11,51,Mato Grosso,58.95677,95.93393,MT,Mato Grosso,Center-West,TRUE,TRUE,mapped
201411,2014-11-01,2014,11,52,Goiás,85.58069,139.95368,GO,Goias,Center-West,TRUE,TRUE,mapped
201411,2014-11-01,2014,11,53,Distrito Federal,86.94136,139.26144,DF,Distrito Federal,Center-West,TRUE,TRUE,mapped
201412,2014-12-01,2014,12,11,Rondônia,110.74821,146.35148,RO,Rondonia,North,TRUE,TRUE,mapped
201412,2014-12-01,2014,12,12,Acre,81.59483,118.27651,AC,Acre,North,TRUE,TRUE,mapped
201412,2014-12-01,2014,12,13,Amazonas,77.53476,118.30989,AM,Amazonas,North,TRUE,TRUE,mapped
201412,2014-12-01,2014,12,14,Roraima,64.00936,101.60165,RR,Roraima,North,TRUE,TRUE,mapped
201412,2014-12-01,2014,12,15,Pará,77.72256,120.22602,PA,Para,North,TRUE,TRUE,mapped
201412,2014-12-01,2014,12,16,Amapá,89.25083,135.31684,AP,Amapa,North,TRUE,TRUE,mapped
201412,2014-12-01,2014,12,17,Tocantins,87.16752,137.97128,TO,Tocantins,North,TRUE,TRUE,mapped
201412,2014-12-01,2014,12,21,Maranhão,74.29917,126.47405,MA,Maranhao,Northeast,TRUE,TRUE,mapped
201412,2014-12-01,2014,12,22,Piauí,78.92833,131.15027,PI,Piaui,Northeast,TRUE,TRUE,mapped
201412,2014-12-01,2014,12,23,Ceará,91.40696,152.44266,CE,Ceara,Northeast,TRUE,TRUE,mapped
201412,2014-12-01,2014,12,24,Rio Grande do Norte,80.2643,139.86317,RN,Rio Grande do Norte,Northeast,TRUE,TRUE,mapped
201412,2014-12-01,2014,12,25,Paraíba,79.72322,128.91743,PB,Paraiba,Northeast,TRUE,TRUE,mapped
201412,2014-12-01,2014,12,26,Pernambuco,96.31374,158.98583,PE,Pernambuco,Northeast,TRUE,TRUE,mapped
201412,2014-12-01,2014,12,27,Alagoas,86.14969,142.78159,AL,Alagoas,Northeast,TRUE,TRUE,mapped
201412,2014-12-01,2014,12,28,Sergipe,96.3065,165.11271,SE,Sergipe,Northeast,TRUE,TRUE,mapped
201412,2014-12-01,2014,12,29,Bahia,103.19394,170.82614,BA,Bahia,Northeast,TRUE,TRUE,mapped
201412,2014-12-01,2014,12,31,Minas Gerais,68.73685,114.20063,MG,Minas Gerais,Southeast,TRUE,TRUE,mapped
201412,2014-12-01,2014,12,32,Espírito Santo,75.93232,119.47472,ES,Espirito Santo,Southeast,TRUE,TRUE,mapped
201412,2014-12-01,2014,12,33,Rio de Janeiro,98.35491,157.717,RJ,Rio de Janeiro,Southeast,TRUE,TRUE,mapped
201412,2014-12-01,2014,12,35,São Paulo,76.51085,129.04302,SP,Sao Paulo,Southeast,TRUE,TRUE,mapped
201412,2014-12-01,2014,12,41,Paraná,78.64437,135.25529,PR,Parana,South,TRUE,TRUE,mapped
201412,2014-12-01,2014,12,42,Santa Catarina,60.25953,103.81045,SC,Santa Catarina,South,TRUE,TRUE,mapped
201412,2014-12-01,2014,12,43,Rio Grande do Sul,68.85933,117.18751,RS,Rio Grande do Sul,South,TRUE,TRUE,mapped
201412,2014-12-01,2014,12,50,Mato Grosso do Sul,72.16591,117.69268,MS,Mato Grosso do Sul,Center-West,TRUE,TRUE,mapped
201412,2014-12-01,2014,12,51,Mato Grosso,72.1502,116.26101,MT,Mato Grosso,Center-West,TRUE,TRUE,mapped
201412,2014-12-01,2014,12,52,Goiás,103.67705,166.79902,GO,Goias,Center-West,TRUE,TRUE,mapped
201412,2014-12-01,2014,12,53,Distrito Federal,102.84775,163.54226,DF,Distrito Federal,Center-West,TRUE,TRUE,mapped
201501,2015-01-01,2015,1,11,Rondônia,74.02756,96.67029,RO,Rondonia,North,TRUE,TRUE,mapped
201501,2015-01-01,2015,1,12,Acre,59.97089,85.95528,AC,Acre,North,TRUE,TRUE,mapped
201501,2015-01-01,2015,1,13,Amazonas,57.43662,86.81125,AM,Amazonas,North,TRUE,TRUE,mapped
201501,2015-01-01,2015,1,14,Roraima,51.29461,80.38301,RR,Roraima,North,TRUE,TRUE,mapped
201501,2015-01-01,2015,1,15,Pará,54.50985,83.38734,PA,Para,North,TRUE,TRUE,mapped
201501,2015-01-01,2015,1,16,Amapá,69.5352,105.03834,AP,Amapa,North,TRUE,TRUE,mapped
201501,2015-01-01,2015,1,17,Tocantins,63.86393,100.30375,TO,Tocantins,North,TRUE,TRUE,mapped
201501,2015-01-01,2015,1,21,Maranhão,54.69652,91.64678,MA,Maranhao,Northeast,TRUE,TRUE,mapped
201501,2015-01-01,2015,1,22,Piauí,63.48099,104.50757,PI,Piaui,Northeast,TRUE,TRUE,mapped
201501,2015-01-01,2015,1,23,Ceará,73.07603,120.74174,CE,Ceara,Northeast,TRUE,TRUE,mapped
201501,2015-01-01,2015,1,24,Rio Grande do Norte,62.52348,108.12118,RN,Rio Grande do Norte,Northeast,TRUE,TRUE,mapped
201501,2015-01-01,2015,1,25,Paraíba,60.1693,97.72093,PB,Paraiba,Northeast,TRUE,TRUE,mapped
201501,2015-01-01,2015,1,26,Pernambuco,70.7854,117.09618,PE,Pernambuco,Northeast,TRUE,TRUE,mapped
201501,2015-01-01,2015,1,27,Alagoas,64.02599,106.51682,AL,Alagoas,Northeast,TRUE,TRUE,mapped
201501,2015-01-01,2015,1,28,Sergipe,80.7823,138.66659,SE,Sergipe,Northeast,TRUE,TRUE,mapped
201501,2015-01-01,2015,1,29,Bahia,77.05376,127.24919,BA,Bahia,Northeast,TRUE,TRUE,mapped
201501,2015-01-01,2015,1,31,Minas Gerais,54.76828,90.61218,MG,Minas Gerais,Southeast,TRUE,TRUE,mapped
201501,2015-01-01,2015,1,32,Espírito Santo,60.01449,93.64904,ES,Espirito Santo,Southeast,TRUE,TRUE,mapped
201501,2015-01-01,2015,1,33,Rio de Janeiro,72.43353,114.67512,RJ,Rio de Janeiro,Southeast,TRUE,TRUE,mapped
201501,2015-01-01,2015,1,35,São Paulo,59.24381,99.09886,SP,Sao Paulo,Southeast,TRUE,TRUE,mapped
201501,2015-01-01,2015,1,41,Paraná,64.10227,109.57825,PR,Parana,South,TRUE,TRUE,mapped
201501,2015-01-01,2015,1,42,Santa Catarina,48.12851,82.32774,SC,Santa Catarina,South,TRUE,TRUE,mapped
201501,2015-01-01,2015,1,43,Rio Grande do Sul,51.34753,86.02646,RS,Rio Grande do Sul,South,TRUE,TRUE,mapped
201501,2015-01-01,2015,1,50,Mato Grosso do Sul,55.85373,90.43966,MS,Mato Grosso do Sul,Center-West,TRUE,TRUE,mapped
201501,2015-01-01,2015,1,51,Mato Grosso,54.6025,87.25773,MT,Mato Grosso,Center-West,TRUE,TRUE,mapped
201501,2015-01-01,2015,1,52,Goiás,83.38148,132.91424,GO,Goias,Center-West,TRUE,TRUE,mapped
201501,2015-01-01,2015,1,53,Distrito Federal,83.81446,133.09488,DF,Distrito Federal,Center-West,TRUE,TRUE,mapped
201502,2015-02-01,2015,2,11,Rondônia,67.20573,86.39143,RO,Rondonia,North,TRUE,TRUE,mapped
201502,2015-02-01,2015,2,12,Acre,54.8829,77.12294,AC,Acre,North,TRUE,TRUE,mapped
201502,2015-02-01,2015,2,13,Amazonas,52.14271,77.43767,AM,Amazonas,North,TRUE,TRUE,mapped
201502,2015-02-01,2015,2,14,Roraima,45.27757,69.33487,RR,Roraima,North,TRUE,TRUE,mapped
201502,2015-02-01,2015,2,15,Pará,47.82619,72.04666,PA,Para,North,TRUE,TRUE,mapped
201502,2015-02-01,2015,2,16,Amapá,60.25205,88.49441,AP,Amapa,North,TRUE,TRUE,mapped
201502,2015-02-01,2015,2,17,Tocantins,60.37537,93.61111,TO,Tocantins,North,TRUE,TRUE,mapped
201502,2015-02-01,2015,2,21,Maranhão,48.23572,79.26208,MA,Maranhao,Northeast,TRUE,TRUE,mapped
201502,2015-02-01,2015,2,22,Piauí,54.57763,88.27077,PI,Piaui,Northeast,TRUE,TRUE,mapped
201502,2015-02-01,2015,2,23,Ceará,62.82061,101.66157,CE,Ceara,Northeast,TRUE,TRUE,mapped
201502,2015-02-01,2015,2,24,Rio Grande do Norte,56.83953,96.48846,RN,Rio Grande do Norte,Northeast,TRUE,TRUE,mapped
201502,2015-02-01,2015,2,25,Paraíba,52.05509,82.37563,PB,Paraiba,Northeast,TRUE,TRUE,mapped
201502,2015-02-01,2015,2,26,Pernambuco,62.70555,101.50933,PE,Pernambuco,Northeast,TRUE,TRUE,mapped
201502,2015-02-01,2015,2,27,Alagoas,56.41544,91.71309,AL,Alagoas,Northeast,TRUE,TRUE,mapped
201502,2015-02-01,2015,2,28,Sergipe,74.23391,124.50739,SE,Sergipe,Northeast,TRUE,TRUE,mapped
201502,2015-02-01,2015,2,29,Bahia,70.10582,112.31173,BA,Bahia,Northeast,TRUE,TRUE,mapped
201502,2015-02-01,2015,2,31,Minas Gerais,48.337,78.32992,MG,Minas Gerais,Southeast,TRUE,TRUE,mapped
201502,2015-02-01,2015,2,32,Espírito Santo,52.65788,80.94247,ES,Espirito Santo,Southeast,TRUE,TRUE,mapped
201502,2015-02-01,2015,2,33,Rio de Janeiro,67.25971,104.66298,RJ,Rio de Janeiro,Southeast,TRUE,TRUE,mapped
201502,2015-02-01,2015,2,35,São Paulo,53.62989,88.54547,SP,Sao Paulo,Southeast,TRUE,TRUE,mapped
201502,2015-02-01,2015,2,41,Paraná,55.5358,92.66061,PR,Parana,South,TRUE,TRUE,mapped
201502,2015-02-01,2015,2,42,Santa Catarina,42.26078,70.7026,SC,Santa Catarina,South,TRUE,TRUE,mapped
201502,2015-02-01,2015,2,43,Rio Grande do Sul,46.36605,76.52902,RS,Rio Grande do Sul,South,TRUE,TRUE,mapped
201502,2015-02-01,2015,2,50,Mato Grosso do Sul,50.03778,79.74033,MS,Mato Grosso do Sul,Center-West,TRUE,TRUE,mapped
201502,2015-02-01,2015,2,51,Mato Grosso,51.16263,79.98626,MT,Mato Grosso,Center-West,TRUE,TRUE,mapped
201502,2015-02-01,2015,2,52,Goiás,71.31725,112.15385,GO,Goias,Center-West,TRUE,TRUE,mapped
201502,2015-02-01,2015,2,53,Distrito Federal,76.26912,118.0639,DF,Distrito Federal,Center-West,TRUE,TRUE,mapped
201503,2015-03-01,2015,3,11,Rondônia,73.17483,94.14137,RO,Rondonia,North,TRUE,TRUE,mapped
201503,2015-03-01,2015,3,12,Acre,60.68171,85.12325,AC,Acre,North,TRUE,TRUE,mapped
201503,2015-03-01,2015,3,13,Amazonas,54.81309,80.98443,AM,Amazonas,North,TRUE,TRUE,mapped
201503,2015-03-01,2015,3,14,Roraima,51.10403,77.59516,RR,Roraima,North,TRUE,TRUE,mapped
201503,2015-03-01,2015,3,15,Pará,56.15075,84.05444,PA,Para,North,TRUE,TRUE,mapped
201503,2015-03-01,2015,3,16,Amapá,64.31895,93.87899,AP,Amapa,North,TRUE,TRUE,mapped
201503,2015-03-01,2015,3,17,Tocantins,68.56186,105.53774,TO,Tocantins,North,TRUE,TRUE,mapped
201503,2015-03-01,2015,3,21,Maranhão,54.25601,88.71948,MA,Maranhao,Northeast,TRUE,TRUE,mapped
201503,2015-03-01,2015,3,22,Piauí,59.91965,96.34432,PI,Piaui,Northeast,TRUE,TRUE,mapped
201503,2015-03-01,2015,3,23,Ceará,69.65756,112.19542,CE,Ceara,Northeast,TRUE,TRUE,mapped
201503,2015-03-01,2015,3,24,Rio Grande do Norte,62.00676,104.87484,RN,Rio Grande do Norte,Northeast,TRUE,TRUE,mapped
201503,2015-03-01,2015,3,25,Paraíba,57.15419,90.38554,PB,Paraiba,Northeast,TRUE,TRUE,mapped
201503,2015-03-01,2015,3,26,Pernambuco,67.31552,108.62083,PE,Pernambuco,Northeast,TRUE,TRUE,mapped
201503,2015-03-01,2015,3,27,Alagoas,60.57469,98.1076,AL,Alagoas,Northeast,TRUE,TRUE,mapped
201503,2015-03-01,2015,3,28,Sergipe,78.75004,131.06041,SE,Sergipe,Northeast,TRUE,TRUE,mapped
201503,2015-03-01,2015,3,29,Bahia,78.13581,124.89064,BA,Bahia,Northeast,TRUE,TRUE,mapped
201503,2015-03-01,2015,3,31,Minas Gerais,53.29359,85.65047,MG,Minas Gerais,Southeast,TRUE,TRUE,mapped
201503,2015-03-01,2015,3,32,Espírito Santo,56.74489,86.71818,ES,Espirito Santo,Southeast,TRUE,TRUE,mapped
201503,2015-03-01,2015,3,33,Rio de Janeiro,71.96318,111.16571,RJ,Rio de Janeiro,Southeast,TRUE,TRUE,mapped
201503,2015-03-01,2015,3,35,São Paulo,58.90357,96.61066,SP,Sao Paulo,Southeast,TRUE,TRUE,mapped
201503,2015-03-01,2015,3,41,Paraná,60.5921,100.38948,PR,Parana,South,TRUE,TRUE,mapped
201503,2015-03-01,2015,3,42,Santa Catarina,44.73314,74.23773,SC,Santa Catarina,South,TRUE,TRUE,mapped
201503,2015-03-01,2015,3,43,Rio Grande do Sul,52.84197,86.73289,RS,Rio Grande do Sul,South,TRUE,TRUE,mapped
201503,2015-03-01,2015,3,50,Mato Grosso do Sul,55.68166,88.084460000000007,MS,Mato Grosso do Sul,Center-West,TRUE,TRUE,mapped
201503,2015-03-01,2015,3,51,Mato Grosso,55.47336,86.26617,MT,Mato Grosso,Center-West,TRUE,TRUE,mapped
201503,2015-03-01,2015,3,52,Goiás,79.29724,124.44304,GO,Goias,Center-West,TRUE,TRUE,mapped
201503,2015-03-01,2015,3,53,Distrito Federal,87.07731,133.22335,DF,Distrito Federal,Center-West,TRUE,TRUE,mapped
201504,2015-04-01,2015,4,11,Rondônia,73.38801,93.08085,RO,Rondonia,North,TRUE,TRUE,mapped
201504,2015-04-01,2015,4,12,Acre,57.91325,80.38707,AC,Acre,North,TRUE,TRUE,mapped
201504,2015-04-01,2015,4,13,Amazonas,55.70322,81.40666,AM,Amazonas,North,TRUE,TRUE,mapped
201504,2015-04-01,2015,4,14,Roraima,49.76993,74.70406,RR,Roraima,North,TRUE,TRUE,mapped
201504,2015-04-01,2015,4,15,Pará,53.54932,79.16238,PA,Para,North,TRUE,TRUE,mapped
201504,2015-04-01,2015,4,16,Amapá,60.16364,86.69955,AP,Amapa,North,TRUE,TRUE,mapped
201504,2015-04-01,2015,4,17,Tocantins,67.77112,103.73587,TO,Tocantins,North,TRUE,TRUE,mapped
201504,2015-04-01,2015,4,21,Maranhão,52.93448,85.79219,MA,Maranhao,Northeast,TRUE,TRUE,mapped
201504,2015-04-01,2015,4,22,Piauí,57.82735,92.30755,PI,Piaui,Northeast,TRUE,TRUE,mapped
201504,2015-04-01,2015,4,23,Ceará,68.56761,109.71102,CE,Ceara,Northeast,TRUE,TRUE,mapped
201504,2015-04-01,2015,4,24,Rio Grande do Norte,59.93986,100.0955,RN,Rio Grande do Norte,Northeast,TRUE,TRUE,mapped
201504,2015-04-01,2015,4,25,Paraíba,55.51361,87.01294,PB,Paraiba,Northeast,TRUE,TRUE,mapped
201504,2015-04-01,2015,4,26,Pernambuco,64.29178,102.9706,PE,Pernambuco,Northeast,TRUE,TRUE,mapped
201504,2015-04-01,2015,4,27,Alagoas,59.60125,96.09289,AL,Alagoas,Northeast,TRUE,TRUE,mapped
201504,2015-04-01,2015,4,28,Sergipe,81.12101,133.98586,SE,Sergipe,Northeast,TRUE,TRUE,mapped
201504,2015-04-01,2015,4,29,Bahia,73.86454,116.91651,BA,Bahia,Northeast,TRUE,TRUE,mapped
201504,2015-04-01,2015,4,31,Minas Gerais,52.63817,83.61698,MG,Minas Gerais,Southeast,TRUE,TRUE,mapped
201504,2015-04-01,2015,4,32,Espírito Santo,55.7554,84.16037,ES,Espirito Santo,Southeast,TRUE,TRUE,mapped
201504,2015-04-01,2015,4,33,Rio de Janeiro,69.24562,105.59194,RJ,Rio de Janeiro,Southeast,TRUE,TRUE,mapped
201504,2015-04-01,2015,4,35,São Paulo,56.98973,92.23487,SP,Sao Paulo,Southeast,TRUE,TRUE,mapped
201504,2015-04-01,2015,4,41,Paraná,59.21311,96.78267,PR,Parana,South,TRUE,TRUE,mapped
201504,2015-04-01,2015,4,42,Santa Catarina,43.87606,71.85831,SC,Santa Catarina,South,TRUE,TRUE,mapped
201504,2015-04-01,2015,4,43,Rio Grande do Sul,52.53542,85.63401,RS,Rio Grande do Sul,South,TRUE,TRUE,mapped
201504,2015-04-01,2015,4,50,Mato Grosso do Sul,54.75248,86.06572,MS,Mato Grosso do Sul,Center-West,TRUE,TRUE,mapped
201504,2015-04-01,2015,4,51,Mato Grosso,53.29622,82.71306,MT,Mato Grosso,Center-West,TRUE,TRUE,mapped
201504,2015-04-01,2015,4,52,Goiás,76.65818,119.19329,GO,Goias,Center-West,TRUE,TRUE,mapped
201504,2015-04-01,2015,4,53,Distrito Federal,84.97005,129.36925,DF,Distrito Federal,Center-West,TRUE,TRUE,mapped
201505,2015-05-01,2015,5,11,Rondônia,79.99666,101.07552,RO,Rondonia,North,TRUE,TRUE,mapped
201505,2015-05-01,2015,5,12,Acre,62.62712,86.4033,AC,Acre,North,TRUE,TRUE,mapped
201505,2015-05-01,2015,5,13,Amazonas,58.3736,84.78453,AM,Amazonas,North,TRUE,TRUE,mapped
201505,2015-05-01,2015,5,14,Roraima,54.23507,81.10579,RR,Roraima,North,TRUE,TRUE,mapped
201505,2015-05-01,2015,5,15,Pará,57.95173,85.01803,PA,Para,North,TRUE,TRUE,mapped
201505,2015-05-01,2015,5,16,Amapá,64.93783,93.4888,AP,Amapa,North,TRUE,TRUE,mapped
201505,2015-05-01,2015,5,17,Tocantins,71.86436,109.82789,TO,Tocantins,North,TRUE,TRUE,mapped
201505,2015-05-01,2015,5,21,Maranhão,56.16488,90.1456,MA,Maranhao,Northeast,TRUE,TRUE,mapped
201505,2015-05-01,2015,5,22,Piauí,61.07708,96.79285,PI,Piaui,Northeast,TRUE,TRUE,mapped
201505,2015-05-01,2015,5,23,Ceará,73.2742,116.46858,CE,Ceara,Northeast,TRUE,TRUE,mapped
201505,2015-05-01,2015,5,24,Rio Grande do Norte,63.59998,105.68642,RN,Rio Grande do Norte,Northeast,TRUE,TRUE,mapped
201505,2015-05-01,2015,5,25,Paraíba,58.88345,91.22869,PB,Paraiba,Northeast,TRUE,TRUE,mapped
201505,2015-05-01,2015,5,26,Pernambuco,68.30692,107.74407,PE,Pernambuco,Northeast,TRUE,TRUE,mapped
201505,2015-05-01,2015,5,27,Alagoas,62.47733,99.33394,AL,Alagoas,Northeast,TRUE,TRUE,mapped
201505,2015-05-01,2015,5,28,Sergipe,81.06455,131.06041,SE,Sergipe,Northeast,TRUE,TRUE,mapped
201505,2015-05-01,2015,5,29,Bahia,77.85106,122.98134,BA,Bahia,Northeast,TRUE,TRUE,mapped
201505,2015-05-01,2015,5,31,Minas Gerais,54.44057,86.21985,MG,Minas Gerais,Southeast,TRUE,TRUE,mapped
201505,2015-05-01,2015,5,32,Espírito Santo,56.91697,85.64555,ES,Espirito Santo,Southeast,TRUE,TRUE,mapped
201505,2015-05-01,2015,5,33,Rio de Janeiro,73.63553,111.57858,RJ,Rio de Janeiro,Southeast,TRUE,TRUE,mapped
201505,2015-05-01,2015,5,35,São Paulo,59.58404,95.75266,SP,Sao Paulo,Southeast,TRUE,TRUE,mapped
201505,2015-05-01,2015,5,41,Paraná,61.42786,99.6166,PR,Parana,South,TRUE,TRUE,mapped
201505,2015-05-01,2015,5,42,Santa Catarina,44.04088,71.58638,SC,Santa Catarina,South,TRUE,TRUE,mapped
201505,2015-05-01,2015,5,43,Rio Grande do Sul,54.22146,87.91026,RS,Rio Grande do Sul,South,TRUE,TRUE,mapped
201505,2015-05-01,2015,5,50,Mato Grosso do Sul,57.19587,89.56487,MS,Mato Grosso do Sul,Center-West,TRUE,TRUE,mapped
201505,2015-05-01,2015,5,51,Mato Grosso,56.91026,88.41456,MT,Mato Grosso,Center-West,TRUE,TRUE,mapped
201505,2015-05-01,2015,5,52,Goiás,80.74243,125.39755,GO,Goias,Center-West,TRUE,TRUE,mapped
201505,2015-05-01,2015,5,53,Distrito Federal,87.62112,131.93865,DF,Distrito Federal,Center-West,TRUE,TRUE,mapped
201506,2015-06-01,2015,6,11,Rondônia,72.96165,91.93875,RO,Rondonia,North,TRUE,TRUE,mapped
201506,2015-06-01,2015,6,12,Acre,57.1276,78.14698,AC,Acre,North,TRUE,TRUE,mapped
201506,2015-06-01,2015,6,13,Amazonas,55.42212,80.13996,AM,Amazonas,North,TRUE,TRUE,mapped
201506,2015-06-01,2015,6,14,Roraima,49.96052,74.44592,RR,Roraima,North,TRUE,TRUE,mapped
201506,2015-06-01,2015,6,15,Pará,53.58934,78.12467,PA,Para,North,TRUE,TRUE,mapped
201506,2015-06-01,2015,6,16,Amapá,61.71083,88.41637,AP,Amapa,North,TRUE,TRUE,mapped
201506,2015-06-01,2015,6,17,Tocantins,68.51534,104.76551,TO,Tocantins,North,TRUE,TRUE,mapped
201506,2015-06-01,2015,6,21,Maranhão,53.30158,85.0416,MA,Maranhao,Northeast,TRUE,TRUE,mapped
201506,2015-06-01,2015,6,22,Piauí,58.628660000000004,92.21784,PI,Piaui,Northeast,TRUE,TRUE,mapped
201506,2015-06-01,2015,6,23,Ceará,68.27035,107.42537,CE,Ceara,Northeast,TRUE,TRUE,mapped
201506,2015-06-01,2015,6,24,Rio Grande do Norte,60.24129,99.37409,RN,Rio Grande do Norte,Northeast,TRUE,TRUE,mapped
201506,2015-06-01,2015,6,25,Paraíba,60.03628,92.49341,PB,Paraiba,Northeast,TRUE,TRUE,mapped
201506,2015-06-01,2015,6,26,Pernambuco,67.06767,103.94478,PE,Pernambuco,Northeast,TRUE,TRUE,mapped
201506,2015-06-01,2015,6,27,Alagoas,57.69861,90.13636,AL,Alagoas,Northeast,TRUE,TRUE,mapped
201506,2015-06-01,2015,6,28,Sergipe,79.1452,125.79459,SE,Sergipe,Northeast,TRUE,TRUE,mapped
201506,2015-06-01,2015,6,29,Bahia,75.63,118.60118,BA,Bahia,Northeast,TRUE,TRUE,mapped
201506,2015-06-01,2015,6,31,Minas Gerais,52.55624,82.80359,MG,Minas Gerais,Southeast,TRUE,TRUE,mapped
201506,2015-06-01,2015,6,32,Espírito Santo,53.90549,80.61243,ES,Espirito Santo,Southeast,TRUE,TRUE,mapped
201506,2015-06-01,2015,6,33,Rio de Janeiro,69.45466,104.55976,RJ,Rio de Janeiro,Southeast,TRUE,TRUE,mapped
201506,2015-06-01,2015,6,35,São Paulo,55.96902,89.14607,SP,Sao Paulo,Southeast,TRUE,TRUE,mapped
201506,2015-06-01,2015,6,41,Paraná,58.21021,93.60525,PR,Parana,South,TRUE,TRUE,mapped
201506,2015-06-01,2015,6,42,Santa Catarina,42.72229,68.86705,SC,Santa Catarina,South,TRUE,TRUE,mapped
201506,2015-06-01,2015,6,43,Rio Grande do Sul,50.96434,81.39548,RS,Rio Grande do Sul,South,TRUE,TRUE,mapped
201506,2015-06-01,2015,6,50,Mato Grosso do Sul,54.16745,84.78718,MS,Mato Grosso do Sul,Center-West,TRUE,TRUE,mapped
201506,2015-06-01,2015,6,51,Mato Grosso,54.82022,85.68776,MT,Mato Grosso,Center-West,TRUE,TRUE,mapped
201506,2015-06-01,2015,6,52,Goiás,75.40149,117.04566,GO,Goias,Center-West,TRUE,TRUE,mapped
201506,2015-06-01,2015,6,53,Distrito Federal,83.54255,125.00127,DF,Distrito Federal,Center-West,TRUE,TRUE,mapped
201507,2015-07-01,2015,7,11,Rondônia,78.71757,99.11764,RO,Rondonia,North,TRUE,TRUE,mapped
201507,2015-07-01,2015,7,12,Acre,59.07301,81.2191,AC,Acre,North,TRUE,TRUE,mapped
201507,2015-07-01,2015,7,13,Amazonas,57.24923,82.84226,AM,Amazonas,North,TRUE,TRUE,mapped
201507,2015-07-01,2015,7,14,Roraima,52.49257,78.42119,RR,Roraima,North,TRUE,TRUE,mapped
201507,2015-07-01,2015,7,15,Pará,56.63101,82.94261,PA,Para,North,TRUE,TRUE,mapped
201507,2015-07-01,2015,7,16,Amapá,62.2855,89.35282,AP,Amapa,North,TRUE,TRUE,mapped
201507,2015-07-01,2015,7,17,Tocantins,71.67831,108.96986,TO,Tocantins,North,TRUE,TRUE,mapped
201507,2015-07-01,2015,7,21,Maranhão,57.37628,91.79689,MA,Maranhao,Northeast,TRUE,TRUE,mapped
201507,2015-07-01,2015,7,22,Piauí,63.03582,99.21491,PI,Piaui,Northeast,TRUE,TRUE,mapped
201507,2015-07-01,2015,7,23,Ceará,72.18425,113.78543,CE,Ceara,Northeast,TRUE,TRUE,mapped
201507,2015-07-01,2015,7,24,Rio Grande do Norte,63.38468,104.78466,RN,Rio Grande do Norte,Northeast,TRUE,TRUE,mapped
201507,2015-07-01,2015,7,25,Paraíba,62.8297,97.13073,PB,Paraiba,Northeast,TRUE,TRUE,mapped
201507,2015-07-01,2015,7,26,Pernambuco,67.46423,104.0422,PE,Pernambuco,Northeast,TRUE,TRUE,mapped
201507,2015-07-01,2015,7,27,Alagoas,58.40657,90.83712,AL,Alagoas,Northeast,TRUE,TRUE,mapped
201507,2015-07-01,2015,7,28,Sergipe,73.72584,117.25226,SE,Sergipe,Northeast,TRUE,TRUE,mapped
201507,2015-07-01,2015,7,29,Bahia,75.4022,117.36575,BA,Bahia,Northeast,TRUE,TRUE,mapped
201507,2015-07-01,2015,7,31,Minas Gerais,55.54658,86.78922,MG,Minas Gerais,Southeast,TRUE,TRUE,mapped
201507,2015-07-01,2015,7,32,Espírito Santo,56.91697,84.49041,ES,Espirito Santo,Southeast,TRUE,TRUE,mapped
201507,2015-07-01,2015,7,33,Rio de Janeiro,72.27675,108.06917,RJ,Rio de Janeiro,Southeast,TRUE,TRUE,mapped
201507,2015-07-01,2015,7,35,São Paulo,57.32997,90.94787,SP,Sao Paulo,Southeast,TRUE,TRUE,mapped
201507,2015-07-01,2015,7,41,Paraná,59.88171,95.92391,PR,Parana,South,TRUE,TRUE,mapped
201507,2015-07-01,2015,7,42,Santa Catarina,42.22782,67.98327,SC,Santa Catarina,South,TRUE,TRUE,mapped
201507,2015-07-01,2015,7,43,Rio Grande do Sul,52.22887,82.25888,RS,Rio Grande do Sul,South,TRUE,TRUE,mapped
201507,2015-07-01,2015,7,50,Mato Grosso do Sul,57.33352,89.363,MS,Mato Grosso do Sul,Center-West,TRUE,TRUE,mapped
201507,2015-07-01,2015,7,51,Mato Grosso,58.08592,90.31506,MT,Mato Grosso,Center-West,TRUE,TRUE,mapped
201507,2015-07-01,2015,7,52,Goiás,78.79456,121.81817,GO,Goias,Center-West,TRUE,TRUE,mapped
201507,2015-07-01,2015,7,53,Distrito Federal,86.32957,128.7269,DF,Distrito Federal,Center-West,TRUE,TRUE,mapped
201508,2015-08-01,2015,8,11,Rondônia,75.25336,93.97821,RO,Rondonia,North,TRUE,TRUE,mapped
201508,2015-08-01,2015,8,12,Acre,59.55936,80.96309,AC,Acre,North,TRUE,TRUE,mapped
201508,2015-08-01,2015,8,13,Amazonas,60.57549,86.98015,AM,Amazonas,North,TRUE,TRUE,mapped
201508,2015-08-01,2015,8,14,Roraima,52.27476,77.59516,RR,Roraima,North,TRUE,TRUE,mapped
201508,2015-08-01,2015,8,15,Pará,54.91007,79.82948,PA,Para,North,TRUE,TRUE,mapped
201508,2015-08-01,2015,8,16,Amapá,61.35719,87.47992,AP,Amapa,North,TRUE,TRUE,mapped
201508,2015-08-01,2015,8,17,Tocantins,68.7014,103.47846,TO,Tocantins,North,TRUE,TRUE,mapped
201508,2015-08-01,2015,8,21,Maranhão,55.79779,88.71948,MA,Maranhao,Northeast,TRUE,TRUE,mapped
201508,2015-08-01,2015,8,22,Piauí,61.07708,95.44726,PI,Piaui,Northeast,TRUE,TRUE,mapped
201508,2015-08-01,2015,8,23,Ceará,70.84659,111.10228,CE,Ceara,Northeast,TRUE,TRUE,mapped
201508,2015-08-01,2015,8,24,Rio Grande do Norte,62.65266,103.52219,RN,Rio Grande do Norte,Northeast,TRUE,TRUE,mapped
201508,2015-08-01,2015,8,25,Paraíba,58.08533,88.27767,PB,Paraiba,Northeast,TRUE,TRUE,mapped
201508,2015-08-01,2015,8,26,Pernambuco,67.66251,103.94478,PE,Pernambuco,Northeast,TRUE,TRUE,mapped
201508,2015-08-01,2015,8,27,Alagoas,56.90216,88.29684,AL,Alagoas,Northeast,TRUE,TRUE,mapped
201508,2015-08-01,2015,8,28,Sergipe,74.45971,118.42244,SE,Sergipe,Northeast,TRUE,TRUE,mapped
201508,2015-08-01,2015,8,29,Bahia,75.8578,117.59038,BA,Bahia,Northeast,TRUE,TRUE,mapped
201508,2015-08-01,2015,8,31,Minas Gerais,54.93213,86.21985,MG,Minas Gerais,Southeast,TRUE,TRUE,mapped
201508,2015-08-01,2015,8,32,Espírito Santo,55.54029,82.59267,ES,Espirito Santo,Southeast,TRUE,TRUE,mapped
201508,2015-08-01,2015,8,33,Rio de Janeiro,73.53101,110.03032,RJ,Rio de Janeiro,Southeast,TRUE,TRUE,mapped
201508,2015-08-01,2015,8,35,São Paulo,57.96792,91.80587,SP,Sao Paulo,Southeast,TRUE,TRUE,mapped
201508,2015-08-01,2015,8,41,Paraná,60.29959,95.83803,PR,Parana,South,TRUE,TRUE,mapped
201508,2015-08-01,2015,8,42,Santa Catarina,41.9641,66.96352,SC,Santa Catarina,South,TRUE,TRUE,mapped
201508,2015-08-01,2015,8,43,Rio Grande do Sul,52.38214,82.1019,RS,Rio Grande do Sul,South,TRUE,TRUE,mapped
201508,2015-08-01,2015,8,50,Mato Grosso do Sul,56.67966,87.54613,MS,Mato Grosso do Sul,Center-West,TRUE,TRUE,mapped
201508,2015-08-01,2015,8,51,Mato Grosso,57.04089,87.42299,MT,Mato Grosso,Center-West,TRUE,TRUE,mapped
201508,2015-08-01,2015,8,52,Goiás,77.85204,119.43191,GO,Goias,Center-West,TRUE,TRUE,mapped
201508,2015-08-01,2015,8,53,Distrito Federal,85.78576,127.82761,DF,Distrito Federal,Center-West,TRUE,TRUE,mapped
201509,2015-09-01,2015,9,11,Rondônia,71.0963,88.67562,RO,Rondonia,North,TRUE,TRUE,mapped
201509,2015-09-01,2015,9,12,Acre,55.74337,75.65089,AC,Acre,North,TRUE,TRUE,mapped
201509,2015-09-01,2015,9,13,Amazonas,56.5465,81.23777,AM,Amazonas,North,TRUE,TRUE,mapped
201509,2015-09-01,2015,9,14,Roraima,51.40352,76.14961,RR,Roraima,North,TRUE,TRUE,mapped
201509,2015-09-01,2015,9,15,Pará,51.94844,75.45628,PA,Para,North,TRUE,TRUE,mapped
201509,2015-09-01,2015,9,16,Amapá,57.99757,83.03179,AP,Amapa,North,TRUE,TRUE,mapped
201509,2015-09-01,2015,9,17,Tocantins,65.86404,98.7593,TO,Tocantins,North,TRUE,TRUE,mapped
201509,2015-09-01,2015,9,21,Maranhão,52.56739,83.01502,MA,Maranhao,Northeast,TRUE,TRUE,mapped
201509,2015-09-01,2015,9,22,Piauí,59.20738,92.03843,PI,Piaui,Northeast,TRUE,TRUE,mapped
201509,2015-09-01,2015,9,23,Ceará,68.17126,106.33224,CE,Ceara,Northeast,TRUE,TRUE,mapped
201509,2015-09-01,2015,9,24,Rio Grande do Norte,59.63844,97.8411,RN,Rio Grande do Norte,Northeast,TRUE,TRUE,mapped
201509,2015-09-01,2015,9,25,Paraíba,56.57777,85.66391,PB,Paraiba,Northeast,TRUE,TRUE,mapped
201509,2015-09-01,2015,9,26,Pernambuco,63.64737,97.5152,PE,Pernambuco,Northeast,TRUE,TRUE,mapped
201509,2015-09-01,2015,9,27,Alagoas,56.14995,86.63251,AL,Alagoas,Northeast,TRUE,TRUE,mapped
201509,2015-09-01,2015,9,28,Sergipe,70.95971,112.68855,SE,Sergipe,Northeast,TRUE,TRUE,mapped
201509,2015-09-01,2015,9,29,Bahia,73.52284,113.54716,BA,Bahia,Northeast,TRUE,TRUE,mapped
201509,2015-09-01,2015,9,31,Minas Gerais,53.82612,84.51172,MG,Minas Gerais,Southeast,TRUE,TRUE,mapped
201509,2015-09-01,2015,9,32,Espírito Santo,52.57184,78.38466,ES,Espirito Santo,Southeast,TRUE,TRUE,mapped
201509,2015-09-01,2015,9,33,Rio de Janeiro,70.6044,105.69516,RJ,Rio de Janeiro,Southeast,TRUE,TRUE,mapped
201509,2015-09-01,2015,9,35,São Paulo,56.6495,89.48927,SP,Sao Paulo,Southeast,TRUE,TRUE,mapped
201509,2015-09-01,2015,9,41,Paraná,58.66987,93.00411,PR,Parana,South,TRUE,TRUE,mapped
201509,2015-09-01,2015,9,42,Santa Catarina,40.8433,65.05999,SC,Santa Catarina,South,TRUE,TRUE,mapped
201509,2015-09-01,2015,9,43,Rio Grande do Sul,50.31291,78.4913,RS,Rio Grande do Sul,South,TRUE,TRUE,mapped
201509,2015-09-01,2015,9,50,Mato Grosso do Sul,54.51159,83.97968,MS,Mato Grosso do Sul,Center-West,TRUE,TRUE,mapped
201509,2015-09-01,2015,9,51,Mato Grosso,55.60398,84.86145,MT,Mato Grosso,Center-West,TRUE,TRUE,mapped
201509,2015-09-01,2015,9,52,Goiás,75.27582,115.01735,GO,Goias,Center-West,TRUE,TRUE,mapped
201509,2015-09-01,2015,9,53,Distrito Federal,81.4353,121.27565,DF,Distrito Federal,Center-West,TRUE,TRUE,mapped
201510,2015-10-01,2015,10,11,Rondônia,76.79893,94.87557,RO,Rondonia,North,TRUE,TRUE,mapped
201510,2015-10-01,2015,10,12,Acre,58.3996,78.78701,AC,Acre,North,TRUE,TRUE,mapped
201510,2015-10-01,2015,10,13,Amazonas,61.32507,87.06459,AM,Amazonas,North,TRUE,TRUE,mapped
201510,2015-10-01,2015,10,14,Roraima,55.32412,80.43464,RR,Roraima,North,TRUE,TRUE,mapped
201510,2015-10-01,2015,10,15,Pará,58.83221,84.42505,PA,Para,North,TRUE,TRUE,mapped
201510,2015-10-01,2015,10,16,Amapá,60.82672,86.46543,AP,Amapa,North,TRUE,TRUE,mapped
201510,2015-10-01,2015,10,17,Tocantins,69.6782,103.13525,TO,Tocantins,North,TRUE,TRUE,mapped
201510,2015-10-01,2015,10,21,Maranhão,57.41299,89.31995,MA,Maranhao,Northeast,TRUE,TRUE,mapped
201510,2015-10-01,2015,10,22,Piauí,63.48099,97.77962,PI,Piaui,Northeast,TRUE,TRUE,mapped
201510,2015-10-01,2015,10,23,Ceará,74.36415,114.67981,CE,Ceara,Northeast,TRUE,TRUE,mapped
201510,2015-10-01,2015,10,24,Rio Grande do Norte,64.28895,103.61237,RN,Rio Grande do Norte,Northeast,TRUE,TRUE,mapped
201510,2015-10-01,2015,10,25,Paraíba,60.56836,91.060059999999993,PB,Paraiba,Northeast,TRUE,TRUE,mapped
201510,2015-10-01,2015,10,26,Pernambuco,69.49659,105.89313,PE,Pernambuco,Northeast,TRUE,TRUE,mapped
201510,2015-10-01,2015,10,27,Alagoas,62.43309,95.8301,AL,Alagoas,Northeast,TRUE,TRUE,mapped
201510,2015-10-01,2015,10,28,Sergipe,77.11294,121.69895,SE,Sergipe,Northeast,TRUE,TRUE,mapped
201510,2015-10-01,2015,10,29,Bahia,78.47751,120.39817,BA,Bahia,Northeast,TRUE,TRUE,mapped
201510,2015-10-01,2015,10,31,Minas Gerais,59.31523,91.91361,MG,Minas Gerais,Southeast,TRUE,TRUE,mapped
201510,2015-10-01,2015,10,32,Espírito Santo,56.78791,83.83033,ES,Espirito Santo,Southeast,TRUE,TRUE,mapped
201510,2015-10-01,2015,10,33,Rio de Janeiro,76.45762,114.05581,RJ,Rio de Janeiro,Southeast,TRUE,TRUE,mapped
201510,2015-10-01,2015,10,35,São Paulo,62.05076,96.78226,SP,Sao Paulo,Southeast,TRUE,TRUE,mapped
201510,2015-10-01,2015,10,41,Paraná,63.68439,99.53072,PR,Parana,South,TRUE,TRUE,mapped
201510,2015-10-01,2015,10,42,Santa Catarina,45.91987,72.06226,SC,Santa Catarina,South,TRUE,TRUE,mapped
201510,2015-10-01,2015,10,43,Rio Grande do Sul,55.67758,86.26194,RS,Rio Grande do Sul,South,TRUE,TRUE,mapped
201510,2015-10-01,2015,10,50,Mato Grosso do Sul,60.08663,91.38174,MS,Mato Grosso do Sul,Center-West,TRUE,TRUE,mapped
201510,2015-10-01,2015,10,51,Mato Grosso,59.13094,88.82771,MT,Mato Grosso,Center-West,TRUE,TRUE,mapped
201510,2015-10-01,2015,10,52,Goiás,82.6903,124.80098,GO,Goias,Center-West,TRUE,TRUE,mapped
201510,2015-10-01,2015,10,53,Distrito Federal,88.30088,130.0116,DF,Distrito Federal,Center-West,TRUE,TRUE,mapped
201511,2015-11-01,2015,11,11,Rondônia,79.09064,95.93609,RO,Rondonia,North,TRUE,TRUE,mapped
201511,2015-11-01,2015,11,12,Acre,58.58666,77.76297,AC,Acre,North,TRUE,TRUE,mapped
201511,2015-11-01,2015,11,13,Amazonas,60.76289,85.29121,AM,Amazonas,North,TRUE,TRUE,mapped
201511,2015-11-01,2015,11,14,Roraima,57.47501,82.13833,RR,Roraima,North,TRUE,TRUE,mapped
201511,2015-11-01,2015,11,15,Pará,58.03178,82.05315,PA,Para,North,TRUE,TRUE,mapped
201511,2015-11-01,2015,11,16,Amapá,59.54476,83.42198,AP,Amapa,North,TRUE,TRUE,mapped
201511,2015-11-01,2015,11,17,Tocantins,76.65532,112.14457,TO,Tocantins,North,TRUE,TRUE,mapped
201511,2015-11-01,2015,11,21,Maranhão,56.89906,87.44348,MA,Maranhao,Northeast,TRUE,TRUE,mapped
201511,2015-11-01,2015,11,22,Piauí,62.85776,95.62667,PI,Piaui,Northeast,TRUE,TRUE,mapped
201511,2015-11-01,2015,11,23,Ceará,74.95866,114.38169,CE,Ceara,Northeast,TRUE,TRUE,mapped
201511,2015-11-01,2015,11,24,Rio Grande do Norte,65.27933,104.15343,RN,Rio Grande do Norte,Northeast,TRUE,TRUE,mapped
201511,2015-11-01,2015,11,25,Paraíba,64.24858,96.37189,PB,Paraiba,Northeast,TRUE,TRUE,mapped
201511,2015-11-01,2015,11,26,Pernambuco,73.01603,110.56919,PE,Pernambuco,Northeast,TRUE,TRUE,mapped
201511,2015-11-01,2015,11,27,Alagoas,64.82245,98.80837,AL,Alagoas,Northeast,TRUE,TRUE,mapped
201511,2015-11-01,2015,11,28,Sergipe,76.43552,119.24157,SE,Sergipe,Northeast,TRUE,TRUE,mapped
201511,2015-11-01,2015,11,29,Bahia,79.21787,120.17355,BA,Bahia,Northeast,TRUE,TRUE,mapped
201511,2015-11-01,2015,11,31,Minas Gerais,58.0044,88.90405,MG,Minas Gerais,Southeast,TRUE,TRUE,mapped
201511,2015-11-01,2015,11,32,Espírito Santo,55.62634,81.76757,ES,Espirito Santo,Southeast,TRUE,TRUE,mapped
201511,2015-11-01,2015,11,33,Rio de Janeiro,76.92796,113.64294,RJ,Rio de Janeiro,Southeast,TRUE,TRUE,mapped
201511,2015-11-01,2015,11,35,São Paulo,62.73124,97.03966,SP,Sao Paulo,Southeast,TRUE,TRUE,mapped
201511,2015-11-01,2015,11,41,Paraná,61.55322,94.54989,PR,Parana,South,TRUE,TRUE,mapped
201511,2015-11-01,2015,11,42,Santa Catarina,45.29354,70.15873,SC,Santa Catarina,South,TRUE,TRUE,mapped
201511,2015-11-01,2015,11,43,Rio Grande do Sul,54.18314,82.80832,RS,Rio Grande do Sul,South,TRUE,TRUE,mapped
201511,2015-11-01,2015,11,50,Mato Grosso do Sul,59.0198,88.28633,MS,Mato Grosso do Sul,Center-West,TRUE,TRUE,mapped
201511,2015-11-01,2015,11,51,Mato Grosso,58.34717,86.26617,MT,Mato Grosso,Center-West,TRUE,TRUE,mapped
201511,2015-11-01,2015,11,52,Goiás,83.13015,123.96579,GO,Goias,Center-West,TRUE,TRUE,mapped
201511,2015-11-01,2015,11,53,Distrito Federal,88.84468,128.85537,DF,Distrito Federal,Center-West,TRUE,TRUE,mapped
201512,2015-12-01,2015,12,11,Rondônia,103.60661,126.3648,RO,Rondonia,North,TRUE,TRUE,mapped
201512,2015-12-01,2015,12,12,Acre,78.67672,104.57999,AC,Acre,North,TRUE,TRUE,mapped
201512,2015-12-01,2015,12,13,Amazonas,76.50408,106.23401,AM,Amazonas,North,TRUE,TRUE,mapped
201512,2015-12-01,2015,12,14,Roraima,68.96457,98.09102,RR,Roraima,North,TRUE,TRUE,mapped
201512,2015-12-01,2015,12,15,Pará,78.28286,109.55244,PA,Para,North,TRUE,TRUE,mapped
201512,2015-12-01,2015,12,16,Amapá,75.32611,104.41404,AP,Amapa,North,TRUE,TRUE,mapped
201512,2015-12-01,2015,12,17,Tocantins,86.42329,125.70145,TO,Tocantins,North,TRUE,TRUE,mapped
201512,2015-12-01,2015,12,21,Maranhão,73.19789,111.31218,MA,Maranhao,Northeast,TRUE,TRUE,mapped
201512,2015-12-01,2015,12,22,Piauí,79.77415,120.02672,PI,Piaui,Northeast,TRUE,TRUE,mapped
201512,2015-12-01,2015,12,23,Ceará,94.72635,142.90258,CE,Ceara,Northeast,TRUE,TRUE,mapped
201512,2015-12-01,2015,12,24,Rio Grande do Norte,81.21163,127.59922,RN,Rio Grande do Norte,Northeast,TRUE,TRUE,mapped
201512,2015-12-01,2015,12,25,Paraíba,77.94962,114.58391,PB,Paraiba,Northeast,TRUE,TRUE,mapped
201512,2015-12-01,2015,12,26,Pernambuco,94.97536,141.06095,PE,Pernambuco,Northeast,TRUE,TRUE,mapped
201512,2015-12-01,2015,12,27,Alagoas,86.54792,129.46699,AL,Alagoas,Northeast,TRUE,TRUE,mapped
201512,2015-12-01,2015,12,28,Sergipe,95.91133,147.67699,SE,Sergipe,Northeast,TRUE,TRUE,mapped
201512,2015-12-01,2015,12,29,Bahia,98.29622,148.02686,BA,Bahia,Northeast,TRUE,TRUE,mapped
201512,2015-12-01,2015,12,31,Minas Gerais,73.89826,111.76044,MG,Minas Gerais,Southeast,TRUE,TRUE,mapped
201512,2015-12-01,2015,12,32,Espírito Santo,74.168450000000007,107.09819,ES,Espirito Santo,Southeast,TRUE,TRUE,mapped
201512,2015-12-01,2015,12,33,Rio de Janeiro,101.75186,148.84026,RJ,Rio de Janeiro,Southeast,TRUE,TRUE,mapped
201512,2015-12-01,2015,12,35,São Paulo,79.3178,121.14943,SP,Sao Paulo,Southeast,TRUE,TRUE,mapped
201512,2015-12-01,2015,12,41,Paraná,81.40236,123.06085,PR,Parana,South,TRUE,TRUE,mapped
201512,2015-12-01,2015,12,42,Santa Catarina,60.88586,92.86514,SC,Santa Catarina,South,TRUE,TRUE,mapped
201512,2015-12-01,2015,12,43,Rio Grande do Sul,71.04352,108.31799,RS,Rio Grande do Sul,South,TRUE,TRUE,mapped
201512,2015-12-01,2015,12,50,Mato Grosso do Sul,76.19233,113.04957,MS,Mato Grosso do Sul,Center-West,TRUE,TRUE,mapped
201512,2015-12-01,2015,12,51,Mato Grosso,72.01957,105.76695,MT,Mato Grosso,Center-West,TRUE,TRUE,mapped
201512,2015-12-01,2015,12,52,Goiás,101.47784,148.6635,GO,Goias,Center-West,TRUE,TRUE,mapped
201512,2015-12-01,2015,12,53,Distrito Federal,105.83869,151.8515,DF,Distrito Federal,Center-West,TRUE,TRUE,mapped
201601,2016-01-01,2016,1,11,Rondônia,71.36278,86.22827,RO,Rondonia,North,TRUE,TRUE,mapped
201601,2016-01-01,2016,1,12,Acre,59.07301,76.54692,AC,Acre,North,TRUE,TRUE,mapped
201601,2016-01-01,2016,1,13,Amazonas,55.75007,75.74873,AM,Amazonas,North,TRUE,TRUE,mapped
201601,2016-01-01,2016,1,14,Roraima,54.7796,75.68497,RR,Roraima,North,TRUE,TRUE,mapped
201601,2016-01-01,2016,1,15,Pará,55.23024,74.93743,PA,Para,North,TRUE,TRUE,mapped
201601,2016-01-01,2016,1,16,Amapá,57.953360000000004,79.44207,AP,Amapa,North,TRUE,TRUE,mapped
201601,2016-01-01,2016,1,17,Tocantins,65.0733,93.43951,TO,Tocantins,North,TRUE,TRUE,mapped
201601,2016-01-01,2016,1,21,Maranhão,55.72437,81.88913,MA,Maranhao,Northeast,TRUE,TRUE,mapped
201601,2016-01-01,2016,1,22,Piauí,63.57002,93.38402,PI,Piaui,Northeast,TRUE,TRUE,mapped
201601,2016-01-01,2016,1,23,Ceará,74.11643,108.41913,CE,Ceara,Northeast,TRUE,TRUE,mapped
201601,2016-01-01,2016,1,24,Rio Grande do Norte,63.55692,96.84916,RN,Rio Grande do Norte,Northeast,TRUE,TRUE,mapped
201601,2016-01-01,2016,1,25,Paraíba,62.56366,90.30122,PB,Paraiba,Northeast,TRUE,TRUE,mapped
201601,2016-01-01,2016,1,26,Pernambuco,71.18195,103.06802,PE,Pernambuco,Northeast,TRUE,TRUE,mapped
201601,2016-01-01,2016,1,27,Alagoas,64.60121,94.34097,AL,Alagoas,Northeast,TRUE,TRUE,mapped
201601,2016-01-01,2016,1,28,Sergipe,80.61294,121.23088,SE,Sergipe,Northeast,TRUE,TRUE,mapped
201601,2016-01-01,2016,1,29,Bahia,74.71879,109.95318,BA,Bahia,Northeast,TRUE,TRUE,mapped
201601,2016-01-01,2016,1,31,Minas Gerais,57.47187,85.40645,MG,Minas Gerais,Southeast,TRUE,TRUE,mapped
201601,2016-01-01,2016,1,32,Espírito Santo,58.50875,82.26263,ES,Espirito Santo,Southeast,TRUE,TRUE,mapped
201601,2016-01-01,2016,1,33,Rio de Janeiro,72.27675,101.97932,RJ,Rio de Janeiro,Southeast,TRUE,TRUE,mapped
201601,2016-01-01,2016,1,35,São Paulo,59.62657,88.80287,SP,Sao Paulo,Southeast,TRUE,TRUE,mapped
201601,2016-01-01,2016,1,41,Paraná,64.22763,95.15102,PR,Parana,South,TRUE,TRUE,mapped
201601,2016-01-01,2016,1,42,Santa Catarina,48.2274,71.9263,SC,Santa Catarina,South,TRUE,TRUE,mapped
201601,2016-01-01,2016,1,43,Rio Grande do Sul,53.34012,78.88376,RS,Rio Grande do Sul,South,TRUE,TRUE,mapped
201601,2016-01-01,2016,1,50,Mato Grosso do Sul,56.95497,83.1049,MS,Mato Grosso do Sul,Center-West,TRUE,TRUE,mapped
201601,2016-01-01,2016,1,51,Mato Grosso,55.16856,79.15995,MT,Mato Grosso,Center-West,TRUE,TRUE,mapped
201601,2016-01-01,2016,1,52,Goiás,79.98842,114.77872,GO,Goias,Center-West,TRUE,TRUE,mapped
201601,2016-01-01,2016,1,53,Distrito Federal,83.47458,116.52226,DF,Distrito Federal,Center-West,TRUE,TRUE,mapped
201602,2016-02-01,2016,2,11,Rondônia,69.01778,82.23093,RO,Rondonia,North,TRUE,TRUE,mapped
201602,2016-02-01,2016,2,12,Acre,55.21961,70.46669,AC,Acre,North,TRUE,TRUE,mapped
201602,2016-02-01,2016,2,13,Amazonas,51.76792,69.24633,AM,Amazonas,North,TRUE,TRUE,mapped
201602,2016-02-01,2016,2,14,Roraima,51.81191,70.67716,RR,Roraima,North,TRUE,TRUE,mapped
201602,2016-02-01,2016,2,15,Pará,51.70831,69.23002,PA,Para,North,TRUE,TRUE,mapped
201602,2016-02-01,2016,2,16,Amapá,54.24011,73.12104,AP,Amapa,North,TRUE,TRUE,mapped
201602,2016-02-01,2016,2,17,Tocantins,63.91044,90.00739,TO,Tocantins,North,TRUE,TRUE,mapped
201602,2016-02-01,2016,2,21,Maranhão,52.86107,76.40984,MA,Maranhao,Northeast,TRUE,TRUE,mapped
201602,2016-02-01,2016,2,22,Piauí,58.18349,83.69576,PI,Piaui,Northeast,TRUE,TRUE,mapped
201602,2016-02-01,2016,2,23,Ceará,68.71624,98.58091,CE,Ceara,Northeast,TRUE,TRUE,mapped
201602,2016-02-01,2016,2,24,Rio Grande do Norte,58.99254,88.46278,RN,Rio Grande do Norte,Northeast,TRUE,TRUE,mapped
201602,2016-02-01,2016,2,25,Paraíba,57.19853,81.27953,PB,Paraiba,Northeast,TRUE,TRUE,mapped
201602,2016-02-01,2016,2,26,Pernambuco,63.84565,90.79338,PE,Pernambuco,Northeast,TRUE,TRUE,mapped
201602,2016-02-01,2016,2,27,Alagoas,59.51276,85.14338,AL,Alagoas,Northeast,TRUE,TRUE,mapped
201602,2016-02-01,2016,2,28,Sergipe,73.66939,108.59291,SE,Sergipe,Northeast,TRUE,TRUE,mapped
201602,2016-02-01,2016,2,29,Bahia,70.96007,101.64211,BA,Bahia,Northeast,TRUE,TRUE,mapped
201602,2016-02-01,2016,2,31,Minas Gerais,55.13695,80.7701,MG,Minas Gerais,Southeast,TRUE,TRUE,mapped
201602,2016-02-01,2016,2,32,Espírito Santo,54.98102,76.40441,ES,Espirito Santo,Southeast,TRUE,TRUE,mapped
201602,2016-02-01,2016,2,33,Rio de Janeiro,70.18631,98.05703,RJ,Rio de Janeiro,Southeast,TRUE,TRUE,mapped
201602,2016-02-01,2016,2,35,São Paulo,57.88286,85.45668,SP,Sao Paulo,Southeast,TRUE,TRUE,mapped
201602,2016-02-01,2016,2,41,Paraná,60.13244,88.19504,PR,Parana,South,TRUE,TRUE,mapped
201602,2016-02-01,2016,2,42,Santa Catarina,44.66721,66.07974,SC,Santa Catarina,South,TRUE,TRUE,mapped
201602,2016-02-01,2016,2,43,Rio Grande do Sul,51.76904,75.27316,RS,Rio Grande do Sul,South,TRUE,TRUE,mapped
201602,2016-02-01,2016,2,50,Mato Grosso do Sul,53.82331,77.31783,MS,Mato Grosso do Sul,Center-West,TRUE,TRUE,mapped
201602,2016-02-01,2016,2,51,Mato Grosso,54.03645,75.52421,MT,Mato Grosso,Center-West,TRUE,TRUE,mapped
201602,2016-02-01,2016,2,52,Goiás,73.39079,104.1599,GO,Goias,Center-West,TRUE,TRUE,mapped
201602,2016-02-01,2016,2,53,Distrito Federal,79.46399,110.09876,DF,Distrito Federal,Center-West,TRUE,TRUE,mapped
201603,2016-03-01,2016,3,11,Rondônia,71.0963,83.94408,RO,Rondonia,North,TRUE,TRUE,mapped
201603,2016-03-01,2016,3,12,Acre,58.99819,74.43484,AC,Acre,North,TRUE,TRUE,mapped
201603,2016-03-01,2016,3,13,Amazonas,55.32843,72.96199,AM,Amazonas,North,TRUE,TRUE,mapped
201603,2016-03-01,2016,3,14,Roraima,56.68545,76.56263,RR,Roraima,North,TRUE,TRUE,mapped
201603,2016-03-01,2016,3,15,Pará,56.0707,74.04796,PA,Para,North,TRUE,TRUE,mapped
201603,2016-03-01,2016,3,16,Amapá,55.0358,72.88693,AP,Amapa,North,TRUE,TRUE,mapped
201603,2016-03-01,2016,3,17,Tocantins,69.95728,97.38645,TO,Tocantins,North,TRUE,TRUE,mapped
201603,2016-03-01,2016,3,21,Maranhão,57.59654,82.71478,MA,Maranhao,Northeast,TRUE,TRUE,mapped
201603,2016-03-01,2016,3,22,Piauí,62.85776,89.52666,PI,Piaui,Northeast,TRUE,TRUE,mapped
201603,2016-03-01,2016,3,23,Ceará,75.00821,107.22662,CE,Ceara,Northeast,TRUE,TRUE,mapped
201603,2016-03-01,2016,3,24,Rio Grande do Norte,64.11671,95.40634,RN,Rio Grande do Norte,Northeast,TRUE,TRUE,mapped
201603,2016-03-01,2016,3,25,Paraíba,61.98724,88.02472,PB,Paraiba,Northeast,TRUE,TRUE,mapped
201603,2016-03-01,2016,3,26,Pernambuco,68.25735,97.12553,PE,Pernambuco,Northeast,TRUE,TRUE,mapped
201603,2016-03-01,2016,3,27,Alagoas,63.89325,91.2751,AL,Alagoas,Northeast,TRUE,TRUE,mapped
201603,2016-03-01,2016,3,28,Sergipe,79.1452,116.43313,SE,Sergipe,Northeast,TRUE,TRUE,mapped
201603,2016-03-01,2016,3,29,Bahia,76.25645,109.50393,BA,Bahia,Northeast,TRUE,TRUE,mapped
201603,2016-03-01,2016,3,31,Minas Gerais,60.09354,86.78922,MG,Minas Gerais,Southeast,TRUE,TRUE,mapped
201603,2016-03-01,2016,3,32,Espírito Santo,56.95999,78.38466,ES,Espirito Santo,Southeast,TRUE,TRUE,mapped
201603,2016-03-01,2016,3,33,Rio de Janeiro,76.09179,105.59194,RJ,Rio de Janeiro,Southeast,TRUE,TRUE,mapped
201603,2016-03-01,2016,3,35,São Paulo,63.19906,92.06327,SP,Sao Paulo,Southeast,TRUE,TRUE,mapped
201603,2016-03-01,2016,3,41,Paraná,64.89623,93.69113,PR,Parana,South,TRUE,TRUE,mapped
201603,2016-03-01,2016,3,42,Santa Catarina,46.74399,68.11923,SC,Santa Catarina,South,TRUE,TRUE,mapped
201603,2016-03-01,2016,3,43,Rio Grande do Sul,57.40194,82.57285,RS,Rio Grande do Sul,South,TRUE,TRUE,mapped
201603,2016-03-01,2016,3,50,Mato Grosso do Sul,58.5036,83.17219,MS,Mato Grosso do Sul,Center-West,TRUE,TRUE,mapped
201603,2016-03-01,2016,3,51,Mato Grosso,57.5634,79.5731,MT,Mato Grosso,Center-West,TRUE,TRUE,mapped
201603,2016-03-01,2016,3,52,Goiás,81.18227,113.82422,GO,Goias,Center-West,TRUE,TRUE,mapped
201603,2016-03-01,2016,3,53,Distrito Federal,87.961,121.01871,DF,Distrito Federal,Center-West,TRUE,TRUE,mapped
201604,2016-04-01,2016,4,11,Rondônia,67.68539,79.21254,RO,Rondonia,North,TRUE,TRUE,mapped
201604,2016-04-01,2016,4,12,Acre,58.77372,73.4108,AC,Acre,North,TRUE,TRUE,mapped
201604,2016-04-01,2016,4,13,Amazonas,53.12653,69.33078,AM,Amazonas,North,TRUE,TRUE,mapped
201604,2016-04-01,2016,4,14,Roraima,55.84143,74.80731,RR,Roraima,North,TRUE,TRUE,mapped
201604,2016-04-01,2016,4,15,Pará,55.19022,71.89842,PA,Para,North,TRUE,TRUE,mapped
201604,2016-04-01,2016,4,16,Amapá,53.09076,69.53132,AP,Amapa,North,TRUE,TRUE,mapped
201604,2016-04-01,2016,4,17,Tocantins,67.77112,93.0963,TO,Tocantins,North,TRUE,TRUE,mapped
201604,2016-04-01,2016,4,21,Maranhão,56.78894,81.06349,MA,Maranhao,Northeast,TRUE,TRUE,mapped
201604,2016-04-01,2016,4,22,Piauí,62.10097,87.73254,PI,Piaui,Northeast,TRUE,TRUE,mapped
201604,2016-04-01,2016,4,23,Ceará,73.47237,103.84784,CE,Ceara,Northeast,TRUE,TRUE,mapped
201604,2016-04-01,2016,4,24,Rio Grande do Norte,62.65266,91.97965,RN,Rio Grande do Norte,Northeast,TRUE,TRUE,mapped
201604,2016-04-01,2016,4,25,Paraíba,60.6127,85.24233,PB,Paraiba,Northeast,TRUE,TRUE,mapped
201604,2016-04-01,2016,4,26,Pernambuco,65.08489,91.37788,PE,Pernambuco,Northeast,TRUE,TRUE,mapped
201604,2016-04-01,2016,4,27,Alagoas,61.68088,87.15809,AL,Alagoas,Northeast,TRUE,TRUE,mapped
201604,2016-04-01,2016,4,28,Sergipe,76.94358,111.63538,SE,Sergipe,Northeast,TRUE,TRUE,mapped
201604,2016-04-01,2016,4,29,Bahia,71.81433,101.64211,BA,Bahia,Northeast,TRUE,TRUE,mapped
201604,2016-04-01,2016,4,31,Minas Gerais,57.79958,82.39689,MG,Minas Gerais,Southeast,TRUE,TRUE,mapped
201604,2016-04-01,2016,4,32,Espírito Santo,55.49727,75.16676,ES,Espirito Santo,Southeast,TRUE,TRUE,mapped
201604,2016-04-01,2016,4,33,Rio de Janeiro,70.70892,96.19911,RJ,Rio de Janeiro,Southeast,TRUE,TRUE,mapped
201604,2016-04-01,2016,4,35,São Paulo,60.98752,87.85907,SP,Sao Paulo,Southeast,TRUE,TRUE,mapped
201604,2016-04-01,2016,4,41,Paraná,63.39188,91.11483,PR,Parana,South,TRUE,TRUE,mapped
201604,2016-04-01,2016,4,42,Santa Catarina,44.33756,64.24419,SC,Santa Catarina,South,TRUE,TRUE,mapped
201604,2016-04-01,2016,4,43,Rio Grande do Sul,55.60094,78.72677,RS,Rio Grande do Sul,South,TRUE,TRUE,mapped
201604,2016-04-01,2016,4,50,Mato Grosso do Sul,56.81732,80.41324,MS,Mato Grosso do Sul,Center-West,TRUE,TRUE,mapped
201604,2016-04-01,2016,4,51,Mato Grosso,57.21506,78.49891,MT,Mato Grosso,Center-West,TRUE,TRUE,mapped
201604,2016-04-01,2016,4,52,Goiás,78.22905,108.81309,GO,Goias,Center-West,TRUE,TRUE,mapped
201604,2016-04-01,2016,4,53,Distrito Federal,81.50327,111.51193,DF,Distrito Federal,Center-West,TRUE,TRUE,mapped
201605,2016-05-01,2016,5,11,Rondônia,72.26881,84.35197,RO,Rondonia,North,TRUE,TRUE,mapped
201605,2016-05-01,2016,5,12,Acre,60.56948,75.39488,AC,Acre,North,TRUE,TRUE,mapped
201605,2016-05-01,2016,5,13,Amazonas,55.18788,71.94863,AM,Amazonas,North,TRUE,TRUE,mapped
201605,2016-05-01,2016,5,14,Roraima,55.70529,73.98128,RR,Roraima,North,TRUE,TRUE,mapped
201605,2016-05-01,2016,5,15,Pará,54.87004,70.78659,PA,Para,North,TRUE,TRUE,mapped
201605,2016-05-01,2016,5,16,Amapá,56.36197,73.43319,AP,Amapa,North,TRUE,TRUE,mapped
201605,2016-05-01,2016,5,17,Tocantins,68.46883,94.29754,TO,Tocantins,North,TRUE,TRUE,mapped
201605,2016-05-01,2016,5,21,Maranhão,58.03705,82.18937,MA,Maranhao,Northeast,TRUE,TRUE,mapped
201605,2016-05-01,2016,5,22,Piauí,63.03582,88.27077,PI,Piaui,Northeast,TRUE,TRUE,mapped
201605,2016-05-01,2016,5,23,Ceará,73.91826,103.94721,CE,Ceara,Northeast,TRUE,TRUE,mapped
201605,2016-05-01,2016,5,24,Rio Grande do Norte,63.68611,93.42247,RN,Rio Grande do Norte,Northeast,TRUE,TRUE,mapped
201605,2016-05-01,2016,5,25,Paraíba,62.56366,87.68746,PB,Paraiba,Northeast,TRUE,TRUE,mapped
201605,2016-05-01,2016,5,26,Pernambuco,66.32413,92.74173,PE,Pernambuco,Northeast,TRUE,TRUE,mapped
201605,2016-05-01,2016,5,27,Alagoas,62.07911,87.42088,AL,Alagoas,Northeast,TRUE,TRUE,mapped
201605,2016-05-01,2016,5,28,Sergipe,76.60487,110.58222,SE,Sergipe,Northeast,TRUE,TRUE,mapped
201605,2016-05-01,2016,5,29,Bahia,73.01028,102.54061,BA,Bahia,Northeast,TRUE,TRUE,mapped
201605,2016-05-01,2016,5,31,Minas Gerais,58.78271,83.53564,MG,Minas Gerais,Southeast,TRUE,TRUE,mapped
201605,2016-05-01,2016,5,32,Espírito Santo,53.81945,72.60894,ES,Espirito Santo,Southeast,TRUE,TRUE,mapped
201605,2016-05-01,2016,5,33,Rio de Janeiro,73.32196,99.29565,RJ,Rio de Janeiro,Southeast,TRUE,TRUE,mapped
201605,2016-05-01,2016,5,35,São Paulo,62.22088,89.14607,SP,Sao Paulo,Southeast,TRUE,TRUE,mapped
201605,2016-05-01,2016,5,41,Paraná,64.01869,92.23123,PR,Parana,South,TRUE,TRUE,mapped
201605,2016-05-01,2016,5,42,Santa Catarina,45.39243,65.94377,SC,Santa Catarina,South,TRUE,TRUE,mapped
201605,2016-05-01,2016,5,43,Rio Grande do Sul,56.63556,79.66867,RS,Rio Grande do Sul,South,TRUE,TRUE,mapped
201605,2016-05-01,2016,5,50,Mato Grosso do Sul,59.15746,83.71052,MS,Mato Grosso do Sul,Center-West,TRUE,TRUE,mapped
201605,2016-05-01,2016,5,51,Mato Grosso,56.64901,78.25102,MT,Mato Grosso,Center-West,TRUE,TRUE,mapped
201605,2016-05-01,2016,5,52,Goiás,78.10338,108.45516,GO,Goias,Center-West,TRUE,TRUE,mapped
201605,2016-05-01,2016,5,53,Distrito Federal,82.25101,113.31051,DF,Distrito Federal,Center-West,TRUE,TRUE,mapped
201606,2016-06-01,2016,6,11,Rondônia,70.45676,81.65989,RO,Rondonia,North,TRUE,TRUE,mapped
201606,2016-06-01,2016,6,12,Acre,57.72619,71.49073,AC,Acre,North,TRUE,TRUE,mapped
201606,2016-06-01,2016,6,13,Amazonas,54.20406,70.00635,AM,Amazonas,North,TRUE,TRUE,mapped
201606,2016-06-01,2016,6,14,Roraima,56.90326,74.70406,RR,Roraima,North,TRUE,TRUE,mapped
201606,2016-06-01,2016,6,15,Pará,52.74888,67.74758,PA,Para,North,TRUE,TRUE,mapped
201606,2016-06-01,2016,6,16,Amapá,55.08001,71.48225,AP,Amapa,North,TRUE,TRUE,mapped
201606,2016-06-01,2016,6,17,Tocantins,66.74781,90.95122,TO,Tocantins,North,TRUE,TRUE,mapped
201606,2016-06-01,2016,6,21,Maranhão,56.71552,80.01266,MA,Maranhao,Northeast,TRUE,TRUE,mapped
201606,2016-06-01,2016,6,22,Piauí,60.80998,84.68253,PI,Piaui,Northeast,TRUE,TRUE,mapped
201606,2016-06-01,2016,6,23,Ceará,72.33288,100.96594,CE,Ceara,Northeast,TRUE,TRUE,mapped
201606,2016-06-01,2016,6,24,Rio Grande do Norte,61.61921,89.72525,RN,Rio Grande do Norte,Northeast,TRUE,TRUE,mapped
201606,2016-06-01,2016,6,25,Paraíba,62.51932,86.92863,PB,Paraiba,Northeast,TRUE,TRUE,mapped
201606,2016-06-01,2016,6,26,Pernambuco,67.46423,93.52107,PE,Pernambuco,Northeast,TRUE,TRUE,mapped
201606,2016-06-01,2016,6,27,Alagoas,60.70744,84.6178,AL,Alagoas,Northeast,TRUE,TRUE,mapped
201606,2016-06-01,2016,6,28,Sergipe,74.68552,107.53975,SE,Sergipe,Northeast,TRUE,TRUE,mapped
201606,2016-06-01,2016,6,29,Bahia,72.66858,102.98985,BA,Bahia,Northeast,TRUE,TRUE,mapped
201606,2016-06-01,2016,6,31,Minas Gerais,58.49596,82.72225,MG,Minas Gerais,Southeast,TRUE,TRUE,mapped
201606,2016-06-01,2016,6,32,Espírito Santo,53.81945,71.94886,ES,Espirito Santo,Southeast,TRUE,TRUE,mapped
201606,2016-06-01,2016,6,33,Rio de Janeiro,74.62849,100.12139,RJ,Rio de Janeiro,Southeast,TRUE,TRUE,mapped
201606,2016-06-01,2016,6,35,São Paulo,61.45535,87.34427,SP,Sao Paulo,Southeast,TRUE,TRUE,mapped
201606,2016-06-01,2016,6,41,Paraná,62.93221,90.25607,PR,Parana,South,TRUE,TRUE,mapped
201606,2016-06-01,2016,6,42,Santa Catarina,44.56831,64.72007,SC,Santa Catarina,South,TRUE,TRUE,mapped
201606,2016-06-01,2016,6,43,Rio Grande do Sul,55.94581,78.72677,RS,Rio Grande do Sul,South,TRUE,TRUE,mapped
201606,2016-06-01,2016,6,50,Mato Grosso do Sul,56.61083,79.33658,MS,Mato Grosso do Sul,Center-West,TRUE,TRUE,mapped
201606,2016-06-01,2016,6,51,Mato Grosso,57.69403,78.99469,MT,Mato Grosso,Center-West,TRUE,TRUE,mapped
201606,2016-06-01,2016,6,52,Goiás,76.40685,104.99509,GO,Goias,Center-West,TRUE,TRUE,mapped
201606,2016-06-01,2016,6,53,Distrito Federal,80.61958,111.6404,DF,Distrito Federal,Center-West,TRUE,TRUE,mapped
201607,2016-07-01,2016,7,11,Rondônia,74.61381,86.14669,RO,Rondonia,North,TRUE,TRUE,mapped
201607,2016-07-01,2016,7,12,Acre,61.87888,76.0989,AC,Acre,North,TRUE,TRUE,mapped
201607,2016-07-01,2016,7,13,Amazonas,60.107,76.93099,AM,Amazonas,North,TRUE,TRUE,mapped
201607,2016-07-01,2016,7,14,Roraima,62.18519,80.89928,RR,Roraima,North,TRUE,TRUE,mapped
201607,2016-07-01,2016,7,15,Pará,54.99011,70.04537,PA,Para,North,TRUE,TRUE,mapped
201607,2016-07-01,2016,7,16,Amapá,56.27356,72.49674,AP,Amapa,North,TRUE,TRUE,mapped
201607,2016-07-01,2016,7,17,Tocantins,71.91088,96.95743,TO,Tocantins,North,TRUE,TRUE,mapped
201607,2016-07-01,2016,7,21,Maranhão,58.40414,81.88913,MA,Maranhao,Northeast,TRUE,TRUE,mapped
201607,2016-07-01,2016,7,22,Piauí,63.70358,88.09136,PI,Piaui,Northeast,TRUE,TRUE,mapped
201607,2016-07-01,2016,7,23,Ceará,76.89084,106.53099,CE,Ceara,Northeast,TRUE,TRUE,mapped
201607,2016-07-01,2016,7,24,Rio Grande do Norte,65.49464,94.4144,RN,Rio Grande do Norte,Northeast,TRUE,TRUE,mapped
201607,2016-07-01,2016,7,25,Paraíba,64.02688,88.36198,PB,Paraiba,Northeast,TRUE,TRUE,mapped
201607,2016-07-01,2016,7,26,Pernambuco,68.35648,94.10558,PE,Pernambuco,Northeast,TRUE,TRUE,mapped
201607,2016-07-01,2016,7,27,Alagoas,62.74282,86.63251,AL,Alagoas,Northeast,TRUE,TRUE,mapped
201607,2016-07-01,2016,7,28,Sergipe,74.62907,106.6036,SE,Sergipe,Northeast,TRUE,TRUE,mapped
201607,2016-07-01,2016,7,29,Bahia,73.46589,101.97905,BA,Bahia,Northeast,TRUE,TRUE,mapped
201607,2016-07-01,2016,7,31,Minas Gerais,61.32245,85.48779,MG,Minas Gerais,Southeast,TRUE,TRUE,mapped
201607,2016-07-01,2016,7,32,Espírito Santo,55.49727,73.18652,ES,Espirito Santo,Southeast,TRUE,TRUE,mapped
201607,2016-07-01,2016,7,33,Rio de Janeiro,72.90388,97.33451,RJ,Rio de Janeiro,Southeast,TRUE,TRUE,mapped
201607,2016-07-01,2016,7,35,São Paulo,63.15653,88.71707,SP,Sao Paulo,Southeast,TRUE,TRUE,mapped
201607,2016-07-01,2016,7,41,Paraná,65.10517,92.14535,PR,Parana,South,TRUE,TRUE,mapped
201607,2016-07-01,2016,7,42,Santa Catarina,45.95283,65.87579,SC,Santa Catarina,South,TRUE,TRUE,mapped
201607,2016-07-01,2016,7,43,Rio Grande do Sul,57.1337,79.59018,RS,Rio Grande do Sul,South,TRUE,TRUE,mapped
201607,2016-07-01,2016,7,50,Mato Grosso do Sul,59.0198,82.16282,MS,Mato Grosso do Sul,Center-West,TRUE,TRUE,mapped
201607,2016-07-01,2016,7,51,Mato Grosso,60.78556,82.87832,MT,Mato Grosso,Center-West,TRUE,TRUE,mapped
201607,2016-07-01,2016,7,52,Goiás,80.42826,109.88691,GO,Goias,Center-West,TRUE,TRUE,mapped
201607,2016-07-01,2016,7,53,Distrito Federal,83.47458,115.10909,DF,Distrito Federal,Center-West,TRUE,TRUE,mapped
201608,2016-08-01,2016,8,11,Rondônia,71.52267,82.14936,RO,Rondonia,North,TRUE,TRUE,mapped
201608,2016-08-01,2016,8,12,Acre,58.43701,71.68274,AC,Acre,North,TRUE,TRUE,mapped
201608,2016-08-01,2016,8,13,Amazonas,61.32507,78.53547,AM,Amazonas,North,TRUE,TRUE,mapped
201608,2016-08-01,2016,8,14,Roraima,65.56126,84.30665,RR,Roraima,North,TRUE,TRUE,mapped
201608,2016-08-01,2016,8,15,Pará,53.82947,68.26644,PA,Para,North,TRUE,TRUE,mapped
201608,2016-08-01,2016,8,16,Amapá,54.94739,70.54581,AP,Amapa,North,TRUE,TRUE,mapped
201608,2016-08-01,2016,8,17,Tocantins,71.91088,96.70002,TO,Tocantins,North,TRUE,TRUE,mapped
201608,2016-08-01,2016,8,21,Maranhão,59.0649,82.03925,MA,Maranhao,Northeast,TRUE,TRUE,mapped
201608,2016-08-01,2016,8,22,Piauí,62.67969,86.11783,PI,Piaui,Northeast,TRUE,TRUE,mapped
201608,2016-08-01,2016,8,23,Ceará,75.25592,103.64909,CE,Ceara,Northeast,TRUE,TRUE,mapped
201608,2016-08-01,2016,8,24,Rio Grande do Norte,64.15977,92.25018,RN,Rio Grande do Norte,Northeast,TRUE,TRUE,mapped
201608,2016-08-01,2016,8,25,Paraíba,64.55896,89.45808,PB,Paraiba,Northeast,TRUE,TRUE,mapped
201608,2016-08-01,2016,8,26,Pernambuco,67.61294,93.42366,PE,Pernambuco,Northeast,TRUE,TRUE,mapped
201608,2016-08-01,2016,8,27,Alagoas,62.74282,87.24569,AL,Alagoas,Northeast,TRUE,TRUE,mapped
201608,2016-08-01,2016,8,28,Sergipe,75.70165,108.70993,SE,Sergipe,Northeast,TRUE,TRUE,mapped
201608,2016-08-01,2016,8,29,Bahia,74.26319,103.21448,BA,Bahia,Northeast,TRUE,TRUE,mapped
201608,2016-08-01,2016,8,31,Minas Gerais,61.4863,85.56913,MG,Minas Gerais,Southeast,TRUE,TRUE,mapped
201608,2016-08-01,2016,8,32,Espírito Santo,55.02404,72.36141,ES,Espirito Santo,Southeast,TRUE,TRUE,mapped
201608,2016-08-01,2016,8,33,Rio de Janeiro,76.50988,101.46323,RJ,Rio de Janeiro,Southeast,TRUE,TRUE,mapped
201608,2016-08-01,2016,8,35,São Paulo,63.9646,89.14607,SP,Sao Paulo,Southeast,TRUE,TRUE,mapped
201608,2016-08-01,2016,8,41,Paraná,64.22763,90.68545,PR,Parana,South,TRUE,TRUE,mapped
201608,2016-08-01,2016,8,42,Santa Catarina,45.09575,64.24419,SC,Santa Catarina,South,TRUE,TRUE,mapped
201608,2016-08-01,2016,8,43,Rio Grande do Sul,56.17573,78.02035,RS,Rio Grande do Sul,South,TRUE,TRUE,mapped
201608,2016-08-01,2016,8,50,Mato Grosso do Sul,57.7809,80.00949,MS,Mato Grosso do Sul,Center-West,TRUE,TRUE,mapped
201608,2016-08-01,2016,8,51,Mato Grosso,59.21802,80.15152,MT,Mato Grosso,Center-West,TRUE,TRUE,mapped
201608,2016-08-01,2016,8,52,Goiás,79.0459,107.26203,GO,Goias,Center-West,TRUE,TRUE,mapped
201608,2016-08-01,2016,8,53,Distrito Federal,82.31898,113.56745,DF,Distrito Federal,Center-West,TRUE,TRUE,mapped
201609,2016-09-01,2016,9,11,Rondônia,65.60686,75.13362,RO,Rondonia,North,TRUE,TRUE,mapped
201609,2016-09-01,2016,9,12,Acre,55.40667,67.58658,AC,Acre,North,TRUE,TRUE,mapped
201609,2016-09-01,2016,9,13,Amazonas,56.21855,71.61084,AM,Amazonas,North,TRUE,TRUE,mapped
201609,2016-09-01,2016,9,14,Roraima,64.58111,83.06761,RR,Roraima,North,TRUE,TRUE,mapped
201609,2016-09-01,2016,9,15,Pará,50.42761,63.59675,PA,Para,North,TRUE,TRUE,mapped
201609,2016-09-01,2016,9,16,Amapá,54.41693,69.68739,AP,Amapa,North,TRUE,TRUE,mapped
201609,2016-09-01,2016,9,17,Tocantins,66.37569,88.97775,TO,Tocantins,North,TRUE,TRUE,mapped
201609,2016-09-01,2016,9,21,Maranhão,55.24716,76.78514,MA,Maranhao,Northeast,TRUE,TRUE,mapped
201609,2016-09-01,2016,9,22,Piauí,61.07708,83.69576,PI,Piaui,Northeast,TRUE,TRUE,mapped
201609,2016-09-01,2016,9,23,Ceará,72.28334,98.87904,CE,Ceara,Northeast,TRUE,TRUE,mapped
201609,2016-09-01,2016,9,24,Rio Grande do Norte,62.86796,89.45472,RN,Rio Grande do Norte,Northeast,TRUE,TRUE,mapped
201609,2016-09-01,2016,9,25,Paraíba,61.58818,84.98939,PB,Paraiba,Northeast,TRUE,TRUE,mapped
201609,2016-09-01,2016,9,26,Pernambuco,64.78747,89.42953,PE,Pernambuco,Northeast,TRUE,TRUE,mapped
201609,2016-09-01,2016,9,27,Alagoas,61.19416,84.7054,AL,Alagoas,Northeast,TRUE,TRUE,mapped
201609,2016-09-01,2016,9,28,Sergipe,73.83874,105.78447,SE,Sergipe,Northeast,TRUE,TRUE,mapped
201609,2016-09-01,2016,9,29,Bahia,71.47263,99.95744,BA,Bahia,Northeast,TRUE,TRUE,mapped
201609,2016-09-01,2016,9,31,Minas Gerais,60.38028,84.34904,MG,Minas Gerais,Southeast,TRUE,TRUE,mapped
201609,2016-09-01,2016,9,32,Espírito Santo,52.22767,68.48344,ES,Espirito Santo,Southeast,TRUE,TRUE,mapped
201609,2016-09-01,2016,9,33,Rio de Janeiro,73.74005,98.16025,RJ,Rio de Janeiro,Southeast,TRUE,TRUE,mapped
201609,2016-09-01,2016,9,35,São Paulo,60.60476,84.94188,SP,Sao Paulo,Southeast,TRUE,TRUE,mapped
201609,2016-09-01,2016,9,41,Paraná,63.01579,88.79617,PR,Parana,South,TRUE,TRUE,mapped
201609,2016-09-01,2016,9,42,Santa Catarina,45.3265,64.44814,SC,Santa Catarina,South,TRUE,TRUE,mapped
201609,2016-09-01,2016,9,43,Rio Grande do Sul,54.41305,75.58712,RS,Rio Grande do Sul,South,TRUE,TRUE,mapped
201609,2016-09-01,2016,9,50,Mato Grosso do Sul,55.88814,77.38513,MS,Mato Grosso do Sul,Center-West,TRUE,TRUE,mapped
201609,2016-09-01,2016,9,51,Mato Grosso,54.77667,74.45002,MT,Mato Grosso,Center-West,TRUE,TRUE,mapped
201609,2016-09-01,2016,9,52,Goiás,78.41755,106.18822,GO,Goias,Center-West,TRUE,TRUE,mapped
201609,2016-09-01,2016,9,53,Distrito Federal,79.19209,109.58488,DF,Distrito Federal,Center-West,TRUE,TRUE,mapped
201610,2016-10-01,2016,10,11,Rondônia,70.03039,80.19148,RO,Rondonia,North,TRUE,TRUE,mapped
201610,2016-10-01,2016,10,12,Acre,59.40971,72.57877,AC,Acre,North,TRUE,TRUE,mapped
201610,2016-10-01,2016,10,13,Amazonas,60.2944,76.5932,AM,Amazonas,North,TRUE,TRUE,mapped
201610,2016-10-01,2016,10,14,Roraima,65.77908,84.61642,RR,Roraima,North,TRUE,TRUE,mapped
201610,2016-10-01,2016,10,15,Pará,54.54987,68.63705,PA,Para,North,TRUE,TRUE,mapped
201610,2016-10-01,2016,10,16,Amapá,56.14094,71.95048,AP,Amapa,North,TRUE,TRUE,mapped
201610,2016-10-01,2016,10,17,Tocantins,68.60837,91.55184,TO,Tocantins,North,TRUE,TRUE,mapped
201610,2016-10-01,2016,10,21,Maranhão,58.84465,81.51384,MA,Maranhao,Northeast,TRUE,TRUE,mapped
201610,2016-10-01,2016,10,22,Piauí,61.87839,84.234,PI,Piaui,Northeast,TRUE,TRUE,mapped
201610,2016-10-01,2016,10,23,Ceará,76.04861,103.84784,CE,Ceara,Northeast,TRUE,TRUE,mapped
201610,2016-10-01,2016,10,24,Rio Grande do Norte,65.10709,92.79123,RN,Rio Grande do Norte,Northeast,TRUE,TRUE,mapped
201610,2016-10-01,2016,10,25,Paraíba,66.46558,91.81889,PB,Paraiba,Northeast,TRUE,TRUE,mapped
201610,2016-10-01,2016,10,26,Pernambuco,69.59572,96.05394,PE,Pernambuco,Northeast,TRUE,TRUE,mapped
201610,2016-10-01,2016,10,27,Alagoas,65.70739,91.18751,AL,Alagoas,Northeast,TRUE,TRUE,mapped
201610,2016-10-01,2016,10,28,Sergipe,79.03229,113.0396,SE,Sergipe,Northeast,TRUE,TRUE,mapped
201610,2016-10-01,2016,10,29,Bahia,75.0605,103.88835,BA,Bahia,Northeast,TRUE,TRUE,mapped
201610,2016-10-01,2016,10,31,Minas Gerais,61.9369,86.62654,MG,Minas Gerais,Southeast,TRUE,TRUE,mapped
201610,2016-10-01,2016,10,32,Espírito Santo,55.97051,73.76409,ES,Espirito Santo,Southeast,TRUE,TRUE,mapped
201610,2016-10-01,2016,10,33,Rio de Janeiro,76.40535,102.08253,RJ,Rio de Janeiro,Southeast,TRUE,TRUE,mapped
201610,2016-10-01,2016,10,35,São Paulo,64.38989,90.60467,SP,Sao Paulo,Southeast,TRUE,TRUE,mapped
201610,2016-10-01,2016,10,41,Paraná,65.27232,92.48886,PR,Parana,South,TRUE,TRUE,mapped
201610,2016-10-01,2016,10,42,Santa Catarina,47.40328,67.71133,SC,Santa Catarina,South,TRUE,TRUE,mapped
201610,2016-10-01,2016,10,43,Rio Grande do Sul,58.01504,80.61056,RS,Rio Grande do Sul,South,TRUE,TRUE,mapped
201610,2016-10-01,2016,10,50,Mato Grosso do Sul,58.95098,81.22074,MS,Mato Grosso do Sul,Center-West,TRUE,TRUE,mapped
201610,2016-10-01,2016,10,51,Mato Grosso,56.30067,76.10263,MT,Mato Grosso,Center-West,TRUE,TRUE,mapped
201610,2016-10-01,2016,10,52,Goiás,82.81597,111.6766,GO,Goias,Center-West,TRUE,TRUE,mapped
201610,2016-10-01,2016,10,53,Distrito Federal,84.08636,116.7792,DF,Distrito Federal,Center-West,TRUE,TRUE,mapped
201611,2016-11-01,2016,11,11,Rondônia,75.57313,87.12563,RO,Rondonia,North,TRUE,TRUE,mapped
201611,2016-11-01,2016,11,12,Acre,60.53206,74.56284,AC,Acre,North,TRUE,TRUE,mapped
201611,2016-11-01,2016,11,13,Amazonas,60.76289,77.77545,AM,Amazonas,North,TRUE,TRUE,mapped
201611,2016-11-01,2016,11,14,Roraima,63.98213,83.53225,RR,Roraima,North,TRUE,TRUE,mapped
201611,2016-11-01,2016,11,15,Pará,55.27026,70.19361,PA,Para,North,TRUE,TRUE,mapped
201611,2016-11-01,2016,11,16,Amapá,58.35121,74.75983,AP,Amapa,North,TRUE,TRUE,mapped
201611,2016-11-01,2016,11,17,Tocantins,78.84148,106.22416,TO,Tocantins,North,TRUE,TRUE,mapped
201611,2016-11-01,2016,11,21,Maranhão,60.53326,84.51619,MA,Maranhao,Northeast,TRUE,TRUE,mapped
201611,2016-11-01,2016,11,22,Piauí,64.63843,88.53989,PI,Piaui,Northeast,TRUE,TRUE,mapped
201611,2016-11-01,2016,11,23,Ceará,79.0212,108.91601,CE,Ceara,Northeast,TRUE,TRUE,mapped
201611,2016-11-01,2016,11,24,Rio Grande do Norte,67.99213,98.2018,RN,Rio Grande do Norte,Northeast,TRUE,TRUE,mapped
201611,2016-11-01,2016,11,25,Paraíba,76.9298,106.99557,PB,Paraiba,Northeast,TRUE,TRUE,mapped
201611,2016-11-01,2016,11,26,Pernambuco,74.8501,103.16544,PE,Pernambuco,Northeast,TRUE,TRUE,mapped
201611,2016-11-01,2016,11,27,Alagoas,68.27374,94.34097,AL,Alagoas,Northeast,TRUE,TRUE,mapped
201611,2016-11-01,2016,11,28,Sergipe,81.57262,116.31611,SE,Sergipe,Northeast,TRUE,TRUE,mapped
201611,2016-11-01,2016,11,29,Bahia,78.59141,110.1778,BA,Bahia,Northeast,TRUE,TRUE,mapped
201611,2016-11-01,2016,11,31,Minas Gerais,62.71521,88.00932,MG,Minas Gerais,Southeast,TRUE,TRUE,mapped
201611,2016-11-01,2016,11,32,Espírito Santo,58.33667,77.80708,ES,Espirito Santo,Southeast,TRUE,TRUE,mapped
201611,2016-11-01,2016,11,33,Rio de Janeiro,78.49579,105.9016,RJ,Rio de Janeiro,Southeast,TRUE,TRUE,mapped
201611,2016-11-01,2016,11,35,São Paulo,65.87843,93.69347,SP,Sao Paulo,Southeast,TRUE,TRUE,mapped
201611,2016-11-01,2016,11,41,Paraná,66.3588,94.63577,PR,Parana,South,TRUE,TRUE,mapped
201611,2016-11-01,2016,11,42,Santa Catarina,50.5679,73.08201,SC,Santa Catarina,South,TRUE,TRUE,mapped
201611,2016-11-01,2016,11,43,Rio Grande do Sul,57.09539,79.98263,RS,Rio Grande do Sul,South,TRUE,TRUE,mapped
201611,2016-11-01,2016,11,50,Mato Grosso do Sul,60.91257,84.78718,MS,Mato Grosso do Sul,Center-West,TRUE,TRUE,mapped
201611,2016-11-01,2016,11,51,Mato Grosso,55.47336,76.01999,MT,Mato Grosso,Center-West,TRUE,TRUE,mapped
201611,2016-11-01,2016,11,52,Goiás,85.45503,117.28429,GO,Goias,Center-West,TRUE,TRUE,mapped
201611,2016-11-01,2016,11,53,Distrito Federal,86.94136,121.66105,DF,Distrito Federal,Center-West,TRUE,TRUE,mapped
201612,2016-12-01,2016,12,11,Rondônia,94.65295,111.19123,RO,Rondonia,North,TRUE,TRUE,mapped
201612,2016-12-01,2016,12,12,Acre,79.12566,98.94778,AC,Acre,North,TRUE,TRUE,mapped
201612,2016-12-01,2016,12,13,Amazonas,78.89337,102.18056,AM,Amazonas,North,TRUE,TRUE,mapped
201612,2016-12-01,2016,12,14,Roraima,75.47169,99.3817,RR,Roraima,North,TRUE,TRUE,mapped
201612,2016-12-01,2016,12,15,Pará,75.08111,95.76573,PA,Para,North,TRUE,TRUE,mapped
201612,2016-12-01,2016,12,16,Amapá,71.34762,93.02058,AP,Amapa,North,TRUE,TRUE,mapped
201612,2016-12-01,2016,12,17,Tocantins,89.30717,121.5829,TO,Tocantins,North,TRUE,TRUE,mapped
201612,2016-12-01,2016,12,21,Maranhão,77.16247,107.93453,MA,Maranhao,Northeast,TRUE,TRUE,mapped
201612,2016-12-01,2016,12,22,Piauí,80.1748,110.15905,PI,Piaui,Northeast,TRUE,TRUE,mapped
201612,2016-12-01,2016,12,23,Ceará,97.15396,134.15749,CE,Ceara,Northeast,TRUE,TRUE,mapped
201612,2016-12-01,2016,12,24,Rio Grande do Norte,82.76179,118.76196,RN,Rio Grande do Norte,Northeast,TRUE,TRUE,mapped
201612,2016-12-01,2016,12,25,Paraíba,83.80249,114.41528,PB,Paraiba,Northeast,TRUE,TRUE,mapped
201612,2016-12-01,2016,12,26,Pernambuco,94.47967,130.345,PE,Pernambuco,Northeast,TRUE,TRUE,mapped
201612,2016-12-01,2016,12,27,Alagoas,87.96384,122.19652,AL,Alagoas,Northeast,TRUE,TRUE,mapped
201612,2016-12-01,2016,12,28,Sergipe,101.6694,145.57067,SE,Sergipe,Northeast,TRUE,TRUE,mapped
201612,2016-12-01,2016,12,29,Bahia,96.92941,135.89719,BA,Bahia,Northeast,TRUE,TRUE,mapped
201612,2016-12-01,2016,12,31,Minas Gerais,77.66691,108.66954,MG,Minas Gerais,Southeast,TRUE,TRUE,mapped
201612,2016-12-01,2016,12,32,Espírito Santo,74.25449,98.68216,ES,Espirito Santo,Southeast,TRUE,TRUE,mapped
201612,2016-12-01,2016,12,33,Rio de Janeiro,101.33378,137.89916,RJ,Rio de Janeiro,Southeast,TRUE,TRUE,mapped
201612,2016-12-01,2016,12,35,São Paulo,81.3167,116.08723,SP,Sao Paulo,Southeast,TRUE,TRUE,mapped
201612,2016-12-01,2016,12,41,Paraná,85.79006,122.80322,PR,Parana,South,TRUE,TRUE,mapped
201612,2016-12-01,2016,12,42,Santa Catarina,64.90755,93.61296,SC,Santa Catarina,South,TRUE,TRUE,mapped
201612,2016-12-01,2016,12,43,Rio Grande do Sul,72.19309,101.48925,RS,Rio Grande do Sul,South,TRUE,TRUE,mapped
201612,2016-12-01,2016,12,50,Mato Grosso do Sul,76.26116,106.18585,MS,Mato Grosso do Sul,Center-West,TRUE,TRUE,mapped
201612,2016-12-01,2016,12,51,Mato Grosso,67.31696,92.62871,MT,Mato Grosso,Center-West,TRUE,TRUE,mapped
201612,2016-12-01,2016,12,52,Goiás,101.66635,138.99918,GO,Goias,Center-West,TRUE,TRUE,mapped
201612,2016-12-01,2016,12,53,Distrito Federal,102.9837,141.83084,DF,Distrito Federal,Center-West,TRUE,TRUE,mapped
201701,2017-01-01,2017,1,11,Rondônia,67.15859,79.70846,RO,Rondonia,North,TRUE,TRUE,mapped
201701,2017-01-01,2017,1,12,Acre,60.19963,74.83723,AC,Acre,North,TRUE,TRUE,mapped
201701,2017-01-01,2017,1,13,Amazonas,59.68107,77.56908,AM,Amazonas,North,TRUE,TRUE,mapped
201701,2017-01-01,2017,1,14,Roraima,49.07059,64.46627,RR,Roraima,North,TRUE,TRUE,mapped
201701,2017-01-01,2017,1,15,Pará,50.97198,66.02181,PA,Para,North,TRUE,TRUE,mapped
201701,2017-01-01,2017,1,16,Amapá,61.34971,79.56281,AP,Amapa,North,TRUE,TRUE,mapped
201701,2017-01-01,2017,1,17,Tocantins,63.35104,85.8015,TO,Tocantins,North,TRUE,TRUE,mapped
201701,2017-01-01,2017,1,21,Maranhão,58.48651,81.4779,MA,Maranhao,Northeast,TRUE,TRUE,mapped
201701,2017-01-01,2017,1,22,Piauí,62.69302,85.25547,PI,Piaui,Northeast,TRUE,TRUE,mapped
201701,2017-01-01,2017,1,23,Ceará,75.48131,103.12383,CE,Ceara,Northeast,TRUE,TRUE,mapped
201701,2017-01-01,2017,1,24,Rio Grande do Norte,66.89754,94.35983,RN,Rio Grande do Norte,Northeast,TRUE,TRUE,mapped
201701,2017-01-01,2017,1,25,Paraíba,66.59498,91.08546,PB,Paraiba,Northeast,TRUE,TRUE,mapped
201701,2017-01-01,2017,1,26,Pernambuco,71.95358,99.80455,PE,Pernambuco,Northeast,TRUE,TRUE,mapped
201701,2017-01-01,2017,1,27,Alagoas,71.70782,99.31729,AL,Alagoas,Northeast,TRUE,TRUE,mapped
201701,2017-01-01,2017,1,28,Sergipe,77.76075,110.50778,SE,Sergipe,Northeast,TRUE,TRUE,mapped
201701,2017-01-01,2017,1,29,Bahia,75.24546,105.72049,BA,Bahia,Northeast,TRUE,TRUE,mapped
201701,2017-01-01,2017,1,31,Minas Gerais,61.75505,86.7077,MG,Minas Gerais,Southeast,TRUE,TRUE,mapped
201701,2017-01-01,2017,1,32,Espírito Santo,56.22324,75.04403,ES,Espirito Santo,Southeast,TRUE,TRUE,mapped
201701,2017-01-01,2017,1,33,Rio de Janeiro,72.101,97.4166,RJ,Rio de Janeiro,Southeast,TRUE,TRUE,mapped
201701,2017-01-01,2017,1,35,São Paulo,62.91747,89.26144,SP,Sao Paulo,Southeast,TRUE,TRUE,mapped
201701,2017-01-01,2017,1,41,Paraná,65.81364,93.83314,PR,Parana,South,TRUE,TRUE,mapped
201701,2017-01-01,2017,1,42,Santa Catarina,53.12059,76.58312,SC,Santa Catarina,South,TRUE,TRUE,mapped
201701,2017-01-01,2017,1,43,Rio Grande do Sul,58.30295,80.72297,RS,Rio Grande do Sul,South,TRUE,TRUE,mapped
201701,2017-01-01,2017,1,50,Mato Grosso do Sul,59.28061,82.50956,MS,Mato Grosso do Sul,Center-West,TRUE,TRUE,mapped
201701,2017-01-01,2017,1,51,Mato Grosso,57.37515,77.97228,MT,Mato Grosso,Center-West,TRUE,TRUE,mapped
201701,2017-01-01,2017,1,52,Goiás,78.45956,105.65854,GO,Goias,Center-West,TRUE,TRUE,mapped
201701,2017-01-01,2017,1,53,Distrito Federal,75.67151,103.54624,DF,Distrito Federal,Center-West,TRUE,TRUE,mapped
201702,2017-02-01,2017,2,11,Rondônia,62.22423,73.35748,RO,Rondonia,North,TRUE,TRUE,mapped
201702,2017-02-01,2017,2,12,Acre,54.42831,66.58058,AC,Acre,North,TRUE,TRUE,mapped
201702,2017-02-01,2017,2,13,Amazonas,54.10287,69.33844,AM,Amazonas,North,TRUE,TRUE,mapped
201702,2017-02-01,2017,2,14,Roraima,49.05645,64.2192,RR,Roraima,North,TRUE,TRUE,mapped
201702,2017-02-01,2017,2,15,Pará,45.88716,59.37267,PA,Para,North,TRUE,TRUE,mapped
201702,2017-02-01,2017,2,16,Amapá,57.12821,73.9446,AP,Amapa,North,TRUE,TRUE,mapped
201702,2017-02-01,2017,2,17,Tocantins,56.45585,76.55407,TO,Tocantins,North,TRUE,TRUE,mapped
201702,2017-02-01,2017,2,21,Maranhão,53.23012,73.9351,MA,Maranhao,Northeast,TRUE,TRUE,mapped
201702,2017-02-01,2017,2,22,Piauí,55.40245,75.39356,PI,Piaui,Northeast,TRUE,TRUE,mapped
201702,2017-02-01,2017,2,23,Ceará,65.77936,89.73347,CE,Ceara,Northeast,TRUE,TRUE,mapped
201702,2017-02-01,2017,2,24,Rio Grande do Norte,60.02677,84.59546,RN,Rio Grande do Norte,Northeast,TRUE,TRUE,mapped
201702,2017-02-01,2017,2,25,Paraíba,59.64195,81.56405,PB,Paraiba,Northeast,TRUE,TRUE,mapped
201702,2017-02-01,2017,2,26,Pernambuco,64.28784,89.33381,PE,Pernambuco,Northeast,TRUE,TRUE,mapped
201702,2017-02-01,2017,2,27,Alagoas,64.36102,89.47069,AL,Alagoas,Northeast,TRUE,TRUE,mapped
201702,2017-02-01,2017,2,28,Sergipe,68.1758,97.42416,SE,Sergipe,Northeast,TRUE,TRUE,mapped
201702,2017-02-01,2017,2,29,Bahia,68.64353,95.10497,BA,Bahia,Northeast,TRUE,TRUE,mapped
201702,2017-02-01,2017,2,31,Minas Gerais,57.65759,80.95894,MG,Minas Gerais,Southeast,TRUE,TRUE,mapped
201702,2017-02-01,2017,2,32,Espírito Santo,43.56213,58.28917,ES,Espirito Santo,Southeast,TRUE,TRUE,mapped
201702,2017-02-01,2017,2,33,Rio de Janeiro,67.89185,91.6109,RJ,Rio de Janeiro,Southeast,TRUE,TRUE,mapped
201702,2017-02-01,2017,2,35,São Paulo,58.3441,82.79163,SP,Sao Paulo,Southeast,TRUE,TRUE,mapped
201702,2017-02-01,2017,2,41,Paraná,60.89021,87.07878,PR,Parana,South,TRUE,TRUE,mapped
201702,2017-02-01,2017,2,42,Santa Catarina,50.78239,73.05704,SC,Santa Catarina,South,TRUE,TRUE,mapped
201702,2017-02-01,2017,2,43,Rio Grande do Sul,52.56609,72.91875,RS,Rio Grande do Sul,South,TRUE,TRUE,mapped
201702,2017-02-01,2017,2,50,Mato Grosso do Sul,54.45646,76.31076,MS,Mato Grosso do Sul,Center-West,TRUE,TRUE,mapped
201702,2017-02-01,2017,2,51,Mato Grosso,51.31086,70.81208,MT,Mato Grosso,Center-West,TRUE,TRUE,mapped
201702,2017-02-01,2017,2,52,Goiás,71.18344,96.73899,GO,Goias,Center-West,TRUE,TRUE,mapped
201702,2017-02-01,2017,2,53,Distrito Federal,70.8738,97.73011,DF,Distrito Federal,Center-West,TRUE,TRUE,mapped
201703,2017-03-01,2017,3,11,Rondônia,70.53641,84.24715,RO,Rondonia,North,TRUE,TRUE,mapped
201703,2017-03-01,2017,3,12,Acre,57.36167,70.25888,AC,Acre,North,TRUE,TRUE,mapped
201703,2017-03-01,2017,3,13,Amazonas,58.22575,74.86903,AM,Amazonas,North,TRUE,TRUE,mapped
201703,2017-03-01,2017,3,14,Roraima,52.7002,69.30178,RR,Roraima,North,TRUE,TRUE,mapped
201703,2017-03-01,2017,3,15,Pará,54.08281,70.15932,PA,Para,North,TRUE,TRUE,mapped
201703,2017-03-01,2017,3,16,Amapá,57.98664,75.1849,AP,Amapa,North,TRUE,TRUE,mapped
201703,2017-03-01,2017,3,17,Tocantins,75.40117,102.61102,TO,Tocantins,North,TRUE,TRUE,mapped
201703,2017-03-01,2017,3,21,Maranhão,60.85052,84.74257,MA,Maranhao,Northeast,TRUE,TRUE,mapped
201703,2017-03-01,2017,3,22,Piauí,61.48769,84.13057,PI,Piaui,Northeast,TRUE,TRUE,mapped
201703,2017-03-01,2017,3,23,Ceará,72.52078,99.58878,CE,Ceara,Northeast,TRUE,TRUE,mapped
201703,2017-03-01,2017,3,24,Rio Grande do Norte,66.47969,93.98443,RN,Rio Grande do Norte,Northeast,TRUE,TRUE,mapped
201703,2017-03-01,2017,3,25,Paraíba,64.00505,87.57633,PB,Paraiba,Northeast,TRUE,TRUE,mapped
201703,2017-03-01,2017,3,26,Pernambuco,73.37458,101.88842,PE,Pernambuco,Northeast,TRUE,TRUE,mapped
201703,2017-03-01,2017,3,27,Alagoas,69.9652,96.84979,AL,Alagoas,Northeast,TRUE,TRUE,mapped
201703,2017-03-01,2017,3,28,Sergipe,75.13964,106.76128,SE,Sergipe,Northeast,TRUE,TRUE,mapped
201703,2017-03-01,2017,3,29,Bahia,74.87233,104.64553,BA,Bahia,Northeast,TRUE,TRUE,mapped
201703,2017-03-01,2017,3,31,Minas Gerais,64.41311,90.99343,MG,Minas Gerais,Southeast,TRUE,TRUE,mapped
201703,2017-03-01,2017,3,32,Espírito Santo,52.93233,71.34598,ES,Espirito Santo,Southeast,TRUE,TRUE,mapped
201703,2017-03-01,2017,3,33,Rio de Janeiro,72.49205,97.9934,RJ,Rio de Janeiro,Southeast,TRUE,TRUE,mapped
201703,2017-03-01,2017,3,35,São Paulo,58.87809,83.99051,SP,Sao Paulo,Southeast,TRUE,TRUE,mapped
201703,2017-03-01,2017,3,41,Paraná,67.35193,97.08697,PR,Parana,South,TRUE,TRUE,mapped
201703,2017-03-01,2017,3,42,Santa Catarina,55.09021,79.80104,SC,Santa Catarina,South,TRUE,TRUE,mapped
201703,2017-03-01,2017,3,43,Rio Grande do Sul,60.68053,84.58932,RS,Rio Grande do Sul,South,TRUE,TRUE,mapped
201703,2017-03-01,2017,3,50,Mato Grosso do Sul,57.99825,81.47586,MS,Mato Grosso do Sul,Center-West,TRUE,TRUE,mapped
201703,2017-03-01,2017,3,51,Mato Grosso,58.75711,81.3795,MT,Mato Grosso,Center-West,TRUE,TRUE,mapped
201703,2017-03-01,2017,3,52,Goiás,69.5121,95.63129,GO,Goias,Center-West,TRUE,TRUE,mapped
201703,2017-03-01,2017,3,53,Distrito Federal,78.2368,108.46141,DF,Distrito Federal,Center-West,TRUE,TRUE,mapped
201704,2017-04-01,2017,4,11,Rondônia,66.54857,79.94779,RO,Rondonia,North,TRUE,TRUE,mapped
201704,2017-04-01,2017,4,12,Acre,58.16113,71.56537,AC,Acre,North,TRUE,TRUE,mapped
201704,2017-04-01,2017,4,13,Amazonas,59.44289,76.19435,AM,Amazonas,North,TRUE,TRUE,mapped
201704,2017-04-01,2017,4,14,Roraima,51.32593,67.69639,RR,Roraima,North,TRUE,TRUE,mapped
201704,2017-04-01,2017,4,15,Pará,52.88204,68.41847,PA,Para,North,TRUE,TRUE,mapped
201704,2017-04-01,2017,4,16,Amapá,55.75118,72.37069,AP,Amapa,North,TRUE,TRUE,mapped
201704,2017-04-01,2017,4,17,Tocantins,64.61763,87.71257,TO,Tocantins,North,TRUE,TRUE,mapped
201704,2017-04-01,2017,4,21,Maranhão,59.20159,82.1711,MA,Maranhao,Northeast,TRUE,TRUE,mapped
201704,2017-04-01,2017,4,22,Piauí,60.02611,81.89383,PI,Piaui,Northeast,TRUE,TRUE,mapped
201704,2017-04-01,2017,4,23,Ceará,70.03243,95.6433,CE,Ceara,Northeast,TRUE,TRUE,mapped
201704,2017-04-01,2017,4,24,Rio Grande do Norte,63.64483,90.00283,RN,Rio Grande do Norte,Northeast,TRUE,TRUE,mapped
201704,2017-04-01,2017,4,25,Paraíba,63.10297,85.58111,PB,Paraiba,Northeast,TRUE,TRUE,mapped
201704,2017-04-01,2017,4,26,Pernambuco,70.52451,96.89164,PE,Pernambuco,Northeast,TRUE,TRUE,mapped
201704,2017-04-01,2017,4,27,Alagoas,67.783690000000007,92.88846,AL,Alagoas,Northeast,TRUE,TRUE,mapped
201704,2017-04-01,2017,4,28,Sergipe,73.60457,103.33192,SE,Sergipe,Northeast,TRUE,TRUE,mapped
201704,2017-04-01,2017,4,29,Bahia,70.72038,99.35777,BA,Bahia,Northeast,TRUE,TRUE,mapped
201704,2017-04-01,2017,4,31,Minas Gerais,60.96574,86.16774,MG,Minas Gerais,Southeast,TRUE,TRUE,mapped
201704,2017-04-01,2017,4,32,Espírito Santo,53.41506,71.60607,ES,Espirito Santo,Southeast,TRUE,TRUE,mapped
201704,2017-04-01,2017,4,33,Rio de Janeiro,70.56835,95.28982,RJ,Rio de Janeiro,Southeast,TRUE,TRUE,mapped
201704,2017-04-01,2017,4,35,São Paulo,63.3921,89.38808,SP,Sao Paulo,Southeast,TRUE,TRUE,mapped
201704,2017-04-01,2017,4,41,Paraná,66.11279,95.32292,PR,Parana,South,TRUE,TRUE,mapped
201704,2017-04-01,2017,4,42,Santa Catarina,53.14682,77.06437,SC,Santa Catarina,South,TRUE,TRUE,mapped
201704,2017-04-01,2017,4,43,Rio Grande do Sul,59.82098,83.39361,RS,Rio Grande do Sul,South,TRUE,TRUE,mapped
201704,2017-04-01,2017,4,50,Mato Grosso do Sul,55.840089999999996,78.38706,MS,Mato Grosso do Sul,Center-West,TRUE,TRUE,mapped
201704,2017-04-01,2017,4,51,Mato Grosso,57.52056,79.9114,MT,Mato Grosso,Center-West,TRUE,TRUE,mapped
201704,2017-04-01,2017,4,52,Goiás,70.68541,96.9391,GO,Goias,Center-West,TRUE,TRUE,mapped
201704,2017-04-01,2017,4,53,Distrito Federal,74.44003,102.62895,DF,Distrito Federal,Center-West,TRUE,TRUE,mapped
201705,2017-05-01,2017,5,11,Rondônia,74.80471,90.62549,RO,Rondonia,North,TRUE,TRUE,mapped
201705,2017-05-01,2017,5,12,Acre,62.08622,77.3316,AC,Acre,North,TRUE,TRUE,mapped
201705,2017-05-01,2017,5,13,Amazonas,59.42014,77.61234,AM,Amazonas,North,TRUE,TRUE,mapped
201705,2017-05-01,2017,5,14,Roraima,54.15697,72.25021,RR,Roraima,North,TRUE,TRUE,mapped
201705,2017-05-01,2017,5,15,Pará,55.65062,72.59022,PA,Para,North,TRUE,TRUE,mapped
201705,2017-05-01,2017,5,16,Amapá,56.76343,74.15082,AP,Amapa,North,TRUE,TRUE,mapped
201705,2017-05-01,2017,5,17,Tocantins,70.44277,95.45905,TO,Tocantins,North,TRUE,TRUE,mapped
201705,2017-05-01,2017,5,21,Maranhão,62.16925,86.86792,MA,Maranhao,Northeast,TRUE,TRUE,mapped
201705,2017-05-01,2017,5,22,Piauí,65.14282,89.54928,PI,Piaui,Northeast,TRUE,TRUE,mapped
201705,2017-05-01,2017,5,23,Ceará,75.68412,104.10953,CE,Ceara,Northeast,TRUE,TRUE,mapped
201705,2017-05-01,2017,5,24,Rio Grande do Norte,65.90352,93.69186,RN,Rio Grande do Norte,Northeast,TRUE,TRUE,mapped
201705,2017-05-01,2017,5,25,Paraíba,66.40979,90.5739,PB,Paraiba,Northeast,TRUE,TRUE,mapped
201705,2017-05-01,2017,5,26,Pernambuco,72.49583,100.12334,PE,Pernambuco,Northeast,TRUE,TRUE,mapped
201705,2017-05-01,2017,5,27,Alagoas,69.42784,95.56351,AL,Alagoas,Northeast,TRUE,TRUE,mapped
201705,2017-05-01,2017,5,28,Sergipe,74.74208,105.36792,SE,Sergipe,Northeast,TRUE,TRUE,mapped
201705,2017-05-01,2017,5,29,Bahia,72.63915,102.45443,BA,Bahia,Northeast,TRUE,TRUE,mapped
201705,2017-05-01,2017,5,31,Minas Gerais,61.70852,87.78085,MG,Minas Gerais,Southeast,TRUE,TRUE,mapped
201705,2017-05-01,2017,5,32,Espírito Santo,55.13986,74.11329,ES,Espirito Santo,Southeast,TRUE,TRUE,mapped
201705,2017-05-01,2017,5,33,Rio de Janeiro,74.36236,100.20682,RJ,Rio de Janeiro,Southeast,TRUE,TRUE,mapped
201705,2017-05-01,2017,5,35,São Paulo,64.16552,90.83531,SP,Sao Paulo,Southeast,TRUE,TRUE,mapped
201705,2017-05-01,2017,5,41,Paraná,65.23216,94.52162,PR,Parana,South,TRUE,TRUE,mapped
201705,2017-05-01,2017,5,42,Santa Catarina,50.44843,73.62855,SC,Santa Catarina,South,TRUE,TRUE,mapped
201705,2017-05-01,2017,5,43,Rio Grande do Sul,60.39027,84.26392,RS,Rio Grande do Sul,South,TRUE,TRUE,mapped
201705,2017-05-01,2017,5,50,Mato Grosso do Sul,58.1767,81.73928,MS,Mato Grosso do Sul,Center-West,TRUE,TRUE,mapped
201705,2017-05-01,2017,5,51,Mato Grosso,61.07447,84.83909,MT,Mato Grosso,Center-West,TRUE,TRUE,mapped
201705,2017-05-01,2017,5,52,Goiás,73.09921,100.49213,GO,Goias,Center-West,TRUE,TRUE,mapped
201705,2017-05-01,2017,5,53,Distrito Federal,78.46785,109.00453,DF,Distrito Federal,Center-West,TRUE,TRUE,mapped
201706,2017-06-01,2017,6,11,Rondônia,69.4135,84.09965,RO,Rondonia,North,TRUE,TRUE,mapped
201706,2017-06-01,2017,6,12,Acre,58.83373,73.23459,AC,Acre,North,TRUE,TRUE,mapped
201706,2017-06-01,2017,6,13,Amazonas,57.54059,75.4128,AM,Amazonas,North,TRUE,TRUE,mapped
201706,2017-06-01,2017,6,14,Roraima,53.85496,72.13115,RR,Roraima,North,TRUE,TRUE,mapped
201706,2017-06-01,2017,6,15,Pará,53.23027,69.6726,PA,Para,North,TRUE,TRUE,mapped
201706,2017-06-01,2017,6,16,Amapá,56.61503,74.12101,AP,Amapa,North,TRUE,TRUE,mapped
201706,2017-06-01,2017,6,17,Tocantins,70.98354,95.88642,TO,Tocantins,North,TRUE,TRUE,mapped
201706,2017-06-01,2017,6,21,Maranhão,59.4278,83.1078,MA,Maranhao,Northeast,TRUE,TRUE,mapped
201706,2017-06-01,2017,6,22,Piauí,60.35129,82.90948,PI,Piaui,Northeast,TRUE,TRUE,mapped
201706,2017-06-01,2017,6,23,Ceará,72.83663,100.17676,CE,Ceara,Northeast,TRUE,TRUE,mapped
201706,2017-06-01,2017,6,24,Rio Grande do Norte,64.57084,92.12362,RN,Rio Grande do Norte,Northeast,TRUE,TRUE,mapped
201706,2017-06-01,2017,6,25,Paraíba,61.77273,84.34852,PB,Paraiba,Northeast,TRUE,TRUE,mapped
201706,2017-06-01,2017,6,26,Pernambuco,72.71332,100.89769,PE,Pernambuco,Northeast,TRUE,TRUE,mapped
201706,2017-06-01,2017,6,27,Alagoas,67.69147,93.73504,AL,Alagoas,Northeast,TRUE,TRUE,mapped
201706,2017-06-01,2017,6,28,Sergipe,71.57771,101.68757,SE,Sergipe,Northeast,TRUE,TRUE,mapped
201706,2017-06-01,2017,6,29,Bahia,73.06324,104.50223,BA,Bahia,Northeast,TRUE,TRUE,mapped
201706,2017-06-01,2017,6,31,Minas Gerais,61.65487,88.21971,MG,Minas Gerais,Southeast,TRUE,TRUE,mapped
201706,2017-06-01,2017,6,32,Espírito Santo,53.3745,71.86029,ES,Espirito Santo,Southeast,TRUE,TRUE,mapped
201706,2017-06-01,2017,6,33,Rio de Janeiro,71.18217,96.44542,RJ,Rio de Janeiro,Southeast,TRUE,TRUE,mapped
201706,2017-06-01,2017,6,35,São Paulo,63.15141,90.01183,SP,Sao Paulo,Southeast,TRUE,TRUE,mapped
201706,2017-06-01,2017,6,41,Paraná,64.45281,94.19192,PR,Parana,South,TRUE,TRUE,mapped
201706,2017-06-01,2017,6,42,Santa Catarina,49.41815,72.66931,SC,Santa Catarina,South,TRUE,TRUE,mapped
201706,2017-06-01,2017,6,43,Rio Grande do Sul,59.76611,83.7978,RS,Rio Grande do Sul,South,TRUE,TRUE,mapped
201706,2017-06-01,2017,6,50,Mato Grosso do Sul,56.25647,79.27647,MS,Mato Grosso do Sul,Center-West,TRUE,TRUE,mapped
201706,2017-06-01,2017,6,51,Mato Grosso,60.48491,83.93301,MT,Mato Grosso,Center-West,TRUE,TRUE,mapped
201706,2017-06-01,2017,6,52,Goiás,71.63709,98.85288,GO,Goias,Center-West,TRUE,TRUE,mapped
201706,2017-06-01,2017,6,53,Distrito Federal,77.58873,108.54793,DF,Distrito Federal,Center-West,TRUE,TRUE,mapped
201707,2017-07-01,2017,7,11,Rondônia,73.93837,90.35319,RO,Rondonia,North,TRUE,TRUE,mapped
201707,2017-07-01,2017,7,12,Acre,64.34317,80.63149,AC,Acre,North,TRUE,TRUE,mapped
201707,2017-07-01,2017,7,13,Amazonas,63.4956,83.26592,AM,Amazonas,North,TRUE,TRUE,mapped
201707,2017-07-01,2017,7,14,Roraima,57.69329,77.48901,RR,Roraima,North,TRUE,TRUE,mapped
201707,2017-07-01,2017,7,15,Pará,55.88294,73.58329,PA,Para,North,TRUE,TRUE,mapped
201707,2017-07-01,2017,7,16,Amapá,58.28764,76.84239,AP,Amapa,North,TRUE,TRUE,mapped
201707,2017-07-01,2017,7,17,Tocantins,70.22485,95.14047,TO,Tocantins,North,TRUE,TRUE,mapped
201707,2017-07-01,2017,7,21,Maranhão,61.8344,87.21058,MA,Maranhao,Northeast,TRUE,TRUE,mapped
201707,2017-07-01,2017,7,22,Piauí,65.51263,90.80672,PI,Piaui,Northeast,TRUE,TRUE,mapped
201707,2017-07-01,2017,7,23,Ceará,76.06694,105.28871,CE,Ceara,Northeast,TRUE,TRUE,mapped
201707,2017-07-01,2017,7,24,Rio Grande do Norte,66.50589,95.63121,RN,Rio Grande do Norte,Northeast,TRUE,TRUE,mapped
201707,2017-07-01,2017,7,25,Paraíba,61.11533,83.48879,PB,Paraiba,Northeast,TRUE,TRUE,mapped
201707,2017-07-01,2017,7,26,Pernambuco,71.66094,99.52976,PE,Pernambuco,Northeast,TRUE,TRUE,mapped
201707,2017-07-01,2017,7,27,Alagoas,68.72537,95.22935,AL,Alagoas,Northeast,TRUE,TRUE,mapped
201707,2017-07-01,2017,7,28,Sergipe,73.04657,103.85757,SE,Sergipe,Northeast,TRUE,TRUE,mapped
201707,2017-07-01,2017,7,29,Bahia,72.6097,102.62915,BA,Bahia,Northeast,TRUE,TRUE,mapped
201707,2017-07-01,2017,7,31,Minas Gerais,61.93221,88.78649,MG,Minas Gerais,Southeast,TRUE,TRUE,mapped
201707,2017-07-01,2017,7,32,Espírito Santo,55.308839999999996,74.99844,ES,Espirito Santo,Southeast,TRUE,TRUE,mapped
201707,2017-07-01,2017,7,33,Rio de Janeiro,72.71245,99.08208,RJ,Rio de Janeiro,Southeast,TRUE,TRUE,mapped
201707,2017-07-01,2017,7,35,São Paulo,64.29079,91.80955,SP,Sao Paulo,Southeast,TRUE,TRUE,mapped
201707,2017-07-01,2017,7,41,Paraná,66.30995,97.11708,PR,Parana,South,TRUE,TRUE,mapped
201707,2017-07-01,2017,7,42,Santa Catarina,50.98949,75.24735,SC,Santa Catarina,South,TRUE,TRUE,mapped
201707,2017-07-01,2017,7,43,Rio Grande do Sul,58.4944,82.44864,RS,Rio Grande do Sul,South,TRUE,TRUE,mapped
201707,2017-07-01,2017,7,50,Mato Grosso do Sul,58.29341,82.47919,MS,Mato Grosso do Sul,Center-West,TRUE,TRUE,mapped
201707,2017-07-01,2017,7,51,Mato Grosso,61.38689,85.77914,MT,Mato Grosso,Center-West,TRUE,TRUE,mapped
201707,2017-07-01,2017,7,52,Goiás,71.68677,99.50608,GO,Goias,Center-West,TRUE,TRUE,mapped
201707,2017-07-01,2017,7,53,Distrito Federal,77.8,108.73138,DF,Distrito Federal,Center-West,TRUE,TRUE,mapped
201708,2017-08-01,2017,8,11,Rondônia,76.67995,93.65433,RO,Rondonia,North,TRUE,TRUE,mapped
201708,2017-08-01,2017,8,12,Acre,64.72955,81.38747,AC,Acre,North,TRUE,TRUE,mapped
201708,2017-08-01,2017,8,13,Amazonas,63.79445,83.89434,AM,Amazonas,North,TRUE,TRUE,mapped
201708,2017-08-01,2017,8,14,Roraima,60.02582,80.67494,RR,Roraima,North,TRUE,TRUE,mapped
201708,2017-08-01,2017,8,15,Pará,55.86663,73.64061,PA,Para,North,TRUE,TRUE,mapped
201708,2017-08-01,2017,8,16,Amapá,56.53981,74.23294,AP,Amapa,North,TRUE,TRUE,mapped
201708,2017-08-01,2017,8,17,Tocantins,75.73963,102.22514,TO,Tocantins,North,TRUE,TRUE,mapped
201708,2017-08-01,2017,8,21,Maranhão,63.72559,89.96102,MA,Maranhao,Northeast,TRUE,TRUE,mapped
201708,2017-08-01,2017,8,22,Piauí,66.99294,92.82679,PI,Piaui,Northeast,TRUE,TRUE,mapped
201708,2017-08-01,2017,8,23,Ceará,74.96118,103.70472,CE,Ceara,Northeast,TRUE,TRUE,mapped
201708,2017-08-01,2017,8,24,Rio Grande do Norte,66.30204,95.56995,RN,Rio Grande do Norte,Northeast,TRUE,TRUE,mapped
201708,2017-08-01,2017,8,25,Paraíba,61.01756,82.44565,PB,Paraiba,Northeast,TRUE,TRUE,mapped
201708,2017-08-01,2017,8,26,Pernambuco,72.57059,99.58323,PE,Pernambuco,Northeast,TRUE,TRUE,mapped
201708,2017-08-01,2017,8,27,Alagoas,69.27313,94.86187,AL,Alagoas,Northeast,TRUE,TRUE,mapped
201708,2017-08-01,2017,8,28,Sergipe,75.06969,104.69106,SE,Sergipe,Northeast,TRUE,TRUE,mapped
201708,2017-08-01,2017,8,29,Bahia,73.81869,104.28259,BA,Bahia,Northeast,TRUE,TRUE,mapped
201708,2017-08-01,2017,8,31,Minas Gerais,62.82407,89.88633,MG,Minas Gerais,Southeast,TRUE,TRUE,mapped
201708,2017-08-01,2017,8,32,Espírito Santo,54.90174,74.84714,ES,Espirito Santo,Southeast,TRUE,TRUE,mapped
201708,2017-08-01,2017,8,33,Rio de Janeiro,73.9156,101.35893,RJ,Rio de Janeiro,Southeast,TRUE,TRUE,mapped
201708,2017-08-01,2017,8,35,São Paulo,63.369,90.7153,SP,Sao Paulo,Southeast,TRUE,TRUE,mapped
201708,2017-08-01,2017,8,41,Paraná,67.80896,97.78719,PR,Parana,South,TRUE,TRUE,mapped
201708,2017-08-01,2017,8,42,Santa Catarina,51.35451,74.82113,SC,Santa Catarina,South,TRUE,TRUE,mapped
201708,2017-08-01,2017,8,43,Rio Grande do Sul,60.93726,85.42616,RS,Rio Grande do Sul,South,TRUE,TRUE,mapped
201708,2017-08-01,2017,8,50,Mato Grosso do Sul,60.15194,84.91447,MS,Mato Grosso do Sul,Center-West,TRUE,TRUE,mapped
201708,2017-08-01,2017,8,51,Mato Grosso,61.14612,84.84054,MT,Mato Grosso,Center-West,TRUE,TRUE,mapped
201708,2017-08-01,2017,8,52,Goiás,70.9973,98.37809,GO,Goias,Center-West,TRUE,TRUE,mapped
201708,2017-08-01,2017,8,53,Distrito Federal,79.40496,108.84158,DF,Distrito Federal,Center-West,TRUE,TRUE,mapped
201709,2017-09-01,2017,9,11,Rondônia,71.96644,87.69066,RO,Rondonia,North,TRUE,TRUE,mapped
201709,2017-09-01,2017,9,12,Acre,63.36301,79.29382,AC,Acre,North,TRUE,TRUE,mapped
201709,2017-09-01,2017,9,13,Amazonas,62.80867,82.11265,AM,Amazonas,North,TRUE,TRUE,mapped
201709,2017-09-01,2017,9,14,Roraima,59.31129,79.3483,RR,Roraima,North,TRUE,TRUE,mapped
201709,2017-09-01,2017,9,15,Pará,54.27498,71.37261,PA,Para,North,TRUE,TRUE,mapped
201709,2017-09-01,2017,9,16,Amapá,54.78719,71.82235,AP,Amapa,North,TRUE,TRUE,mapped
201709,2017-09-01,2017,9,17,Tocantins,73.26967,99.02381,TO,Tocantins,North,TRUE,TRUE,mapped
201709,2017-09-01,2017,9,21,Maranhão,59.94059,84.64127,MA,Maranhao,Northeast,TRUE,TRUE,mapped
201709,2017-09-01,2017,9,22,Piauí,64.64447,89.55877,PI,Piaui,Northeast,TRUE,TRUE,mapped
201709,2017-09-01,2017,9,23,Ceará,74.11284,102.48575,CE,Ceara,Northeast,TRUE,TRUE,mapped
201709,2017-09-01,2017,9,24,Rio Grande do Norte,66.23231,95.42786,RN,Rio Grande do Norte,Northeast,TRUE,TRUE,mapped
201709,2017-09-01,2017,9,25,Paraíba,61.97148,84.37662,PB,Paraiba,Northeast,TRUE,TRUE,mapped
201709,2017-09-01,2017,9,26,Pernambuco,70.72997,97.89392,PE,Pernambuco,Northeast,TRUE,TRUE,mapped
201709,2017-09-01,2017,9,27,Alagoas,69.20025,95.46227,AL,Alagoas,Northeast,TRUE,TRUE,mapped
201709,2017-09-01,2017,9,28,Sergipe,75.75561,106.48691,SE,Sergipe,Northeast,TRUE,TRUE,mapped
201709,2017-09-01,2017,9,29,Bahia,72.10685,101.22005,BA,Bahia,Northeast,TRUE,TRUE,mapped
201709,2017-09-01,2017,9,31,Minas Gerais,59.92655,85.60345,MG,Minas Gerais,Southeast,TRUE,TRUE,mapped
201709,2017-09-01,2017,9,32,Espírito Santo,54.66413,74.3931,ES,Espirito Santo,Southeast,TRUE,TRUE,mapped
201709,2017-09-01,2017,9,33,Rio de Janeiro,72.98869,100.04228,RJ,Rio de Janeiro,Southeast,TRUE,TRUE,mapped
201709,2017-09-01,2017,9,35,São Paulo,63.35725,90.58057,SP,Sao Paulo,Southeast,TRUE,TRUE,mapped
201709,2017-09-01,2017,9,41,Paraná,67.71898,98.05687,PR,Parana,South,TRUE,TRUE,mapped
201709,2017-09-01,2017,9,42,Santa Catarina,50.81999,74.21111,SC,Santa Catarina,South,TRUE,TRUE,mapped
201709,2017-09-01,2017,9,43,Rio Grande do Sul,60.71038,85.07708,RS,Rio Grande do Sul,South,TRUE,TRUE,mapped
201709,2017-09-01,2017,9,50,Mato Grosso do Sul,60.36021,85.07498,MS,Mato Grosso do Sul,Center-West,TRUE,TRUE,mapped
201709,2017-09-01,2017,9,51,Mato Grosso,63.67559,88.16617,MT,Mato Grosso,Center-West,TRUE,TRUE,mapped
201709,2017-09-01,2017,9,52,Goiás,71.3898,98.68479,GO,Goias,Center-West,TRUE,TRUE,mapped
201709,2017-09-01,2017,9,53,Distrito Federal,78.41405,106.11431,DF,Distrito Federal,Center-West,TRUE,TRUE,mapped
201710,2017-10-01,2017,10,11,Rondônia,75.34119,91.4997,RO,Rondonia,North,TRUE,TRUE,mapped
201710,2017-10-01,2017,10,12,Acre,64.01487,80.26565,AC,Acre,North,TRUE,TRUE,mapped
201710,2017-10-01,2017,10,13,Amazonas,64.02625,83.89112,AM,Amazonas,North,TRUE,TRUE,mapped
201710,2017-10-01,2017,10,14,Roraima,57.30095,77.05308,RR,Roraima,North,TRUE,TRUE,mapped
201710,2017-10-01,2017,10,15,Pará,55.93196,73.86892,PA,Para,North,TRUE,TRUE,mapped
201710,2017-10-01,2017,10,16,Amapá,55.23291,72.59163,AP,Amapa,North,TRUE,TRUE,mapped
201710,2017-10-01,2017,10,17,Tocantins,77.02275,102.71899,TO,Tocantins,North,TRUE,TRUE,mapped
201710,2017-10-01,2017,10,21,Maranhão,61.0351,86.05755,MA,Maranhao,Northeast,TRUE,TRUE,mapped
201710,2017-10-01,2017,10,22,Piauí,63.65666,88.19708,PI,Piaui,Northeast,TRUE,TRUE,mapped
201710,2017-10-01,2017,10,23,Ceará,75.00761,103.63433,CE,Ceara,Northeast,TRUE,TRUE,mapped
201710,2017-10-01,2017,10,24,Rio Grande do Norte,65.63678,94.5271,RN,Rio Grande do Norte,Northeast,TRUE,TRUE,mapped
201710,2017-10-01,2017,10,25,Paraíba,60.93986,83.61598,PB,Paraiba,Northeast,TRUE,TRUE,mapped
201710,2017-10-01,2017,10,26,Pernambuco,70.82172,98.83485,PE,Pernambuco,Northeast,TRUE,TRUE,mapped
201710,2017-10-01,2017,10,27,Alagoas,68.82935,95.80841,AL,Alagoas,Northeast,TRUE,TRUE,mapped
201710,2017-10-01,2017,10,28,Sergipe,74.53761,106.00775,SE,Sergipe,Northeast,TRUE,TRUE,mapped
201710,2017-10-01,2017,10,29,Bahia,72.605950000000007,101.78447,BA,Bahia,Northeast,TRUE,TRUE,mapped
201710,2017-10-01,2017,10,31,Minas Gerais,63.65058,90.86027,MG,Minas Gerais,Southeast,TRUE,TRUE,mapped
201710,2017-10-01,2017,10,32,Espírito Santo,56.21553,76.66196,ES,Espirito Santo,Southeast,TRUE,TRUE,mapped
201710,2017-10-01,2017,10,33,Rio de Janeiro,73.65248,101.02434,RJ,Rio de Janeiro,Southeast,TRUE,TRUE,mapped
201710,2017-10-01,2017,10,35,São Paulo,64.69787,92.397,SP,Sao Paulo,Southeast,TRUE,TRUE,mapped
201710,2017-10-01,2017,10,41,Paraná,66.02224,95.19217,PR,Parana,South,TRUE,TRUE,mapped
201710,2017-10-01,2017,10,42,Santa Catarina,52.96622,77.06372,SC,Santa Catarina,South,TRUE,TRUE,mapped
201710,2017-10-01,2017,10,43,Rio Grande do Sul,63.03182,88.42934,RS,Rio Grande do Sul,South,TRUE,TRUE,mapped
201710,2017-10-01,2017,10,50,Mato Grosso do Sul,59.641,82.97397,MS,Mato Grosso do Sul,Center-West,TRUE,TRUE,mapped
201710,2017-10-01,2017,10,51,Mato Grosso,62.51811,84.71821,MT,Mato Grosso,Center-West,TRUE,TRUE,mapped
201710,2017-10-01,2017,10,52,Goiás,73.28487,100.06903,GO,Goias,Center-West,TRUE,TRUE,mapped
201710,2017-10-01,2017,10,53,Distrito Federal,79.53795,108.6314,DF,Distrito Federal,Center-West,TRUE,TRUE,mapped
201711,2017-11-01,2017,11,11,Rondônia,79.83885,97.3978,RO,Rondonia,North,TRUE,TRUE,mapped
201711,2017-11-01,2017,11,12,Acre,66.33483,83.67532,AC,Acre,North,TRUE,TRUE,mapped
201711,2017-11-01,2017,11,13,Amazonas,67.21716,88.51524,AM,Amazonas,North,TRUE,TRUE,mapped
201711,2017-11-01,2017,11,14,Roraima,58.44202,78.80251,RR,Roraima,North,TRUE,TRUE,mapped
201711,2017-11-01,2017,11,15,Pará,58.78918,78.2218,PA,Para,North,TRUE,TRUE,mapped
201711,2017-11-01,2017,11,16,Amapá,58.45555,77.09144,AP,Amapa,North,TRUE,TRUE,mapped
201711,2017-11-01,2017,11,17,Tocantins,82.46581,110.28082,TO,Tocantins,North,TRUE,TRUE,mapped
201711,2017-11-01,2017,11,21,Maranhão,64.53157,91.53334,MA,Maranhao,Northeast,TRUE,TRUE,mapped
201711,2017-11-01,2017,11,22,Piauí,69.44281,96.49553,PI,Piaui,Northeast,TRUE,TRUE,mapped
201711,2017-11-01,2017,11,23,Ceará,80.54201,111.92934,CE,Ceara,Northeast,TRUE,TRUE,mapped
201711,2017-11-01,2017,11,24,Rio Grande do Norte,72.13443,104.405,RN,Rio Grande do Norte,Northeast,TRUE,TRUE,mapped
201711,2017-11-01,2017,11,25,Paraíba,68.48283,94.17952,PB,Paraiba,Northeast,TRUE,TRUE,mapped
201711,2017-11-01,2017,11,26,Pernambuco,81.31143,113.36572,PE,Pernambuco,Northeast,TRUE,TRUE,mapped
201711,2017-11-01,2017,11,27,Alagoas,74.52233,103.62717,AL,Alagoas,Northeast,TRUE,TRUE,mapped
201711,2017-11-01,2017,11,28,Sergipe,82.47777,116.66568,SE,Sergipe,Northeast,TRUE,TRUE,mapped
201711,2017-11-01,2017,11,29,Bahia,82.47224,116.98058,BA,Bahia,Northeast,TRUE,TRUE,mapped
201711,2017-11-01,2017,11,31,Minas Gerais,68.54598,99.00334,MG,Minas Gerais,Southeast,TRUE,TRUE,mapped
201711,2017-11-01,2017,11,32,Espírito Santo,57.94907,79.57014,ES,Espirito Santo,Southeast,TRUE,TRUE,mapped
201711,2017-11-01,2017,11,33,Rio de Janeiro,76.59675,105.77925,RJ,Rio de Janeiro,Southeast,TRUE,TRUE,mapped
201711,2017-11-01,2017,11,35,São Paulo,68.25464,97.97382,SP,Sao Paulo,Southeast,TRUE,TRUE,mapped
201711,2017-11-01,2017,11,41,Paraná,70.42562,102.18002,PR,Parana,South,TRUE,TRUE,mapped
201711,2017-11-01,2017,11,42,Santa Catarina,57.67508,84.68329,SC,Santa Catarina,South,TRUE,TRUE,mapped
201711,2017-11-01,2017,11,43,Rio Grande do Sul,65.6205,91.63897,RS,Rio Grande do Sul,South,TRUE,TRUE,mapped
201711,2017-11-01,2017,11,50,Mato Grosso do Sul,60.9048,84.88548,MS,Mato Grosso do Sul,Center-West,TRUE,TRUE,mapped
201711,2017-11-01,2017,11,51,Mato Grosso,64.15813,86.77312,MT,Mato Grosso,Center-West,TRUE,TRUE,mapped
201711,2017-11-01,2017,11,52,Goiás,81.03146,110.68909,GO,Goias,Center-West,TRUE,TRUE,mapped
201711,2017-11-01,2017,11,53,Distrito Federal,85.7787,116.15294,DF,Distrito Federal,Center-West,TRUE,TRUE,mapped
201712,2017-12-01,2017,12,11,Rondônia,102.0832,124.69581,RO,Rondonia,North,TRUE,TRUE,mapped
201712,2017-12-01,2017,12,12,Acre,84.05333,106.86082,AC,Acre,North,TRUE,TRUE,mapped
201712,2017-12-01,2017,12,13,Amazonas,83.54479,110.83526,AM,Amazonas,North,TRUE,TRUE,mapped
201712,2017-12-01,2017,12,14,Roraima,65.22438,88.7178,RR,Roraima,North,TRUE,TRUE,mapped
201712,2017-12-01,2017,12,15,Pará,75.1743,100.76546,PA,Para,North,TRUE,TRUE,mapped
201712,2017-12-01,2017,12,16,Amapá,63.36073,84.02056,AP,Amapa,North,TRUE,TRUE,mapped
201712,2017-12-01,2017,12,17,Tocantins,90.79554,121.57235,TO,Tocantins,North,TRUE,TRUE,mapped
201712,2017-12-01,2017,12,21,Maranhão,79.41356,112.40019,MA,Maranhao,Northeast,TRUE,TRUE,mapped
201712,2017-12-01,2017,12,22,Piauí,81.62494,113.24069,PI,Piaui,Northeast,TRUE,TRUE,mapped
201712,2017-12-01,2017,12,23,Ceará,97.68371,135.38134,CE,Ceara,Northeast,TRUE,TRUE,mapped
201712,2017-12-01,2017,12,24,Rio Grande do Norte,87.26272,125.77134,RN,Rio Grande do Norte,Northeast,TRUE,TRUE,mapped
201712,2017-12-01,2017,12,25,Paraíba,80.23351,110.29364,PB,Paraiba,Northeast,TRUE,TRUE,mapped
201712,2017-12-01,2017,12,26,Pernambuco,94.69164,132.11873,PE,Pernambuco,Northeast,TRUE,TRUE,mapped
201712,2017-12-01,2017,12,27,Alagoas,91.36411,127.3233,AL,Alagoas,Northeast,TRUE,TRUE,mapped
201712,2017-12-01,2017,12,28,Sergipe,92.82887,131.70247,SE,Sergipe,Northeast,TRUE,TRUE,mapped
201712,2017-12-01,2017,12,29,Bahia,99.12384,140.64072,BA,Bahia,Northeast,TRUE,TRUE,mapped
201712,2017-12-01,2017,12,31,Minas Gerais,81.88541,117.79583,MG,Minas Gerais,Southeast,TRUE,TRUE,mapped
201712,2017-12-01,2017,12,32,Espírito Santo,71.45597,97.11455,ES,Espirito Santo,Southeast,TRUE,TRUE,mapped
201712,2017-12-01,2017,12,33,Rio de Janeiro,97.69198,133.94412,RJ,Rio de Janeiro,Southeast,TRUE,TRUE,mapped
201712,2017-12-01,2017,12,35,São Paulo,85.66336,122.41731,SP,Sao Paulo,Southeast,TRUE,TRUE,mapped
201712,2017-12-01,2017,12,41,Paraná,86.60293,125.0367,PR,Parana,South,TRUE,TRUE,mapped
201712,2017-12-01,2017,12,42,Santa Catarina,70.80975,103.36022,SC,Santa Catarina,South,TRUE,TRUE,mapped
201712,2017-12-01,2017,12,43,Rio Grande do Sul,82.92489,116.32972,RS,Rio Grande do Sul,South,TRUE,TRUE,mapped
201712,2017-12-01,2017,12,50,Mato Grosso do Sul,74.07934,103.63221,MS,Mato Grosso do Sul,Center-West,TRUE,TRUE,mapped
201712,2017-12-01,2017,12,51,Mato Grosso,76.93967,105.00421,MT,Mato Grosso,Center-West,TRUE,TRUE,mapped
201712,2017-12-01,2017,12,52,Goiás,93.5385,127.77307,GO,Goias,Center-West,TRUE,TRUE,mapped
201712,2017-12-01,2017,12,53,Distrito Federal,98.64104,133.58719,DF,Distrito Federal,Center-West,TRUE,TRUE,mapped
201801,2018-01-01,2018,1,11,Rondônia,69.84922,85.46408,RO,Rondonia,North,TRUE,TRUE,mapped
201801,2018-01-01,2018,1,12,Acre,61.77724,77.41936,AC,Acre,North,TRUE,TRUE,mapped
201801,2018-01-01,2018,1,13,Amazonas,64.45035,84.10144,AM,Amazonas,North,TRUE,TRUE,mapped
201801,2018-01-01,2018,1,14,Roraima,55.29281,73.76368,RR,Roraima,North,TRUE,TRUE,mapped
201801,2018-01-01,2018,1,15,Pará,55.7345,73.73473,PA,Para,North,TRUE,TRUE,mapped
201801,2018-01-01,2018,1,16,Amapá,57.52202,75.67164,AP,Amapa,North,TRUE,TRUE,mapped
201801,2018-01-01,2018,1,17,Tocantins,65.62969,87.43634,TO,Tocantins,North,TRUE,TRUE,mapped
201801,2018-01-01,2018,1,21,Maranhão,65.96769,92.07507,MA,Maranhao,Northeast,TRUE,TRUE,mapped
201801,2018-01-01,2018,1,22,Piauí,67.73986,92.93859,PI,Piaui,Northeast,TRUE,TRUE,mapped
201801,2018-01-01,2018,1,23,Ceará,76.99675,105.25828,CE,Ceara,Northeast,TRUE,TRUE,mapped
201801,2018-01-01,2018,1,24,Rio Grande do Norte,75.22193,106.87322,RN,Rio Grande do Norte,Northeast,TRUE,TRUE,mapped
201801,2018-01-01,2018,1,25,Paraíba,66.32556,90.51349,PB,Paraiba,Northeast,TRUE,TRUE,mapped
201801,2018-01-01,2018,1,26,Pernambuco,73.50481,101.23144,PE,Pernambuco,Northeast,TRUE,TRUE,mapped
201801,2018-01-01,2018,1,27,Alagoas,72.19168,99.56409,AL,Alagoas,Northeast,TRUE,TRUE,mapped
201801,2018-01-01,2018,1,28,Sergipe,79.39603,111.47606,SE,Sergipe,Northeast,TRUE,TRUE,mapped
201801,2018-01-01,2018,1,29,Bahia,74.5892,104.30728,BA,Bahia,Northeast,TRUE,TRUE,mapped
201801,2018-01-01,2018,1,31,Minas Gerais,63.74103,90.54818,MG,Minas Gerais,Southeast,TRUE,TRUE,mapped
201801,2018-01-01,2018,1,32,Espírito Santo,54.67482,73.0846,ES,Espirito Santo,Southeast,TRUE,TRUE,mapped
201801,2018-01-01,2018,1,33,Rio de Janeiro,72.74395,98.17422,RJ,Rio de Janeiro,Southeast,TRUE,TRUE,mapped
201801,2018-01-01,2018,1,35,São Paulo,64.3829,91.09119,SP,Sao Paulo,Southeast,TRUE,TRUE,mapped
201801,2018-01-01,2018,1,41,Paraná,67.78615,96.39725,PR,Parana,South,TRUE,TRUE,mapped
201801,2018-01-01,2018,1,42,Santa Catarina,61.55002,88.42444,SC,Santa Catarina,South,TRUE,TRUE,mapped
201801,2018-01-01,2018,1,43,Rio Grande do Sul,62.70954,86.50266,RS,Rio Grande do Sul,South,TRUE,TRUE,mapped
201801,2018-01-01,2018,1,50,Mato Grosso do Sul,57.885980000000004,79.78381,MS,Mato Grosso do Sul,Center-West,TRUE,TRUE,mapped
201801,2018-01-01,2018,1,51,Mato Grosso,59.78481,80.00675,MT,Mato Grosso,Center-West,TRUE,TRUE,mapped
201801,2018-01-01,2018,1,52,Goiás,71.13393,96.24443,GO,Goias,Center-West,TRUE,TRUE,mapped
201801,2018-01-01,2018,1,53,Distrito Federal,76.32943,102.64364,DF,Distrito Federal,Center-West,TRUE,TRUE,mapped
201802,2018-02-01,2018,2,11,Rondônia,65.22994,79.76267,RO,Rondonia,North,TRUE,TRUE,mapped
201802,2018-02-01,2018,2,12,Acre,58.25054,72.89399,AC,Acre,North,TRUE,TRUE,mapped
201802,2018-02-01,2018,2,13,Amazonas,59.35625,77.22445,AM,Amazonas,North,TRUE,TRUE,mapped
201802,2018-02-01,2018,2,14,Roraima,54.081,71.92652,RR,Roraima,North,TRUE,TRUE,mapped
201802,2018-02-01,2018,2,15,Pará,49.17258,64.81505,PA,Para,North,TRUE,TRUE,mapped
201802,2018-02-01,2018,2,16,Amapá,56.57793,74.05349,AP,Amapa,North,TRUE,TRUE,mapped
201802,2018-02-01,2018,2,17,Tocantins,69.43685,92.27975,TO,Tocantins,North,TRUE,TRUE,mapped
201802,2018-02-01,2018,2,21,Maranhão,57.80654,80.97103,MA,Maranhao,Northeast,TRUE,TRUE,mapped
201802,2018-02-01,2018,2,22,Piauí,58.65664,81.45243,PI,Piaui,Northeast,TRUE,TRUE,mapped
201802,2018-02-01,2018,2,23,Ceará,67.05465,92.10411,CE,Ceara,Northeast,TRUE,TRUE,mapped
201802,2018-02-01,2018,2,24,Rio Grande do Norte,64.63374,92.22099,RN,Rio Grande do Norte,Northeast,TRUE,TRUE,mapped
201802,2018-02-01,2018,2,25,Paraíba,57.46308,77.99816,PB,Paraiba,Northeast,TRUE,TRUE,mapped
201802,2018-02-01,2018,2,26,Pernambuco,64.29953,88.13822,PE,Pernambuco,Northeast,TRUE,TRUE,mapped
201802,2018-02-01,2018,2,27,Alagoas,63.30259,86.77697,AL,Alagoas,Northeast,TRUE,TRUE,mapped
201802,2018-02-01,2018,2,28,Sergipe,69.12018,96.25964,SE,Sergipe,Northeast,TRUE,TRUE,mapped
201802,2018-02-01,2018,2,29,Bahia,67.69667,93.5725,BA,Bahia,Northeast,TRUE,TRUE,mapped
201802,2018-02-01,2018,2,31,Minas Gerais,57.68272,81.63832,MG,Minas Gerais,Southeast,TRUE,TRUE,mapped
201802,2018-02-01,2018,2,32,Espírito Santo,50.87341,68.39935,ES,Espirito Santo,Southeast,TRUE,TRUE,mapped
201802,2018-02-01,2018,2,33,Rio de Janeiro,66.89653,90.23233,RJ,Rio de Janeiro,Southeast,TRUE,TRUE,mapped
201802,2018-02-01,2018,2,35,São Paulo,57.91426,82.01516,SP,Sao Paulo,Southeast,TRUE,TRUE,mapped
201802,2018-02-01,2018,2,41,Paraná,63.35624,90.22059,PR,Parana,South,TRUE,TRUE,mapped
201802,2018-02-01,2018,2,42,Santa Catarina,55.89421,80.14877,SC,Santa Catarina,South,TRUE,TRUE,mapped
201802,2018-02-01,2018,2,43,Rio Grande do Sul,58.30565,80.26543,RS,Rio Grande do Sul,South,TRUE,TRUE,mapped
201802,2018-02-01,2018,2,50,Mato Grosso do Sul,53.43484,73.67117,MS,Mato Grosso do Sul,Center-West,TRUE,TRUE,mapped
201802,2018-02-01,2018,2,51,Mato Grosso,56.7945,75.90296,MT,Mato Grosso,Center-West,TRUE,TRUE,mapped
201802,2018-02-01,2018,2,52,Goiás,62.92103,85.07477,GO,Goias,Center-West,TRUE,TRUE,mapped
201802,2018-02-01,2018,2,53,Distrito Federal,68.38117,90.81844,DF,Distrito Federal,Center-West,TRUE,TRUE,mapped
201803,2018-03-01,2018,3,11,Rondônia,76.49439,92.25498,RO,Rondonia,North,TRUE,TRUE,mapped
201803,2018-03-01,2018,3,12,Acre,65.75753,82.73173,AC,Acre,North,TRUE,TRUE,mapped
201803,2018-03-01,2018,3,13,Amazonas,66.09576,85.97468,AM,Amazonas,North,TRUE,TRUE,mapped
201803,2018-03-01,2018,3,14,Roraima,58.50883,78.23377,RR,Roraima,North,TRUE,TRUE,mapped
201803,2018-03-01,2018,3,15,Pará,57.52757,76.11334,PA,Para,North,TRUE,TRUE,mapped
201803,2018-03-01,2018,3,16,Amapá,57.4826,75.34188,AP,Amapa,North,TRUE,TRUE,mapped
201803,2018-03-01,2018,3,17,Tocantins,81.58552,108.09097,TO,Tocantins,North,TRUE,TRUE,mapped
201803,2018-03-01,2018,3,21,Maranhão,63.27348,88.74852,MA,Maranhao,Northeast,TRUE,TRUE,mapped
201803,2018-03-01,2018,3,22,Piauí,63.24021,86.20647,PI,Piaui,Northeast,TRUE,TRUE,mapped
201803,2018-03-01,2018,3,23,Ceará,76.77504,105.33938,CE,Ceara,Northeast,TRUE,TRUE,mapped
201803,2018-03-01,2018,3,24,Rio Grande do Norte,74.74233,106.82465,RN,Rio Grande do Norte,Northeast,TRUE,TRUE,mapped
201803,2018-03-01,2018,3,25,Paraíba,67.88173,92.7881,PB,Paraiba,Northeast,TRUE,TRUE,mapped
201803,2018-03-01,2018,3,26,Pernambuco,73.90214,102.25234,PE,Pernambuco,Northeast,TRUE,TRUE,mapped
201803,2018-03-01,2018,3,27,Alagoas,72.26978,99.91992,AL,Alagoas,Northeast,TRUE,TRUE,mapped
201803,2018-03-01,2018,3,28,Sergipe,77.49315,109.31914,SE,Sergipe,Northeast,TRUE,TRUE,mapped
201803,2018-03-01,2018,3,29,Bahia,75.66323,105.41391,BA,Bahia,Northeast,TRUE,TRUE,mapped
201803,2018-03-01,2018,3,31,Minas Gerais,67.07935,94.95693,MG,Minas Gerais,Southeast,TRUE,TRUE,mapped
201803,2018-03-01,2018,3,32,Espírito Santo,60.74541,82.1389,ES,Espirito Santo,Southeast,TRUE,TRUE,mapped
201803,2018-03-01,2018,3,33,Rio de Janeiro,78.0794,105.8881,RJ,Rio de Janeiro,Southeast,TRUE,TRUE,mapped
201803,2018-03-01,2018,3,35,São Paulo,65.0599,92.07658,SP,Sao Paulo,Southeast,TRUE,TRUE,mapped
201803,2018-03-01,2018,3,41,Paraná,74.06429,105.47428,PR,Parana,South,TRUE,TRUE,mapped
201803,2018-03-01,2018,3,42,Santa Catarina,63.07866,90.51296,SC,Santa Catarina,South,TRUE,TRUE,mapped
201803,2018-03-01,2018,3,43,Rio Grande do Sul,68.90544,94.94954,RS,Rio Grande do Sul,South,TRUE,TRUE,mapped
201803,2018-03-01,2018,3,50,Mato Grosso do Sul,62.16572,85.84635,MS,Mato Grosso do Sul,Center-West,TRUE,TRUE,mapped
201803,2018-03-01,2018,3,51,Mato Grosso,64.07433,86.14044,MT,Mato Grosso,Center-West,TRUE,TRUE,mapped
201803,2018-03-01,2018,3,52,Goiás,73.41426,99.47513,GO,Goias,Center-West,TRUE,TRUE,mapped
201803,2018-03-01,2018,3,53,Distrito Federal,85.17643,113.42835,DF,Distrito Federal,Center-West,TRUE,TRUE,mapped
201804,2018-04-01,2018,4,11,Rondônia,72.23101,86.30858,RO,Rondonia,North,TRUE,TRUE,mapped
201804,2018-04-01,2018,4,12,Acre,61.73755,77.08864,AC,Acre,North,TRUE,TRUE,mapped
201804,2018-04-01,2018,4,13,Amazonas,58.65172,76.13667,AM,Amazonas,North,TRUE,TRUE,mapped
201804,2018-04-01,2018,4,14,Roraima,54.59623,72.31523,RR,Roraima,North,TRUE,TRUE,mapped
201804,2018-04-01,2018,4,15,Pará,53.50014,70.36385,PA,Para,North,TRUE,TRUE,mapped
201804,2018-04-01,2018,4,16,Amapá,56.60013,73.78473,AP,Amapa,North,TRUE,TRUE,mapped
201804,2018-04-01,2018,4,17,Tocantins,75.70334,99.77546,TO,Tocantins,North,TRUE,TRUE,mapped
201804,2018-04-01,2018,4,21,Maranhão,59.36332,83.01761,MA,Maranhao,Northeast,TRUE,TRUE,mapped
201804,2018-04-01,2018,4,22,Piauí,60.27848,81.82064,PI,Piaui,Northeast,TRUE,TRUE,mapped
201804,2018-04-01,2018,4,23,Ceará,72.92773,99.82529,CE,Ceara,Northeast,TRUE,TRUE,mapped
201804,2018-04-01,2018,4,24,Rio Grande do Norte,67.01461,95.39306,RN,Rio Grande do Norte,Northeast,TRUE,TRUE,mapped
201804,2018-04-01,2018,4,25,Paraíba,63.53119,86.45375,PB,Paraiba,Northeast,TRUE,TRUE,mapped
201804,2018-04-01,2018,4,26,Pernambuco,67.94317,93.37274,PE,Pernambuco,Northeast,TRUE,TRUE,mapped
201804,2018-04-01,2018,4,27,Alagoas,66.85639,91.75229,AL,Alagoas,Northeast,TRUE,TRUE,mapped
201804,2018-04-01,2018,4,28,Sergipe,71.60494,100.01187,SE,Sergipe,Northeast,TRUE,TRUE,mapped
201804,2018-04-01,2018,4,29,Bahia,70.85935,98.4184,BA,Bahia,Northeast,TRUE,TRUE,mapped
201804,2018-04-01,2018,4,31,Minas Gerais,62.10689,87.28939,MG,Minas Gerais,Southeast,TRUE,TRUE,mapped
201804,2018-04-01,2018,4,32,Espírito Santo,56.07715,75.84705,ES,Espirito Santo,Southeast,TRUE,TRUE,mapped
201804,2018-04-01,2018,4,33,Rio de Janeiro,70.37468,95.16035,RJ,Rio de Janeiro,Southeast,TRUE,TRUE,mapped
201804,2018-04-01,2018,4,35,São Paulo,63.39574,89.28436,SP,Sao Paulo,Southeast,TRUE,TRUE,mapped
201804,2018-04-01,2018,4,41,Paraná,66.66304,94.4227,PR,Parana,South,TRUE,TRUE,mapped
201804,2018-04-01,2018,4,42,Santa Catarina,56.68171,80.96295,SC,Santa Catarina,South,TRUE,TRUE,mapped
201804,2018-04-01,2018,4,43,Rio Grande do Sul,62.23245,85.23882,RS,Rio Grande do Sul,South,TRUE,TRUE,mapped
201804,2018-04-01,2018,4,50,Mato Grosso do Sul,54.85668,75.59443,MS,Mato Grosso do Sul,Center-West,TRUE,TRUE,mapped
201804,2018-04-01,2018,4,51,Mato Grosso,59.90317,80.51286,MT,Mato Grosso,Center-West,TRUE,TRUE,mapped
201804,2018-04-01,2018,4,52,Goiás,72.637,98.31379,GO,Goias,Center-West,TRUE,TRUE,mapped
201804,2018-04-01,2018,4,53,Distrito Federal,79.23299,103.81853,DF,Distrito Federal,Center-West,TRUE,TRUE,mapped
201805,2018-05-01,2018,5,11,Rondônia,79.02505,94.42844,RO,Rondonia,North,TRUE,TRUE,mapped
201805,2018-05-01,2018,5,12,Acre,67.4547,84.23376,AC,Acre,North,TRUE,TRUE,mapped
201805,2018-05-01,2018,5,13,Amazonas,65.32244,84.88693,AM,Amazonas,North,TRUE,TRUE,mapped
201805,2018-05-01,2018,5,14,Roraima,61.03779,80.35801,RR,Roraima,North,TRUE,TRUE,mapped
201805,2018-05-01,2018,5,15,Pará,58.38648,76.75863,PA,Para,North,TRUE,TRUE,mapped
201805,2018-05-01,2018,5,16,Amapá,56.64059,73.80586,AP,Amapa,North,TRUE,TRUE,mapped
201805,2018-05-01,2018,5,17,Tocantins,78.01942,102.08362,TO,Tocantins,North,TRUE,TRUE,mapped
201805,2018-05-01,2018,5,21,Maranhão,64.23886,89.92044,MA,Maranhao,Northeast,TRUE,TRUE,mapped
201805,2018-05-01,2018,5,22,Piauí,67.21546,90.83081,PI,Piaui,Northeast,TRUE,TRUE,mapped
201805,2018-05-01,2018,5,23,Ceará,78.45795,107.54019,CE,Ceara,Northeast,TRUE,TRUE,mapped
201805,2018-05-01,2018,5,24,Rio Grande do Norte,72.05237,102.28067,RN,Rio Grande do Norte,Northeast,TRUE,TRUE,mapped
201805,2018-05-01,2018,5,25,Paraíba,68.1106,91.99951,PB,Paraiba,Northeast,TRUE,TRUE,mapped
201805,2018-05-01,2018,5,26,Pernambuco,72.81051,99.44045,PE,Pernambuco,Northeast,TRUE,TRUE,mapped
201805,2018-05-01,2018,5,27,Alagoas,73.15069,99.66266,AL,Alagoas,Northeast,TRUE,TRUE,mapped
201805,2018-05-01,2018,5,28,Sergipe,77.02423,106.34441,SE,Sergipe,Northeast,TRUE,TRUE,mapped
201805,2018-05-01,2018,5,29,Bahia,73.59416,101.24532,BA,Bahia,Northeast,TRUE,TRUE,mapped
201805,2018-05-01,2018,5,31,Minas Gerais,64.13386,90.29584,MG,Minas Gerais,Southeast,TRUE,TRUE,mapped
201805,2018-05-01,2018,5,32,Espírito Santo,58.93054,79.26243,ES,Espirito Santo,Southeast,TRUE,TRUE,mapped
201805,2018-05-01,2018,5,33,Rio de Janeiro,75.33943,101.42807,RJ,Rio de Janeiro,Southeast,TRUE,TRUE,mapped
201805,2018-05-01,2018,5,35,São Paulo,66.42546,93.36175,SP,Sao Paulo,Southeast,TRUE,TRUE,mapped
201805,2018-05-01,2018,5,41,Paraná,67.95084,95.54114,PR,Parana,South,TRUE,TRUE,mapped
201805,2018-05-01,2018,5,42,Santa Catarina,55.11582,78.1125,SC,Santa Catarina,South,TRUE,TRUE,mapped
201805,2018-05-01,2018,5,43,Rio Grande do Sul,65.70027,89.62471,RS,Rio Grande do Sul,South,TRUE,TRUE,mapped
201805,2018-05-01,2018,5,50,Mato Grosso do Sul,59.35817,81.68064,MS,Mato Grosso do Sul,Center-West,TRUE,TRUE,mapped
201805,2018-05-01,2018,5,51,Mato Grosso,61.26123,82.43973,MT,Mato Grosso,Center-West,TRUE,TRUE,mapped
201805,2018-05-01,2018,5,52,Goiás,75.77039,102.50806,GO,Goias,Center-West,TRUE,TRUE,mapped
201805,2018-05-01,2018,5,53,Distrito Federal,82.34453,107.56465,DF,Distrito Federal,Center-West,TRUE,TRUE,mapped
201806,2018-06-01,2018,6,11,Rondônia,75.80499,89.99409,RO,Rondonia,North,TRUE,TRUE,mapped
201806,2018-06-01,2018,6,12,Acre,64.9053,80.27558,AC,Acre,North,TRUE,TRUE,mapped
201806,2018-06-01,2018,6,13,Amazonas,61.69371,79.50527,AM,Amazonas,North,TRUE,TRUE,mapped
201806,2018-06-01,2018,6,14,Roraima,56.15025,74.04165,RR,Roraima,North,TRUE,TRUE,mapped
201806,2018-06-01,2018,6,15,Pará,56.36784,73.52923,PA,Para,North,TRUE,TRUE,mapped
201806,2018-06-01,2018,6,16,Amapá,55.24177,71.39067,AP,Amapa,North,TRUE,TRUE,mapped
201806,2018-06-01,2018,6,17,Tocantins,77.89262,101.16097,TO,Tocantins,North,TRUE,TRUE,mapped
201806,2018-06-01,2018,6,21,Maranhão,64.69183,88.83697,MA,Maranhao,Northeast,TRUE,TRUE,mapped
201806,2018-06-01,2018,6,22,Piauí,64.10783,85.23053,PI,Piaui,Northeast,TRUE,TRUE,mapped
201806,2018-06-01,2018,6,23,Ceará,76.69742,103.24386,CE,Ceara,Northeast,TRUE,TRUE,mapped
201806,2018-06-01,2018,6,24,Rio Grande do Norte,71.62925,99.78714,RN,Rio Grande do Norte,Northeast,TRUE,TRUE,mapped
201806,2018-06-01,2018,6,25,Paraíba,69.21903,91.73294,PB,Paraiba,Northeast,TRUE,TRUE,mapped
201806,2018-06-01,2018,6,26,Pernambuco,72.6747,97.1322,PE,Pernambuco,Northeast,TRUE,TRUE,mapped
201806,2018-06-01,2018,6,27,Alagoas,70.85072,94.53984,AL,Alagoas,Northeast,TRUE,TRUE,mapped
201806,2018-06-01,2018,6,28,Sergipe,77.08725,104.19512,SE,Sergipe,Northeast,TRUE,TRUE,mapped
201806,2018-06-01,2018,6,29,Bahia,77.0948,105.63869,BA,Bahia,Northeast,TRUE,TRUE,mapped
201806,2018-06-01,2018,6,31,Minas Gerais,62.87334,86.47059,MG,Minas Gerais,Southeast,TRUE,TRUE,mapped
201806,2018-06-01,2018,6,32,Espírito Santo,59.00307,77.8702,ES,Espirito Santo,Southeast,TRUE,TRUE,mapped
201806,2018-06-01,2018,6,33,Rio de Janeiro,73.07591,96.59607,RJ,Rio de Janeiro,Southeast,TRUE,TRUE,mapped
201806,2018-06-01,2018,6,35,São Paulo,65.68781,90.67532,SP,Sao Paulo,Southeast,TRUE,TRUE,mapped
201806,2018-06-01,2018,6,41,Paraná,69.61527,95.35455,PR,Parana,South,TRUE,TRUE,mapped
201806,2018-06-01,2018,6,42,Santa Catarina,56.24992,77.70065,SC,Santa Catarina,South,TRUE,TRUE,mapped
201806,2018-06-01,2018,6,43,Rio Grande do Sul,66.30848,89.03148,RS,Rio Grande do Sul,South,TRUE,TRUE,mapped
201806,2018-06-01,2018,6,50,Mato Grosso do Sul,59.81062,80.67338,MS,Mato Grosso do Sul,Center-West,TRUE,TRUE,mapped
201806,2018-06-01,2018,6,51,Mato Grosso,65.61322,85.92224,MT,Mato Grosso,Center-West,TRUE,TRUE,mapped
201806,2018-06-01,2018,6,52,Goiás,74.80877,99.67899,GO,Goias,Center-West,TRUE,TRUE,mapped
201806,2018-06-01,2018,6,53,Distrito Federal,80.60306,104.21088,DF,Distrito Federal,Center-West,TRUE,TRUE,mapped
201807,2018-07-01,2018,7,11,Rondônia,76.18848,90.42998,RO,Rondonia,North,TRUE,TRUE,mapped
201807,2018-07-01,2018,7,12,Acre,64.68484,79.36575,AC,Acre,North,TRUE,TRUE,mapped
201807,2018-07-01,2018,7,13,Amazonas,62.31999,80.4186,AM,Amazonas,North,TRUE,TRUE,mapped
201807,2018-07-01,2018,7,14,Roraima,57.11196,75.31947,RR,Roraima,North,TRUE,TRUE,mapped
201807,2018-07-01,2018,7,15,Pará,58.10232,75.90108,PA,Para,North,TRUE,TRUE,mapped
201807,2018-07-01,2018,7,16,Amapá,54.19932,69.96192,AP,Amapa,North,TRUE,TRUE,mapped
201807,2018-07-01,2018,7,17,Tocantins,80.61839,104.69423,TO,Tocantins,North,TRUE,TRUE,mapped
201807,2018-07-01,2018,7,21,Maranhão,65.80027,90.83537,MA,Maranhao,Northeast,TRUE,TRUE,mapped
201807,2018-07-01,2018,7,22,Piauí,66.08849,88.63352,PI,Piaui,Northeast,TRUE,TRUE,mapped
201807,2018-07-01,2018,7,23,Ceará,78.4208,106.4327,CE,Ceara,Northeast,TRUE,TRUE,mapped
201807,2018-07-01,2018,7,24,Rio Grande do Norte,70.11069,98.59241,RN,Rio Grande do Norte,Northeast,TRUE,TRUE,mapped
201807,2018-07-01,2018,7,25,Paraíba,63.91859,84.75978,PB,Paraiba,Northeast,TRUE,TRUE,mapped
201807,2018-07-01,2018,7,26,Pernambuco,71.04209,95.62145,PE,Pernambuco,Northeast,TRUE,TRUE,mapped
201807,2018-07-01,2018,7,27,Alagoas,68.57146,91.83331,AL,Alagoas,Northeast,TRUE,TRUE,mapped
201807,2018-07-01,2018,7,28,Sergipe,75.56929,102.64691,SE,Sergipe,Northeast,TRUE,TRUE,mapped
201807,2018-07-01,2018,7,29,Bahia,73.43816,99.60438,BA,Bahia,Northeast,TRUE,TRUE,mapped
201807,2018-07-01,2018,7,31,Minas Gerais,60.77997,83.53326,MG,Minas Gerais,Southeast,TRUE,TRUE,mapped
201807,2018-07-01,2018,7,32,Espírito Santo,59.27916,78.57575,ES,Espirito Santo,Southeast,TRUE,TRUE,mapped
201807,2018-07-01,2018,7,33,Rio de Janeiro,72.35926,96.27919,RJ,Rio de Janeiro,Southeast,TRUE,TRUE,mapped
201807,2018-07-01,2018,7,35,São Paulo,66.50311,91.75977,SP,Sao Paulo,Southeast,TRUE,TRUE,mapped
201807,2018-07-01,2018,7,41,Paraná,68.61013,94.8649,PR,Parana,South,TRUE,TRUE,mapped
201807,2018-07-01,2018,7,42,Santa Catarina,55.53767,77.51776,SC,Santa Catarina,South,TRUE,TRUE,mapped
201807,2018-07-01,2018,7,43,Rio Grande do Sul,62.83685,84.00152,RS,Rio Grande do Sul,South,TRUE,TRUE,mapped
201807,2018-07-01,2018,7,50,Mato Grosso do Sul,60.36437,81.06499,MS,Mato Grosso do Sul,Center-West,TRUE,TRUE,mapped
201807,2018-07-01,2018,7,51,Mato Grosso,64.9308,85.36829,MT,Mato Grosso,Center-West,TRUE,TRUE,mapped
201807,2018-07-01,2018,7,52,Goiás,75.27683,100.15541,GO,Goias,Center-West,TRUE,TRUE,mapped
201807,2018-07-01,2018,7,53,Distrito Federal,79.79999,103.6532,DF,Distrito Federal,Center-West,TRUE,TRUE,mapped
201808,2018-08-01,2018,8,11,Rondônia,79.88677,94.5829,RO,Rondonia,North,TRUE,TRUE,mapped
201808,2018-08-01,2018,8,12,Acre,68.98788,84.99774,AC,Acre,North,TRUE,TRUE,mapped
201808,2018-08-01,2018,8,13,Amazonas,65.73462,84.85956,AM,Amazonas,North,TRUE,TRUE,mapped
201808,2018-08-01,2018,8,14,Roraima,59.97393,79.06464,RR,Roraima,North,TRUE,TRUE,mapped
201808,2018-08-01,2018,8,15,Pará,60.40271,79.2066,PA,Para,North,TRUE,TRUE,mapped
201808,2018-08-01,2018,8,16,Amapá,55.24608,71.42516,AP,Amapa,North,TRUE,TRUE,mapped
201808,2018-08-01,2018,8,17,Tocantins,82.14419,105.66375,TO,Tocantins,North,TRUE,TRUE,mapped
201808,2018-08-01,2018,8,21,Maranhão,69.85558,96.66803,MA,Maranhao,Northeast,TRUE,TRUE,mapped
201808,2018-08-01,2018,8,22,Piauí,66.99841,90.08761,PI,Piaui,Northeast,TRUE,TRUE,mapped
201808,2018-08-01,2018,8,23,Ceará,78.48121,106.86388,CE,Ceara,Northeast,TRUE,TRUE,mapped
201808,2018-08-01,2018,8,24,Rio Grande do Norte,72.19638,102.05101,RN,Rio Grande do Norte,Northeast,TRUE,TRUE,mapped
201808,2018-08-01,2018,8,25,Paraíba,70.1985,93.72506,PB,Paraiba,Northeast,TRUE,TRUE,mapped
201808,2018-08-01,2018,8,26,Pernambuco,73.39,99.2953,PE,Pernambuco,Northeast,TRUE,TRUE,mapped
201808,2018-08-01,2018,8,27,Alagoas,72.57268,97.77218,AL,Alagoas,Northeast,TRUE,TRUE,mapped
201808,2018-08-01,2018,8,28,Sergipe,79.3857,108.42519,SE,Sergipe,Northeast,TRUE,TRUE,mapped
201808,2018-08-01,2018,8,29,Bahia,77.45524,105.28592,BA,Bahia,Northeast,TRUE,TRUE,mapped
201808,2018-08-01,2018,8,31,Minas Gerais,66.41248,91.99586,MG,Minas Gerais,Southeast,TRUE,TRUE,mapped
201808,2018-08-01,2018,8,32,Espírito Santo,61.95097,82.73313,ES,Espirito Santo,Southeast,TRUE,TRUE,mapped
201808,2018-08-01,2018,8,33,Rio de Janeiro,76.65444,102.6332,RJ,Rio de Janeiro,Southeast,TRUE,TRUE,mapped
201808,2018-08-01,2018,8,35,São Paulo,69.23927,95.47441,SP,Sao Paulo,Southeast,TRUE,TRUE,mapped
201808,2018-08-01,2018,8,41,Paraná,72.63485,101.30834,PR,Parana,South,TRUE,TRUE,mapped
201808,2018-08-01,2018,8,42,Santa Catarina,56.64266,79.71581,SC,Santa Catarina,South,TRUE,TRUE,mapped
201808,2018-08-01,2018,8,43,Rio Grande do Sul,68.47441,91.727,RS,Rio Grande do Sul,South,TRUE,TRUE,mapped
201808,2018-08-01,2018,8,50,Mato Grosso do Sul,63.42607,85.081,MS,Mato Grosso do Sul,Center-West,TRUE,TRUE,mapped
201808,2018-08-01,2018,8,51,Mato Grosso,65.89188,86.87079,MT,Mato Grosso,Center-West,TRUE,TRUE,mapped
201808,2018-08-01,2018,8,52,Goiás,78.43341,104.5614,GO,Goias,Center-West,TRUE,TRUE,mapped
201808,2018-08-01,2018,8,53,Distrito Federal,81.99834,107.36011,DF,Distrito Federal,Center-West,TRUE,TRUE,mapped
201809,2018-09-01,2018,9,11,Rondônia,78.28304,94.77517,RO,Rondonia,North,TRUE,TRUE,mapped
201809,2018-09-01,2018,9,12,Acre,68.80688,84.58349,AC,Acre,North,TRUE,TRUE,mapped
201809,2018-09-01,2018,9,13,Amazonas,63.74409,82.24956,AM,Amazonas,North,TRUE,TRUE,mapped
201809,2018-09-01,2018,9,14,Roraima,58.62799,76.36231,RR,Roraima,North,TRUE,TRUE,mapped
201809,2018-09-01,2018,9,15,Pará,57.34949,75.28583,PA,Para,North,TRUE,TRUE,mapped
201809,2018-09-01,2018,9,16,Amapá,53.95184,70.00339,AP,Amapa,North,TRUE,TRUE,mapped
201809,2018-09-01,2018,9,17,Tocantins,79.34165,101.10223,TO,Tocantins,North,TRUE,TRUE,mapped
201809,2018-09-01,2018,9,21,Maranhão,62.75999,86.57537,MA,Maranhao,Northeast,TRUE,TRUE,mapped
201809,2018-09-01,2018,9,22,Piauí,62.62596,84.24939,PI,Piaui,Northeast,TRUE,TRUE,mapped
201809,2018-09-01,2018,9,23,Ceará,75.34587,101.98684,CE,Ceara,Northeast,TRUE,TRUE,mapped
201809,2018-09-01,2018,9,24,Rio Grande do Norte,70.9218,99.47967,RN,Rio Grande do Norte,Northeast,TRUE,TRUE,mapped
201809,2018-09-01,2018,9,25,Paraíba,62.37812,82.61703,PB,Paraiba,Northeast,TRUE,TRUE,mapped
201809,2018-09-01,2018,9,26,Pernambuco,72.03087,97.1197,PE,Pernambuco,Northeast,TRUE,TRUE,mapped
201809,2018-09-01,2018,9,27,Alagoas,69.55106,93.3264,AL,Alagoas,Northeast,TRUE,TRUE,mapped
201809,2018-09-01,2018,9,28,Sergipe,77.02686,104.55862,SE,Sergipe,Northeast,TRUE,TRUE,mapped
201809,2018-09-01,2018,9,29,Bahia,74.20546,100.12476,BA,Bahia,Northeast,TRUE,TRUE,mapped
201809,2018-09-01,2018,9,31,Minas Gerais,61.31652,84.35539,MG,Minas Gerais,Southeast,TRUE,TRUE,mapped
201809,2018-09-01,2018,9,32,Espírito Santo,58.34241,77.30383,ES,Espirito Santo,Southeast,TRUE,TRUE,mapped
201809,2018-09-01,2018,9,33,Rio de Janeiro,72.56412,96.85555,RJ,Rio de Janeiro,Southeast,TRUE,TRUE,mapped
201809,2018-09-01,2018,9,35,São Paulo,66.62585,91.40347,SP,Sao Paulo,Southeast,TRUE,TRUE,mapped
201809,2018-09-01,2018,9,41,Paraná,70.25528,96.80388,PR,Parana,South,TRUE,TRUE,mapped
201809,2018-09-01,2018,9,42,Santa Catarina,56.58362,78.83635,SC,Santa Catarina,South,TRUE,TRUE,mapped
201809,2018-09-01,2018,9,43,Rio Grande do Sul,66.28462,87.74014,RS,Rio Grande do Sul,South,TRUE,TRUE,mapped
201809,2018-09-01,2018,9,50,Mato Grosso do Sul,63.99756,84.93248,MS,Mato Grosso do Sul,Center-West,TRUE,TRUE,mapped
201809,2018-09-01,2018,9,51,Mato Grosso,65.03558,84.70871,MT,Mato Grosso,Center-West,TRUE,TRUE,mapped
201809,2018-09-01,2018,9,52,Goiás,74.67938,98.18893,GO,Goias,Center-West,TRUE,TRUE,mapped
201809,2018-09-01,2018,9,53,Distrito Federal,79.47079,101.93493,DF,Distrito Federal,Center-West,TRUE,TRUE,mapped
201810,2018-10-01,2018,10,11,Rondônia,81.56796,96.5191,RO,Rondonia,North,TRUE,TRUE,mapped
201810,2018-10-01,2018,10,12,Acre,71.55018,87.50054,AC,Acre,North,TRUE,TRUE,mapped
201810,2018-10-01,2018,10,13,Amazonas,67.1606,86.38633,AM,Amazonas,North,TRUE,TRUE,mapped
201810,2018-10-01,2018,10,14,Roraima,62.79141,81.37346,RR,Roraima,North,TRUE,TRUE,mapped
201810,2018-10-01,2018,10,15,Pará,60.764,79.31425,PA,Para,North,TRUE,TRUE,mapped
201810,2018-10-01,2018,10,16,Amapá,56.3854,72.84058,AP,Amapa,North,TRUE,TRUE,mapped
201810,2018-10-01,2018,10,17,Tocantins,83.82442,105.93992,TO,Tocantins,North,TRUE,TRUE,mapped
201810,2018-10-01,2018,10,21,Maranhão,66.53865,90.75486,MA,Maranhao,Northeast,TRUE,TRUE,mapped
201810,2018-10-01,2018,10,22,Piauí,63.61786,84.66245,PI,Piaui,Northeast,TRUE,TRUE,mapped
201810,2018-10-01,2018,10,23,Ceará,77.77607,104.2175,CE,Ceara,Northeast,TRUE,TRUE,mapped
201810,2018-10-01,2018,10,24,Rio Grande do Norte,71.88091,99.70591,RN,Rio Grande do Norte,Northeast,TRUE,TRUE,mapped
201810,2018-10-01,2018,10,25,Paraíba,64.44554,84.65372,PB,Paraiba,Northeast,TRUE,TRUE,mapped
201810,2018-10-01,2018,10,26,Pernambuco,74.68038,99.80468,PE,Pernambuco,Northeast,TRUE,TRUE,mapped
201810,2018-10-01,2018,10,27,Alagoas,73.00881,97.17567,AL,Alagoas,Northeast,TRUE,TRUE,mapped
201810,2018-10-01,2018,10,28,Sergipe,80.11727,107.34566,SE,Sergipe,Northeast,TRUE,TRUE,mapped
201810,2018-10-01,2018,10,29,Bahia,76.24647,101.89041,BA,Bahia,Northeast,TRUE,TRUE,mapped
201810,2018-10-01,2018,10,31,Minas Gerais,67.64539,92.54088,MG,Minas Gerais,Southeast,TRUE,TRUE,mapped
201810,2018-10-01,2018,10,32,Espírito Santo,63.15276,83.50785,ES,Espirito Santo,Southeast,TRUE,TRUE,mapped
201810,2018-10-01,2018,10,33,Rio de Janeiro,75.97472,100.78806,RJ,Rio de Janeiro,Southeast,TRUE,TRUE,mapped
201810,2018-10-01,2018,10,35,São Paulo,67.93185,92.61655,SP,Sao Paulo,Southeast,TRUE,TRUE,mapped
201810,2018-10-01,2018,10,41,Paraná,72.53441,98.94495,PR,Parana,South,TRUE,TRUE,mapped
201810,2018-10-01,2018,10,42,Santa Catarina,61.09248,84.27082,SC,Santa Catarina,South,TRUE,TRUE,mapped
201810,2018-10-01,2018,10,43,Rio Grande do Sul,70.65322,92.45328,RS,Rio Grande do Sul,South,TRUE,TRUE,mapped
201810,2018-10-01,2018,10,50,Mato Grosso do Sul,66.35103,87.45841,MS,Mato Grosso do Sul,Center-West,TRUE,TRUE,mapped
201810,2018-10-01,2018,10,51,Mato Grosso,68.91588,88.66514,MT,Mato Grosso,Center-West,TRUE,TRUE,mapped
201810,2018-10-01,2018,10,52,Goiás,79.25228,103.0737,GO,Goias,Center-West,TRUE,TRUE,mapped
201810,2018-10-01,2018,10,53,Distrito Federal,80.27557,101.74841,DF,Distrito Federal,Center-West,TRUE,TRUE,mapped
201811,2018-11-01,2018,11,11,Rondônia,93.67905,111.76947,RO,Rondonia,North,TRUE,TRUE,mapped
201811,2018-11-01,2018,11,12,Acre,78.09537,97.27689,AC,Acre,North,TRUE,TRUE,mapped
201811,2018-11-01,2018,11,13,Amazonas,72.7255,94.57337,AM,Amazonas,North,TRUE,TRUE,mapped
201811,2018-11-01,2018,11,14,Roraima,62.82979,81.88238,RR,Roraima,North,TRUE,TRUE,mapped
201811,2018-11-01,2018,11,15,Pará,66.58826,87.70338,PA,Para,North,TRUE,TRUE,mapped
201811,2018-11-01,2018,11,16,Amapá,61.16244,79.54388,AP,Amapa,North,TRUE,TRUE,mapped
201811,2018-11-01,2018,11,17,Tocantins,91.6516,117.37457,TO,Tocantins,North,TRUE,TRUE,mapped
201811,2018-11-01,2018,11,21,Maranhão,73.41978,100.90087,MA,Maranhao,Northeast,TRUE,TRUE,mapped
201811,2018-11-01,2018,11,22,Piauí,69.6464,93.59246,PI,Piaui,Northeast,TRUE,TRUE,mapped
201811,2018-11-01,2018,11,23,Ceará,84.55235,114.7733,CE,Ceara,Northeast,TRUE,TRUE,mapped
201811,2018-11-01,2018,11,24,Rio Grande do Norte,77.48325,108.35971,RN,Rio Grande do Norte,Northeast,TRUE,TRUE,mapped
201811,2018-11-01,2018,11,25,Paraíba,71.68526,95.04068,PB,Paraiba,Northeast,TRUE,TRUE,mapped
201811,2018-11-01,2018,11,26,Pernambuco,85.38714,115.4535,PE,Pernambuco,Northeast,TRUE,TRUE,mapped
201811,2018-11-01,2018,11,27,Alagoas,79.81514,107.38859,AL,Alagoas,Northeast,TRUE,TRUE,mapped
201811,2018-11-01,2018,11,28,Sergipe,87.8908,119.63185,SE,Sergipe,Northeast,TRUE,TRUE,mapped
201811,2018-11-01,2018,11,29,Bahia,89.99626,122.95145,BA,Bahia,Northeast,TRUE,TRUE,mapped
201811,2018-11-01,2018,11,31,Minas Gerais,70.65277,97.66387,MG,Minas Gerais,Southeast,TRUE,TRUE,mapped
201811,2018-11-01,2018,11,32,Espírito Santo,66.00172,88.10424,ES,Espirito Santo,Southeast,TRUE,TRUE,mapped
201811,2018-11-01,2018,11,33,Rio de Janeiro,82.9484,110.84963,RJ,Rio de Janeiro,Southeast,TRUE,TRUE,mapped
201811,2018-11-01,2018,11,35,São Paulo,74.48961,103.17103,SP,Sao Paulo,Southeast,TRUE,TRUE,mapped
201811,2018-11-01,2018,11,41,Paraná,76.1615,105.24015,PR,Parana,South,TRUE,TRUE,mapped
201811,2018-11-01,2018,11,42,Santa Catarina,65.86599,92.24293,SC,Santa Catarina,South,TRUE,TRUE,mapped
201811,2018-11-01,2018,11,43,Rio Grande do Sul,72.9617,96.47716,RS,Rio Grande do Sul,South,TRUE,TRUE,mapped
201811,2018-11-01,2018,11,50,Mato Grosso do Sul,68.68178,92.04473,MS,Mato Grosso do Sul,Center-West,TRUE,TRUE,mapped
201811,2018-11-01,2018,11,51,Mato Grosso,70.21735,92.40183,MT,Mato Grosso,Center-West,TRUE,TRUE,mapped
201811,2018-11-01,2018,11,52,Goiás,89.23445,118.26799,GO,Goias,Center-West,TRUE,TRUE,mapped
201811,2018-11-01,2018,11,53,Distrito Federal,88.72341,115.15739,DF,Distrito Federal,Center-West,TRUE,TRUE,mapped
201812,2018-12-01,2018,12,11,Rondônia,107.45132,128.4535,RO,Rondonia,North,TRUE,TRUE,mapped
201812,2018-12-01,2018,12,12,Acre,89.50052,111.31863,AC,Acre,North,TRUE,TRUE,mapped
201812,2018-12-01,2018,12,13,Amazonas,84.69184,110.39683,AM,Amazonas,North,TRUE,TRUE,mapped
201812,2018-12-01,2018,12,14,Roraima,72.22372,95.26858,RR,Roraima,North,TRUE,TRUE,mapped
201812,2018-12-01,2018,12,15,Pará,79.97579,105.27495,PA,Para,North,TRUE,TRUE,mapped
201812,2018-12-01,2018,12,16,Amapá,64.38668,83.21445,AP,Amapa,North,TRUE,TRUE,mapped
201812,2018-12-01,2018,12,17,Tocantins,94.50162,121.46791,TO,Tocantins,North,TRUE,TRUE,mapped
201812,2018-12-01,2018,12,21,Maranhão,83.9043,116.00214,MA,Maranhao,Northeast,TRUE,TRUE,mapped
201812,2018-12-01,2018,12,22,Piauí,79.42271,107.03503,PI,Piaui,Northeast,TRUE,TRUE,mapped
201812,2018-12-01,2018,12,23,Ceará,98.37692,133.70091,CE,Ceara,Northeast,TRUE,TRUE,mapped
201812,2018-12-01,2018,12,24,Rio Grande do Norte,91.21085,127.83921,RN,Rio Grande do Norte,Northeast,TRUE,TRUE,mapped
201812,2018-12-01,2018,12,25,Paraíba,82.60647,110.04345000000001,PB,Paraiba,Northeast,TRUE,TRUE,mapped
201812,2018-12-01,2018,12,26,Pernambuco,97.33491,131.76496,PE,Pernambuco,Northeast,TRUE,TRUE,mapped
201812,2018-12-01,2018,12,27,Alagoas,92.64837,125.35767,AL,Alagoas,Northeast,TRUE,TRUE,mapped
201812,2018-12-01,2018,12,28,Sergipe,96.55851,132.45486,SE,Sergipe,Northeast,TRUE,TRUE,mapped
201812,2018-12-01,2018,12,29,Bahia,102.06843,139.45011,BA,Bahia,Northeast,TRUE,TRUE,mapped
201812,2018-12-01,2018,12,31,Minas Gerais,79.25493,109.85581,MG,Minas Gerais,Southeast,TRUE,TRUE,mapped
201812,2018-12-01,2018,12,32,Espírito Santo,76.82991,101.90796,ES,Espirito Santo,Southeast,TRUE,TRUE,mapped
201812,2018-12-01,2018,12,33,Rio de Janeiro,101.20378,134.88001,RJ,Rio de Janeiro,Southeast,TRUE,TRUE,mapped
201812,2018-12-01,2018,12,35,São Paulo,89.56441,124.1936,SP,Sao Paulo,Southeast,TRUE,TRUE,mapped
201812,2018-12-01,2018,12,41,Paraná,92.31916,129.2139,PR,Parana,South,TRUE,TRUE,mapped
201812,2018-12-01,2018,12,42,Santa Catarina,78.04118,110.14998,SC,Santa Catarina,South,TRUE,TRUE,mapped
201812,2018-12-01,2018,12,43,Rio Grande do Sul,88.65348,118.64395,RS,Rio Grande do Sul,South,TRUE,TRUE,mapped
201812,2018-12-01,2018,12,50,Mato Grosso do Sul,79.63475,107.46805,MS,Mato Grosso do Sul,Center-West,TRUE,TRUE,mapped
201812,2018-12-01,2018,12,51,Mato Grosso,78.50497,104.32261,MT,Mato Grosso,Center-West,TRUE,TRUE,mapped
201812,2018-12-01,2018,12,52,Goiás,97.92954,129.64494,GO,Goias,Center-West,TRUE,TRUE,mapped
201812,2018-12-01,2018,12,53,Distrito Federal,98.58774,129.46988,DF,Distrito Federal,Center-West,TRUE,TRUE,mapped
201901,2019-01-01,2019,1,11,Rondônia,74.39876,88.86877,RO,Rondonia,North,TRUE,TRUE,mapped
201901,2019-01-01,2019,1,12,Acre,66.98351,83.072,AC,Acre,North,TRUE,TRUE,mapped
201901,2019-01-01,2019,1,13,Amazonas,62.82297,81.47683,AM,Amazonas,North,TRUE,TRUE,mapped
201901,2019-01-01,2019,1,14,Roraima,57.97249,75.97588,RR,Roraima,North,TRUE,TRUE,mapped
201901,2019-01-01,2019,1,15,Pará,58.6504,76.31648,PA,Para,North,TRUE,TRUE,mapped
201901,2019-01-01,2019,1,16,Amapá,60.61856,78.00028,AP,Amapa,North,TRUE,TRUE,mapped
201901,2019-01-01,2019,1,17,Tocantins,64.38694,83.02544,TO,Tocantins,North,TRUE,TRUE,mapped
201901,2019-01-01,2019,1,21,Maranhão,66.05913,90.51616,MA,Maranhao,Northeast,TRUE,TRUE,mapped
201901,2019-01-01,2019,1,22,Piauí,64.74213,86.49826,PI,Piaui,Northeast,TRUE,TRUE,mapped
201901,2019-01-01,2019,1,23,Ceará,77.50442,104.37097,CE,Ceara,Northeast,TRUE,TRUE,mapped
201901,2019-01-01,2019,1,24,Rio Grande do Norte,74.62343,103.69044,RN,Rio Grande do Norte,Northeast,TRUE,TRUE,mapped
201901,2019-01-01,2019,1,25,Paraíba,65.7518,86.7879,PB,Paraiba,Northeast,TRUE,TRUE,mapped
201901,2019-01-01,2019,1,26,Pernambuco,73.03812,97.65513,PE,Pernambuco,Northeast,TRUE,TRUE,mapped
201901,2019-01-01,2019,1,27,Alagoas,72.64532,97.11818,AL,Alagoas,Northeast,TRUE,TRUE,mapped
201901,2019-01-01,2019,1,28,Sergipe,79.80763,108.58066,SE,Sergipe,Northeast,TRUE,TRUE,mapped
201901,2019-01-01,2019,1,29,Bahia,77.14194,103.92896,BA,Bahia,Northeast,TRUE,TRUE,mapped
201901,2019-01-01,2019,1,31,Minas Gerais,65.42721,89.28928,MG,Minas Gerais,Southeast,TRUE,TRUE,mapped
201901,2019-01-01,2019,1,32,Espírito Santo,61.50287,80.08875,ES,Espirito Santo,Southeast,TRUE,TRUE,mapped
201901,2019-01-01,2019,1,33,Rio de Janeiro,75.10358,98.57583,RJ,Rio de Janeiro,Southeast,TRUE,TRUE,mapped
201901,2019-01-01,2019,1,35,São Paulo,68.18911,93.87896,SP,Sao Paulo,Southeast,TRUE,TRUE,mapped
201901,2019-01-01,2019,1,41,Paraná,69.81599,97.27423,PR,Parana,South,TRUE,TRUE,mapped
201901,2019-01-01,2019,1,42,Santa Catarina,68.39785,95.76342,SC,Santa Catarina,South,TRUE,TRUE,mapped
201901,2019-01-01,2019,1,43,Rio Grande do Sul,68.07809,90.83868,RS,Rio Grande do Sul,South,TRUE,TRUE,mapped
201901,2019-01-01,2019,1,50,Mato Grosso do Sul,63.2806,85.19983,MS,Mato Grosso do Sul,Center-West,TRUE,TRUE,mapped
201901,2019-01-01,2019,1,51,Mato Grosso,65.26069,85.93739,MT,Mato Grosso,Center-West,TRUE,TRUE,mapped
201901,2019-01-01,2019,1,52,Goiás,75.78673,100.38378,GO,Goias,Center-West,TRUE,TRUE,mapped
201901,2019-01-01,2019,1,53,Distrito Federal,75.60676,99.76754,DF,Distrito Federal,Center-West,TRUE,TRUE,mapped
201902,2019-02-01,2019,2,11,Rondônia,69.91457,83.27224,RO,Rondonia,North,TRUE,TRUE,mapped
201902,2019-02-01,2019,2,12,Acre,63.67531,78.59344,AC,Acre,North,TRUE,TRUE,mapped
201902,2019-02-01,2019,2,13,Amazonas,58.97691,76.03874,AM,Amazonas,North,TRUE,TRUE,mapped
201902,2019-02-01,2019,2,14,Roraima,53.35957,69.74148,RR,Roraima,North,TRUE,TRUE,mapped
201902,2019-02-01,2019,2,15,Pará,54.40381,70.15486,PA,Para,North,TRUE,TRUE,mapped
201902,2019-02-01,2019,2,16,Amapá,58.95849,75.13149,AP,Amapa,North,TRUE,TRUE,mapped
201902,2019-02-01,2019,2,17,Tocantins,76.22211,96.6186,TO,Tocantins,North,TRUE,TRUE,mapped
201902,2019-02-01,2019,2,21,Maranhão,61.15192,83.50277,MA,Maranhao,Northeast,TRUE,TRUE,mapped
201902,2019-02-01,2019,2,22,Piauí,56.93057,75.90384,PI,Piaui,Northeast,TRUE,TRUE,mapped
201902,2019-02-01,2019,2,23,Ceará,70.30326,94.30524,CE,Ceara,Northeast,TRUE,TRUE,mapped
201902,2019-02-01,2019,2,24,Rio Grande do Norte,69.37617,96.14912,RN,Rio Grande do Norte,Northeast,TRUE,TRUE,mapped
201902,2019-02-01,2019,2,25,Paraíba,58.94492,77.24468,PB,Paraiba,Northeast,TRUE,TRUE,mapped
201902,2019-02-01,2019,2,26,Pernambuco,68.61983,91.0237,PE,Pernambuco,Northeast,TRUE,TRUE,mapped
201902,2019-02-01,2019,2,27,Alagoas,65.764,87.36007,AL,Alagoas,Northeast,TRUE,TRUE,mapped
201902,2019-02-01,2019,2,28,Sergipe,72.16453,97.54059,SE,Sergipe,Northeast,TRUE,TRUE,mapped
201902,2019-02-01,2019,2,29,Bahia,73.40747,98.97705,BA,Bahia,Northeast,TRUE,TRUE,mapped
201902,2019-02-01,2019,2,31,Minas Gerais,60.60317,82.0168,MG,Minas Gerais,Southeast,TRUE,TRUE,mapped
201902,2019-02-01,2019,2,32,Espírito Santo,59.25389,77.17993,ES,Espirito Santo,Southeast,TRUE,TRUE,mapped
201902,2019-02-01,2019,2,33,Rio de Janeiro,71.87686,93.69287,RJ,Rio de Janeiro,Southeast,TRUE,TRUE,mapped
201902,2019-02-01,2019,2,35,São Paulo,63.09218,86.03356,SP,Sao Paulo,Southeast,TRUE,TRUE,mapped
201902,2019-02-01,2019,2,41,Paraná,64.90718,89.93466,PR,Parana,South,TRUE,TRUE,mapped
201902,2019-02-01,2019,2,42,Santa Catarina,61.56683,85.53742,SC,Santa Catarina,South,TRUE,TRUE,mapped
201902,2019-02-01,2019,2,43,Rio Grande do Sul,63.27056,84.38297,RS,Rio Grande do Sul,South,TRUE,TRUE,mapped
201902,2019-02-01,2019,2,50,Mato Grosso do Sul,58.44752,77.41508,MS,Mato Grosso do Sul,Center-West,TRUE,TRUE,mapped
201902,2019-02-01,2019,2,51,Mato Grosso,62.24539,80.8684,MT,Mato Grosso,Center-West,TRUE,TRUE,mapped
201902,2019-02-01,2019,2,52,Goiás,70.21518,91.64523,GO,Goias,Center-West,TRUE,TRUE,mapped
201902,2019-02-01,2019,2,53,Distrito Federal,73.45926,96.80293,DF,Distrito Federal,Center-West,TRUE,TRUE,mapped
201903,2019-03-01,2019,3,11,Rondônia,75.59679,90.01189,RO,Rondonia,North,TRUE,TRUE,mapped
201903,2019-03-01,2019,3,12,Acre,70.71757,86.84639,AC,Acre,North,TRUE,TRUE,mapped
201903,2019-03-01,2019,3,13,Amazonas,66.67878,85.1832,AM,Amazonas,North,TRUE,TRUE,mapped
201903,2019-03-01,2019,3,14,Roraima,57.61028,74.8057,RR,Roraima,North,TRUE,TRUE,mapped
201903,2019-03-01,2019,3,15,Pará,60.40473,77.29877,PA,Para,North,TRUE,TRUE,mapped
201903,2019-03-01,2019,3,16,Amapá,60.33261,76.30318,AP,Amapa,North,TRUE,TRUE,mapped
201903,2019-03-01,2019,3,17,Tocantins,87.31416,110.20948,TO,Tocantins,North,TRUE,TRUE,mapped
201903,2019-03-01,2019,3,21,Maranhão,65.24944,87.01009,MA,Maranhao,Northeast,TRUE,TRUE,mapped
201903,2019-03-01,2019,3,22,Piauí,61.22906,79.54765,PI,Piaui,Northeast,TRUE,TRUE,mapped
201903,2019-03-01,2019,3,23,Ceará,75.65454,99.39882,CE,Ceara,Northeast,TRUE,TRUE,mapped
201903,2019-03-01,2019,3,24,Rio Grande do Norte,73.65897,99.59285,RN,Rio Grande do Norte,Northeast,TRUE,TRUE,mapped
201903,2019-03-01,2019,3,25,Paraíba,64.05586,82.88441,PB,Paraiba,Northeast,TRUE,TRUE,mapped
201903,2019-03-01,2019,3,26,Pernambuco,72.86743,95.45793,PE,Pernambuco,Northeast,TRUE,TRUE,mapped
201903,2019-03-01,2019,3,27,Alagoas,70.77095,92.75631,AL,Alagoas,Northeast,TRUE,TRUE,mapped
201903,2019-03-01,2019,3,28,Sergipe,78.32179,104.29496,SE,Sergipe,Northeast,TRUE,TRUE,mapped
201903,2019-03-01,2019,3,29,Bahia,76.05446,100.90943,BA,Bahia,Northeast,TRUE,TRUE,mapped
201903,2019-03-01,2019,3,31,Minas Gerais,66.24392,88.67569,MG,Minas Gerais,Southeast,TRUE,TRUE,mapped
201903,2019-03-01,2019,3,32,Espírito Santo,65.38297,84.23462,ES,Espirito Santo,Southeast,TRUE,TRUE,mapped
201903,2019-03-01,2019,3,33,Rio de Janeiro,77.10946,98.98115,RJ,Rio de Janeiro,Southeast,TRUE,TRUE,mapped
201903,2019-03-01,2019,3,35,São Paulo,65.33709,88.45264,SP,Sao Paulo,Southeast,TRUE,TRUE,mapped
201903,2019-03-01,2019,3,41,Paraná,70.43448,95.97455,PR,Parana,South,TRUE,TRUE,mapped
201903,2019-03-01,2019,3,42,Santa Catarina,66.77734,91.3018,SC,Santa Catarina,South,TRUE,TRUE,mapped
201903,2019-03-01,2019,3,43,Rio Grande do Sul,70.46965,91.90137,RS,Rio Grande do Sul,South,TRUE,TRUE,mapped
201903,2019-03-01,2019,3,50,Mato Grosso do Sul,61.78688,81.78307,MS,Mato Grosso do Sul,Center-West,TRUE,TRUE,mapped
201903,2019-03-01,2019,3,51,Mato Grosso,65.35411,85.32771,MT,Mato Grosso,Center-West,TRUE,TRUE,mapped
201903,2019-03-01,2019,3,52,Goiás,76.54414,99.77367,GO,Goias,Center-West,TRUE,TRUE,mapped
201903,2019-03-01,2019,3,53,Distrito Federal,82.05556,105.77038,DF,Distrito Federal,Center-West,TRUE,TRUE,mapped
201904,2019-04-01,2019,4,11,Rondônia,73.49681,86.75601,RO,Rondonia,North,TRUE,TRUE,mapped
201904,2019-04-01,2019,4,12,Acre,67.35157,81.53686,AC,Acre,North,TRUE,TRUE,mapped
201904,2019-04-01,2019,4,13,Amazonas,64.33806,81.23911,AM,Amazonas,North,TRUE,TRUE,mapped
201904,2019-04-01,2019,4,14,Roraima,61.14135,77.9766,RR,Roraima,North,TRUE,TRUE,mapped
201904,2019-04-01,2019,4,15,Pará,58.51335,74.12294,PA,Para,North,TRUE,TRUE,mapped
201904,2019-04-01,2019,4,16,Amapá,63.74237,79.99426,AP,Amapa,North,TRUE,TRUE,mapped
201904,2019-04-01,2019,4,17,Tocantins,85.47952,106.81908,TO,Tocantins,North,TRUE,TRUE,mapped
201904,2019-04-01,2019,4,21,Maranhão,65.09044,86.27461,MA,Maranhao,Northeast,TRUE,TRUE,mapped
201904,2019-04-01,2019,4,22,Piauí,60.48682,77.86469,PI,Piaui,Northeast,TRUE,TRUE,mapped
201904,2019-04-01,2019,4,23,Ceará,76.59465,100.00069,CE,Ceara,Northeast,TRUE,TRUE,mapped
201904,2019-04-01,2019,4,24,Rio Grande do Norte,72.14839,96.6701,RN,Rio Grande do Norte,Northeast,TRUE,TRUE,mapped
201904,2019-04-01,2019,4,25,Paraíba,63.5998,81.52073,PB,Paraiba,Northeast,TRUE,TRUE,mapped
201904,2019-04-01,2019,4,26,Pernambuco,73.49391,95.56662,PE,Pernambuco,Northeast,TRUE,TRUE,mapped
201904,2019-04-01,2019,4,27,Alagoas,70.28935,91.31254,AL,Alagoas,Northeast,TRUE,TRUE,mapped
201904,2019-04-01,2019,4,28,Sergipe,78.1568,102.97897,SE,Sergipe,Northeast,TRUE,TRUE,mapped
201904,2019-04-01,2019,4,29,Bahia,76.37217,100.52415,BA,Bahia,Northeast,TRUE,TRUE,mapped
201904,2019-04-01,2019,4,31,Minas Gerais,64.82715,86.40956,MG,Minas Gerais,Southeast,TRUE,TRUE,mapped
201904,2019-04-01,2019,4,32,Espírito Santo,63.56264,81.4607,ES,Espirito Santo,Southeast,TRUE,TRUE,mapped
201904,2019-04-01,2019,4,33,Rio de Janeiro,74.38202,95.05244,RJ,Rio de Janeiro,Southeast,TRUE,TRUE,mapped
201904,2019-04-01,2019,4,35,São Paulo,68.02001,91.07395,SP,Sao Paulo,Southeast,TRUE,TRUE,mapped
201904,2019-04-01,2019,4,41,Paraná,69.61756,93.92873,PR,Parana,South,TRUE,TRUE,mapped
201904,2019-04-01,2019,4,42,Santa Catarina,64.06547,86.65001,SC,Santa Catarina,South,TRUE,TRUE,mapped
201904,2019-04-01,2019,4,43,Rio Grande do Sul,70.08208,90.1398,RS,Rio Grande do Sul,South,TRUE,TRUE,mapped
201904,2019-04-01,2019,4,50,Mato Grosso do Sul,60.13546,78.6334,MS,Mato Grosso do Sul,Center-West,TRUE,TRUE,mapped
201904,2019-04-01,2019,4,51,Mato Grosso,63.56755,82.02765,MT,Mato Grosso,Center-West,TRUE,TRUE,mapped
201904,2019-04-01,2019,4,52,Goiás,74.36231,95.80227,GO,Goias,Center-West,TRUE,TRUE,mapped
201904,2019-04-01,2019,4,53,Distrito Federal,81.26448,102.50007,DF,Distrito Federal,Center-West,TRUE,TRUE,mapped
201905,2019-05-01,2019,5,11,Rondônia,79.46814,94.12671,RO,Rondonia,North,TRUE,TRUE,mapped
201905,2019-05-01,2019,5,12,Acre,74.0703,89.64388,AC,Acre,North,TRUE,TRUE,mapped
201905,2019-05-01,2019,5,13,Amazonas,69.56966,87.51558,AM,Amazonas,North,TRUE,TRUE,mapped
201905,2019-05-01,2019,5,14,Roraima,64.45073,82.20942,RR,Roraima,North,TRUE,TRUE,mapped
201905,2019-05-01,2019,5,15,Pará,61.64692,78.18528,PA,Para,North,TRUE,TRUE,mapped
201905,2019-05-01,2019,5,16,Amapá,70.48488,88.3123,AP,Amapa,North,TRUE,TRUE,mapped
201905,2019-05-01,2019,5,17,Tocantins,91.54613,113.66609,TO,Tocantins,North,TRUE,TRUE,mapped
201905,2019-05-01,2019,5,21,Maranhão,69.41849,92.27346,MA,Maranhao,Northeast,TRUE,TRUE,mapped
201905,2019-05-01,2019,5,22,Piauí,65.62079,84.95086,PI,Piaui,Northeast,TRUE,TRUE,mapped
201905,2019-05-01,2019,5,23,Ceará,82.35764,108.14903,CE,Ceara,Northeast,TRUE,TRUE,mapped
201905,2019-05-01,2019,5,24,Rio Grande do Norte,75.819820000000007,101.8248,RN,Rio Grande do Norte,Northeast,TRUE,TRUE,mapped
201905,2019-05-01,2019,5,25,Paraíba,66.84557,85.45056,PB,Paraiba,Northeast,TRUE,TRUE,mapped
201905,2019-05-01,2019,5,26,Pernambuco,76.78344,99.51294,PE,Pernambuco,Northeast,TRUE,TRUE,mapped
201905,2019-05-01,2019,5,27,Alagoas,74.29157,96.14263,AL,Alagoas,Northeast,TRUE,TRUE,mapped
201905,2019-05-01,2019,5,28,Sergipe,80.28005,105.14173,SE,Sergipe,Northeast,TRUE,TRUE,mapped
201905,2019-05-01,2019,5,29,Bahia,80.64465,106.50462,BA,Bahia,Northeast,TRUE,TRUE,mapped
201905,2019-05-01,2019,5,31,Minas Gerais,65.54992,87.4206,MG,Minas Gerais,Southeast,TRUE,TRUE,mapped
201905,2019-05-01,2019,5,32,Espírito Santo,65.86154,84.60723,ES,Espirito Santo,Southeast,TRUE,TRUE,mapped
201905,2019-05-01,2019,5,33,Rio de Janeiro,76.90671,98.40964,RJ,Rio de Janeiro,Southeast,TRUE,TRUE,mapped
201905,2019-05-01,2019,5,35,São Paulo,70.42959,94.66778,SP,Sao Paulo,Southeast,TRUE,TRUE,mapped
201905,2019-05-01,2019,5,41,Paraná,70.13763,95.21307,PR,Parana,South,TRUE,TRUE,mapped
201905,2019-05-01,2019,5,42,Santa Catarina,64.42976,87.7832,SC,Santa Catarina,South,TRUE,TRUE,mapped
201905,2019-05-01,2019,5,43,Rio Grande do Sul,71.08271,92.24429,RS,Rio Grande do Sul,South,TRUE,TRUE,mapped
201905,2019-05-01,2019,5,50,Mato Grosso do Sul,62.74632,81.69806,MS,Mato Grosso do Sul,Center-West,TRUE,TRUE,mapped
201905,2019-05-01,2019,5,51,Mato Grosso,67.61248,86.33283,MT,Mato Grosso,Center-West,TRUE,TRUE,mapped
201905,2019-05-01,2019,5,52,Goiás,79.06143,100.88741,GO,Goias,Center-West,TRUE,TRUE,mapped
201905,2019-05-01,2019,5,53,Distrito Federal,85.13243,107.04809,DF,Distrito Federal,Center-West,TRUE,TRUE,mapped
201906,2019-06-01,2019,6,11,Rondônia,73.49051,86.63202,RO,Rondonia,North,TRUE,TRUE,mapped
201906,2019-06-01,2019,6,12,Acre,70.61532,84.94855,AC,Acre,North,TRUE,TRUE,mapped
201906,2019-06-01,2019,6,13,Amazonas,72.6884,91.0994,AM,Amazonas,North,TRUE,TRUE,mapped
201906,2019-06-01,2019,6,14,Roraima,63.26578,80.71171,RR,Roraima,North,TRUE,TRUE,mapped
201906,2019-06-01,2019,6,15,Pará,58.75082,74.49644,PA,Para,North,TRUE,TRUE,mapped
201906,2019-06-01,2019,6,16,Amapá,67.00581,83.81323,AP,Amapa,North,TRUE,TRUE,mapped
201906,2019-06-01,2019,6,17,Tocantins,84.51053,105.26045,TO,Tocantins,North,TRUE,TRUE,mapped
201906,2019-06-01,2019,6,21,Maranhão,64.90434,86.14723,MA,Maranhao,Northeast,TRUE,TRUE,mapped
201906,2019-06-01,2019,6,22,Piauí,52.8618,68.37787,PI,Piaui,Northeast,TRUE,TRUE,mapped
201906,2019-06-01,2019,6,23,Ceará,76.63716,100.31394,CE,Ceara,Northeast,TRUE,TRUE,mapped
201906,2019-06-01,2019,6,24,Rio Grande do Norte,72.34238,97.16281,RN,Rio Grande do Norte,Northeast,TRUE,TRUE,mapped
201906,2019-06-01,2019,6,25,Paraíba,64.98342,83.20194,PB,Paraiba,Northeast,TRUE,TRUE,mapped
201906,2019-06-01,2019,6,26,Pernambuco,74.31668,96.40967,PE,Pernambuco,Northeast,TRUE,TRUE,mapped
201906,2019-06-01,2019,6,27,Alagoas,67.35835,87.33691,AL,Alagoas,Northeast,TRUE,TRUE,mapped
201906,2019-06-01,2019,6,28,Sergipe,74.46991,97.68771,SE,Sergipe,Northeast,TRUE,TRUE,mapped
201906,2019-06-01,2019,6,29,Bahia,76.98922,101.95184,BA,Bahia,Northeast,TRUE,TRUE,mapped
201906,2019-06-01,2019,6,31,Minas Gerais,65.07388,86.86765,MG,Minas Gerais,Southeast,TRUE,TRUE,mapped
201906,2019-06-01,2019,6,32,Espírito Santo,60.50652,77.5609,ES,Espirito Santo,Southeast,TRUE,TRUE,mapped
201906,2019-06-01,2019,6,33,Rio de Janeiro,74.38326,95.07626,RJ,Rio de Janeiro,Southeast,TRUE,TRUE,mapped
201906,2019-06-01,2019,6,35,São Paulo,68.72579,92.48092,SP,Sao Paulo,Southeast,TRUE,TRUE,mapped
201906,2019-06-01,2019,6,41,Paraná,69.35605,94.04584,PR,Parana,South,TRUE,TRUE,mapped
201906,2019-06-01,2019,6,42,Santa Catarina,60.14649,82.04682,SC,Santa Catarina,South,TRUE,TRUE,mapped
201906,2019-06-01,2019,6,43,Rio Grande do Sul,68.08206,89.04156,RS,Rio Grande do Sul,South,TRUE,TRUE,mapped
201906,2019-06-01,2019,6,50,Mato Grosso do Sul,59.48465,77.34983,MS,Mato Grosso do Sul,Center-West,TRUE,TRUE,mapped
201906,2019-06-01,2019,6,51,Mato Grosso,64.13298,81.82243,MT,Mato Grosso,Center-West,TRUE,TRUE,mapped
201906,2019-06-01,2019,6,52,Goiás,76.41332,98.01277,GO,Goias,Center-West,TRUE,TRUE,mapped
201906,2019-06-01,2019,6,53,Distrito Federal,82.50007,105.28936,DF,Distrito Federal,Center-West,TRUE,TRUE,mapped
201907,2019-07-01,2019,7,11,Rondônia,79.71592,94.65235,RO,Rondonia,North,TRUE,TRUE,mapped
201907,2019-07-01,2019,7,12,Acre,74.92177,91.0202,AC,Acre,North,TRUE,TRUE,mapped
201907,2019-07-01,2019,7,13,Amazonas,74.55911,94.23445,AM,Amazonas,North,TRUE,TRUE,mapped
201907,2019-07-01,2019,7,14,Roraima,64.89397,83.9143,RR,Roraima,North,TRUE,TRUE,mapped
201907,2019-07-01,2019,7,15,Pará,61.04716,77.86338,PA,Para,North,TRUE,TRUE,mapped
201907,2019-07-01,2019,7,16,Amapá,67.66436,85.53617,AP,Amapa,North,TRUE,TRUE,mapped
201907,2019-07-01,2019,7,17,Tocantins,89.24698,111.81475,TO,Tocantins,North,TRUE,TRUE,mapped
201907,2019-07-01,2019,7,21,Maranhão,68.01221,90.90487,MA,Maranhao,Northeast,TRUE,TRUE,mapped
201907,2019-07-01,2019,7,22,Piauí,57.25815,75.05075,PI,Piaui,Northeast,TRUE,TRUE,mapped
201907,2019-07-01,2019,7,23,Ceará,79.45767,104.98697,CE,Ceara,Northeast,TRUE,TRUE,mapped
201907,2019-07-01,2019,7,24,Rio Grande do Norte,74.84864,101.32041,RN,Rio Grande do Norte,Northeast,TRUE,TRUE,mapped
201907,2019-07-01,2019,7,25,Paraíba,65.92823,84.74439,PB,Paraiba,Northeast,TRUE,TRUE,mapped
201907,2019-07-01,2019,7,26,Pernambuco,75.0315,97.70562,PE,Pernambuco,Northeast,TRUE,TRUE,mapped
201907,2019-07-01,2019,7,27,Alagoas,70.7226,92.00327,AL,Alagoas,Northeast,TRUE,TRUE,mapped
201907,2019-07-01,2019,7,28,Sergipe,77.55457,102.49146,SE,Sergipe,Northeast,TRUE,TRUE,mapped
201907,2019-07-01,2019,7,29,Bahia,77.27157,103.098,BA,Bahia,Northeast,TRUE,TRUE,mapped
201907,2019-07-01,2019,7,31,Minas Gerais,67.69324,90.80916,MG,Minas Gerais,Southeast,TRUE,TRUE,mapped
201907,2019-07-01,2019,7,32,Espírito Santo,63.9169,81.97929,ES,Espirito Santo,Southeast,TRUE,TRUE,mapped
201907,2019-07-01,2019,7,33,Rio de Janeiro,78.47208,100.81161,RJ,Rio de Janeiro,Southeast,TRUE,TRUE,mapped
201907,2019-07-01,2019,7,35,São Paulo,69.7379,94.39036,SP,Sao Paulo,Southeast,TRUE,TRUE,mapped
201907,2019-07-01,2019,7,41,Paraná,70.82965,96.75793,PR,Parana,South,TRUE,TRUE,mapped
201907,2019-07-01,2019,7,42,Santa Catarina,62.73325,86.3886,SC,Santa Catarina,South,TRUE,TRUE,mapped
201907,2019-07-01,2019,7,43,Rio Grande do Sul,69.91407,91.17705,RS,Rio Grande do Sul,South,TRUE,TRUE,mapped
201907,2019-07-01,2019,7,50,Mato Grosso do Sul,62.93183,82.6644,MS,Mato Grosso do Sul,Center-West,TRUE,TRUE,mapped
201907,2019-07-01,2019,7,51,Mato Grosso,69.7001,90.11345,MT,Mato Grosso,Center-West,TRUE,TRUE,mapped
201907,2019-07-01,2019,7,52,Goiás,75.35638,97.76523,GO,Goias,Center-West,TRUE,TRUE,mapped
201907,2019-07-01,2019,7,53,Distrito Federal,82.26997,106.27438,DF,Distrito Federal,Center-West,TRUE,TRUE,mapped
201908,2019-08-01,2019,8,11,Rondônia,75.66081,90.39395,RO,Rondonia,North,TRUE,TRUE,mapped
201908,2019-08-01,2019,8,12,Acre,74.75777,90.81082,AC,Acre,North,TRUE,TRUE,mapped
201908,2019-08-01,2019,8,13,Amazonas,75.63291,96.19755,AM,Amazonas,North,TRUE,TRUE,mapped
201908,2019-08-01,2019,8,14,Roraima,64.1755,83.47841,RR,Roraima,North,TRUE,TRUE,mapped
201908,2019-08-01,2019,8,15,Pará,64.29448,82.58223,PA,Para,North,TRUE,TRUE,mapped
201908,2019-08-01,2019,8,16,Amapá,70.4692,89.60689,AP,Amapa,North,TRUE,TRUE,mapped
201908,2019-08-01,2019,8,17,Tocantins,91.04332,113.90777,TO,Tocantins,North,TRUE,TRUE,mapped
201908,2019-08-01,2019,8,21,Maranhão,73.60644,98.12484,MA,Maranhao,Northeast,TRUE,TRUE,mapped
201908,2019-08-01,2019,8,22,Piauí,65.76878,85.66765,PI,Piaui,Northeast,TRUE,TRUE,mapped
201908,2019-08-01,2019,8,23,Ceará,78.48125,103.3943,CE,Ceara,Northeast,TRUE,TRUE,mapped
201908,2019-08-01,2019,8,24,Rio Grande do Norte,76.03327,102.85833,RN,Rio Grande do Norte,Northeast,TRUE,TRUE,mapped
201908,2019-08-01,2019,8,25,Paraíba,66.20228,85.3003,PB,Paraiba,Northeast,TRUE,TRUE,mapped
201908,2019-08-01,2019,8,26,Pernambuco,79.10782,103.40915,PE,Pernambuco,Northeast,TRUE,TRUE,mapped
201908,2019-08-01,2019,8,27,Alagoas,72.69801,95.10092,AL,Alagoas,Northeast,TRUE,TRUE,mapped
201908,2019-08-01,2019,8,28,Sergipe,79.37692,105.48631,SE,Sergipe,Northeast,TRUE,TRUE,mapped
201908,2019-08-01,2019,8,29,Bahia,79.37486,105.25135,BA,Bahia,Northeast,TRUE,TRUE,mapped
201908,2019-08-01,2019,8,31,Minas Gerais,67.84874,91.39957,MG,Minas Gerais,Southeast,TRUE,TRUE,mapped
201908,2019-08-01,2019,8,32,Espírito Santo,64.11129,82.66944,ES,Espirito Santo,Southeast,TRUE,TRUE,mapped
201908,2019-08-01,2019,8,33,Rio de Janeiro,80.12451,103.21109,RJ,Rio de Janeiro,Southeast,TRUE,TRUE,mapped
201908,2019-08-01,2019,8,35,São Paulo,72.79643,98.25255,SP,Sao Paulo,Southeast,TRUE,TRUE,mapped
201908,2019-08-01,2019,8,41,Paraná,73.27761,100.032,PR,Parana,South,TRUE,TRUE,mapped
201908,2019-08-01,2019,8,42,Santa Catarina,64.59197,88.82771,SC,Santa Catarina,South,TRUE,TRUE,mapped
201908,2019-08-01,2019,8,43,Rio Grande do Sul,67.18113,88.70058,RS,Rio Grande do Sul,South,TRUE,TRUE,mapped
201908,2019-08-01,2019,8,50,Mato Grosso do Sul,65.05181,85.7016,MS,Mato Grosso do Sul,Center-West,TRUE,TRUE,mapped
201908,2019-08-01,2019,8,51,Mato Grosso,70.50218,91.55789,MT,Mato Grosso,Center-West,TRUE,TRUE,mapped
201908,2019-08-01,2019,8,52,Goiás,77.77205,101.33362,GO,Goias,Center-West,TRUE,TRUE,mapped
201908,2019-08-01,2019,8,53,Distrito Federal,83.25864,106.95671,DF,Distrito Federal,Center-West,TRUE,TRUE,mapped
201909,2019-09-01,2019,9,11,Rondônia,77.04169,91.25191,RO,Rondonia,North,TRUE,TRUE,mapped
201909,2019-09-01,2019,9,12,Acre,72.44853,87.8977,AC,Acre,North,TRUE,TRUE,mapped
201909,2019-09-01,2019,9,13,Amazonas,72.91671,92.71192,AM,Amazonas,North,TRUE,TRUE,mapped
201909,2019-09-01,2019,9,14,Roraima,62.93267,81.68445,RR,Roraima,North,TRUE,TRUE,mapped
201909,2019-09-01,2019,9,15,Pará,61.44373,79.18722,PA,Para,North,TRUE,TRUE,mapped
201909,2019-09-01,2019,9,16,Amapá,65.93128,84.10314,AP,Amapa,North,TRUE,TRUE,mapped
201909,2019-09-01,2019,9,17,Tocantins,89.24651,110.93647,TO,Tocantins,North,TRUE,TRUE,mapped
201909,2019-09-01,2019,9,21,Maranhão,64.04273,85.54834,MA,Maranhao,Northeast,TRUE,TRUE,mapped
201909,2019-09-01,2019,9,22,Piauí,62.94293,81.50326,PI,Piaui,Northeast,TRUE,TRUE,mapped
201909,2019-09-01,2019,9,23,Ceará,75.88849,99.73362,CE,Ceara,Northeast,TRUE,TRUE,mapped
201909,2019-09-01,2019,9,24,Rio Grande do Norte,73.02937,98.93251,RN,Rio Grande do Norte,Northeast,TRUE,TRUE,mapped
201909,2019-09-01,2019,9,25,Paraíba,63.08057,81.54732,PB,Paraiba,Northeast,TRUE,TRUE,mapped
201909,2019-09-01,2019,9,26,Pernambuco,74.42377,97.60949,PE,Pernambuco,Northeast,TRUE,TRUE,mapped
201909,2019-09-01,2019,9,27,Alagoas,69.56972,91.23901,AL,Alagoas,Northeast,TRUE,TRUE,mapped
201909,2019-09-01,2019,9,28,Sergipe,74.88099,99.57645,SE,Sergipe,Northeast,TRUE,TRUE,mapped
201909,2019-09-01,2019,9,29,Bahia,76.83534,101.86013,BA,Bahia,Northeast,TRUE,TRUE,mapped
201909,2019-09-01,2019,9,31,Minas Gerais,66.54477,90.121,MG,Minas Gerais,Southeast,TRUE,TRUE,mapped
201909,2019-09-01,2019,9,32,Espírito Santo,61.57625,80.07749,ES,Espirito Santo,Southeast,TRUE,TRUE,mapped
201909,2019-09-01,2019,9,33,Rio de Janeiro,75.44082,98.06206,RJ,Rio de Janeiro,Southeast,TRUE,TRUE,mapped
201909,2019-09-01,2019,9,35,São Paulo,68.79914,93.52813,SP,Sao Paulo,Southeast,TRUE,TRUE,mapped
201909,2019-09-01,2019,9,41,Paraná,70.31988,96.23793,PR,Parana,South,TRUE,TRUE,mapped
201909,2019-09-01,2019,9,42,Santa Catarina,62.72929,86.40961,SC,Santa Catarina,South,TRUE,TRUE,mapped
201909,2019-09-01,2019,9,43,Rio Grande do Sul,63.9432,84.42864,RS,Rio Grande do Sul,South,TRUE,TRUE,mapped
201909,2019-09-01,2019,9,50,Mato Grosso do Sul,64.8418,84.86218,MS,Mato Grosso do Sul,Center-West,TRUE,TRUE,mapped
201909,2019-09-01,2019,9,51,Mato Grosso,70.27633,90.58449,MT,Mato Grosso,Center-West,TRUE,TRUE,mapped
201909,2019-09-01,2019,9,52,Goiás,77.51416,100.32535,GO,Goias,Center-West,TRUE,TRUE,mapped
201909,2019-09-01,2019,9,53,Distrito Federal,80.98617,104.06786,DF,Distrito Federal,Center-West,TRUE,TRUE,mapped
201910,2019-10-01,2019,10,11,Rondônia,79.95476,94.08311,RO,Rondonia,North,TRUE,TRUE,mapped
201910,2019-10-01,2019,10,12,Acre,75.54864,91.28527,AC,Acre,North,TRUE,TRUE,mapped
201910,2019-10-01,2019,10,13,Amazonas,77.08804,96.78761,AM,Amazonas,North,TRUE,TRUE,mapped
201910,2019-10-01,2019,10,14,Roraima,67.92879,87.46372,RR,Roraima,North,TRUE,TRUE,mapped
201910,2019-10-01,2019,10,15,Pará,67.33399,86.26042,PA,Para,North,TRUE,TRUE,mapped
201910,2019-10-01,2019,10,16,Amapá,70.19572,89.37827,AP,Amapa,North,TRUE,TRUE,mapped
201910,2019-10-01,2019,10,17,Tocantins,93.49454,115.57339,TO,Tocantins,North,TRUE,TRUE,mapped
201910,2019-10-01,2019,10,21,Maranhão,68.56146,91.35115,MA,Maranhao,Northeast,TRUE,TRUE,mapped
201910,2019-10-01,2019,10,22,Piauí,65.35643,84.62839,PI,Piaui,Northeast,TRUE,TRUE,mapped
201910,2019-10-01,2019,10,23,Ceará,81.000470000000007,106.27124,CE,Ceara,Northeast,TRUE,TRUE,mapped
201910,2019-10-01,2019,10,24,Rio Grande do Norte,76.76101,103.632,RN,Rio Grande do Norte,Northeast,TRUE,TRUE,mapped
201910,2019-10-01,2019,10,25,Paraíba,69.84791,90.72608,PB,Paraiba,Northeast,TRUE,TRUE,mapped
201910,2019-10-01,2019,10,26,Pernambuco,78.2751,102.93715,PE,Pernambuco,Northeast,TRUE,TRUE,mapped
201910,2019-10-01,2019,10,27,Alagoas,74.25419,97.56115,AL,Alagoas,Northeast,TRUE,TRUE,mapped
201910,2019-10-01,2019,10,28,Sergipe,79.78318,106.4043,SE,Sergipe,Northeast,TRUE,TRUE,mapped
201910,2019-10-01,2019,10,29,Bahia,79.65661,105.28988,BA,Bahia,Northeast,TRUE,TRUE,mapped
201910,2019-10-01,2019,10,31,Minas Gerais,70.62479,95.39727,MG,Minas Gerais,Southeast,TRUE,TRUE,mapped
201910,2019-10-01,2019,10,32,Espírito Santo,67.82097,87.81867,ES,Espirito Santo,Southeast,TRUE,TRUE,mapped
201910,2019-10-01,2019,10,33,Rio de Janeiro,79.28228,102.69481,RJ,Rio de Janeiro,Southeast,TRUE,TRUE,mapped
201910,2019-10-01,2019,10,35,São Paulo,72.55211,98.16716,SP,Sao Paulo,Southeast,TRUE,TRUE,mapped
201910,2019-10-01,2019,10,41,Paraná,74.77142,102.12494,PR,Parana,South,TRUE,TRUE,mapped
201910,2019-10-01,2019,10,42,Santa Catarina,68.74632,94.67682,SC,Santa Catarina,South,TRUE,TRUE,mapped
201910,2019-10-01,2019,10,43,Rio Grande do Sul,68.51232,90.56105,RS,Rio Grande do Sul,South,TRUE,TRUE,mapped
201910,2019-10-01,2019,10,50,Mato Grosso do Sul,66.81777,87.08687,MS,Mato Grosso do Sul,Center-West,TRUE,TRUE,mapped
201910,2019-10-01,2019,10,51,Mato Grosso,72.422,92.74836,MT,Mato Grosso,Center-West,TRUE,TRUE,mapped
201910,2019-10-01,2019,10,52,Goiás,82.3302,106.28703,GO,Goias,Center-West,TRUE,TRUE,mapped
201910,2019-10-01,2019,10,53,Distrito Federal,84.80629,109.41164,DF,Distrito Federal,Center-West,TRUE,TRUE,mapped
201911,2019-11-01,2019,11,11,Rondônia,99.27975,115.26091,RO,Rondonia,North,TRUE,TRUE,mapped
201911,2019-11-01,2019,11,12,Acre,84.38036,102.23068,AC,Acre,North,TRUE,TRUE,mapped
201911,2019-11-01,2019,11,13,Amazonas,86.0204,107.25857,AM,Amazonas,North,TRUE,TRUE,mapped
201911,2019-11-01,2019,11,14,Roraima,75.3477,96.77922,RR,Roraima,North,TRUE,TRUE,mapped
201911,2019-11-01,2019,11,15,Pará,74.92561,95.75716,PA,Para,North,TRUE,TRUE,mapped
201911,2019-11-01,2019,11,16,Amapá,73.0222,92.99624,AP,Amapa,North,TRUE,TRUE,mapped
201911,2019-11-01,2019,11,17,Tocantins,99.39018,123.55189,TO,Tocantins,North,TRUE,TRUE,mapped
201911,2019-11-01,2019,11,21,Maranhão,76.00198,102.34936,MA,Maranhao,Northeast,TRUE,TRUE,mapped
201911,2019-11-01,2019,11,22,Piauí,71.6058,94.07688,PI,Piaui,Northeast,TRUE,TRUE,mapped
201911,2019-11-01,2019,11,23,Ceará,84.63371,111.84599,CE,Ceara,Northeast,TRUE,TRUE,mapped
201911,2019-11-01,2019,11,24,Rio Grande do Norte,81.90934,111.97221,RN,Rio Grande do Norte,Northeast,TRUE,TRUE,mapped
201911,2019-11-01,2019,11,25,Paraíba,84.47435,111.44826,PB,Paraiba,Northeast,TRUE,TRUE,mapped
201911,2019-11-01,2019,11,26,Pernambuco,86.50634,114.89242,PE,Pernambuco,Northeast,TRUE,TRUE,mapped
201911,2019-11-01,2019,11,27,Alagoas,80.16938,106.22776,AL,Alagoas,Northeast,TRUE,TRUE,mapped
201911,2019-11-01,2019,11,28,Sergipe,87.86754,117.99163,SE,Sergipe,Northeast,TRUE,TRUE,mapped
201911,2019-11-01,2019,11,29,Bahia,94.30762,126.83696,BA,Bahia,Northeast,TRUE,TRUE,mapped
201911,2019-11-01,2019,11,31,Minas Gerais,74.82577,101.14047,MG,Minas Gerais,Southeast,TRUE,TRUE,mapped
201911,2019-11-01,2019,11,32,Espírito Santo,71.32526,93.22375,ES,Espirito Santo,Southeast,TRUE,TRUE,mapped
201911,2019-11-01,2019,11,33,Rio de Janeiro,84.75942,110.47207,RJ,Rio de Janeiro,Southeast,TRUE,TRUE,mapped
201911,2019-11-01,2019,11,35,São Paulo,78.93731,106.57768,SP,Sao Paulo,Southeast,TRUE,TRUE,mapped
201911,2019-11-01,2019,11,41,Paraná,79.27854,108.59858,PR,Parana,South,TRUE,TRUE,mapped
201911,2019-11-01,2019,11,42,Santa Catarina,73.44385,101.80457,SC,Santa Catarina,South,TRUE,TRUE,mapped
201911,2019-11-01,2019,11,43,Rio Grande do Sul,73.55467,97.44922,RS,Rio Grande do Sul,South,TRUE,TRUE,mapped
201911,2019-11-01,2019,11,50,Mato Grosso do Sul,71.49391,93.1812,MS,Mato Grosso do Sul,Center-West,TRUE,TRUE,mapped
201911,2019-11-01,2019,11,51,Mato Grosso,74.31919,95.4789,MT,Mato Grosso,Center-West,TRUE,TRUE,mapped
201911,2019-11-01,2019,11,52,Goiás,93.11784,120.1796,GO,Goias,Center-West,TRUE,TRUE,mapped
201911,2019-11-01,2019,11,53,Distrito Federal,89.82677,116.28004,DF,Distrito Federal,Center-West,TRUE,TRUE,mapped
201912,2019-12-01,2019,12,11,Rondônia,104.98512,119.71744,RO,Rondonia,North,TRUE,TRUE,mapped
201912,2019-12-01,2019,12,12,Acre,97.69897,117.81379,AC,Acre,North,TRUE,TRUE,mapped
201912,2019-12-01,2019,12,13,Amazonas,96.08133,117.95587,AM,Amazonas,North,TRUE,TRUE,mapped
201912,2019-12-01,2019,12,14,Roraima,76.72786,96.75467,RR,Roraima,North,TRUE,TRUE,mapped
201912,2019-12-01,2019,12,15,Pará,88.25426,110.60071,PA,Para,North,TRUE,TRUE,mapped
201912,2019-12-01,2019,12,16,Amapá,91.43278,115.44204,AP,Amapa,North,TRUE,TRUE,mapped
201912,2019-12-01,2019,12,17,Tocantins,106.96476,131.84259,TO,Tocantins,North,TRUE,TRUE,mapped
201912,2019-12-01,2019,12,21,Maranhão,86.6692,115.51013,MA,Maranhao,Northeast,TRUE,TRUE,mapped
201912,2019-12-01,2019,12,22,Piauí,83.15376,108.64253,PI,Piaui,Northeast,TRUE,TRUE,mapped
201912,2019-12-01,2019,12,23,Ceará,99.01632,129.9575,CE,Ceara,Northeast,TRUE,TRUE,mapped
201912,2019-12-01,2019,12,24,Rio Grande do Norte,93.22317,125.29794,RN,Rio Grande do Norte,Northeast,TRUE,TRUE,mapped
201912,2019-12-01,2019,12,25,Paraíba,93.37412,121.09513,PB,Paraiba,Northeast,TRUE,TRUE,mapped
201912,2019-12-01,2019,12,26,Pernambuco,102.72573,134.5152,PE,Pernambuco,Northeast,TRUE,TRUE,mapped
201912,2019-12-01,2019,12,27,Alagoas,93.70601,122.65317,AL,Alagoas,Northeast,TRUE,TRUE,mapped
201912,2019-12-01,2019,12,28,Sergipe,98.25136,130.02049,SE,Sergipe,Northeast,TRUE,TRUE,mapped
201912,2019-12-01,2019,12,29,Bahia,112.07269,149.80633,BA,Bahia,Northeast,TRUE,TRUE,mapped
201912,2019-12-01,2019,12,31,Minas Gerais,84.641,112.5115,MG,Minas Gerais,Southeast,TRUE,TRUE,mapped
201912,2019-12-01,2019,12,32,Espírito Santo,80.90855,103.41596,ES,Espirito Santo,Southeast,TRUE,TRUE,mapped
201912,2019-12-01,2019,12,33,Rio de Janeiro,109.32567,140.25902,RJ,Rio de Janeiro,Southeast,TRUE,TRUE,mapped
201912,2019-12-01,2019,12,35,São Paulo,95.60921,127.5106,SP,Sao Paulo,Southeast,TRUE,TRUE,mapped
201912,2019-12-01,2019,12,41,Paraná,93.50443,125.70997,PR,Parana,South,TRUE,TRUE,mapped
201912,2019-12-01,2019,12,42,Santa Catarina,87.63643,119.42742,SC,Santa Catarina,South,TRUE,TRUE,mapped
201912,2019-12-01,2019,12,43,Rio Grande do Sul,94.52678,122.17074,RS,Rio Grande do Sul,South,TRUE,TRUE,mapped
201912,2019-12-01,2019,12,50,Mato Grosso do Sul,81.79571,105.39272,MS,Mato Grosso do Sul,Center-West,TRUE,TRUE,mapped
201912,2019-12-01,2019,12,51,Mato Grosso,84.23265,107.54653,MT,Mato Grosso,Center-West,TRUE,TRUE,mapped
201912,2019-12-01,2019,12,52,Goiás,99.91568,126.38211,GO,Goias,Center-West,TRUE,TRUE,mapped
201912,2019-12-01,2019,12,53,Distrito Federal,103.98207,131.44238000000001,DF,Distrito Federal,Center-West,TRUE,TRUE,mapped
202001,2020-01-01,2020,1,11,Rondônia,77.15664,88.57944,RO,Rondonia,North,TRUE,TRUE,mapped
202001,2020-01-01,2020,1,12,Acre,74.89272,89.03046,AC,Acre,North,TRUE,TRUE,mapped
202001,2020-01-01,2020,1,13,Amazonas,75.04349,90.44972,AM,Amazonas,North,TRUE,TRUE,mapped
202001,2020-01-01,2020,1,14,Roraima,63.51464,78.57083,RR,Roraima,North,TRUE,TRUE,mapped
202001,2020-01-01,2020,1,15,Pará,66.56054,82.23401,PA,Para,North,TRUE,TRUE,mapped
202001,2020-01-01,2020,1,16,Amapá,68.04564,84.34689,AP,Amapa,North,TRUE,TRUE,mapped
202001,2020-01-01,2020,1,17,Tocantins,72.07782,89.04923,TO,Tocantins,North,TRUE,TRUE,mapped
202001,2020-01-01,2020,1,21,Maranhão,70.837,92.87113,MA,Maranhao,Northeast,TRUE,TRUE,mapped
202001,2020-01-01,2020,1,22,Piauí,67.31739,86.9216,PI,Piaui,Northeast,TRUE,TRUE,mapped
202001,2020-01-01,2020,1,23,Ceará,79.12643,102.05694,CE,Ceara,Northeast,TRUE,TRUE,mapped
202001,2020-01-01,2020,1,24,Rio Grande do Norte,77.05708,101.74732,RN,Rio Grande do Norte,Northeast,TRUE,TRUE,mapped
202001,2020-01-01,2020,1,25,Paraíba,73.15872,93.78391,PB,Paraiba,Northeast,TRUE,TRUE,mapped
202001,2020-01-01,2020,1,26,Pernambuco,78.54157,101.57594,PE,Pernambuco,Northeast,TRUE,TRUE,mapped
202001,2020-01-01,2020,1,27,Alagoas,75.42524,97.2116,AL,Alagoas,Northeast,TRUE,TRUE,mapped
202001,2020-01-01,2020,1,28,Sergipe,81.67682,106.6557,SE,Sergipe,Northeast,TRUE,TRUE,mapped
202001,2020-01-01,2020,1,29,Bahia,79.87913,104.50944,BA,Bahia,Northeast,TRUE,TRUE,mapped
202001,2020-01-01,2020,1,31,Minas Gerais,66.80931,87.53807,MG,Minas Gerais,Southeast,TRUE,TRUE,mapped
202001,2020-01-01,2020,1,32,Espírito Santo,66.12821,84.25384,ES,Espirito Santo,Southeast,TRUE,TRUE,mapped
202001,2020-01-01,2020,1,33,Rio de Janeiro,79.82753,101.56541,RJ,Rio de Janeiro,Southeast,TRUE,TRUE,mapped
202001,2020-01-01,2020,1,35,São Paulo,72.11099,95.34941,SP,Sao Paulo,Southeast,TRUE,TRUE,mapped
202001,2020-01-01,2020,1,41,Paraná,74.09429,98.57385,PR,Parana,South,TRUE,TRUE,mapped
202001,2020-01-01,2020,1,42,Santa Catarina,71.725,96.10955,SC,Santa Catarina,South,TRUE,TRUE,mapped
202001,2020-01-01,2020,1,43,Rio Grande do Sul,71.74131,91.02581,RS,Rio Grande do Sul,South,TRUE,TRUE,mapped
202001,2020-01-01,2020,1,50,Mato Grosso do Sul,67.54694,86.17689,MS,Mato Grosso do Sul,Center-West,TRUE,TRUE,mapped
202001,2020-01-01,2020,1,51,Mato Grosso,70.92781,88.16518,MT,Mato Grosso,Center-West,TRUE,TRUE,mapped
202001,2020-01-01,2020,1,52,Goiás,79.79163,100.52285,GO,Goias,Center-West,TRUE,TRUE,mapped
202001,2020-01-01,2020,1,53,Distrito Federal,82.17353,103.76468,DF,Distrito Federal,Center-West,TRUE,TRUE,mapped
202002,2020-02-01,2020,2,11,Rondônia,73.67426,85.22192,RO,Rondonia,North,TRUE,TRUE,mapped
202002,2020-02-01,2020,2,12,Acre,72.10981,85.18875,AC,Acre,North,TRUE,TRUE,mapped
202002,2020-02-01,2020,2,13,Amazonas,71.52515,86.32946,AM,Amazonas,North,TRUE,TRUE,mapped
202002,2020-02-01,2020,2,14,Roraima,60.17856,74.50835,RR,Roraima,North,TRUE,TRUE,mapped
202002,2020-02-01,2020,2,15,Pará,62.64103,76.8432,PA,Para,North,TRUE,TRUE,mapped
202002,2020-02-01,2020,2,16,Amapá,61.6075,75.78755,AP,Amapa,North,TRUE,TRUE,mapped
202002,2020-02-01,2020,2,17,Tocantins,88.19913,107.94952,TO,Tocantins,North,TRUE,TRUE,mapped
202002,2020-02-01,2020,2,21,Maranhão,66.15594,85.67436,MA,Maranhao,Northeast,TRUE,TRUE,mapped
202002,2020-02-01,2020,2,22,Piauí,62.98799,80.14436,PI,Piaui,Northeast,TRUE,TRUE,mapped
202002,2020-02-01,2020,2,23,Ceará,70.60779,89.95671,CE,Ceara,Northeast,TRUE,TRUE,mapped
202002,2020-02-01,2020,2,24,Rio Grande do Norte,74.01008,96.75305,RN,Rio Grande do Norte,Northeast,TRUE,TRUE,mapped
202002,2020-02-01,2020,2,25,Paraíba,67.99429,86.3318,PB,Paraiba,Northeast,TRUE,TRUE,mapped
202002,2020-02-01,2020,2,26,Pernambuco,72.00225,92.42342,PE,Pernambuco,Northeast,TRUE,TRUE,mapped
202002,2020-02-01,2020,2,27,Alagoas,70.8738,90.55666,AL,Alagoas,Northeast,TRUE,TRUE,mapped
202002,2020-02-01,2020,2,28,Sergipe,75.25489,97.64674,SE,Sergipe,Northeast,TRUE,TRUE,mapped
202002,2020-02-01,2020,2,29,Bahia,75.70633,98.94874,BA,Bahia,Northeast,TRUE,TRUE,mapped
202002,2020-02-01,2020,2,31,Minas Gerais,65.57032,85.03142,MG,Minas Gerais,Southeast,TRUE,TRUE,mapped
202002,2020-02-01,2020,2,32,Espírito Santo,64.1371,81.61827,ES,Espirito Santo,Southeast,TRUE,TRUE,mapped
202002,2020-02-01,2020,2,33,Rio de Janeiro,77.75477,98.95631,RJ,Rio de Janeiro,Southeast,TRUE,TRUE,mapped
202002,2020-02-01,2020,2,35,São Paulo,68.74883,90.68251,SP,Sao Paulo,Southeast,TRUE,TRUE,mapped
202002,2020-02-01,2020,2,41,Paraná,71.44999,94.8389,PR,Parana,South,TRUE,TRUE,mapped
202002,2020-02-01,2020,2,42,Santa Catarina,68.27985,90.9926,SC,Santa Catarina,South,TRUE,TRUE,mapped
202002,2020-02-01,2020,2,43,Rio Grande do Sul,68.71047,87.11092,RS,Rio Grande do Sul,South,TRUE,TRUE,mapped
202002,2020-02-01,2020,2,50,Mato Grosso do Sul,63.75461,81.07256,MS,Mato Grosso do Sul,Center-West,TRUE,TRUE,mapped
202002,2020-02-01,2020,2,51,Mato Grosso,71.2803,88.47519,MT,Mato Grosso,Center-West,TRUE,TRUE,mapped
202002,2020-02-01,2020,2,52,Goiás,74.54681,94.03099,GO,Goias,Center-West,TRUE,TRUE,mapped
202002,2020-02-01,2020,2,53,Distrito Federal,80.66856,101.64922,DF,Distrito Federal,Center-West,TRUE,TRUE,mapped
202003,2020-03-01,2020,3,11,Rondônia,58.99649,66.46158,RO,Rondonia,North,TRUE,TRUE,mapped
202003,2020-03-01,2020,3,12,Acre,66.04987,76.35898,AC,Acre,North,TRUE,TRUE,mapped
202003,2020-03-01,2020,3,13,Amazonas,67.82079,80.51138,AM,Amazonas,North,TRUE,TRUE,mapped
202003,2020-03-01,2020,3,14,Roraima,57.01544,70.00188,RR,Roraima,North,TRUE,TRUE,mapped
202003,2020-03-01,2020,3,15,Pará,61.86786,75.03469,PA,Para,North,TRUE,TRUE,mapped
202003,2020-03-01,2020,3,16,Amapá,56.05879,67.62542,AP,Amapa,North,TRUE,TRUE,mapped
202003,2020-03-01,2020,3,17,Tocantins,93.43245,114.08025,TO,Tocantins,North,TRUE,TRUE,mapped
202003,2020-03-01,2020,3,21,Maranhão,64.80872,82.66281,MA,Maranhao,Northeast,TRUE,TRUE,mapped
202003,2020-03-01,2020,3,22,Piauí,60.86452,76.47394,PI,Piaui,Northeast,TRUE,TRUE,mapped
202003,2020-03-01,2020,3,23,Ceará,66.94106,83.71732,CE,Ceara,Northeast,TRUE,TRUE,mapped
202003,2020-03-01,2020,3,24,Rio Grande do Norte,71.80154,92.7101,RN,Rio Grande do Norte,Northeast,TRUE,TRUE,mapped
202003,2020-03-01,2020,3,25,Paraíba,66.27625,82.93564,PB,Paraiba,Northeast,TRUE,TRUE,mapped
202003,2020-03-01,2020,3,26,Pernambuco,71.2449,90.30642,PE,Pernambuco,Northeast,TRUE,TRUE,mapped
202003,2020-03-01,2020,3,27,Alagoas,67.22124,84.64043,AL,Alagoas,Northeast,TRUE,TRUE,mapped
202003,2020-03-01,2020,3,28,Sergipe,71.78778,92.11033,SE,Sergipe,Northeast,TRUE,TRUE,mapped
202003,2020-03-01,2020,3,29,Bahia,72.2006,92.589340000000007,BA,Bahia,Northeast,TRUE,TRUE,mapped
202003,2020-03-01,2020,3,31,Minas Gerais,68.06255,87.68997,MG,Minas Gerais,Southeast,TRUE,TRUE,mapped
202003,2020-03-01,2020,3,32,Espírito Santo,64.38106,80.76074,ES,Espirito Santo,Southeast,TRUE,TRUE,mapped
202003,2020-03-01,2020,3,33,Rio de Janeiro,76.81233,96.07048,RJ,Rio de Janeiro,Southeast,TRUE,TRUE,mapped
202003,2020-03-01,2020,3,35,São Paulo,72.21134,93.86694,SP,Sao Paulo,Southeast,TRUE,TRUE,mapped
202003,2020-03-01,2020,3,41,Paraná,73.19941,95.85957,PR,Parana,South,TRUE,TRUE,mapped
202003,2020-03-01,2020,3,42,Santa Catarina,65.76325,86.36522,SC,Santa Catarina,South,TRUE,TRUE,mapped
202003,2020-03-01,2020,3,43,Rio Grande do Sul,68.75719,86.19939,RS,Rio Grande do Sul,South,TRUE,TRUE,mapped
202003,2020-03-01,2020,3,50,Mato Grosso do Sul,63.088,79.91081,MS,Mato Grosso do Sul,Center-West,TRUE,TRUE,mapped
202003,2020-03-01,2020,3,51,Mato Grosso,69.54501,87.10574,MT,Mato Grosso,Center-West,TRUE,TRUE,mapped
202003,2020-03-01,2020,3,52,Goiás,73.29536,91.46903,GO,Goias,Center-West,TRUE,TRUE,mapped
202003,2020-03-01,2020,3,53,Distrito Federal,78.86473,99.12352,DF,Distrito Federal,Center-West,TRUE,TRUE,mapped
202004,2020-04-01,2020,4,11,Rondônia,45.65624,50.79448,RO,Rondonia,North,TRUE,TRUE,mapped
202004,2020-04-01,2020,4,12,Acre,52.8918,60.38707,AC,Acre,North,TRUE,TRUE,mapped
202004,2020-04-01,2020,4,13,Amazonas,53.5716,62.74584,AM,Amazonas,North,TRUE,TRUE,mapped
202004,2020-04-01,2020,4,14,Roraima,51.47708,63.19194,RR,Roraima,North,TRUE,TRUE,mapped
202004,2020-04-01,2020,4,15,Pará,51.99811,62.14241,PA,Para,North,TRUE,TRUE,mapped
202004,2020-04-01,2020,4,16,Amapá,38.65126,45.07485,AP,Amapa,North,TRUE,TRUE,mapped
202004,2020-04-01,2020,4,17,Tocantins,75.69609,92.86563,TO,Tocantins,North,TRUE,TRUE,mapped
202004,2020-04-01,2020,4,21,Maranhão,56.18415,70.43467,MA,Maranhao,Northeast,TRUE,TRUE,mapped
202004,2020-04-01,2020,4,22,Piauí,48.7719,60.09901,PI,Piaui,Northeast,TRUE,TRUE,mapped
202004,2020-04-01,2020,4,23,Ceará,53.53076,65.21733,CE,Ceara,Northeast,TRUE,TRUE,mapped
202004,2020-04-01,2020,4,24,Rio Grande do Norte,61.38835,78.00772,RN,Rio Grande do Norte,Northeast,TRUE,TRUE,mapped
202004,2020-04-01,2020,4,25,Paraíba,54.68555,67.65727,PB,Paraiba,Northeast,TRUE,TRUE,mapped
202004,2020-04-01,2020,4,26,Pernambuco,58.13001,73.07493,PE,Pernambuco,Northeast,TRUE,TRUE,mapped
202004,2020-04-01,2020,4,27,Alagoas,54.58163,67.62102,AL,Alagoas,Northeast,TRUE,TRUE,mapped
202004,2020-04-01,2020,4,28,Sergipe,59.62871,76.37666,SE,Sergipe,Northeast,TRUE,TRUE,mapped
202004,2020-04-01,2020,4,29,Bahia,57.89437,73.86602,BA,Bahia,Northeast,TRUE,TRUE,mapped
202004,2020-04-01,2020,4,31,Minas Gerais,57.41201,73.35822,MG,Minas Gerais,Southeast,TRUE,TRUE,mapped
202004,2020-04-01,2020,4,32,Espírito Santo,54.04953,66.43382,ES,Espirito Santo,Southeast,TRUE,TRUE,mapped
202004,2020-04-01,2020,4,33,Rio de Janeiro,64.49387,79.33231,RJ,Rio de Janeiro,Southeast,TRUE,TRUE,mapped
202004,2020-04-01,2020,4,35,São Paulo,59.89911,76.40782,SP,Sao Paulo,Southeast,TRUE,TRUE,mapped
202004,2020-04-01,2020,4,41,Paraná,61.15506,81.60892,PR,Parana,South,TRUE,TRUE,mapped
202004,2020-04-01,2020,4,42,Santa Catarina,59.5583,80.1284,SC,Santa Catarina,South,TRUE,TRUE,mapped
202004,2020-04-01,2020,4,43,Rio Grande do Sul,59.49936,74.18561,RS,Rio Grande do Sul,South,TRUE,TRUE,mapped
202004,2020-04-01,2020,4,50,Mato Grosso do Sul,53.61223,68.74091,MS,Mato Grosso do Sul,Center-West,TRUE,TRUE,mapped
202004,2020-04-01,2020,4,51,Mato Grosso,57.7047,73.97191,MT,Mato Grosso,Center-West,TRUE,TRUE,mapped
202004,2020-04-01,2020,4,52,Goiás,60.58278,75.64178,GO,Goias,Center-West,TRUE,TRUE,mapped
202004,2020-04-01,2020,4,53,Distrito Federal,61.56599,78.9888,DF,Distrito Federal,Center-West,TRUE,TRUE,mapped
202005,2020-05-01,2020,5,11,Rondônia,65.25148,76.53677,RO,Rondonia,North,TRUE,TRUE,mapped
202005,2020-05-01,2020,5,12,Acre,63.347,74.82356,AC,Acre,North,TRUE,TRUE,mapped
202005,2020-05-01,2020,5,13,Amazonas,64.09595,76.65804,AM,Amazonas,North,TRUE,TRUE,mapped
202005,2020-05-01,2020,5,14,Roraima,59.46318,74.25646,RR,Roraima,North,TRUE,TRUE,mapped
202005,2020-05-01,2020,5,15,Pará,54.85938,66.1354,PA,Para,North,TRUE,TRUE,mapped
202005,2020-05-01,2020,5,16,Amapá,45.77131,55.36499,AP,Amapa,North,TRUE,TRUE,mapped
202005,2020-05-01,2020,5,17,Tocantins,85.17976,105.85198,TO,Tocantins,North,TRUE,TRUE,mapped
202005,2020-05-01,2020,5,21,Maranhão,63.23228,79.81751,MA,Maranhao,Northeast,TRUE,TRUE,mapped
202005,2020-05-01,2020,5,22,Piauí,54.41296,67.61618,PI,Piaui,Northeast,TRUE,TRUE,mapped
202005,2020-05-01,2020,5,23,Ceará,60.98875,74.92671,CE,Ceara,Northeast,TRUE,TRUE,mapped
202005,2020-05-01,2020,5,24,Rio Grande do Norte,67.80187,87.17646,RN,Rio Grande do Norte,Northeast,TRUE,TRUE,mapped
202005,2020-05-01,2020,5,25,Paraíba,64.69411,81.10075,PB,Paraiba,Northeast,TRUE,TRUE,mapped
202005,2020-05-01,2020,5,26,Pernambuco,65.54246,83.13678,PE,Pernambuco,Northeast,TRUE,TRUE,mapped
202005,2020-05-01,2020,5,27,Alagoas,61.761,77.52058,AL,Alagoas,Northeast,TRUE,TRUE,mapped
202005,2020-05-01,2020,5,28,Sergipe,69.45085,89.93812,SE,Sergipe,Northeast,TRUE,TRUE,mapped
202005,2020-05-01,2020,5,29,Bahia,64.54411,84.31289,BA,Bahia,Northeast,TRUE,TRUE,mapped
202005,2020-05-01,2020,5,31,Minas Gerais,66.30314,86.36272,MG,Minas Gerais,Southeast,TRUE,TRUE,mapped
202005,2020-05-01,2020,5,32,Espírito Santo,64.23994,81.57634,ES,Espirito Santo,Southeast,TRUE,TRUE,mapped
202005,2020-05-01,2020,5,33,Rio de Janeiro,73.55141,91.11644,RJ,Rio de Janeiro,Southeast,TRUE,TRUE,mapped
202005,2020-05-01,2020,5,35,São Paulo,66.97661,86.46599,SP,Sao Paulo,Southeast,TRUE,TRUE,mapped
202005,2020-05-01,2020,5,41,Paraná,71.11223,97.4436,PR,Parana,South,TRUE,TRUE,mapped
202005,2020-05-01,2020,5,42,Santa Catarina,67.98004,93.45122,SC,Santa Catarina,South,TRUE,TRUE,mapped
202005,2020-05-01,2020,5,43,Rio Grande do Sul,68.6653,88.41166,RS,Rio Grande do Sul,South,TRUE,TRUE,mapped
202005,2020-05-01,2020,5,50,Mato Grosso do Sul,63.75057,84.06024,MS,Mato Grosso do Sul,Center-West,TRUE,TRUE,mapped
202005,2020-05-01,2020,5,51,Mato Grosso,69.38639,91.29942,MT,Mato Grosso,Center-West,TRUE,TRUE,mapped
202005,2020-05-01,2020,5,52,Goiás,72.33909,93.36887,GO,Goias,Center-West,TRUE,TRUE,mapped
202005,2020-05-01,2020,5,53,Distrito Federal,65.57397,85.17253,DF,Distrito Federal,Center-West,TRUE,TRUE,mapped
202006,2020-06-01,2020,6,11,Rondônia,69.74777,82.84652,RO,Rondonia,North,TRUE,TRUE,mapped
202006,2020-06-01,2020,6,12,Acre,67.47186,81.01193,AC,Acre,North,TRUE,TRUE,mapped
202006,2020-06-01,2020,6,13,Amazonas,82.84868,102.1401,AM,Amazonas,North,TRUE,TRUE,mapped
202006,2020-06-01,2020,6,14,Roraima,63.71233,79.59792,RR,Roraima,North,TRUE,TRUE,mapped
202006,2020-06-01,2020,6,15,Pará,71.5129,87.88228,PA,Para,North,TRUE,TRUE,mapped
202006,2020-06-01,2020,6,16,Amapá,57.41314,71.37581,AP,Amapa,North,TRUE,TRUE,mapped
202006,2020-06-01,2020,6,17,Tocantins,96.6214,121.45104,TO,Tocantins,North,TRUE,TRUE,mapped
202006,2020-06-01,2020,6,21,Maranhão,76.79494,98.58012,MA,Maranhao,Northeast,TRUE,TRUE,mapped
202006,2020-06-01,2020,6,22,Piauí,63.87278,79.84412,PI,Piaui,Northeast,TRUE,TRUE,mapped
202006,2020-06-01,2020,6,23,Ceará,72.33787,91.78585,CE,Ceara,Northeast,TRUE,TRUE,mapped
202006,2020-06-01,2020,6,24,Rio Grande do Norte,68.14573,87.15255,RN,Rio Grande do Norte,Northeast,TRUE,TRUE,mapped
202006,2020-06-01,2020,6,25,Paraíba,61.82571,76.44486,PB,Paraiba,Northeast,TRUE,TRUE,mapped
202006,2020-06-01,2020,6,26,Pernambuco,71.52845,90.35031,PE,Pernambuco,Northeast,TRUE,TRUE,mapped
202006,2020-06-01,2020,6,27,Alagoas,62.8599,78.19665,AL,Alagoas,Northeast,TRUE,TRUE,mapped
202006,2020-06-01,2020,6,28,Sergipe,71.28902,91.52331,SE,Sergipe,Northeast,TRUE,TRUE,mapped
202006,2020-06-01,2020,6,29,Bahia,69.0535,89.20093,BA,Bahia,Northeast,TRUE,TRUE,mapped
202006,2020-06-01,2020,6,31,Minas Gerais,68.50502,89.23538,MG,Minas Gerais,Southeast,TRUE,TRUE,mapped
202006,2020-06-01,2020,6,32,Espírito Santo,65.37814,83.31604,ES,Espirito Santo,Southeast,TRUE,TRUE,mapped
202006,2020-06-01,2020,6,33,Rio de Janeiro,76.82114,95.95155,RJ,Rio de Janeiro,Southeast,TRUE,TRUE,mapped
202006,2020-06-01,2020,6,35,São Paulo,70.72807,91.96734,SP,Sao Paulo,Southeast,TRUE,TRUE,mapped
202006,2020-06-01,2020,6,41,Paraná,70.45614,95.25165,PR,Parana,South,TRUE,TRUE,mapped
202006,2020-06-01,2020,6,42,Santa Catarina,68.16647,92.63336,SC,Santa Catarina,South,TRUE,TRUE,mapped
202006,2020-06-01,2020,6,43,Rio Grande do Sul,68.03632,87.72082,RS,Rio Grande do Sul,South,TRUE,TRUE,mapped
202006,2020-06-01,2020,6,50,Mato Grosso do Sul,64.04583,84.07863,MS,Mato Grosso do Sul,Center-West,TRUE,TRUE,mapped
202006,2020-06-01,2020,6,51,Mato Grosso,67.51198,87.74054,MT,Mato Grosso,Center-West,TRUE,TRUE,mapped
202006,2020-06-01,2020,6,52,Goiás,73.78444,94.84956,GO,Goias,Center-West,TRUE,TRUE,mapped
202006,2020-06-01,2020,6,53,Distrito Federal,72.94334,93.99128,DF,Distrito Federal,Center-West,TRUE,TRUE,mapped
202007,2020-07-01,2020,7,11,Rondônia,82.01448,98.21766,RO,Rondonia,North,TRUE,TRUE,mapped
202007,2020-07-01,2020,7,12,Acre,81.41793,98.781,AC,Acre,North,TRUE,TRUE,mapped
202007,2020-07-01,2020,7,13,Amazonas,92.46751,112.97913,AM,Amazonas,North,TRUE,TRUE,mapped
202007,2020-07-01,2020,7,14,Roraima,70.52469,87.91558,RR,Roraima,North,TRUE,TRUE,mapped
202007,2020-07-01,2020,7,15,Pará,78.29033,96.24973,PA,Para,North,TRUE,TRUE,mapped
202007,2020-07-01,2020,7,16,Amapá,76.08806,96.45995,AP,Amapa,North,TRUE,TRUE,mapped
202007,2020-07-01,2020,7,17,Tocantins,95.23023,119.96045,TO,Tocantins,North,TRUE,TRUE,mapped
202007,2020-07-01,2020,7,21,Maranhão,85.53485,110.35841,MA,Maranhao,Northeast,TRUE,TRUE,mapped
202007,2020-07-01,2020,7,22,Piauí,66.75546,83.32658,PI,Piaui,Northeast,TRUE,TRUE,mapped
202007,2020-07-01,2020,7,23,Ceará,83.12187,106.7536,CE,Ceara,Northeast,TRUE,TRUE,mapped
202007,2020-07-01,2020,7,24,Rio Grande do Norte,77.00183,99.18661,RN,Rio Grande do Norte,Northeast,TRUE,TRUE,mapped
202007,2020-07-01,2020,7,25,Paraíba,75.38447,94.60803,PB,Paraiba,Northeast,TRUE,TRUE,mapped
202007,2020-07-01,2020,7,26,Pernambuco,85.58013,109.22396,PE,Pernambuco,Northeast,TRUE,TRUE,mapped
202007,2020-07-01,2020,7,27,Alagoas,72.16936,90.41679,AL,Alagoas,Northeast,TRUE,TRUE,mapped
202007,2020-07-01,2020,7,28,Sergipe,77.94648,99.69506,SE,Sergipe,Northeast,TRUE,TRUE,mapped
202007,2020-07-01,2020,7,29,Bahia,78.26924,100.70105,BA,Bahia,Northeast,TRUE,TRUE,mapped
202007,2020-07-01,2020,7,31,Minas Gerais,75.21911,97.85109,MG,Minas Gerais,Southeast,TRUE,TRUE,mapped
202007,2020-07-01,2020,7,32,Espírito Santo,70.40144,89.13238,ES,Espirito Santo,Southeast,TRUE,TRUE,mapped
202007,2020-07-01,2020,7,33,Rio de Janeiro,85.07031,107.04718,RJ,Rio de Janeiro,Southeast,TRUE,TRUE,mapped
202007,2020-07-01,2020,7,35,São Paulo,76.84595,99.7121,SP,Sao Paulo,Southeast,TRUE,TRUE,mapped
202007,2020-07-01,2020,7,41,Paraná,73.28802,97.08684,PR,Parana,South,TRUE,TRUE,mapped
202007,2020-07-01,2020,7,42,Santa Catarina,72.40357,96.71507,SC,Santa Catarina,South,TRUE,TRUE,mapped
202007,2020-07-01,2020,7,43,Rio Grande do Sul,70.76812,89.63452,RS,Rio Grande do Sul,South,TRUE,TRUE,mapped
202007,2020-07-01,2020,7,50,Mato Grosso do Sul,66.60284,86.93149,MS,Mato Grosso do Sul,Center-West,TRUE,TRUE,mapped
202007,2020-07-01,2020,7,51,Mato Grosso,69.57588,89.75816,MT,Mato Grosso,Center-West,TRUE,TRUE,mapped
202007,2020-07-01,2020,7,52,Goiás,78.70101,100.99583,GO,Goias,Center-West,TRUE,TRUE,mapped
202007,2020-07-01,2020,7,53,Distrito Federal,80.99902,104.77476,DF,Distrito Federal,Center-West,TRUE,TRUE,mapped
202008,2020-08-01,2020,8,11,Rondônia,92.07442,110.71199,RO,Rondonia,North,TRUE,TRUE,mapped
202008,2020-08-01,2020,8,12,Acre,93.4052,114.55674,AC,Acre,North,TRUE,TRUE,mapped
202008,2020-08-01,2020,8,13,Amazonas,93.4604,113.57875,AM,Amazonas,North,TRUE,TRUE,mapped
202008,2020-08-01,2020,8,14,Roraima,73.85949,91.75396,RR,Roraima,North,TRUE,TRUE,mapped
202008,2020-08-01,2020,8,15,Pará,82.03048,100.43534,PA,Para,North,TRUE,TRUE,mapped
202008,2020-08-01,2020,8,16,Amapá,88.78167,112.02731,AP,Amapa,North,TRUE,TRUE,mapped
202008,2020-08-01,2020,8,17,Tocantins,89.99798,112.61452,TO,Tocantins,North,TRUE,TRUE,mapped
202008,2020-08-01,2020,8,21,Maranhão,95.07574,121.18657,MA,Maranhao,Northeast,TRUE,TRUE,mapped
202008,2020-08-01,2020,8,22,Piauí,77.84692,98.77034,PI,Piaui,Northeast,TRUE,TRUE,mapped
202008,2020-08-01,2020,8,23,Ceará,86.92341,111.565,CE,Ceara,Northeast,TRUE,TRUE,mapped
202008,2020-08-01,2020,8,24,Rio Grande do Norte,81.44878,105.82415,RN,Rio Grande do Norte,Northeast,TRUE,TRUE,mapped
202008,2020-08-01,2020,8,25,Paraíba,78.86972,98.99102,PB,Paraiba,Northeast,TRUE,TRUE,mapped
202008,2020-08-01,2020,8,26,Pernambuco,88.36065,112.40261,PE,Pernambuco,Northeast,TRUE,TRUE,mapped
202008,2020-08-01,2020,8,27,Alagoas,79.87014,101.04876,AL,Alagoas,Northeast,TRUE,TRUE,mapped
202008,2020-08-01,2020,8,28,Sergipe,84.17364,107.89533,SE,Sergipe,Northeast,TRUE,TRUE,mapped
202008,2020-08-01,2020,8,29,Bahia,86.03284,112.21495,BA,Bahia,Northeast,TRUE,TRUE,mapped
202008,2020-08-01,2020,8,31,Minas Gerais,78.28031,101.08284,MG,Minas Gerais,Southeast,TRUE,TRUE,mapped
202008,2020-08-01,2020,8,32,Espírito Santo,71.3959,90.26367,ES,Espirito Santo,Southeast,TRUE,TRUE,mapped
202008,2020-08-01,2020,8,33,Rio de Janeiro,88.31993,111.25161,RJ,Rio de Janeiro,Southeast,TRUE,TRUE,mapped
202008,2020-08-01,2020,8,35,São Paulo,78.79739,101.26718,SP,Sao Paulo,Southeast,TRUE,TRUE,mapped
202008,2020-08-01,2020,8,41,Paraná,76.27457,100.39936,PR,Parana,South,TRUE,TRUE,mapped
202008,2020-08-01,2020,8,42,Santa Catarina,73.82361,97.6849,SC,Santa Catarina,South,TRUE,TRUE,mapped
202008,2020-08-01,2020,8,43,Rio Grande do Sul,70.1878,89.44253,RS,Rio Grande do Sul,South,TRUE,TRUE,mapped
202008,2020-08-01,2020,8,50,Mato Grosso do Sul,70.1589,90.2603,MS,Mato Grosso do Sul,Center-West,TRUE,TRUE,mapped
202008,2020-08-01,2020,8,51,Mato Grosso,77.26734,98.98498,MT,Mato Grosso,Center-West,TRUE,TRUE,mapped
202008,2020-08-01,2020,8,52,Goiás,83.67814,106.62115,GO,Goias,Center-West,TRUE,TRUE,mapped
202008,2020-08-01,2020,8,53,Distrito Federal,84.38318,107.02807,DF,Distrito Federal,Center-West,TRUE,TRUE,mapped
202009,2020-09-01,2020,9,11,Rondônia,91.63724,108.82252,RO,Rondonia,North,TRUE,TRUE,mapped
202009,2020-09-01,2020,9,12,Acre,87.83585,105.41495,AC,Acre,North,TRUE,TRUE,mapped
202009,2020-09-01,2020,9,13,Amazonas,88.27707,105.06119,AM,Amazonas,North,TRUE,TRUE,mapped
202009,2020-09-01,2020,9,14,Roraima,75.49125,91.57131,RR,Roraima,North,TRUE,TRUE,mapped
202009,2020-09-01,2020,9,15,Pará,76.93818,92.82513,PA,Para,North,TRUE,TRUE,mapped
202009,2020-09-01,2020,9,16,Amapá,79.89338,98.15111,AP,Amapa,North,TRUE,TRUE,mapped
202009,2020-09-01,2020,9,17,Tocantins,91.49937,113.22672,TO,Tocantins,North,TRUE,TRUE,mapped
202009,2020-09-01,2020,9,21,Maranhão,83.18306,103.99548,MA,Maranhao,Northeast,TRUE,TRUE,mapped
202009,2020-09-01,2020,9,22,Piauí,80.75873,101.0361,PI,Piaui,Northeast,TRUE,TRUE,mapped
202009,2020-09-01,2020,9,23,Ceará,83.1135,104.12077,CE,Ceara,Northeast,TRUE,TRUE,mapped
202009,2020-09-01,2020,9,24,Rio Grande do Norte,81.27035,102.89445,RN,Rio Grande do Norte,Northeast,TRUE,TRUE,mapped
202009,2020-09-01,2020,9,25,Paraíba,74.7205,91.93868,PB,Paraiba,Northeast,TRUE,TRUE,mapped
202009,2020-09-01,2020,9,26,Pernambuco,83.55982,104.24338,PE,Pernambuco,Northeast,TRUE,TRUE,mapped
202009,2020-09-01,2020,9,27,Alagoas,78.96012,97.95611,AL,Alagoas,Northeast,TRUE,TRUE,mapped
202009,2020-09-01,2020,9,28,Sergipe,83.47272,105.394,SE,Sergipe,Northeast,TRUE,TRUE,mapped
202009,2020-09-01,2020,9,29,Bahia,83.98879,109.1517,BA,Bahia,Northeast,TRUE,TRUE,mapped
202009,2020-09-01,2020,9,31,Minas Gerais,79.93831,101.48737,MG,Minas Gerais,Southeast,TRUE,TRUE,mapped
202009,2020-09-01,2020,9,32,Espírito Santo,72.88395,90.83188,ES,Espirito Santo,Southeast,TRUE,TRUE,mapped
202009,2020-09-01,2020,9,33,Rio de Janeiro,83.51188,103.17178,RJ,Rio de Janeiro,Southeast,TRUE,TRUE,mapped
202009,2020-09-01,2020,9,35,São Paulo,77.86122,98.81003,SP,Sao Paulo,Southeast,TRUE,TRUE,mapped
202009,2020-09-01,2020,9,41,Paraná,77.08648,100.07491,PR,Parana,South,TRUE,TRUE,mapped
202009,2020-09-01,2020,9,42,Santa Catarina,73.09209,95.46784,SC,Santa Catarina,South,TRUE,TRUE,mapped
202009,2020-09-01,2020,9,43,Rio Grande do Sul,70.13734,88.24031,RS,Rio Grande do Sul,South,TRUE,TRUE,mapped
202009,2020-09-01,2020,9,50,Mato Grosso do Sul,74.24245,93.80866,MS,Mato Grosso do Sul,Center-West,TRUE,TRUE,mapped
202009,2020-09-01,2020,9,51,Mato Grosso,75.0113,94.42818,MT,Mato Grosso,Center-West,TRUE,TRUE,mapped
202009,2020-09-01,2020,9,52,Goiás,84.29666,104.99427,GO,Goias,Center-West,TRUE,TRUE,mapped
202009,2020-09-01,2020,9,53,Distrito Federal,82.81293,103.95364,DF,Distrito Federal,Center-West,TRUE,TRUE,mapped
202010,2020-10-01,2020,10,11,Rondônia,93.45568,108.2279,RO,Rondonia,North,TRUE,TRUE,mapped
202010,2020-10-01,2020,10,12,Acre,91.73565,107.91034,AC,Acre,North,TRUE,TRUE,mapped
202010,2020-10-01,2020,10,13,Amazonas,96.26353,111.67301,AM,Amazonas,North,TRUE,TRUE,mapped
202010,2020-10-01,2020,10,14,Roraima,79.3086,95.67213,RR,Roraima,North,TRUE,TRUE,mapped
202010,2020-10-01,2020,10,15,Pará,83.20139,98.64594,PA,Para,North,TRUE,TRUE,mapped
202010,2020-10-01,2020,10,16,Amapá,85.07716,103.04575,AP,Amapa,North,TRUE,TRUE,mapped
202010,2020-10-01,2020,10,17,Tocantins,88.20803,109.26113,TO,Tocantins,North,TRUE,TRUE,mapped
202010,2020-10-01,2020,10,21,Maranhão,87.31236,107.83311,MA,Maranhao,Northeast,TRUE,TRUE,mapped
202010,2020-10-01,2020,10,22,Piauí,84.5226,104.08944,PI,Piaui,Northeast,TRUE,TRUE,mapped
202010,2020-10-01,2020,10,23,Ceará,88.75537,109.83411,CE,Ceara,Northeast,TRUE,TRUE,mapped
202010,2020-10-01,2020,10,24,Rio Grande do Norte,87.76167,109.26569,RN,Rio Grande do Norte,Northeast,TRUE,TRUE,mapped
202010,2020-10-01,2020,10,25,Paraíba,82.98225,101.05829,PB,Paraiba,Northeast,TRUE,TRUE,mapped
202010,2020-10-01,2020,10,26,Pernambuco,90.01462,111.25221,PE,Pernambuco,Northeast,TRUE,TRUE,mapped
202010,2020-10-01,2020,10,27,Alagoas,84.69622,104.09834,AL,Alagoas,Northeast,TRUE,TRUE,mapped
202010,2020-10-01,2020,10,28,Sergipe,90.25703,112.74923,SE,Sergipe,Northeast,TRUE,TRUE,mapped
202010,2020-10-01,2020,10,29,Bahia,90.30617,117.29467,BA,Bahia,Northeast,TRUE,TRUE,mapped
202010,2020-10-01,2020,10,31,Minas Gerais,86.04466,107.13265,MG,Minas Gerais,Southeast,TRUE,TRUE,mapped
202010,2020-10-01,2020,10,32,Espírito Santo,80.65871,99.50737,ES,Espirito Santo,Southeast,TRUE,TRUE,mapped
202010,2020-10-01,2020,10,33,Rio de Janeiro,89.1324,108.62895,RJ,Rio de Janeiro,Southeast,TRUE,TRUE,mapped
202010,2020-10-01,2020,10,35,São Paulo,84.58378,105.15911,SP,Sao Paulo,Southeast,TRUE,TRUE,mapped
202010,2020-10-01,2020,10,41,Paraná,84.84137,108.76863,PR,Parana,South,TRUE,TRUE,mapped
202010,2020-10-01,2020,10,42,Santa Catarina,81.54972,104.8231,SC,Santa Catarina,South,TRUE,TRUE,mapped
202010,2020-10-01,2020,10,43,Rio Grande do Sul,77.56474,96.49067,RS,Rio Grande do Sul,South,TRUE,TRUE,mapped
202010,2020-10-01,2020,10,50,Mato Grosso do Sul,80.42799,100.37386,MS,Mato Grosso do Sul,Center-West,TRUE,TRUE,mapped
202010,2020-10-01,2020,10,51,Mato Grosso,80.79174,99.89935,MT,Mato Grosso,Center-West,TRUE,TRUE,mapped
202010,2020-10-01,2020,10,52,Goiás,90.5326,111.73303,GO,Goias,Center-West,TRUE,TRUE,mapped
202010,2020-10-01,2020,10,53,Distrito Federal,91.39796,113.17067,DF,Distrito Federal,Center-West,TRUE,TRUE,mapped
202011,2020-11-01,2020,11,11,Rondônia,112.46475,132.21336,RO,Rondonia,North,TRUE,TRUE,mapped
202011,2020-11-01,2020,11,12,Acre,102.68042,123.08368,AC,Acre,North,TRUE,TRUE,mapped
202011,2020-11-01,2020,11,13,Amazonas,100.87847,118.01569,AM,Amazonas,North,TRUE,TRUE,mapped
202011,2020-11-01,2020,11,14,Roraima,80.67711,98.06715,RR,Roraima,North,TRUE,TRUE,mapped
202011,2020-11-01,2020,11,15,Pará,94.09282,111.78694,PA,Para,North,TRUE,TRUE,mapped
202011,2020-11-01,2020,11,16,Amapá,84.86564,103.05955,AP,Amapa,North,TRUE,TRUE,mapped
202011,2020-11-01,2020,11,17,Tocantins,93.56765,115.65973,TO,Tocantins,North,TRUE,TRUE,mapped
202011,2020-11-01,2020,11,21,Maranhão,95.28186,116.22541,MA,Maranhao,Northeast,TRUE,TRUE,mapped
202011,2020-11-01,2020,11,22,Piauí,87.95867,108.05239,PI,Piaui,Northeast,TRUE,TRUE,mapped
202011,2020-11-01,2020,11,23,Ceará,93.60836,115.83378,CE,Ceara,Northeast,TRUE,TRUE,mapped
202011,2020-11-01,2020,11,24,Rio Grande do Norte,90.16152,111.6524,RN,Rio Grande do Norte,Northeast,TRUE,TRUE,mapped
202011,2020-11-01,2020,11,25,Paraíba,86.64,105.88004,PB,Paraiba,Northeast,TRUE,TRUE,mapped
202011,2020-11-01,2020,11,26,Pernambuco,101.57038,126.78913,PE,Pernambuco,Northeast,TRUE,TRUE,mapped
202011,2020-11-01,2020,11,27,Alagoas,92.62131,114.62752,AL,Alagoas,Northeast,TRUE,TRUE,mapped
202011,2020-11-01,2020,11,28,Sergipe,96.66091,121.26553,SE,Sergipe,Northeast,TRUE,TRUE,mapped
202011,2020-11-01,2020,11,29,Bahia,98.24753,126.17927,BA,Bahia,Northeast,TRUE,TRUE,mapped
202011,2020-11-01,2020,11,31,Minas Gerais,86.2584,106.98859,MG,Minas Gerais,Southeast,TRUE,TRUE,mapped
202011,2020-11-01,2020,11,32,Espírito Santo,79.90865,98.57154,ES,Espirito Santo,Southeast,TRUE,TRUE,mapped
202011,2020-11-01,2020,11,33,Rio de Janeiro,96.78337,117.78195,RJ,Rio de Janeiro,Southeast,TRUE,TRUE,mapped
202011,2020-11-01,2020,11,35,São Paulo,88.60629,109.38068,SP,Sao Paulo,Southeast,TRUE,TRUE,mapped
202011,2020-11-01,2020,11,41,Paraná,84.49691,107.2759,PR,Parana,South,TRUE,TRUE,mapped
202011,2020-11-01,2020,11,42,Santa Catarina,84.50903,108.06201,SC,Santa Catarina,South,TRUE,TRUE,mapped
202011,2020-11-01,2020,11,43,Rio Grande do Sul,76.94421,95.23301,RS,Rio Grande do Sul,South,TRUE,TRUE,mapped
202011,2020-11-01,2020,11,50,Mato Grosso do Sul,80.94556,100.06717,MS,Mato Grosso do Sul,Center-West,TRUE,TRUE,mapped
202011,2020-11-01,2020,11,51,Mato Grosso,82.74093,102.1241,MT,Mato Grosso,Center-West,TRUE,TRUE,mapped
202011,2020-11-01,2020,11,52,Goiás,92.57576,113.59166,GO,Goias,Center-West,TRUE,TRUE,mapped
202011,2020-11-01,2020,11,53,Distrito Federal,91.08102,112.77897,DF,Distrito Federal,Center-West,TRUE,TRUE,mapped
202012,2020-12-01,2020,12,11,Rondônia,111.92664,129.25496,RO,Rondonia,North,TRUE,TRUE,mapped
202012,2020-12-01,2020,12,12,Acre,106.569,123.76664,AC,Acre,North,TRUE,TRUE,mapped
202012,2020-12-01,2020,12,13,Amazonas,112.60178,128.78726,AM,Amazonas,North,TRUE,TRUE,mapped
202012,2020-12-01,2020,12,14,Roraima,93.41554,111.97053,RR,Roraima,North,TRUE,TRUE,mapped
202012,2020-12-01,2020,12,15,Pará,107.7618,125.48311,PA,Para,North,TRUE,TRUE,mapped
202012,2020-12-01,2020,12,16,Amapá,108.06828,130.12269,AP,Amapa,North,TRUE,TRUE,mapped
202012,2020-12-01,2020,12,17,Tocantins,97.91432,119.32451,TO,Tocantins,North,TRUE,TRUE,mapped
202012,2020-12-01,2020,12,21,Maranhão,103.14147,125.7026,MA,Maranhao,Northeast,TRUE,TRUE,mapped
202012,2020-12-01,2020,12,22,Piauí,101.56451,124.01788,PI,Piaui,Northeast,TRUE,TRUE,mapped
202012,2020-12-01,2020,12,23,Ceará,109.28391,134.3081,CE,Ceara,Northeast,TRUE,TRUE,mapped
202012,2020-12-01,2020,12,24,Rio Grande do Norte,104.13586,127.34292,RN,Rio Grande do Norte,Northeast,TRUE,TRUE,mapped
202012,2020-12-01,2020,12,25,Paraíba,97.79414,117.0343,PB,Paraiba,Northeast,TRUE,TRUE,mapped
202012,2020-12-01,2020,12,26,Pernambuco,114.39348,140.08798,PE,Pernambuco,Northeast,TRUE,TRUE,mapped
202012,2020-12-01,2020,12,27,Alagoas,104.55692,127.03765,AL,Alagoas,Northeast,TRUE,TRUE,mapped
202012,2020-12-01,2020,12,28,Sergipe,105.97593,130.21889,SE,Sergipe,Northeast,TRUE,TRUE,mapped
202012,2020-12-01,2020,12,29,Bahia,109.45691,139.79374,BA,Bahia,Northeast,TRUE,TRUE,mapped
202012,2020-12-01,2020,12,31,Minas Gerais,96.27783,116.4114,MG,Minas Gerais,Southeast,TRUE,TRUE,mapped
202012,2020-12-01,2020,12,32,Espírito Santo,96.13285,115.25657,ES,Espirito Santo,Southeast,TRUE,TRUE,mapped
202012,2020-12-01,2020,12,33,Rio de Janeiro,116.38145,139.04256,RJ,Rio de Janeiro,Southeast,TRUE,TRUE,mapped
202012,2020-12-01,2020,12,35,São Paulo,105.55992,128.91484,SP,Sao Paulo,Southeast,TRUE,TRUE,mapped
202012,2020-12-01,2020,12,41,Paraná,101.11145,126.64795,PR,Parana,South,TRUE,TRUE,mapped
202012,2020-12-01,2020,12,42,Santa Catarina,100.51379,126.60934,SC,Santa Catarina,South,TRUE,TRUE,mapped
202012,2020-12-01,2020,12,43,Rio Grande do Sul,94.64903,114.80421,RS,Rio Grande do Sul,South,TRUE,TRUE,mapped
202012,2020-12-01,2020,12,50,Mato Grosso do Sul,91.15727,111.16937,MS,Mato Grosso do Sul,Center-West,TRUE,TRUE,mapped
202012,2020-12-01,2020,12,51,Mato Grosso,92.22232,111.63707,MT,Mato Grosso,Center-West,TRUE,TRUE,mapped
202012,2020-12-01,2020,12,52,Goiás,102.94705,123.1084,GO,Goias,Center-West,TRUE,TRUE,mapped
202012,2020-12-01,2020,12,53,Distrito Federal,101.83146,124.25166,DF,Distrito Federal,Center-West,TRUE,TRUE,mapped
202101,2021-01-01,2021,1,11,Rondônia,70.87596,80.63284,RO,Rondonia,North,TRUE,TRUE,mapped
202101,2021-01-01,2021,1,12,Acre,80.72411,92.00813,AC,Acre,North,TRUE,TRUE,mapped
202101,2021-01-01,2021,1,13,Amazonas,63.32088,67.07793,AM,Amazonas,North,TRUE,TRUE,mapped
202101,2021-01-01,2021,1,14,Roraima,72.42533,83.768,RR,Roraima,North,TRUE,TRUE,mapped
202101,2021-01-01,2021,1,15,Pará,79.04462,90.40895,PA,Para,North,TRUE,TRUE,mapped
202101,2021-01-01,2021,1,16,Amapá,79.10285,93.271,AP,Amapa,North,TRUE,TRUE,mapped
202101,2021-01-01,2021,1,17,Tocantins,77.05022,92.27217,TO,Tocantins,North,TRUE,TRUE,mapped
202101,2021-01-01,2021,1,21,Maranhão,79.55756,94.51835,MA,Maranhao,Northeast,TRUE,TRUE,mapped
202101,2021-01-01,2021,1,22,Piauí,76.90051,91.74,PI,Piaui,Northeast,TRUE,TRUE,mapped
202101,2021-01-01,2021,1,23,Ceará,81.3545,96.87197,CE,Ceara,Northeast,TRUE,TRUE,mapped
202101,2021-01-01,2021,1,24,Rio Grande do Norte,83.37712,99.67613,RN,Rio Grande do Norte,Northeast,TRUE,TRUE,mapped
202101,2021-01-01,2021,1,25,Paraíba,77.11322,90.36163,PB,Paraiba,Northeast,TRUE,TRUE,mapped
202101,2021-01-01,2021,1,26,Pernambuco,86.36726,103.02968,PE,Pernambuco,Northeast,TRUE,TRUE,mapped
202101,2021-01-01,2021,1,27,Alagoas,78.26608,92.77933,AL,Alagoas,Northeast,TRUE,TRUE,mapped
202101,2021-01-01,2021,1,28,Sergipe,85.59501,102.81145,SE,Sergipe,Northeast,TRUE,TRUE,mapped
202101,2021-01-01,2021,1,29,Bahia,82.29594,101.78117,BA,Bahia,Northeast,TRUE,TRUE,mapped
202101,2021-01-01,2021,1,31,Minas Gerais,81.86975,97.88638,MG,Minas Gerais,Southeast,TRUE,TRUE,mapped
202101,2021-01-01,2021,1,32,Espírito Santo,74.46407,87.17077,ES,Espirito Santo,Southeast,TRUE,TRUE,mapped
202101,2021-01-01,2021,1,33,Rio de Janeiro,84.53655,98.4179,RJ,Rio de Janeiro,Southeast,TRUE,TRUE,mapped
202101,2021-01-01,2021,1,35,São Paulo,80.07598,95.6009,SP,Sao Paulo,Southeast,TRUE,TRUE,mapped
202101,2021-01-01,2021,1,41,Paraná,78.75275,96.5329,PR,Parana,South,TRUE,TRUE,mapped
202101,2021-01-01,2021,1,42,Santa Catarina,78.88775,96.92837,SC,Santa Catarina,South,TRUE,TRUE,mapped
202101,2021-01-01,2021,1,43,Rio Grande do Sul,71.12784,83.91204,RS,Rio Grande do Sul,South,TRUE,TRUE,mapped
202101,2021-01-01,2021,1,50,Mato Grosso do Sul,72.68549,87.16068,MS,Mato Grosso do Sul,Center-West,TRUE,TRUE,mapped
202101,2021-01-01,2021,1,51,Mato Grosso,67.97122,81.09883,MT,Mato Grosso,Center-West,TRUE,TRUE,mapped
202101,2021-01-01,2021,1,52,Goiás,82.45957,97.25438,GO,Goias,Center-West,TRUE,TRUE,mapped
202101,2021-01-01,2021,1,53,Distrito Federal,79.29077,95.44729,DF,Distrito Federal,Center-West,TRUE,TRUE,mapped
202102,2021-02-01,2021,2,11,Rondônia,75.05751,84.58617,RO,Rondonia,North,TRUE,TRUE,mapped
202102,2021-02-01,2021,2,12,Acre,67.0619,73.08178,AC,Acre,North,TRUE,TRUE,mapped
202102,2021-02-01,2021,2,13,Amazonas,67.64296,72.06172,AM,Amazonas,North,TRUE,TRUE,mapped
202102,2021-02-01,2021,2,14,Roraima,67.27525,75.33336,RR,Roraima,North,TRUE,TRUE,mapped
202102,2021-02-01,2021,2,15,Pará,71.40726,79.94671,PA,Para,North,TRUE,TRUE,mapped
202102,2021-02-01,2021,2,16,Amapá,72.85321,83.52697,AP,Amapa,North,TRUE,TRUE,mapped
202102,2021-02-01,2021,2,17,Tocantins,75.00772,87.95124,TO,Tocantins,North,TRUE,TRUE,mapped
202102,2021-02-01,2021,2,21,Maranhão,73.39022,85.90172,MA,Maranhao,Northeast,TRUE,TRUE,mapped
202102,2021-02-01,2021,2,22,Piauí,78.71214,91.1534,PI,Piaui,Northeast,TRUE,TRUE,mapped
202102,2021-02-01,2021,2,23,Ceará,72.81465,84.81291,CE,Ceara,Northeast,TRUE,TRUE,mapped
202102,2021-02-01,2021,2,24,Rio Grande do Norte,77.5614,91.27269,RN,Rio Grande do Norte,Northeast,TRUE,TRUE,mapped
202102,2021-02-01,2021,2,25,Paraíba,69.0848,79.5158,PB,Paraiba,Northeast,TRUE,TRUE,mapped
202102,2021-02-01,2021,2,26,Pernambuco,80.25671,94.07324,PE,Pernambuco,Northeast,TRUE,TRUE,mapped
202102,2021-02-01,2021,2,27,Alagoas,70.98096,82.57583,AL,Alagoas,Northeast,TRUE,TRUE,mapped
202102,2021-02-01,2021,2,28,Sergipe,78.27267,92.07552,SE,Sergipe,Northeast,TRUE,TRUE,mapped
202102,2021-02-01,2021,2,29,Bahia,77.39908,93.74479,BA,Bahia,Northeast,TRUE,TRUE,mapped
202102,2021-02-01,2021,2,31,Minas Gerais,72.8532,85.40496,MG,Minas Gerais,Southeast,TRUE,TRUE,mapped
202102,2021-02-01,2021,2,32,Espírito Santo,70.80504,82.42783,ES,Espirito Santo,Southeast,TRUE,TRUE,mapped
202102,2021-02-01,2021,2,33,Rio de Janeiro,78.17935,90.62161,RJ,Rio de Janeiro,Southeast,TRUE,TRUE,mapped
202102,2021-02-01,2021,2,35,São Paulo,75.42415,89.12678,SP,Sao Paulo,Southeast,TRUE,TRUE,mapped
202102,2021-02-01,2021,2,41,Paraná,75.21959,90.89821,PR,Parana,South,TRUE,TRUE,mapped
202102,2021-02-01,2021,2,42,Santa Catarina,73.00731,88.14807,SC,Santa Catarina,South,TRUE,TRUE,mapped
202102,2021-02-01,2021,2,43,Rio Grande do Sul,66.28311,76.67212,RS,Rio Grande do Sul,South,TRUE,TRUE,mapped
202102,2021-02-01,2021,2,50,Mato Grosso do Sul,69.21801,81.4363,MS,Mato Grosso do Sul,Center-West,TRUE,TRUE,mapped
202102,2021-02-01,2021,2,51,Mato Grosso,71.02977,82.26706,MT,Mato Grosso,Center-West,TRUE,TRUE,mapped
202102,2021-02-01,2021,2,52,Goiás,77.38694,89.7522,GO,Goias,Center-West,TRUE,TRUE,mapped
202102,2021-02-01,2021,2,53,Distrito Federal,73.63624,86.23409,DF,Distrito Federal,Center-West,TRUE,TRUE,mapped
202103,2021-03-01,2021,3,11,Rondônia,78.09733,87.20546,RO,Rondonia,North,TRUE,TRUE,mapped
202103,2021-03-01,2021,3,12,Acre,82.73094,90.51429,AC,Acre,North,TRUE,TRUE,mapped
202103,2021-03-01,2021,3,13,Amazonas,90.24967,98.33765,AM,Amazonas,North,TRUE,TRUE,mapped
202103,2021-03-01,2021,3,14,Roraima,77.39019,85.05225,RR,Roraima,North,TRUE,TRUE,mapped
202103,2021-03-01,2021,3,15,Pará,74.21973,82.00819,PA,Para,North,TRUE,TRUE,mapped
202103,2021-03-01,2021,3,16,Amapá,67.67802,74.29781,AP,Amapa,North,TRUE,TRUE,mapped
202103,2021-03-01,2021,3,17,Tocantins,79.44893,90.47369,TO,Tocantins,North,TRUE,TRUE,mapped
202103,2021-03-01,2021,3,21,Maranhão,79.51304,91.97614,MA,Maranhao,Northeast,TRUE,TRUE,mapped
202103,2021-03-01,2021,3,22,Piauí,77.73386,88.90364,PI,Piaui,Northeast,TRUE,TRUE,mapped
202103,2021-03-01,2021,3,23,Ceará,69.2606,77.35979,CE,Ceara,Northeast,TRUE,TRUE,mapped
202103,2021-03-01,2021,3,24,Rio Grande do Norte,82.07798,94.08196,RN,Rio Grande do Norte,Northeast,TRUE,TRUE,mapped
202103,2021-03-01,2021,3,25,Paraíba,72.83517,82.31284,PB,Paraiba,Northeast,TRUE,TRUE,mapped
202103,2021-03-01,2021,3,26,Pernambuco,83.81321,95.8894,PE,Pernambuco,Northeast,TRUE,TRUE,mapped
202103,2021-03-01,2021,3,27,Alagoas,76.99606,87.99339,AL,Alagoas,Northeast,TRUE,TRUE,mapped
202103,2021-03-01,2021,3,28,Sergipe,83.45886,96.10284,SE,Sergipe,Northeast,TRUE,TRUE,mapped
202103,2021-03-01,2021,3,29,Bahia,79.65286,91.84071,BA,Bahia,Northeast,TRUE,TRUE,mapped
202103,2021-03-01,2021,3,31,Minas Gerais,79.91174,92.51212,MG,Minas Gerais,Southeast,TRUE,TRUE,mapped
202103,2021-03-01,2021,3,32,Espírito Santo,78.13719,89.33815,ES,Espirito Santo,Southeast,TRUE,TRUE,mapped
202103,2021-03-01,2021,3,33,Rio de Janeiro,88.82698,102.56175,RJ,Rio de Janeiro,Southeast,TRUE,TRUE,mapped
202103,2021-03-01,2021,3,35,São Paulo,81.06148,94.0943,SP,Sao Paulo,Southeast,TRUE,TRUE,mapped
202103,2021-03-01,2021,3,41,Paraná,80.67478,94.31276,PR,Parana,South,TRUE,TRUE,mapped
202103,2021-03-01,2021,3,42,Santa Catarina,78.56825,93.12944,SC,Santa Catarina,South,TRUE,TRUE,mapped
202103,2021-03-01,2021,3,43,Rio Grande do Sul,75.70609,84.13553,RS,Rio Grande do Sul,South,TRUE,TRUE,mapped
202103,2021-03-01,2021,3,50,Mato Grosso do Sul,76.29981,86.76235,MS,Mato Grosso do Sul,Center-West,TRUE,TRUE,mapped
202103,2021-03-01,2021,3,51,Mato Grosso,77.12567,86.67526,MT,Mato Grosso,Center-West,TRUE,TRUE,mapped
202103,2021-03-01,2021,3,52,Goiás,78.84352,87.59952,GO,Goias,Center-West,TRUE,TRUE,mapped
202103,2021-03-01,2021,3,53,Distrito Federal,74.30161,83.36075,DF,Distrito Federal,Center-West,TRUE,TRUE,mapped
202104,2021-04-01,2021,4,11,Rondônia,80.84458,89.08129,RO,Rondonia,North,TRUE,TRUE,mapped
202104,2021-04-01,2021,4,12,Acre,78.89627,85.28824,AC,Acre,North,TRUE,TRUE,mapped
202104,2021-04-01,2021,4,13,Amazonas,88.9604,95.9815,AM,Amazonas,North,TRUE,TRUE,mapped
202104,2021-04-01,2021,4,14,Roraima,76.3626,83.43828,RR,Roraima,North,TRUE,TRUE,mapped
202104,2021-04-01,2021,4,15,Pará,79.36091,87.39437,PA,Para,North,TRUE,TRUE,mapped
202104,2021-04-01,2021,4,16,Amapá,75.71638,83.81637,AP,Amapa,North,TRUE,TRUE,mapped
202104,2021-04-01,2021,4,17,Tocantins,81.95126,93.51752,TO,Tocantins,North,TRUE,TRUE,mapped
202104,2021-04-01,2021,4,21,Maranhão,79.85421,91.72973,MA,Maranhao,Northeast,TRUE,TRUE,mapped
202104,2021-04-01,2021,4,22,Piauí,74.91133,85.44356,PI,Piaui,Northeast,TRUE,TRUE,mapped
202104,2021-04-01,2021,4,23,Ceará,72.53268,81.75316,CE,Ceara,Northeast,TRUE,TRUE,mapped
202104,2021-04-01,2021,4,24,Rio Grande do Norte,81.04919,92.9842,RN,Rio Grande do Norte,Northeast,TRUE,TRUE,mapped
202104,2021-04-01,2021,4,25,Paraíba,72.06944,81.44416,PB,Paraiba,Northeast,TRUE,TRUE,mapped
202104,2021-04-01,2021,4,26,Pernambuco,87.0441,100.35073,PE,Pernambuco,Northeast,TRUE,TRUE,mapped
202104,2021-04-01,2021,4,27,Alagoas,72.90961,82.67429,AL,Alagoas,Northeast,TRUE,TRUE,mapped
202104,2021-04-01,2021,4,28,Sergipe,79.01111,90.50961,SE,Sergipe,Northeast,TRUE,TRUE,mapped
202104,2021-04-01,2021,4,29,Bahia,84.78631,100.88556,BA,Bahia,Northeast,TRUE,TRUE,mapped
202104,2021-04-01,2021,4,31,Minas Gerais,77.91849,89.7535,MG,Minas Gerais,Southeast,TRUE,TRUE,mapped
202104,2021-04-01,2021,4,32,Espírito Santo,74.05764,84.53764,ES,Espirito Santo,Southeast,TRUE,TRUE,mapped
202104,2021-04-01,2021,4,33,Rio de Janeiro,86.10178,99.07345,RJ,Rio de Janeiro,Southeast,TRUE,TRUE,mapped
202104,2021-04-01,2021,4,35,São Paulo,80.74266,93.77975,SP,Sao Paulo,Southeast,TRUE,TRUE,mapped
202104,2021-04-01,2021,4,41,Paraná,79.99107,94.33478,PR,Parana,South,TRUE,TRUE,mapped
202104,2021-04-01,2021,4,42,Santa Catarina,77.89506,92.34038,SC,Santa Catarina,South,TRUE,TRUE,mapped
202104,2021-04-01,2021,4,43,Rio Grande do Sul,81.95858,92.63321,RS,Rio Grande do Sul,South,TRUE,TRUE,mapped
202104,2021-04-01,2021,4,50,Mato Grosso do Sul,74.62662,85.50265,MS,Mato Grosso do Sul,Center-West,TRUE,TRUE,mapped
202104,2021-04-01,2021,4,51,Mato Grosso,72.50116,82.29101,MT,Mato Grosso,Center-West,TRUE,TRUE,mapped
202104,2021-04-01,2021,4,52,Goiás,84.53742,96.7569,GO,Goias,Center-West,TRUE,TRUE,mapped
202104,2021-04-01,2021,4,53,Distrito Federal,79.74063,91.49661,DF,Distrito Federal,Center-West,TRUE,TRUE,mapped
202105,2021-05-01,2021,5,11,Rondônia,94.46023,103.97688,RO,Rondonia,North,TRUE,TRUE,mapped
202105,2021-05-01,2021,5,12,Acre,92.77962,100.75101,AC,Acre,North,TRUE,TRUE,mapped
202105,2021-05-01,2021,5,13,Amazonas,97.27322,104.71592,AM,Amazonas,North,TRUE,TRUE,mapped
202105,2021-05-01,2021,5,14,Roraima,81.68166,89.3407,RR,Roraima,North,TRUE,TRUE,mapped
202105,2021-05-01,2021,5,15,Pará,86.68958,95.0956,PA,Para,North,TRUE,TRUE,mapped
202105,2021-05-01,2021,5,16,Amapá,94.70509,106.313,AP,Amapa,North,TRUE,TRUE,mapped
202105,2021-05-01,2021,5,17,Tocantins,90.26444,102.97296,TO,Tocantins,North,TRUE,TRUE,mapped
202105,2021-05-01,2021,5,21,Maranhão,86.32023,98.50449,MA,Maranhao,Northeast,TRUE,TRUE,mapped
202105,2021-05-01,2021,5,22,Piauí,86.20366,97.76918,PI,Piaui,Northeast,TRUE,TRUE,mapped
202105,2021-05-01,2021,5,23,Ceará,85.10245,96.68753,CE,Ceara,Northeast,TRUE,TRUE,mapped
202105,2021-05-01,2021,5,24,Rio Grande do Norte,86.4061,98.63377,RN,Rio Grande do Norte,Northeast,TRUE,TRUE,mapped
202105,2021-05-01,2021,5,25,Paraíba,78.84819,89.15341,PB,Paraiba,Northeast,TRUE,TRUE,mapped
202105,2021-05-01,2021,5,26,Pernambuco,91.94916,105.42201,PE,Pernambuco,Northeast,TRUE,TRUE,mapped
202105,2021-05-01,2021,5,27,Alagoas,81.60565,93.18393,AL,Alagoas,Northeast,TRUE,TRUE,mapped
202105,2021-05-01,2021,5,28,Sergipe,86.77142,99.3282,SE,Sergipe,Northeast,TRUE,TRUE,mapped
202105,2021-05-01,2021,5,29,Bahia,92.70993,109.13066,BA,Bahia,Northeast,TRUE,TRUE,mapped
202105,2021-05-01,2021,5,31,Minas Gerais,83.68585,96.27403,MG,Minas Gerais,Southeast,TRUE,TRUE,mapped
202105,2021-05-01,2021,5,32,Espírito Santo,80.53748,92.30678,ES,Espirito Santo,Southeast,TRUE,TRUE,mapped
202105,2021-05-01,2021,5,33,Rio de Janeiro,92.78477,106.15501,RJ,Rio de Janeiro,Southeast,TRUE,TRUE,mapped
202105,2021-05-01,2021,5,35,São Paulo,88.10283,103.00283,SP,Sao Paulo,Southeast,TRUE,TRUE,mapped
202105,2021-05-01,2021,5,41,Paraná,85.56412,100.35732,PR,Parana,South,TRUE,TRUE,mapped
202105,2021-05-01,2021,5,42,Santa Catarina,81.53655,96.07804,SC,Santa Catarina,South,TRUE,TRUE,mapped
202105,2021-05-01,2021,5,43,Rio Grande do Sul,89.93513,101.33612,RS,Rio Grande do Sul,South,TRUE,TRUE,mapped
202105,2021-05-01,2021,5,50,Mato Grosso do Sul,80.43653,91.49375,MS,Mato Grosso do Sul,Center-West,TRUE,TRUE,mapped
202105,2021-05-01,2021,5,51,Mato Grosso,79.84414,90.38187,MT,Mato Grosso,Center-West,TRUE,TRUE,mapped
202105,2021-05-01,2021,5,52,Goiás,91.41214,103.34067,GO,Goias,Center-West,TRUE,TRUE,mapped
202105,2021-05-01,2021,5,53,Distrito Federal,87.69259,99.95401,DF,Distrito Federal,Center-West,TRUE,TRUE,mapped
202106,2021-06-01,2021,6,11,Rondônia,90.46858,98.60071,RO,Rondonia,North,TRUE,TRUE,mapped
202106,2021-06-01,2021,6,12,Acre,89.68938,96.3934,AC,Acre,North,TRUE,TRUE,mapped
202106,2021-06-01,2021,6,13,Amazonas,92.25306,97.7073,AM,Amazonas,North,TRUE,TRUE,mapped
202106,2021-06-01,2021,6,14,Roraima,74.45993,81.46039,RR,Roraima,North,TRUE,TRUE,mapped
202106,2021-06-01,2021,6,15,Pará,85.14937,92.8253,PA,Para,North,TRUE,TRUE,mapped
202106,2021-06-01,2021,6,16,Amapá,83.92692,91.98349,AP,Amapa,North,TRUE,TRUE,mapped
202106,2021-06-01,2021,6,17,Tocantins,87.11637,98.20454,TO,Tocantins,North,TRUE,TRUE,mapped
202106,2021-06-01,2021,6,21,Maranhão,85.54658,96.79039,MA,Maranhao,Northeast,TRUE,TRUE,mapped
202106,2021-06-01,2021,6,22,Piauí,85.57261,96.86072,PI,Piaui,Northeast,TRUE,TRUE,mapped
202106,2021-06-01,2021,6,23,Ceará,84.04306,94.95072,CE,Ceara,Northeast,TRUE,TRUE,mapped
202106,2021-06-01,2021,6,24,Rio Grande do Norte,86.20484,97.08106,RN,Rio Grande do Norte,Northeast,TRUE,TRUE,mapped
202106,2021-06-01,2021,6,25,Paraíba,76.70861,85.52432,PB,Paraiba,Northeast,TRUE,TRUE,mapped
202106,2021-06-01,2021,6,26,Pernambuco,88.51826,100.22313,PE,Pernambuco,Northeast,TRUE,TRUE,mapped
202106,2021-06-01,2021,6,27,Alagoas,77.341309999999993,86.56133,AL,Alagoas,Northeast,TRUE,TRUE,mapped
202106,2021-06-01,2021,6,28,Sergipe,84.056,95.36593,SE,Sergipe,Northeast,TRUE,TRUE,mapped
202106,2021-06-01,2021,6,29,Bahia,89.64852,103.7794,BA,Bahia,Northeast,TRUE,TRUE,mapped
202106,2021-06-01,2021,6,31,Minas Gerais,84.6474,97.29662,MG,Minas Gerais,Southeast,TRUE,TRUE,mapped
202106,2021-06-01,2021,6,32,Espírito Santo,80.51967,91.65374,ES,Espirito Santo,Southeast,TRUE,TRUE,mapped
202106,2021-06-01,2021,6,33,Rio de Janeiro,88.56578,100.66591,RJ,Rio de Janeiro,Southeast,TRUE,TRUE,mapped
202106,2021-06-01,2021,6,35,São Paulo,85.36998,99.02968,SP,Sao Paulo,Southeast,TRUE,TRUE,mapped
202106,2021-06-01,2021,6,41,Paraná,81.86733,95.47986,PR,Parana,South,TRUE,TRUE,mapped
202106,2021-06-01,2021,6,42,Santa Catarina,79.82627,93.59693,SC,Santa Catarina,South,TRUE,TRUE,mapped
202106,2021-06-01,2021,6,43,Rio Grande do Sul,84.28724,93.49491,RS,Rio Grande do Sul,South,TRUE,TRUE,mapped
202106,2021-06-01,2021,6,50,Mato Grosso do Sul,76.8345,86.08921,MS,Mato Grosso do Sul,Center-West,TRUE,TRUE,mapped
202106,2021-06-01,2021,6,51,Mato Grosso,79.45881,87.90735,MT,Mato Grosso,Center-West,TRUE,TRUE,mapped
202106,2021-06-01,2021,6,52,Goiás,88.96763,99.34064,GO,Goias,Center-West,TRUE,TRUE,mapped
202106,2021-06-01,2021,6,53,Distrito Federal,86.01738,97.96936,DF,Distrito Federal,Center-West,TRUE,TRUE,mapped
202107,2021-07-01,2021,7,11,Rondônia,121.83529,133.45419,RO,Rondonia,North,TRUE,TRUE,mapped
202107,2021-07-01,2021,7,12,Acre,103.5637,112.28052,AC,Acre,North,TRUE,TRUE,mapped
202107,2021-07-01,2021,7,13,Amazonas,96.80007,102.02166,AM,Amazonas,North,TRUE,TRUE,mapped
202107,2021-07-01,2021,7,14,Roraima,82.89983,89.70289,RR,Roraima,North,TRUE,TRUE,mapped
202107,2021-07-01,2021,7,15,Pará,92.55505,101.10116,PA,Para,North,TRUE,TRUE,mapped
202107,2021-07-01,2021,7,16,Amapá,91.58917,100.65932,AP,Amapa,North,TRUE,TRUE,mapped
202107,2021-07-01,2021,7,17,Tocantins,101.43423,115.00299,TO,Tocantins,North,TRUE,TRUE,mapped
202107,2021-07-01,2021,7,21,Maranhão,90.52471,101.47546,MA,Maranhao,Northeast,TRUE,TRUE,mapped
202107,2021-07-01,2021,7,22,Piauí,93.81899,104.58358,PI,Piaui,Northeast,TRUE,TRUE,mapped
202107,2021-07-01,2021,7,23,Ceará,88.81012,99.50285,CE,Ceara,Northeast,TRUE,TRUE,mapped
202107,2021-07-01,2021,7,24,Rio Grande do Norte,92.12492,102.55172,RN,Rio Grande do Norte,Northeast,TRUE,TRUE,mapped
202107,2021-07-01,2021,7,25,Paraíba,80.11945,88.72018,PB,Paraiba,Northeast,TRUE,TRUE,mapped
202107,2021-07-01,2021,7,26,Pernambuco,94.94809,106.71142,PE,Pernambuco,Northeast,TRUE,TRUE,mapped
202107,2021-07-01,2021,7,27,Alagoas,83.85273,93.75772,AL,Alagoas,Northeast,TRUE,TRUE,mapped
202107,2021-07-01,2021,7,28,Sergipe,89.64314,100.82527,SE,Sergipe,Northeast,TRUE,TRUE,mapped
202107,2021-07-01,2021,7,29,Bahia,93.52938,107.45884,BA,Bahia,Northeast,TRUE,TRUE,mapped
202107,2021-07-01,2021,7,31,Minas Gerais,89.85787,102.62912,MG,Minas Gerais,Southeast,TRUE,TRUE,mapped
202107,2021-07-01,2021,7,32,Espírito Santo,87.28158,99.38959,ES,Espirito Santo,Southeast,TRUE,TRUE,mapped
202107,2021-07-01,2021,7,33,Rio de Janeiro,94.37203,107.31644,RJ,Rio de Janeiro,Southeast,TRUE,TRUE,mapped
202107,2021-07-01,2021,7,35,São Paulo,91.5461,105.50059,SP,Sao Paulo,Southeast,TRUE,TRUE,mapped
202107,2021-07-01,2021,7,41,Paraná,95.16265,110.66465,PR,Parana,South,TRUE,TRUE,mapped
202107,2021-07-01,2021,7,42,Santa Catarina,94.56694,110.75003,SC,Santa Catarina,South,TRUE,TRUE,mapped
202107,2021-07-01,2021,7,43,Rio Grande do Sul,89.74711,99.07211,RS,Rio Grande do Sul,South,TRUE,TRUE,mapped
202107,2021-07-01,2021,7,50,Mato Grosso do Sul,90.91029,102.57492,MS,Mato Grosso do Sul,Center-West,TRUE,TRUE,mapped
202107,2021-07-01,2021,7,51,Mato Grosso,92.50739,103.3887,MT,Mato Grosso,Center-West,TRUE,TRUE,mapped
202107,2021-07-01,2021,7,52,Goiás,95.59692,106.9937,GO,Goias,Center-West,TRUE,TRUE,mapped
202107,2021-07-01,2021,7,53,Distrito Federal,89.104,100.30854,DF,Distrito Federal,Center-West,TRUE,TRUE,mapped
202108,2021-08-01,2021,8,11,Rondônia,95.46984,104.13425,RO,Rondonia,North,TRUE,TRUE,mapped
202108,2021-08-01,2021,8,12,Acre,93.2118,99.12419,AC,Acre,North,TRUE,TRUE,mapped
202108,2021-08-01,2021,8,13,Amazonas,95.93513,100.87655,AM,Amazonas,North,TRUE,TRUE,mapped
202108,2021-08-01,2021,8,14,Roraima,84.13301,90.28246,RR,Roraima,North,TRUE,TRUE,mapped
202108,2021-08-01,2021,8,15,Pará,91.82973,98.98782,PA,Para,North,TRUE,TRUE,mapped
202108,2021-08-01,2021,8,16,Amapá,88.49894,96.06972,AP,Amapa,North,TRUE,TRUE,mapped
202108,2021-08-01,2021,8,17,Tocantins,95.49464,105.67623,TO,Tocantins,North,TRUE,TRUE,mapped
202108,2021-08-01,2021,8,21,Maranhão,95.71976,105.55362,MA,Maranhao,Northeast,TRUE,TRUE,mapped
202108,2021-08-01,2021,8,22,Piauí,92.89871,102.41956,PI,Piaui,Northeast,TRUE,TRUE,mapped
202108,2021-08-01,2021,8,23,Ceará,88.55375,98.41339,CE,Ceara,Northeast,TRUE,TRUE,mapped
202108,2021-08-01,2021,8,24,Rio Grande do Norte,89.05103,98.18676,RN,Rio Grande do Norte,Northeast,TRUE,TRUE,mapped
202108,2021-08-01,2021,8,25,Paraíba,78.73192,86.14289,PB,Paraiba,Northeast,TRUE,TRUE,mapped
202108,2021-08-01,2021,8,26,Pernambuco,92.93954,103.6877,PE,Pernambuco,Northeast,TRUE,TRUE,mapped
202108,2021-08-01,2021,8,27,Alagoas,84.06844,93.48517,AL,Alagoas,Northeast,TRUE,TRUE,mapped
202108,2021-08-01,2021,8,28,Sergipe,87.23089,96.93969,SE,Sergipe,Northeast,TRUE,TRUE,mapped
202108,2021-08-01,2021,8,29,Bahia,90.59722,102.66838,BA,Bahia,Northeast,TRUE,TRUE,mapped
202108,2021-08-01,2021,8,31,Minas Gerais,87.26036,98.42391,MG,Minas Gerais,Southeast,TRUE,TRUE,mapped
202108,2021-08-01,2021,8,32,Espírito Santo,84.27007,94.67496,ES,Espirito Santo,Southeast,TRUE,TRUE,mapped
202108,2021-08-01,2021,8,33,Rio de Janeiro,90.97275,102.02766,RJ,Rio de Janeiro,Southeast,TRUE,TRUE,mapped
202108,2021-08-01,2021,8,35,São Paulo,88.05687,99.40268,SP,Sao Paulo,Southeast,TRUE,TRUE,mapped
202108,2021-08-01,2021,8,41,Paraná,86.06214,97.02718,PR,Parana,South,TRUE,TRUE,mapped
202108,2021-08-01,2021,8,42,Santa Catarina,85.215,96.58237,SC,Santa Catarina,South,TRUE,TRUE,mapped
202108,2021-08-01,2021,8,43,Rio Grande do Sul,79.67887,88.44257,RS,Rio Grande do Sul,South,TRUE,TRUE,mapped
202108,2021-08-01,2021,8,50,Mato Grosso do Sul,87.72293,95.59728,MS,Mato Grosso do Sul,Center-West,TRUE,TRUE,mapped
202108,2021-08-01,2021,8,51,Mato Grosso,84.39072,91.71227,MT,Mato Grosso,Center-West,TRUE,TRUE,mapped
202108,2021-08-01,2021,8,52,Goiás,91.47599,100.2445,GO,Goias,Center-West,TRUE,TRUE,mapped
202108,2021-08-01,2021,8,53,Distrito Federal,86.36296,94.43529,DF,Distrito Federal,Center-West,TRUE,TRUE,mapped
202109,2021-09-01,2021,9,11,Rondônia,89.66163,96.01958,RO,Rondonia,North,TRUE,TRUE,mapped
202109,2021-09-01,2021,9,12,Acre,90.35659,95.55732,AC,Acre,North,TRUE,TRUE,mapped
202109,2021-09-01,2021,9,13,Amazonas,90.88111,94.58702,AM,Amazonas,North,TRUE,TRUE,mapped
202109,2021-09-01,2021,9,14,Roraima,85.32603,90.53078,RR,Roraima,North,TRUE,TRUE,mapped
202109,2021-09-01,2021,9,15,Pará,85.29001,91.56032,PA,Para,North,TRUE,TRUE,mapped
202109,2021-09-01,2021,9,16,Amapá,84.57338,90.73693,AP,Amapa,North,TRUE,TRUE,mapped
202109,2021-09-01,2021,9,17,Tocantins,91.75188,100.0252,TO,Tocantins,North,TRUE,TRUE,mapped
202109,2021-09-01,2021,9,21,Maranhão,83.40026,91.19728,MA,Maranhao,Northeast,TRUE,TRUE,mapped
202109,2021-09-01,2021,9,22,Piauí,88.60088,96.39028,PI,Piaui,Northeast,TRUE,TRUE,mapped
202109,2021-09-01,2021,9,23,Ceará,85.38938,92.97553,CE,Ceara,Northeast,TRUE,TRUE,mapped
202109,2021-09-01,2021,9,24,Rio Grande do Norte,87.21423,94.41235,RN,Rio Grande do Norte,Northeast,TRUE,TRUE,mapped
202109,2021-09-01,2021,9,25,Paraíba,76.34386,82.5926,PB,Paraiba,Northeast,TRUE,TRUE,mapped
202109,2021-09-01,2021,9,26,Pernambuco,91.06852,100.21237,PE,Pernambuco,Northeast,TRUE,TRUE,mapped
202109,2021-09-01,2021,9,27,Alagoas,81.4189,89.21074,AL,Alagoas,Northeast,TRUE,TRUE,mapped
202109,2021-09-01,2021,9,28,Sergipe,84.70783,92.80461,SE,Sergipe,Northeast,TRUE,TRUE,mapped
202109,2021-09-01,2021,9,29,Bahia,88.90018,98.97578,BA,Bahia,Northeast,TRUE,TRUE,mapped
202109,2021-09-01,2021,9,31,Minas Gerais,86.5443,95.88135,MG,Minas Gerais,Southeast,TRUE,TRUE,mapped
202109,2021-09-01,2021,9,32,Espírito Santo,85.58213,94.60695,ES,Espirito Santo,Southeast,TRUE,TRUE,mapped
202109,2021-09-01,2021,9,33,Rio de Janeiro,88.30492,97.14736,RJ,Rio de Janeiro,Southeast,TRUE,TRUE,mapped
202109,2021-09-01,2021,9,35,São Paulo,84.23252,94.07215,SP,Sao Paulo,Southeast,TRUE,TRUE,mapped
202109,2021-09-01,2021,9,41,Paraná,85.25673,94.32379,PR,Parana,South,TRUE,TRUE,mapped
202109,2021-09-01,2021,9,42,Santa Catarina,83.48783,92.61704,SC,Santa Catarina,South,TRUE,TRUE,mapped
202109,2021-09-01,2021,9,43,Rio Grande do Sul,79.73801,86.89023,RS,Rio Grande do Sul,South,TRUE,TRUE,mapped
202109,2021-09-01,2021,9,50,Mato Grosso do Sul,88.17381,95.28943,MS,Mato Grosso do Sul,Center-West,TRUE,TRUE,mapped
202109,2021-09-01,2021,9,51,Mato Grosso,86.59142,92.7082,MT,Mato Grosso,Center-West,TRUE,TRUE,mapped
202109,2021-09-01,2021,9,52,Goiás,88.45538,95.70075,GO,Goias,Center-West,TRUE,TRUE,mapped
202109,2021-09-01,2021,9,53,Distrito Federal,87.20967,94.43229,DF,Distrito Federal,Center-West,TRUE,TRUE,mapped
202110,2021-10-01,2021,10,11,Rondônia,93.74359,98.6321,RO,Rondonia,North,TRUE,TRUE,mapped
202110,2021-10-01,2021,10,12,Acre,97.63703,101.87974,AC,Acre,North,TRUE,TRUE,mapped
202110,2021-10-01,2021,10,13,Amazonas,97.77192,101.14806,AM,Amazonas,North,TRUE,TRUE,mapped
202110,2021-10-01,2021,10,14,Roraima,88.5631,93.47688,RR,Roraima,North,TRUE,TRUE,mapped
202110,2021-10-01,2021,10,15,Pará,91.63754,97.57888,PA,Para,North,TRUE,TRUE,mapped
202110,2021-10-01,2021,10,16,Amapá,87.96505,92.91584,AP,Amapa,North,TRUE,TRUE,mapped
202110,2021-10-01,2021,10,17,Tocantins,97.59387,105.55986,TO,Tocantins,North,TRUE,TRUE,mapped
202110,2021-10-01,2021,10,21,Maranhão,87.82306,94.94038,MA,Maranhao,Northeast,TRUE,TRUE,mapped
202110,2021-10-01,2021,10,22,Piauí,92.02506,99.22061,PI,Piaui,Northeast,TRUE,TRUE,mapped
202110,2021-10-01,2021,10,23,Ceará,91.25118,98.09157,CE,Ceara,Northeast,TRUE,TRUE,mapped
202110,2021-10-01,2021,10,24,Rio Grande do Norte,93.53543,99.64079,RN,Rio Grande do Norte,Northeast,TRUE,TRUE,mapped
202110,2021-10-01,2021,10,25,Paraíba,82.05268,87.50422,PB,Paraiba,Northeast,TRUE,TRUE,mapped
202110,2021-10-01,2021,10,26,Pernambuco,94.86116,102.64583,PE,Pernambuco,Northeast,TRUE,TRUE,mapped
202110,2021-10-01,2021,10,27,Alagoas,89.34789,96.58894,AL,Alagoas,Northeast,TRUE,TRUE,mapped
202110,2021-10-01,2021,10,28,Sergipe,91.26014,98.5369,SE,Sergipe,Northeast,TRUE,TRUE,mapped
202110,2021-10-01,2021,10,29,Bahia,92.35044,100.75432,BA,Bahia,Northeast,TRUE,TRUE,mapped
202110,2021-10-01,2021,10,31,Minas Gerais,91.06171,99.56911,MG,Minas Gerais,Southeast,TRUE,TRUE,mapped
202110,2021-10-01,2021,10,32,Espírito Santo,89.23406,96.33201,ES,Espirito Santo,Southeast,TRUE,TRUE,mapped
202110,2021-10-01,2021,10,33,Rio de Janeiro,91.27397,98.85111,RJ,Rio de Janeiro,Southeast,TRUE,TRUE,mapped
202110,2021-10-01,2021,10,35,São Paulo,89.71376,99.00015,SP,Sao Paulo,Southeast,TRUE,TRUE,mapped
202110,2021-10-01,2021,10,41,Paraná,89.99019,98.07934,PR,Parana,South,TRUE,TRUE,mapped
202110,2021-10-01,2021,10,42,Santa Catarina,90.359,98.58784,SC,Santa Catarina,South,TRUE,TRUE,mapped
202110,2021-10-01,2021,10,43,Rio Grande do Sul,89.35292,96.85287,RS,Rio Grande do Sul,South,TRUE,TRUE,mapped
202110,2021-10-01,2021,10,50,Mato Grosso do Sul,93.42122,98.98496,MS,Mato Grosso do Sul,Center-West,TRUE,TRUE,mapped
202110,2021-10-01,2021,10,51,Mato Grosso,90.80772,96.06585,MT,Mato Grosso,Center-West,TRUE,TRUE,mapped
202110,2021-10-01,2021,10,52,Goiás,93.55333,100.19835,GO,Goias,Center-West,TRUE,TRUE,mapped
202110,2021-10-01,2021,10,53,Distrito Federal,93.99007,100.23749,DF,Distrito Federal,Center-West,TRUE,TRUE,mapped
202111,2021-11-01,2021,11,11,Rondônia,110.52464,117.99669,RO,Rondonia,North,TRUE,TRUE,mapped
202111,2021-11-01,2021,11,12,Acre,105.48207,112.77581,AC,Acre,North,TRUE,TRUE,mapped
202111,2021-11-01,2021,11,13,Amazonas,106.55209,112.49751,AM,Amazonas,North,TRUE,TRUE,mapped
202111,2021-11-01,2021,11,14,Roraima,96.10069,101.94169,RR,Roraima,North,TRUE,TRUE,mapped
202111,2021-11-01,2021,11,15,Pará,100.56932,108.53379,PA,Para,North,TRUE,TRUE,mapped
202111,2021-11-01,2021,11,16,Amapá,93.8091,98.08064,AP,Amapa,North,TRUE,TRUE,mapped
202111,2021-11-01,2021,11,17,Tocantins,101.93348,110.62571,TO,Tocantins,North,TRUE,TRUE,mapped
202111,2021-11-01,2021,11,21,Maranhão,95.08233,102.60473,MA,Maranhao,Northeast,TRUE,TRUE,mapped
202111,2021-11-01,2021,11,22,Piauí,95.69343,102.82797,PI,Piaui,Northeast,TRUE,TRUE,mapped
202111,2021-11-01,2021,11,23,Ceará,99.5731,106.78165,CE,Ceara,Northeast,TRUE,TRUE,mapped
202111,2021-11-01,2021,11,24,Rio Grande do Norte,95.11622,100.88201,RN,Rio Grande do Norte,Northeast,TRUE,TRUE,mapped
202111,2021-11-01,2021,11,25,Paraíba,88.40254,94.38989,PB,Paraiba,Northeast,TRUE,TRUE,mapped
202111,2021-11-01,2021,11,26,Pernambuco,105.76135,114.69013,PE,Pernambuco,Northeast,TRUE,TRUE,mapped
202111,2021-11-01,2021,11,27,Alagoas,96.21613,104.01189,AL,Alagoas,Northeast,TRUE,TRUE,mapped
202111,2021-11-01,2021,11,28,Sergipe,96.29278,103.15219,SE,Sergipe,Northeast,TRUE,TRUE,mapped
202111,2021-11-01,2021,11,29,Bahia,100.12966,108.55417,BA,Bahia,Northeast,TRUE,TRUE,mapped
202111,2021-11-01,2021,11,31,Minas Gerais,95.01916,104.52242,MG,Minas Gerais,Southeast,TRUE,TRUE,mapped
202111,2021-11-01,2021,11,32,Espírito Santo,93.66818,101.93215,ES,Espirito Santo,Southeast,TRUE,TRUE,mapped
202111,2021-11-01,2021,11,33,Rio de Janeiro,101.37824,110.56005,RJ,Rio de Janeiro,Southeast,TRUE,TRUE,mapped
202111,2021-11-01,2021,11,35,São Paulo,96.17467,105.98988,SP,Sao Paulo,Southeast,TRUE,TRUE,mapped
202111,2021-11-01,2021,11,41,Paraná,94.65113,102.86367,PR,Parana,South,TRUE,TRUE,mapped
202111,2021-11-01,2021,11,42,Santa Catarina,94.30846,102.68103,SC,Santa Catarina,South,TRUE,TRUE,mapped
202111,2021-11-01,2021,11,43,Rio Grande do Sul,90.14563,97.49216,RS,Rio Grande do Sul,South,TRUE,TRUE,mapped
202111,2021-11-01,2021,11,50,Mato Grosso do Sul,93.55142,100.07473,MS,Mato Grosso do Sul,Center-West,TRUE,TRUE,mapped
202111,2021-11-01,2021,11,51,Mato Grosso,94.49677,101.75558,MT,Mato Grosso,Center-West,TRUE,TRUE,mapped
202111,2021-11-01,2021,11,52,Goiás,99.56959,107.33593,GO,Goias,Center-West,TRUE,TRUE,mapped
202111,2021-11-01,2021,11,53,Distrito Federal,101.1191,107.44181,DF,Distrito Federal,Center-West,TRUE,TRUE,mapped
202112,2021-12-01,2021,12,11,Rondônia,117.03864,123.44826,RO,Rondonia,North,TRUE,TRUE,mapped
202112,2021-12-01,2021,12,12,Acre,111.21278,117.98541,AC,Acre,North,TRUE,TRUE,mapped
202112,2021-12-01,2021,12,13,Amazonas,120.00559,127.07466,AM,Amazonas,North,TRUE,TRUE,mapped
202112,2021-12-01,2021,12,14,Roraima,109.52182,115.33975,RR,Roraima,North,TRUE,TRUE,mapped
202112,2021-12-01,2021,12,15,Pará,117.19018,126.09382,PA,Para,North,TRUE,TRUE,mapped
202112,2021-12-01,2021,12,16,Amapá,113.52725,119.10947,AP,Amapa,North,TRUE,TRUE,mapped
202112,2021-12-01,2021,12,17,Tocantins,113.66532,123.02799,TO,Tocantins,North,TRUE,TRUE,mapped
202112,2021-12-01,2021,12,21,Maranhão,110.00162,118.95174,MA,Maranhao,Northeast,TRUE,TRUE,mapped
202112,2021-12-01,2021,12,22,Piauí,111.57484,119.7919,PI,Piaui,Northeast,TRUE,TRUE,mapped
202112,2021-12-01,2021,12,23,Ceará,113.71337,122.47166,CE,Ceara,Northeast,TRUE,TRUE,mapped
202112,2021-12-01,2021,12,24,Rio Grande do Norte,113.42729,120.8343,RN,Rio Grande do Norte,Northeast,TRUE,TRUE,mapped
202112,2021-12-01,2021,12,25,Paraíba,100.5303,106.19567,PB,Paraiba,Northeast,TRUE,TRUE,mapped
202112,2021-12-01,2021,12,26,Pernambuco,115.44895,123.90926,PE,Pernambuco,Northeast,TRUE,TRUE,mapped
202112,2021-12-01,2021,12,27,Alagoas,109.45667,116.85531,AL,Alagoas,Northeast,TRUE,TRUE,mapped
202112,2021-12-01,2021,12,28,Sergipe,109.17765,115.64988,SE,Sergipe,Northeast,TRUE,TRUE,mapped
202112,2021-12-01,2021,12,29,Bahia,112.57953,122.05645,BA,Bahia,Northeast,TRUE,TRUE,mapped
202112,2021-12-01,2021,12,31,Minas Gerais,106.87356,115.89022,MG,Minas Gerais,Southeast,TRUE,TRUE,mapped
202112,2021-12-01,2021,12,32,Espírito Santo,110.81463,119.56136,ES,Espirito Santo,Southeast,TRUE,TRUE,mapped
202112,2021-12-01,2021,12,33,Rio de Janeiro,120.21481,130.49482,RJ,Rio de Janeiro,Southeast,TRUE,TRUE,mapped
202112,2021-12-01,2021,12,35,São Paulo,114.4871,125.72522,SP,Sao Paulo,Southeast,TRUE,TRUE,mapped
202112,2021-12-01,2021,12,41,Paraná,112.74384,123.56299,PR,Parana,South,TRUE,TRUE,mapped
202112,2021-12-01,2021,12,42,Santa Catarina,115.46124,125.58196,SC,Santa Catarina,South,TRUE,TRUE,mapped
202112,2021-12-01,2021,12,43,Rio Grande do Sul,109.68282,119.15902,RS,Rio Grande do Sul,South,TRUE,TRUE,mapped
202112,2021-12-01,2021,12,50,Mato Grosso do Sul,106.84707,115.76148,MS,Mato Grosso do Sul,Center-West,TRUE,TRUE,mapped
202112,2021-12-01,2021,12,51,Mato Grosso,102.1878,110.15884,MT,Mato Grosso,Center-West,TRUE,TRUE,mapped
202112,2021-12-01,2021,12,52,Goiás,112.21525,120.31424,GO,Goias,Center-West,TRUE,TRUE,mapped
202112,2021-12-01,2021,12,53,Distrito Federal,109.08257,115.56707,DF,Distrito Federal,Center-West,TRUE,TRUE,mapped
202201,2022-01-01,2022,1,11,Rondônia,82.7781,85.83526,RO,Rondonia,North,TRUE,TRUE,mapped
202201,2022-01-01,2022,1,12,Acre,85.22912,87.16346,AC,Acre,North,TRUE,TRUE,mapped
202201,2022-01-01,2022,1,13,Amazonas,88.91258,91.05739,AM,Amazonas,North,TRUE,TRUE,mapped
202201,2022-01-01,2022,1,14,Roraima,88.21386,90.05101,RR,Roraima,North,TRUE,TRUE,mapped
202201,2022-01-01,2022,1,15,Pará,89.05228,93.3922,PA,Para,North,TRUE,TRUE,mapped
202201,2022-01-01,2022,1,16,Amapá,82.05171,83.19752,AP,Amapa,North,TRUE,TRUE,mapped
202201,2022-01-01,2022,1,17,Tocantins,87.13834,91.39823,TO,Tocantins,North,TRUE,TRUE,mapped
202201,2022-01-01,2022,1,21,Maranhão,85.80058,90.16642,MA,Maranhao,Northeast,TRUE,TRUE,mapped
202201,2022-01-01,2022,1,22,Piauí,88.25983,92.45241,PI,Piaui,Northeast,TRUE,TRUE,mapped
202201,2022-01-01,2022,1,23,Ceará,88.61621,92.52689,CE,Ceara,Northeast,TRUE,TRUE,mapped
202201,2022-01-01,2022,1,24,Rio Grande do Norte,88.55045,92.04659,RN,Rio Grande do Norte,Northeast,TRUE,TRUE,mapped
202201,2022-01-01,2022,1,25,Paraíba,81.15218,84.13606,PB,Paraiba,Northeast,TRUE,TRUE,mapped
202201,2022-01-01,2022,1,26,Pernambuco,90.87843,95.06233,PE,Pernambuco,Northeast,TRUE,TRUE,mapped
202201,2022-01-01,2022,1,27,Alagoas,89.44028,93.6849,AL,Alagoas,Northeast,TRUE,TRUE,mapped
202201,2022-01-01,2022,1,28,Sergipe,90.04357,93.66685,SE,Sergipe,Northeast,TRUE,TRUE,mapped
202201,2022-01-01,2022,1,29,Bahia,90.09336,94.09113,BA,Bahia,Northeast,TRUE,TRUE,mapped
202201,2022-01-01,2022,1,31,Minas Gerais,85.98037,91.00555,MG,Minas Gerais,Southeast,TRUE,TRUE,mapped
202201,2022-01-01,2022,1,32,Espírito Santo,88.00858,93.13659,ES,Espirito Santo,Southeast,TRUE,TRUE,mapped
202201,2022-01-01,2022,1,33,Rio de Janeiro,91.68781,97.39703,RJ,Rio de Janeiro,Southeast,TRUE,TRUE,mapped
202201,2022-01-01,2022,1,35,São Paulo,88.40897,94.55442,SP,Sao Paulo,Southeast,TRUE,TRUE,mapped
202201,2022-01-01,2022,1,41,Paraná,89.00611,94.61404,PR,Parana,South,TRUE,TRUE,mapped
202201,2022-01-01,2022,1,42,Santa Catarina,91.65645,97.33604,SC,Santa Catarina,South,TRUE,TRUE,mapped
202201,2022-01-01,2022,1,43,Rio Grande do Sul,83.01858,88.2729,RS,Rio Grande do Sul,South,TRUE,TRUE,mapped
202201,2022-01-01,2022,1,50,Mato Grosso do Sul,84.7813,87.56017,MS,Mato Grosso do Sul,Center-West,TRUE,TRUE,mapped
202201,2022-01-01,2022,1,51,Mato Grosso,84.94696,85.83275,MT,Mato Grosso,Center-West,TRUE,TRUE,mapped
202201,2022-01-01,2022,1,52,Goiás,89.1487,92.19473,GO,Goias,Center-West,TRUE,TRUE,mapped
202201,2022-01-01,2022,1,53,Distrito Federal,84.65478,87.74777,DF,Distrito Federal,Center-West,TRUE,TRUE,mapped
202202,2022-02-01,2022,2,11,Rondônia,85.22812,88.26556,RO,Rondonia,North,TRUE,TRUE,mapped
202202,2022-02-01,2022,2,12,Acre,82.91267,85.103,AC,Acre,North,TRUE,TRUE,mapped
202202,2022-02-01,2022,2,13,Amazonas,86.14237,87.69257,AM,Amazonas,North,TRUE,TRUE,mapped
202202,2022-02-01,2022,2,14,Roraima,87.59577,88.83914,RR,Roraima,North,TRUE,TRUE,mapped
202202,2022-02-01,2022,2,15,Pará,84.63247,87.52022,PA,Para,North,TRUE,TRUE,mapped
202202,2022-02-01,2022,2,16,Amapá,83.45097,83.8873,AP,Amapa,North,TRUE,TRUE,mapped
202202,2022-02-01,2022,2,17,Tocantins,83.54629,85.95443,TO,Tocantins,North,TRUE,TRUE,mapped
202202,2022-02-01,2022,2,21,Maranhão,84.26585,87.70099,MA,Maranhao,Northeast,TRUE,TRUE,mapped
202202,2022-02-01,2022,2,22,Piauí,83.1046,86.41365,PI,Piaui,Northeast,TRUE,TRUE,mapped
202202,2022-02-01,2022,2,23,Ceará,83.21829,85.91079,CE,Ceara,Northeast,TRUE,TRUE,mapped
202202,2022-02-01,2022,2,24,Rio Grande do Norte,86.49593,89.21243,RN,Rio Grande do Norte,Northeast,TRUE,TRUE,mapped
202202,2022-02-01,2022,2,25,Paraíba,75.64481,77.37148,PB,Paraiba,Northeast,TRUE,TRUE,mapped
202202,2022-02-01,2022,2,26,Pernambuco,84.55796,87.12697,PE,Pernambuco,Northeast,TRUE,TRUE,mapped
202202,2022-02-01,2022,2,27,Alagoas,81.08252,83.75558,AL,Alagoas,Northeast,TRUE,TRUE,mapped
202202,2022-02-01,2022,2,28,Sergipe,83.53764,85.72042,SE,Sergipe,Northeast,TRUE,TRUE,mapped
202202,2022-02-01,2022,2,29,Bahia,87.95359,90.59022,BA,Bahia,Northeast,TRUE,TRUE,mapped
202202,2022-02-01,2022,2,31,Minas Gerais,83.99726,87.12399,MG,Minas Gerais,Southeast,TRUE,TRUE,mapped
202202,2022-02-01,2022,2,32,Espírito Santo,86.75181,90.43612,ES,Espirito Santo,Southeast,TRUE,TRUE,mapped
202202,2022-02-01,2022,2,33,Rio de Janeiro,87.94241,91.40875,RJ,Rio de Janeiro,Southeast,TRUE,TRUE,mapped
202202,2022-02-01,2022,2,35,São Paulo,84.65125,88.95802,SP,Sao Paulo,Southeast,TRUE,TRUE,mapped
202202,2022-02-01,2022,2,41,Paraná,86.92791,90.4689,PR,Parana,South,TRUE,TRUE,mapped
202202,2022-02-01,2022,2,42,Santa Catarina,86.30859,89.55469,SC,Santa Catarina,South,TRUE,TRUE,mapped
202202,2022-02-01,2022,2,43,Rio Grande do Sul,79.21292,83.3388,RS,Rio Grande do Sul,South,TRUE,TRUE,mapped
202202,2022-02-01,2022,2,50,Mato Grosso do Sul,84.81402,87.23386,MS,Mato Grosso do Sul,Center-West,TRUE,TRUE,mapped
202202,2022-02-01,2022,2,51,Mato Grosso,83.69415,84.63831,MT,Mato Grosso,Center-West,TRUE,TRUE,mapped
202202,2022-02-01,2022,2,52,Goiás,86.08777,87.94248,GO,Goias,Center-West,TRUE,TRUE,mapped
202202,2022-02-01,2022,2,53,Distrito Federal,86.95493,88.13652,DF,Distrito Federal,Center-West,TRUE,TRUE,mapped
202203,2022-03-01,2022,3,11,Rondônia,92.04117,94.03066,RO,Rondonia,North,TRUE,TRUE,mapped
202203,2022-03-01,2022,3,12,Acre,93.03054,93.09046,AC,Acre,North,TRUE,TRUE,mapped
202203,2022-03-01,2022,3,13,Amazonas,92.4359,91.52407,AM,Amazonas,North,TRUE,TRUE,mapped
202203,2022-03-01,2022,3,14,Roraima,96.68773,95.11473,RR,Roraima,North,TRUE,TRUE,mapped
202203,2022-03-01,2022,3,15,Pará,94.29042,95.27984,PA,Para,North,TRUE,TRUE,mapped
202203,2022-03-01,2022,3,16,Amapá,89.95974,87.6487,AP,Amapa,North,TRUE,TRUE,mapped
202203,2022-03-01,2022,3,17,Tocantins,94.19109,96.55707,TO,Tocantins,North,TRUE,TRUE,mapped
202203,2022-03-01,2022,3,21,Maranhão,92.94037,94.60761,MA,Maranhao,Northeast,TRUE,TRUE,mapped
202203,2022-03-01,2022,3,22,Piauí,92.97182,94.00764,PI,Piaui,Northeast,TRUE,TRUE,mapped
202203,2022-03-01,2022,3,23,Ceará,91.84821,92.65245,CE,Ceara,Northeast,TRUE,TRUE,mapped
202203,2022-03-01,2022,3,24,Rio Grande do Norte,95.3641,95.69637,RN,Rio Grande do Norte,Northeast,TRUE,TRUE,mapped
202203,2022-03-01,2022,3,25,Paraíba,83.24047,82.7288,PB,Paraiba,Northeast,TRUE,TRUE,mapped
202203,2022-03-01,2022,3,26,Pernambuco,97.73867,97.96237,PE,Pernambuco,Northeast,TRUE,TRUE,mapped
202203,2022-03-01,2022,3,27,Alagoas,90.59707,90.95852,AL,Alagoas,Northeast,TRUE,TRUE,mapped
202203,2022-03-01,2022,3,28,Sergipe,93.00916,92.00156,SE,Sergipe,Northeast,TRUE,TRUE,mapped
202203,2022-03-01,2022,3,29,Bahia,96.70744,97.10163,BA,Bahia,Northeast,TRUE,TRUE,mapped
202203,2022-03-01,2022,3,31,Minas Gerais,95.51739,96.64655,MG,Minas Gerais,Southeast,TRUE,TRUE,mapped
202203,2022-03-01,2022,3,32,Espírito Santo,97.38928,98.93151,ES,Espirito Santo,Southeast,TRUE,TRUE,mapped
202203,2022-03-01,2022,3,33,Rio de Janeiro,97.45803,99.00357,RJ,Rio de Janeiro,Southeast,TRUE,TRUE,mapped
202203,2022-03-01,2022,3,35,São Paulo,94.62019,97.08179,SP,Sao Paulo,Southeast,TRUE,TRUE,mapped
202203,2022-03-01,2022,3,41,Paraná,97.40249,97.71556,PR,Parana,South,TRUE,TRUE,mapped
202203,2022-03-01,2022,3,42,Santa Catarina,96.49402,96.36811,SC,Santa Catarina,South,TRUE,TRUE,mapped
202203,2022-03-01,2022,3,43,Rio Grande do Sul,98.70934,99.1707,RS,Rio Grande do Sul,South,TRUE,TRUE,mapped
202203,2022-03-01,2022,3,50,Mato Grosso do Sul,95.42621,94.72852,MS,Mato Grosso do Sul,Center-West,TRUE,TRUE,mapped
202203,2022-03-01,2022,3,51,Mato Grosso,98.86828,96.50516,MT,Mato Grosso,Center-West,TRUE,TRUE,mapped
202203,2022-03-01,2022,3,52,Goiás,98.98357,99.35565,GO,Goias,Center-West,TRUE,TRUE,mapped
202203,2022-03-01,2022,3,53,Distrito Federal,100.56285,99.6774,DF,Distrito Federal,Center-West,TRUE,TRUE,mapped
202204,2022-04-01,2022,4,11,Rondônia,96.80469,96.59055,RO,Rondonia,North,TRUE,TRUE,mapped
202204,2022-04-01,2022,4,12,Acre,94.00923,91.93622,AC,Acre,North,TRUE,TRUE,mapped
202204,2022-04-01,2022,4,13,Amazonas,95.65544,93.84675,AM,Amazonas,North,TRUE,TRUE,mapped
202204,2022-04-01,2022,4,14,Roraima,94.98924,91.19351,RR,Roraima,North,TRUE,TRUE,mapped
202204,2022-04-01,2022,4,15,Pará,96.1869,94.59519,PA,Para,North,TRUE,TRUE,mapped
202204,2022-04-01,2022,4,16,Amapá,91.55658,87.10253,AP,Amapa,North,TRUE,TRUE,mapped
202204,2022-04-01,2022,4,17,Tocantins,94.71263,93.88693,TO,Tocantins,North,TRUE,TRUE,mapped
202204,2022-04-01,2022,4,21,Maranhão,95.58557,95.61348,MA,Maranhao,Northeast,TRUE,TRUE,mapped
202204,2022-04-01,2022,4,22,Piauí,96.18286,95.42783,PI,Piaui,Northeast,TRUE,TRUE,mapped
202204,2022-04-01,2022,4,23,Ceará,97.34683,96.58016,CE,Ceara,Northeast,TRUE,TRUE,mapped
202204,2022-04-01,2022,4,24,Rio Grande do Norte,101.79321,100.60159,RN,Rio Grande do Norte,Northeast,TRUE,TRUE,mapped
202204,2022-04-01,2022,4,25,Paraíba,87.66688,85.08724,PB,Paraiba,Northeast,TRUE,TRUE,mapped
202204,2022-04-01,2022,4,26,Pernambuco,95.26428,92.8821,PE,Pernambuco,Northeast,TRUE,TRUE,mapped
202204,2022-04-01,2022,4,27,Alagoas,97.04992,95.18052,AL,Alagoas,Northeast,TRUE,TRUE,mapped
202204,2022-04-01,2022,4,28,Sergipe,99.2944,96.14608,SE,Sergipe,Northeast,TRUE,TRUE,mapped
202204,2022-04-01,2022,4,29,Bahia,97.34845,95.92275,BA,Bahia,Northeast,TRUE,TRUE,mapped
202204,2022-04-01,2022,4,31,Minas Gerais,96.69893,95.6991,MG,Minas Gerais,Southeast,TRUE,TRUE,mapped
202204,2022-04-01,2022,4,32,Espírito Santo,98.75308,97.10915,ES,Espirito Santo,Southeast,TRUE,TRUE,mapped
202204,2022-04-01,2022,4,33,Rio de Janeiro,99.25234,97.85633,RJ,Rio de Janeiro,Southeast,TRUE,TRUE,mapped
202204,2022-04-01,2022,4,35,São Paulo,98.27902,97.93716,SP,Sao Paulo,Southeast,TRUE,TRUE,mapped
202204,2022-04-01,2022,4,41,Paraná,99.65623,98.01172,PR,Parana,South,TRUE,TRUE,mapped
202204,2022-04-01,2022,4,42,Santa Catarina,97.40164,95.44516,SC,Santa Catarina,South,TRUE,TRUE,mapped
202204,2022-04-01,2022,4,43,Rio Grande do Sul,104.24723,101.77481,RS,Rio Grande do Sul,South,TRUE,TRUE,mapped
202204,2022-04-01,2022,4,50,Mato Grosso do Sul,94.92551,92.12484,MS,Mato Grosso do Sul,Center-West,TRUE,TRUE,mapped
202204,2022-04-01,2022,4,51,Mato Grosso,96.53127,92.19724,MT,Mato Grosso,Center-West,TRUE,TRUE,mapped
202204,2022-04-01,2022,4,52,Goiás,100.66312,98.09958,GO,Goias,Center-West,TRUE,TRUE,mapped
202204,2022-04-01,2022,4,53,Distrito Federal,100.94988,96.42149,DF,Distrito Federal,Center-West,TRUE,TRUE,mapped
202205,2022-05-01,2022,5,11,Rondônia,104.85275,104.80393,RO,Rondonia,North,TRUE,TRUE,mapped
202205,2022-05-01,2022,5,12,Acre,101.99278,100.48023,AC,Acre,North,TRUE,TRUE,mapped
202205,2022-05-01,2022,5,13,Amazonas,102.01573,100.33303,AM,Amazonas,North,TRUE,TRUE,mapped
202205,2022-05-01,2022,5,14,Roraima,104.2468,99.59128,RR,Roraima,North,TRUE,TRUE,mapped
202205,2022-05-01,2022,5,15,Pará,101.3121,99.2723,PA,Para,North,TRUE,TRUE,mapped
202205,2022-05-01,2022,5,16,Amapá,98.34304,94.50734,AP,Amapa,North,TRUE,TRUE,mapped
202205,2022-05-01,2022,5,17,Tocantins,100.87434,98.13884,TO,Tocantins,North,TRUE,TRUE,mapped
202205,2022-05-01,2022,5,21,Maranhão,100.82738,99.99037,MA,Maranhao,Northeast,TRUE,TRUE,mapped
202205,2022-05-01,2022,5,22,Piauí,103.33638,101.85594,PI,Piaui,Northeast,TRUE,TRUE,mapped
202205,2022-05-01,2022,5,23,Ceará,103.69559,102.4908,CE,Ceara,Northeast,TRUE,TRUE,mapped
202205,2022-05-01,2022,5,24,Rio Grande do Norte,102.17712,99.42248,RN,Rio Grande do Norte,Northeast,TRUE,TRUE,mapped
202205,2022-05-01,2022,5,25,Paraíba,91.82943,89.12988,PB,Paraiba,Northeast,TRUE,TRUE,mapped
202205,2022-05-01,2022,5,26,Pernambuco,101.05675,98.68224,PE,Pernambuco,Northeast,TRUE,TRUE,mapped
202205,2022-05-01,2022,5,27,Alagoas,103.96436,102.30932,AL,Alagoas,Northeast,TRUE,TRUE,mapped
202205,2022-05-01,2022,5,28,Sergipe,103.97653,100.50024,SE,Sergipe,Northeast,TRUE,TRUE,mapped
202205,2022-05-01,2022,5,29,Bahia,103.65125,101.04783,BA,Bahia,Northeast,TRUE,TRUE,mapped
202205,2022-05-01,2022,5,31,Minas Gerais,101.68124,100.64516,MG,Minas Gerais,Southeast,TRUE,TRUE,mapped
202205,2022-05-01,2022,5,32,Espírito Santo,100.25572,98.47303,ES,Espirito Santo,Southeast,TRUE,TRUE,mapped
202205,2022-05-01,2022,5,33,Rio de Janeiro,103.58865,102.33503,RJ,Rio de Janeiro,Southeast,TRUE,TRUE,mapped
202205,2022-05-01,2022,5,35,São Paulo,102.03843,101.39216,SP,Sao Paulo,Southeast,TRUE,TRUE,mapped
202205,2022-05-01,2022,5,41,Paraná,100.63462,98.26684,PR,Parana,South,TRUE,TRUE,mapped
202205,2022-05-01,2022,5,42,Santa Catarina,97.82257,95.03265,SC,Santa Catarina,South,TRUE,TRUE,mapped
202205,2022-05-01,2022,5,43,Rio Grande do Sul,107.46485,104.9708,RS,Rio Grande do Sul,South,TRUE,TRUE,mapped
202205,2022-05-01,2022,5,50,Mato Grosso do Sul,101.81559,98.81171,MS,Mato Grosso do Sul,Center-West,TRUE,TRUE,mapped
202205,2022-05-01,2022,5,51,Mato Grosso,100.73905,96.88999,MT,Mato Grosso,Center-West,TRUE,TRUE,mapped
202205,2022-05-01,2022,5,52,Goiás,102.99486,100.59556,GO,Goias,Center-West,TRUE,TRUE,mapped
202205,2022-05-01,2022,5,53,Distrito Federal,106.27962,101.57022,DF,Distrito Federal,Center-West,TRUE,TRUE,mapped
202206,2022-06-01,2022,6,11,Rondônia,96.99065,95.75507,RO,Rondonia,North,TRUE,TRUE,mapped
202206,2022-06-01,2022,6,12,Acre,95.58853,92.9662,AC,Acre,North,TRUE,TRUE,mapped
202206,2022-06-01,2022,6,13,Amazonas,96.76757,94.66077,AM,Amazonas,North,TRUE,TRUE,mapped
202206,2022-06-01,2022,6,14,Roraima,96.57328,92.2706,RR,Roraima,North,TRUE,TRUE,mapped
202206,2022-06-01,2022,6,15,Pará,97.09273,94.85881,PA,Para,North,TRUE,TRUE,mapped
202206,2022-06-01,2022,6,16,Amapá,99.1682,94.17144,AP,Amapa,North,TRUE,TRUE,mapped
202206,2022-06-01,2022,6,17,Tocantins,101.53328,97.17726,TO,Tocantins,North,TRUE,TRUE,mapped
202206,2022-06-01,2022,6,21,Maranhão,100.04496,98.27819,MA,Maranhao,Northeast,TRUE,TRUE,mapped
202206,2022-06-01,2022,6,22,Piauí,102.74786,100.11793,PI,Piaui,Northeast,TRUE,TRUE,mapped
202206,2022-06-01,2022,6,23,Ceará,99.648,97.46978,CE,Ceara,Northeast,TRUE,TRUE,mapped
202206,2022-06-01,2022,6,24,Rio Grande do Norte,100.09915,96.67907,RN,Rio Grande do Norte,Northeast,TRUE,TRUE,mapped
202206,2022-06-01,2022,6,25,Paraíba,92.60071,88.85319,PB,Paraiba,Northeast,TRUE,TRUE,mapped
202206,2022-06-01,2022,6,26,Pernambuco,101.00427,97.58876,PE,Pernambuco,Northeast,TRUE,TRUE,mapped
202206,2022-06-01,2022,6,27,Alagoas,99.70254,96.7216,AL,Alagoas,Northeast,TRUE,TRUE,mapped
202206,2022-06-01,2022,6,28,Sergipe,103.92298,98.82049,SE,Sergipe,Northeast,TRUE,TRUE,mapped
202206,2022-06-01,2022,6,29,Bahia,101.20535,98.24308,BA,Bahia,Northeast,TRUE,TRUE,mapped
202206,2022-06-01,2022,6,31,Minas Gerais,99.49636,97.19559,MG,Minas Gerais,Southeast,TRUE,TRUE,mapped
202206,2022-06-01,2022,6,32,Espírito Santo,97.86938,95.30342,ES,Espirito Santo,Southeast,TRUE,TRUE,mapped
202206,2022-06-01,2022,6,33,Rio de Janeiro,98.47996,96.52081,RJ,Rio de Janeiro,Southeast,TRUE,TRUE,mapped
202206,2022-06-01,2022,6,35,São Paulo,99.27605,97.43118,SP,Sao Paulo,Southeast,TRUE,TRUE,mapped
202206,2022-06-01,2022,6,41,Paraná,98.54192,95.16095,PR,Parana,South,TRUE,TRUE,mapped
202206,2022-06-01,2022,6,42,Santa Catarina,97.63175,94.59943,SC,Santa Catarina,South,TRUE,TRUE,mapped
202206,2022-06-01,2022,6,43,Rio Grande do Sul,103.87089,100.12991,RS,Rio Grande do Sul,South,TRUE,TRUE,mapped
202206,2022-06-01,2022,6,50,Mato Grosso do Sul,99.16038,94.09074,MS,Mato Grosso do Sul,Center-West,TRUE,TRUE,mapped
202206,2022-06-01,2022,6,51,Mato Grosso,98.77036,93.2302,MT,Mato Grosso,Center-West,TRUE,TRUE,mapped
202206,2022-06-01,2022,6,52,Goiás,100.52233,97.23875,GO,Goias,Center-West,TRUE,TRUE,mapped
202206,2022-06-01,2022,6,53,Distrito Federal,101.51844,96.79226,DF,Distrito Federal,Center-West,TRUE,TRUE,mapped
202207,2022-07-01,2022,7,11,Rondônia,102.10371,101.43763,RO,Rondonia,North,TRUE,TRUE,mapped
202207,2022-07-01,2022,7,12,Acre,101.42156,100.24034,AC,Acre,North,TRUE,TRUE,mapped
202207,2022-07-01,2022,7,13,Amazonas,99.47126,98.74407,AM,Amazonas,North,TRUE,TRUE,mapped
202207,2022-07-01,2022,7,14,Roraima,100.13694,98.73991,RR,Roraima,North,TRUE,TRUE,mapped
202207,2022-07-01,2022,7,15,Pará,101.08994,100.0992,PA,Para,North,TRUE,TRUE,mapped
202207,2022-07-01,2022,7,16,Amapá,102.82256,101.80045,AP,Amapa,North,TRUE,TRUE,mapped
202207,2022-07-01,2022,7,17,Tocantins,103.28852,100.32023,TO,Tocantins,North,TRUE,TRUE,mapped
202207,2022-07-01,2022,7,21,Maranhão,100.63012,99.07867,MA,Maranhao,Northeast,TRUE,TRUE,mapped
202207,2022-07-01,2022,7,22,Piauí,103.4173,101.26039,PI,Piaui,Northeast,TRUE,TRUE,mapped
202207,2022-07-01,2022,7,23,Ceará,102.74933,100.9369,CE,Ceara,Northeast,TRUE,TRUE,mapped
202207,2022-07-01,2022,7,24,Rio Grande do Norte,102.38832,99.84744,RN,Rio Grande do Norte,Northeast,TRUE,TRUE,mapped
202207,2022-07-01,2022,7,25,Paraíba,92.44519,88.87267,PB,Paraiba,Northeast,TRUE,TRUE,mapped
202207,2022-07-01,2022,7,26,Pernambuco,101.63667,98.87353,PE,Pernambuco,Northeast,TRUE,TRUE,mapped
202207,2022-07-01,2022,7,27,Alagoas,101.61121,99.17728,AL,Alagoas,Northeast,TRUE,TRUE,mapped
202207,2022-07-01,2022,7,28,Sergipe,100.00409,96.69585,SE,Sergipe,Northeast,TRUE,TRUE,mapped
202207,2022-07-01,2022,7,29,Bahia,98.70288,96.23205,BA,Bahia,Northeast,TRUE,TRUE,mapped
202207,2022-07-01,2022,7,31,Minas Gerais,102.16257,100.03191,MG,Minas Gerais,Southeast,TRUE,TRUE,mapped
202207,2022-07-01,2022,7,32,Espírito Santo,102.81766,101.3947,ES,Espirito Santo,Southeast,TRUE,TRUE,mapped
202207,2022-07-01,2022,7,33,Rio de Janeiro,99.39844,97.8427,RJ,Rio de Janeiro,Southeast,TRUE,TRUE,mapped
202207,2022-07-01,2022,7,35,São Paulo,101.1711,98.89964,SP,Sao Paulo,Southeast,TRUE,TRUE,mapped
202207,2022-07-01,2022,7,41,Paraná,102.27114,100.20916,PR,Parana,South,TRUE,TRUE,mapped
202207,2022-07-01,2022,7,42,Santa Catarina,101.04086,99.30426,SC,Santa Catarina,South,TRUE,TRUE,mapped
202207,2022-07-01,2022,7,43,Rio Grande do Sul,103.09394,99.6409,RS,Rio Grande do Sul,South,TRUE,TRUE,mapped
202207,2022-07-01,2022,7,50,Mato Grosso do Sul,104.73258,103.48115,MS,Mato Grosso do Sul,Center-West,TRUE,TRUE,mapped
202207,2022-07-01,2022,7,51,Mato Grosso,104.01269,102.96779,MT,Mato Grosso,Center-West,TRUE,TRUE,mapped
202207,2022-07-01,2022,7,52,Goiás,102.45236,101.1178,GO,Goias,Center-West,TRUE,TRUE,mapped
202207,2022-07-01,2022,7,53,Distrito Federal,96.5217,95.87669,DF,Distrito Federal,Center-West,TRUE,TRUE,mapped
202208,2022-08-01,2022,8,11,Rondônia,101.47206,100.15078,RO,Rondonia,North,TRUE,TRUE,mapped
202208,2022-08-01,2022,8,12,Acre,103.06941,102.77461,AC,Acre,North,TRUE,TRUE,mapped
202208,2022-08-01,2022,8,13,Amazonas,102.05238,102.47528,AM,Amazonas,North,TRUE,TRUE,mapped
202208,2022-08-01,2022,8,14,Roraima,104.74259,105.48462,RR,Roraima,North,TRUE,TRUE,mapped
202208,2022-08-01,2022,8,15,Pará,105.36248,104.45175,PA,Para,North,TRUE,TRUE,mapped
202208,2022-08-01,2022,8,16,Amapá,105.33262,106.43214,AP,Amapa,North,TRUE,TRUE,mapped
202208,2022-08-01,2022,8,17,Tocantins,102.85741,103.03013,TO,Tocantins,North,TRUE,TRUE,mapped
202208,2022-08-01,2022,8,21,Maranhão,110.6934,108.88139,MA,Maranhao,Northeast,TRUE,TRUE,mapped
202208,2022-08-01,2022,8,22,Piauí,105.51671,104.4124,PI,Piaui,Northeast,TRUE,TRUE,mapped
202208,2022-08-01,2022,8,23,Ceará,101.71329,100.90254,CE,Ceara,Northeast,TRUE,TRUE,mapped
202208,2022-08-01,2022,8,24,Rio Grande do Norte,100.23161,99.77412,RN,Rio Grande do Norte,Northeast,TRUE,TRUE,mapped
202208,2022-08-01,2022,8,25,Paraíba,116.14935,116.8173,PB,Paraiba,Northeast,TRUE,TRUE,mapped
202208,2022-08-01,2022,8,26,Pernambuco,98.81313,98.41749,PE,Pernambuco,Northeast,TRUE,TRUE,mapped
202208,2022-08-01,2022,8,27,Alagoas,104.51132,103.79935,AL,Alagoas,Northeast,TRUE,TRUE,mapped
202208,2022-08-01,2022,8,28,Sergipe,99.34342,99.44538,SE,Sergipe,Northeast,TRUE,TRUE,mapped
202208,2022-08-01,2022,8,29,Bahia,99.59377,98.70815,BA,Bahia,Northeast,TRUE,TRUE,mapped
202208,2022-08-01,2022,8,31,Minas Gerais,102.34282,102.04575,MG,Minas Gerais,Southeast,TRUE,TRUE,mapped
202208,2022-08-01,2022,8,32,Espírito Santo,101.59591,100.45653,ES,Espirito Santo,Southeast,TRUE,TRUE,mapped
202208,2022-08-01,2022,8,33,Rio de Janeiro,96.39553,95.09253,RJ,Rio de Janeiro,Southeast,TRUE,TRUE,mapped
202208,2022-08-01,2022,8,35,São Paulo,99.89147,98.26127,SP,Sao Paulo,Southeast,TRUE,TRUE,mapped
202208,2022-08-01,2022,8,41,Paraná,100.28196,99.37581,PR,Parana,South,TRUE,TRUE,mapped
202208,2022-08-01,2022,8,42,Santa Catarina,99.66283,99.16141,SC,Santa Catarina,South,TRUE,TRUE,mapped
202208,2022-08-01,2022,8,43,Rio Grande do Sul,98.35864,98.10145,RS,Rio Grande do Sul,South,TRUE,TRUE,mapped
202208,2022-08-01,2022,8,50,Mato Grosso do Sul,103.44467,104.38874,MS,Mato Grosso do Sul,Center-West,TRUE,TRUE,mapped
202208,2022-08-01,2022,8,51,Mato Grosso,104.50982,106.08542,MT,Mato Grosso,Center-West,TRUE,TRUE,mapped
202208,2022-08-01,2022,8,52,Goiás,100.76913,101.16139,GO,Goias,Center-West,TRUE,TRUE,mapped
202208,2022-08-01,2022,8,53,Distrito Federal,98.94352,100.0751,DF,Distrito Federal,Center-West,TRUE,TRUE,mapped
202209,2022-09-01,2022,9,11,Rondônia,96.93902,96.38941,RO,Rondonia,North,TRUE,TRUE,mapped
202209,2022-09-01,2022,9,12,Acre,99.64841,100.58439,AC,Acre,North,TRUE,TRUE,mapped
202209,2022-09-01,2022,9,13,Amazonas,95.84278,96.19263,AM,Amazonas,North,TRUE,TRUE,mapped
202209,2022-09-01,2022,9,14,Roraima,99.70969,102.50589,RR,Roraima,North,TRUE,TRUE,mapped
202209,2022-09-01,2022,9,15,Pará,95.70161,95.79243,PA,Para,North,TRUE,TRUE,mapped
202209,2022-09-01,2022,9,16,Amapá,99.90289,102.8956,AP,Amapa,North,TRUE,TRUE,mapped
202209,2022-09-01,2022,9,17,Tocantins,100.04399,100.14905,TO,Tocantins,North,TRUE,TRUE,mapped
202209,2022-09-01,2022,9,21,Maranhão,97.25277,96.9076,MA,Maranhao,Northeast,TRUE,TRUE,mapped
202209,2022-09-01,2022,9,22,Piauí,98.4332,98.65735,PI,Piaui,Northeast,TRUE,TRUE,mapped
202209,2022-09-01,2022,9,23,Ceará,95.62952,95.62005,CE,Ceara,Northeast,TRUE,TRUE,mapped
202209,2022-09-01,2022,9,24,Rio Grande do Norte,99.05751,100.10911,RN,Rio Grande do Norte,Northeast,TRUE,TRUE,mapped
202209,2022-09-01,2022,9,25,Paraíba,114.65472,117.15281,PB,Paraiba,Northeast,TRUE,TRUE,mapped
202209,2022-09-01,2022,9,26,Pernambuco,96.49011,98.07407,PE,Pernambuco,Northeast,TRUE,TRUE,mapped
202209,2022-09-01,2022,9,27,Alagoas,97.75698,98.57248,AL,Alagoas,Northeast,TRUE,TRUE,mapped
202209,2022-09-01,2022,9,28,Sergipe,96.20377,98.80362,SE,Sergipe,Northeast,TRUE,TRUE,mapped
202209,2022-09-01,2022,9,29,Bahia,96.53557,96.53119,BA,Bahia,Northeast,TRUE,TRUE,mapped
202209,2022-09-01,2022,9,31,Minas Gerais,100.10924,100.46224,MG,Minas Gerais,Southeast,TRUE,TRUE,mapped
202209,2022-09-01,2022,9,32,Espírito Santo,96.896960000000007,96.54468,ES,Espirito Santo,Southeast,TRUE,TRUE,mapped
202209,2022-09-01,2022,9,33,Rio de Janeiro,94.82552,94.10186,RJ,Rio de Janeiro,Southeast,TRUE,TRUE,mapped
202209,2022-09-01,2022,9,35,São Paulo,96.14243,95.63195,SP,Sao Paulo,Southeast,TRUE,TRUE,mapped
202209,2022-09-01,2022,9,41,Paraná,95.74483,95.80591,PR,Parana,South,TRUE,TRUE,mapped
202209,2022-09-01,2022,9,42,Santa Catarina,96.14988,96.63064,SC,Santa Catarina,South,TRUE,TRUE,mapped
202209,2022-09-01,2022,9,43,Rio Grande do Sul,94.87683,95.53666,RS,Rio Grande do Sul,South,TRUE,TRUE,mapped
202209,2022-09-01,2022,9,50,Mato Grosso do Sul,101.53137,103.65408,MS,Mato Grosso do Sul,Center-West,TRUE,TRUE,mapped
202209,2022-09-01,2022,9,51,Mato Grosso,100.93249,103.99052,MT,Mato Grosso,Center-West,TRUE,TRUE,mapped
202209,2022-09-01,2022,9,52,Goiás,96.36341,97.4888,GO,Goias,Center-West,TRUE,TRUE,mapped
202209,2022-09-01,2022,9,53,Distrito Federal,97.80697,101.19804,DF,Distrito Federal,Center-West,TRUE,TRUE,mapped
202210,2022-10-01,2022,10,11,Rondônia,98.73783,97.43166,RO,Rondonia,North,TRUE,TRUE,mapped
202210,2022-10-01,2022,10,12,Acre,106.38654,107.37986,AC,Acre,North,TRUE,TRUE,mapped
202210,2022-10-01,2022,10,13,Amazonas,104.30631,104.73666,AM,Amazonas,North,TRUE,TRUE,mapped
202210,2022-10-01,2022,10,14,Roraima,105.96971,109.00114,RR,Roraima,North,TRUE,TRUE,mapped
202210,2022-10-01,2022,10,15,Pará,101.3476,101.25117,PA,Para,North,TRUE,TRUE,mapped
202210,2022-10-01,2022,10,16,Amapá,113.27745,117.17337,AP,Amapa,North,TRUE,TRUE,mapped
202210,2022-10-01,2022,10,17,Tocantins,101.2416,101.43194,TO,Tocantins,North,TRUE,TRUE,mapped
202210,2022-10-01,2022,10,21,Maranhão,101.58209,100.9267,MA,Maranhao,Northeast,TRUE,TRUE,mapped
202210,2022-10-01,2022,10,22,Piauí,100.50431,100.53161,PI,Piaui,Northeast,TRUE,TRUE,mapped
202210,2022-10-01,2022,10,23,Ceará,101.05405,100.94002,CE,Ceara,Northeast,TRUE,TRUE,mapped
202210,2022-10-01,2022,10,24,Rio Grande do Norte,101.27514,102.31221,RN,Rio Grande do Norte,Northeast,TRUE,TRUE,mapped
202210,2022-10-01,2022,10,25,Paraíba,113.90776,114.88095,PB,Paraiba,Northeast,TRUE,TRUE,mapped
202210,2022-10-01,2022,10,26,Pernambuco,100.57412,101.85855,PE,Pernambuco,Northeast,TRUE,TRUE,mapped
202210,2022-10-01,2022,10,27,Alagoas,104.28473,105.11251,AL,Alagoas,Northeast,TRUE,TRUE,mapped
202210,2022-10-01,2022,10,28,Sergipe,100.79708,103.71633,SE,Sergipe,Northeast,TRUE,TRUE,mapped
202210,2022-10-01,2022,10,29,Bahia,98.96752,99.12334,BA,Bahia,Northeast,TRUE,TRUE,mapped
202210,2022-10-01,2022,10,31,Minas Gerais,104.74988,104.44764,MG,Minas Gerais,Southeast,TRUE,TRUE,mapped
202210,2022-10-01,2022,10,32,Espírito Santo,99.47729,98.5915,ES,Espirito Santo,Southeast,TRUE,TRUE,mapped
202210,2022-10-01,2022,10,33,Rio de Janeiro,99.44252,98.14862,RJ,Rio de Janeiro,Southeast,TRUE,TRUE,mapped
202210,2022-10-01,2022,10,35,São Paulo,101.16527,99.56681,SP,Sao Paulo,Southeast,TRUE,TRUE,mapped
202210,2022-10-01,2022,10,41,Paraná,101.41265,102.01381,PR,Parana,South,TRUE,TRUE,mapped
202210,2022-10-01,2022,10,42,Santa Catarina,101.11228,101.24043,SC,Santa Catarina,South,TRUE,TRUE,mapped
202210,2022-10-01,2022,10,43,Rio Grande do Sul,101.8074,102.35946,RS,Rio Grande do Sul,South,TRUE,TRUE,mapped
202210,2022-10-01,2022,10,50,Mato Grosso do Sul,104.26279,106.32289,MS,Mato Grosso do Sul,Center-West,TRUE,TRUE,mapped
202210,2022-10-01,2022,10,51,Mato Grosso,104.50806,107.80166,MT,Mato Grosso,Center-West,TRUE,TRUE,mapped
202210,2022-10-01,2022,10,52,Goiás,99.45421,100.68979,GO,Goias,Center-West,TRUE,TRUE,mapped
202210,2022-10-01,2022,10,53,Distrito Federal,103.71471,106.63696,DF,Distrito Federal,Center-West,TRUE,TRUE,mapped
202211,2022-11-01,2022,11,11,Rondônia,114.62232,114.48064,RO,Rondonia,North,TRUE,TRUE,mapped
202211,2022-11-01,2022,11,12,Acre,113.25947,115.08323,AC,Acre,North,TRUE,TRUE,mapped
202211,2022-11-01,2022,11,13,Amazonas,109.64857,111.81131,AM,Amazonas,North,TRUE,TRUE,mapped
202211,2022-11-01,2022,11,14,Roraima,105.88002,109.45945,RR,Roraima,North,TRUE,TRUE,mapped
202211,2022-11-01,2022,11,15,Pará,106.85794,107.46532,PA,Para,North,TRUE,TRUE,mapped
202211,2022-11-01,2022,11,16,Amapá,108.63896,112.50436,AP,Amapa,North,TRUE,TRUE,mapped
202211,2022-11-01,2022,11,17,Tocantins,109.35463,109.92788,TO,Tocantins,North,TRUE,TRUE,mapped
202211,2022-11-01,2022,11,21,Maranhão,107.56099,106.8837,MA,Maranhao,Northeast,TRUE,TRUE,mapped
202211,2022-11-01,2022,11,22,Piauí,107.63135,107.80838,PI,Piaui,Northeast,TRUE,TRUE,mapped
202211,2022-11-01,2022,11,23,Ceará,108.11021,108.38955,CE,Ceara,Northeast,TRUE,TRUE,mapped
202211,2022-11-01,2022,11,24,Rio Grande do Norte,103.3718,104.75031,RN,Rio Grande do Norte,Northeast,TRUE,TRUE,mapped
202211,2022-11-01,2022,11,25,Paraíba,121.21573,124.74907,PB,Paraiba,Northeast,TRUE,TRUE,mapped
202211,2022-11-01,2022,11,26,Pernambuco,109.35265,111.15698,PE,Pernambuco,Northeast,TRUE,TRUE,mapped
202211,2022-11-01,2022,11,27,Alagoas,104.57488,105.88487,AL,Alagoas,Northeast,TRUE,TRUE,mapped
202211,2022-11-01,2022,11,28,Sergipe,109.14136,112.40126,SE,Sergipe,Northeast,TRUE,TRUE,mapped
202211,2022-11-01,2022,11,29,Bahia,107.46625,108.72483,BA,Bahia,Northeast,TRUE,TRUE,mapped
202211,2022-11-01,2022,11,31,Minas Gerais,107.18236,106.81515,MG,Minas Gerais,Southeast,TRUE,TRUE,mapped
202211,2022-11-01,2022,11,32,Espírito Santo,106.54493,107.07966,ES,Espirito Santo,Southeast,TRUE,TRUE,mapped
202211,2022-11-01,2022,11,33,Rio de Janeiro,107.71132,107.91082,RJ,Rio de Janeiro,Southeast,TRUE,TRUE,mapped
202211,2022-11-01,2022,11,35,São Paulo,106.42685,105.33778,SP,Sao Paulo,Southeast,TRUE,TRUE,mapped
202211,2022-11-01,2022,11,41,Paraná,104.08353,104.43869,PR,Parana,South,TRUE,TRUE,mapped
202211,2022-11-01,2022,11,42,Santa Catarina,106.31355,107.04185,SC,Santa Catarina,South,TRUE,TRUE,mapped
202211,2022-11-01,2022,11,43,Rio Grande do Sul,102.73909,103.1884,RS,Rio Grande do Sul,South,TRUE,TRUE,mapped
202211,2022-11-01,2022,11,50,Mato Grosso do Sul,103.5199,104.51531,MS,Mato Grosso do Sul,Center-West,TRUE,TRUE,mapped
202211,2022-11-01,2022,11,51,Mato Grosso,103.39375,106.90117,MT,Mato Grosso,Center-West,TRUE,TRUE,mapped
202211,2022-11-01,2022,11,52,Goiás,104.77724,105.79288,GO,Goias,Center-West,TRUE,TRUE,mapped
202211,2022-11-01,2022,11,53,Distrito Federal,109.94725,112.48516,DF,Distrito Federal,Center-West,TRUE,TRUE,mapped
202212,2022-12-01,2022,12,11,Rondônia,127.42958,124.82885,RO,Rondonia,North,TRUE,TRUE,mapped
202212,2022-12-01,2022,12,12,Acre,123.45175,123.19799,AC,Acre,North,TRUE,TRUE,mapped
202212,2022-12-01,2022,12,13,Amazonas,126.74911,126.92547,AM,Amazonas,North,TRUE,TRUE,mapped
202212,2022-12-01,2022,12,14,Roraima,115.25435,117.74873,RR,Roraima,North,TRUE,TRUE,mapped
202212,2022-12-01,2022,12,15,Pará,127.07354,126.02158,PA,Para,North,TRUE,TRUE,mapped
202212,2022-12-01,2022,12,16,Amapá,125.49527,128.67927,AP,Amapa,North,TRUE,TRUE,mapped
202212,2022-12-01,2022,12,17,Tocantins,121.21788,122.02801,TO,Tocantins,North,TRUE,TRUE,mapped
202212,2022-12-01,2022,12,21,Maranhão,122.81593,120.96489,MA,Maranhao,Northeast,TRUE,TRUE,mapped
202212,2022-12-01,2022,12,22,Piauí,117.89379,117.05446,PI,Piaui,Northeast,TRUE,TRUE,mapped
202212,2022-12-01,2022,12,23,Ceará,126.37048,125.58008,CE,Ceara,Northeast,TRUE,TRUE,mapped
202212,2022-12-01,2022,12,24,Rio Grande do Norte,119.19566,119.54828,RN,Rio Grande do Norte,Northeast,TRUE,TRUE,mapped
202212,2022-12-01,2022,12,25,Paraíba,129.49277,130.22054,PB,Paraiba,Northeast,TRUE,TRUE,mapped
202212,2022-12-01,2022,12,26,Pernambuco,122.63295,122.31461,PE,Pernambuco,Northeast,TRUE,TRUE,mapped
202212,2022-12-01,2022,12,27,Alagoas,125.42418,124.84309,AL,Alagoas,Northeast,TRUE,TRUE,mapped
202212,2022-12-01,2022,12,28,Sergipe,120.72599,122.08192,SE,Sergipe,Northeast,TRUE,TRUE,mapped
202212,2022-12-01,2022,12,29,Bahia,121.77457,123.68379,BA,Bahia,Northeast,TRUE,TRUE,mapped
202212,2022-12-01,2022,12,31,Minas Gerais,120.08158,117.88137,MG,Minas Gerais,Southeast,TRUE,TRUE,mapped
202212,2022-12-01,2022,12,32,Espírito Santo,123.63939,122.54309,ES,Espirito Santo,Southeast,TRUE,TRUE,mapped
202212,2022-12-01,2022,12,33,Rio de Janeiro,123.81746,122.38194,RJ,Rio de Janeiro,Southeast,TRUE,TRUE,mapped
202212,2022-12-01,2022,12,35,São Paulo,127.92897,124.94781,SP,Sao Paulo,Southeast,TRUE,TRUE,mapped
202212,2022-12-01,2022,12,41,Paraná,124.03661,123.91861,PR,Parana,South,TRUE,TRUE,mapped
202212,2022-12-01,2022,12,42,Santa Catarina,128.4056,128.28534,SC,Santa Catarina,South,TRUE,TRUE,mapped
202212,2022-12-01,2022,12,43,Rio Grande do Sul,122.60028,123.51522,RS,Rio Grande do Sul,South,TRUE,TRUE,mapped
202212,2022-12-01,2022,12,50,Mato Grosso do Sul,121.58566,123.08801,MS,Mato Grosso do Sul,Center-West,TRUE,TRUE,mapped
202212,2022-12-01,2022,12,51,Mato Grosso,119.09312,122.9598,MT,Mato Grosso,Center-West,TRUE,TRUE,mapped
202212,2022-12-01,2022,12,52,Goiás,117.78331,118.3226,GO,Goias,Center-West,TRUE,TRUE,mapped
202212,2022-12-01,2022,12,53,Distrito Federal,112.14535,113.38238,DF,Distrito Federal,Center-West,TRUE,TRUE,mapped
202301,2023-01-01,2023,1,11,Rondônia,91.14752,89.35809,RO,Rondonia,North,TRUE,TRUE,mapped
202301,2023-01-01,2023,1,12,Acre,97.2856,94.49021,AC,Acre,North,TRUE,TRUE,mapped
202301,2023-01-01,2023,1,13,Amazonas,93.97385,92.25052,AM,Amazonas,North,TRUE,TRUE,mapped
202301,2023-01-01,2023,1,14,Roraima,100.17173,98.16321,RR,Roraima,North,TRUE,TRUE,mapped
202301,2023-01-01,2023,1,15,Pará,94.416,92.09457,PA,Para,North,TRUE,TRUE,mapped
202301,2023-01-01,2023,1,16,Amapá,92.22826,91.00613,AP,Amapa,North,TRUE,TRUE,mapped
202301,2023-01-01,2023,1,17,Tocantins,104.10045,101.45833,TO,Tocantins,North,TRUE,TRUE,mapped
202301,2023-01-01,2023,1,21,Maranhão,103.594,102.21909,MA,Maranhao,Northeast,TRUE,TRUE,mapped
202301,2023-01-01,2023,1,22,Piauí,99.83707,96.94053,PI,Piaui,Northeast,TRUE,TRUE,mapped
202301,2023-01-01,2023,1,23,Ceará,105.04905,101.83227,CE,Ceara,Northeast,TRUE,TRUE,mapped
202301,2023-01-01,2023,1,24,Rio Grande do Norte,97.96635,95.34832,RN,Rio Grande do Norte,Northeast,TRUE,TRUE,mapped
202301,2023-01-01,2023,1,25,Paraíba,99.46226,97.53053,PB,Paraiba,Northeast,TRUE,TRUE,mapped
202301,2023-01-01,2023,1,26,Pernambuco,96.01457,94.06319,PE,Pernambuco,Northeast,TRUE,TRUE,mapped
202301,2023-01-01,2023,1,27,Alagoas,103.19034,101.1355,AL,Alagoas,Northeast,TRUE,TRUE,mapped
202301,2023-01-01,2023,1,28,Sergipe,101.00091,100.28198,SE,Sergipe,Northeast,TRUE,TRUE,mapped
202301,2023-01-01,2023,1,29,Bahia,98.62483,97.08991,BA,Bahia,Northeast,TRUE,TRUE,mapped
202301,2023-01-01,2023,1,31,Minas Gerais,96.43687,93.86535,MG,Minas Gerais,Southeast,TRUE,TRUE,mapped
202301,2023-01-01,2023,1,32,Espírito Santo,100.79571,100.20645,ES,Espirito Santo,Southeast,TRUE,TRUE,mapped
202301,2023-01-01,2023,1,33,Rio de Janeiro,96.60622,95.26715,RJ,Rio de Janeiro,Southeast,TRUE,TRUE,mapped
202301,2023-01-01,2023,1,35,São Paulo,98.63082,95.27921,SP,Sao Paulo,Southeast,TRUE,TRUE,mapped
202301,2023-01-01,2023,1,41,Paraná,94.57959,93.32845,PR,Parana,South,TRUE,TRUE,mapped
202301,2023-01-01,2023,1,42,Santa Catarina,105.42747,104.18776,SC,Santa Catarina,South,TRUE,TRUE,mapped
202301,2023-01-01,2023,1,43,Rio Grande do Sul,96.39457,95.79823,RS,Rio Grande do Sul,South,TRUE,TRUE,mapped
202301,2023-01-01,2023,1,50,Mato Grosso do Sul,94.61484,92.38866,MS,Mato Grosso do Sul,Center-West,TRUE,TRUE,mapped
202301,2023-01-01,2023,1,51,Mato Grosso,92.38261,91.05607,MT,Mato Grosso,Center-West,TRUE,TRUE,mapped
202301,2023-01-01,2023,1,52,Goiás,95.62977,93.96097,GO,Goias,Center-West,TRUE,TRUE,mapped
202301,2023-01-01,2023,1,53,Distrito Federal,92.85511,91.3645,DF,Distrito Federal,Center-West,TRUE,TRUE,mapped
202302,2023-02-01,2023,2,11,Rondônia,87.9083,86.10374,RO,Rondonia,North,TRUE,TRUE,mapped
202302,2023-02-01,2023,2,12,Acre,92.88637,90.07462,AC,Acre,North,TRUE,TRUE,mapped
202302,2023-02-01,2023,2,13,Amazonas,89.95044,88.44962,AM,Amazonas,North,TRUE,TRUE,mapped
202302,2023-02-01,2023,2,14,Roraima,99.2205,97.09087,RR,Roraima,North,TRUE,TRUE,mapped
202302,2023-02-01,2023,2,15,Pará,88.19593,86.07027,PA,Para,North,TRUE,TRUE,mapped
202302,2023-02-01,2023,2,16,Amapá,88.39224,87.43762,AP,Amapa,North,TRUE,TRUE,mapped
202302,2023-02-01,2023,2,17,Tocantins,100.46752,97.7404,TO,Tocantins,North,TRUE,TRUE,mapped
202302,2023-02-01,2023,2,21,Maranhão,97.59402,96.81308,MA,Maranhao,Northeast,TRUE,TRUE,mapped
202302,2023-02-01,2023,2,22,Piauí,88.78915,85.9596,PI,Piaui,Northeast,TRUE,TRUE,mapped
202302,2023-02-01,2023,2,23,Ceará,94.31775,91.20481,CE,Ceara,Northeast,TRUE,TRUE,mapped
202302,2023-02-01,2023,2,24,Rio Grande do Norte,90.56364,87.85869,RN,Rio Grande do Norte,Northeast,TRUE,TRUE,mapped
202302,2023-02-01,2023,2,25,Paraíba,87.74671,85.79527,PB,Paraiba,Northeast,TRUE,TRUE,mapped
202302,2023-02-01,2023,2,26,Pernambuco,88.03883,86.11219,PE,Pernambuco,Northeast,TRUE,TRUE,mapped
202302,2023-02-01,2023,2,27,Alagoas,90.01289,88.15879,AL,Alagoas,Northeast,TRUE,TRUE,mapped
202302,2023-02-01,2023,2,28,Sergipe,91.17129,90.46303,SE,Sergipe,Northeast,TRUE,TRUE,mapped
202302,2023-02-01,2023,2,29,Bahia,91.91876,90.80795,BA,Bahia,Northeast,TRUE,TRUE,mapped
202302,2023-02-01,2023,2,31,Minas Gerais,90.89625,88.65171,MG,Minas Gerais,Southeast,TRUE,TRUE,mapped
202302,2023-02-01,2023,2,32,Espírito Santo,90.79262,89.7937,ES,Espirito Santo,Southeast,TRUE,TRUE,mapped
202302,2023-02-01,2023,2,33,Rio de Janeiro,91.87162,90.77508,RJ,Rio de Janeiro,Southeast,TRUE,TRUE,mapped
202302,2023-02-01,2023,2,35,São Paulo,91.94993,88.61615,SP,Sao Paulo,Southeast,TRUE,TRUE,mapped
202302,2023-02-01,2023,2,41,Paraná,90.04603,88.76883,PR,Parana,South,TRUE,TRUE,mapped
202302,2023-02-01,2023,2,42,Santa Catarina,94.08787,92.68433,SC,Santa Catarina,South,TRUE,TRUE,mapped
202302,2023-02-01,2023,2,43,Rio Grande do Sul,90.31236,89.59743,RS,Rio Grande do Sul,South,TRUE,TRUE,mapped
202302,2023-02-01,2023,2,50,Mato Grosso do Sul,92.17375,90.31365,MS,Mato Grosso do Sul,Center-West,TRUE,TRUE,mapped
202302,2023-02-01,2023,2,51,Mato Grosso,89.98822,88.8754,MT,Mato Grosso,Center-West,TRUE,TRUE,mapped
202302,2023-02-01,2023,2,52,Goiás,89.36946,87.82828,GO,Goias,Center-West,TRUE,TRUE,mapped
202302,2023-02-01,2023,2,53,Distrito Federal,86.89822,85.63036,DF,Distrito Federal,Center-West,TRUE,TRUE,mapped
202303,2023-03-01,2023,3,11,Rondônia,96.47475,94.17982,RO,Rondonia,North,TRUE,TRUE,mapped
202303,2023-03-01,2023,3,12,Acre,103.17625,99.87619,AC,Acre,North,TRUE,TRUE,mapped
202303,2023-03-01,2023,3,13,Amazonas,101.80307,100.21630999999999,AM,Amazonas,North,TRUE,TRUE,mapped
202303,2023-03-01,2023,3,14,Roraima,106.52511,104.24759,RR,Roraima,North,TRUE,TRUE,mapped
202303,2023-03-01,2023,3,15,Pará,98.4565,95.64314,PA,Para,North,TRUE,TRUE,mapped
202303,2023-03-01,2023,3,16,Amapá,97.65324,96.59125,AP,Amapa,North,TRUE,TRUE,mapped
202303,2023-03-01,2023,3,17,Tocantins,112.16313,108.80102,TO,Tocantins,North,TRUE,TRUE,mapped
202303,2023-03-01,2023,3,21,Maranhão,104.40496,103.04301,MA,Maranhao,Northeast,TRUE,TRUE,mapped
202303,2023-03-01,2023,3,22,Piauí,100.45158,97.89921,PI,Piaui,Northeast,TRUE,TRUE,mapped
202303,2023-03-01,2023,3,23,Ceará,105.66474,102.49336,CE,Ceara,Northeast,TRUE,TRUE,mapped
202303,2023-03-01,2023,3,24,Rio Grande do Norte,100.48984,97.67743,RN,Rio Grande do Norte,Northeast,TRUE,TRUE,mapped
202303,2023-03-01,2023,3,25,Paraíba,97.99507,95.85409,PB,Paraiba,Northeast,TRUE,TRUE,mapped
202303,2023-03-01,2023,3,26,Pernambuco,102.9091,100.32695,PE,Pernambuco,Northeast,TRUE,TRUE,mapped
202303,2023-03-01,2023,3,27,Alagoas,105.57012,103.13804,AL,Alagoas,Northeast,TRUE,TRUE,mapped
202303,2023-03-01,2023,3,28,Sergipe,101.19924,99.79268,SE,Sergipe,Northeast,TRUE,TRUE,mapped
202303,2023-03-01,2023,3,29,Bahia,104.09315,103.03,BA,Bahia,Northeast,TRUE,TRUE,mapped
202303,2023-03-01,2023,3,31,Minas Gerais,102.48906,100.69753,MG,Minas Gerais,Southeast,TRUE,TRUE,mapped
202303,2023-03-01,2023,3,32,Espírito Santo,106.34336,106.02377,ES,Espirito Santo,Southeast,TRUE,TRUE,mapped
202303,2023-03-01,2023,3,33,Rio de Janeiro,100.29469,98.97406,RJ,Rio de Janeiro,Southeast,TRUE,TRUE,mapped
202303,2023-03-01,2023,3,35,São Paulo,103.33638,99.42683,SP,Sao Paulo,Southeast,TRUE,TRUE,mapped
202303,2023-03-01,2023,3,41,Paraná,103.09561,101.215,PR,Parana,South,TRUE,TRUE,mapped
202303,2023-03-01,2023,3,42,Santa Catarina,102.1982,100.32735,SC,Santa Catarina,South,TRUE,TRUE,mapped
202303,2023-03-01,2023,3,43,Rio Grande do Sul,103.16078,101.58185,RS,Rio Grande do Sul,South,TRUE,TRUE,mapped
202303,2023-03-01,2023,3,50,Mato Grosso do Sul,101.9617,99.87475,MS,Mato Grosso do Sul,Center-West,TRUE,TRUE,mapped
202303,2023-03-01,2023,3,51,Mato Grosso,102.97805,101.10573,MT,Mato Grosso,Center-West,TRUE,TRUE,mapped
202303,2023-03-01,2023,3,52,Goiás,103.58861,101.25621,GO,Goias,Center-West,TRUE,TRUE,mapped
202303,2023-03-01,2023,3,53,Distrito Federal,100.433,98.08677,DF,Distrito Federal,Center-West,TRUE,TRUE,mapped
202304,2023-04-01,2023,4,11,Rondônia,97.39039,94.34676,RO,Rondonia,North,TRUE,TRUE,mapped
202304,2023-04-01,2023,4,12,Acre,99.43107,95.70127,AC,Acre,North,TRUE,TRUE,mapped
202304,2023-04-01,2023,4,13,Amazonas,99.46182,97.28786,AM,Amazonas,North,TRUE,TRUE,mapped
202304,2023-04-01,2023,4,14,Roraima,103.86572,101.00313,RR,Roraima,North,TRUE,TRUE,mapped
202304,2023-04-01,2023,4,15,Pará,99.287,95.80076,PA,Para,North,TRUE,TRUE,mapped
202304,2023-04-01,2023,4,16,Amapá,94.28474,92.65941,AP,Amapa,North,TRUE,TRUE,mapped
202304,2023-04-01,2023,4,17,Tocantins,108.98188,104.86143,TO,Tocantins,North,TRUE,TRUE,mapped
202304,2023-04-01,2023,4,21,Maranhão,103.78357,101.83673,MA,Maranhao,Northeast,TRUE,TRUE,mapped
202304,2023-04-01,2023,4,22,Piauí,96.88517,93.78637,PI,Piaui,Northeast,TRUE,TRUE,mapped
202304,2023-04-01,2023,4,23,Ceará,105.00774,101.14235,CE,Ceara,Northeast,TRUE,TRUE,mapped
202304,2023-04-01,2023,4,24,Rio Grande do Norte,96.37221,93.3934,RN,Rio Grande do Norte,Northeast,TRUE,TRUE,mapped
202304,2023-04-01,2023,4,25,Paraíba,94.15414,91.89091,PB,Paraiba,Northeast,TRUE,TRUE,mapped
202304,2023-04-01,2023,4,26,Pernambuco,99.71821,97.14932,PE,Pernambuco,Northeast,TRUE,TRUE,mapped
202304,2023-04-01,2023,4,27,Alagoas,104.82501,102.32346,AL,Alagoas,Northeast,TRUE,TRUE,mapped
202304,2023-04-01,2023,4,28,Sergipe,98.70948,97.00368,SE,Sergipe,Northeast,TRUE,TRUE,mapped
202304,2023-04-01,2023,4,29,Bahia,100.87121,99.64302,BA,Bahia,Northeast,TRUE,TRUE,mapped
202304,2023-04-01,2023,4,31,Minas Gerais,100.87568,98.25719,MG,Minas Gerais,Southeast,TRUE,TRUE,mapped
202304,2023-04-01,2023,4,32,Espírito Santo,95.95668,95.24052,ES,Espirito Santo,Southeast,TRUE,TRUE,mapped
202304,2023-04-01,2023,4,33,Rio de Janeiro,97.96438,96.15084,RJ,Rio de Janeiro,Southeast,TRUE,TRUE,mapped
202304,2023-04-01,2023,4,35,São Paulo,102.50578,97.39262,SP,Sao Paulo,Southeast,TRUE,TRUE,mapped
202304,2023-04-01,2023,4,41,Paraná,100.5272,97.85298,PR,Parana,South,TRUE,TRUE,mapped
202304,2023-04-01,2023,4,42,Santa Catarina,100.04297,97.39329,SC,Santa Catarina,South,TRUE,TRUE,mapped
202304,2023-04-01,2023,4,43,Rio Grande do Sul,102.2157,99.51457,RS,Rio Grande do Sul,South,TRUE,TRUE,mapped
202304,2023-04-01,2023,4,50,Mato Grosso do Sul,99.34905,96.40117,MS,Mato Grosso do Sul,Center-West,TRUE,TRUE,mapped
202304,2023-04-01,2023,4,51,Mato Grosso,102.35964,99.39044,MT,Mato Grosso,Center-West,TRUE,TRUE,mapped
202304,2023-04-01,2023,4,52,Goiás,98.77514,95.86601,GO,Goias,Center-West,TRUE,TRUE,mapped
202304,2023-04-01,2023,4,53,Distrito Federal,98.00627,94.90247,DF,Distrito Federal,Center-West,TRUE,TRUE,mapped
202305,2023-05-01,2023,5,11,Rondônia,103.06004,99.98745,RO,Rondonia,North,TRUE,TRUE,mapped
202305,2023-05-01,2023,5,12,Acre,109.6007,105.16116,AC,Acre,North,TRUE,TRUE,mapped
202305,2023-05-01,2023,5,13,Amazonas,104.36976,102.39288,AM,Amazonas,North,TRUE,TRUE,mapped
202305,2023-05-01,2023,5,14,Roraima,105.63082,103.08759,RR,Roraima,North,TRUE,TRUE,mapped
202305,2023-05-01,2023,5,15,Pará,103.58341,100.30517999999999,PA,Para,North,TRUE,TRUE,mapped
202305,2023-05-01,2023,5,16,Amapá,98.10222,96.94196,AP,Amapa,North,TRUE,TRUE,mapped
202305,2023-05-01,2023,5,17,Tocantins,119.09734,115.40549,TO,Tocantins,North,TRUE,TRUE,mapped
202305,2023-05-01,2023,5,21,Maranhão,112.13741,112.14304,MA,Maranhao,Northeast,TRUE,TRUE,mapped
202305,2023-05-01,2023,5,22,Piauí,101.23172,98.02834,PI,Piaui,Northeast,TRUE,TRUE,mapped
202305,2023-05-01,2023,5,23,Ceará,111.62515,107.34325,CE,Ceara,Northeast,TRUE,TRUE,mapped
202305,2023-05-01,2023,5,24,Rio Grande do Norte,101.93036,98.50721,RN,Rio Grande do Norte,Northeast,TRUE,TRUE,mapped
202305,2023-05-01,2023,5,25,Paraíba,93.35933,91.37065,PB,Paraiba,Northeast,TRUE,TRUE,mapped
202305,2023-05-01,2023,5,26,Pernambuco,104.09237,101.62226,PE,Pernambuco,Northeast,TRUE,TRUE,mapped
202305,2023-05-01,2023,5,27,Alagoas,103.06009,100.78861,AL,Alagoas,Northeast,TRUE,TRUE,mapped
202305,2023-05-01,2023,5,28,Sergipe,101.65244,101.20096,SE,Sergipe,Northeast,TRUE,TRUE,mapped
202305,2023-05-01,2023,5,29,Bahia,102.21504,102.84406,BA,Bahia,Northeast,TRUE,TRUE,mapped
202305,2023-05-01,2023,5,31,Minas Gerais,103.52006,101.38484,MG,Minas Gerais,Southeast,TRUE,TRUE,mapped
202305,2023-05-01,2023,5,32,Espírito Santo,101.12002,100.12641,ES,Espirito Santo,Southeast,TRUE,TRUE,mapped
202305,2023-05-01,2023,5,33,Rio de Janeiro,100.24886,98.86113,RJ,Rio de Janeiro,Southeast,TRUE,TRUE,mapped
202305,2023-05-01,2023,5,35,São Paulo,103.43921,98.13216,SP,Sao Paulo,Southeast,TRUE,TRUE,mapped
202305,2023-05-01,2023,5,41,Paraná,100.93481,99.1354,PR,Parana,South,TRUE,TRUE,mapped
202305,2023-05-01,2023,5,42,Santa Catarina,97.91614,95.8432,SC,Santa Catarina,South,TRUE,TRUE,mapped
202305,2023-05-01,2023,5,43,Rio Grande do Sul,102.20208,99.86739,RS,Rio Grande do Sul,South,TRUE,TRUE,mapped
202305,2023-05-01,2023,5,50,Mato Grosso do Sul,101.88628,99.30574,MS,Mato Grosso do Sul,Center-West,TRUE,TRUE,mapped
202305,2023-05-01,2023,5,51,Mato Grosso,100.44884,98.60103,MT,Mato Grosso,Center-West,TRUE,TRUE,mapped
202305,2023-05-01,2023,5,52,Goiás,100.8704,98.62198,GO,Goias,Center-West,TRUE,TRUE,mapped
202305,2023-05-01,2023,5,53,Distrito Federal,102.13081,99.42072,DF,Distrito Federal,Center-West,TRUE,TRUE,mapped
202306,2023-06-01,2023,6,11,Rondônia,95.21201,93.13579,RO,Rondonia,North,TRUE,TRUE,mapped
202306,2023-06-01,2023,6,12,Acre,106.10949,102.55213,AC,Acre,North,TRUE,TRUE,mapped
202306,2023-06-01,2023,6,13,Amazonas,99.35299,98.97041,AM,Amazonas,North,TRUE,TRUE,mapped
202306,2023-06-01,2023,6,14,Roraima,96.57446,96.10249,RR,Roraima,North,TRUE,TRUE,mapped
202306,2023-06-01,2023,6,15,Pará,98.5478,96.78957,PA,Para,North,TRUE,TRUE,mapped
202306,2023-06-01,2023,6,16,Amapá,96.70752,97.58697,AP,Amapa,North,TRUE,TRUE,mapped
202306,2023-06-01,2023,6,17,Tocantins,112.50093,110.91087,TO,Tocantins,North,TRUE,TRUE,mapped
202306,2023-06-01,2023,6,21,Maranhão,106.24684,108.57048,MA,Maranhao,Northeast,TRUE,TRUE,mapped
202306,2023-06-01,2023,6,22,Piauí,98.9031,96.8943,PI,Piaui,Northeast,TRUE,TRUE,mapped
202306,2023-06-01,2023,6,23,Ceará,109.65263,106.16577,CE,Ceara,Northeast,TRUE,TRUE,mapped
202306,2023-06-01,2023,6,24,Rio Grande do Norte,99.0681,96.98442,RN,Rio Grande do Norte,Northeast,TRUE,TRUE,mapped
202306,2023-06-01,2023,6,25,Paraíba,91.33518,89.32442,PB,Paraiba,Northeast,TRUE,TRUE,mapped
202306,2023-06-01,2023,6,26,Pernambuco,100.05678,97.75106,PE,Pernambuco,Northeast,TRUE,TRUE,mapped
202306,2023-06-01,2023,6,27,Alagoas,102.44742,100.08993,AL,Alagoas,Northeast,TRUE,TRUE,mapped
202306,2023-06-01,2023,6,28,Sergipe,100.38896,99.73805,SE,Sergipe,Northeast,TRUE,TRUE,mapped
202306,2023-06-01,2023,6,29,Bahia,103.21065,104.84019,BA,Bahia,Northeast,TRUE,TRUE,mapped
202306,2023-06-01,2023,6,31,Minas Gerais,100.66408,99.47078,MG,Minas Gerais,Southeast,TRUE,TRUE,mapped
202306,2023-06-01,2023,6,32,Espírito Santo,98.24238,97.84923,ES,Espirito Santo,Southeast,TRUE,TRUE,mapped
202306,2023-06-01,2023,6,33,Rio de Janeiro,96.90195,96.49723,RJ,Rio de Janeiro,Southeast,TRUE,TRUE,mapped
202306,2023-06-01,2023,6,35,São Paulo,101.94553,97.61028,SP,Sao Paulo,Southeast,TRUE,TRUE,mapped
202306,2023-06-01,2023,6,41,Paraná,99.0149,98.01352,PR,Parana,South,TRUE,TRUE,mapped
202306,2023-06-01,2023,6,42,Santa Catarina,96.14911,94.92061,SC,Santa Catarina,South,TRUE,TRUE,mapped
202306,2023-06-01,2023,6,43,Rio Grande do Sul,99.80965,98.42739,RS,Rio Grande do Sul,South,TRUE,TRUE,mapped
202306,2023-06-01,2023,6,50,Mato Grosso do Sul,99.45497,97.97379,MS,Mato Grosso do Sul,Center-West,TRUE,TRUE,mapped
202306,2023-06-01,2023,6,51,Mato Grosso,97.07422,97.21404,MT,Mato Grosso,Center-West,TRUE,TRUE,mapped
202306,2023-06-01,2023,6,52,Goiás,98.38389,98.14869,GO,Goias,Center-West,TRUE,TRUE,mapped
202306,2023-06-01,2023,6,53,Distrito Federal,99.16148,97.71612,DF,Distrito Federal,Center-West,TRUE,TRUE,mapped
202307,2023-07-01,2023,7,11,Rondônia,102.35873,100.00231,RO,Rondonia,North,TRUE,TRUE,mapped
202307,2023-07-01,2023,7,12,Acre,111.27709,107.16474,AC,Acre,North,TRUE,TRUE,mapped
202307,2023-07-01,2023,7,13,Amazonas,103.05483,103.25935,AM,Amazonas,North,TRUE,TRUE,mapped
202307,2023-07-01,2023,7,14,Roraima,103.33929,103.37996,RR,Roraima,North,TRUE,TRUE,mapped
202307,2023-07-01,2023,7,15,Pará,102.34894,101.24286,PA,Para,North,TRUE,TRUE,mapped
202307,2023-07-01,2023,7,16,Amapá,100.73957,101.84828,AP,Amapa,North,TRUE,TRUE,mapped
202307,2023-07-01,2023,7,17,Tocantins,115.95936,115.04231,TO,Tocantins,North,TRUE,TRUE,mapped
202307,2023-07-01,2023,7,21,Maranhão,106.93379,109.99906,MA,Maranhao,Northeast,TRUE,TRUE,mapped
202307,2023-07-01,2023,7,22,Piauí,103.11034,101.3022,PI,Piaui,Northeast,TRUE,TRUE,mapped
202307,2023-07-01,2023,7,23,Ceará,116.72017,113.31731,CE,Ceara,Northeast,TRUE,TRUE,mapped
202307,2023-07-01,2023,7,24,Rio Grande do Norte,102.88476,100.95935,RN,Rio Grande do Norte,Northeast,TRUE,TRUE,mapped
202307,2023-07-01,2023,7,25,Paraíba,97.19313,95.11121,PB,Paraiba,Northeast,TRUE,TRUE,mapped
202307,2023-07-01,2023,7,26,Pernambuco,104.35325,101.90036,PE,Pernambuco,Northeast,TRUE,TRUE,mapped
202307,2023-07-01,2023,7,27,Alagoas,104.86807,102.27112,AL,Alagoas,Northeast,TRUE,TRUE,mapped
202307,2023-07-01,2023,7,28,Sergipe,102.87928,102.04152,SE,Sergipe,Northeast,TRUE,TRUE,mapped
202307,2023-07-01,2023,7,29,Bahia,104.6536,106.15333,BA,Bahia,Northeast,TRUE,TRUE,mapped
202307,2023-07-01,2023,7,31,Minas Gerais,104.68668,103.90811,MG,Minas Gerais,Southeast,TRUE,TRUE,mapped
202307,2023-07-01,2023,7,32,Espírito Santo,107.41442,107.99803,ES,Espirito Santo,Southeast,TRUE,TRUE,mapped
202307,2023-07-01,2023,7,33,Rio de Janeiro,100.29575,99.91071,RJ,Rio de Janeiro,Southeast,TRUE,TRUE,mapped
202307,2023-07-01,2023,7,35,São Paulo,103.70824,99.91393,SP,Sao Paulo,Southeast,TRUE,TRUE,mapped
202307,2023-07-01,2023,7,41,Paraná,101.4602,100.40295,PR,Parana,South,TRUE,TRUE,mapped
202307,2023-07-01,2023,7,42,Santa Catarina,100.91382,99.61732,SC,Santa Catarina,South,TRUE,TRUE,mapped
202307,2023-07-01,2023,7,43,Rio Grande do Sul,103.0038,101.43505999999999,RS,Rio Grande do Sul,South,TRUE,TRUE,mapped
202307,2023-07-01,2023,7,50,Mato Grosso do Sul,103.70068,102.64553,MS,Mato Grosso do Sul,Center-West,TRUE,TRUE,mapped
202307,2023-07-01,2023,7,51,Mato Grosso,101.17896,102.33028,MT,Mato Grosso,Center-West,TRUE,TRUE,mapped
202307,2023-07-01,2023,7,52,Goiás,100.958,101.42654,GO,Goias,Center-West,TRUE,TRUE,mapped
202307,2023-07-01,2023,7,53,Distrito Federal,99.7664,98.0921,DF,Distrito Federal,Center-West,TRUE,TRUE,mapped
202308,2023-08-01,2023,8,11,Rondônia,100.75065,98.668450000000007,RO,Rondonia,North,TRUE,TRUE,mapped
202308,2023-08-01,2023,8,12,Acre,110.18732,106.13429,AC,Acre,North,TRUE,TRUE,mapped
202308,2023-08-01,2023,8,13,Amazonas,105.98134,105.71379,AM,Amazonas,North,TRUE,TRUE,mapped
202308,2023-08-01,2023,8,14,Roraima,103.70404,103.15301,RR,Roraima,North,TRUE,TRUE,mapped
202308,2023-08-01,2023,8,15,Pará,106.42494,105.26249,PA,Para,North,TRUE,TRUE,mapped
202308,2023-08-01,2023,8,16,Amapá,100.99438,101.91622,AP,Amapa,North,TRUE,TRUE,mapped
202308,2023-08-01,2023,8,17,Tocantins,114.02102,112.99718,TO,Tocantins,North,TRUE,TRUE,mapped
202308,2023-08-01,2023,8,21,Maranhão,116.52082,118.15951,MA,Maranhao,Northeast,TRUE,TRUE,mapped
202308,2023-08-01,2023,8,22,Piauí,105.23372,103.18062,PI,Piaui,Northeast,TRUE,TRUE,mapped
202308,2023-08-01,2023,8,23,Ceará,112.29011,108.97472,CE,Ceara,Northeast,TRUE,TRUE,mapped
202308,2023-08-01,2023,8,24,Rio Grande do Norte,102.71194,100.32675,RN,Rio Grande do Norte,Northeast,TRUE,TRUE,mapped
202308,2023-08-01,2023,8,25,Paraíba,94.61075,92.50686,PB,Paraiba,Northeast,TRUE,TRUE,mapped
202308,2023-08-01,2023,8,26,Pernambuco,103.48362,100.76052,PE,Pernambuco,Northeast,TRUE,TRUE,mapped
202308,2023-08-01,2023,8,27,Alagoas,104.17229,101.86984,AL,Alagoas,Northeast,TRUE,TRUE,mapped
202308,2023-08-01,2023,8,28,Sergipe,103.56107,102.25003,SE,Sergipe,Northeast,TRUE,TRUE,mapped
202308,2023-08-01,2023,8,29,Bahia,104.14074,104.26664,BA,Bahia,Northeast,TRUE,TRUE,mapped
202308,2023-08-01,2023,8,31,Minas Gerais,107.54704,106.36512,MG,Minas Gerais,Southeast,TRUE,TRUE,mapped
202308,2023-08-01,2023,8,32,Espírito Santo,104.63223,105.32361,ES,Espirito Santo,Southeast,TRUE,TRUE,mapped
202308,2023-08-01,2023,8,33,Rio de Janeiro,99.53078,100.02409,RJ,Rio de Janeiro,Southeast,TRUE,TRUE,mapped
202308,2023-08-01,2023,8,35,São Paulo,102.76799,99.31677,SP,Sao Paulo,Southeast,TRUE,TRUE,mapped
202308,2023-08-01,2023,8,41,Paraná,104.20386,102.5387,PR,Parana,South,TRUE,TRUE,mapped
202308,2023-08-01,2023,8,42,Santa Catarina,103.74097,101.79139,SC,Santa Catarina,South,TRUE,TRUE,mapped
202308,2023-08-01,2023,8,43,Rio Grande do Sul,103.88607,103.08989,RS,Rio Grande do Sul,South,TRUE,TRUE,mapped
202308,2023-08-01,2023,8,50,Mato Grosso do Sul,105.45477,104.23716,MS,Mato Grosso do Sul,Center-West,TRUE,TRUE,mapped
202308,2023-08-01,2023,8,51,Mato Grosso,103.07202,103.79434,MT,Mato Grosso,Center-West,TRUE,TRUE,mapped
202308,2023-08-01,2023,8,52,Goiás,102.51585,102.45738,GO,Goias,Center-West,TRUE,TRUE,mapped
202308,2023-08-01,2023,8,53,Distrito Federal,102.02583,100.44589,DF,Distrito Federal,Center-West,TRUE,TRUE,mapped
202309,2023-09-01,2023,9,11,Rondônia,100.945,97.90806,RO,Rondonia,North,TRUE,TRUE,mapped
202309,2023-09-01,2023,9,12,Acre,106.13584,101.04723,AC,Acre,North,TRUE,TRUE,mapped
202309,2023-09-01,2023,9,13,Amazonas,100.93341,99.34113,AM,Amazonas,North,TRUE,TRUE,mapped
202309,2023-09-01,2023,9,14,Roraima,99.04048,97.71381,RR,Roraima,North,TRUE,TRUE,mapped
202309,2023-09-01,2023,9,15,Pará,99.601,98.13253,PA,Para,North,TRUE,TRUE,mapped
202309,2023-09-01,2023,9,16,Amapá,97.94136,97.85806,AP,Amapa,North,TRUE,TRUE,mapped
202309,2023-09-01,2023,9,17,Tocantins,110.92312,109.07104,TO,Tocantins,North,TRUE,TRUE,mapped
202309,2023-09-01,2023,9,21,Maranhão,106.02619,106.07905,MA,Maranhao,Northeast,TRUE,TRUE,mapped
202309,2023-09-01,2023,9,22,Piauí,99.69501,97.25223,PI,Piaui,Northeast,TRUE,TRUE,mapped
202309,2023-09-01,2023,9,23,Ceará,111.21215,107.90868,CE,Ceara,Northeast,TRUE,TRUE,mapped
202309,2023-09-01,2023,9,24,Rio Grande do Norte,100.44236,97.93517,RN,Rio Grande do Norte,Northeast,TRUE,TRUE,mapped
202309,2023-09-01,2023,9,25,Paraíba,92.48812,90.29585,PB,Paraiba,Northeast,TRUE,TRUE,mapped
202309,2023-09-01,2023,9,26,Pernambuco,99.57846,96.57496,PE,Pernambuco,Northeast,TRUE,TRUE,mapped
202309,2023-09-01,2023,9,27,Alagoas,101.28124,98.58875,AL,Alagoas,Northeast,TRUE,TRUE,mapped
202309,2023-09-01,2023,9,28,Sergipe,100.25524,97.85151,SE,Sergipe,Northeast,TRUE,TRUE,mapped
202309,2023-09-01,2023,9,29,Bahia,102.97598,102.37838,BA,Bahia,Northeast,TRUE,TRUE,mapped
202309,2023-09-01,2023,9,31,Minas Gerais,105.18088,103.67269,MG,Minas Gerais,Southeast,TRUE,TRUE,mapped
202309,2023-09-01,2023,9,32,Espírito Santo,99.01193,99.14881,ES,Espirito Santo,Southeast,TRUE,TRUE,mapped
202309,2023-09-01,2023,9,33,Rio de Janeiro,97.78787,98.19173,RJ,Rio de Janeiro,Southeast,TRUE,TRUE,mapped
202309,2023-09-01,2023,9,35,São Paulo,101.75435,98.89907,SP,Sao Paulo,Southeast,TRUE,TRUE,mapped
202309,2023-09-01,2023,9,41,Paraná,102.8326,100.85225,PR,Parana,South,TRUE,TRUE,mapped
202309,2023-09-01,2023,9,42,Santa Catarina,104.37188,102.12076,SC,Santa Catarina,South,TRUE,TRUE,mapped
202309,2023-09-01,2023,9,43,Rio Grande do Sul,100.56256,99.01353,RS,Rio Grande do Sul,South,TRUE,TRUE,mapped
202309,2023-09-01,2023,9,50,Mato Grosso do Sul,107.92888,105.90897,MS,Mato Grosso do Sul,Center-West,TRUE,TRUE,mapped
202309,2023-09-01,2023,9,51,Mato Grosso,105.25073,105.12096,MT,Mato Grosso,Center-West,TRUE,TRUE,mapped
202309,2023-09-01,2023,9,52,Goiás,102.9167,102.02972,GO,Goias,Center-West,TRUE,TRUE,mapped
202309,2023-09-01,2023,9,53,Distrito Federal,100.04675,98.06208,DF,Distrito Federal,Center-West,TRUE,TRUE,mapped
202310,2023-10-01,2023,10,11,Rondônia,100.94753,97.94178,RO,Rondonia,North,TRUE,TRUE,mapped
202310,2023-10-01,2023,10,12,Acre,110.7517,105.32026,AC,Acre,North,TRUE,TRUE,mapped
202310,2023-10-01,2023,10,13,Amazonas,105.54349,103.94658,AM,Amazonas,North,TRUE,TRUE,mapped
202310,2023-10-01,2023,10,14,Roraima,101.96011,100.85777,RR,Roraima,North,TRUE,TRUE,mapped
202310,2023-10-01,2023,10,15,Pará,103.37181,101.86129,PA,Para,North,TRUE,TRUE,mapped
202310,2023-10-01,2023,10,16,Amapá,101.1761,101.26205,AP,Amapa,North,TRUE,TRUE,mapped
202310,2023-10-01,2023,10,17,Tocantins,116.76605,114.4711,TO,Tocantins,North,TRUE,TRUE,mapped
202310,2023-10-01,2023,10,21,Maranhão,110.35047,111.16108,MA,Maranhao,Northeast,TRUE,TRUE,mapped
202310,2023-10-01,2023,10,22,Piauí,101.57811,99.49318,PI,Piaui,Northeast,TRUE,TRUE,mapped
202310,2023-10-01,2023,10,23,Ceará,113.40118,110.10362,CE,Ceara,Northeast,TRUE,TRUE,mapped
202310,2023-10-01,2023,10,24,Rio Grande do Norte,99.41702,97.22102,RN,Rio Grande do Norte,Northeast,TRUE,TRUE,mapped
202310,2023-10-01,2023,10,25,Paraíba,96.12006,94.31575,PB,Paraiba,Northeast,TRUE,TRUE,mapped
202310,2023-10-01,2023,10,26,Pernambuco,104.46957,101.9319,PE,Pernambuco,Northeast,TRUE,TRUE,mapped
202310,2023-10-01,2023,10,27,Alagoas,104.18513,102.17615,AL,Alagoas,Northeast,TRUE,TRUE,mapped
202310,2023-10-01,2023,10,28,Sergipe,103.20774,100.6557,SE,Sergipe,Northeast,TRUE,TRUE,mapped
202310,2023-10-01,2023,10,29,Bahia,106.11357,105.60843,BA,Bahia,Northeast,TRUE,TRUE,mapped
202310,2023-10-01,2023,10,31,Minas Gerais,106.79647,104.68461,MG,Minas Gerais,Southeast,TRUE,TRUE,mapped
202310,2023-10-01,2023,10,32,Espírito Santo,97.31196,97.3031,ES,Espirito Santo,Southeast,TRUE,TRUE,mapped
202310,2023-10-01,2023,10,33,Rio de Janeiro,97.23324,96.8825,RJ,Rio de Janeiro,Southeast,TRUE,TRUE,mapped
202310,2023-10-01,2023,10,35,São Paulo,102.96079,99.54423,SP,Sao Paulo,Southeast,TRUE,TRUE,mapped
202310,2023-10-01,2023,10,41,Paraná,102.36022,100.50549,PR,Parana,South,TRUE,TRUE,mapped
202310,2023-10-01,2023,10,42,Santa Catarina,104.23405,102.08245,SC,Santa Catarina,South,TRUE,TRUE,mapped
202310,2023-10-01,2023,10,43,Rio Grande do Sul,105.20981,104.42218,RS,Rio Grande do Sul,South,TRUE,TRUE,mapped
202310,2023-10-01,2023,10,50,Mato Grosso do Sul,108.965,106.48236,MS,Mato Grosso do Sul,Center-West,TRUE,TRUE,mapped
202310,2023-10-01,2023,10,51,Mato Grosso,109.19042,108.35866,MT,Mato Grosso,Center-West,TRUE,TRUE,mapped
202310,2023-10-01,2023,10,52,Goiás,104.65273,103.34666,GO,Goias,Center-West,TRUE,TRUE,mapped
202310,2023-10-01,2023,10,53,Distrito Federal,102.92052,100.80376,DF,Distrito Federal,Center-West,TRUE,TRUE,mapped
202311,2023-11-01,2023,11,11,Rondônia,121.15892,116.87983,RO,Rondonia,North,TRUE,TRUE,mapped
202311,2023-11-01,2023,11,12,Acre,122.27655,115.46044,AC,Acre,North,TRUE,TRUE,mapped
202311,2023-11-01,2023,11,13,Amazonas,116.30877,114.3336,AM,Amazonas,North,TRUE,TRUE,mapped
202311,2023-11-01,2023,11,14,Roraima,106.21382,104.88283,RR,Roraima,North,TRUE,TRUE,mapped
202311,2023-11-01,2023,11,15,Pará,111.16404,107.96942,PA,Para,North,TRUE,TRUE,mapped
202311,2023-11-01,2023,11,16,Amapá,109.176,109.10958,AP,Amapa,North,TRUE,TRUE,mapped
202311,2023-11-01,2023,11,17,Tocantins,120.58126,117.60032,TO,Tocantins,North,TRUE,TRUE,mapped
202311,2023-11-01,2023,11,21,Maranhão,118.19779,119.35161,MA,Maranhao,Northeast,TRUE,TRUE,mapped
202311,2023-11-01,2023,11,22,Piauí,107.30185,104.85306,PI,Piaui,Northeast,TRUE,TRUE,mapped
202311,2023-11-01,2023,11,23,Ceará,120.62681,117.01825,CE,Ceara,Northeast,TRUE,TRUE,mapped
202311,2023-11-01,2023,11,24,Rio Grande do Norte,105.94108,103.34826,RN,Rio Grande do Norte,Northeast,TRUE,TRUE,mapped
202311,2023-11-01,2023,11,25,Paraíba,114.63347,112.89806,PB,Paraiba,Northeast,TRUE,TRUE,mapped
202311,2023-11-01,2023,11,26,Pernambuco,114.29455,111.56538,PE,Pernambuco,Northeast,TRUE,TRUE,mapped
202311,2023-11-01,2023,11,27,Alagoas,111.78953,109.84401,AL,Alagoas,Northeast,TRUE,TRUE,mapped
202311,2023-11-01,2023,11,28,Sergipe,111.49591,108.86545,SE,Sergipe,Northeast,TRUE,TRUE,mapped
202311,2023-11-01,2023,11,29,Bahia,112.7389,113.25659,BA,Bahia,Northeast,TRUE,TRUE,mapped
202311,2023-11-01,2023,11,31,Minas Gerais,114.60697,111.73141,MG,Minas Gerais,Southeast,TRUE,TRUE,mapped
202311,2023-11-01,2023,11,32,Espírito Santo,119.34149,120.25596,ES,Espirito Santo,Southeast,TRUE,TRUE,mapped
202311,2023-11-01,2023,11,33,Rio de Janeiro,104.80112,103.59028,RJ,Rio de Janeiro,Southeast,TRUE,TRUE,mapped
202311,2023-11-01,2023,11,35,São Paulo,113.24919,108.86419,SP,Sao Paulo,Southeast,TRUE,TRUE,mapped
202311,2023-11-01,2023,11,41,Paraná,110.59624,107.68392,PR,Parana,South,TRUE,TRUE,mapped
202311,2023-11-01,2023,11,42,Santa Catarina,112.9406,109.94623,SC,Santa Catarina,South,TRUE,TRUE,mapped
202311,2023-11-01,2023,11,43,Rio Grande do Sul,109.75327,108.07409,RS,Rio Grande do Sul,South,TRUE,TRUE,mapped
202311,2023-11-01,2023,11,50,Mato Grosso do Sul,111.65595,108.392,MS,Mato Grosso do Sul,Center-West,TRUE,TRUE,mapped
202311,2023-11-01,2023,11,51,Mato Grosso,111.35323,110.09089,MT,Mato Grosso,Center-West,TRUE,TRUE,mapped
202311,2023-11-01,2023,11,52,Goiás,106.29111,104.16359,GO,Goias,Center-West,TRUE,TRUE,mapped
202311,2023-11-01,2023,11,53,Distrito Federal,109.61296,107.48957,DF,Distrito Federal,Center-West,TRUE,TRUE,mapped
202312,2023-12-01,2023,12,11,Rondônia,130.79053,124.55386,RO,Rondonia,North,TRUE,TRUE,mapped
202312,2023-12-01,2023,12,12,Acre,133.65367,125.46972,AC,Acre,North,TRUE,TRUE,mapped
202312,2023-12-01,2023,12,13,Amazonas,134.43473,130.81622,AM,Amazonas,North,TRUE,TRUE,mapped
202312,2023-12-01,2023,12,14,Roraima,125.32626,122.86133,RR,Roraima,North,TRUE,TRUE,mapped
202312,2023-12-01,2023,12,15,Pará,132.22505,127.9667,PA,Para,North,TRUE,TRUE,mapped
202312,2023-12-01,2023,12,16,Amapá,140.15596,138.37549,AP,Amapa,North,TRUE,TRUE,mapped
202312,2023-12-01,2023,12,17,Tocantins,135.86881,131.14248,TO,Tocantins,North,TRUE,TRUE,mapped
202312,2023-12-01,2023,12,21,Maranhão,134.55182,134.67754,MA,Maranhao,Northeast,TRUE,TRUE,mapped
202312,2023-12-01,2023,12,22,Piauí,123.41213,118.62467,PI,Piaui,Northeast,TRUE,TRUE,mapped
202312,2023-12-01,2023,12,23,Ceará,139.63611,133.41712,CE,Ceara,Northeast,TRUE,TRUE,mapped
202312,2023-12-01,2023,12,24,Rio Grande do Norte,125.48738,120.63444,RN,Rio Grande do Norte,Northeast,TRUE,TRUE,mapped
202312,2023-12-01,2023,12,25,Paraíba,121.5476,119.04991,PB,Paraiba,Northeast,TRUE,TRUE,mapped
202312,2023-12-01,2023,12,26,Pernambuco,125.16839,121.89324,PE,Pernambuco,Northeast,TRUE,TRUE,mapped
202312,2023-12-01,2023,12,27,Alagoas,132.98681,129.90993,AL,Alagoas,Northeast,TRUE,TRUE,mapped
202312,2023-12-01,2023,12,28,Sergipe,123.37263,122.08669,SE,Sergipe,Northeast,TRUE,TRUE,mapped
202312,2023-12-01,2023,12,29,Bahia,128.41041,127.63478,BA,Bahia,Northeast,TRUE,TRUE,mapped
202312,2023-12-01,2023,12,31,Minas Gerais,126.6798,121.53247,MG,Minas Gerais,Southeast,TRUE,TRUE,mapped
202312,2023-12-01,2023,12,32,Espírito Santo,117.37096,116.66925,ES,Espirito Santo,Southeast,TRUE,TRUE,mapped
202312,2023-12-01,2023,12,33,Rio de Janeiro,125.24654,121.98516,RJ,Rio de Janeiro,Southeast,TRUE,TRUE,mapped
202312,2023-12-01,2023,12,35,São Paulo,132.65453,126.31535,SP,Sao Paulo,Southeast,TRUE,TRUE,mapped
202312,2023-12-01,2023,12,41,Paraná,126.65998,122.5855,PR,Parana,South,TRUE,TRUE,mapped
202312,2023-12-01,2023,12,42,Santa Catarina,136.84497,132.72365,SC,Santa Catarina,South,TRUE,TRUE,mapped
202312,2023-12-01,2023,12,43,Rio Grande do Sul,129.53935,126.51038,RS,Rio Grande do Sul,South,TRUE,TRUE,mapped
202312,2023-12-01,2023,12,50,Mato Grosso do Sul,128.40961,123.94517,MS,Mato Grosso do Sul,Center-West,TRUE,TRUE,mapped
202312,2023-12-01,2023,12,51,Mato Grosso,122.93928,119.86816,MT,Mato Grosso,Center-West,TRUE,TRUE,mapped
202312,2023-12-01,2023,12,52,Goiás,123.12359,119.23985,GO,Goias,Center-West,TRUE,TRUE,mapped
202312,2023-12-01,2023,12,53,Distrito Federal,123.98804,119.75698,DF,Distrito Federal,Center-West,TRUE,TRUE,mapped
202401,2024-01-01,2024,1,11,Rondônia,96.23319,91.20026,RO,Rondonia,North,TRUE,TRUE,mapped
202401,2024-01-01,2024,1,12,Acre,108.05686,101.19788,AC,Acre,North,TRUE,TRUE,mapped
202401,2024-01-01,2024,1,13,Amazonas,99.30302,96.5318,AM,Amazonas,North,TRUE,TRUE,mapped
202401,2024-01-01,2024,1,14,Roraima,104.91365,101.79065,RR,Roraima,North,TRUE,TRUE,mapped
202401,2024-01-01,2024,1,15,Pará,101.53452,97.32166,PA,Para,North,TRUE,TRUE,mapped
202401,2024-01-01,2024,1,16,Amapá,105.95622,104.06516,AP,Amapa,North,TRUE,TRUE,mapped
202401,2024-01-01,2024,1,17,Tocantins,112.76753,107.912,TO,Tocantins,North,TRUE,TRUE,mapped
202401,2024-01-01,2024,1,21,Maranhão,109.31159,108.69191,MA,Maranhao,Northeast,TRUE,TRUE,mapped
202401,2024-01-01,2024,1,22,Piauí,105.16676,100.5952,PI,Piaui,Northeast,TRUE,TRUE,mapped
202401,2024-01-01,2024,1,23,Ceará,115.52159,109.94186,CE,Ceara,Northeast,TRUE,TRUE,mapped
202401,2024-01-01,2024,1,24,Rio Grande do Norte,104.94109,100.279,RN,Rio Grande do Norte,Northeast,TRUE,TRUE,mapped
202401,2024-01-01,2024,1,25,Paraíba,104.42336,102.00424,PB,Paraiba,Northeast,TRUE,TRUE,mapped
202401,2024-01-01,2024,1,26,Pernambuco,101.62293,98.69209,PE,Pernambuco,Northeast,TRUE,TRUE,mapped
202401,2024-01-01,2024,1,27,Alagoas,109.41772,106.83742,AL,Alagoas,Northeast,TRUE,TRUE,mapped
202401,2024-01-01,2024,1,28,Sergipe,106.13612,104.33699,SE,Sergipe,Northeast,TRUE,TRUE,mapped
202401,2024-01-01,2024,1,29,Bahia,109.47626,108.3203,BA,Bahia,Northeast,TRUE,TRUE,mapped
202401,2024-01-01,2024,1,31,Minas Gerais,102.80474,97.552,MG,Minas Gerais,Southeast,TRUE,TRUE,mapped
202401,2024-01-01,2024,1,32,Espírito Santo,100.34355,99.47647,ES,Espirito Santo,Southeast,TRUE,TRUE,mapped
202401,2024-01-01,2024,1,33,Rio de Janeiro,100.18011,97.17822,RJ,Rio de Janeiro,Southeast,TRUE,TRUE,mapped
202401,2024-01-01,2024,1,35,São Paulo,103.43101,98.17349,SP,Sao Paulo,Southeast,TRUE,TRUE,mapped
202401,2024-01-01,2024,1,41,Paraná,100.7057,97.27372,PR,Parana,South,TRUE,TRUE,mapped
202401,2024-01-01,2024,1,42,Santa Catarina,109.00391,105.47745,SC,Santa Catarina,South,TRUE,TRUE,mapped
202401,2024-01-01,2024,1,43,Rio Grande do Sul,102.09209,100.0695,RS,Rio Grande do Sul,South,TRUE,TRUE,mapped
202401,2024-01-01,2024,1,50,Mato Grosso do Sul,104.65797,100.76363,MS,Mato Grosso do Sul,Center-West,TRUE,TRUE,mapped
202401,2024-01-01,2024,1,51,Mato Grosso,103.45534,100.01803,MT,Mato Grosso,Center-West,TRUE,TRUE,mapped
202401,2024-01-01,2024,1,52,Goiás,101.5366,97.59293,GO,Goias,Center-West,TRUE,TRUE,mapped
202401,2024-01-01,2024,1,53,Distrito Federal,96.30304,93.22732,DF,Distrito Federal,Center-West,TRUE,TRUE,mapped
202402,2024-02-01,2024,2,11,Rondônia,93.23886,87.835,RO,Rondonia,North,TRUE,TRUE,mapped
202402,2024-02-01,2024,2,12,Acre,104.12445,96.84338,AC,Acre,North,TRUE,TRUE,mapped
202402,2024-02-01,2024,2,13,Amazonas,96.27391,93.14684,AM,Amazonas,North,TRUE,TRUE,mapped
202402,2024-02-01,2024,2,14,Roraima,101.55693,98.10312,RR,Roraima,North,TRUE,TRUE,mapped
202402,2024-02-01,2024,2,15,Pará,102.01539,97.28902,PA,Para,North,TRUE,TRUE,mapped
202402,2024-02-01,2024,2,16,Amapá,104.92035,102.16246,AP,Amapa,North,TRUE,TRUE,mapped
202402,2024-02-01,2024,2,17,Tocantins,110.29828,105.67166,TO,Tocantins,North,TRUE,TRUE,mapped
202402,2024-02-01,2024,2,21,Maranhão,109.20603,108.38469,MA,Maranhao,Northeast,TRUE,TRUE,mapped
202402,2024-02-01,2024,2,22,Piauí,97.87095,92.60834,PI,Piaui,Northeast,TRUE,TRUE,mapped
202402,2024-02-01,2024,2,23,Ceará,106.288,100.41245,CE,Ceara,Northeast,TRUE,TRUE,mapped
202402,2024-02-01,2024,2,24,Rio Grande do Norte,98.71643,93.64577,RN,Rio Grande do Norte,Northeast,TRUE,TRUE,mapped
202402,2024-02-01,2024,2,25,Paraíba,98.7964,95.73035,PB,Paraiba,Northeast,TRUE,TRUE,mapped
202402,2024-02-01,2024,2,26,Pernambuco,96.53755,93.18795,PE,Pernambuco,Northeast,TRUE,TRUE,mapped
202402,2024-02-01,2024,2,27,Alagoas,101.53618,98.17978,AL,Alagoas,Northeast,TRUE,TRUE,mapped
202402,2024-02-01,2024,2,28,Sergipe,99.25871,95.7588,SE,Sergipe,Northeast,TRUE,TRUE,mapped
202402,2024-02-01,2024,2,29,Bahia,103.29408,100.89,BA,Bahia,Northeast,TRUE,TRUE,mapped
202402,2024-02-01,2024,2,31,Minas Gerais,100.54776,94.68212,MG,Minas Gerais,Southeast,TRUE,TRUE,mapped
202402,2024-02-01,2024,2,32,Espírito Santo,93.98696,92.13706,ES,Espirito Santo,Southeast,TRUE,TRUE,mapped
202402,2024-02-01,2024,2,33,Rio de Janeiro,99.50488,94.93483,RJ,Rio de Janeiro,Southeast,TRUE,TRUE,mapped
202402,2024-02-01,2024,2,35,São Paulo,100.96604,95.04858,SP,Sao Paulo,Southeast,TRUE,TRUE,mapped
202402,2024-02-01,2024,2,41,Paraná,98.0844,94.07476,PR,Parana,South,TRUE,TRUE,mapped
202402,2024-02-01,2024,2,42,Santa Catarina,102.05497,98.34669,SC,Santa Catarina,South,TRUE,TRUE,mapped
202402,2024-02-01,2024,2,43,Rio Grande do Sul,99.07326,96.47721,RS,Rio Grande do Sul,South,TRUE,TRUE,mapped
202402,2024-02-01,2024,2,50,Mato Grosso do Sul,104.90476,100.34169,MS,Mato Grosso do Sul,Center-West,TRUE,TRUE,mapped
202402,2024-02-01,2024,2,51,Mato Grosso,106.05541,102.55563,MT,Mato Grosso,Center-West,TRUE,TRUE,mapped
202402,2024-02-01,2024,2,52,Goiás,96.36982,92.61606,GO,Goias,Center-West,TRUE,TRUE,mapped
202402,2024-02-01,2024,2,53,Distrito Federal,94.50686,90.74324,DF,Distrito Federal,Center-West,TRUE,TRUE,mapped
202403,2024-03-01,2024,3,11,Rondônia,100.77383,94.51666,RO,Rondonia,North,TRUE,TRUE,mapped
202403,2024-03-01,2024,3,12,Acre,113.20169,105.03144,AC,Acre,North,TRUE,TRUE,mapped
202403,2024-03-01,2024,3,13,Amazonas,107.64789,103.71136,AM,Amazonas,North,TRUE,TRUE,mapped
202403,2024-03-01,2024,3,14,Roraima,110.3038,105.49683,RR,Roraima,North,TRUE,TRUE,mapped
202403,2024-03-01,2024,3,15,Pará,105.96071,100.26775,PA,Para,North,TRUE,TRUE,mapped
202403,2024-03-01,2024,3,16,Amapá,113.07209,109.25307,AP,Amapa,North,TRUE,TRUE,mapped
202403,2024-03-01,2024,3,17,Tocantins,121.54409,115.94327,TO,Tocantins,North,TRUE,TRUE,mapped
202403,2024-03-01,2024,3,21,Maranhão,114.43887,112.44936,MA,Maranhao,Northeast,TRUE,TRUE,mapped
202403,2024-03-01,2024,3,22,Piauí,102.50283,96.76249,PI,Piaui,Northeast,TRUE,TRUE,mapped
202403,2024-03-01,2024,3,23,Ceará,117.53249,110.64478,CE,Ceara,Northeast,TRUE,TRUE,mapped
202403,2024-03-01,2024,3,24,Rio Grande do Norte,108.98049,102.85117,RN,Rio Grande do Norte,Northeast,TRUE,TRUE,mapped
202403,2024-03-01,2024,3,25,Paraíba,104.93674,101.41142,PB,Paraiba,Northeast,TRUE,TRUE,mapped
202403,2024-03-01,2024,3,26,Pernambuco,108.91299,104.27249,PE,Pernambuco,Northeast,TRUE,TRUE,mapped
202403,2024-03-01,2024,3,27,Alagoas,111.26122,106.73587,AL,Alagoas,Northeast,TRUE,TRUE,mapped
202403,2024-03-01,2024,3,28,Sergipe,110.69804,106.17848,SE,Sergipe,Northeast,TRUE,TRUE,mapped
202403,2024-03-01,2024,3,29,Bahia,116.72856,113.91881,BA,Bahia,Northeast,TRUE,TRUE,mapped
202403,2024-03-01,2024,3,31,Minas Gerais,111.12936,104.70914,MG,Minas Gerais,Southeast,TRUE,TRUE,mapped
202403,2024-03-01,2024,3,32,Espírito Santo,104.90996,102.59513,ES,Espirito Santo,Southeast,TRUE,TRUE,mapped
202403,2024-03-01,2024,3,33,Rio de Janeiro,107.61726,102.44359,RJ,Rio de Janeiro,Southeast,TRUE,TRUE,mapped
202403,2024-03-01,2024,3,35,São Paulo,111.76043,104.69512,SP,Sao Paulo,Southeast,TRUE,TRUE,mapped
202403,2024-03-01,2024,3,41,Paraná,109.92809,105.16845000000001,PR,Parana,South,TRUE,TRUE,mapped
202403,2024-03-01,2024,3,42,Santa Catarina,109.96815,105.73783,SC,Santa Catarina,South,TRUE,TRUE,mapped
202403,2024-03-01,2024,3,43,Rio Grande do Sul,112.88292,110.02984,RS,Rio Grande do Sul,South,TRUE,TRUE,mapped
202403,2024-03-01,2024,3,50,Mato Grosso do Sul,112.50722,107.84905,MS,Mato Grosso do Sul,Center-West,TRUE,TRUE,mapped
202403,2024-03-01,2024,3,51,Mato Grosso,102.99035,99.25624,MT,Mato Grosso,Center-West,TRUE,TRUE,mapped
202403,2024-03-01,2024,3,52,Goiás,110.46414,105.74815,GO,Goias,Center-West,TRUE,TRUE,mapped
202403,2024-03-01,2024,3,53,Distrito Federal,109.32461,104.92791,DF,Distrito Federal,Center-West,TRUE,TRUE,mapped
202404,2024-04-01,2024,4,11,Rondônia,104.26029,97.2846,RO,Rondonia,North,TRUE,TRUE,mapped
202404,2024-04-01,2024,4,12,Acre,114.08299,105.64871,AC,Acre,North,TRUE,TRUE,mapped
202404,2024-04-01,2024,4,13,Amazonas,104.57452,100.02594,AM,Amazonas,North,TRUE,TRUE,mapped
202404,2024-04-01,2024,4,14,Roraima,112.72753,106.91969,RR,Roraima,North,TRUE,TRUE,mapped
202404,2024-04-01,2024,4,15,Pará,102.63865,96.5959,PA,Para,North,TRUE,TRUE,mapped
202404,2024-04-01,2024,4,16,Amapá,118.52698,113.22529,AP,Amapa,North,TRUE,TRUE,mapped
202404,2024-04-01,2024,4,17,Tocantins,122.62463,116.18609,TO,Tocantins,North,TRUE,TRUE,mapped
202404,2024-04-01,2024,4,21,Maranhão,111.30665,109.0143,MA,Maranhao,Northeast,TRUE,TRUE,mapped
202404,2024-04-01,2024,4,22,Piauí,107.24225,101.19622,PI,Piaui,Northeast,TRUE,TRUE,mapped
202404,2024-04-01,2024,4,23,Ceará,116.01382,108.90752,CE,Ceara,Northeast,TRUE,TRUE,mapped
202404,2024-04-01,2024,4,24,Rio Grande do Norte,105.18959,99.10522,RN,Rio Grande do Norte,Northeast,TRUE,TRUE,mapped
202404,2024-04-01,2024,4,25,Paraíba,100.72922,96.3807,PB,Paraiba,Northeast,TRUE,TRUE,mapped
202404,2024-04-01,2024,4,26,Pernambuco,104.46353,98.94177,PE,Pernambuco,Northeast,TRUE,TRUE,mapped
202404,2024-04-01,2024,4,27,Alagoas,107.47429,102.13389,AL,Alagoas,Northeast,TRUE,TRUE,mapped
202404,2024-04-01,2024,4,28,Sergipe,106.35465,100.96384,SE,Sergipe,Northeast,TRUE,TRUE,mapped
202404,2024-04-01,2024,4,29,Bahia,110.56328,106.95061,BA,Bahia,Northeast,TRUE,TRUE,mapped
202404,2024-04-01,2024,4,31,Minas Gerais,107.32429,100.84985,MG,Minas Gerais,Southeast,TRUE,TRUE,mapped
202404,2024-04-01,2024,4,32,Espírito Santo,100.74745,98.21213,ES,Espirito Santo,Southeast,TRUE,TRUE,mapped
202404,2024-04-01,2024,4,33,Rio de Janeiro,100.64651,95.68045,RJ,Rio de Janeiro,Southeast,TRUE,TRUE,mapped
202404,2024-04-01,2024,4,35,São Paulo,104.15838,96.83909,SP,Sao Paulo,Southeast,TRUE,TRUE,mapped
202404,2024-04-01,2024,4,41,Paraná,103.25563,98.20931,PR,Parana,South,TRUE,TRUE,mapped
202404,2024-04-01,2024,4,42,Santa Catarina,100.38703,95.83426,SC,Santa Catarina,South,TRUE,TRUE,mapped
202404,2024-04-01,2024,4,43,Rio Grande do Sul,105.22173,101.44213,RS,Rio Grande do Sul,South,TRUE,TRUE,mapped
202404,2024-04-01,2024,4,50,Mato Grosso do Sul,106.81307,101.79168,MS,Mato Grosso do Sul,Center-West,TRUE,TRUE,mapped
202404,2024-04-01,2024,4,51,Mato Grosso,101.17049,97.12804,MT,Mato Grosso,Center-West,TRUE,TRUE,mapped
202404,2024-04-01,2024,4,52,Goiás,103.11824,98.42236,GO,Goias,Center-West,TRUE,TRUE,mapped
202404,2024-04-01,2024,4,53,Distrito Federal,103.32476,98.11631,DF,Distrito Federal,Center-West,TRUE,TRUE,mapped
202405,2024-05-01,2024,5,11,Rondônia,114.60788,106.8638,RO,Rondonia,North,TRUE,TRUE,mapped
202405,2024-05-01,2024,5,12,Acre,122.62022,113.1631,AC,Acre,North,TRUE,TRUE,mapped
202405,2024-05-01,2024,5,13,Amazonas,114.78802,109.71303,AM,Amazonas,North,TRUE,TRUE,mapped
202405,2024-05-01,2024,5,14,Roraima,112.37554,107.11264,RR,Roraima,North,TRUE,TRUE,mapped
202405,2024-05-01,2024,5,15,Pará,111.43485,104.78115,PA,Para,North,TRUE,TRUE,mapped
202405,2024-05-01,2024,5,16,Amapá,130.02215,124.98981,AP,Amapa,North,TRUE,TRUE,mapped
202405,2024-05-01,2024,5,17,Tocantins,133.0889,126.28398,TO,Tocantins,North,TRUE,TRUE,mapped
202405,2024-05-01,2024,5,21,Maranhão,126.97297,122.341,MA,Maranhao,Northeast,TRUE,TRUE,mapped
202405,2024-05-01,2024,5,22,Piauí,113.95533,106.3801,PI,Piaui,Northeast,TRUE,TRUE,mapped
202405,2024-05-01,2024,5,23,Ceará,128.93066,119.71462,CE,Ceara,Northeast,TRUE,TRUE,mapped
202405,2024-05-01,2024,5,24,Rio Grande do Norte,111.75975,104.34659,RN,Rio Grande do Norte,Northeast,TRUE,TRUE,mapped
202405,2024-05-01,2024,5,25,Paraíba,109.85012,104.61778,PB,Paraiba,Northeast,TRUE,TRUE,mapped
202405,2024-05-01,2024,5,26,Pernambuco,112.14417,105.40214,PE,Pernambuco,Northeast,TRUE,TRUE,mapped
202405,2024-05-01,2024,5,27,Alagoas,116.08621,109.45407,AL,Alagoas,Northeast,TRUE,TRUE,mapped
202405,2024-05-01,2024,5,28,Sergipe,113.86643,106.68,SE,Sergipe,Northeast,TRUE,TRUE,mapped
202405,2024-05-01,2024,5,29,Bahia,118.84557,113.74681,BA,Bahia,Northeast,TRUE,TRUE,mapped
202405,2024-05-01,2024,5,31,Minas Gerais,116.65531,109.02358,MG,Minas Gerais,Southeast,TRUE,TRUE,mapped
202405,2024-05-01,2024,5,32,Espírito Santo,103.85985,100.26944,ES,Espirito Santo,Southeast,TRUE,TRUE,mapped
202405,2024-05-01,2024,5,33,Rio de Janeiro,106.43338,100.41353,RJ,Rio de Janeiro,Southeast,TRUE,TRUE,mapped
202405,2024-05-01,2024,5,35,São Paulo,114.81239,106.25908,SP,Sao Paulo,Southeast,TRUE,TRUE,mapped
202405,2024-05-01,2024,5,41,Paraná,110.45579,104.41635,PR,Parana,South,TRUE,TRUE,mapped
202405,2024-05-01,2024,5,42,Santa Catarina,108.38391,102.75694,SC,Santa Catarina,South,TRUE,TRUE,mapped
202405,2024-05-01,2024,5,43,Rio Grande do Sul,115.09512,108.95609,RS,Rio Grande do Sul,South,TRUE,TRUE,mapped
202405,2024-05-01,2024,5,50,Mato Grosso do Sul,114.33497,107.88912,MS,Mato Grosso do Sul,Center-West,TRUE,TRUE,mapped
202405,2024-05-01,2024,5,51,Mato Grosso,108.28164,103.9545,MT,Mato Grosso,Center-West,TRUE,TRUE,mapped
202405,2024-05-01,2024,5,52,Goiás,111.33258,105.9575,GO,Goias,Center-West,TRUE,TRUE,mapped
202405,2024-05-01,2024,5,53,Distrito Federal,109.50694,103.7552,DF,Distrito Federal,Center-West,TRUE,TRUE,mapped
202406,2024-06-01,2024,6,11,Rondônia,107.19505,100.22918,RO,Rondonia,North,TRUE,TRUE,mapped
202406,2024-06-01,2024,6,12,Acre,114.49606,105.6489,AC,Acre,North,TRUE,TRUE,mapped
202406,2024-06-01,2024,6,13,Amazonas,108.09444,103.51444,AM,Amazonas,North,TRUE,TRUE,mapped
202406,2024-06-01,2024,6,14,Roraima,104.67474,100.15208,RR,Roraima,North,TRUE,TRUE,mapped
202406,2024-06-01,2024,6,15,Pará,105.26178,99.27784,PA,Para,North,TRUE,TRUE,mapped
202406,2024-06-01,2024,6,16,Amapá,125.67343,121.00077,AP,Amapa,North,TRUE,TRUE,mapped
202406,2024-06-01,2024,6,17,Tocantins,125.72073,118.31895,TO,Tocantins,North,TRUE,TRUE,mapped
202406,2024-06-01,2024,6,21,Maranhão,117.1683,113.37645,MA,Maranhao,Northeast,TRUE,TRUE,mapped
202406,2024-06-01,2024,6,22,Piauí,109.49949,102.51498,PI,Piaui,Northeast,TRUE,TRUE,mapped
202406,2024-06-01,2024,6,23,Ceará,121.86795,112.95468,CE,Ceara,Northeast,TRUE,TRUE,mapped
202406,2024-06-01,2024,6,24,Rio Grande do Norte,107.60862,100.34612,RN,Rio Grande do Norte,Northeast,TRUE,TRUE,mapped
202406,2024-06-01,2024,6,25,Paraíba,108.51373,103.63858,PB,Paraiba,Northeast,TRUE,TRUE,mapped
202406,2024-06-01,2024,6,26,Pernambuco,106.67499,100.44269,PE,Pernambuco,Northeast,TRUE,TRUE,mapped
202406,2024-06-01,2024,6,27,Alagoas,109.24892,103.16369,AL,Alagoas,Northeast,TRUE,TRUE,mapped
202406,2024-06-01,2024,6,28,Sergipe,107.45953,100.75673,SE,Sergipe,Northeast,TRUE,TRUE,mapped
202406,2024-06-01,2024,6,29,Bahia,111.09663,106.32377,BA,Bahia,Northeast,TRUE,TRUE,mapped
202406,2024-06-01,2024,6,31,Minas Gerais,110.20283,102.59973,MG,Minas Gerais,Southeast,TRUE,TRUE,mapped
202406,2024-06-01,2024,6,32,Espírito Santo,100.40779,95.97301,ES,Espirito Santo,Southeast,TRUE,TRUE,mapped
202406,2024-06-01,2024,6,33,Rio de Janeiro,101.87763,95.45253,RJ,Rio de Janeiro,Southeast,TRUE,TRUE,mapped
202406,2024-06-01,2024,6,35,São Paulo,109.68344,100.83275,SP,Sao Paulo,Southeast,TRUE,TRUE,mapped
202406,2024-06-01,2024,6,41,Paraná,105.79336,99.49979,PR,Parana,South,TRUE,TRUE,mapped
202406,2024-06-01,2024,6,42,Santa Catarina,104.63886,98.74084,SC,Santa Catarina,South,TRUE,TRUE,mapped
202406,2024-06-01,2024,6,43,Rio Grande do Sul,114.67023,108.89544,RS,Rio Grande do Sul,South,TRUE,TRUE,mapped
202406,2024-06-01,2024,6,50,Mato Grosso do Sul,109.14151,102.81197,MS,Mato Grosso do Sul,Center-West,TRUE,TRUE,mapped
202406,2024-06-01,2024,6,51,Mato Grosso,103.03897,98.28995,MT,Mato Grosso,Center-West,TRUE,TRUE,mapped
202406,2024-06-01,2024,6,52,Goiás,108.23518,102.35748,GO,Goias,Center-West,TRUE,TRUE,mapped
202406,2024-06-01,2024,6,53,Distrito Federal,106.84027,100.52627,DF,Distrito Federal,Center-West,TRUE,TRUE,mapped
202407,2024-07-01,2024,7,11,Rondônia,113.72563,105.34356,RO,Rondonia,North,TRUE,TRUE,mapped
202407,2024-07-01,2024,7,12,Acre,121.81806,111.75392,AC,Acre,North,TRUE,TRUE,mapped
202407,2024-07-01,2024,7,13,Amazonas,113.11689,108.07147,AM,Amazonas,North,TRUE,TRUE,mapped
202407,2024-07-01,2024,7,14,Roraima,109.32686,104.7781,RR,Roraima,North,TRUE,TRUE,mapped
202407,2024-07-01,2024,7,15,Pará,109.31595,103.24864,PA,Para,North,TRUE,TRUE,mapped
202407,2024-07-01,2024,7,16,Amapá,130.32859,125.11222,AP,Amapa,North,TRUE,TRUE,mapped
202407,2024-07-01,2024,7,17,Tocantins,142.66473,134.62741,TO,Tocantins,North,TRUE,TRUE,mapped
202407,2024-07-01,2024,7,21,Maranhão,119.69446,115.44239,MA,Maranhao,Northeast,TRUE,TRUE,mapped
202407,2024-07-01,2024,7,22,Piauí,114.67895,107.01708000000001,PI,Piaui,Northeast,TRUE,TRUE,mapped
202407,2024-07-01,2024,7,23,Ceará,127.53069,118.31373,CE,Ceara,Northeast,TRUE,TRUE,mapped
202407,2024-07-01,2024,7,24,Rio Grande do Norte,111.06546,103.8519,RN,Rio Grande do Norte,Northeast,TRUE,TRUE,mapped
202407,2024-07-01,2024,7,25,Paraíba,116.39329,111.70561,PB,Paraiba,Northeast,TRUE,TRUE,mapped
202407,2024-07-01,2024,7,26,Pernambuco,113.23354,106.88702,PE,Pernambuco,Northeast,TRUE,TRUE,mapped
202407,2024-07-01,2024,7,27,Alagoas,113.47298,107.70485,AL,Alagoas,Northeast,TRUE,TRUE,mapped
202407,2024-07-01,2024,7,28,Sergipe,111.24494,104.91612,SE,Sergipe,Northeast,TRUE,TRUE,mapped
202407,2024-07-01,2024,7,29,Bahia,112.69992,108.37778,BA,Bahia,Northeast,TRUE,TRUE,mapped
202407,2024-07-01,2024,7,31,Minas Gerais,114.55174,107.54714,MG,Minas Gerais,Southeast,TRUE,TRUE,mapped
202407,2024-07-01,2024,7,32,Espírito Santo,106.25774,102.44965,ES,Espirito Santo,Southeast,TRUE,TRUE,mapped
202407,2024-07-01,2024,7,33,Rio de Janeiro,105.90944,99.658,RJ,Rio de Janeiro,Southeast,TRUE,TRUE,mapped
202407,2024-07-01,2024,7,35,São Paulo,112.57307,103.98915,SP,Sao Paulo,Southeast,TRUE,TRUE,mapped
202407,2024-07-01,2024,7,41,Paraná,109.20165,103.49237,PR,Parana,South,TRUE,TRUE,mapped
202407,2024-07-01,2024,7,42,Santa Catarina,109.14035,103.58374,SC,Santa Catarina,South,TRUE,TRUE,mapped
202407,2024-07-01,2024,7,43,Rio Grande do Sul,116.28026,110.98104,RS,Rio Grande do Sul,South,TRUE,TRUE,mapped
202407,2024-07-01,2024,7,50,Mato Grosso do Sul,112.21131,106.24716,MS,Mato Grosso do Sul,Center-West,TRUE,TRUE,mapped
202407,2024-07-01,2024,7,51,Mato Grosso,108.8249,104.08532,MT,Mato Grosso,Center-West,TRUE,TRUE,mapped
202407,2024-07-01,2024,7,52,Goiás,113.70349,107.81096,GO,Goias,Center-West,TRUE,TRUE,mapped
202407,2024-07-01,2024,7,53,Distrito Federal,109.37946,103.76423,DF,Distrito Federal,Center-West,TRUE,TRUE,mapped
202408,2024-08-01,2024,8,11,Rondônia,110.46463,102.01925,RO,Rondonia,North,TRUE,TRUE,mapped
202408,2024-08-01,2024,8,12,Acre,120.38498,110.51178,AC,Acre,North,TRUE,TRUE,mapped
202408,2024-08-01,2024,8,13,Amazonas,115.80521,110.55353,AM,Amazonas,North,TRUE,TRUE,mapped
202408,2024-08-01,2024,8,14,Roraima,114.50931,109.9805,RR,Roraima,North,TRUE,TRUE,mapped
202408,2024-08-01,2024,8,15,Pará,117.07649,110.90149,PA,Para,North,TRUE,TRUE,mapped
202408,2024-08-01,2024,8,16,Amapá,130.01697,125.11169,AP,Amapa,North,TRUE,TRUE,mapped
202408,2024-08-01,2024,8,17,Tocantins,135.35683,128.86945,TO,Tocantins,North,TRUE,TRUE,mapped
202408,2024-08-01,2024,8,21,Maranhão,129.59754,125.41493,MA,Maranhao,Northeast,TRUE,TRUE,mapped
202408,2024-08-01,2024,8,22,Piauí,116.19561,109.90285,PI,Piaui,Northeast,TRUE,TRUE,mapped
202408,2024-08-01,2024,8,23,Ceará,127.17986,118.62806,CE,Ceara,Northeast,TRUE,TRUE,mapped
202408,2024-08-01,2024,8,24,Rio Grande do Norte,113.0167,106.13852,RN,Rio Grande do Norte,Northeast,TRUE,TRUE,mapped
202408,2024-08-01,2024,8,25,Paraíba,114.92095,110.5409,PB,Paraiba,Northeast,TRUE,TRUE,mapped
202408,2024-08-01,2024,8,26,Pernambuco,111.92315,105.96701,PE,Pernambuco,Northeast,TRUE,TRUE,mapped
202408,2024-08-01,2024,8,27,Alagoas,115.80934,110.19465,AL,Alagoas,Northeast,TRUE,TRUE,mapped
202408,2024-08-01,2024,8,28,Sergipe,112.43668,107.04974,SE,Sergipe,Northeast,TRUE,TRUE,mapped
202408,2024-08-01,2024,8,29,Bahia,116.23223,112.0643,BA,Bahia,Northeast,TRUE,TRUE,mapped
202408,2024-08-01,2024,8,31,Minas Gerais,115.89934,108.58279,MG,Minas Gerais,Southeast,TRUE,TRUE,mapped
202408,2024-08-01,2024,8,32,Espírito Santo,106.7453,102.69589,ES,Espirito Santo,Southeast,TRUE,TRUE,mapped
202408,2024-08-01,2024,8,33,Rio de Janeiro,105.778,100.08735,RJ,Rio de Janeiro,Southeast,TRUE,TRUE,mapped
202408,2024-08-01,2024,8,35,São Paulo,113.00567,104.41084,SP,Sao Paulo,Southeast,TRUE,TRUE,mapped
202408,2024-08-01,2024,8,41,Paraná,110.86854,105.61873,PR,Parana,South,TRUE,TRUE,mapped
202408,2024-08-01,2024,8,42,Santa Catarina,113.2033,107.61102,SC,Santa Catarina,South,TRUE,TRUE,mapped
202408,2024-08-01,2024,8,43,Rio Grande do Sul,115.59505,110.57564,RS,Rio Grande do Sul,South,TRUE,TRUE,mapped
202408,2024-08-01,2024,8,50,Mato Grosso do Sul,113.48524,107.52216,MS,Mato Grosso do Sul,Center-West,TRUE,TRUE,mapped
202408,2024-08-01,2024,8,51,Mato Grosso,111.1224,107.30313,MT,Mato Grosso,Center-West,TRUE,TRUE,mapped
202408,2024-08-01,2024,8,52,Goiás,113.53061,108.86286,GO,Goias,Center-West,TRUE,TRUE,mapped
202408,2024-08-01,2024,8,53,Distrito Federal,111.00592,105.03536,DF,Distrito Federal,Center-West,TRUE,TRUE,mapped
202409,2024-09-01,2024,9,11,Rondônia,105.14757,96.95968,RO,Rondonia,North,TRUE,TRUE,mapped
202409,2024-09-01,2024,9,12,Acre,116.20024,106.30415,AC,Acre,North,TRUE,TRUE,mapped
202409,2024-09-01,2024,9,13,Amazonas,111.44563,106.576,AM,Amazonas,North,TRUE,TRUE,mapped
202409,2024-09-01,2024,9,14,Roraima,112.39204,108.46017,RR,Roraima,North,TRUE,TRUE,mapped
202409,2024-09-01,2024,9,15,Pará,106.98872,101.54379,PA,Para,North,TRUE,TRUE,mapped
202409,2024-09-01,2024,9,16,Amapá,114.98524,111.22568,AP,Amapa,North,TRUE,TRUE,mapped
202409,2024-09-01,2024,9,17,Tocantins,124.16177,116.25327,TO,Tocantins,North,TRUE,TRUE,mapped
202409,2024-09-01,2024,9,21,Maranhão,112.27106,108.91405,MA,Maranhao,Northeast,TRUE,TRUE,mapped
202409,2024-09-01,2024,9,22,Piauí,111.32287,105.74205,PI,Piaui,Northeast,TRUE,TRUE,mapped
202409,2024-09-01,2024,9,23,Ceará,119.36449,111.23312,CE,Ceara,Northeast,TRUE,TRUE,mapped
202409,2024-09-01,2024,9,24,Rio Grande do Norte,108.08747,101.28303,RN,Rio Grande do Norte,Northeast,TRUE,TRUE,mapped
202409,2024-09-01,2024,9,25,Paraíba,105.75391,101.78385,PB,Paraiba,Northeast,TRUE,TRUE,mapped
202409,2024-09-01,2024,9,26,Pernambuco,106.56748,101.1892,PE,Pernambuco,Northeast,TRUE,TRUE,mapped
202409,2024-09-01,2024,9,27,Alagoas,110.70947,105.65899,AL,Alagoas,Northeast,TRUE,TRUE,mapped
202409,2024-09-01,2024,9,28,Sergipe,108.124,104.06739,SE,Sergipe,Northeast,TRUE,TRUE,mapped
202409,2024-09-01,2024,9,29,Bahia,110.19681,106.73234,BA,Bahia,Northeast,TRUE,TRUE,mapped
202409,2024-09-01,2024,9,31,Minas Gerais,110.45503,103.13635,MG,Minas Gerais,Southeast,TRUE,TRUE,mapped
202409,2024-09-01,2024,9,32,Espírito Santo,102.52215,98.92852,ES,Espirito Santo,Southeast,TRUE,TRUE,mapped
202409,2024-09-01,2024,9,33,Rio de Janeiro,103.33506,97.49786,RJ,Rio de Janeiro,Southeast,TRUE,TRUE,mapped
202409,2024-09-01,2024,9,35,São Paulo,108.28353,99.62907,SP,Sao Paulo,Southeast,TRUE,TRUE,mapped
202409,2024-09-01,2024,9,41,Paraná,107.66336,101.57351,PR,Parana,South,TRUE,TRUE,mapped
202409,2024-09-01,2024,9,42,Santa Catarina,108.67077,102.33285,SC,Santa Catarina,South,TRUE,TRUE,mapped
202409,2024-09-01,2024,9,43,Rio Grande do Sul,109.06604,104.40371,RS,Rio Grande do Sul,South,TRUE,TRUE,mapped
202409,2024-09-01,2024,9,50,Mato Grosso do Sul,111.26311,104.8195,MS,Mato Grosso do Sul,Center-West,TRUE,TRUE,mapped
202409,2024-09-01,2024,9,51,Mato Grosso,108.11174,103.05063,MT,Mato Grosso,Center-West,TRUE,TRUE,mapped
202409,2024-09-01,2024,9,52,Goiás,109.16429,102.93047,GO,Goias,Center-West,TRUE,TRUE,mapped
202409,2024-09-01,2024,9,53,Distrito Federal,107.29789,101.48735,DF,Distrito Federal,Center-West,TRUE,TRUE,mapped
202410,2024-10-01,2024,10,11,Rondônia,111.51047,101.91503,RO,Rondonia,North,TRUE,TRUE,mapped
202410,2024-10-01,2024,10,12,Acre,124.1568,112.58401,AC,Acre,North,TRUE,TRUE,mapped
202410,2024-10-01,2024,10,13,Amazonas,115.62195,109.83079,AM,Amazonas,North,TRUE,TRUE,mapped
202410,2024-10-01,2024,10,14,Roraima,124.81797,119.10339,RR,Roraima,North,TRUE,TRUE,mapped
202410,2024-10-01,2024,10,15,Pará,116.13992,109.12541,PA,Para,North,TRUE,TRUE,mapped
202410,2024-10-01,2024,10,16,Amapá,124.25261,119.06706,AP,Amapa,North,TRUE,TRUE,mapped
202410,2024-10-01,2024,10,17,Tocantins,131.70428,121.98938,TO,Tocantins,North,TRUE,TRUE,mapped
202410,2024-10-01,2024,10,21,Maranhão,121.36171,117.14841,MA,Maranhao,Northeast,TRUE,TRUE,mapped
202410,2024-10-01,2024,10,22,Piauí,116.60993,109.9203,PI,Piaui,Northeast,TRUE,TRUE,mapped
202410,2024-10-01,2024,10,23,Ceará,129.02474,119.64465,CE,Ceara,Northeast,TRUE,TRUE,mapped
202410,2024-10-01,2024,10,24,Rio Grande do Norte,113.63314,106.24981,RN,Rio Grande do Norte,Northeast,TRUE,TRUE,mapped
202410,2024-10-01,2024,10,25,Paraíba,116.49762,111.92861,PB,Paraiba,Northeast,TRUE,TRUE,mapped
202410,2024-10-01,2024,10,26,Pernambuco,114.17095,108.01255,PE,Pernambuco,Northeast,TRUE,TRUE,mapped
202410,2024-10-01,2024,10,27,Alagoas,119.48698,113.78756,AL,Alagoas,Northeast,TRUE,TRUE,mapped
202410,2024-10-01,2024,10,28,Sergipe,114.57669,110.50123,SE,Sergipe,Northeast,TRUE,TRUE,mapped
202410,2024-10-01,2024,10,29,Bahia,119.48956,115.17293,BA,Bahia,Northeast,TRUE,TRUE,mapped
202410,2024-10-01,2024,10,31,Minas Gerais,116.66253,108.15619,MG,Minas Gerais,Southeast,TRUE,TRUE,mapped
202410,2024-10-01,2024,10,32,Espírito Santo,112.74979,108.8202,ES,Espirito Santo,Southeast,TRUE,TRUE,mapped
202410,2024-10-01,2024,10,33,Rio de Janeiro,107.78018,101.02048,RJ,Rio de Janeiro,Southeast,TRUE,TRUE,mapped
202410,2024-10-01,2024,10,35,São Paulo,113.89404,103.86446,SP,Sao Paulo,Southeast,TRUE,TRUE,mapped
202410,2024-10-01,2024,10,41,Paraná,113.16544,106.21378,PR,Parana,South,TRUE,TRUE,mapped
202410,2024-10-01,2024,10,42,Santa Catarina,116.3749,109.08047,SC,Santa Catarina,South,TRUE,TRUE,mapped
202410,2024-10-01,2024,10,43,Rio Grande do Sul,120.65509,115.46257,RS,Rio Grande do Sul,South,TRUE,TRUE,mapped
202410,2024-10-01,2024,10,50,Mato Grosso do Sul,120.04339,111.5779,MS,Mato Grosso do Sul,Center-West,TRUE,TRUE,mapped
202410,2024-10-01,2024,10,51,Mato Grosso,115.05566,108.68922,MT,Mato Grosso,Center-West,TRUE,TRUE,mapped
202410,2024-10-01,2024,10,52,Goiás,117.38407,109.99179,GO,Goias,Center-West,TRUE,TRUE,mapped
202410,2024-10-01,2024,10,53,Distrito Federal,115.9818,108.76664,DF,Distrito Federal,Center-West,TRUE,TRUE,mapped
202411,2024-11-01,2024,11,11,Rondônia,135.49916,122.3503,RO,Rondonia,North,TRUE,TRUE,mapped
202411,2024-11-01,2024,11,12,Acre,139.62806,124.02372,AC,Acre,North,TRUE,TRUE,mapped
202411,2024-11-01,2024,11,13,Amazonas,131.19986,123.69512,AM,Amazonas,North,TRUE,TRUE,mapped
202411,2024-11-01,2024,11,14,Roraima,128.40701,120.56653,RR,Roraima,North,TRUE,TRUE,mapped
202411,2024-11-01,2024,11,15,Pará,123.45351,114.20427,PA,Para,North,TRUE,TRUE,mapped
202411,2024-11-01,2024,11,16,Amapá,135.02784,127.33457,AP,Amapa,North,TRUE,TRUE,mapped
202411,2024-11-01,2024,11,17,Tocantins,136.75295,125.98768,TO,Tocantins,North,TRUE,TRUE,mapped
202411,2024-11-01,2024,11,21,Maranhão,130.47082,123.81699,MA,Maranhao,Northeast,TRUE,TRUE,mapped
202411,2024-11-01,2024,11,22,Piauí,121.31424,113.25169,PI,Piaui,Northeast,TRUE,TRUE,mapped
202411,2024-11-01,2024,11,23,Ceará,137.68053,126.25223,CE,Ceara,Northeast,TRUE,TRUE,mapped
202411,2024-11-01,2024,11,24,Rio Grande do Norte,118.30501,109.32734,RN,Rio Grande do Norte,Northeast,TRUE,TRUE,mapped
202411,2024-11-01,2024,11,25,Paraíba,127.12692,121.527,PB,Paraiba,Northeast,TRUE,TRUE,mapped
202411,2024-11-01,2024,11,26,Pernambuco,124.3264,116.7476,PE,Pernambuco,Northeast,TRUE,TRUE,mapped
202411,2024-11-01,2024,11,27,Alagoas,127.24039,120.06746,AL,Alagoas,Northeast,TRUE,TRUE,mapped
202411,2024-11-01,2024,11,28,Sergipe,120.95662,115.87454,SE,Sergipe,Northeast,TRUE,TRUE,mapped
202411,2024-11-01,2024,11,29,Bahia,124.92647,119.42219,BA,Bahia,Northeast,TRUE,TRUE,mapped
202411,2024-11-01,2024,11,31,Minas Gerais,124.19416,114.09505,MG,Minas Gerais,Southeast,TRUE,TRUE,mapped
202411,2024-11-01,2024,11,32,Espírito Santo,128.42693,124.64292,ES,Espirito Santo,Southeast,TRUE,TRUE,mapped
202411,2024-11-01,2024,11,33,Rio de Janeiro,111.09323,103.2817,RJ,Rio de Janeiro,Southeast,TRUE,TRUE,mapped
202411,2024-11-01,2024,11,35,São Paulo,124.98786,113.13928,SP,Sao Paulo,Southeast,TRUE,TRUE,mapped
202411,2024-11-01,2024,11,41,Paraná,120.40439,112.48198,PR,Parana,South,TRUE,TRUE,mapped
202411,2024-11-01,2024,11,42,Santa Catarina,125.67186,117.36447,SC,Santa Catarina,South,TRUE,TRUE,mapped
202411,2024-11-01,2024,11,43,Rio Grande do Sul,125.76396,120.26081,RS,Rio Grande do Sul,South,TRUE,TRUE,mapped
202411,2024-11-01,2024,11,50,Mato Grosso do Sul,120.46722,110.62089,MS,Mato Grosso do Sul,Center-West,TRUE,TRUE,mapped
202411,2024-11-01,2024,11,51,Mato Grosso,120.9216,113.28514,MT,Mato Grosso,Center-West,TRUE,TRUE,mapped
202411,2024-11-01,2024,11,52,Goiás,119.42162,110.31792,GO,Goias,Center-West,TRUE,TRUE,mapped
202411,2024-11-01,2024,11,53,Distrito Federal,119.92491,111.35965,DF,Distrito Federal,Center-West,TRUE,TRUE,mapped
202412,2024-12-01,2024,12,11,Rondônia,133.97842,119.99105,RO,Rondonia,North,TRUE,TRUE,mapped
202412,2024-12-01,2024,12,12,Acre,144.72723,127.9112,AC,Acre,North,TRUE,TRUE,mapped
202412,2024-12-01,2024,12,13,Amazonas,141.34656,131.10375,AM,Amazonas,North,TRUE,TRUE,mapped
202412,2024-12-01,2024,12,14,Roraima,136.41277,125.85037,RR,Roraima,North,TRUE,TRUE,mapped
202412,2024-12-01,2024,12,15,Pará,140.17625,127.96471,PA,Para,North,TRUE,TRUE,mapped
202412,2024-12-01,2024,12,16,Amapá,146.9299,136.59465,AP,Amapa,North,TRUE,TRUE,mapped
202412,2024-12-01,2024,12,17,Tocantins,148.12014,134.64365,TO,Tocantins,North,TRUE,TRUE,mapped
202412,2024-12-01,2024,12,21,Maranhão,138.24478,129.7874,MA,Maranhao,Northeast,TRUE,TRUE,mapped
202412,2024-12-01,2024,12,22,Piauí,133.75998,122.8889,PI,Piaui,Northeast,TRUE,TRUE,mapped
202412,2024-12-01,2024,12,23,Ceará,152.78035,138.32412,CE,Ceara,Northeast,TRUE,TRUE,mapped
202412,2024-12-01,2024,12,24,Rio Grande do Norte,132.5321,120.65484,RN,Rio Grande do Norte,Northeast,TRUE,TRUE,mapped
202412,2024-12-01,2024,12,25,Paraíba,136.33889,128.66399,PB,Paraiba,Northeast,TRUE,TRUE,mapped
202412,2024-12-01,2024,12,26,Pernambuco,135.43705,126.05401,PE,Pernambuco,Northeast,TRUE,TRUE,mapped
202412,2024-12-01,2024,12,27,Alagoas,145.17904,135.62812,AL,Alagoas,Northeast,TRUE,TRUE,mapped
202412,2024-12-01,2024,12,28,Sergipe,132.20801,124.83394,SE,Sergipe,Northeast,TRUE,TRUE,mapped
202412,2024-12-01,2024,12,29,Bahia,140.59451,132.00942,BA,Bahia,Northeast,TRUE,TRUE,mapped
202412,2024-12-01,2024,12,31,Minas Gerais,135.78536,123.56928,MG,Minas Gerais,Southeast,TRUE,TRUE,mapped
202412,2024-12-01,2024,12,32,Espírito Santo,127.02074,121.37111,ES,Espirito Santo,Southeast,TRUE,TRUE,mapped
202412,2024-12-01,2024,12,33,Rio de Janeiro,132.41269,121.54774,RJ,Rio de Janeiro,Southeast,TRUE,TRUE,mapped
202412,2024-12-01,2024,12,35,São Paulo,142.09109,126.93069,SP,Sao Paulo,Southeast,TRUE,TRUE,mapped
202412,2024-12-01,2024,12,41,Paraná,133.01967,122.97844,PR,Parana,South,TRUE,TRUE,mapped
202412,2024-12-01,2024,12,42,Santa Catarina,144.58384,133.7555,SC,Santa Catarina,South,TRUE,TRUE,mapped
202412,2024-12-01,2024,12,43,Rio Grande do Sul,140.54326,133.47038,RS,Rio Grande do Sul,South,TRUE,TRUE,mapped
202412,2024-12-01,2024,12,50,Mato Grosso do Sul,135.43413,122.76684,MS,Mato Grosso do Sul,Center-West,TRUE,TRUE,mapped
202412,2024-12-01,2024,12,51,Mato Grosso,128.75694,117.92347,MT,Mato Grosso,Center-West,TRUE,TRUE,mapped
202412,2024-12-01,2024,12,52,Goiás,132.78994,120.55163,GO,Goias,Center-West,TRUE,TRUE,mapped
202412,2024-12-01,2024,12,53,Distrito Federal,136.40729,125.97571,DF,Distrito Federal,Center-West,TRUE,TRUE,mapped
202501,2025-01-01,2025,1,11,Rondônia,100.60717,89.66688,RO,Rondonia,North,TRUE,TRUE,mapped
202501,2025-01-01,2025,1,12,Acre,117.25856,102.9044,AC,Acre,North,TRUE,TRUE,mapped
202501,2025-01-01,2025,1,13,Amazonas,107.44144,99.82675,AM,Amazonas,North,TRUE,TRUE,mapped
202501,2025-01-01,2025,1,14,Roraima,105.79339,97.25016,RR,Roraima,North,TRUE,TRUE,mapped
202501,2025-01-01,2025,1,15,Pará,109.55071,99.38287,PA,Para,North,TRUE,TRUE,mapped
202501,2025-01-01,2025,1,16,Amapá,129.08061,118.85535,AP,Amapa,North,TRUE,TRUE,mapped
202501,2025-01-01,2025,1,17,Tocantins,128.48567,116.49302,TO,Tocantins,North,TRUE,TRUE,mapped
202501,2025-01-01,2025,1,21,Maranhão,117.24629,109.5091,MA,Maranhao,Northeast,TRUE,TRUE,mapped
202501,2025-01-01,2025,1,22,Piauí,113.04079,103.70157,PI,Piaui,Northeast,TRUE,TRUE,mapped
202501,2025-01-01,2025,1,23,Ceará,125.91674,113.76808,CE,Ceara,Northeast,TRUE,TRUE,mapped
202501,2025-01-01,2025,1,24,Rio Grande do Norte,112.90376,102.37334,RN,Rio Grande do Norte,Northeast,TRUE,TRUE,mapped
202501,2025-01-01,2025,1,25,Paraíba,114.12562,107.53849,PB,Paraiba,Northeast,TRUE,TRUE,mapped
202501,2025-01-01,2025,1,26,Pernambuco,107.98161,100.32393,PE,Pernambuco,Northeast,TRUE,TRUE,mapped
202501,2025-01-01,2025,1,27,Alagoas,117.64743,109.74924,AL,Alagoas,Northeast,TRUE,TRUE,mapped
202501,2025-01-01,2025,1,28,Sergipe,110.22949,103.07465,SE,Sergipe,Northeast,TRUE,TRUE,mapped
202501,2025-01-01,2025,1,29,Bahia,117.32901,109.4284,BA,Bahia,Northeast,TRUE,TRUE,mapped
202501,2025-01-01,2025,1,31,Minas Gerais,111.97905,101.78761,MG,Minas Gerais,Southeast,TRUE,TRUE,mapped
202501,2025-01-01,2025,1,32,Espírito Santo,109.34617,103.81648,ES,Espirito Santo,Southeast,TRUE,TRUE,mapped
202501,2025-01-01,2025,1,33,Rio de Janeiro,106.80941,97.8568,RJ,Rio de Janeiro,Southeast,TRUE,TRUE,mapped
202501,2025-01-01,2025,1,35,São Paulo,112.5424,100.22667,SP,Sao Paulo,Southeast,TRUE,TRUE,mapped
202501,2025-01-01,2025,1,41,Paraná,109.5578,101.45939,PR,Parana,South,TRUE,TRUE,mapped
202501,2025-01-01,2025,1,42,Santa Catarina,123.39308,114.33699,SC,Santa Catarina,South,TRUE,TRUE,mapped
202501,2025-01-01,2025,1,43,Rio Grande do Sul,114.82443,109.09237,RS,Rio Grande do Sul,South,TRUE,TRUE,mapped
202501,2025-01-01,2025,1,50,Mato Grosso do Sul,111.57071,101.36989,MS,Mato Grosso do Sul,Center-West,TRUE,TRUE,mapped
202501,2025-01-01,2025,1,51,Mato Grosso,106.99989,97.95389,MT,Mato Grosso,Center-West,TRUE,TRUE,mapped
202501,2025-01-01,2025,1,52,Goiás,108.11216,98.25172,GO,Goias,Center-West,TRUE,TRUE,mapped
202501,2025-01-01,2025,1,53,Distrito Federal,107.38471,98.56448,DF,Distrito Federal,Center-West,TRUE,TRUE,mapped
202502,2025-02-01,2025,2,11,Rondônia,104.02632,92.27258,RO,Rondonia,North,TRUE,TRUE,mapped
202502,2025-02-01,2025,2,12,Acre,112.53476,98.28376,AC,Acre,North,TRUE,TRUE,mapped
202502,2025-02-01,2025,2,13,Amazonas,109.60815,100.31826,AM,Amazonas,North,TRUE,TRUE,mapped
202502,2025-02-01,2025,2,14,Roraima,104.41404,94.38442,RR,Roraima,North,TRUE,TRUE,mapped
202502,2025-02-01,2025,2,15,Pará,104.36387,93.1794,PA,Para,North,TRUE,TRUE,mapped
202502,2025-02-01,2025,2,16,Amapá,123.89157,112.04905,AP,Amapa,North,TRUE,TRUE,mapped
202502,2025-02-01,2025,2,17,Tocantins,121.63213,109.62248,TO,Tocantins,North,TRUE,TRUE,mapped
202502,2025-02-01,2025,2,21,Maranhão,120.70106,111.13601,MA,Maranhao,Northeast,TRUE,TRUE,mapped
202502,2025-02-01,2025,2,22,Piauí,105.72497,96.70082,PI,Piaui,Northeast,TRUE,TRUE,mapped
202502,2025-02-01,2025,2,23,Ceará,117.61142,105.86285,CE,Ceara,Northeast,TRUE,TRUE,mapped
202502,2025-02-01,2025,2,24,Rio Grande do Norte,106.05389,95.68165,RN,Rio Grande do Norte,Northeast,TRUE,TRUE,mapped
202502,2025-02-01,2025,2,25,Paraíba,104.76903,97.69941,PB,Paraiba,Northeast,TRUE,TRUE,mapped
202502,2025-02-01,2025,2,26,Pernambuco,104.7802,96.07752,PE,Pernambuco,Northeast,TRUE,TRUE,mapped
202502,2025-02-01,2025,2,27,Alagoas,112.29603,103.32995,AL,Alagoas,Northeast,TRUE,TRUE,mapped
202502,2025-02-01,2025,2,28,Sergipe,104.42814,95.99342,SE,Sergipe,Northeast,TRUE,TRUE,mapped
202502,2025-02-01,2025,2,29,Bahia,113.08706,104.53643,BA,Bahia,Northeast,TRUE,TRUE,mapped
202502,2025-02-01,2025,2,31,Minas Gerais,108.04726,96.97167,MG,Minas Gerais,Southeast,TRUE,TRUE,mapped
202502,2025-02-01,2025,2,32,Espírito Santo,104.54647,98.07379,ES,Espirito Santo,Southeast,TRUE,TRUE,mapped
202502,2025-02-01,2025,2,33,Rio de Janeiro,102.82122,93.23145,RJ,Rio de Janeiro,Southeast,TRUE,TRUE,mapped
202502,2025-02-01,2025,2,35,São Paulo,106.66704,94.71008,SP,Sao Paulo,Southeast,TRUE,TRUE,mapped
202502,2025-02-01,2025,2,41,Paraná,105.53307,95.51296,PR,Parana,South,TRUE,TRUE,mapped
202502,2025-02-01,2025,2,42,Santa Catarina,115.05401,104.24019,SC,Santa Catarina,South,TRUE,TRUE,mapped
202502,2025-02-01,2025,2,43,Rio Grande do Sul,109.84412,103.15058,RS,Rio Grande do Sul,South,TRUE,TRUE,mapped
202502,2025-02-01,2025,2,50,Mato Grosso do Sul,109.1719,98.18243,MS,Mato Grosso do Sul,Center-West,TRUE,TRUE,mapped
202502,2025-02-01,2025,2,51,Mato Grosso,106.96279,97.65281,MT,Mato Grosso,Center-West,TRUE,TRUE,mapped
202502,2025-02-01,2025,2,52,Goiás,104.07217,94.1525,GO,Goias,Center-West,TRUE,TRUE,mapped
202502,2025-02-01,2025,2,53,Distrito Federal,105.65369,95.26972,DF,Distrito Federal,Center-West,TRUE,TRUE,mapped
202503,2025-03-01,2025,3,11,Rondônia,111.31627,98.07139,RO,Rondonia,North,TRUE,TRUE,mapped
202503,2025-03-01,2025,3,12,Acre,123.22783,107.51162,AC,Acre,North,TRUE,TRUE,mapped
202503,2025-03-01,2025,3,13,Amazonas,111.33284,101.84198,AM,Amazonas,North,TRUE,TRUE,mapped
202503,2025-03-01,2025,3,14,Roraima,113.27799,102.03349,RR,Roraima,North,TRUE,TRUE,mapped
202503,2025-03-01,2025,3,15,Pará,111.62707,99.36668,PA,Para,North,TRUE,TRUE,mapped
202503,2025-03-01,2025,3,16,Amapá,132.57479,119.7904,AP,Amapa,North,TRUE,TRUE,mapped
202503,2025-03-01,2025,3,17,Tocantins,127.00871,113.78641,TO,Tocantins,North,TRUE,TRUE,mapped
202503,2025-03-01,2025,3,21,Maranhão,121.28336,110.98076,MA,Maranhao,Northeast,TRUE,TRUE,mapped
202503,2025-03-01,2025,3,22,Piauí,114.08798,103.94423,PI,Piaui,Northeast,TRUE,TRUE,mapped
202503,2025-03-01,2025,3,23,Ceará,126.39046,112.66591,CE,Ceara,Northeast,TRUE,TRUE,mapped
202503,2025-03-01,2025,3,24,Rio Grande do Norte,111.61985,99.88102,RN,Rio Grande do Norte,Northeast,TRUE,TRUE,mapped
202503,2025-03-01,2025,3,25,Paraíba,113.63148,105.53161,PB,Paraiba,Northeast,TRUE,TRUE,mapped
202503,2025-03-01,2025,3,26,Pernambuco,112.6101,102.68644,PE,Pernambuco,Northeast,TRUE,TRUE,mapped
202503,2025-03-01,2025,3,27,Alagoas,118.78974,108.73973,AL,Alagoas,Northeast,TRUE,TRUE,mapped
202503,2025-03-01,2025,3,28,Sergipe,110.92424,101.48585,SE,Sergipe,Northeast,TRUE,TRUE,mapped
202503,2025-03-01,2025,3,29,Bahia,118.02279,108.55714,BA,Bahia,Northeast,TRUE,TRUE,mapped
202503,2025-03-01,2025,3,31,Minas Gerais,117.17832,104.45486,MG,Minas Gerais,Southeast,TRUE,TRUE,mapped
202503,2025-03-01,2025,3,32,Espírito Santo,111.42612,104.12399,ES,Espirito Santo,Southeast,TRUE,TRUE,mapped
202503,2025-03-01,2025,3,33,Rio de Janeiro,106.46199,95.39972,RJ,Rio de Janeiro,Southeast,TRUE,TRUE,mapped
202503,2025-03-01,2025,3,35,São Paulo,118.90037,104.16418,SP,Sao Paulo,Southeast,TRUE,TRUE,mapped
202503,2025-03-01,2025,3,41,Paraná,115.18152,103.56291,PR,Parana,South,TRUE,TRUE,mapped
202503,2025-03-01,2025,3,42,Santa Catarina,122.9986,110.62025,SC,Santa Catarina,South,TRUE,TRUE,mapped
202503,2025-03-01,2025,3,43,Rio Grande do Sul,117.69871,109.13452,RS,Rio Grande do Sul,South,TRUE,TRUE,mapped
202503,2025-03-01,2025,3,50,Mato Grosso do Sul,117.24231,104.78179,MS,Mato Grosso do Sul,Center-West,TRUE,TRUE,mapped
202503,2025-03-01,2025,3,51,Mato Grosso,117.55257,106.99392,MT,Mato Grosso,Center-West,TRUE,TRUE,mapped
202503,2025-03-01,2025,3,52,Goiás,117.50541,106.13934,GO,Goias,Center-West,TRUE,TRUE,mapped
202503,2025-03-01,2025,3,53,Distrito Federal,117.54757,105.55875,DF,Distrito Federal,Center-West,TRUE,TRUE,mapped
202504,2025-04-01,2025,4,11,Rondônia,118.90177,104.2024,RO,Rondonia,North,TRUE,TRUE,mapped
202504,2025-04-01,2025,4,12,Acre,124.00874,108.02712,AC,Acre,North,TRUE,TRUE,mapped
202504,2025-04-01,2025,4,13,Amazonas,112.6437,102.32455,AM,Amazonas,North,TRUE,TRUE,mapped
202504,2025-04-01,2025,4,14,Roraima,114.11154,102.2067,RR,Roraima,North,TRUE,TRUE,mapped
202504,2025-04-01,2025,4,15,Pará,115.49242,102.31517,PA,Para,North,TRUE,TRUE,mapped
202504,2025-04-01,2025,4,16,Amapá,135.98015,122.14188,AP,Amapa,North,TRUE,TRUE,mapped
202504,2025-04-01,2025,4,17,Tocantins,130.46773,116.11397,TO,Tocantins,North,TRUE,TRUE,mapped
202504,2025-04-01,2025,4,21,Maranhão,123.33961,112.91802,MA,Maranhao,Northeast,TRUE,TRUE,mapped
202504,2025-04-01,2025,4,22,Piauí,117.57868,106.09357,PI,Piaui,Northeast,TRUE,TRUE,mapped
202504,2025-04-01,2025,4,23,Ceará,128.49354,113.84708,CE,Ceara,Northeast,TRUE,TRUE,mapped
202504,2025-04-01,2025,4,24,Rio Grande do Norte,115.83493,102.54257,RN,Rio Grande do Norte,Northeast,TRUE,TRUE,mapped
202504,2025-04-01,2025,4,25,Paraíba,117.37501,108.67851,PB,Paraiba,Northeast,TRUE,TRUE,mapped
202504,2025-04-01,2025,4,26,Pernambuco,114.7815,104.39781,PE,Pernambuco,Northeast,TRUE,TRUE,mapped
202504,2025-04-01,2025,4,27,Alagoas,121.60235,110.8931,AL,Alagoas,Northeast,TRUE,TRUE,mapped
202504,2025-04-01,2025,4,28,Sergipe,114.63665,104.96085,SE,Sergipe,Northeast,TRUE,TRUE,mapped
202504,2025-04-01,2025,4,29,Bahia,121.08698,110.7937,BA,Bahia,Northeast,TRUE,TRUE,mapped
202504,2025-04-01,2025,4,31,Minas Gerais,117.76995,104.12879,MG,Minas Gerais,Southeast,TRUE,TRUE,mapped
202504,2025-04-01,2025,4,32,Espírito Santo,111.58773,103.62739,ES,Espirito Santo,Southeast,TRUE,TRUE,mapped
202504,2025-04-01,2025,4,33,Rio de Janeiro,106.86668,95.15832,RJ,Rio de Janeiro,Southeast,TRUE,TRUE,mapped
202504,2025-04-01,2025,4,35,São Paulo,118.53521,102.65418,SP,Sao Paulo,Southeast,TRUE,TRUE,mapped
202504,2025-04-01,2025,4,41,Paraná,116.97939,104.33117,PR,Parana,South,TRUE,TRUE,mapped
202504,2025-04-01,2025,4,42,Santa Catarina,120.80353,107.82766,SC,Santa Catarina,South,TRUE,TRUE,mapped
202504,2025-04-01,2025,4,43,Rio Grande do Sul,122.07514,111.57446,RS,Rio Grande do Sul,South,TRUE,TRUE,mapped
202504,2025-04-01,2025,4,50,Mato Grosso do Sul,118.55443,104.56084,MS,Mato Grosso do Sul,Center-West,TRUE,TRUE,mapped
202504,2025-04-01,2025,4,51,Mato Grosso,113.01899,102.04219,MT,Mato Grosso,Center-West,TRUE,TRUE,mapped
202504,2025-04-01,2025,4,52,Goiás,114.14617,101.89264,GO,Goias,Center-West,TRUE,TRUE,mapped
202504,2025-04-01,2025,4,53,Distrito Federal,117.73872,105.16854,DF,Distrito Federal,Center-West,TRUE,TRUE,mapped
202505,2025-05-01,2025,5,11,Rondônia,127.44933,111.6669,RO,Rondonia,North,TRUE,TRUE,mapped
202505,2025-05-01,2025,5,12,Acre,134.41581,117.05033,AC,Acre,North,TRUE,TRUE,mapped
202505,2025-05-01,2025,5,13,Amazonas,121.2023,109.8867,AM,Amazonas,North,TRUE,TRUE,mapped
202505,2025-05-01,2025,5,14,Roraima,121.03962,107.84799,RR,Roraima,North,TRUE,TRUE,mapped
202505,2025-05-01,2025,5,15,Pará,122.23722,108.01136,PA,Para,North,TRUE,TRUE,mapped
202505,2025-05-01,2025,5,16,Amapá,145.8825,130.86713,AP,Amapa,North,TRUE,TRUE,mapped
202505,2025-05-01,2025,5,17,Tocantins,133.24455,119.30138,TO,Tocantins,North,TRUE,TRUE,mapped
202505,2025-05-01,2025,5,21,Maranhão,133.13085,122.03276,MA,Maranhao,Northeast,TRUE,TRUE,mapped
202505,2025-05-01,2025,5,22,Piauí,123.45316,111.04488,PI,Piaui,Northeast,TRUE,TRUE,mapped
202505,2025-05-01,2025,5,23,Ceará,139.09993,122.67825,CE,Ceara,Northeast,TRUE,TRUE,mapped
202505,2025-05-01,2025,5,24,Rio Grande do Norte,122.16464,108.48291,RN,Rio Grande do Norte,Northeast,TRUE,TRUE,mapped
202505,2025-05-01,2025,5,25,Paraíba,123.37249,114.35662,PB,Paraiba,Northeast,TRUE,TRUE,mapped
202505,2025-05-01,2025,5,26,Pernambuco,119.66259,108.69338,PE,Pernambuco,Northeast,TRUE,TRUE,mapped
202505,2025-05-01,2025,5,27,Alagoas,126.70044,115.23089,AL,Alagoas,Northeast,TRUE,TRUE,mapped
202505,2025-05-01,2025,5,28,Sergipe,120.84583,110.79449,SE,Sergipe,Northeast,TRUE,TRUE,mapped
202505,2025-05-01,2025,5,29,Bahia,126.75979,115.82648,BA,Bahia,Northeast,TRUE,TRUE,mapped
202505,2025-05-01,2025,5,31,Minas Gerais,124.98652,110.5871,MG,Minas Gerais,Southeast,TRUE,TRUE,mapped
202505,2025-05-01,2025,5,32,Espírito Santo,115.16112,106.51931,ES,Espirito Santo,Southeast,TRUE,TRUE,mapped
202505,2025-05-01,2025,5,33,Rio de Janeiro,111.25271,99.34204,RJ,Rio de Janeiro,Southeast,TRUE,TRUE,mapped
202505,2025-05-01,2025,5,35,São Paulo,123.50815,107.05646,SP,Sao Paulo,Southeast,TRUE,TRUE,mapped
202505,2025-05-01,2025,5,41,Paraná,119.5703,106.9265,PR,Parana,South,TRUE,TRUE,mapped
202505,2025-05-01,2025,5,42,Santa Catarina,118.51857,105.89324,SC,Santa Catarina,South,TRUE,TRUE,mapped
202505,2025-05-01,2025,5,43,Rio Grande do Sul,123.5475,112.78414,RS,Rio Grande do Sul,South,TRUE,TRUE,mapped
202505,2025-05-01,2025,5,50,Mato Grosso do Sul,123.24018,108.96031,MS,Mato Grosso do Sul,Center-West,TRUE,TRUE,mapped
202505,2025-05-01,2025,5,51,Mato Grosso,121.34876,110.04758,MT,Mato Grosso,Center-West,TRUE,TRUE,mapped
202505,2025-05-01,2025,5,52,Goiás,119.51919,107.24647,GO,Goias,Center-West,TRUE,TRUE,mapped
202505,2025-05-01,2025,5,53,Distrito Federal,124.1224,110.26912,DF,Distrito Federal,Center-West,TRUE,TRUE,mapped
202506,2025-06-01,2025,6,11,Rondônia,115.65148,101.75849,RO,Rondonia,North,TRUE,TRUE,mapped
202506,2025-06-01,2025,6,12,Acre,123.14735,107.65173,AC,Acre,North,TRUE,TRUE,mapped
202506,2025-06-01,2025,6,13,Amazonas,114.88162,104.87473,AM,Amazonas,North,TRUE,TRUE,mapped
202506,2025-06-01,2025,6,14,Roraima,112.53346,100.86491,RR,Roraima,North,TRUE,TRUE,mapped
202506,2025-06-01,2025,6,15,Pará,111.95232,99.40168,PA,Para,North,TRUE,TRUE,mapped
202506,2025-06-01,2025,6,16,Amapá,136.80701,123.33363,AP,Amapa,North,TRUE,TRUE,mapped
202506,2025-06-01,2025,6,17,Tocantins,123.6107,110.64068,TO,Tocantins,North,TRUE,TRUE,mapped
202506,2025-06-01,2025,6,21,Maranhão,124.03778,114.4859,MA,Maranhao,Northeast,TRUE,TRUE,mapped
202506,2025-06-01,2025,6,22,Piauí,112.36836,100.40961,PI,Piaui,Northeast,TRUE,TRUE,mapped
202506,2025-06-01,2025,6,23,Ceará,129.98634,114.38467,CE,Ceara,Northeast,TRUE,TRUE,mapped
202506,2025-06-01,2025,6,24,Rio Grande do Norte,117.19843,103.76407,RN,Rio Grande do Norte,Northeast,TRUE,TRUE,mapped
202506,2025-06-01,2025,6,25,Paraíba,115.94942,107.69989,PB,Paraiba,Northeast,TRUE,TRUE,mapped
202506,2025-06-01,2025,6,26,Pernambuco,112.99656,102.63006,PE,Pernambuco,Northeast,TRUE,TRUE,mapped
202506,2025-06-01,2025,6,27,Alagoas,117.90726,107.4155,AL,Alagoas,Northeast,TRUE,TRUE,mapped
202506,2025-06-01,2025,6,28,Sergipe,111.35273,102.44824,SE,Sergipe,Northeast,TRUE,TRUE,mapped
202506,2025-06-01,2025,6,29,Bahia,118.98655,108.5907,BA,Bahia,Northeast,TRUE,TRUE,mapped
202506,2025-06-01,2025,6,31,Minas Gerais,117.5383,104.51275,MG,Minas Gerais,Southeast,TRUE,TRUE,mapped
202506,2025-06-01,2025,6,32,Espírito Santo,106.76248,98.57846,ES,Espirito Santo,Southeast,TRUE,TRUE,mapped
202506,2025-06-01,2025,6,33,Rio de Janeiro,103.3074,92.78771,RJ,Rio de Janeiro,Southeast,TRUE,TRUE,mapped
202506,2025-06-01,2025,6,35,São Paulo,115.701,100.21865,SP,Sao Paulo,Southeast,TRUE,TRUE,mapped
202506,2025-06-01,2025,6,41,Paraná,113.62718,102.03854,PR,Parana,South,TRUE,TRUE,mapped
202506,2025-06-01,2025,6,42,Santa Catarina,114.83259,102.9573,SC,Santa Catarina,South,TRUE,TRUE,mapped
202506,2025-06-01,2025,6,43,Rio Grande do Sul,116.25854,106.61367,RS,Rio Grande do Sul,South,TRUE,TRUE,mapped
202506,2025-06-01,2025,6,50,Mato Grosso do Sul,114.25778,101.96599,MS,Mato Grosso do Sul,Center-West,TRUE,TRUE,mapped
202506,2025-06-01,2025,6,51,Mato Grosso,114.59904,104.40782,MT,Mato Grosso,Center-West,TRUE,TRUE,mapped
202506,2025-06-01,2025,6,52,Goiás,113.15769,101.83484,GO,Goias,Center-West,TRUE,TRUE,mapped
202506,2025-06-01,2025,6,53,Distrito Federal,114.87243,102.05944,DF,Distrito Federal,Center-West,TRUE,TRUE,mapped
202507,2025-07-01,2025,7,11,Rondônia,120.63908,105.80035,RO,Rondonia,North,TRUE,TRUE,mapped
202507,2025-07-01,2025,7,12,Acre,130.79131,114.49837,AC,Acre,North,TRUE,TRUE,mapped
202507,2025-07-01,2025,7,13,Amazonas,118.6884,108.57491,AM,Amazonas,North,TRUE,TRUE,mapped
202507,2025-07-01,2025,7,14,Roraima,120.30232,108.19425,RR,Roraima,North,TRUE,TRUE,mapped
202507,2025-07-01,2025,7,15,Pará,117.44049,104.7108,PA,Para,North,TRUE,TRUE,mapped
202507,2025-07-01,2025,7,16,Amapá,151.23448,136.55118,AP,Amapa,North,TRUE,TRUE,mapped
202507,2025-07-01,2025,7,17,Tocantins,132.28175,118.78935,TO,Tocantins,North,TRUE,TRUE,mapped
202507,2025-07-01,2025,7,21,Maranhão,127.68542,117.81843,MA,Maranhao,Northeast,TRUE,TRUE,mapped
202507,2025-07-01,2025,7,22,Piauí,117.77398,105.6276,PI,Piaui,Northeast,TRUE,TRUE,mapped
202507,2025-07-01,2025,7,23,Ceará,136.77044,120.83089,CE,Ceara,Northeast,TRUE,TRUE,mapped
202507,2025-07-01,2025,7,24,Rio Grande do Norte,122.78604,109.04631,RN,Rio Grande do Norte,Northeast,TRUE,TRUE,mapped
202507,2025-07-01,2025,7,25,Paraíba,123.06988,115.01698,PB,Paraiba,Northeast,TRUE,TRUE,mapped
202507,2025-07-01,2025,7,26,Pernambuco,118.72783,108.07644,PE,Pernambuco,Northeast,TRUE,TRUE,mapped
202507,2025-07-01,2025,7,27,Alagoas,122.67769,112.28147,AL,Alagoas,Northeast,TRUE,TRUE,mapped
202507,2025-07-01,2025,7,28,Sergipe,117.26869,107.86392,SE,Sergipe,Northeast,TRUE,TRUE,mapped
202507,2025-07-01,2025,7,29,Bahia,121.72575,112.31482,BA,Bahia,Northeast,TRUE,TRUE,mapped
202507,2025-07-01,2025,7,31,Minas Gerais,122.12048,109.10238,MG,Minas Gerais,Southeast,TRUE,TRUE,mapped
202507,2025-07-01,2025,7,32,Espírito Santo,114.20517,106.20166,ES,Espirito Santo,Southeast,TRUE,TRUE,mapped
202507,2025-07-01,2025,7,33,Rio de Janeiro,108.749,98.03304,RJ,Rio de Janeiro,Southeast,TRUE,TRUE,mapped
202507,2025-07-01,2025,7,35,São Paulo,119.59747,104.32211,SP,Sao Paulo,Southeast,TRUE,TRUE,mapped
202507,2025-07-01,2025,7,41,Paraná,118.67404,106.66418,PR,Parana,South,TRUE,TRUE,mapped
202507,2025-07-01,2025,7,42,Santa Catarina,121.59373,109.24734,SC,Santa Catarina,South,TRUE,TRUE,mapped
202507,2025-07-01,2025,7,43,Rio Grande do Sul,120.21622,110.5253,RS,Rio Grande do Sul,South,TRUE,TRUE,mapped
202507,2025-07-01,2025,7,50,Mato Grosso do Sul,119.86609,108.00263,MS,Mato Grosso do Sul,Center-West,TRUE,TRUE,mapped
202507,2025-07-01,2025,7,51,Mato Grosso,119.82465,109.88607,MT,Mato Grosso,Center-West,TRUE,TRUE,mapped
202507,2025-07-01,2025,7,52,Goiás,117.40232,106.27317,GO,Goias,Center-West,TRUE,TRUE,mapped
202507,2025-07-01,2025,7,53,Distrito Federal,119.44208,107.1081,DF,Distrito Federal,Center-West,TRUE,TRUE,mapped
202508,2025-08-01,2025,8,11,Rondônia,114.5851,100.52337,RO,Rondonia,North,TRUE,TRUE,mapped
202508,2025-08-01,2025,8,12,Acre,130.32984,113.8161,AC,Acre,North,TRUE,TRUE,mapped
202508,2025-08-01,2025,8,13,Amazonas,121.58043,111.15293,AM,Amazonas,North,TRUE,TRUE,mapped
202508,2025-08-01,2025,8,14,Roraima,118.65133,107.17147,RR,Roraima,North,TRUE,TRUE,mapped
202508,2025-08-01,2025,8,15,Pará,123.20897,109.91373,PA,Para,North,TRUE,TRUE,mapped
202508,2025-08-01,2025,8,16,Amapá,140.24428,127.18424,AP,Amapa,North,TRUE,TRUE,mapped
202508,2025-08-01,2025,8,17,Tocantins,130.04427,116.99048,TO,Tocantins,North,TRUE,TRUE,mapped
202508,2025-08-01,2025,8,21,Maranhão,141.71891,130.60667,MA,Maranhao,Northeast,TRUE,TRUE,mapped
202508,2025-08-01,2025,8,22,Piauí,116.76093,105.24674,PI,Piaui,Northeast,TRUE,TRUE,mapped
202508,2025-08-01,2025,8,23,Ceará,136.77273,121.35363,CE,Ceara,Northeast,TRUE,TRUE,mapped
202508,2025-08-01,2025,8,24,Rio Grande do Norte,127.30847,113.80643,RN,Rio Grande do Norte,Northeast,TRUE,TRUE,mapped
202508,2025-08-01,2025,8,25,Paraíba,122.8136,114.94970000000001,PB,Paraiba,Northeast,TRUE,TRUE,mapped
202508,2025-08-01,2025,8,26,Pernambuco,115.10485,105.21795,PE,Pernambuco,Northeast,TRUE,TRUE,mapped
202508,2025-08-01,2025,8,27,Alagoas,123.59057,113.46166,AL,Alagoas,Northeast,TRUE,TRUE,mapped
202508,2025-08-01,2025,8,28,Sergipe,116.58947,108.22103,SE,Sergipe,Northeast,TRUE,TRUE,mapped
202508,2025-08-01,2025,8,29,Bahia,123.06499,113.92666,BA,Bahia,Northeast,TRUE,TRUE,mapped
202508,2025-08-01,2025,8,31,Minas Gerais,121.0191,108.56692,MG,Minas Gerais,Southeast,TRUE,TRUE,mapped
202508,2025-08-01,2025,8,32,Espírito Santo,111.31604,104.55317,ES,Espirito Santo,Southeast,TRUE,TRUE,mapped
202508,2025-08-01,2025,8,33,Rio de Janeiro,108.42154,98.55778,RJ,Rio de Janeiro,Southeast,TRUE,TRUE,mapped
202508,2025-08-01,2025,8,35,São Paulo,118.78473,103.56698,SP,Sao Paulo,Southeast,TRUE,TRUE,mapped
202508,2025-08-01,2025,8,41,Paraná,120.08559,107.99286,PR,Parana,South,TRUE,TRUE,mapped
202508,2025-08-01,2025,8,42,Santa Catarina,124.21562,111.68783,SC,Santa Catarina,South,TRUE,TRUE,mapped
202508,2025-08-01,2025,8,43,Rio Grande do Sul,120.23085,111.12873,RS,Rio Grande do Sul,South,TRUE,TRUE,mapped
202508,2025-08-01,2025,8,50,Mato Grosso do Sul,117.69651,106.10338,MS,Mato Grosso do Sul,Center-West,TRUE,TRUE,mapped
202508,2025-08-01,2025,8,51,Mato Grosso,119.14199,109.13868,MT,Mato Grosso,Center-West,TRUE,TRUE,mapped
202508,2025-08-01,2025,8,52,Goiás,118.21137,107.01557,GO,Goias,Center-West,TRUE,TRUE,mapped
202508,2025-08-01,2025,8,53,Distrito Federal,120.53898,107.81563,DF,Distrito Federal,Center-West,TRUE,TRUE,mapped
202509,2025-09-01,2025,9,11,Rondônia,113.28571,99.58056,RO,Rondonia,North,TRUE,TRUE,mapped
202509,2025-09-01,2025,9,12,Acre,124.24645,108.60572,AC,Acre,North,TRUE,TRUE,mapped
202509,2025-09-01,2025,9,13,Amazonas,115.1745,105.7818,AM,Amazonas,North,TRUE,TRUE,mapped
202509,2025-09-01,2025,9,14,Roraima,113.14232,102.9323,RR,Roraima,North,TRUE,TRUE,mapped
202509,2025-09-01,2025,9,15,Pará,110.9114,99.35466,PA,Para,North,TRUE,TRUE,mapped
202509,2025-09-01,2025,9,16,Amapá,133.83548,122.33005,AP,Amapa,North,TRUE,TRUE,mapped
202509,2025-09-01,2025,9,17,Tocantins,128.65321,115.79351,TO,Tocantins,North,TRUE,TRUE,mapped
202509,2025-09-01,2025,9,21,Maranhão,119.97722,111.84126,MA,Maranhao,Northeast,TRUE,TRUE,mapped
202509,2025-09-01,2025,9,22,Piauí,110.48409,100.0345,PI,Piaui,Northeast,TRUE,TRUE,mapped
202509,2025-09-01,2025,9,23,Ceará,131.00916,116.57693,CE,Ceara,Northeast,TRUE,TRUE,mapped
202509,2025-09-01,2025,9,24,Rio Grande do Norte,121.79293,109.31427,RN,Rio Grande do Norte,Northeast,TRUE,TRUE,mapped
202509,2025-09-01,2025,9,25,Paraíba,114.37217,106.91816,PB,Paraiba,Northeast,TRUE,TRUE,mapped
202509,2025-09-01,2025,9,26,Pernambuco,111.91954,102.36316,PE,Pernambuco,Northeast,TRUE,TRUE,mapped
202509,2025-09-01,2025,9,27,Alagoas,117.32697,107.80597,AL,Alagoas,Northeast,TRUE,TRUE,mapped
202509,2025-09-01,2025,9,28,Sergipe,112.17393,104.38597,SE,Sergipe,Northeast,TRUE,TRUE,mapped
202509,2025-09-01,2025,9,29,Bahia,121.43373,113.03188,BA,Bahia,Northeast,TRUE,TRUE,mapped
202509,2025-09-01,2025,9,31,Minas Gerais,116.98493,105.24687,MG,Minas Gerais,Southeast,TRUE,TRUE,mapped
202509,2025-09-01,2025,9,32,Espírito Santo,107.29306,101.04608,ES,Espirito Santo,Southeast,TRUE,TRUE,mapped
202509,2025-09-01,2025,9,33,Rio de Janeiro,104.01275,94.93215,RJ,Rio de Janeiro,Southeast,TRUE,TRUE,mapped
202509,2025-09-01,2025,9,35,São Paulo,112.32798,97.81979,SP,Sao Paulo,Southeast,TRUE,TRUE,mapped
202509,2025-09-01,2025,9,41,Paraná,115.19797,103.71886,PR,Parana,South,TRUE,TRUE,mapped
202509,2025-09-01,2025,9,42,Santa Catarina,120.20488,108.00843,SC,Santa Catarina,South,TRUE,TRUE,mapped
202509,2025-09-01,2025,9,43,Rio Grande do Sul,116.2716,107.62832,RS,Rio Grande do Sul,South,TRUE,TRUE,mapped
202509,2025-09-01,2025,9,50,Mato Grosso do Sul,116.26685,105.02909,MS,Mato Grosso do Sul,Center-West,TRUE,TRUE,mapped
202509,2025-09-01,2025,9,51,Mato Grosso,117.12991,107.87537,MT,Mato Grosso,Center-West,TRUE,TRUE,mapped
202509,2025-09-01,2025,9,52,Goiás,116.4967,105.53178,GO,Goias,Center-West,TRUE,TRUE,mapped
202509,2025-09-01,2025,9,53,Distrito Federal,115.08635,102.73874,DF,Distrito Federal,Center-West,TRUE,TRUE,mapped
202510,2025-10-01,2025,10,11,Rondônia,121.83363,106.85837,RO,Rondonia,North,TRUE,TRUE,mapped
202510,2025-10-01,2025,10,12,Acre,131.29744,114.36914,AC,Acre,North,TRUE,TRUE,mapped
202510,2025-10-01,2025,10,13,Amazonas,119.22672,109.28027,AM,Amazonas,North,TRUE,TRUE,mapped
202510,2025-10-01,2025,10,14,Roraima,119.29434,108.62795,RR,Roraima,North,TRUE,TRUE,mapped
202510,2025-10-01,2025,10,15,Pará,121.75223,109.01316,PA,Para,North,TRUE,TRUE,mapped
202510,2025-10-01,2025,10,16,Amapá,143.6008,131.13565,AP,Amapa,North,TRUE,TRUE,mapped
202510,2025-10-01,2025,10,17,Tocantins,136.13207,121.63008,TO,Tocantins,North,TRUE,TRUE,mapped
202510,2025-10-01,2025,10,21,Maranhão,126.05431,117.725,MA,Maranhao,Northeast,TRUE,TRUE,mapped
202510,2025-10-01,2025,10,22,Piauí,116.73064,105.34539,PI,Piaui,Northeast,TRUE,TRUE,mapped
202510,2025-10-01,2025,10,23,Ceará,139.56594,124.14568,CE,Ceara,Northeast,TRUE,TRUE,mapped
202510,2025-10-01,2025,10,24,Rio Grande do Norte,128.25658,115.07758,RN,Rio Grande do Norte,Northeast,TRUE,TRUE,mapped
202510,2025-10-01,2025,10,25,Paraíba,121.8086,114.25335,PB,Paraiba,Northeast,TRUE,TRUE,mapped
202510,2025-10-01,2025,10,26,Pernambuco,121.34604,110.84522,PE,Pernambuco,Northeast,TRUE,TRUE,mapped
202510,2025-10-01,2025,10,27,Alagoas,124.99178,114.88714,AL,Alagoas,Northeast,TRUE,TRUE,mapped
202510,2025-10-01,2025,10,28,Sergipe,120.48822,112.23499,SE,Sergipe,Northeast,TRUE,TRUE,mapped
202510,2025-10-01,2025,10,29,Bahia,127.52331,118.78203,BA,Bahia,Northeast,TRUE,TRUE,mapped
202510,2025-10-01,2025,10,31,Minas Gerais,122.77531,110.6996,MG,Minas Gerais,Southeast,TRUE,TRUE,mapped
202510,2025-10-01,2025,10,32,Espírito Santo,117.59986,111.41505,ES,Espirito Santo,Southeast,TRUE,TRUE,mapped
202510,2025-10-01,2025,10,33,Rio de Janeiro,108.55623,99.11593,RJ,Rio de Janeiro,Southeast,TRUE,TRUE,mapped
202510,2025-10-01,2025,10,35,São Paulo,118.45549,103.45211,SP,Sao Paulo,Southeast,TRUE,TRUE,mapped
202510,2025-10-01,2025,10,41,Paraná,120.11589,108.20237,PR,Parana,South,TRUE,TRUE,mapped
202510,2025-10-01,2025,10,42,Santa Catarina,127.11211,114.25347,SC,Santa Catarina,South,TRUE,TRUE,mapped
202510,2025-10-01,2025,10,43,Rio Grande do Sul,125.20679,115.59827,RS,Rio Grande do Sul,South,TRUE,TRUE,mapped
202510,2025-10-01,2025,10,50,Mato Grosso do Sul,124.5346,112.53532,MS,Mato Grosso do Sul,Center-West,TRUE,TRUE,mapped
202510,2025-10-01,2025,10,51,Mato Grosso,120.63757,109.67145,MT,Mato Grosso,Center-West,TRUE,TRUE,mapped
202510,2025-10-01,2025,10,52,Goiás,125.52562,113.64496,GO,Goias,Center-West,TRUE,TRUE,mapped
202510,2025-10-01,2025,10,53,Distrito Federal,125.47009,113.07648,DF,Distrito Federal,Center-West,TRUE,TRUE,mapped
202511,2025-11-01,2025,11,11,Rondônia,158.98827,138.56105,RO,Rondonia,North,TRUE,TRUE,mapped
202511,2025-11-01,2025,11,12,Acre,150.0417,129.77506,AC,Acre,North,TRUE,TRUE,mapped
202511,2025-11-01,2025,11,13,Amazonas,132.63088,121.6416,AM,Amazonas,North,TRUE,TRUE,mapped
202511,2025-11-01,2025,11,14,Roraima,129.6985,118.46343,RR,Roraima,North,TRUE,TRUE,mapped
202511,2025-11-01,2025,11,15,Pará,128.49596,115.3215,PA,Para,North,TRUE,TRUE,mapped
202511,2025-11-01,2025,11,16,Amapá,150.31618,137.82725,AP,Amapa,North,TRUE,TRUE,mapped
202511,2025-11-01,2025,11,17,Tocantins,136.12528,122.20522,TO,Tocantins,North,TRUE,TRUE,mapped
202511,2025-11-01,2025,11,21,Maranhão,135.94801,126.61254,MA,Maranhao,Northeast,TRUE,TRUE,mapped
202511,2025-11-01,2025,11,22,Piauí,122.49226,110.8968,PI,Piaui,Northeast,TRUE,TRUE,mapped
202511,2025-11-01,2025,11,23,Ceará,149.25025,132.38451,CE,Ceara,Northeast,TRUE,TRUE,mapped
202511,2025-11-01,2025,11,24,Rio Grande do Norte,132.3088,118.65757,RN,Rio Grande do Norte,Northeast,TRUE,TRUE,mapped
202511,2025-11-01,2025,11,25,Paraíba,134.84546,126.89775,PB,Paraiba,Northeast,TRUE,TRUE,mapped
202511,2025-11-01,2025,11,26,Pernambuco,132.21012,120.66737,PE,Pernambuco,Northeast,TRUE,TRUE,mapped
202511,2025-11-01,2025,11,27,Alagoas,132.72724,122.10678,AL,Alagoas,Northeast,TRUE,TRUE,mapped
202511,2025-11-01,2025,11,28,Sergipe,126.66998,118.1798,SE,Sergipe,Northeast,TRUE,TRUE,mapped
202511,2025-11-01,2025,11,29,Bahia,131.04262,122.46957,BA,Bahia,Northeast,TRUE,TRUE,mapped
202511,2025-11-01,2025,11,31,Minas Gerais,127.70106,115.37581,MG,Minas Gerais,Southeast,TRUE,TRUE,mapped
202511,2025-11-01,2025,11,32,Espírito Santo,131.94172,127.24671,ES,Espirito Santo,Southeast,TRUE,TRUE,mapped
202511,2025-11-01,2025,11,33,Rio de Janeiro,113.4118,104.38366,RJ,Rio de Janeiro,Southeast,TRUE,TRUE,mapped
202511,2025-11-01,2025,11,35,São Paulo,129.02303,112.61234,SP,Sao Paulo,Southeast,TRUE,TRUE,mapped
202511,2025-11-01,2025,11,41,Paraná,128.68557,115.95483,PR,Parana,South,TRUE,TRUE,mapped
202511,2025-11-01,2025,11,42,Santa Catarina,136.40216,122.85018,SC,Santa Catarina,South,TRUE,TRUE,mapped
202511,2025-11-01,2025,11,43,Rio Grande do Sul,129.77327,120.55428,RS,Rio Grande do Sul,South,TRUE,TRUE,mapped
202511,2025-11-01,2025,11,50,Mato Grosso do Sul,126.09218,114.17405,MS,Mato Grosso do Sul,Center-West,TRUE,TRUE,mapped
202511,2025-11-01,2025,11,51,Mato Grosso,128.95547,118.30062,MT,Mato Grosso,Center-West,TRUE,TRUE,mapped
202511,2025-11-01,2025,11,52,Goiás,122.74555,110.64633,GO,Goias,Center-West,TRUE,TRUE,mapped
202511,2025-11-01,2025,11,53,Distrito Federal,130.77639,117.69363,DF,Distrito Federal,Center-West,TRUE,TRUE,mapped
202512,2025-12-01,2025,12,11,Rondônia,145.84247,126.72783,RO,Rondonia,North,TRUE,TRUE,mapped
202512,2025-12-01,2025,12,12,Acre,151.58726,131.5337,AC,Acre,North,TRUE,TRUE,mapped
202512,2025-12-01,2025,12,13,Amazonas,142.45587,129.10938,AM,Amazonas,North,TRUE,TRUE,mapped
202512,2025-12-01,2025,12,14,Roraima,132.32918,119.70762,RR,Roraima,North,TRUE,TRUE,mapped
202512,2025-12-01,2025,12,15,Pará,142.77143,127.12185,PA,Para,North,TRUE,TRUE,mapped
202512,2025-12-01,2025,12,16,Amapá,173.41358,157.89003,AP,Amapa,North,TRUE,TRUE,mapped
202512,2025-12-01,2025,12,17,Tocantins,151.42583,134.99001,TO,Tocantins,North,TRUE,TRUE,mapped
202512,2025-12-01,2025,12,21,Maranhão,146.60762,136.35869,MA,Maranhao,Northeast,TRUE,TRUE,mapped
202512,2025-12-01,2025,12,22,Piauí,137.13469,123.33797,PI,Piaui,Northeast,TRUE,TRUE,mapped
202512,2025-12-01,2025,12,23,Ceará,161.8125,142.96001,CE,Ceara,Northeast,TRUE,TRUE,mapped
202512,2025-12-01,2025,12,24,Rio Grande do Norte,144.03255,128.62683,RN,Rio Grande do Norte,Northeast,TRUE,TRUE,mapped
202512,2025-12-01,2025,12,25,Paraíba,142.50838,131.8353,PB,Paraiba,Northeast,TRUE,TRUE,mapped
202512,2025-12-01,2025,12,26,Pernambuco,143.82925,130.20334,PE,Pernambuco,Northeast,TRUE,TRUE,mapped
202512,2025-12-01,2025,12,27,Alagoas,152.83075,139.32622,AL,Alagoas,Northeast,TRUE,TRUE,mapped
202512,2025-12-01,2025,12,28,Sergipe,138.9006,128.88464,SE,Sergipe,Northeast,TRUE,TRUE,mapped
202512,2025-12-01,2025,12,29,Bahia,153.77946,142.46145,BA,Bahia,Northeast,TRUE,TRUE,mapped
202512,2025-12-01,2025,12,31,Minas Gerais,141.04735,126.05692,MG,Minas Gerais,Southeast,TRUE,TRUE,mapped
202512,2025-12-01,2025,12,32,Espírito Santo,132.91486,126.09838,ES,Espirito Santo,Southeast,TRUE,TRUE,mapped
202512,2025-12-01,2025,12,33,Rio de Janeiro,136.84871,124.71535,RJ,Rio de Janeiro,Southeast,TRUE,TRUE,mapped
202512,2025-12-01,2025,12,35,São Paulo,145.19325,126.34205,SP,Sao Paulo,Southeast,TRUE,TRUE,mapped
202512,2025-12-01,2025,12,41,Paraná,142.53668,128.86661,PR,Parana,South,TRUE,TRUE,mapped
202512,2025-12-01,2025,12,42,Santa Catarina,158.53284,143.60855,SC,Santa Catarina,South,TRUE,TRUE,mapped
202512,2025-12-01,2025,12,43,Rio Grande do Sul,146.89646,135.83438,RS,Rio Grande do Sul,South,TRUE,TRUE,mapped
202512,2025-12-01,2025,12,50,Mato Grosso do Sul,142.92146,129.00006,MS,Mato Grosso do Sul,Center-West,TRUE,TRUE,mapped
202512,2025-12-01,2025,12,51,Mato Grosso,136.27815,123.05399,MT,Mato Grosso,Center-West,TRUE,TRUE,mapped
202512,2025-12-01,2025,12,52,Goiás,139.5977,124.69494,GO,Goias,Center-West,TRUE,TRUE,mapped
202512,2025-12-01,2025,12,53,Distrito Federal,149.07707,132.84451,DF,Distrito Federal,Center-West,TRUE,TRUE,mapped
202601,2026-01-01,2026,1,11,Rondônia,114.81773,99.47394,RO,Rondonia,North,TRUE,TRUE,mapped
202601,2026-01-01,2026,1,12,Acre,125.09495,108.34876,AC,Acre,North,TRUE,TRUE,mapped
202601,2026-01-01,2026,1,13,Amazonas,110.39402,100.66315,AM,Amazonas,North,TRUE,TRUE,mapped
202601,2026-01-01,2026,1,14,Roraima,109.72712,99.25767,RR,Roraima,North,TRUE,TRUE,mapped
202601,2026-01-01,2026,1,15,Pará,112.61012,100.17305,PA,Para,North,TRUE,TRUE,mapped
202601,2026-01-01,2026,1,16,Amapá,135.6698,123.36888,AP,Amapa,North,TRUE,TRUE,mapped
202601,2026-01-01,2026,1,17,Tocantins,132.6828,118.54182,TO,Tocantins,North,TRUE,TRUE,mapped
202601,2026-01-01,2026,1,21,Maranhão,124.03496,116.09159,MA,Maranhao,Northeast,TRUE,TRUE,mapped
202601,2026-01-01,2026,1,22,Piauí,114.68536,103.08215,PI,Piaui,Northeast,TRUE,TRUE,mapped
202601,2026-01-01,2026,1,23,Ceará,134.92807,119.38842,CE,Ceara,Northeast,TRUE,TRUE,mapped
202601,2026-01-01,2026,1,24,Rio Grande do Norte,121.526,108.74871,RN,Rio Grande do Norte,Northeast,TRUE,TRUE,mapped
202601,2026-01-01,2026,1,25,Paraíba,119.53567,110.78763,PB,Paraiba,Northeast,TRUE,TRUE,mapped
202601,2026-01-01,2026,1,26,Pernambuco,126.49375,114.56333,PE,Pernambuco,Northeast,TRUE,TRUE,mapped
202601,2026-01-01,2026,1,27,Alagoas,123.42648,112.57433,AL,Alagoas,Northeast,TRUE,TRUE,mapped
202601,2026-01-01,2026,1,28,Sergipe,117.75455,109.03224,SE,Sergipe,Northeast,TRUE,TRUE,mapped
202601,2026-01-01,2026,1,29,Bahia,123.41794,113.88544,BA,Bahia,Northeast,TRUE,TRUE,mapped
202601,2026-01-01,2026,1,31,Minas Gerais,114.85272,102.524,MG,Minas Gerais,Southeast,TRUE,TRUE,mapped
202601,2026-01-01,2026,1,32,Espírito Santo,113.75357,107.78269,ES,Espirito Santo,Southeast,TRUE,TRUE,mapped
202601,2026-01-01,2026,1,33,Rio de Janeiro,110.56009,100.77325,RJ,Rio de Janeiro,Southeast,TRUE,TRUE,mapped
202601,2026-01-01,2026,1,35,São Paulo,116.68757,101.64022,SP,Sao Paulo,Southeast,TRUE,TRUE,mapped
202601,2026-01-01,2026,1,41,Paraná,115.677,104.36649,PR,Parana,South,TRUE,TRUE,mapped
202601,2026-01-01,2026,1,42,Santa Catarina,131.43106,118.85797,SC,Santa Catarina,South,TRUE,TRUE,mapped
202601,2026-01-01,2026,1,43,Rio Grande do Sul,116.52664,107.69804,RS,Rio Grande do Sul,South,TRUE,TRUE,mapped
202601,2026-01-01,2026,1,50,Mato Grosso do Sul,117.34711,105.70122,MS,Mato Grosso do Sul,Center-West,TRUE,TRUE,mapped
202601,2026-01-01,2026,1,51,Mato Grosso,115.84174,104.84564,MT,Mato Grosso,Center-West,TRUE,TRUE,mapped
202601,2026-01-01,2026,1,52,Goiás,113.58556,101.89323,GO,Goias,Center-West,TRUE,TRUE,mapped
202601,2026-01-01,2026,1,53,Distrito Federal,118.33434,105.49427,DF,Distrito Federal,Center-West,TRUE,TRUE,mapped
202602,2026-02-01,2026,2,11,Rondônia,108.40403,94.0137,RO,Rondonia,North,TRUE,TRUE,mapped
202602,2026-02-01,2026,2,12,Acre,122.78424,106.69055,AC,Acre,North,TRUE,TRUE,mapped
202602,2026-02-01,2026,2,13,Amazonas,103.69229,94.12284,AM,Amazonas,North,TRUE,TRUE,mapped
202602,2026-02-01,2026,2,14,Roraima,105.1683,94.16306,RR,Roraima,North,TRUE,TRUE,mapped
202602,2026-02-01,2026,2,15,Pará,100.07489,88.27395,PA,Para,North,TRUE,TRUE,mapped
202602,2026-02-01,2026,2,16,Amapá,127.15382,114.64071,AP,Amapa,North,TRUE,TRUE,mapped
202602,2026-02-01,2026,2,17,Tocantins,126.51374,112.90759,TO,Tocantins,North,TRUE,TRUE,mapped
202602,2026-02-01,2026,2,21,Maranhão,113.62387,106.3319,MA,Maranhao,Northeast,TRUE,TRUE,mapped
202602,2026-02-01,2026,2,22,Piauí,103.54426,92.33775,PI,Piaui,Northeast,TRUE,TRUE,mapped
202602,2026-02-01,2026,2,23,Ceará,122.69414,107.93958,CE,Ceara,Northeast,TRUE,TRUE,mapped
202602,2026-02-01,2026,2,24,Rio Grande do Norte,111.95065,99.33127,RN,Rio Grande do Norte,Northeast,TRUE,TRUE,mapped
202602,2026-02-01,2026,2,25,Paraíba,108.65803,100.24814,PB,Paraiba,Northeast,TRUE,TRUE,mapped
202602,2026-02-01,2026,2,26,Pernambuco,117.73966,105.94117,PE,Pernambuco,Northeast,TRUE,TRUE,mapped
202602,2026-02-01,2026,2,27,Alagoas,112.73033,102.22244,AL,Alagoas,Northeast,TRUE,TRUE,mapped
202602,2026-02-01,2026,2,28,Sergipe,104.041,96.32149,SE,Sergipe,Northeast,TRUE,TRUE,mapped
202602,2026-02-01,2026,2,29,Bahia,116.13373,107.82968,BA,Bahia,Northeast,TRUE,TRUE,mapped
202602,2026-02-01,2026,2,31,Minas Gerais,109.61429,97.63813,MG,Minas Gerais,Southeast,TRUE,TRUE,mapped
202602,2026-02-01,2026,2,32,Espírito Santo,100.16745,93.44265,ES,Espirito Santo,Southeast,TRUE,TRUE,mapped
202602,2026-02-01,2026,2,33,Rio de Janeiro,102.36009,93.06629,RJ,Rio de Janeiro,Southeast,TRUE,TRUE,mapped
202602,2026-02-01,2026,2,35,São Paulo,108.47181,94.00642,SP,Sao Paulo,Southeast,TRUE,TRUE,mapped
202602,2026-02-01,2026,2,41,Paraná,110.01415,99.22239,PR,Parana,South,TRUE,TRUE,mapped
202602,2026-02-01,2026,2,42,Santa Catarina,118.67459,107.12992,SC,Santa Catarina,South,TRUE,TRUE,mapped
202602,2026-02-01,2026,2,43,Rio Grande do Sul,108.12302,100.31014,RS,Rio Grande do Sul,South,TRUE,TRUE,mapped
202602,2026-02-01,2026,2,50,Mato Grosso do Sul,111.48898,100.12198,MS,Mato Grosso do Sul,Center-West,TRUE,TRUE,mapped
202602,2026-02-01,2026,2,51,Mato Grosso,106.61331,96.34663,MT,Mato Grosso,Center-West,TRUE,TRUE,mapped
202602,2026-02-01,2026,2,52,Goiás,108.42245,97.27131,GO,Goias,Center-West,TRUE,TRUE,mapped
202602,2026-02-01,2026,2,53,Distrito Federal,110.89046,99.01335,DF,Distrito Federal,Center-West,TRUE,TRUE,mapped
202603,2026-03-01,2026,3,11,Rondônia,121.74759,103.84942,RO,Rondonia,North,TRUE,TRUE,mapped
202603,2026-03-01,2026,3,12,Acre,135.38842,116.88468,AC,Acre,North,TRUE,TRUE,mapped
202603,2026-03-01,2026,3,13,Amazonas,122.17904,108.40151,AM,Amazonas,North,TRUE,TRUE,mapped
202603,2026-03-01,2026,3,14,Roraima,121.70401,106.34113,RR,Roraima,North,TRUE,TRUE,mapped
202603,2026-03-01,2026,3,15,Pará,114.29273,98.62412,PA,Para,North,TRUE,TRUE,mapped
202603,2026-03-01,2026,3,16,Amapá,140.57519,123.9407,AP,Amapa,North,TRUE,TRUE,mapped
202603,2026-03-01,2026,3,17,Tocantins,141.97738,124.09719,TO,Tocantins,North,TRUE,TRUE,mapped
202603,2026-03-01,2026,3,21,Maranhão,131.80432,118.60879,MA,Maranhao,Northeast,TRUE,TRUE,mapped
202603,2026-03-01,2026,3,22,Piauí,120.81294,106.38023,PI,Piaui,Northeast,TRUE,TRUE,mapped
202603,2026-03-01,2026,3,23,Ceará,138.26955,119.87333,CE,Ceara,Northeast,TRUE,TRUE,mapped
202603,2026-03-01,2026,3,24,Rio Grande do Norte,124.95324,109.22897,RN,Rio Grande do Norte,Northeast,TRUE,TRUE,mapped
202603,2026-03-01,2026,3,25,Paraíba,122.54288,110.95808,PB,Paraiba,Northeast,TRUE,TRUE,mapped
202603,2026-03-01,2026,3,26,Pernambuco,133.54283,117.30421,PE,Pernambuco,Northeast,TRUE,TRUE,mapped
202603,2026-03-01,2026,3,27,Alagoas,127.34567,112.88727,AL,Alagoas,Northeast,TRUE,TRUE,mapped
202603,2026-03-01,2026,3,28,Sergipe,120.66969,108.13107,SE,Sergipe,Northeast,TRUE,TRUE,mapped
202603,2026-03-01,2026,3,29,Bahia,130.87347,115.36173,BA,Bahia,Northeast,TRUE,TRUE,mapped
202603,2026-03-01,2026,3,31,Minas Gerais,125.29005,109.70499,MG,Minas Gerais,Southeast,TRUE,TRUE,mapped
202603,2026-03-01,2026,3,32,Espírito Santo,117.71639,109.13402,ES,Espirito Santo,Southeast,TRUE,TRUE,mapped
202603,2026-03-01,2026,3,33,Rio de Janeiro,112.77911,100.84197,RJ,Rio de Janeiro,Southeast,TRUE,TRUE,mapped
202603,2026-03-01,2026,3,35,São Paulo,121.25831,103.36483,SP,Sao Paulo,Southeast,TRUE,TRUE,mapped
202603,2026-03-01,2026,3,41,Paraná,126.90871,111.70791,PR,Parana,South,TRUE,TRUE,mapped
202603,2026-03-01,2026,3,42,Santa Catarina,133.29271,117.59505,SC,Santa Catarina,South,TRUE,TRUE,mapped
202603,2026-03-01,2026,3,43,Rio Grande do Sul,126.57625,114.55189,RS,Rio Grande do Sul,South,TRUE,TRUE,mapped
202603,2026-03-01,2026,3,50,Mato Grosso do Sul,123.98532,109.15554,MS,Mato Grosso do Sul,Center-West,TRUE,TRUE,mapped
202603,2026-03-01,2026,3,51,Mato Grosso,120.74885,106.9136,MT,Mato Grosso,Center-West,TRUE,TRUE,mapped
202603,2026-03-01,2026,3,52,Goiás,127.9174,113.61401,GO,Goias,Center-West,TRUE,TRUE,mapped
202603,2026-03-01,2026,3,53,Distrito Federal,133.26666,117.86845,DF,Distrito Federal,Center-West,TRUE,TRUE,mapped
