state_abbrev,period_date,icms_siconfi,tax_siconfi,investment_siconfi,totalexp_siconfi,treated_unit,donor_pool_main,excluded_from_main_donor_pool,analysis_period,pre_instability_clean,instability_start_date,removal_date,donor_pool_exclusion_reason
AC,2017-04-01,279.5210055741918,385.2287632476355,112.595357331587,1669.9196793878746,FALSE,TRUE,FALSE,pre,TRUE,2020-09-03,2021-03-30,
AC,2017-06-01,296.3859382439438,429.12140343288445,81.21803424774099,1911.8682545359025,FALSE,TRUE,FALSE,pre,TRUE,2020-09-03,2021-03-30,
AC,2017-08-01,301.6452631007541,417.5280523372811,72.9535134976244,1567.3724569368649,FALSE,TRUE,FALSE,pre,TRUE,2020-09-03,2021-03-30,
AC,2017-10-01,303.5356380669156,425.787784571279,80.42776888877208,1672.928190646406,FALSE,TRUE,FALSE,pre,TRUE,2020-09-03,2021-03-30,
AC,2017-12-01,291.785931918866,377.97007251744606,79.69335016704248,1559.8664159459609,FALSE,TRUE,FALSE,pre,TRUE,2020-09-03,2021-03-30,
AC,2018-02-01,313.7736518420554,492.15772817951733,103.43691574155162,1767.882929652139,FALSE,TRUE,FALSE,pre,TRUE,2020-09-03,2021-03-30,
AC,2018-04-01,317.9405507091256,439.94042437201193,107.09590789378683,1733.043741431396,FALSE,TRUE,FALSE,pre,TRUE,2020-09-03,2021-03-30,
AC,2018-06-01,300.7719721284065,415.2143172351048,83.15605831022776,1541.6530822710165,FALSE,TRUE,FALSE,pre,TRUE,2020-09-03,2021-03-30,
AC,2018-08-01,332.9728895967443,456.224992020365,104.04002205435755,1678.8833984147338,FALSE,TRUE,FALSE,pre,TRUE,2020-09-03,2021-03-30,
AC,2018-10-01,317.2929443401754,450.0740527644857,147.12263444244388,1790.4496147301288,FALSE,TRUE,FALSE,pre,TRUE,2020-09-03,2021-03-30,
AC,2018-12-01,498.2031796044354,597.3603132244128,145.76032077443233,1583.3099837544019,FALSE,TRUE,FALSE,pre,TRUE,2020-09-03,2021-03-30,
AC,2019-02-01,395.40939970015495,432.71225443313074,70.08601938529016,1688.3694426627724,FALSE,TRUE,FALSE,pre,TRUE,2020-09-03,2021-03-30,
AC,2019-04-01,259.79348706619913,436.5162374329744,48.18381234402853,1515.7276176086098,FALSE,TRUE,FALSE,pre,TRUE,2020-09-03,2021-03-30,
AC,2019-06-01,298.42188291726353,433.46752688858385,43.059429712693714,1749.9376500550507,FALSE,TRUE,FALSE,pre,TRUE,2020-09-03,2021-03-30,
AC,2019-08-01,402.2313243812653,534.1287823146645,15.033038058004792,1804.783217713115,FALSE,TRUE,FALSE,pre,TRUE,2020-09-03,2021-03-30,
AC,2019-10-01,323.2581215887154,470.15434090204263,19.954905041334513,1638.9126923644253,FALSE,TRUE,FALSE,pre,TRUE,2020-09-03,2021-03-30,
AC,2019-12-01,301.5361817689807,429.83623345877174,25.533371236534308,1310.9816351227187,FALSE,TRUE,FALSE,pre,TRUE,2020-09-03,2021-03-30,
AC,2020-02-01,309.78020498984824,420.94204340773166,105.93250830855854,1764.3235268646536,FALSE,TRUE,FALSE,pre,TRUE,2020-09-03,2021-03-30,
AC,2020-04-01,299.20397296654346,435.9959640529743,63.83307319728054,1633.1927524141247,FALSE,TRUE,FALSE,pre,TRUE,2020-09-03,2021-03-30,
AC,2020-06-01,244.96258703016053,352.6455545646255,40.048678536618134,1561.8242709491592,FALSE,TRUE,FALSE,pre,TRUE,2020-09-03,2021-03-30,
AC,2020-08-01,302.01311120949464,437.05286553510194,48.79293458218467,1733.5840323913346,FALSE,TRUE,FALSE,pre,TRUE,2020-09-03,2021-03-30,
AC,2020-10-01,345.423502930106,496.0333353306707,28.22674647624154,1542.907010679686,FALSE,TRUE,FALSE,pre,TRUE,2020-09-03,2021-03-30,
AC,2020-12-01,334.4451252286722,480.1321615464071,18.0041833160726,1309.7510782200516,FALSE,TRUE,FALSE,pre,TRUE,2020-09-03,2021-03-30,
AC,2021-02-01,426.55398614076705,544.7849645696659,79.8339014629867,1712.5412148873463,FALSE,TRUE,FALSE,pre,TRUE,2020-09-03,2021-03-30,
AC,2021-04-01,343.20623174273663,471.4834995802023,65.44918722696755,1733.0618336372863,FALSE,TRUE,FALSE,post,FALSE,2020-09-03,2021-03-30,
AC,2021-06-01,342.8511715433489,499.6473681872139,88.19905838556775,1781.8877721632657,FALSE,TRUE,FALSE,post,FALSE,2020-09-03,2021-03-30,
AC,2021-08-01,325.7172951168856,469.366970576106,63.76604469210038,1462.2875644133946,FALSE,TRUE,FALSE,post,FALSE,2020-09-03,2021-03-30,
AC,2021-10-01,354.3253243543519,483.3387331581347,79.59146887745344,1631.97939403566,FALSE,TRUE,FALSE,post,FALSE,2020-09-03,2021-03-30,
AC,2021-12-01,278.56881402181995,469.54612182186776,108.1257230567757,1769.3027462525038,FALSE,TRUE,FALSE,post,FALSE,2020-09-03,2021-03-30,
AC,2022-02-01,373.8952395305927,523.1313790470375,86.19389896018355,1833.7536974202565,FALSE,TRUE,FALSE,post,FALSE,2020-09-03,2021-03-30,
AC,2022-04-01,371.9899832161254,542.7422640418679,101.95287020145773,1959.5983519500064,FALSE,TRUE,FALSE,post,FALSE,2020-09-03,2021-03-30,
AC,2022-06-01,394.08148098447407,553.5363854059195,139.61436869264725,2116.860349648905,FALSE,TRUE,FALSE,post,FALSE,2020-09-03,2021-03-30,
AC,2022-08-01,367.11397342765724,532.2196680236026,147.86323487792367,2262.8005732633756,FALSE,TRUE,FALSE,post,FALSE,2020-09-03,2021-03-30,
AC,2022-10-01,331.13911228774424,518.8323921073887,212.02132086717637,2219.400179163856,FALSE,TRUE,FALSE,post,FALSE,2020-09-03,2021-03-30,
AC,2022-12-01,342.78768976758846,571.7124226190052,346.62018008846945,2356.803560019193,FALSE,TRUE,FALSE,post,FALSE,2020-09-03,2021-03-30,
AC,2023-02-01,349.4377731371715,473.4727616860417,81.96497953689254,1907.2340959854012,FALSE,TRUE,FALSE,post,FALSE,2020-09-03,2021-03-30,
AL,2017-04-01,264.51407762799636,308.28075819863005,63.120495070092424,642.7691831390287,FALSE,FALSE,TRUE,pre,TRUE,2020-09-03,2021-03-30,coded_removal_in_scm_window:AL_2022_01
AL,2017-06-01,257.87070876827045,315.9089236743241,54.86741777619788,699.938141923891,FALSE,FALSE,TRUE,pre,TRUE,2020-09-03,2021-03-30,coded_removal_in_scm_window:AL_2022_01
AL,2017-08-01,252.19462261842182,302.1720878542079,47.84623293122745,668.957058338925,FALSE,FALSE,TRUE,pre,TRUE,2020-09-03,2021-03-30,coded_removal_in_scm_window:AL_2022_01
AL,2017-10-01,253.48984190226494,313.5010842467909,42.90112219874775,700.5247847887209,FALSE,FALSE,TRUE,pre,TRUE,2020-09-03,2021-03-30,coded_removal_in_scm_window:AL_2022_01
AL,2017-12-01,249.24870066790254,323.68441787010556,41.900822539532186,639.6504772165733,FALSE,FALSE,TRUE,pre,TRUE,2020-09-03,2021-03-30,coded_removal_in_scm_window:AL_2022_01
AL,2018-02-01,200.91155632810117,232.48430748372624,55.76145398366046,666.9457504632503,FALSE,FALSE,TRUE,pre,TRUE,2020-09-03,2021-03-30,coded_removal_in_scm_window:AL_2022_01
AL,2018-04-01,198.91516058591762,228.85991691006166,101.41889657267281,675.0136777188483,FALSE,FALSE,TRUE,pre,TRUE,2020-09-03,2021-03-30,coded_removal_in_scm_window:AL_2022_01
AL,2018-06-01,197.39596344116103,257.4565992630299,72.67452404076563,623.5085670656488,FALSE,FALSE,TRUE,pre,TRUE,2020-09-03,2021-03-30,coded_removal_in_scm_window:AL_2022_01
AL,2018-08-01,209.325529775019,270.37196418712796,69.24991117754628,644.7708110415175,FALSE,FALSE,TRUE,pre,TRUE,2020-09-03,2021-03-30,coded_removal_in_scm_window:AL_2022_01
AL,2018-10-01,212.1380499822177,255.10038853147586,64.82775288371626,785.9287023177383,FALSE,FALSE,TRUE,pre,TRUE,2020-09-03,2021-03-30,coded_removal_in_scm_window:AL_2022_01
AL,2018-12-01,191.96145544910723,269.4844076675843,72.84518787749975,440.71562249720637,FALSE,FALSE,TRUE,pre,TRUE,2020-09-03,2021-03-30,coded_removal_in_scm_window:AL_2022_01
AL,2019-02-01,198.00567314490326,245.1118916253343,66.10496662349779,732.0911294518569,FALSE,FALSE,TRUE,pre,TRUE,2020-09-03,2021-03-30,coded_removal_in_scm_window:AL_2022_01
AL,2019-04-01,204.6564076699471,257.0250426986239,64.90791651237184,651.3772799681612,FALSE,FALSE,TRUE,pre,TRUE,2020-09-03,2021-03-30,coded_removal_in_scm_window:AL_2022_01
AL,2019-06-01,202.84845221626742,256.9215195044438,48.86230641973877,656.9727481269496,FALSE,FALSE,TRUE,pre,TRUE,2020-09-03,2021-03-30,coded_removal_in_scm_window:AL_2022_01
AL,2019-08-01,200.56577627161948,257.8504416310504,29.900713590508893,636.3878411283175,FALSE,FALSE,TRUE,pre,TRUE,2020-09-03,2021-03-30,coded_removal_in_scm_window:AL_2022_01
AL,2019-10-01,209.87639539086834,270.1614333999631,48.6682685763534,683.1963100646219,FALSE,FALSE,TRUE,pre,TRUE,2020-09-03,2021-03-30,coded_removal_in_scm_window:AL_2022_01
AL,2019-12-01,219.35653835277083,267.6135603673853,55.135203235048294,348.4365675306934,FALSE,FALSE,TRUE,pre,TRUE,2020-09-03,2021-03-30,coded_removal_in_scm_window:AL_2022_01
AL,2020-02-01,203.02342731658652,256.95492376384345,53.81469296682517,890.07819606336,FALSE,FALSE,TRUE,pre,TRUE,2020-09-03,2021-03-30,coded_removal_in_scm_window:AL_2022_01
AL,2020-04-01,189.25663220940146,232.13136271352613,49.61369335121263,617.5775567856377,FALSE,FALSE,TRUE,pre,TRUE,2020-09-03,2021-03-30,coded_removal_in_scm_window:AL_2022_01
AL,2020-06-01,171.7029396303413,247.7218785578657,54.37430021894093,597.9823881036108,FALSE,FALSE,TRUE,pre,TRUE,2020-09-03,2021-03-30,coded_removal_in_scm_window:AL_2022_01
AL,2020-08-01,211.9653558601089,268.6909248235765,48.80726881794266,658.0979192041369,FALSE,FALSE,TRUE,pre,TRUE,2020-09-03,2021-03-30,coded_removal_in_scm_window:AL_2022_01
AL,2020-10-01,220.3396954696552,283.7195985670108,58.675032889598,677.7025016446067,FALSE,FALSE,TRUE,pre,TRUE,2020-09-03,2021-03-30,coded_removal_in_scm_window:AL_2022_01
AL,2020-12-01,239.60514792220363,315.94854708493585,72.04967825886676,489.02520568256114,FALSE,FALSE,TRUE,pre,TRUE,2020-09-03,2021-03-30,coded_removal_in_scm_window:AL_2022_01
AL,2021-02-01,228.6174071712732,282.5471687591134,56.08426429341456,754.537013575198,FALSE,FALSE,TRUE,pre,TRUE,2020-09-03,2021-03-30,coded_removal_in_scm_window:AL_2022_01
AL,2021-04-01,226.2034325843273,281.18129798774777,87.90735511924296,711.6529936974842,FALSE,FALSE,TRUE,post,FALSE,2020-09-03,2021-03-30,coded_removal_in_scm_window:AL_2022_01
AL,2021-06-01,218.48889340833944,273.80529326399005,55.760661149541974,694.5616849741003,FALSE,FALSE,TRUE,post,FALSE,2020-09-03,2021-03-30,coded_removal_in_scm_window:AL_2022_01
AL,2021-08-01,240.22589897444388,298.4379279644416,142.61283585912193,786.8224168176728,FALSE,FALSE,TRUE,post,FALSE,2020-09-03,2021-03-30,coded_removal_in_scm_window:AL_2022_01
AL,2021-10-01,237.4302403893207,297.36771411106434,124.19835814916834,780.0409708976292,FALSE,FALSE,TRUE,post,FALSE,2020-09-03,2021-03-30,coded_removal_in_scm_window:AL_2022_01
AL,2021-12-01,225.7556326698574,304.85173298669883,196.9893244479972,865.8143348282752,FALSE,FALSE,TRUE,post,FALSE,2020-09-03,2021-03-30,coded_removal_in_scm_window:AL_2022_01
AL,2022-02-01,244.8496497189173,322.4249146896473,75.8073992254109,836.6964492865352,FALSE,FALSE,TRUE,post,FALSE,2020-09-03,2021-03-30,coded_removal_in_scm_window:AL_2022_01
AL,2022-04-01,254.9770379550974,312.55573597987774,152.53650613629512,922.1875397094777,FALSE,FALSE,TRUE,post,FALSE,2020-09-03,2021-03-30,coded_removal_in_scm_window:AL_2022_01
AL,2022-06-01,259.48307957244066,332.97305073032817,178.08157976666058,972.1330014246212,FALSE,FALSE,TRUE,post,FALSE,2020-09-03,2021-03-30,coded_removal_in_scm_window:AL_2022_01
AL,2022-08-01,238.89801839232607,316.1029338555706,193.80523078468076,1014.6935377939851,FALSE,FALSE,TRUE,post,FALSE,2020-09-03,2021-03-30,coded_removal_in_scm_window:AL_2022_01
AL,2022-10-01,243.5938361839401,329.3337924139597,145.84032662613936,972.6134188220025,FALSE,FALSE,TRUE,post,FALSE,2020-09-03,2021-03-30,coded_removal_in_scm_window:AL_2022_01
AL,2022-12-01,226.96238721482933,331.4637298169704,175.7308656650032,1032.3246302799325,FALSE,FALSE,TRUE,post,FALSE,2020-09-03,2021-03-30,coded_removal_in_scm_window:AL_2022_01
AL,2023-02-01,227.4499164235381,318.1399544360446,67.28651591986562,938.4606805954644,FALSE,FALSE,TRUE,post,FALSE,2020-09-03,2021-03-30,coded_removal_in_scm_window:AL_2022_01
AM,2017-04-01,423.6464507192449,484.80976987316814,36.75282768160866,895.3584804097278,FALSE,FALSE,TRUE,pre,TRUE,2020-09-03,2021-03-30,coded_removal_in_scm_window:AM_2017_01
AM,2017-06-01,449.36500312175656,509.41833492224885,38.03327101220735,916.3189648126387,FALSE,FALSE,TRUE,pre,TRUE,2020-09-03,2021-03-30,coded_removal_in_scm_window:AM_2017_01
AM,2017-08-01,460.8960819039001,517.1533143832113,46.63238534078553,930.23077529124,FALSE,FALSE,TRUE,pre,TRUE,2020-09-03,2021-03-30,coded_removal_in_scm_window:AM_2017_01
AM,2017-10-01,448.4249320691259,509.46026829577016,29.525300666630518,951.146770555079,FALSE,FALSE,TRUE,pre,TRUE,2020-09-03,2021-03-30,coded_removal_in_scm_window:AM_2017_01
AM,2017-12-01,454.7329263042003,504.9744416059966,28.59112378394186,780.6531460287765,FALSE,FALSE,TRUE,pre,TRUE,2020-09-03,2021-03-30,coded_removal_in_scm_window:AM_2017_01
AM,2018-02-01,498.8934926241015,574.5380339437514,43.41053082912541,1029.9799008238358,FALSE,FALSE,TRUE,pre,TRUE,2020-09-03,2021-03-30,coded_removal_in_scm_window:AM_2017_01
AM,2018-04-01,516.7974201609355,582.1048551997092,27.158846637353797,927.8278740112115,FALSE,FALSE,TRUE,pre,TRUE,2020-09-03,2021-03-30,coded_removal_in_scm_window:AM_2017_01
AM,2018-06-01,467.25985771247724,526.9494952758467,42.14552321364733,885.8106929299263,FALSE,FALSE,TRUE,pre,TRUE,2020-09-03,2021-03-30,coded_removal_in_scm_window:AM_2017_01
AM,2018-08-01,474.0993157187528,539.8475342738373,85.1492462725662,1085.4033682567613,FALSE,FALSE,TRUE,pre,TRUE,2020-09-03,2021-03-30,coded_removal_in_scm_window:AM_2017_01
AM,2018-10-01,456.1575798454618,522.3308025687257,94.11199836544031,1027.165039810763,FALSE,FALSE,TRUE,pre,TRUE,2020-09-03,2021-03-30,coded_removal_in_scm_window:AM_2017_01
AM,2018-12-01,501.2207305189008,572.8352456995065,123.38026361831038,1068.2430876186284,FALSE,FALSE,TRUE,pre,TRUE,2020-09-03,2021-03-30,coded_removal_in_scm_window:AM_2017_01
AM,2019-02-01,501.88765921478625,579.2950098837194,38.68282032241243,1043.2214791930746,FALSE,FALSE,TRUE,pre,TRUE,2020-09-03,2021-03-30,coded_removal_in_scm_window:AM_2017_01
AM,2019-04-01,474.20457545957,543.7747395975184,26.166789384721845,927.9962170174996,FALSE,FALSE,TRUE,pre,TRUE,2020-09-03,2021-03-30,coded_removal_in_scm_window:AM_2017_01
AM,2019-06-01,480.52376804813105,548.4396397354282,30.900289812103086,1004.8520080010189,FALSE,FALSE,TRUE,pre,TRUE,2020-09-03,2021-03-30,coded_removal_in_scm_window:AM_2017_01
AM,2019-08-01,490.3542436100387,567.1200605015549,34.411144027410295,990.7728055561788,FALSE,FALSE,TRUE,pre,TRUE,2020-09-03,2021-03-30,coded_removal_in_scm_window:AM_2017_01
AM,2019-10-01,487.9404807302401,564.0982923757322,49.16449848876048,1028.6170609548624,FALSE,FALSE,TRUE,pre,TRUE,2020-09-03,2021-03-30,coded_removal_in_scm_window:AM_2017_01
AM,2019-12-01,567.4451379910353,648.0423773167676,54.06143181110189,1147.2582229514537,FALSE,FALSE,TRUE,pre,TRUE,2020-09-03,2021-03-30,coded_removal_in_scm_window:AM_2017_01
AM,2020-02-01,540.1557912516505,618.9933626829239,40.298483738891086,938.9074489097086,FALSE,FALSE,TRUE,pre,TRUE,2020-09-03,2021-03-30,coded_removal_in_scm_window:AM_2017_01
AM,2020-04-01,490.0069671260799,556.7861725339337,50.95070480079398,1053.0985818475551,FALSE,FALSE,TRUE,pre,TRUE,2020-09-03,2021-03-30,coded_removal_in_scm_window:AM_2017_01
AM,2020-06-01,424.06194167442175,494.84773893211207,39.375440438576426,982.0448152376238,FALSE,FALSE,TRUE,pre,TRUE,2020-09-03,2021-03-30,coded_removal_in_scm_window:AM_2017_01
AM,2020-08-01,496.7403990695403,579.3523699294304,29.47243753316775,854.8193680959752,FALSE,FALSE,TRUE,pre,TRUE,2020-09-03,2021-03-30,coded_removal_in_scm_window:AM_2017_01
AM,2020-10-01,563.2908624219406,646.9550732628388,56.825305210928214,1239.688613595777,FALSE,FALSE,TRUE,pre,TRUE,2020-09-03,2021-03-30,coded_removal_in_scm_window:AM_2017_01
AM,2020-12-01,565.7330537756752,659.3222807483376,24.046098967230222,1118.220315729378,FALSE,FALSE,TRUE,pre,TRUE,2020-09-03,2021-03-30,coded_removal_in_scm_window:AM_2017_01
AM,2021-02-01,526.370906742919,596.0886116292124,44.70943385663752,967.9351694365441,FALSE,FALSE,TRUE,pre,TRUE,2020-09-03,2021-03-30,coded_removal_in_scm_window:AM_2017_01
AM,2021-04-01,552.7757661804736,624.7887700381225,39.8548917912262,1123.739292397514,FALSE,FALSE,TRUE,post,FALSE,2020-09-03,2021-03-30,coded_removal_in_scm_window:AM_2017_01
AM,2021-06-01,562.0115398316088,639.4247994619703,33.13352203490077,1109.579078191388,FALSE,FALSE,TRUE,post,FALSE,2020-09-03,2021-03-30,coded_removal_in_scm_window:AM_2017_01
AM,2021-08-01,565.0270141871182,641.2059953364331,43.52344003933619,1052.0949453996602,FALSE,FALSE,TRUE,post,FALSE,2020-09-03,2021-03-30,coded_removal_in_scm_window:AM_2017_01
AM,2021-10-01,576.5347395339176,652.5910129663874,38.00848625025428,1047.7973188632204,FALSE,FALSE,TRUE,post,FALSE,2020-09-03,2021-03-30,coded_removal_in_scm_window:AM_2017_01
AM,2021-12-01,584.9901497340002,670.8664172116607,137.41442923756196,1523.0421525317229,FALSE,FALSE,TRUE,post,FALSE,2020-09-03,2021-03-30,coded_removal_in_scm_window:AM_2017_01
AM,2022-02-01,589.8296447301213,669.1464950384236,50.081291806897106,1145.5362294751992,FALSE,FALSE,TRUE,post,FALSE,2020-09-03,2021-03-30,coded_removal_in_scm_window:AM_2017_01
AM,2022-04-01,606.9087779717886,692.9874526974452,76.11999662883751,1292.734149330074,FALSE,FALSE,TRUE,post,FALSE,2020-09-03,2021-03-30,coded_removal_in_scm_window:AM_2017_01
AM,2022-06-01,564.7245829537862,660.5681592487381,179.0943579491583,1603.1655736353339,FALSE,FALSE,TRUE,post,FALSE,2020-09-03,2021-03-30,coded_removal_in_scm_window:AM_2017_01
AM,2022-08-01,628.3008913525881,722.0699390305858,80.87146952132751,1346.4042396362624,FALSE,FALSE,TRUE,post,FALSE,2020-09-03,2021-03-30,coded_removal_in_scm_window:AM_2017_01
AM,2022-10-01,606.25418097505,696.3666088761746,99.05570526856461,1488.6619971508262,FALSE,FALSE,TRUE,post,FALSE,2020-09-03,2021-03-30,coded_removal_in_scm_window:AM_2017_01
AM,2022-12-01,591.8973327841333,702.0987265438047,76.01137975902412,1333.6127763075583,FALSE,FALSE,TRUE,post,FALSE,2020-09-03,2021-03-30,coded_removal_in_scm_window:AM_2017_01
AM,2023-02-01,574.6347932452888,660.5579623409018,61.51671060714444,1281.6660732632106,FALSE,FALSE,TRUE,post,FALSE,2020-09-03,2021-03-30,coded_removal_in_scm_window:AM_2017_01
AP,2017-04-01,222.31110885830446,300.23238149435264,41.18910436693122,1569.9701270285805,FALSE,TRUE,FALSE,pre,TRUE,2020-09-03,2021-03-30,
AP,2017-06-01,224.4574223161091,318.9857487042871,55.421199003091346,1303.4364344182356,FALSE,TRUE,FALSE,pre,TRUE,2020-09-03,2021-03-30,
AP,2017-08-01,87.99797321796342,337.5891825791509,44.20123766984643,1404.462064135214,FALSE,TRUE,FALSE,pre,TRUE,2020-09-03,2021-03-30,
AP,2017-10-01,153.18035544346478,269.8066957047647,41.185562572073565,1353.0374160727379,FALSE,TRUE,FALSE,pre,TRUE,2020-09-03,2021-03-30,
AP,2017-12-01,364.01306945050624,381.16247071237063,3.0930336959802673,698.9029040826281,FALSE,TRUE,FALSE,pre,TRUE,2020-09-03,2021-03-30,
AP,2018-02-01,244.76420330838593,293.80217141510445,46.56743547613245,1409.3194735642132,FALSE,TRUE,FALSE,pre,TRUE,2020-09-03,2021-03-30,
AP,2018-04-01,186.61965961442056,300.6115541007249,42.37061840224569,1264.162527452469,FALSE,TRUE,FALSE,pre,TRUE,2020-09-03,2021-03-30,
AP,2018-06-01,223.0664693949808,363.9722552142026,37.60583599872266,1428.3475660300928,FALSE,TRUE,FALSE,pre,TRUE,2020-09-03,2021-03-30,
AP,2018-08-01,218.13986603838237,420.33257747120894,47.767576739430226,1281.93144112394,FALSE,TRUE,FALSE,pre,TRUE,2020-09-03,2021-03-30,
AP,2018-10-01,223.4256843877932,407.84718158053084,26.69746029679323,1179.447121315677,FALSE,TRUE,FALSE,pre,TRUE,2020-09-03,2021-03-30,
AP,2018-12-01,225.0511960507999,380.44023801627225,-27.796324800709094,1061.7587259293193,FALSE,TRUE,FALSE,pre,TRUE,2020-09-03,2021-03-30,
AP,2019-02-01,215.2887377487065,375.8305734516324,42.5798477810949,1451.4040163988698,FALSE,TRUE,FALSE,pre,TRUE,2020-09-03,2021-03-30,
AP,2019-04-01,228.83369973721415,354.9103782706566,43.665082581208146,1175.204693430326,FALSE,TRUE,FALSE,pre,TRUE,2020-09-03,2021-03-30,
AP,2019-06-01,219.21165653004564,321.0851691912058,46.59080480533778,1142.0620879992553,FALSE,TRUE,FALSE,pre,TRUE,2020-09-03,2021-03-30,
AP,2019-08-01,222.32821499515143,307.45003375863064,46.62654063720545,1072.6563886032147,FALSE,TRUE,FALSE,pre,TRUE,2020-09-03,2021-03-30,
AP,2019-10-01,235.16470027014546,365.5427962357482,69.3854094036954,1417.092833650539,FALSE,TRUE,FALSE,pre,TRUE,2020-09-03,2021-03-30,
AP,2019-12-01,259.6795373666532,357.78843694606616,-18.286702391237064,1878.4923016509663,FALSE,TRUE,FALSE,pre,TRUE,2020-09-03,2021-03-30,
AP,2020-02-01,170.80804969114294,261.22608128930756,44.28007212229499,1470.4943695075917,FALSE,TRUE,FALSE,pre,TRUE,2020-09-03,2021-03-30,
AP,2020-04-01,154.3572747303439,220.27651679444642,39.5142334061091,966.121539568594,FALSE,TRUE,FALSE,pre,TRUE,2020-09-03,2021-03-30,
AP,2020-06-01,120.05918074093347,187.27329187428336,36.8975987250113,1359.2626203906373,FALSE,TRUE,FALSE,pre,TRUE,2020-09-03,2021-03-30,
AP,2020-08-01,168.6683659875693,298.27321796498285,25.5993234659677,1152.3984463400952,FALSE,TRUE,FALSE,pre,TRUE,2020-09-03,2021-03-30,
AP,2020-10-01,184.86388880617312,303.56413877785883,17.661382179089223,1410.8202447590043,FALSE,TRUE,FALSE,pre,TRUE,2020-09-03,2021-03-30,
AP,2020-12-01,193.99491744631337,285.9910196657337,24.942749439690047,1375.5901007682462,FALSE,TRUE,FALSE,pre,TRUE,2020-09-03,2021-03-30,
AP,2021-02-01,191.80681475777166,328.4539639380159,44.732553368208364,1493.1084529044865,FALSE,TRUE,FALSE,pre,TRUE,2020-09-03,2021-03-30,
AP,2021-04-01,180.57274812137982,297.46664994535917,39.71239241050142,1039.1789329759654,FALSE,TRUE,FALSE,post,FALSE,2020-09-03,2021-03-30,
AP,2021-06-01,195.22284508357902,297.51934447539236,42.812066866430825,980.9692033412596,FALSE,TRUE,FALSE,post,FALSE,2020-09-03,2021-03-30,
AP,2021-08-01,188.29036955684143,254.7916909719583,41.620633391988896,1288.3422498081595,FALSE,TRUE,FALSE,post,FALSE,2020-09-03,2021-03-30,
AP,2021-10-01,190.47040830469567,284.75300077874385,54.72497096094855,1169.2603417125563,FALSE,TRUE,FALSE,post,FALSE,2020-09-03,2021-03-30,
AP,2021-12-01,188.4555405541984,453.8298625833992,44.748004518419194,1780.0779655236036,FALSE,TRUE,FALSE,post,FALSE,2020-09-03,2021-03-30,
AP,2022-02-01,227.1938690277396,401.55434688450526,54.87925237307935,1628.616511170213,FALSE,TRUE,FALSE,post,FALSE,2020-09-03,2021-03-30,
AP,2022-04-01,216.64647595283776,349.50076294695504,68.68229180503089,1387.3260221663404,FALSE,TRUE,FALSE,post,FALSE,2020-09-03,2021-03-30,
AP,2022-06-01,229.80406222732225,384.183344788099,121.78046045741542,1583.6726696404683,FALSE,TRUE,FALSE,post,FALSE,2020-09-03,2021-03-30,
AP,2022-08-01,227.10098220685106,331.00993157170296,218.1726391449027,1590.7656603402752,FALSE,TRUE,FALSE,post,FALSE,2020-09-03,2021-03-30,
AP,2022-10-01,208.4032234721543,340.15864999477446,175.82016704176482,1644.5668640066785,FALSE,TRUE,FALSE,post,FALSE,2020-09-03,2021-03-30,
AP,2022-12-01,206.7927524248855,283.644549270501,256.3297523110752,3047.1927310900546,FALSE,TRUE,FALSE,post,FALSE,2020-09-03,2021-03-30,
AP,2023-02-01,208.80978993891097,352.1614585874874,41.11985474690881,2016.2156225742333,FALSE,TRUE,FALSE,post,FALSE,2020-09-03,2021-03-30,
BA,2017-04-01,318.52041720746985,385.1195957095273,45.717533830780546,685.3225111230606,FALSE,TRUE,FALSE,pre,TRUE,2020-09-03,2021-03-30,
BA,2017-06-01,300.0703805631939,382.4755388306476,35.18204479294506,677.2603036024349,FALSE,TRUE,FALSE,pre,TRUE,2020-09-03,2021-03-30,
BA,2017-08-01,305.9164186066629,374.9402210677527,38.40718772745477,678.5401463875074,FALSE,TRUE,FALSE,pre,TRUE,2020-09-03,2021-03-30,
BA,2017-10-01,306.52355695758337,370.94225456001044,48.67509356788713,676.5336691444426,FALSE,TRUE,FALSE,pre,TRUE,2020-09-03,2021-03-30,
BA,2017-12-01,295.94859648091153,371.9533067129351,26.352418765825938,662.9707322646775,FALSE,TRUE,FALSE,pre,TRUE,2020-09-03,2021-03-30,
BA,2018-02-01,323.18128615024233,407.4385396411789,46.492304073458634,746.6440272597631,FALSE,TRUE,FALSE,pre,TRUE,2020-09-03,2021-03-30,
BA,2018-04-01,332.08866462345117,405.9970883468531,33.739642610634114,756.5086479550043,FALSE,TRUE,FALSE,pre,TRUE,2020-09-03,2021-03-30,
BA,2018-06-01,312.8450282110374,395.1692279582291,40.19791973320225,711.9154309642913,FALSE,TRUE,FALSE,pre,TRUE,2020-09-03,2021-03-30,
BA,2018-08-01,343.82563268142195,421.3072104826006,37.86285466692867,746.6235758609305,FALSE,TRUE,FALSE,pre,TRUE,2020-09-03,2021-03-30,
BA,2018-10-01,356.37168616116446,431.87978136937147,50.57919537682691,707.1524166224546,FALSE,TRUE,FALSE,pre,TRUE,2020-09-03,2021-03-30,
BA,2018-12-01,377.3841915754012,465.7110379932333,39.61757589783181,715.315282771682,FALSE,TRUE,FALSE,pre,TRUE,2020-09-03,2021-03-30,
BA,2019-02-01,332.2343878598797,415.0914036103355,49.02921068740359,574.2546427290416,FALSE,TRUE,FALSE,pre,TRUE,2020-09-03,2021-03-30,
BA,2019-04-01,343.0610566362293,415.8018267194468,35.8415056709701,927.7584812239197,FALSE,TRUE,FALSE,pre,TRUE,2020-09-03,2021-03-30,
BA,2019-06-01,348.56136742624693,439.38497803526576,32.97581060644481,723.4797053229526,FALSE,TRUE,FALSE,pre,TRUE,2020-09-03,2021-03-30,
BA,2019-08-01,346.86484058334526,425.39592064085673,28.481403159085733,741.3843514946274,FALSE,TRUE,FALSE,pre,TRUE,2020-09-03,2021-03-30,
BA,2019-10-01,344.39065863272987,432.33907154440874,28.64838511036536,716.4946774375121,FALSE,TRUE,FALSE,pre,TRUE,2020-09-03,2021-03-30,
BA,2019-12-01,351.55649444705324,435.1482293414292,42.385860239021184,720.9542904044724,FALSE,TRUE,FALSE,pre,TRUE,2020-09-03,2021-03-30,
BA,2020-02-01,346.2655746950131,435.0250948226896,46.00043800210608,767.3836280471749,FALSE,TRUE,FALSE,pre,TRUE,2020-09-03,2021-03-30,
BA,2020-04-01,325.87732581839094,393.82281053865705,33.396720193055856,721.9371694013059,FALSE,TRUE,FALSE,pre,TRUE,2020-09-03,2021-03-30,
BA,2020-06-01,272.142583538283,358.07928340493174,24.265517642869302,684.3722193142452,FALSE,TRUE,FALSE,pre,TRUE,2020-09-03,2021-03-30,
BA,2020-08-01,337.2434169563734,426.9602980532951,25.978969188154426,699.0473441395415,FALSE,TRUE,FALSE,pre,TRUE,2020-09-03,2021-03-30,
BA,2020-10-01,347.07867880666436,429.0034634041425,34.65111952643879,735.0317181524711,FALSE,TRUE,FALSE,pre,TRUE,2020-09-03,2021-03-30,
BA,2020-12-01,365.3438195637028,447.85713006267616,43.87720757641648,701.8829279787756,FALSE,TRUE,FALSE,pre,TRUE,2020-09-03,2021-03-30,
BA,2021-02-01,395.27373520321873,477.94689465069007,41.06125627444712,761.773970159187,FALSE,TRUE,FALSE,pre,TRUE,2020-09-03,2021-03-30,
BA,2021-04-01,357.7796742302006,436.86839425100095,41.468220284757756,751.8851372708106,FALSE,TRUE,FALSE,post,FALSE,2020-09-03,2021-03-30,
BA,2021-06-01,375.4814000688063,465.68505549353017,40.731482395934385,757.2791401021514,FALSE,TRUE,FALSE,post,FALSE,2020-09-03,2021-03-30,
BA,2021-08-01,388.3702197721495,465.44339169187157,53.74383730033582,755.08540020021,FALSE,TRUE,FALSE,post,FALSE,2020-09-03,2021-03-30,
BA,2021-10-01,396.42247401940034,482.82874840793664,41.67113067877733,733.0402813413868,FALSE,TRUE,FALSE,post,FALSE,2020-09-03,2021-03-30,
BA,2021-12-01,376.6966893699964,456.5611600481392,56.84231463849329,723.1013516128453,FALSE,TRUE,FALSE,post,FALSE,2020-09-03,2021-03-30,
BA,2022-02-01,410.3656645568196,525.5247740552176,62.14442504002223,812.4584756078611,FALSE,TRUE,FALSE,post,FALSE,2020-09-03,2021-03-30,
BA,2022-04-01,424.92887240260944,510.44959482070055,85.51428680457649,845.9815653635834,FALSE,TRUE,FALSE,post,FALSE,2020-09-03,2021-03-30,
BA,2022-06-01,407.04027778297774,502.8451404848809,129.6457410304767,882.3066215660014,FALSE,TRUE,FALSE,post,FALSE,2020-09-03,2021-03-30,
BA,2022-08-01,405.81967860462095,495.2705922073913,149.05829164538147,997.8409231299007,FALSE,TRUE,FALSE,post,FALSE,2020-09-03,2021-03-30,
BA,2022-10-01,388.9597630729071,479.3816465119206,184.54983089621348,1020.6254242806884,FALSE,TRUE,FALSE,post,FALSE,2020-09-03,2021-03-30,
BA,2022-12-01,337.48157011419755,445.98478828543335,185.26204494097186,1058.6402558854134,FALSE,TRUE,FALSE,post,FALSE,2020-09-03,2021-03-30,
BA,2023-02-01,341.20497468850397,465.8208564602551,55.76604761172291,823.330150060478,FALSE,TRUE,FALSE,post,FALSE,2020-09-03,2021-03-30,
CE,2017-04-01,260.73714626968354,339.35159527250346,64.82067551563134,666.112907167804,FALSE,TRUE,FALSE,pre,TRUE,2020-09-03,2021-03-30,
CE,2017-06-01,286.3659237548372,374.3524606375184,54.157128367749934,634.3242455507326,FALSE,TRUE,FALSE,pre,TRUE,2020-09-03,2021-03-30,
CE,2017-08-01,272.8846590084755,345.036715723865,63.91326990276057,665.6274154054101,FALSE,TRUE,FALSE,pre,TRUE,2020-09-03,2021-03-30,
CE,2017-10-01,279.37401526894485,348.5300801562001,55.966668110108166,634.075228406757,FALSE,TRUE,FALSE,pre,TRUE,2020-09-03,2021-03-30,
CE,2017-12-01,292.5628768532313,360.2200170358254,56.43374997252221,669.2360622421628,FALSE,TRUE,FALSE,pre,TRUE,2020-09-03,2021-03-30,
CE,2018-02-01,283.93457487049443,364.76399613013524,67.84968107669776,697.0710434129686,FALSE,TRUE,FALSE,pre,TRUE,2020-09-03,2021-03-30,
CE,2018-04-01,281.2290465730635,364.1968135232478,63.62773014470913,673.5857018519923,FALSE,TRUE,FALSE,pre,TRUE,2020-09-03,2021-03-30,
CE,2018-06-01,261.2412800928797,345.8083775949618,79.18684093758056,653.8830778468322,FALSE,TRUE,FALSE,pre,TRUE,2020-09-03,2021-03-30,
CE,2018-08-01,285.3391888133322,359.343430210293,80.82705833603775,709.7312180456527,FALSE,TRUE,FALSE,pre,TRUE,2020-09-03,2021-03-30,
CE,2018-10-01,281.39573846493124,362.72269532092264,88.37585229303743,701.3804289664622,FALSE,TRUE,FALSE,pre,TRUE,2020-09-03,2021-03-30,
CE,2018-12-01,291.93483704748377,354.83157299107745,70.95377604832231,678.0499071575001,FALSE,TRUE,FALSE,pre,TRUE,2020-09-03,2021-03-30,
CE,2019-02-01,296.451225972759,385.6344359690641,63.01549757114105,709.7528842591861,FALSE,TRUE,FALSE,pre,TRUE,2020-09-03,2021-03-30,
CE,2019-04-01,291.5767218361271,377.4450189100627,44.204170887857,623.8193744684168,FALSE,TRUE,FALSE,pre,TRUE,2020-09-03,2021-03-30,
CE,2019-06-01,289.78736782598645,440.8301526741226,43.82895579562079,638.9561440408232,FALSE,TRUE,FALSE,pre,TRUE,2020-09-03,2021-03-30,
CE,2019-08-01,301.15118896390834,380.6709649570494,40.29300958958825,696.9373992247547,FALSE,TRUE,FALSE,pre,TRUE,2020-09-03,2021-03-30,
CE,2019-10-01,308.0426527805395,386.9650033572608,53.02495300937997,697.6803630012841,FALSE,TRUE,FALSE,pre,TRUE,2020-09-03,2021-03-30,
CE,2019-12-01,304.0720608724365,345.3175085372087,45.311719487136244,657.2264934966252,FALSE,TRUE,FALSE,pre,TRUE,2020-09-03,2021-03-30,
CE,2020-02-01,304.07135970843865,388.47850017445586,57.137682135804496,696.4456638351488,FALSE,TRUE,FALSE,pre,TRUE,2020-09-03,2021-03-30,
CE,2020-04-01,254.05611850616597,322.68234182245544,69.89574709899796,694.1227885714218,FALSE,TRUE,FALSE,pre,TRUE,2020-09-03,2021-03-30,
CE,2020-06-01,207.23042251328482,282.299114913103,29.483467827634463,587.2884948857363,FALSE,TRUE,FALSE,pre,TRUE,2020-09-03,2021-03-30,
CE,2020-08-01,297.35910101941045,374.12268431617383,46.054277516745415,664.3632931267863,FALSE,TRUE,FALSE,pre,TRUE,2020-09-03,2021-03-30,
CE,2020-10-01,328.01287894841175,403.1032664867005,46.05301079284963,655.8376106643938,FALSE,TRUE,FALSE,pre,TRUE,2020-09-03,2021-03-30,
CE,2020-12-01,342.8442267127795,407.54698453344713,26.715845370680654,640.3060275655223,FALSE,TRUE,FALSE,pre,TRUE,2020-09-03,2021-03-30,
CE,2021-02-01,329.8543827945115,413.6194463528257,60.612023127838725,674.9713015174623,FALSE,TRUE,FALSE,pre,TRUE,2020-09-03,2021-03-30,
CE,2021-04-01,299.25810082068847,375.3916962002197,41.17220918959106,655.3855908148855,FALSE,TRUE,FALSE,post,FALSE,2020-09-03,2021-03-30,
CE,2021-06-01,292.8289614234737,379.1290131934083,44.638218719705044,719.5089475800477,FALSE,TRUE,FALSE,post,FALSE,2020-09-03,2021-03-30,
CE,2021-08-01,333.8318890118531,408.76817856687285,46.70661753086557,644.7262356736426,FALSE,TRUE,FALSE,post,FALSE,2020-09-03,2021-03-30,
CE,2021-10-01,326.985745118258,395.27885619934517,54.32948725735164,678.1131941555626,FALSE,TRUE,FALSE,post,FALSE,2020-09-03,2021-03-30,
CE,2021-12-01,349.6906669729987,421.4245054103144,66.68823394738806,732.5795836079329,FALSE,TRUE,FALSE,post,FALSE,2020-09-03,2021-03-30,
CE,2022-02-01,231.04497017470985,285.28870847091804,60.470008338303266,603.0376010080766,FALSE,TRUE,FALSE,post,FALSE,2020-09-03,2021-03-30,
CE,2022-04-01,248.6812171097377,334.77545991012846,65.05558049926226,647.2901716300436,FALSE,TRUE,FALSE,post,FALSE,2020-09-03,2021-03-30,
CE,2022-06-01,244.97357836973706,320.6789223708437,97.66934460727292,819.1616610661188,FALSE,TRUE,FALSE,post,FALSE,2020-09-03,2021-03-30,
CE,2022-08-01,233.40263549877506,326.00542514984215,85.00546335911373,671.113174619962,FALSE,TRUE,FALSE,post,FALSE,2020-09-03,2021-03-30,
CE,2022-10-01,232.79922365015835,313.3216035836953,82.67640159617669,699.4230897847526,FALSE,TRUE,FALSE,post,FALSE,2020-09-03,2021-03-30,
CE,2022-12-01,209.44361006216326,292.0091220274536,79.50573821563876,748.4959037856086,FALSE,TRUE,FALSE,post,FALSE,2020-09-03,2021-03-30,
CE,2023-02-01,214.0167124876129,279.35317965785646,53.816264228232654,712.14148545972,FALSE,TRUE,FALSE,post,FALSE,2020-09-03,2021-03-30,
DF,2017-04-01,664.0728213990839,1266.1485703323083,56.396143060781,1469.264338986812,FALSE,TRUE,FALSE,pre,TRUE,2020-09-03,2021-03-30,
DF,2017-06-01,641.784416608872,1261.2234201775532,46.29571626638632,1742.772575426126,FALSE,TRUE,FALSE,pre,TRUE,2020-09-03,2021-03-30,
DF,2017-08-01,646.1875612032693,1252.3748912799663,78.86622768605784,1422.3166132646509,FALSE,TRUE,FALSE,pre,TRUE,2020-09-03,2021-03-30,
DF,2017-10-01,647.6959434886998,1336.5772662356326,54.870584577343394,1753.970826423901,FALSE,TRUE,FALSE,pre,TRUE,2020-09-03,2021-03-30,
DF,2017-12-01,665.7681357986675,1268.7052274335144,57.90630351099844,1830.3169730141994,FALSE,TRUE,FALSE,pre,TRUE,2020-09-03,2021-03-30,
DF,2018-02-01,671.0702123750515,1305.7760670521359,59.01913343400359,1583.1328213674083,FALSE,TRUE,FALSE,pre,TRUE,2020-09-03,2021-03-30,
DF,2018-04-01,687.3886488633797,1355.310448079847,58.69989426119368,2027.1357128927493,FALSE,TRUE,FALSE,pre,TRUE,2020-09-03,2021-03-30,
DF,2018-06-01,633.3732445482781,1251.339502904038,73.62965682176579,1801.8851398709685,FALSE,TRUE,FALSE,pre,TRUE,2020-09-03,2021-03-30,
DF,2018-08-01,688.8500837440445,1366.300629420651,92.57605707464121,1985.6740195790496,FALSE,TRUE,FALSE,pre,TRUE,2020-09-03,2021-03-30,
DF,2018-10-01,674.3808135844874,1337.7867535636494,79.66583393696891,1848.0271468276756,FALSE,TRUE,FALSE,pre,TRUE,2020-09-03,2021-03-30,
DF,2018-12-01,695.4665859320795,1400.6823247168963,64.26580292573709,1804.4592016996721,FALSE,TRUE,FALSE,pre,TRUE,2020-09-03,2021-03-30,
DF,2019-02-01,637.2443388835985,1276.964743488653,57.94462856045737,1665.3659499017308,FALSE,TRUE,FALSE,pre,TRUE,2020-09-03,2021-03-30,
DF,2019-04-01,652.0822759721581,1368.2647263537272,52.63407396748519,1709.9756540564315,FALSE,TRUE,FALSE,pre,TRUE,2020-09-03,2021-03-30,
DF,2019-06-01,668.7201412121638,1311.4161455004285,44.64963994269669,1820.2950482009392,FALSE,TRUE,FALSE,pre,TRUE,2020-09-03,2021-03-30,
DF,2019-08-01,644.8528390584883,1321.4524030358896,42.939318513992276,1778.978876718515,FALSE,TRUE,FALSE,pre,TRUE,2020-09-03,2021-03-30,
DF,2019-10-01,662.1101509880234,1354.6123534493436,52.60430871798049,1779.5333826026379,FALSE,TRUE,FALSE,pre,TRUE,2020-09-03,2021-03-30,
DF,2019-12-01,675.9590425674104,1363.3055642552388,67.46356493492057,1786.8742363651022,FALSE,TRUE,FALSE,pre,TRUE,2020-09-03,2021-03-30,
DF,2020-02-01,693.482403880511,1387.6497118489283,58.79788330639761,1886.8020764665857,FALSE,TRUE,FALSE,pre,TRUE,2020-09-03,2021-03-30,
DF,2020-04-01,632.6141472911703,1305.6822433791758,58.86063384859392,1875.318775647233,FALSE,TRUE,FALSE,pre,TRUE,2020-09-03,2021-03-30,
DF,2020-06-01,552.3591045859063,1214.2228769178935,50.71304389591576,1647.391548765683,FALSE,TRUE,FALSE,pre,TRUE,2020-09-03,2021-03-30,
DF,2020-08-01,655.63734241686,1382.6186760605078,33.86998973107143,1657.2880706876708,FALSE,TRUE,FALSE,pre,TRUE,2020-09-03,2021-03-30,
DF,2020-10-01,723.7626667136016,1348.1636712217053,44.39093224258471,1790.0433683580552,FALSE,TRUE,FALSE,pre,TRUE,2020-09-03,2021-03-30,
DF,2020-12-01,725.8052526259323,1348.3991909754006,26.258951647390575,1400.160280624168,FALSE,TRUE,FALSE,pre,TRUE,2020-09-03,2021-03-30,
DF,2021-02-01,695.6215073172813,1416.1462784017538,57.75288538412732,1985.183913266526,FALSE,TRUE,FALSE,pre,TRUE,2020-09-03,2021-03-30,
DF,2021-04-01,663.289763290094,1390.6081687933927,76.63106237614507,1837.639226611741,FALSE,TRUE,FALSE,post,FALSE,2020-09-03,2021-03-30,
DF,2021-06-01,225.61202438119295,771.1133174480085,52.41635350266502,1713.6755288328823,FALSE,TRUE,FALSE,post,FALSE,2020-09-03,2021-03-30,
DF,2021-08-01,623.2288813635864,1284.564799536816,30.666421790277397,1642.7881473203217,FALSE,TRUE,FALSE,post,FALSE,2020-09-03,2021-03-30,
DF,2021-10-01,550.8199776388138,1183.4255529210654,33.937370550584255,1761.4956215964194,FALSE,TRUE,FALSE,post,FALSE,2020-09-03,2021-03-30,
DF,2021-12-01,575.5836717306181,1146.925769516106,40.016659542935074,1671.0780266119186,FALSE,TRUE,FALSE,post,FALSE,2020-09-03,2021-03-30,
DF,2022-02-01,615.5449329411404,1359.8159612926966,68.6319873381428,2001.3129038833645,FALSE,TRUE,FALSE,post,FALSE,2020-09-03,2021-03-30,
DF,2022-04-01,595.2146110395181,1298.069478897413,69.26396115652614,1975.3736010823616,FALSE,TRUE,FALSE,post,FALSE,2020-09-03,2021-03-30,
DF,2022-06-01,568.6864734787441,1332.5546461360273,69.5207587860753,2212.603568592601,FALSE,TRUE,FALSE,post,FALSE,2020-09-03,2021-03-30,
DF,2022-08-01,597.7589998970681,1240.3230068013602,91.11900051850716,2134.434102442638,FALSE,TRUE,FALSE,post,FALSE,2020-09-03,2021-03-30,
DF,2022-10-01,389.29761770257056,1097.5587031947675,90.71188627944089,2127.457988891826,FALSE,TRUE,FALSE,post,FALSE,2020-09-03,2021-03-30,
DF,2022-12-01,553.611726676145,1222.1717662770632,80.86828028286382,2064.3972619838178,FALSE,TRUE,FALSE,post,FALSE,2020-09-03,2021-03-30,
DF,2023-02-01,502.4162867567883,1225.6708791304509,71.22299414257074,1947.8885689468975,FALSE,TRUE,FALSE,post,FALSE,2020-09-03,2021-03-30,
ES,2017-04-01,342.8326333274556,430.7132280974279,44.016448047584646,747.0396651338366,FALSE,TRUE,FALSE,pre,TRUE,2020-09-03,2021-03-30,
ES,2017-06-01,354.8588080635009,480.91910461113224,23.42469980871121,768.4654541413277,FALSE,TRUE,FALSE,pre,TRUE,2020-09-03,2021-03-30,
ES,2017-08-01,330.1981342333996,435.025417256011,17.953843225341892,726.8683769617454,FALSE,TRUE,FALSE,pre,TRUE,2020-09-03,2021-03-30,
ES,2017-10-01,380.00729383156363,466.964734740378,20.822634492287694,767.6483637367429,FALSE,TRUE,FALSE,pre,TRUE,2020-09-03,2021-03-30,
ES,2017-12-01,361.81528108838154,438.11009400620236,29.681451010975927,743.5885225470013,FALSE,TRUE,FALSE,pre,TRUE,2020-09-03,2021-03-30,
ES,2018-02-01,376.94364562894987,477.8115474191384,55.860732033343524,815.8047376798331,FALSE,TRUE,FALSE,pre,TRUE,2020-09-03,2021-03-30,
ES,2018-04-01,398.8211480173139,498.76362679424244,51.23085217736238,791.0345445328372,FALSE,TRUE,FALSE,pre,TRUE,2020-09-03,2021-03-30,
ES,2018-06-01,359.9587399689713,474.276063663055,42.50748776324519,819.0944049491916,FALSE,TRUE,FALSE,pre,TRUE,2020-09-03,2021-03-30,
ES,2018-08-01,379.8418424970077,493.16083661919134,27.330211601241913,823.6291204016115,FALSE,TRUE,FALSE,pre,TRUE,2020-09-03,2021-03-30,
ES,2018-10-01,398.77523354678107,493.71697672480485,50.202418320131066,815.10004215908,FALSE,TRUE,FALSE,pre,TRUE,2020-09-03,2021-03-30,
ES,2018-12-01,401.1168476308103,503.49979473643594,63.827174221841254,886.5134868668006,FALSE,TRUE,FALSE,pre,TRUE,2020-09-03,2021-03-30,
ES,2019-02-01,413.28665270524914,526.3025397765808,54.24353615101693,837.0957759442085,FALSE,TRUE,FALSE,pre,TRUE,2020-09-03,2021-03-30,
ES,2019-04-01,413.06602736048836,524.3473184478331,52.78468612149129,814.2335775934388,FALSE,TRUE,FALSE,pre,TRUE,2020-09-03,2021-03-30,
ES,2019-06-01,423.3663047577138,529.2797853795231,36.48877084032319,797.7779320664779,FALSE,TRUE,FALSE,pre,TRUE,2020-09-03,2021-03-30,
ES,2019-08-01,411.5323381986518,523.4020209443461,44.2216279287411,822.5611450454959,FALSE,TRUE,FALSE,pre,TRUE,2020-09-03,2021-03-30,
ES,2019-10-01,407.70780696330945,499.59945920725204,64.81080560356654,840.7235045221113,FALSE,TRUE,FALSE,pre,TRUE,2020-09-03,2021-03-30,
ES,2019-12-01,412.62437933695827,506.6908862515125,52.99392962463154,798.3406120892998,FALSE,TRUE,FALSE,pre,TRUE,2020-09-03,2021-03-30,
ES,2020-02-01,416.1599450187199,523.6234031809649,51.35561345532834,857.3362780532616,FALSE,TRUE,FALSE,pre,TRUE,2020-09-03,2021-03-30,
ES,2020-04-01,403.4564829515998,498.268803640694,78.50439992990954,878.1262022706724,FALSE,TRUE,FALSE,pre,TRUE,2020-09-03,2021-03-30,
ES,2020-06-01,328.6404915838309,432.11977439941666,79.0363927239155,832.7932149358264,FALSE,TRUE,FALSE,pre,TRUE,2020-09-03,2021-03-30,
ES,2020-08-01,407.6608386539509,519.1407250866965,83.27591834717025,845.4307054325277,FALSE,TRUE,FALSE,pre,TRUE,2020-09-03,2021-03-30,
ES,2020-10-01,488.7348990606785,585.9003081467623,43.53263378633177,793.0297889325211,FALSE,TRUE,FALSE,pre,TRUE,2020-09-03,2021-03-30,
ES,2020-12-01,436.17849765655046,531.1612093165887,55.06365844795122,844.3799787065832,FALSE,TRUE,FALSE,pre,TRUE,2020-09-03,2021-03-30,
ES,2021-02-01,454.88945852412525,553.3043065041664,51.98909586846287,856.8587360159343,FALSE,TRUE,FALSE,pre,TRUE,2020-09-03,2021-03-30,
ES,2021-04-01,459.0462773773252,551.6590569557766,66.11039911381961,864.0744928774752,FALSE,TRUE,FALSE,post,FALSE,2020-09-03,2021-03-30,
ES,2021-06-01,437.4026485703184,530.2820500640274,73.70198407210508,902.7526898752212,FALSE,TRUE,FALSE,post,FALSE,2020-09-03,2021-03-30,
ES,2021-08-01,523.9459859606446,644.5032201764178,74.54870914365519,870.4735441317573,FALSE,TRUE,FALSE,post,FALSE,2020-09-03,2021-03-30,
ES,2021-10-01,510.3216050097379,624.2152754597082,100.34665598201184,928.55976496645,FALSE,TRUE,FALSE,post,FALSE,2020-09-03,2021-03-30,
ES,2021-12-01,532.5183696909058,649.3912873915252,132.637062999409,1049.4404681698381,FALSE,TRUE,FALSE,post,FALSE,2020-09-03,2021-03-30,
ES,2022-02-01,538.3571340651797,650.2851982204884,64.38661723395697,928.2027620712952,FALSE,TRUE,FALSE,post,FALSE,2020-09-03,2021-03-30,
ES,2022-04-01,534.565414247003,684.080211203314,123.52848523730077,991.2607221865709,FALSE,TRUE,FALSE,post,FALSE,2020-09-03,2021-03-30,
ES,2022-06-01,547.8921665464719,680.1197789857372,194.62495960783218,1082.1592699082003,FALSE,TRUE,FALSE,post,FALSE,2020-09-03,2021-03-30,
ES,2022-08-01,499.9225478070989,631.7290585104496,137.82975927266426,1059.4600800898302,FALSE,TRUE,FALSE,post,FALSE,2020-09-03,2021-03-30,
ES,2022-10-01,491.7030373536678,601.3390344229209,183.63278940696156,1100.93210326124,FALSE,TRUE,FALSE,post,FALSE,2020-09-03,2021-03-30,
ES,2022-12-01,492.1534632992049,622.8764207620217,275.4611598189888,1366.2648991201631,FALSE,TRUE,FALSE,post,FALSE,2020-09-03,2021-03-30,
ES,2023-02-01,483.5771335015502,610.8563246277234,69.99247386037717,953.9797038122379,FALSE,TRUE,FALSE,post,FALSE,2020-09-03,2021-03-30,
GO,2017-04-01,340.9993932031875,485.95264587403483,29.024464665353545,874.588888340008,FALSE,TRUE,FALSE,pre,TRUE,2020-09-03,2021-03-30,
GO,2017-06-01,342.9757244594391,494.88373382452767,39.36323104013496,864.9730737576583,FALSE,TRUE,FALSE,pre,TRUE,2020-09-03,2021-03-30,
GO,2017-08-01,339.4650781489868,486.36557969204773,46.485770385239775,841.99516082611,FALSE,TRUE,FALSE,pre,TRUE,2020-09-03,2021-03-30,
GO,2017-10-01,329.9716821352666,474.173142611629,55.9212613235159,853.1763687042725,FALSE,TRUE,FALSE,pre,TRUE,2020-09-03,2021-03-30,
GO,2017-12-01,345.95931681836106,484.6035255294263,85.8490480483888,913.5966538220889,FALSE,TRUE,FALSE,pre,TRUE,2020-09-03,2021-03-30,
GO,2018-02-01,349.42504924849555,485.7760795703228,43.83058018665556,884.0796734771911,FALSE,TRUE,FALSE,pre,TRUE,2020-09-03,2021-03-30,
GO,2018-04-01,349.5536829442915,497.0819087529474,66.81541551081278,943.3879893904657,FALSE,TRUE,FALSE,pre,TRUE,2020-09-03,2021-03-30,
GO,2018-06-01,348.7483416728901,489.8850024855232,50.73172765533292,926.4987446086529,FALSE,TRUE,FALSE,pre,TRUE,2020-09-03,2021-03-30,
GO,2018-08-01,358.96310309494487,504.94462896278975,41.82069914053857,902.5215184269724,FALSE,TRUE,FALSE,pre,TRUE,2020-09-03,2021-03-30,
GO,2018-10-01,348.6461083319554,515.4128667290938,32.95779181137072,882.8110585511972,FALSE,TRUE,FALSE,pre,TRUE,2020-09-03,2021-03-30,
GO,2018-12-01,372.8150353279185,451.1262172075352,10.118295238018902,568.8462484118205,FALSE,TRUE,FALSE,pre,TRUE,2020-09-03,2021-03-30,
GO,2019-02-01,370.93244440783656,557.1307235787408,33.91075642989589,866.6188126513944,FALSE,TRUE,FALSE,pre,TRUE,2020-09-03,2021-03-30,
GO,2019-04-01,360.06147954799565,513.3601216464574,25.772432219965474,1099.576056859595,FALSE,TRUE,FALSE,pre,TRUE,2020-09-03,2021-03-30,
GO,2019-06-01,369.42921468164275,534.5613449532124,13.586011386841406,876.1970930816008,FALSE,TRUE,FALSE,pre,TRUE,2020-09-03,2021-03-30,
GO,2019-08-01,362.2480004496701,536.2860940205338,-8.443419020882507,846.2455371963017,FALSE,TRUE,FALSE,pre,TRUE,2020-09-03,2021-03-30,
GO,2019-10-01,377.69944589597765,553.4978262603317,-1.5512727533815163,874.4831438021704,FALSE,TRUE,FALSE,pre,TRUE,2020-09-03,2021-03-30,
GO,2019-12-01,363.98613257250616,544.5187807899473,10.464888454922836,967.9839356086998,FALSE,TRUE,FALSE,pre,TRUE,2020-09-03,2021-03-30,
GO,2020-02-01,372.60538012432045,539.0421708710388,34.17050561128656,842.6041879144825,FALSE,TRUE,FALSE,pre,TRUE,2020-09-03,2021-03-30,
GO,2020-04-01,335.41620084503643,471.40000448140563,21.72746488882784,825.6025300688038,FALSE,TRUE,FALSE,pre,TRUE,2020-09-03,2021-03-30,
GO,2020-06-01,323.31885993009695,458.7163928452371,24.78704226236864,809.732918507283,FALSE,TRUE,FALSE,pre,TRUE,2020-09-03,2021-03-30,
GO,2020-08-01,360.9940517204301,548.2153896662124,7.0974704189102304,792.2390306000088,FALSE,TRUE,FALSE,pre,TRUE,2020-09-03,2021-03-30,
GO,2020-10-01,336.1639313935415,516.1845539009223,16.470841326629124,832.3242663665817,FALSE,TRUE,FALSE,pre,TRUE,2020-09-03,2021-03-30,
GO,2020-12-01,387.4056174754919,547.9692399686166,24.97030862081411,1189.2067159305968,FALSE,TRUE,FALSE,pre,TRUE,2020-09-03,2021-03-30,
GO,2021-02-01,410.744897501096,578.3917921493954,37.53319761852619,960.2256215317204,FALSE,TRUE,FALSE,pre,TRUE,2020-09-03,2021-03-30,
GO,2021-04-01,417.6932872683431,580.7325759451551,33.732434533037676,788.3138867921003,FALSE,TRUE,FALSE,post,FALSE,2020-09-03,2021-03-30,
GO,2021-06-01,404.26970768730826,562.4784191676752,32.6067631226866,806.2322967498632,FALSE,TRUE,FALSE,post,FALSE,2020-09-03,2021-03-30,
GO,2021-08-01,440.03874160362926,639.3507618017628,86.25271686968728,854.7927646692378,FALSE,TRUE,FALSE,post,FALSE,2020-09-03,2021-03-30,
GO,2021-10-01,436.10829219546895,607.622415754777,84.92945503178697,932.8504946617782,FALSE,TRUE,FALSE,post,FALSE,2020-09-03,2021-03-30,
GO,2021-12-01,441.3181970430071,602.9974449200756,133.800627144475,905.6921037797781,FALSE,TRUE,FALSE,post,FALSE,2020-09-03,2021-03-30,
GO,2022-02-01,438.45368140848296,605.7706910892184,42.94299276817303,919.6374267507672,FALSE,TRUE,FALSE,post,FALSE,2020-09-03,2021-03-30,
GO,2022-04-01,438.7074116035512,611.6310727637773,39.264468013849225,895.32143294876,FALSE,TRUE,FALSE,post,FALSE,2020-09-03,2021-03-30,
GO,2022-06-01,452.7214871628252,632.89198506703,70.59358950647085,964.7276922084133,FALSE,TRUE,FALSE,post,FALSE,2020-09-03,2021-03-30,
GO,2022-08-01,406.1097708891584,578.6293180607357,28.00787282432446,921.5319972925936,FALSE,TRUE,FALSE,post,FALSE,2020-09-03,2021-03-30,
GO,2022-10-01,377.3183417635867,574.8824402508017,43.3072128714301,1349.0710183434653,FALSE,TRUE,FALSE,post,FALSE,2020-09-03,2021-03-30,
GO,2022-12-01,350.8508573600214,579.5580028177412,56.53713254717817,962.3556621574978,FALSE,TRUE,FALSE,post,FALSE,2020-09-03,2021-03-30,
GO,2023-02-01,366.567074271988,560.437783305074,41.606655472142954,990.9043664249605,FALSE,TRUE,FALSE,post,FALSE,2020-09-03,2021-03-30,
MA,2017-04-01,192.59444618149914,250.78365324312242,34.99045455624393,552.9212757116314,FALSE,TRUE,FALSE,pre,TRUE,2020-09-03,2021-03-30,
MA,2017-06-01,219.6685792190378,267.83919151018216,35.11258774076345,593.276393491167,FALSE,TRUE,FALSE,pre,TRUE,2020-09-03,2021-03-30,
MA,2017-08-01,192.88346739526594,238.46433835457245,40.88480822991049,610.7289813597661,FALSE,TRUE,FALSE,pre,TRUE,2020-09-03,2021-03-30,
MA,2017-10-01,201.394273251316,238.75415007719005,44.73283937188349,572.4376956715715,FALSE,TRUE,FALSE,pre,TRUE,2020-09-03,2021-03-30,
MA,2017-12-01,201.56065512325227,257.74643413084294,66.04891378905583,592.7764949671433,FALSE,TRUE,FALSE,pre,TRUE,2020-09-03,2021-03-30,
MA,2018-02-01,196.42583215026664,252.117172670384,43.82704419354578,608.3718426524266,FALSE,TRUE,FALSE,pre,TRUE,2020-09-03,2021-03-30,
MA,2018-04-01,201.30537881361596,259.97198029015453,49.566409730328935,650.8001617125295,FALSE,TRUE,FALSE,pre,TRUE,2020-09-03,2021-03-30,
MA,2018-06-01,200.73158359395757,262.4380839707913,51.562718172071165,593.3367638869383,FALSE,TRUE,FALSE,pre,TRUE,2020-09-03,2021-03-30,
MA,2018-08-01,217.55382623470328,270.68096450121106,44.25452455280211,667.2518189175092,FALSE,TRUE,FALSE,pre,TRUE,2020-09-03,2021-03-30,
MA,2018-10-01,216.20286111586745,259.5651909834169,35.20280613554995,577.0900516298218,FALSE,TRUE,FALSE,pre,TRUE,2020-09-03,2021-03-30,
MA,2018-12-01,230.8148102409715,251.7214297625157,35.14904853454517,593.7401718299864,FALSE,TRUE,FALSE,pre,TRUE,2020-09-03,2021-03-30,
MA,2019-02-01,118.80561075928136,140.26380049356192,36.11165558343278,229.404831041936,FALSE,TRUE,FALSE,pre,TRUE,2020-09-03,2021-03-30,
MA,2019-04-01,211.77902303825192,262.5142259687727,28.205199041287454,506.2389569681354,FALSE,TRUE,FALSE,pre,TRUE,2020-09-03,2021-03-30,
MA,2019-06-01,204.80464362441927,239.74101156910749,24.690085542289992,816.644877730272,FALSE,TRUE,FALSE,pre,TRUE,2020-09-03,2021-03-30,
MA,2019-08-01,214.37409367448228,259.54080308066824,19.050067326809796,505.4840303695197,FALSE,TRUE,FALSE,pre,TRUE,2020-09-03,2021-03-30,
MA,2019-10-01,92.71487287335268,131.67213732127382,21.437670382688886,549.4965924107806,FALSE,TRUE,FALSE,pre,TRUE,2020-09-03,2021-03-30,
MA,2019-12-01,178.33926633604955,243.88618960914647,57.35619032693161,541.0006811256734,FALSE,TRUE,FALSE,pre,TRUE,2020-09-03,2021-03-30,
MA,2020-02-01,187.6175973250929,221.5333411753255,37.44218516218934,482.4164830241328,FALSE,TRUE,FALSE,pre,TRUE,2020-09-03,2021-03-30,
MA,2020-04-01,171.55329249984356,203.04200775740128,42.3376247323871,473.2622738263175,FALSE,TRUE,FALSE,pre,TRUE,2020-09-03,2021-03-30,
MA,2020-06-01,134.52460190033776,175.72733438881266,16.19220562065006,489.0450927044663,FALSE,TRUE,FALSE,pre,TRUE,2020-09-03,2021-03-30,
MA,2020-08-01,170.86220793362202,220.20133103831503,31.347250260342037,498.5532873420144,FALSE,TRUE,FALSE,pre,TRUE,2020-09-03,2021-03-30,
MA,2020-10-01,180.38241399850517,235.2282823695584,33.98694367237284,681.9421928789266,FALSE,TRUE,FALSE,pre,TRUE,2020-09-03,2021-03-30,
MA,2020-12-01,178.9632780521709,226.32403472665544,36.65893937199945,536.5484989326583,FALSE,TRUE,FALSE,pre,TRUE,2020-09-03,2021-03-30,
MA,2021-02-01,202.53576653789162,247.1756553141272,44.0022394559967,552.0843935513603,FALSE,TRUE,FALSE,pre,TRUE,2020-09-03,2021-03-30,
MA,2021-04-01,187.9187796892888,221.95300049596787,57.197672041495245,602.2382739708639,FALSE,TRUE,FALSE,post,FALSE,2020-09-03,2021-03-30,
MA,2021-06-01,164.6301663145024,221.5045977067109,48.59329042102886,610.2290740822493,FALSE,TRUE,FALSE,post,FALSE,2020-09-03,2021-03-30,
MA,2021-08-01,182.45489323358382,234.80934585103356,53.764462319889596,534.7022387177758,FALSE,TRUE,FALSE,post,FALSE,2020-09-03,2021-03-30,
MA,2021-10-01,176.71036197451497,225.0523806984735,62.4798803007566,585.9327171124171,FALSE,TRUE,FALSE,post,FALSE,2020-09-03,2021-03-30,
MA,2021-12-01,199.48262478967834,254.66226775259958,98.97972125050428,582.1188283068192,FALSE,TRUE,FALSE,post,FALSE,2020-09-03,2021-03-30,
MA,2022-02-01,193.68647682920408,244.8977288825766,56.50200025951749,650.5267716277001,FALSE,TRUE,FALSE,post,FALSE,2020-09-03,2021-03-30,
MA,2022-04-01,216.36249527302562,269.4830535186069,110.26543608356594,739.8742218813239,FALSE,TRUE,FALSE,post,FALSE,2020-09-03,2021-03-30,
MA,2022-06-01,225.7826432956521,270.834050274168,73.02298405095897,654.3365283749675,FALSE,TRUE,FALSE,post,FALSE,2020-09-03,2021-03-30,
MA,2022-08-01,194.78847449641927,251.6419682317737,94.36559719477083,649.5437348858067,FALSE,TRUE,FALSE,post,FALSE,2020-09-03,2021-03-30,
MA,2022-10-01,224.07689459780656,277.36178914621274,97.31652773169637,695.3230626494619,FALSE,TRUE,FALSE,post,FALSE,2020-09-03,2021-03-30,
MA,2022-12-01,174.1553485595674,252.4342095417627,1.0657405558759407,535.2078854818946,FALSE,TRUE,FALSE,post,FALSE,2020-09-03,2021-03-30,
MA,2023-02-01,162.9986711757842,216.55786749450024,75.26785935866008,598.0532451809845,FALSE,TRUE,FALSE,post,FALSE,2020-09-03,2021-03-30,
MG,2017-04-01,457.9374459350456,616.6738126208589,27.249701332795162,951.0227837301788,FALSE,TRUE,FALSE,pre,TRUE,2020-09-03,2021-03-30,
MG,2017-06-01,462.7997214071718,634.8750900930055,20.111175810303656,908.6431127494143,FALSE,TRUE,FALSE,pre,TRUE,2020-09-03,2021-03-30,
MG,2017-08-01,478.0410225712213,625.7791540700262,16.92849887340949,901.9207839367962,FALSE,TRUE,FALSE,pre,TRUE,2020-09-03,2021-03-30,
MG,2017-10-01,486.4497026635076,635.9781526570051,20.39786555146507,905.4336604649856,FALSE,TRUE,FALSE,pre,TRUE,2020-09-03,2021-03-30,
MG,2017-12-01,507.5885289855377,652.0902897469567,-13.082318439254394,942.3855685936976,FALSE,TRUE,FALSE,pre,TRUE,2020-09-03,2021-03-30,
MG,2018-02-01,512.2044712899725,669.3436007604361,23.446568668405675,974.9489313611489,FALSE,TRUE,FALSE,pre,TRUE,2020-09-03,2021-03-30,
MG,2018-04-01,483.36574996359064,654.5475703893078,25.157306408374065,1001.0550085074588,FALSE,TRUE,FALSE,pre,TRUE,2020-09-03,2021-03-30,
MG,2018-06-01,469.3765591482281,630.9979098498243,14.020911553760959,978.9717818888104,FALSE,TRUE,FALSE,pre,TRUE,2020-09-03,2021-03-30,
MG,2018-08-01,507.16084596948855,673.2725534182205,28.819703463279012,943.1113206875548,FALSE,TRUE,FALSE,pre,TRUE,2020-09-03,2021-03-30,
MG,2018-10-01,561.0198392570591,701.6946085373652,18.695345991069082,995.89202605137,FALSE,TRUE,FALSE,pre,TRUE,2020-09-03,2021-03-30,
MG,2018-12-01,469.7621119792314,642.4462209408007,-29.349877266457494,860.367234645762,FALSE,TRUE,FALSE,pre,TRUE,2020-09-03,2021-03-30,
MG,2019-02-01,505.32055791120604,677.436989672378,24.462850020621897,952.1249154116762,FALSE,TRUE,FALSE,pre,TRUE,2020-09-03,2021-03-30,
MG,2019-04-01,516.2336201384431,697.5413014310446,21.343775066261543,926.1126862016698,FALSE,TRUE,FALSE,pre,TRUE,2020-09-03,2021-03-30,
MG,2019-06-01,496.3002317624216,650.4124855569679,8.819564662348396,858.9383516091098,FALSE,TRUE,FALSE,pre,TRUE,2020-09-03,2021-03-30,
MG,2019-08-01,498.9124300542108,675.1137231462778,12.841689358167496,1118.6765225552979,FALSE,TRUE,FALSE,pre,TRUE,2020-09-03,2021-03-30,
MG,2019-10-01,512.6691530932272,677.5333200605094,19.05973572729601,1018.0227182697972,FALSE,TRUE,FALSE,pre,TRUE,2020-09-03,2021-03-30,
MG,2019-12-01,505.56794741284233,657.6732305645496,12.100723506951645,1029.4638244635,FALSE,TRUE,FALSE,pre,TRUE,2020-09-03,2021-03-30,
MG,2020-02-01,511.37637644753073,681.3134146527829,24.258703720611905,1001.1895275586112,FALSE,TRUE,FALSE,pre,TRUE,2020-09-03,2021-03-30,
MG,2020-04-01,447.1567456145626,600.7895326670206,23.034480193428966,976.746097566934,FALSE,TRUE,FALSE,pre,TRUE,2020-09-03,2021-03-30,
MG,2020-06-01,423.6728224617206,572.8515156363376,22.709576051820406,968.8985641551939,FALSE,TRUE,FALSE,pre,TRUE,2020-09-03,2021-03-30,
MG,2020-08-01,497.264473860878,673.9085670567596,29.821275514761837,1042.9486904385378,FALSE,TRUE,FALSE,pre,TRUE,2020-09-03,2021-03-30,
MG,2020-10-01,532.6356879326604,721.1633598242585,15.113469438888288,921.6019410079432,FALSE,TRUE,FALSE,pre,TRUE,2020-09-03,2021-03-30,
MG,2020-12-01,543.3504795066781,717.996545287516,-28.378392729622473,1056.2961612200818,FALSE,TRUE,FALSE,pre,TRUE,2020-09-03,2021-03-30,
MG,2021-02-01,566.9164392359072,741.4623271728689,24.871985757256805,1031.2102214820839,FALSE,TRUE,FALSE,pre,TRUE,2020-09-03,2021-03-30,
MG,2021-04-01,537.8412755704646,727.8577180584224,26.053335700103005,1031.5078154386345,FALSE,TRUE,FALSE,post,FALSE,2020-09-03,2021-03-30,
MG,2021-06-01,565.3258054647556,737.8875834724408,28.7654297930264,1019.4558826787135,FALSE,TRUE,FALSE,post,FALSE,2020-09-03,2021-03-30,
MG,2021-08-01,629.2815782616287,800.0921380345834,66.70853673298731,1068.0962099209278,FALSE,TRUE,FALSE,post,FALSE,2020-09-03,2021-03-30,
MG,2021-10-01,604.1278807965128,759.9914033285362,45.63174163617359,1016.3751915041933,FALSE,TRUE,FALSE,post,FALSE,2020-09-03,2021-03-30,
MG,2021-12-01,587.8856805630046,750.9755228905907,50.37075528154689,1104.145043888801,FALSE,TRUE,FALSE,post,FALSE,2020-09-03,2021-03-30,
MG,2022-02-01,426.52435427683986,406.9100572989428,80.7696081979569,1001.7958902073888,FALSE,TRUE,FALSE,post,FALSE,2020-09-03,2021-03-30,
MG,2022-04-01,423.85522653330526,641.5817886281383,46.49083227384882,911.3458057750443,FALSE,TRUE,FALSE,post,FALSE,2020-09-03,2021-03-30,
MG,2022-06-01,445.7748744670086,644.0046852066632,157.53499827294002,1113.2463478107686,FALSE,TRUE,FALSE,post,FALSE,2020-09-03,2021-03-30,
MG,2022-08-01,408.26250666207926,583.1041018290509,34.47390458933758,427.48282101137397,FALSE,TRUE,FALSE,post,FALSE,2020-09-03,2021-03-30,
MG,2022-10-01,393.93579997272326,561.0368512264951,36.57277944016054,797.0703982193545,FALSE,TRUE,FALSE,post,FALSE,2020-09-03,2021-03-30,
MG,2022-12-01,366.151266782275,555.9764157333692,69.67649438549977,1089.2056529593035,FALSE,TRUE,FALSE,post,FALSE,2020-09-03,2021-03-30,
MG,2023-02-01,346.93146373032084,327.72585892074244,28.41654343085859,797.5042481631572,FALSE,TRUE,FALSE,post,FALSE,2020-09-03,2021-03-30,
MS,2017-04-01,421.40802181999004,597.4766287548354,93.89852820612413,1102.3584587917003,FALSE,TRUE,FALSE,pre,TRUE,2020-09-03,2021-03-30,
MS,2017-06-01,458.828875796429,618.3328147434327,84.73137365174283,1093.0333244703427,FALSE,TRUE,FALSE,pre,TRUE,2020-09-03,2021-03-30,
MS,2017-08-01,429.0530503683004,554.159515281466,70.23871237578152,1063.9312550781224,FALSE,TRUE,FALSE,pre,TRUE,2020-09-03,2021-03-30,
MS,2017-10-01,444.6626951422982,594.4186158485945,93.42710727167595,1030.3340069866845,FALSE,TRUE,FALSE,pre,TRUE,2020-09-03,2021-03-30,
MS,2017-12-01,448.43803101750717,548.0438101606888,113.14815073642364,1140.7341909436916,FALSE,TRUE,FALSE,pre,TRUE,2020-09-03,2021-03-30,
MS,2018-02-01,464.09255573589905,604.4278553138862,102.92414258331814,1067.452845994704,FALSE,TRUE,FALSE,pre,TRUE,2020-09-03,2021-03-30,
MS,2018-04-01,483.5657398799509,643.6563474133108,91.38830972535693,1110.063679066704,FALSE,TRUE,FALSE,pre,TRUE,2020-09-03,2021-03-30,
MS,2018-06-01,462.37614220151755,620.168688133698,94.46750361476174,1107.6738091325005,FALSE,TRUE,FALSE,pre,TRUE,2020-09-03,2021-03-30,
MS,2018-08-01,486.87512982807596,637.8736121553712,92.88316163601803,1204.1952229767926,FALSE,TRUE,FALSE,pre,TRUE,2020-09-03,2021-03-30,
MS,2018-10-01,462.1925267903139,580.1843567322053,201.69868852306524,1205.091612747585,FALSE,TRUE,FALSE,pre,TRUE,2020-09-03,2021-03-30,
MS,2018-12-01,470.5190945227774,595.3700341804547,63.896771244694534,877.2389985693585,FALSE,TRUE,FALSE,pre,TRUE,2020-09-03,2021-03-30,
MS,2019-02-01,477.8084510644436,603.226124141123,73.65472446952201,1256.9171400615883,FALSE,TRUE,FALSE,pre,TRUE,2020-09-03,2021-03-30,
MS,2019-04-01,456.95438424947025,584.9033194783927,86.37536133163398,1075.6688602626914,FALSE,TRUE,FALSE,pre,TRUE,2020-09-03,2021-03-30,
MS,2019-06-01,471.42719590415453,690.6314987552514,73.51303795984961,1050.8390127018868,FALSE,TRUE,FALSE,pre,TRUE,2020-09-03,2021-03-30,
MS,2019-08-01,470.4873369129479,588.4282699061048,67.05392161490194,1045.794283911127,FALSE,TRUE,FALSE,pre,TRUE,2020-09-03,2021-03-30,
MS,2019-10-01,467.6517763229753,586.2871471912623,88.74936160383035,1112.916366583766,FALSE,TRUE,FALSE,pre,TRUE,2020-09-03,2021-03-30,
MS,2019-12-01,521.1521025240456,629.4134074479504,86.57547603179401,942.4544832928168,FALSE,TRUE,FALSE,pre,TRUE,2020-09-03,2021-03-30,
MS,2020-02-01,514.2193232045513,689.8217999508108,103.12559960128462,1349.6153150171258,FALSE,TRUE,FALSE,pre,TRUE,2020-09-03,2021-03-30,
MS,2020-04-01,506.6197911359304,608.0985010736608,95.45165148689378,1057.9195644789438,FALSE,TRUE,FALSE,pre,TRUE,2020-09-03,2021-03-30,
MS,2020-06-01,450.7014163352697,575.6379518701752,96.2019319721527,1022.9458796647193,FALSE,TRUE,FALSE,pre,TRUE,2020-09-03,2021-03-30,
MS,2020-08-01,500.9651376098644,681.5615098807283,90.32030699492776,1055.567488594921,FALSE,TRUE,FALSE,pre,TRUE,2020-09-03,2021-03-30,
MS,2020-10-01,548.7160122626709,802.5775529358697,100.06567540394907,1023.087813438039,FALSE,TRUE,FALSE,pre,TRUE,2020-09-03,2021-03-30,
MS,2020-12-01,541.605685508922,720.6141450560134,-30.200559199083592,1013.7589149622595,FALSE,TRUE,FALSE,pre,TRUE,2020-09-03,2021-03-30,
MS,2021-02-01,565.619480686956,728.5254827612522,73.24087042073766,1241.5084472772974,FALSE,TRUE,FALSE,pre,TRUE,2020-09-03,2021-03-30,
MS,2021-04-01,583.8406906658272,738.395226876827,83.27693647401541,1125.1152982454676,FALSE,TRUE,FALSE,post,FALSE,2020-09-03,2021-03-30,
MS,2021-06-01,581.4800414034544,741.313496724173,93.8444202076663,1051.9993522396896,FALSE,TRUE,FALSE,post,FALSE,2020-09-03,2021-03-30,
MS,2021-08-01,594.4800225074715,761.2314924822415,94.33550290526297,1150.797316977996,FALSE,TRUE,FALSE,post,FALSE,2020-09-03,2021-03-30,
MS,2021-10-01,600.469193824181,762.2980021891494,126.48458699647114,1132.8535120521751,FALSE,TRUE,FALSE,post,FALSE,2020-09-03,2021-03-30,
MS,2021-12-01,572.5993339054771,722.55484772662,176.25683406641394,1363.6166672065453,FALSE,TRUE,FALSE,post,FALSE,2020-09-03,2021-03-30,
MS,2022-02-01,593.4687616772615,743.9934759045141,113.28122448098384,1183.3475661905177,FALSE,TRUE,FALSE,post,FALSE,2020-09-03,2021-03-30,
MS,2022-04-01,600.4525216231866,777.2028808661408,165.35562525016155,1306.5929235206243,FALSE,TRUE,FALSE,post,FALSE,2020-09-03,2021-03-30,
MS,2022-06-01,621.9150387485034,793.683004687936,239.77655717096022,1403.926692980119,FALSE,TRUE,FALSE,post,FALSE,2020-09-03,2021-03-30,
MS,2022-08-01,639.4524404895643,809.7801734063236,268.96701156130564,1487.0097779136688,FALSE,TRUE,FALSE,post,FALSE,2020-09-03,2021-03-30,
MS,2022-10-01,608.9597413435545,791.950008222735,328.69045540499735,1611.58737917303,FALSE,TRUE,FALSE,post,FALSE,2020-09-03,2021-03-30,
MS,2022-12-01,588.6124101294084,756.7265584634795,316.98383047009304,1669.312529910585,FALSE,TRUE,FALSE,post,FALSE,2020-09-03,2021-03-30,
MS,2023-02-01,605.900968728657,806.8304912107536,110.59134530882181,1326.2753504700236,FALSE,TRUE,FALSE,post,FALSE,2020-09-03,2021-03-30,
MT,2017-04-01,415.52753713786063,549.4099074753066,74.71290134576509,1260.0253707325946,FALSE,TRUE,FALSE,pre,TRUE,2020-09-03,2021-03-30,
MT,2017-06-01,423.8225003844797,530.7821360137641,80.10304438552726,1242.0591344971474,FALSE,TRUE,FALSE,pre,TRUE,2020-09-03,2021-03-30,
MT,2017-08-01,406.6076484036216,556.8770350720358,86.76927968185534,1298.983091271959,FALSE,TRUE,FALSE,pre,TRUE,2020-09-03,2021-03-30,
MT,2017-10-01,455.40371276737335,570.9403893649743,49.50536117946871,1266.4973806627763,FALSE,TRUE,FALSE,pre,TRUE,2020-09-03,2021-03-30,
MT,2017-12-01,442.51300402944815,545.3502926805156,72.59843628115384,1071.468585379112,FALSE,TRUE,FALSE,pre,TRUE,2020-09-03,2021-03-30,
MT,2018-02-01,442.4596301109303,557.8461409138723,59.465600781670325,1253.6638669967774,FALSE,TRUE,FALSE,pre,TRUE,2020-09-03,2021-03-30,
MT,2018-04-01,448.2498791192326,562.0269738082849,49.506760219028585,1286.3751297715955,FALSE,TRUE,FALSE,pre,TRUE,2020-09-03,2021-03-30,
MT,2018-06-01,452.65342201504467,533.9136786325306,37.39693015234176,1183.5503185252192,FALSE,TRUE,FALSE,pre,TRUE,2020-09-03,2021-03-30,
MT,2018-08-01,504.20435645015436,634.6407310742239,35.29851432393434,1209.1879765539672,FALSE,TRUE,FALSE,pre,TRUE,2020-09-03,2021-03-30,
MT,2018-10-01,478.54435228024806,601.5407335654268,37.69222365476389,1253.7036482967312,FALSE,TRUE,FALSE,pre,TRUE,2020-09-03,2021-03-30,
MT,2018-12-01,430.2315817983049,678.4840682257865,49.68850488467416,996.1415359648666,FALSE,TRUE,FALSE,pre,TRUE,2020-09-03,2021-03-30,
MT,2019-02-01,436.6693213178416,557.7778922657538,58.26270438489671,1253.9206271471676,FALSE,TRUE,FALSE,pre,TRUE,2020-09-03,2021-03-30,
MT,2019-04-01,465.8826042271732,568.857830509949,41.50054165926062,1163.3355417897528,FALSE,TRUE,FALSE,pre,TRUE,2020-09-03,2021-03-30,
MT,2019-06-01,439.8816630664889,560.7005379456763,44.87473464787864,1083.3035605604575,FALSE,TRUE,FALSE,pre,TRUE,2020-09-03,2021-03-30,
MT,2019-08-01,463.786810015993,586.9352773195263,48.188044137498125,1100.7863502707264,FALSE,TRUE,FALSE,pre,TRUE,2020-09-03,2021-03-30,
MT,2019-10-01,436.8855531272171,582.3087403613331,49.058773883232305,1593.5715559622643,FALSE,TRUE,FALSE,pre,TRUE,2020-09-03,2021-03-30,
MT,2019-12-01,601.4446543418885,868.4836556692054,27.163447916448092,1182.2368900553365,FALSE,TRUE,FALSE,pre,TRUE,2020-09-03,2021-03-30,
MT,2020-02-01,537.680112837401,706.4009942737467,60.68894387634311,1262.7891215669697,FALSE,TRUE,FALSE,pre,TRUE,2020-09-03,2021-03-30,
MT,2020-04-01,459.31241552298354,625.1927415050524,64.59308664568373,1172.4719008409081,FALSE,TRUE,FALSE,pre,TRUE,2020-09-03,2021-03-30,
MT,2020-06-01,451.88180988286365,565.519330453246,62.60911983209522,1211.9706086471992,FALSE,TRUE,FALSE,pre,TRUE,2020-09-03,2021-03-30,
MT,2020-08-01,522.8290666254015,683.9205108382229,65.43068803158742,1097.6500277992163,FALSE,TRUE,FALSE,pre,TRUE,2020-09-03,2021-03-30,
MT,2020-10-01,546.7819503041085,695.6389270857276,67.21732177170051,1098.0457422509976,FALSE,TRUE,FALSE,pre,TRUE,2020-09-03,2021-03-30,
MT,2020-12-01,561.1627603797454,729.5309513385458,46.40933719533568,981.6232823153429,FALSE,TRUE,FALSE,pre,TRUE,2020-09-03,2021-03-30,
MT,2021-02-01,594.1507388343102,737.1505656595652,67.9040743400143,1175.1534995240827,FALSE,TRUE,FALSE,pre,TRUE,2020-09-03,2021-03-30,
MT,2021-04-01,611.1881847066023,737.4708749542365,83.88564776423404,1279.6098106968725,FALSE,TRUE,FALSE,post,FALSE,2020-09-03,2021-03-30,
MT,2021-06-01,644.7177156271439,756.3814527775347,98.74829624977417,1294.8588675968508,FALSE,TRUE,FALSE,post,FALSE,2020-09-03,2021-03-30,
MT,2021-08-01,726.9380281318469,879.5194835577769,100.07601502536555,1163.002977003195,FALSE,TRUE,FALSE,post,FALSE,2020-09-03,2021-03-30,
MT,2021-10-01,810.26975048618,974.1245759512968,117.535815796373,1164.186907765028,FALSE,TRUE,FALSE,post,FALSE,2020-09-03,2021-03-30,
MT,2021-12-01,683.6051104765611,848.7410976806651,149.38483345117373,1440.803658043757,FALSE,TRUE,FALSE,post,FALSE,2020-09-03,2021-03-30,
MT,2022-02-01,684.1955821104125,811.400718663205,59.60079006024929,1214.0004284592867,FALSE,TRUE,FALSE,post,FALSE,2020-09-03,2021-03-30,
MT,2022-04-01,667.3942029919215,808.7595703994898,89.44902193187448,1287.626221669664,FALSE,TRUE,FALSE,post,FALSE,2020-09-03,2021-03-30,
MT,2022-06-01,690.9738961750407,839.9994933964128,256.7248198732441,1604.2589736237542,FALSE,TRUE,FALSE,post,FALSE,2020-09-03,2021-03-30,
MT,2022-08-01,652.6374089900135,808.5307945753025,208.13624729290316,1415.7810723630314,FALSE,TRUE,FALSE,post,FALSE,2020-09-03,2021-03-30,
MT,2022-10-01,612.0953137992784,770.4950732342359,290.33354925108375,1493.4710355868242,FALSE,TRUE,FALSE,post,FALSE,2020-09-03,2021-03-30,
MT,2022-12-01,546.7867981840488,748.0152094966429,361.0494305388814,1605.155336606531,FALSE,TRUE,FALSE,post,FALSE,2020-09-03,2021-03-30,
MT,2023-02-01,610.4384317513535,724.5707584109543,68.61015823981228,1248.2337765035616,FALSE,TRUE,FALSE,post,FALSE,2020-09-03,2021-03-30,
PA,2017-04-01,281.675840161134,357.6934610809776,31.677555395769907,686.1551080652288,FALSE,TRUE,FALSE,pre,TRUE,2020-09-03,2021-03-30,
PA,2017-06-01,273.70371738696076,351.0046832756894,33.86942972169447,687.865615728201,FALSE,TRUE,FALSE,pre,TRUE,2020-09-03,2021-03-30,
PA,2017-08-01,260.283168354865,335.0082885107284,34.68019108416412,681.4254842915169,FALSE,TRUE,FALSE,pre,TRUE,2020-09-03,2021-03-30,
PA,2017-10-01,271.56787908061057,339.8236807839549,23.97465089668039,592.0419466837163,FALSE,TRUE,FALSE,pre,TRUE,2020-09-03,2021-03-30,
PA,2017-12-01,250.13034637630625,324.4056642035316,36.44010818282926,672.4528524417291,FALSE,TRUE,FALSE,pre,TRUE,2020-09-03,2021-03-30,
PA,2018-02-01,277.46167465531266,355.581220282064,66.24074192072713,705.9812381345691,FALSE,TRUE,FALSE,pre,TRUE,2020-09-03,2021-03-30,
PA,2018-04-01,266.22275251771555,346.99258174563835,52.297476899018456,710.5176987636365,FALSE,TRUE,FALSE,pre,TRUE,2020-09-03,2021-03-30,
PA,2018-06-01,253.94493914662806,336.01269641539295,64.59923747624161,710.338333498145,FALSE,TRUE,FALSE,pre,TRUE,2020-09-03,2021-03-30,
PA,2018-08-01,276.2781456982515,352.795546552878,80.93506130529018,748.372418669617,FALSE,TRUE,FALSE,pre,TRUE,2020-09-03,2021-03-30,
PA,2018-10-01,273.1648052886505,348.9767602205403,71.07880024306023,659.724136007813,FALSE,TRUE,FALSE,pre,TRUE,2020-09-03,2021-03-30,
PA,2018-12-01,268.0962888862765,351.41412072296845,84.36534345224683,722.2013947157958,FALSE,TRUE,FALSE,pre,TRUE,2020-09-03,2021-03-30,
PA,2019-02-01,285.00304182885674,378.54059359536916,41.5737389556887,672.8100572616448,FALSE,TRUE,FALSE,pre,TRUE,2020-09-03,2021-03-30,
PA,2019-04-01,285.7848873526297,382.1387487749248,22.872241985096945,676.3173306853248,FALSE,TRUE,FALSE,pre,TRUE,2020-09-03,2021-03-30,
PA,2019-06-01,290.0527494142365,380.85867443784366,30.03557331904266,686.64739039147,FALSE,TRUE,FALSE,pre,TRUE,2020-09-03,2021-03-30,
PA,2019-08-01,294.943724829317,385.978122359752,36.97884833035488,737.3747755814708,FALSE,TRUE,FALSE,pre,TRUE,2020-09-03,2021-03-30,
PA,2019-10-01,294.5259953379475,382.6538900118129,38.59280285265123,708.8634297679283,FALSE,TRUE,FALSE,pre,TRUE,2020-09-03,2021-03-30,
PA,2019-12-01,301.92737710885365,389.50953569303016,49.344298830700794,684.5976872781355,FALSE,TRUE,FALSE,pre,TRUE,2020-09-03,2021-03-30,
PA,2020-02-01,311.5386911669873,398.82618499773866,55.951442212590706,740.757476950626,FALSE,TRUE,FALSE,pre,TRUE,2020-09-03,2021-03-30,
PA,2020-04-01,292.1731144353009,375.02088690130415,63.88590234061963,745.4047404268075,FALSE,TRUE,FALSE,pre,TRUE,2020-09-03,2021-03-30,
PA,2020-06-01,260.1282876641891,353.806263821896,60.38678463094386,778.1799642453784,FALSE,TRUE,FALSE,pre,TRUE,2020-09-03,2021-03-30,
PA,2020-08-01,336.0032792006529,433.2296331486968,53.27900499826469,793.9347521076364,FALSE,TRUE,FALSE,pre,TRUE,2020-09-03,2021-03-30,
PA,2020-10-01,351.3614189375349,440.3940203598577,55.7481194440184,753.2051530507753,FALSE,TRUE,FALSE,pre,TRUE,2020-09-03,2021-03-30,
PA,2020-12-01,351.31197775792134,440.203491603426,71.17250970253066,805.3138523615722,FALSE,TRUE,FALSE,pre,TRUE,2020-09-03,2021-03-30,
PA,2021-02-01,328.96332859400434,419.9444788134922,66.83664087755892,739.5153293015242,FALSE,TRUE,FALSE,pre,TRUE,2020-09-03,2021-03-30,
PA,2021-04-01,340.33961022428537,426.85970555642825,42.456026217522144,781.6402545533628,FALSE,TRUE,FALSE,post,FALSE,2020-09-03,2021-03-30,
PA,2021-06-01,359.5490355929382,457.1024995917049,56.86984154644826,804.8089385877747,FALSE,TRUE,FALSE,post,FALSE,2020-09-03,2021-03-30,
PA,2021-08-01,366.1789743728959,457.5851353248646,60.63772109820391,775.6149717766278,FALSE,TRUE,FALSE,post,FALSE,2020-09-03,2021-03-30,
PA,2021-10-01,362.44593078533956,458.0746449347369,83.29396712719945,909.5742755277662,FALSE,TRUE,FALSE,post,FALSE,2020-09-03,2021-03-30,
PA,2021-12-01,369.006754044511,450.4072008618968,148.31719918403107,879.8343811666708,FALSE,TRUE,FALSE,post,FALSE,2020-09-03,2021-03-30,
PA,2022-02-01,364.5615118729524,457.55948403068203,73.21786814428427,701.2120520704958,FALSE,TRUE,FALSE,post,FALSE,2020-09-03,2021-03-30,
PA,2022-04-01,300.330378492408,400.23640455648297,86.19363807975941,792.3715364010073,FALSE,TRUE,FALSE,post,FALSE,2020-09-03,2021-03-30,
PA,2022-06-01,273.4291499085941,379.31600626232967,143.11766977793047,913.9116582220661,FALSE,TRUE,FALSE,post,FALSE,2020-09-03,2021-03-30,
PA,2022-08-01,274.54819814158185,379.0298436622268,152.88162490571528,914.8575606216169,FALSE,TRUE,FALSE,post,FALSE,2020-09-03,2021-03-30,
PA,2022-10-01,257.1629444381602,344.92042254985097,151.7257465835648,918.5608388321099,FALSE,TRUE,FALSE,post,FALSE,2020-09-03,2021-03-30,
PA,2022-12-01,287.2008424097244,634.5683953531923,188.221670884327,966.9230889127526,FALSE,TRUE,FALSE,post,FALSE,2020-09-03,2021-03-30,
PA,2023-02-01,247.98745832458994,355.934126033153,65.18300970950085,699.4879423616583,FALSE,TRUE,FALSE,post,FALSE,2020-09-03,2021-03-30,
PB,2017-04-01,200.73778806914743,253.93803800013512,36.4034570376099,584.7887926958326,FALSE,TRUE,FALSE,pre,TRUE,2020-09-03,2021-03-30,
PB,2017-06-01,194.77525044933708,252.23474814511894,44.2306367114532,620.0208220977589,FALSE,TRUE,FALSE,pre,TRUE,2020-09-03,2021-03-30,
PB,2017-08-01,190.90636180851604,249.80584129969782,33.85022217030729,597.6797873235862,FALSE,TRUE,FALSE,pre,TRUE,2020-09-03,2021-03-30,
PB,2017-10-01,205.29418428090298,260.4152368115904,32.89586287876887,592.381546357982,FALSE,TRUE,FALSE,pre,TRUE,2020-09-03,2021-03-30,
PB,2017-12-01,200.55854087669528,257.90810763120095,36.298839573884486,612.6989178326705,FALSE,TRUE,FALSE,pre,TRUE,2020-09-03,2021-03-30,
PB,2018-02-01,202.3665600500892,254.84416352633218,37.61858216856632,594.2618050462008,FALSE,TRUE,FALSE,pre,TRUE,2020-09-03,2021-03-30,
PB,2018-04-01,203.28547139029365,259.47066563454183,48.69685572020387,664.6464720483062,FALSE,TRUE,FALSE,pre,TRUE,2020-09-03,2021-03-30,
PB,2018-06-01,194.8127791352585,252.84142311807074,35.369605194256124,613.7162866584113,FALSE,TRUE,FALSE,pre,TRUE,2020-09-03,2021-03-30,
PB,2018-08-01,205.1199440356502,265.34919361434424,52.366886756712354,640.7680564299535,FALSE,TRUE,FALSE,pre,TRUE,2020-09-03,2021-03-30,
PB,2018-10-01,226.711937186769,281.67712843019166,33.40481199638338,594.9593583170143,FALSE,TRUE,FALSE,pre,TRUE,2020-09-03,2021-03-30,
PB,2018-12-01,213.204091984285,275.2304098813662,35.538818034557714,620.8832252794094,FALSE,TRUE,FALSE,pre,TRUE,2020-09-03,2021-03-30,
PB,2019-02-01,214.3619904957388,274.34270078524924,36.439535529172105,636.8738964904127,FALSE,TRUE,FALSE,pre,TRUE,2020-09-03,2021-03-30,
PB,2019-04-01,213.72291295252424,270.97223501041225,30.96344974480735,590.3766434085704,FALSE,TRUE,FALSE,pre,TRUE,2020-09-03,2021-03-30,
PB,2019-06-01,219.11379575069438,267.4027241905125,20.26654092953312,651.4366825936587,FALSE,TRUE,FALSE,pre,TRUE,2020-09-03,2021-03-30,
PB,2019-08-01,215.13246785651617,264.55131083194544,28.413939982347156,598.0938763150809,FALSE,TRUE,FALSE,pre,TRUE,2020-09-03,2021-03-30,
PB,2019-10-01,215.43956359734435,265.3540742562132,30.659494312042618,621.0941952467499,FALSE,TRUE,FALSE,pre,TRUE,2020-09-03,2021-03-30,
PB,2019-12-01,221.89440033544847,324.30592237557704,17.259712376867427,513.4566455057188,FALSE,TRUE,FALSE,pre,TRUE,2020-09-03,2021-03-30,
PB,2020-02-01,220.8833961126676,283.01205747947694,28.53402166882258,622.3775028586189,FALSE,TRUE,FALSE,pre,TRUE,2020-09-03,2021-03-30,
PB,2020-04-01,202.96722903274934,248.61851291063246,19.635305260780015,579.4349716570163,FALSE,TRUE,FALSE,pre,TRUE,2020-09-03,2021-03-30,
PB,2020-06-01,177.0670991747956,233.53240155532743,20.647429132025017,595.2786593879217,FALSE,TRUE,FALSE,pre,TRUE,2020-09-03,2021-03-30,
PB,2020-08-01,212.00417030077114,286.4096992279471,24.809541258318188,595.1768756783497,FALSE,TRUE,FALSE,pre,TRUE,2020-09-03,2021-03-30,
PB,2020-10-01,237.29935978047703,305.65428289858926,18.203698743418133,590.0657538042885,FALSE,TRUE,FALSE,pre,TRUE,2020-09-03,2021-03-30,
PB,2020-12-01,246.1033325676918,317.88462651234505,12.846586209023535,569.018295115151,FALSE,TRUE,FALSE,pre,TRUE,2020-09-03,2021-03-30,
PB,2021-02-01,241.84175933135754,307.00891418125497,31.048871211649015,626.8425256877844,FALSE,TRUE,FALSE,pre,TRUE,2020-09-03,2021-03-30,
PB,2021-04-01,227.31604728713134,292.8064407524588,32.58434892779607,626.5113131700633,FALSE,TRUE,FALSE,post,FALSE,2020-09-03,2021-03-30,
PB,2021-06-01,223.17131930514023,157.48019087315066,28.899890036036624,617.3351034754073,FALSE,TRUE,FALSE,post,FALSE,2020-09-03,2021-03-30,
PB,2021-08-01,255.76835110967457,328.1436755105758,25.92151113242932,612.0110133411642,FALSE,TRUE,FALSE,post,FALSE,2020-09-03,2021-03-30,
PB,2021-10-01,254.26374312543098,325.08269220873336,29.32957677319252,605.0135423557646,FALSE,TRUE,FALSE,post,FALSE,2020-09-03,2021-03-30,
PB,2021-12-01,246.64664908464542,321.00471488395056,31.698197487182938,612.1015033198901,FALSE,TRUE,FALSE,post,FALSE,2020-09-03,2021-03-30,
PB,2022-02-01,251.62286793610642,326.24056428420727,30.980886772787322,656.5028413491191,FALSE,TRUE,FALSE,post,FALSE,2020-09-03,2021-03-30,
PB,2022-04-01,231.11009002237498,161.27117992742805,69.06426934582676,707.2874705426364,FALSE,TRUE,FALSE,post,FALSE,2020-09-03,2021-03-30,
PB,2022-06-01,239.92141573313114,321.2026489383685,64.69061788456617,698.8553207797453,FALSE,TRUE,FALSE,post,FALSE,2020-09-03,2021-03-30,
PB,2022-08-01,225.9543274642921,312.416133912938,66.00030461778746,741.0249384655782,FALSE,TRUE,FALSE,post,FALSE,2020-09-03,2021-03-30,
PB,2022-10-01,220.65234848728005,314.99524857027876,64.7372224139864,766.8429907478599,FALSE,TRUE,FALSE,post,FALSE,2020-09-03,2021-03-30,
PB,2022-12-01,219.81393025431046,306.47368573296956,80.4486676833748,823.2651106072963,FALSE,TRUE,FALSE,post,FALSE,2020-09-03,2021-03-30,
PB,2023-02-01,219.34147972579348,311.69674728555225,25.83508078461059,680.5918401759704,FALSE,TRUE,FALSE,post,FALSE,2020-09-03,2021-03-30,
PE,2017-04-01,331.8486245107783,420.03567728701654,26.908449745674357,784.2243856211487,FALSE,TRUE,FALSE,pre,TRUE,2020-09-03,2021-03-30,
PE,2017-06-01,339.3975883926369,418.16441854025055,34.061961351585275,798.0942531585983,FALSE,TRUE,FALSE,pre,TRUE,2020-09-03,2021-03-30,
PE,2017-08-01,318.82449520654944,403.67306277583907,30.11592714857844,800.0888827330599,FALSE,TRUE,FALSE,pre,TRUE,2020-09-03,2021-03-30,
PE,2017-10-01,330.0935001499755,406.72664153682194,36.76132169050528,803.6017362219492,FALSE,TRUE,FALSE,pre,TRUE,2020-09-03,2021-03-30,
PE,2017-12-01,344.7998889032507,452.7177195562988,35.840816397850965,759.1066060417024,FALSE,TRUE,FALSE,pre,TRUE,2020-09-03,2021-03-30,
PE,2018-02-01,339.4481288842692,415.66376061878157,25.152481020470205,789.0081222566296,FALSE,TRUE,FALSE,pre,TRUE,2020-09-03,2021-03-30,
PE,2018-04-01,386.19356511209793,496.2651067175149,32.65784917931076,827.8749198373525,FALSE,TRUE,FALSE,pre,TRUE,2020-09-03,2021-03-30,
PE,2018-06-01,336.6399428695067,422.5420658439175,24.447008795044624,775.322180579148,FALSE,TRUE,FALSE,pre,TRUE,2020-09-03,2021-03-30,
PE,2018-08-01,344.36377583058254,436.7454210364468,27.632604005831904,815.5175240409667,FALSE,TRUE,FALSE,pre,TRUE,2020-09-03,2021-03-30,
PE,2018-10-01,370.4182775410745,456.1056930347478,20.988890061849123,813.2666638122,FALSE,TRUE,FALSE,pre,TRUE,2020-09-03,2021-03-30,
PE,2018-12-01,344.08860143103163,451.527202867459,6.935827513033512,727.9820160853135,FALSE,TRUE,FALSE,pre,TRUE,2020-09-03,2021-03-30,
PE,2019-02-01,361.1427642599642,453.55209034599756,21.059881940855412,827.4189255946808,FALSE,TRUE,FALSE,pre,TRUE,2020-09-03,2021-03-30,
PE,2019-04-01,373.4878228575998,476.9589169113532,18.100252454923464,776.4462020088321,FALSE,TRUE,FALSE,pre,TRUE,2020-09-03,2021-03-30,
PE,2019-06-01,366.15705279649353,452.5028772320642,17.192805528618155,810.3616306290186,FALSE,TRUE,FALSE,pre,TRUE,2020-09-03,2021-03-30,
PE,2019-08-01,370.4072366027525,465.30701274213413,15.954628728146075,817.3795499450962,FALSE,TRUE,FALSE,pre,TRUE,2020-09-03,2021-03-30,
PE,2019-10-01,361.5996274143039,454.1862088855162,17.35036126894304,806.5519988653658,FALSE,TRUE,FALSE,pre,TRUE,2020-09-03,2021-03-30,
PE,2019-12-01,411.21253213498073,517.4262611664876,8.248146541150469,786.6679748008221,FALSE,TRUE,FALSE,pre,TRUE,2020-09-03,2021-03-30,
PE,2020-02-01,368.2618290580429,473.93511656891525,24.899174303809758,844.954075566894,FALSE,TRUE,FALSE,pre,TRUE,2020-09-03,2021-03-30,
PE,2020-04-01,351.20004864556955,441.01684157164794,30.26596726923329,788.0040747802734,FALSE,TRUE,FALSE,pre,TRUE,2020-09-03,2021-03-30,
PE,2020-06-01,270.37389941451863,347.38121715242073,9.751048063690186,808.4251686229385,FALSE,TRUE,FALSE,pre,TRUE,2020-09-03,2021-03-30,
PE,2020-08-01,393.6883251047267,491.0994430705488,10.95847679421251,789.023972884564,FALSE,TRUE,FALSE,pre,TRUE,2020-09-03,2021-03-30,
PE,2020-10-01,384.0459226078983,484.006277231484,15.791472608314496,781.2326012120193,FALSE,TRUE,FALSE,pre,TRUE,2020-09-03,2021-03-30,
PE,2020-12-01,389.3964351213188,503.5620524133122,8.879004251070313,780.4814238068711,FALSE,TRUE,FALSE,pre,TRUE,2020-09-03,2021-03-30,
PE,2021-02-01,405.0106521861615,504.0780996484853,21.300771559801415,807.0094419304083,FALSE,TRUE,FALSE,pre,TRUE,2020-09-03,2021-03-30,
PE,2021-04-01,376.69587044763495,476.639274566147,25.441772449326677,817.497462043322,FALSE,TRUE,FALSE,post,FALSE,2020-09-03,2021-03-30,
PE,2021-06-01,387.6046441135522,477.88433032941447,16.5727479893051,798.2828125740896,FALSE,TRUE,FALSE,post,FALSE,2020-09-03,2021-03-30,
PE,2021-08-01,447.32093925943445,545.6133017940102,18.22655994992807,829.2268734563368,FALSE,TRUE,FALSE,post,FALSE,2020-09-03,2021-03-30,
PE,2021-10-01,392.1382847524092,484.89894599374884,22.153671258945344,847.0705123234045,FALSE,TRUE,FALSE,post,FALSE,2020-09-03,2021-03-30,
PE,2021-12-01,386.3174622132285,480.05139130533445,42.99033819236513,910.7043638779296,FALSE,TRUE,FALSE,post,FALSE,2020-09-03,2021-03-30,
PE,2022-02-01,385.5822449032087,521.9759440646449,27.099132352084126,861.2536065672227,FALSE,TRUE,FALSE,post,FALSE,2020-09-03,2021-03-30,
PE,2022-04-01,410.32778279692144,530.9135802746717,33.9503406087926,846.2432427706108,FALSE,TRUE,FALSE,post,FALSE,2020-09-03,2021-03-30,
PE,2022-06-01,422.31786815436976,525.7689458038418,60.05387543495529,947.9874979080648,FALSE,TRUE,FALSE,post,FALSE,2020-09-03,2021-03-30,
PE,2022-08-01,396.3999378995307,516.0170852256172,56.60666842970437,1117.9866176111057,FALSE,TRUE,FALSE,post,FALSE,2020-09-03,2021-03-30,
PE,2022-10-01,384.558887793635,506.46182121418866,76.28799760478907,1208.2012135359944,FALSE,TRUE,FALSE,post,FALSE,2020-09-03,2021-03-30,
PE,2022-12-01,369.74221763721835,495.7495016186235,142.59450708811303,1089.7123323424346,FALSE,TRUE,FALSE,post,FALSE,2020-09-03,2021-03-30,
PE,2023-02-01,360.29966940773704,498.8892010752033,19.672293317980483,828.3493794315071,FALSE,TRUE,FALSE,post,FALSE,2020-09-03,2021-03-30,
PI,2017-04-01,188.5361576584567,244.16673443579356,66.659553337544,895.1661827028456,FALSE,TRUE,FALSE,pre,TRUE,2020-09-03,2021-03-30,
PI,2017-06-01,187.74577476660332,255.10883404880016,64.4786260345625,706.4814678773024,FALSE,TRUE,FALSE,pre,TRUE,2020-09-03,2021-03-30,
PI,2017-08-01,176.03368936096032,253.1886721434181,60.80275465979152,693.9349259493032,FALSE,TRUE,FALSE,pre,TRUE,2020-09-03,2021-03-30,
PI,2017-10-01,182.5231836272304,250.29126883396967,50.13439771245688,589.3431884886093,FALSE,TRUE,FALSE,pre,TRUE,2020-09-03,2021-03-30,
PI,2017-12-01,205.02306160699783,274.84692797016794,36.398091901787794,642.118936017541,FALSE,TRUE,FALSE,pre,TRUE,2020-09-03,2021-03-30,
PI,2018-02-01,188.45744776402324,237.82818233130396,50.25352710432595,748.9796124370982,FALSE,TRUE,FALSE,pre,TRUE,2020-09-03,2021-03-30,
PI,2018-04-01,213.47405347586928,270.408088627079,76.8849949276821,942.9090482571146,FALSE,TRUE,FALSE,pre,TRUE,2020-09-03,2021-03-30,
PI,2018-06-01,204.83647641795667,272.41370402940896,45.37923087442846,742.7700648519366,FALSE,TRUE,FALSE,pre,TRUE,2020-09-03,2021-03-30,
PI,2018-08-01,240.39621364749203,312.90792329840826,84.9056304690038,712.8240348048324,FALSE,TRUE,FALSE,pre,TRUE,2020-09-03,2021-03-30,
PI,2018-10-01,227.76458979891657,310.72632729259107,60.96635838858129,619.6831533960753,FALSE,TRUE,FALSE,pre,TRUE,2020-09-03,2021-03-30,
PI,2018-12-01,221.6539176570388,285.40468529607574,42.30863912804817,608.9033954895793,FALSE,TRUE,FALSE,pre,TRUE,2020-09-03,2021-03-30,
PI,2019-02-01,205.496704753004,268.7184954095018,46.612156040207104,807.4011568592205,FALSE,TRUE,FALSE,pre,TRUE,2020-09-03,2021-03-30,
PI,2019-04-01,221.74822705087203,282.7394545207783,30.719979477449108,722.6981336938874,FALSE,TRUE,FALSE,pre,TRUE,2020-09-03,2021-03-30,
PI,2019-06-01,183.84678198193197,250.40956846992611,36.84268092075667,689.1339016831773,FALSE,TRUE,FALSE,pre,TRUE,2020-09-03,2021-03-30,
PI,2019-08-01,215.86802640982066,291.2697768937022,62.20799987479843,665.4250509192897,FALSE,TRUE,FALSE,pre,TRUE,2020-09-03,2021-03-30,
PI,2019-10-01,215.25395224026852,308.74701177615697,29.867119049327414,1249.4023554120263,FALSE,TRUE,FALSE,pre,TRUE,2020-09-03,2021-03-30,
PI,2019-12-01,187.28775675934702,289.34954859357725,41.045714137502316,922.0061718326467,FALSE,TRUE,FALSE,pre,TRUE,2020-09-03,2021-03-30,
PI,2020-02-01,215.44086389407138,299.98450896905064,45.329315246957925,768.5737815499438,FALSE,TRUE,FALSE,pre,TRUE,2020-09-03,2021-03-30,
PI,2020-04-01,193.80733192705736,251.94418837247542,36.85813774823948,681.9616026713692,FALSE,TRUE,FALSE,pre,TRUE,2020-09-03,2021-03-30,
PI,2020-06-01,170.43021929060498,226.64259582905478,36.41506901990945,728.2521406211969,FALSE,TRUE,FALSE,pre,TRUE,2020-09-03,2021-03-30,
PI,2020-08-01,194.5844636920574,262.6294942338489,45.735107280893445,789.415793326526,FALSE,TRUE,FALSE,pre,TRUE,2020-09-03,2021-03-30,
PI,2020-10-01,227.55525692818242,296.9606190466625,65.30173525419046,821.225085615547,FALSE,TRUE,FALSE,pre,TRUE,2020-09-03,2021-03-30,
PI,2020-12-01,248.5465413302744,325.0650116929704,85.04675988091395,834.514417450726,FALSE,TRUE,FALSE,pre,TRUE,2020-09-03,2021-03-30,
PI,2021-02-01,242.19013163110014,320.2255069555227,60.004789278003656,693.7000365989827,FALSE,TRUE,FALSE,pre,TRUE,2020-09-03,2021-03-30,
PI,2021-04-01,209.93323255518567,304.0323766666612,64.9932481651178,837.5076705549153,FALSE,TRUE,FALSE,post,FALSE,2020-09-03,2021-03-30,
PI,2021-06-01,222.86946738614492,295.53972740393453,65.16778690594077,702.6846132197443,FALSE,TRUE,FALSE,post,FALSE,2020-09-03,2021-03-30,
PI,2021-08-01,231.67321534292452,306.3161056982355,62.101613993167845,754.2128290331445,FALSE,TRUE,FALSE,post,FALSE,2020-09-03,2021-03-30,
PI,2021-10-01,236.42379293279004,305.2454217895044,52.63810312019964,834.740424761838,FALSE,TRUE,FALSE,post,FALSE,2020-09-03,2021-03-30,
PI,2021-12-01,225.63506336663113,296.7158974537193,157.38764884299297,920.3686063846599,FALSE,TRUE,FALSE,post,FALSE,2020-09-03,2021-03-30,
PI,2022-02-01,222.82242308244057,322.1577924261776,61.600355422289525,825.046157879292,FALSE,TRUE,FALSE,post,FALSE,2020-09-03,2021-03-30,
PI,2022-04-01,224.29473079868956,300.9294600120018,110.26929204925975,831.1012867133295,FALSE,TRUE,FALSE,post,FALSE,2020-09-03,2021-03-30,
PI,2022-06-01,228.84392800413758,310.4307987251838,149.4507651471205,965.029923872699,FALSE,TRUE,FALSE,post,FALSE,2020-09-03,2021-03-30,
PI,2022-08-01,212.6767284823437,292.6172512810343,169.79086298637222,911.915482295282,FALSE,TRUE,FALSE,post,FALSE,2020-09-03,2021-03-30,
PI,2022-10-01,195.10704758189345,270.7328294751814,174.15701972159815,987.7852871582515,FALSE,TRUE,FALSE,post,FALSE,2020-09-03,2021-03-30,
PI,2022-12-01,196.14546120849286,295.53116014236133,166.12679230653563,995.8655662522699,FALSE,TRUE,FALSE,post,FALSE,2020-09-03,2021-03-30,
PI,2023-02-01,201.61953277480637,299.002301734456,64.44557954287407,796.8582730875376,FALSE,TRUE,FALSE,post,FALSE,2020-09-03,2021-03-30,
PR,2017-04-01,556.3219231139818,691.2972040184303,42.47094571980337,1117.6789124184313,FALSE,TRUE,FALSE,pre,TRUE,2020-09-03,2021-03-30,
PR,2017-06-01,542.6374645251375,657.5428127777768,35.19475657712476,1140.9620011588754,FALSE,TRUE,FALSE,pre,TRUE,2020-09-03,2021-03-30,
PR,2017-08-01,553.4557092104817,672.2513205351702,33.79681926429947,1104.073446616077,FALSE,TRUE,FALSE,pre,TRUE,2020-09-03,2021-03-30,
PR,2017-10-01,565.6242970434348,684.2311723135134,40.05122030428588,1129.725332993477,FALSE,TRUE,FALSE,pre,TRUE,2020-09-03,2021-03-30,
PR,2017-12-01,535.2211222826301,656.5487016288057,82.12377443515365,1385.9136835981767,FALSE,TRUE,FALSE,pre,TRUE,2020-09-03,2021-03-30,
PR,2018-02-01,612.9287827233117,847.2056907999832,36.613135998878015,1140.46057274468,FALSE,TRUE,FALSE,pre,TRUE,2020-09-03,2021-03-30,
PR,2018-04-01,509.0865693420715,644.8196960449438,41.33193528353348,1067.9094533231846,FALSE,TRUE,FALSE,pre,TRUE,2020-09-03,2021-03-30,
PR,2018-06-01,565.0466225561794,689.4754436001267,41.295952219413515,1007.6772283275469,FALSE,TRUE,FALSE,pre,TRUE,2020-09-03,2021-03-30,
PR,2018-08-01,559.6992250111884,688.1816043561364,36.31328100917634,1022.618998335408,FALSE,TRUE,FALSE,pre,TRUE,2020-09-03,2021-03-30,
PR,2018-10-01,563.4186284474893,694.4102314806355,37.542066271861096,956.3895357556469,FALSE,TRUE,FALSE,pre,TRUE,2020-09-03,2021-03-30,
PR,2018-12-01,569.8536632457029,714.8024716159707,28.94743508750384,996.9305348532566,FALSE,TRUE,FALSE,pre,TRUE,2020-09-03,2021-03-30,
PR,2019-02-01,549.0749032007578,815.5275972915375,42.91606691010185,1167.2499023394034,FALSE,TRUE,FALSE,pre,TRUE,2020-09-03,2021-03-30,
PR,2019-04-01,550.5264040072608,701.8164728336637,32.305639669523494,1022.023423428521,FALSE,TRUE,FALSE,pre,TRUE,2020-09-03,2021-03-30,
PR,2019-06-01,547.9897428954295,689.0890069588839,29.839456448136545,968.126438462281,FALSE,TRUE,FALSE,pre,TRUE,2020-09-03,2021-03-30,
PR,2019-08-01,563.2476693036357,709.8479654294551,18.711761267327766,972.539024998669,FALSE,TRUE,FALSE,pre,TRUE,2020-09-03,2021-03-30,
PR,2019-10-01,548.3747328060341,694.976508604988,25.977356268609217,1007.7419192453211,FALSE,TRUE,FALSE,pre,TRUE,2020-09-03,2021-03-30,
PR,2019-12-01,549.2012951048374,699.2576621060572,12.297668564620963,920.0420365266054,FALSE,TRUE,FALSE,pre,TRUE,2020-09-03,2021-03-30,
PR,2020-02-01,405.4692758614089,534.2476179103855,33.1672766807229,898.102285175305,FALSE,TRUE,FALSE,pre,TRUE,2020-09-03,2021-03-30,
PR,2020-04-01,350.00305159114413,446.29238313564696,36.53356206304291,851.6659910067322,FALSE,TRUE,FALSE,pre,TRUE,2020-09-03,2021-03-30,
PR,2020-06-01,347.81403852411904,424.9997104321668,44.02590358671079,829.1340210392598,FALSE,TRUE,FALSE,pre,TRUE,2020-09-03,2021-03-30,
PR,2020-08-01,415.13057900348866,530.01335899439,42.56694211204769,788.7183406356689,FALSE,TRUE,FALSE,pre,TRUE,2020-09-03,2021-03-30,
PR,2020-10-01,391.1723534161998,511.1837768683155,38.98052090144306,801.9595652147162,FALSE,TRUE,FALSE,pre,TRUE,2020-09-03,2021-03-30,
PR,2020-12-01,416.3627302763913,526.2185737831786,33.003657486798225,738.9300201389842,FALSE,TRUE,FALSE,pre,TRUE,2020-09-03,2021-03-30,
PR,2021-02-01,455.00017327640376,545.2304323782687,29.12668833322176,830.3317330762341,FALSE,TRUE,FALSE,pre,TRUE,2020-09-03,2021-03-30,
PR,2021-04-01,403.4660972084962,488.4680854707525,41.204300383091656,809.300850328518,FALSE,TRUE,FALSE,post,FALSE,2020-09-03,2021-03-30,
PR,2021-06-01,439.98147538648277,554.7419201978566,26.075672582100708,792.3725558759338,FALSE,TRUE,FALSE,post,FALSE,2020-09-03,2021-03-30,
PR,2021-08-01,422.7777654192818,532.4927570317084,60.033423833317,931.7695562422653,FALSE,TRUE,FALSE,post,FALSE,2020-09-03,2021-03-30,
PR,2021-10-01,463.6815673159046,575.5161052904441,48.066609460532035,790.5330151263423,FALSE,TRUE,FALSE,post,FALSE,2020-09-03,2021-03-30,
PR,2021-12-01,454.5070554377826,565.6373754423862,59.66736543512521,659.0377066533363,FALSE,TRUE,FALSE,post,FALSE,2020-09-03,2021-03-30,
PR,2022-02-01,487.7716953380707,593.5099349905404,37.7906269116072,812.7345996992285,FALSE,TRUE,FALSE,post,FALSE,2020-09-03,2021-03-30,
PR,2022-04-01,473.73745140189163,589.2394010114523,39.087457866470054,759.7443353006897,FALSE,TRUE,FALSE,post,FALSE,2020-09-03,2021-03-30,
PR,2022-06-01,456.13751255171945,584.4442134980562,63.1965787059122,837.208040158357,FALSE,TRUE,FALSE,post,FALSE,2020-09-03,2021-03-30,
PR,2022-08-01,458.11348025820445,577.6921589812962,54.901139638759794,820.6345560466291,FALSE,TRUE,FALSE,post,FALSE,2020-09-03,2021-03-30,
PR,2022-10-01,427.5642891324376,549.5864265272478,48.806323018226706,847.2186626793376,FALSE,TRUE,FALSE,post,FALSE,2020-09-03,2021-03-30,
PR,2022-12-01,357.6233655068392,470.8358848205021,54.74903773425165,794.1853694526619,FALSE,TRUE,FALSE,post,FALSE,2020-09-03,2021-03-30,
PR,2023-02-01,372.8593146081196,493.5642342576809,30.68616808310619,828.7246987963955,FALSE,TRUE,FALSE,post,FALSE,2020-09-03,2021-03-30,
RJ,2017-04-01,304.52727784684816,510.4158998900812,20.710994592066857,906.6627951723362,FALSE,FALSE,TRUE,pre,TRUE,2020-09-03,2021-03-30,coded_removal_in_scm_window:RJ_2020_01
RJ,2017-06-01,294.50978403969714,491.293589012174,16.879942919180046,842.372820625429,FALSE,FALSE,TRUE,pre,TRUE,2020-09-03,2021-03-30,coded_removal_in_scm_window:RJ_2020_01
RJ,2017-08-01,309.8321900446088,510.8697133141236,9.336130746667113,808.8709540931699,FALSE,FALSE,TRUE,pre,TRUE,2020-09-03,2021-03-30,coded_removal_in_scm_window:RJ_2020_01
RJ,2017-10-01,298.95492279957017,487.62494448582066,10.766280410887926,746.3744528246001,FALSE,FALSE,TRUE,pre,TRUE,2020-09-03,2021-03-30,coded_removal_in_scm_window:RJ_2020_01
RJ,2017-12-01,300.77500252354,538.3741356657498,11.585547365992191,1340.7290278307269,FALSE,FALSE,TRUE,pre,TRUE,2020-09-03,2021-03-30,coded_removal_in_scm_window:RJ_2020_01
RJ,2018-02-01,403.0503023915507,555.7160188579799,21.172256925790077,926.9626726588918,FALSE,FALSE,TRUE,pre,TRUE,2020-09-03,2021-03-30,coded_removal_in_scm_window:RJ_2020_01
RJ,2018-04-01,367.4775515199195,506.81038449614834,25.747561353411175,862.2424973258828,FALSE,FALSE,TRUE,pre,TRUE,2020-09-03,2021-03-30,coded_removal_in_scm_window:RJ_2020_01
RJ,2018-06-01,376.18710092698444,495.67515363704973,16.04278895213454,752.0322877127303,FALSE,FALSE,TRUE,pre,TRUE,2020-09-03,2021-03-30,coded_removal_in_scm_window:RJ_2020_01
RJ,2018-08-01,439.20851031295535,564.4958997397059,20.389523744541044,793.2830516250599,FALSE,FALSE,TRUE,pre,TRUE,2020-09-03,2021-03-30,coded_removal_in_scm_window:RJ_2020_01
RJ,2018-10-01,363.2500504176017,490.871826655376,36.52847968114405,841.6596219942426,FALSE,FALSE,TRUE,pre,TRUE,2020-09-03,2021-03-30,coded_removal_in_scm_window:RJ_2020_01
RJ,2018-12-01,458.9920617243017,566.1111674741546,9.29886333460059,1203.4236369651244,FALSE,FALSE,TRUE,pre,TRUE,2020-09-03,2021-03-30,coded_removal_in_scm_window:RJ_2020_01
RJ,2019-02-01,409.92202873854905,541.6046773414456,20.50937593362585,995.2600586089033,FALSE,FALSE,TRUE,pre,TRUE,2020-09-03,2021-03-30,coded_removal_in_scm_window:RJ_2020_01
RJ,2019-04-01,372.29505783533165,495.65744031758345,20.136866368382357,676.9285933720056,FALSE,FALSE,TRUE,pre,TRUE,2020-09-03,2021-03-30,coded_removal_in_scm_window:RJ_2020_01
RJ,2019-06-01,365.03054315387124,471.8590894148738,11.521359212527114,741.6285836338642,FALSE,FALSE,TRUE,pre,TRUE,2020-09-03,2021-03-30,coded_removal_in_scm_window:RJ_2020_01
RJ,2019-08-01,355.7547977684176,500.3866039558555,15.412646741857571,827.552608128463,FALSE,FALSE,TRUE,pre,TRUE,2020-09-03,2021-03-30,coded_removal_in_scm_window:RJ_2020_01
RJ,2019-10-01,375.51781784712296,504.8350568035914,19.728282557085485,836.9994818431808,FALSE,FALSE,TRUE,pre,TRUE,2020-09-03,2021-03-30,coded_removal_in_scm_window:RJ_2020_01
RJ,2019-12-01,374.09034591700527,494.314283989729,-6.395343109802134,887.4959345255949,FALSE,FALSE,TRUE,pre,TRUE,2020-09-03,2021-03-30,coded_removal_in_scm_window:RJ_2020_01
RJ,2020-02-01,390.4251191113625,510.44395784666995,20.606817760039387,927.0991293467989,FALSE,FALSE,TRUE,pre,TRUE,2020-09-03,2021-03-30,coded_removal_in_scm_window:RJ_2020_01
RJ,2020-04-01,341.10471612196625,448.8398456610709,23.976668241221315,786.7959518215832,FALSE,FALSE,TRUE,pre,TRUE,2020-09-03,2021-03-30,coded_removal_in_scm_window:RJ_2020_01
RJ,2020-06-01,292.2788162248769,397.5710284436728,20.32445927297333,818.8295683144028,FALSE,FALSE,TRUE,pre,TRUE,2020-09-03,2021-03-30,coded_removal_in_scm_window:RJ_2020_01
RJ,2020-08-01,367.9240548906331,476.6670911258548,13.296836293245692,669.2081613496155,FALSE,FALSE,TRUE,pre,TRUE,2020-09-03,2021-03-30,coded_removal_in_scm_window:RJ_2020_01
RJ,2020-10-01,378.3224077737822,509.91783158183296,11.778480998582246,838.0033369081506,FALSE,FALSE,TRUE,pre,TRUE,2020-09-03,2021-03-30,coded_removal_in_scm_window:RJ_2020_01
RJ,2020-12-01,503.6861183681885,615.7952596175091,-21.031984229651744,761.4707870228298,FALSE,FALSE,TRUE,pre,TRUE,2020-09-03,2021-03-30,coded_removal_in_scm_window:RJ_2020_01
RJ,2021-02-01,382.28124325995606,512.2674546345166,20.62814000175262,798.2778109587736,FALSE,FALSE,TRUE,pre,TRUE,2020-09-03,2021-03-30,coded_removal_in_scm_window:RJ_2020_01
RJ,2021-04-01,398.18073334862737,533.3222659977677,20.45609301604172,901.7834137987543,FALSE,FALSE,TRUE,post,FALSE,2020-09-03,2021-03-30,coded_removal_in_scm_window:RJ_2020_01
RJ,2021-06-01,403.5130896104154,532.6306882831993,18.825969828612962,826.9396518194923,FALSE,FALSE,TRUE,post,FALSE,2020-09-03,2021-03-30,coded_removal_in_scm_window:RJ_2020_01
RJ,2021-08-01,409.49219424318704,526.0533510183686,15.326264940500554,822.593010191794,FALSE,FALSE,TRUE,post,FALSE,2020-09-03,2021-03-30,coded_removal_in_scm_window:RJ_2020_01
RJ,2021-10-01,428.2933954875549,557.8764514004387,21.071318626960192,914.6217656793237,FALSE,FALSE,TRUE,post,FALSE,2020-09-03,2021-03-30,coded_removal_in_scm_window:RJ_2020_01
RJ,2021-12-01,419.2916556798949,549.6200636342371,29.192421353002302,982.7692924856407,FALSE,FALSE,TRUE,post,FALSE,2020-09-03,2021-03-30,coded_removal_in_scm_window:RJ_2020_01
RJ,2022-02-01,408.5897622996063,516.9710071245339,27.19851281651667,976.3813242249125,FALSE,FALSE,TRUE,post,FALSE,2020-09-03,2021-03-30,coded_removal_in_scm_window:RJ_2020_01
RJ,2022-04-01,392.09252506523956,576.4400933544034,49.687755243822004,982.064719104356,FALSE,FALSE,TRUE,post,FALSE,2020-09-03,2021-03-30,coded_removal_in_scm_window:RJ_2020_01
RJ,2022-06-01,411.1227513162749,586.579883337599,65.48617644481965,1107.0843819521358,FALSE,FALSE,TRUE,post,FALSE,2020-09-03,2021-03-30,coded_removal_in_scm_window:RJ_2020_01
RJ,2022-08-01,394.27638230790507,547.0644814434618,67.06539299908432,1107.416427597093,FALSE,FALSE,TRUE,post,FALSE,2020-09-03,2021-03-30,coded_removal_in_scm_window:RJ_2020_01
RJ,2022-10-01,395.0976600284123,559.2680332694284,86.65729169287027,1117.3555678578812,FALSE,FALSE,TRUE,post,FALSE,2020-09-03,2021-03-30,coded_removal_in_scm_window:RJ_2020_01
RJ,2022-12-01,343.55528066596287,491.3640714953625,94.61460731210657,1107.0449451350914,FALSE,FALSE,TRUE,post,FALSE,2020-09-03,2021-03-30,coded_removal_in_scm_window:RJ_2020_01
RJ,2023-02-01,328.11820457644114,493.11209881921,22.0860060725585,1005.242611860078,FALSE,FALSE,TRUE,post,FALSE,2020-09-03,2021-03-30,coded_removal_in_scm_window:RJ_2020_01
RN,2017-04-01,239.8857516186677,307.79023432493835,30.783973636310854,942.4458816455206,FALSE,TRUE,FALSE,pre,TRUE,2020-09-03,2021-03-30,
RN,2017-06-01,252.8122933475845,335.7643670464084,23.873076548259032,700.4056486294527,FALSE,TRUE,FALSE,pre,TRUE,2020-09-03,2021-03-30,
RN,2017-08-01,202.78660753817732,329.41371834714886,28.079049981627637,825.4462357542874,FALSE,TRUE,FALSE,pre,TRUE,2020-09-03,2021-03-30,
RN,2017-10-01,226.64278008642617,288.68962195046544,27.41303754030495,662.2376761626913,FALSE,TRUE,FALSE,pre,TRUE,2020-09-03,2021-03-30,
RN,2017-12-01,259.13852205610834,309.02666559906055,34.377097030174504,576.8455954948139,FALSE,TRUE,FALSE,pre,TRUE,2020-09-03,2021-03-30,
RN,2018-02-01,401.7856031412135,450.9186564119908,30.574769921384252,634.2178114117935,FALSE,TRUE,FALSE,pre,TRUE,2020-09-03,2021-03-30,
RN,2018-04-01,439.36691284939104,489.58680289054223,35.90903254549855,651.3167276790925,FALSE,TRUE,FALSE,pre,TRUE,2020-09-03,2021-03-30,
RN,2018-06-01,-72.18004364591631,298.7191189288405,33.51192448015294,645.282559979951,FALSE,TRUE,FALSE,pre,TRUE,2020-09-03,2021-03-30,
RN,2018-08-01,252.16239449466525,411.43191959075614,70.90437445429404,1054.3739602957594,FALSE,TRUE,FALSE,pre,TRUE,2020-09-03,2021-03-30,
RN,2018-10-01,240.64841874982125,324.6439864211381,44.82511272823682,845.6119577220708,FALSE,TRUE,FALSE,pre,TRUE,2020-09-03,2021-03-30,
RN,2018-12-01,228.07393078378493,321.68579652348944,94.04089424732118,620.2730074656795,FALSE,TRUE,FALSE,pre,TRUE,2020-09-03,2021-03-30,
RN,2019-02-01,269.16922862524837,349.94357487126035,30.80608894542752,775.2661771084247,FALSE,TRUE,FALSE,pre,TRUE,2020-09-03,2021-03-30,
RN,2019-04-01,240.00317865679057,342.55528147715927,36.18706174808135,717.5368920416036,FALSE,TRUE,FALSE,pre,TRUE,2020-09-03,2021-03-30,
RN,2019-06-01,237.42280177587438,327.75417106010264,36.717036173135774,727.9778528391131,FALSE,TRUE,FALSE,pre,TRUE,2020-09-03,2021-03-30,
RN,2019-08-01,235.65129853166857,305.1747209920208,40.44857566153998,741.912666562443,FALSE,TRUE,FALSE,pre,TRUE,2020-09-03,2021-03-30,
RN,2019-10-01,228.23499875114163,314.0122597613186,26.60386117877116,716.5946858229049,FALSE,TRUE,FALSE,pre,TRUE,2020-09-03,2021-03-30,
RN,2019-12-01,246.58935232495625,365.87368572934093,28.760694035766164,782.5581825599753,FALSE,TRUE,FALSE,pre,TRUE,2020-09-03,2021-03-30,
RN,2020-02-01,239.13897064998176,321.0917885306971,34.124866544296566,703.7857402790951,FALSE,TRUE,FALSE,pre,TRUE,2020-09-03,2021-03-30,
RN,2020-04-01,225.14884523452682,282.15159341204804,30.740722371732726,725.6322308202662,FALSE,TRUE,FALSE,pre,TRUE,2020-09-03,2021-03-30,
RN,2020-06-01,196.71797863125965,255.22858311396712,18.937967778181715,672.0243348262588,FALSE,TRUE,FALSE,pre,TRUE,2020-09-03,2021-03-30,
RN,2020-08-01,217.74233787547882,332.4423571209841,15.14149947644497,738.3762980919893,FALSE,TRUE,FALSE,pre,TRUE,2020-09-03,2021-03-30,
RN,2020-10-01,251.76275087837263,331.2866270664692,27.38054060416848,886.9038602604535,FALSE,TRUE,FALSE,pre,TRUE,2020-09-03,2021-03-30,
RN,2020-12-01,304.0597778566359,437.5808109010159,23.501185627850994,781.0050194341283,FALSE,TRUE,FALSE,pre,TRUE,2020-09-03,2021-03-30,
RN,2021-02-01,246.0342017599046,339.22578890614363,27.10598782648853,754.1314690659376,FALSE,TRUE,FALSE,pre,TRUE,2020-09-03,2021-03-30,
RN,2021-04-01,251.9260311613474,357.3614420881263,25.262436241460748,784.0568218909448,FALSE,TRUE,FALSE,post,FALSE,2020-09-03,2021-03-30,
RN,2021-06-01,234.64567675752585,330.3972480851606,20.47397721729712,772.7079502229444,FALSE,TRUE,FALSE,post,FALSE,2020-09-03,2021-03-30,
RN,2021-08-01,263.18056699658445,367.556495060457,21.342764324135224,747.5725683308892,FALSE,TRUE,FALSE,post,FALSE,2020-09-03,2021-03-30,
RN,2021-10-01,251.13400682669334,351.53703267878626,11.96996551109128,731.89353071418,FALSE,TRUE,FALSE,post,FALSE,2020-09-03,2021-03-30,
RN,2021-12-01,274.1226980610417,373.9939757472893,7.7897698825605275,753.9495825627322,FALSE,TRUE,FALSE,post,FALSE,2020-09-03,2021-03-30,
RN,2022-02-01,259.8931964032015,354.39765875680115,24.200082399345316,778.3043574500025,FALSE,TRUE,FALSE,post,FALSE,2020-09-03,2021-03-30,
RN,2022-04-01,277.7993697783168,367.8716690076577,22.364635072105735,818.2748643938066,FALSE,TRUE,FALSE,post,FALSE,2020-09-03,2021-03-30,
RN,2022-06-01,272.3936553316455,381.56286815752264,50.95868443896994,906.6349693600062,FALSE,TRUE,FALSE,post,FALSE,2020-09-03,2021-03-30,
RN,2022-08-01,265.7108037831499,398.7366474796351,53.12366690601781,866.4757485899027,FALSE,TRUE,FALSE,post,FALSE,2020-09-03,2021-03-30,
RN,2022-10-01,243.63466940822866,368.6639502889783,40.2204998961629,926.4927029774176,FALSE,TRUE,FALSE,post,FALSE,2020-09-03,2021-03-30,
RN,2022-12-01,248.0090288266582,337.9420322803625,61.41732777866404,1072.2411656725544,FALSE,TRUE,FALSE,post,FALSE,2020-09-03,2021-03-30,
RN,2023-02-01,252.76474792833955,354.0021779932877,24.11282308770996,887.3740175554917,FALSE,TRUE,FALSE,post,FALSE,2020-09-03,2021-03-30,
RO,2017-04-01,390.00485927941475,496.57908324600555,56.16683396397649,907.6067816645766,FALSE,TRUE,FALSE,pre,TRUE,2020-09-03,2021-03-30,
RO,2017-06-01,399.621689230535,504.2893366318891,57.92332315912824,970.8024508635294,FALSE,TRUE,FALSE,pre,TRUE,2020-09-03,2021-03-30,
RO,2017-08-01,426.5526767591082,528.2879962940021,39.835392696915875,814.8863023325839,FALSE,TRUE,FALSE,pre,TRUE,2020-09-03,2021-03-30,
RO,2017-10-01,409.14488482243956,510.6937009760144,50.848798063481965,887.2678666158761,FALSE,TRUE,FALSE,pre,TRUE,2020-09-03,2021-03-30,
RO,2017-12-01,383.47187853203116,463.0487684979481,58.380934664524865,970.5224059909625,FALSE,TRUE,FALSE,pre,TRUE,2020-09-03,2021-03-30,
RO,2018-02-01,290.3474404405492,396.9558157620604,62.33933459287146,1004.9607133798047,FALSE,TRUE,FALSE,pre,TRUE,2020-09-03,2021-03-30,
RO,2018-04-01,338.9830240951838,441.0646309558933,85.30312856120557,993.9869939656883,FALSE,TRUE,FALSE,pre,TRUE,2020-09-03,2021-03-30,
RO,2018-06-01,297.47496793936995,385.6880088862614,86.55763433938367,1009.7872102264812,FALSE,TRUE,FALSE,pre,TRUE,2020-09-03,2021-03-30,
RO,2018-08-01,306.1401239369355,389.1291198730665,108.64207279316905,950.2556286787936,FALSE,TRUE,FALSE,pre,TRUE,2020-09-03,2021-03-30,
RO,2018-10-01,341.3912623543799,438.6367838877949,64.78437180704744,979.2407331322911,FALSE,TRUE,FALSE,pre,TRUE,2020-09-03,2021-03-30,
RO,2018-12-01,345.3982496433974,425.51078481462486,68.69241927234111,980.7665997651067,FALSE,TRUE,FALSE,pre,TRUE,2020-09-03,2021-03-30,
RO,2019-02-01,326.2446590772193,436.69604644035974,50.8780640104317,1021.5570660722308,FALSE,TRUE,FALSE,pre,TRUE,2020-09-03,2021-03-30,
RO,2019-04-01,334.44758009554397,424.5947061145632,44.77330465641397,949.6509918783662,FALSE,TRUE,FALSE,pre,TRUE,2020-09-03,2021-03-30,
RO,2019-06-01,322.6323353076226,414.59171753125497,26.41581868789797,934.3144855010798,FALSE,TRUE,FALSE,pre,TRUE,2020-09-03,2021-03-30,
RO,2019-08-01,319.01403193563414,410.6160130918387,13.327722227221575,939.523427625604,FALSE,TRUE,FALSE,pre,TRUE,2020-09-03,2021-03-30,
RO,2019-10-01,355.3356937363474,456.4009275649797,40.34201926218233,905.9521472737584,FALSE,TRUE,FALSE,pre,TRUE,2020-09-03,2021-03-30,
RO,2019-12-01,346.45546952392425,446.0970653539356,26.61657275936063,864.6104347752731,FALSE,TRUE,FALSE,pre,TRUE,2020-09-03,2021-03-30,
RO,2020-02-01,357.12613237843294,462.73125743633136,48.880360619186476,1009.1908284739397,FALSE,TRUE,FALSE,pre,TRUE,2020-09-03,2021-03-30,
RO,2020-04-01,323.05769229088,404.02976939050325,44.73839140715499,941.4624132907783,FALSE,TRUE,FALSE,pre,TRUE,2020-09-03,2021-03-30,
RO,2020-06-01,276.92565741240986,361.6319070999034,50.54071878289454,846.2704658757696,FALSE,TRUE,FALSE,pre,TRUE,2020-09-03,2021-03-30,
RO,2020-08-01,353.930884809676,443.183443175151,45.7353857718,952.0674666380311,FALSE,TRUE,FALSE,pre,TRUE,2020-09-03,2021-03-30,
RO,2020-10-01,389.5991913982492,494.32347228580596,39.048645166665985,1004.4536291977338,FALSE,TRUE,FALSE,pre,TRUE,2020-09-03,2021-03-30,
RO,2020-12-01,400.18240137241287,503.5494331716506,28.640611846514254,829.1276382101859,FALSE,TRUE,FALSE,pre,TRUE,2020-09-03,2021-03-30,
RO,2021-02-01,380.6971350655871,468.52176464640974,48.56110669610658,861.5335685130221,FALSE,TRUE,FALSE,pre,TRUE,2020-09-03,2021-03-30,
RO,2021-04-01,390.90199551997415,486.859940722772,41.760752828121724,995.5448854446801,FALSE,TRUE,FALSE,post,FALSE,2020-09-03,2021-03-30,
RO,2021-06-01,397.3813962530306,495.3899773359961,25.73275405193772,920.5759989064383,FALSE,TRUE,FALSE,post,FALSE,2020-09-03,2021-03-30,
RO,2021-08-01,457.38586623162684,555.1914422465185,30.391297641007522,882.4402290358718,FALSE,TRUE,FALSE,post,FALSE,2020-09-03,2021-03-30,
RO,2021-10-01,414.9260781824799,516.7603953985131,46.73223601179022,919.3154992852584,FALSE,TRUE,FALSE,post,FALSE,2020-09-03,2021-03-30,
RO,2021-12-01,458.0720312676559,586.9759117520284,55.86375500989181,1067.3567739139307,FALSE,TRUE,FALSE,post,FALSE,2020-09-03,2021-03-30,
RO,2022-02-01,485.7164444415782,608.2091167123472,49.985954511340246,1099.7312384252914,FALSE,TRUE,FALSE,post,FALSE,2020-09-03,2021-03-30,
RO,2022-04-01,466.7535842764014,582.0344084843432,50.58315804242861,1215.7255828321952,FALSE,TRUE,FALSE,post,FALSE,2020-09-03,2021-03-30,
RO,2022-06-01,484.1972843114275,627.9093226768291,239.97085418005972,1347.8035535015683,FALSE,TRUE,FALSE,post,FALSE,2020-09-03,2021-03-30,
RO,2022-08-01,457.65884826504777,597.2522972631019,102.54143759355308,1357.000186680538,FALSE,TRUE,FALSE,post,FALSE,2020-09-03,2021-03-30,
RO,2022-10-01,415.3113320473347,538.5150548663961,73.80417889596096,1335.5510766274606,FALSE,TRUE,FALSE,post,FALSE,2020-09-03,2021-03-30,
RO,2022-12-01,406.00416323835356,546.5033938992468,189.21099484562606,1521.725021753592,FALSE,TRUE,FALSE,post,FALSE,2020-09-03,2021-03-30,
RO,2023-02-01,346.224216110536,492.03581965553127,48.83015797910611,1152.7345455510492,FALSE,TRUE,FALSE,post,FALSE,2020-09-03,2021-03-30,
RR,2017-04-01,338.87166557772576,433.1659699211461,63.84401478479721,1636.4485183388483,FALSE,FALSE,TRUE,pre,TRUE,2020-09-03,2021-03-30,coded_removal_in_scm_window:RR_2018_01
RR,2017-06-01,323.5167938732743,439.2250163183695,50.94504764933952,1632.8657207054107,FALSE,FALSE,TRUE,pre,TRUE,2020-09-03,2021-03-30,coded_removal_in_scm_window:RR_2018_01
RR,2017-08-01,327.9771014054764,418.0550588418598,77.1277663041086,1643.6563119089035,FALSE,FALSE,TRUE,pre,TRUE,2020-09-03,2021-03-30,coded_removal_in_scm_window:RR_2018_01
RR,2017-10-01,317.727759568904,408.22299920306705,53.23541222969893,1600.639102292024,FALSE,FALSE,TRUE,pre,TRUE,2020-09-03,2021-03-30,coded_removal_in_scm_window:RR_2018_01
RR,2017-12-01,322.87312456944335,383.65006548240524,97.46909969007804,2410.4938865119448,FALSE,FALSE,TRUE,pre,TRUE,2020-09-03,2021-03-30,coded_removal_in_scm_window:RR_2018_01
RR,2018-02-01,365.2248717610377,311.2128987478251,66.22489616443147,1441.4353845867831,FALSE,FALSE,TRUE,pre,TRUE,2020-09-03,2021-03-30,coded_removal_in_scm_window:RR_2018_01
RR,2018-04-01,85.5536884138585,302.56379831820766,53.87236428350104,1540.6391759286753,FALSE,FALSE,TRUE,pre,TRUE,2020-09-03,2021-03-30,coded_removal_in_scm_window:RR_2018_01
RR,2018-06-01,211.27872468746403,293.82516199182254,51.17837156358371,1330.9024597263985,FALSE,FALSE,TRUE,pre,TRUE,2020-09-03,2021-03-30,coded_removal_in_scm_window:RR_2018_01
RR,2018-08-01,238.87525596062505,274.29988717360214,55.9219264074699,1747.413463105987,FALSE,FALSE,TRUE,pre,TRUE,2020-09-03,2021-03-30,coded_removal_in_scm_window:RR_2018_01
RR,2018-10-01,235.511816337562,286.02073752535716,-5.273299428793005,1165.9589483520178,FALSE,FALSE,TRUE,pre,TRUE,2020-09-03,2021-03-30,coded_removal_in_scm_window:RR_2018_01
RR,2018-12-01,243.69566070054017,291.13975356550657,15.090963630700301,654.0216503581403,FALSE,FALSE,TRUE,pre,TRUE,2020-09-03,2021-03-30,coded_removal_in_scm_window:RR_2018_01
RR,2019-02-01,241.85819223573353,469.37761248384186,111.41940472245727,1231.3134436923397,FALSE,FALSE,TRUE,pre,TRUE,2020-09-03,2021-03-30,coded_removal_in_scm_window:RR_2018_01
RR,2019-04-01,255.64328407346048,361.3570632755325,31.951534084112637,996.0301479018813,FALSE,FALSE,TRUE,pre,TRUE,2020-09-03,2021-03-30,coded_removal_in_scm_window:RR_2018_01
RR,2019-06-01,280.57302900695595,401.52302028569613,17.406486944318576,1293.0754089520353,FALSE,FALSE,TRUE,pre,TRUE,2020-09-03,2021-03-30,coded_removal_in_scm_window:RR_2018_01
RR,2019-08-01,278.21274369802603,403.1676228046448,39.19691686511536,1853.6047775711697,FALSE,FALSE,TRUE,pre,TRUE,2020-09-03,2021-03-30,coded_removal_in_scm_window:RR_2018_01
RR,2019-10-01,297.4302473899939,426.33192368801207,20.636744634480753,1267.1495977781117,FALSE,FALSE,TRUE,pre,TRUE,2020-09-03,2021-03-30,coded_removal_in_scm_window:RR_2018_01
RR,2019-12-01,1307.6834678284529,340.58366463506474,-26.740814201736463,1494.1075699551036,FALSE,FALSE,TRUE,pre,TRUE,2020-09-03,2021-03-30,coded_removal_in_scm_window:RR_2018_01
RR,2020-02-01,433.48400377569385,382.4768774335846,75.34471184825418,1513.961666137679,FALSE,FALSE,TRUE,pre,TRUE,2020-09-03,2021-03-30,coded_removal_in_scm_window:RR_2018_01
RR,2020-04-01,95.00951859927125,378.2754642534024,55.578658204049034,1351.9348435716706,FALSE,FALSE,TRUE,pre,TRUE,2020-09-03,2021-03-30,coded_removal_in_scm_window:RR_2018_01
RR,2020-06-01,243.78076299928944,347.68966180401634,21.777330200201206,1160.3717024780944,FALSE,FALSE,TRUE,pre,TRUE,2020-09-03,2021-03-30,coded_removal_in_scm_window:RR_2018_01
RR,2020-08-01,311.5161679239234,422.8199165786117,-2.8835637604008912,1211.1572451588097,FALSE,FALSE,TRUE,pre,TRUE,2020-09-03,2021-03-30,coded_removal_in_scm_window:RR_2018_01
RR,2020-10-01,286.29266672675527,421.83700011414345,57.99719586767435,1433.3042074198308,FALSE,FALSE,TRUE,pre,TRUE,2020-09-03,2021-03-30,coded_removal_in_scm_window:RR_2018_01
RR,2020-12-01,287.71636765293704,405.38529569639735,-20.53094346732214,1184.323040808917,FALSE,FALSE,TRUE,pre,TRUE,2020-09-03,2021-03-30,coded_removal_in_scm_window:RR_2018_01
RR,2021-02-01,297.59388947172357,427.050081766719,60.69320242023042,1437.3719684543423,FALSE,FALSE,TRUE,pre,TRUE,2020-09-03,2021-03-30,coded_removal_in_scm_window:RR_2018_01
RR,2021-04-01,274.0471038328875,881.7360608623515,42.49771337692803,1508.911982010168,FALSE,FALSE,TRUE,post,FALSE,2020-09-03,2021-03-30,coded_removal_in_scm_window:RR_2018_01
RR,2021-06-01,327.2045225295945,474.57457995443633,31.76591164812827,1415.0554344938244,FALSE,FALSE,TRUE,post,FALSE,2020-09-03,2021-03-30,coded_removal_in_scm_window:RR_2018_01
RR,2021-08-01,325.7107709244789,459.38786499542437,20.983049402635828,1433.8407297003141,FALSE,FALSE,TRUE,post,FALSE,2020-09-03,2021-03-30,coded_removal_in_scm_window:RR_2018_01
RR,2021-10-01,310.73729286646346,441.8081801209548,61.217815387173,1291.9670148416287,FALSE,FALSE,TRUE,post,FALSE,2020-09-03,2021-03-30,coded_removal_in_scm_window:RR_2018_01
RR,2021-12-01,334.0270544379731,493.68481289664624,89.58800599333522,1754.6095773835539,FALSE,FALSE,TRUE,post,FALSE,2020-09-03,2021-03-30,coded_removal_in_scm_window:RR_2018_01
RR,2022-02-01,343.22207277659123,474.20243111079634,75.8493034279352,1662.1230918534666,FALSE,FALSE,TRUE,post,FALSE,2020-09-03,2021-03-30,coded_removal_in_scm_window:RR_2018_01
RR,2022-04-01,315.38175173093737,463.4776470643561,55.08083662885939,1824.094024943134,FALSE,FALSE,TRUE,post,FALSE,2020-09-03,2021-03-30,coded_removal_in_scm_window:RR_2018_01
RR,2022-06-01,301.810217776147,476.5767320167243,74.66422373334075,1917.035101608518,FALSE,FALSE,TRUE,post,FALSE,2020-09-03,2021-03-30,coded_removal_in_scm_window:RR_2018_01
RR,2022-08-01,289.48770678228266,445.4171781037202,171.62748828405566,2243.8578428320666,FALSE,FALSE,TRUE,post,FALSE,2020-09-03,2021-03-30,coded_removal_in_scm_window:RR_2018_01
RR,2022-10-01,272.2468835357732,447.9754014073624,107.2933640021571,2218.6468843918215,FALSE,FALSE,TRUE,post,FALSE,2020-09-03,2021-03-30,coded_removal_in_scm_window:RR_2018_01
RR,2022-12-01,263.48705379941885,494.6531103580569,107.40854732296866,2138.4756574637286,FALSE,FALSE,TRUE,post,FALSE,2020-09-03,2021-03-30,coded_removal_in_scm_window:RR_2018_01
RR,2023-02-01,265.66492545955356,413.6871941027463,65.14027476179275,1785.5584898122966,FALSE,FALSE,TRUE,post,FALSE,2020-09-03,2021-03-30,coded_removal_in_scm_window:RR_2018_01
RS,2017-04-01,616.4517686175656,798.2733303713885,18.694034210156907,1182.316669915855,FALSE,TRUE,FALSE,pre,TRUE,2020-09-03,2021-03-30,
RS,2017-06-01,600.1419937468434,769.2215329250874,17.639193836314487,1170.463950088891,FALSE,TRUE,FALSE,pre,TRUE,2020-09-03,2021-03-30,
RS,2017-08-01,590.9482690197492,742.4072154791911,12.964172339381324,1065.0472302137011,FALSE,TRUE,FALSE,pre,TRUE,2020-09-03,2021-03-30,
RS,2017-10-01,613.0253885614131,761.5872455820921,14.668698078112516,1094.8183184673057,FALSE,TRUE,FALSE,pre,TRUE,2020-09-03,2021-03-30,
RS,2017-12-01,630.476157606366,747.5496802210237,10.573637245653941,1134.0720820915512,FALSE,TRUE,FALSE,pre,TRUE,2020-09-03,2021-03-30,
RS,2018-02-01,,831.6423203758758,64.27198205153253,1163.1439576815333,FALSE,TRUE,FALSE,pre,TRUE,2020-09-03,2021-03-30,
RS,2018-04-01,,789.1004720723364,74.64144432679052,1416.3078437653583,FALSE,TRUE,FALSE,pre,TRUE,2020-09-03,2021-03-30,
RS,2018-06-01,,732.4449210729343,89.61964866199008,1173.625191979985,FALSE,TRUE,FALSE,pre,TRUE,2020-09-03,2021-03-30,
RS,2018-08-01,,797.3453925631231,105.73723817920299,1151.6429866630858,FALSE,TRUE,FALSE,pre,TRUE,2020-09-03,2021-03-30,
RS,2018-10-01,,789.123462220654,121.76864410786042,1188.4534685360384,FALSE,TRUE,FALSE,pre,TRUE,2020-09-03,2021-03-30,
RS,2018-12-01,3866.09401024675,885.8312660107986,125.50608962230615,1238.3177225018217,FALSE,TRUE,FALSE,pre,TRUE,2020-09-03,2021-03-30,
RS,2019-02-01,643.6302659719124,810.4787212691343,17.421331448381945,1228.1100996799096,FALSE,TRUE,FALSE,pre,TRUE,2020-09-03,2021-03-30,
RS,2019-04-01,637.0560863464848,844.1623520157483,11.973500085424721,1245.2936038038597,FALSE,TRUE,FALSE,pre,TRUE,2020-09-03,2021-03-30,
RS,2019-06-01,647.4509022568104,808.3570424005713,14.99637561565867,1205.443164935917,FALSE,TRUE,FALSE,pre,TRUE,2020-09-03,2021-03-30,
RS,2019-08-01,671.4926608668624,837.9266143888673,8.720417973813754,1229.6949944408443,FALSE,TRUE,FALSE,pre,TRUE,2020-09-03,2021-03-30,
RS,2019-10-01,635.1740078132902,802.9651901462823,12.100204198630657,1210.6004804318543,FALSE,TRUE,FALSE,pre,TRUE,2020-09-03,2021-03-30,
RS,2019-12-01,751.7919551039591,962.1222557374513,7.539704283204905,1188.080706034007,FALSE,TRUE,FALSE,pre,TRUE,2020-09-03,2021-03-30,
RS,2020-02-01,509.4679189478534,666.5065040194582,15.661134151005273,963.8425659092784,FALSE,TRUE,FALSE,pre,TRUE,2020-09-03,2021-03-30,
RS,2020-04-01,411.3314842672148,525.6262716318118,14.072415076251838,1017.76308225114,FALSE,TRUE,FALSE,pre,TRUE,2020-09-03,2021-03-30,
RS,2020-06-01,352.2856687602841,477.9818056517205,7.015081101098179,939.8825469947476,FALSE,TRUE,FALSE,pre,TRUE,2020-09-03,2021-03-30,
RS,2020-08-01,451.5294546965839,608.1927523434172,6.380337398460555,965.1477695167454,FALSE,TRUE,FALSE,pre,TRUE,2020-09-03,2021-03-30,
RS,2020-10-01,484.88588058621116,648.2252175122867,9.199801074610345,994.2937098915032,FALSE,TRUE,FALSE,pre,TRUE,2020-09-03,2021-03-30,
RS,2020-12-01,499.6316468043259,641.6324062922201,0.1957692449764501,827.4833941875937,FALSE,TRUE,FALSE,pre,TRUE,2020-09-03,2021-03-30,
RS,2021-02-01,504.56403116333104,628.4811263360841,15.930691312185829,904.9489261267154,FALSE,TRUE,FALSE,pre,TRUE,2020-09-03,2021-03-30,
RS,2021-04-01,512.0921820847325,650.9155091615366,11.966223034556688,963.2987572795665,FALSE,TRUE,FALSE,post,FALSE,2020-09-03,2021-03-30,
RS,2021-06-01,492.5656949605809,637.2888795725504,10.959298995960843,912.399001144671,FALSE,TRUE,FALSE,post,FALSE,2020-09-03,2021-03-30,
RS,2021-08-01,699.2767245018456,842.7772041441275,17.296116574063316,1251.1333798974897,FALSE,TRUE,FALSE,post,FALSE,2020-09-03,2021-03-30,
RS,2021-10-01,519.3730255658975,673.7215795518042,18.131423712248516,925.2378636321905,FALSE,TRUE,FALSE,post,FALSE,2020-09-03,2021-03-30,
RS,2021-12-01,516.3805019333658,688.6273177886682,52.1307606946978,899.900892633132,FALSE,TRUE,FALSE,post,FALSE,2020-09-03,2021-03-30,
RS,2022-02-01,520.4080208023566,648.7422933233138,18.564501866148184,894.5193110349144,FALSE,TRUE,FALSE,post,FALSE,2020-09-03,2021-03-30,
RS,2022-04-01,508.7828037229289,642.0699711462597,40.16269646370519,884.3103355313191,FALSE,TRUE,FALSE,post,FALSE,2020-09-03,2021-03-30,
RS,2022-06-01,490.8352198164741,657.098502849939,47.388494223095655,968.9369462526001,FALSE,TRUE,FALSE,post,FALSE,2020-09-03,2021-03-30,
RS,2022-08-01,477.9503247401204,639.3280190257202,45.471567151891264,964.5011605072777,FALSE,TRUE,FALSE,post,FALSE,2020-09-03,2021-03-30,
RS,2022-10-01,456.651562234858,625.3649293664776,44.14713099343881,994.0629115225863,FALSE,TRUE,FALSE,post,FALSE,2020-09-03,2021-03-30,
RS,2022-12-01,404.7389607444916,605.2982718899151,60.39767594195922,886.2507048490121,FALSE,TRUE,FALSE,post,FALSE,2020-09-03,2021-03-30,
RS,2023-02-01,434.31103024990506,584.5264963410269,21.323814756656258,970.0771357001458,FALSE,TRUE,FALSE,post,FALSE,2020-09-03,2021-03-30,
SC,2017-04-01,432.5509438855662,539.6977655728257,79.97272585817421,1539.950051214601,TRUE,FALSE,TRUE,pre,TRUE,2020-09-03,2021-03-30,treated_unit
SC,2017-06-01,418.0602415496098,529.7426172121451,75.46843958327344,888.6389990520204,TRUE,FALSE,TRUE,pre,TRUE,2020-09-03,2021-03-30,treated_unit
SC,2017-08-01,425.6006608888387,538.9066357208231,55.59335631294265,847.2943817542234,TRUE,FALSE,TRUE,pre,TRUE,2020-09-03,2021-03-30,treated_unit
SC,2017-10-01,430.67850307409606,543.6357975834766,66.64448054541953,853.389930429669,TRUE,FALSE,TRUE,pre,TRUE,2020-09-03,2021-03-30,treated_unit
SC,2017-12-01,427.7475079414491,541.8985464480086,51.48322261158405,876.9569843865152,TRUE,FALSE,TRUE,pre,TRUE,2020-09-03,2021-03-30,treated_unit
SC,2018-02-01,435.4606882995368,563.6235056033289,53.45901192009772,894.9650788523186,TRUE,FALSE,TRUE,pre,TRUE,2020-09-03,2021-03-30,treated_unit
SC,2018-04-01,431.71392499587347,558.4383766147391,49.646948653868655,874.5554375169594,TRUE,FALSE,TRUE,pre,TRUE,2020-09-03,2021-03-30,treated_unit
SC,2018-06-01,401.8052585688511,527.3109695477323,50.786869761242045,870.8941552163258,TRUE,FALSE,TRUE,pre,TRUE,2020-09-03,2021-03-30,treated_unit
SC,2018-08-01,466.76141502769957,600.9376080161726,39.526055595862225,853.6968123741053,TRUE,FALSE,TRUE,pre,TRUE,2020-09-03,2021-03-30,treated_unit
SC,2018-10-01,472.2676527566967,601.8815246609319,42.256681511127184,853.2824912203861,TRUE,FALSE,TRUE,pre,TRUE,2020-09-03,2021-03-30,treated_unit
SC,2018-12-01,493.2658684531437,626.0741267025729,42.317284561696134,906.933350253913,TRUE,FALSE,TRUE,pre,TRUE,2020-09-03,2021-03-30,treated_unit
SC,2019-02-01,484.09172806983025,623.9747921718099,51.400970521738216,889.1168010850938,TRUE,FALSE,TRUE,pre,TRUE,2020-09-03,2021-03-30,treated_unit
SC,2019-04-01,462.7131055571027,595.3172521852844,26.492313937051833,833.5519302235795,TRUE,FALSE,TRUE,pre,TRUE,2020-09-03,2021-03-30,treated_unit
SC,2019-06-01,473.574755238792,607.0231809285549,16.62776403551008,821.4206976254029,TRUE,FALSE,TRUE,pre,TRUE,2020-09-03,2021-03-30,treated_unit
SC,2019-08-01,476.20139795809195,613.1961255978463,26.37471997515668,837.7671197238376,TRUE,FALSE,TRUE,pre,TRUE,2020-09-03,2021-03-30,treated_unit
SC,2019-10-01,480.19826176611775,621.1581902858022,25.889222230373864,868.4682362873585,TRUE,FALSE,TRUE,pre,TRUE,2020-09-03,2021-03-30,treated_unit
SC,2019-12-01,492.48433559915026,628.9998898244428,38.05289566910882,886.1458154672082,TRUE,FALSE,TRUE,pre,TRUE,2020-09-03,2021-03-30,treated_unit
SC,2020-02-01,496.4130528101935,638.1471834510216,57.11324086621691,873.8419450609933,TRUE,FALSE,TRUE,pre,TRUE,2020-09-03,2021-03-30,treated_unit
SC,2020-04-01,420.5369337784246,538.6240312290511,35.12284526364388,862.2302990259334,TRUE,FALSE,TRUE,pre,TRUE,2020-09-03,2021-03-30,treated_unit
SC,2020-06-01,366.35505976282747,504.5163258020361,26.5363656294376,762.7176506736861,TRUE,FALSE,TRUE,pre,TRUE,2020-09-03,2021-03-30,treated_unit
SC,2020-08-01,486.72309844863986,630.4687956939373,56.901678215102535,863.7779541695509,TRUE,FALSE,TRUE,pre,TRUE,2020-09-03,2021-03-30,treated_unit
SC,2020-10-01,511.5108297245276,654.2268003900422,19.49268305471666,795.2442576988223,TRUE,FALSE,TRUE,pre,TRUE,2020-09-03,2021-03-30,treated_unit
SC,2020-12-01,498.4246774925593,645.1500026878235,43.24821881889516,834.9787629626808,TRUE,FALSE,TRUE,pre,TRUE,2020-09-03,2021-03-30,treated_unit
SC,2021-02-01,509.2994782654483,653.7367221088414,55.241673902159484,899.142327420504,TRUE,FALSE,TRUE,pre,TRUE,2020-09-03,2021-03-30,treated_unit
SC,2021-04-01,503.64642204656684,653.1729896573097,29.33187119229116,886.9581202620318,TRUE,FALSE,TRUE,post,FALSE,2020-09-03,2021-03-30,treated_unit
SC,2021-06-01,515.8567816406057,664.1239672650637,32.90173152732926,876.6323280538226,TRUE,FALSE,TRUE,post,FALSE,2020-09-03,2021-03-30,treated_unit
SC,2021-08-01,593.0365163120699,749.3830012198703,35.05276803132036,870.9608088290327,TRUE,FALSE,TRUE,post,FALSE,2020-09-03,2021-03-30,treated_unit
SC,2021-10-01,552.0443339191489,701.0635599554328,37.97251525891312,898.2011846170732,TRUE,FALSE,TRUE,post,FALSE,2020-09-03,2021-03-30,treated_unit
SC,2021-12-01,410.0380612065632,553.5099828645457,115.68792460748821,969.6077950779245,TRUE,FALSE,TRUE,post,FALSE,2020-09-03,2021-03-30,treated_unit
SC,2022-02-01,622.8909357098016,773.3729803487898,75.61904260818389,911.0440180753237,TRUE,FALSE,TRUE,post,FALSE,2020-09-03,2021-03-30,treated_unit
SC,2022-04-01,557.3818368731511,709.0420040446294,131.53955004180702,990.7052215349768,TRUE,FALSE,TRUE,post,FALSE,2020-09-03,2021-03-30,treated_unit
SC,2022-06-01,555.2441070928312,712.1738590942372,224.39651473115538,1122.6304466205083,TRUE,FALSE,TRUE,post,FALSE,2020-09-03,2021-03-30,treated_unit
SC,2022-08-01,512.5067919425069,678.483620294319,89.41421837967698,1037.517313176292,TRUE,FALSE,TRUE,post,FALSE,2020-09-03,2021-03-30,treated_unit
SC,2022-10-01,497.77144127944086,656.0585667689336,78.08863285752916,1018.5152640309831,TRUE,FALSE,TRUE,post,FALSE,2020-09-03,2021-03-30,treated_unit
SC,2022-12-01,491.9556245611016,656.9684862797737,158.862740607156,1141.1465495031925,TRUE,FALSE,TRUE,post,FALSE,2020-09-03,2021-03-30,treated_unit
SC,2023-02-01,488.0159341531749,652.0622933926451,50.5746931509225,907.1159907007802,TRUE,FALSE,TRUE,post,FALSE,2020-09-03,2021-03-30,treated_unit
SE,2017-04-01,217.99840808691798,272.92526997373625,22.73983515585351,932.7377780288649,FALSE,TRUE,FALSE,pre,TRUE,2020-09-03,2021-03-30,
SE,2017-06-01,211.00429430586718,267.9663772918878,55.61123184918404,881.1467970959211,FALSE,TRUE,FALSE,pre,TRUE,2020-09-03,2021-03-30,
SE,2017-08-01,206.08326149322895,272.9499163765416,26.368357490726137,874.4320384920496,FALSE,TRUE,FALSE,pre,TRUE,2020-09-03,2021-03-30,
SE,2017-10-01,210.19010470025225,290.23820320485174,33.9416875971461,885.5346010550819,FALSE,TRUE,FALSE,pre,TRUE,2020-09-03,2021-03-30,
SE,2017-12-01,211.2834592390573,270.23100534191633,25.510236019854425,897.8230786501313,FALSE,TRUE,FALSE,pre,TRUE,2020-09-03,2021-03-30,
SE,2018-02-01,215.60764831075971,301.35928527357777,40.942839098502986,894.2115828899531,FALSE,TRUE,FALSE,pre,TRUE,2020-09-03,2021-03-30,
SE,2018-04-01,224.93841323846726,272.90838498856226,60.90982303997903,949.5460706594943,FALSE,TRUE,FALSE,pre,TRUE,2020-09-03,2021-03-30,
SE,2018-06-01,211.4277734189062,259.01574989043064,41.92898778244428,848.8900379749539,FALSE,TRUE,FALSE,pre,TRUE,2020-09-03,2021-03-30,
SE,2018-08-01,228.8124415728639,297.03703194112165,42.4298243561671,915.025055578989,FALSE,TRUE,FALSE,pre,TRUE,2020-09-03,2021-03-30,
SE,2018-10-01,278.3169089688908,325.40013540186635,56.03387202541456,938.146047228412,FALSE,TRUE,FALSE,pre,TRUE,2020-09-03,2021-03-30,
SE,2018-12-01,199.74189531939646,267.7372106018833,12.709335857451116,772.148804761712,FALSE,TRUE,FALSE,pre,TRUE,2020-09-03,2021-03-30,
SE,2019-02-01,227.1109528923672,308.17153285389776,51.95287684767818,1082.056137386208,FALSE,TRUE,FALSE,pre,TRUE,2020-09-03,2021-03-30,
SE,2019-04-01,218.90673665313798,288.6894576017255,28.400690177162137,855.1367646061649,FALSE,TRUE,FALSE,pre,TRUE,2020-09-03,2021-03-30,
SE,2019-06-01,226.1862159877412,312.37803714154376,19.036388173175226,922.3815470752677,FALSE,TRUE,FALSE,pre,TRUE,2020-09-03,2021-03-30,
SE,2019-08-01,215.8230372064342,296.8754673591582,27.188373699698808,904.0850416068794,FALSE,TRUE,FALSE,pre,TRUE,2020-09-03,2021-03-30,
SE,2019-10-01,225.08396014278605,297.0732874563823,17.20749805500894,832.8987250417596,FALSE,TRUE,FALSE,pre,TRUE,2020-09-03,2021-03-30,
SE,2019-12-01,247.6420929456234,324.979968617483,-13.519811063099546,951.2292604467534,FALSE,TRUE,FALSE,pre,TRUE,2020-09-03,2021-03-30,
SE,2020-02-01,221.81154074883284,294.1967099527871,30.052949235905444,981.9170601699508,FALSE,TRUE,FALSE,pre,TRUE,2020-09-03,2021-03-30,
SE,2020-04-01,204.57968604291466,258.04744166169183,24.418702866994995,902.3698573158771,FALSE,TRUE,FALSE,pre,TRUE,2020-09-03,2021-03-30,
SE,2020-06-01,175.3593068120026,216.84841987951017,21.966866516363893,878.8839206491621,FALSE,TRUE,FALSE,pre,TRUE,2020-09-03,2021-03-30,
SE,2020-08-01,212.68697818940643,331.10951429063,25.5495311971403,869.1265207392593,FALSE,TRUE,FALSE,pre,TRUE,2020-09-03,2021-03-30,
SE,2020-10-01,232.7652947851086,338.616335822433,23.71737242523267,949.0252463813675,FALSE,TRUE,FALSE,pre,TRUE,2020-09-03,2021-03-30,
SE,2020-12-01,249.9364477579755,326.29040635405335,43.853873995931295,890.9769764721009,FALSE,TRUE,FALSE,pre,TRUE,2020-09-03,2021-03-30,
SE,2021-02-01,239.6972990222065,330.43867723039386,37.098311836943154,1042.8754863299212,FALSE,TRUE,FALSE,pre,TRUE,2020-09-03,2021-03-30,
SE,2021-04-01,226.9577322808679,340.40919894468516,36.11661648879128,906.7234781970348,FALSE,TRUE,FALSE,post,FALSE,2020-09-03,2021-03-30,
SE,2021-06-01,234.49119808717086,333.65984943563706,34.32052924920522,887.4050313206925,FALSE,TRUE,FALSE,post,FALSE,2020-09-03,2021-03-30,
SE,2021-08-01,246.50513521268132,345.4943904171534,33.02025914552311,903.34784878717,FALSE,TRUE,FALSE,post,FALSE,2020-09-03,2021-03-30,
SE,2021-10-01,247.04398251928876,353.25102058141897,44.87234701660882,834.9988897679015,FALSE,TRUE,FALSE,post,FALSE,2020-09-03,2021-03-30,
SE,2021-12-01,242.3763577176686,348.94707407903894,43.26041248894467,892.3383782434819,FALSE,TRUE,FALSE,post,FALSE,2020-09-03,2021-03-30,
SE,2022-02-01,251.66958687615522,342.35367034401594,46.31290742462184,994.7224717008471,FALSE,TRUE,FALSE,post,FALSE,2020-09-03,2021-03-30,
SE,2022-04-01,262.0845469509345,377.20649956407044,50.99921629407112,1009.3712082520425,FALSE,TRUE,FALSE,post,FALSE,2020-09-03,2021-03-30,
SE,2022-06-01,260.7539848220026,380.588739047938,112.29512424140229,1063.5081522055877,FALSE,TRUE,FALSE,post,FALSE,2020-09-03,2021-03-30,
SE,2022-08-01,244.58673393144034,366.18735612671975,64.73160513456497,1092.7477600593093,FALSE,TRUE,FALSE,post,FALSE,2020-09-03,2021-03-30,
SE,2022-10-01,229.10512300347725,354.65625371471094,100.25354427833794,1117.445815186618,FALSE,TRUE,FALSE,post,FALSE,2020-09-03,2021-03-30,
SE,2022-12-01,224.68670878099152,373.6145667530064,153.90754946444025,1228.496639095252,FALSE,TRUE,FALSE,post,FALSE,2020-09-03,2021-03-30,
SE,2023-02-01,238.26991220492954,335.78643639518975,32.63215525064895,989.7947414701961,FALSE,TRUE,FALSE,post,FALSE,2020-09-03,2021-03-30,
SP,2017-04-01,763.1413795661197,897.7934046143505,40.092653937490944,58.763933591309275,FALSE,TRUE,FALSE,pre,TRUE,2020-09-03,2021-03-30,
SP,2017-06-01,735.8220715189384,882.074351251525,35.35385671548366,2218.7702491790124,FALSE,TRUE,FALSE,pre,TRUE,2020-09-03,2021-03-30,
SP,2017-08-01,735.7678119310985,897.4017495855085,46.439168991581035,1136.6810606139975,FALSE,TRUE,FALSE,pre,TRUE,2020-09-03,2021-03-30,
SP,2017-10-01,732.8162078013003,871.5625677234696,53.28445976774584,1164.8108659970226,FALSE,TRUE,FALSE,pre,TRUE,2020-09-03,2021-03-30,
SP,2017-12-01,728.7360799290691,837.440155961744,77.74317619671803,1190.0479579491252,FALSE,TRUE,FALSE,pre,TRUE,2020-09-03,2021-03-30,
SP,2018-02-01,767.266512808903,900.9784938059636,47.18722436086051,1213.7572092986827,FALSE,TRUE,FALSE,pre,TRUE,2020-09-03,2021-03-30,
SP,2018-04-01,752.1273814205332,891.86028940309,37.99755542426761,1176.4549900473164,FALSE,TRUE,FALSE,pre,TRUE,2020-09-03,2021-03-30,
SP,2018-06-01,737.402983092507,881.7931570459064,34.056918882450645,1121.2819574328207,FALSE,TRUE,FALSE,pre,TRUE,2020-09-03,2021-03-30,
SP,2018-08-01,764.6411749408583,906.4464610695625,43.33830931664397,1176.136032909964,FALSE,TRUE,FALSE,pre,TRUE,2020-09-03,2021-03-30,
SP,2018-10-01,745.5112969436774,889.9425730938842,63.76313332801565,1183.15770359672,FALSE,TRUE,FALSE,pre,TRUE,2020-09-03,2021-03-30,
SP,2018-12-01,720.8245823114239,836.3339646076435,41.99185907437738,1069.0363325429412,FALSE,TRUE,FALSE,pre,TRUE,2020-09-03,2021-03-30,
SP,2019-02-01,793.402915913419,989.4823777849731,43.45212647644023,1233.662254433702,FALSE,TRUE,FALSE,pre,TRUE,2020-09-03,2021-03-30,
SP,2019-04-01,770.2617471257989,957.222912944441,32.030569029338906,1171.3133665207185,FALSE,TRUE,FALSE,pre,TRUE,2020-09-03,2021-03-30,
SP,2019-06-01,764.3420686573417,956.6121613063059,29.977891151790416,1159.0468560175802,FALSE,TRUE,FALSE,pre,TRUE,2020-09-03,2021-03-30,
SP,2019-08-01,763.7921606270803,957.4762437351158,29.783388396560156,1135.9599126933826,FALSE,TRUE,FALSE,pre,TRUE,2020-09-03,2021-03-30,
SP,2019-10-01,775.5909094743652,971.8300800899347,35.547965240998515,1206.2368911107512,FALSE,TRUE,FALSE,pre,TRUE,2020-09-03,2021-03-30,
SP,2019-12-01,850.614482323999,1036.2502174694034,53.93372403063595,1157.9392601005889,FALSE,TRUE,FALSE,pre,TRUE,2020-09-03,2021-03-30,
SP,2020-02-01,794.8284074651026,989.5885955109211,42.34293840569943,1242.3202435352996,FALSE,TRUE,FALSE,pre,TRUE,2020-09-03,2021-03-30,
SP,2020-04-01,720.7115506779425,875.8003281907012,43.34531979121982,1074.4069601551112,FALSE,TRUE,FALSE,pre,TRUE,2020-09-03,2021-03-30,
SP,2020-06-01,615.3298452402917,788.8886046150668,43.233285316002394,1017.0834815998409,FALSE,TRUE,FALSE,pre,TRUE,2020-09-03,2021-03-30,
SP,2020-08-01,747.3683321279016,938.5953268921294,25.23475971624866,1001.8345730963418,FALSE,TRUE,FALSE,pre,TRUE,2020-09-03,2021-03-30,
SP,2020-10-01,813.8061760941091,1025.6473453711928,15.524919808427008,1017.6770972762098,FALSE,TRUE,FALSE,pre,TRUE,2020-09-03,2021-03-30,
SP,2020-12-01,844.7736179876529,1042.180691363656,27.71690636190568,1224.1020617273234,FALSE,TRUE,FALSE,pre,TRUE,2020-09-03,2021-03-30,
SP,2021-02-01,838.7111586658727,1036.7978238410403,41.281693959980785,1127.0960885342574,FALSE,TRUE,FALSE,pre,TRUE,2020-09-03,2021-03-30,
SP,2021-04-01,844.1720980128874,1020.936854172969,35.83322698070724,1148.17816382033,FALSE,TRUE,FALSE,post,FALSE,2020-09-03,2021-03-30,
SP,2021-06-01,843.9226229808363,1041.9744448478812,34.96246652428484,1125.5920389032756,FALSE,TRUE,FALSE,post,FALSE,2020-09-03,2021-03-30,
SP,2021-08-01,898.2940439130751,1092.5919295706285,38.60321201120837,1150.6985701293593,FALSE,TRUE,FALSE,post,FALSE,2020-09-03,2021-03-30,
SP,2021-10-01,883.4805852816468,1067.3127748884747,39.86311964816965,1173.3688355232136,FALSE,TRUE,FALSE,post,FALSE,2020-09-03,2021-03-30,
SP,2021-12-01,925.189412988962,1111.6775343507354,70.4697135377084,1443.6660474641067,FALSE,TRUE,FALSE,post,FALSE,2020-09-03,2021-03-30,
SP,2022-02-01,882.7909207093016,1068.0643459258224,51.357188285410786,1193.2287761816708,FALSE,TRUE,FALSE,post,FALSE,2020-09-03,2021-03-30,
SP,2022-04-01,961.21264956329,1173.1287432300308,69.53302954787587,1292.2423266097724,FALSE,TRUE,FALSE,post,FALSE,2020-09-03,2021-03-30,
SP,2022-06-01,928.6956453960315,1200.784262139274,85.8230357096136,1353.2440779129167,FALSE,TRUE,FALSE,post,FALSE,2020-09-03,2021-03-30,
SP,2022-08-01,956.0954472732878,1181.2680583037313,83.93359900132582,1352.5194368068699,FALSE,TRUE,FALSE,post,FALSE,2020-09-03,2021-03-30,
SP,2022-10-01,876.6785428706661,1085.7209628056503,71.9368462723641,1287.0925462548837,FALSE,TRUE,FALSE,post,FALSE,2020-09-03,2021-03-30,
SP,2022-12-01,855.4251465637705,1062.2637564791619,135.58451593667317,1527.9787229734966,FALSE,TRUE,FALSE,post,FALSE,2020-09-03,2021-03-30,
SP,2023-02-01,681.657641357067,909.4846250892672,51.723845633819664,1246.329220860207,FALSE,TRUE,FALSE,post,FALSE,2020-09-03,2021-03-30,
TO,2017-04-01,351.8263983820684,491.2024710492857,93.0348224301256,1459.0142566657937,FALSE,FALSE,TRUE,pre,TRUE,2020-09-03,2021-03-30,"coded_removal_in_scm_window:TO_2018_01,TO_2021_01"
TO,2017-06-01,359.11300818272315,506.42448286343176,63.80251359704075,1392.1154872021918,FALSE,FALSE,TRUE,pre,TRUE,2020-09-03,2021-03-30,"coded_removal_in_scm_window:TO_2018_01,TO_2021_01"
TO,2017-08-01,340.3139342894013,503.4889651314086,90.98554157554413,1393.7113993073463,FALSE,FALSE,TRUE,pre,TRUE,2020-09-03,2021-03-30,"coded_removal_in_scm_window:TO_2018_01,TO_2021_01"
TO,2017-10-01,403.83323172295127,616.9486735470234,56.59823582114544,1175.5696561255006,FALSE,FALSE,TRUE,pre,TRUE,2020-09-03,2021-03-30,"coded_removal_in_scm_window:TO_2018_01,TO_2021_01"
TO,2017-12-01,302.5767976281813,404.1661866270454,55.597198147575874,1216.5410104146094,FALSE,FALSE,TRUE,pre,TRUE,2020-09-03,2021-03-30,"coded_removal_in_scm_window:TO_2018_01,TO_2021_01"
TO,2018-02-01,289.512278140392,384.91780857665674,61.847625060949355,1375.5721269289625,FALSE,FALSE,TRUE,pre,TRUE,2020-09-03,2021-03-30,"coded_removal_in_scm_window:TO_2018_01,TO_2021_01"
TO,2018-04-01,292.6875231647522,445.22012552407415,57.74734756886248,1364.4123938428781,FALSE,FALSE,TRUE,pre,TRUE,2020-09-03,2021-03-30,"coded_removal_in_scm_window:TO_2018_01,TO_2021_01"
TO,2018-06-01,262.7797763959023,464.67637113750766,37.52408441061607,1369.1001087430511,FALSE,FALSE,TRUE,pre,TRUE,2020-09-03,2021-03-30,"coded_removal_in_scm_window:TO_2018_01,TO_2021_01"
TO,2018-08-01,275.08276299924864,415.4665854402531,36.48242823052143,1205.4810637579315,FALSE,FALSE,TRUE,pre,TRUE,2020-09-03,2021-03-30,"coded_removal_in_scm_window:TO_2018_01,TO_2021_01"
TO,2018-10-01,269.98787711045304,355.22690929857725,45.61573680653089,1151.443211209658,FALSE,FALSE,TRUE,pre,TRUE,2020-09-03,2021-03-30,"coded_removal_in_scm_window:TO_2018_01,TO_2021_01"
TO,2018-12-01,280.78632865002413,387.8525361530039,36.898182074612485,1173.1660674319262,FALSE,FALSE,TRUE,pre,TRUE,2020-09-03,2021-03-30,"coded_removal_in_scm_window:TO_2018_01,TO_2021_01"
TO,2019-02-01,291.8741851672442,415.90903601453795,50.75898979952976,1230.2822200640376,FALSE,FALSE,TRUE,pre,TRUE,2020-09-03,2021-03-30,"coded_removal_in_scm_window:TO_2018_01,TO_2021_01"
TO,2019-04-01,280.4329485697814,403.0992814718308,27.701641595879288,1221.6452397377564,FALSE,FALSE,TRUE,pre,TRUE,2020-09-03,2021-03-30,"coded_removal_in_scm_window:TO_2018_01,TO_2021_01"
TO,2019-06-01,283.93792322287385,489.65862847522715,30.028886200359743,1243.5039763664668,FALSE,FALSE,TRUE,pre,TRUE,2020-09-03,2021-03-30,"coded_removal_in_scm_window:TO_2018_01,TO_2021_01"
TO,2019-08-01,270.76316780302034,457.2311273576061,27.11618667005113,1466.482473205741,FALSE,FALSE,TRUE,pre,TRUE,2020-09-03,2021-03-30,"coded_removal_in_scm_window:TO_2018_01,TO_2021_01"
TO,2019-10-01,281.8512149375209,459.79068361042215,45.972708493878585,1383.4852889006077,FALSE,FALSE,TRUE,pre,TRUE,2020-09-03,2021-03-30,"coded_removal_in_scm_window:TO_2018_01,TO_2021_01"
TO,2019-12-01,275.2108452925215,342.60139078815206,35.43167127990055,1204.901181634412,FALSE,FALSE,TRUE,pre,TRUE,2020-09-03,2021-03-30,"coded_removal_in_scm_window:TO_2018_01,TO_2021_01"
TO,2020-02-01,296.5879785170531,457.87100753032485,53.82938843705924,1370.8217550544255,FALSE,FALSE,TRUE,pre,TRUE,2020-09-03,2021-03-30,"coded_removal_in_scm_window:TO_2018_01,TO_2021_01"
TO,2020-04-01,274.9573522177308,473.49877286755435,32.03280890248598,1262.564026679557,FALSE,FALSE,TRUE,pre,TRUE,2020-09-03,2021-03-30,"coded_removal_in_scm_window:TO_2018_01,TO_2021_01"
TO,2020-06-01,256.1483380647009,402.50011644444606,102.37574760257137,1236.359113097767,FALSE,FALSE,TRUE,pre,TRUE,2020-09-03,2021-03-30,"coded_removal_in_scm_window:TO_2018_01,TO_2021_01"
TO,2020-08-01,288.7818682580175,439.8726200441669,62.95737217876365,1298.1632997455476,FALSE,FALSE,TRUE,pre,TRUE,2020-09-03,2021-03-30,"coded_removal_in_scm_window:TO_2018_01,TO_2021_01"
TO,2020-10-01,312.304490102398,481.4471192637033,36.68430436566898,1297.426907258169,FALSE,FALSE,TRUE,pre,TRUE,2020-09-03,2021-03-30,"coded_removal_in_scm_window:TO_2018_01,TO_2021_01"
TO,2020-12-01,326.72935245818417,489.5260467897725,34.501486574801255,1452.741030184852,FALSE,FALSE,TRUE,pre,TRUE,2020-09-03,2021-03-30,"coded_removal_in_scm_window:TO_2018_01,TO_2021_01"
TO,2021-02-01,331.5510755023763,503.56069834071604,51.097520616273115,1264.421761195475,FALSE,FALSE,TRUE,pre,TRUE,2020-09-03,2021-03-30,"coded_removal_in_scm_window:TO_2018_01,TO_2021_01"
TO,2021-04-01,319.4737231353746,480.73372834239296,48.64504536976284,1288.9117206808514,FALSE,FALSE,TRUE,post,FALSE,2020-09-03,2021-03-30,"coded_removal_in_scm_window:TO_2018_01,TO_2021_01"
TO,2021-06-01,320.89294971099673,461.0227637718967,60.40507804097731,1195.6705499665943,FALSE,FALSE,TRUE,post,FALSE,2020-09-03,2021-03-30,"coded_removal_in_scm_window:TO_2018_01,TO_2021_01"
TO,2021-08-01,331.92495265510104,488.55496605682123,76.42557988605584,1212.1964461120085,FALSE,FALSE,TRUE,post,FALSE,2020-09-03,2021-03-30,"coded_removal_in_scm_window:TO_2018_01,TO_2021_01"
TO,2021-10-01,342.4897843753705,493.88253541651767,57.945180358282656,1254.4324433936322,FALSE,FALSE,TRUE,post,FALSE,2020-09-03,2021-03-30,"coded_removal_in_scm_window:TO_2018_01,TO_2021_01"
TO,2021-12-01,393.2402116450086,548.2188956709579,144.47714229021275,1888.0313280255616,FALSE,FALSE,TRUE,post,FALSE,2020-09-03,2021-03-30,"coded_removal_in_scm_window:TO_2018_01,TO_2021_01"
TO,2022-02-01,367.19914984339255,544.2781049117225,57.127269887098244,1319.344023401818,FALSE,FALSE,TRUE,post,FALSE,2020-09-03,2021-03-30,"coded_removal_in_scm_window:TO_2018_01,TO_2021_01"
TO,2022-04-01,369.23749941515825,531.3010629792049,77.99550356413252,1352.5305314167176,FALSE,FALSE,TRUE,post,FALSE,2020-09-03,2021-03-30,"coded_removal_in_scm_window:TO_2018_01,TO_2021_01"
TO,2022-06-01,373.1076703619836,522.5590447104667,85.91131598163966,1470.99433019756,FALSE,FALSE,TRUE,post,FALSE,2020-09-03,2021-03-30,"coded_removal_in_scm_window:TO_2018_01,TO_2021_01"
TO,2022-08-01,354.60001710641853,487.43941428409295,135.31996242607556,1581.8290642791292,FALSE,FALSE,TRUE,post,FALSE,2020-09-03,2021-03-30,"coded_removal_in_scm_window:TO_2018_01,TO_2021_01"
TO,2022-10-01,338.37303112878965,521.2973689778582,182.81209118705874,1651.7587259246743,FALSE,FALSE,TRUE,post,FALSE,2020-09-03,2021-03-30,"coded_removal_in_scm_window:TO_2018_01,TO_2021_01"
TO,2022-12-01,333.91524141410065,616.1333794760016,409.1506371237179,2194.0776088330113,FALSE,FALSE,TRUE,post,FALSE,2020-09-03,2021-03-30,"coded_removal_in_scm_window:TO_2018_01,TO_2021_01"
TO,2023-02-01,333.0320022445724,533.3134973333295,58.715384231741666,1428.4774169930342,FALSE,FALSE,TRUE,post,FALSE,2020-09-03,2021-03-30,"coded_removal_in_scm_window:TO_2018_01,TO_2021_01"
