state_abbrev,period_date,year,month,retail,services,formal_hiring,construction,icms_confaz,tax_confaz,treated_unit,donor_pool_main,excluded_from_main_donor_pool,analysis_period,pre_instability_clean,instability_start_date,removal_date,donor_pool_exclusion_reason,event_time,icms_nominal,population,retail_ma6,retail_ma6_log,icms_pc,icms_sum6m_pc,icms_conf6m_pc_log
AC,2001-11-01,2001,11,25.3008490565979,,,,3.424462809956948,3.66156503898666,FALSE,TRUE,FALSE,pre,TRUE,2004-08-04,2004-11-10,,-36,13353874,574355,,,23.25020936528802,,
AC,2001-12-01,2001,12,23.6768432230078,,,,3.292631315769688,3.65329239363332,FALSE,TRUE,FALSE,pre,TRUE,2004-08-04,2004-11-10,,-35,11780624,574355,,,20.511049786282005,,
AC,2002-01-01,2002,1,23.7627997388949,,,,3.276705852289895,3.81119168924192,FALSE,TRUE,FALSE,pre,TRUE,2004-08-04,2004-11-10,,-34,11910232,586942,,,20.292008409689544,,
AC,2002-02-01,2002,2,24.3597456278748,,,,3.203242895950295,3.73288032752508,FALSE,TRUE,FALSE,pre,TRUE,2004-08-04,2004-11-10,,-33,11106480,586942,,,18.922619270728624,,
AC,2002-03-01,2002,3,24.9263483257614,,,,3.2262482963416073,3.69630345910269,FALSE,TRUE,FALSE,pre,TRUE,2004-08-04,2004-11-10,,-32,11433129,586942,,,19.47914615072699,,
AC,2002-04-01,2002,4,23.4641941312157,,,,3.2687802552736525,3.71445587200968,FALSE,TRUE,FALSE,pre,TRUE,2004-08-04,2004-11-10,,-31,12025351,586942,24.24846335055875,3.188353248388452,20.488141928844758,122.94317491155994,4.811722256032017
AC,2002-05-01,2002,5,24.6111716561172,,,,3.4892576034956075,3.80894989639258,FALSE,TRUE,FALSE,pre,TRUE,2004-08-04,2004-11-10,,-30,15023114,586942,24.1335171171453,3.183601626045889,25.595568216280313,125.28853376255223,4.83061934743978
AC,2002-06-01,2002,6,23.4762202897134,,,,3.299415674783018,3.74582427367538,FALSE,TRUE,FALSE,pre,TRUE,2004-08-04,2004-11-10,,-29,12477622,586942,24.100079961596233,3.1822151583996625,21.258696770720107,126.03618074699034,4.836569014517794
AC,2002-07-01,2002,7,24.6005200675433,,,,3.38898988780686,3.86848599508056,FALSE,TRUE,FALSE,pre,TRUE,2004-08-04,2004-11-10,,-28,13809311,586942,24.239700016370968,3.187991785562282,23.527556385469094,129.2717287227699,4.861916613168224
AC,2002-08-01,2002,8,24.9512641137224,,,,3.4881521217717317,3.89382068479551,FALSE,TRUE,FALSE,pre,TRUE,2004-08-04,2004-11-10,,-27,15347958,586942,24.3382864306789,3.192050683712103,26.149019835009252,136.49812928705052,4.916310909674329
AC,2002-09-01,2002,9,24.1497303066263,,,,3.4080867848852083,3.85042878248221,FALSE,TRUE,FALSE,pre,TRUE,2004-08-04,2004-11-10,,-26,14269001,586942,24.208850094156382,3.1867182726784633,24.31075131784742,141.32973445417093,4.951095702471982
AC,2002-10-01,2002,10,21.9396050326965,,,,3.4474969949940535,3.85121861266532,FALSE,TRUE,FALSE,pre,TRUE,2004-08-04,2004-11-10,,-25,15037044,586942,23.95475191106985,3.1761667138243435,25.619301396049355,146.46089392137554,4.98675845713318
AC,2002-11-01,2002,11,20.8409143246004,,,,3.665506569024256,3.93475996703099,FALSE,TRUE,FALSE,pre,TRUE,2004-08-04,2004-11-10,,-24,19264836,586942,23.32637568915038,3.149584724164639,32.822384494549716,153.68771019964495,5.0349226876836175
AC,2002-12-01,2002,12,20.4137822093847,,,,3.5752580027484737,3.82735429815733,FALSE,TRUE,FALSE,pre,TRUE,2004-08-04,2004-11-10,,-23,17971969,586942,22.815969342428932,3.1274607005436112,30.619667701408318,163.04868113033316,5.0940488134588735
AC,2003-01-01,2003,1,22.8375567016758,,,,3.4523117743857066,3.91915515831435,FALSE,TRUE,FALSE,pre,TRUE,2004-08-04,2004-11-10,,-22,16628446,600595,22.52214211478435,3.114498919297744,27.68662076773866,167.2077455126027,5.1192370244137795
AC,2003-02-01,2003,2,20.6419915360934,,,,3.511265971071675,2.66544708880707,FALSE,TRUE,FALSE,pre,TRUE,2004-08-04,2004-11-10,,-21,17915197,600595,21.80393001851285,3.082090229625835,29.82908116118183,170.8878068387753,5.141007240816591
AC,2003-03-01,2003,3,20.4552318573525,,,,3.398316534249407,3.7387217431877,FALSE,TRUE,FALSE,pre,TRUE,2004-08-04,2004-11-10,,-20,16198626,600595,21.188180276967216,3.0534434920927147,26.97096379423738,173.54801931516525,5.156454329480729
AC,2003-04-01,2003,4,21.491590618062,,,,3.347815250900088,3.77981579927761,FALSE,TRUE,FALSE,pre,TRUE,2004-08-04,2004-11-10,,-19,15550265,600595,21.113511207861468,3.0499131771556236,25.891432662609578,173.82015058172547,5.158021147317335
AC,2003-05-01,2003,5,20.3514065395531,,,,3.575073088153508,3.87027669922611,FALSE,TRUE,FALSE,pre,TRUE,2004-08-04,2004-11-10,,-18,19637044,600595,21.03192657702025,3.046041596408756,32.69598315004288,173.69374923721864,5.157293686630744
AC,2003-06-01,2003,6,19.7565645884848,,,,3.292258821346701,3.74968729273686,FALSE,TRUE,FALSE,pre,TRUE,2004-08-04,2004-11-10,,-17,14777435,600595,20.922390306870266,3.0408198920802376,24.604658713442504,167.67874024925283,5.122049888277958
AC,2003-07-01,2003,7,21.3097422607321,,,,3.3895993072900845,3.83782899433741,FALSE,TRUE,FALSE,pre,TRUE,2004-08-04,2004-11-10,,-16,16320788,600595,20.667754566712983,3.0285747353163504,27.17436542095755,167.16648490247172,5.1189902314100895
AC,2003-08-01,2003,8,21.1784236223247,,,,3.455013615798439,3.80577069921505,FALSE,TRUE,FALSE,pre,TRUE,2004-08-04,2004-11-10,,-15,17483331,600595,20.7571599144182,3.0328912432750763,29.110017565913804,166.44742130720368,5.114679471604263
AC,2003-09-01,2003,9,21.1952363330942,,,,3.4548438598446056,3.84407886160207,FALSE,TRUE,FALSE,pre,TRUE,2004-08-04,2004-11-10,,-14,17616722,600595,20.880493993708484,3.038815421437089,29.332115651978455,168.80857316494476,5.128765369763998
AC,2003-10-01,2003,10,23.3190440327219,,,,3.4484349897760276,3.81317355869014,FALSE,TRUE,FALSE,pre,TRUE,2004-08-04,2004-11-10,,-13,17554928,600595,21.185069562818466,3.053296667661447,29.22922768254814,172.14636818488333,5.148345092756203
AC,2003-11-01,2003,11,27.3361052872915,,,,3.477502959086279,3.74972853169881,FALSE,TRUE,FALSE,pre,TRUE,2004-08-04,2004-11-10,,-12,18134187,600595,22.349186020774866,3.1067899007442348,30.193702911279647,169.6440879461201,5.133702642088503
AC,2003-12-01,2003,12,25.071264810526,,,,3.6016774214436658,3.84191564045972,FALSE,TRUE,FALSE,pre,TRUE,2004-08-04,2004-11-10,,-11,20638503,600595,23.234969391115065,3.1456584451749836,34.36342793396548,179.4028571666431,5.189633875733343
AC,2004-01-01,2004,1,25.686806398273198,,,,3.4224757810795823,3.8803062021883,FALSE,TRUE,FALSE,pre,TRUE,2004-08-04,2004-11-10,,-10,18244172,630328,23.96448008070525,3.17657273743385,28.943933951847292,181.17242569753282,5.199449205966746
AC,2004-02-01,2004,2,24.7712031438653,,,,3.491469781718868,3.87128745223818,FALSE,TRUE,FALSE,pre,TRUE,2004-08-04,2004-11-10,,-9,19666560,630328,24.563276667628685,3.2012525091857063,31.200517825639984,183.262925957259,5.2109218755629385
AC,2004-03-01,2004,3,24.252937001483,,,,3.453917146540921,3.84476595314103,FALSE,TRUE,FALSE,pre,TRUE,2004-08-04,2004-11-10,,-8,19030728,630328,25.072893445693484,3.2217873201771146,30.1917858638677,184.12259616914824,5.215601819268642
AC,2004-04-01,2004,4,24.6182151796227,,,,3.605580516212791,3.84366227577363,FALSE,TRUE,FALSE,pre,TRUE,2004-08-04,2004-11-10,,-7,22229288,630328,25.28942197017695,3.230386204358074,35.26622329961544,190.15959178621554,5.247863676363767
AC,2004-05-01,2004,5,25.3936107257789,,,,3.725939483955189,4.00594376373401,FALSE,TRUE,FALSE,pre,TRUE,2004-08-04,2004-11-10,,-6,25200280,630328,24.965672876591515,3.2175017963869297,39.979629653132974,199.94551852806887,5.298044922078756
AC,2004-06-01,2004,6,26.4669915294954,,,,3.4972271637505923,3.90344357822192,FALSE,TRUE,FALSE,pre,TRUE,2004-08-04,2004-11-10,,-5,20190572,630328,25.19829399641975,3.226776293670955,32.0318500844005,197.6139406785039,5.286315332817662
AC,2004-07-01,2004,7,26.5884451212236,,,,3.412994443722562,3.81143607773606,FALSE,TRUE,FALSE,pre,TRUE,2004-08-04,2004-11-10,,-4,18728383,630328,25.348567116911482,3.232722204451939,29.712122894746862,198.38212962140346,5.290195118321239
AC,2004-08-01,2004,8,26.0344427698858,,,,3.5246199279377275,3.83378494344536,FALSE,TRUE,FALSE,pre,TRUE,2004-08-04,2004-11-10,,-3,21084550,630328,25.559107054581567,3.2409936936323214,33.450124379688035,200.63173617545152,5.301471069273027
AC,2004-09-01,2004,9,26.2524636305348,,,,3.597219409223692,3.92126000931367,FALSE,TRUE,FALSE,pre,TRUE,2004-08-04,2004-11-10,,-2,22747074,630328,25.892361492756866,3.2539480021475535,36.08767816121131,206.52762847279513,5.3304341975085805
AC,2004-10-01,2004,10,27.4001234008426,,,,3.5630766436661605,3.8147527826242,FALSE,TRUE,FALSE,pre,TRUE,2004-08-04,2004-11-10,,-1,22080281,630328,26.35601286296018,3.271696441098206,35.02982732799431,206.291232501174,5.329288920391625
AC,2004-11-01,2004,11,25.1340862500744,,,,3.52768491429403,3.82497070404906,FALSE,TRUE,FALSE,post,FALSE,2004-08-04,2004-11-10,,0,21459554,630328,26.3127587836761,3.2700539464033045,34.04505908035182,200.35666192839284,5.30009908798126
AC,2004-12-01,2004,12,27.0052117270539,,,,3.732015623137136,3.94429270992049,FALSE,TRUE,FALSE,post,FALSE,2004-08-04,2004-11-10,,1,26550853,630328,26.40246214993585,3.273457269058669,42.12228078079984,210.44709262479216,5.349234280080962
AC,2005-01-01,2005,1,27.7927261912548,,,,3.488816165855774,3.89828237965539,FALSE,TRUE,FALSE,post,FALSE,2004-08-04,2004-11-10,,2,22248785,669736,26.603175661607715,3.281030594436465,33.22023155392573,213.95520128397104,5.36576665331269
AC,2005-02-01,2005,2,30.5973499588906,,,,3.642217624181253,3.9547318544135,FALSE,TRUE,FALSE,post,FALSE,2004-08-04,2004-11-10,,3,26090553,669736,27.363660193108515,3.3092158627946233,38.95647389419114,219.46155079847415,5.39117704996653
AC,2005-03-01,2005,3,32.0079263280845,,,,3.67852713221153,4.0227432503562,FALSE,TRUE,FALSE,post,FALSE,2004-08-04,2004-11-10,,4,27220277,669736,28.322903976033466,3.3436708050951016,40.64329377545779,224.01716641272063,5.411722684689743
AC,2005-04-01,2005,4,33.4850923847867,,,,3.7716154647438302,3.97953433107802,FALSE,TRUE,FALSE,post,FALSE,2004-08-04,2004-11-10,,5,30135719,669736,29.337065473357484,3.378851749763064,44.99641500531553,233.98375409004186,5.455251685981905
AC,2005-05-01,2005,5,31.5199811938849,,,,3.464712169683356,3.84021046277744,FALSE,TRUE,FALSE,post,FALSE,2004-08-04,2004-11-10,,6,22280151,669736,30.401381297325898,3.4144880447919643,33.267064933048246,233.20575994273827,5.451921153754233
AC,2005-06-01,2005,6,33.6762089589256,,,,3.455355389566146,3.88902261211771,FALSE,TRUE,FALSE,post,FALSE,2004-08-04,2004-11-10,,7,22068194,669736,31.513214169304515,3.4504069553053753,32.950586499755126,224.03406566169355,5.41179811913907
AC,2005-07-01,2005,7,30.8389221877541,,,,3.5874292288456022,3.9633795569913,FALSE,TRUE,FALSE,post,FALSE,2004-08-04,2004-11-10,,8,25247053,669736,32.0209135020544,3.4663892362701283,37.697022408829746,228.51085651659758,5.431583721313243
AC,2005-08-01,2005,8,31.1176745183117,,,,3.648159627469708,3.94841037196251,FALSE,TRUE,FALSE,post,FALSE,2004-08-04,2004-11-10,,9,26873466,669736,32.10763426195791,3.469093829334824,40.1254613758257,229.67984399823214,5.436686356599029
AC,2005-09-01,2005,9,31.0778439308352,,,,3.589708483744589,3.9209673252741,FALSE,TRUE,FALSE,post,FALSE,2004-08-04,2004-11-10,,10,25436446,669736,31.95262052908303,3.4642541971497227,37.97980995496733,227.01636017774166,5.425022086151978
AC,2005-10-01,2005,10,31.9037846383136,,,,3.61737035449253,3.93034148612006,FALSE,TRUE,FALSE,post,FALSE,2004-08-04,2004-11-10,,11,26345976,669736,31.689069238004183,3.455971802429093,39.33785252696585,221.357797699392,5.399780386474499
AC,2005-11-01,2005,11,31.8003132915676,,,,3.6565555956706097,3.9609017585674,FALSE,TRUE,FALSE,post,FALSE,2004-08-04,2004-11-10,,12,27549551,669736,31.735791254284635,3.457445105621851,41.134941230574434,229.22567399691818,5.434706994260655
AC,2005-12-01,2005,12,29.9443888963392,,,,4.249324495391632,4.37423161426128,FALSE,TRUE,FALSE,post,FALSE,2004-08-04,2004-11-10,,13,50016193,669736,31.113821243853565,3.4376521334486307,74.68046065912539,270.95554815628844,5.601954778481898
AC,2006-01-01,2006,1,32.6520891524288,,,,3.600261830363946,3.90184484156406,FALSE,TRUE,FALSE,post,FALSE,2004-08-04,2004-11-10,,14,26953449,686652,31.416015737966017,3.4473178182294286,39.25343405393125,272.51195980138993,5.6076825023196095
AC,2006-02-01,2006,2,37.3905479269573,,,,3.83060449624854,4.02718617285631,FALSE,TRUE,FALSE,post,FALSE,2004-08-04,2004-11-10,,15,34074419,686652,32.46149463940695,3.480054606602688,49.62400022136395,282.0104986469282,5.641944299489549
AC,2006-03-01,2006,3,35.8556372244876,,,,3.590670949458797,3.84398998047983,FALSE,TRUE,FALSE,post,FALSE,2004-08-04,2004-11-10,,16,26920917,686652,33.25779352168235,3.504289131265981,39.206056342951015,283.2367450349119,5.646283102819899
AC,2006-04-01,2006,4,37.4628049116049,,,,3.849547319564253,3.947940633046,FALSE,TRUE,FALSE,post,FALSE,2004-08-04,2004-11-10,,17,34948565,686652,34.184296900564235,3.531766383670383,50.89705556817719,294.79594807612324,5.6862834155671385
AC,2006-05-01,2006,5,39.4391910318188,,,,3.55973468949734,3.82417766162063,FALSE,TRUE,FALSE,post,FALSE,2004-08-04,2004-11-10,,18,26181822,686652,35.4574431906061,3.5683331940026193,38.129681410670905,291.7906882562197,5.676036724188895
AC,2006-06-01,2006,6,38.4046168159229,,,,3.5290962705115625,3.83289349953018,FALSE,TRUE,FALSE,post,FALSE,2004-08-04,2004-11-10,,19,25338470,686652,36.86748117720338,3.6073298935902653,36.90147265281394,254.01170024990824,5.537380329933641
AC,2006-07-01,2006,7,39.500331348916,,,,3.4836627700220113,3.76567034550984,FALSE,TRUE,FALSE,post,FALSE,2004-08-04,2004-11-10,,20,24259007,686652,38.00885487661792,3.6378191556496198,35.32940557953665,250.08767177551366,5.521811543487951
AC,2006-08-01,2006,8,42.7831782187668,,,,3.652775132129947,3.89949634387956,FALSE,TRUE,FALSE,post,FALSE,2004-08-04,2004-11-10,,21,28743175,686652,38.9076265919195,3.6611902877554114,41.8598868131164,242.3235583672661,5.490273851190506
AC,2006-09-01,2006,9,44.6618603716769,,,,3.635212364616624,3.84631816137298,FALSE,TRUE,FALSE,post,FALSE,2004-08-04,2004-11-10,,22,28302091,686652,40.375330449784386,3.698218966024111,41.21751775280637,244.33501977712146,5.498540315420321
AC,2006-10-01,2006,10,43.5777636430039,,,,4.028220925643614,4.06499662815637,FALSE,TRUE,FALSE,post,FALSE,2004-08-04,2004-11-10,,23,42065897,686652,41.39449023835088,3.723147785944365,61.262323564192634,254.7002877731369,5.5400875118361155
AL,2001-11-01,2001,11,37.8085174557454,,,,3.19095912342208,3.24809774098009,FALSE,TRUE,FALSE,pre,TRUE,2004-08-04,2004-11-10,,-36,53108959,2856629,,,18.59147932755706,,
AL,2001-12-01,2001,12,38.4102419125523,,,,3.04914456570497,3.06890277284983,FALSE,TRUE,FALSE,pre,TRUE,2004-08-04,2004-11-10,,-35,51088602,2856629,,,17.88422717825801,,
AL,2002-01-01,2002,1,38.9853847731137,,,,3.18469147515442,3.24080069060789,FALSE,TRUE,FALSE,pre,TRUE,2004-08-04,2004-11-10,,-34,59833303,2887535,,,20.721239049916278,,
AL,2002-02-01,2002,2,39.1813752155469,,,,3.16765573731417,3.23159840544421,FALSE,TRUE,FALSE,pre,TRUE,2004-08-04,2004-11-10,,-33,54010192,2887535,,,18.70460167582384,,
AL,2002-03-01,2002,3,38.9658369815534,,,,3.10771320767042,3.15841771495497,FALSE,TRUE,FALSE,pre,TRUE,2004-08-04,2004-11-10,,-32,48547398,2887535,,,16.812747897428082,,
AL,2002-04-01,2002,4,40.1263367158411,,,,3.11083522247533,3.18948491819509,FALSE,TRUE,FALSE,pre,TRUE,2004-08-04,2004-11-10,,-31,48791125,2887535,38.91294884239213,3.6613270703595293,16.89715449336545,109.61144962234872,4.696941836414777
AL,2002-05-01,2002,5,39.8112155428247,,,,3.21981751772553,3.2740390868162,FALSE,TRUE,FALSE,pre,TRUE,2004-08-04,2004-11-10,,-30,55541851,2887535,39.24673185690535,3.669868175969492,19.235039921594023,110.25501021638568,4.702795957433954
AL,2002-06-01,2002,6,37.9761107967404,,,,3.20232430489175,3.24604912036561,FALSE,TRUE,FALSE,pre,TRUE,2004-08-04,2004-11-10,,-29,53791652,2887535,39.1743766709367,3.6680228767163063,18.628917744719978,110.99970078284765,4.70952750565868
AL,2002-07-01,2002,7,39.4728626540899,,,,3.24471664460948,3.30490800479597,FALSE,TRUE,FALSE,pre,TRUE,2004-08-04,2004-11-10,,-28,54096976,2887535,39.25562298443273,3.670094694717455,18.734656376459505,109.01311810939087,4.691468224615147
AL,2002-08-01,2002,8,39.5323456054961,,,,3.24572704140228,3.28633409036446,FALSE,TRUE,FALSE,pre,TRUE,2004-08-04,2004-11-10,,-27,56964902,2887535,39.314118049424266,3.671583692263567,19.72786546310261,110.03638189666964,4.700811055623685
AL,2002-09-01,2002,9,38.8667031833473,,,,3.29920972621121,3.37327791280529,FALSE,TRUE,FALSE,pre,TRUE,2004-08-04,2004-11-10,,-26,62848112,2887535,39.29759574972325,3.67116334015201,21.765316091406685,114.98895009064825,4.744836037578402
AL,2002-10-01,2002,10,40.8432644482766,,,,3.25032300993049,3.30894484159489,FALSE,TRUE,FALSE,pre,TRUE,2004-08-04,2004-11-10,,-25,58889541,2887535,39.417083705129166,3.6741993189049387,20.39439902892952,118.48619462621232,4.77479645274379
AL,2002-11-01,2002,11,37.7896111917412,,,,3.18831112425201,3.24186362971433,FALSE,TRUE,FALSE,pre,TRUE,2004-08-04,2004-11-10,,-24,60522679,2887535,39.08014964661525,3.6656146564051024,20.95998109113829,120.21113579575659,4.789249661701413
AL,2002-12-01,2002,12,36.9796729348951,,,,3.04901776384656,3.08137933925574,FALSE,TRUE,FALSE,pre,TRUE,2004-08-04,2004-11-10,,-23,59827803,2887535,38.914076669641034,3.661356053280091,20.71933431109926,122.30155236213587,4.806489735679912
AL,2003-01-01,2003,1,35.400416103722,,,,3.17963445520028,3.2349998050286,FALSE,TRUE,FALSE,pre,TRUE,2004-08-04,2004-11-10,,-22,68428810,2917664,38.23533557791305,3.643760103178297,23.453286601884248,127.02018258756061,4.84434599184475
AL,2003-02-01,2003,2,39.4419070406402,,,,3.24509622875875,3.29229643249713,FALSE,TRUE,FALSE,pre,TRUE,2004-08-04,2004-11-10,,-21,67121164,2917664,38.2202624837704,3.643365806495776,23.005104083266612,130.29742120772462,4.869819692743275
AL,2003-03-01,2003,3,33.8631727936938,,,,3.27627444479042,3.31990209469328,FALSE,TRUE,FALSE,pre,TRUE,2004-08-04,2004-11-10,,-20,67574883,2917664,37.38634075216149,3.621305417180784,23.160611708544916,131.69271682486286,4.880471305966176
AL,2003-04-01,2003,4,34.4556255701529,,,,3.22247186624211,3.2760943423752,FALSE,TRUE,FALSE,pre,TRUE,2004-08-04,2004-11-10,,-19,64911326,2917664,36.3217342724742,3.5924163023858995,22.247704327845838,133.54602212377915,4.894446153442425
AL,2003-05-01,2003,5,32.9880091127569,,,,3.19926553754716,3.23965846810342,FALSE,TRUE,FALSE,pre,TRUE,2004-08-04,2004-11-10,,-18,63266834,2917664,35.52146725931015,3.5701372252468926,21.684071229586408,134.2701122622273,4.899853534177417
AL,2003-06-01,2003,6,34.4858772313042,,,,3.18499663167975,3.24986112562486,FALSE,TRUE,FALSE,pre,TRUE,2004-08-04,2004-11-10,,-17,62284460,2917664,35.105834642045,3.558367345775382,21.34737241848273,134.89815036961076,4.904520051997479
AL,2003-07-01,2003,7,34.4210055387283,,,,3.18938173544703,3.24756832536471,FALSE,TRUE,FALSE,pre,TRUE,2004-08-04,2004-11-10,,-16,58745313,2917664,34.94259954787938,3.5537067022783364,20.134365369007536,131.57922913673406,4.879609173126737
AL,2003-08-01,2003,8,34.5348444779101,,,,3.13876265366118,3.17000163815479,FALSE,TRUE,FALSE,pre,TRUE,2004-08-04,2004-11-10,,-15,59298311,2917664,34.12475578742436,3.5300230970670436,20.323899873323317,128.89802492679075,4.859021587304793
AL,2003-09-01,2003,9,36.52423884183,,,,3.30605030492551,3.40596548411731,FALSE,TRUE,FALSE,pre,TRUE,2004-08-04,2004-11-10,,-14,73644020,2917664,34.568266795447066,3.5429361165889444,25.240747392434496,130.97816061068033,4.875030596407442
AL,2003-10-01,2003,10,36.3727968618604,,,,3.09767431500934,3.16149542144963,FALSE,TRUE,FALSE,pre,TRUE,2004-08-04,2004-11-10,,-13,58589725,2917664,34.88779534406498,3.5521370644393624,20.081039146385603,128.8114954292201,4.858350059914553
AL,2003-11-01,2003,11,37.0371308478013,,,,3.17891088240827,3.23166509500528,FALSE,TRUE,FALSE,pre,TRUE,2004-08-04,2004-11-10,,-12,68489609,2917664,35.56264896657238,3.5712959007444867,23.474124847823465,130.60154904745715,4.872151077778553
AL,2003-12-01,2003,12,35.657675941092,,,,3.2974313366115,3.33271056602278,FALSE,TRUE,FALSE,pre,TRUE,2004-08-04,2004-11-10,,-11,87389464,2917664,35.757948751537015,3.5767725871258778,29.951860118231572,139.20603674720599,4.935955114396804
AL,2004-01-01,2004,1,35.6413236050841,,,,3.15456450503224,3.2129539212453,FALSE,TRUE,FALSE,pre,TRUE,2004-08-04,2004-11-10,,-10,73242693,2980910,35.96133509592965,3.5824443361647664,24.570581802201342,143.6422531803998,4.967325855536718
AL,2004-02-01,2004,2,36.5862930090049,,,,3.21635835213516,3.24712287478594,FALSE,TRUE,FALSE,pre,TRUE,2004-08-04,2004-11-10,,-9,69756422,2980910,36.30324318444545,3.5919070812039915,23.40104934399227,146.71940265106875,4.988521937146737
AL,2004-03-01,2004,3,38.8045991835162,,,,3.24002936149529,3.30866934734537,FALSE,TRUE,FALSE,pre,TRUE,2004-08-04,2004-11-10,,-8,70147140,2980910,36.68330324139315,3.602321698987618,23.532122741042166,145.0107779996764,4.976808070690411
AL,2004-04-01,2004,4,39.0894210390728,,,,3.23595876673872,3.29725453280015,FALSE,TRUE,FALSE,pre,TRUE,2004-08-04,2004-11-10,,-7,71472995,2980910,37.136073937595214,3.614588840525231,23.976904703597224,148.90664355688804,5.003319556269431
AL,2004-05-01,2004,5,40.1890073227825,,,,3.21103296221418,3.2743283326073,FALSE,TRUE,FALSE,pre,TRUE,2004-08-04,2004-11-10,,-6,67294691,2980910,37.66138668342542,3.628635343672353,22.57521729941528,148.00773600847987,4.9972645427256355
AL,2004-06-01,2004,6,40.7485171290703,,,,3.25101302596501,3.31925561442194,FALSE,TRUE,FALSE,pre,TRUE,2004-08-04,2004-11-10,,-5,72034594,2980910,38.509860214755136,3.650914317977465,24.165303212777307,142.22117910302558,4.957383445118695
AL,2004-07-01,2004,7,40.176396842736,,,,3.23233571893268,3.27821615774486,FALSE,TRUE,FALSE,pre,TRUE,2004-08-04,2004-11-10,,-4,66709928,2980910,39.265705754363786,3.6703515107991085,22.379048008829518,140.02964530965377,4.941854152404781
AL,2004-08-01,2004,8,40.581880068711,,,,3.38616351589222,3.45100809558433,FALSE,TRUE,FALSE,pre,TRUE,2004-08-04,2004-11-10,,-3,82576212,2980910,39.93163693098147,3.6871689152506715,27.70167901748124,144.33027498314274,4.972104249616643
AL,2004-09-01,2004,9,40.2994327869417,,,,3.32474131922803,3.38329568008748,FALSE,TRUE,FALSE,pre,TRUE,2004-08-04,2004-11-10,,-2,81483990,2980910,40.18077586488572,3.693388668928723,27.335273456763204,148.13342569886376,4.998113392626855
AL,2004-10-01,2004,10,41.4128477615739,,,,3.45403216729651,3.5032808941252,FALSE,TRUE,FALSE,pre,TRUE,2004-08-04,2004-11-10,,-1,91289874,2980910,40.56801365196923,3.702979915013299,30.62483402719304,154.7813550224596,5.042013508310128
AL,2004-11-01,2004,11,42.052351829151696,,,,3.42654228784649,3.49403267000976,FALSE,TRUE,FALSE,post,FALSE,2004-08-04,2004-11-10,,0,98398133,2980910,40.87857106969743,3.710605991020773,33.00942765799705,165.21556538104136,5.107251078083192
AL,2004-12-01,2004,12,41.5052314948187,,,,3.49409421597944,3.52534751425856,FALSE,TRUE,FALSE,post,FALSE,2004-08-04,2004-11-10,,1,119162131,2980910,41.0046901306555,3.7136864535925,39.975085125012164,181.0253472932762,5.198637061755443
AL,2005-01-01,2005,1,44.3040306601386,,,,3.34826542848688,3.41715360742688,FALSE,TRUE,FALSE,post,FALSE,2004-08-04,2004-11-10,,2,97157821,3015912,41.692629100222604,3.7303243529943244,32.215071593600875,190.86137087804758,5.2515473576000495
AL,2005-02-01,2005,2,44.2982612833343,,,,3.30175761985257,3.33384260556549,FALSE,TRUE,FALSE,post,FALSE,2004-08-04,2004-11-10,,3,81703026,3015912,42.312025969326484,3.745071347521443,27.090653175556845,190.25034503612318,5.248340810333439
AL,2005-03-01,2005,3,44.6530255964358,,,,3.39590884473117,3.47284745585909,FALSE,TRUE,FALSE,post,FALSE,2004-08-04,2004-11-10,,4,88260617,3015912,43.037624770908835,3.7620747277811795,29.26498419052015,192.1800557698801,5.258432723045146
AL,2005-04-01,2005,4,46.1399134703985,,,,3.4397649654369,3.50433836587096,FALSE,TRUE,FALSE,post,FALSE,2004-08-04,2004-11-10,,5,96445253,3015912,43.82546905571293,3.7802151336755885,31.978802100326536,193.5340238430136,5.265453330826907
AL,2005-05-01,2005,5,45.6110746693934,,,,3.37604241247068,3.44639099771118,FALSE,TRUE,FALSE,post,FALSE,2004-08-04,2004-11-10,,6,85169232,3015912,44.41858952908655,3.7936580649024068,28.239959256105617,188.76455544112218,5.240500500075784
AL,2005-06-01,2005,6,47.7410926586498,,,,3.49077275410442,3.54552831895637,FALSE,TRUE,FALSE,post,FALSE,2004-08-04,2004-11-10,,7,98651820,3015912,45.457899723058404,3.8167866168084696,32.710443806052695,181.49991412216272,5.2012551805486655
AL,2005-07-01,2005,7,48.9340686643583,,,,3.36607983742103,3.42279662825446,FALSE,TRUE,FALSE,post,FALSE,2004-08-04,2004-11-10,,8,82803150,3015912,46.229572723761684,3.833619695555556,27.455426418277458,176.7402689468393,5.174681247797648
AL,2005-08-01,2005,8,48.9416331680507,,,,3.33277424504814,3.44069522508816,FALSE,TRUE,FALSE,post,FALSE,2004-08-04,2004-11-10,,9,83926927,3015912,47.003468037881085,3.850221387027878,27.828042396462497,177.47765816774495,5.17884473151575
AL,2005-09-01,2005,9,47.5653905928239,,,,3.4454779172,3.50643213677762,FALSE,TRUE,FALSE,post,FALSE,2004-08-04,2004-11-10,,10,97059120,3015912,47.488862203945764,3.8604952036289504,32.18234484295298,180.39501882017777,5.195148995385766
AL,2005-10-01,2005,10,46.2708085902949,,,,3.32764113166723,3.39725514413938,FALSE,TRUE,FALSE,post,FALSE,2004-08-04,2004-11-10,,11,87670793,3015912,47.510678057261835,3.860954486982103,29.069413497476052,177.4856302173273,5.178889649116215
AL,2005-11-01,2005,11,46.0582535442679,,,,3.18421082779579,3.24745757869194,FALSE,TRUE,FALSE,post,FALSE,2004-08-04,2004-11-10,,12,84478203,3015912,47.58520786974091,3.862521953902722,28.010831549461656,177.25650251068333,5.177597850272108
AL,2005-12-01,2005,12,45.799663951555,,,,3.41618965785102,3.44122595926085,FALSE,TRUE,FALSE,post,FALSE,2004-08-04,2004-11-10,,13,118187079,3015912,47.26163641855845,3.8556988970280783,39.187840692964514,183.73389939759517,5.213488511927873
AL,2006-01-01,2006,1,46.9511254847004,,,,3.44658193897438,3.51460332075969,FALSE,TRUE,FALSE,post,FALSE,2004-08-04,2004-11-10,,14,115305326,3050652,46.93114588861547,3.8486815464827835,37.796945046501534,194.07541802581923,5.26824683622898
AL,2006-02-01,2006,2,49.0744871360217,,,,3.35711881692958,3.42042031676377,FALSE,TRUE,FALSE,post,FALSE,2004-08-04,2004-11-10,,15,91873080,3050652,46.95328821661063,3.849153239764353,30.115883424264716,196.36325905362145,5.279966306391807
AL,2006-03-01,2006,3,50.7353587207858,,,,3.35974382515064,3.43077575853181,FALSE,TRUE,FALSE,post,FALSE,2004-08-04,2004-11-10,,16,89814792,3050652,47.481616237937615,3.8603426095567484,29.441179131543027,193.62209334221149,5.265908286834614
AL,2006-04-01,2006,4,49.9230567791186,,,,3.42666439291314,3.49133659323882,FALSE,TRUE,FALSE,post,FALSE,2004-08-04,2004-11-10,,17,100882842,3050652,48.090324269408235,3.873080998236441,33.06927240471873,197.62195224945418,5.286355873523073
AL,2006-05-01,2006,5,52.1115318937186,,,,3.69832984074976,3.74245926233179,FALSE,TRUE,FALSE,post,FALSE,2004-08-04,2004-11-10,,18,123461829,3050652,49.09920399431668,3.893842822740683,40.47063676879566,210.08175746878817,5.347496776231547
AL,2006-06-01,2006,6,52.364706934256,,,,3.42776329121648,3.47286383352741,FALSE,TRUE,FALSE,post,FALSE,2004-08-04,2004-11-10,,19,96172780,3050652,50.19337782476685,3.915883102154726,31.52531983326843,202.41923660909208,5.310340975432095
AL,2006-07-01,2006,7,53.722647116461,,,,3.40989284496503,3.48489058189141,FALSE,TRUE,FALSE,post,FALSE,2004-08-04,2004-11-10,,20,92297437,3050652,51.321964763393616,3.938118823570205,30.254987130619945,194.8772786932105,5.272370020411363
AL,2006-08-01,2006,8,57.0049342415145,,,,3.41272535945182,3.46153919157033,FALSE,TRUE,FALSE,post,FALSE,2004-08-04,2004-11-10,,21,95616604,3050652,52.64370594764242,3.9635466862799027,31.343006019696773,196.10440128864258,5.278647177053661
AL,2006-09-01,2006,9,57.7369538642678,,,,3.38256408025609,3.4673765401035,FALSE,TRUE,FALSE,post,FALSE,2004-08-04,2004-11-10,,22,94216827,3050652,53.81063847155608,3.9854711887265335,30.884160828570415,197.54738298566994,5.285978469417944
AL,2006-10-01,2006,10,62.5882025938687,,,,3.69632188314842,3.76706457228837,FALSE,TRUE,FALSE,post,FALSE,2004-08-04,2004-11-10,,23,133484014,3050652,55.921496107347764,4.023948851990905,43.75589677223098,208.2340073531822,5.338662482675138
AM,2001-11-01,2001,11,44.155630663248,,,,4.11753205620991,4.14981930577915,FALSE,TRUE,FALSE,pre,TRUE,2004-08-04,2004-11-10,,-36,146439228,2900240,,,50.49210686012192,,
AM,2001-12-01,2001,12,44.7582498696964,,,,4.14666060627982,4.16395448611499,FALSE,TRUE,FALSE,pre,TRUE,2004-08-04,2004-11-10,,-35,141078655,2900240,,,48.64378637629989,,
AM,2002-01-01,2002,1,46.4650863642493,,,,4.21446839050692,4.25805627104698,FALSE,TRUE,FALSE,pre,TRUE,2004-08-04,2004-11-10,,-34,157516868,2961801,,,53.18279924951069,,
AM,2002-02-01,2002,2,46.4482645087683,,,,4.21739901032261,4.24379801679645,FALSE,TRUE,FALSE,pre,TRUE,2004-08-04,2004-11-10,,-33,147460645,2961801,,,49.787492475017736,,
AM,2002-03-01,2002,3,45.7480148261801,,,,4.15365454672221,4.21547505018386,FALSE,TRUE,FALSE,pre,TRUE,2004-08-04,2004-11-10,,-32,129151441,2961801,,,43.605711862478266,,
AM,2002-04-01,2002,4,47.679199008392,,,,4.18307246007979,4.24283304002339,FALSE,TRUE,FALSE,pre,TRUE,2004-08-04,2004-11-10,,-31,152769088,2961801,45.87574087342235,3.8259364560736975,51.5797948613023,297.2916916847308,5.694713783716252
AM,2002-05-01,2002,5,46.7476146256487,,,,4.16834450234992,4.23014202091381,FALSE,TRUE,FALSE,pre,TRUE,2004-08-04,2004-11-10,,-30,146281990,2961801,46.30773820048913,3.8353090788872564,49.38954035061775,296.18912517522665,5.690998186693895
AM,2002-06-01,2002,6,43.8800976278936,,,,4.19573751839255,4.26379971650006,FALSE,TRUE,FALSE,pre,TRUE,2004-08-04,2004-11-10,,-29,152718046,2961801,46.161379493522,3.832143506794933,51.56256142799601,299.10790022692277,5.700804378616808
AM,2002-07-01,2002,7,46.5540027549773,,,,4.18093580131969,4.24782242121581,FALSE,TRUE,FALSE,pre,TRUE,2004-08-04,2004-11-10,,-28,151052222,2961801,46.17619889197667,3.832464489840861,51.00012526162291,296.92522623903494,5.693480343600015
AM,2002-08-01,2002,8,44.3060945678921,,,,4.21684725292247,4.28652454340709,FALSE,TRUE,FALSE,pre,TRUE,2004-08-04,2004-11-10,,-27,162399143,2961801,45.8191705684973,3.8247025749081525,54.83121350826744,301.96894727228465,5.710324188486454
AM,2002-09-01,2002,9,44.7283631092883,,,,4.36630040483984,4.42589378805883,FALSE,TRUE,FALSE,pre,TRUE,2004-08-04,2004-11-10,,-26,194313391,2961801,45.649228615682,3.820986709103728,65.60649787072123,323.96973328052763,5.780650095627961
AM,2002-10-01,2002,10,44.4508643682111,,,,4.27823837706111,4.34426653496606,FALSE,TRUE,FALSE,pre,TRUE,2004-08-04,2004-11-10,,-25,182224680,2961801,45.11117284231852,3.809129950690357,61.524957281059734,333.91489570028506,5.810886157216267
AM,2002-11-01,2002,11,44.7523066592506,,,,4.29418439920803,4.35863206011075,FALSE,TRUE,FALSE,pre,TRUE,2004-08-04,2004-11-10,,-24,198306119,2961801,44.7786215145855,3.8017308271904335,66.95457223493408,351.4799275846014,5.862152604597695
AM,2002-12-01,2002,12,36.501650365456896,,,,4.22238266839721,4.3150959307337,FALSE,TRUE,FALSE,pre,TRUE,2004-08-04,2004-11-10,,-23,176562981,2961801,43.548880304179384,3.7738839923865743,59.61338422128968,359.53075037789506,5.884799710020156
AM,2003-01-01,2003,1,41.6236746847217,,,,4.24402495287411,4.31106999791683,FALSE,TRUE,FALSE,pre,TRUE,2004-08-04,2004-11-10,,-22,190246253,3031068,42.72715895913679,3.754834759243688,62.76541898763076,371.2960441039029,5.916999706948801
AM,2003-02-01,2003,2,42.5974721362115,,,,4.21153403794981,4.31125240442217,FALSE,TRUE,FALSE,pre,TRUE,2004-08-04,2004-11-10,,-21,173663489,3031068,42.44238855385668,3.748147592884435,57.29448794946204,373.75931854509753,5.923612056956219
AM,2003-03-01,2003,3,40.6112740341929,,,,4.34580004796615,4.38351513379742,FALSE,TRUE,FALSE,pre,TRUE,2004-08-04,2004-11-10,,-20,185387291,3031068,41.75620704134079,3.731848111895211,61.1623662022759,369.3151868766522,5.911650444426599
AM,2003-04-01,2003,4,39.7759188232512,,,,4.23117888474767,4.30507204504109,FALSE,TRUE,FALSE,pre,TRUE,2004-08-04,2004-11-10,,-19,190190682,3031068,40.97704945051413,3.713012140475215,62.74708518581569,370.53731478140816,5.914954154324432
AM,2003-05-01,2003,5,38.5488857325668,,,,4.15881722211819,4.21895616923655,FALSE,TRUE,FALSE,pre,TRUE,2004-08-04,2004-11-10,,-18,172559411,3031068,39.9431459627335,3.687457092104861,56.930234161688226,360.5129767081623,5.887527952493687
AM,2003-06-01,2003,6,41.7509652363237,,,,4.18761457428252,4.260004200949,FALSE,TRUE,FALSE,pre,TRUE,2004-08-04,2004-11-10,,-17,180858976,3031068,40.818031774544636,3.709123939035103,59.66839938925818,360.5679918761308,5.887680543313504
AM,2003-07-01,2003,7,40.9365894241313,,,,4.10194685545302,4.1769513114839,FALSE,TRUE,FALSE,pre,TRUE,2004-08-04,2004-11-10,,-16,164879803,3031068,40.70351756444624,3.706314515358853,54.39660311151053,352.19917600001054,5.864196856479615
AM,2003-08-01,2003,8,41.2671868549345,,,,4.17786991598659,4.24249490656079,FALSE,TRUE,FALSE,pre,TRUE,2004-08-04,2004-11-10,,-15,183123589,3031068,40.481803350900066,3.7008525731692385,60.415533072831096,355.3202211233796,5.8730194142231
AM,2003-09-01,2003,9,41.5318231762658,,,,4.13691849817113,4.21290286203494,FALSE,TRUE,FALSE,pre,TRUE,2004-08-04,2004-11-10,,-14,184284563,3031068,40.63522820791222,3.7046353802325194,60.798557802068444,354.95641272317215,5.871995000875717
AM,2003-10-01,2003,10,42.710863547898,,,,4.13230115889918,4.21108429224882,FALSE,TRUE,FALSE,pre,TRUE,2004-08-04,2004-11-10,,-13,184812949,3031068,41.12438566202002,3.7166012706644147,60.97288117587596,353.18220871323246,5.866984095754518
AM,2003-11-01,2003,11,44.3721600630997,,,,4.16511588291613,4.23833127886416,FALSE,TRUE,FALSE,pre,TRUE,2004-08-04,2004-11-10,,-12,198310712,3031068,42.0949313837755,3.7399273387556464,65.42601881581014,361.67799336735436,5.890754294882467
AM,2003-12-01,2003,12,43.3093436251654,,,,4.14771641396444,4.22353906926939,FALSE,TRUE,FALSE,pre,TRUE,2004-08-04,2004-11-10,,-11,185179729,3031068,42.354661115249115,3.746078476794939,61.09388802890598,363.1034820070021,5.89468786803832
AM,2004-01-01,2004,1,45.9705387278908,,,,4.15153628174271,4.23089555246926,FALSE,TRUE,FALSE,pre,TRUE,2004-08-04,2004-11-10,,-10,192980314,3138726,43.1936526658757,3.7656935554242823,61.483644637983694,370.1905235334753,5.914017801576952
AM,2004-02-01,2004,2,44.9810327439607,,,,4.16649922774712,4.21991882420255,FALSE,TRUE,FALSE,pre,TRUE,2004-08-04,2004-11-10,,-9,182515860,3138726,43.8126269807134,3.779922063066521,58.149663271021424,367.92465373166567,5.907878171911365
AM,2004-03-01,2004,3,44.5656648615536,,,,4.18036598421953,4.237168510003,FALSE,TRUE,FALSE,pre,TRUE,2004-08-04,2004-11-10,,-8,170998534,3138726,44.3182672615947,3.7913969455916043,54.480236248720026,361.60633217831725,5.890556139919777
AM,2004-04-01,2004,4,46.9507881235613,,,,4.19381729655441,4.25474479462918,FALSE,TRUE,FALSE,pre,TRUE,2004-08-04,2004-11-10,,-7,198552997,3138726,45.02492135753858,3.8072161444205963,63.25910480876636,363.8925558112076,5.896858647720793
AM,2004-05-01,2004,5,50.3963967487737,,,,4.22408462300646,4.30288536794504,FALSE,TRUE,FALSE,pre,TRUE,2004-08-04,2004-11-10,,-6,199159524,3138726,46.028960805150916,3.82927078110571,63.452344677426446,361.91888167282394,5.891420102938521
AM,2004-06-01,2004,6,51.0578403944578,,,,4.24913667843199,4.31186673477318,FALSE,TRUE,FALSE,pre,TRUE,2004-08-04,2004-11-10,,-5,211551498,3138726,47.32037693336632,3.8569410047032773,67.40043508098509,368.22542872490305,5.908695328676384
AM,2004-07-01,2004,7,51.6466197212484,,,,4.28457956361744,4.35398854728129,FALSE,TRUE,FALSE,pre,TRUE,2004-08-04,2004-11-10,,-4,219130974,3138726,48.26639043225925,3.8767354681785777,69.81526071406041,376.5570448009798,5.9310695491785665
AM,2004-08-01,2004,8,49.3391296536181,,,,4.25866561678357,4.33154278511197,FALSE,TRUE,FALSE,pre,TRUE,2004-08-04,2004-11-10,,-3,219130974,3138726,48.99273991720215,3.8916721221780572,69.81526071406041,388.22264224401874,5.961578995267949
AM,2004-09-01,2004,9,50.4994024027919,,,,4.47341664575926,4.53301054793729,FALSE,TRUE,FALSE,pre,TRUE,2004-08-04,2004-11-10,,-2,288522245,3138726,49.981696174075196,3.911656861887284,91.9233615804629,425.6657675757616,6.053654455167433
AM,2004-10-01,2004,10,51.6784863829724,,,,4.26567414270416,4.331451713542,FALSE,TRUE,FALSE,pre,TRUE,2004-08-04,2004-11-10,,-1,236008519,3138726,50.76964588397705,3.9272986540280854,75.19245674837498,437.59911951537026,6.081303239029354
AM,2004-11-01,2004,11,50.7063604800434,,,,4.25416082112568,4.35011351049523,FALSE,TRUE,FALSE,post,FALSE,2004-08-04,2004-11-10,,0,241020984,3138726,50.82130650585533,3.928315686059304,76.78943112587719,450.93620596382095,6.111325879306572
AM,2004-12-01,2004,12,52.1248529339313,,,,4.34237707088622,4.42162668952219,FALSE,TRUE,FALSE,post,FALSE,2004-08-04,2004-11-10,,1,253067223,3138726,50.999141929100915,3.931808807663195,80.62737014954475,464.1631410323806,6.14023608748304
AM,2005-01-01,2005,1,50.3936479580778,,,,4.28205805090182,4.34432087440223,FALSE,TRUE,FALSE,post,FALSE,2004-08-04,2004-11-10,,2,242001683,3232330,50.79031330190582,3.9277056533687653,74.86911392091773,469.2169942392379,6.151065335729625
AM,2005-02-01,2005,2,55.5355317709342,,,,4.28081584868669,4.35469187507994,FALSE,TRUE,FALSE,post,FALSE,2004-08-04,2004-11-10,,3,225220650,3232330,51.82304698812517,3.947834972867427,69.67749270649965,469.0792262316772,6.150771680047027
AM,2005-03-01,2005,3,56.7229201215126,,,,4.31567474371587,4.39080871642373,FALSE,TRUE,FALSE,post,FALSE,2004-08-04,2004-11-10,,4,215378095,3232330,52.86029994124529,3.967652583417428,66.63245862891475,443.788323280129,6.095347699382033
AM,2005-04-01,2005,4,58.9312028308568,,,,4.26209817778252,4.33621500539529,FALSE,TRUE,FALSE,post,FALSE,2004-08-04,2004-11-10,,5,233963140,3232330,54.06908601589268,3.990262599531656,72.38219488727945,440.9780614190335,6.088995126860275
AM,2005-05-01,2005,5,55.9401161295506,,,,4.2894880516597,4.35562966523275,FALSE,TRUE,FALSE,post,FALSE,2004-08-04,2004-11-10,,6,235929063,3232330,54.94137862414388,4.006266773620296,72.99040104197282,437.17903133512914,6.080342793887633
AM,2005-06-01,2005,6,58.8156354425027,,,,4.28982490826144,4.36501808572618,FALSE,TRUE,FALSE,post,FALSE,2004-08-04,2004-11-10,,7,242676013,3232330,56.056509042239114,4.026360271986026,75.07773432786875,431.6293955134531,6.067567339297929
AM,2005-07-01,2005,7,60.3997094281317,,,,4.31967947852431,4.3873080586824,FALSE,TRUE,FALSE,post,FALSE,2004-08-04,2004-11-10,,8,251237340,3232330,57.72418595391477,4.055676253000192,77.72638932287235,434.4866709154078,6.0741652674003985
AM,2005-08-01,2005,8,61.765117075541,,,,4.3057768507366,4.37591528000841,FALSE,TRUE,FALSE,post,FALSE,2004-08-04,2004-11-10,,9,248295353,3232330,58.762450171349236,4.073503048383061,76.81621400042694,441.6253922093351,6.090461993783834
AM,2005-09-01,2005,9,60.7824626182815,,,,4.29668259843245,4.37299648018083,FALSE,TRUE,FALSE,post,FALSE,2004-08-04,2004-11-10,,10,267415921,3232330,59.439040587477386,4.084951259422533,82.73162734003026,457.7245609204506,6.126267607833258
AM,2005-10-01,2005,10,61.2534334149408,,,,4.32257164088008,4.39141519343211,FALSE,TRUE,FALSE,post,FALSE,2004-08-04,2004-11-10,,11,278297557,3232330,59.826079018158055,4.091441669873459,86.09812642892278,471.4404924620939,6.155792885120352
AM,2005-11-01,2005,11,62.0575845412712,,,,4.33131968576967,4.39810267998447,FALSE,TRUE,FALSE,post,FALSE,2004-08-04,2004-11-10,,12,284991141,3232330,60.84565708677815,4.1083404460858315,88.16894964313668,486.6190410632578,6.187481560416667
AM,2005-12-01,2005,12,66.667649806104,,,,4.33693766654244,4.41276662780434,FALSE,TRUE,FALSE,post,FALSE,2004-08-04,2004-11-10,,13,277003158,3232330,62.15432614737836,4.129620423697955,85.69767257674805,497.2389793121371,6.209070754214741
AM,2006-01-01,2006,1,63.3125311470047,,,,4.35734527506485,4.43174255591445,FALSE,TRUE,FALSE,post,FALSE,2004-08-04,2004-11-10,,14,279063429,3311026,62.6397964338572,4.137400801898487,84.2830678466433,503.795657835908,6.222170745056254
AM,2006-02-01,2006,2,63.2369794872423,,,,4.36529506632286,4.42639053719577,FALSE,TRUE,FALSE,post,FALSE,2004-08-04,2004-11-10,,15,262513060,3311026,62.88510683580741,4.141309360405323,79.28450576951072,506.2639496049918,6.227058172816416
AM,2006-03-01,2006,3,64.3774087060881,,,,4.33743600855751,4.41848865741972,FALSE,TRUE,FALSE,post,FALSE,2004-08-04,2004-11-10,,16,235630128,3311026,63.484264517108514,4.150792072310258,71.16529075881616,494.6976130237777,6.203946693123534
AM,2006-04-01,2006,4,65.8061414440318,,,,4.34525402663616,4.40962677385332,FALSE,TRUE,FALSE,post,FALSE,2004-08-04,2004-11-10,,17,270461578,3311026,64.24304918862369,4.162673534088385,81.68512660426103,490.28461319911594,6.194986065744019
AM,2006-05-01,2006,5,67.5937529990845,,,,4.37576617119146,4.45002647277631,FALSE,TRUE,FALSE,post,FALSE,2004-08-04,2004-11-10,,18,275199196,3311026,65.16574393159257,4.1769339310395575,83.11598761229902,485.2316511682783,6.184626408182774
AM,2006-06-01,2006,6,65.4163341097119,,,,4.36251821969019,4.43472244256835,FALSE,TRUE,FALSE,post,FALSE,2004-08-04,2004-11-10,,19,276274556,3311026,64.95719131552721,4.17372845778085,83.44076911507189,482.9747477066021,6.179964370104864
AM,2006-07-01,2006,7,66.2295384109349,,,,4.35711163329903,4.42977624826349,FALSE,TRUE,FALSE,post,FALSE,2004-08-04,2004-11-10,,20,280209487,3311026,65.44335919284892,4.181185023386089,84.62920164323687,483.32088150319566,6.180680784007473
AM,2006-08-01,2006,8,67.5625275051611,,,,4.3561537338746,4.43751472872948,FALSE,TRUE,FALSE,post,FALSE,2004-08-04,2004-11-10,,21,276487501,3311026,66.16428386250205,4.192140798657061,83.50508301656345,487.5414587502484,6.189375330412154
AM,2006-09-01,2006,9,69.8383843601787,,,,4.35196784772001,4.42277848171851,FALSE,TRUE,FALSE,post,FALSE,2004-08-04,2004-11-10,,22,302533986,3311026,67.07444647151715,4.2058031438962304,91.3716733121395,507.74784130357176,6.229984948956767
AM,2006-10-01,2006,10,69.5821328421717,,,,4.34357857163598,4.4216367508303,FALSE,TRUE,FALSE,post,FALSE,2004-08-04,2004-11-10,,23,305350646,3311026,67.70377837120714,4.215141988866156,92.22236430641136,518.2850790057221,6.250525436445791
AP,2001-11-01,2001,11,40.9925669114477,,,,3.27643091790351,3.45849406955956,FALSE,TRUE,FALSE,pre,TRUE,2004-08-04,2004-11-10,,-36,10307680,498735,,,20.66764915235546,,
AP,2001-12-01,2001,12,42.2669945563652,,,,3.2475130268744,3.51227844074529,FALSE,TRUE,FALSE,pre,TRUE,2004-08-04,2004-11-10,,-35,10468049,498735,,,20.989200677714617,,
AP,2002-01-01,2002,1,43.7849248705617,,,,3.50473940272536,3.61651567232317,FALSE,TRUE,FALSE,pre,TRUE,2004-08-04,2004-11-10,,-34,14288015,516511,,,27.662557041379564,,
AP,2002-02-01,2002,2,45.2466877916217,,,,3.3936165897184,3.6390174827662,FALSE,TRUE,FALSE,pre,TRUE,2004-08-04,2004-11-10,,-33,10978304,516511,,,21.254734168294576,,
AP,2002-03-01,2002,3,44.5770663647227,,,,3.09567271734337,3.29550793072221,FALSE,TRUE,FALSE,pre,TRUE,2004-08-04,2004-11-10,,-32,8265096,516511,,,16.001781181814135,,
AP,2002-04-01,2002,4,46.6458647962833,,,,3.32538332558029,3.6374047964056,FALSE,TRUE,FALSE,pre,TRUE,2004-08-04,2004-11-10,,-31,10697563,516511,43.919017548500385,3.782347427836793,20.711200729510118,127.28712295106847,4.846445345309903
AP,2002-05-01,2002,5,47.3140226060838,,,,3.2661027691594,3.47469652375232,FALSE,TRUE,FALSE,pre,TRUE,2004-08-04,2004-11-10,,-30,10183977,516511,44.9725934976064,3.8060532708476265,19.71686372603875,126.33633752475176,4.838947696010881
AP,2002-06-01,2002,6,46.89984546940861,,,,3.31731754077907,3.46177779234073,FALSE,TRUE,FALSE,pre,TRUE,2004-08-04,2004-11-10,,-29,10786200,516511,45.74473531644697,3.8230767100495493,20.88280791696595,126.2299447640031,4.838105202182508
AP,2002-07-01,2002,7,43.2730420656455,,,,3.2649430277271,3.49905393945027,FALSE,TRUE,FALSE,pre,TRUE,2004-08-04,2004-11-10,,-28,10397519,516511,45.6594215156276,3.8212099716308443,20.130295385771067,118.6976831083946,4.776579782540498
AP,2002-08-01,2002,8,44.1279241534581,,,,3.36202148782099,3.48183757482878,FALSE,TRUE,FALSE,pre,TRUE,2004-08-04,2004-11-10,,-27,11944775,516511,45.472960909267,3.8171178835806434,23.125886960781088,120.56883590088111,4.792220842117702
AP,2002-09-01,2002,9,45.0429692031742,,,,3.23509268272725,3.38011070123751,FALSE,TRUE,FALSE,pre,TRUE,2004-08-04,2004-11-10,,-26,11201432,516511,45.550611382342254,3.8188240458407474,21.68672496810329,126.25377968717027,4.838294005823533
AP,2002-10-01,2002,10,44.0762115848347,,,,3.48625463674452,3.59855658527062,FALSE,TRUE,FALSE,pre,TRUE,2004-08-04,2004-11-10,,-25,14348803,516511,45.12233584710082,3.8093773755107234,27.780246693681256,133.32282565134142,4.89277344771945
AP,2002-11-01,2002,11,42.367644240365,,,,3.22667774332132,3.41247106072721,FALSE,TRUE,FALSE,pre,TRUE,2004-08-04,2004-11-10,,-24,11299765,516511,44.297939452814354,3.790938162488816,21.877104263026343,135.483066188329,4.9088466597301474
AP,2002-12-01,2002,12,41.269412802665,,,,3.39377159607633,3.48948473407015,FALSE,TRUE,FALSE,pre,TRUE,2004-08-04,2004-11-10,,-23,14119241,516511,43.35953400835709,3.769526610033906,27.33579923757674,141.9360575089398,4.955376656953297
AP,2003-01-01,2003,1,44.5128913759318,,,,3.20440388356094,3.32599705520713,FALSE,TRUE,FALSE,pre,TRUE,2004-08-04,2004-11-10,,-22,12659907,534835,43.56617556007147,3.7742810593676546,23.67067787261492,145.47643999578364,4.980014149072768
AP,2003-02-01,2003,2,39.7907605834445,,,,3.1373009602665,3.36733930232211,FALSE,TRUE,FALSE,pre,TRUE,2004-08-04,2004-11-10,,-21,10289999,534835,42.843314965069204,3.7575496227228626,19.239576691876934,141.5901297268795,4.952936473511443
AP,2003-03-01,2003,3,41.1585722198463,,,,3.15018484699717,3.33569436781605,FALSE,TRUE,FALSE,pre,TRUE,2004-08-04,2004-11-10,,-20,10504759,534835,42.19591546784788,3.7423234264961005,19.641121093421336,139.54452585219752,4.9383837320699495
AP,2003-04-01,2003,4,42.1503265743783,,,,3.23334539843668,3.46299810708784,FALSE,TRUE,FALSE,pre,TRUE,2004-08-04,2004-11-10,,-19,11754892,534835,41.87493463277182,3.734687429135578,21.978539175633607,133.7428183341499,4.895918689636559
AP,2003-05-01,2003,5,39.6252719490139,,,,3.22925135361109,3.49232032311013,FALSE,TRUE,FALSE,pre,TRUE,2004-08-04,2004-11-10,,-18,11850919,534835,41.4178725842133,3.7237124926061926,22.158084268980154,134.0237983401037,4.898017383734991
AP,2003-06-01,2003,6,41.2149877135986,,,,3.17724578344112,3.44957334899331,FALSE,TRUE,FALSE,pre,TRUE,2004-08-04,2004-11-10,,-17,11264374,534835,41.40880173603557,3.723493460554298,21.061400244935353,127.7493993474623,4.850070527291644
AP,2003-07-01,2003,7,44.1945685974508,,,,3.24200334924366,3.39635086563285,FALSE,TRUE,FALSE,pre,TRUE,2004-08-04,2004-11-10,,-16,12055140,534835,41.35574793962206,3.722211418813283,22.539923527816992,126.61864500266438,4.841179773768754
AP,2003-08-01,2003,8,42.0747025168503,,,,3.2223332328679,3.4862606041359,FALSE,TRUE,FALSE,pre,TRUE,2004-08-04,2004-11-10,,-15,12359235,534835,41.73640492852303,3.7313737678132175,23.10850075256855,130.48756906335598,4.871277966006092
AP,2003-09-01,2003,9,43.2340435673815,,,,3.24082297803527,3.55047591610378,FALSE,TRUE,FALSE,pre,TRUE,2004-08-04,2004-11-10,,-14,13436948,534835,42.082316819778896,3.739627624418097,25.123539035403443,135.9699870053381,4.9124341775975235
AP,2003-10-01,2003,10,43.5420481990293,,,,3.21951468495874,3.47434495112754,FALSE,TRUE,FALSE,pre,TRUE,2004-08-04,2004-11-10,,-13,12991480,534835,42.3142704238874,3.74512439142522,24.29063169014743,138.28207951985192,4.92929565341194
AP,2003-11-01,2003,11,43.8442058365796,,,,3.23573730120051,3.57520019088664,FALSE,TRUE,FALSE,pre,TRUE,2004-08-04,2004-11-10,,-12,13184146,534835,43.01742607181502,3.761605291082997,24.650866154982378,140.77486140585415,4.947161886631969
AP,2003-12-01,2003,12,43.7130221022327,,,,3.33608920195707,3.60285365281156,FALSE,TRUE,FALSE,pre,TRUE,2004-08-04,2004-11-10,,-11,15112497,534835,43.43376513658737,3.771237137161253,28.256372526106183,147.96983368702496,4.997008426549662
AP,2004-01-01,2004,1,40.7843912934046,,,,3.40482323278408,3.6270136519339,FALSE,TRUE,FALSE,pre,TRUE,2004-08-04,2004-11-10,,-10,17197065,547400,42.86540225257967,3.758065026259782,31.415902447935697,156.84581260714367,5.055263237481747
AP,2004-02-01,2004,2,43.4178923764934,,,,3.25119604187152,3.61365396292777,FALSE,TRUE,FALSE,pre,TRUE,2004-08-04,2004-11-10,,-9,12706467,547400,43.08926722918685,3.7632739458945412,23.21239861161856,156.9497104661937,5.055925438534389
AP,2004-03-01,2004,3,41.6362975428206,,,,3.38886320709691,3.65618003055795,FALSE,TRUE,FALSE,pre,TRUE,2004-08-04,2004-11-10,,-8,14420059,547400,42.82297622509337,3.7570747862364122,26.34281877968579,158.16899021047604,5.063664019751162
AP,2004-04-01,2004,4,42.264828506325,,,,3.2792917014544,3.48137832105775,FALSE,TRUE,FALSE,pre,TRUE,2004-08-04,2004-11-10,,-7,13198607,547400,42.61010627630932,3.7520914616722707,24.11144866642309,157.9898071867517,5.062530519469757
AP,2004-05-01,2004,5,41.7561001686242,,,,3.07348053672929,3.46404845010956,FALSE,TRUE,FALSE,pre,TRUE,2004-08-04,2004-11-10,,-6,10838480,547400,42.262088664983416,3.7438904351261466,19.799926927292656,153.13886795906197,5.031345143461377
AP,2004-06-01,2004,6,42.0923829795745,,,,3.63279186769752,3.85727094020983,FALSE,TRUE,FALSE,pre,TRUE,2004-08-04,2004-11-10,,-5,19155868,547400,41.99198214454039,3.737478698738925,34.99427840701498,159.87677383997078,5.074403355005373
AP,2004-07-01,2004,7,43.1067224288312,,,,3.25695189814378,3.50821210520999,FALSE,TRUE,FALSE,pre,TRUE,2004-08-04,2004-11-10,,-4,13285642,547400,42.37903733377815,3.7466538374754634,24.2704457435148,152.7313171355499,5.028680280492984
AP,2004-08-01,2004,8,43.6943737754496,,,,3.73784396477183,3.92291702431747,FALSE,TRUE,FALSE,pre,TRUE,2004-08-04,2004-11-10,,-3,22758974,547400,42.425117566937516,3.7477405822876353,41.57649616368286,171.09541468761418,5.142221381518675
AP,2004-09-01,2004,9,44.532991941564,,,,3.24811108526365,3.4928699933195,FALSE,TRUE,FALSE,pre,TRUE,2004-08-04,2004-11-10,,-2,14738855,547400,42.90789996672808,3.7590559573893145,26.925200949945197,171.67779685787357,5.1456194459591424
AP,2004-10-01,2004,10,45.331658329986,,,,3.30713587115695,3.55475831105753,FALSE,TRUE,FALSE,pre,TRUE,2004-08-04,2004-11-10,,-1,15504567,547400,43.419038270671585,3.77089801475002,28.324017172086226,175.89036536353672,5.169860876869529
AP,2004-11-01,2004,11,45.1798588511456,,,,3.31875884203444,3.52060257303488,FALSE,TRUE,FALSE,post,FALSE,2004-08-04,2004-11-10,,0,15839134,547400,43.98966471775849,3.7839547135484155,28.935210084033613,185.02564852027768,5.220494456118748
AP,2004-12-01,2004,12,44.1739564976241,,,,3.2125833351494,3.30846507206896,FALSE,TRUE,FALSE,post,FALSE,2004-08-04,2004-11-10,,1,14776731,547400,44.33659363743342,3.7918103775436465,26.994393496529046,177.02576360979174,5.176295279098888
AP,2005-01-01,2005,1,43.1589797897347,,,,3.24306851868918,3.54460746256216,FALSE,TRUE,FALSE,post,FALSE,2004-08-04,2004-11-10,,2,17237871,594587,44.345303197584,3.7920068000490152,28.991335162053662,181.7466530283306,5.202613700994165
AP,2005-02-01,2005,2,45.0745137808383,,,,3.43204908294911,3.61858370054818,FALSE,TRUE,FALSE,post,FALSE,2004-08-04,2004-11-10,,3,17875986,594587,44.57532653181545,3.797180489169719,30.064542278926382,170.23469914357412,5.137178068119002
AP,2005-03-01,2005,3,45.6222866686597,,,,3.43585987423798,3.61271453877439,FALSE,TRUE,FALSE,post,FALSE,2004-08-04,2004-11-10,,4,17632549,594587,44.75687565299807,3.8012450787955974,29.655120276763537,172.96461847039245,5.1530870560690385
AP,2005-04-01,2005,4,45.4988999190288,,,,3.32745415151699,3.51697427683122,FALSE,TRUE,FALSE,post,FALSE,2004-08-04,2004-11-10,,5,16171356,594587,44.78474925117187,3.8018676629647805,27.1976279333386,171.83822923164485,5.146553506516735
AP,2005-05-01,2005,5,44.5053450674926,,,,3.42775357561044,3.60901791296855,FALSE,TRUE,FALSE,post,FALSE,2004-08-04,2004-11-10,,6,18005373,594587,44.6723302872297,3.799354300719973,30.282150467467336,173.18516961507856,5.154361366683246
AP,2005-06-01,2005,6,46.1679165995667,,,,3.47638013920449,3.67785643336363,FALSE,TRUE,FALSE,post,FALSE,2004-08-04,2004-11-10,,7,18926940,594587,45.0046569708868,3.80676597265771,31.832078400637755,178.02285451918726,5.181911938225211
AP,2005-07-01,2005,7,45.6145546883385,,,,3.61750549689709,3.70844050972482,FALSE,TRUE,FALSE,post,FALSE,2004-08-04,2004-11-10,,8,21929212,594587,45.41391945398743,3.81581865395919,36.88141853084578,185.91293788797938,5.2252784882604155
AP,2005-08-01,2005,8,48.1778799036587,,,,3.5197055585891,3.73798448340195,FALSE,TRUE,FALSE,post,FALSE,2004-08-04,2004-11-10,,9,21080193,594587,45.931147141124164,3.827143473883075,35.45350470158278,191.3019003106358,5.253852810064593
AP,2005-09-01,2005,9,45.9294612588739,,,,3.59873032577832,3.77678309348398,FALSE,TRUE,FALSE,post,FALSE,2004-08-04,2004-11-10,,10,24074340,594587,45.982342906159865,3.8282574729337875,40.48917988452489,202.13595991839713,5.3089405398948735
AP,2005-10-01,2005,10,45.2385031512664,,,,3.50383487137037,3.73973485985512,FALSE,TRUE,FALSE,post,FALSE,2004-08-04,2004-11-10,,11,21754929,594587,45.93894344486613,3.8273131984084556,36.58830246877244,211.52663445383098,5.354350921781449
AP,2005-11-01,2005,11,46.0478042204636,,,,3.53659670005738,3.67447475482045,FALSE,TRUE,FALSE,post,FALSE,2004-08-04,2004-11-10,,12,22918380,594587,46.1960199703613,3.8328936465490786,38.5450405071083,219.78952449347193,5.392670381568413
AP,2005-12-01,2005,12,44.3927000511749,,,,3.50307142079032,3.77778287500253,FALSE,TRUE,FALSE,post,FALSE,2004-08-04,2004-11-10,,13,22921382,594587,45.90015054562933,3.8264683969223263,38.550089389778115,226.5075354826123,5.422778213608586
AP,2006-01-01,2006,1,56.5468463956214,,,,3.82327387252808,3.95000015407032,FALSE,TRUE,FALSE,post,FALSE,2004-08-04,2004-11-10,,14,33975387,615715,47.72219916350981,3.8653966809019167,55.18037890907319,244.8064958608397,5.500468085665362
AP,2006-02-01,2006,2,53.1351089666727,,,,3.52605120217177,3.72963923585091,FALSE,TRUE,FALSE,post,FALSE,2004-08-04,2004-11-10,,15,21502924,615715,48.54840400734548,3.882561321021829,34.92350194489334,244.27649310415026,5.498300752202066
AP,2006-03-01,2006,3,53.2606062727553,,,,3.5296262606946,3.74690924740481,FALSE,TRUE,FALSE,post,FALSE,2004-08-04,2004-11-10,,16,21102882,615715,49.77026150965905,3.9074176472199107,34.27378251301332,238.0610957326387,5.472527345487432
AP,2006-04-01,2006,4,52.4608297342589,,,,3.53992871329588,3.7191004402574,FALSE,TRUE,FALSE,post,FALSE,2004-08-04,2004-11-10,,17,21526112,615715,50.973982606824464,3.9313153575918856,34.9611622260299,236.43395548989616,5.465668910961379
AP,2006-05-01,2006,5,56.1714564126326,,,,3.52860011064545,3.74428508243544,FALSE,TRUE,FALSE,post,FALSE,2004-08-04,2004-11-10,,18,21319669,615715,52.661257972185965,3.9638800423545404,34.62587235977684,232.51478734256472,5.44895382447832
AP,2006-06-01,2006,6,54.6378058237028,,,,3.47675460576214,3.69043882868712,FALSE,TRUE,FALSE,post,FALSE,2004-08-04,2004-11-10,,19,20318407,615715,54.368775600940616,3.995790011149623,32.9996946639273,226.9643926167139,5.424793144458151
AP,2006-07-01,2006,7,54.5255645328748,,,,3.48579937835005,3.78836308334769,FALSE,TRUE,FALSE,post,FALSE,2004-08-04,2004-11-10,,20,20574234,615715,54.03189529048285,3.989574525724597,33.415190469616626,205.19920417725734,5.323981235010621
AP,2006-08-01,2006,8,57.9099115692723,,,,3.43428162532285,3.71067548384784,FALSE,TRUE,FALSE,post,FALSE,2004-08-04,2004-11-10,,21,20847061,615715,54.82769572424945,4.004195462712119,33.85829645209228,204.1339986844563,5.318776634504896
AP,2006-09-01,2006,9,57.358759831508,,,,3.70647331208957,3.85830328532475,FALSE,TRUE,FALSE,post,FALSE,2004-08-04,2004-11-10,,22,28761138,615715,55.5107213173749,4.016576178985774,46.711770868015236,216.57198703945818,5.3779229958219155
AP,2006-10-01,2006,10,58.5949380444367,,,,3.58289130456395,3.77315553302164,FALSE,TRUE,FALSE,post,FALSE,2004-08-04,2004-11-10,,23,25144065,615715,56.53307270240454,4.034825824462165,40.83718116336292,222.4480059767912,5.4046933932954495
BA,2001-11-01,2001,11,63.1099650282993,,,,3.57119431879254,3.6250662820125,FALSE,TRUE,FALSE,pre,TRUE,2004-08-04,2004-11-10,,-36,361266274,13214114,,,27.33942464852354,,
BA,2001-12-01,2001,12,62.0876115134319,,,,3.56952090035629,3.59474834440734,FALSE,TRUE,FALSE,pre,TRUE,2004-08-04,2004-11-10,,-35,372481179,13214114,,,28.1881311906345,,
BA,2002-01-01,2002,1,64.502351428806,,,,3.61970786325802,3.65033916814312,FALSE,TRUE,FALSE,pre,TRUE,2004-08-04,2004-11-10,,-34,390413607,13323212,,,29.303264633183048,,
BA,2002-02-01,2002,2,64.9638397611708,,,,3.65096396456434,3.68496227139113,FALSE,TRUE,FALSE,pre,TRUE,2004-08-04,2004-11-10,,-33,390107258,13323212,,,29.280271003718923,,
BA,2002-03-01,2002,3,63.6476771664997,,,,3.5963002040163,3.64271536215114,FALSE,TRUE,FALSE,pre,TRUE,2004-08-04,2004-11-10,,-32,343484584,13323212,,,25.78091409188715,,
BA,2002-04-01,2002,4,63.3942946188995,,,,3.62036331580266,3.67058159823279,FALSE,TRUE,FALSE,pre,TRUE,2004-08-04,2004-11-10,,-31,384744619,13323212,63.6176232528512,4.152890527132916,28.877767538338354,168.76977310628553,5.12853549685148
BA,2002-05-01,2002,5,62.7605867098416,,,,3.71552828563746,3.7639069733582,FALSE,TRUE,FALSE,pre,TRUE,2004-08-04,2004-11-10,,-30,411077655,13323212,63.55939353310825,4.1519747999790075,30.85424558282192,172.2845940405839,5.149147725958677
BA,2002-06-01,2002,6,62.3587851845729,,,,3.65039453524387,3.69491303540271,FALSE,TRUE,FALSE,pre,TRUE,2004-08-04,2004-11-10,,-29,390963712,13323212,63.60458914496508,4.1526856241103065,29.344553850828163,173.44101670077757,5.15583758020814
BA,2002-07-01,2002,7,62.7090744349874,,,,3.60992212299502,3.66654751327421,FALSE,TRUE,FALSE,pre,TRUE,2004-08-04,2004-11-10,,-28,390075882,13323212,63.305709645995314,4.147975524861132,29.277916016047783,173.4156680836423,5.1556914183015525
BA,2002-08-01,2002,8,63.6103975511949,,,,3.75087921857304,3.78969455931775,FALSE,TRUE,FALSE,pre,TRUE,2004-08-04,2004-11-10,,-27,447044099,13323212,63.08013594433267,4.144405917202418,33.55377809795416,177.68917517787753,5.180035817029824
BA,2002-09-01,2002,9,62.8521879343365,,,,3.76669819480652,3.80640294506912,FALSE,TRUE,FALSE,pre,TRUE,2004-08-04,2004-11-10,,-26,474850533,13323212,62.9475544056388,4.142301909944401,35.64084494039425,187.54910602638464,5.234040709928345
BA,2002-10-01,2002,10,62.8249296810051,,,,3.82535246908207,3.8745058300362,FALSE,TRUE,FALSE,pre,TRUE,2004-08-04,2004-11-10,,-25,542518814,13323212,62.852660249323065,4.1407932610986995,40.7198214664752,199.39115995452147,5.295268523317917
BA,2002-11-01,2002,11,60.0204695911248,,,,3.79192080623726,3.83180596554662,FALSE,TRUE,FALSE,pre,TRUE,2004-08-04,2004-11-10,,-24,504441037,13323212,62.395974062870266,4.1335007550707585,37.861818681561175,206.39873305326074,5.329809895280723
BA,2002-12-01,2002,12,56.256107330114,,,,3.6924007553709,3.72024042951583,FALSE,TRUE,FALSE,pre,TRUE,2004-08-04,2004-11-10,,-23,484958014,13323212,61.37886108712712,4.11706549390584,36.39948189670779,213.45366109914036,5.363419765079085
BA,2003-01-01,2003,1,58.5754133729456,,,,3.71735055023591,3.78956560172654,FALSE,TRUE,FALSE,pre,TRUE,2004-08-04,2004-11-10,,-22,496150820,13435612,60.68991757678682,4.105777581744795,36.928040196457,221.10378527954958,5.398632207931911
BA,2003-02-01,2003,2,60.0919405087224,,,,3.74581023722341,3.77841041791218,FALSE,TRUE,FALSE,pre,TRUE,2004-08-04,2004-11-10,,-21,497567793,13435612,60.10350806970807,4.096068210381896,37.03350416787862,224.58351134947404,5.414247626205502
BA,2003-03-01,2003,3,56.3040002370085,,,,3.69891995547444,3.73922805988566,FALSE,TRUE,FALSE,pre,TRUE,2004-08-04,2004-11-10,,-20,445133521,13435612,59.012143453486736,4.077743243972971,33.130870480630136,222.0735368897099,5.403008574272967
BA,2003-04-01,2003,4,59.1387944994353,,,,3.7002134213566,3.74006333161322,FALSE,TRUE,FALSE,pre,TRUE,2004-08-04,2004-11-10,,-19,489390249,13435612,58.39778758989176,4.067278005381844,36.424857237615974,217.7785726608507,5.3834788248549765
BA,2003-05-01,2003,5,57.8871354815411,,,,3.6486046672138,3.69809957434501,FALSE,TRUE,FALSE,pre,TRUE,2004-08-04,2004-11-10,,-18,455590497,13435612,58.04223190496115,4.061170881876234,33.90917339679056,213.82592737608007,5.365162260537202
BA,2003-06-01,2003,6,58.2902404955785,,,,3.66057602529959,3.70649846852424,FALSE,TRUE,FALSE,pre,TRUE,2004-08-04,2004-11-10,,-17,465119612,13435612,58.381254099205236,4.066994846853433,34.61841648895488,212.04486196832715,5.356797865343275
BA,2003-07-01,2003,7,59.9262731696436,,,,3.65818065782677,3.71723828161692,FALSE,TRUE,FALSE,pre,TRUE,2004-08-04,2004-11-10,,-16,469413328,13435612,58.6063973986549,4.070843861249798,34.937993743790756,210.05481551566092,5.3473685229210925
BA,2003-08-01,2003,8,58.6699238174852,,,,3.65149196781549,3.70245991362555,FALSE,TRUE,FALSE,pre,TRUE,2004-08-04,2004-11-10,,-15,471596901,13435612,58.36939461678203,4.066791687683108,35.100515034223974,208.12182638200628,5.3381236120034625
BA,2003-09-01,2003,9,59.9394598377537,,,,3.6657015001653,3.72008408070756,FALSE,TRUE,FALSE,pre,TRUE,2004-08-04,2004-11-10,,-14,499765075,13435612,58.97530455023957,4.077118789337032,37.19704580632427,212.1880017077004,5.357472682204772
BA,2003-10-01,2003,10,59.8352398702671,,,,3.61503180269339,3.67474118411227,FALSE,TRUE,FALSE,pre,TRUE,2004-08-04,2004-11-10,,-13,510070580,13435612,59.09137877871154,4.079085038622533,37.96407487801821,213.72721934810264,5.364700525988001
BA,2003-11-01,2003,11,60.5345448168624,,,,3.70814804115826,3.75569780130428,FALSE,TRUE,FALSE,pre,TRUE,2004-08-04,2004-11-10,,-12,518458814,13435612,59.53261366793175,4.0865242912566275,38.588403267376286,218.40644921868838,5.386357772824365
BA,2003-12-01,2003,12,58.547241607743,,,,3.70891286787429,3.74197188940493,FALSE,TRUE,FALSE,pre,TRUE,2004-08-04,2004-11-10,,-11,553097517,13435612,59.57544718662584,4.087243529236547,41.16652944428583,224.95456217401932,5.415898435917355
BA,2004-01-01,2004,1,58.0173658823999,,,,3.70485925488708,3.74902683334953,FALSE,TRUE,FALSE,pre,TRUE,2004-08-04,2004-11-10,,-10,534582282,13682074,59.25729597208522,4.081888911203656,39.07172859904134,229.0882970292699,5.434107505785735
BA,2004-02-01,2004,2,60.7635488558674,,,,3.6506249482625,3.68441933950834,FALSE,TRUE,FALSE,pre,TRUE,2004-08-04,2004-11-10,,-9,487096013,13682074,59.60623347848225,4.08776015716744,35.601036290258335,229.58881828530428,5.436289962411509
BA,2004-03-01,2004,3,62.7092225866485,,,,3.77013152362537,3.81773278767316,FALSE,TRUE,FALSE,pre,TRUE,2004-08-04,2004-11-10,,-8,512859523,13682074,60.06786060329805,4.0954749331670435,37.4840483248373,229.8758208038173,5.4375392535709315
BA,2004-04-01,2004,4,62.4053967124203,,,,3.96040560896406,4.0014062591014,FALSE,TRUE,FALSE,pre,TRUE,2004-08-04,2004-11-10,,-7,679647978,13682074,60.49622007699025,4.102580885018683,49.67433870040463,241.58608462620373,5.487225867656058
BA,2004-05-01,2004,5,64.2204426126921,,,,3.79971004153406,3.84808135299731,FALSE,TRUE,FALSE,pre,TRUE,2004-08-04,2004-11-10,,-6,566127079,13682074,61.1105363762952,4.112684296094539,41.37728527122423,244.3749666300517,5.498703794187403
BA,2004-06-01,2004,6,64.8848505571619,,,,3.77161931316709,3.82798119988465,FALSE,TRUE,FALSE,pre,TRUE,2004-08-04,2004-11-10,,-5,564730136,13682074,62.16680453453168,4.129821168126948,41.27518503408182,244.48362221984766,5.499148321885446
BA,2004-07-01,2004,7,63.5457506010414,,,,3.8174016432673,3.87340544950225,FALSE,TRUE,FALSE,pre,TRUE,2004-08-04,2004-11-10,,-4,591949042,13682074,63.0882019876386,4.144533778810951,43.264569538214744,248.67646315902107,5.5161527068415
BA,2004-08-01,2004,8,63.6738672994491,,,,3.81893321115692,3.85829940226837,FALSE,TRUE,FALSE,pre,TRUE,2004-08-04,2004-11-10,,-3,610584501,13682074,63.57325506156888,4.152192864003768,44.62660419757999,257.7020310663427,5.551803999141978
BA,2004-09-01,2004,9,64.0838371480497,,,,3.75898330631079,3.80767581790433,FALSE,TRUE,FALSE,pre,TRUE,2004-08-04,2004-11-10,,-2,600131387,13682074,63.802357488469085,4.155790140897987,43.86260350587199,264.0805862473774,5.576254307503763
BA,2004-10-01,2004,10,66.1622288265215,,,,3.84456501540733,3.89424118769727,FALSE,TRUE,FALSE,pre,TRUE,2004-08-04,2004-11-10,,-1,696389096,13682074,64.42849617415261,4.165556022418009,50.89791913126621,265.30416667823897,5.580876966554623
BA,2004-11-01,2004,11,66.596969294663,,,,3.74391326244189,3.79543803350439,FALSE,TRUE,FALSE,post,FALSE,2004-08-04,2004-11-10,,0,586346250,13682074,64.8245839544811,4.1716849134246665,42.8550708028622,266.781952209877,5.58643166636315
BA,2004-12-01,2004,12,66.3718660811825,,,,3.84081320892435,3.88160043082825,FALSE,TRUE,FALSE,post,FALSE,2004-08-04,2004-11-10,,1,702352083,13682074,65.0724198751512,4.175500801614411,51.3337439192333,276.84051109502843,5.623441568146747
BA,2005-01-01,2005,1,66.7751444316493,,,,3.89945927720734,3.93015202212873,FALSE,TRUE,FALSE,post,FALSE,2004-08-04,2004-11-10,,2,702205365,13815334,65.61065218025252,4.183738063564241,50.82796876282542,284.4039103196391,5.650395447200384
BA,2005-02-01,2005,2,65.1897577162734,,,,3.74311548079767,3.79767478006,FALSE,TRUE,FALSE,post,FALSE,2004-08-04,2004-11-10,,3,574434236,13815334,65.86330058305657,4.187581390831528,41.579467857961305,281.3567739800204,5.639623522291139
BA,2005-03-01,2005,3,65.8968401792494,,,,3.7404815166173,3.7931612825715,FALSE,TRUE,FALSE,post,FALSE,2004-08-04,2004-11-10,,4,542811330,13815334,66.16546775492318,4.192158691722025,39.29049634268705,276.7846668168355,5.623239827761337
BA,2005-04-01,2005,4,67.3771065887955,,,,3.74633280850141,3.79433977008579,FALSE,TRUE,FALSE,post,FALSE,2004-08-04,2004-11-10,,5,596496977,13815334,66.36794738196885,4.195214219784437,43.17644271213421,269.06319039770347,5.594946260556797
BA,2005-05-01,2005,5,68.0201255241328,,,,3.87830444929454,3.91928324085171,FALSE,TRUE,FALSE,post,FALSE,2004-08-04,2004-11-10,,6,664551168,13815334,66.60514008688048,4.198781753049927,48.102432268376575,274.3105518632179,5.61426086553476
BA,2005-06-01,2005,6,69.1611594460875,,,,3.88736057404434,3.92994916544924,FALSE,TRUE,FALSE,post,FALSE,2004-08-04,2004-11-10,,7,689365104,13815334,67.07002231436465,4.205737182814209,49.89854780202925,272.87535574601384,5.60901511856514
BA,2005-07-01,2005,7,69.9499885588422,,,,3.71782321650536,3.79495104382858,FALSE,TRUE,FALSE,post,FALSE,2004-08-04,2004-11-10,,8,572364757,13815334,67.59916300223013,4.213595601348451,41.42967205859808,263.47705904178645,5.5739663017312475
BA,2005-08-01,2005,8,70.2351008713748,,,,3.70243521154669,3.76108536112333,FALSE,TRUE,FALSE,post,FALSE,2004-08-04,2004-11-10,,9,585623418,13815334,68.44005352808037,4.2259582311405826,42.38937820830101,264.2869693921262,5.577035518057069
BA,2005-09-01,2005,9,69.3470164938598,,,,3.99049617347227,4.02286435162037,FALSE,TRUE,FALSE,post,FALSE,2004-08-04,2004-11-10,,10,814143872,13815334,69.01508291384876,4.234325073663631,58.93045162715574,283.92692467659487,5.648716897575179
BA,2005-10-01,2005,10,68.8680806794995,,,,3.7667668150833,3.80977050139479,FALSE,TRUE,FALSE,post,FALSE,2004-08-04,2004-11-10,,11,690860085,13815334,69.26357859563277,4.237919206649481,50.006759518083314,290.757241482544,5.672488697305451
BA,2005-11-01,2005,11,69.05606986265,,,,3.81319465774109,3.85852976392335,FALSE,TRUE,FALSE,post,FALSE,2004-08-04,2004-11-10,,12,671288054,13815334,69.43623598538564,4.240408863603351,48.59007056941222,291.2448797835796,5.674164424583162
BA,2005-12-01,2005,12,68.8157515258097,,,,3.80348838126506,3.83898770262054,FALSE,TRUE,FALSE,post,FALSE,2004-08-04,2004-11-10,,13,726698187,13815334,69.37866799867267,4.23957944272186,52.600840993058874,293.94717297460926,5.683400067433788
BA,2006-01-01,2006,1,70.8441421528282,,,,3.82630750797345,3.85978202247944,FALSE,TRUE,FALSE,post,FALSE,2004-08-04,2004-11-10,,14,694170260,13950146,69.52769359767034,4.241725142234273,49.760788166661484,302.27828908267264,5.711348080095058
BA,2006-02-01,2006,2,73.1648089417055,,,,3.84384951265321,3.87629945939761,FALSE,TRUE,FALSE,post,FALSE,2004-08-04,2004-11-10,,15,674879854,13950146,70.01597827605879,4.248723477088315,48.37797783621763,308.2668887105893,5.730965929547936
BA,2006-03-01,2006,3,74.2999058781823,,,,3.84435575159811,3.8784894707527,FALSE,TRUE,FALSE,post,FALSE,2004-08-04,2004-11-10,,16,641590882,13950146,70.84145984011253,4.260444420270235,45.991696574358436,295.32813365779197,5.688087055657124
BA,2006-04-01,2006,4,74.8572491521546,,,,3.81980749164998,3.85339777465081,FALSE,TRUE,FALSE,post,FALSE,2004-08-04,2004-11-10,,17,676299689,13950146,71.83965458555505,4.274436615874856,48.479757057739754,293.8011311974484,5.682903113961937
BA,2006-05-01,2006,5,73.4863999057437,,,,3.77566575121648,3.81775172252565,FALSE,TRUE,FALSE,post,FALSE,2004-08-04,2004-11-10,,18,631301778,13950146,72.57804292607067,4.284662437052003,45.254134114438656,290.46519474247486,5.671483757556242
BA,2006-06-01,2006,6,72.7582586882235,,,,3.78814970712811,3.82844744654428,FALSE,TRUE,FALSE,post,FALSE,2004-08-04,2004-11-10,,19,660586191,13950146,73.23512745313963,4.293675189099741,47.35335321938566,285.2177069688016,5.653252772758744
BA,2006-07-01,2006,7,76.0854366865479,,,,3.8121694916195,3.85938418535414,FALSE,TRUE,FALSE,post,FALSE,2004-08-04,2004-11-10,,20,659855538,13950146,74.10867654209292,4.305532617783205,47.30097720841058,282.7578960105507,5.64459104037307
BA,2006-08-01,2006,8,75.9360797269262,,,,3.80234819183467,3.86495530488526,FALSE,TRUE,FALSE,post,FALSE,2004-08-04,2004-11-10,,21,680917422,13950146,74.57055500629636,4.311745724283758,48.81077388007265,283.19069205440576,5.646120494239904
BA,2006-09-01,2006,9,75.8473375381613,,,,4.04788305225944,4.08384754045243,FALSE,TRUE,FALSE,post,FALSE,2004-08-04,2004-11-10,,22,905653324,13950146,74.82846028295953,4.315198297680648,64.92070577612593,302.11970125617324,5.710823300619699
BA,2006-10-01,2006,10,75.9775117708977,,,,3.92343834691258,3.96676317452472,FALSE,TRUE,FALSE,post,FALSE,2004-08-04,2004-11-10,,23,831094282,13950146,75.01517071941672,4.317690369340116,59.57602751971198,313.21597171814545,5.746892958085097
CE,2001-11-01,2001,11,46.1221140924922,,,,3.37067930574796,3.41609879717966,FALSE,TRUE,FALSE,pre,TRUE,2004-08-04,2004-11-10,,-36,172823847,7547620,,,22.89779387409541,,
CE,2001-12-01,2001,12,43.7532924324061,,,,3.44732731943955,3.49239965380454,FALSE,TRUE,FALSE,pre,TRUE,2004-08-04,2004-11-10,,-35,199139177,7547620,,,26.384367125000995,,
CE,2002-01-01,2002,1,47.9752978791816,,,,3.44344206645222,3.49081544992801,FALSE,TRUE,FALSE,pre,TRUE,2004-08-04,2004-11-10,,-34,189933665,7654535,,,24.81322052874538,,
CE,2002-02-01,2002,2,47.9069217841332,,,,3.43558814136856,3.48651563940387,FALSE,TRUE,FALSE,pre,TRUE,2004-08-04,2004-11-10,,-33,178161736,7654535,,,23.275317965101735,,
CE,2002-03-01,2002,3,48.6246035012997,,,,3.4055542450874,3.44549678934179,FALSE,TRUE,FALSE,pre,TRUE,2004-08-04,2004-11-10,,-32,157340264,7654535,,,20.55516945183476,,
CE,2002-04-01,2002,4,47.6064242543468,,,,3.4769078080779,3.52788992405287,FALSE,TRUE,FALSE,pre,TRUE,2004-08-04,2004-11-10,,-31,181924456,7654535,46.99810899064327,3.850107366659007,23.76688538232564,141.69275432710393,4.953661011494432
CE,2002-05-01,2002,5,50.2019865538019,,,,3.50733824539176,3.55547040586624,FALSE,TRUE,FALSE,pre,TRUE,2004-08-04,2004-11-10,,-30,192369386,7654535,47.67808773419488,3.8644719157069045,25.131426794704055,143.92638724771257,4.969301969200241
CE,2002-06-01,2002,6,47.8315264128308,,,,3.46446072090063,3.50739524520768,FALSE,TRUE,FALSE,pre,TRUE,2004-08-04,2004-11-10,,-29,186475976,7654535,48.357793397599,3.878627396037231,24.36150282152998,141.90352294424156,4.955147410808071
CE,2002-07-01,2002,7,48.8145870961931,,,,3.47924123562407,3.5265783138512,FALSE,TRUE,FALSE,pre,TRUE,2004-08-04,2004-11-10,,-28,189900956,7654535,48.497674933767584,3.8815158572843558,24.808947375640717,141.8992497911369,4.955117297267856
CE,2002-08-01,2002,8,47.9012983254468,,,,3.48786436116516,3.53407914947754,FALSE,TRUE,FALSE,pre,TRUE,2004-08-04,2004-11-10,,-27,210532081,7654535,48.496737690653184,3.8814965315708623,27.504228669670987,146.12816049570614,4.984484048271465
CE,2002-09-01,2002,9,47.7327874744741,,,,3.51020355134351,3.55468703394237,FALSE,TRUE,FALSE,pre,TRUE,2004-08-04,2004-11-10,,-26,219905690,7654535,48.34810168618225,3.8784269592088285,28.728811090418947,154.3018021342903,5.038910438719514
CE,2002-10-01,2002,10,47.281530556035,,,,3.54528993373343,3.59313683284277,FALSE,TRUE,FALSE,pre,TRUE,2004-08-04,2004-11-10,,-25,222586443,7654535,48.293952736463616,3.877306350676474,29.07902870651189,159.61394545847656,5.072758058757889
CE,2002-11-01,2002,11,46.9457973328271,,,,3.59478598458447,3.63824840145671,FALSE,TRUE,FALSE,pre,TRUE,2004-08-04,2004-11-10,,-24,242640128,7654535,47.75125453296782,3.8660053395233462,31.698872367818556,166.1813910315911,5.113079908833593
CE,2002-12-01,2002,12,41.6901018204088,,,,3.5448221744749,3.59301901522837,FALSE,TRUE,FALSE,pre,TRUE,2004-08-04,2004-11-10,,-23,251911688,7654535,46.72768376756415,3.844336789200217,32.910122953255815,174.7300111633169,5.163241989239899
CE,2003-01-01,2003,1,44.8367367530876,,,,3.51975576026734,3.55815950427153,FALSE,TRUE,FALSE,pre,TRUE,2004-08-04,2004-11-10,,-22,237257418,7758441,46.064708710379904,3.8300471190931633,30.580553232279527,180.50161701995572,5.195739736292119
CE,2003-02-01,2003,2,46.5251584861526,,,,3.48919126166331,3.52645461721813,FALSE,TRUE,FALSE,pre,TRUE,2004-08-04,2004-11-10,,-21,222300297,7758441,45.835352070497535,3.825055672643048,28.65270187657546,181.6500902268602,5.202082255374273
CE,2003-03-01,2003,3,42.642170772869,,,,3.43203152619966,3.47467407772291,FALSE,TRUE,FALSE,pre,TRUE,2004-08-04,2004-11-10,,-20,190893818,7758441,44.98691595356335,3.8063716909049465,24.604661941748347,177.5259410781896,5.179116745156428
CE,2003-04-01,2003,4,44.7003788854642,,,,3.45157302802609,3.48881820205862,FALSE,TRUE,FALSE,pre,TRUE,2004-08-04,2004-11-10,,-19,209623708,7758441,44.556724008468215,3.796763074255453,27.018792564124674,175.46570493580236,5.167443610339009
CE,2003-05-01,2003,5,43.9606659345145,,,,3.3863522596528,3.43145088080107,FALSE,TRUE,FALSE,pre,TRUE,2004-08-04,2004-11-10,,-18,202149217,7758441,44.059202108749446,3.785534232012526,26.055391411753984,169.8222239797378,5.134752148585675
CE,2003-06-01,2003,6,44.0741101613041,,,,3.49285082226483,3.53544515754391,FALSE,TRUE,FALSE,pre,TRUE,2004-08-04,2004-11-10,,-17,221381432,7758441,44.456536832232,3.7945120114902786,28.534267644749765,165.44636867123177,5.108647085932327
CE,2003-07-01,2003,7,44.9000913913401,,,,3.43560947667763,3.48120570109213,FALSE,TRUE,FALSE,pre,TRUE,2004-08-04,2004-11-10,,-16,212652033,7758441,44.467095938607414,3.7947494985585872,27.409119048530496,162.2749344874827,5.089292023206511
CE,2003-08-01,2003,8,45.1029361335958,,,,3.53196759825452,3.57408799515008,FALSE,TRUE,FALSE,pre,TRUE,2004-08-04,2004-11-10,,-15,255673365,7758441,44.230058879847945,3.7894046230990632,32.95421915304892,166.5764517639562,5.115454373787816
CE,2003-09-01,2003,9,44.7111120160203,,,,3.42780902334538,3.47560092547183,FALSE,TRUE,FALSE,pre,TRUE,2004-08-04,2004-11-10,,-14,242223377,7758441,44.574882420373164,3.7971705259526387,31.22062499411931,173.19241481632713,5.1544032008063265
CE,2003-10-01,2003,10,45.7414913913035,,,,3.31522595402692,3.36476978705785,FALSE,TRUE,FALSE,pre,TRUE,2004-08-04,2004-11-10,,-13,204712731,7758441,44.74840117134638,3.8010557160679976,26.38580753530252,172.559429787505,5.1507416976451275
CE,2003-11-01,2003,11,46.3449526474326,,,,3.32760446888167,3.37406369469528,FALSE,TRUE,FALSE,pre,TRUE,2004-08-04,2004-11-10,,-12,209900359,7758441,45.14578229016607,3.809896859999297,27.05445062996548,173.5584890057165,5.156514655002167
CE,2003-12-01,2003,12,42.913466390161,,,,3.32624935825802,3.37673046108583,FALSE,TRUE,FALSE,pre,TRUE,2004-08-04,2004-11-10,,-11,224784761,7758441,44.952341661642215,3.805602854369245,28.972929097482343,173.99715045844906,5.15903892240485
CE,2004-01-01,2004,1,46.3834077960799,,,,3.35418469673301,3.42015771924171,FALSE,TRUE,FALSE,pre,TRUE,2004-08-04,2004-11-10,,-10,221845822,7976563,45.19956106243218,3.8110873757828956,27.8122070871878,174.40023849710636,5.161352879003224
CE,2004-02-01,2004,2,46.9646212754755,,,,3.45631914067742,3.49089341634605,FALSE,TRUE,FALSE,pre,TRUE,2004-08-04,2004-11-10,,-9,235759874,7976563,45.50984191941213,3.8179286084872976,29.556573927893506,171.00259327195096,5.141678721720714
CE,2004-03-01,2004,3,48.1183942817133,,,,3.46830527918728,3.50952201529153,FALSE,TRUE,FALSE,pre,TRUE,2004-08-04,2004-11-10,,-8,215374881,7976563,46.077722297027634,3.83032958584799,27.000962820703602,166.78293109853524,5.116693153144863
CE,2004-04-01,2004,4,48.8258776602522,,,,3.40890246404473,3.43659172108585,FALSE,TRUE,FALSE,pre,TRUE,2004-08-04,2004-11-10,,-7,217372051,7976563,46.59178667518575,3.8414242739920046,27.251342589533863,167.6484661527666,5.1218693237666955
CE,2004-05-01,2004,5,47.7358183202658,,,,3.45610045526954,3.50292899418127,FALSE,TRUE,FALSE,pre,TRUE,2004-08-04,2004-11-10,,-6,232365595,7976563,46.82359762065795,3.8463872985097005,29.131042405106058,169.7250579279072,5.134179821492158
CE,2004-06-01,2004,6,48.0430348048356,,,,3.39631768532271,3.44378316197573,FALSE,TRUE,FALSE,pre,TRUE,2004-08-04,2004-11-10,,-5,215293878,7976563,47.67852568977038,3.8644811013430083,26.990807694993446,167.7429365254183,5.122432667814252
CE,2004-07-01,2004,7,50.0295082730291,,,,3.42777318435896,3.4738740915716,FALSE,TRUE,FALSE,pre,TRUE,2004-08-04,2004-11-10,,-4,232253245,7976563,48.28620910259525,3.877145994062082,29.11695739129748,169.04768682952795,5.130180845709363
CE,2004-08-01,2004,8,47.4990752061537,,,,3.39964845633074,3.44535941264181,FALSE,TRUE,FALSE,pre,TRUE,2004-08-04,2004-11-10,,-3,246793269,7976563,48.375284757708286,3.8789890377968748,30.939800638445405,170.43091354007984,5.138330015429784
CE,2004-09-01,2004,9,48.2160398904286,,,,3.31117397611263,3.35842265930925,FALSE,TRUE,FALSE,pre,TRUE,2004-08-04,2004-11-10,,-2,242550516,7976563,48.3915590258275,3.8793253982202662,30.407898238878072,173.8378489582543,5.158122962184633
CE,2004-10-01,2004,10,49.1821888546615,,,,3.45245507394889,3.50245345722299,FALSE,TRUE,FALSE,pre,TRUE,2004-08-04,2004-11-10,,-1,258412938,7976563,48.450944224895714,3.8805518267928125,32.39652692519322,178.98303329391368,5.18729101528075
CE,2004-11-01,2004,11,48.7833415932815,,,,3.51178071559267,3.55153637318901,FALSE,TRUE,FALSE,post,FALSE,2004-08-04,2004-11-10,,0,278422115,7976563,48.625531437065,3.8841487311758525,34.90502300301521,184.75701389182282,5.219041523339476
CE,2004-12-01,2004,12,50.5154461973653,,,,3.79890584675069,3.85402408101946,FALSE,TRUE,FALSE,post,FALSE,2004-08-04,2004-11-10,,1,397636962,7976563,49.03760000248661,3.8925873508399715,49.850664001525466,207.61687019835486,5.335694410987931
CE,2005-01-01,2005,1,50.9047845564959,,,,3.45758200886917,3.46154636013395,FALSE,TRUE,FALSE,post,FALSE,2004-08-04,2004-11-10,,2,267613631,8097276,49.183479383064416,3.895557782212826,33.04983441344966,211.54974722050704,5.354460182272936
CE,2005-02-01,2005,2,53.149286827343,,,,3.42237095089671,3.4742758616425,FALSE,TRUE,FALSE,post,FALSE,2004-08-04,2004-11-10,,3,247519979,8097276,50.1251813199293,3.9145235029753884,30.568302105547595,211.17824868760923,5.352702557359841
CE,2005-03-01,2005,3,53.8296423137313,,,,3.43777525098995,3.48809138832086,FALSE,TRUE,FALSE,post,FALSE,2004-08-04,2004-11-10,,4,229396394,8097276,51.06078172381308,3.9330167216023915,28.33006976667215,209.1004202154033,5.342814616071035
CE,2005-04-01,2005,4,55.61452170644,,,,3.43697979843978,3.50028692736227,FALSE,TRUE,FALSE,post,FALSE,2004-08-04,2004-11-10,,5,245706258,8097276,52.1328371991095,3.9537950227566956,30.344310605196117,207.0482038954062,5.332951635215512
CE,2005-05-01,2005,5,54.9354201045433,,,,3.5454823326256,3.59415792969779,FALSE,TRUE,FALSE,post,FALSE,2004-08-04,2004-11-10,,6,275656455,8097276,53.15818361765313,3.973272065045593,34.04310968281185,206.18629057520283,5.328780083316321
CE,2005-06-01,2005,6,57.7600463126289,,,,3.27288717745073,3.32644873690241,FALSE,TRUE,FALSE,post,FALSE,2004-08-04,2004-11-10,,7,204277252,8097276,54.36561697019707,3.995731913050765,25.22789787577946,181.56352444945682,5.201605589436959
CE,2005-07-01,2005,7,58.502517641284,,,,3.43714790853523,3.48695676756503,FALSE,TRUE,FALSE,post,FALSE,2004-08-04,2004-11-10,,8,254131125,8097276,55.631905817661746,4.018756882311487,31.384767544048145,179.89845758005532,5.192392567156838
CE,2005-08-01,2005,8,58.6087622551335,,,,3.38484743303108,3.43979902077538,FALSE,TRUE,FALSE,post,FALSE,2004-08-04,2004-11-10,,9,262171358,8097276,56.541818388960166,4.034980512854763,32.37772282925764,181.70787830376537,5.202400333316122
CE,2005-09-01,2005,9,58.4350326649829,,,,3.45006977800508,3.49995791342233,FALSE,TRUE,FALSE,post,FALSE,2004-08-04,2004-11-10,,10,303206302,8097276,57.3093834475021,4.048464370304801,37.44546956285052,190.82327809994374,5.251347754192722
CE,2005-10-01,2005,10,57.9280655303406,,,,3.45774415735455,3.50838317025733,FALSE,TRUE,FALSE,post,FALSE,2004-08-04,2004-11-10,,11,283666802,8097276,57.69497408481887,4.055170065471018,35.032374097165516,195.51134159191312,5.2756183910005845
CE,2005-11-01,2005,11,58.4284292441116,,,,3.34178514543872,3.3839506448587,FALSE,TRUE,FALSE,post,FALSE,2004-08-04,2004-11-10,,12,255573574,8097276,58.277142274746915,4.0652099457175535,31.562907575337682,193.03113948443897,5.262851520369224
CE,2005-12-01,2005,12,58.0347159797148,,,,3.51014059849319,3.56415559656729,FALSE,TRUE,FALSE,post,FALSE,2004-08-04,2004-11-10,,13,315693238,8097276,58.32292055259457,4.06599516450886,38.987585207667365,206.79082681632687,5.331707783895734
CE,2006-01-01,2006,1,59.5302754923663,,,,3.62351692528571,3.6077130742202,FALSE,TRUE,FALSE,post,FALSE,2004-08-04,2004-11-10,,14,338840988,8217085,58.494213527774946,4.0689278352903635,41.23615467042144,216.64221394270015,5.378247209126549
CE,2006-02-01,2006,2,58.7576370815615,,,,3.46150225111531,3.52415695020765,FALSE,TRUE,FALSE,post,FALSE,2004-08-04,2004-11-10,,15,272429770,8217085,58.51902599884628,4.069351932111264,33.154064975596576,217.4185560890391,5.381824325640009
CE,2006-03-01,2006,3,58.2853680830048,,,,3.45251408896683,3.51113792595449,FALSE,TRUE,FALSE,post,FALSE,2004-08-04,2004-11-10,,16,250480952,8217085,58.49408190184993,4.06892558504944,30.482945229360535,210.4560317555491,5.349276756034408
CE,2006-04-01,2006,4,58.5489053008682,,,,3.71436736201189,3.76179916887626,FALSE,TRUE,FALSE,post,FALSE,2004-08-04,2004-11-10,,17,344938886,8217085,58.59755519693786,4.070692975523882,41.97825457567982,217.40191223406342,5.38174777057328
CE,2006-05-01,2006,5,60.2044774043458,,,,3.26309429035216,3.32556213566142,FALSE,TRUE,FALSE,post,FALSE,2004-08-04,2004-11-10,,18,217844812,8217085,58.89356322364357,4.0757318015557145,26.511203425545677,212.3502080842714,5.358236836670603
CE,2006-06-01,2006,6,60.7831002907584,,,,3.42188703079096,3.47462193428145,FALSE,TRUE,FALSE,post,FALSE,2004-08-04,2004-11-10,,19,249903060,8217085,59.35162727548416,4.083479538969342,30.412617126389712,203.77524000299377,5.317017621764118
CE,2006-07-01,2006,7,60.639650044202,,,,3.49962459709142,3.55191094545971,FALSE,TRUE,FALSE,post,FALSE,2004-08-04,2004-11-10,,20,286768179,8217085,59.53652303412345,4.086589956739748,34.89901577019101,197.43810110276334,5.285425123079421
CE,2006-08-01,2006,8,61.9175634058714,,,,3.57110081377867,3.62288435707577,FALSE,TRUE,FALSE,post,FALSE,2004-08-04,2004-11-10,,21,334444620,8217085,60.063177421508435,4.09539696527683,40.70112698116181,204.98516310832858,5.322937601437881
CE,2006-09-01,2006,9,64.2885939723727,,,,3.65979937469648,3.71017203487992,FALSE,TRUE,FALSE,post,FALSE,2004-08-04,2004-11-10,,22,392027652,8217085,61.06371506973642,4.111917828392928,47.708847115491686,222.21106499445972,5.403627673420492
CE,2006-10-01,2006,10,64.5641709984827,,,,3.7571968051141,3.81195222147421,FALSE,TRUE,FALSE,post,FALSE,2004-08-04,2004-11-10,,23,404934762,8217085,62.06625935267216,4.128202513629245,49.279612173903516,229.5124225926834,5.4359571569798355
DF,2001-11-01,2001,11,79.2755405286233,,,,4.42778898414067,4.5081682344554,FALSE,TRUE,FALSE,pre,TRUE,2004-08-04,2004-11-10,,-36,135730211,2097447,,,64.71210524032311,,
DF,2001-12-01,2001,12,79.7566754755015,,,,4.50181582261678,4.59594876358763,FALSE,TRUE,FALSE,pre,TRUE,2004-08-04,2004-11-10,,-35,157939346,2097447,,,75.30075658645963,,
DF,2002-01-01,2002,1,81.8954928013615,,,,4.48072770875005,4.57482533458632,FALSE,TRUE,FALSE,pre,TRUE,2004-08-04,2004-11-10,,-34,157379351,2145839,,,73.34163979683471,,
DF,2002-02-01,2002,2,78.7827750324696,,,,4.44833315805153,4.53865404573385,FALSE,TRUE,FALSE,pre,TRUE,2004-08-04,2004-11-10,,-33,132072044,2145839,,,61.54797447525187,,
DF,2002-03-01,2002,3,82.34497045245,,,,4.42514841892857,4.52018324478645,FALSE,TRUE,FALSE,pre,TRUE,2004-08-04,2004-11-10,,-32,125691677,2145839,,,58.574607414628964,,
DF,2002-04-01,2002,4,84.6869799844899,,,,4.43506693204399,4.5446223633586,FALSE,TRUE,FALSE,pre,TRUE,2004-08-04,2004-11-10,,-31,135185576,2145839,81.12373904581597,4.395975631554499,62.99893701251585,396.47602052601417,5.982615561379748
DF,2002-05-01,2002,5,82.6046013430808,,,,4.45667486156339,4.55857622232572,FALSE,TRUE,FALSE,pre,TRUE,2004-08-04,2004-11-10,,-30,143919767,2145839,81.67858251489221,4.402791819578649,67.06922886572572,398.8331441514167,5.988543144341928
DF,2002-06-01,2002,6,82.1361336977631,,,,4.47026662781434,4.58521980420541,FALSE,TRUE,FALSE,pre,TRUE,2004-08-04,2004-11-10,,-29,148242136,2145839,82.07515888526915,4.407635399240418,69.08353142989759,392.6159189948547,5.972831828638399
DF,2002-07-01,2002,7,81.3611220058982,,,,5.12483514863121,5.15896246646607,FALSE,TRUE,FALSE,pre,TRUE,2004-08-04,2004-11-10,,-28,293911896,2145839,81.98609708602527,4.406549685158012,136.96828886044108,456.2425680584611,6.123024615577096
DF,2002-08-01,2002,8,84.1630814642998,,,,4.43656804188735,4.51649109058756,FALSE,TRUE,FALSE,pre,TRUE,2004-08-04,2004-11-10,,-27,147850516,2145839,82.88281482466363,4.41742774058725,68.90102938757288,463.5956229707821,6.13901267002927
DF,2002-09-01,2002,9,82.783333126295,,,,4.56935845816692,4.6563410175409,FALSE,TRUE,FALSE,pre,TRUE,2004-08-04,2004-11-10,,-26,165902408,2145839,82.95587527030446,4.418308843185511,77.3135393661873,482.33455492234043,6.178637970625696
DF,2002-10-01,2002,10,81.1399836296369,,,,4.54445692798534,4.65770982546714,FALSE,TRUE,FALSE,pre,TRUE,2004-08-04,2004-11-10,,-25,160073710,2145839,82.3647092111623,4.411157058902363,74.59726009267237,493.9328780024969,6.202399633467275
DF,2002-11-01,2002,11,76.7982737760116,,,,4.50863982448391,4.60538598997145,FALSE,TRUE,FALSE,pre,TRUE,2004-08-04,2004-11-10,,-24,167264125,2145839,81.3969879499841,4.399338269252415,77.94812425349711,504.81177339026834,6.224185633835909
DF,2002-12-01,2002,12,75.0543224408399,,,,4.46096144245629,4.53592508614756,FALSE,TRUE,FALSE,pre,TRUE,2004-08-04,2004-11-10,,-23,173472198,2145839,80.21668607383023,4.384731549015285,80.84119917663907,516.5694411370098,6.2472097250929
DF,2003-01-01,2003,1,77.7355957552519,,,,4.47013396319999,4.54676152365265,FALSE,TRUE,FALSE,pre,TRUE,2004-08-04,2004-11-10,,-22,181830970,2189789,79.61243169872252,4.377170257775591,83.03584043942134,462.63699271599006,6.136942713560788
DF,2003-02-01,2003,2,78.1717273298461,,,,4.62927121660445,4.70305904017812,FALSE,TRUE,FALSE,pre,TRUE,2004-08-04,2004-11-10,,-21,187573535,2189789,78.61387267631356,4.364548181015487,85.65826890170696,479.39423223012415,6.172523290701634
DF,2003-03-01,2003,3,73.9979970125719,,,,4.49301516589986,4.57759256655838,FALSE,TRUE,FALSE,pre,TRUE,2004-08-04,2004-11-10,,-20,159631772,2189789,77.14964999069305,4.345747042061264,72.8982436207324,474.97893648466925,6.163270458808604
DF,2003-04-01,2003,4,74.3695579975479,,,,4.50614220623187,4.58284332084079,FALSE,TRUE,FALSE,pre,TRUE,2004-08-04,2004-11-10,,-19,173541354,2189789,76.02124571867822,4.3310128501497855,79.25026292487541,479.63193931687226,6.173019016675895
DF,2003-05-01,2003,5,74.3491098701155,,,,4.44475206365127,4.53867053081199,FALSE,TRUE,FALSE,pre,TRUE,2004-08-04,2004-11-10,,-18,169873568,2189789,75.6130517343622,4.325628910273492,77.5753134206081,479.25912848398326,6.172241429180938
DF,2003-06-01,2003,6,78.8152855465222,,,,4.47072120444424,4.56292460774699,FALSE,TRUE,FALSE,pre,TRUE,2004-08-04,2004-11-10,,-17,175925995,2189789,76.23987891864259,4.333884671184173,80.33924501401734,478.75717432136156,6.171193525910222
DF,2003-07-01,2003,7,75.6411047942035,,,,4.47431882858039,4.56738607727329,FALSE,TRUE,FALSE,pre,TRUE,2004-08-04,2004-11-10,,-16,181204492,2189789,75.89079709180119,4.329295426612754,82.74974986174468,478.47108374368486,6.170595778019299
DF,2003-08-01,2003,8,75.1029346614508,,,,4.47579710416051,4.55192335286975,FALSE,TRUE,FALSE,pre,TRUE,2004-08-04,2004-11-10,,-15,179771025,2189789,75.37933164706864,4.322533121350606,82.09513565005578,474.9079504920337,6.163120996817412
DF,2003-09-01,2003,9,75.7956728963183,,,,4.39703633752147,4.49257297143256,FALSE,TRUE,FALSE,pre,TRUE,2004-08-04,2004-11-10,,-14,164545456,2189789,75.6789442943597,4.326499975047485,75.14215113876269,477.15185801006396,6.167834800830456
DF,2003-10-01,2003,10,77.3888870786888,,,,4.45304020142902,4.56840335716834,FALSE,TRUE,FALSE,pre,TRUE,2004-08-04,2004-11-10,,-13,170987083,2189789,76.18216580788318,4.33312739078394,78.08381675129431,475.98541183648285,6.165387206359432
DF,2003-11-01,2003,11,78.6214560684715,,,,4.57479989464947,4.66213533154205,FALSE,TRUE,FALSE,pre,TRUE,2004-08-04,2004-11-10,,-12,203029760,2189789,76.89422350760918,4.342430756754019,92.71658593590524,491.12668435178,6.196702107451323
DF,2003-12-01,2003,12,78.6056481505911,,,,4.54392548033202,4.62841301548255,FALSE,TRUE,FALSE,pre,TRUE,2004-08-04,2004-11-10,,-11,208623020,2189789,76.85928394162066,4.341976268694922,95.2708320299353,506.058271367698,6.226651823462697
DF,2004-01-01,2004,1,78.7877225101295,,,,4.53765325964344,4.60171064032662,FALSE,TRUE,FALSE,pre,TRUE,2004-08-04,2004-11-10,,-10,218042151,2282049,77.38372022760834,4.348776425495962,95.54665609721789,518.8551776031712,6.251624802999611
DF,2004-02-01,2004,2,79.7070282341469,,,,4.60437190436587,4.67195870387158,FALSE,TRUE,FALSE,pre,TRUE,2004-08-04,2004-11-10,,-9,203812651,2282049,78.15106915639102,4.358643737597846,89.3112509854083,526.0712929385237,6.265436741459216
DF,2004-03-01,2004,3,82.245344943412,,,,4.48822106978588,4.58862567007299,FALSE,TRUE,FALSE,pre,TRUE,2004-08-04,2004-11-10,,-8,174765099,2282049,79.2260144975733,4.372304710765724,76.58253569489524,527.5116774946563,6.26817100253582
DF,2004-04-01,2004,4,82.2712235185158,,,,4.52717449834501,4.60493863822003,FALSE,TRUE,FALSE,pre,TRUE,2004-08-04,2004-11-10,,-7,195078710,2282049,80.03973723754447,4.3825232268208945,85.48401458513818,534.9118753285002,6.282102014316191
DF,2004-05-01,2004,5,82.618692245821,,,,4.54145043788471,4.63689328915491,FALSE,TRUE,FALSE,pre,TRUE,2004-08-04,2004-11-10,,-6,204350925,2282049,80.70594326710271,4.390812218996637,89.5471240976859,531.7424134902808,6.27615918691751
DF,2004-06-01,2004,6,84.7571095295195,,,,4.5650903400662,4.66893036507924,FALSE,TRUE,FALSE,pre,TRUE,2004-08-04,2004-11-10,,-5,213509652,2282049,81.73118683025744,4.403435652776544,93.56050286387365,530.0320843242191,6.2729375411747
DF,2004-07-01,2004,7,84.3324288829083,,,,4.58045995499832,4.6734643718498,FALSE,TRUE,FALSE,pre,TRUE,2004-08-04,2004-11-10,,-4,225274304,2282049,82.65530455905392,4.414679003200309,98.71580496299597,533.2012331899972,6.278898901111326
DF,2004-08-01,2004,8,84.7443022162172,,,,4.58794990228784,4.6877372528753,FALSE,TRUE,FALSE,pre,TRUE,2004-08-04,2004-11-10,,-3,224027817,2282049,83.4948502227323,4.424784955975638,98.16959101228764,542.0595732168766,6.295375909083854
DF,2004-09-01,2004,9,83.4729312237326,,,,4.59902237093703,4.68950155616175,FALSE,TRUE,FALSE,pre,TRUE,2004-08-04,2004-11-10,,-2,224625049,2282049,83.69944793611907,4.427232381728386,98.43129967849069,563.908337200472,6.334891715595616
DF,2004-10-01,2004,10,83.8789718963382,,,,4.57715882685368,4.68360401993366,FALSE,TRUE,FALSE,pre,TRUE,2004-08-04,2004-11-10,,-1,215788485,2282049,83.96740599908946,4.430428699722228,94.55909360403743,572.9834162193713,6.350856774270381
DF,2004-11-01,2004,11,85.4771675832497,,,,4.61056985374315,4.70057010985109,FALSE,TRUE,FALSE,post,FALSE,2004-08-04,2004-11-10,,0,236089240,2282049,84.44381855532758,4.436086444071885,103.45493896055694,586.8912310822424,6.374839506376238
DF,2004-12-01,2004,12,85.1764298289325,,,,4.6009748938111,4.69476574924541,FALSE,TRUE,FALSE,post,FALSE,2004-08-04,2004-11-10,,1,245458672,2282049,84.51370527189641,4.436913713778157,107.56064922357058,600.8913774419393,6.398414181830937
DF,2005-01-01,2005,1,85.7986059476793,,,,4.67343762107615,4.76192230771274,FALSE,TRUE,FALSE,post,FALSE,2004-08-04,2004-11-10,,2,274652735,2333108,84.75806811602492,4.439800940738565,117.71968335799286,619.8952558369361,6.429550521568307
DF,2005-02-01,2005,2,89.7719363033015,,,,4.60339414613023,4.69960871729243,FALSE,TRUE,FALSE,post,FALSE,2004-08-04,2004-11-10,,3,224100074,2333108,85.59600713053896,4.44963863638848,96.05216475191033,617.7778295765588,6.426128893755353
DF,2005-03-01,2005,3,91.4032657026389,,,,4.62296533964034,4.73247276259169,FALSE,TRUE,FALSE,post,FALSE,2004-08-04,2004-11-10,,4,219474213,2333108,86.91772954369002,4.464962033828587,94.0694614222745,613.4159913203426,6.419043321311549
DF,2005-04-01,2005,4,90.8857101016481,,,,4.6212385658632,4.70142413434197,FALSE,TRUE,FALSE,post,FALSE,2004-08-04,2004-11-10,,5,237542779,2333108,88.085519244575,4.47830815217441,101.81388045474105,620.6707781710463,6.430800793482697
DF,2005-05-01,2005,5,92.2253415319277,,,,4.63227176180216,4.71540201306068,FALSE,TRUE,FALSE,post,FALSE,2004-08-04,2004-11-10,,6,245684883,2333108,89.210214902688,4.490995549875688,105.30369061355069,622.51952982404,6.433775001058043
DF,2005-06-01,2005,6,93.5108413458667,,,,4.55857295133755,4.67840731571169,FALSE,TRUE,FALSE,post,FALSE,2004-08-04,2004-11-10,,7,232670883,2333108,90.5992834888437,4.506446304506002,99.72572336985687,614.6846039703263,6.421109297186944
DF,2005-07-01,2005,7,95.235975227756,,,,4.58192486264622,4.6668896334207,FALSE,TRUE,FALSE,post,FALSE,2004-08-04,2004-11-10,,8,246554149,2333108,92.17217836885648,4.523658331976657,105.67626916542226,602.6411897777557,6.401321977791602
DF,2005-08-01,2005,8,96.7735482350907,,,,4.57007099749399,4.67921572012712,FALSE,TRUE,FALSE,post,FALSE,2004-08-04,2004-11-10,,9,238086998,2333108,93.33911369082135,4.536239244985065,102.04713969520485,608.6361647210502,6.411220658505572
DF,2005-09-01,2005,9,96.1339048963477,,,,4.6214111541565,4.72509997824294,FALSE,TRUE,FALSE,post,FALSE,2004-08-04,2004-11-10,,10,250067972,2333108,94.12755355643948,4.544650815169746,107.18233875157087,621.7490420503466,6.432536541951079
DF,2005-10-01,2005,10,98.8593679678107,,,,4.59598774573515,4.67921451060387,FALSE,TRUE,FALSE,post,FALSE,2004-08-04,2004-11-10,,11,239926167,2333108,95.45649653413325,4.558670610025703,102.83543110734693,622.7705927029524,6.434178220962822
DF,2005-11-01,2005,11,97.1071482798876,,,,4.58582241925843,4.6822427129611,FALSE,TRUE,FALSE,post,FALSE,2004-08-04,2004-11-10,,12,250253373,2333108,96.27013099212657,4.567158104463371,107.26180399707172,624.7287060864735,6.437317485238992
DF,2005-12-01,2005,12,100.065287374772,,,,4.65523020221454,4.75536437847197,FALSE,TRUE,FALSE,post,FALSE,2004-08-04,2004-11-10,,13,276700831,2333108,97.36253866361078,4.578441523355869,118.59752356084674,643.6005062774634,6.467078201751641
DF,2006-01-01,2006,1,98.1530226719554,,,,4.66899278788537,4.77261704026427,FALSE,TRUE,FALSE,post,FALSE,2004-08-04,2004-11-10,,14,295855293,2383784,97.84871323764402,4.5834225433994,124.11161959305038,662.0358567050915,6.495319718677267
DF,2006-02-01,2006,2,96.6261554068866,,,,4.59516371444083,4.69736770953598,FALSE,TRUE,FALSE,post,FALSE,2004-08-04,2004-11-10,,15,239898725,2383784,97.82414776627667,4.583171456239225,100.63777800337614,660.6264950132628,6.493188619650533
DF,2006-03-01,2006,3,96.1291313731413,,,,4.67339861798251,4.77619879250468,FALSE,TRUE,FALSE,post,FALSE,2004-08-04,2004-11-10,,16,249185482,2383784,97.8233521790756,4.583163323375771,104.53358274071812,657.9777390024101,6.489171099449698
DF,2006-04-01,2006,4,98.1879633271283,,,,4.69803336850736,4.79664509616464,FALSE,TRUE,FALSE,post,FALSE,2004-08-04,2004-11-10,,17,275773952,2383784,97.71145140562854,4.582018762063804,115.6874750396848,670.8297829347479,6.5085154280909725
DF,2006-05-01,2006,5,101.118631958917,,,,4.66324405721819,4.75774851532282,FALSE,TRUE,FALSE,post,FALSE,2004-08-04,2004-11-10,,18,268382377,2383784,98.38003201880011,4.588837856827602,112.5867012279636,676.1546801656398,6.516421866681466
DF,2006-06-01,2006,6,99.0838217013564,,,,4.63849085434124,4.75714799125948,FALSE,TRUE,FALSE,post,FALSE,2004-08-04,2004-11-10,,19,268468046,2383784,98.21645440656417,4.587173761472098,112.6226394673343,670.1797960721274,6.5075460287314195
DF,2006-07-01,2006,7,96.3677406573588,,,,4.5733894740203,4.68492737761293,FALSE,TRUE,FALSE,post,FALSE,2004-08-04,2004-11-10,,20,259621906,2383784,97.9189074041314,4.584139660655721,108.91167404429261,654.9798505233696,6.484604472602333
DF,2006-08-01,2006,8,99.2477614543921,,,,4.62922156990954,4.7574834988551,FALSE,TRUE,FALSE,post,FALSE,2004-08-04,2004-11-10,,21,266672633,2383784,98.35584174538232,4.58859194058389,111.86946174653409,666.2115342665275,6.5016072391289566
DF,2006-09-01,2006,9,101.501733786423,,,,4.88549057454383,4.9811459880859,FALSE,TRUE,FALSE,post,FALSE,2004-08-04,2004-11-10,,22,345025689,2383784,99.25127548092927,4.597654770677966,144.7386545928658,706.4166061186752,6.5602051571089595
DF,2006-10-01,2006,10,104.003787465343,,,,4.72412843480305,4.80904535648881,FALSE,TRUE,FALSE,post,FALSE,2004-08-04,2004-11-10,,23,288127380,2383784,100.22057950396506,4.607373551833411,120.86975162179124,711.5988827007816,6.567514385667881
ES,2001-11-01,2001,11,44.3576279901796,,,,4.36993624945629,4.44341892486782,FALSE,TRUE,FALSE,pre,TRUE,2004-08-04,2004-11-10,,-36,210727624,3155016,,,66.79130121685596,,
ES,2001-12-01,2001,12,44.3577191101294,,,,4.34185549424657,4.40881408510875,FALSE,TRUE,FALSE,pre,TRUE,2004-08-04,2004-11-10,,-35,201328545,3155016,,,63.812210461056296,,
ES,2002-01-01,2002,1,46.1350116532604,,,,4.24661543929829,4.2845854266415,FALSE,TRUE,FALSE,pre,TRUE,2004-08-04,2004-11-10,,-34,175359999,3201722,,,54.77052629803587,,
ES,2002-02-01,2002,2,45.9862625472695,,,,4.28101472711712,4.35226875570854,FALSE,TRUE,FALSE,pre,TRUE,2004-08-04,2004-11-10,,-33,172457802,3201722,,,53.86407751828547,,
ES,2002-03-01,2002,3,45.4275647965344,,,,4.55210818660482,4.52861376277315,FALSE,TRUE,FALSE,pre,TRUE,2004-08-04,2004-11-10,,-32,221745605,3201722,,,69.25823197641769,,
ES,2002-04-01,2002,4,49.4186855998145,,,,4.28317824919139,4.37889167888143,FALSE,TRUE,FALSE,pre,TRUE,2004-08-04,2004-11-10,,-31,181089933,3201722,45.94714528286463,3.827491720274689,56.56016762229825,365.05651509294955,5.9000521774677495
ES,2002-05-01,2002,5,45.5854567429118,,,,4.32422514056733,4.43082221548057,FALSE,TRUE,FALSE,pre,TRUE,2004-08-04,2004-11-10,,-30,184096488,3201722,46.15178340832,3.8319356039361225,57.49921073722203,355.7644246133156,5.874268783198734
ES,2002-06-01,2002,6,45.466944756109,,,,4.30328860519212,4.3765944079891,FALSE,TRUE,FALSE,pre,TRUE,2004-08-04,2004-11-10,,-29,181447821,3201722,46.3366543493166,3.8359333184978923,56.67194747076729,348.6241616230266,5.853994441134511
ES,2002-07-01,2002,7,46.446910636229,,,,4.35137104717894,4.44507009352894,FALSE,TRUE,FALSE,pre,TRUE,2004-08-04,2004-11-10,,-28,189471389,3201722,46.3886375131447,3.837054548061691,59.17796392066519,353.0315992456559,5.866557569203599
ES,2002-08-01,2002,8,45.5767608057537,,,,4.43202250126436,4.50058817819136,FALSE,TRUE,FALSE,pre,TRUE,2004-08-04,2004-11-10,,-27,215275574,3201722,46.320387222892066,3.835582192964082,67.23743473043568,366.4049564578061,5.903739160158825
ES,2002-09-01,2002,9,47.0877509135439,,,,4.4189106668971,4.48363574138911,FALSE,TRUE,FALSE,pre,TRUE,2004-08-04,2004-11-10,,-26,213338494,3201722,46.597084909060314,3.841537983575353,66.63242280247941,363.77914728386787,5.896546945265481
ES,2002-10-01,2002,10,43.8098166954679,,,,4.27724885287455,4.3456140466963,FALSE,TRUE,FALSE,pre,TRUE,2004-08-04,2004-11-10,,-25,184653019,3201722,45.66227342500255,3.821272430160063,57.673033136543395,364.892012798113,5.8996014544610285
ES,2002-11-01,2002,11,43.2785129865033,,,,4.40513600081266,4.46604016998373,FALSE,TRUE,FALSE,pre,TRUE,2004-08-04,2004-11-10,,-24,241193353,3201722,45.27778279893447,3.812816466241404,75.33238457305163,382.7251866339426,5.947317203263052
ES,2002-12-01,2002,12,39.604394895903,,,,4.31495035312508,4.38096050150271,FALSE,TRUE,FALSE,pre,TRUE,2004-08-04,2004-11-10,,-23,221488285,3201722,44.3006911555668,3.7910002786351815,69.17786272512105,395.23110188829634,5.979470661887162
ES,2003-01-01,2003,1,40.9325323078717,,,,4.32932549400639,4.38473360280049,FALSE,TRUE,FALSE,pre,TRUE,2004-08-04,2004-11-10,,-22,222163636,3250219,43.38162810084059,3.770036035834162,68.35343587616711,404.40657384379824,6.002420742809935
ES,2003-02-01,2003,2,42.9826313070509,,,,4.46178918024802,4.56040208232197,FALSE,TRUE,FALSE,pre,TRUE,2004-08-04,2004-11-10,,-21,243554200,3250219,42.949273184390115,3.760019725921308,74.9347043999189,412.1038435132815,6.02127536495326
ES,2003-03-01,2003,3,39.2585440898119,,,,4.39957305837702,4.42230132034564,FALSE,TRUE,FALSE,pre,TRUE,2004-08-04,2004-11-10,,-20,224287020,3250219,41.64440538043478,3.72916703499109,69.00674077654459,414.47816148734665,6.027020286787726
ES,2003-04-01,2003,4,39.3168983462535,,,,4.33780861568122,4.41161579728406,FALSE,TRUE,FALSE,pre,TRUE,2004-08-04,2004-11-10,,-19,227645105,3250219,40.89558565556572,3.7110221270421078,70.03992807869254,426.8450564294958,6.056421081872313
ES,2003-05-01,2003,5,38.3329841056157,,,,4.42333609718071,4.48496252701476,FALSE,TRUE,FALSE,pre,TRUE,2004-08-04,2004-11-10,,-18,241964868,3250219,40.07133084208445,3.6906611370260007,74.4457121197064,425.95838397615057,6.054341651300542
ES,2003-06-01,2003,6,42.3281702863325,,,,4.46620903097679,4.53882356857369,FALSE,TRUE,FALSE,pre,TRUE,2004-08-04,2004-11-10,,-17,254717540,3250219,40.525293407156035,3.701926307747437,78.36934680401536,435.1498680550449,6.075690496018298
ES,2003-07-01,2003,7,42.3995922603058,,,,4.36325826817494,4.44852211478975,FALSE,TRUE,FALSE,pre,TRUE,2004-08-04,2004-11-10,,-16,221940378,3250219,40.76980339922839,3.7079416946274426,68.28474573559505,435.08117791447285,6.075532629573444
ES,2003-08-01,2003,8,43.6657324647307,,,,4.34376351831056,4.4375786677721,FALSE,TRUE,FALSE,pre,TRUE,2004-08-04,2004-11-10,,-15,231650545,3250219,40.883653592175015,3.7107303154873628,71.27228811350867,431.4187616280626,6.067079223106892
ES,2003-09-01,2003,9,44.3805528675943,,,,4.37332906366732,4.49509334246035,FALSE,TRUE,FALSE,pre,TRUE,2004-08-04,2004-11-10,,-14,239250341,3250219,41.737321721805415,3.7313957338453863,73.61052932125497,436.022550172773,6.077693962591326
ES,2003-10-01,2003,10,44.9195109182979,,,,4.54993730145041,4.66464658758623,FALSE,TRUE,FALSE,pre,TRUE,2004-08-04,2004-11-10,,-13,285208510,3250219,42.67109048381282,3.7535216530911373,87.75055157821673,453.7331736722972,6.117509302075602
ES,2003-11-01,2003,11,46.0060235983856,,,,4.45798095555542,4.56665858058055,FALSE,TRUE,FALSE,pre,TRUE,2004-08-04,2004-11-10,,-12,280180365,3250219,43.949930399274464,3.7830510404956765,86.2035342849205,465.49099583751126,6.143092753538661
ES,2003-12-01,2003,12,42.331206168006,,,,4.38656566765182,4.51468945277895,FALSE,TRUE,FALSE,pre,TRUE,2004-08-04,2004-11-10,,-11,261953218,3250219,43.95043637955338,3.7830625530819706,80.59555925308418,467.7172082865801,6.14786385748363
ES,2004-01-01,2004,1,45.9508866067107,,,,4.53325063844709,4.71718060967019,FALSE,TRUE,FALSE,pre,TRUE,2004-08-04,2004-11-10,,-10,304256471,3352024,44.54231877062087,3.7964397208832152,90.7679870430522,490.20044959403725,6.194814388258091
ES,2004-02-01,2004,2,46.7321374865575,,,,4.45296727675647,4.61137678324747,FALSE,TRUE,FALSE,pre,TRUE,2004-08-04,2004-11-10,,-9,267499413,3352024,45.05338627425866,3.8078481482496183,79.80235612871508,498.73051760924363,6.212065905003509
ES,2004-03-01,2004,3,48.1729373200506,,,,4.42345338090607,4.58344309960106,FALSE,TRUE,FALSE,pre,TRUE,2004-08-04,2004-11-10,,-8,249811212,3352024,45.68545034966805,3.8217798741160838,74.52548430440832,499.645472592397,6.213898792108729
ES,2004-04-01,2004,4,48.9077163896209,,,,4.56164481450899,4.65125577868163,FALSE,TRUE,FALSE,pre,TRUE,2004-08-04,2004-11-10,,-7,309618213,3352024,46.35015126155522,3.8362245554705137,92.36754062620076,504.26246164038105,6.22309688974736
ES,2004-05-01,2004,5,48.7061569893135,,,,4.48980891031234,4.57058250713505,FALSE,TRUE,FALSE,pre,TRUE,2004-08-04,2004-11-10,,-6,279336005,3352024,46.80017349337653,3.84588691004016,83.33353370978251,501.3924610652431,6.217389149841795
ES,2004-06-01,2004,6,49.3828350622809,,,,4.49346426333894,4.59878022696212,FALSE,TRUE,FALSE,pre,TRUE,2004-08-04,2004-11-10,,-5,288752398,3352024,47.97544497575568,3.8706893170098047,86.14270005226693,506.9396018644258,6.22839186802229
ES,2004-07-01,2004,7,48.233706273791,,,,4.4158530640218,4.54901562842633,FALSE,TRUE,FALSE,pre,TRUE,2004-08-04,2004-11-10,,-4,256476761,3352024,48.355914920269065,3.8785885498930215,76.5139990047804,492.685613826154,6.199871270475676
ES,2004-08-01,2004,8,48.8364650686001,,,,4.62214158913906,4.67306757636277,FALSE,TRUE,FALSE,pre,TRUE,2004-08-04,2004-11-10,,-3,336993057,3352024,48.706636183942834,3.8858152874158285,100.53420172409267,513.4174594215316,6.241089275302375
ES,2004-09-01,2004,9,49.0819380991814,,,,4.52505753922359,4.5874914496395,FALSE,TRUE,FALSE,pre,TRUE,2004-08-04,2004-11-10,,-2,307270107,3352024,48.858136313797964,3.8889209217087064,91.6670366918614,530.5590118089847,6.273931189961762
ES,2004-10-01,2004,10,50.4674021346458,,,,4.62893611340523,4.6907185554205,FALSE,TRUE,FALSE,pre,TRUE,2004-08-04,2004-11-10,,-1,346224750,3352024,49.118083937968784,3.8942272753005556,103.28826702911435,541.4797382118983,6.294305647849748
ES,2004-11-01,2004,11,50.5383974944531,,,,4.57392337509152,4.64709325187686,FALSE,TRUE,FALSE,post,FALSE,2004-08-04,2004-11-10,,0,340965840,3352024,49.42345735549205,3.9004251567434216,101.71939103061315,559.8655955327289,6.327696746945401
ES,2004-12-01,2004,12,50.0407315090998,,,,4.6655464036678,4.73006823363791,FALSE,TRUE,FALSE,post,FALSE,2004-08-04,2004-11-10,,1,381463101,3352024,49.5331067632952,3.9026412695127974,113.80082630673289,587.5237217871949,6.375916622713283
ES,2005-01-01,2005,1,50.6612277247164,,,,4.61669135858943,4.6746642831608,FALSE,TRUE,FALSE,post,FALSE,2004-08-04,2004-11-10,,2,366208237,3408365,49.93769367178277,3.9107761018024827,107.44396125414971,618.4536840365641,6.427222304689952
ES,2005-02-01,2005,2,52.4401838358885,,,,4.6118744644214,4.72912505245615,FALSE,TRUE,FALSE,post,FALSE,2004-08-04,2004-11-10,,3,344014659,3408365,50.538313466330834,3.922731731128829,100.93245852483523,618.8519408373068,6.4278660531810115
ES,2005-03-01,2005,3,53.1650120757102,,,,4.73324504688744,4.82879621116152,FALSE,TRUE,FALSE,post,FALSE,2004-08-04,2004-11-10,,4,369518982,3408365,51.2188257957523,3.93610715578686,108.41531995546252,635.6002241009079,6.454569787244166
ES,2005-04-01,2005,4,52.4560014974964,,,,4.69721800964074,4.72257477087969,FALSE,TRUE,FALSE,post,FALSE,2004-08-04,2004-11-10,,5,392447871,3408365,51.55025902289407,3.9425572351427616,115.1425598490772,647.4545169208707,6.473048546968807
ES,2005-05-01,2005,5,53.5853864367232,,,,4.74771925109882,4.7598430882865,FALSE,TRUE,FALSE,post,FALSE,2004-08-04,2004-11-10,,6,393320640,3408365,52.05809051327242,3.9523602203165717,115.39862661422706,661.1337525044846,6.493956168102799
ES,2005-06-01,2005,6,53.5833663447035,,,,4.70933172761652,4.75444264037794,FALSE,TRUE,FALSE,post,FALSE,2004-08-04,2004-11-10,,7,390572952,3408365,52.6485296525397,3.963638311362667,114.5924664758616,661.9253926736133,6.495152849697097
ES,2005-07-01,2005,7,55.7850316249888,,,,4.72110413770865,4.77745605466706,FALSE,TRUE,FALSE,post,FALSE,2004-08-04,2004-11-10,,8,378627611,3408365,53.502496969251766,3.9797283251353046,111.08775351231455,665.5691849317782,6.500642591758258
ES,2005-08-01,2005,8,55.5388156303793,,,,4.68187426532567,4.74235865247878,FALSE,TRUE,FALSE,post,FALSE,2004-08-04,2004-11-10,,9,384443648,3408365,54.0189356016669,3.989334644387802,112.79415438193973,677.4308807888826,6.518307526573543
ES,2005-09-01,2005,9,55.4667964562119,,,,4.73757695069707,4.79613849158197,FALSE,TRUE,FALSE,post,FALSE,2004-08-04,2004-11-10,,10,409712065,3408365,54.40256633175051,3.9964113279651836,120.20780198130188,689.223362814722,6.535565402533562
ES,2005-10-01,2005,10,56.2992485343514,,,,4.68697957222317,4.74562538839355,FALSE,TRUE,FALSE,post,FALSE,2004-08-04,2004-11-10,,11,398859752,3408365,55.043107504559686,4.008116651053134,117.02377884997645,691.1045818156213,6.53829116081871
ES,2005-11-01,2005,11,56.8207594130432,,,,4.615906573186,4.68207824693671,FALSE,TRUE,FALSE,post,FALSE,2004-08-04,2004-11-10,,12,379098131,3408365,55.58233633394635,4.017865458946297,111.22580210746209,686.9317573088563,6.532234952949002
ES,2005-12-01,2005,12,58.2137205479062,,,,4.7052918675969,4.76652688175256,FALSE,TRUE,FALSE,post,FALSE,2004-08-04,2004-11-10,,13,428792048,3408365,56.35406203448013,4.03165432368152,125.8057889926695,698.1450798256642,6.548426931917498
ES,2006-01-01,2006,1,58.7244657233104,,,,4.67397627329405,4.73718172884116,FALSE,TRUE,FALSE,post,FALSE,2004-08-04,2004-11-10,,14,420817061,3464285,56.84396771753373,4.040310105816107,121.47299110783322,708.5303174211829,6.563192849211956
ES,2006-02-01,2006,2,57.2344099965092,,,,4.68653297414835,4.72860640141136,FALSE,TRUE,FALSE,post,FALSE,2004-08-04,2004-11-10,,15,398454347,3464285,57.126566778555386,4.045269276033968,115.01777336448936,710.7539364037325,6.56632628889598
ES,2006-03-01,2006,3,56.9869807478924,,,,4.66840528645549,4.70780021588548,FALSE,TRUE,FALSE,post,FALSE,2004-08-04,2004-11-10,,16,370908180,3464285,57.3799308271688,4.049694605030861,107.06630083841254,697.6124352608432,6.547663698211184
ES,2006-04-01,2006,4,58.0338324286185,,,,4.73184645650057,4.79278503195805,FALSE,TRUE,FALSE,post,FALSE,2004-08-04,2004-11-10,,17,432687930,3464285,57.66902814287998,4.054720255445789,124.89963441229575,705.4882908231625,6.55889017416458
ES,2006-05-01,2006,5,58.7144372731693,,,,4.66222059233731,4.76002982530242,FALSE,TRUE,FALSE,post,FALSE,2004-08-04,2004-11-10,,18,379308768,3464285,57.98464111956767,4.060178167195199,109.4912133383945,703.7537020540949,6.556428439907695
ES,2006-06-01,2006,6,60.2384627561346,,,,4.72248938724166,4.78882946827096,FALSE,TRUE,FALSE,post,FALSE,2004-08-04,2004-11-10,,19,416988122,3464285,58.3220981542724,4.065981063635435,120.36773013767632,698.3156431991017,6.548671211432809
ES,2006-07-01,2006,7,60.2083312558872,,,,4.7495067151168,4.81445461891989,FALSE,TRUE,FALSE,post,FALSE,2004-08-04,2004-11-10,,20,414503942,3464285,58.56940907636854,4.0702125308646675,119.6506471032262,696.4932991944947,6.546058172490874
ES,2006-08-01,2006,8,61.0116473965119,,,,4.72432338183939,4.79240310144036,FALSE,TRUE,FALSE,post,FALSE,2004-08-04,2004-11-10,,21,419380417,3464285,59.19894864303565,4.080903782324079,121.05828966150303,702.5338154915083,6.554693535980377
ES,2006-09-01,2006,9,61.7593502135594,,,,4.75864833418392,4.82204477192287,FALSE,TRUE,FALSE,post,FALSE,2004-08-04,2004-11-10,,22,441337599,3464285,59.99434355398015,4.094250283677687,127.39644659720548,722.8639612503013,6.583221045741417
ES,2006-10-01,2006,10,62.1473593595704,,,,4.75265631187885,4.81743969275205,FALSE,TRUE,FALSE,post,FALSE,2004-08-04,2004-11-10,,23,446314031,3464285,60.67993137580547,4.105613023560204,128.8329427284418,726.7972695664473,6.588647579726913
GO,2001-11-01,2001,11,63.5938044411597,,,,4.04285171838737,4.09557606677727,FALSE,TRUE,FALSE,pre,TRUE,2004-08-04,2004-11-10,,-36,228623042,5116462,,,44.6838151050472,,
GO,2001-12-01,2001,12,65.2179745143051,,,,4.09795126235262,4.14075873123025,FALSE,TRUE,FALSE,pre,TRUE,2004-08-04,2004-11-10,,-35,263208572,5116462,,,51.44347246202552,,
GO,2002-01-01,2002,1,65.5927596997663,,,,4.05646293493949,4.13235865168412,FALSE,TRUE,FALSE,pre,TRUE,2004-08-04,2004-11-10,,-34,224868587,5210335,,,43.15818215143556,,
GO,2002-02-01,2002,2,65.5235026242428,,,,4.05518958401046,4.11504747630923,FALSE,TRUE,FALSE,pre,TRUE,2004-08-04,2004-11-10,,-33,222125107,5210335,,,42.63163635351662,,
GO,2002-03-01,2002,3,64.1996160192113,,,,4.01104166356095,4.09513273105965,FALSE,TRUE,FALSE,pre,TRUE,2004-08-04,2004-11-10,,-32,202605125,5210335,,,38.88523962470743,,
GO,2002-04-01,2002,4,63.45375694745,,,,4.12729684017471,4.19541366897385,FALSE,TRUE,FALSE,pre,TRUE,2004-08-04,2004-11-10,,-31,247518179,5210335,64.59690237435586,4.168166458777512,47.50523315679318,268.3075788535255,5.592134004716279
GO,2002-05-01,2002,5,61.2083159541061,,,,4.16070237392576,4.20560466770395,FALSE,TRUE,FALSE,pre,TRUE,2004-08-04,2004-11-10,,-30,261275343,5210335,64.19932095984693,4.161992633690554,50.14559390135183,273.7693576498301,5.612285991506765
GO,2002-06-01,2002,6,61.9447283787926,,,,4.06553031673747,4.12654297154785,FALSE,TRUE,FALSE,pre,TRUE,2004-08-04,2004-11-10,,-29,235921763,5210335,63.65377993726152,4.153458709528596,45.27957664910222,267.60546183690684,5.589513738497602
GO,2002-07-01,2002,7,63.2064420341595,,,,4.1503434331779,4.22208396646899,FALSE,TRUE,FALSE,pre,TRUE,2004-08-04,2004-11-10,,-28,262167503,5210335,63.25606032632705,4.147190938453625,50.31682281465587,274.76410250012714,5.615912920447369
GO,2002-08-01,2002,8,62.7361320907552,,,,4.1091240286234,4.17390012949487,FALSE,TRUE,FALSE,pre,TRUE,2004-08-04,2004-11-10,,-27,259637747,5210335,62.79149857074579,4.139819691233095,49.83129626022127,281.9637624068318,5.641778560577578
GO,2002-09-01,2002,9,66.0687458831895,,,,4.10350286385239,4.16966795129603,FALSE,TRUE,FALSE,pre,TRUE,2004-08-04,2004-11-10,,-26,259601338,5210335,63.103020214742145,4.144768632343756,49.82430841778888,292.90283119991324,5.679840919884319
GO,2002-10-01,2002,10,64.3530006594621,,,,4.071942639644,4.13288416499018,FALSE,TRUE,FALSE,pre,TRUE,2004-08-04,2004-11-10,,-25,254319040,5210335,63.25289416674416,4.147140884137767,48.81049682985835,294.20809487297845,5.684287322652775
GO,2002-11-01,2002,11,60.5442220711134,,,,4.15738097441403,4.21861412845667,FALSE,TRUE,FALSE,pre,TRUE,2004-08-04,2004-11-10,,-24,289133690,5210335,63.14221185291205,4.145389513446148,55.49234166325198,299.5548426348786,5.70229751476507
GO,2002-12-01,2002,12,57.6054852457729,,,,4.09848833893688,4.1404197163212,FALSE,TRUE,FALSE,pre,TRUE,2004-08-04,2004-11-10,,-23,301265759,5210335,62.41900466407543,4.1338697909301,57.820804036592655,312.096070022369,5.743311057151215
GO,2003-01-01,2003,1,60.4407564064758,,,,4.05416970783499,4.12004092693998,FALSE,TRUE,FALSE,pre,TRUE,2004-08-04,2004-11-10,,-22,260750043,5306459,61.95805705946148,4.126457657075419,49.13823757047779,310.9174847781909,5.739527554718436
GO,2003-02-01,2003,2,63.9646105714196,,,,4.17828715864335,4.22799428152192,FALSE,TRUE,FALSE,pre,TRUE,2004-08-04,2004-11-10,,-21,296604553,5306459,62.16280347290555,4.129756805957845,55.89500512488648,316.9811936428561,5.758842446069648
GO,2003-03-01,2003,3,59.1276412074631,,,,4.15982163365935,4.22385832230005,FALSE,TRUE,FALSE,pre,TRUE,2004-08-04,2004-11-10,,-20,281112172,5306459,61.005952693617814,4.110971444553467,52.97547234417528,320.1323575692425,5.7687345276815565
GO,2003-04-01,2003,4,60.5120218397373,,,,4.26155115498179,4.29523124831483,FALSE,TRUE,FALSE,pre,TRUE,2004-08-04,2004-11-10,,-19,335924150,5306459,60.365789556997015,4.100422546413829,63.30476688880476,334.62662762818894,5.8130153658651125
GO,2003-05-01,2003,5,55.6354549740198,,,,3.97830193790847,4.02618767309931,FALSE,TRUE,FALSE,pre,TRUE,2004-08-04,2004-11-10,,-18,258112326,5306459,59.54766170748142,4.086777028993122,48.641160894675714,327.77544685961266,5.792328760696603
GO,2003-06-01,2003,6,60.1013560567115,,,,4.188522326797,4.25092297556916,FALSE,TRUE,FALSE,pre,TRUE,2004-08-04,2004-11-10,,-17,319724647,5306459,59.963640175971186,4.093738381464517,60.2519772601654,330.20662008318544,5.799718579992461
GO,2003-07-01,2003,7,62.9649905289376,,,,4.11767415198836,4.17130943616097,FALSE,TRUE,FALSE,pre,TRUE,2004-08-04,2004-11-10,,-16,298174320,5306459,60.384345863048154,4.100729896896421,56.19082706565715,337.2592095783648,5.820851802582662
GO,2003-08-01,2003,8,65.2382381027482,,,,4.11230240808014,4.15587644351922,FALSE,TRUE,FALSE,pre,TRUE,2004-08-04,2004-11-10,,-15,302880604,5306459,60.596617118269585,4.104239068386235,57.077724335569165,338.44192878904744,5.824352523097641
GO,2003-09-01,2003,9,63.2812303468009,,,,4.15310601431714,4.21097413240549,FALSE,TRUE,FALSE,pre,TRUE,2004-08-04,2004-11-10,,-14,322306919,5306459,61.288881974825884,4.115598455771885,60.73860534868921,346.2050617935614,5.847031263644932
GO,2003-10-01,2003,10,64.9845982765508,,,,4.21858147695677,4.28198390413175,FALSE,TRUE,FALSE,pre,TRUE,2004-08-04,2004-11-10,,-13,342295315,5306459,62.03431138096147,4.127687641340945,64.5054102933802,347.40570519813684,5.850493276234438
GO,2003-11-01,2003,11,65.8627102394012,,,,4.07081931521127,4.10908858313296,FALSE,TRUE,FALSE,pre,TRUE,2004-08-04,2004-11-10,,-12,299202775,5306459,63.7388539251917,4.154794328363023,56.38463898430196,355.1491832877631,5.872537935814997
GO,2003-12-01,2003,12,63.7270193749721,,,,4.23147342152962,4.2651213593568,FALSE,TRUE,FALSE,pre,TRUE,2004-08-04,2004-11-10,,-11,381626557,5306459,64.3431311449018,4.1642301862298226,71.91736655272376,366.81457258032145,5.90485646854712
GO,2004-01-01,2004,1,63.6328041685587,,,,4.16322575033088,4.2228103118691,FALSE,TRUE,FALSE,pre,TRUE,2004-08-04,2004-11-10,,-10,320986038,5508245,64.45443341817199,4.165958515509245,58.27374018403321,368.8974856986975,5.91051878890767
GO,2004-02-01,2004,2,64.8617189741438,,,,4.09124241720774,4.16234760374773,FALSE,TRUE,FALSE,pre,TRUE,2004-08-04,2004-11-10,,-9,269300489,5508245,64.39168023007124,4.164984435790645,48.89043406747521,360.71019543060356,5.888074853189549
GO,2004-03-01,2004,3,65.6552819065461,,,,4.11551287381041,4.18323557483471,FALSE,TRUE,FALSE,pre,TRUE,2004-08-04,2004-11-10,,-8,302296231,5508245,64.78735549002879,4.171110452990918,54.88067996249259,354.8522700444069,5.871701562144857
GO,2004-04-01,2004,4,64.510906477667,,,,4.11297309029795,4.15604011948424,FALSE,TRUE,FALSE,pre,TRUE,2004-08-04,2004-11-10,,-7,315848889,5508245,64.70840685688148,4.1698911290300735,57.341111188772466,347.6879709397992,5.851305442326198
GO,2004-05-01,2004,5,64.9501994311172,,,,4.09890430374794,4.15195656115661,FALSE,TRUE,FALSE,pre,TRUE,2004-08-04,2004-11-10,,-6,315646058,5508245,64.55632172216748,4.1675380477748805,57.30428802640405,348.6076199819013,5.85394699165913
GO,2004-06-01,2004,6,66.4698720345092,,,,4.1331917202986,4.19818350498951,FALSE,TRUE,FALSE,pre,TRUE,2004-08-04,2004-11-10,,-5,336788714,5508245,65.01346383209034,4.174594384324276,61.142653240732756,337.8329066699103,5.822551414282576
GO,2004-07-01,2004,7,64.49123312345,,,,4.15244422577743,4.21166060235676,FALSE,TRUE,FALSE,pre,TRUE,2004-08-04,2004-11-10,,-4,339998995,5508245,65.15653532457222,4.176792610505751,61.72546700446331,341.2846334903404,5.832716831430983
GO,2004-08-01,2004,8,64.5202767930761,,,,4.2502597674949,4.30994049659911,FALSE,TRUE,FALSE,pre,TRUE,2004-08-04,2004-11-10,,-3,392485643,5508245,65.09962829439426,4.1759188394346936,71.25420946236052,363.6484088852257,5.896187491189425
GO,2004-09-01,2004,9,65.5566811649995,,,,4.10178047957312,4.14895655978911,FALSE,TRUE,FALSE,pre,TRUE,2004-08-04,2004-11-10,,-2,339394054,5508245,65.08319483746983,4.175666372072006,61.61564236884888,370.38337129158197,5.914538607843047
GO,2004-10-01,2004,10,65.5287950719795,,,,4.05310179436049,4.11609485978787,FALSE,TRUE,FALSE,pre,TRUE,2004-08-04,2004-11-10,,-1,316233044,5508245,65.25284293652192,4.178269615162043,57.410853003089,370.4531131058985,5.914726886406513
GO,2004-11-01,2004,11,66.3137729438547,,,,4.08102837449626,4.13827919689885,FALSE,TRUE,FALSE,post,FALSE,2004-08-04,2004-11-10,,0,343382251,5508245,65.48010518864484,4.181746358925664,62.339683692355734,375.4885087718502,5.928227868264154
GO,2004-12-01,2004,12,66.8900936616845,,,,4.14816077449891,4.18575878686358,FALSE,TRUE,FALSE,post,FALSE,2004-08-04,2004-11-10,,1,385726093,5508245,65.55014212650738,4.182815378422574,70.02704001002134,384.3728955411388,5.951613163530871
GO,2005-01-01,2005,1,67.4361679281606,,,,4.11436932022221,4.17477011763431,FALSE,TRUE,FALSE,post,FALSE,2004-08-04,2004-11-10,,2,330972615,5619917,66.04096459395916,4.190275225152998,58.892794146248065,381.5402226829235,5.944216278149607
GO,2005-02-01,2005,2,74.3087834731928,,,,4.11563820565176,4.17208968710946,FALSE,TRUE,FALSE,post,FALSE,2004-08-04,2004-11-10,,3,337070211,5619917,67.6723823739786,4.2146781553873724,59.977791664894696,370.2638048854577,5.91421573776129
GO,2005-03-01,2005,3,73.4759876830836,,,,4.03927193827457,4.10101481440976,FALSE,TRUE,FALSE,post,FALSE,2004-08-04,2004-11-10,,4,307965716,5619917,68.99226679365928,4.233994422862123,54.798979415532294,363.4471419321411,5.895633872182959
GO,2005-04-01,2005,4,73.6539596423652,,,,4.06405281384346,4.12602043467849,FALSE,TRUE,FALSE,post,FALSE,2004-08-04,2004-11-10,,5,328691216,5619917,70.34646088872357,4.2534324750984105,58.48684526835539,364.5231341974075,5.89859001774033
GO,2005-05-01,2005,5,75.7554522259189,,,,4.06213782347382,4.12628225955078,FALSE,TRUE,FALSE,post,FALSE,2004-08-04,2004-11-10,,6,341778341,5619917,71.92007410240093,4.275555420507675,60.81554958907756,362.9990000941293,5.894400079699429
GO,2005-06-01,2005,6,77.6027719689129,,,,4.04855952562217,4.11234735718963,FALSE,TRUE,FALSE,post,FALSE,2004-08-04,2004-11-10,,7,338944787,5619917,73.70552048693901,4.300077701233198,60.31135103952603,353.283311123634,5.867270316124099
GO,2005-07-01,2005,7,78.391892183446,,,,4.05536588425458,4.12606462132025,FALSE,TRUE,FALSE,post,FALSE,2004-08-04,2004-11-10,,8,333523118,5619917,75.53147452948657,4.324549450569413,59.346627005345454,353.7371439827314,5.868554106198771
GO,2005-08-01,2005,8,77.9717283345499,,,,4.06232502409876,4.13742699259301,FALSE,TRUE,FALSE,post,FALSE,2004-08-04,2004-11-10,,9,357366256,5619917,76.14196533971275,4.332599562805525,63.58924090871805,357.3485932265548,5.878711756975869
GO,2005-09-01,2005,9,77.7290987850126,,,,4.2403461154063,4.28269766200856,FALSE,TRUE,FALSE,post,FALSE,2004-08-04,2004-11-10,,10,420396330,5619917,76.85081719003425,4.341866103500408,74.80472220497207,377.35433601599453,5.933184629365786
GO,2005-10-01,2005,10,78.3522469853881,,,,4.16820092067147,4.221354826834,FALSE,TRUE,FALSE,post,FALSE,2004-08-04,2004-11-10,,11,384428541,5619917,77.63386508053807,4.352003737668948,68.40466522904164,387.2721559766808,5.959127691286373
GO,2005-11-01,2005,11,78.2582202024763,,,,4.08351950311572,4.1322395173872,FALSE,TRUE,FALSE,post,FALSE,2004-08-04,2004-11-10,,12,372843346,5619917,78.05099307663096,4.357362370476025,66.34321218622979,392.799818573833,5.97330011460096
GO,2005-12-01,2005,12,83.4098422728316,,,,4.05798012445878,4.10440611747259,FALSE,TRUE,FALSE,post,FALSE,2004-08-04,2004-11-10,,13,369709457,5619917,79.01883812728408,4.36968628134799,65.78557245596332,398.2740399902703,5.9871403110367964
GO,2006-01-01,2006,1,79.4379475885727,,,,4.08548316447966,4.15781313585787,FALSE,TRUE,FALSE,post,FALSE,2004-08-04,2004-11-10,,14,351780626,5730753,79.19318069480519,4.371890192775043,61.38471261979011,400.312125604715,5.992244556833073
GO,2006-02-01,2006,2,79.7392945743106,,,,4.29060375027671,4.34572618480401,FALSE,TRUE,FALSE,post,FALSE,2004-08-04,2004-11-10,,15,430149683,5730753,79.48777506809864,4.375603237107729,75.05988881391329,411.7827735099102,6.020495961542668
GO,2006-03-01,2006,3,78.4096198137759,,,,4.31230027491083,4.36573461377232,FALSE,TRUE,FALSE,post,FALSE,2004-08-04,2004-11-10,,16,438550474,5730753,79.6011952395592,4.377029108309957,76.52580280462271,413.50385410956085,6.024666835120577
GO,2006-04-01,2006,4,81.1935065584955,,,,3.73264202933962,3.81713005850576,FALSE,TRUE,FALSE,post,FALSE,2004-08-04,2004-11-10,,17,249081308,5730753,80.07473850174377,4.382960429823249,43.46397550199773,388.56316438251696,5.962455741875331
GO,2006-05-01,2006,5,80.1120877124399,,,,4.17930192003727,4.24273724686735,FALSE,TRUE,FALSE,post,FALSE,2004-08-04,2004-11-10,,18,414954118,5730753,80.38371642007104,4.386811623583859,72.40830620339072,394.62825839967786,5.977944203796055
GO,2006-06-01,2006,6,79.5457643705694,,,,4.02721639645339,4.08403873282151,FALSE,TRUE,FALSE,post,FALSE,2004-08-04,2004-11-10,,19,351805298,5730753,79.73970343636067,4.37876762281362,61.38901781319139,390.231703756906,5.966740674906106
GO,2006-07-01,2006,7,80.1368838529098,,,,4.06900416473903,4.14356347534077,FALSE,TRUE,FALSE,post,FALSE,2004-08-04,2004-11-10,,20,358510523,5730753,79.85619281375018,4.380227427242348,62.559060388748215,391.4060515258641,5.969745516073582
GO,2006-08-01,2006,8,81.3629892174917,,,,4.0774208035276,4.14933879666854,FALSE,TRUE,FALSE,post,FALSE,2004-08-04,2004-11-10,,21,385552829,5730753,80.12680858761371,4.38361048706239,67.27786540442416,383.6240281163749,5.949662979515707
GO,2006-09-01,2006,9,81.5429768421413,,,,4.04773983800259,4.10682463152812,FALSE,TRUE,FALSE,post,FALSE,2004-08-04,2004-11-10,,22,361643671,5730753,80.64903475900793,4.390106836229392,63.10578574927239,370.20401106102463,5.914054234929497
GO,2006-10-01,2006,10,81.964556598880307,,,,3.96748767526184,4.05004772035914,FALSE,TRUE,FALSE,post,FALSE,2004-08-04,2004-11-10,,23,334649513,5730753,80.77754309907206,4.391698994954632,58.39538242182135,385.1354179808482,5.953595007458715
MA,2001-11-01,2001,11,26.7625833752356,,,,2.71596479929326,2.77745677612056,FALSE,TRUE,FALSE,pre,TRUE,2004-08-04,2004-11-10,,-36,65168447,5730467,,,11.372275069379162,,
MA,2001-12-01,2001,12,26.0586653400855,,,,2.82468145394104,2.89790157793034,FALSE,TRUE,FALSE,pre,TRUE,2004-08-04,2004-11-10,,-35,70295214,5730467,,,12.266925889286162,,
MA,2002-01-01,2002,1,28.6897855101369,,,,2.8047089310668,2.8802452598604,FALSE,TRUE,FALSE,pre,TRUE,2004-08-04,2004-11-10,,-34,79414508,5803224,,,13.684549829543027,,
MA,2002-02-01,2002,2,28.3381422461854,,,,2.73989976110205,2.80278777219849,FALSE,TRUE,FALSE,pre,TRUE,2004-08-04,2004-11-10,,-33,69805136,5803224,,,12.028681987805399,,
MA,2002-03-01,2002,3,29.1644855964185,,,,2.73272569148335,2.77154952099254,FALSE,TRUE,FALSE,pre,TRUE,2004-08-04,2004-11-10,,-32,62240447,5803224,,,10.725149847739807,,
MA,2002-04-01,2002,4,30.9952016138189,,,,2.7772605522115,2.84330330675522,FALSE,TRUE,FALSE,pre,TRUE,2004-08-04,2004-11-10,,-31,71218987,5803224,28.334810613646802,3.3440911057681815,12.27231397581758,72.34989659957114,4.281514023906757
MA,2002-05-01,2002,5,28.8469113639265,,,,2.79376420549251,2.86715846653514,FALSE,TRUE,FALSE,pre,TRUE,2004-08-04,2004-11-10,,-30,69129581,5803224,28.68219861176195,3.3562766728964597,11.912271695871123,72.8898932260631,4.28894999052905
MA,2002-06-01,2002,6,28.6850803147283,,,,2.72874308187191,2.79678792065825,FALSE,TRUE,FALSE,pre,TRUE,2004-08-04,2004-11-10,,-29,67744732,5803224,29.119934440869084,3.3714229719821693,11.673637274728668,72.2966046115056,4.280777165565482
MA,2002-07-01,2002,7,27.9026754567277,,,,2.64509799664018,2.75244549461617,FALSE,TRUE,FALSE,pre,TRUE,2004-08-04,2004-11-10,,-28,65736938,5803224,28.98874943196755,3.3669078040923544,11.327658212055919,69.93971299401849,4.247633628023986
MA,2002-08-01,2002,8,28.0535203224428,,,,2.84166513559159,2.93231515409277,FALSE,TRUE,FALSE,pre,TRUE,2004-08-04,2004-11-10,,-27,90199077,5803224,28.941312444677116,3.3652700707167442,15.54292527739753,73.45395628361062,4.296658764799118
MA,2002-09-01,2002,9,28.5682266942298,,,,2.82367729228028,2.88259131211298,FALSE,TRUE,FALSE,pre,TRUE,2004-08-04,2004-11-10,,-26,75259144,5803224,28.841935960979,3.3618304377982904,12.968505782303078,75.69731221817389,4.326742654108621
MA,2002-10-01,2002,10,28.3478794700828,,,,3.05554636732097,3.10102749514099,FALSE,TRUE,FALSE,pre,TRUE,2004-08-04,2004-11-10,,-25,109600321,5803224,28.400715603689648,3.346414342162729,18.886108997343545,82.31110723969987,4.410506058961865
MA,2002-11-01,2002,11,27.5793691237843,,,,2.87482031369487,2.95222152621965,FALSE,TRUE,FALSE,pre,TRUE,2004-08-04,2004-11-10,,-24,85808453,5803224,28.18945856366595,3.338948098260689,14.786341695581628,85.18517723941036,4.444827442636421
MA,2002-12-01,2002,12,25.0074591788151,,,,2.79046021368602,2.83872207824265,FALSE,TRUE,FALSE,pre,TRUE,2004-08-04,2004-11-10,,-23,75615800,5803224,27.576521707680417,3.3169647479390134,13.029964033785358,86.54150399846705,4.460624113874599
MA,2003-01-01,2003,1,26.6224719363327,,,,2.60349052409053,2.74347255939577,FALSE,TRUE,FALSE,pre,TRUE,2004-08-04,2004-11-10,,-22,76474531,5873655,27.36315445428125,3.309197380490088,13.019922177928393,88.23376796433953,4.479989746480349
MA,2003-02-01,2003,2,27.8446074587626,,,,2.86611129350898,2.93020920338299,FALSE,TRUE,FALSE,pre,TRUE,2004-08-04,2004-11-10,,-21,94578224,5873655,27.328335643667884,3.3079240995736177,16.102107461197498,88.7929501481395,4.4863072566229
MA,2003-03-01,2003,3,25.8131967014724,,,,2.75551189914035,2.79718608995154,FALSE,TRUE,FALSE,pre,TRUE,2004-08-04,2004-11-10,,-20,76470314,5873655,26.869163978208316,3.290979308567193,13.019204226329261,88.84364859216568,4.486878067432859
MA,2003-04-01,2003,4,25.9417450850334,,,,2.81046946177535,2.85852839003302,FALSE,TRUE,FALSE,pre,TRUE,2004-08-04,2004-11-10,,-19,85201978,5873655,26.468141580700085,3.275941805262758,14.505785239344156,84.4633248341663,4.436317414515574
MA,2003-05-01,2003,5,25.1449076477501,,,,2.70778131440251,2.81435667642499,FALSE,TRUE,FALSE,pre,TRUE,2004-08-04,2004-11-10,,-18,77662199,5873655,26.06239800136105,3.26049358593452,13.222124724724214,82.89910786330888,4.417624300482727
MA,2003-06-01,2003,6,26.667945874842,,,,2.66254784199771,2.75925173354278,FALSE,TRUE,FALSE,pre,TRUE,2004-08-04,2004-11-10,,-17,73176940,5873655,26.3391457840322,3.271056265418424,12.458501563336627,82.32764539286015,4.410706961276192
MA,2003-07-01,2003,7,27.1239722302105,,,,2.84676929285832,2.93190267822367,FALSE,TRUE,FALSE,pre,TRUE,2004-08-04,2004-11-10,,-16,93750681,5873655,26.422729166345167,3.2742245930152407,15.961216823255707,85.26894003818747,4.445810262023331
MA,2003-08-01,2003,8,27.9611660916798,,,,2.79567928105711,2.83965401255626,FALSE,TRUE,FALSE,pre,TRUE,2004-08-04,2004-11-10,,-15,94614768,5873655,26.4421556051647,3.2749595398434774,16.10832914088417,85.27516171787414,4.445883224730635
MA,2003-09-01,2003,9,28.0185159475926,,,,2.7880538236255,2.86359496126644,FALSE,TRUE,FALSE,pre,TRUE,2004-08-04,2004-11-10,,-14,85950316,5873655,26.8097088128514,3.2887640910494373,14.633191088002274,86.88914857954715,4.464633151971792
MA,2003-10-01,2003,10,28.0732291731211,,,,2.67828732950597,2.7787395275497,FALSE,TRUE,FALSE,pre,TRUE,2004-08-04,2004-11-10,,-13,88944575,5873655,27.164956160866016,3.301927766192724,15.142968900965412,87.5263322411684,4.471939687989307
MA,2003-11-01,2003,11,29.1737399033491,,,,2.60175575834418,2.64341664447629,FALSE,TRUE,FALSE,pre,TRUE,2004-08-04,2004-11-10,,-12,71118521,5873655,27.83642820346585,3.326345529946116,12.108052141298732,86.41225965774292,4.459129559930822
MA,2003-12-01,2003,12,26.4302798320554,,,,2.68646335455515,2.76630005865616,FALSE,TRUE,FALSE,pre,TRUE,2004-08-04,2004-11-10,,-11,77147085,5873655,27.79681719633475,3.32492152480171,13.13442566851475,87.08818376292105,4.466921211772764
MA,2004-01-01,2004,1,28.8730433483172,,,,2.66824009458244,2.7862783468213,FALSE,TRUE,FALSE,pre,TRUE,2004-08-04,2004-11-10,,-10,91164584,6021504,28.088329049352534,3.335354153741706,15.13983616053398,86.26680310019931,4.457444855489834
MA,2004-02-01,2004,2,29.8380870577692,,,,2.7827170355948,2.83587897630535,FALSE,TRUE,FALSE,pre,TRUE,2004-08-04,2004-11-10,,-9,95634051,6021504,28.401149210367436,3.346429609502251,15.882087099834195,86.04056105914934,4.454818825288884
MA,2004-03-01,2004,3,30.2782815487171,,,,2.80312196510861,2.82868856145041,FALSE,TRUE,FALSE,pre,TRUE,2004-08-04,2004-11-10,,-8,88243591,6021504,28.77777681055485,3.3596034507532546,14.654742569298302,86.06211254044537,4.455069274406935
MA,2004-04-01,2004,4,30.3642225452451,,,,2.70658680149801,2.79892838665514,FALSE,TRUE,FALSE,pre,TRUE,2004-08-04,2004-11-10,,-7,86101364,6021504,29.159609039242184,3.372784499617181,14.29897978976681,85.21812342924676,4.445214127520078
MA,2004-05-01,2004,5,31.6734542670162,,,,2.85126889431446,2.92505166161619,FALSE,TRUE,FALSE,pre,TRUE,2004-08-04,2004-11-10,,-6,94153040,6021504,29.576228099853367,3.3869709339339584,15.636133431116212,88.74620471906425,4.485780663712277
MA,2004-06-01,2004,6,31.7796656603288,,,,2.88234440974068,2.96431873629407,FALSE,TRUE,FALSE,pre,TRUE,2004-08-04,2004-11-10,,-5,96541628,6021504,30.4677924045656,3.4166701389309946,16.032809743213654,91.64458879376315,4.517917930466973
MA,2004-07-01,2004,7,31.9801292308034,,,,2.82208964591531,2.9585414084235,FALSE,TRUE,FALSE,pre,TRUE,2004-08-04,2004-11-10,,-4,105203985,6021504,30.985640051646634,3.433523873023269,17.471380073815446,93.97613270704461,4.543040842658204
MA,2004-08-01,2004,8,31.3408282571605,,,,2.69205294325819,2.72881056463795,FALSE,TRUE,FALSE,pre,TRUE,2004-08-04,2004-11-10,,-3,89030261,6021504,31.23609691821185,3.4415743785684363,14.785386009873944,92.87943161708436,4.5313022178304765
MA,2004-09-01,2004,9,31.9162662399335,,,,2.74072669378174,2.81443480260041,FALSE,TRUE,FALSE,pre,TRUE,2004-08-04,2004-11-10,,-2,90936887,6021504,31.509094366747917,3.4502762142183485,15.102022185819356,93.32671123360542,4.536106360915481
MA,2004-10-01,2004,10,32.0582255210782,,,,2.93764905396517,3.00716842852662,FALSE,TRUE,FALSE,pre,TRUE,2004-08-04,2004-11-10,,-1,123130203,6021504,31.79142819605343,3.459196699866809,20.44841338642306,99.47614483026167,4.599917864970182
MA,2004-11-01,2004,11,30.1562342445901,,,,2.97508344076798,3.02733324464374,FALSE,TRUE,FALSE,post,FALSE,2004-08-04,2004-11-10,,0,115953671,6021504,31.538558192315747,3.4512108668665227,19.25659619257913,103.09660759172459,4.635666486424577
MA,2004-12-01,2004,12,31.2982523116022,,,,2.96917730870543,3.05172574422396,FALSE,TRUE,FALSE,post,FALSE,2004-08-04,2004-11-10,,1,115765472,6021504,31.45832263419465,3.4486635787959505,19.225341708649534,106.28913955716047,4.666163112274794
MA,2005-01-01,2005,1,34.1008674625283,,,,2.87042899504659,2.95465752800199,FALSE,TRUE,FALSE,post,FALSE,2004-08-04,2004-11-10,,2,117660884,6103327,31.8117790061488,3.459836630200044,19.278155012831526,108.09591449617655,4.683018930186063
MA,2005-02-01,2005,2,36.8035416324815,,,,2.91609645333169,3.02048972916534,FALSE,TRUE,FALSE,post,FALSE,2004-08-04,2004-11-10,,3,119922424,6103327,32.722231235368966,3.488054701199597,19.648697177785166,112.95922566408777,4.7270269187647065
MA,2005-03-01,2005,3,35.7320375827673,,,,2.9532045622268,3.05981133393687,FALSE,TRUE,FALSE,post,FALSE,2004-08-04,2004-11-10,,4,113216212,6103327,33.35819312584127,3.507303413129237,18.549917446664747,116.40712092493317,4.757093709757183
MA,2005-04-01,2005,4,37.2947550857645,,,,2.98614893289739,3.08681949818509,FALSE,TRUE,FALSE,post,FALSE,2004-08-04,2004-11-10,,5,123948480,6103327,34.230948053288984,3.5331301487197253,20.308346578841345,116.26705411735145,4.755889735792511
MA,2005-05-01,2005,5,36.8998474771234,,,,2.97760105237102,3.00726936133508,FALSE,TRUE,FALSE,post,FALSE,2004-08-04,2004-11-10,,6,114582369,6103327,35.35488359204453,3.56543653250502,18.77375552710841,115.78421345188073,4.751728229868814
MA,2005-06-01,2005,6,37.9318089897496,,,,2.91607041324898,2.97567945772066,FALSE,TRUE,FALSE,post,FALSE,2004-08-04,2004-11-10,,7,109671879,6103327,36.460476371735766,3.596228834764059,17.969195981142743,114.52806772437394,4.740819925918083
MA,2005-07-01,2005,7,39.4614266007419,,,,2.96022567111905,3.01218222969412,FALSE,TRUE,FALSE,post,FALSE,2004-08-04,2004-11-10,,8,125603020,6103327,37.353902894771366,3.6204374012941876,20.579434790238178,115.82934750178059,4.752117965688127
MA,2005-08-01,2005,8,39.6774013592356,,,,2.93962772683517,2.97510450233523,FALSE,TRUE,FALSE,post,FALSE,2004-08-04,2004-11-10,,9,122026473,6103327,37.83287951589705,3.6331785530068776,19.993435219839935,116.17408554383536,4.755089803572172
MA,2005-09-01,2005,9,39.6270535166267,,,,2.9279085442424,3.01801894403041,FALSE,TRUE,FALSE,post,FALSE,2004-08-04,2004-11-10,,10,122365810,6103327,38.48204883820695,3.650191868616229,20.04903391215971,117.67320200933032,4.767911307878616
MA,2005-10-01,2005,10,40.081898563422,,,,3.01008470228912,3.07748408868703,FALSE,TRUE,FALSE,post,FALSE,2004-08-04,2004-11-10,,11,140636302,6103327,38.946572751149866,3.6621907774607245,23.04256383444636,120.40741926493533,4.790881152777964
MA,2005-11-01,2005,11,40.9965430147372,,,,2.98734262489469,3.02558788173903,FALSE,TRUE,FALSE,post,FALSE,2004-08-04,2004-11-10,,12,127111934,6103327,39.62935534075217,3.6795701401195475,20.826662900414807,122.46032663824172,4.807787113351835
MA,2005-12-01,2005,12,41.8590626406798,,,,2.96929673090829,3.06478674524959,FALSE,TRUE,FALSE,post,FALSE,2004-08-04,2004-11-10,,13,127532963,6103327,40.2838976159072,3.695951826225405,20.895646423663685,125.38677708076267,4.831403176712075
MA,2006-01-01,2006,1,42.2183980300316,,,,3.08446277117879,3.14455439091492,FALSE,TRUE,FALSE,post,FALSE,2004-08-04,2004-11-10,,14,154020548,6184538,40.74339285412215,3.7072936879918466,24.904131561646157,129.71147385217066,4.865312551959915
MA,2006-02-01,2006,2,42.5291077897705,,,,3.16163246147207,3.24769621596701,FALSE,TRUE,FALSE,post,FALSE,2004-08-04,2004-11-10,,15,160991794,6184538,41.218677259211304,3.71889148516604,26.031337183149333,135.74937581548005,4.910810360759128
MA,2006-03-01,2006,3,42.7623679720265,,,,3.1203134697727,3.21830451800216,FALSE,TRUE,FALSE,post,FALSE,2004-08-04,2004-11-10,,16,147245734,6184538,41.7412296684446,3.731489361407843,23.808687730595235,139.5090296339156,4.938129327725152
MA,2006-04-01,2006,4,42.9381351472854,,,,3.10079727188758,3.15746326429345,FALSE,TRUE,FALSE,post,FALSE,2004-08-04,2004-11-10,,17,139990288,6184538,42.2172690990885,3.742829357691699,22.635528797785703,139.10199459725493,4.935207438131083
MA,2006-05-01,2006,5,45.1192782837631,,,,2.98522218113582,3.05261590755204,FALSE,TRUE,FALSE,post,FALSE,2004-08-04,2004-11-10,,18,124338130,6184538,42.904391643926154,3.7589741900168776,20.104675563477823,138.38000726031794,4.930003576537191
MA,2006-06-01,2006,6,44.4747920359598,,,,3.0640636875294,3.14480713046741,FALSE,TRUE,FALSE,post,FALSE,2004-08-04,2004-11-10,,19,136555347,6184538,43.34034654313948,3.769083991995477,22.08012094031923,139.56448177697348,4.938526729424134
MA,2006-07-01,2006,7,44.5225276476707,,,,3.13397367163915,3.19316440351857,FALSE,TRUE,FALSE,post,FALSE,2004-08-04,2004-11-10,,20,156068769,6184538,43.724368146079335,3.7779055701674205,25.23531571800513,139.89566593333245,4.940896901444108
MA,2006-08-01,2006,8,46.6506113229616,,,,3.11907729868077,3.19835771590988,FALSE,TRUE,FALSE,post,FALSE,2004-08-04,2004-11-10,,21,151218858,6184538,44.41128540161118,3.793493612852969,24.451116316206644,138.31544506638977,4.929536910427885
MA,2006-09-01,2006,9,45.916714769791,,,,3.24030223276889,3.34038020398211,FALSE,TRUE,FALSE,post,FALSE,2004-08-04,2004-11-10,,22,180216904,6184538,44.93700986790527,3.805261728448883,29.139913765587664,143.6466711013822,4.967356611480365
MA,2006-10-01,2006,10,47.8754484262628,,,,3.10955326195373,3.17016209502965,FALSE,TRUE,FALSE,post,FALSE,2004-08-04,2004-11-10,,23,156539030,6184538,45.7598954144015,3.823408061544488,25.31135389579626,146.32249619939276,4.985813063801723
MG,2001-11-01,2001,11,42.0655094525502,,,,4.03953269678237,4.14454035727566,FALSE,TRUE,FALSE,pre,TRUE,2004-08-04,2004-11-10,,-36,822556308,18127096,,,45.377169514631575,,
MG,2001-12-01,2001,12,43.3977900566353,,,,4.25290641395847,4.36606244836011,FALSE,TRUE,FALSE,pre,TRUE,2004-08-04,2004-11-10,,-35,1082167990,18127096,,,59.69891647288678,,
MG,2002-01-01,2002,1,44.5422903921031,,,,3.94185526039637,4.07539374098646,FALSE,TRUE,FALSE,pre,TRUE,2004-08-04,2004-11-10,,-34,708941405,18343517,,,38.64806323672827,,
MG,2002-02-01,2002,2,44.829064046728,,,,3.9914328221233,4.09123845377936,FALSE,TRUE,FALSE,pre,TRUE,2004-08-04,2004-11-10,,-33,718249395,18343517,,,39.15548992049889,,
MG,2002-03-01,2002,3,44.7025752484784,,,,3.95084041939316,4.0451860876608,FALSE,TRUE,FALSE,pre,TRUE,2004-08-04,2004-11-10,,-32,685367465,18343517,,,37.362925822785236,,
MG,2002-04-01,2002,4,44.6625196371067,,,,3.99573091346468,4.12376077359578,FALSE,TRUE,FALSE,pre,TRUE,2004-08-04,2004-11-10,,-31,753129607,18343517,44.03329147226695,3.7849459721920486,41.056990706853,261.2995556743837,5.565667472082655
MG,2002-05-01,2002,5,44.4592975384327,,,,4.02545774208278,4.11757380043681,FALSE,TRUE,FALSE,pre,TRUE,2004-08-04,2004-11-10,,-30,783955683,18343517,44.432256153247366,3.793965695610109,42.737479568394654,258.6598657281468,5.555513938881369
MG,2002-06-01,2002,6,44.2092527332796,,,,4.03475987673124,4.13893004006743,FALSE,TRUE,FALSE,pre,TRUE,2004-08-04,2004-11-10,,-29,833005173,18343517,44.56749993268808,3.797004892333543,45.41142099413106,244.3723702493911,5.498693169553918
MG,2002-07-01,2002,7,44.6197793345531,,,,3.89798987928754,3.98543866719723,FALSE,TRUE,FALSE,pre,TRUE,2004-08-04,2004-11-10,,-28,702690797,18343517,44.58041475642975,3.7972946315580005,38.30731026116747,244.0316172738303,5.497297795889677
MG,2002-08-01,2002,8,44.737639522371,,,,4.02075047500265,4.13095426197447,FALSE,TRUE,FALSE,pre,TRUE,2004-08-04,2004-11-10,,-27,837367884,18343517,44.56517733570358,3.7969527768343525,45.64925493840685,250.52538229173828,5.523560241905661
MG,2002-09-01,2002,9,44.8067218449851,,,,4.00182153820897,4.12175936914705,FALSE,TRUE,FALSE,pre,TRUE,2004-08-04,2004-11-10,,-26,834648903,18343517,44.58253510178803,3.797342192688763,45.50102921920589,258.6634856881589,5.5555279338421695
MG,2002-10-01,2002,10,44.735788819004,,,,4.0188888027117,4.1275360019025,FALSE,TRUE,FALSE,pre,TRUE,2004-08-04,2004-11-10,,-25,843613810,18343517,44.59474663210425,3.797616063570564,45.989752673928344,263.59624765523427,5.574418567531716
MG,2002-11-01,2002,11,43.7629538372576,,,,4.10327313679383,4.18378880157025,FALSE,TRUE,FALSE,pre,TRUE,2004-08-04,2004-11-10,,-24,956364270,18343517,44.47868934857507,3.7950101834239995,52.13636349016385,272.99513157700346,5.60945396197468
MG,2002-12-01,2002,12,42.7638940638601,,,,3.92240863503804,4.05935184191201,FALSE,TRUE,FALSE,pre,TRUE,2004-08-04,2004-11-10,,-23,886288318,18343517,44.23779623700515,3.789579542162416,48.31616085399545,275.89987143686784,5.62003801524585
MG,2003-01-01,2003,1,43.0075854250551,,,,3.9790596717208,4.07459048901954,FALSE,TRUE,FALSE,pre,TRUE,2004-08-04,2004-11-10,,-22,856170878,18553312,43.969097252088815,3.783487051985567,46.1465251055984,283.7390862812988,5.648055105611152
MG,2003-02-01,2003,2,45.6358887200741,,,,4.05030897542331,4.13530343174535,FALSE,TRUE,FALSE,pre,TRUE,2004-08-04,2004-11-10,,-21,892038485,18553312,44.118805451705995,3.7868861190347696,48.0797436597843,286.16957500267625,5.65658455470226
MG,2003-03-01,2003,3,41.9511573225396,,,,4.00465511471761,4.1164378516251,FALSE,TRUE,FALSE,pre,TRUE,2004-08-04,2004-11-10,,-20,861884061,18553312,43.642878031298416,3.7760401081784445,46.454458427692046,287.12300421116237,5.659910710044442
MG,2003-04-01,2003,4,42.4143745344013,,,,4.0060038618001,4.08460670559655,FALSE,TRUE,FALSE,pre,TRUE,2004-08-04,2004-11-10,,-19,879146994,18553312,43.2559756505313,3.7671353891641415,47.38490863518061,288.51816017241464,5.664758030838538
MG,2003-05-01,2003,5,42.4364504233282,,,,3.9770492304549,4.07599705238873,FALSE,TRUE,FALSE,pre,TRUE,2004-08-04,2004-11-10,,-18,887234751,18553312,43.03489174820973,3.7620112226622275,47.82082848604066,284.20262516829143,5.6496874526657
MG,2003-06-01,2003,6,43.0564327541549,,,,3.97694819480759,4.09593929375843,FALSE,TRUE,FALSE,pre,TRUE,2004-08-04,2004-11-10,,-17,937922639,18553312,43.0836481965922,3.763143532931841,50.55284140103934,286.43930571533537,5.657526666296028
MG,2003-07-01,2003,7,43.5515758968067,,,,3.98230288800528,4.07899831696052,FALSE,TRUE,FALSE,pre,TRUE,2004-08-04,2004-11-10,,-16,912709024,18553312,43.174313275217465,3.765245718294607,49.19385951144464,289.4866401211816,5.668109147834831
MG,2003-08-01,2003,8,43.8138031231495,,,,3.94529800867074,4.06022266107216,FALSE,TRUE,FALSE,pre,TRUE,2004-08-04,2004-11-10,,-15,901367885,18553312,42.8706323423967,3.758187030731956,48.58258649452993,289.9894829559272,5.669844656653688
MG,2003-09-01,2003,9,43.8700725312356,,,,3.98799669868166,4.0937357163245,FALSE,TRUE,FALSE,pre,TRUE,2004-08-04,2004-11-10,,-14,942860858,18553312,43.19045154384603,3.7656194417419,50.81900514581979,294.35402967405497,5.684783225457188
MG,2003-10-01,2003,10,43.872353421214,,,,3.99642152388725,4.10084877528158,FALSE,TRUE,FALSE,pre,TRUE,2004-08-04,2004-11-10,,-13,946595583,18553312,43.43344802498149,3.7712298360957686,51.020302089459825,297.9894231283342,5.697057993017579
MG,2003-11-01,2003,11,45.4126501000967,,,,3.9921253329881,4.10108640426771,FALSE,TRUE,FALSE,pre,TRUE,2004-08-04,2004-11-10,,-12,981263360,18553312,43.9294813044429,3.7825856505982203,52.888851327461104,303.0574459697546,5.713922378198587
MG,2003-12-01,2003,12,44.7293752608196,,,,4.01447402985244,4.11472675088313,FALSE,TRUE,FALSE,pre,TRUE,2004-08-04,2004-11-10,,-11,1027137332,18553312,44.20830505555368,3.7889126686176597,55.361400271822085,307.86600484053736,5.729664639093173
MG,2004-01-01,2004,1,45.3995044325206,,,,4.04254220397987,4.13480106269017,FALSE,TRUE,FALSE,pre,TRUE,2004-08-04,2004-11-10,,-10,1026574337,18993720,44.51629314483933,3.795855260246279,54.048092580073835,312.72023790916654,5.745308982258158
MG,2004-02-01,2004,2,46.1686928538704,,,,4.02162183247417,4.13758074505288,FALSE,TRUE,FALSE,pre,TRUE,2004-08-04,2004-11-10,,-9,942809969,18993720,44.90877476662615,3.8046332047552345,49.6379839757562,313.77563539039284,5.748678193531768
MG,2004-03-01,2004,3,46.6641693665351,,,,4.04106085348144,4.13922472888083,FALSE,TRUE,FALSE,pre,TRUE,2004-08-04,2004-11-10,,-8,942702931,18993720,45.3744575725094,3.8149493381886996,49.63234853414708,312.5889787787201,5.744889160739872
MG,2004-04-01,2004,4,47.3960850680288,,,,4.06307969751892,4.17392827018035,FALSE,TRUE,FALSE,pre,TRUE,2004-08-04,2004-11-10,,-7,1028669175,18993720,45.96174618031186,3.8278094457381915,54.158383665759,315.7270603550193,5.754878107300851
MG,2004-05-01,2004,5,47.5551546904466,,,,4.03129848949214,4.14710498853513,FALSE,TRUE,FALSE,pre,TRUE,2004-08-04,2004-11-10,,-6,1013192307,18993720,46.318830278703516,3.835548579895434,53.3435423392574,316.1817513668156,5.756317210797541
MG,2004-06-01,2004,6,48.20032617167,,,,4.05090361825997,4.13840893643556,FALSE,TRUE,FALSE,pre,TRUE,2004-08-04,2004-11-10,,-5,1054090745,18993720,46.89732209717858,3.847960575680891,55.49680341712945,316.31715451212295,5.756745363782842
MG,2004-07-01,2004,7,48.0084363300912,,,,4.0669549735706,4.16506451992277,FALSE,TRUE,FALSE,pre,TRUE,2004-08-04,2004-11-10,,-4,1097472541,18993720,47.332144080107014,3.8571896435493493,57.780810762715255,320.04987269476436,5.768476835821223
MG,2004-08-01,2004,8,48.1167867738534,,,,4.15911562122361,4.29395963269739,FALSE,TRUE,FALSE,pre,TRUE,2004-08-04,2004-11-10,,-3,1244833708,18993720,47.65682640010418,3.864025881121648,65.53922601786275,335.9511147368709,5.816965657523687
MG,2004-09-01,2004,9,48.4368282485901,,,,4.10849635363974,4.21240845932618,FALSE,TRUE,FALSE,pre,TRUE,2004-08-04,2004-11-10,,-2,1164068986,18993720,47.95226954711335,3.870206131744556,61.287045718268985,347.60581192099283,5.851069113392403
MG,2004-10-01,2004,10,48.6085739534881,,,,4.12031866447567,4.23299145386138,FALSE,TRUE,FALSE,pre,TRUE,2004-08-04,2004-11-10,,-1,1186915671,18993720,48.154351028023235,3.87441149819111,62.48990039865808,355.9373286538919,5.874754672247579
MG,2004-11-01,2004,11,48.7521705246242,,,,4.14049812875006,4.25296938941036,FALSE,TRUE,FALSE,post,FALSE,2004-08-04,2004-11-10,,0,1236269657,18993720,48.35385366705283,3.87854592228163,65.08833746101342,367.68212377564794,5.907218770795928
MG,2004-12-01,2004,12,49.7198049587254,,,,4.14884290105412,4.2591734327513,FALSE,TRUE,FALSE,post,FALSE,2004-08-04,2004-11-10,,1,1284164977,18993720,48.60710013156206,3.8837696134778876,67.60997724511049,379.79529760362897,5.939632417057801
MG,2005-01-01,2005,1,50.5983701572808,,,,4.15148716001409,4.24054406472658,FALSE,TRUE,FALSE,post,FALSE,2004-08-04,2004-11-10,,2,1268725410,19237450,49.038755769427,3.892610919557046,65.95081000860301,387.96529684951673,5.960915894513686
MG,2005-02-01,2005,2,47.8150034391652,,,,4.122754085424,4.23457533232686,FALSE,TRUE,FALSE,post,FALSE,2004-08-04,2004-11-10,,3,1148678507,19237450,48.98845854697897,3.8915847305091855,59.71053892277823,382.13660975443224,5.945778161835
MG,2005-03-01,2005,3,49.9187824480252,,,,4.14892563181659,4.26216497204979,FALSE,TRUE,FALSE,post,FALSE,2004-08-04,2004-11-10,,4,1164519086,19237450,49.23545091355148,3.8966139110522926,60.53396297326309,381.3835270094263,5.943805501382561
MG,2005-04-01,2005,4,49.3418762225814,,,,4.16781266334775,4.25390622280011,FALSE,TRUE,FALSE,post,FALSE,2004-08-04,2004-11-10,,5,1212315509,19237450,49.35766795840036,3.8990931329056675,63.01851383629327,381.9121404470615,5.9451905833231065
MG,2005-05-01,2005,5,49.4990002441693,,,,4.1694970003962,4.29464606095835,FALSE,TRUE,FALSE,post,FALSE,2004-08-04,2004-11-10,,6,1278487570,19237450,49.48213957832455,3.901611787865169,66.45826603837827,383.28206902442633,5.948771190766377
MG,2005-06-01,2005,6,50.1432390190453,,,,4.32909327661359,4.43503925987808,FALSE,TRUE,FALSE,post,FALSE,2004-08-04,2004-11-10,,7,1534550739,19237450,49.5527119217112,3.9030369902916537,79.76892670286342,395.4410184821793,5.980001644562298
MG,2005-07-01,2005,7,49.8971521412903,,,,4.21874908930941,4.32713712711671,FALSE,TRUE,FALSE,post,FALSE,2004-08-04,2004-11-10,,8,1379840850,19237450,49.43584225237945,3.900675712776113,71.72680630748877,401.2170147810651,5.994502464912006
MG,2005-08-01,2005,8,49.9331387224756,,,,4.17326604616677,4.28532385779307,FALSE,TRUE,FALSE,post,FALSE,2004-08-04,2004-11-10,,9,1311333586,19237450,49.788864799597846,3.9077913606271077,68.16566571972896,409.6721415780158,6.015357185116229
MG,2005-09-01,2005,9,49.8852137053093,,,,4.16153804410504,4.28287268667222,FALSE,TRUE,FALSE,post,FALSE,2004-08-04,2004-11-10,,10,1341825245,19237450,49.7832700091452,3.9076789839974557,69.75068135329786,418.88885995805055,6.0376056340401725
MG,2005-10-01,2005,10,50.6936863773213,,,,4.10775095588956,4.25444114030067,FALSE,TRUE,FALSE,post,FALSE,2004-08-04,2004-11-10,,11,1286886391,19237450,50.00857170160185,3.9121944247670486,66.89485306004694,422.76519918180423,6.046816940253159
MG,2005-11-01,2005,11,51.0174289050662,,,,4.15521629489913,4.25700408097744,FALSE,TRUE,FALSE,post,FALSE,2004-08-04,2004-11-10,,12,1319802126,19237450,50.26164314508466,3.9172422244796654,68.60587687037523,424.91281001380116,6.0518839949689776
MG,2005-12-01,2005,12,50.3802193803499,,,,4.16644253109835,4.29231240461268,FALSE,TRUE,FALSE,post,FALSE,2004-08-04,2004-11-10,,13,1390891956,19237450,50.301139871968765,3.9180277383194784,72.30126425279857,417.4451475637363,6.034153152578526
MG,2006-01-01,2006,1,52.0785606422327,,,,4.17816503208969,4.30559567944301,FALSE,TRUE,FALSE,post,FALSE,2004-08-04,2004-11-10,,14,1405100020,19479356,50.664707955459164,3.9252295726570647,72.13277584741508,417.85111710366266,6.035125189900047
MG,2006-02-01,2006,2,50.2682008302515,,,,4.16200405449781,4.2946886977056,FALSE,TRUE,FALSE,post,FALSE,2004-08-04,2004-11-10,,15,1280467916,19479356,50.72055164008848,3.926331186254535,65.73461237630238,415.4200637602361,6.029290210131741
MG,2006-03-01,2006,3,53.769514904754,,,,4.19962138348082,4.31412942549801,FALSE,TRUE,FALSE,post,FALSE,2004-08-04,2004-11-10,,16,1298560749,19479356,51.367935173329265,3.9390141484859917,66.66343327777366,412.3328156847119,6.021830828310604
MG,2006-04-01,2006,4,54.3275481150608,,,,4.16036462068069,4.26372151957536,FALSE,TRUE,FALSE,post,FALSE,2004-08-04,2004-11-10,,17,1305141318,19479356,51.97357879628585,3.9507354893834186,67.00125599634814,412.4392186210131,6.022088846120291
MG,2006-05-01,2006,5,55.1921230413818,,,,4.21023444764376,4.31995108124296,FALSE,TRUE,FALSE,post,FALSE,2004-08-04,2004-11-10,,18,1358557432,19479356,52.66936115233845,3.964033904170522,69.74344695995083,413.57678871058863,6.024843201480617
MG,2006-06-01,2006,6,55.0449644811563,,,,4.2022966377809,4.32712513216416,FALSE,TRUE,FALSE,post,FALSE,2004-08-04,2004-11-10,,19,1429943601,19479356,53.44681866913952,3.9786871159455117,73.40815584457721,414.6836803023673,6.02751601345741
MG,2006-07-01,2006,7,55.7000996754344,,,,4.20369688887724,4.33122784387482,FALSE,TRUE,FALSE,post,FALSE,2004-08-04,2004-11-10,,20,1449007179,19479356,54.05040850800647,3.989917102021623,74.38681129910044,416.93771575405265,6.032936847942969
MG,2006-08-01,2006,8,56.7372366394508,,,,4.20064559188258,4.32993117535672,FALSE,TRUE,FALSE,post,FALSE,2004-08-04,2004-11-10,,21,1437895823,19479356,55.12858114287302,4.009668295699986,73.81639428942107,425.0194976671713,6.052135044736038
MG,2006-09-01,2006,9,56.7698653341919,,,,4.23316911167694,4.3317757091228,FALSE,TRUE,FALSE,post,FALSE,2004-08-04,2004-11-10,,22,1487260952,19479356,55.62863954777933,4.018698168418388,76.35062226903189,434.7066866584296,6.074671520113454
MG,2006-10-01,2006,10,57.0180032512348,,,,4.2114368575704,4.35600148979784,FALSE,TRUE,FALSE,post,FALSE,2004-08-04,2004-11-10,,23,1516113652,19479356,56.077048737141666,4.026726615398989,77.8318160004879,445.5372466625694,6.099280849841562
MS,2001-11-01,2001,11,33.5648285663031,,,,4.3055845057849496,4.35729154113859,FALSE,TRUE,FALSE,pre,TRUE,2004-08-04,2004-11-10,,-36,120297228,2111036,,,56.984924937329346,,
MS,2001-12-01,2001,12,33.6844577356683,,,,4.32728186224295,4.37017960879455,FALSE,TRUE,FALSE,pre,TRUE,2004-08-04,2004-11-10,,-35,122974754,2111036,,,58.2532718532512,,
MS,2002-01-01,2002,1,36.3814395976329,,,,4.31907570374377,4.35816734732542,FALSE,TRUE,FALSE,pre,TRUE,2004-08-04,2004-11-10,,-34,123458802,2140624,,,57.6742118186099,,
MS,2002-02-01,2002,2,35.691642900069,,,,4.30395359611484,4.35661813682401,FALSE,TRUE,FALSE,pre,TRUE,2004-08-04,2004-11-10,,-33,116023974,2140624,,,54.20100587492245,,
MS,2002-03-01,2002,3,34.8709285661115,,,,4.29168626535205,4.3433389226596,FALSE,TRUE,FALSE,pre,TRUE,2004-08-04,2004-11-10,,-32,117208512,2140624,,,54.75436695094515,,
MS,2002-04-01,2002,4,34.963299232644,,,,4.21441463202355,4.2734033215376,FALSE,TRUE,FALSE,pre,TRUE,2004-08-04,2004-11-10,,-31,118116604,2140624,34.8594327664048,3.551323768198295,55.17858530970408,337.0463667447621,5.820220507667878
MS,2002-05-01,2002,5,33.9385441924006,,,,4.27756923717116,4.32701688089255,FALSE,TRUE,FALSE,pre,TRUE,2004-08-04,2004-11-10,,-30,120455198,2140624,34.921718704087716,3.5531089480903373,56.27106768867396,336.33250949610675,5.818100282216018
MS,2002-06-01,2002,6,33.7724286777028,,,,4.2810622132538,4.33518323866133,FALSE,TRUE,FALSE,pre,TRUE,2004-08-04,2004-11-10,,-29,120790858,2140624,34.936380527760136,3.553528708262713,56.42787243345865,334.5071100763142,5.812658135175906
MS,2002-07-01,2002,7,33.433225741745,,,,4.27351722711976,4.32771322962086,FALSE,TRUE,FALSE,pre,TRUE,2004-08-04,2004-11-10,,-28,121838376,2140624,34.44501155177882,3.5393641844139174,56.91722413651347,333.7501223942178,5.81039257643864
MS,2002-08-01,2002,8,33.3832497717641,,,,4.27907800993741,4.33245823674708,FALSE,TRUE,FALSE,pre,TRUE,2004-08-04,2004-11-10,,-27,123637128,2140624,34.060279363728,3.5281318773068358,57.757517434168726,337.30663395346403,5.820992409687608
MS,2002-09-01,2002,9,33.8179082805746,,,,4.27314985029365,4.33172356758478,FALSE,TRUE,FALSE,pre,TRUE,2004-08-04,2004-11-10,,-26,124311122,2140624,33.88477598280518,3.5229658274641182,58.07237609220489,340.62464309472375,5.830781117621653
MS,2002-10-01,2002,10,33.8689736003765,,,,4.28129576155307,4.33972520302278,FALSE,TRUE,FALSE,pre,TRUE,2004-08-04,2004-11-10,,-25,127903511,2140624,33.70238837742727,3.5175687065807804,59.75057319734806,345.19663098236776,5.844114199550893
MS,2002-11-01,2002,11,33.2674387700523,,,,4.26936730734375,4.3244249767625,FALSE,TRUE,FALSE,pre,TRUE,2004-08-04,2004-11-10,,-24,129479561,2140624,33.59053747370255,3.514244404499537,60.48683047559964,349.41239376929343,5.856252868648683
MS,2002-12-01,2002,12,32.7074136594408,,,,4.26913097753218,4.3133840907474,FALSE,TRUE,FALSE,pre,TRUE,2004-08-04,2004-11-10,,-23,133500761,2140624,33.413034970658885,3.5089460924302807,62.3653481414765,355.3498694773113,5.873102851965425
MS,2003-01-01,2003,1,32.8504731692482,,,,4.29101852191992,4.35215599697747,FALSE,TRUE,FALSE,pre,TRUE,2004-08-04,2004-11-10,,-22,140228614,2169688,33.31590954190942,3.50603504691481,64.63077364118712,363.0634189819849,5.894577526944548
MS,2003-02-01,2003,2,33.5542804272726,,,,4.37688496709498,4.42412116834385,FALSE,TRUE,FALSE,pre,TRUE,2004-08-04,2004-11-10,,-21,146058520,2169688,33.34441465116083,3.506890281609028,67.31775259853029,372.6236541463465,5.92056894017379
MS,2003-03-01,2003,3,33.4154846898573,,,,4.35248993961434,4.39406018381675,FALSE,TRUE,FALSE,pre,TRUE,2004-08-04,2004-11-10,,-20,151029669,2169688,33.27734405270795,3.5048768066597957,69.60893409559347,384.16021214973506,5.951059684715958
MS,2003-04-01,2003,4,33.6167151663642,,,,4.35297792017288,4.4061638268742,FALSE,TRUE,FALSE,pre,TRUE,2004-08-04,2004-11-10,,-19,156203526,2169688,33.23530098037257,3.5036125935792897,71.99354285040062,396.40318180278763,5.982431829171317
MS,2003-05-01,2003,5,31.5714392975625,,,,4.34912529096838,4.40404019480589,FALSE,TRUE,FALSE,pre,TRUE,2004-08-04,2004-11-10,,-18,152120785,2169688,32.952634401624266,3.4950712092434393,70.111824833801,406.028176160989,6.006422556605008
MS,2003-06-01,2003,6,33.6901476477453,,,,4.34928929823042,4.40736317473187,FALSE,TRUE,FALSE,pre,TRUE,2004-08-04,2004-11-10,,-17,153112428,2169688,33.116423399675014,3.5000293345455646,70.56886888806133,414.2316969075738,6.026425471643336
MS,2003-07-01,2003,7,33.8927476890144,,,,4.35630293813532,4.40982332671157,FALSE,TRUE,FALSE,pre,TRUE,2004-08-04,2004-11-10,,-16,154471245,2169688,33.29013581963605,3.505261131471553,71.19514188215079,420.7960651485375,6.042148310497027
MS,2003-08-01,2003,8,34.4156737311203,,,,4.36277442152006,4.41767761198749,FALSE,TRUE,FALSE,pre,TRUE,2004-08-04,2004-11-10,,-15,156065637,2169688,33.43370137027733,3.5095644143232594,71.92999039493236,425.4083029449396,6.053049420546842
MS,2003-09-01,2003,9,34.0685119132196,,,,4.3493202526617,4.40563588473694,FALSE,TRUE,FALSE,pre,TRUE,2004-08-04,2004-11-10,,-14,158166924,2169688,33.54253924083772,3.512814461365914,72.89846466404386,428.6978335133899,6.060752319971824
MS,2003-10-01,2003,10,34.4062604113962,,,,4.36226704685203,4.41729783394134,FALSE,TRUE,FALSE,pre,TRUE,2004-08-04,2004-11-10,,-13,161024924,2169688,33.67413011500972,3.516729890188757,74.2157047464889,430.91999540947825,6.0659224473731514
MS,2003-11-01,2003,11,36.2170205701403,,,,4.39460868186612,4.45150272262941,FALSE,TRUE,FALSE,pre,TRUE,2004-08-04,2004-11-10,,-12,164286614,2169688,34.44839366043935,3.539462368228546,75.71900383833989,436.5271744140171,6.078850628585905
MS,2003-12-01,2003,12,34.8524033627725,,,,4.38508187333507,4.42268893775579,FALSE,TRUE,FALSE,pre,TRUE,2004-08-04,2004-11-10,,-11,166866426,2169688,34.64210294627722,3.5450697904623154,76.90802825106651,442.8663337770223,6.09326799489262
MS,2004-01-01,2004,1,35.3861027119396,,,,4.3969141828304,4.46063165572747,FALSE,TRUE,FALSE,pre,TRUE,2004-08-04,2004-11-10,,-10,172842574,2227794,34.89099545009808,3.5522287858922255,77.58463035630763,449.25582225117915,6.107592485515536
MS,2004-02-01,2004,2,35.9791408563342,,,,4.4607424282248,4.49985329730524,FALSE,TRUE,FALSE,pre,TRUE,2004-08-04,2004-11-10,,-9,169900628,2227794,35.1515733043004,3.5596693769790386,76.26406570805021,453.58989756429696,6.117193480481876
MS,2004-03-01,2004,3,37.3209891255514,,,,4.40729346017539,4.46330403518954,FALSE,TRUE,FALSE,pre,TRUE,2004-08-04,2004-11-10,,-8,175046902,2227794,35.69365283968903,3.574972881373443,78.57409706642535,459.2655299666785,6.129628539455288
MS,2004-04-01,2004,4,37.3904803247692,,,,4.43468011344188,4.4894847625893,FALSE,TRUE,FALSE,pre,TRUE,2004-08-04,2004-11-10,,-7,184079385,2227794,36.191022825251196,3.5888110998248246,82.62854868986989,467.67837391005946,6.14778082442835
MS,2004-05-01,2004,5,39.0197456577084,,,,4.48306953888775,4.53911551715151,FALSE,TRUE,FALSE,pre,TRUE,2004-08-04,2004-11-10,,-6,185925449,2227794,36.65814367317922,3.6016356048277856,83.4571998129091,475.4165698846287,6.164191408935069
MS,2004-06-01,2004,6,39.2814159479824,,,,4.49563010065166,4.55054635534326,FALSE,TRUE,FALSE,pre,TRUE,2004-08-04,2004-11-10,,-5,192944650,2227794,37.396312437380864,3.6215721016283977,86.60794041100748,485.11648204456964,6.184389031265548
MS,2004-07-01,2004,7,39.569295601018,,,,4.49803165760224,4.55361624752859,FALSE,TRUE,FALSE,pre,TRUE,2004-08-04,2004-11-10,,-4,193436603,2227794,38.093511252227266,3.640043959288051,86.8287655860461,494.36061727430814,6.203265245353954
MS,2004-08-01,2004,8,38.89541677221,,,,4.52026884145396,4.57073520199103,FALSE,TRUE,FALSE,pre,TRUE,2004-08-04,2004-11-10,,-3,202968915,2227794,38.57955723820657,3.652722530952593,91.10757772038168,509.2041292866396,6.2328489760114065
MS,2004-09-01,2004,9,39.4372619391413,,,,4.55775984302414,4.61363828296053,FALSE,TRUE,FALSE,pre,TRUE,2004-08-04,2004-11-10,,-2,213826712,2227794,38.932269373804886,3.6618234536249936,95.9813663202253,526.6113985404395,6.266462892366192
MS,2004-10-01,2004,10,39.2462597797094,,,,4.55382324774985,4.60606764988873,FALSE,TRUE,FALSE,pre,TRUE,2004-08-04,2004-11-10,,-1,212181971,2227794,39.24156594962825,3.6697365408740974,95.24308396557312,539.2259338161427,6.290134655281508
MS,2004-11-01,2004,11,39.1120217303292,,,,4.54511886517433,4.5995768467415,FALSE,TRUE,FALSE,post,FALSE,2004-08-04,2004-11-10,,0,214673445,2227794,39.25694529506505,3.670128378767319,96.36144320345598,552.1301772066897,6.313783846746968
MS,2004-12-01,2004,12,40.2202058974588,,,,4.61097872318741,4.65321465530763,FALSE,TRUE,FALSE,post,FALSE,2004-08-04,2004-11-10,,1,230252538,2227794,39.41341028664445,3.6741061209988657,103.35450135874322,568.8767381544254,6.34366378175631
MS,2005-01-01,2005,1,39.6278305088399,,,,4.54206137236242,4.58937496288547,FALSE,TRUE,FALSE,post,FALSE,2004-08-04,2004-11-10,,2,219282624,2264468,39.423166104614765,3.6743536157143057,96.83626529498319,578.8842378633625,6.361102522977816
MS,2005-02-01,2005,2,40.3077581833724,,,,4.53951216481147,4.59300988767712,FALSE,TRUE,FALSE,post,FALSE,2004-08-04,2004-11-10,,3,201675233,2264468,39.6585563398085,3.6803067215165766,89.06075643374074,576.8374165767216,6.3575604531052425
MS,2005-03-01,2005,3,40.8001980171546,,,,4.56237210171425,4.61648218618559,FALSE,TRUE,FALSE,post,FALSE,2004-08-04,2004-11-10,,4,219529622,2264468,39.885712352810714,3.6860181733718536,96.94534080410939,577.8013910606056,6.359230195541534
MS,2005-04-01,2005,4,40.686735948571,,,,4.57021944461327,4.61961317930273,FALSE,TRUE,FALSE,post,FALSE,2004-08-04,2004-11-10,,5,232757592,2264468,40.12579171428765,3.6920193124527225,102.78687621110124,585.3451833061338,6.372201730150275
MS,2005-05-01,2005,5,40.9502075273261,,,,4.53113753172514,4.58592674654802,FALSE,TRUE,FALSE,post,FALSE,2004-08-04,2004-11-10,,6,215741891,2264468,40.432156013787136,3.699625409309425,95.27266051010656,584.2564006127843,6.370339928622603
MS,2005-06-01,2005,6,41.9474018753313,,,,4.54077456175871,4.59289868606995,FALSE,TRUE,FALSE,post,FALSE,2004-08-04,2004-11-10,,7,218681640,2264468,40.720022010099214,3.706719912765186,96.57086785947075,577.4727671135118,6.358661284770646
MS,2005-07-01,2005,7,42.3814916885156,,,,4.55697543959094,4.60896556822711,FALSE,TRUE,FALSE,post,FALSE,2004-08-04,2004-11-10,,8,220041655,2264468,41.17896554004517,3.717927580838398,97.1714570486313,577.80795886716,6.359241562369875
MS,2005-08-01,2005,8,42.4116665644718,,,,4.55247251275772,4.6069638747002,FALSE,TRUE,FALSE,post,FALSE,2004-08-04,2004-11-10,,9,227795451,2264468,41.52961693689507,3.726406833831644,100.59557079190344,589.3427732253227,6.379007972317465
MS,2005-09-01,2005,9,42.2766490383127,,,,4.59929311628038,4.65588097782205,FALSE,TRUE,FALSE,post,FALSE,2004-08-04,2004-11-10,,10,241006163,2264468,41.775692107088084,3.7323146418388458,106.42948498278625,598.8269174039996,6.39497260377964
MS,2005-10-01,2005,10,41.810295612394,,,,4.44807893337387,4.49895700646417,FALSE,TRUE,FALSE,post,FALSE,2004-08-04,2004-11-10,,11,207615271,2264468,41.962952051058586,3.7367871349870874,91.68390588871205,587.7239470816104,6.376257359907079
MS,2005-11-01,2005,11,42.0275104893878,,,,4.48839460576799,4.54672128805481,FALSE,TRUE,FALSE,post,FALSE,2004-08-04,2004-11-10,,12,221162685,2264468,42.142502544735535,3.7410567930563907,97.66650930814654,590.1177958796503,6.380322171004857
MS,2005-12-01,2005,12,41.9769235842997,,,,4.59815048825188,4.62287321275481,FALSE,TRUE,FALSE,post,FALSE,2004-08-04,2004-11-10,,13,241582374,2264468,42.1474228295636,3.7411735397449615,106.68394254191271,600.2308705620923,6.397314365475817
MS,2006-01-01,2006,1,42.2771133973181,,,,4.56727787073126,4.63097100087873,FALSE,TRUE,FALSE,post,FALSE,2004-08-04,2004-11-10,,14,245095777,2297981,42.13002644769735,3.7407607037547286,106.65700760798283,609.7164211214438,6.412993965668095
MS,2006-02-01,2006,2,42.2664657446668,,,,4.54908292720865,4.60366765894757,FALSE,TRUE,FALSE,post,FALSE,2004-08-04,2004-11-10,,15,215508492,2297981,42.10582631106318,3.7401861232997944,93.78166834277567,602.9025186723161,6.401755523082116
MS,2006-03-01,2006,3,41.7752876851318,,,,4.61223608479504,4.66514959523242,FALSE,TRUE,FALSE,post,FALSE,2004-08-04,2004-11-10,,16,251182595,2297981,42.02226608553303,3.7381996226998546,109.3057753741219,605.7788090636517,6.406514917894907
MS,2006-04-01,2006,4,41.5051888215062,,,,4.55899959026143,4.61503703836961,FALSE,TRUE,FALSE,post,FALSE,2004-08-04,2004-11-10,,17,236551997,2297981,41.9714149537184,3.736988790232501,102.93905693737241,617.0339601123121,6.424924063091372
MS,2006-05-01,2006,5,42.1340967394025,,,,4.52983594194465,4.58531007235353,FALSE,TRUE,FALSE,post,FALSE,2004-08-04,2004-11-10,,18,230008709,2297981,41.98917932872085,3.7374119500593066,100.09164958282945,619.459100386995,6.428846678529782
MS,2006-06-01,2006,6,42.2361492527683,,,,4.60214259380091,4.65025184871448,FALSE,TRUE,FALSE,post,FALSE,2004-08-04,2004-11-10,,19,244411489,2297981,42.03238360679895,3.738440359443195,106.35922968901832,619.1343875341006,6.4283223533762905
MS,2006-07-01,2006,7,42.5754550354193,,,,4.61320160819402,4.66471972193427,FALSE,TRUE,FALSE,post,FALSE,2004-08-04,2004-11-10,,20,245531621,2297981,42.08210721314915,3.7396226435337825,106.84667149119161,619.3240514173094,6.428628643646075
MS,2006-08-01,2006,8,43.6081713394197,,,,4.62200632650182,4.67436718554171,FALSE,TRUE,FALSE,post,FALSE,2004-08-04,2004-11-10,,21,257271752,2297981,42.30572481227463,3.74492241524647,111.95556099027799,637.4979440648117,6.457551052031007
MS,2006-09-01,2006,9,43.7687985748007,,,,4.65423400515478,4.70425963897111,FALSE,TRUE,FALSE,post,FALSE,2004-08-04,2004-11-10,,22,266438878,2297981,42.63797662721945,3.7527453262743555,115.9447697783402,644.1369384690299,6.467911340874502
MS,2006-10-01,2006,10,45.2886319540459,,,,4.66594680551593,4.72051918599988,FALSE,TRUE,FALSE,post,FALSE,2004-08-04,2004-11-10,,23,273248377,2297981,43.26855048264273,3.76742605431452,118.90802273822108,660.1059042698787,6.492400283162947
MT,2001-11-01,2001,11,43.0491748942074,,,,4.24240986883042,4.30146120107255,FALSE,TRUE,FALSE,pre,TRUE,2004-08-04,2004-11-10,,-36,143087976,2560584,,,55.88099277352354,,
MT,2001-12-01,2001,12,37.5658225382385,,,,4.21527067795268,4.26876583114452,FALSE,TRUE,FALSE,pre,TRUE,2004-08-04,2004-11-10,,-35,133527935,2560584,,,52.1474534715518,,
MT,2002-01-01,2002,1,45.3137135061556,,,,4.26827489898714,4.32621620306567,FALSE,TRUE,FALSE,pre,TRUE,2004-08-04,2004-11-10,,-34,137085843,2604742,,,52.62933641796385,,
MT,2002-02-01,2002,2,45.2272503470827,,,,4.3713519824181,4.43081823658883,FALSE,TRUE,FALSE,pre,TRUE,2004-08-04,2004-11-10,,-33,135960196,2604742,,,52.19718344465594,,
MT,2002-03-01,2002,3,44.5003629132853,,,,4.27144237201341,4.3307134821786,FALSE,TRUE,FALSE,pre,TRUE,2004-08-04,2004-11-10,,-32,129677914,2604742,,,49.785320004821976,,
MT,2002-04-01,2002,4,44.5403661527017,,,,4.25734556751892,4.27914082552969,FALSE,TRUE,FALSE,pre,TRUE,2004-08-04,2004-11-10,,-31,141329170,2604742,43.36611505861187,3.769678377137138,54.25841407709478,316.8987001896119,5.7585821650463425
MT,2002-05-01,2002,5,49.6422253804081,,,,4.30828916324993,4.30474055120154,FALSE,TRUE,FALSE,pre,TRUE,2004-08-04,2004-11-10,,-30,147276288,2604742,44.46495680631198,3.7947013914424277,56.54160296873932,317.55931038482765,5.760664605248646
MT,2002-06-01,2002,6,44.7790693170546,,,,4.24030575276888,4.30213214500397,FALSE,TRUE,FALSE,pre,TRUE,2004-08-04,2004-11-10,,-29,140639799,2604742,45.667164602781334,3.8213795408111104,53.993754083897755,319.4056109971736,5.766461802931473
MT,2002-07-01,2002,7,46.0491995670745,,,,4.27081482668308,4.32612855651171,FALSE,TRUE,FALSE,pre,TRUE,2004-08-04,2004-11-10,,-28,155723780,2604742,45.78974561293448,3.824060171137837,59.78472340062854,326.5609979798383,5.7886167550950764
MT,2002-08-01,2002,8,45.180294644768,,,,4.33772717508487,4.3908029530323,FALSE,TRUE,FALSE,pre,TRUE,2004-08-04,2004-11-10,,-27,169076120,2604742,45.7819196625487,3.823889245985798,64.91088944701625,339.2747039821986,5.826810115465981
MT,2002-09-01,2002,9,46.277012821422304,,,,4.37457027149475,4.43575831293226,FALSE,TRUE,FALSE,pre,TRUE,2004-08-04,2004-11-10,,-26,181426062,2604742,46.078027980571534,3.830336219911366,69.65221968241,359.14160365978665,5.883716749881353
MT,2002-10-01,2002,10,47.1175259828573,,,,4.34928623616127,4.40397575738376,FALSE,TRUE,FALSE,pre,TRUE,2004-08-04,2004-11-10,,-25,177426195,2604742,46.5075546189308,3.839614764320557,68.11661001358291,372.9997995962748,5.921577882368268
MT,2002-11-01,2002,11,43.6112742145986,,,,4.30404911742356,4.35986708497257,FALSE,TRUE,FALSE,pre,TRUE,2004-08-04,2004-11-10,,-24,170953688,2604742,45.502396091295886,3.817764985917507,65.63171630817946,382.08991293571495,5.945655955087684
MT,2002-12-01,2002,12,39.0912090207446,,,,4.36205887776288,4.41704667211537,FALSE,TRUE,FALSE,pre,TRUE,2004-08-04,2004-11-10,,-23,177736849,2604742,44.554419375244215,3.7967113493389717,68.23587480065204,396.3320336524692,5.982252328755233
MT,2003-01-01,2003,1,44.2028396690943,,,,4.36359691870262,4.42473956058838,FALSE,TRUE,FALSE,pre,TRUE,2004-08-04,2004-11-10,,-22,175829079,2651335,44.24669272558085,3.789780627995876,66.31718700201974,402.8644972538604,5.9986002703049035
MT,2003-02-01,2003,2,43.9081022800819,,,,4.37878282369664,4.43356819767814,FALSE,TRUE,FALSE,pre,TRUE,2004-08-04,2004-11-10,,-21,161012589,2651335,44.03466066479984,3.784977066193891,60.72887394463544,398.6824817514796,5.988165315000819
MT,2003-03-01,2003,3,44.7870973950828,,,,4.40081881183955,4.4469831681111,FALSE,TRUE,FALSE,pre,TRUE,2004-08-04,2004-11-10,,-20,176584525,2651335,43.786341427076586,3.7793219291858713,66.60211742386383,395.6323794929334,5.980485445471231
MT,2003-04-01,2003,4,44.7839998572556,,,,4.30983189229794,4.32447310917412,FALSE,TRUE,FALSE,pre,TRUE,2004-08-04,2004-11-10,,-19,180083209,2651335,43.39742040614297,3.770400001693397,67.92171076080541,395.43748024015594,5.9799926969375266
MT,2003-05-01,2003,5,44.0669332475199,,,,4.33250187832668,4.41676394848036,FALSE,TRUE,FALSE,pre,TRUE,2004-08-04,2004-11-10,,-18,180183672,2651335,43.473363578296514,3.772148419009705,67.95960223811778,397.76536617009424,5.985862299206038
MT,2003-06-01,2003,6,45.8399259451639,,,,4.44823635293249,4.49728204454962,FALSE,TRUE,FALSE,pre,TRUE,2004-08-04,2004-11-10,,-17,204140911,2651335,44.5981497323664,3.797692372344077,76.99551772974746,406.5250090991897,6.00764545009464
MT,2003-07-01,2003,7,45.4143680623397,,,,4.42072176897931,4.47248453296944,FALSE,TRUE,FALSE,pre,TRUE,2004-08-04,2004-11-10,,-16,210669349,2651335,44.800071131240635,3.802209727170586,79.45783878687529,419.6656608840452,6.039458348750757
MT,2003-08-01,2003,8,46.4801392751059,,,,4.40332283086644,4.45336946610357,FALSE,TRUE,FALSE,pre,TRUE,2004-08-04,2004-11-10,,-15,212386327,2651335,45.228743963744634,3.8117328131228327,80.10542877456074,439.0422157139705,6.084595571809336
MT,2003-09-01,2003,9,46.3786175385664,,,,4.56013425339824,4.61853278187257,FALSE,TRUE,FALSE,pre,TRUE,2004-08-04,2004-11-10,,-14,254563724,2651335,45.4939973209919,3.817580390242604,96.01341361993109,468.4535119100378,6.149436869241842
MT,2003-10-01,2003,10,48.0793573744834,,,,4.52546100179128,4.57531910360415,FALSE,TRUE,FALSE,pre,TRUE,2004-08-04,2004-11-10,,-13,242972951,2651335,46.0432235738632,3.8295805982111166,91.64173935017642,492.1735404994088,6.198831378891907
MT,2003-11-01,2003,11,50.3958822001137,,,,4.55872311472618,4.6111761265563,FALSE,TRUE,FALSE,pre,TRUE,2004-08-04,2004-11-10,,-12,247616629,2651335,47.0980483992955,3.852231564904789,93.39318833719616,517.6071265984872,6.249216511636123
MT,2003-12-01,2003,12,47.0241646776665,,,,4.49962319949489,4.55279574067383,FALSE,TRUE,FALSE,pre,TRUE,2004-08-04,2004-11-10,,-11,228511101,2651335,47.29542152137927,3.856413494224619,86.18718532361999,526.7987941923597,6.266818680937804
MT,2004-01-01,2004,1,49.6443153836931,,,,4.55226616629665,4.61293773389803,FALSE,TRUE,FALSE,pre,TRUE,2004-08-04,2004-11-10,,-10,236539714,2742646,48.00041274160483,3.871209609654356,86.2450764699491,533.5860318754335,6.279620317113797
MT,2004-02-01,2004,2,49.8428428041412,,,,4.55307585179194,4.59699722284146,FALSE,TRUE,FALSE,pre,TRUE,2004-08-04,2004-11-10,,-9,211600576,2742646,48.56086332977738,3.882817925213003,77.15198242864737,530.6325855295202,6.274069852425426
MT,2004-03-01,2004,3,54.9638883475185,,,,4.54017057816396,4.62371451102578,FALSE,TRUE,FALSE,pre,TRUE,2004-08-04,2004-11-10,,-8,225166367,2742646,49.991741797936065,3.911857827745785,82.09822448832259,516.7173963979117,6.247496103001799
MT,2004-04-01,2004,4,55.7789791293273,,,,4.62211734140516,4.69062389140985,FALSE,TRUE,FALSE,pre,TRUE,2004-08-04,2004-11-10,,-7,272393677,2742646,51.275012090410044,3.9372035397538343,99.31784014415277,524.393497191888,6.262242351339523
MT,2004-05-01,2004,5,57.1216896638691,,,,4.6206287476094,4.71918216907878,FALSE,TRUE,FALSE,pre,TRUE,2004-08-04,2004-11-10,,-6,261117281,2742646,52.39598000103595,3.9588298708465737,95.2063376024467,526.2066464571385,6.265693999573815
MT,2004-06-01,2004,6,57.6482118300318,,,,4.62558775016354,4.71202118897281,FALSE,TRUE,FALSE,pre,TRUE,2004-08-04,2004-11-10,,-5,266916924,2742646,54.166654526430165,3.992065488974214,97.32095356090433,537.3404146944229,6.28663181302333
MT,2004-07-01,2004,7,57.579514417366,,,,4.66357439267353,4.76449018648144,FALSE,TRUE,FALSE,pre,TRUE,2004-08-04,2004-11-10,,-4,294095127,2742646,55.48918769870898,4.016188185533762,107.23043622837217,558.325774452846,6.324942617206004
MT,2004-08-01,2004,8,57.8675971958225,,,,4.71379727651664,4.8091150705534,FALSE,TRUE,FALSE,pre,TRUE,2004-08-04,2004-11-10,,-3,320344277,2742646,56.826646763989196,4.040005348887369,116.8011755800785,597.974967604277,6.393548892880952
MT,2004-09-01,2004,9,56.8939497989821,,,,4.65062436600402,4.74263570056903,FALSE,TRUE,FALSE,pre,TRUE,2004-08-04,2004-11-10,,-2,303590977,2742646,57.14832367256646,4.045650057747047,110.69273139880247,626.569474514757,6.440259661268159
MT,2004-10-01,2004,10,57.7508599379494,,,,4.61962332074212,4.69926440611744,FALSE,TRUE,FALSE,pre,TRUE,2004-08-04,2004-11-10,,-1,292805853,2742646,57.47697047400348,4.051384354080761,106.76035222919765,634.0119865998018,6.45206786056734
MT,2004-11-01,2004,11,57.4573952302722,,,,4.62092021746484,4.70406489776028,FALSE,TRUE,FALSE,post,FALSE,2004-08-04,2004-11-10,,0,292541598,2742646,57.53292140173733,4.0523573300784825,106.66400184347525,645.4696508408304,6.469978192668343
MT,2004-12-01,2004,12,58.0849358479963,,,,4.68647077676906,4.78863097945495,FALSE,TRUE,FALSE,post,FALSE,2004-08-04,2004-11-10,,1,308126440,2742646,57.60570873806475,4.053621672826616,112.34641291657763,660.4951101965037,6.492989720750273
MT,2005-01-01,2005,1,56.153415290716,,,,4.60986898987455,4.68465055881814,FALSE,TRUE,FALSE,post,FALSE,2004-08-04,2004-11-10,,2,274934792,2803274,57.36802555028975,4.049487101955466,98.0763179054206,651.3409918735521,6.479033302115571
MT,2005-02-01,2005,2,58.9961725281609,,,,4.61966011123013,4.75276443113078,FALSE,TRUE,FALSE,post,FALSE,2004-08-04,2004-11-10,,3,249248224,2803274,57.55612143901281,4.05276049682689,88.91325785492249,623.4530741483961,6.43527350029642
MT,2005-03-01,2005,3,57.3514013408259,,,,4.64867711197628,4.73063910261224,FALSE,TRUE,FALSE,post,FALSE,2004-08-04,2004-11-10,,4,279626844,2803274,57.63236336265345,4.054084273850361,99.75009364050749,612.5104363901011,6.417565981277966
MT,2005-04-01,2005,4,56.3199692657677,,,,4.65863249265854,4.75342632644971,FALSE,TRUE,FALSE,post,FALSE,2004-08-04,2004-11-10,,5,315410126,2803274,57.3938815839565,4.049937705030126,112.51491149277595,618.2649956536794,6.426917161107264
MT,2005-05-01,2005,5,58.1058955196218,,,,4.63445725789174,4.7255821210306,FALSE,TRUE,FALSE,post,FALSE,2004-08-04,2004-11-10,,6,293060250,2803274,57.501964965514766,4.051819120532711,104.5421353745656,616.1431291847698,6.4234792891165196
MT,2005-06-01,2005,6,56.8074573166283,,,,4.60762775410611,4.70742580557143,FALSE,TRUE,FALSE,post,FALSE,2004-08-04,2004-11-10,,7,285911809,2803274,57.28905187695344,4.048109538745288,101.99210244877953,605.7888187169717,6.406531441369274
MT,2005-07-01,2005,7,56.7359333282742,,,,4.57631837794743,4.67123460594872,FALSE,TRUE,FALSE,post,FALSE,2004-08-04,2004-11-10,,8,292104819,2803274,57.38613821654647,4.049802779675779,104.20130854136984,611.9138093529209,6.41659143820358
MT,2005-08-01,2005,8,58.1602887421939,,,,4.58395953341833,4.67888003254751,FALSE,TRUE,FALSE,post,FALSE,2004-08-04,2004-11-10,,9,303378135,2803274,57.24682425221863,4.047372169318777,108.22279056560293,631.2233420636013,6.447659749303546
MT,2005-09-01,2005,9,60.0959689572328,,,,4.52253463172381,4.6298776526016,FALSE,TRUE,FALSE,post,FALSE,2004-08-04,2004-11-10,,10,284891821,2803274,57.704252188286446,4.055330865569723,101.62824647180405,633.1014948948979,6.450630748777585
MT,2005-10-01,2005,10,57.940071060276,,,,4.47693596866362,4.5704718169423,FALSE,TRUE,FALSE,post,FALSE,2004-08-04,2004-11-10,,11,274748648,2803274,57.974269154037835,4.059999276835967,98.00991554874764,618.5964989508695,6.4274532006017004
MT,2005-11-01,2005,11,57.9230891769734,,,,4.53646086866955,4.64965730542837,FALSE,TRUE,FALSE,post,FALSE,2004-08-04,2004-11-10,,12,292658008,2803274,57.9438014302631,4.059473599962245,104.39864529831904,618.453008874623,6.427221212995736
MT,2005-12-01,2005,12,57.2399417945986,,,,4.57236178696007,4.66812609139113,FALSE,TRUE,FALSE,post,FALSE,2004-08-04,2004-11-10,,13,298429361,2803274,58.01588217659148,4.060716803692543,106.45743548436577,622.9183419102093,6.434415437821452
MT,2006-01-01,2006,1,57.6652390672209,,,,4.5683990174027,4.65115220323688,FALSE,TRUE,FALSE,post,FALSE,2004-08-04,2004-11-10,,14,283355426,2856999,58.170766466415934,4.063382934153827,99.17939278242659,617.896426151266,6.426320848187554
MT,2006-02-01,2006,2,52.9579761777266,,,,4.49952996654082,4.6116141981097,FALSE,TRUE,FALSE,post,FALSE,2004-08-04,2004-11-10,,15,239754253,2856999,57.30371437233805,4.048365444871731,83.91821383206644,593.5918494177296,6.386191960993623
MT,2006-03-01,2006,3,50.9308959145569,,,,4.61980330164749,4.70790567372501,FALSE,TRUE,FALSE,post,FALSE,2004-08-04,2004-11-10,,16,295137452,2856999,55.776202198558735,4.0213472945203455,103.30330952163442,595.2669124675599,6.3890098973406015
MT,2006-04-01,2006,4,51.5445419443081,,,,4.52881648994266,4.64191627974707,FALSE,TRUE,FALSE,post,FALSE,2004-08-04,2004-11-10,,17,296390045,2856999,54.71028067923075,4.002051638372038,103.74173914656603,600.9987360653784,6.398592831480381
MT,2006-05-01,2006,5,49.6416685721082,,,,4.51991271729469,4.62576007000437,FALSE,TRUE,FALSE,post,FALSE,2004-08-04,2004-11-10,,18,277359122,2856999,53.330043911753215,3.976499848009007,97.08058070723861,593.6806714742979,6.386341584698663
MT,2006-06-01,2006,6,50.9582384425234,,,,4.44921313266119,4.56978137350558,FALSE,TRUE,FALSE,post,FALSE,2004-08-04,2004-11-10,,19,259255534,2856999,52.283093353074015,3.956673055962647,90.74400586069508,577.9672418506271,6.359517192067374
MT,2006-07-01,2006,7,49.593846538333,,,,4.50781325458917,4.62001834735128,FALSE,TRUE,FALSE,post,FALSE,2004-08-04,2004-11-10,,20,288620149,2856999,50.937861264926035,3.9306064832934973,101.02213861467925,579.8099876828799,6.3627004424221125
MT,2006-08-01,2006,8,50.7559037701155,,,,4.51650783785008,4.63620785439832,FALSE,TRUE,FALSE,post,FALSE,2004-08-04,2004-11-10,,21,296897779,2856999,50.57084919699085,3.923375307456156,103.91945499455898,599.8112288453724,6.396614987122288
MT,2006-09-01,2006,9,51.1737400039461,,,,4.55720096707735,4.67011599295991,FALSE,TRUE,FALSE,post,FALSE,2004-08-04,2004-11-10,,22,306889302,2856999,50.61132321188905,3.9241753301497466,107.41666412903889,603.9245834527768,6.4034493283057765
MT,2006-10-01,2006,10,52.5009854206205,,,,4.57756718831205,4.68075882551252,FALSE,TRUE,FALSE,post,FALSE,2004-08-04,2004-11-10,,23,319843267,2856999,50.77073045794112,3.92732001644574,111.95078017178164,612.1336244779925,6.41695059932979
PA,2001-11-01,2001,11,36.669515011032,,,,3.25925476769561,3.3658012263127493,FALSE,TRUE,FALSE,pre,TRUE,2004-08-04,2004-11-10,,-36,132235957,6341736,,,20.85169691705867,,
PA,2001-12-01,2001,12,37.6732859302523,,,,3.13431259909296,3.2888334667820525,FALSE,TRUE,FALSE,pre,TRUE,2004-08-04,2004-11-10,,-35,112473988,6341736,,,17.735520368555235,,
PA,2002-01-01,2002,1,42.1157302440343,,,,3.33892026188379,3.435817284111802,FALSE,TRUE,FALSE,pre,TRUE,2004-08-04,2004-11-10,,-34,149410834,6453683,,,23.151250843897973,,
PA,2002-02-01,2002,2,41.4171178525183,,,,3.28282426842889,3.299384055251678,FALSE,TRUE,FALSE,pre,TRUE,2004-08-04,2004-11-10,,-33,129636515,6453683,,,20.08721454090633,,
PA,2002-03-01,2002,3,40.8530930982975,,,,3.31216802623443,3.2856672510006266,FALSE,TRUE,FALSE,pre,TRUE,2004-08-04,2004-11-10,,-32,125299100,6453683,,,19.415130864035312,,
PA,2002-04-01,2002,4,41.1784669676818,,,,3.31719880437489,3.2891492687690462,FALSE,TRUE,FALSE,pre,TRUE,2004-08-04,2004-11-10,,-31,127868934,6453683,39.98453485063603,3.6884927506196776,19.81332736671448,121.054140901168,4.796237890987069
PA,2002-05-01,2002,5,41.7764061975412,,,,3.26856871945561,3.2740873255585776,FALSE,TRUE,FALSE,pre,TRUE,2004-08-04,2004-11-10,,-30,125952020,6453683,40.8356833817209,3.709556291866017,19.51630100207897,119.7187449861883,4.7851452000210015
PA,2002-06-01,2002,6,40.9819340079148,,,,3.29239053846974,3.326310893127576,FALSE,TRUE,FALSE,pre,TRUE,2004-08-04,2004-11-10,,-29,134572158,6453683,41.387124727997985,3.72296983555344,20.851993815004548,122.83521843263762,4.810843769649254
PA,2002-07-01,2002,7,41.6366133904608,,,,3.3167251695847,3.3551756501687673,FALSE,TRUE,FALSE,pre,TRUE,2004-08-04,2004-11-10,,-28,139609319,6453683,41.307271919069066,3.7210385599897653,21.632503331818437,121.31647092055807,4.798402593381115
PA,2002-08-01,2002,8,41.131764180611,,,,3.34744309954023,3.449365135328157,FALSE,TRUE,FALSE,pre,TRUE,2004-08-04,2004-11-10,,-27,155869432,6453683,41.259712973751185,3.719886551093247,24.152012424533403,125.38126880418514,4.831359245464304
PA,2002-09-01,2002,9,41.8018628644862,,,,3.35923543595157,3.4396819257665014,FALSE,TRUE,FALSE,pre,TRUE,2004-08-04,2004-11-10,,-26,155897838,6453683,41.417841268115964,3.7237117365048475,24.156413942240423,130.12255188239027,4.868476713174219
PA,2002-10-01,2002,10,42.4284857642422,,,,3.31453578278851,3.3767297240548944,FALSE,TRUE,FALSE,pre,TRUE,2004-08-04,2004-11-10,,-25,146948665,6453683,41.626177734209364,3.7287292418152824,22.76973706331718,133.07896157899296,4.890942648136612
PA,2002-11-01,2002,11,41.3524199276262,,,,3.37677564410964,3.477529775006686,FALSE,TRUE,FALSE,pre,TRUE,2004-08-04,2004-11-10,,-24,168837520,6453683,41.5555133558902,3.7270302045778285,26.161421315549585,139.72408189246357,4.939669634316235
PA,2002-12-01,2002,12,35.8593099974333,,,,3.32759803745456,3.4275395268676125,FALSE,TRUE,FALSE,pre,TRUE,2004-08-04,2004-11-10,,-23,158201891,6453683,40.70174268747662,3.7062709094060087,24.513427604051827,143.38551568151087,4.9655369166589445
PA,2003-01-01,2003,1,40.7570746988644,,,,3.29246284996651,3.454275016037077,FALSE,TRUE,FALSE,pre,TRUE,2004-08-04,2004-11-10,,-22,167355951,6574993,40.555152905543885,3.7026628478405335,25.453403676627488,147.20641602631991,4.9918357924802095
PA,2003-02-01,2003,2,41.7134429057873,,,,3.47393881618117,3.518618048574743,FALSE,TRUE,FALSE,pre,TRUE,2004-08-04,2004-11-10,,-21,183689353,6574993,40.652099359739935,3.705050479426325,27.937573925934217,150.99197752772073,5.01722670644804
PA,2003-03-01,2003,3,39.4059560241543,,,,3.33392814955701,3.364661126041325,FALSE,TRUE,FALSE,pre,TRUE,2004-08-04,2004-11-10,,-20,151830394,6574993,40.252781553017954,3.6951791083840786,23.092099717824794,149.92766330330508,5.010152933134277
PA,2003-04-01,2003,4,39.5320936245938,,,,3.29463276809749,3.3330681871944106,FALSE,TRUE,FALSE,pre,TRUE,2004-08-04,2004-11-10,,-19,147851113,6574993,39.77004952974322,3.6831141046234808,22.4868852331858,149.64481147317372,5.008264562619629
PA,2003-05-01,2003,5,39.3888787820438,,,,3.39517684764936,3.454648964938002,FALSE,TRUE,FALSE,pre,TRUE,2004-08-04,2004-11-10,,-18,171240205,6574993,39.44279267214615,3.674851335344954,26.04416537021408,149.52755552783822,5.007480693758243
PA,2003-06-01,2003,6,41.2697119818018,,,,3.33935616341859,3.426493184996912,FALSE,TRUE,FALSE,pre,TRUE,2004-08-04,2004-11-10,,-17,166824880,6574993,40.344526336207565,3.697455730897125,25.372632335882336,150.3867602596687,5.013210377452482
PA,2003-07-01,2003,7,40.434678776648,,,,3.40791712000818,3.501679911832398,FALSE,TRUE,FALSE,pre,TRUE,2004-08-04,2004-11-10,,-16,179673754,6574993,40.290793682504834,3.6961229982523367,27.32683578522441,152.26019236826565,5.025590849296851
PA,2003-08-01,2003,8,41.008485430236,,,,3.37526060259867,3.50012835748416,FALSE,TRUE,FALSE,pre,TRUE,2004-08-04,2004-11-10,,-15,184021686,6574993,40.17330076991295,3.6932026150206356,27.98811892271216,152.3107373650436,5.025922758827982
PA,2003-09-01,2003,9,41.9045747045463,,,,3.4114387001714,3.5623773352919033,FALSE,TRUE,FALSE,pre,TRUE,2004-08-04,2004-11-10,,-14,194336789,6574993,40.58973721664495,3.703515256738816,29.556957551133515,158.7755951983523,5.067491854372626
PA,2003-10-01,2003,10,41.9709591990652,,,,3.4130254931226,3.5311886996128385,FALSE,TRUE,FALSE,pre,TRUE,2004-08-04,2004-11-10,,-13,189203352,6574993,40.99621481239018,3.713479740793382,28.776205845390255,165.06491581055676,5.1063388256825135
PA,2003-11-01,2003,11,42.8292252629075,,,,3.42065370525233,3.5774525436805726,FALSE,TRUE,FALSE,pre,TRUE,2004-08-04,2004-11-10,,-12,200815078,6574993,41.569605892534135,3.7273692726454923,30.542249702775347,169.56300014311802,5.133224540024048
PA,2003-12-01,2003,12,42.436034626553,,,,3.4098447331483,3.6137143714738142,FALSE,TRUE,FALSE,pre,TRUE,2004-08-04,2004-11-10,,-11,194784887,6574993,41.76399299999267,3.7320345568192077,29.62510941076287,173.81547721799856,5.157994260753626
PA,2004-01-01,2004,1,42.4575659195223,,,,3.40139941659103,3.552588009768269,FALSE,TRUE,FALSE,pre,TRUE,2004-08-04,2004-11-10,,-10,210468950,6850181,42.10114085713838,3.740074839065551,30.724582313956375,177.21322374673053,5.1773536614968085
PA,2004-02-01,2004,2,42.4866730476292,,,,3.45281686333436,3.4925751570522516,FALSE,TRUE,FALSE,pre,TRUE,2004-08-04,2004-11-10,,-9,197883902,6850181,42.347505460037254,3.7459095164125022,28.887397573874324,178.11250239789268,5.182415386584705
PA,2004-03-01,2004,3,43.8224844286985,,,,3.30330763545801,3.3368540350341553,FALSE,TRUE,FALSE,pre,TRUE,2004-08-04,2004-11-10,,-8,161721911,6850181,42.66715708072928,3.7534294692650434,23.608414288615148,172.1639591353743,5.148447273545511
PA,2004-04-01,2004,4,43.3986448211831,,,,3.39553843665326,3.417367678790018,FALSE,TRUE,FALSE,pre,TRUE,2004-08-04,2004-11-10,,-7,178232903,6850181,42.905104684415605,3.7589908091679036,26.01871439601377,169.40646768599782,5.132300961453685
PA,2004-05-01,2004,5,43.7041131450495,,,,3.45725322182269,3.5163617478489675,FALSE,TRUE,FALSE,pre,TRUE,2004-08-04,2004-11-10,,-6,199709598,6850181,43.05091933143927,3.7623835856152787,29.15391549507962,168.0181334783021,5.124071910949286
PA,2004-06-01,2004,6,44.8295280274881,,,,3.39517737708411,3.4758053779113887,FALSE,TRUE,FALSE,pre,TRUE,2004-08-04,2004-11-10,,-5,194105027,6850181,43.449834898261784,3.7716070518943265,28.33575156627248,166.72877563381172,5.116368394138769
PA,2004-07-01,2004,7,45.7370512972161,,,,3.38656272839829,3.473860574017217,FALSE,TRUE,FALSE,pre,TRUE,2004-08-04,2004-11-10,,-4,196053145,6850181,43.996415794544085,3.784108171385372,28.620140840074153,164.6243341599295,5.1036661154686565
PA,2004-08-01,2004,8,44.233004515686,,,,3.36372127205605,3.4896955562966236,FALSE,TRUE,FALSE,pre,TRUE,2004-08-04,2004-11-10,,-3,199518390,6850181,44.287471039220215,3.7907018162646526,29.126002655988213,164.86293924204338,5.1051144574416885
PA,2004-09-01,2004,9,43.323538574073,,,,3.37455903975552,3.5322776908438076,FALSE,TRUE,FALSE,pre,TRUE,2004-08-04,2004-11-10,,-2,210436533,6850181,44.20431339678263,3.7888223724847405,30.719850030240078,171.97437498366833,5.147345483061344
PA,2004-10-01,2004,10,43.9180071566769,,,,3.422241396479,3.5322287537052692,FALSE,TRUE,FALSE,pre,TRUE,2004-08-04,2004-11-10,,-1,213265459,6850181,44.2908737860316,3.790778646483591,31.132821015970237,177.08848160362479,5.176649503733093
PA,2004-11-01,2004,11,44.3062133897679,,,,3.40586215674679,3.5632686135395892,FALSE,TRUE,FALSE,post,FALSE,2004-08-04,2004-11-10,,0,222036283,6850181,44.391223826818,3.7930417883424057,32.41319944684673,180.3477655553919,5.194887017782317
PA,2004-12-01,2004,12,44.7243323963385,,,,3.41217948142,3.636487526619486,FALSE,TRUE,FALSE,post,FALSE,2004-08-04,2004-11-10,,1,222336586,6850181,44.3736912216264,3.7926467537634836,32.4570381424958,184.4690521316152,5.217481710286765
PA,2005-01-01,2005,1,46.1818245478805,,,,3.43141209813133,3.5893555751132573,FALSE,TRUE,FALSE,post,FALSE,2004-08-04,2004-11-10,,2,238009052,6970586,44.44782009673713,3.7943159190641276,34.14476946414548,189.99368075568654,5.24699081242679
PA,2005-02-01,2005,2,48.1483720989046,,,,3.36671907536314,3.4202578650531823,FALSE,TRUE,FALSE,post,FALSE,2004-08-04,2004-11-10,,3,197134215,6970586,45.1003813606069,3.80889070236217,28.280866917071247,189.14854501676956,5.242532658830418
PA,2005-03-01,2005,3,48.9503306820567,,,,3.45976735194933,3.478499962963546,FALSE,TRUE,FALSE,post,FALSE,2004-08-04,2004-11-10,,4,205619943,6970586,46.03818004527085,3.829471053212905,29.498229130233813,187.9269241167633,5.236053185759358
PA,2005-04-01,2005,4,49.1286143622937,,,,3.46193909032475,3.4797879753890477,FALSE,TRUE,FALSE,post,FALSE,2004-08-04,2004-11-10,,5,208862096,6970586,46.90661457954032,3.848158701318713,29.963348275166535,186.75745137595962,5.229810723489808
PA,2005-05-01,2005,5,49.3465536271852,,,,3.48102133901982,3.5423126586809293,FALSE,TRUE,FALSE,post,FALSE,2004-08-04,2004-11-10,,6,223186732,6970586,47.746671285776536,3.865909353204156,32.018360005887594,186.36261193500047,5.2276943023848315
PA,2005-06-01,2005,6,48.8737899752095,,,,3.51538223579368,3.5869404440959745,FALSE,TRUE,FALSE,post,FALSE,2004-08-04,2004-11-10,,7,238280091,6970586,48.4382475489217,3.880289740262535,34.18365270868188,188.08922650118654,5.2369164592875626
PA,2005-07-01,2005,7,49.712411332999,,,,3.48671801787109,3.5903825616755483,FALSE,TRUE,FALSE,post,FALSE,2004-08-04,2004-11-10,,8,236347682,6970586,49.02667867977478,3.8923646127970524,33.906429387715754,187.85088642475682,5.2356484907991385
PA,2005-08-01,2005,8,51.4127323201844,,,,3.4870550602508,3.59354125175582,FALSE,TRUE,FALSE,post,FALSE,2004-08-04,2004-11-10,,9,241259083,6970586,49.57073871665475,3.9034007144159895,34.61101878665581,194.1810382943414,5.268790910999191
PA,2005-09-01,2005,9,51.4316429945197,,,,3.58548148771428,3.7377694255792338,FALSE,TRUE,FALSE,post,FALSE,2004-08-04,2004-11-10,,10,282130904,6970586,49.98429076873192,3.9117087714364547,40.47448865848582,205.1572978225934,5.323776991360988
PA,2005-10-01,2005,10,51.2520703909332,,,,3.51305968749718,3.646373093344265,FALSE,TRUE,FALSE,post,FALSE,2004-08-04,2004-11-10,,11,254335172,6970586,50.3382001068385,3.9187642343368956,36.48691401268129,211.68086356010815,5.355079779912879
PA,2005-11-01,2005,11,50.5941545291157,,,,3.43136052769731,3.589709363728977,FALSE,TRUE,FALSE,post,FALSE,2004-08-04,2004-11-10,,12,246154454,6970586,50.54613359049358,3.9228864557062693,35.31330852241117,214.9758120766317,5.370525519829687
PA,2005-12-01,2005,12,49.5363045919434,,,,3.56191161531618,3.762080017290234,FALSE,TRUE,FALSE,post,FALSE,2004-08-04,2004-11-10,,13,280553746,6970586,50.65655269328256,3.925068594356124,40.24822963234368,221.04038900029352,5.398345440477409
PA,2006-01-01,2006,1,50.2963878163458,,,,3.56671099201185,3.720563867681765,FALSE,TRUE,FALSE,post,FALSE,2004-08-04,2004-11-10,,14,294514050,7110465,50.7538821071737,3.926988109718959,41.41980165854132,228.55376127111907,5.431771461746336
PA,2006-02-01,2006,2,50.2392790570406,,,,3.51847101942663,3.5366058047807565,FALSE,TRUE,FALSE,post,FALSE,2004-08-04,2004-11-10,,15,244959719,7110465,50.5583065633164,3.923127255672386,34.45059064350925,228.39333312797254,5.431069287898621
PA,2006-03-01,2006,3,49.3138145403251,,,,3.53625320907458,3.5949302323474264,FALSE,TRUE,FALSE,post,FALSE,2004-08-04,2004-11-10,,16,237946963,7110465,50.205335154283965,3.916121299024364,33.46433222018532,221.38317668967204,5.399895031342609
PA,2006-04-01,2006,4,50.6710977472026,,,,3.57587150753347,3.5785047954740956,FALSE,TRUE,FALSE,post,FALSE,2004-08-04,2004-11-10,,17,249041820,7110465,50.10850638032886,3.914190781708979,35.024688258784764,219.9209509357755,5.393268167855352
PA,2006-05-01,2006,5,53.8211198698431,,,,3.51197801858894,3.583567133088257,FALSE,TRUE,FALSE,post,FALSE,2004-08-04,2004-11-10,,18,241864678,7110465,50.646333937116765,3.924866847761523,34.01531095364368,218.622953367008,5.38734857190905
PA,2006-06-01,2006,6,51.5434210866517,,,,3.54785440309379,3.632533182501541,FALSE,TRUE,FALSE,post,FALSE,2004-08-04,2004-11-10,,19,261863358,7110465,50.980853352901484,3.931450137782011,36.827880876989056,215.20260461165338,5.371579931428389
PA,2006-07-01,2006,7,52.0370950239254,,,,3.53406494255146,3.660400806127624,FALSE,TRUE,FALSE,post,FALSE,2004-08-04,2004-11-10,,20,264629192,7110465,51.27097122083141,3.9371247288740663,37.216861625786784,210.99966457889886,5.351856543801338
PA,2006-08-01,2006,8,53.5807864524777,,,,3.55267963003062,3.676096184920741,FALSE,TRUE,FALSE,post,FALSE,2004-08-04,2004-11-10,,21,273658257,7110465,51.827889120070935,3.947928404381528,38.48668926715764,215.03576320254723,5.370804354771583
PA,2006-09-01,2006,9,53.5548676702234,,,,3.54417686902653,3.721258001435433,FALSE,TRUE,FALSE,post,FALSE,2004-08-04,2004-11-10,,22,287440641,7110465,52.53473130838732,3.961474499601864,40.42501313205255,221.99644411441446,5.40266136424136
PA,2006-10-01,2006,10,53.4379000737634,,,,3.68164365146428,3.8216853511295,FALSE,TRUE,FALSE,post,FALSE,2004-08-04,2004-11-10,,23,317539791,7110465,52.99586502948078,3.9702138921968517,44.65809071558611,231.6298465712158,5.445140608601255
PB,2001-11-01,2001,11,37.7949671056609,,,,3.34208459209174,3.44793020235108,FALSE,TRUE,FALSE,pre,TRUE,2004-08-04,2004-11-10,,-36,76881302,3468594,,,22.16497577981165,,
PB,2001-12-01,2001,12,35.2769518519178,,,,3.41047851254971,3.4811497624431,FALSE,TRUE,FALSE,pre,TRUE,2004-08-04,2004-11-10,,-35,85030161,3468594,,,24.51430204861105,,
PB,2002-01-01,2002,1,39.7064985221486,,,,3.27561978596256,3.33244988289576,FALSE,TRUE,FALSE,pre,TRUE,2004-08-04,2004-11-10,,-34,79166599,3494893,,,22.65208090777028,,
PB,2002-02-01,2002,2,38.992156494081,,,,3.41398345032797,3.49570310541152,FALSE,TRUE,FALSE,pre,TRUE,2004-08-04,2004-11-10,,-33,86273392,3494893,,,24.68556033045933,,
PB,2002-03-01,2002,3,38.0163275106866,,,,3.30835884976824,3.37204675574667,FALSE,TRUE,FALSE,pre,TRUE,2004-08-04,2004-11-10,,-32,70913078,3494893,,,20.29048614650005,,
PB,2002-04-01,2002,4,39.3107661617276,,,,3.37336163788792,3.44996060735179,FALSE,TRUE,FALSE,pre,TRUE,2004-08-04,2004-11-10,,-31,76667231,3494893,38.18294460770375,3.6423889396742153,21.936932260873224,136.2443374740256,4.914449872856054
PB,2002-05-01,2002,5,39.2089918134538,,,,3.15451368371025,3.23485031464473,FALSE,TRUE,FALSE,pre,TRUE,2004-08-04,2004-11-10,,-30,60183384,3494893,38.4186153923359,3.648542117969915,17.220379565268523,131.29974125948246,4.877482810701192
PB,2002-06-01,2002,6,39.2317462449602,,,,3.26583596633588,3.31819040386754,FALSE,TRUE,FALSE,pre,TRUE,2004-08-04,2004-11-10,,-29,70900097,3494893,39.0777477911763,3.665553194786547,20.286771869696725,127.07221108056814,4.844755516057448
PB,2002-07-01,2002,7,38.4144204935493,,,,3.24582208584381,3.30641587201625,FALSE,TRUE,FALSE,pre,TRUE,2004-08-04,2004-11-10,,-28,67384142,3494893,38.862401453076416,3.660027239597197,19.28074536187517,123.70087553467303,4.817866357260807
PB,2002-08-01,2002,8,38.2940073902012,,,,3.36102058860895,3.40370282635307,FALSE,TRUE,FALSE,pre,TRUE,2004-08-04,2004-11-10,,-27,77655989,3494893,38.74604326909645,3.6570286414012503,22.219847360133773,121.23516256434746,4.79773215172638
PB,2002-09-01,2002,9,40.6524812647709,,,,3.50124374248287,3.54957733609433,FALSE,TRUE,FALSE,pre,TRUE,2004-08-04,2004-11-10,,-26,93000924,3494893,39.1854022281105,3.6683042853012067,26.61052112325041,127.55519754109783,4.8485491928058
PB,2002-10-01,2002,10,40.2055099874878,,,,3.29679876045512,3.35209798510866,FALSE,TRUE,FALSE,pre,TRUE,2004-08-04,2004-11-10,,-25,76259626,3494893,39.33452619907053,3.6721026624327116,21.820303511437974,127.43856879166258,4.8476344350903835
PB,2002-11-01,2002,11,37.4434199702007,,,,3.32806952489452,3.39514509282399,FALSE,TRUE,FALSE,pre,TRUE,2004-08-04,2004-11-10,,-24,84744532,3494893,39.04026422519502,3.6645935295853853,24.248104877602835,134.4662941039969,4.901313566178829
PB,2002-12-01,2002,12,37.1561458930111,,,,3.2465676499704,3.31333416017785,FALSE,TRUE,FALSE,pre,TRUE,2004-08-04,2004-11-10,,-23,81984440,3494893,38.6943308332035,3.655693099206913,23.458354805139958,137.63787703944013,4.924626156801611
PB,2003-01-01,2003,1,36.5143479841569,,,,3.40690098797256,3.45792266690328,FALSE,TRUE,FALSE,pre,TRUE,2004-08-04,2004-11-10,,-22,103697023,3518595,38.377652081638104,3.6474753131386355,29.471144874587726,147.8282765521527,4.996051306535851
PB,2003-02-01,2003,2,37.6289918913151,,,,3.35004107644278,3.40073276335297,FALSE,TRUE,FALSE,pre,TRUE,2004-08-04,2004-11-10,,-21,93939684,3518595,38.26681616515708,3.644583101964701,26.698066699918577,152.3064958919375,5.025894910941235
PB,2003-03-01,2003,3,35.4036076553814,,,,3.28798958732321,3.328941876289,FALSE,TRUE,FALSE,pre,TRUE,2004-08-04,2004-11-10,,-20,81132310,3518595,37.3920038969255,3.6214568820146584,23.058155314834472,148.75413008352155,5.002294809307663
PB,2003-04-01,2003,4,35.4927291106433,,,,3.20983687527593,3.27460878863617,FALSE,TRUE,FALSE,pre,TRUE,2004-08-04,2004-11-10,,-19,76426089,3518595,36.60654041745142,3.6002269243727567,21.720626841111297,148.65445341319486,5.001624508048117
PB,2003-05-01,2003,5,32.7956796581348,,,,3.1865403669146,3.25513754669562,FALSE,TRUE,FALSE,pre,TRUE,2004-08-04,2004-11-10,,-18,73622009,3518595,35.8319170321071,3.5788390334331037,20.923695111258898,145.33004364685092,4.979007318967291
PB,2003-06-01,2003,6,35.9171829845231,,,,3.3484862948458,3.40080758026421,FALSE,TRUE,FALSE,pre,TRUE,2004-08-04,2004-11-10,,-17,90200491,3518595,35.625423214025766,3.573059518210203,25.635371789023743,147.5070606307347,4.993876043317153
PB,2003-07-01,2003,7,35.160021973147,,,,3.40243904553567,3.4867038036117,FALSE,TRUE,FALSE,pre,TRUE,2004-08-04,2004-11-10,,-16,91886510,3518595,35.39970221219079,3.566703408019341,26.114545720664072,144.15046147681107,4.970857625444609
PB,2003-08-01,2003,8,34.1790452369991,,,,3.23401130902169,3.28585423364178,FALSE,TRUE,FALSE,pre,TRUE,2004-08-04,2004-11-10,,-15,79673811,3518595,34.82471110313812,3.5503272239570345,22.64364355659006,140.09603833348254,4.942328175523323
PB,2003-09-01,2003,9,35.5538644593683,,,,3.21941719322525,3.30270969878339,FALSE,TRUE,FALSE,pre,TRUE,2004-08-04,2004-11-10,,-14,81442078,3518595,34.8497539038026,3.551046075597743,23.146192727494924,140.18407574614298,4.942956385739698
PB,2003-10-01,2003,10,34.2927253411568,,,,3.36281812776755,3.43759253821997,FALSE,TRUE,FALSE,pre,TRUE,2004-08-04,2004-11-10,,-13,93704432,3518595,34.64975327555485,3.545290605135954,26.631207058499204,145.0946559635309,4.977386329187992
PB,2003-11-01,2003,11,35.9583053459842,,,,3.17367892529717,3.26375679271559,FALSE,TRUE,FALSE,pre,TRUE,2004-08-04,2004-11-10,,-12,81181834,3518595,35.176857556863084,3.560388410614296,23.07223025099507,147.24319110326707,4.992085581077293
PB,2003-12-01,2003,12,33.4213811925454,,,,3.2869330689254,3.36786058308352,FALSE,TRUE,FALSE,pre,TRUE,2004-08-04,2004-11-10,,-11,94047704,3518595,34.76089059153347,3.5484929212293164,26.728766453655506,148.33658576789884,4.999483919782908
PB,2004-01-01,2004,1,35.6800997959276,,,,3.19495770320309,3.25961630122373,FALSE,TRUE,FALSE,pre,TRUE,2004-08-04,2004-11-10,,-10,91238552,3568350,34.84757022866357,3.5509834139341305,25.568834895680077,147.79087494291485,4.995798267385659
PB,2004-02-01,2004,2,36.2614199700653,,,,3.2915267273861,3.35073740078141,FALSE,TRUE,FALSE,pre,TRUE,2004-08-04,2004-11-10,,-9,95363597,3568350,35.1946326841746,3.5608935904144867,26.724843975506886,151.87207536183166,5.023038557032568
PB,2004-03-01,2004,3,37.7919317383595,,,,3.26111526568188,3.33641363126022,FALSE,TRUE,FALSE,pre,TRUE,2004-08-04,2004-11-10,,-8,84503165,3568350,35.5676438973398,3.5714363452885625,23.681299480151893,152.40718211448865,5.026555768877606
PB,2004-04-01,2004,4,37.3911379829174,,,,3.29363499982376,3.3518426348883,FALSE,TRUE,FALSE,pre,TRUE,2004-08-04,2004-11-10,,-7,88479167,3568350,36.0840460042999,3.58585082871598,24.795540515924728,150.57151557191415,5.014438157847914
PB,2004-05-01,2004,5,37.4885177309053,,,,3.35942848260022,3.41483526581659,FALSE,TRUE,FALSE,pre,TRUE,2004-08-04,2004-11-10,,-6,93546660,3568350,36.33908140178675,3.5928937847670466,26.215662701248476,153.71494802216756,5.035099900351533
PB,2004-06-01,2004,6,36.7855587336197,,,,3.21311808875046,3.27822333580213,FALSE,TRUE,FALSE,pre,TRUE,2004-08-04,2004-11-10,,-5,84601725,3568350,36.899777658632466,3.608205525517013,23.70892008911682,150.69510165762887,5.015258601173389
PB,2004-07-01,2004,7,37.1566528424137,,,,3.24520727807559,3.31496123783777,FALSE,TRUE,FALSE,pre,TRUE,2004-08-04,2004-11-10,,-4,85433433,3568350,37.14586983304682,3.614852589560626,23.941999243347766,149.06826600529658,5.004404362131078
PB,2004-08-01,2004,8,38.582618961092,,,,3.23865018612134,3.30356578776826,FALSE,TRUE,FALSE,pre,TRUE,2004-08-04,2004-11-10,,-3,87600496,3568350,37.53273633155127,3.625213521002044,24.549300376924908,146.8927224067146,4.989702540813858
PB,2004-09-01,2004,9,37.2078230095441,,,,3.49968454617163,3.55790973668968,FALSE,TRUE,FALSE,pre,TRUE,2004-08-04,2004-11-10,,-2,116681838,3568350,37.4353848767487,3.6226163768305106,32.69910126529068,155.91052419185337,5.049282279826695
PB,2004-10-01,2004,10,38.9656134405274,,,,3.28882166244263,3.36145771163315,FALSE,TRUE,FALSE,pre,TRUE,2004-08-04,2004-11-10,,-1,94535170,3568350,37.69779745301703,3.6296016697503797,26.49268429386131,157.60766796978996,5.060108830870828
PB,2004-11-01,2004,11,39.783374791905,,,,3.42474694127667,3.57449804302368,FALSE,TRUE,FALSE,post,FALSE,2004-08-04,2004-11-10,,0,113673739,3568350,38.08027362985032,3.6396963955551818,31.856106884134125,163.24811215267562,5.0952712039406745
PB,2004-12-01,2004,12,40.3013371422057,,,,3.34649419885555,3.42820871301976,FALSE,TRUE,FALSE,post,FALSE,2004-08-04,2004-11-10,,1,108889255,3568350,38.66623669794798,3.654966782495773,30.515295584794092,170.05448764835288,5.136118901274663
PB,2005-01-01,2005,1,41.3306581048769,,,,3.33880008012917,3.40416345749539,FALSE,TRUE,FALSE,post,FALSE,2004-08-04,2004-11-10,,2,113261872,3595886,39.36190424169185,3.672798451138057,31.49762589804015,177.61011430304526,5.179590778841019
PB,2005-02-01,2005,2,44.7150154356572,,,,3.27688230369496,3.35123577807808,FALSE,TRUE,FALSE,post,FALSE,2004-08-04,2004-11-10,,3,101332736,3595886,40.38397032078605,3.69843293199341,28.180185912456626,181.24099983857698,5.199827636438857
PB,2005-03-01,2005,3,45.8920292542328,,,,3.38060924673423,3.46031969057119,FALSE,TRUE,FALSE,post,FALSE,2004-08-04,2004-11-10,,4,102859847,3595886,41.83133802823417,3.733645772229978,28.60486873054374,177.14676730383005,5.176978582789516
PB,2005-04-01,2005,4,47.8758070267659,,,,3.41319843545993,3.46331420775413,FALSE,TRUE,FALSE,post,FALSE,2004-08-04,2004-11-10,,5,108422174,3595886,43.31637029260725,3.7685306303630606,30.15172727945213,180.80581028942086,5.19742358399824
PB,2005-05-01,2005,5,48.6486138001189,,,,3.42453059218928,3.50296928633013,FALSE,TRUE,FALSE,post,FALSE,2004-08-04,2004-11-10,,6,108761652,3595886,44.793910127309566,3.802072195522718,30.24613461049655,179.1958380157833,5.1884792749127655
PB,2005-06-01,2005,6,50.7773835141876,,,,3.42135683217548,3.49668428755095,FALSE,TRUE,FALSE,post,FALSE,2004-08-04,2004-11-10,,7,112536588,3595886,46.539917855973215,3.8403103928526745,31.29592762395693,179.97647005494613,5.19282612042839
PB,2005-07-01,2005,7,50.1756226185441,,,,3.38077222855241,3.43841923370075,FALSE,TRUE,FALSE,post,FALSE,2004-08-04,2004-11-10,,8,105597563,3595886,48.01407860825108,3.8714942722411467,29.36621544731952,177.8450596042255,5.180912719567396
PB,2005-08-01,2005,8,50.3762129427476,,,,3.39510225914585,3.48917466930914,FALSE,TRUE,FALSE,post,FALSE,2004-08-04,2004-11-10,,9,110038380,3595886,48.957611526099484,3.890954852824939,30.601187023170368,180.26606071493924,5.194433874636389
PB,2005-09-01,2005,9,50.3309708961411,,,,3.42830069645795,3.49299921943505,FALSE,TRUE,FALSE,post,FALSE,2004-08-04,2004-11-10,,10,116386016,3595886,49.6974351330842,3.9059533247907,32.366436533305006,184.0276285177005,5.215085901324357
PB,2005-10-01,2005,10,50.0180905155507,,,,3.38941092104863,3.4610279163937,FALSE,TRUE,FALSE,post,FALSE,2004-08-04,2004-11-10,,11,112252771,3595886,50.054482381215,3.9131120598173794,31.2169993709478,185.09290060919616,5.220857864490561
PB,2005-11-01,2005,11,49.8319018042964,,,,3.42551339819098,3.48978944381128,FALSE,TRUE,FALSE,post,FALSE,2004-08-04,2004-11-10,,12,122133686,3595886,50.25169704857792,3.9170443184799235,33.96483815115385,188.81160414985348,5.240749714480771
PB,2005-12-01,2005,12,54.6788411095521,,,,3.41048963158796,3.46535770933622,FALSE,TRUE,FALSE,post,FALSE,2004-08-04,2004-11-10,,13,122978524,3595886,50.90193998113867,3.929901036408536,34.19978386411582,191.71546039001237,5.256012295678174
PB,2006-01-01,2006,1,52.9234757269196,,,,3.45617214460905,3.52762715015284,FALSE,TRUE,FALSE,post,FALSE,2004-08-04,2004-11-10,,14,135167743,3623215,51.35991549920125,3.938858014115579,37.306023241789404,199.65526818448225,5.296592220260933
PB,2006-02-01,2006,2,49.7547147786218,,,,3.44006064922702,3.4953123291112,FALSE,TRUE,FALSE,post,FALSE,2004-08-04,2004-11-10,,15,126127075,3623215,51.25633247184695,3.936839170811839,34.81081718860184,203.86489834991372,5.317457511460594
PB,2006-03-01,2006,3,52.1486615585503,,,,3.42921156455616,3.49986013615475,FALSE,TRUE,FALSE,post,FALSE,2004-08-04,2004-11-10,,16,114335545,3623215,51.559280915581816,3.9427322314179105,31.556378796179636,203.05484061278835,5.313476093359543
PB,2006-04-01,2006,4,50.3579719551869,,,,3.48456274183292,3.53485018944206,FALSE,TRUE,FALSE,post,FALSE,2004-08-04,2004-11-10,,17,122308134,3623215,51.61592782218785,3.943830303580612,33.756797209108484,205.59463845094905,5.325906455667779
PB,2006-05-01,2006,5,51.2500151034647,,,,3.48636230025864,3.56636689311986,FALSE,TRUE,FALSE,post,FALSE,2004-08-04,2004-11-10,,18,121891458,3623215,51.852280038715904,3.948398907454446,33.641795477221194,205.2715957770164,5.32433395973802
PB,2006-06-01,2006,6,51.2323568472722,,,,3.4516019873866,3.50191286571778,FALSE,TRUE,FALSE,post,FALSE,2004-08-04,2004-11-10,,19,121704700,3623215,51.277865995002585,3.9372591969844564,33.59025064756025,204.6620625604608,5.321360143593075
PB,2006-07-01,2006,7,52.3142989281838,,,,3.47446256864855,3.53945203609647,FALSE,TRUE,FALSE,post,FALSE,2004-08-04,2004-11-10,,20,122473078,3623215,51.176336528546614,3.935277248031847,33.80232141896079,201.1583607376322,5.304092462223196
PB,2006-08-01,2006,8,52.7678585418005,,,,3.52027812230513,3.5878383462448,FALSE,TRUE,FALSE,post,FALSE,2004-08-04,2004-11-10,,21,130799480,3623215,51.67852715574307,3.945042359759856,36.10039150312637,202.4479350521567,5.310482742634385
PB,2006-09-01,2006,9,53.4312719282648,,,,3.52969525035039,3.5791439801828,FALSE,TRUE,FALSE,post,FALSE,2004-08-04,2004-11-10,,22,134918822,3623215,51.89229555069548,3.949170331188875,37.237321550059825,208.1288778060369,5.338157492662211
PB,2006-10-01,2006,10,55.0985861577537,,,,3.47344278194908,3.53399196679342,FALSE,TRUE,FALSE,post,FALSE,2004-08-04,2004-11-10,,23,127033024,3623215,52.68239791778995,3.964281394400075,35.06085727730758,209.43293787423602,5.344403582505216
PE,2001-11-01,2001,11,52.717739253295,,,,3.53839176120394,3.61806660404327,FALSE,TRUE,FALSE,pre,TRUE,2004-08-04,2004-11-10,,-36,214928506,8008207,,,26.838530272756437,,
PE,2001-12-01,2001,12,53.9978254454821,,,,3.54768704991805,3.63776306032341,FALSE,TRUE,FALSE,pre,TRUE,2004-08-04,2004-11-10,,-35,216434902,8008207,,,27.026636798973854,,
PE,2002-01-01,2002,1,55.3840996688781,,,,3.66043015593379,3.73330406293968,FALSE,TRUE,FALSE,pre,TRUE,2004-08-04,2004-11-10,,-34,261960673,8084667,,,32.40215991580111,,
PE,2002-02-01,2002,2,54.6647622261792,,,,3.54480152901869,3.61332556030275,FALSE,TRUE,FALSE,pre,TRUE,2004-08-04,2004-11-10,,-33,214075035,8084667,,,26.479140699301528,,
PE,2002-03-01,2002,3,54.6644142929965,,,,3.62098241844338,3.67438930377851,FALSE,TRUE,FALSE,pre,TRUE,2004-08-04,2004-11-10,,-32,229544237,8084667,,,28.3925407193642,,
PE,2002-04-01,2002,4,55.7809282880878,,,,3.57666352169632,3.64936760108612,FALSE,TRUE,FALSE,pre,TRUE,2004-08-04,2004-11-10,,-31,212137863,8084667,54.534961529153115,3.9988419919463896,26.239530088252245,167.37853849444937,5.120257944904815
PE,2002-05-01,2002,5,55.4503648859299,,,,3.68179463477606,3.74528493398975,FALSE,TRUE,FALSE,pre,TRUE,2004-08-04,2004-11-10,,-30,250665858,8084667,54.990399134592266,4.007158608805661,31.005093716290357,171.5451019379833,5.144846217092613
PE,2002-06-01,2002,6,54.047879671984,,,,3.5563676707899,3.61985758379642,FALSE,TRUE,FALSE,pre,TRUE,2004-08-04,2004-11-10,,-29,223379342,8084667,54.998741505675916,4.007310303255697,27.629999108188375,172.1484642471978,5.148357268729334
PE,2002-07-01,2002,7,55.7911889845119,,,,3.63436343815904,3.70923310184997,FALSE,TRUE,FALSE,pre,TRUE,2004-08-04,2004-11-10,,-28,239249294,8084667,55.066589724948216,4.008543175171089,29.5929682694414,169.33927260083811,5.131904232709678
PE,2002-08-01,2002,8,54.8347001411055,,,,3.6282028844208,3.70024641954488,FALSE,TRUE,FALSE,pre,TRUE,2004-08-04,2004-11-10,,-27,235331664,8084667,55.094912710769265,4.009057383598151,29.10839296163961,171.96852486317619,5.147311465086295
PE,2002-09-01,2002,9,54.8332695826202,,,,3.6114277423039,3.69189479716246,FALSE,TRUE,FALSE,pre,TRUE,2004-08-04,2004-11-10,,-26,240258279,8084667,55.12305525903988,4.009568054397125,29.7177705649472,173.2937547087592,5.154988158615526
PE,2002-10-01,2002,10,54.9662612619349,,,,3.62691414271742,3.70289430244635,FALSE,TRUE,FALSE,pre,TRUE,2004-08-04,2004-11-10,,-25,245937451,8084667,54.987277421347734,4.007101838862104,30.42023264532726,177.4744572658342,5.178826695832785
PE,2002-11-01,2002,11,54.0510931766573,,,,3.58276734026271,3.6622151504439,FALSE,TRUE,FALSE,pre,TRUE,2004-08-04,2004-11-10,,-24,251636238,8084667,54.7540654698023,4.002851621096039,31.125120923347865,177.5944844728917,5.179502774179945
PE,2002-12-01,2002,12,50.8493844825771,,,,3.59807086860266,3.67149561962589,FALSE,TRUE,FALSE,pre,TRUE,2004-08-04,2004-11-10,,-23,260840438,8084667,54.220982938234485,3.9930679726084186,32.26359700405719,182.2280823687605,5.205259102305683
PE,2003-01-01,2003,1,55.3256478469393,,,,3.54258092803311,3.62509440677392,FALSE,TRUE,FALSE,pre,TRUE,2004-08-04,2004-11-10,,-22,269254885,8161862,54.14339274863905,3.9916359484332578,32.98939445435368,185.6245085536728,5.2237258620311575
PE,2003-02-01,2003,2,55.0596704011172,,,,3.56992282757964,3.6563227801914,FALSE,TRUE,FALSE,pre,TRUE,2004-08-04,2004-11-10,,-21,258573703,8161862,54.180887791974335,3.9923282224949106,31.68072469247826,188.19684028451147,5.237488437873844
PE,2003-03-01,2003,3,49.0384384240425,,,,3.58811638939242,3.65161242095799,FALSE,TRUE,FALSE,pre,TRUE,2004-08-04,2004-11-10,,-20,257319421,8161862,53.21508259887805,3.97434186366465,31.5270487298119,190.00611844937615,5.2470562740071385
PE,2003-04-01,2003,4,50.4335058917537,,,,3.5501489472563,3.62524236753709,FALSE,TRUE,FALSE,pre,TRUE,2004-08-04,2004-11-10,,-19,245867579,8161862,52.459623370514514,3.960043795048002,30.12395688630854,189.70984269035745,5.245495761152985
PE,2003-05-01,2003,5,47.0838853438285,,,,3.5785245261356,3.65697627644558,FALSE,TRUE,FALSE,pre,TRUE,2004-08-04,2004-11-10,,-18,264770736,8161862,51.29842206504305,3.937659992737635,32.43999175678295,191.0247135237925,5.2524028098533675
PE,2003-06-01,2003,6,50.935446770407,,,,3.57536604037542,3.65527772404265,FALSE,TRUE,FALSE,pre,TRUE,2004-08-04,2004-11-10,,-17,267173329,8161862,51.312765779681364,3.937939566827615,32.73436000265626,191.49547652239158,5.254864187048719
PE,2003-07-01,2003,7,50.2895105330527,,,,3.58854684692755,3.67027725104975,FALSE,TRUE,FALSE,pre,TRUE,2004-08-04,2004-11-10,,-16,266434236,8161862,50.47340956070027,3.9214466542562127,32.643805543391935,191.14988761142985,5.253057872182165
PE,2003-08-01,2003,8,51.2925796594745,,,,3.52904798628221,3.61367028117915,FALSE,TRUE,FALSE,pre,TRUE,2004-08-04,2004-11-10,,-15,247633731,8161862,49.84556110375981,3.908929447383117,30.340347704972224,189.8095106239238,5.246020993581778
PE,2003-09-01,2003,9,51.3909091372565,,,,3.58900251965505,3.67382200179899,FALSE,TRUE,FALSE,pre,TRUE,2004-08-04,2004-11-10,,-14,274313990,8161862,50.23763955596215,3.9167645376955647,33.60924137163799,191.8917032657499,5.256931167403396
PE,2003-10-01,2003,10,50.8821949224005,,,,3.53769982888363,3.63062080985974,FALSE,TRUE,FALSE,pre,TRUE,2004-08-04,2004-11-10,,-13,258347799,8161862,50.31242106106995,3.9182519862050285,31.653046694492016,193.42079307393337,5.264868090548911
PE,2003-11-01,2003,11,51.279044793203,,,,3.5826441009248,3.66588935438959,FALSE,TRUE,FALSE,pre,TRUE,2004-08-04,2004-11-10,,-12,281889775,8161862,51.01161430263237,3.932053338221625,34.537434595194085,195.51823591234452,5.275653653399281
PE,2003-12-01,2003,12,47.3522569172462,,,,3.57888014810142,3.65040318152471,FALSE,TRUE,FALSE,pre,TRUE,2004-08-04,2004-11-10,,-11,286108639,8161862,50.41441599377223,3.920277165800542,35.05433429283661,197.83821020252486,5.2874495764805935
PE,2004-01-01,2004,1,49.7025590191336,,,,3.53003190680406,3.60381144292308,FALSE,TRUE,FALSE,pre,TRUE,2004-08-04,2004-11-10,,-10,292629142,8323911,50.31659074145239,3.9183348585359825,35.15524637397012,200.34965103310304,5.300064095294278
PE,2004-02-01,2004,2,52.1789599461043,,,,3.61524721789666,3.68051084610404,FALSE,TRUE,FALSE,pre,TRUE,2004-08-04,2004-11-10,,-9,296031412,8323911,50.46432078922402,3.921266567553861,35.563980921948826,205.57328425007964,5.325802584720122
PE,2004-03-01,2004,3,53.4547255086517,,,,3.60261797749589,3.66846442214899,FALSE,TRUE,FALSE,pre,TRUE,2004-08-04,2004-11-10,,-8,276368416,8323911,50.80829018445655,3.928059533877384,33.20175047522733,205.165793353669,5.323818400344589
PE,2004-04-01,2004,4,52.9068949156394,,,,3.64378490539259,3.72150464180558,FALSE,TRUE,FALSE,pre,TRUE,2004-08-04,2004-11-10,,-7,292294733,8323911,51.1457401833297,3.9346792080562714,35.11507186946136,208.62781852863833,5.340551891914171
PE,2004-05-01,2004,5,54.2439121854753,,,,3.57917434564984,3.66633259476703,FALSE,TRUE,FALSE,pre,TRUE,2004-08-04,2004-11-10,,-6,281104274,8323911,51.63988474870842,3.9442943341538834,33.770696731380234,207.86108066482447,5.336869975150054
PE,2004-06-01,2004,6,56.1039937813061,,,,3.62458258773889,3.70851629443216,FALSE,TRUE,FALSE,pre,TRUE,2004-08-04,2004-11-10,,-5,302976037,8323911,53.09850755938507,3.972148821626636,36.398279246378294,209.20502561836616,5.343314754934562
PE,2004-07-01,2004,7,54.5759438373462,,,,3.6422267050475,3.72737291972912,FALSE,TRUE,FALSE,pre,TRUE,2004-08-04,2004-11-10,,-4,306112009,8323911,53.9107383624205,3.9873296855749514,36.775021861718606,210.82480110611465,5.351027462052764
PE,2004-08-01,2004,8,54.6715066489242,,,,3.67984025616771,3.76055032520153,FALSE,TRUE,FALSE,pre,TRUE,2004-08-04,2004-11-10,,-3,314369230,8323911,54.32616281289049,3.995005930660594,37.767010002870045,213.02783018703587,5.361422815329489
PE,2004-09-01,2004,9,54.0699460931729,,,,3.65582896816207,3.73708490435816,FALSE,TRUE,FALSE,pre,TRUE,2004-08-04,2004-11-10,,-2,320596830,8323911,54.42869957697735,3.996891580501271,38.51516793007518,218.3412476418837,5.386059195051625
PE,2004-10-01,2004,10,55.3952313915302,,,,3.66406119070432,3.74386972227821,FALSE,TRUE,FALSE,pre,TRUE,2004-08-04,2004-11-10,,-1,318486459,8323911,54.84342232295915,4.004482258344324,38.26163674743759,221.48781251985994,5.400367565487696
PE,2004-11-01,2004,11,56.5933613366412,,,,3.63675427517783,3.71120618192767,FALSE,TRUE,FALSE,post,FALSE,2004-08-04,2004-11-10,,0,326747577,8323911,55.234997181486804,4.01159675929657,39.25409305793875,226.97120884641848,5.424823176161693
PE,2004-12-01,2004,12,57.3514465070401,,,,3.64080760881833,3.72401949193776,FALSE,TRUE,FALSE,post,FALSE,2004-08-04,2004-11-10,,1,339354535,8323911,55.442905969109134,4.015353769978175,40.76864048642519,231.34157008646537,5.443895276765922
PE,2005-01-01,2005,1,57.5318762055882,,,,3.68796639444626,3.76630107541589,FALSE,TRUE,FALSE,post,FALSE,2004-08-04,2004-11-10,,2,374449701,8413593,55.935561363816134,4.024200338251325,44.50532620249161,239.07187442723836,5.476764236542443
PE,2005-02-01,2005,2,61.5181032846721,,,,3.68848148737238,3.76358632175626,FALSE,TRUE,FALSE,post,FALSE,2004-08-04,2004-11-10,,3,345536797,8413593,57.07666080310745,4.044395290601481,41.06887473639383,242.37373916076217,5.490480911530769
PE,2005-03-01,2005,3,60.7129152362985,,,,3.65650184896555,3.73831155084427,FALSE,TRUE,FALSE,post,FALSE,2004-08-04,2004-11-10,,4,311392881,8413593,58.18382232696172,4.063607349206743,37.01068984439823,240.8692610750852,5.484254301126718
PE,2005-04-01,2005,4,62.6366192536517,,,,3.68670666007097,3.76402175868349,FALSE,TRUE,FALSE,post,FALSE,2004-08-04,2004-11-10,,5,335413650,8413593,59.390720303981965,4.084137990325697,39.865685207259254,242.47330953490686,5.490891640546496
PE,2005-05-01,2005,5,61.8561885142997,,,,3.69818589367513,3.77646529678855,FALSE,TRUE,FALSE,post,FALSE,2004-08-04,2004-11-10,,6,341623749,8413593,60.26785816692505,4.098798929563422,40.60378829829301,243.82300477526113,5.496442571805059
PE,2005-06-01,2005,6,62.3048759340344,,,,3.7009406598955,3.7833218963026,FALSE,TRUE,FALSE,post,FALSE,2004-08-04,2004-11-10,,7,352517682,8413593,61.09342973809077,4.112404327467332,41.898589817691445,244.9529541065274,5.501066168050757
PE,2005-07-01,2005,7,62.4208426296524,,,,3.667671889706,3.75037264726536,FALSE,TRUE,FALSE,post,FALSE,2004-08-04,2004-11-10,,8,336869266,8413593,61.9082574754348,4.1256535710428786,40.038692862847064,240.48632076688284,5.4826632096200045
PE,2005-08-01,2005,8,63.3678421342303,,,,3.69105037815636,3.77655235868701,FALSE,TRUE,FALSE,post,FALSE,2004-08-04,2004-11-10,,9,342025470,8413593,62.2165472836945,4.130620997864408,40.65153496253028,240.0689809930193,5.480926302848792
PE,2005-09-01,2005,9,62.7896376086875,,,,3.70761728876291,3.79253405390449,FALSE,TRUE,FALSE,post,FALSE,2004-08-04,2004-11-10,,10,363624141,8413593,62.56266767909267,4.136168737257145,43.218651175544146,246.2769423241652,5.506456684520773
PE,2005-10-01,2005,10,62.93298026435,,,,3.73165926848144,3.81629102886831,FALSE,TRUE,FALSE,post,FALSE,2004-08-04,2004-11-10,,11,367064218,8413593,62.61206118087571,4.13695793016847,43.6275225102997,250.03877962720566,5.521616024341437
PE,2005-11-01,2005,11,62.9021658478877,,,,3.85236376466253,3.91799838360545,FALSE,TRUE,FALSE,post,FALSE,2004-08-04,2004-11-10,,12,437681101,8413593,62.78639073647372,4.139738341971643,52.020712316367096,261.45570364527975,5.566264875830417
PE,2005-12-01,2005,12,63.8865592331923,,,,3.73804310961332,3.8285122493822,FALSE,TRUE,FALSE,post,FALSE,2004-08-04,2004-11-10,,13,405603991,8413593,63.0500046196667,4.143928135680818,48.20817824204237,267.7652920696307,5.590110820935543
PE,2006-01-01,2006,1,64.6819439653348,,,,3.75621870670826,3.8328646102169,FALSE,TRUE,FALSE,post,FALSE,2004-08-04,2004-11-10,,14,430576202,8502603,63.426854842280434,4.149887349713313,50.64051585143985,278.3671150582234,5.6289408002844965
PE,2006-02-01,2006,2,63.3738780007266,,,,3.71154215981364,3.78974980654911,FALSE,TRUE,FALSE,post,FALSE,2004-08-04,2004-11-10,,15,375206683,8502603,63.427860820029814,4.149903210026336,44.12844901731858,281.84402911301174,5.641353829676654
PE,2006-03-01,2006,3,64.6053367757974,,,,3.73298821754612,3.8111106378624,FALSE,TRUE,FALSE,post,FALSE,2004-08-04,2004-11-10,,16,352086227,8502603,63.73047734788147,4.154662899457911,41.40922809167969,280.0346060291473,5.634913188493509
PE,2006-04-01,2006,4,63.9357640629653,,,,3.84787096398722,3.90273410396471,FALSE,TRUE,FALSE,post,FALSE,2004-08-04,2004-11-10,,17,417140155,8502603,63.89760798098401,4.1572819268954095,49.060288361105414,285.467371879953,5.654127738431871
PE,2006-05-01,2006,5,64.3550628841722,,,,3.76667176907013,3.85683049065557,FALSE,TRUE,FALSE,post,FALSE,2004-08-04,2004-11-10,,18,382259403,8502603,64.13975748703143,4.161064413263651,44.95792676666193,278.4045863302478,5.629075402211956
PE,2006-06-01,2006,6,64.3698542479272,,,,3.78563392536853,3.86347555594653,FALSE,TRUE,FALSE,post,FALSE,2004-08-04,2004-11-10,,19,401401109,8502603,64.22030665615391,4.162319463738007,47.209202758261206,277.4056108464667,5.625480734231573
PE,2006-07-01,2006,7,66.3066722583082,,,,3.78436527159847,3.86086687723651,FALSE,TRUE,FALSE,post,FALSE,2004-08-04,2004-11-10,,20,396861182,8502603,64.49109470498281,4.166527147680244,46.67525721240895,273.44035220743575,5.611083507427582
PE,2006-08-01,2006,8,66.5313985099489,,,,3.77763262359801,3.85384852884128,FALSE,TRUE,FALSE,post,FALSE,2004-08-04,2004-11-10,,21,392403724,8502603,65.01734812318654,4.174654128488585,46.15101093159354,275.4629141217107,5.618453006543482
PE,2006-09-01,2006,9,67.7948685205112,,,,3.79304488481183,3.87585181971423,FALSE,TRUE,FALSE,post,FALSE,2004-08-04,2004-11-10,,22,415457950,8502603,65.5489367473055,4.182796989594639,48.86244247790941,282.91612850794047,5.6451504880219225
PE,2006-10-01,2006,10,67.9975944227708,,,,3.77648365798594,3.85061468812147,FALSE,TRUE,FALSE,post,FALSE,2004-08-04,2004-11-10,,23,402310453,8502603,66.22590847393975,4.193071753054828,47.31615165379355,281.1719918006286,5.6389665525598875
PI,2001-11-01,2001,11,42.7565861070063,,,,2.87131585791575,2.92213188699915,FALSE,FALSE,TRUE,pre,TRUE,2004-08-04,2004-11-10,coded_removal_in_scm_window:PI_2001_01,-36,39238353,2873010,,,13.657576200570134,,
PI,2001-12-01,2001,12,43.2295677651049,,,,2.77055653017565,2.86702670171838,FALSE,FALSE,TRUE,pre,TRUE,2004-08-04,2004-11-10,coded_removal_in_scm_window:PI_2001_01,-35,35708600,2873010,,,12.428985628313162,,
PI,2002-01-01,2002,1,47.4743500260387,,,,2.98247710746167,3.02642226006915,FALSE,FALSE,TRUE,pre,TRUE,2004-08-04,2004-11-10,coded_removal_in_scm_window:PI_2001_01,-34,49130859,2898223,,,16.95206304000762,,
PI,2002-02-01,2002,2,46.7268045340467,,,,2.99621768120773,3.04583739140943,FALSE,FALSE,TRUE,pre,TRUE,2004-08-04,2004-11-10,coded_removal_in_scm_window:PI_2001_01,-33,42896511,2898223,,,14.800969766646666,,
PI,2002-03-01,2002,3,46.4210232535143,,,,2.9943459875767102,3.0439002920911302,FALSE,FALSE,TRUE,pre,TRUE,2004-08-04,2004-11-10,coded_removal_in_scm_window:PI_2001_01,-32,42424295,2898223,,,14.638036824633577,,
PI,2002-04-01,2002,4,47.4925642609612,,,,2.97757224327348,3.03842792456925,FALSE,FALSE,TRUE,pre,TRUE,2004-08-04,2004-11-10,coded_removal_in_scm_window:PI_2001_01,-31,40928694,2898223,45.68348265777868,3.8217368027607574,14.121996133492834,86.599627593664,4.461295515255032
PI,2002-05-01,2002,5,47.6842564918861,,,,2.92578318276975,2.98086638997625,FALSE,FALSE,TRUE,pre,TRUE,2004-08-04,2004-11-10,coded_removal_in_scm_window:PI_2001_01,-30,40660527,2898223,46.504761055258655,3.8395546956371205,14.029468056805843,86.9715194498997,4.465580702414905
PI,2002-06-01,2002,6,47.3329422973344,,,,2.93227925451803,2.9971113493639,FALSE,FALSE,TRUE,pre,TRUE,2004-08-04,2004-11-10,coded_removal_in_scm_window:PI_2001_01,-29,42003720,2898223,47.188656810630235,3.854153541900915,14.492922042230704,89.03545586381725,4.489034670892029
PI,2002-07-01,2002,7,47.5782919513291,,,,2.97099359166345,3.02738862602711,FALSE,FALSE,TRUE,pre,TRUE,2004-08-04,2004-11-10,coded_removal_in_scm_window:PI_2001_01,-28,43689326,2898223,47.2059804648453,3.8545205893288106,15.074521870815325,87.15791469462495,4.467721584762962
PI,2002-08-01,2002,8,48.0451475617123,,,,2.9895929878917,3.03913732212431,FALSE,FALSE,TRUE,pre,TRUE,2004-08-04,2004-11-10,coded_removal_in_scm_window:PI_2001_01,-27,46683492,2898223,47.42570430278957,3.859164366586705,16.107625948727893,88.46457087670618,4.482602142784041
PI,2002-09-01,2002,9,48.4335053633059,,,,2.94504034031697,3.00321960501989,FALSE,FALSE,TRUE,pre,TRUE,2004-08-04,2004-11-10,coded_removal_in_scm_window:PI_2001_01,-26,46545747,2898223,47.76111798775483,3.866211877264201,16.06009855004256,89.88663260211516,4.498549238565506
PI,2002-10-01,2002,10,47.4102300356654,,,,3.06421200824079,3.1207445403474,FALSE,FALSE,TRUE,pre,TRUE,2004-08-04,2004-11-10,coded_removal_in_scm_window:PI_2001_01,-25,51987081,2898223,47.7473956168722,3.8659245233842348,17.9375710564715,93.70220752509383,4.540121748466256
PI,2002-11-01,2002,11,47.9963788403553,,,,3.00527446083963,3.05637343441641,FALSE,FALSE,TRUE,pre,TRUE,2004-08-04,2004-11-10,coded_removal_in_scm_window:PI_2001_01,-24,49683457,2898223,47.79941600828373,3.8670134220228554,17.1427309078701,96.81547037615809,4.572806799448523
PI,2002-12-01,2002,12,48.1410450324148,,,,2.91059296455547,2.99973136753995,FALSE,FALSE,TRUE,pre,TRUE,2004-08-04,2004-11-10,coded_removal_in_scm_window:PI_2001_01,-23,47525663,2898223,47.9340997974638,3.8698271467023395,16.398207798364723,98.72075613229211,4.592295219490509
PI,2003-01-01,2003,1,52.1288141263037,,,,2.94500766379999,2.99568607290544,FALSE,FALSE,TRUE,pre,TRUE,2004-08-04,2004-11-10,coded_removal_in_scm_window:PI_2001_01,-22,54448831,2923725,48.692520159959564,3.8855254281478024,18.623102719989056,102.26933698146584,4.627609891776136
PI,2003-02-01,2003,2,51.7571820482324,,,,2.94510766737963,3.00121683617215,FALSE,FALSE,TRUE,pre,TRUE,2004-08-04,2004-11-10,coded_removal_in_scm_window:PI_2001_01,-21,47703127,2923725,49.31119257437958,3.8981510851875347,16.315873414907355,102.4775844476453,4.629644086347031
PI,2003-03-01,2003,3,44.2136571565025,,,,2.99546417144823,3.04392161053286,FALSE,FALSE,TRUE,pre,TRUE,2004-08-04,2004-11-10,coded_removal_in_scm_window:PI_2001_01,-20,49571467,2923725,48.60788453991235,3.883785751079574,16.95490068320379,103.37238658080652,4.638337872064737
PI,2003-04-01,2003,4,45.0905411449619,,,,2.93002287688047,2.98107771793301,FALSE,FALSE,TRUE,pre,TRUE,2004-08-04,2004-11-10,coded_removal_in_scm_window:PI_2001_01,-19,45992755,2923725,48.2212697247951,3.875800204318314,15.730875851867053,101.16569137620208,4.616759681352046
PI,2003-05-01,2003,5,44.6149664717444,,,,2.90674529452161,2.96451011569972,FALSE,FALSE,TRUE,pre,TRUE,2004-08-04,2004-11-10,coded_removal_in_scm_window:PI_2001_01,-18,46359642,2923725,47.657700996693286,3.8640442329220086,15.85636200395044,99.87932247228241,4.603962681971288
PI,2003-06-01,2003,6,46.8000886903151,,,,2.94071513613253,3.00635243272516,FALSE,FALSE,TRUE,pre,TRUE,2004-08-04,2004-11-10,coded_removal_in_scm_window:PI_2001_01,-17,50537178,2923725,47.43420827301,3.859343661928906,17.28520226765513,100.76631694157282,4.612804142468602
PI,2003-07-01,2003,7,46.1313095688781,,,,2.96108108603996,3.03359582054558,FALSE,FALSE,TRUE,pre,TRUE,2004-08-04,2004-11-10,coded_removal_in_scm_window:PI_2001_01,-16,50476015,2923725,46.434624180105736,3.8380453917335147,17.264282721528186,99.40749694311195,4.599227532781332
PI,2003-08-01,2003,8,47.61126598457,,,,2.94751769190883,3.00517667096577,FALSE,FALSE,TRUE,pre,TRUE,2004-08-04,2004-11-10,coded_removal_in_scm_window:PI_2001_01,-15,51417161,2923725,45.743638169495334,3.8230527256478184,17.586182352991475,100.67780588119608,4.611925377033976
PI,2003-09-01,2003,9,48.3857137638534,,,,2.90757635650963,2.97928886981139,FALSE,FALSE,TRUE,pre,TRUE,2004-08-04,2004-11-10,coded_removal_in_scm_window:PI_2001_01,-14,52831840,2923725,46.43898093738715,3.8381392129495446,18.07004420730404,101.79294940529633,4.622940842437891
PI,2003-10-01,2003,10,48.1245014358453,,,,2.95366956094493,3.0177445479971,FALSE,FALSE,TRUE,pre,TRUE,2004-08-04,2004-11-10,coded_removal_in_scm_window:PI_2001_01,-13,53417804,2923725,46.94464098586772,3.848969056133451,18.270461141181197,104.33253469461047,4.647583247158502
PI,2003-11-01,2003,11,48.3826615269161,,,,3.01515524204695,3.08189548128275,FALSE,FALSE,TRUE,pre,TRUE,2004-08-04,2004-11-10,coded_removal_in_scm_window:PI_2001_01,-12,55725323,2923725,47.572590161729664,3.862256758441158,19.059700553232606,107.53587324389264,4.677824496495074
PI,2003-12-01,2003,12,47.9547950188977,,,,2.92281107551098,3.02377690049007,FALSE,FALSE,TRUE,pre,TRUE,2004-08-04,2004-11-10,coded_removal_in_scm_window:PI_2001_01,-11,53870485,2923725,47.76504121649344,3.866294016623168,18.42529136632207,108.67596234255957,4.688370632069691
PI,2004-01-01,2004,1,43.4869192392756,,,,3.01952087906248,3.09994488167446,FALSE,FALSE,TRUE,pre,TRUE,2004-08-04,2004-11-10,coded_removal_in_scm_window:PI_2001_01,-10,63231099,2974698,47.324309494893015,3.857024106284092,21.256308707640237,112.66798832867163,4.724445337473959
PI,2004-02-01,2004,2,47.7337277664718,,,,3.04017632533394,3.09494614734305,FALSE,FALSE,TRUE,pre,TRUE,2004-08-04,2004-11-10,coded_removal_in_scm_window:PI_2001_01,-9,59121982,2974698,47.34471979187665,3.8574552989867876,19.874952684272486,114.95675865995264,4.744556046000557
PI,2004-03-01,2004,3,50.4485560541239,,,,3.00387858566992,3.07692941866337,FALSE,FALSE,TRUE,pre,TRUE,2004-08-04,2004-11-10,coded_removal_in_scm_window:PI_2001_01,-8,54834287,2974698,47.688526840255065,3.864690841504962,18.433564348380912,115.3202788010295,4.7477132903967405
PI,2004-04-01,2004,4,50.0804638073049,,,,3.0667663359262,3.12692170012374,FALSE,FALSE,TRUE,pre,TRUE,2004-08-04,2004-11-10,coded_removal_in_scm_window:PI_2001_01,-7,56614321,2974698,48.01452056883167,3.871503477011067,19.03195584896349,116.0817735088118,4.754294886791507
PI,2004-05-01,2004,5,50.4052889945661,,,,3.08374030740738,3.15302667037243,FALSE,FALSE,TRUE,pre,TRUE,2004-08-04,2004-11-10,coded_removal_in_scm_window:PI_2001_01,-6,58194839,2974698,48.35162514677333,3.8784998334703813,19.563276339312427,116.58534929489163,4.75862361674992
PI,2004-06-01,2004,6,49.2092064736922,,,,3.0126406518226,3.07816234795349,FALSE,FALSE,TRUE,pre,TRUE,2004-08-04,2004-11-10,coded_removal_in_scm_window:PI_2001_01,-5,59238149,2974698,48.56069372257242,3.882814432534135,19.91400437960425,118.07406230817381,4.771312074257306
PI,2004-07-01,2004,7,49.5772698025288,,,,2.96487636583348,3.04322459507645,FALSE,FALSE,TRUE,pre,TRUE,2004-08-04,2004-11-10,coded_removal_in_scm_window:PI_2001_01,-4,54500791,2974698,49.57575214978128,3.903501846248029,18.32145347191547,115.13920707244904,4.746141892585502
PI,2004-08-01,2004,8,47.9412803472946,,,,3.1116538855296,3.1709741201462,FALSE,FALSE,TRUE,pre,TRUE,2004-08-04,2004-11-10,coded_removal_in_scm_window:PI_2001_01,-3,67005522,2974698,49.610344246585086,3.9041993653452236,22.52515112458475,117.7894055127613,4.768898330948544
PI,2004-09-01,2004,9,48.3677171954937,,,,3.09300258584647,3.15705657871857,FALSE,FALSE,TRUE,pre,TRUE,2004-08-04,2004-11-10,coded_removal_in_scm_window:PI_2001_01,-2,69196792,2974698,49.26353777014671,3.897184208427561,23.261787246974315,122.6176284113547,4.809070801186442
PI,2004-10-01,2004,10,51.6961323534438,,,,3.09106441996522,3.1584123012178,FALSE,FALSE,TRUE,pre,TRUE,2004-08-04,2004-11-10,coded_removal_in_scm_window:PI_2001_01,-1,64943466,2974698,49.532815861169865,3.902635396612861,21.83195268897885,125.41762525137005,4.83164917056606
PI,2004-11-01,2004,11,49.8573514940778,,,,3.04385867538254,3.11816439821815,FALSE,FALSE,TRUE,post,FALSE,2004-08-04,2004-11-10,coded_removal_in_scm_window:PI_2001_01,0,64494317,2974698,49.44149294442182,3.900790009789423,21.680962907831315,127.53531181988895,4.848393281703509
PI,2004-12-01,2004,12,47.9229621926755,,,,3.35030357068168,3.42245817861083,FALSE,FALSE,TRUE,post,FALSE,2004-08-04,2004-11-10,coded_removal_in_scm_window:PI_2001_01,1,90338436,2974698,49.2271188975857,3.8964446687503367,30.368943670920544,137.99025111120523,4.92718303854009
PI,2005-01-01,2005,1,49.297726250405,,,,3.10388619020223,3.1715176987526,FALSE,FALSE,TRUE,post,FALSE,2004-08-04,2004-11-10,coded_removal_in_scm_window:PI_2001_01,2,73532252,3006885,49.18052830556506,3.89549777901512,24.454627297020007,144.1234249363098,4.97067005007372
PI,2005-02-01,2005,2,55.8390426168646,,,,2.99453921759897,3.05138068357592,FALSE,FALSE,TRUE,post,FALSE,2004-08-04,2004-11-10,coded_removal_in_scm_window:PI_2001_01,3,59632567,3006885,50.49682201716006,3.9219104039478503,19.832007875259613,141.43028168698464,4.951806886736461
PI,2005-03-01,2005,3,57.1884550938873,,,,3.02795763478552,3.101440568651,FALSE,FALSE,TRUE,post,FALSE,2004-08-04,2004-11-10,coded_removal_in_scm_window:PI_2001_01,4,60612229,3006885,51.966945000225664,3.9506078433830547,20.157814149859405,138.32630858986974,4.929615448995126
PI,2005-04-01,2005,4,58.5189449265167,,,,3.20002494956848,3.2542498189185,FALSE,FALSE,TRUE,post,FALSE,2004-08-04,2004-11-10,coded_removal_in_scm_window:PI_2001_01,5,69891056,3006885,53.104080429071146,3.972253769534154,23.243674433841,139.7380303347319,4.93976945781051
PI,2005-05-01,2005,5,59.0149834932882,,,,3.22047497434793,3.27111531147173,FALSE,FALSE,TRUE,post,FALSE,2004-08-04,2004-11-10,coded_removal_in_scm_window:PI_2001_01,6,73435250,3006885,54.63035242893955,4.000589633584686,24.42236733363597,142.47943476053655,4.959197671824018
PI,2005-06-01,2005,6,60.7041884613397,,,,3.2588827066898,3.30281977289848,FALSE,FALSE,TRUE,post,FALSE,2004-08-04,2004-11-10,coded_removal_in_scm_window:PI_2001_01,7,81858735,3006885,56.76055680705025,4.038841662093096,27.22376645598352,139.3342575455995,4.936875776937036
PI,2005-07-01,2005,7,61.5360402938051,,,,3.21346942217579,3.2774198880145,FALSE,FALSE,TRUE,post,FALSE,2004-08-04,2004-11-10,coded_removal_in_scm_window:PI_2001_01,8,74450777,3006885,58.8002758142836,4.074146545612689,24.76010123433387,139.6397314829134,4.939065759311135
PI,2005-08-01,2005,8,61.9999327937224,,,,3.12329983079867,3.17753747298275,FALSE,FALSE,TRUE,post,FALSE,2004-08-04,2004-11-10,coded_removal_in_scm_window:PI_2001_01,9,73769722,3006885,59.8270908437599,4.091458582515272,24.533602715102173,144.34132632275595,4.97218081648064
PI,2005-09-01,2005,9,60.8283507974024,,,,3.25952025914581,3.32100014210213,FALSE,FALSE,TRUE,post,FALSE,2004-08-04,2004-11-10,coded_removal_in_scm_window:PI_2001_01,10,87606546,3006885,60.43374012767909,4.101547560360925,29.135316448750118,153.31882862164665,5.032519600394769
PI,2005-10-01,2005,10,62.3435565198703,,,,3.25077867683786,3.30865387055749,FALSE,FALSE,TRUE,post,FALSE,2004-08-04,2004-11-10,coded_removal_in_scm_window:PI_2001_01,11,82165894,3006885,61.071175393238015,4.1120399937051095,27.325918350718435,157.4010725385241,5.058797150054903
PI,2005-11-01,2005,11,63.1812764583475,,,,3.10078796712454,3.15667275851455,FALSE,FALSE,TRUE,post,FALSE,2004-08-04,2004-11-10,coded_removal_in_scm_window:PI_2001_01,12,73773522,3006885,61.765557554081234,4.123345887971125,24.53486648142513,157.51357168631324,5.0595116239902245
PI,2005-12-01,2005,12,69.459471418546,,,,3.31196165718516,3.35487841014077,FALSE,FALSE,TRUE,post,FALSE,2004-08-04,2004-11-10,coded_removal_in_scm_window:PI_2001_01,13,91548720,3006885,63.224771380282284,4.146696176579263,30.44636559096873,160.73617082129846,5.07976433031156
PI,2006-01-01,2006,1,65.1254534578185,,,,3.16726983732818,3.23511431897566,FALSE,FALSE,TRUE,post,FALSE,2004-08-04,2004-11-10,coded_removal_in_scm_window:PI_2001_01,14,84240171,3036290,63.82300690761785,4.156113735183914,27.744441736461273,163.72051132342585,5.0981607747773134
PI,2006-02-01,2006,2,64.3640661460642,,,,3.11826087252381,3.17721982879244,FALSE,FALSE,TRUE,post,FALSE,2004-08-04,2004-11-10,coded_removal_in_scm_window:PI_2001_01,15,72463693,3036290,64.21702913300815,4.162268426815973,23.865866896772047,163.05277550509572,5.094073924507472
PI,2006-03-01,2006,3,64.7296376984703,,,,3.49420292733273,3.55317846720828,FALSE,FALSE,TRUE,post,FALSE,2004-08-04,2004-11-10,coded_removal_in_scm_window:PI_2001_01,16,101643047,3036290,64.86724361651946,4.172342775440738,33.47606684473486,167.39352590108047,5.120347482881457
PI,2006-04-01,2006,4,64.4314726760434,,,,3.2204691991920402,3.28228202221651,FALSE,FALSE,TRUE,post,FALSE,2004-08-04,2004-11-10,coded_removal_in_scm_window:PI_2001_01,17,74699012,3036290,65.21522964254831,4.177693025130902,24.602067654934146,164.6696752052962,5.103941498830417
PI,2006-05-01,2006,5,66.8884317625762,,,,3.22821853793244,3.29118480910406,FALSE,FALSE,TRUE,post,FALSE,2004-08-04,2004-11-10,coded_removal_in_scm_window:PI_2001_01,18,78700266,3036290,65.83308885991977,4.187122582145966,25.919877877277862,166.05468660114892,5.112317171460291
PI,2006-06-01,2006,6,66.7476306788521,,,,3.31211212383596,3.35472821914025,FALSE,FALSE,TRUE,post,FALSE,2004-08-04,2004-11-10,coded_removal_in_scm_window:PI_2001_01,19,90301263,3036290,65.38111540330412,4.180233461464153,29.74065817165027,165.34897918183046,5.108058265727647
PI,2006-07-01,2006,7,68.0988125225443,,,,3.29452023406723,3.36055497721357,FALSE,FALSE,TRUE,post,FALSE,2004-08-04,2004-11-10,coded_removal_in_scm_window:PI_2001_01,20,84959654,3036290,65.87667524742508,4.187784437239122,27.981402962167646,165.58594040753684,5.109490337426201
PI,2006-08-01,2006,8,68.4896477419626,,,,3.279757734954,3.34036154939353,FALSE,FALSE,TRUE,post,FALSE,2004-08-04,2004-11-10,coded_removal_in_scm_window:PI_2001_01,21,90667783,3036290,66.56427218007482,4.1981679798509175,29.861371278764544,171.58144478952931,5.145058050610179
PI,2006-09-01,2006,9,67.9063183697857,,,,3.31494121039105,3.36892522708011,FALSE,FALSE,TRUE,post,FALSE,2004-08-04,2004-11-10,coded_removal_in_scm_window:PI_2001_01,22,95735490,3036290,67.09371895862739,4.206090432422253,31.530417055024387,169.63579499981887,5.1336537565122
PI,2006-10-01,2006,10,66.3953025976574,,,,3.27903153055152,3.34499428556305,FALSE,FALSE,TRUE,post,FALSE,2004-08-04,2004-11-10,coded_removal_in_scm_window:PI_2001_01,23,89436278,3036290,67.42102394556305,4.210956897254557,29.455775963429055,174.48950330831377,5.161864586872268
PR,2001-11-01,2001,11,52.8110010992706,,,,4.06293880420773,4.12934700974906,FALSE,TRUE,FALSE,pre,TRUE,2004-08-04,2004-11-10,,-36,430491604,9694709,,,44.40479894754964,,
PR,2001-12-01,2001,12,51.6228313708318,,,,4.35315197485761,4.36453633347229,FALSE,TRUE,FALSE,pre,TRUE,2004-08-04,2004-11-10,,-35,586177475,9694709,,,60.4636482642233,,
PR,2002-01-01,2002,1,53.5177096916856,,,,3.68424588742287,4.1408927867625,FALSE,TRUE,FALSE,pre,TRUE,2004-08-04,2004-11-10,,-34,300112237,9798006,,,30.62992990614621,,
PR,2002-02-01,2002,2,53.0705798347953,,,,4.08610036979486,4.1331084912173,FALSE,TRUE,FALSE,pre,TRUE,2004-08-04,2004-11-10,,-33,442519233,9798006,,,45.1642133103409,,
PR,2002-03-01,2002,3,52.2784886327775,,,,4.0764855970353,4.17370203279144,FALSE,TRUE,FALSE,pre,TRUE,2004-08-04,2004-11-10,,-32,433678420,9798006,,,44.26190594290308,,
PR,2002-04-01,2002,4,52.9119268125652,,,,4.12621516775108,4.22342076768981,FALSE,TRUE,FALSE,pre,TRUE,2004-08-04,2004-11-10,,-31,481473111,9798006,52.702089573654334,3.9646551051152343,49.13990775265906,274.0644041238222,5.61336313031458
PR,2002-05-01,2002,5,52.567881132072,,,,4.17181016657212,4.25949708887154,FALSE,TRUE,FALSE,pre,TRUE,2004-08-04,2004-11-10,,-30,484329872,9798006,52.661569579121235,3.963885959532089,49.43147330181264,279.0910784780852,5.631538174707424
PR,2002-06-01,2002,6,52.9959905042847,,,,4.14868093390484,4.24413602824936,FALSE,TRUE,FALSE,pre,TRUE,2004-08-04,2004-11-10,,-29,476004123,9798006,52.89042943469672,3.9682224044379444,48.58173418142426,267.20916439528617,5.588031738960882
PR,2002-07-01,2002,7,54.3341643552323,,,,4.18165546972408,4.28661667981819,FALSE,TRUE,FALSE,pre,TRUE,2004-08-04,2004-11-10,,-28,493423112,9798006,53.0265052119545,3.9707918868833874,50.359543768395326,286.93877825753526,5.659268876828654
PR,2002-08-01,2002,8,54.4158683521278,,,,4.18226379786316,4.2679388343402,FALSE,TRUE,FALSE,pre,TRUE,2004-08-04,2004-11-10,,-27,505415430,9798006,53.25071996484325,3.9750113249646737,51.583498724128155,293.3580636713225,5.681393923220843
PR,2002-09-01,2002,9,55.5061433824602,,,,4.15274760337053,4.25591182284677,FALSE,TRUE,FALSE,pre,TRUE,2004-08-04,2004-11-10,,-26,535055424,9798006,53.788662423123704,3.985062709330195,54.6086034240028,303.70476115242224,5.716056049085295
PR,2002-10-01,2002,10,55.0319686581213,,,,4.19974024333594,4.32608477639316,FALSE,TRUE,FALSE,pre,TRUE,2004-08-04,2004-11-10,,-25,536931922,9798006,54.142002730716385,3.991610275203427,54.80012177988052,309.3649751796437,5.734521729338214
PR,2002-11-01,2002,11,52.4891748248239,,,,4.18597114342825,4.29736902416887,FALSE,TRUE,FALSE,pre,TRUE,2004-08-04,2004-11-10,,-24,547018533,9798006,54.1288850128417,3.9913679622749516,55.82957726296554,315.7630791407966,5.75499218282971
PR,2002-12-01,2002,12,50.5295955844743,,,,4.15568945698345,4.25805128631655,FALSE,TRUE,FALSE,pre,TRUE,2004-08-04,2004-11-10,,-23,550761631,9798006,53.7178191928733,3.9837447750170303,56.21160376917508,323.3929487285474,5.778868143344846
PR,2003-01-01,2003,1,52.314612417149,,,,4.06038513171395,4.3990670550837,FALSE,TRUE,FALSE,pre,TRUE,2004-08-04,2004-11-10,,-22,509984836,9906866,53.38122720319275,3.9774591336557767,51.47791804189135,324.51132300204347,5.78232042922426
PR,2003-02-01,2003,2,54.1181699896637,,,,4.21304356128652,4.21226170192893,FALSE,TRUE,FALSE,pre,TRUE,2004-08-04,2004-11-10,,-21,585045979,9906866,53.33161080944873,3.9765292287213114,59.05459698354656,331.98242126146187,5.805082019507048
PR,2003-03-01,2003,3,52.7213304719103,,,,4.17082665166333,4.25204402378117,FALSE,TRUE,FALSE,pre,TRUE,2004-08-04,2004-11-10,,-20,570015285,9906866,52.86747532435708,3.9677883165888637,57.53739729597635,334.9112151334354,5.813865467246123
PR,2003-04-01,2003,4,53.0645307144205,,,,4.11491333303751,4.22031423329636,FALSE,TRUE,FALSE,pre,TRUE,2004-08-04,2004-11-10,,-19,562734674,9906866,52.53956900040695,3.961566580957796,56.802491726445076,336.91358507999996,5.819826473375127
PR,2003-05-01,2003,5,51.732979213946,,,,4.056390643091,4.15565184662924,FALSE,TRUE,FALSE,pre,TRUE,2004-08-04,2004-11-10,,-18,506821441,9906866,52.41353639859397,3.95916488618345,51.158604648533654,332.2426124655681,5.805865462479544
PR,2003-06-01,2003,6,53.0020833504944,,,,4.078226221693,4.1865632509858,FALSE,TRUE,FALSE,pre,TRUE,2004-08-04,2004-11-10,,-17,524858454,9906866,52.82561769293065,3.966996256626953,52.97926246302312,329.0102711594161,5.796088969607591
PR,2003-07-01,2003,7,54.3034455878744,,,,4.13291805201834,4.23460469923007,FALSE,TRUE,FALSE,pre,TRUE,2004-08-04,2004-11-10,,-16,539620321,9906866,53.15708988805155,3.9732514898344204,54.46932672754431,332.0016798450691,5.805140028677992
PR,2003-08-01,2003,8,53.6305555003635,,,,4.11558093710985,4.21084806322172,FALSE,TRUE,FALSE,pre,TRUE,2004-08-04,2004-11-10,,-15,555691073,9906866,53.07582080650152,3.971721472500383,56.09150996894477,329.0385928304673,5.796175047321933
PR,2003-09-01,2003,9,54.3637234535198,,,,4.14317884205572,4.25819615278536,FALSE,TRUE,FALSE,pre,TRUE,2004-08-04,2004-11-10,,-14,608370391,9906866,53.349552970103105,3.9768655985205874,61.40896535796487,332.9101608924558,5.807872666471613
PR,2003-10-01,2003,10,54.6253238341895,,,,4.02642072947349,4.16864741781212,FALSE,TRUE,FALSE,pre,TRUE,2004-08-04,2004-11-10,,-13,518766691,9906866,53.60968515673127,3.9817297449763007,52.364359324129346,328.4720284901401,5.794451685106391
PR,2003-11-01,2003,11,57.67314344679,,,,4.18585547350916,4.30016823784493,FALSE,TRUE,FALSE,pre,TRUE,2004-08-04,2004-11-10,,-12,616466709,9906866,54.59971252887193,4.000028617698024,62.22620846996416,339.5396323115706,5.8275906774802415
PR,2003-12-01,2003,12,53.9841379347789,,,,4.15132744349807,4.25768641174984,FALSE,TRUE,FALSE,pre,TRUE,2004-08-04,2004-11-10,,-11,611327694,9906866,54.76338829291935,4.0030218738332835,61.70747580516381,348.2678456537113,5.852971855148033
PR,2004-01-01,2004,1,55.7319359584145,,,,4.22820883999435,4.28428106051093,FALSE,TRUE,FALSE,pre,TRUE,2004-08-04,2004-11-10,,-10,671826257,10135388,55.0014700213427,4.00735991253607,66.285203585694,360.08372251186097,5.886336566944629
PR,2004-02-01,2004,2,57.1881244298572,,,,4.18548366576499,4.36383133144889,FALSE,TRUE,FALSE,pre,TRUE,2004-08-04,2004-11-10,,-9,617549333,10135388,55.594398176258316,4.01808244395512,60.93001402610339,364.9222265690196,5.899684252985075
PR,2004-03-01,2004,3,59.2442801973735,,,,4.24674414616231,4.37255440564781,FALSE,TRUE,FALSE,pre,TRUE,2004-08-04,2004-11-10,,-8,670720128,10135388,56.40782430023393,4.0326078776096255,66.17606824721462,369.68932945826936,5.912663002821883
PR,2004-04-01,2004,4,59.1507907674804,,,,4.1523098725426,4.26445206672442,FALSE,TRUE,FALSE,pre,TRUE,2004-08-04,2004-11-10,,-7,630955873,10135388,57.16206878911575,4.045890545358358,62.252759637815544,379.57772977195555,5.939059397396098
PR,2004-05-01,2004,5,60.1104325364858,,,,4.17393225833531,4.28524028417227,FALSE,TRUE,FALSE,pre,TRUE,2004-08-04,2004-11-10,,-6,607207743,10135388,57.56828363739838,4.052971784753594,59.9096692696915,377.26119057168285,5.932937760751233
PR,2004-06-01,2004,6,60.1128245694063,,,,4.19928574314045,4.30138045284251,FALSE,TRUE,FALSE,pre,TRUE,2004-08-04,2004-11-10,,-5,644373335,10135388,58.58973140983628,4.070559449314005,63.57658285997537,379.13029762649444,5.9378799392088295
PR,2004-07-01,2004,7,59.1258955925731,,,,4.11728179241407,4.23540427267161,FALSE,TRUE,FALSE,pre,TRUE,2004-08-04,2004-11-10,,-4,575465074,10135388,59.155391348862715,4.080167733335213,56.777804066307084,369.6228981071075,5.912483291601471
PR,2004-08-01,2004,8,59.5679689596212,,,,4.21935976380636,4.32281091820896,FALSE,TRUE,FALSE,pre,TRUE,2004-08-04,2004-11-10,,-3,677543763,10135388,59.552032103823386,4.0868504195486155,66.8493167701128,375.5422008511169,5.928370850644688
PR,2004-09-01,2004,9,60.0704986594261,,,,4.17680527664283,4.28993077150551,FALSE,TRUE,FALSE,pre,TRUE,2004-08-04,2004-11-10,,-2,677630983,10135388,59.68973518083215,4.089160065595615,66.85792226207818,376.22405486598046,5.9301848565186015
PR,2004-10-01,2004,10,60.3022506787539,,,,4.11513502211074,4.26021072116069,FALSE,TRUE,FALSE,pre,TRUE,2004-08-04,2004-11-10,,-1,619989653,10135388,59.8816451660444,4.092370033556852,61.17078625899669,375.1420814871616,5.92730483817777
PR,2004-11-01,2004,11,60.7771962402651,,,,4.13795384715172,4.28026565675725,FALSE,TRUE,FALSE,post,FALSE,2004-08-04,2004-11-10,,0,650314130,10135388,59.992772450007614,4.094224095799773,64.16272667607791,379.39513889354805,5.938578244802986
PR,2004-12-01,2004,12,63.3358825005539,,,,4.17058908687897,4.29959209040014,FALSE,TRUE,FALSE,post,FALSE,2004-08-04,2004-11-10,,1,690764381,10135388,60.52994877186555,4.10313826357688,68.15371853549169,383.9722745690643,5.950570348338001
PR,2005-01-01,2005,1,61.0525107722772,,,,4.29521289026319,4.3709094186457,FALSE,TRUE,FALSE,post,FALSE,2004-08-04,2004-11-10,,2,792663749,10261856,60.851051301816234,4.108429096224575,77.24370221137384,404.4381727141311,6.002498876148832
PR,2005-02-01,2005,2,58.3659163479362,,,,4.12526238389342,4.31707703756833,FALSE,TRUE,FALSE,post,FALSE,2004-08-04,2004-11-10,,3,626781244,10261856,60.650709199868736,4.10513132864187,61.078740921720204,398.6675968657385,5.988127979115009
PR,2005-03-01,2005,3,58.7825962419333,,,,4.14987791146242,4.27937535386975,FALSE,TRUE,FALSE,post,FALSE,2004-08-04,2004-11-10,,4,661606201,10261856,60.43605879695327,4.1015859267567505,64.47237234667881,396.2820469503391,5.982126197505688
PR,2005-04-01,2005,4,58.1670227004323,,,,4.24222785553542,4.35766411522633,FALSE,TRUE,FALSE,post,FALSE,2004-08-04,2004-11-10,,5,752028646,10261856,60.080187467233,4.095680127744504,73.28388217492041,408.39514286626286,6.012235193140118
PR,2005-05-01,2005,5,58.5773238349851,,,,4.2960325852165004,4.39841198548419,FALSE,TRUE,FALSE,post,FALSE,2004-08-04,2004-11-10,,6,748621989,10261856,59.713542066353,4.089558829957618,72.95190938169469,417.18432557187964,6.033528151883626
PR,2005-06-01,2005,6,60.8937826579353,,,,4.07644061053949,4.20119643577032,FALSE,TRUE,FALSE,post,FALSE,2004-08-04,2004-11-10,,7,621638835,10261856,59.30652542591657,4.08271934085884,60.57762211826009,409.60822915464803,6.015201164233073
PR,2005-07-01,2005,7,60.7564996155478,,,,4.24601795097364,4.35861443648978,FALSE,TRUE,FALSE,post,FALSE,2004-08-04,2004-11-10,,8,701945853,10261856,59.257190233128334,4.081887126798048,68.40340119760012,400.76792814087435,5.9933825269603185
PR,2005-08-01,2005,8,58.2824928755848,,,,4.29245823338868,4.41129611384317,FALSE,TRUE,FALSE,post,FALSE,2004-08-04,2004-11-10,,9,781234045,10261856,59.24328632106977,4.081652462558263,76.12989745714616,415.8190846763003,6.030250273063
PR,2005-09-01,2005,9,57.6474931531944,,,,4.15908253047121,4.29432826662391,FALSE,TRUE,FALSE,post,FALSE,2004-08-04,2004-11-10,,10,711936451,10261856,59.05410247294662,4.0784540147931505,69.3769675777949,420.72367990741634,6.041976275932836
PR,2005-10-01,2005,10,58.6472085540925,,,,4.2499000017552,4.38532698028587,FALSE,TRUE,FALSE,post,FALSE,2004-08-04,2004-11-10,,11,766050978,10261856,59.13413344855665,4.079808311812955,74.65033401365211,422.0901317461481,6.0452188735673955
PR,2005-11-01,2005,11,59.2560444992579,,,,4.21291078424834,4.32702724757128,FALSE,TRUE,FALSE,post,FALSE,2004-08-04,2004-11-10,,12,759539215,10261856,59.247253559268785,4.0817194255108245,74.01577404711195,423.15399641156534,6.047736170503906
PR,2005-12-01,2005,12,59.2033709226844,,,,4.28720499901844,4.42734577970215,FALSE,TRUE,FALSE,post,FALSE,2004-08-04,2004-11-10,,13,835598074,10261856,58.9655182700603,4.076952836955699,81.42757742848858,444.0039517217938,6.095833462666928
PR,2006-01-01,2006,1,58.5210710397436,,,,4.23477423917628,4.33632330286986,FALSE,TRUE,FALSE,post,FALSE,2004-08-04,2004-11-10,,14,807290610,10387378,58.5929468407596,4.070614328259803,77.71842037518996,453.31897089938366,6.1165960077205135
PR,2006-02-01,2006,2,60.3779259769253,,,,4.26205014487411,4.40891020897917,FALSE,TRUE,FALSE,post,FALSE,2004-08-04,2004-11-10,,15,758622373,10387378,58.94218569098302,4.076557059943713,73.0330958399704,450.2221692822079,6.109741170445939
PR,2006-03-01,2006,3,60.4716657420208,,,,4.30282801006816,4.43172459300166,FALSE,TRUE,FALSE,post,FALSE,2004-08-04,2004-11-10,,16,809543698,10387378,59.41288112245408,4.084511056772556,77.93532670130999,458.780528405723,6.128571944088087
PR,2006-04-01,2006,4,60.1390561013386,,,,4.22990694562817,4.35580576487621,FALSE,TRUE,FALSE,post,FALSE,2004-08-04,2004-11-10,,17,786778302,10387378,59.661522380328435,4.088687296366271,75.74368642404272,459.87388081611357,6.130952279752205
PR,2006-05-01,2006,5,61.064175145588,,,,4.19087899472149,4.31615053403458,FALSE,TRUE,FALSE,post,FALSE,2004-08-04,2004-11-10,,18,715113594,10387378,59.96287748805012,4.0937256622104945,68.84447586291748,454.70258263191914,6.119643540673905
PR,2006-06-01,2006,6,61.0471731487268,,,,4.27448191851608,4.38279365157103,FALSE,TRUE,FALSE,post,FALSE,2004-08-04,2004-11-10,,19,797858207,10387378,60.270177859057185,4.098837418528547,76.81035647301947,450.08536167645,6.10943725738933
PR,2006-07-01,2006,7,60.1953666986447,,,,4.1580847451436,4.29235866225549,FALSE,TRUE,FALSE,post,FALSE,2004-08-04,2004-11-10,,20,679621467,10387378,60.5492271355407,4.103456705847297,65.42762446885057,437.79456577011064,6.081749772426323
PR,2006-08-01,2006,8,61.4997946982522,,,,4.14165653496464,4.28668785206295,FALSE,TRUE,FALSE,post,FALSE,2004-08-04,2004-11-10,,21,700311841,10387378,60.73620525576185,4.10653998245623,67.41950095587164,432.1809708860119,6.068844414612092
PR,2006-09-01,2006,9,62.0371659985154,,,,4.1939966939441,4.32516860161671,FALSE,TRUE,FALSE,post,FALSE,2004-08-04,2004-11-10,,22,773037126,10387378,60.99712196517762,4.11082668216153,74.42081399175038,428.66645817645224,6.060679129760252
PR,2006-10-01,2006,10,62.6303494098622,,,,4.22681686997648,4.36379186719035,FALSE,TRUE,FALSE,post,FALSE,2004-08-04,2004-11-10,,23,789289992,10387378,61.412337516598214,4.1176107517204255,75.98548854195928,428.9082602943688,6.061243050592143
RJ,2001-11-01,2001,11,65.0492312929185,,,,4.20968407770945,4.29424109201176,FALSE,TRUE,FALSE,pre,TRUE,2004-08-04,2004-11-10,,-36,775686244,14558545,,,53.280478509356534,,
RJ,2001-12-01,2001,12,65.1241749376756,,,,4.20577488242448,4.29535194984349,FALSE,TRUE,FALSE,pre,TRUE,2004-08-04,2004-11-10,,-35,723496790,14558545,,,49.69567975371165,,
RJ,2002-01-01,2002,1,67.9053704292913,,,,4.25452614113357,4.34831342601459,FALSE,TRUE,FALSE,pre,TRUE,2004-08-04,2004-11-10,,-34,888825250,14724475,,,60.363799048862525,,
RJ,2002-02-01,2002,2,65.731816954591,,,,4.27489185980175,4.36647139134991,FALSE,TRUE,FALSE,pre,TRUE,2004-08-04,2004-11-10,,-33,809817224,14724475,,,54.99803721355091,,
RJ,2002-03-01,2002,3,67.1126900494148,,,,4.24327373160409,4.32961620168415,FALSE,TRUE,FALSE,pre,TRUE,2004-08-04,2004-11-10,,-32,765959441,14724475,,,52.01947376731598,,
RJ,2002-04-01,2002,4,67.3801882125619,,,,4.24070135673302,4.31006928733944,FALSE,TRUE,FALSE,pre,TRUE,2004-08-04,2004-11-10,,-31,795751408,14724475,66.38391197940885,4.195454737658819,54.042769470558376,324.40023776335596,5.781978055173653
RJ,2002-05-01,2002,5,68.0319475717948,,,,4.3715558003897,4.42157188337858,FALSE,TRUE,FALSE,pre,TRUE,2004-08-04,2004-11-10,,-30,947156465,14724475,66.88103135922157,4.202915389698536,64.32531312661402,335.44507238061345,5.815458224321673
RJ,2002-06-01,2002,6,65.793287964007,,,,4.34760969484449,4.40961363107234,FALSE,TRUE,FALSE,pre,TRUE,2004-08-04,2004-11-10,,-29,833502761,14724475,66.99255019694347,4.204581422118382,56.6066199983361,342.3560126252379,5.835851168214769
RJ,2002-07-01,2002,7,66.4485567442213,,,,4.34727539906387,4.41787152830984,FALSE,TRUE,FALSE,pre,TRUE,2004-08-04,2004-11-10,,-28,880960495,14724475,66.74974791609847,4.200950520735377,59.829671006945915,341.8218845833213,5.834289796084487
RJ,2002-08-01,2002,8,66.0683053759298,,,,4.41148187957824,4.51711594110022,FALSE,TRUE,FALSE,pre,TRUE,2004-08-04,2004-11-10,,-27,1012038866,14724475,66.80582931965493,4.201790341999504,68.73174534236365,355.55559271213406,5.87368161595447
RJ,2002-09-01,2002,9,65.5328226333986,,,,4.31385286548154,4.3897116611041,FALSE,TRUE,FALSE,pre,TRUE,2004-08-04,2004-11-10,,-26,865357653,14724475,66.54251808365224,4.197841113031078,58.770017470911526,362.3061364157296,5.892489535145754
RJ,2002-10-01,2002,10,66.3451619440245,,,,4.24442358696628,4.33266315730525,FALSE,TRUE,FALSE,pre,TRUE,2004-08-04,2004-11-10,,-25,812577126,14724475,66.37001370556267,4.195245353660188,55.185473573760696,363.4488405189319,5.895638545717637
RJ,2002-11-01,2002,11,65.8233939743567,,,,4.31958348622416,4.40419030212678,FALSE,TRUE,FALSE,pre,TRUE,2004-08-04,2004-11-10,,-24,933254506,14724475,66.00192143932298,4.189683854319673,63.38117359022987,362.5047009825478,5.893037442438361
RJ,2002-12-01,2002,12,61.3097254275799,,,,4.22332623787784,4.30980291216746,FALSE,TRUE,FALSE,pre,TRUE,2004-08-04,2004-11-10,,-23,863916521,14724475,65.25466101658513,4.178297476855943,58.67214423604237,364.57022522025403,5.898719194675777
RJ,2003-01-01,2003,1,61.5928908315277,,,,4.21775688966136,4.32147162258399,FALSE,TRUE,FALSE,pre,TRUE,2004-08-04,2004-11-10,,-22,998777842,14879118,64.44538336446954,4.165818095546777,67.12614564922464,371.86669986253276,5.918535456353415
RJ,2003-02-01,2003,2,66.7973197647475,,,,4.28066828550006,4.41619507949045,FALSE,TRUE,FALSE,pre,TRUE,2004-08-04,2004-11-10,,-21,948944168,14879118,64.56688576260582,4.167701675068033,63.7769098947935,366.9118644149626,5.905121667755724
RJ,2003-03-01,2003,3,61.3157477650704,,,,4.3514840106485,4.48044473864141,FALSE,TRUE,FALSE,pre,TRUE,2004-08-04,2004-11-10,,-20,994135457,14879118,63.864039951217784,4.15675644791041,66.81413891602983,374.9559858600809,5.926808648042107
RJ,2003-04-01,2003,4,59.9062201015996,,,,4.27533648710928,4.4029065541059,FALSE,TRUE,FALSE,pre,TRUE,2004-08-04,2004-11-10,,-19,934185203,14879118,62.7908829774803,4.1398098874173375,62.78498517183613,382.5554974581563,5.946873734135725
RJ,2003-05-01,2003,5,57.9858235510968,,,,4.24430487963284,4.39223923851786,FALSE,TRUE,FALSE,pre,TRUE,2004-08-04,2004-11-10,,-18,1004094445,14879118,61.484621240270315,4.118787082408158,67.48346541777543,386.6577892857019,5.95754003642487
RJ,2003-06-01,2003,6,61.5463028208109,,,,4.19152958795478,4.3343697112629,FALSE,TRUE,FALSE,pre,TRUE,2004-08-04,2004-11-10,,-17,836157155,14879118,61.52405080580881,4.119428168377676,56.19668820423361,384.18233325389315,5.95111726607546
RJ,2003-07-01,2003,7,61.686039452516,,,,4.20353228573648,4.36751008164936,FALSE,TRUE,FALSE,pre,TRUE,2004-08-04,2004-11-10,,-16,921079054,14879118,61.53957557597353,4.119680473152101,61.904143377315776,378.96033098198427,5.937431532010683
RJ,2003-08-01,2003,8,60.6138635720289,,,,4.18926662810497,4.36224739077572,FALSE,TRUE,FALSE,pre,TRUE,2004-08-04,2004-11-10,,-15,906301592,14879118,60.50899954385377,4.102792106765167,60.91097550271461,376.0943965899054,5.929840166641308
RJ,2003-09-01,2003,9,62.0484525778987,,,,4.17812724386489,4.35773299122701,FALSE,TRUE,FALSE,pre,TRUE,2004-08-04,2004-11-10,,-14,889678303,14879118,60.631117012658486,4.1048082433455395,59.7937527614204,369.074010435296,5.910997194214351
RJ,2003-10-01,2003,10,61.8071221552919,,,,4.19705063864989,4.35952565956631,FALSE,TRUE,FALSE,pre,TRUE,2004-08-04,2004-11-10,,-13,891409746,14879118,60.947934021607196,4.1100199590707085,59.91012007566577,366.1991453391256,5.903177298374021
RJ,2003-11-01,2003,11,64.0390368686151,,,,4.18797149399709,4.36137780769338,FALSE,TRUE,FALSE,pre,TRUE,2004-08-04,2004-11-10,,-12,925191104,14879118,61.95680290786025,4.126437414925259,62.18050720479534,360.8961871261455,5.8885903466889316
RJ,2003-12-01,2003,12,59.7019327813992,,,,4.20963708761463,4.37847576630342,FALSE,TRUE,FALSE,pre,TRUE,2004-08-04,2004-11-10,,-11,930609942,14879118,61.64940790129163,4.121463625367828,62.54469801234186,367.24419693425375,5.906027013524796
RJ,2004-01-01,2004,1,64.1711328685363,,,,4.59785004855548,4.70879707967114,FALSE,TRUE,FALSE,pre,TRUE,2004-08-04,2004-11-10,,-10,1668432543,15203750,62.063590137295016,4.128159506803915,109.73822530625668,415.07827886319467,6.028467126210207
RJ,2004-02-01,2004,2,64.4599705188745,,,,4.19727583697808,4.38870826003687,FALSE,TRUE,FALSE,pre,TRUE,2004-08-04,2004-11-10,,-9,966557580,15203750,62.704607961769284,4.138434937151681,63.57363018992025,417.7409335504003,6.034861464188882
RJ,2004-03-01,2004,3,65.0086964530444,,,,4.20079955616241,4.37893929620813,FALSE,TRUE,FALSE,pre,TRUE,2004-08-04,2004-11-10,,-8,895695002,15203750,63.19798194096023,4.146272369329076,58.912768363068324,416.8599491520482,6.032750312035031
RJ,2004-04-01,2004,4,65.3175964611068,,,,4.16002609903783,4.32094502299139,FALSE,TRUE,FALSE,pre,TRUE,2004-08-04,2004-11-10,,-7,963802834,15203750,63.78306099192938,4.155487653405033,63.39244160157856,420.34227067796104,6.041069309587723
RJ,2004-05-01,2004,5,66.5896565823814,,,,4.18651094840999,4.35457117439598,FALSE,TRUE,FALSE,pre,TRUE,2004-08-04,2004-11-10,,-6,958768182,15203750,64.2081642775571,4.162130372042922,63.061296193373344,421.22305966653903,6.043162526307617
RJ,2004-06-01,2004,6,66.1976481722601,,,,4.38143687358288,4.55481897899149,FALSE,TRUE,FALSE,pre,TRUE,2004-08-04,2004-11-10,,-5,1052941250,15203750,65.29078350936724,4.178850885576335,69.25536463043657,427.93372628463374,6.058968338462692
RJ,2004-07-01,2004,7,65.4159684763294,,,,4.27310461163799,4.44473041818395,FALSE,TRUE,FALSE,pre,TRUE,2004-08-04,2004-11-10,,-4,1094093639,15203750,65.49825611066609,4.182023518022135,71.96209086574036,390.1575918441174,5.966550739156271
RJ,2004-08-01,2004,8,66.6846670891344,,,,4.30067226506812,4.47130009191959,FALSE,TRUE,FALSE,pre,TRUE,2004-08-04,2004-11-10,,-3,1112655778,15203750,65.86903887237608,4.187668511265991,73.18298301405903,399.7669446682562,5.9908817389789535
RJ,2004-09-01,2004,9,65.5766269099527,,,,4.26708090197884,4.4329444271092,FALSE,TRUE,FALSE,pre,TRUE,2004-08-04,2004-11-10,,-2,1068962882,15203750,65.96369394852746,4.189104498981505,70.30915938502014,411.163335690208,6.018990545988084
RJ,2004-10-01,2004,10,66.5608046132561,,,,4.24501459634249,4.41597001576511,FALSE,TRUE,FALSE,pre,TRUE,2004-08-04,2004-11-10,,-1,1020106820,15203750,66.17089530721901,4.192240718342272,67.09573756474553,414.866631653375,6.027957099070512
RJ,2004-11-01,2004,11,64.7388773791794,,,,4.2272368017124204,4.4058781776352,FALSE,TRUE,FALSE,post,FALSE,2004-08-04,2004-11-10,,0,1087518266,15203750,65.86243210668535,4.187568204700716,71.52960723505714,423.33494269505877,6.048163692419172
RJ,2004-12-01,2004,12,65.9267283047533,,,,4.27796354544499,4.44729210054594,FALSE,TRUE,FALSE,post,FALSE,2004-08-04,2004-11-10,,1,1162308366,15203750,65.81727879543422,4.186882399534354,76.44879493546,430.5283730000822,6.065013228780985
RJ,2005-01-01,2005,1,65.9104037162905,,,,4.2944879097821,4.46593327919612,FALSE,TRUE,FALSE,post,FALSE,2004-08-04,2004-11-10,,2,1287877652,15383407,65.89968466876107,4.188133656500975,83.71862305924819,442.28490519359,6.091954256309973
RJ,2005-02-01,2005,2,66.4861347507504,,,,4.25915765683218,4.41219700771058,FALSE,TRUE,FALSE,post,FALSE,2004-08-04,2004-11-10,,3,1080412211,15383407,65.86659594569707,4.187631422946151,70.23231011179773,439.3342322913287,6.085260472578885
RJ,2005-03-01,2005,3,67.2239123634005,,,,4.25770106418528,4.41118904197374,FALSE,TRUE,FALSE,post,FALSE,2004-08-04,2004-11-10,,4,1060465703,15383407,66.1411435212717,4.191790996809565,68.93568524839783,437.9607581547064,6.082129313108636
RJ,2005-04-01,2005,4,69.142165390145,,,,4.27804135851457,4.43636625078399,FALSE,TRUE,FALSE,post,FALSE,2004-08-04,2004-11-10,,5,1126670995,15383407,66.57137031741985,4.198274610009733,73.23936726110152,444.1043878510624,6.096059642571387
RJ,2005-05-01,2005,5,67.4433190224313,,,,4.21981605124728,4.39213361244084,FALSE,TRUE,FALSE,post,FALSE,2004-08-04,2004-11-10,,6,1080253131,15383407,67.02211059129516,4.205022573775332,70.22196909956293,442.7967497155682,6.093110860508464
RJ,2005-06-01,2005,6,69.9949791679921,,,,4.18253037637383,4.36091200041326,FALSE,TRUE,FALSE,post,FALSE,2004-08-04,2004-11-10,,7,968390726,15383407,67.70015240183497,4.215088431050629,62.950341624582904,429.2982964046911,6.062152006913046
RJ,2005-07-01,2005,7,70.2484944855985,,,,4.20009742397826,4.37294763533807,FALSE,TRUE,FALSE,post,FALSE,2004-08-04,2004-11-10,,8,1041431878,15383407,68.42316753005296,4.225711473860102,67.69838943999856,413.2780627854415,6.024120641922301
RJ,2005-08-01,2005,8,69.0380349710641,,,,4.21185098822205,4.39640131037885,FALSE,TRUE,FALSE,post,FALSE,2004-08-04,2004-11-10,,9,1041887339,15383407,68.84848423343858,4.231908209441231,67.7279967305032,410.77374940414694,6.01804257485428
RJ,2005-09-01,2005,9,68.6849633636086,,,,4.18404064251351,4.36002198255168,FALSE,TRUE,FALSE,post,FALSE,2004-08-04,2004-11-10,,10,1114175284,15383407,69.09199273347326,4.23543884465928,72.42708224517494,414.26514640092404,6.0265062190683585
RJ,2005-10-01,2005,10,68.8275820964013,,,,4.22741022626321,4.41045992000761,FALSE,TRUE,FALSE,post,FALSE,2004-08-04,2004-11-10,,11,1090089169,15383407,69.03956218451599,4.234679705279341,70.86136179066185,411.8871409304844,6.020749382043533
RJ,2005-11-01,2005,11,68.808043910443,,,,4.27315342284016,4.44638085328398,FALSE,TRUE,FALSE,post,FALSE,2004-08-04,2004-11-10,,12,1199233123,15383407,69.26701633251794,4.237968838095699,77.95627607070398,419.6214479016254,6.039352990329311
RJ,2005-12-01,2005,12,69.3323608220935,,,,4.28427810135649,4.46611915573247,FALSE,TRUE,FALSE,post,FALSE,2004-08-04,2004-11-10,,13,1305695304,15383407,69.15657994153483,4.236373208197517,84.8768614130797,441.5479676901222,6.090286661232092
RJ,2006-01-01,2006,1,70.00495364128,,,,4.23951613707888,4.41220745788332,FALSE,TRUE,FALSE,post,FALSE,2004-08-04,2004-11-10,,14,1314284226,15561720,69.11598980081509,4.2357861048846726,84.45623144485315,458.3058096949768,6.127536668054798
RJ,2006-02-01,2006,2,71.2123039954891,,,,4.1976971208015,4.37912955908704,FALSE,TRUE,FALSE,post,FALSE,2004-08-04,2004-11-10,,15,1076847462,15561720,69.47836797155259,4.241015451913848,69.1984859000162,459.77629886448983,6.130740064381304
RJ,2006-03-01,2006,3,71.8061882221428,,,,4.2456272582589,4.41834193799521,FALSE,TRUE,FALSE,post,FALSE,2004-08-04,2004-11-10,,16,1100750378,15561720,69.99857211464162,4.248474843479047,70.73449323082538,458.0837098501402,6.127051940011868
RJ,2006-04-01,2006,4,71.2410055043338,,,,4.14289556796532,4.32968106906652,FALSE,TRUE,FALSE,post,FALSE,2004-08-04,2004-11-10,,17,1042952422,15561720,70.40080934929703,4.254204759536791,67.02038219425616,454.2427302537345,6.118631703303935
RJ,2006-05-01,2006,5,72.9327536731859,,,,4.28473464166364,4.46414880999226,FALSE,TRUE,FALSE,post,FALSE,2004-08-04,2004-11-10,,18,1159611131,15561720,71.08826097642086,4.2639222173608635,74.5168998671098,450.80335405014034,6.1110312223556456
RJ,2006-06-01,2006,6,71.4807182180605,,,,4.29199563796656,4.45758471722397,FALSE,TRUE,FALSE,post,FALSE,2004-08-04,2004-11-10,,19,1186906537,15561720,71.44632054241535,4.268946406092764,76.27090944959812,442.1974020866588,6.091756393432454
RJ,2006-07-01,2006,7,71.2406626480535,,,,4.32529190673203,4.49701230500604,FALSE,TRUE,FALSE,post,FALSE,2004-08-04,2004-11-10,,20,1221351005,15561720,71.65227204354426,4.271824864079085,78.48431953537269,436.22549017717836,6.0781592889633655
RJ,2006-08-01,2006,8,73.2049465145616,,,,4.30812160057313,4.47971473644818,FALSE,TRUE,FALSE,post,FALSE,2004-08-04,2004-11-10,,21,1233336590,15561720,71.98437913005635,4.276449138950588,79.25451621029038,446.28152048745255,6.100949964744927
RJ,2006-09-01,2006,9,74.7990688823495,,,,4.34424429791967,4.51719082581999,FALSE,TRUE,FALSE,post,FALSE,2004-08-04,2004-11-10,,22,1330125230,15561720,72.48319257342413,4.283354708411235,85.47417830419774,461.0212055608249,6.133444040986067
RJ,2006-10-01,2006,10,74.5406836384546,,,,4.372273744219,4.5386370300507,FALSE,TRUE,FALSE,post,FALSE,2004-08-04,2004-11-10,,23,1350754825,15561720,73.03313892911093,4.290913296073688,86.79984121292505,480.80066457949374,6.175452765456926
RN,2001-11-01,2001,11,43.1644158910953,,,,3.54954142032587,3.59191177976372,FALSE,TRUE,FALSE,pre,TRUE,2004-08-04,2004-11-10,,-36,79087738,2815244,,,28.092676158798312,,
RN,2001-12-01,2001,12,43.5958465439318,,,,3.67972031905116,3.72638527237473,FALSE,TRUE,FALSE,pre,TRUE,2004-08-04,2004-11-10,,-35,91216277,2815244,,,32.40084234261755,,
RN,2002-01-01,2002,1,44.5053990867838,,,,3.53697347654618,3.59469799493045,FALSE,TRUE,FALSE,pre,TRUE,2004-08-04,2004-11-10,,-34,82435720,2852784,,,28.896586632566645,,
RN,2002-02-01,2002,2,45.4319682667852,,,,3.62900110297119,3.66987690368441,FALSE,TRUE,FALSE,pre,TRUE,2004-08-04,2004-11-10,,-33,80966442,2852784,,,28.38155359816937,,
RN,2002-03-01,2002,3,43.6433338271712,,,,3.59316965246593,3.63667610918526,FALSE,TRUE,FALSE,pre,TRUE,2004-08-04,2004-11-10,,-32,71413864,2852784,,,25.033042810111105,,
RN,2002-04-01,2002,4,46.0753989686106,,,,3.61534917712413,3.65934631764493,FALSE,TRUE,FALSE,pre,TRUE,2004-08-04,2004-11-10,,-31,81161118,2852784,44.402727097396316,3.7933008886645094,28.449794306193528,171.25449584845651,5.143150729927401
RN,2002-05-01,2002,5,45.3569433611471,,,,3.60627407810614,3.6453700280924,FALSE,TRUE,FALSE,pre,TRUE,2004-08-04,2004-11-10,,-30,77635777,2852784,44.76814834240495,3.8014969120588207,27.214039688949462,170.37585937860766,5.138006934045693
RN,2002-06-01,2002,6,44.3435249872741,,,,3.60026990352897,3.64585453749439,FALSE,TRUE,FALSE,pre,TRUE,2004-08-04,2004-11-10,,-29,82375394,2852784,44.89276141629533,3.8042765660788556,28.87544027167847,166.8504573076686,5.117097946024725
RN,2002-07-01,2002,7,44.8799789124237,,,,3.59608576453284,3.63854900217775,FALSE,TRUE,FALSE,pre,TRUE,2004-08-04,2004-11-10,,-28,77964749,2852784,44.95519138723532,3.8056662467346545,27.329355815231718,165.28322649033365,5.107660526540504
RN,2002-08-01,2002,8,44.9374652285988,,,,3.63684894667729,3.68134225093275,FALSE,TRUE,FALSE,pre,TRUE,2004-08-04,2004-11-10,,-27,86000306,2852784,44.87277421420425,3.8038312458948673,30.146097987089103,167.0477708792534,5.1182798246805294
RN,2002-09-01,2002,9,45.6532516336202,,,,3.6123683856136,3.65787831891794,FALSE,TRUE,FALSE,pre,TRUE,2004-08-04,2004-11-10,,-26,88501927,2852784,45.207760515279084,3.8112687649165697,31.02300314359587,173.03773121273815,5.153509670213138
RN,2002-10-01,2002,10,46.7779860637506,,,,3.71649741807779,3.7595087356155,FALSE,TRUE,FALSE,pre,TRUE,2004-08-04,2004-11-10,,-25,95782699,2852784,45.32485836446909,3.8138556317484227,33.57516692466026,178.1631038312049,5.182699444391458
RN,2002-11-01,2002,11,40.7042411522114,,,,3.67809821571511,3.71849920754235,FALSE,TRUE,FALSE,pre,TRUE,2004-08-04,2004-11-10,,-24,100959000,2852784,44.549407996313136,3.7965988653058123,35.38964043544832,186.33870457770374,5.227566010069938
RN,2002-12-01,2002,12,39.4610156723891,,,,3.54358211454296,3.59136133369651,FALSE,TRUE,FALSE,pre,TRUE,2004-08-04,2004-11-10,,-23,91168885,2852784,43.735656443832305,3.7781637063357687,31.957864668338015,189.42112897436328,5.243972731944713
RN,2003-01-01,2003,1,41.5437381624684,,,,3.69935353652569,3.75251320242722,FALSE,TRUE,FALSE,pre,TRUE,2004-08-04,2004-11-10,,-22,113178126,2888058,43.17961631883975,3.765368539425131,39.18831477761181,201.28008793674337,5.3046974103996165
RN,2003-02-01,2003,2,43.448407099734,,,,3.65183688403202,3.69464383820371,FALSE,TRUE,FALSE,pre,TRUE,2004-08-04,2004-11-10,,-21,96653116,2888058,42.931439964028954,3.7596044238129833,33.46647331874914,204.60046326840342,5.321059117778909
RN,2003-03-01,2003,3,39.7045573406827,,,,3.64118117279467,3.67417886772315,FALSE,TRUE,FALSE,pre,TRUE,2004-08-04,2004-11-10,,-20,91944962,2888058,41.93999091520603,3.7362398088596835,31.836258828596932,205.41371895340447,5.325026086663255
RN,2003-04-01,2003,4,38.7446809216383,,,,3.61949477168084,3.64285198008143,FALSE,TRUE,FALSE,pre,TRUE,2004-08-04,2004-11-10,,-19,92022848,2888058,40.601106724853985,3.7037953254690175,31.863227123555,203.70177915229922,5.316657057373798
RN,2003-05-01,2003,5,38.1608604170267,,,,3.58841620365508,3.62544175630617,FALSE,TRUE,FALSE,pre,TRUE,2004-08-04,2004-11-10,,-18,90397626,2888058,40.177209935656535,3.69329991784329,31.300488425093956,199.61262714194484,5.296378624110585
RN,2003-06-01,2003,6,41.3073125388136,,,,3.6404669692149,3.67617682529581,FALSE,TRUE,FALSE,pre,TRUE,2004-08-04,2004-11-10,,-17,100301527,2888058,40.48492608006062,3.700929709276478,34.729748156027334,202.38451062963418,5.3101694059751425
RN,2003-07-01,2003,7,40.9333349705349,,,,3.56602762099897,3.60779683311084,FALSE,TRUE,FALSE,pre,TRUE,2004-08-04,2004-11-10,,-16,88886170,2888058,40.383192214738365,3.698413664112175,30.777141594801765,193.97333744682413,5.267720713777045
RN,2003-08-01,2003,8,39.9118200426506,,,,3.61143397007845,3.65003561908294,FALSE,TRUE,FALSE,pre,TRUE,2004-08-04,2004-11-10,,-15,98515962,2888058,39.7937610385578,3.683710142177419,34.1114901432035,194.6183542712785,5.2710404832450415
RN,2003-09-01,2003,9,39.7845193460617,,,,3.62546617096435,3.67147927624692,FALSE,TRUE,FALSE,pre,TRUE,2004-08-04,2004-11-10,,-14,104831027,2888058,39.8070880394543,3.6840449878775687,36.29810308518735,199.0801985278689,5.293707751216443
RN,2003-10-01,2003,10,41.3599248329636,,,,3.57729244104333,3.62243018928076,FALSE,TRUE,FALSE,pre,TRUE,2004-08-04,2004-11-10,,-13,96055673,2888058,40.24296202467518,3.6949351320455777,33.259606628398735,200.47657803271264,5.300697422130937
RN,2003-11-01,2003,11,41.9621684441242,,,,3.60256280619253,3.64247698378095,FALSE,TRUE,FALSE,pre,TRUE,2004-08-04,2004-11-10,,-12,105112398,2888058,40.87651336252477,3.7105556526916676,36.39552876015648,205.57161836777516,5.3257944810939115
RN,2003-12-01,2003,12,40.7771764198611,,,,3.61503643680888,3.66151276035624,FALSE,TRUE,FALSE,pre,TRUE,2004-08-04,2004-11-10,,-11,108665547,2888058,40.78815734269935,3.7083917780678286,37.62581880280798,208.46768901455582,5.33978406047483
RN,2004-01-01,2004,1,40.2932779398117,,,,3.63044694217455,3.68151834185353,FALSE,TRUE,FALSE,pre,TRUE,2004-08-04,2004-11-10,,-10,117325243,2962107,40.68148117091215,3.7057729808152624,39.60871197428047,217.2992593940345,5.381275479037683
RN,2004-02-01,2004,2,43.6009342991453,,,,3.60024832590595,3.64861929364127,FALSE,TRUE,FALSE,pre,TRUE,2004-08-04,2004-11-10,,-9,99717502,2962107,41.2963335469946,3.7207737199243303,33.66438214419668,216.8521513950277,5.3792157913528795
RN,2004-03-01,2004,3,45.2000637072553,,,,3.65169139848701,3.69925457031735,FALSE,TRUE,FALSE,pre,TRUE,2004-08-04,2004-11-10,,-8,100286000,2962107,42.1989242738602,3.742394729576308,33.85630566350237,214.4103539733427,5.367891720816701
RN,2004-04-01,2004,4,45.25260903501,,,,3.67486766359891,3.70049521447106,FALSE,TRUE,FALSE,pre,TRUE,2004-08-04,2004-11-10,,-7,104793752,2962107,42.84770497420127,3.757652084080868,35.37811159421317,216.52885893915715,5.377723836199652
RN,2004-05-01,2004,5,45.4181902680415,,,,3.68451548589413,3.71952140090812,FALSE,TRUE,FALSE,pre,TRUE,2004-08-04,2004-11-10,,-6,107043528,2962107,43.423708611520816,3.771005573320457,36.13763040970498,216.27096058870563,5.376532068692644
RN,2004-06-01,2004,6,45.1449043434632,,,,3.66687794082963,3.70961857391057,FALSE,TRUE,FALSE,pre,TRUE,2004-08-04,2004-11-10,,-5,111350855,2962107,44.1516632654545,3.7876305993970845,37.59177335592536,216.23691514182303,5.376374635966614
RN,2004-07-01,2004,7,45.225172260472,,,,3.70580333782162,3.74773010108316,FALSE,TRUE,FALSE,pre,TRUE,2004-08-04,2004-11-10,,-4,112895674,2962107,44.97364565223122,3.8060766660364598,38.11330043107829,214.74150359862085,5.369434995930907
RN,2004-08-01,2004,8,46.7630027339159,,,,3.71625087480758,3.75790791957702,FALSE,TRUE,FALSE,pre,TRUE,2004-08-04,2004-11-10,,-3,121060669,2962107,45.50065705802632,3.8177267666883803,40.86978255680838,221.94690401123256,5.4024381821457315
RN,2004-09-01,2004,9,46.4129063815445,,,,3.70044125819662,3.74814958214604,FALSE,TRUE,FALSE,pre,TRUE,2004-08-04,2004-11-10,,-2,124414985,2962107,45.70279750374118,3.8221595105505037,42.00219134555234,230.09278969328253,5.438482661014857
RN,2004-10-01,2004,10,46.7763108472334,,,,3.73159466743143,3.77673267185723,FALSE,TRUE,FALSE,pre,TRUE,2004-08-04,2004-11-10,,-1,122960665,2962107,45.95674780577842,3.827700689070809,41.51121650905926,236.2258946081286,5.464788527763344
RN,2004-11-01,2004,11,46.3690639010514,,,,3.78054252289873,3.82211105557633,FALSE,TRUE,FALSE,post,FALSE,2004-08-04,2004-11-10,,0,137586573,2962107,46.1152267446134,3.831143193613974,46.44888689031153,246.53715108873516,5.507512696482401
RN,2004-12-01,2004,12,46.5147267836721,,,,3.73288059192028,3.77995407626929,FALSE,TRUE,FALSE,post,FALSE,2004-08-04,2004-11-10,,1,135194212,2962107,46.34353048464821,3.8360817026504823,45.641231731331786,254.5866094641416,5.539641090333816
RN,2005-01-01,2005,1,49.058732697024,,,,3.74427975878745,3.79527577393472,FALSE,TRUE,FALSE,post,FALSE,2004-08-04,2004-11-10,,2,142991069,3003087,46.98245722407355,3.8497742814831066,47.61469414639003,264.0880031794533,5.576282392975807
RN,2005-02-01,2005,2,53.8654985835211,,,,3.69144779404,3.74265207298987,FALSE,TRUE,FALSE,post,FALSE,2004-08-04,2004-11-10,,3,118198596,3003087,48.166206532341086,3.8746576658769705,39.35903155652833,262.5772521791733,5.570545332751587
RN,2005-03-01,2005,3,52.3719681079724,,,,3.7393884740593,3.78852953576267,FALSE,TRUE,FALSE,post,FALSE,2004-08-04,2004-11-10,,4,114000043,3003087,49.15938348674573,3.895067743666098,37.960952513197256,258.5360133468182,5.555035000866945
RN,2005-04-01,2005,4,53.7933019065527,,,,3.82590487590076,3.84250896915889,FALSE,TRUE,FALSE,post,FALSE,2004-08-04,2004-11-10,,5,139397485,3003087,50.32888199663228,3.9185791070830183,46.41806414532779,263.4428609830867,5.573836498102847
RN,2005-05-01,2005,5,54.5186042847462,,,,3.76875681703139,3.81184212313614,FALSE,TRUE,FALSE,post,FALSE,2004-08-04,2004-11-10,,6,127117575,3003087,51.68713872724808,3.945208983202009,42.32896849142232,259.3229425841975,5.5580741675515215
RN,2005-06-01,2005,6,56.7759790536258,,,,3.74873860229882,3.79420542961878,FALSE,TRUE,FALSE,post,FALSE,2004-08-04,2004-11-10,,7,130301694,3003087,53.39734743890703,3.9777610713036764,43.389250461275346,257.0709613141411,5.549352160845553
RN,2005-07-01,2005,7,56.2316986681883,,,,3.7766842225383,3.82276106374307,FALSE,TRUE,FALSE,post,FALSE,2004-08-04,2004-11-10,,8,132593434,3003087,54.592841767434415,3.999902770995547,44.15237853581998,253.60864570357103,5.535792313873008
RN,2005-08-01,2005,8,56.5116093306653,,,,3.74836380887188,3.7950480109433,FALSE,TRUE,FALSE,post,FALSE,2004-08-04,2004-11-10,,9,135271836,3003087,55.03386022529178,4.007948636263476,45.04426145496284,259.2938756020055,5.55796207329926
RN,2005-09-01,2005,9,57.2665788042975,,,,3.78096654039739,3.92053333896863,FALSE,TRUE,FALSE,post,FALSE,2004-08-04,2004-11-10,,10,144960684,3003087,55.8496286746793,4.022662876875011,48.27055759623347,269.60348068504175,5.596952289507637
RN,2005-10-01,2005,10,58.4257371957651,,,,3.74652003565801,3.7928749030482,FALSE,TRUE,FALSE,post,FALSE,2004-08-04,2004-11-10,,11,135919127,3003087,56.62170122288137,4.036392325556663,45.259803329041084,268.44521986875503,5.592646870298252
RN,2005-11-01,2005,11,60.2014312344737,,,,3.73226479114508,3.77676198514311,FALSE,TRUE,FALSE,post,FALSE,2004-08-04,2004-11-10,,12,140813687,3003087,57.56883904783595,4.052981432561784,46.88964622070556,273.0058975980383,5.609493397874838
RN,2005-12-01,2005,12,63.9826574848704,,,,3.8042712962553,3.85487593468558,FALSE,TRUE,FALSE,post,FALSE,2004-08-04,2004-11-10,,13,154900694,3003087,58.769952119710055,4.073630705917916,51.58048834416053,281.19713548092346,5.6390559731169265
RN,2006-01-01,2006,1,63.034735226103,,,,3.79995598144438,3.85127671486705,FALSE,TRUE,FALSE,post,FALSE,2004-08-04,2004-11-10,,14,160940352,3043760,59.90379154602917,4.092739801048545,52.875506610245225,289.9202635553487,5.669605931916524
RN,2006-02-01,2006,2,60.334668345865,,,,3.8243201407576,3.87481889925792,FALSE,TRUE,FALSE,post,FALSE,2004-08-04,2004-11-10,,15,143668444,3043760,60.54096804856245,4.103320293696362,47.20097642389676,292.07697852428265,5.677017392608455
RN,2006-03-01,2006,3,60.2268638569728,,,,3.82082233007221,3.86666238013981,FALSE,TRUE,FALSE,post,FALSE,2004-08-04,2004-11-10,,16,138134462,3043760,61.034348890675,4.1114368022623715,45.38283636029122,289.1892572883404,5.667081343288792
RN,2006-04-01,2006,4,60.1389478523254,,,,3.80922501708375,3.83054887324307,FALSE,TRUE,FALSE,post,FALSE,2004-08-04,2004-11-10,,17,138978847,3043760,61.319884000101716,4.1161041622878924,45.66025146529293,289.58970542459224,5.668465112312716
RN,2006-05-01,2006,5,61.1874848033911,,,,3.93002815556337,3.979364718223,FALSE,TRUE,FALSE,post,FALSE,2004-08-04,2004-11-10,,18,157720962,3043760,61.48422626158795,4.118780658363526,51.81780495177018,294.51786415565687,5.6853396605241215
RN,2006-06-01,2006,6,60.3626980431097,,,,3.86281176472043,3.90685228710462,FALSE,TRUE,FALSE,post,FALSE,2004-08-04,2004-11-10,,19,153122326,3043760,60.88089968796117,4.1089194914987885,50.306964412437246,293.2443402239336,5.681006187173194
RN,2006-07-01,2006,7,61.8375832191653,,,,3.83079507811342,3.88225162456079,FALSE,TRUE,FALSE,post,FALSE,2004-08-04,2004-11-10,,20,149640524,3043760,60.681374353471554,4.105636803424098,49.16304964911819,289.53188326280656,5.668265423117537
RN,2006-08-01,2006,8,63.4347027173943,,,,3.91303180065047,3.96008852504935,FALSE,TRUE,FALSE,post,FALSE,2004-08-04,2004-11-10,,21,167893731,3043760,61.19804674872643,4.114115273138475,55.159976805004334,297.4908836439141,5.695383581302438
RN,2006-09-01,2006,9,63.0809462361008,,,,4.01280791657014,4.06418127349703,FALSE,TRUE,FALSE,post,FALSE,2004-08-04,2004-11-10,,22,191827053,3043760,61.67372714524777,4.12185802410351,63.02305470864983,315.1311019922727,5.752988749040634
RN,2006-10-01,2006,10,62.5924644080818,,,,3.89101701628576,3.94025812637551,FALSE,TRUE,FALSE,post,FALSE,2004-08-04,2004-11-10,,23,166201427,3043760,62.08264657120717,4.1284665065900885,54.603985531053695,324.0748360580335,5.780974464609356
RO,2001-11-01,2001,11,25.2315229828451,,,,4.01593628319177,4.08162149071463,FALSE,TRUE,FALSE,pre,TRUE,2004-08-04,2004-11-10,,-36,67750092,1407886,,,48.12185929826705,,
RO,2001-12-01,2001,12,19.9646265150998,,,,3.97088198065577,3.97331194269236,FALSE,TRUE,FALSE,pre,TRUE,2004-08-04,2004-11-10,,-35,60528362,1407886,,,42.992374382584956,,
RO,2002-01-01,2002,1,26.6398960766334,,,,3.82105325364905,3.87356677201765,FALSE,TRUE,FALSE,pre,TRUE,2004-08-04,2004-11-10,,-34,51958554,1431777,,,36.289557661563215,,
RO,2002-02-01,2002,2,26.2806105445103,,,,4.02727391659643,4.05416002468548,FALSE,TRUE,FALSE,pre,TRUE,2004-08-04,2004-11-10,,-33,48316754,1431777,,,33.746005139068444,,
RO,2002-03-01,2002,3,28.5006323480819,,,,3.9504911001231,3.99859654639096,FALSE,TRUE,FALSE,pre,TRUE,2004-08-04,2004-11-10,,-32,49175970,1431777,,,34.34610976429989,,
RO,2002-04-01,2002,4,26.6482690794773,,,,3.99631329713049,4.04972472290986,FALSE,TRUE,FALSE,pre,TRUE,2004-08-04,2004-11-10,,-31,54238981,1431777,25.544259591107966,3.2404126178689845,37.882282645970704,233.37818889175426,5.452660266007436
RO,2002-05-01,2002,5,29.7189516409823,,,,3.9406063513055,3.97712355935386,FALSE,TRUE,FALSE,pre,TRUE,2004-08-04,2004-11-10,,-30,53355754,1431777,26.292164367464167,3.2692709619968867,37.26540795109853,222.52173754458573,5.405024793663869
RO,2002-06-01,2002,6,28.7560707199546,,,,3.82850638090125,3.88562158896684,FALSE,TRUE,FALSE,pre,TRUE,2004-08-04,2004-11-10,,-29,50554287,1431777,27.7574050682733,3.3235026539016457,35.30877154752451,214.8381347095253,5.369884882768723
RO,2002-07-01,2002,7,28.9320870317761,,,,3.80855533570924,3.89760775384201,FALSE,TRUE,FALSE,pre,TRUE,2004-08-04,2004-11-10,,-28,55300661,1431777,28.139436894130416,3.337172040616457,38.6237947669225,217.17237181488457,5.3806913783800425
RO,2002-08-01,2002,8,29.1482848083349,,,,3.80043755801797,3.86382874491872,FALSE,TRUE,FALSE,pre,TRUE,2004-08-04,2004-11-10,,-27,56185773,1431777,28.61738260476785,3.354014316583782,39.24198600759755,222.66835268341367,5.405683456771368
RO,2002-09-01,2002,9,31.5323202251832,,,,3.86582876292266,3.94210733920976,FALSE,TRUE,FALSE,pre,TRUE,2004-08-04,2004-11-10,,-26,59955141,1431777,29.122663917618066,3.371516699831816,41.87463620382224,230.19687912293602,5.438934938954075
RO,2002-10-01,2002,10,31.1659057028104,,,,3.9469195289434,4.01087147207958,FALSE,TRUE,FALSE,pre,TRUE,2004-08-04,2004-11-10,,-25,64576244,1431777,29.87560335484025,3.397042206025655,45.1021660496013,237.41676252656663,5.469817088472129
RO,2002-11-01,2002,11,29.9685451291728,,,,4.49121215900447,4.56137605331195,FALSE,TRUE,FALSE,pre,TRUE,2004-08-04,2004-11-10,,-24,125625760,1431777,29.917202269538667,3.3984336417000858,87.74114963433551,287.89250420980363,5.662587161189584
RO,2002-12-01,2002,12,28.5709951092555,,,,3.940150249797,3.95672915997192,FALSE,TRUE,FALSE,pre,TRUE,2004-08-04,2004-11-10,,-23,66684382,1431777,29.88635633442215,3.3974020663700566,46.5745587476262,299.1582914099053,5.700972836015224
RO,2003-01-01,2003,1,30.6837819142612,,,,4.09915958326909,4.16789925914248,FALSE,TRUE,FALSE,pre,TRUE,2004-08-04,2004-11-10,,-22,81653569,1455907,30.178305481503,3.407123304695902,56.084330249116185,316.618826892099,5.757698611541487
RO,2003-02-01,2003,2,29.930056548432,,,,3.99116726654491,4.0700705499368,FALSE,TRUE,FALSE,pre,TRUE,2004-08-04,2004-11-10,,-21,55541356,1455907,30.30860077151918,3.41143152608196,38.148972427497085,315.52581331199855,5.754240495788147
RO,2003-03-01,2003,3,27.7280882444707,,,,4.11298497862105,4.19450218721596,FALSE,TRUE,FALSE,pre,TRUE,2004-08-04,2004-11-10,,-20,69959877,1455907,29.6745621080671,3.3902901841296407,48.05243535473076,321.703612462907,5.773630663472908
RO,2003-04-01,2003,4,29.9953784280622,,,,4.14775178979472,4.23621568460832,FALSE,TRUE,FALSE,pre,TRUE,2004-08-04,2004-11-10,,-19,74271101,1455907,29.4794742289424,3.3836942323229615,51.0136299914761,327.61507640478186,5.791839371691609
RO,2003-05-01,2003,5,28.1028734288563,,,,3.99613064473675,4.06859090827689,FALSE,TRUE,FALSE,pre,TRUE,2004-08-04,2004-11-10,,-18,66276981,1455907,29.168528945556318,3.3730903522190934,45.52281224006753,285.39673901051384,5.653880278945622
RO,2003-06-01,2003,6,30.2643315434221,,,,4.25296200693213,4.33531355042685,FALSE,TRUE,FALSE,pre,TRUE,2004-08-04,2004-11-10,,-17,95395021,1455907,29.450751684584084,3.3827194338663977,65.52274355436164,304.3449238172493,5.7181616760337945
RO,2003-07-01,2003,7,30.9163683614467,,,,4.3521668814477,4.41777406705569,FALSE,TRUE,FALSE,pre,TRUE,2004-08-04,2004-11-10,,-16,104238495,1455907,29.489516092448333,3.3840348134842895,71.59694609614488,319.85753966427797,5.7678757081187975
RO,2003-08-01,2003,8,30.8057093327851,,,,4.31509617228744,4.3747883769754,FALSE,TRUE,FALSE,pre,TRUE,2004-08-04,2004-11-10,,-15,109915685,1455907,29.63545822317385,3.388971557349851,75.49636412215891,357.2049313589398,5.878309654503184
RO,2003-09-01,2003,9,30.8994101406176,,,,4.2557234922997,4.34073623729628,FALSE,TRUE,FALSE,pre,TRUE,2004-08-04,2004-11-10,,-14,102635838,1455907,30.164011872531667,3.406649553939702,70.49614982275654,379.6486458269656,5.939246208754332
RO,2003-10-01,2003,10,31.793719088922,,,,4.23147375556337,4.30370805693955,FALSE,TRUE,FALSE,pre,TRUE,2004-08-04,2004-11-10,,-13,104098971,1455907,30.4637353160083,3.416536970152365,71.5011130518639,400.1361288873534,5.991804811429895
RO,2003-11-01,2003,11,33.1225669732006,,,,4.1897412585804,4.27386302450545,FALSE,TRUE,FALSE,pre,TRUE,2004-08-04,2004-11-10,,-12,99021384,1455907,31.300350906732348,3.4436293085609746,68.0135365789161,422.62685322620194,6.046489646055293
RO,2003-12-01,2003,12,35.547532351985,,,,4.07671206128518,4.11171917568837,FALSE,TRUE,FALSE,pre,TRUE,2004-08-04,2004-11-10,,-11,90833416,1455907,32.180884374826164,3.471372623312967,62.389572960360795,419.4936826322011,6.039048466514253
RO,2004-01-01,2004,1,33.5626909605693,,,,4.11624469788044,4.23286228748137,FALSE,TRUE,FALSE,pre,TRUE,2004-08-04,2004-11-10,,-10,93066329,1562085,32.6219381413466,3.484985011164996,59.578274549720405,407.47501108577666,6.009979608311725
RO,2004-02-01,2004,2,32.2168748664218,,,,4.19922805833733,4.28757871983932,FALSE,TRUE,FALSE,pre,TRUE,2004-08-04,2004-11-10,,-9,84275547,1562085,32.857132396952714,3.4921688415142182,53.95067938044345,385.92932634406117,5.955654260328478
RO,2004-03-01,2004,3,35.9928335517142,,,,4.26022677466569,4.32939256213829,FALSE,TRUE,FALSE,pre,TRUE,2004-08-04,2004-11-10,,-8,94178501,1562085,33.70603629880215,3.517676939977302,60.290253731391054,375.7234302526957,5.928853314895923
RO,2004-04-01,2004,4,36.9284836060015,,,,4.22620597594522,4.27490323259916,FALSE,TRUE,FALSE,pre,TRUE,2004-08-04,2004-11-10,,-7,88837864,1562085,34.561830384982066,3.542749905061806,56.871337987369444,361.09365518820124,5.8891373573403465
RO,2004-05-01,2004,5,36.432135977712,,,,4.20387952017665,4.2710297166799,FALSE,TRUE,FALSE,pre,TRUE,2004-08-04,2004-11-10,,-6,95256686,1562085,35.113425219067295,3.5585835422168395,60.98047545428066,354.0605940635658,5.8694680681570075
RO,2004-06-01,2004,6,38.5530432238046,,,,4.16536137350242,4.25850464723112,FALSE,TRUE,FALSE,pre,TRUE,2004-08-04,2004-11-10,,-5,99399860,1562085,35.6143436977039,3.572748469567247,63.63281127467455,355.30383237787953,5.87297328928426
RO,2004-07-01,2004,7,42.3551590094371,,,,4.19783849352541,4.29348574337483,FALSE,TRUE,FALSE,pre,TRUE,2004-08-04,2004-11-10,,-4,104481532,1562085,37.07975503918187,3.6130711343970265,66.88594538709481,362.61150321525395,5.893332022073626
RO,2004-08-01,2004,8,39.0578668267765,,,,4.27813164299941,4.3695110049132,FALSE,TRUE,FALSE,pre,TRUE,2004-08-04,2004-11-10,,-3,119432430,1562085,38.21992036590765,3.6433568552387277,76.45706219571919,385.1178860305297,5.9535494849007975
RO,2004-09-01,2004,9,39.8303318527242,,,,4.18369859170068,4.26686818259939,FALSE,TRUE,FALSE,pre,TRUE,2004-08-04,2004-11-10,,-2,106295819,1562085,38.85950341607598,3.659952665073923,68.04739754878896,392.87502984792764,5.973491571090818
RO,2004-10-01,2004,10,38.1196359278335,,,,4.34471067827224,4.44654800152251,FALSE,TRUE,FALSE,pre,TRUE,2004-08-04,2004-11-10,,-1,131457366,1562085,39.05802880304798,3.6650484583033003,84.15506582548325,420.15875768604144,6.040632634346069
RO,2004-11-01,2004,11,37.7536470243681,,,,4.28237266463424,4.37524615426684,FALSE,TRUE,FALSE,post,FALSE,2004-08-04,2004-11-10,,0,127417084,1562085,39.278280644157334,3.670671710739997,81.56859837972965,440.7468806114904,6.088470743797439
RO,2004-12-01,2004,12,38.0685327678635,,,,4.40315072983943,4.48923201269818,FALSE,TRUE,FALSE,post,FALSE,2004-08-04,2004-11-10,,1,143920599,1562085,39.19752890150048,3.668613706582396,92.13365405851795,469.2477233953338,6.151130823873248
RO,2005-01-01,2005,1,38.3518914685578,,,,4.37133349079543,4.49381714017037,FALSE,TRUE,FALSE,post,FALSE,2004-08-04,2004-11-10,,2,130013578,1534594,38.530317644687265,3.6514454026914773,84.72180785276106,487.0835858610001,6.1884357425666225
RO,2005-02-01,2005,2,42.2633508659635,,,,4.34727203025999,4.46197255756105,FALSE,TRUE,FALSE,post,FALSE,2004-08-04,2004-11-10,,3,98222258,1534594,39.064564984551765,3.665215789703914,64.00537080165829,474.6318944669392,6.162539544581705
RO,2005-03-01,2005,3,41.6821729565608,,,,4.36801095318708,4.48418692291282,FALSE,TRUE,FALSE,post,FALSE,2004-08-04,2004-11-10,,4,102688667,1534594,39.373205168524535,3.6730855130852604,66.91585331364517,473.5003502317954,6.160152652291742
RO,2005-04-01,2005,4,40.8721544661062,,,,4.33688002700528,4.50156073493714,FALSE,TRUE,FALSE,post,FALSE,2004-08-04,2004-11-10,,5,108996555,1534594,39.831958258236654,3.684669561393878,71.02631380026249,460.3715982065746,6.132033985558618
RO,2005-05-01,2005,5,42.71557110922,,,,4.55951991775764,4.6232215021061,FALSE,TRUE,FALSE,post,FALSE,2004-08-04,2004-11-10,,6,141743694,1534594,40.65894560571197,3.7052188758844227,92.365598979274,471.16859880611895,6.155215989212951
RO,2005-06-01,2005,6,41.780524250157,,,,4.47762498210548,4.56638588931969,FALSE,TRUE,FALSE,post,FALSE,2004-08-04,2004-11-10,,7,141006963,1534594,41.27761085276089,3.720320242869536,91.88551695106328,470.92046169866427,6.154689208627982
RO,2005-07-01,2005,7,41.0954442824442,,,,4.39406655399716,4.51177182825307,FALSE,TRUE,FALSE,post,FALSE,2004-08-04,2004-11-10,,8,134943893,1534594,41.734869655075286,3.731336982141606,87.93458921382464,474.1332430597279,6.161488385694425
RO,2005-08-01,2005,8,41.4826820000342,,,,4.26368218273206,4.37516561791087,FALSE,TRUE,FALSE,post,FALSE,2004-08-04,2004-11-10,,9,127007538,1534594,41.6047581774204,3.728214539991322,82.76295749885638,492.89082975692594,6.2002877088657655
RO,2005-09-01,2005,9,40.1518397672917,,,,4.38828663847219,4.50206142608113,FALSE,TRUE,FALSE,post,FALSE,2004-08-04,2004-11-10,,10,136671345,1534594,41.34970264587555,3.722065230292104,89.06026284476546,515.0352392880462,6.244235324124829
RO,2005-10-01,2005,10,43.3372062164708,,,,4.10917312446876,4.25398534766835,FALSE,TRUE,FALSE,post,FALSE,2004-08-04,2004-11-10,,11,108833633,1534594,41.76054460426965,3.7319519847793283,70.92014760907445,514.9290730968582,6.244029169037148
RO,2005-11-01,2005,11,43.2827042580016,,,,4.33067079992109,4.43953281015203,FALSE,TRUE,FALSE,post,FALSE,2004-08-04,2004-11-10,,12,135953659,1534594,41.85506679573325,3.7342128599949476,88.59259126518154,511.15606538276575,6.236674955282999
RO,2005-12-01,2005,12,43.3065594044123,,,,4.33327982464208,4.39502331952724,FALSE,TRUE,FALSE,post,FALSE,2004-08-04,2004-11-10,,13,138599609,1534594,42.10940598810913,3.740271135878882,90.31679323651728,509.5873416682198,6.2336012642089
RO,2006-01-01,2006,1,43.7027275841248,,,,4.09045830506842,4.23471342258827,FALSE,TRUE,FALSE,post,FALSE,2004-08-04,2004-11-10,,14,104126013,1562417,42.5439532050559,3.7505377345812905,66.64418845929096,488.29694091368606,6.190923706279787
RO,2006-02-01,2006,2,41.9404860372718,,,,4.30364906387206,4.39518608418797,FALSE,TRUE,FALSE,post,FALSE,2004-08-04,2004-11-10,,15,102476809,1562417,42.62025387792883,3.752329583431914,65.58864182865393,471.12262524348364,6.155118410966442
RO,2006-03-01,2006,3,40.9011528847632,,,,4.22311675554303,4.35169356069375,FALSE,TRUE,FALSE,post,FALSE,2004-08-04,2004-11-10,,16,97772727,1562417,42.745139397507415,3.755255490614707,62.577869416423404,444.6402318151416,6.09726548734873
RO,2006-04-01,2006,4,42.6692542882454,,,,4.14116771204229,4.24985512760497,FALSE,TRUE,FALSE,post,FALSE,2004-08-04,2004-11-10,,17,91229690,1562417,42.63381407613652,3.752647696072107,58.390103282286354,432.11018748835346,6.068680619351361
RO,2006-05-01,2006,5,42.0542687021103,,,,4.07321673756463,4.18699882368962,FALSE,TRUE,FALSE,post,FALSE,2004-08-04,2004-11-10,,18,97030092,1562417,42.4290748168213,3.747833854046531,62.10255776786863,405.6201539910406,6.005417140369523
RO,2006-06-01,2006,6,42.2920636922065,,,,4.13133216785835,4.26322434466712,FALSE,TRUE,FALSE,post,FALSE,2004-08-04,2004-11-10,,19,105156294,1562417,42.25999219812033,3.7438408275717157,67.30360332740875,382.606964081932,5.947008258831957
RO,2006-07-01,2006,7,44.5241009273747,,,,4.08320562405285,4.21868921710022,FALSE,TRUE,FALSE,post,FALSE,2004-08-04,2004-11-10,,20,106453427,1562417,42.39688775532865,3.747074957546888,68.13381254812256,384.09658817076365,5.950894052653631
RO,2006-08-01,2006,8,46.9565341442355,,,,4.17538590081149,4.30309594814024,FALSE,TRUE,FALSE,post,FALSE,2004-08-04,2004-11-10,,21,113810284,1562417,43.23289577315593,3.766601681704597,72.84245115100514,391.3503974931148,5.969603315947571
RO,2006-09-01,2006,9,45.6358136330047,,,,4.15984768507538,4.3026538090043,FALSE,TRUE,FALSE,post,FALSE,2004-08-04,2004-11-10,,22,121021714,1562417,44.02200589786285,3.784689642935253,77.45801152957245,406.2305396062639,6.006920829988927
RO,2006-10-01,2006,10,44.9491528753612,,,,4.20964436310202,4.35390737926646,FALSE,TRUE,FALSE,post,FALSE,2004-08-04,2004-11-10,,23,122217152,1562417,44.401988995715485,3.793284265635614,78.22313249279802,426.06356881677556,6.05458855771138
RR,2001-11-01,2001,11,28.9307665741999,,,,3.56980329336304,3.66470517518388,TRUE,FALSE,TRUE,pre,TRUE,2004-08-04,2004-11-10,treated_unit,-36,9351729,337237,,,27.730435865578215,,
RR,2001-12-01,2001,12,29.7137964785627,,,,3.54919440750392,3.65819759990898,TRUE,FALSE,TRUE,pre,TRUE,2004-08-04,2004-11-10,treated_unit,-35,9624708,337237,,,28.539893309452996,,
RR,2002-01-01,2002,1,30.3744968013001,,,,3.59720912848106,3.70034598899575,TRUE,FALSE,TRUE,pre,TRUE,2004-08-04,2004-11-10,treated_unit,-34,9532254,346871,,,27.48068878632114,,
RR,2002-02-01,2002,2,29.5878493968937,,,,3.58660201131156,3.69946039751504,TRUE,FALSE,TRUE,pre,TRUE,2004-08-04,2004-11-10,treated_unit,-33,9083365,346871,,,26.186579448844096,,
RR,2002-03-01,2002,3,28.7896838655848,,,,3.62179945596789,3.72833381053113,TRUE,FALSE,TRUE,pre,TRUE,2004-08-04,2004-11-10,treated_unit,-32,8964057,346871,,,25.84262449152567,,
RR,2002-04-01,2002,4,27.5267415939115,,,,3.64733514097127,3.73063736506377,TRUE,FALSE,TRUE,pre,TRUE,2004-08-04,2004-11-10,treated_unit,-31,11255510,346871,29.153889118408784,3.372588321338311,32.448691300224006,168.2289132019461,5.125325630518477
RR,2002-05-01,2002,5,28.1461192733119,,,,3.60223158495883,3.85298217758258,TRUE,FALSE,TRUE,pre,TRUE,2004-08-04,2004-11-10,treated_unit,-30,10759045,346871,29.023114568260784,3.368092566585518,31.01742434507353,171.51590168144145,5.144675983482238
RR,2002-06-01,2002,6,28.6171532768223,,,,3.55642117710091,3.64327345973152,TRUE,FALSE,TRUE,pre,TRUE,2004-08-04,2004-11-10,treated_unit,-29,9406982,346871,28.84034070130405,3.361775125845723,27.11954011721937,170.0955484892078,5.136360329095871
RR,2002-07-01,2002,7,32.3125604817219,,,,3.6445926287123,4.06442573895897,TRUE,FALSE,TRUE,pre,TRUE,2004-08-04,2004-11-10,treated_unit,-28,10745250,346871,29.163351314707683,3.3729128290246027,30.977654517097132,173.5925142199838,5.156710680443891
RR,2002-08-01,2002,8,28.1247576023716,,,,3.64590421334299,3.6366873451834,TRUE,FALSE,TRUE,pre,TRUE,2004-08-04,2004-11-10,treated_unit,-27,9716811,346871,28.919502682287334,3.3645162008179246,28.012751138031142,175.41868590917085,5.167175607383393
RR,2002-09-01,2002,9,29.6641924158373,,,,3.65906223248692,3.85434609848189,TRUE,FALSE,TRUE,pre,TRUE,2004-08-04,2004-11-10,treated_unit,-26,11201877,346871,29.065254107329416,3.3695434438410357,32.29407185956739,181.87013327721257,5.203292878954475
RR,2002-10-01,2002,10,30.2961244241872,,,,3.69157459654232,3.71832714791065,TRUE,FALSE,TRUE,pre,TRUE,2004-08-04,2004-11-10,treated_unit,-25,10941902,346871,29.526817912375368,3.3852989321566334,31.544585739367086,180.96602771635565,5.198309321474614
RR,2002-11-01,2002,11,28.2871076619435,,,,3.54376448564281,3.61438731267572,TRUE,FALSE,TRUE,pre,TRUE,2004-08-04,2004-11-10,treated_unit,-24,10317768,346871,29.5503159771473,3.3860944367610055,29.745259765157652,179.69386313643977,5.191254642602249
RR,2002-12-01,2002,12,25.5367794212189,,,,3.62326904085816,3.67456442079999,TRUE,FALSE,TRUE,pre,TRUE,2004-08-04,2004-11-10,treated_unit,-23,11964109,346871,29.036920334546735,3.3685681352471373,34.491522785127614,187.06584580434802,5.231460671476877
RR,2003-01-01,2003,1,28.0549876199378,,,,3.58273122192049,3.63530690772179,TRUE,FALSE,TRUE,pre,TRUE,2004-08-04,2004-11-10,treated_unit,-22,11524826,357302,28.327324857582717,3.3438268814834675,32.25513990965626,188.34333119690714,5.238266527070596
RR,2003-02-01,2003,2,26.9899983049164,,,,3.60774726368566,3.68828706015191,TRUE,FALSE,TRUE,pre,TRUE,2004-08-04,2004-11-10,treated_unit,-21,11249089,357302,28.13819830800685,3.3371280236239405,31.483420187964242,191.81400024684024,5.256526153773103
RR,2003-03-01,2003,3,26.0769952172126,,,,3.56330903609966,3.64178914828422,TRUE,FALSE,TRUE,pre,TRUE,2004-08-04,2004-11-10,treated_unit,-20,10783854,357302,27.54033210823607,3.3156515523503858,30.18134239382931,189.70127078110215,5.24545057581733
RR,2003-04-01,2003,4,26.6392640358168,,,,3.56128235956175,3.6203334150502,TRUE,FALSE,TRUE,pre,TRUE,2004-08-04,2004-11-10,treated_unit,-19,11780082,357302,26.930855376841002,3.2932726692912624,32.96953837370068,191.12622341543576,5.252934065355937
RR,2003-05-01,2003,5,24.7739539669949,,,,3.48897433425827,3.48001248880429,TRUE,FALSE,TRUE,pre,TRUE,2004-08-04,2004-11-10,treated_unit,-18,11012124,357302,26.345329761016234,3.2712910206076313,30.82021371276959,192.2011773630477,5.25854262223568
RR,2003-06-01,2003,6,25.6591097657741,,,,3.56675710076043,3.58295672680812,TRUE,FALSE,TRUE,pre,TRUE,2004-08-04,2004-11-10,treated_unit,-17,12146157,357302,26.365718151775432,3.2720646114423158,33.99409183267936,191.70374641059945,5.255951192951921
RR,2003-07-01,2003,7,24.087700315565,,,,3.59675423799958,3.64160065893571,TRUE,FALSE,TRUE,pre,TRUE,2004-08-04,2004-11-10,treated_unit,-16,11406949,357302,25.704503601046632,3.246666213943706,31.925231316925178,191.37383781786835,5.2542287811592425
RR,2003-08-01,2003,8,23.5098937886191,,,,3.4531623700951,3.56880090937553,TRUE,FALSE,TRUE,pre,TRUE,2004-08-04,2004-11-10,treated_unit,-15,9513974,357302,25.124486181663748,3.223842915689081,26.6272620920118,186.51767972191593,5.228526032027424
RR,2003-09-01,2003,9,23.794955581856,,,,3.61048961747203,3.78064910192416,TRUE,FALSE,TRUE,pre,TRUE,2004-08-04,2004-11-10,treated_unit,-14,12576517,357302,24.74414624243765,3.208588945583443,35.198563120273604,191.53490044836022,5.255070039787709
RR,2003-10-01,2003,10,23.5456128483739,,,,3.36840128435543,3.40456713027021,TRUE,FALSE,TRUE,pre,TRUE,2004-08-04,2004-11-10,treated_unit,-13,9596750,357302,24.228537711197166,3.1875311826646118,26.85893166005228,185.42429373471182,5.222646678715337
RR,2003-11-01,2003,11,23.8899111521869,,,,3.51496313998415,3.61218094939619,TRUE,FALSE,TRUE,pre,TRUE,2004-08-04,2004-11-10,treated_unit,-12,11091241,357302,24.0811972420625,3.1814313385594093,31.041642644037818,185.64572266598003,5.223840140583794
RR,2003-12-01,2003,12,24.4577587011145,,,,3.45442426924289,3.48365547858798,TRUE,FALSE,TRUE,pre,TRUE,2004-08-04,2004-11-10,treated_unit,-11,11729754,357302,23.880972064619232,3.1730819939195114,32.828682738971516,184.4803135722722,5.217542756282271
RR,2004-01-01,2004,1,23.1236359769897,,,,3.4648351649674902,3.53893092184261,TRUE,FALSE,TRUE,pre,TRUE,2004-08-04,2004-11-10,treated_unit,-10,11605991,381896,23.72029467485668,3.1663309971070253,30.39044923225171,182.94553148759874,5.209188466392938
RR,2004-02-01,2004,2,22.5619409628343,,,,3.51555089126215,3.55210588536838,TRUE,FALSE,TRUE,pre,TRUE,2004-08-04,2004-11-10,treated_unit,-9,11071379,381896,23.562302537225882,3.1596480847901276,28.99056025724281,185.30882965282973,5.222023782737981
RR,2004-03-01,2004,3,22.7539976191354,,,,3.4510939397127,3.54094802892259,TRUE,FALSE,TRUE,pre,TRUE,2004-08-04,2004-11-10,treated_unit,-8,11344801,381896,23.388809543439116,3.1522576833384295,29.706519576010223,179.81678610856636,5.1919384775716715
RR,2004-04-01,2004,4,22.4287910267103,,,,3.4989596581827,3.52445894502855,TRUE,FALSE,TRUE,pre,TRUE,2004-08-04,2004-11-10,treated_unit,-7,12424303,381896,23.20267257316185,3.144267469156631,32.5332106123133,185.49106506082737,5.22300671409944
RR,2004-05-01,2004,5,22.4370789606845,,,,3.65465083699598,3.68009279926077,TRUE,FALSE,TRUE,pre,TRUE,2004-08-04,2004-11-10,treated_unit,-6,14919204,381896,22.96053387457812,3.133776823558129,39.06614366214886,193.5155660789384,5.265357954086718
RR,2004-06-01,2004,6,23.3898437879236,,,,3.53719288759067,3.61481446714572,TRUE,FALSE,TRUE,pre,TRUE,2004-08-04,2004-11-10,treated_unit,-5,12454286,381896,22.782548055712965,3.125994806711629,32.61172151580535,193.29860485577225,5.264236168680594
RR,2004-07-01,2004,7,24.589049561888,,,,3.38278675347934,3.49867093236438,TRUE,FALSE,TRUE,pre,TRUE,2004-08-04,2004-11-10,treated_unit,-4,10615706,381896,23.026783653196016,3.136658045077892,27.797374154219998,190.70552977774054,5.250730509447316
RR,2004-08-01,2004,8,24.4966591595293,,,,3.54867572402103,3.60221194567812,TRUE,FALSE,TRUE,pre,TRUE,2004-08-04,2004-11-10,treated_unit,-3,12730718,381896,23.349236685978518,3.150564293472587,33.33556256153508,195.05053208203282,5.273258663875286
RR,2004-09-01,2004,9,23.3420682659142,,,,3.49349560511655,3.57424929578459,TRUE,FALSE,TRUE,pre,TRUE,2004-08-04,2004-11-10,treated_unit,-2,12182634,381896,23.44724846044165,3.154753151566109,31.90039696671345,197.24440947273604,5.284443616980789
RR,2004-10-01,2004,10,22.0033278584535,,,,3.50493532254945,3.68102599300973,TRUE,FALSE,TRUE,pre,TRUE,2004-08-04,2004-11-10,treated_unit,-1,12148083,381896,23.37633793239885,3.151724311286417,31.80992469153906,196.5211235519618,5.280769924523885
RR,2004-11-01,2004,11,22.9914841656773,,,,3.61790699755315,3.69523705128476,TRUE,FALSE,TRUE,post,FALSE,2004-08-04,2004-11-10,treated_unit,0,15206279,381896,23.46873879989765,3.1556692717295736,39.81785355175231,197.27283344156524,5.284587711919039
RR,2004-12-01,2004,12,21.1247342746308,,,,3.54896040079813,3.64843720993185,TRUE,FALSE,TRUE,post,FALSE,2004-08-04,2004-11-10,treated_unit,1,14215645,381896,23.091220547682184,3.139452482414649,37.22386461235519,201.8849765381151,5.307698112139676
RR,2005-01-01,2005,1,22.8197654652357,,,,3.57330086848204,3.71496364437949,TRUE,FALSE,TRUE,post,FALSE,2004-08-04,2004-11-10,treated_unit,2,15238782,391317,22.7963398649068,3.1265999908327857,38.94229486579934,213.02989724969444,5.361432518534128
RR,2005-02-01,2005,2,23.8859208642367,,,,3.60757504194001,3.71772414853737,TRUE,FALSE,TRUE,post,FALSE,2004-08-04,2004-11-10,treated_unit,3,14359814,391317,22.6945501490247,3.122124814122408,36.696115936695826,216.3904506248552,5.377084417647696
RR,2005-03-01,2005,3,24.6436405812781,,,,3.64406860651279,3.77628155170847,TRUE,FALSE,TRUE,post,FALSE,2004-08-04,2004-11-10,treated_unit,4,14076403,391317,22.911478868252015,3.1316380455934136,35.97186679852907,220.46192045667078,5.395724983631541
RR,2005-04-01,2005,4,24.3903366936255,,,,3.56531376911223,3.7551676975671,TRUE,FALSE,TRUE,post,FALSE,2004-08-04,2004-11-10,treated_unit,5,14474827,391317,23.309313674114016,3.148853009204248,36.990028544632615,225.64202430976434,5.418949780245131
RR,2005-05-01,2005,5,24.0057570363041,,,,3.63566224993677,3.74806384270135,TRUE,FALSE,TRUE,post,FALSE,2004-08-04,2004-11-10,treated_unit,6,15886101,391317,23.478359152551818,3.1560791097476155,40.596501046466166,226.42067180447822,5.42239464871772
RR,2005-06-01,2005,6,23.7822075562114,,,,3.57244552418901,3.74861436191061,TRUE,FALSE,TRUE,post,FALSE,2004-08-04,2004-11-10,treated_unit,7,14088035,391317,23.921271366148584,3.1747680784286993,36.00159205963452,225.19839925175754,5.416981788121967
RR,2005-07-01,2005,7,23.5355353507474,,,,3.66719496306571,3.79369024588827,TRUE,FALSE,TRUE,post,FALSE,2004-08-04,2004-11-10,treated_unit,8,15330466,391317,24.040566347067198,3.1797426679197587,39.17659084578487,225.43269523174308,5.418021645353151
RR,2005-08-01,2005,8,24.3076767006579,,,,3.65127218123142,3.8008113270024,TRUE,FALSE,TRUE,post,FALSE,2004-08-04,2004-11-10,treated_unit,9,16017632,391317,24.11085898647073,3.182662319367248,40.932624956237525,229.66920425128478,5.4366400312741385
RR,2005-09-01,2005,9,25.3981443397563,,,,3.61457023151018,3.77757529526682,TRUE,FALSE,TRUE,post,FALSE,2004-08-04,2004-11-10,treated_unit,10,15050543,391317,24.23660961288377,3.1878642839634588,38.46125519719307,232.15859264994876,5.447420727134168
RR,2005-10-01,2005,10,26.9158290782655,,,,3.65972175286238,3.82625254497903,TRUE,FALSE,TRUE,post,FALSE,2004-08-04,2004-11-10,treated_unit,11,16266528,391317,24.657525010323766,3.205082128154481,41.56867194627374,236.7372360515899,5.466950817419957
RR,2005-11-01,2005,11,27.2109973154922,,,,3.64379714717453,3.91022122524058,TRUE,FALSE,TRUE,post,FALSE,2004-08-04,2004-11-10,treated_unit,12,16093809,391317,25.191731723521784,3.2265158344693052,41.1272932175193,237.268028222643,5.469190422896616
RR,2005-12-01,2005,12,28.9732664109383,,,,3.71645474345936,3.86329151379161,TRUE,FALSE,TRUE,post,FALSE,2004-08-04,2004-11-10,treated_unit,13,17688148,391317,26.0569081993096,3.2602829230354162,45.20158337102656,246.46801953403508,5.5072322468673764
RR,2006-01-01,2006,1,29.8758069979665,,,,3.70346676461503,3.86885037350072,TRUE,FALSE,TRUE,post,FALSE,2004-08-04,2004-11-10,treated_unit,14,19276966,403344,27.113620140512783,3.3000361898413053,47.79286663493197,255.08429532318218,5.541594060427069
RR,2006-02-01,2006,2,30.6500080199039,,,,3.65244631561864,3.85363509407962,TRUE,FALSE,TRUE,post,FALSE,2004-08-04,2004-11-10,treated_unit,15,16308117,403344,28.170675360387115,3.3382815560555352,40.43227865048197,254.58394901742662,5.5396306402138284
RR,2006-03-01,2006,3,29.1807204643523,,,,3.75737506631657,3.86989907407818,TRUE,FALSE,TRUE,post,FALSE,2004-08-04,2004-11-10,treated_unit,16,17523306,403344,28.80110471448645,3.3604137445481363,43.445064262763296,259.5677580829968,5.559017778669045
RR,2006-04-01,2006,4,33.3719733175984,,,,3.7522007253006,3.92470928404368,TRUE,FALSE,TRUE,post,FALSE,2004-08-04,2004-11-10,treated_unit,17,18038550,403344,29.877128754375267,3.397093263089709,44.722494942282516,262.7215810790056,5.571094844360318
RR,2006-05-01,2006,5,32.0020077909777,,,,3.7277307893871,3.86038382413546,TRUE,FALSE,TRUE,post,FALSE,2004-08-04,2004-11-10,treated_unit,18,18948323,403344,30.675630500289518,3.423468544592408,46.97807082787893,268.5723586893652,5.593120369967768
RR,2006-06-01,2006,6,31.483514294377,,,,3.67858889936488,3.79587196097919,TRUE,FALSE,TRUE,post,FALSE,2004-08-04,2004-11-10,treated_unit,19,16839031,403344,31.094005147529302,3.4370150400748853,41.748559542226985,265.1193348605657,5.580180044851048
RR,2006-07-01,2006,7,32.6401995279999,,,,3.65064481814216,3.8895522446603,TRUE,FALSE,TRUE,post,FALSE,2004-08-04,2004-11-10,treated_unit,20,16955437,403344,31.5547372358682,3.4517237278225807,42.03716182712523,259.36363005275894,5.558231054082969
RR,2006-08-01,2006,8,33.6430330080606,,,,3.70216381556898,3.89061676214526,TRUE,FALSE,TRUE,post,FALSE,2004-08-04,2004-11-10,treated_unit,21,17051117,403344,32.053574733894315,3.4674087133059333,42.27437869411718,261.2057300963941,5.565308334743558
RR,2006-09-01,2006,9,35.663739873937,,,,3.76579705000831,3.95116506780153,TRUE,FALSE,TRUE,post,FALSE,2004-08-04,2004-11-10,treated_unit,22,18739890,403344,33.134077968825096,3.5005622986500864,46.46130846126383,264.22197429489466,5.576789561585241
RR,2006-10-01,2006,10,34.1128292333647,,,,3.76006869492302,3.91870490472945,TRUE,FALSE,TRUE,post,FALSE,2004-08-04,2004-11-10,treated_unit,23,19235504,403344,33.25755395478615,3.5042819279090027,47.69007100638661,267.18955035899876,5.587958332959876
RS,2001-11-01,2001,11,56.4276609769951,,,,4.23526861797611,4.31745610142508,FALSE,TRUE,FALSE,pre,TRUE,2004-08-04,2004-11-10,,-36,560547692,10309819,,,54.37027478367952,,
RS,2001-12-01,2001,12,56.4463915926927,,,,4.22964428753202,4.31339351627761,FALSE,TRUE,FALSE,pre,TRUE,2004-08-04,2004-11-10,,-35,681937785,10309819,,,66.144496329179,,
RS,2002-01-01,2002,1,55.5028922621421,,,,4.15651067172064,4.24166580110179,FALSE,TRUE,FALSE,pre,TRUE,2004-08-04,2004-11-10,,-34,531159691,10408540,,,51.03114279236089,,
RS,2002-02-01,2002,2,56.4644330468019,,,,4.34068930498585,4.41173951858469,FALSE,TRUE,FALSE,pre,TRUE,2004-08-04,2004-11-10,,-33,589747401,10408540,,,56.65995432596694,,
RS,2002-03-01,2002,3,54.9414214874866,,,,4.25844959852614,4.72159015478979,FALSE,TRUE,FALSE,pre,TRUE,2004-08-04,2004-11-10,,-32,497542042,10408540,,,47.80132871661155,,
RS,2002-04-01,2002,4,56.5918266259793,,,,4.32635059782393,4.06710757428035,FALSE,TRUE,FALSE,pre,TRUE,2004-08-04,2004-11-10,,-31,617181734,10408540,56.06243766534962,4.026466027940575,59.29570660246298,335.3029035502609,5.815034312994071
RS,2002-05-01,2002,5,55.1924181735527,,,,4.31132434008701,4.39122416276259,FALSE,TRUE,FALSE,pre,TRUE,2004-08-04,2004-11-10,,-30,569849949,10408540,55.856563864775886,4.0227870452840815,54.74830754361322,335.68093631019457,5.816161114497996
RS,2002-06-01,2002,6,55.794062255921,,,,4.32337369109353,4.39790520626009,FALSE,TRUE,FALSE,pre,TRUE,2004-08-04,2004-11-10,,-29,590008235,10408540,55.747842308647265,4.020838706607343,56.6850139404758,326.2214539214914,5.787576457250122
RS,2002-07-01,2002,7,55.8070533080673,,,,4.32485923260947,4.4075901007524,FALSE,TRUE,FALSE,pre,TRUE,2004-08-04,2004-11-10,,-28,602931004,10408540,55.79853581630147,4.021747629191766,57.9265683755839,333.1168795047144,5.808493417901684
RS,2002-08-01,2002,8,56.1677492106778,,,,4.32315413228366,4.39198976261951,FALSE,TRUE,FALSE,pre,TRUE,2004-08-04,2004-11-10,,-27,611249015,10408540,55.749088510280785,4.020861060615196,58.72572089841611,335.18264607716355,5.814675595421549
RS,2002-09-01,2002,9,55.7856101743081,,,,4.30063892277474,4.40243254056532,FALSE,TRUE,FALSE,pre,TRUE,2004-08-04,2004-11-10,,-26,637484117,10408540,55.88978662475103,4.023381655502822,61.24625711194846,348.62757447250044,5.854004230567215
RS,2002-10-01,2002,10,54.9171682103455,,,,4.29973193835039,4.36008647959128,FALSE,TRUE,FALSE,pre,TRUE,2004-08-04,2004-11-10,,-25,624670532,10408540,55.610676888812065,4.018375213195382,60.01519252459999,349.3470603946375,5.856065870463666
RS,2002-11-01,2002,11,54.4354559840083,,,,4.35508357204876,4.42034720502202,FALSE,TRUE,FALSE,pre,TRUE,2004-08-04,2004-11-10,,-24,699671635,10408540,55.484516523888,4.0161040002782284,67.22092003297293,361.81967288399716,5.891145946507795
RS,2002-12-01,2002,12,51.9678930347733,,,,4.35734575172334,4.39838088241471,FALSE,TRUE,FALSE,pre,TRUE,2004-08-04,2004-11-10,,-23,869997704,10408540,54.846821653696715,4.004544238892738,83.58498924921267,388.71964819273404,5.962858385056936
RS,2003-01-01,2003,1,53.4288711225231,,,,4.40763231445934,4.49288105968281,FALSE,TRUE,FALSE,pre,TRUE,2004-08-04,2004-11-10,,-22,794242269,10510992,54.450457956106014,3.99729125992406,75.5630171728796,406.35609699002976,6.007229861368747
RS,2003-02-01,2003,2,54.8622584429573,,,,4.36717853122563,4.42695964314094,FALSE,TRUE,FALSE,pre,TRUE,2004-08-04,2004-11-10,,-21,702851310,10510992,54.23287616148593,3.9932872958007484,66.86821852780403,414.49859461941764,6.027069584025374
RS,2003-03-01,2003,3,52.3412328472734,,,,4.30139829834671,4.35349044514027,FALSE,TRUE,FALSE,pre,TRUE,2004-08-04,2004-11-10,,-20,637995296,10510992,53.658813273646814,3.982645729092223,60.69791471632744,413.95025222379667,6.025745802894441
RS,2003-04-01,2003,4,52.0285369206686,,,,4.19613461398476,4.30981223262681,FALSE,TRUE,FALSE,pre,TRUE,2004-08-04,2004-11-10,,-19,601806903,10510992,53.17737472536733,3.9736330187702285,57.25500533156147,411.19006503075815,6.0190555529316585
RS,2003-05-01,2003,5,52.8282834374489,,,,4.29377206998452,4.37160294693778,FALSE,TRUE,FALSE,pre,TRUE,2004-08-04,2004-11-10,,-18,669074796,10510992,52.9095126342741,3.968583145652186,63.65477169043607,407.6239166882213,6.010344976487359
RS,2003-06-01,2003,6,54.084418299872,,,,4.5608737997563,4.65588516783004,FALSE,TRUE,FALSE,pre,TRUE,2004-08-04,2004-11-10,,-17,921915855,10510992,53.26226684512388,3.9752281413486976,87.70969048401902,411.7486179230276,6.020413012459591
RS,2003-07-01,2003,7,53.5968060507561,,,,4.19813513248507,4.26869703797325,FALSE,TRUE,FALSE,pre,TRUE,2004-08-04,2004-11-10,,-16,604491662,10510992,53.290255999829384,3.975753500197122,57.51042927251776,393.6960300226658,5.975579114136254
RS,2003-08-01,2003,8,53.1752675874578,,,,4.29465723478382,4.34727251012735,FALSE,TRUE,FALSE,pre,TRUE,2004-08-04,2004-11-10,,-15,680055533,10510992,53.009090857246136,3.970463424451704,64.69946252456477,391.5272740194265,5.970055178443482
RS,2003-09-01,2003,9,53.6357660346582,,,,4.26462890400878,4.34482422643931,FALSE,TRUE,FALSE,pre,TRUE,2004-08-04,2004-11-10,,-14,706277957,10510992,53.224846388476934,3.974525324696974,67.19422457937367,398.02358388247274,5.986511259514984
RS,2003-10-01,2003,10,54.1249016750167,,,,4.33799818505685,4.41206066913047,FALSE,TRUE,FALSE,pre,TRUE,2004-08-04,2004-11-10,,-13,768727208,10510992,53.57424051420162,3.981068365135997,73.13555257201223,413.9041311229235,6.025634379673526
RS,2003-11-01,2003,11,54.3558257873095,,,,4.51244218795489,4.57033178698358,FALSE,TRUE,FALSE,pre,TRUE,2004-08-04,2004-11-10,,-12,919747827,10510992,53.82883090584505,3.9858092140729497,87.50342755469703,437.7527869871845,6.081654337764048
RS,2003-12-01,2003,12,54.3431135425987,,,,4.40341567873756,4.50189397999131,FALSE,TRUE,FALSE,pre,TRUE,2004-08-04,2004-11-10,,-11,981656318,10510992,53.871946779632836,3.986609874514177,93.39330845271313,443.4364049558786,6.094554397907205
RS,2004-01-01,2004,1,54.5111267165345,,,,4.27652583365601,4.35044109922958,FALSE,TRUE,FALSE,pre,TRUE,2004-08-04,2004-11-10,,-10,776548675,10726063,54.024333557262565,3.9894345664957163,72.39829516198068,458.3242708453415,6.1275769485360065
RS,2004-02-01,2004,2,55.1211706526543,,,,4.31968511809047,4.40771362799877,FALSE,TRUE,FALSE,pre,TRUE,2004-08-04,2004-11-10,,-9,741213465,10726063,54.348650734795314,3.995419787772314,69.1039634020423,462.72877172281903,6.13714107622052
RS,2004-03-01,2004,3,57.0200856879607,,,,4.33714930800031,4.40017159984388,FALSE,TRUE,FALSE,pre,TRUE,2004-08-04,2004-11-10,,-8,702882697,10726063,54.912704010345735,4.005744724484539,65.530353215341,461.06490035878636,6.133538814777178
RS,2004-04-01,2004,4,56.2333504556998,,,,4.21914141709906,4.36254777536197,FALSE,TRUE,FALSE,pre,TRUE,2004-08-04,2004-11-10,,-7,684895849,10726063,55.26411214045958,4.012123731139605,63.8534240382515,451.78277182502563,6.113201471002788
RS,2004-05-01,2004,5,57.2060870360337,,,,4.33455661426219,4.41991268653746,FALSE,TRUE,FALSE,pre,TRUE,2004-08-04,2004-11-10,,-6,763894927,10726063,55.739155681913616,4.020682874503011,71.2185754456225,435.4979197159511,6.076490019509509
RS,2004-06-01,2004,6,56.6546660831291,,,,4.30008541865145,4.35781103344889,FALSE,TRUE,FALSE,pre,TRUE,2004-08-04,2004-11-10,,-5,732145430,10726063,56.12441443866868,4.02757091284396,68.258542766344,410.36315402958195,6.017042509196364
RS,2004-07-01,2004,7,57.8732174089237,,,,4.37973138833924,4.45568811772262,FALSE,TRUE,FALSE,pre,TRUE,2004-08-04,2004-11-10,,-4,805140862,10726063,56.68476288740022,4.037505442474136,75.06396913760436,413.02882800520564,6.023517391990413
RS,2004-08-01,2004,8,58.2350299078803,,,,4.37324060099384,4.45859010194799,FALSE,TRUE,FALSE,pre,TRUE,2004-08-04,2004-11-10,,-3,826937398,10726063,57.20373942993788,4.046619270898186,77.09607877559549,421.02094337875883,6.042682579187948
RS,2004-09-01,2004,9,57.9664478008928,,,,4.32377397334293,4.37001050811813,FALSE,TRUE,FALSE,pre,TRUE,2004-08-04,2004-11-10,,-2,796644072,10726063,57.3614664487599,4.0493727616681925,74.27180616037776,429.7623963237956,6.063232489277526
RS,2004-10-01,2004,10,58.3037329709838,,,,4.37659629735523,4.44065733602342,FALSE,TRUE,FALSE,pre,TRUE,2004-08-04,2004-11-10,,-1,875858594,10726063,57.70653020130723,4.055370342176222,81.65704359558582,447.56601588112994,6.103824048356758
RS,2004-11-01,2004,11,58.4983491064114,,,,4.32610058886631,4.42316451687678,FALSE,TRUE,FALSE,post,FALSE,2004-08-04,2004-11-10,,0,868258812,10726063,57.92190721303685,4.059095675937212,80.94850943911106,457.2959498746185,6.125330774019975
RS,2004-12-01,2004,12,61.3447810942919,,,,4.42521376407905,4.49272957212668,FALSE,TRUE,FALSE,post,FALSE,2004-08-04,2004-11-10,,1,1063517484,10726063,58.70359304823065,4.072500935322454,99.15264193395097,488.1900490422255,6.1907047747978785
RS,2005-01-01,2005,1,58.1688562198102,,,,4.2301776568192,4.35637047374975,FALSE,TRUE,FALSE,post,FALSE,2004-08-04,2004-11-10,,2,826082928,10845087,58.7528661833784,4.073339937934323,76.17116653835971,489.29724644298085,6.192970170735775
RS,2005-02-01,2005,2,58.1700795540462,,,,4.33243056692754,4.39747629525136,FALSE,TRUE,FALSE,post,FALSE,2004-08-04,2004-11-10,,3,781148391,10845087,58.74204112440605,4.073155673624473,72.02785842105278,484.2290260884381,6.182557989193068
RS,2005-03-01,2005,3,56.9932786590019,,,,4.43355375068249,4.88954280742968,FALSE,TRUE,FALSE,post,FALSE,2004-08-04,2004-11-10,,4,826767595,10845087,58.57984626742424,4.070390717077678,76.23429807432619,486.19151800238654,6.186602616239076
RS,2005-04-01,2005,4,56.6700455482132,,,,4.44561782809195,4.13268562055556,FALSE,TRUE,FALSE,post,FALSE,2004-08-04,2004-11-10,,5,921337605,10845087,58.307565030295805,4.0657318453207285,84.95437657623216,489.4888509830329,6.193361685374169
RS,2005-05-01,2005,5,55.1890674231719,,,,4.40322313320656,4.47305348157026,FALSE,TRUE,FALSE,post,FALSE,2004-08-04,2004-11-10,,6,887427966,10845087,57.75601808308922,4.05622755320348,81.82764840890626,490.3679899528281,6.195156109149084
RS,2005-06-01,2005,6,56.6857298090376,,,,4.41914525168125,4.48903275220844,FALSE,TRUE,FALSE,post,FALSE,2004-08-04,2004-11-10,,7,931813464,10845087,56.97950953554683,4.042691721372956,85.92033092957207,477.1356789484492,6.167800892682252
RS,2005-07-01,2005,7,57.1149309739773,,,,4.4363522969484,4.48676038458838,FALSE,TRUE,FALSE,post,FALSE,2004-08-04,2004-11-10,,8,899886035,10845087,56.80385532790802,4.039604198915007,82.97637769065385,483.94089010074333,6.181962771367387
RS,2005-08-01,2005,8,55.327322360417,,,,4.43196143457423,4.51024869445063,FALSE,TRUE,FALSE,post,FALSE,2004-08-04,2004-11-10,,9,930893882,10845087,56.330062462303154,4.031228361769902,85.83553843320944,497.7485701129,6.210095070238824
RS,2005-09-01,2005,9,54.8909177670529,,,,4.49177832986164,4.54916772291605,FALSE,TRUE,FALSE,post,FALSE,2004-08-04,2004-11-10,,10,1029006586,10845087,55.97966898031165,4.024988570892112,94.88228042799473,516.3965524665686,6.246874982859127
RS,2005-10-01,2005,10,54.8864617372875,,,,4.61961438733129,4.71268077784074,FALSE,TRUE,FALSE,post,FALSE,2004-08-04,2004-11-10,,11,1247686845,10845087,55.68240501182403,4.019664208552837,115.04627348770923,546.4884493780455,6.3035131717629405
RS,2005-11-01,2005,11,55.9351158812129,,,,4.44828660861218,4.49419164816763,FALSE,TRUE,FALSE,post,FALSE,2004-08-04,2004-11-10,,12,1011042061,10845087,55.806746421497536,4.02189476569008,93.22581377171063,557.88661474085,6.32415574234436
RS,2005-12-01,2005,12,55.2911161635572,,,,4.40914944269326,4.48911229658361,FALSE,TRUE,FALSE,post,FALSE,2004-08-04,2004-11-10,,13,1089844313,10845087,55.574310813917464,4.017721058764234,100.49198434277199,572.4582681540498,6.349939838717432
RS,2006-01-01,2006,1,56.7589742517308,,,,4.44939304736653,4.52954644070947,FALSE,TRUE,FALSE,post,FALSE,2004-08-04,2004-11-10,,14,1101593459,10963219,55.51498469354305,4.016652978788692,100.48084043564212,589.9627308990381,6.380059366936853
RS,2006-02-01,2006,2,56.6643205796918,,,,4.41521429898024,4.47676056419783,FALSE,TRUE,FALSE,post,FALSE,2004-08-04,2004-11-10,,15,893999467,10963219,55.73781773008885,4.020658870409899,81.54534420957933,585.6725366754081,6.372760822249764
RS,2006-03-01,2006,3,57.1603743329255,,,,4.45330206538457,4.52919765949966,FALSE,TRUE,FALSE,post,FALSE,2004-08-04,2004-11-10,,16,910183600,10963219,56.116060491067614,4.027422054820654,83.02156510783922,573.8118213552525,6.352301505208964
RS,2006-04-01,2006,4,57.0869610607009,,,,4.41722792165,4.49856367190389,FALSE,TRUE,FALSE,post,FALSE,2004-08-04,2004-11-10,,17,952411336,10963219,56.482810378303185,4.033936350769706,86.87332944822137,545.6388773157646,6.30195736006794
RS,2006-05-01,2006,5,56.941470089319,,,,4.37602512403367,4.45516348642896,FALSE,TRUE,FALSE,post,FALSE,2004-08-04,2004-11-10,,18,910858268,10963219,56.6505360796542,4.036901450441672,83.08310433276942,535.4961678768234,6.283193733703138
RS,2006-06-01,2006,6,55.4034442489191,,,,4.4591343741424,4.53821405957425,FALSE,TRUE,FALSE,post,FALSE,2004-08-04,2004-11-10,,19,1043199994,10963219,56.66925742721452,4.037231866640842,95.15453390103764,530.1587174350891,6.273176428573577
RS,2006-07-01,2006,7,56.3206485706974,,,,4.38947546362166,4.48620029423199,FALSE,TRUE,FALSE,post,FALSE,2004-08-04,2004-11-10,,20,931670539,10963219,56.59620314704228,4.0359419007512916,84.98147660828448,514.6593536077314,6.243505232504256
RS,2006-08-01,2006,8,57.0514839810204,,,,4.37936184128086,4.44656571145372,FALSE,TRUE,FALSE,post,FALSE,2004-08-04,2004-11-10,,21,903042620,10963219,56.66073038059705,4.0370813849051865,82.37020714445273,515.4842165426048,6.2451066852241786
RS,2006-09-01,2006,9,58.2252412780977,,,,4.52254348685136,4.5716140217834,FALSE,TRUE,FALSE,post,FALSE,2004-08-04,2004-11-10,,22,1103710198,10963219,56.838208204792416,4.040208779241391,100.67391684869197,533.1365682834576,6.278777617018181
RS,2006-10-01,2006,10,57.6902395623977,,,,4.42295790641658,4.51780304061204,FALSE,TRUE,FALSE,post,FALSE,2004-08-04,2004-11-10,,23,1055106149,10963219,56.93875462174188,4.04197620984642,96.2405429463737,542.50378178161,6.296195056416327
SC,2001-11-01,2001,11,37.9140831060377,,,,4.24925861257833,4.315347472919689,FALSE,TRUE,FALSE,pre,TRUE,2004-08-04,2004-11-10,,-36,288680783,5448736,,,52.98123876803721,,
SC,2001-12-01,2001,12,38.0945032587456,,,,4.15248202655799,4.276916424455774,FALSE,TRUE,FALSE,pre,TRUE,2004-08-04,2004-11-10,,-35,283200613,5448736,,,51.97546972362031,,
SC,2002-01-01,2002,1,37.8799495612399,,,,4.26137637929206,4.425909341385721,FALSE,TRUE,FALSE,pre,TRUE,2004-08-04,2004-11-10,,-34,330183237,5527707,,,59.73240567924458,,
SC,2002-02-01,2002,2,38.3255234483485,,,,4.39773728754566,4.446725067626685,FALSE,TRUE,FALSE,pre,TRUE,2004-08-04,2004-11-10,,-33,330406770,5527707,,,59.77284432767511,,
SC,2002-03-01,2002,3,38.1420779739549,,,,4.19806631624599,4.2706563949563074,FALSE,TRUE,FALSE,pre,TRUE,2004-08-04,2004-11-10,,-32,277327571,5527707,,,50.1704542227003,,
SC,2002-04-01,2002,4,38.6357721640853,,,,4.2996831128143,4.432774143961633,FALSE,TRUE,FALSE,pre,TRUE,2004-08-04,2004-11-10,,-31,330406770,5527707,38.16531825206865,3.6419272040619557,59.77284432767511,334.4052570489526,5.8123536019271445
SC,2002-05-01,2002,5,38.3841697197135,,,,4.29691480374646,4.393605317326753,FALSE,TRUE,FALSE,pre,TRUE,2004-08-04,2004-11-10,,-30,320530784,5527707,38.24366602101462,3.6439779523384677,57.986210918921714,339.4102291998371,5.827209491414418
SC,2002-06-01,2002,6,38.7475430418276,,,,4.25551494845485,4.320242798724314,FALSE,TRUE,FALSE,pre,TRUE,2004-08-04,2004-11-10,,-29,300256223,5527707,38.352505984861615,3.6468198707855795,54.318404177356,341.7531636535728,5.834088732777225
SC,2002-07-01,2002,7,39.1540404568183,,,,4.30563939831547,4.356370607390634,FALSE,TRUE,FALSE,pre,TRUE,2004-08-04,2004-11-10,,-28,310453914,5527707,38.56485446745802,3.6523413556839897,56.16323622073312,338.18399419506136,5.823590108895883
SC,2002-08-01,2002,8,39.7024890437759,,,,4.34527890347114,4.396592076890004,FALSE,TRUE,FALSE,pre,TRUE,2004-08-04,2004-11-10,,-27,329437103,5527707,38.79434873336258,3.658274584819066,59.59742493587305,338.0085748032593,5.823071264401637
SC,2002-09-01,2002,9,39.2267617081786,,,,4.30037485017827,4.372354401716009,FALSE,TRUE,FALSE,pre,TRUE,2004-08-04,2004-11-10,,-26,321183798,5527707,38.9751293557332,3.6629237338795306,58.10434561745042,345.9424661980094,5.846272478566516
SC,2002-10-01,2002,10,38.6726837077211,,,,4.29598534435909,4.396325083802686,FALSE,TRUE,FALSE,pre,TRUE,2004-08-04,2004-11-10,,-25,325115990,5527707,38.9812812796725,3.6630815637206413,58.81570604230651,344.9853279126408,5.843501888337581
SC,2002-11-01,2002,11,38.231184178459,,,,4.29643501864954,4.367014177226843,FALSE,TRUE,FALSE,pre,TRUE,2004-08-04,2004-11-10,,-24,340536543,5527707,38.955783689463416,3.66242725139495,61.60538954036457,348.60450653408367,5.853938060524116
SC,2002-12-01,2002,12,37.3917742164822,,,,4.33276091495354,4.452699247827889,FALSE,TRUE,FALSE,pre,TRUE,2004-08-04,2004-11-10,,-23,386330348,5527707,38.729822218572515,3.6566099032391444,69.88980204630961,364.1759044030373,5.8976370047617
SC,2003-01-01,2003,1,37.1612728126893,,,,4.28064705966651,4.435439972894108,FALSE,TRUE,FALSE,pre,TRUE,2004-08-04,2004-11-10,,-22,388408766,5607233,38.39769427788435,3.6479974129441555,69.26923956967724,377.2819077519814,5.932992673930744
SC,2003-02-01,2003,2,37.7565577622496,,,,4.34873416565801,4.387592829102848,FALSE,TRUE,FALSE,pre,TRUE,2004-08-04,2004-11-10,,-21,368635147,5607233,38.07337239762997,3.6395151505958334,65.74279096302936,383.4272737791377,5.9491499646989245
SC,2003-03-01,2003,3,37.3524149290231,,,,4.33172477158758,4.391855338882894,FALSE,TRUE,FALSE,pre,TRUE,2004-08-04,2004-11-10,,-20,375721504,5607233,37.76098126777072,3.6312763279039113,67.00657953753661,392.3295076992239,5.972102067565587
SC,2003-04-01,2003,4,37.7481939892295,,,,4.30502817041904,4.420561558138146,FALSE,TRUE,FALSE,pre,TRUE,2004-08-04,2004-11-10,,-19,391902203,5607233,37.606899648022114,3.6271875348387326,69.89226290400273,403.40606456092013,5.999943659023668
SC,2003-05-01,2003,5,37.5527499732414,,,,4.29881852233627,4.388726861551888,FALSE,TRUE,FALSE,pre,TRUE,2004-08-04,2004-11-10,,-18,382014000,5607233,37.493827280485846,3.624176313573624,68.1287900823811,409.92946510293666,6.015985108564105
SC,2003-06-01,2003,6,38.5028862826225,,,,4.32993640238214,4.392014003623318,FALSE,TRUE,FALSE,pre,TRUE,2004-08-04,2004-11-10,,-17,382931038,5607233,37.679012624842564,3.629103245140902,68.29233563149596,408.331998688123,6.012080565786493
SC,2003-07-01,2003,7,38.8325015026432,,,,4.28592020470806,4.32675137362916,FALSE,TRUE,FALSE,pre,TRUE,2004-08-04,2004-11-10,,-16,354848126,5607233,37.95755073983488,3.6364684495271784,63.28399872093776,402.34675783938354,5.99731429849924
SC,2003-08-01,2003,8,39.1171921363897,,,,4.34603939830329,4.4018154446864965,FALSE,TRUE,FALSE,pre,TRUE,2004-08-04,2004-11-10,,-15,388911938,5607233,38.1843231355249,3.6424250422574826,69.35897580856725,405.9629426849214,6.006261881260921
SC,2003-09-01,2003,9,39.512318211186,,,,4.40100980754498,4.4742928264783854,FALSE,TRUE,FALSE,pre,TRUE,2004-08-04,2004-11-10,,-14,418725784,5607233,38.54430701588538,3.6518084111761335,74.67600936148007,413.6323725088649,6.0249775902204075
SC,2003-10-01,2003,10,39.7670055832423,,,,4.36136735137158,4.4322862062757915,FALSE,TRUE,FALSE,pre,TRUE,2004-08-04,2004-11-10,,-13,399894469,5607233,38.88077561488751,3.660499928335841,71.31761226972377,415.0577218745859,6.028417599413165
SC,2003-11-01,2003,11,40.7766090891966,,,,4.17826884223014,4.266420361416624,FALSE,TRUE,FALSE,pre,TRUE,2004-08-04,2004-11-10,,-12,340536543,5607233,39.41808546754672,3.6742247330044613,60.7316555242131,407.6605873164179,6.010434934356155
SC,2003-12-01,2003,12,40.6824570222033,,,,4.47576071949527,4.586381165214875,FALSE,TRUE,FALSE,pre,TRUE,2004-08-04,2004-11-10,,-11,492080797,5607233,39.78134725747685,3.6833981405616507,87.75822174680452,427.1264734317265,6.057080160079436
SC,2004-01-01,2004,1,41.3450693240884,,,,4.31290807766616,4.46176997365117,FALSE,TRUE,FALSE,pre,TRUE,2004-08-04,2004-11-10,,-10,443149273,5774178,40.20010856105105,3.693869696144987,76.74672879845409,440.5892035092428,6.0881129300036525
SC,2004-02-01,2004,2,40.6516897737887,,,,4.27794553223855,4.319748474930252,FALSE,TRUE,FALSE,pre,TRUE,2004-08-04,2004-11-10,,-9,376859539,5774178,40.45585816728422,3.7002114579203456,65.26635289040276,436.4965805910783,6.078780541551558
SC,2004-03-01,2004,3,42.7455786572826,,,,4.35035860402717,4.428288038020637,FALSE,TRUE,FALSE,pre,TRUE,2004-08-04,2004-11-10,,-8,418300565,5774178,40.994734908300316,3.7134436415874315,72.44330967975009,434.2638809093483,6.073652369859268
SC,2004-04-01,2004,4,42.2287036324383,,,,4.36318703302025,4.4721906930951425,FALSE,TRUE,FALSE,pre,TRUE,2004-08-04,2004-11-10,,-7,446937280,5774178,41.40501791649965,3.7234020791990017,77.40275412361724,440.3490227632418,6.087567646021668
SC,2004-05-01,2004,5,43.1089144817515,,,,4.35748345594611,4.4455222580173235,FALSE,TRUE,FALSE,pre,TRUE,2004-08-04,2004-11-10,,-6,437866075,5774178,41.79373548192547,3.732746459445794,75.83175908328424,455.44912632231296,6.1212840229154315
SC,2004-06-01,2004,6,43.303733821551,,,,4.34611646020645,4.418080800716673,FALSE,TRUE,FALSE,pre,TRUE,2004-08-04,2004-11-10,,-5,427794526,5774178,42.230614948483414,3.7431454307267202,74.08751964348865,441.7784242189971,6.090808453711553
SC,2004-07-01,2004,7,43.3837360548371,,,,4.3571942840895,4.3887190911525344,FALSE,TRUE,FALSE,pre,TRUE,2004-08-04,2004-11-10,,-4,418015695,5774178,42.570392736941535,3.7511590054714894,72.3939745189705,437.42566993951345,6.080906794082379
SC,2004-08-01,2004,8,43.8048346761245,,,,4.35788195603598,4.429313887144771,FALSE,TRUE,FALSE,pre,TRUE,2004-08-04,2004-11-10,,-3,436795880,5774178,43.09591688733083,3.7634282568291955,75.6464175506886,447.8057345997993,6.104359510245674
SC,2004-09-01,2004,9,44.1373370411631,,,,4.35496122442358,4.438226907079429,FALSE,TRUE,FALSE,pre,TRUE,2004-08-04,2004-11-10,,-2,443984665,5774178,43.32787661797758,3.7687962296578377,76.89140601484748,452.2538309348967,6.114243595074014
SC,2004-10-01,2004,10,44.4636112138717,,,,4.34192831024314,4.424299580701253,FALSE,TRUE,FALSE,pre,TRUE,2004-08-04,2004-11-10,,-1,431392894,5774178,43.70036121488315,3.777356367854183,74.71070237183544,449.5617791831149,6.108273284252153
SC,2004-11-01,2004,11,44.4474760687587,,,,4.41529999200288,4.483608636518371,FALSE,TRUE,FALSE,post,FALSE,2004-08-04,2004-11-10,,0,476154869,5774178,43.92345481271768,3.782448455599373,82.46279712887272,456.19281722870335,6.122915564940505
SC,2004-12-01,2004,12,46.2765673994843,,,,4.39846288057126,4.506452298212081,FALSE,TRUE,FALSE,post,FALSE,2004-08-04,2004-11-10,,1,500973722,5774178,44.41892707570656,3.79366566409322,86.76104581465968,468.8663433998744,6.150317745741347
SC,2005-01-01,2005,1,45.6024040297201,,,,4.41402454581832,4.562782521774887,FALSE,TRUE,FALSE,post,FALSE,2004-08-04,2004-11-10,,2,533716612,5866568,44.7887050715204,3.80195598869434,90.97595255011107,487.44832143101496,6.189184277497734
SC,2005-02-01,2005,2,44.503935652604,,,,4.37781767189311,4.427280182200657,FALSE,TRUE,FALSE,post,FALSE,2004-08-04,2004-11-10,,3,454496562,5866568,44.90522190093365,3.8045540886747533,77.4723078297226,489.274211710049,6.192923092450905
SC,2005-03-01,2005,3,44.2235596255898,,,,4.36266780277673,4.449457033985269,FALSE,TRUE,FALSE,post,FALSE,2004-08-04,2004-11-10,,4,462763510,5866568,44.91959233167143,3.8048740543987716,78.88147039291115,491.26427608811264,6.196982223500377
SC,2005-04-01,2005,4,44.4779224389246,,,,4.3796383581287,4.491290816766492,FALSE,TRUE,FALSE,post,FALSE,2004-08-04,2004-11-10,,5,495190540,5866568,44.921977535846914,3.8049271524062878,84.40889801328477,500.962471729562,6.216531191551795
SC,2005-05-01,2005,5,45.2774081833794,,,,4.42254700531294,4.525954920621016,FALSE,TRUE,FALSE,post,FALSE,2004-08-04,2004-11-10,,6,511814262,5866568,45.06029955495037,3.8080015828947924,87.24253464717361,505.7422092478629,6.226027071575006
SC,2005-06-01,2005,6,47.8372025398869,,,,4.38376733402933,4.479878570914918,FALSE,TRUE,FALSE,post,FALSE,2004-08-04,2004-11-10,,7,487228872,5866568,45.320405411684135,3.8137573816556314,83.05177268890431,502.0329361221075,6.218665727344495
SC,2005-07-01,2005,7,45.9893238358677,,,,4.32252359797772,4.377154853786797,FALSE,TRUE,FALSE,post,FALSE,2004-08-04,2004-11-10,,8,438424214,5866568,45.38489204604207,3.8151792753493887,74.73265698104923,485.7896405530457,6.185775691830709
SC,2005-08-01,2005,8,44.9000973312815,,,,4.38079948704593,4.472905306636582,FALSE,TRUE,FALSE,post,FALSE,2004-08-04,2004-11-10,,9,481712986,5866568,45.45091899248832,3.816633040275798,82.11154903514286,490.42888175846593,6.195280277175049
SC,2005-09-01,2005,9,45.2082357162126,,,,4.39246951023304,4.499318412009102,FALSE,TRUE,FALSE,post,FALSE,2004-08-04,2004-11-10,,10,499182823,5866568,45.61503167425879,3.8202373041797197,85.08941224238771,496.63682360794246,6.207859021770699
SC,2005-10-01,2005,10,46.0424960268541,,,,4.38683288567092,4.490121533383029,FALSE,TRUE,FALSE,post,FALSE,2004-08-04,2004-11-10,,11,487610445,5866568,45.8757939389137,3.8259376127953035,83.11681463506432,495.34474022972205,6.205253965072006
SC,2005-11-01,2005,11,45.3515061014455,,,,4.31986192011799,4.415884630941089,FALSE,TRUE,FALSE,post,FALSE,2004-08-04,2004-11-10,,12,469159320,5866568,45.88814359192472,3.826206774154719,79.97168361467898,488.0738891972274,6.190466806680864
SC,2005-12-01,2005,12,44.8456440824963,,,,4.3484215324805,4.473805102659927,FALSE,TRUE,FALSE,post,FALSE,2004-08-04,2004-11-10,,13,508155255,5866568,45.38955051569295,3.815281913702729,86.6188297825918,491.6409462909149,6.19774866610881
SC,2006-01-01,2006,1,44.463233196719,,,,4.43284799099775,4.594019392770272,FALSE,TRUE,FALSE,post,FALSE,2004-08-04,2004-11-10,,14,583850931,5958266,45.13520207583483,3.8096624758827753,97.99007479692918,514.8983641067948,6.243969529938473
SC,2006-02-01,2006,2,46.1457173638879,,,,4.32363918393103,4.385446351658343,FALSE,TRUE,FALSE,post,FALSE,2004-08-04,2004-11-10,,15,461972802,5958266,45.342805414602566,3.8142515182115746,77.53477303631627,510.32158810796824,6.235041091913432
SC,2006-03-01,2006,3,46.8121739688579,,,,4.37570183616648,4.482118751172432,FALSE,TRUE,FALSE,post,FALSE,2004-08-04,2004-11-10,,16,499751176,5958266,45.610128456710115,3.8201298071351246,83.87527109397264,509.10744695955316,6.232659088496363
SC,2006-04-01,2006,4,47.4438484569129,,,,4.35026221248003,4.4633372266987505,FALSE,TRUE,FALSE,post,FALSE,2004-08-04,2004-11-10,,17,507545878,5958266,45.84368719505325,3.825237505363928,85.18348761199987,511.17411993648875,6.23671027567945
SC,2006-05-01,2006,5,47.1390206688887,,,,4.36569131412037,4.484353466193217,FALSE,TRUE,FALSE,post,FALSE,2004-08-04,2004-11-10,,18,509915204,5958266,46.14160628962712,3.8317150655255725,85.5811412246449,516.7835775464547,6.247624174770094
SC,2006-06-01,2006,6,47.1143242499968,,,,4.37838290758456,4.486952230979575,FALSE,TRUE,FALSE,post,FALSE,2004-08-04,2004-11-10,,19,514842446,5958266,46.5197196508772,3.8398763012109205,86.40810027615417,516.572848040017,6.2472163203180555
SC,2006-07-01,2006,7,46.9609858746685,,,,4.39513558909262,4.464413033419596,FALSE,TRUE,FALSE,post,FALSE,2004-08-04,2004-11-10,,20,499466150,5958266,46.936011763868784,3.8487852222599,83.82743402191174,502.4102072649996,6.21941693195596
SC,2006-08-01,2006,8,48.2192085602881,,,,4.38101030048298,4.484244322039336,FALSE,TRUE,FALSE,post,FALSE,2004-08-04,2004-11-10,,21,506849252,5958266,47.281593629935486,3.8561210787467104,85.06657003900128,509.9420042676846,6.234297002129902
SC,2006-09-01,2006,9,48.8117651983564,,,,4.37571218621111,4.491598601607104,FALSE,TRUE,FALSE,post,FALSE,2004-08-04,2004-11-10,,22,518046287,5958266,47.6148588348519,3.863144872921503,86.9458139331141,513.0125471068261,6.240300303169577
SC,2006-10-01,2006,10,48.9977319863063,,,,4.36640802930918,4.502525298446929,FALSE,TRUE,FALSE,post,FALSE,2004-08-04,2004-11-10,,23,503541834,5958266,47.873839423084135,3.8685692053914975,84.51147263314527,512.3405321279714,6.238989505769764
SE,2001-11-01,2001,11,55.9801807534407,,,,3.5057713350961,3.55201765699193,FALSE,TRUE,FALSE,pre,TRUE,2004-08-04,2004-11-10,,-36,46893689,1817301,,,25.804029712194072,,
SE,2001-12-01,2001,12,52.8221134060442,,,,3.53281700121943,3.59328373732102,FALSE,TRUE,FALSE,pre,TRUE,2004-08-04,2004-11-10,,-35,50024696,1817301,,,27.526918215529513,,
SE,2002-01-01,2002,1,57.880547421177,,,,3.64424359047738,3.70416525527286,FALSE,TRUE,FALSE,pre,TRUE,2004-08-04,2004-11-10,,-34,58088855,1846039,,,31.466753952652137,,
SE,2002-02-01,2002,2,58.0818448372277,,,,3.66078032099755,3.69753584526144,FALSE,TRUE,FALSE,pre,TRUE,2004-08-04,2004-11-10,,-33,53715620,1846039,,,29.097770957168294,,
SE,2002-03-01,2002,3,59.2522633963997,,,,3.60362900030388,3.63789197263295,FALSE,TRUE,FALSE,pre,TRUE,2004-08-04,2004-11-10,,-32,46878600,1846039,,,25.39415472804204,,
SE,2002-04-01,2002,4,59.1516769936228,,,,3.60718579965439,3.64114604458449,FALSE,TRUE,FALSE,pre,TRUE,2004-08-04,2004-11-10,,-31,54342270,1846039,57.194771134652015,4.046462480477403,29.43722749086016,168.72685505644623,5.1282811651249425
SE,2002-05-01,2002,5,59.1581888512767,,,,3.68162900637488,3.70433526856226,FALSE,TRUE,FALSE,pre,TRUE,2004-08-04,2004-11-10,,-30,54352293,1846039,57.72443915095802,4.0556806393156295,29.44265695361799,172.36548229787013,5.149617119493307
SE,2002-06-01,2002,6,58.6279810566358,,,,3.65290274041592,3.67280513334987,FALSE,TRUE,FALSE,pre,TRUE,2004-08-04,2004-11-10,,-29,54095783,1846039,58.692083759389945,4.072304858444828,29.30370539300632,174.14226947534695,5.159872605791412
SE,2002-07-01,2002,7,59.8736012517953,,,,3.55939878108403,3.61752083321689,FALSE,TRUE,FALSE,pre,TRUE,2004-08-04,2004-11-10,,-28,49201850,1846039,59.024259397826334,4.077948535630281,26.65266010089711,169.3281756235919,5.131838699530694
SE,2002-08-01,2002,8,59.6052617072708,,,,3.76539827331749,3.81004290556916,FALSE,TRUE,FALSE,pre,TRUE,2004-08-04,2004-11-10,,-27,63196713,1846039,59.27816220950018,4.082240978643232,34.2336824953319,174.46408716175551,5.161718916231258
SE,2002-09-01,2002,9,59.7124626833276,,,,3.6725036588979,3.70181605230302,FALSE,TRUE,FALSE,pre,TRUE,2004-08-04,2004-11-10,,-26,60106121,1846039,59.354862090654834,4.083534040036449,32.55950768104032,181.6294401147538,5.201968568197298
SE,2002-10-01,2002,10,59.036646687909,,,,3.72357193624874,3.73772484063394,FALSE,TRUE,FALSE,pre,TRUE,2004-08-04,2004-11-10,,-25,67032044,1846039,59.33569037303587,4.083210986223188,36.31128269771116,188.5034953216048,5.239116549536334
SE,2002-11-01,2002,11,55.9541056826692,,,,3.66428566299303,3.70951402277431,FALSE,TRUE,FALSE,pre,TRUE,2004-08-04,2004-11-10,,-24,62182319,1846039,58.801676511601286,4.074170366600182,33.68418489533536,192.74502326332217,5.261368192464566
SE,2002-12-01,2002,12,56.1414072113596,,,,3.68469222867375,3.72073396015961,FALSE,TRUE,FALSE,pre,TRUE,2004-08-04,2004-11-10,,-23,66804054,1846039,58.38724753738858,4.067097501903461,36.187780431507676,199.62909830182352,5.296461136327312
SE,2003-01-01,2003,1,56.0832409447402,,,,3.58192989922093,3.62730687554837,FALSE,TRUE,FALSE,pre,TRUE,2004-08-04,2004-11-10,,-22,63816506,1874613,57.755520819546064,4.0562189434395055,34.04249623789017,207.0189344388166,5.332810259801098
SE,2003-02-01,2003,2,58.8023984958696,,,,3.61331781897502,3.65056475822981,FALSE,TRUE,FALSE,pre,TRUE,2004-08-04,2004-11-10,,-21,60159054,1874613,57.621710284312535,4.053899411345563,32.091452475791,204.87670441927568,5.3224083563425095
SE,2003-03-01,2003,3,53.3191295158597,,,,3.6259780373889,3.65720930442018,FALSE,TRUE,FALSE,pre,TRUE,2004-08-04,2004-11-10,,-20,59961232,1874613,56.55615475640121,4.035234034065075,31.985925628383033,204.3031223666184,5.319604784950148
SE,2003-04-01,2003,4,55.4967496409353,,,,3.63864280904787,3.68215264853364,FALSE,TRUE,FALSE,pre,TRUE,2004-08-04,2004-11-10,,-19,62486701,1874613,55.96617191523893,4.024747435267418,33.33312048940235,201.32496015830958,5.304920319784207
SE,2003-05-01,2003,5,51.3279429445798,,,,3.59592486503326,3.63678617015904,FALSE,TRUE,FALSE,pre,TRUE,2004-08-04,2004-11-10,,-18,59039813,1874613,55.195144792224035,4.0108749927520275,31.494400710973412,199.13517597394764,5.293983870371796
SE,2003-06-01,2003,6,54.7192338751816,,,,3.56814841010843,3.6130036868837,FALSE,TRUE,FALSE,pre,TRUE,2004-08-04,2004-11-10,,-17,58851400,1874613,54.95811590286103,4.0065713660830475,31.393893032855313,194.34128857529527,5.269615832909509
SE,2003-07-01,2003,7,56.966075056485,,,,3.57446267238836,3.64590515191147,FALSE,TRUE,FALSE,pre,TRUE,2004-08-04,2004-11-10,,-16,58896578,1874613,55.10525492148517,4.0092450822372445,31.41799294040957,191.71678527781467,5.256019206353096
SE,2003-08-01,2003,8,56.1631874364954,,,,3.57195290918099,3.63047911410025,FALSE,TRUE,FALSE,pre,TRUE,2004-08-04,2004-11-10,,-15,60680865,1874613,54.665386411589466,4.00123071958166,32.369809128604146,191.99514193062782,5.2574700692630225
SE,2003-09-01,2003,9,55.939321886103,,,,3.61000663347066,3.66541142308155,FALSE,TRUE,FALSE,pre,TRUE,2004-08-04,2004-11-10,,-14,66154054,1874613,55.10208513996335,4.009187558273398,35.28944587496193,195.29866217720672,5.274529987768064
SE,2003-10-01,2003,10,56.1367482725878,,,,3.66943094718172,3.72341666128232,FALSE,TRUE,FALSE,pre,TRUE,2004-08-04,2004-11-10,,-13,73389593,1874613,55.208751578572105,4.011121483806496,39.14919666085747,201.11473834866183,5.303875582748827
SE,2003-11-01,2003,11,59.2558271031335,,,,3.70384431708555,3.78027330475697,FALSE,TRUE,FALSE,pre,TRUE,2004-08-04,2004-11-10,,-12,73272633,1874613,56.530065604997716,4.034772631220715,39.08680511657606,208.70714275426448,5.3409320384819905
SE,2003-12-01,2003,12,55.9752005223606,,,,3.59516543219271,3.63564734238344,FALSE,TRUE,FALSE,pre,TRUE,2004-08-04,2004-11-10,,-11,67800537,1874613,56.73939337952755,4.038468738092104,36.16775142389389,213.48100114530305,5.3635478410992254
SE,2004-01-01,2004,1,56.1808091976943,,,,3.54127913977546,3.60459623056771,FALSE,TRUE,FALSE,pre,TRUE,2004-08-04,2004-11-10,,-10,68348787,1934596,56.608515736395766,4.0361594285986016,35.32974688255326,217.39275508744674,5.381705648867076
SE,2004-02-01,2004,2,58.6779938489499,,,,3.5524829628539,3.63223213574704,FALSE,TRUE,FALSE,pre,TRUE,2004-08-04,2004-11-10,,-9,62291963,1934596,57.027650138471515,4.043536240364983,32.19895161573786,217.22189757458045,5.380919400540557
SE,2004-03-01,2004,3,59.1548823984565,,,,3.73432317632249,3.79539275340715,FALSE,TRUE,FALSE,pre,TRUE,2004-08-04,2004-11-10,,-8,71564358,1934596,57.563576890530435,4.052890022036498,36.9918877119564,218.92433941157495,5.3887261879848705
SE,2004-04-01,2004,4,58.8767701098262,,,,3.653521832908,3.69790044690911,FALSE,TRUE,FALSE,pre,TRUE,2004-08-04,2004-11-10,,-7,69885840,1934596,58.02024719673683,4.060792039227733,36.12425540009387,215.89939815081135,5.374812549887471
SE,2004-05-01,2004,5,59.3510790824314,,,,3.66944552324915,3.72809276832327,FALSE,TRUE,FALSE,pre,TRUE,2004-08-04,2004-11-10,,-6,68580952,1934596,58.03612252661982,4.061065618868727,35.449753850416315,212.2623468846516,5.357822994923129
SE,2004-06-01,2004,6,60.6180880252384,,,,3.6809650460046,3.75744865336424,FALSE,TRUE,FALSE,pre,TRUE,2004-08-04,2004-11-10,,-5,72086560,1934596,58.809937110432784,4.074310839102695,37.26181590368222,213.35641136443994,5.362964060105573
SE,2004-07-01,2004,7,59.7345616423379,,,,3.66758502920573,3.74168593874797,FALSE,TRUE,FALSE,pre,TRUE,2004-08-04,2004-11-10,,-4,71667857,1934596,59.40222918454005,4.084331754023688,37.04538673707585,215.0720512189625,5.370973093935508
SE,2004-08-01,2004,8,60.4111490709927,,,,3.6302194218896,3.71546670352702,FALSE,TRUE,FALSE,pre,TRUE,2004-08-04,2004-11-10,,-3,70938076,1934596,59.69108838821385,4.089182736026951,36.66816017401049,219.54125977723515,5.391540186501043
SE,2004-09-01,2004,9,59.5197222166437,,,,3.71806850404344,3.77970258550281,FALSE,TRUE,FALSE,pre,TRUE,2004-08-04,2004-11-10,,-2,81372118,1934596,59.75189502457838,4.090200906201207,42.06155600445778,224.61092806973653,5.41436969681854
SE,2004-10-01,2004,10,58.8026006925252,,,,3.62971320272997,3.69671346571893,FALSE,TRUE,FALSE,pre,TRUE,2004-08-04,2004-11-10,,-1,77818858,1934596,59.739533455028216,4.089994003166377,40.224862451902105,228.71153512154476,5.432461537542297
SE,2004-11-01,2004,11,58.6646594057279,,,,3.62916023785848,3.69624804447295,FALSE,TRUE,FALSE,post,FALSE,2004-08-04,2004-11-10,,0,75631815,1934596,59.62513017557764,4.0880771324443215,39.09437164141764,232.35615291254607,5.44827133640501
SE,2004-12-01,2004,12,58.1265977280399,,,,3.69075399365702,3.74629970442867,FALSE,TRUE,FALSE,post,FALSE,2004-08-04,2004-11-10,,1,82826109,1934596,59.209881792711215,4.08108845013418,42.81312945958743,237.90746646845128,5.471881801719532
SE,2005-01-01,2005,1,58.9044293921333,,,,3.73527398255293,3.79036816265346,FALSE,TRUE,FALSE,post,FALSE,2004-08-04,2004-11-10,,2,90782214,1967791,59.07152641767712,4.07874902181272,46.13407318155231,246.99615291292776,5.509372761255377
SE,2005-02-01,2005,2,72.8389481153941,,,,3.63611457400433,3.72329584038348,FALSE,TRUE,FALSE,post,FALSE,2004-08-04,2004-11-10,,3,73791825,1967791,61.142826258410686,4.113212541406905,37.499828487883114,247.82782122680038,5.51273423580171
SE,2005-03-01,2005,3,71.7254446953401,,,,3.60818738087477,3.69302870970182,FALSE,TRUE,FALSE,post,FALSE,2004-08-04,2004-11-10,,4,66253352,1967791,63.17711333819342,4.1459421048428595,33.668896747672896,239.43516197001549,5.478282657735628
SE,2005-04-01,2005,4,74.0402751987112,,,,3.71143314990085,3.76938335846656,FALSE,TRUE,FALSE,post,FALSE,2004-08-04,2004-11-10,,5,84395185,1967791,65.71672575589109,4.185353470806394,42.88828691664918,242.09858643476258,5.489345025161013
SE,2005-05-01,2005,5,75.6155699033074,,,,3.62825474575631,3.71413478705523,FALSE,TRUE,FALSE,post,FALSE,2004-08-04,2004-11-10,,6,72072765,1967791,68.54187750548766,4.227444908914701,36.62622961483206,239.630444408177,5.479097921642608
SE,2005-06-01,2005,6,76.8575094973046,,,,3.6578031624123,3.73550406838906,FALSE,TRUE,FALSE,post,FALSE,2004-08-04,2004-11-10,,7,76885364,1967791,71.66369613369845,4.271984289303276,39.07191566584053,235.8892306144301,5.463362333037618
SE,2005-07-01,2005,7,75.2578427429899,,,,3.99837174918483,4.05877832948805,FALSE,TRUE,FALSE,post,FALSE,2004-08-04,2004-11-10,,8,108615527,1967791,74.38926502550788,4.309311644137073,55.19667840741217,244.95183584028996,5.501061602811713
SE,2005-08-01,2005,8,76.2563914898474,,,,3.71865638079834,3.79635576941415,FALSE,TRUE,FALSE,post,FALSE,2004-08-04,2004-11-10,,9,83287018,1967791,74.9588389212501,4.316939148499242,42.325134122475404,249.77714147488223,5.520569086198112
SE,2005-09-01,2005,9,76.3864715809934,,,,3.64655213876835,3.72530605371149,FALSE,TRUE,FALSE,post,FALSE,2004-08-04,2004-11-10,,10,81864277,1967791,75.73567673552566,4.3272493405108055,41.60211983894631,257.71036456615565,5.551836336353439
SE,2005-10-01,2005,10,84.9990611195967,,,,3.66037023063365,3.73488974382809,FALSE,TRUE,FALSE,post,FALSE,2004-08-04,2004-11-10,,11,86757448,1967791,77.56214105567324,4.35107943514652,44.0887512952341,258.91082894474056,5.5564837126295545
SE,2005-11-01,2005,11,81.0266410270958,,,,3.71900136387852,3.78604948760919,FALSE,TRUE,FALSE,post,FALSE,2004-08-04,2004-11-10,,12,90039228,1967791,78.4639862429713,4.362639745544497,45.75649954695392,268.0410988768624,5.591140322771475
SE,2005-12-01,2005,12,86.4404209260485,,,,3.76588004876403,3.83563609336986,FALSE,TRUE,FALSE,post,FALSE,2004-08-04,2004-11-10,,13,95965928,1967791,80.06113814776195,4.3827905696482645,48.768353956289054,277.73753716731096,5.626676556828271
SE,2006-01-01,2006,1,83.2109879423322,,,,3.76570833321343,3.81990725860338,FALSE,TRUE,FALSE,post,FALSE,2004-08-04,2004-11-10,,14,100684963,2000738,81.38666234765233,4.399211406360145,50.32391197648068,272.86477073637946,5.608976327172966
SE,2006-02-01,2006,2,72.7284832532401,,,,3.71237231132144,3.78289250686844,FALSE,TRUE,FALSE,post,FALSE,2004-08-04,2004-11-10,,15,85017540,2000738,80.79867764155112,4.391960599570741,42.49309004977163,273.0327266636757,5.609591665889102
SE,2006-03-01,2006,3,75.2407269969086,,,,3.68393493344702,3.75678425304618,FALSE,TRUE,FALSE,post,FALSE,2004-08-04,2004-11-10,,16,80771446,2000738,80.60772021087033,4.389594429179538,40.37082616514506,271.80143298987446,5.605071773924905
SE,2006-04-01,2006,4,73.9073568922181,,,,3.76022030404792,3.83957232804859,FALSE,TRUE,FALSE,post,FALSE,2004-08-04,2004-11-10,,17,89206308,2000738,78.75910283964055,4.36639386264003,44.586701507143864,272.2993832017842,5.606902134534968
SE,2006-05-01,2006,5,77.4163338078615,,,,3.74241550657336,3.83121799944311,FALSE,TRUE,FALSE,post,FALSE,2004-08-04,2004-11-10,,18,85519280,2000738,78.15738496976817,4.358724549776763,42.743867512887746,269.286751167718,5.595776801309584
SE,2006-06-01,2006,6,76.9797702988536,,,,3.77380854388037,3.8431626716061,FALSE,TRUE,FALSE,post,FALSE,2004-08-04,2004-11-10,,19,91303105,2000738,76.58060986523569,4.3383439097839,45.634713290795695,266.15311050222465,5.584071746577431
SE,2006-07-01,2006,7,79.841392266139,,,,3.6488726181637,3.72383048092358,FALSE,TRUE,FALSE,post,FALSE,2004-08-04,2004-11-10,,20,81428472,2000738,76.01901058587015,4.3309834482944805,40.69921798856222,256.52841651430623,5.547239444105373
SE,2006-08-01,2006,8,82.3602097944567,,,,3.73458648339008,3.80890643872051,FALSE,TRUE,FALSE,post,FALSE,2004-08-04,2004-11-10,,21,88724921,2000738,77.62429834273958,4.3518805011498545,44.346096790284385,258.38142325481897,5.554436877895415
SE,2006-09-01,2006,9,83.8521099213995,,,,3.76371552878436,3.82766338991849,FALSE,TRUE,FALSE,post,FALSE,2004-08-04,2004-11-10,,22,97004379,2000738,79.05952883015473,4.37020109820184,48.48429879374511,266.494895883419,5.585355091015056
SE,2006-10-01,2006,10,83.8236175585301,,,,4.15495726957046,4.20827976201766,FALSE,TRUE,FALSE,post,FALSE,2004-08-04,2004-11-10,,23,148701531,2000738,80.71223894120673,4.390890223519066,74.32334018747082,296.231534563746,5.691141359920198
SP,2001-11-01,2001,11,47.5737403705498,,,,4.5206250556923004,4.64812876899783,FALSE,TRUE,FALSE,pre,TRUE,2004-08-04,2004-11-10,,-36,2825168620,37630106,,,75.0773495030814,,
SP,2001-12-01,2001,12,47.4802397396386,,,,4.58196160171878,4.6913057130741,FALSE,TRUE,FALSE,pre,TRUE,2004-08-04,2004-11-10,,-35,2862641865,37630106,,,76.07318100565541,,
SP,2002-01-01,2002,1,47.8873507261865,,,,4.60319968358709,4.72257401763536,FALSE,TRUE,FALSE,pre,TRUE,2004-08-04,2004-11-10,,-34,2987282720,38177742,,,78.24671034761563,,
SP,2002-02-01,2002,2,48.0016791635086,,,,4.56822659278438,4.67108154934189,FALSE,TRUE,FALSE,pre,TRUE,2004-08-04,2004-11-10,,-33,2643543321,38177742,,,69.24305059738735,,
SP,2002-03-01,2002,3,47.5965136741693,,,,4.59919448266717,4.74375048977732,FALSE,TRUE,FALSE,pre,TRUE,2004-08-04,2004-11-10,,-32,2637563151,38177742,,,69.08641037492474,,
SP,2002-04-01,2002,4,49.0232230009443,,,,4.57478404173787,4.70830291430611,FALSE,TRUE,FALSE,pre,TRUE,2004-08-04,2004-11-10,,-31,3002129602,38177742,47.927124445832845,3.869681616500773,78.63559877375671,446.3623006024212,6.101130955445318
SP,2002-05-01,2002,5,48.2690500961183,,,,4.58810473121534,4.71181828597545,FALSE,TRUE,FALSE,pre,TRUE,2004-08-04,2004-11-10,,-30,2883650154,38177742,48.04300940009426,3.872096638882023,75.53223430552808,446.8171854048679,6.102149529760785
SP,2002-06-01,2002,6,47.82281303575,,,,4.6262698768466,4.750228244161,FALSE,TRUE,FALSE,pre,TRUE,2004-08-04,2004-11-10,,-29,2968551008,38177742,48.10010494944616,3.8732843590105026,77.75606551063183,448.50006990984434,6.105908837373631
SP,2002-07-01,2002,7,47.9863823096509,,,,4.60347201327487,4.71960239566323,FALSE,TRUE,FALSE,pre,TRUE,2004-08-04,2004-11-10,,-28,3039965791,38177742,48.1166102133569,3.873627444181197,79.6266523829513,449.88001194518,6.108980907087745
SP,2002-08-01,2002,8,47.7090665567579,,,,4.60042092193433,4.72586091225652,FALSE,TRUE,FALSE,pre,TRUE,2004-08-04,2004-11-10,,-27,3007995790,38177742,48.067841445565115,3.8726133764991575,78.78925343463214,459.42621478242484,6.129978351714521
SP,2002-09-01,2002,9,47.363063675654,,,,4.64062320712071,4.76456805397165,FALSE,TRUE,FALSE,pre,TRUE,2004-08-04,2004-11-10,,-26,3236245191,38177742,48.02893311247923,3.87180360248976,84.76785219513506,475.10765660263513,6.163541423833666
SP,2002-10-01,2002,10,48.4980436229894,,,,4.7905786404629,4.89926404454115,FALSE,TRUE,FALSE,pre,TRUE,2004-08-04,2004-11-10,,-25,3971388657,38177742,47.94140321615342,3.8699794988355576,104.02366533358625,500.4957231624647,6.215599053588825
SP,2002-11-01,2002,11,46.6875254412275,,,,4.66326802523554,4.78375095552268,FALSE,TRUE,FALSE,pre,TRUE,2004-08-04,2004-11-10,,-24,3581058295,38177742,47.67781577367162,3.8644662115918313,93.79963579302307,518.76312464995965,6.251447371754898
SP,2002-12-01,2002,12,43.6756987339181,,,,4.58707545434087,4.70766061398232,FALSE,TRUE,FALSE,pre,TRUE,2004-08-04,2004-11-10,,-23,3333598164,38177742,46.98663005669963,3.84986309436295,87.31784514652543,528.3249042858532,6.269711443482919
SP,2003-01-01,2003,1,45.9838738935409,,,,4.57433868803641,4.68042931587641,FALSE,TRUE,FALSE,pre,TRUE,2004-08-04,2004-11-10,,-22,3385534776,38709320,46.65287865401463,3.8427346328710814,87.4604559315431,536.1587078344451,6.284430213948878
SP,2003-02-01,2003,2,47.5084428462308,,,,4.60168603669196,4.72376288127546,FALSE,TRUE,FALSE,pre,TRUE,2004-08-04,2004-11-10,,-21,3222083822,38709320,46.619441368926786,3.8420176508873154,83.23793396525694,540.6073883650698,6.292693300720967
SP,2003-03-01,2003,3,45.4305033756885,,,,4.5578048993056,4.67217215891446,FALSE,TRUE,FALSE,pre,TRUE,2004-08-04,2004-11-10,,-20,3190684311,38709320,46.2973479855992,3.835084680522945,82.42677244136554,538.2663086113004,6.28835343510975
SP,2003-04-01,2003,4,45.1096660466335,,,,4.54542426896478,4.66430699388835,FALSE,TRUE,FALSE,pre,TRUE,2004-08-04,2004-11-10,,-19,3247463336,38709320,45.73261838953988,3.8228117936196995,83.89357746403192,518.136220741746,6.25023818209269
SP,2003-05-01,2003,5,44.7275035582699,,,,4.51197943460178,4.6390410088385,FALSE,TRUE,FALSE,pre,TRUE,2004-08-04,2004-11-10,,-18,3134552163,38709320,45.40594807571362,3.815643111349162,80.97667856216539,505.3132635108883,6.225178560738029
SP,2003-06-01,2003,6,45.462645375654,,,,4.5026452457717,4.63476261053581,FALSE,TRUE,FALSE,pre,TRUE,2004-08-04,2004-11-10,,-17,3147564379,38709320,45.703772516002935,3.822180844077439,81.31283057930234,499.30824894366526,6.213223638386847
SP,2003-07-01,2003,7,45.6235992078896,,,,4.51266342063048,4.64845421313353,FALSE,TRUE,FALSE,pre,TRUE,2004-08-04,2004-11-10,,-16,3236911114,38709320,45.64372673506105,3.8208661766791514,83.62097587867729,495.4687688907994,6.205504322299847
SP,2003-08-01,2003,8,46.0409669408912,,,,4.52485476866444,4.65268930137687,FALSE,TRUE,FALSE,pre,TRUE,2004-08-04,2004-11-10,,-15,3190349431,38709320,45.39914741750445,3.815493325520846,82.41812129481995,494.64895622036244,6.203848331629256
SP,2003-09-01,2003,9,45.9650363300145,,,,4.51479789022563,4.65905480182799,FALSE,TRUE,FALSE,pre,TRUE,2004-08-04,2004-11-10,,-14,3379855875,38709320,45.48823624322545,3.817453748423681,87.31374963445496,499.53593341345186,6.2136795342668085
SP,2003-10-01,2003,10,46.6319756132138,,,,4.50352823695456,4.63867034820403,FALSE,TRUE,FALSE,pre,TRUE,2004-08-04,2004-11-10,,-13,3459851041,38709320,45.741954504322166,3.8230159184277057,89.38031050403366,505.0226664534536,6.224603312334345
SP,2003-11-01,2003,11,47.1548035694386,,,,4.54688008747818,4.68321929307712,FALSE,TRUE,FALSE,pre,TRUE,2004-08-04,2004-11-10,,-12,3511342085,38709320,46.14650450618362,3.831821216069101,90.7105080895247,514.7564959808129,6.243693965509307
SP,2003-12-01,2003,12,44.4917393638896,,,,4.69527409518196,4.81416164735261,FALSE,TRUE,FALSE,pre,TRUE,2004-08-04,2004-11-10,,-11,4183213028,38709320,45.98468683755622,3.8283084462315746,108.06733437838743,541.5109997798979,6.294363379771013
SP,2004-01-01,2004,1,47.5611047603185,,,,4.5498774320092,4.68241614697303,FALSE,TRUE,FALSE,pre,TRUE,2004-08-04,2004-11-10,,-10,3606947605,39825226,46.3076044296277,3.8353061901464143,90.56941961861058,548.4594435198313,6.3071133362701985
SP,2004-02-01,2004,2,48.7033234380016,,,,4.5495829359668,4.66632459321926,FALSE,TRUE,FALSE,pre,TRUE,2004-08-04,2004-11-10,,-9,3291269066,39825226,46.751330512479434,3.844842715489701,82.6428220645879,548.6841442895992,6.307522946781359
SP,2004-03-01,2004,3,49.3164580463132,,,,4.53377735136344,4.66996276248643,FALSE,TRUE,FALSE,pre,TRUE,2004-08-04,2004-11-10,,-8,3510949035,39825226,47.30990079852921,3.8567195928014844,88.15892306549623,549.5293177206405,6.309062125870186
SP,2004-04-01,2004,4,49.1392643309205,,,,4.59522561828331,4.72278773441088,FALSE,TRUE,FALSE,pre,TRUE,2004-08-04,2004-11-10,,-7,3697706483,39825226,47.727782251480335,3.8655136654815703,92.84834900874134,552.9973562253482,6.315353220724918
SP,2004-05-01,2004,5,50.0446841813789,,,,4.61494319687472,4.74339988677924,FALSE,TRUE,FALSE,pre,TRUE,2004-08-04,2004-11-10,,-6,3708325384,39825226,48.20942902013705,3.875554624749325,93.11498656655458,555.4018347023781,6.319691878256473
SP,2004-06-01,2004,6,50.889348187659,,,,4.61029925432658,4.74062238657485,FALSE,TRUE,FALSE,pre,TRUE,2004-08-04,2004-11-10,,-5,3875064348,39825226,49.27569715743195,3.897431001237672,97.30175411936143,544.6362544433521,6.300118148797615
SP,2004-07-01,2004,7,49.9334424909951,,,,4.59228711217895,4.71853945198285,FALSE,TRUE,FALSE,pre,TRUE,2004-08-04,2004-11-10,,-4,3784552295,39825226,49.67108677921138,3.9054230088720714,95.02902243417276,549.0958572589143,6.308273029654134
SP,2004-08-01,2004,8,49.5579528212988,,,,4.62993245182167,4.7485018264417604,FALSE,TRUE,FALSE,pre,TRUE,2004-08-04,2004-11-10,,-3,3960948597,39825226,49.813525009760916,3.908286533699042,99.45828297371118,565.9113181680375,6.338437384245413
SP,2004-09-01,2004,9,50.2010631199126,,,,4.61257539736204,4.73132439328804,FALSE,TRUE,FALSE,pre,TRUE,2004-08-04,2004-11-10,,-2,4083618909,39825226,49.96095918869415,3.9112418842062655,102.5384993169907,580.2908944195319,6.363529519912904
SP,2004-10-01,2004,10,50.1049315342985,,,,4.59425080017202,4.71664010081848,FALSE,TRUE,FALSE,pre,TRUE,2004-08-04,2004-11-10,,-1,4053678462,39825226,50.12190372259048,3.9144581125984295,101.78670328198514,589.2292486927757,6.378815324722262
SP,2004-11-01,2004,11,50.2317434579831,,,,4.5957659600698,4.72901968580787,FALSE,TRUE,FALSE,post,FALSE,2004-08-04,2004-11-10,,0,4175073823,39825226,50.153080268691184,3.9150799336322377,104.83490597140616,600.9491680976273,6.3985103520857125
SP,2004-12-01,2004,12,50.3087437947865,,,,4.58574073001518,4.71898247922331,FALSE,TRUE,FALSE,post,FALSE,2004-08-04,2004-11-10,,1,4174072501,39825226,50.0563128698791,3.913148629073666,104.80976306324037,608.4571770415063,6.410926535327517
SP,2005-01-01,2005,1,50.4604204610033,,,,4.64539721617615,4.7719304191354,FALSE,TRUE,FALSE,post,FALSE,2004-08-04,2004-11-10,,2,4250544847,40442795,50.14414253154713,3.9149017086142726,105.10017537116315,618.5283299784967,6.42734299511419
SP,2005-02-01,2005,2,49.774524653741,,,,4.60808553516083,4.74283585065625,FALSE,TRUE,FALSE,post,FALSE,2004-08-04,2004-11-10,,3,3918418993,40442795,50.18023783695416,3.915621280603293,96.887937468219,615.9579844730044,6.423178754182971
SP,2005-03-01,2005,3,49.4646867154382,,,,4.65499671237597,4.76683901176972,FALSE,TRUE,FALSE,post,FALSE,2004-08-04,2004-11-10,,4,4046888478,40442795,50.05750843620844,3.913172513215012,100.06451032872481,613.4839954847387,6.419154176581249
SP,2005-04-01,2005,4,50.7730671629799,,,,4.58991457783861,4.73403202123608,FALSE,TRUE,FALSE,post,FALSE,2004-08-04,2004-11-10,,5,4223435368,40442795,50.168864374322,3.9153946026872926,104.4298587177271,616.1271509204805,6.423453356065065
SP,2005-05-01,2005,5,50.5307130459585,,,,4.60772149931003,4.73994535504862,FALSE,TRUE,FALSE,post,FALSE,2004-08-04,2004-11-10,,6,4125686003,40442795,50.218692638984564,3.916387320714051,102.01288024232747,613.3051251914019,6.41886256934152
SP,2005-06-01,2005,6,51.4677556442212,,,,4.60524941760391,4.73937515489522,FALSE,TRUE,FALSE,post,FALSE,2004-08-04,2004-11-10,,7,4190095148,40442795,50.41186128055702,3.920226490256729,103.60547899817507,612.1008411263366,6.416897042020982
SP,2005-07-01,2005,7,51.9712180377831,,,,4.62972580270248,4.7581606741431,FALSE,TRUE,FALSE,post,FALSE,2004-08-04,2004-11-10,,8,4170803185,40442795,50.66366087668698,3.9252089056161505,103.12846045877887,610.1291262139523,6.4136706170837705
SP,2005-08-01,2005,8,52.0594384582106,,,,4.6050631972324,4.7380115092597,FALSE,TRUE,FALSE,post,FALSE,2004-08-04,2004-11-10,,9,4231372867,40442795,51.04447984409858,3.9326974064250404,104.62612356539651,617.8673123111298,6.426273729407101
SP,2005-09-01,2005,9,50.3223466736928,,,,4.60919967381461,4.74351762998037,FALSE,TRUE,FALSE,post,FALSE,2004-08-04,2004-11-10,,10,4374972614,40442795,51.18742317047435,3.9354938606690477,108.1768115680432,625.9796135504482,6.439317804356467
SP,2005-10-01,2005,10,51.6559617156785,,,,4.59197695689916,4.72502480463696,FALSE,TRUE,FALSE,post,FALSE,2004-08-04,2004-11-10,,11,4409775413,40442795,51.33457226259078,3.93836444843981,109.03735543005868,630.5871102627798,6.446651306468782
SP,2005-11-01,2005,11,52.047426417918,,,,4.58628363730962,4.72132219513166,FALSE,TRUE,FALSE,post,FALSE,2004-08-04,2004-11-10,,12,4440130308,40442795,51.58735782458403,3.943276639069747,109.78791915840634,638.3621491788587,6.458905754244503
SP,2005-12-01,2005,12,51.2446869959088,,,,4.62722031469056,4.76012989783402,FALSE,TRUE,FALSE,post,FALSE,2004-08-04,2004-11-10,,13,4619131077,40442795,51.550179716531964,3.942555696713574,114.21394285434525,648.9706130350289,6.475387435301443
SP,2006-01-01,2006,1,54.4595810931272,,,,4.63884987676181,4.79528783464286,FALSE,TRUE,FALSE,post,FALSE,2004-08-04,2004-11-10,,14,4560043198,41055734,51.96490689242265,3.9505686233024697,111.06958160825964,656.9117341845097,6.48754966270815
SP,2006-02-01,2006,2,52.9384989489718,,,,4.48601541059938,4.66285475809186,FALSE,TRUE,FALSE,post,FALSE,2004-08-04,2004-11-10,,15,3742525260,41055734,52.11141697421618,3.9533840605340838,91.15718793384622,643.4427985529593,6.466833131947538
SP,2006-03-01,2006,3,53.2272659205171,,,,4.72195542293938,4.83375378224476,FALSE,TRUE,FALSE,post,FALSE,2004-08-04,2004-11-10,,16,4883639312,41055734,52.59557018202023,3.962631899125349,118.95145540449965,654.2174423894157,6.483439776915494
SP,2006-04-01,2006,4,52.3465708712825,,,,4.68293038791951,4.8051504439141,FALSE,TRUE,FALSE,post,FALSE,2004-08-04,2004-11-10,,17,4539462898,41055734,52.71067170795423,3.964817934249288,110.56830449067114,655.7483914500283,6.485777165751261
SP,2006-05-01,2006,5,52.8885377474236,,,,4.64690305466196,4.79077811060224,FALSE,TRUE,FALSE,post,FALSE,2004-08-04,2004-11-10,,18,4632751433,41055734,52.8508569295385,3.9674739265563845,112.8405458053679,658.8010180969898,6.490421543683271
SP,2006-06-01,2006,6,52.884525480622,,,,4.64005608467283,4.77199085798363,FALSE,TRUE,FALSE,post,FALSE,2004-08-04,2004-11-10,,19,4576973597,41055734,53.124163343657365,3.9726318782952936,111.48195759939404,656.0690328420386,6.486266016398399
SP,2006-07-01,2006,7,53.5420619842008,,,,4.6406907155961,4.78051988755929,FALSE,TRUE,FALSE,post,FALSE,2004-08-04,2004-11-10,,20,4456720834,41055734,52.971243492169634,3.969749190685265,108.5529449796221,653.552396213401,6.482422707682495
SP,2006-08-01,2006,8,54.2963322925454,,,,4.62921065686483,4.77397223656612,FALSE,TRUE,FALSE,post,FALSE,2004-08-04,2004-11-10,,21,4583450709,41055734,53.1975490494319,3.97401232478692,111.63972148202247,674.0349297615772,6.513281934141533
SP,2006-09-01,2006,9,54.7858499295955,,,,4.65270487793316,4.79605022666817,FALSE,TRUE,FALSE,post,FALSE,2004-08-04,2004-11-10,,22,4733160870,41055734,53.45731305094497,3.9788834485225655,115.28623188176346,670.3697062388411,6.507829360555656
SP,2006-10-01,2006,10,55.6479354413557,,,,4.73873827120279,4.8845646023699,FALSE,TRUE,FALSE,post,FALSE,2004-08-04,2004-11-10,,23,5474834109,41055734,54.0075404792905,3.9891236753211055,133.35126608624267,693.1526678344126,6.5412502748328
TO,2001-11-01,2001,11,23.4905732302774,,,,3.51689195523153,3.57084313693533,FALSE,TRUE,FALSE,pre,TRUE,2004-08-04,2004-11-10,,-36,32052051,1184895,,,27.0505411871938,,
TO,2001-12-01,2001,12,24.2160411829805,,,,3.49026086118056,3.52213190706724,FALSE,TRUE,FALSE,pre,TRUE,2004-08-04,2004-11-10,,-35,29345511,1184895,,,24.766338789512996,,
TO,2002-01-01,2002,1,24.6205809415489,,,,3.54181765005361,3.60937303772765,FALSE,TRUE,FALSE,pre,TRUE,2004-08-04,2004-11-10,,-34,32619762,1207014,,,27.025172864606375,,
TO,2002-02-01,2002,2,25.865164973183,,,,3.63990104933173,3.67805913946727,FALSE,TRUE,FALSE,pre,TRUE,2004-08-04,2004-11-10,,-33,32865373,1207014,,,27.228659319610212,,
TO,2002-03-01,2002,3,24.6893930363361,,,,3.46815366818489,3.5944124835062,FALSE,TRUE,FALSE,pre,TRUE,2004-08-04,2004-11-10,,-32,26618735,1207014,,,22.05337717706671,,
TO,2002-04-01,2002,4,24.6605037777836,,,,3.59902296877431,3.66117865933723,FALSE,TRUE,FALSE,pre,TRUE,2004-08-04,2004-11-10,,-31,32557963,1207014,24.590376190351584,3.2023551546207014,26.973972961374102,155.0980622993642,5.044057576870179
TO,2002-05-01,2002,5,26.1947785677256,,,,3.57669421621466,3.62878055395278,FALSE,TRUE,FALSE,pre,TRUE,2004-08-04,2004-11-10,,-30,32414731,1207014,25.041077079926282,3.220517559680859,26.85530656645242,154.90282767862283,5.042798002121427
TO,2002-06-01,2002,6,26.8621329931263,,,,3.58746010599335,3.63594727748897,FALSE,TRUE,FALSE,pre,TRUE,2004-08-04,2004-11-10,,-29,34696812,1207014,25.48209238161725,3.23797594592022,28.745989690260426,158.88247857937026,5.068164800498506
TO,2002-07-01,2002,7,24.7588484870575,,,,3.5906976452784,3.6454284010198,FALSE,TRUE,FALSE,pre,TRUE,2004-08-04,2004-11-10,,-28,34874817,1207014,25.50513697253535,3.2388798817794204,28.89346519592979,160.75077091069366,5.079855158818165
TO,2002-08-01,2002,8,25.3765005953944,,,,3.5489500270745298,3.60774747576275,FALSE,TRUE,FALSE,pre,TRUE,2004-08-04,2004-11-10,,-27,36094986,1207014,25.423692909570583,3.2356815309600275,29.90436399246405,163.4264755835475,5.096363198575654
TO,2002-09-01,2002,9,26.7667648422532,,,,3.61069547588193,3.65307191735639,FALSE,TRUE,FALSE,pre,TRUE,2004-08-04,2004-11-10,,-26,38059251,1207014,25.7699215438901,3.2492079801850604,31.53173948272348,172.90483788920426,5.152741373149172
TO,2002-10-01,2002,10,27.3867295823636,,,,3.59123899211137,3.66038855193672,FALSE,TRUE,FALSE,pre,TRUE,2004-08-04,2004-11-10,,-25,37789377,1207014,26.2242925113201,3.2666861762757544,31.308151355328107,177.23901628315826,5.177499196119307
TO,2002-11-01,2002,11,25.4200338802018,,,,3.60803922421994,3.66192629921611,FALSE,TRUE,FALSE,pre,TRUE,2004-08-04,2004-11-10,,-24,39563072,1207014,26.0951683967328,3.261750178292903,32.777641352958625,183.16135106966448,5.210367464206679
TO,2002-12-01,2002,12,22.8285154026218,,,,3.59561365867358,3.63707925518734,FALSE,TRUE,FALSE,pre,TRUE,2004-08-04,2004-11-10,,-23,37926398,1207014,25.422898798315384,3.235650295385387,31.42167199386254,185.8370333732666,5.224870124996741
TO,2003-01-01,2003,1,22.4834309360519,,,,3.66208942712278,3.70888608698029,FALSE,TRUE,FALSE,pre,TRUE,2004-08-04,2004-11-10,,-22,43330605,1230181,25.04366253981445,3.2206208031003154,35.222950931610875,192.16651910894768,5.258362283177471
TO,2003-02-01,2003,2,26.4851714218603,,,,3.65771827704064,3.70276103946937,FALSE,TRUE,FALSE,pre,TRUE,2004-08-04,2004-11-10,,-21,39344462,1230181,25.228441010892098,3.2279719696574967,31.982661088083788,194.24481620456743,5.269119302686101
TO,2003-03-01,2003,3,23.1473580696122,,,,3.81937876955598,3.8606486225443,FALSE,TRUE,FALSE,pre,TRUE,2004-08-04,2004-11-10,,-20,44660881,1230181,24.625206548785265,3.203770574790905,36.30431700700954,199.01739372885348,5.2933922265774696
TO,2003-04-01,2003,4,26.8714144725956,,,,3.60557644456109,3.65149757390336,FALSE,TRUE,FALSE,pre,TRUE,2004-08-04,2004-11-10,,-19,38801311,1230181,24.539320697157265,3.2002767574471926,31.541139881041897,199.25038225456726,5.294562236135572
TO,2003-05-01,2003,5,18.6452211934853,,,,3.64937054435692,3.70497998489669,FALSE,TRUE,FALSE,pre,TRUE,2004-08-04,2004-11-10,,-18,41773314,1230181,23.41018524937118,3.1531711947295697,33.95704697113677,200.4297878727454,5.300464000244138
TO,2003-06-01,2003,6,21.8906733716224,,,,3.68684895316194,3.74274734319695,FALSE,TRUE,FALSE,pre,TRUE,2004-08-04,2004-11-10,,-17,45614866,1230181,23.253878244204614,3.1464719243251067,37.07980045212859,206.08791633101146,5.328302856051503
TO,2003-07-01,2003,7,24.2861809813536,,,,3.66125982642772,3.71998941521169,FALSE,TRUE,FALSE,pre,TRUE,2004-08-04,2004-11-10,,-16,44301304,1230181,23.554336585088233,3.1593099472505264,36.01202099528443,206.87698639468502,5.332124347993072
TO,2003-08-01,2003,8,24.5724932534038,,,,3.77330201169925,3.82284489869561,FALSE,TRUE,FALSE,pre,TRUE,2004-08-04,2004-11-10,,-15,52525320,1230181,23.23555689034548,3.1456837299856995,42.6972291069363,217.59155441353752,5.382619701790778
TO,2003-09-01,2003,9,22.6509133376888,,,,3.67741943359911,3.75223231569023,FALSE,TRUE,FALSE,pre,TRUE,2004-08-04,2004-11-10,,-14,47413061,1230181,23.15281610169158,3.1421164189953927,38.541532506192176,219.82876991272016,5.392848924726657
TO,2003-10-01,2003,10,22.717025118505,,,,3.70302809046488,3.7530313322175,FALSE,TRUE,FALSE,pre,TRUE,2004-08-04,2004-11-10,,-13,48956588,1230181,22.460417876009814,3.1117545544804885,39.796247869215996,228.08387790089427,5.429713446831389
TO,2003-11-01,2003,11,25.3688269836852,,,,3.77347387848572,3.81427624285914,FALSE,TRUE,FALSE,pre,TRUE,2004-08-04,2004-11-10,,-12,52494866,1230181,23.581018841043132,3.1604421020232536,42.67247340025573,236.79930433001323,5.467212965209983
TO,2003-12-01,2003,12,25.2270905682101,,,,3.73726227960546,3.78527926398735,FALSE,TRUE,FALSE,pre,TRUE,2004-08-04,2004-11-10,,-11,49447576,1230181,24.13708837380775,3.1837495942195897,40.195366372915856,239.9148702508005,5.48028415313015
TO,2004-01-01,2004,1,26.5369086527949,,,,3.66155351521592,3.71911176369784,FALSE,TRUE,FALSE,pre,TRUE,2004-08-04,2004-11-10,,-10,48383413,1262644,24.5122096523813,3.1991713465724074,38.319124788934964,242.22197404445103,5.489854553859262
TO,2004-02-01,2004,2,25.496450233215,,,,3.64437571497126,3.69468583028759,FALSE,TRUE,FALSE,pre,TRUE,2004-08-04,2004-11-10,,-9,42377344,1262644,24.66620248234983,3.205433986075879,33.56238496361603,233.08712990113077,5.451412331738068
TO,2004-03-01,2004,3,25.3865151599175,,,,3.62003028451474,3.68856559065272,FALSE,TRUE,FALSE,pre,TRUE,2004-08-04,2004-11-10,,-8,39658039,1262644,25.12213611938795,3.22374937458443,31.408725658221954,225.95432305316052,5.420332868460984
TO,2004-04-01,2004,4,25.071604385696,,,,3.65370131073001,3.71738640963598,FALSE,TRUE,FALSE,pre,TRUE,2004-08-04,2004-11-10,,-7,43773204,1262644,25.514565997253115,3.2392495046614154,34.667890553473505,220.82596573741804,5.3973749059372365
TO,2004-05-01,2004,5,24.3419018012817,,,,3.69091966411772,3.74637307508393,FALSE,TRUE,FALSE,pre,TRUE,2004-08-04,2004-11-10,,-6,47178867,1262644,25.343411800185866,3.2325188067210346,37.36513775854477,215.51863009570707,5.373047356367294
TO,2004-06-01,2004,6,24.9271566551462,,,,3.69696591245472,3.75452536790251,FALSE,TRUE,FALSE,pre,TRUE,2004-08-04,2004-11-10,,-5,50228145,1262644,25.293422814675218,3.23054439413659,39.78013200870554,215.10339573149676,5.371118822906382
TO,2004-07-01,2004,7,24.5056557941633,,,,3.73707565342421,3.79000448650833,FALSE,TRUE,FALSE,pre,TRUE,2004-08-04,2004-11-10,,-4,52578902,1262644,24.95488067156995,3.217069421165798,41.64190539851296,218.42617634107478,5.3864480917302595
TO,2004-08-01,2004,8,23.0636003544941,,,,3.72863849634361,3.77689114398741,FALSE,TRUE,FALSE,pre,TRUE,2004-08-04,2004-11-10,,-3,54843706,1262644,24.549405691783132,3.2006876458735025,43.4356049686214,228.29939634608013,5.430657909406455
TO,2004-09-01,2004,9,25.2098043164464,,,,3.70445802168473,3.75788905974574,FALSE,TRUE,FALSE,pre,TRUE,2004-08-04,2004-11-10,,-2,53044859,1262644,24.519953884537948,3.1994872303377733,42.01093815834075,238.90160884619894,5.476051788700879
TO,2004-10-01,2004,10,26.1051396527178,,,,3.76228542418411,3.80983891760899,FALSE,TRUE,FALSE,pre,TRUE,2004-08-04,2004-11-10,,-1,56694785,1262644,24.692209762374915,3.206487799650876,44.90163894177615,249.13535723450156,5.517996352117342
TO,2004-11-01,2004,11,24.3511336618649,,,,3.68784674153393,3.74364433041464,FALSE,TRUE,FALSE,post,FALSE,2004-08-04,2004-11-10,,0,52805451,1262644,24.69374840580545,3.2065501106189367,41.82132968596057,253.59154916191738,5.5357248985138146
TO,2004-12-01,2004,12,24.4455466853885,,,,3.89297118177577,3.94363634026188,FALSE,TRUE,FALSE,post,FALSE,2004-08-04,2004-11-10,,1,64824494,1262644,24.6134800775125,3.2032942634878245,51.34027801977438,265.1516951729862,5.580302096823068
TO,2005-01-01,2005,1,26.8570617646686,,,,3.78194296329706,3.83494526806306,FALSE,TRUE,FALSE,post,FALSE,2004-08-04,2004-11-10,,2,60929536,1305728,25.005381072596716,3.219091044610639,46.66326830702872,270.17305808150195,5.5990627095313155
TO,2005-02-01,2005,2,33.4709453044588,,,,3.77197190846968,3.82911117429009,FALSE,TRUE,FALSE,post,FALSE,2004-08-04,2004-11-10,,3,53231988,1305728,26.7399385642575,3.286158274149,40.768052764434856,267.50550587731544,5.5891401488431764
TO,2005-03-01,2005,3,32.340000268304,,,,3.74208730066424,3.79849599774065,FALSE,TRUE,FALSE,post,FALSE,2004-08-04,2004-11-10,,4,49858093,1305728,27.92830455623377,3.3296406747931813,38.18413406161161,263.67870178058627,5.574731323243371
TO,2005-04-01,2005,4,31.5062040871151,,,,3.71896152114798,3.77224101949249,FALSE,TRUE,FALSE,post,FALSE,2004-08-04,2004-11-10,,5,51926512,1305728,28.828481961966652,3.3613638554588174,39.768245760219585,258.54530859902974,5.55507095363421
TO,2005-05-01,2005,5,32.2550374765077,,,,3.73076172343374,3.78856725706971,FALSE,TRUE,FALSE,post,FALSE,2004-08-04,2004-11-10,,6,55153776,1305728,30.145799264407117,3.4060455855858027,42.23986618958926,258.9638451026584,5.556688457757131
TO,2005-06-01,2005,6,35.0048032727048,,,,3.70677626658318,3.77037966498106,FALSE,TRUE,FALSE,post,FALSE,2004-08-04,2004-11-10,,7,56407893,1305728,31.905675362293167,3.4627839050101787,43.20033958067837,250.8239066635624,5.524751125840997
TO,2005-07-01,2005,7,34.734417695211,,,,3.7135981796619,3.77407674546384,FALSE,TRUE,FALSE,post,FALSE,2004-08-04,2004-11-10,,8,56804539,1305728,33.21856801738357,3.5031089972170313,43.50411341412607,247.66475177065973,5.512076024272759
TO,2005-08-01,2005,8,34.5162042126948,,,,3.69840300984356,3.7636180007371,FALSE,TRUE,FALSE,post,FALSE,2004-08-04,2004-11-10,,9,57978974,1305728,33.392777835422905,3.5083396441286747,44.40356184442702,251.3002608506519,5.526648482553989
TO,2005-09-01,2005,9,34.6407681560139,,,,3.71389505538124,3.77798973089771,FALSE,TRUE,FALSE,post,FALSE,2004-08-04,2004-11-10,,10,58626526,1305728,33.77623915004122,3.5197575715534595,44.89949361582198,258.01562040486226,5.553020127293784
TO,2005-10-01,2005,10,35.7853261694978,,,,3.68272640137888,3.74842525367871,FALSE,TRUE,FALSE,post,FALSE,2004-08-04,2004-11-10,,11,57315210,1305728,34.48942616377167,3.540652789053648,43.89521401088128,262.142588655524,5.568888587230472
TO,2005-11-01,2005,11,36.5145232926913,,,,3.67639811297147,3.739518941897,FALSE,TRUE,FALSE,post,FALSE,2004-08-04,2004-11-10,,12,57090632,1305728,35.19934046646893,3.5610273456804746,43.72321953730027,263.62594200323497,5.574531212062293
TO,2005-12-01,2005,12,36.8521738860118,,,,3.72617725200744,3.79664560478032,FALSE,TRUE,FALSE,post,FALSE,2004-08-04,2004-11-10,,13,60457973,1305728,35.50723556868677,3.56973649454938,46.30211881800804,266.7277212405647,5.586228367445819
TO,2006-01-01,2006,1,37.7916806951263,,,,3.71534961709419,3.77139362065887,FALSE,TRUE,FALSE,post,FALSE,2004-08-04,2004-11-10,,14,61392102,1332441,36.01677940200598,3.5839849243679747,46.07491213494631,269.2985199613849,5.5958205039293905
TO,2006-02-01,2006,2,37.8847135786613,,,,3.70771111275256,3.78468114029097,FALSE,TRUE,FALSE,post,FALSE,2004-08-04,2004-11-10,,15,53649354,1332441,36.578197629667066,3.5994523697331515,40.26396215667335,265.1589202736312,5.580329345384327
TO,2006-03-01,2006,3,37.5003760247926,,,,3.74652654628511,3.81161681146124,FALSE,TRUE,FALSE,post,FALSE,2004-08-04,2004-11-10,,16,53911868,1332441,37.05479894113019,3.612397869430706,40.46097951053743,260.7204061683467,5.563448592399935
TO,2006-04-01,2006,4,37.8754447978041,,,,3.70067599273662,3.76238112493763,FALSE,TRUE,FALSE,post,FALSE,2004-08-04,2004-11-10,,17,54485922,1332441,37.403152045847904,3.6217549801699316,40.89180834273338,257.71700050019876,5.551862085603453
TO,2006-05-01,2006,5,40.5791530469765,,,,3.68505147305453,3.75928357028902,FALSE,TRUE,FALSE,post,FALSE,2004-08-04,2004-11-10,,18,56268577,1332441,38.08059033822877,3.639704712382538,42.22969497336092,256.22347593625943,5.546050016553813
TO,2006-06-01,2006,6,39.7519537943746,,,,3.70279474094304,3.77255223663899,FALSE,TRUE,FALSE,post,FALSE,2004-08-04,2004-11-10,,19,59680461,1332441,38.56388698962257,3.6523162683347805,44.790321672779505,254.7116787910309,5.540132234059556
TO,2006-07-01,2006,7,39.6568624946107,,,,3.71347003433815,3.78768504810351,FALSE,TRUE,FALSE,post,FALSE,2004-08-04,2004-11-10,,20,60327080,1332441,38.87475062286997,3.6603449556330343,45.27561070246262,253.9123773585472,5.536989236473001
TO,2006-08-01,2006,8,41.9522538847325,,,,3.68913406542495,3.76847762991964,FALSE,TRUE,FALSE,post,FALSE,2004-08-04,2004-11-10,,21,60798597,1332441,39.55267400721517,3.6776333027300563,45.629485283025666,259.27790048489953,5.557900461318632
TO,2006-09-01,2006,9,39.5833790103233,,,,3.79997920264159,3.87347887043994,FALSE,TRUE,FALSE,post,FALSE,2004-08-04,2004-11-10,,22,67749311,1332441,39.899841171470285,3.6863723432229896,50.84601194349318,269.6629329178553,5.597172782501655
TO,2006-10-01,2006,10,41.745135738026,,,,3.73539374884952,3.79861515311498,FALSE,TRUE,FALSE,post,FALSE,2004-08-04,2004-11-10,,23,63389211,1332441,40.54478966150727,3.7024072806042323,47.573746980166476,276.34487155528836,5.621649620319082
