period,period_date,year,quarter,sidra_period_code,sidra_period_label,uf,state_abbrev,state_name,macroregion,pnadc_population,pnadc_population_original_unit,unemployment_rate_pnadc,labor_income_real_pnadc,informality_rate_pnadc,formalization_rate_pnadc,income_variable_used,population_concept,formalization_rule,source_system,treated_unit,donor_pool_main,excluded_from_main_donor_pool,donor_pool_exclusion_reason,analysis_period,instability_start_date,removal_date
2015Q1,2015-01-01,2015,1,201501,1 trimestre 2015,12,AC,Acre,North,568000,Mil pessoas,0.08800000000000001,2781,,,SIDRA table 6469 variable 5935,Pessoas de 14 anos ou mais de idade,1 - SIDRA table 8529 variable 12466 / 100,SIDRA/PNADCT,FALSE,TRUE,FALSE,,pre,2018-11-07,2018-12-10
2015Q1,2015-01-01,2015,1,201501,1 trimestre 2015,27,AL,Alagoas,Northeast,2389000,Mil pessoas,0.112,2212,,,SIDRA table 6469 variable 5935,Pessoas de 14 anos ou mais de idade,1 - SIDRA table 8529 variable 12466 / 100,SIDRA/PNADCT,FALSE,TRUE,FALSE,,pre,2018-11-07,2018-12-10
2015Q1,2015-01-01,2015,1,201501,1 trimestre 2015,13,AM,Amazonas,North,2629000,Mil pessoas,0.095,2810,,,SIDRA table 6469 variable 5935,Pessoas de 14 anos ou mais de idade,1 - SIDRA table 8529 variable 12466 / 100,SIDRA/PNADCT,FALSE,FALSE,TRUE,coded_rupture_in_main_estimation_window:AM_2017_01,pre,2018-11-07,2018-12-10
2015Q1,2015-01-01,2015,1,201501,1 trimestre 2015,16,AP,Amapa,North,520000,Mil pessoas,0.097,3035,,,SIDRA table 6469 variable 5935,Pessoas de 14 anos ou mais de idade,1 - SIDRA table 8529 variable 12466 / 100,SIDRA/PNADCT,FALSE,TRUE,FALSE,,pre,2018-11-07,2018-12-10
2015Q1,2015-01-01,2015,1,201501,1 trimestre 2015,29,BA,Bahia,Northeast,11184000,Mil pessoas,0.114,2231,,,SIDRA table 6469 variable 5935,Pessoas de 14 anos ou mais de idade,1 - SIDRA table 8529 variable 12466 / 100,SIDRA/PNADCT,FALSE,TRUE,FALSE,,pre,2018-11-07,2018-12-10
2015Q1,2015-01-01,2015,1,201501,1 trimestre 2015,23,CE,Ceara,Northeast,6805000,Mil pessoas,0.081,2145,,,SIDRA table 6469 variable 5935,Pessoas de 14 anos ou mais de idade,1 - SIDRA table 8529 variable 12466 / 100,SIDRA/PNADCT,FALSE,TRUE,FALSE,,pre,2018-11-07,2018-12-10
2015Q1,2015-01-01,2015,1,201501,1 trimestre 2015,53,DF,Distrito Federal,Center-West,2215000,Mil pessoas,0.108,6207,,,SIDRA table 6469 variable 5935,Pessoas de 14 anos ou mais de idade,1 - SIDRA table 8529 variable 12466 / 100,SIDRA/PNADCT,FALSE,TRUE,FALSE,,pre,2018-11-07,2018-12-10
2015Q1,2015-01-01,2015,1,201501,1 trimestre 2015,32,ES,Espirito Santo,Southeast,3020000,Mil pessoas,0.071,3140,,,SIDRA table 6469 variable 5935,Pessoas de 14 anos ou mais de idade,1 - SIDRA table 8529 variable 12466 / 100,SIDRA/PNADCT,FALSE,TRUE,FALSE,,pre,2018-11-07,2018-12-10
2015Q1,2015-01-01,2015,1,201501,1 trimestre 2015,52,GO,Goias,Center-West,5151000,Mil pessoas,0.07,3194,,,SIDRA table 6469 variable 5935,Pessoas de 14 anos ou mais de idade,1 - SIDRA table 8529 variable 12466 / 100,SIDRA/PNADCT,FALSE,TRUE,FALSE,,pre,2018-11-07,2018-12-10
2015Q1,2015-01-01,2015,1,201501,1 trimestre 2015,21,MA,Maranhao,Northeast,4907000,Mil pessoas,0.09,1669,,,SIDRA table 6469 variable 5935,Pessoas de 14 anos ou mais de idade,1 - SIDRA table 8529 variable 12466 / 100,SIDRA/PNADCT,FALSE,TRUE,FALSE,,pre,2018-11-07,2018-12-10
2015Q1,2015-01-01,2015,1,201501,1 trimestre 2015,31,MG,Minas Gerais,Southeast,16436000,Mil pessoas,0.083,3162,,,SIDRA table 6469 variable 5935,Pessoas de 14 anos ou mais de idade,1 - SIDRA table 8529 variable 12466 / 100,SIDRA/PNADCT,FALSE,TRUE,FALSE,,pre,2018-11-07,2018-12-10
2015Q1,2015-01-01,2015,1,201501,1 trimestre 2015,50,MS,Mato Grosso do Sul,Center-West,1981000,Mil pessoas,0.063,3219,,,SIDRA table 6469 variable 5935,Pessoas de 14 anos ou mais de idade,1 - SIDRA table 8529 variable 12466 / 100,SIDRA/PNADCT,FALSE,TRUE,FALSE,,pre,2018-11-07,2018-12-10
2015Q1,2015-01-01,2015,1,201501,1 trimestre 2015,51,MT,Mato Grosso,Center-West,2518000,Mil pessoas,0.05799999999999999,3280,,,SIDRA table 6469 variable 5935,Pessoas de 14 anos ou mais de idade,1 - SIDRA table 8529 variable 12466 / 100,SIDRA/PNADCT,FALSE,TRUE,FALSE,,pre,2018-11-07,2018-12-10
2015Q1,2015-01-01,2015,1,201501,1 trimestre 2015,15,PA,Para,North,5838000,Mil pessoas,0.093,2241,,,SIDRA table 6469 variable 5935,Pessoas de 14 anos ou mais de idade,1 - SIDRA table 8529 variable 12466 / 100,SIDRA/PNADCT,FALSE,TRUE,FALSE,,pre,2018-11-07,2018-12-10
2015Q1,2015-01-01,2015,1,201501,1 trimestre 2015,25,PB,Paraiba,Northeast,2991000,Mil pessoas,0.093,2288,,,SIDRA table 6469 variable 5935,Pessoas de 14 anos ou mais de idade,1 - SIDRA table 8529 variable 12466 / 100,SIDRA/PNADCT,FALSE,TRUE,FALSE,,pre,2018-11-07,2018-12-10
2015Q1,2015-01-01,2015,1,201501,1 trimestre 2015,26,PE,Pernambuco,Northeast,7153000,Mil pessoas,0.08199999999999999,2754,,,SIDRA table 6469 variable 5935,Pessoas de 14 anos ou mais de idade,1 - SIDRA table 8529 variable 12466 / 100,SIDRA/PNADCT,FALSE,TRUE,FALSE,,pre,2018-11-07,2018-12-10
2015Q1,2015-01-01,2015,1,201501,1 trimestre 2015,22,PI,Piaui,Northeast,2496000,Mil pessoas,0.079,2090,,,SIDRA table 6469 variable 5935,Pessoas de 14 anos ou mais de idade,1 - SIDRA table 8529 variable 12466 / 100,SIDRA/PNADCT,FALSE,TRUE,FALSE,,pre,2018-11-07,2018-12-10
2015Q1,2015-01-01,2015,1,201501,1 trimestre 2015,41,PR,Parana,South,8841000,Mil pessoas,0.054,3693,,,SIDRA table 6469 variable 5935,Pessoas de 14 anos ou mais de idade,1 - SIDRA table 8529 variable 12466 / 100,SIDRA/PNADCT,FALSE,TRUE,FALSE,,pre,2018-11-07,2018-12-10
2015Q1,2015-01-01,2015,1,201501,1 trimestre 2015,33,RJ,Rio de Janeiro,Southeast,14020000,Mil pessoas,0.066,3503,,,SIDRA table 6469 variable 5935,Pessoas de 14 anos ou mais de idade,1 - SIDRA table 8529 variable 12466 / 100,SIDRA/PNADCT,FALSE,TRUE,FALSE,,pre,2018-11-07,2018-12-10
2015Q1,2015-01-01,2015,1,201501,1 trimestre 2015,24,RN,Rio Grande do Norte,Northeast,2605000,Mil pessoas,0.116,2520,,,SIDRA table 6469 variable 5935,Pessoas de 14 anos ou mais de idade,1 - SIDRA table 8529 variable 12466 / 100,SIDRA/PNADCT,FALSE,TRUE,FALSE,,pre,2018-11-07,2018-12-10
2015Q1,2015-01-01,2015,1,201501,1 trimestre 2015,11,RO,Rondonia,North,1261000,Mil pessoas,0.045,2693,,,SIDRA table 6469 variable 5935,Pessoas de 14 anos ou mais de idade,1 - SIDRA table 8529 variable 12466 / 100,SIDRA/PNADCT,FALSE,TRUE,FALSE,,pre,2018-11-07,2018-12-10
2015Q1,2015-01-01,2015,1,201501,1 trimestre 2015,14,RR,Roraima,North,341000,Mil pessoas,0.091,3777,,,SIDRA table 6469 variable 5935,Pessoas de 14 anos ou mais de idade,1 - SIDRA table 8529 variable 12466 / 100,SIDRA/PNADCT,TRUE,FALSE,TRUE,treated_unit,pre,2018-11-07,2018-12-10
2015Q1,2015-01-01,2015,1,201501,1 trimestre 2015,43,RS,Rio Grande do Sul,South,9018000,Mil pessoas,0.05799999999999999,3783,,,SIDRA table 6469 variable 5935,Pessoas de 14 anos ou mais de idade,1 - SIDRA table 8529 variable 12466 / 100,SIDRA/PNADCT,FALSE,TRUE,FALSE,,pre,2018-11-07,2018-12-10
2015Q1,2015-01-01,2015,1,201501,1 trimestre 2015,42,SC,Santa Catarina,South,5543000,Mil pessoas,0.039,3677,,,SIDRA table 6469 variable 5935,Pessoas de 14 anos ou mais de idade,1 - SIDRA table 8529 variable 12466 / 100,SIDRA/PNADCT,FALSE,TRUE,FALSE,,pre,2018-11-07,2018-12-10
2015Q1,2015-01-01,2015,1,201501,1 trimestre 2015,28,SE,Sergipe,Northeast,1676000,Mil pessoas,0.08800000000000001,2597,,,SIDRA table 6469 variable 5935,Pessoas de 14 anos ou mais de idade,1 - SIDRA table 8529 variable 12466 / 100,SIDRA/PNADCT,FALSE,TRUE,FALSE,,pre,2018-11-07,2018-12-10
2015Q1,2015-01-01,2015,1,201501,1 trimestre 2015,35,SP,Sao Paulo,Southeast,35904000,Mil pessoas,0.086,4450,,,SIDRA table 6469 variable 5935,Pessoas de 14 anos ou mais de idade,1 - SIDRA table 8529 variable 12466 / 100,SIDRA/PNADCT,FALSE,TRUE,FALSE,,pre,2018-11-07,2018-12-10
2015Q1,2015-01-01,2015,1,201501,1 trimestre 2015,17,TO,Tocantins,North,1078000,Mil pessoas,0.08800000000000001,2782,,,SIDRA table 6469 variable 5935,Pessoas de 14 anos ou mais de idade,1 - SIDRA table 8529 variable 12466 / 100,SIDRA/PNADCT,FALSE,FALSE,TRUE,coded_rupture_in_main_estimation_window:TO_2018_01,pre,2018-11-07,2018-12-10
2015Q2,2015-04-01,2015,2,201502,2 trimestre 2015,12,AC,Acre,North,567000,Mil pessoas,0.08900000000000001,2647,,,SIDRA table 6469 variable 5935,Pessoas de 14 anos ou mais de idade,1 - SIDRA table 8529 variable 12466 / 100,SIDRA/PNADCT,FALSE,TRUE,FALSE,,pre,2018-11-07,2018-12-10
2015Q2,2015-04-01,2015,2,201502,2 trimestre 2015,27,AL,Alagoas,Northeast,2398000,Mil pessoas,0.119,2175,,,SIDRA table 6469 variable 5935,Pessoas de 14 anos ou mais de idade,1 - SIDRA table 8529 variable 12466 / 100,SIDRA/PNADCT,FALSE,TRUE,FALSE,,pre,2018-11-07,2018-12-10
2015Q2,2015-04-01,2015,2,201502,2 trimestre 2015,13,AM,Amazonas,North,2645000,Mil pessoas,0.097,2643,,,SIDRA table 6469 variable 5935,Pessoas de 14 anos ou mais de idade,1 - SIDRA table 8529 variable 12466 / 100,SIDRA/PNADCT,FALSE,FALSE,TRUE,coded_rupture_in_main_estimation_window:AM_2017_01,pre,2018-11-07,2018-12-10
2015Q2,2015-04-01,2015,2,201502,2 trimestre 2015,16,AP,Amapa,North,519000,Mil pessoas,0.103,2829,,,SIDRA table 6469 variable 5935,Pessoas de 14 anos ou mais de idade,1 - SIDRA table 8529 variable 12466 / 100,SIDRA/PNADCT,FALSE,TRUE,FALSE,,pre,2018-11-07,2018-12-10
2015Q2,2015-04-01,2015,2,201502,2 trimestre 2015,29,BA,Bahia,Northeast,11242000,Mil pessoas,0.128,2167,,,SIDRA table 6469 variable 5935,Pessoas de 14 anos ou mais de idade,1 - SIDRA table 8529 variable 12466 / 100,SIDRA/PNADCT,FALSE,TRUE,FALSE,,pre,2018-11-07,2018-12-10
2015Q2,2015-04-01,2015,2,201502,2 trimestre 2015,23,CE,Ceara,Northeast,6823000,Mil pessoas,0.08900000000000001,2137,,,SIDRA table 6469 variable 5935,Pessoas de 14 anos ou mais de idade,1 - SIDRA table 8529 variable 12466 / 100,SIDRA/PNADCT,FALSE,TRUE,FALSE,,pre,2018-11-07,2018-12-10
2015Q2,2015-04-01,2015,2,201502,2 trimestre 2015,53,DF,Distrito Federal,Center-West,2224000,Mil pessoas,0.098,6042,,,SIDRA table 6469 variable 5935,Pessoas de 14 anos ou mais de idade,1 - SIDRA table 8529 variable 12466 / 100,SIDRA/PNADCT,FALSE,TRUE,FALSE,,pre,2018-11-07,2018-12-10
2015Q2,2015-04-01,2015,2,201502,2 trimestre 2015,32,ES,Espirito Santo,Southeast,3054000,Mil pessoas,0.068,3124,,,SIDRA table 6469 variable 5935,Pessoas de 14 anos ou mais de idade,1 - SIDRA table 8529 variable 12466 / 100,SIDRA/PNADCT,FALSE,TRUE,FALSE,,pre,2018-11-07,2018-12-10
2015Q2,2015-04-01,2015,2,201502,2 trimestre 2015,52,GO,Goias,Center-West,5172000,Mil pessoas,0.075,3012,,,SIDRA table 6469 variable 5935,Pessoas de 14 anos ou mais de idade,1 - SIDRA table 8529 variable 12466 / 100,SIDRA/PNADCT,FALSE,TRUE,FALSE,,pre,2018-11-07,2018-12-10
2015Q2,2015-04-01,2015,2,201502,2 trimestre 2015,21,MA,Maranhao,Northeast,4913000,Mil pessoas,0.09,1627,,,SIDRA table 6469 variable 5935,Pessoas de 14 anos ou mais de idade,1 - SIDRA table 8529 variable 12466 / 100,SIDRA/PNADCT,FALSE,TRUE,FALSE,,pre,2018-11-07,2018-12-10
2015Q2,2015-04-01,2015,2,201502,2 trimestre 2015,31,MG,Minas Gerais,Southeast,16489000,Mil pessoas,0.08,2805,,,SIDRA table 6469 variable 5935,Pessoas de 14 anos ou mais de idade,1 - SIDRA table 8529 variable 12466 / 100,SIDRA/PNADCT,FALSE,TRUE,FALSE,,pre,2018-11-07,2018-12-10
2015Q2,2015-04-01,2015,2,201502,2 trimestre 2015,50,MS,Mato Grosso do Sul,Center-West,1984000,Mil pessoas,0.063,3020,,,SIDRA table 6469 variable 5935,Pessoas de 14 anos ou mais de idade,1 - SIDRA table 8529 variable 12466 / 100,SIDRA/PNADCT,FALSE,TRUE,FALSE,,pre,2018-11-07,2018-12-10
2015Q2,2015-04-01,2015,2,201502,2 trimestre 2015,51,MT,Mato Grosso,Center-West,2501000,Mil pessoas,0.063,3227,,,SIDRA table 6469 variable 5935,Pessoas de 14 anos ou mais de idade,1 - SIDRA table 8529 variable 12466 / 100,SIDRA/PNADCT,FALSE,TRUE,FALSE,,pre,2018-11-07,2018-12-10
2015Q2,2015-04-01,2015,2,201502,2 trimestre 2015,15,PA,Para,North,5880000,Mil pessoas,0.091,2016,,,SIDRA table 6469 variable 5935,Pessoas de 14 anos ou mais de idade,1 - SIDRA table 8529 variable 12466 / 100,SIDRA/PNADCT,FALSE,TRUE,FALSE,,pre,2018-11-07,2018-12-10
2015Q2,2015-04-01,2015,2,201502,2 trimestre 2015,25,PB,Paraiba,Northeast,3013000,Mil pessoas,0.093,2217,,,SIDRA table 6469 variable 5935,Pessoas de 14 anos ou mais de idade,1 - SIDRA table 8529 variable 12466 / 100,SIDRA/PNADCT,FALSE,TRUE,FALSE,,pre,2018-11-07,2018-12-10
2015Q2,2015-04-01,2015,2,201502,2 trimestre 2015,26,PE,Pernambuco,Northeast,7177000,Mil pessoas,0.092,2572,,,SIDRA table 6469 variable 5935,Pessoas de 14 anos ou mais de idade,1 - SIDRA table 8529 variable 12466 / 100,SIDRA/PNADCT,FALSE,TRUE,FALSE,,pre,2018-11-07,2018-12-10
2015Q2,2015-04-01,2015,2,201502,2 trimestre 2015,22,PI,Piaui,Northeast,2520000,Mil pessoas,0.077,1996,,,SIDRA table 6469 variable 5935,Pessoas de 14 anos ou mais de idade,1 - SIDRA table 8529 variable 12466 / 100,SIDRA/PNADCT,FALSE,TRUE,FALSE,,pre,2018-11-07,2018-12-10
2015Q2,2015-04-01,2015,2,201502,2 trimestre 2015,41,PR,Parana,South,8848000,Mil pessoas,0.062,3524,,,SIDRA table 6469 variable 5935,Pessoas de 14 anos ou mais de idade,1 - SIDRA table 8529 variable 12466 / 100,SIDRA/PNADCT,FALSE,TRUE,FALSE,,pre,2018-11-07,2018-12-10
2015Q2,2015-04-01,2015,2,201502,2 trimestre 2015,33,RJ,Rio de Janeiro,Southeast,14047000,Mil pessoas,0.073,3489,,,SIDRA table 6469 variable 5935,Pessoas de 14 anos ou mais de idade,1 - SIDRA table 8529 variable 12466 / 100,SIDRA/PNADCT,FALSE,TRUE,FALSE,,pre,2018-11-07,2018-12-10
2015Q2,2015-04-01,2015,2,201502,2 trimestre 2015,24,RN,Rio Grande do Norte,Northeast,2586000,Mil pessoas,0.118,2352,,,SIDRA table 6469 variable 5935,Pessoas de 14 anos ou mais de idade,1 - SIDRA table 8529 variable 12466 / 100,SIDRA/PNADCT,FALSE,TRUE,FALSE,,pre,2018-11-07,2018-12-10
2015Q2,2015-04-01,2015,2,201502,2 trimestre 2015,11,RO,Rondonia,North,1257000,Mil pessoas,0.049,2652,,,SIDRA table 6469 variable 5935,Pessoas de 14 anos ou mais de idade,1 - SIDRA table 8529 variable 12466 / 100,SIDRA/PNADCT,FALSE,TRUE,FALSE,,pre,2018-11-07,2018-12-10
2015Q2,2015-04-01,2015,2,201502,2 trimestre 2015,14,RR,Roraima,North,342000,Mil pessoas,0.079,3240,,,SIDRA table 6469 variable 5935,Pessoas de 14 anos ou mais de idade,1 - SIDRA table 8529 variable 12466 / 100,SIDRA/PNADCT,TRUE,FALSE,TRUE,treated_unit,pre,2018-11-07,2018-12-10
2015Q2,2015-04-01,2015,2,201502,2 trimestre 2015,43,RS,Rio Grande do Sul,South,9020000,Mil pessoas,0.06,3455,,,SIDRA table 6469 variable 5935,Pessoas de 14 anos ou mais de idade,1 - SIDRA table 8529 variable 12466 / 100,SIDRA/PNADCT,FALSE,TRUE,FALSE,,pre,2018-11-07,2018-12-10
2015Q2,2015-04-01,2015,2,201502,2 trimestre 2015,42,SC,Santa Catarina,South,5592000,Mil pessoas,0.04,3492,,,SIDRA table 6469 variable 5935,Pessoas de 14 anos ou mais de idade,1 - SIDRA table 8529 variable 12466 / 100,SIDRA/PNADCT,FALSE,TRUE,FALSE,,pre,2018-11-07,2018-12-10
2015Q2,2015-04-01,2015,2,201502,2 trimestre 2015,28,SE,Sergipe,Northeast,1693000,Mil pessoas,0.092,2424,,,SIDRA table 6469 variable 5935,Pessoas de 14 anos ou mais de idade,1 - SIDRA table 8529 variable 12466 / 100,SIDRA/PNADCT,FALSE,TRUE,FALSE,,pre,2018-11-07,2018-12-10
2015Q2,2015-04-01,2015,2,201502,2 trimestre 2015,35,SP,Sao Paulo,Southeast,35942000,Mil pessoas,0.092,4403,,,SIDRA table 6469 variable 5935,Pessoas de 14 anos ou mais de idade,1 - SIDRA table 8529 variable 12466 / 100,SIDRA/PNADCT,FALSE,TRUE,FALSE,,pre,2018-11-07,2018-12-10
2015Q2,2015-04-01,2015,2,201502,2 trimestre 2015,17,TO,Tocantins,North,1079000,Mil pessoas,0.077,2720,,,SIDRA table 6469 variable 5935,Pessoas de 14 anos ou mais de idade,1 - SIDRA table 8529 variable 12466 / 100,SIDRA/PNADCT,FALSE,FALSE,TRUE,coded_rupture_in_main_estimation_window:TO_2018_01,pre,2018-11-07,2018-12-10
2015Q3,2015-07-01,2015,3,201503,3 trimestre 2015,12,AC,Acre,North,572000,Mil pessoas,0.08900000000000001,2483,,,SIDRA table 6469 variable 5935,Pessoas de 14 anos ou mais de idade,1 - SIDRA table 8529 variable 12466 / 100,SIDRA/PNADCT,FALSE,TRUE,FALSE,,pre,2018-11-07,2018-12-10
2015Q3,2015-07-01,2015,3,201503,3 trimestre 2015,27,AL,Alagoas,Northeast,2416000,Mil pessoas,0.109,2162,,,SIDRA table 6469 variable 5935,Pessoas de 14 anos ou mais de idade,1 - SIDRA table 8529 variable 12466 / 100,SIDRA/PNADCT,FALSE,TRUE,FALSE,,pre,2018-11-07,2018-12-10
2015Q3,2015-07-01,2015,3,201503,3 trimestre 2015,13,AM,Amazonas,North,2673000,Mil pessoas,0.103,2617,,,SIDRA table 6469 variable 5935,Pessoas de 14 anos ou mais de idade,1 - SIDRA table 8529 variable 12466 / 100,SIDRA/PNADCT,FALSE,FALSE,TRUE,coded_rupture_in_main_estimation_window:AM_2017_01,pre,2018-11-07,2018-12-10
2015Q3,2015-07-01,2015,3,201503,3 trimestre 2015,16,AP,Amapa,North,522000,Mil pessoas,0.119,2860,,,SIDRA table 6469 variable 5935,Pessoas de 14 anos ou mais de idade,1 - SIDRA table 8529 variable 12466 / 100,SIDRA/PNADCT,FALSE,TRUE,FALSE,,pre,2018-11-07,2018-12-10
2015Q3,2015-07-01,2015,3,201503,3 trimestre 2015,29,BA,Bahia,Northeast,11228000,Mil pessoas,0.129,2162,,,SIDRA table 6469 variable 5935,Pessoas de 14 anos ou mais de idade,1 - SIDRA table 8529 variable 12466 / 100,SIDRA/PNADCT,FALSE,TRUE,FALSE,,pre,2018-11-07,2018-12-10
2015Q3,2015-07-01,2015,3,201503,3 trimestre 2015,23,CE,Ceara,Northeast,6819000,Mil pessoas,0.097,2103,,,SIDRA table 6469 variable 5935,Pessoas de 14 anos ou mais de idade,1 - SIDRA table 8529 variable 12466 / 100,SIDRA/PNADCT,FALSE,TRUE,FALSE,,pre,2018-11-07,2018-12-10
2015Q3,2015-07-01,2015,3,201503,3 trimestre 2015,53,DF,Distrito Federal,Center-West,2244000,Mil pessoas,0.104,5918,,,SIDRA table 6469 variable 5935,Pessoas de 14 anos ou mais de idade,1 - SIDRA table 8529 variable 12466 / 100,SIDRA/PNADCT,FALSE,TRUE,FALSE,,pre,2018-11-07,2018-12-10
2015Q3,2015-07-01,2015,3,201503,3 trimestre 2015,32,ES,Espirito Santo,Southeast,3060000,Mil pessoas,0.083,3099,,,SIDRA table 6469 variable 5935,Pessoas de 14 anos ou mais de idade,1 - SIDRA table 8529 variable 12466 / 100,SIDRA/PNADCT,FALSE,TRUE,FALSE,,pre,2018-11-07,2018-12-10
2015Q3,2015-07-01,2015,3,201503,3 trimestre 2015,52,GO,Goias,Center-West,5215000,Mil pessoas,0.07400000000000001,3050,,,SIDRA table 6469 variable 5935,Pessoas de 14 anos ou mais de idade,1 - SIDRA table 8529 variable 12466 / 100,SIDRA/PNADCT,FALSE,TRUE,FALSE,,pre,2018-11-07,2018-12-10
2015Q3,2015-07-01,2015,3,201503,3 trimestre 2015,21,MA,Maranhao,Northeast,4953000,Mil pessoas,0.086,1647,,,SIDRA table 6469 variable 5935,Pessoas de 14 anos ou mais de idade,1 - SIDRA table 8529 variable 12466 / 100,SIDRA/PNADCT,FALSE,TRUE,FALSE,,pre,2018-11-07,2018-12-10
2015Q3,2015-07-01,2015,3,201503,3 trimestre 2015,31,MG,Minas Gerais,Southeast,16578000,Mil pessoas,0.08800000000000001,2801,,,SIDRA table 6469 variable 5935,Pessoas de 14 anos ou mais de idade,1 - SIDRA table 8529 variable 12466 / 100,SIDRA/PNADCT,FALSE,TRUE,FALSE,,pre,2018-11-07,2018-12-10
2015Q3,2015-07-01,2015,3,201503,3 trimestre 2015,50,MS,Mato Grosso do Sul,Center-West,1983000,Mil pessoas,0.063,2910,,,SIDRA table 6469 variable 5935,Pessoas de 14 anos ou mais de idade,1 - SIDRA table 8529 variable 12466 / 100,SIDRA/PNADCT,FALSE,TRUE,FALSE,,pre,2018-11-07,2018-12-10
2015Q3,2015-07-01,2015,3,201503,3 trimestre 2015,51,MT,Mato Grosso,Center-West,2508000,Mil pessoas,0.067,3165,,,SIDRA table 6469 variable 5935,Pessoas de 14 anos ou mais de idade,1 - SIDRA table 8529 variable 12466 / 100,SIDRA/PNADCT,FALSE,TRUE,FALSE,,pre,2018-11-07,2018-12-10
2015Q3,2015-07-01,2015,3,201503,3 trimestre 2015,15,PA,Para,North,5916000,Mil pessoas,0.085,2050,,,SIDRA table 6469 variable 5935,Pessoas de 14 anos ou mais de idade,1 - SIDRA table 8529 variable 12466 / 100,SIDRA/PNADCT,FALSE,TRUE,FALSE,,pre,2018-11-07,2018-12-10
2015Q3,2015-07-01,2015,3,201503,3 trimestre 2015,25,PB,Paraiba,Northeast,3030000,Mil pessoas,0.105,2215,,,SIDRA table 6469 variable 5935,Pessoas de 14 anos ou mais de idade,1 - SIDRA table 8529 variable 12466 / 100,SIDRA/PNADCT,FALSE,TRUE,FALSE,,pre,2018-11-07,2018-12-10
2015Q3,2015-07-01,2015,3,201503,3 trimestre 2015,26,PE,Pernambuco,Northeast,7255000,Mil pessoas,0.113,2443,,,SIDRA table 6469 variable 5935,Pessoas de 14 anos ou mais de idade,1 - SIDRA table 8529 variable 12466 / 100,SIDRA/PNADCT,FALSE,TRUE,FALSE,,pre,2018-11-07,2018-12-10
2015Q3,2015-07-01,2015,3,201503,3 trimestre 2015,22,PI,Piaui,Northeast,2523000,Mil pessoas,0.077,1974,,,SIDRA table 6469 variable 5935,Pessoas de 14 anos ou mais de idade,1 - SIDRA table 8529 variable 12466 / 100,SIDRA/PNADCT,FALSE,TRUE,FALSE,,pre,2018-11-07,2018-12-10
2015Q3,2015-07-01,2015,3,201503,3 trimestre 2015,41,PR,Parana,South,8881000,Mil pessoas,0.062,3513,,,SIDRA table 6469 variable 5935,Pessoas de 14 anos ou mais de idade,1 - SIDRA table 8529 variable 12466 / 100,SIDRA/PNADCT,FALSE,TRUE,FALSE,,pre,2018-11-07,2018-12-10
2015Q3,2015-07-01,2015,3,201503,3 trimestre 2015,33,RJ,Rio de Janeiro,Southeast,14041000,Mil pessoas,0.083,3516,,,SIDRA table 6469 variable 5935,Pessoas de 14 anos ou mais de idade,1 - SIDRA table 8529 variable 12466 / 100,SIDRA/PNADCT,FALSE,TRUE,FALSE,,pre,2018-11-07,2018-12-10
2015Q3,2015-07-01,2015,3,201503,3 trimestre 2015,24,RN,Rio Grande do Norte,Northeast,2599000,Mil pessoas,0.128,2403,,,SIDRA table 6469 variable 5935,Pessoas de 14 anos ou mais de idade,1 - SIDRA table 8529 variable 12466 / 100,SIDRA/PNADCT,FALSE,TRUE,FALSE,,pre,2018-11-07,2018-12-10
2015Q3,2015-07-01,2015,3,201503,3 trimestre 2015,11,RO,Rondonia,North,1258000,Mil pessoas,0.067,2576,,,SIDRA table 6469 variable 5935,Pessoas de 14 anos ou mais de idade,1 - SIDRA table 8529 variable 12466 / 100,SIDRA/PNADCT,FALSE,TRUE,FALSE,,pre,2018-11-07,2018-12-10
2015Q3,2015-07-01,2015,3,201503,3 trimestre 2015,14,RR,Roraima,North,345000,Mil pessoas,0.094,3110,,,SIDRA table 6469 variable 5935,Pessoas de 14 anos ou mais de idade,1 - SIDRA table 8529 variable 12466 / 100,SIDRA/PNADCT,TRUE,FALSE,TRUE,treated_unit,pre,2018-11-07,2018-12-10
2015Q3,2015-07-01,2015,3,201503,3 trimestre 2015,43,RS,Rio Grande do Sul,South,9035000,Mil pessoas,0.07,3325,,,SIDRA table 6469 variable 5935,Pessoas de 14 anos ou mais de idade,1 - SIDRA table 8529 variable 12466 / 100,SIDRA/PNADCT,FALSE,TRUE,FALSE,,pre,2018-11-07,2018-12-10
2015Q3,2015-07-01,2015,3,201503,3 trimestre 2015,42,SC,Santa Catarina,South,5621000,Mil pessoas,0.044,3448,,,SIDRA table 6469 variable 5935,Pessoas de 14 anos ou mais de idade,1 - SIDRA table 8529 variable 12466 / 100,SIDRA/PNADCT,FALSE,TRUE,FALSE,,pre,2018-11-07,2018-12-10
2015Q3,2015-07-01,2015,3,201503,3 trimestre 2015,28,SE,Sergipe,Northeast,1698000,Mil pessoas,0.08800000000000001,2372,,,SIDRA table 6469 variable 5935,Pessoas de 14 anos ou mais de idade,1 - SIDRA table 8529 variable 12466 / 100,SIDRA/PNADCT,FALSE,TRUE,FALSE,,pre,2018-11-07,2018-12-10
2015Q3,2015-07-01,2015,3,201503,3 trimestre 2015,35,SP,Sao Paulo,Southeast,35929000,Mil pessoas,0.098,4288,,,SIDRA table 6469 variable 5935,Pessoas de 14 anos ou mais de idade,1 - SIDRA table 8529 variable 12466 / 100,SIDRA/PNADCT,FALSE,TRUE,FALSE,,pre,2018-11-07,2018-12-10
2015Q3,2015-07-01,2015,3,201503,3 trimestre 2015,17,TO,Tocantins,North,1071000,Mil pessoas,0.093,2735,,,SIDRA table 6469 variable 5935,Pessoas de 14 anos ou mais de idade,1 - SIDRA table 8529 variable 12466 / 100,SIDRA/PNADCT,FALSE,FALSE,TRUE,coded_rupture_in_main_estimation_window:TO_2018_01,pre,2018-11-07,2018-12-10
2015Q4,2015-10-01,2015,4,201504,4 trimestre 2015,12,AC,Acre,North,575000,Mil pessoas,0.077,2531,0.532,0.468,SIDRA table 6469 variable 5935,Pessoas de 14 anos ou mais de idade,1 - SIDRA table 8529 variable 12466 / 100,SIDRA/PNADCT,FALSE,TRUE,FALSE,,pre,2018-11-07,2018-12-10
2015Q4,2015-10-01,2015,4,201504,4 trimestre 2015,27,AL,Alagoas,Northeast,2421000,Mil pessoas,0.114,2170,0.461,0.5389999999999999,SIDRA table 6469 variable 5935,Pessoas de 14 anos ou mais de idade,1 - SIDRA table 8529 variable 12466 / 100,SIDRA/PNADCT,FALSE,TRUE,FALSE,,pre,2018-11-07,2018-12-10
2015Q4,2015-10-01,2015,4,201504,4 trimestre 2015,13,AM,Amazonas,North,2696000,Mil pessoas,0.093,2679,0.541,0.459,SIDRA table 6469 variable 5935,Pessoas de 14 anos ou mais de idade,1 - SIDRA table 8529 variable 12466 / 100,SIDRA/PNADCT,FALSE,FALSE,TRUE,coded_rupture_in_main_estimation_window:AM_2017_01,pre,2018-11-07,2018-12-10
2015Q4,2015-10-01,2015,4,201504,4 trimestre 2015,16,AP,Amapa,North,523000,Mil pessoas,0.13,3101,0.488,0.512,SIDRA table 6469 variable 5935,Pessoas de 14 anos ou mais de idade,1 - SIDRA table 8529 variable 12466 / 100,SIDRA/PNADCT,FALSE,TRUE,FALSE,,pre,2018-11-07,2018-12-10
2015Q4,2015-10-01,2015,4,201504,4 trimestre 2015,29,BA,Bahia,Northeast,11239000,Mil pessoas,0.124,2166,0.545,0.455,SIDRA table 6469 variable 5935,Pessoas de 14 anos ou mais de idade,1 - SIDRA table 8529 variable 12466 / 100,SIDRA/PNADCT,FALSE,TRUE,FALSE,,pre,2018-11-07,2018-12-10
2015Q4,2015-10-01,2015,4,201504,4 trimestre 2015,23,CE,Ceara,Northeast,6843000,Mil pessoas,0.091,2123,0.54,0.46,SIDRA table 6469 variable 5935,Pessoas de 14 anos ou mais de idade,1 - SIDRA table 8529 variable 12466 / 100,SIDRA/PNADCT,FALSE,TRUE,FALSE,,pre,2018-11-07,2018-12-10
2015Q4,2015-10-01,2015,4,201504,4 trimestre 2015,53,DF,Distrito Federal,Center-West,2235000,Mil pessoas,0.098,6112,0.253,0.747,SIDRA table 6469 variable 5935,Pessoas de 14 anos ou mais de idade,1 - SIDRA table 8529 variable 12466 / 100,SIDRA/PNADCT,FALSE,TRUE,FALSE,,pre,2018-11-07,2018-12-10
2015Q4,2015-10-01,2015,4,201504,4 trimestre 2015,32,ES,Espirito Santo,Southeast,3084000,Mil pessoas,0.092,3198,0.365,0.635,SIDRA table 6469 variable 5935,Pessoas de 14 anos ou mais de idade,1 - SIDRA table 8529 variable 12466 / 100,SIDRA/PNADCT,FALSE,TRUE,FALSE,,pre,2018-11-07,2018-12-10
2015Q4,2015-10-01,2015,4,201504,4 trimestre 2015,52,GO,Goias,Center-West,5234000,Mil pessoas,0.078,3028,0.387,0.613,SIDRA table 6469 variable 5935,Pessoas de 14 anos ou mais de idade,1 - SIDRA table 8529 variable 12466 / 100,SIDRA/PNADCT,FALSE,TRUE,FALSE,,pre,2018-11-07,2018-12-10
2015Q4,2015-10-01,2015,4,201504,4 trimestre 2015,21,MA,Maranhao,Northeast,4956000,Mil pessoas,0.084,1679,0.649,0.351,SIDRA table 6469 variable 5935,Pessoas de 14 anos ou mais de idade,1 - SIDRA table 8529 variable 12466 / 100,SIDRA/PNADCT,FALSE,TRUE,FALSE,,pre,2018-11-07,2018-12-10
2015Q4,2015-10-01,2015,4,201504,4 trimestre 2015,31,MG,Minas Gerais,Southeast,16652000,Mil pessoas,0.094,2946,0.375,0.625,SIDRA table 6469 variable 5935,Pessoas de 14 anos ou mais de idade,1 - SIDRA table 8529 variable 12466 / 100,SIDRA/PNADCT,FALSE,TRUE,FALSE,,pre,2018-11-07,2018-12-10
2015Q4,2015-10-01,2015,4,201504,4 trimestre 2015,50,MS,Mato Grosso do Sul,Center-West,1994000,Mil pessoas,0.06,3148,0.381,0.619,SIDRA table 6469 variable 5935,Pessoas de 14 anos ou mais de idade,1 - SIDRA table 8529 variable 12466 / 100,SIDRA/PNADCT,FALSE,TRUE,FALSE,,pre,2018-11-07,2018-12-10
2015Q4,2015-10-01,2015,4,201504,4 trimestre 2015,51,MT,Mato Grosso,Center-West,2535000,Mil pessoas,0.05799999999999999,3140,0.389,0.611,SIDRA table 6469 variable 5935,Pessoas de 14 anos ou mais de idade,1 - SIDRA table 8529 variable 12466 / 100,SIDRA/PNADCT,FALSE,TRUE,FALSE,,pre,2018-11-07,2018-12-10
2015Q4,2015-10-01,2015,4,201504,4 trimestre 2015,15,PA,Para,North,5963000,Mil pessoas,0.087,2082,0.609,0.391,SIDRA table 6469 variable 5935,Pessoas de 14 anos ou mais de idade,1 - SIDRA table 8529 variable 12466 / 100,SIDRA/PNADCT,FALSE,TRUE,FALSE,,pre,2018-11-07,2018-12-10
2015Q4,2015-10-01,2015,4,201504,4 trimestre 2015,25,PB,Paraiba,Northeast,3040000,Mil pessoas,0.097,2200,0.519,0.481,SIDRA table 6469 variable 5935,Pessoas de 14 anos ou mais de idade,1 - SIDRA table 8529 variable 12466 / 100,SIDRA/PNADCT,FALSE,TRUE,FALSE,,pre,2018-11-07,2018-12-10
2015Q4,2015-10-01,2015,4,201504,4 trimestre 2015,26,PE,Pernambuco,Northeast,7248000,Mil pessoas,0.111,2431,0.464,0.536,SIDRA table 6469 variable 5935,Pessoas de 14 anos ou mais de idade,1 - SIDRA table 8529 variable 12466 / 100,SIDRA/PNADCT,FALSE,TRUE,FALSE,,pre,2018-11-07,2018-12-10
2015Q4,2015-10-01,2015,4,201504,4 trimestre 2015,22,PI,Piaui,Northeast,2539000,Mil pessoas,0.073,2072,0.5820000000000001,0.4179999999999999,SIDRA table 6469 variable 5935,Pessoas de 14 anos ou mais de idade,1 - SIDRA table 8529 variable 12466 / 100,SIDRA/PNADCT,FALSE,TRUE,FALSE,,pre,2018-11-07,2018-12-10
2015Q4,2015-10-01,2015,4,201504,4 trimestre 2015,41,PR,Parana,South,8909000,Mil pessoas,0.059,3476,0.317,0.683,SIDRA table 6469 variable 5935,Pessoas de 14 anos ou mais de idade,1 - SIDRA table 8529 variable 12466 / 100,SIDRA/PNADCT,FALSE,TRUE,FALSE,,pre,2018-11-07,2018-12-10
2015Q4,2015-10-01,2015,4,201504,4 trimestre 2015,33,RJ,Rio de Janeiro,Southeast,13989000,Mil pessoas,0.087,3597,0.313,0.687,SIDRA table 6469 variable 5935,Pessoas de 14 anos ou mais de idade,1 - SIDRA table 8529 variable 12466 / 100,SIDRA/PNADCT,FALSE,TRUE,FALSE,,pre,2018-11-07,2018-12-10
2015Q4,2015-10-01,2015,4,201504,4 trimestre 2015,24,RN,Rio Grande do Norte,Northeast,2618000,Mil pessoas,0.123,2518,0.446,0.554,SIDRA table 6469 variable 5935,Pessoas de 14 anos ou mais de idade,1 - SIDRA table 8529 variable 12466 / 100,SIDRA/PNADCT,FALSE,TRUE,FALSE,,pre,2018-11-07,2018-12-10
2015Q4,2015-10-01,2015,4,201504,4 trimestre 2015,11,RO,Rondonia,North,1247000,Mil pessoas,0.065,2654,0.482,0.518,SIDRA table 6469 variable 5935,Pessoas de 14 anos ou mais de idade,1 - SIDRA table 8529 variable 12466 / 100,SIDRA/PNADCT,FALSE,TRUE,FALSE,,pre,2018-11-07,2018-12-10
2015Q4,2015-10-01,2015,4,201504,4 trimestre 2015,14,RR,Roraima,North,348000,Mil pessoas,0.08199999999999999,3013,0.431,0.569,SIDRA table 6469 variable 5935,Pessoas de 14 anos ou mais de idade,1 - SIDRA table 8529 variable 12466 / 100,SIDRA/PNADCT,TRUE,FALSE,TRUE,treated_unit,pre,2018-11-07,2018-12-10
2015Q4,2015-10-01,2015,4,201504,4 trimestre 2015,43,RS,Rio Grande do Sul,South,9055000,Mil pessoas,0.067,3511,0.316,0.6839999999999999,SIDRA table 6469 variable 5935,Pessoas de 14 anos ou mais de idade,1 - SIDRA table 8529 variable 12466 / 100,SIDRA/PNADCT,FALSE,TRUE,FALSE,,pre,2018-11-07,2018-12-10
2015Q4,2015-10-01,2015,4,201504,4 trimestre 2015,42,SC,Santa Catarina,South,5659000,Mil pessoas,0.043,3540,0.262,0.738,SIDRA table 6469 variable 5935,Pessoas de 14 anos ou mais de idade,1 - SIDRA table 8529 variable 12466 / 100,SIDRA/PNADCT,FALSE,TRUE,FALSE,,pre,2018-11-07,2018-12-10
2015Q4,2015-10-01,2015,4,201504,4 trimestre 2015,28,SE,Sergipe,Northeast,1712000,Mil pessoas,0.101,2322,0.502,0.498,SIDRA table 6469 variable 5935,Pessoas de 14 anos ou mais de idade,1 - SIDRA table 8529 variable 12466 / 100,SIDRA/PNADCT,FALSE,TRUE,FALSE,,pre,2018-11-07,2018-12-10
2015Q4,2015-10-01,2015,4,201504,4 trimestre 2015,35,SP,Sao Paulo,Southeast,36010000,Mil pessoas,0.102,4479,0.266,0.734,SIDRA table 6469 variable 5935,Pessoas de 14 anos ou mais de idade,1 - SIDRA table 8529 variable 12466 / 100,SIDRA/PNADCT,FALSE,TRUE,FALSE,,pre,2018-11-07,2018-12-10
2015Q4,2015-10-01,2015,4,201504,4 trimestre 2015,17,TO,Tocantins,North,1086000,Mil pessoas,0.09,2632,0.433,0.567,SIDRA table 6469 variable 5935,Pessoas de 14 anos ou mais de idade,1 - SIDRA table 8529 variable 12466 / 100,SIDRA/PNADCT,FALSE,FALSE,TRUE,coded_rupture_in_main_estimation_window:TO_2018_01,pre,2018-11-07,2018-12-10
2016Q1,2016-01-01,2016,1,201601,1 trimestre 2016,12,AC,Acre,North,574000,Mil pessoas,0.08800000000000001,2759,0.544,0.456,SIDRA table 6469 variable 5935,Pessoas de 14 anos ou mais de idade,1 - SIDRA table 8529 variable 12466 / 100,SIDRA/PNADCT,FALSE,TRUE,FALSE,,pre,2018-11-07,2018-12-10
2016Q1,2016-01-01,2016,1,201601,1 trimestre 2016,27,AL,Alagoas,Northeast,2428000,Mil pessoas,0.129,2275,0.464,0.536,SIDRA table 6469 variable 5935,Pessoas de 14 anos ou mais de idade,1 - SIDRA table 8529 variable 12466 / 100,SIDRA/PNADCT,FALSE,TRUE,FALSE,,pre,2018-11-07,2018-12-10
2016Q1,2016-01-01,2016,1,201601,1 trimestre 2016,13,AM,Amazonas,North,2693000,Mil pessoas,0.13,2753,0.5579999999999999,0.44200000000000006,SIDRA table 6469 variable 5935,Pessoas de 14 anos ou mais de idade,1 - SIDRA table 8529 variable 12466 / 100,SIDRA/PNADCT,FALSE,FALSE,TRUE,coded_rupture_in_main_estimation_window:AM_2017_01,pre,2018-11-07,2018-12-10
2016Q1,2016-01-01,2016,1,201601,1 trimestre 2016,16,AP,Amapa,North,524000,Mil pessoas,0.14800000000000002,3195,0.489,0.511,SIDRA table 6469 variable 5935,Pessoas de 14 anos ou mais de idade,1 - SIDRA table 8529 variable 12466 / 100,SIDRA/PNADCT,FALSE,TRUE,FALSE,,pre,2018-11-07,2018-12-10
2016Q1,2016-01-01,2016,1,201601,1 trimestre 2016,29,BA,Bahia,Northeast,11230000,Mil pessoas,0.157,2309,0.541,0.459,SIDRA table 6469 variable 5935,Pessoas de 14 anos ou mais de idade,1 - SIDRA table 8529 variable 12466 / 100,SIDRA/PNADCT,FALSE,TRUE,FALSE,,pre,2018-11-07,2018-12-10
2016Q1,2016-01-01,2016,1,201601,1 trimestre 2016,23,CE,Ceara,Northeast,6871000,Mil pessoas,0.109,2256,0.534,0.466,SIDRA table 6469 variable 5935,Pessoas de 14 anos ou mais de idade,1 - SIDRA table 8529 variable 12466 / 100,SIDRA/PNADCT,FALSE,TRUE,FALSE,,pre,2018-11-07,2018-12-10
2016Q1,2016-01-01,2016,1,201601,1 trimestre 2016,53,DF,Distrito Federal,Center-West,2246000,Mil pessoas,0.113,6423,0.253,0.747,SIDRA table 6469 variable 5935,Pessoas de 14 anos ou mais de idade,1 - SIDRA table 8529 variable 12466 / 100,SIDRA/PNADCT,FALSE,TRUE,FALSE,,pre,2018-11-07,2018-12-10
2016Q1,2016-01-01,2016,1,201601,1 trimestre 2016,32,ES,Espirito Santo,Southeast,3094000,Mil pessoas,0.112,3346,0.35600000000000004,0.6439999999999999,SIDRA table 6469 variable 5935,Pessoas de 14 anos ou mais de idade,1 - SIDRA table 8529 variable 12466 / 100,SIDRA/PNADCT,FALSE,TRUE,FALSE,,pre,2018-11-07,2018-12-10
2016Q1,2016-01-01,2016,1,201601,1 trimestre 2016,52,GO,Goias,Center-West,5254000,Mil pessoas,0.102,3128,0.389,0.611,SIDRA table 6469 variable 5935,Pessoas de 14 anos ou mais de idade,1 - SIDRA table 8529 variable 12466 / 100,SIDRA/PNADCT,FALSE,TRUE,FALSE,,pre,2018-11-07,2018-12-10
2016Q1,2016-01-01,2016,1,201601,1 trimestre 2016,21,MA,Maranhao,Northeast,4979000,Mil pessoas,0.112,1693,0.657,0.34299999999999997,SIDRA table 6469 variable 5935,Pessoas de 14 anos ou mais de idade,1 - SIDRA table 8529 variable 12466 / 100,SIDRA/PNADCT,FALSE,TRUE,FALSE,,pre,2018-11-07,2018-12-10
2016Q1,2016-01-01,2016,1,201601,1 trimestre 2016,31,MG,Minas Gerais,Southeast,16685000,Mil pessoas,0.113,3224,0.373,0.627,SIDRA table 6469 variable 5935,Pessoas de 14 anos ou mais de idade,1 - SIDRA table 8529 variable 12466 / 100,SIDRA/PNADCT,FALSE,TRUE,FALSE,,pre,2018-11-07,2018-12-10
2016Q1,2016-01-01,2016,1,201601,1 trimestre 2016,50,MS,Mato Grosso do Sul,Center-West,2021000,Mil pessoas,0.078,3516,0.359,0.641,SIDRA table 6469 variable 5935,Pessoas de 14 anos ou mais de idade,1 - SIDRA table 8529 variable 12466 / 100,SIDRA/PNADCT,FALSE,TRUE,FALSE,,pre,2018-11-07,2018-12-10
2016Q1,2016-01-01,2016,1,201601,1 trimestre 2016,51,MT,Mato Grosso,Center-West,2556000,Mil pessoas,0.093,3340,0.3670000000000001,0.633,SIDRA table 6469 variable 5935,Pessoas de 14 anos ou mais de idade,1 - SIDRA table 8529 variable 12466 / 100,SIDRA/PNADCT,FALSE,TRUE,FALSE,,pre,2018-11-07,2018-12-10
2016Q1,2016-01-01,2016,1,201601,1 trimestre 2016,15,PA,Para,North,5994000,Mil pessoas,0.101,2234,0.607,0.393,SIDRA table 6469 variable 5935,Pessoas de 14 anos ou mais de idade,1 - SIDRA table 8529 variable 12466 / 100,SIDRA/PNADCT,FALSE,TRUE,FALSE,,pre,2018-11-07,2018-12-10
2016Q1,2016-01-01,2016,1,201601,1 trimestre 2016,25,PB,Paraiba,Northeast,3058000,Mil pessoas,0.103,2353,0.525,0.475,SIDRA table 6469 variable 5935,Pessoas de 14 anos ou mais de idade,1 - SIDRA table 8529 variable 12466 / 100,SIDRA/PNADCT,FALSE,TRUE,FALSE,,pre,2018-11-07,2018-12-10
2016Q1,2016-01-01,2016,1,201601,1 trimestre 2016,26,PE,Pernambuco,Northeast,7264000,Mil pessoas,0.134,2619,0.475,0.525,SIDRA table 6469 variable 5935,Pessoas de 14 anos ou mais de idade,1 - SIDRA table 8529 variable 12466 / 100,SIDRA/PNADCT,FALSE,TRUE,FALSE,,pre,2018-11-07,2018-12-10
2016Q1,2016-01-01,2016,1,201601,1 trimestre 2016,22,PI,Piaui,Northeast,2544000,Mil pessoas,0.096,2226,0.595,0.405,SIDRA table 6469 variable 5935,Pessoas de 14 anos ou mais de idade,1 - SIDRA table 8529 variable 12466 / 100,SIDRA/PNADCT,FALSE,TRUE,FALSE,,pre,2018-11-07,2018-12-10
2016Q1,2016-01-01,2016,1,201601,1 trimestre 2016,41,PR,Parana,South,8952000,Mil pessoas,0.081,3664,0.32,0.6799999999999999,SIDRA table 6469 variable 5935,Pessoas de 14 anos ou mais de idade,1 - SIDRA table 8529 variable 12466 / 100,SIDRA/PNADCT,FALSE,TRUE,FALSE,,pre,2018-11-07,2018-12-10
2016Q1,2016-01-01,2016,1,201601,1 trimestre 2016,33,RJ,Rio de Janeiro,Southeast,14009000,Mil pessoas,0.102,3918,0.317,0.683,SIDRA table 6469 variable 5935,Pessoas de 14 anos ou mais de idade,1 - SIDRA table 8529 variable 12466 / 100,SIDRA/PNADCT,FALSE,TRUE,FALSE,,pre,2018-11-07,2018-12-10
2016Q1,2016-01-01,2016,1,201601,1 trimestre 2016,24,RN,Rio Grande do Norte,Northeast,2626000,Mil pessoas,0.145,2543,0.45,0.55,SIDRA table 6469 variable 5935,Pessoas de 14 anos ou mais de idade,1 - SIDRA table 8529 variable 12466 / 100,SIDRA/PNADCT,FALSE,TRUE,FALSE,,pre,2018-11-07,2018-12-10
2016Q1,2016-01-01,2016,1,201601,1 trimestre 2016,11,RO,Rondonia,North,1254000,Mil pessoas,0.076,2671,0.467,0.5329999999999999,SIDRA table 6469 variable 5935,Pessoas de 14 anos ou mais de idade,1 - SIDRA table 8529 variable 12466 / 100,SIDRA/PNADCT,FALSE,TRUE,FALSE,,pre,2018-11-07,2018-12-10
2016Q1,2016-01-01,2016,1,201601,1 trimestre 2016,14,RR,Roraima,North,348000,Mil pessoas,0.084,3286,0.44,0.56,SIDRA table 6469 variable 5935,Pessoas de 14 anos ou mais de idade,1 - SIDRA table 8529 variable 12466 / 100,SIDRA/PNADCT,TRUE,FALSE,TRUE,treated_unit,pre,2018-11-07,2018-12-10
2016Q1,2016-01-01,2016,1,201601,1 trimestre 2016,43,RS,Rio Grande do Sul,South,9101000,Mil pessoas,0.076,3875,0.322,0.6779999999999999,SIDRA table 6469 variable 5935,Pessoas de 14 anos ou mais de idade,1 - SIDRA table 8529 variable 12466 / 100,SIDRA/PNADCT,FALSE,TRUE,FALSE,,pre,2018-11-07,2018-12-10
2016Q1,2016-01-01,2016,1,201601,1 trimestre 2016,42,SC,Santa Catarina,South,5681000,Mil pessoas,0.061,3662,0.271,0.729,SIDRA table 6469 variable 5935,Pessoas de 14 anos ou mais de idade,1 - SIDRA table 8529 variable 12466 / 100,SIDRA/PNADCT,FALSE,TRUE,FALSE,,pre,2018-11-07,2018-12-10
2016Q1,2016-01-01,2016,1,201601,1 trimestre 2016,28,SE,Sergipe,Northeast,1723000,Mil pessoas,0.116,2531,0.516,0.484,SIDRA table 6469 variable 5935,Pessoas de 14 anos ou mais de idade,1 - SIDRA table 8529 variable 12466 / 100,SIDRA/PNADCT,FALSE,TRUE,FALSE,,pre,2018-11-07,2018-12-10
2016Q1,2016-01-01,2016,1,201601,1 trimestre 2016,35,SP,Sao Paulo,Southeast,36040000,Mil pessoas,0.122,4706,0.267,0.733,SIDRA table 6469 variable 5935,Pessoas de 14 anos ou mais de idade,1 - SIDRA table 8529 variable 12466 / 100,SIDRA/PNADCT,FALSE,TRUE,FALSE,,pre,2018-11-07,2018-12-10
2016Q1,2016-01-01,2016,1,201601,1 trimestre 2016,17,TO,Tocantins,North,1095000,Mil pessoas,0.108,2880,0.428,0.5720000000000001,SIDRA table 6469 variable 5935,Pessoas de 14 anos ou mais de idade,1 - SIDRA table 8529 variable 12466 / 100,SIDRA/PNADCT,FALSE,FALSE,TRUE,coded_rupture_in_main_estimation_window:TO_2018_01,pre,2018-11-07,2018-12-10
2016Q2,2016-04-01,2016,2,201602,2 trimestre 2016,12,AC,Acre,North,582000,Mil pessoas,0.111,2520,0.483,0.517,SIDRA table 6469 variable 5935,Pessoas de 14 anos ou mais de idade,1 - SIDRA table 8529 variable 12466 / 100,SIDRA/PNADCT,FALSE,TRUE,FALSE,,pre,2018-11-07,2018-12-10
2016Q2,2016-04-01,2016,2,201602,2 trimestre 2016,27,AL,Alagoas,Northeast,2431000,Mil pessoas,0.141,2047,0.485,0.515,SIDRA table 6469 variable 5935,Pessoas de 14 anos ou mais de idade,1 - SIDRA table 8529 variable 12466 / 100,SIDRA/PNADCT,FALSE,TRUE,FALSE,,pre,2018-11-07,2018-12-10
2016Q2,2016-04-01,2016,2,201602,2 trimestre 2016,13,AM,Amazonas,North,2705000,Mil pessoas,0.135,2522,0.5670000000000001,0.43299999999999994,SIDRA table 6469 variable 5935,Pessoas de 14 anos ou mais de idade,1 - SIDRA table 8529 variable 12466 / 100,SIDRA/PNADCT,FALSE,FALSE,TRUE,coded_rupture_in_main_estimation_window:AM_2017_01,pre,2018-11-07,2018-12-10
2016Q2,2016-04-01,2016,2,201602,2 trimestre 2016,16,AP,Amapa,North,528000,Mil pessoas,0.162,3108,0.487,0.5129999999999999,SIDRA table 6469 variable 5935,Pessoas de 14 anos ou mais de idade,1 - SIDRA table 8529 variable 12466 / 100,SIDRA/PNADCT,FALSE,TRUE,FALSE,,pre,2018-11-07,2018-12-10
2016Q2,2016-04-01,2016,2,201602,2 trimestre 2016,29,BA,Bahia,Northeast,11256000,Mil pessoas,0.156,2005,0.5489999999999999,0.45100000000000007,SIDRA table 6469 variable 5935,Pessoas de 14 anos ou mais de idade,1 - SIDRA table 8529 variable 12466 / 100,SIDRA/PNADCT,FALSE,TRUE,FALSE,,pre,2018-11-07,2018-12-10
2016Q2,2016-04-01,2016,2,201602,2 trimestre 2016,23,CE,Ceara,Northeast,6901000,Mil pessoas,0.116,2086,0.539,0.461,SIDRA table 6469 variable 5935,Pessoas de 14 anos ou mais de idade,1 - SIDRA table 8529 variable 12466 / 100,SIDRA/PNADCT,FALSE,TRUE,FALSE,,pre,2018-11-07,2018-12-10
2016Q2,2016-04-01,2016,2,201602,2 trimestre 2016,53,DF,Distrito Federal,Center-West,2243000,Mil pessoas,0.11,5820,0.255,0.745,SIDRA table 6469 variable 5935,Pessoas de 14 anos ou mais de idade,1 - SIDRA table 8529 variable 12466 / 100,SIDRA/PNADCT,FALSE,TRUE,FALSE,,pre,2018-11-07,2018-12-10
2016Q2,2016-04-01,2016,2,201602,2 trimestre 2016,32,ES,Espirito Santo,Southeast,3083000,Mil pessoas,0.116,3016,0.373,0.627,SIDRA table 6469 variable 5935,Pessoas de 14 anos ou mais de idade,1 - SIDRA table 8529 variable 12466 / 100,SIDRA/PNADCT,FALSE,TRUE,FALSE,,pre,2018-11-07,2018-12-10
2016Q2,2016-04-01,2016,2,201602,2 trimestre 2016,52,GO,Goias,Center-West,5269000,Mil pessoas,0.103,2941,0.393,0.607,SIDRA table 6469 variable 5935,Pessoas de 14 anos ou mais de idade,1 - SIDRA table 8529 variable 12466 / 100,SIDRA/PNADCT,FALSE,TRUE,FALSE,,pre,2018-11-07,2018-12-10
2016Q2,2016-04-01,2016,2,201602,2 trimestre 2016,21,MA,Maranhao,Northeast,4976000,Mil pessoas,0.121,1644,0.643,0.357,SIDRA table 6469 variable 5935,Pessoas de 14 anos ou mais de idade,1 - SIDRA table 8529 variable 12466 / 100,SIDRA/PNADCT,FALSE,TRUE,FALSE,,pre,2018-11-07,2018-12-10
2016Q2,2016-04-01,2016,2,201602,2 trimestre 2016,31,MG,Minas Gerais,Southeast,16709000,Mil pessoas,0.11,2785,0.377,0.623,SIDRA table 6469 variable 5935,Pessoas de 14 anos ou mais de idade,1 - SIDRA table 8529 variable 12466 / 100,SIDRA/PNADCT,FALSE,TRUE,FALSE,,pre,2018-11-07,2018-12-10
2016Q2,2016-04-01,2016,2,201602,2 trimestre 2016,50,MS,Mato Grosso do Sul,Center-West,2028000,Mil pessoas,0.07,3000,0.358,0.642,SIDRA table 6469 variable 5935,Pessoas de 14 anos ou mais de idade,1 - SIDRA table 8529 variable 12466 / 100,SIDRA/PNADCT,FALSE,TRUE,FALSE,,pre,2018-11-07,2018-12-10
2016Q2,2016-04-01,2016,2,201602,2 trimestre 2016,51,MT,Mato Grosso,Center-West,2577000,Mil pessoas,0.1,3173,0.379,0.621,SIDRA table 6469 variable 5935,Pessoas de 14 anos ou mais de idade,1 - SIDRA table 8529 variable 12466 / 100,SIDRA/PNADCT,FALSE,TRUE,FALSE,,pre,2018-11-07,2018-12-10
2016Q2,2016-04-01,2016,2,201602,2 trimestre 2016,15,PA,Para,North,6033000,Mil pessoas,0.109,2061,0.607,0.393,SIDRA table 6469 variable 5935,Pessoas de 14 anos ou mais de idade,1 - SIDRA table 8529 variable 12466 / 100,SIDRA/PNADCT,FALSE,TRUE,FALSE,,pre,2018-11-07,2018-12-10
2016Q2,2016-04-01,2016,2,201602,2 trimestre 2016,25,PB,Paraiba,Northeast,3068000,Mil pessoas,0.11,2084,0.515,0.485,SIDRA table 6469 variable 5935,Pessoas de 14 anos ou mais de idade,1 - SIDRA table 8529 variable 12466 / 100,SIDRA/PNADCT,FALSE,TRUE,FALSE,,pre,2018-11-07,2018-12-10
2016Q2,2016-04-01,2016,2,201602,2 trimestre 2016,26,PE,Pernambuco,Northeast,7253000,Mil pessoas,0.142,2393,0.478,0.522,SIDRA table 6469 variable 5935,Pessoas de 14 anos ou mais de idade,1 - SIDRA table 8529 variable 12466 / 100,SIDRA/PNADCT,FALSE,TRUE,FALSE,,pre,2018-11-07,2018-12-10
2016Q2,2016-04-01,2016,2,201602,2 trimestre 2016,22,PI,Piaui,Northeast,2540000,Mil pessoas,0.101,2056,0.591,0.409,SIDRA table 6469 variable 5935,Pessoas de 14 anos ou mais de idade,1 - SIDRA table 8529 variable 12466 / 100,SIDRA/PNADCT,FALSE,TRUE,FALSE,,pre,2018-11-07,2018-12-10
2016Q2,2016-04-01,2016,2,201602,2 trimestre 2016,41,PR,Parana,South,8982000,Mil pessoas,0.08199999999999999,3321,0.32,0.6799999999999999,SIDRA table 6469 variable 5935,Pessoas de 14 anos ou mais de idade,1 - SIDRA table 8529 variable 12466 / 100,SIDRA/PNADCT,FALSE,TRUE,FALSE,,pre,2018-11-07,2018-12-10
2016Q2,2016-04-01,2016,2,201602,2 trimestre 2016,33,RJ,Rio de Janeiro,Southeast,13982000,Mil pessoas,0.115,3603,0.326,0.6739999999999999,SIDRA table 6469 variable 5935,Pessoas de 14 anos ou mais de idade,1 - SIDRA table 8529 variable 12466 / 100,SIDRA/PNADCT,FALSE,TRUE,FALSE,,pre,2018-11-07,2018-12-10
2016Q2,2016-04-01,2016,2,201602,2 trimestre 2016,24,RN,Rio Grande do Norte,Northeast,2648000,Mil pessoas,0.136,2393,0.4479999999999999,0.552,SIDRA table 6469 variable 5935,Pessoas de 14 anos ou mais de idade,1 - SIDRA table 8529 variable 12466 / 100,SIDRA/PNADCT,FALSE,TRUE,FALSE,,pre,2018-11-07,2018-12-10
2016Q2,2016-04-01,2016,2,201602,2 trimestre 2016,11,RO,Rondonia,North,1257000,Mil pessoas,0.079,2481,0.506,0.494,SIDRA table 6469 variable 5935,Pessoas de 14 anos ou mais de idade,1 - SIDRA table 8529 variable 12466 / 100,SIDRA/PNADCT,FALSE,TRUE,FALSE,,pre,2018-11-07,2018-12-10
2016Q2,2016-04-01,2016,2,201602,2 trimestre 2016,14,RR,Roraima,North,350000,Mil pessoas,0.081,3116,0.4270000000000001,0.573,SIDRA table 6469 variable 5935,Pessoas de 14 anos ou mais de idade,1 - SIDRA table 8529 variable 12466 / 100,SIDRA/PNADCT,TRUE,FALSE,TRUE,treated_unit,pre,2018-11-07,2018-12-10
2016Q2,2016-04-01,2016,2,201602,2 trimestre 2016,43,RS,Rio Grande do Sul,South,9096000,Mil pessoas,0.08900000000000001,3486,0.32,0.6799999999999999,SIDRA table 6469 variable 5935,Pessoas de 14 anos ou mais de idade,1 - SIDRA table 8529 variable 12466 / 100,SIDRA/PNADCT,FALSE,TRUE,FALSE,,pre,2018-11-07,2018-12-10
2016Q2,2016-04-01,2016,2,201602,2 trimestre 2016,42,SC,Santa Catarina,South,5698000,Mil pessoas,0.068,3237,0.271,0.729,SIDRA table 6469 variable 5935,Pessoas de 14 anos ou mais de idade,1 - SIDRA table 8529 variable 12466 / 100,SIDRA/PNADCT,FALSE,TRUE,FALSE,,pre,2018-11-07,2018-12-10
2016Q2,2016-04-01,2016,2,201602,2 trimestre 2016,28,SE,Sergipe,Northeast,1714000,Mil pessoas,0.129,2495,0.499,0.501,SIDRA table 6469 variable 5935,Pessoas de 14 anos ou mais de idade,1 - SIDRA table 8529 variable 12466 / 100,SIDRA/PNADCT,FALSE,TRUE,FALSE,,pre,2018-11-07,2018-12-10
2016Q2,2016-04-01,2016,2,201602,2 trimestre 2016,35,SP,Sao Paulo,Southeast,36248000,Mil pessoas,0.123,4181,0.273,0.727,SIDRA table 6469 variable 5935,Pessoas de 14 anos ou mais de idade,1 - SIDRA table 8529 variable 12466 / 100,SIDRA/PNADCT,FALSE,TRUE,FALSE,,pre,2018-11-07,2018-12-10
2016Q2,2016-04-01,2016,2,201602,2 trimestre 2016,17,TO,Tocantins,North,1107000,Mil pessoas,0.112,2567,0.445,0.5549999999999999,SIDRA table 6469 variable 5935,Pessoas de 14 anos ou mais de idade,1 - SIDRA table 8529 variable 12466 / 100,SIDRA/PNADCT,FALSE,FALSE,TRUE,coded_rupture_in_main_estimation_window:TO_2018_01,pre,2018-11-07,2018-12-10
2016Q3,2016-07-01,2016,3,201603,3 trimestre 2016,12,AC,Acre,North,588000,Mil pessoas,0.122,2483,0.468,0.532,SIDRA table 6469 variable 5935,Pessoas de 14 anos ou mais de idade,1 - SIDRA table 8529 variable 12466 / 100,SIDRA/PNADCT,FALSE,TRUE,FALSE,,pre,2018-11-07,2018-12-10
2016Q3,2016-07-01,2016,3,201603,3 trimestre 2016,27,AL,Alagoas,Northeast,2451000,Mil pessoas,0.149,2034,0.477,0.5229999999999999,SIDRA table 6469 variable 5935,Pessoas de 14 anos ou mais de idade,1 - SIDRA table 8529 variable 12466 / 100,SIDRA/PNADCT,FALSE,TRUE,FALSE,,pre,2018-11-07,2018-12-10
2016Q3,2016-07-01,2016,3,201603,3 trimestre 2016,13,AM,Amazonas,North,2709000,Mil pessoas,0.138,2427,0.5760000000000001,0.42399999999999993,SIDRA table 6469 variable 5935,Pessoas de 14 anos ou mais de idade,1 - SIDRA table 8529 variable 12466 / 100,SIDRA/PNADCT,FALSE,FALSE,TRUE,coded_rupture_in_main_estimation_window:AM_2017_01,pre,2018-11-07,2018-12-10
2016Q3,2016-07-01,2016,3,201603,3 trimestre 2016,16,AP,Amapa,North,538000,Mil pessoas,0.151,3117,0.482,0.518,SIDRA table 6469 variable 5935,Pessoas de 14 anos ou mais de idade,1 - SIDRA table 8529 variable 12466 / 100,SIDRA/PNADCT,FALSE,TRUE,FALSE,,pre,2018-11-07,2018-12-10
2016Q3,2016-07-01,2016,3,201603,3 trimestre 2016,29,BA,Bahia,Northeast,11349000,Mil pessoas,0.16,2028,0.547,0.453,SIDRA table 6469 variable 5935,Pessoas de 14 anos ou mais de idade,1 - SIDRA table 8529 variable 12466 / 100,SIDRA/PNADCT,FALSE,TRUE,FALSE,,pre,2018-11-07,2018-12-10
2016Q3,2016-07-01,2016,3,201603,3 trimestre 2016,23,CE,Ceara,Northeast,6938000,Mil pessoas,0.133,2009,0.5479999999999999,0.45200000000000007,SIDRA table 6469 variable 5935,Pessoas de 14 anos ou mais de idade,1 - SIDRA table 8529 variable 12466 / 100,SIDRA/PNADCT,FALSE,TRUE,FALSE,,pre,2018-11-07,2018-12-10
2016Q3,2016-07-01,2016,3,201603,3 trimestre 2016,53,DF,Distrito Federal,Center-West,2245000,Mil pessoas,0.121,5882,0.265,0.735,SIDRA table 6469 variable 5935,Pessoas de 14 anos ou mais de idade,1 - SIDRA table 8529 variable 12466 / 100,SIDRA/PNADCT,FALSE,TRUE,FALSE,,pre,2018-11-07,2018-12-10
2016Q3,2016-07-01,2016,3,201603,3 trimestre 2016,32,ES,Espirito Santo,Southeast,3089000,Mil pessoas,0.129,3036,0.375,0.625,SIDRA table 6469 variable 5935,Pessoas de 14 anos ou mais de idade,1 - SIDRA table 8529 variable 12466 / 100,SIDRA/PNADCT,FALSE,TRUE,FALSE,,pre,2018-11-07,2018-12-10
2016Q3,2016-07-01,2016,3,201603,3 trimestre 2016,52,GO,Goias,Center-West,5293000,Mil pessoas,0.107,2989,0.384,0.616,SIDRA table 6469 variable 5935,Pessoas de 14 anos ou mais de idade,1 - SIDRA table 8529 variable 12466 / 100,SIDRA/PNADCT,FALSE,TRUE,FALSE,,pre,2018-11-07,2018-12-10
2016Q3,2016-07-01,2016,3,201603,3 trimestre 2016,21,MA,Maranhao,Northeast,5008000,Mil pessoas,0.121,1708,0.628,0.372,SIDRA table 6469 variable 5935,Pessoas de 14 anos ou mais de idade,1 - SIDRA table 8529 variable 12466 / 100,SIDRA/PNADCT,FALSE,TRUE,FALSE,,pre,2018-11-07,2018-12-10
2016Q3,2016-07-01,2016,3,201603,3 trimestre 2016,31,MG,Minas Gerais,Southeast,16664000,Mil pessoas,0.113,2765,0.37200000000000005,0.6279999999999999,SIDRA table 6469 variable 5935,Pessoas de 14 anos ou mais de idade,1 - SIDRA table 8529 variable 12466 / 100,SIDRA/PNADCT,FALSE,TRUE,FALSE,,pre,2018-11-07,2018-12-10
2016Q3,2016-07-01,2016,3,201603,3 trimestre 2016,50,MS,Mato Grosso do Sul,Center-West,2050000,Mil pessoas,0.077,3155,0.364,0.636,SIDRA table 6469 variable 5935,Pessoas de 14 anos ou mais de idade,1 - SIDRA table 8529 variable 12466 / 100,SIDRA/PNADCT,FALSE,TRUE,FALSE,,pre,2018-11-07,2018-12-10
2016Q3,2016-07-01,2016,3,201603,3 trimestre 2016,51,MT,Mato Grosso,Center-West,2589000,Mil pessoas,0.091,3178,0.38,0.62,SIDRA table 6469 variable 5935,Pessoas de 14 anos ou mais de idade,1 - SIDRA table 8529 variable 12466 / 100,SIDRA/PNADCT,FALSE,TRUE,FALSE,,pre,2018-11-07,2018-12-10
2016Q3,2016-07-01,2016,3,201603,3 trimestre 2016,15,PA,Para,North,6046000,Mil pessoas,0.111,2083,0.607,0.393,SIDRA table 6469 variable 5935,Pessoas de 14 anos ou mais de idade,1 - SIDRA table 8529 variable 12466 / 100,SIDRA/PNADCT,FALSE,TRUE,FALSE,,pre,2018-11-07,2018-12-10
2016Q3,2016-07-01,2016,3,201603,3 trimestre 2016,25,PB,Paraiba,Northeast,3086000,Mil pessoas,0.13,2240,0.518,0.482,SIDRA table 6469 variable 5935,Pessoas de 14 anos ou mais de idade,1 - SIDRA table 8529 variable 12466 / 100,SIDRA/PNADCT,FALSE,TRUE,FALSE,,pre,2018-11-07,2018-12-10
2016Q3,2016-07-01,2016,3,201603,3 trimestre 2016,26,PE,Pernambuco,Northeast,7287000,Mil pessoas,0.155,2420,0.471,0.5289999999999999,SIDRA table 6469 variable 5935,Pessoas de 14 anos ou mais de idade,1 - SIDRA table 8529 variable 12466 / 100,SIDRA/PNADCT,FALSE,TRUE,FALSE,,pre,2018-11-07,2018-12-10
2016Q3,2016-07-01,2016,3,201603,3 trimestre 2016,22,PI,Piaui,Northeast,2552000,Mil pessoas,0.096,1994,0.59,0.41,SIDRA table 6469 variable 5935,Pessoas de 14 anos ou mais de idade,1 - SIDRA table 8529 variable 12466 / 100,SIDRA/PNADCT,FALSE,TRUE,FALSE,,pre,2018-11-07,2018-12-10
2016Q3,2016-07-01,2016,3,201603,3 trimestre 2016,41,PR,Parana,South,9011000,Mil pessoas,0.086,3388,0.324,0.6759999999999999,SIDRA table 6469 variable 5935,Pessoas de 14 anos ou mais de idade,1 - SIDRA table 8529 variable 12466 / 100,SIDRA/PNADCT,FALSE,TRUE,FALSE,,pre,2018-11-07,2018-12-10
2016Q3,2016-07-01,2016,3,201603,3 trimestre 2016,33,RJ,Rio de Janeiro,Southeast,14011000,Mil pessoas,0.122,3515,0.336,0.6639999999999999,SIDRA table 6469 variable 5935,Pessoas de 14 anos ou mais de idade,1 - SIDRA table 8529 variable 12466 / 100,SIDRA/PNADCT,FALSE,TRUE,FALSE,,pre,2018-11-07,2018-12-10
2016Q3,2016-07-01,2016,3,201603,3 trimestre 2016,24,RN,Rio Grande do Norte,Northeast,2668000,Mil pessoas,0.14300000000000002,2347,0.452,0.548,SIDRA table 6469 variable 5935,Pessoas de 14 anos ou mais de idade,1 - SIDRA table 8529 variable 12466 / 100,SIDRA/PNADCT,FALSE,TRUE,FALSE,,pre,2018-11-07,2018-12-10
2016Q3,2016-07-01,2016,3,201603,3 trimestre 2016,11,RO,Rondonia,North,1256000,Mil pessoas,0.085,2520,0.484,0.516,SIDRA table 6469 variable 5935,Pessoas de 14 anos ou mais de idade,1 - SIDRA table 8529 variable 12466 / 100,SIDRA/PNADCT,FALSE,TRUE,FALSE,,pre,2018-11-07,2018-12-10
2016Q3,2016-07-01,2016,3,201603,3 trimestre 2016,14,RR,Roraima,North,355000,Mil pessoas,0.099,3302,0.426,0.5740000000000001,SIDRA table 6469 variable 5935,Pessoas de 14 anos ou mais de idade,1 - SIDRA table 8529 variable 12466 / 100,SIDRA/PNADCT,TRUE,FALSE,TRUE,treated_unit,pre,2018-11-07,2018-12-10
2016Q3,2016-07-01,2016,3,201603,3 trimestre 2016,43,RS,Rio Grande do Sul,South,9140000,Mil pessoas,0.083,3499,0.32299999999999995,0.677,SIDRA table 6469 variable 5935,Pessoas de 14 anos ou mais de idade,1 - SIDRA table 8529 variable 12466 / 100,SIDRA/PNADCT,FALSE,TRUE,FALSE,,pre,2018-11-07,2018-12-10
2016Q3,2016-07-01,2016,3,201603,3 trimestre 2016,42,SC,Santa Catarina,South,5725000,Mil pessoas,0.064,3360,0.26899999999999996,0.7310000000000001,SIDRA table 6469 variable 5935,Pessoas de 14 anos ou mais de idade,1 - SIDRA table 8529 variable 12466 / 100,SIDRA/PNADCT,FALSE,TRUE,FALSE,,pre,2018-11-07,2018-12-10
2016Q3,2016-07-01,2016,3,201603,3 trimestre 2016,28,SE,Sergipe,Northeast,1728000,Mil pessoas,0.145,2395,0.501,0.499,SIDRA table 6469 variable 5935,Pessoas de 14 anos ou mais de idade,1 - SIDRA table 8529 variable 12466 / 100,SIDRA/PNADCT,FALSE,TRUE,FALSE,,pre,2018-11-07,2018-12-10
2016Q3,2016-07-01,2016,3,201603,3 trimestre 2016,35,SP,Sao Paulo,Southeast,36210000,Mil pessoas,0.129,4236,0.266,0.734,SIDRA table 6469 variable 5935,Pessoas de 14 anos ou mais de idade,1 - SIDRA table 8529 variable 12466 / 100,SIDRA/PNADCT,FALSE,TRUE,FALSE,,pre,2018-11-07,2018-12-10
2016Q3,2016-07-01,2016,3,201603,3 trimestre 2016,17,TO,Tocantins,North,1103000,Mil pessoas,0.108,2524,0.431,0.569,SIDRA table 6469 variable 5935,Pessoas de 14 anos ou mais de idade,1 - SIDRA table 8529 variable 12466 / 100,SIDRA/PNADCT,FALSE,FALSE,TRUE,coded_rupture_in_main_estimation_window:TO_2018_01,pre,2018-11-07,2018-12-10
2016Q4,2016-10-01,2016,4,201604,4 trimestre 2016,12,AC,Acre,North,593000,Mil pessoas,0.117,2634,0.501,0.499,SIDRA table 6469 variable 5935,Pessoas de 14 anos ou mais de idade,1 - SIDRA table 8529 variable 12466 / 100,SIDRA/PNADCT,FALSE,TRUE,FALSE,,pre,2018-11-07,2018-12-10
2016Q4,2016-10-01,2016,4,201604,4 trimestre 2016,27,AL,Alagoas,Northeast,2453000,Mil pessoas,0.15,2092,0.45,0.55,SIDRA table 6469 variable 5935,Pessoas de 14 anos ou mais de idade,1 - SIDRA table 8529 variable 12466 / 100,SIDRA/PNADCT,FALSE,TRUE,FALSE,,pre,2018-11-07,2018-12-10
2016Q4,2016-10-01,2016,4,201604,4 trimestre 2016,13,AM,Amazonas,North,2709000,Mil pessoas,0.151,2382,0.579,0.421,SIDRA table 6469 variable 5935,Pessoas de 14 anos ou mais de idade,1 - SIDRA table 8529 variable 12466 / 100,SIDRA/PNADCT,FALSE,FALSE,TRUE,coded_rupture_in_main_estimation_window:AM_2017_01,pre,2018-11-07,2018-12-10
2016Q4,2016-10-01,2016,4,201604,4 trimestre 2016,16,AP,Amapa,North,546000,Mil pessoas,0.17,3237,0.477,0.5229999999999999,SIDRA table 6469 variable 5935,Pessoas de 14 anos ou mais de idade,1 - SIDRA table 8529 variable 12466 / 100,SIDRA/PNADCT,FALSE,TRUE,FALSE,,pre,2018-11-07,2018-12-10
2016Q4,2016-10-01,2016,4,201604,4 trimestre 2016,29,BA,Bahia,Northeast,11406000,Mil pessoas,0.16699999999999998,2068,0.551,0.4489999999999999,SIDRA table 6469 variable 5935,Pessoas de 14 anos ou mais de idade,1 - SIDRA table 8529 variable 12466 / 100,SIDRA/PNADCT,FALSE,TRUE,FALSE,,pre,2018-11-07,2018-12-10
2016Q4,2016-10-01,2016,4,201604,4 trimestre 2016,23,CE,Ceara,Northeast,6962000,Mil pessoas,0.126,2103,0.539,0.461,SIDRA table 6469 variable 5935,Pessoas de 14 anos ou mais de idade,1 - SIDRA table 8529 variable 12466 / 100,SIDRA/PNADCT,FALSE,TRUE,FALSE,,pre,2018-11-07,2018-12-10
2016Q4,2016-10-01,2016,4,201604,4 trimestre 2016,53,DF,Distrito Federal,Center-West,2251000,Mil pessoas,0.14,5764,0.26899999999999996,0.7310000000000001,SIDRA table 6469 variable 5935,Pessoas de 14 anos ou mais de idade,1 - SIDRA table 8529 variable 12466 / 100,SIDRA/PNADCT,FALSE,TRUE,FALSE,,pre,2018-11-07,2018-12-10
2016Q4,2016-10-01,2016,4,201604,4 trimestre 2016,32,ES,Espirito Santo,Southeast,3102000,Mil pessoas,0.138,3110,0.382,0.618,SIDRA table 6469 variable 5935,Pessoas de 14 anos ou mais de idade,1 - SIDRA table 8529 variable 12466 / 100,SIDRA/PNADCT,FALSE,TRUE,FALSE,,pre,2018-11-07,2018-12-10
2016Q4,2016-10-01,2016,4,201604,4 trimestre 2016,52,GO,Goias,Center-West,5316000,Mil pessoas,0.114,3079,0.398,0.6020000000000001,SIDRA table 6469 variable 5935,Pessoas de 14 anos ou mais de idade,1 - SIDRA table 8529 variable 12466 / 100,SIDRA/PNADCT,FALSE,TRUE,FALSE,,pre,2018-11-07,2018-12-10
2016Q4,2016-10-01,2016,4,201604,4 trimestre 2016,21,MA,Maranhao,Northeast,5016000,Mil pessoas,0.132,1707,0.64,0.36,SIDRA table 6469 variable 5935,Pessoas de 14 anos ou mais de idade,1 - SIDRA table 8529 variable 12466 / 100,SIDRA/PNADCT,FALSE,TRUE,FALSE,,pre,2018-11-07,2018-12-10
2016Q4,2016-10-01,2016,4,201604,4 trimestre 2016,31,MG,Minas Gerais,Southeast,16675000,Mil pessoas,0.112,2922,0.384,0.616,SIDRA table 6469 variable 5935,Pessoas de 14 anos ou mais de idade,1 - SIDRA table 8529 variable 12466 / 100,SIDRA/PNADCT,FALSE,TRUE,FALSE,,pre,2018-11-07,2018-12-10
2016Q4,2016-10-01,2016,4,201604,4 trimestre 2016,50,MS,Mato Grosso do Sul,Center-West,2060000,Mil pessoas,0.08199999999999999,3352,0.361,0.639,SIDRA table 6469 variable 5935,Pessoas de 14 anos ou mais de idade,1 - SIDRA table 8529 variable 12466 / 100,SIDRA/PNADCT,FALSE,TRUE,FALSE,,pre,2018-11-07,2018-12-10
2016Q4,2016-10-01,2016,4,201604,4 trimestre 2016,51,MT,Mato Grosso,Center-West,2603000,Mil pessoas,0.096,3126,0.382,0.618,SIDRA table 6469 variable 5935,Pessoas de 14 anos ou mais de idade,1 - SIDRA table 8529 variable 12466 / 100,SIDRA/PNADCT,FALSE,TRUE,FALSE,,pre,2018-11-07,2018-12-10
2016Q4,2016-10-01,2016,4,201604,4 trimestre 2016,15,PA,Para,North,6080000,Mil pessoas,0.129,2074,0.615,0.385,SIDRA table 6469 variable 5935,Pessoas de 14 anos ou mais de idade,1 - SIDRA table 8529 variable 12466 / 100,SIDRA/PNADCT,FALSE,TRUE,FALSE,,pre,2018-11-07,2018-12-10
2016Q4,2016-10-01,2016,4,201604,4 trimestre 2016,25,PB,Paraiba,Northeast,3088000,Mil pessoas,0.121,2307,0.513,0.487,SIDRA table 6469 variable 5935,Pessoas de 14 anos ou mais de idade,1 - SIDRA table 8529 variable 12466 / 100,SIDRA/PNADCT,FALSE,TRUE,FALSE,,pre,2018-11-07,2018-12-10
2016Q4,2016-10-01,2016,4,201604,4 trimestre 2016,26,PE,Pernambuco,Northeast,7271000,Mil pessoas,0.159,2441,0.481,0.5189999999999999,SIDRA table 6469 variable 5935,Pessoas de 14 anos ou mais de idade,1 - SIDRA table 8529 variable 12466 / 100,SIDRA/PNADCT,FALSE,TRUE,FALSE,,pre,2018-11-07,2018-12-10
2016Q4,2016-10-01,2016,4,201604,4 trimestre 2016,22,PI,Piaui,Northeast,2559000,Mil pessoas,0.08900000000000001,2019,0.591,0.409,SIDRA table 6469 variable 5935,Pessoas de 14 anos ou mais de idade,1 - SIDRA table 8529 variable 12466 / 100,SIDRA/PNADCT,FALSE,TRUE,FALSE,,pre,2018-11-07,2018-12-10
2016Q4,2016-10-01,2016,4,201604,4 trimestre 2016,41,PR,Parana,South,9050000,Mil pessoas,0.08199999999999999,3579,0.331,0.669,SIDRA table 6469 variable 5935,Pessoas de 14 anos ou mais de idade,1 - SIDRA table 8529 variable 12466 / 100,SIDRA/PNADCT,FALSE,TRUE,FALSE,,pre,2018-11-07,2018-12-10
2016Q4,2016-10-01,2016,4,201604,4 trimestre 2016,33,RJ,Rio de Janeiro,Southeast,14064000,Mil pessoas,0.136,3529,0.33799999999999997,0.662,SIDRA table 6469 variable 5935,Pessoas de 14 anos ou mais de idade,1 - SIDRA table 8529 variable 12466 / 100,SIDRA/PNADCT,FALSE,TRUE,FALSE,,pre,2018-11-07,2018-12-10
2016Q4,2016-10-01,2016,4,201604,4 trimestre 2016,24,RN,Rio Grande do Norte,Northeast,2676000,Mil pessoas,0.147,2514,0.451,0.5489999999999999,SIDRA table 6469 variable 5935,Pessoas de 14 anos ou mais de idade,1 - SIDRA table 8529 variable 12466 / 100,SIDRA/PNADCT,FALSE,TRUE,FALSE,,pre,2018-11-07,2018-12-10
2016Q4,2016-10-01,2016,4,201604,4 trimestre 2016,11,RO,Rondonia,North,1267000,Mil pessoas,0.08,2538,0.493,0.507,SIDRA table 6469 variable 5935,Pessoas de 14 anos ou mais de idade,1 - SIDRA table 8529 variable 12466 / 100,SIDRA/PNADCT,FALSE,TRUE,FALSE,,pre,2018-11-07,2018-12-10
2016Q4,2016-10-01,2016,4,201604,4 trimestre 2016,14,RR,Roraima,North,360000,Mil pessoas,0.093,3189,0.417,0.583,SIDRA table 6469 variable 5935,Pessoas de 14 anos ou mais de idade,1 - SIDRA table 8529 variable 12466 / 100,SIDRA/PNADCT,TRUE,FALSE,TRUE,treated_unit,pre,2018-11-07,2018-12-10
2016Q4,2016-10-01,2016,4,201604,4 trimestre 2016,43,RS,Rio Grande do Sul,South,9084000,Mil pessoas,0.084,3550,0.32899999999999996,0.671,SIDRA table 6469 variable 5935,Pessoas de 14 anos ou mais de idade,1 - SIDRA table 8529 variable 12466 / 100,SIDRA/PNADCT,FALSE,TRUE,FALSE,,pre,2018-11-07,2018-12-10
2016Q4,2016-10-01,2016,4,201604,4 trimestre 2016,42,SC,Santa Catarina,South,5737000,Mil pessoas,0.062,3504,0.27,0.73,SIDRA table 6469 variable 5935,Pessoas de 14 anos ou mais de idade,1 - SIDRA table 8529 variable 12466 / 100,SIDRA/PNADCT,FALSE,TRUE,FALSE,,pre,2018-11-07,2018-12-10
2016Q4,2016-10-01,2016,4,201604,4 trimestre 2016,28,SE,Sergipe,Northeast,1733000,Mil pessoas,0.152,2518,0.512,0.488,SIDRA table 6469 variable 5935,Pessoas de 14 anos ou mais de idade,1 - SIDRA table 8529 variable 12466 / 100,SIDRA/PNADCT,FALSE,TRUE,FALSE,,pre,2018-11-07,2018-12-10
2016Q4,2016-10-01,2016,4,201604,4 trimestre 2016,35,SP,Sao Paulo,Southeast,36339000,Mil pessoas,0.125,4453,0.27899999999999997,0.7210000000000001,SIDRA table 6469 variable 5935,Pessoas de 14 anos ou mais de idade,1 - SIDRA table 8529 variable 12466 / 100,SIDRA/PNADCT,FALSE,TRUE,FALSE,,pre,2018-11-07,2018-12-10
2016Q4,2016-10-01,2016,4,201604,4 trimestre 2016,17,TO,Tocantins,North,1113000,Mil pessoas,0.132,2676,0.455,0.5449999999999999,SIDRA table 6469 variable 5935,Pessoas de 14 anos ou mais de idade,1 - SIDRA table 8529 variable 12466 / 100,SIDRA/PNADCT,FALSE,FALSE,TRUE,coded_rupture_in_main_estimation_window:TO_2018_01,pre,2018-11-07,2018-12-10
2017Q1,2017-01-01,2017,1,201701,1 trimestre 2017,12,AC,Acre,North,598000,Mil pessoas,0.159,2925,0.503,0.497,SIDRA table 6469 variable 5935,Pessoas de 14 anos ou mais de idade,1 - SIDRA table 8529 variable 12466 / 100,SIDRA/PNADCT,FALSE,TRUE,FALSE,,pre,2018-11-07,2018-12-10
2017Q1,2017-01-01,2017,1,201701,1 trimestre 2017,27,AL,Alagoas,Northeast,2465000,Mil pessoas,0.177,2192,0.449,0.5509999999999999,SIDRA table 6469 variable 5935,Pessoas de 14 anos ou mais de idade,1 - SIDRA table 8529 variable 12466 / 100,SIDRA/PNADCT,FALSE,TRUE,FALSE,,pre,2018-11-07,2018-12-10
2017Q1,2017-01-01,2017,1,201701,1 trimestre 2017,13,AM,Amazonas,North,2726000,Mil pessoas,0.18,2626,0.581,0.419,SIDRA table 6469 variable 5935,Pessoas de 14 anos ou mais de idade,1 - SIDRA table 8529 variable 12466 / 100,SIDRA/PNADCT,FALSE,FALSE,TRUE,coded_rupture_in_main_estimation_window:AM_2017_01,pre,2018-11-07,2018-12-10
2017Q1,2017-01-01,2017,1,201701,1 trimestre 2017,16,AP,Amapa,North,553000,Mil pessoas,0.188,3545,0.489,0.511,SIDRA table 6469 variable 5935,Pessoas de 14 anos ou mais de idade,1 - SIDRA table 8529 variable 12466 / 100,SIDRA/PNADCT,FALSE,TRUE,FALSE,,pre,2018-11-07,2018-12-10
2017Q1,2017-01-01,2017,1,201701,1 trimestre 2017,29,BA,Bahia,Northeast,11491000,Mil pessoas,0.187,2370,0.5429999999999999,0.4570000000000001,SIDRA table 6469 variable 5935,Pessoas de 14 anos ou mais de idade,1 - SIDRA table 8529 variable 12466 / 100,SIDRA/PNADCT,FALSE,TRUE,FALSE,,pre,2018-11-07,2018-12-10
2017Q1,2017-01-01,2017,1,201701,1 trimestre 2017,23,CE,Ceara,Northeast,7001000,Mil pessoas,0.145,2243,0.5379999999999999,0.4620000000000001,SIDRA table 6469 variable 5935,Pessoas de 14 anos ou mais de idade,1 - SIDRA table 8529 variable 12466 / 100,SIDRA/PNADCT,FALSE,TRUE,FALSE,,pre,2018-11-07,2018-12-10
2017Q1,2017-01-01,2017,1,201701,1 trimestre 2017,53,DF,Distrito Federal,Center-West,2277000,Mil pessoas,0.14300000000000002,6114,0.266,0.734,SIDRA table 6469 variable 5935,Pessoas de 14 anos ou mais de idade,1 - SIDRA table 8529 variable 12466 / 100,SIDRA/PNADCT,FALSE,TRUE,FALSE,,pre,2018-11-07,2018-12-10
2017Q1,2017-01-01,2017,1,201701,1 trimestre 2017,32,ES,Espirito Santo,Southeast,3115000,Mil pessoas,0.147,3398,0.39,0.61,SIDRA table 6469 variable 5935,Pessoas de 14 anos ou mais de idade,1 - SIDRA table 8529 variable 12466 / 100,SIDRA/PNADCT,FALSE,TRUE,FALSE,,pre,2018-11-07,2018-12-10
2017Q1,2017-01-01,2017,1,201701,1 trimestre 2017,52,GO,Goias,Center-West,5342000,Mil pessoas,0.128,3325,0.395,0.605,SIDRA table 6469 variable 5935,Pessoas de 14 anos ou mais de idade,1 - SIDRA table 8529 variable 12466 / 100,SIDRA/PNADCT,FALSE,TRUE,FALSE,,pre,2018-11-07,2018-12-10
2017Q1,2017-01-01,2017,1,201701,1 trimestre 2017,21,MA,Maranhao,Northeast,5022000,Mil pessoas,0.152,1850,0.642,0.358,SIDRA table 6469 variable 5935,Pessoas de 14 anos ou mais de idade,1 - SIDRA table 8529 variable 12466 / 100,SIDRA/PNADCT,FALSE,TRUE,FALSE,,pre,2018-11-07,2018-12-10
2017Q1,2017-01-01,2017,1,201701,1 trimestre 2017,31,MG,Minas Gerais,Southeast,16694000,Mil pessoas,0.138,3056,0.395,0.605,SIDRA table 6469 variable 5935,Pessoas de 14 anos ou mais de idade,1 - SIDRA table 8529 variable 12466 / 100,SIDRA/PNADCT,FALSE,TRUE,FALSE,,pre,2018-11-07,2018-12-10
2017Q1,2017-01-01,2017,1,201701,1 trimestre 2017,50,MS,Mato Grosso do Sul,Center-West,2055000,Mil pessoas,0.099,3629,0.349,0.651,SIDRA table 6469 variable 5935,Pessoas de 14 anos ou mais de idade,1 - SIDRA table 8529 variable 12466 / 100,SIDRA/PNADCT,FALSE,TRUE,FALSE,,pre,2018-11-07,2018-12-10
2017Q1,2017-01-01,2017,1,201701,1 trimestre 2017,51,MT,Mato Grosso,Center-West,2624000,Mil pessoas,0.106,3550,0.384,0.616,SIDRA table 6469 variable 5935,Pessoas de 14 anos ou mais de idade,1 - SIDRA table 8529 variable 12466 / 100,SIDRA/PNADCT,FALSE,TRUE,FALSE,,pre,2018-11-07,2018-12-10
2017Q1,2017-01-01,2017,1,201701,1 trimestre 2017,15,PA,Para,North,6113000,Mil pessoas,0.139,2329,0.619,0.381,SIDRA table 6469 variable 5935,Pessoas de 14 anos ou mais de idade,1 - SIDRA table 8529 variable 12466 / 100,SIDRA/PNADCT,FALSE,TRUE,FALSE,,pre,2018-11-07,2018-12-10
2017Q1,2017-01-01,2017,1,201701,1 trimestre 2017,25,PB,Paraiba,Northeast,3095000,Mil pessoas,0.134,2569,0.517,0.483,SIDRA table 6469 variable 5935,Pessoas de 14 anos ou mais de idade,1 - SIDRA table 8529 variable 12466 / 100,SIDRA/PNADCT,FALSE,TRUE,FALSE,,pre,2018-11-07,2018-12-10
2017Q1,2017-01-01,2017,1,201701,1 trimestre 2017,26,PE,Pernambuco,Northeast,7306000,Mil pessoas,0.173,2675,0.485,0.515,SIDRA table 6469 variable 5935,Pessoas de 14 anos ou mais de idade,1 - SIDRA table 8529 variable 12466 / 100,SIDRA/PNADCT,FALSE,TRUE,FALSE,,pre,2018-11-07,2018-12-10
2017Q1,2017-01-01,2017,1,201701,1 trimestre 2017,22,PI,Piaui,Northeast,2547000,Mil pessoas,0.128,2289,0.586,0.414,SIDRA table 6469 variable 5935,Pessoas de 14 anos ou mais de idade,1 - SIDRA table 8529 variable 12466 / 100,SIDRA/PNADCT,FALSE,TRUE,FALSE,,pre,2018-11-07,2018-12-10
2017Q1,2017-01-01,2017,1,201701,1 trimestre 2017,41,PR,Parana,South,9087000,Mil pessoas,0.104,3810,0.337,0.663,SIDRA table 6469 variable 5935,Pessoas de 14 anos ou mais de idade,1 - SIDRA table 8529 variable 12466 / 100,SIDRA/PNADCT,FALSE,TRUE,FALSE,,pre,2018-11-07,2018-12-10
2017Q1,2017-01-01,2017,1,201701,1 trimestre 2017,33,RJ,Rio de Janeiro,Southeast,14157000,Mil pessoas,0.146,3770,0.348,0.652,SIDRA table 6469 variable 5935,Pessoas de 14 anos ou mais de idade,1 - SIDRA table 8529 variable 12466 / 100,SIDRA/PNADCT,FALSE,TRUE,FALSE,,pre,2018-11-07,2018-12-10
2017Q1,2017-01-01,2017,1,201701,1 trimestre 2017,24,RN,Rio Grande do Norte,Northeast,2670000,Mil pessoas,0.165,2763,0.454,0.546,SIDRA table 6469 variable 5935,Pessoas de 14 anos ou mais de idade,1 - SIDRA table 8529 variable 12466 / 100,SIDRA/PNADCT,FALSE,TRUE,FALSE,,pre,2018-11-07,2018-12-10
2017Q1,2017-01-01,2017,1,201701,1 trimestre 2017,11,RO,Rondonia,North,1275000,Mil pessoas,0.081,2638,0.49700000000000005,0.5029999999999999,SIDRA table 6469 variable 5935,Pessoas de 14 anos ou mais de idade,1 - SIDRA table 8529 variable 12466 / 100,SIDRA/PNADCT,FALSE,TRUE,FALSE,,pre,2018-11-07,2018-12-10
2017Q1,2017-01-01,2017,1,201701,1 trimestre 2017,14,RR,Roraima,North,366000,Mil pessoas,0.104,3399,0.43700000000000006,0.563,SIDRA table 6469 variable 5935,Pessoas de 14 anos ou mais de idade,1 - SIDRA table 8529 variable 12466 / 100,SIDRA/PNADCT,TRUE,FALSE,TRUE,treated_unit,pre,2018-11-07,2018-12-10
2017Q1,2017-01-01,2017,1,201701,1 trimestre 2017,43,RS,Rio Grande do Sul,South,9117000,Mil pessoas,0.092,3920,0.326,0.6739999999999999,SIDRA table 6469 variable 5935,Pessoas de 14 anos ou mais de idade,1 - SIDRA table 8529 variable 12466 / 100,SIDRA/PNADCT,FALSE,TRUE,FALSE,,pre,2018-11-07,2018-12-10
2017Q1,2017-01-01,2017,1,201701,1 trimestre 2017,42,SC,Santa Catarina,South,5788000,Mil pessoas,0.079,3796,0.273,0.727,SIDRA table 6469 variable 5935,Pessoas de 14 anos ou mais de idade,1 - SIDRA table 8529 variable 12466 / 100,SIDRA/PNADCT,FALSE,TRUE,FALSE,,pre,2018-11-07,2018-12-10
2017Q1,2017-01-01,2017,1,201701,1 trimestre 2017,28,SE,Sergipe,Northeast,1730000,Mil pessoas,0.163,2744,0.495,0.505,SIDRA table 6469 variable 5935,Pessoas de 14 anos ou mais de idade,1 - SIDRA table 8529 variable 12466 / 100,SIDRA/PNADCT,FALSE,TRUE,FALSE,,pre,2018-11-07,2018-12-10
2017Q1,2017-01-01,2017,1,201701,1 trimestre 2017,35,SP,Sao Paulo,Southeast,36195000,Mil pessoas,0.14400000000000002,4742,0.28300000000000003,0.717,SIDRA table 6469 variable 5935,Pessoas de 14 anos ou mais de idade,1 - SIDRA table 8529 variable 12466 / 100,SIDRA/PNADCT,FALSE,TRUE,FALSE,,pre,2018-11-07,2018-12-10
2017Q1,2017-01-01,2017,1,201701,1 trimestre 2017,17,TO,Tocantins,North,1120000,Mil pessoas,0.127,2773,0.439,0.5609999999999999,SIDRA table 6469 variable 5935,Pessoas de 14 anos ou mais de idade,1 - SIDRA table 8529 variable 12466 / 100,SIDRA/PNADCT,FALSE,FALSE,TRUE,coded_rupture_in_main_estimation_window:TO_2018_01,pre,2018-11-07,2018-12-10
2017Q2,2017-04-01,2017,2,201702,2 trimestre 2017,12,AC,Acre,North,597000,Mil pessoas,0.15,2582,0.503,0.497,SIDRA table 6469 variable 5935,Pessoas de 14 anos ou mais de idade,1 - SIDRA table 8529 variable 12466 / 100,SIDRA/PNADCT,FALSE,TRUE,FALSE,,pre,2018-11-07,2018-12-10
2017Q2,2017-04-01,2017,2,201702,2 trimestre 2017,27,AL,Alagoas,Northeast,2471000,Mil pessoas,0.18,1990,0.476,0.524,SIDRA table 6469 variable 5935,Pessoas de 14 anos ou mais de idade,1 - SIDRA table 8529 variable 12466 / 100,SIDRA/PNADCT,FALSE,TRUE,FALSE,,pre,2018-11-07,2018-12-10
2017Q2,2017-04-01,2017,2,201702,2 trimestre 2017,13,AM,Amazonas,North,2748000,Mil pessoas,0.156,2580,0.573,0.4270000000000001,SIDRA table 6469 variable 5935,Pessoas de 14 anos ou mais de idade,1 - SIDRA table 8529 variable 12466 / 100,SIDRA/PNADCT,FALSE,FALSE,TRUE,coded_rupture_in_main_estimation_window:AM_2017_01,pre,2018-11-07,2018-12-10
2017Q2,2017-04-01,2017,2,201702,2 trimestre 2017,16,AP,Amapa,North,552000,Mil pessoas,0.17600000000000002,3362,0.482,0.518,SIDRA table 6469 variable 5935,Pessoas de 14 anos ou mais de idade,1 - SIDRA table 8529 variable 12466 / 100,SIDRA/PNADCT,FALSE,TRUE,FALSE,,pre,2018-11-07,2018-12-10
2017Q2,2017-04-01,2017,2,201702,2 trimestre 2017,29,BA,Bahia,Northeast,11440000,Mil pessoas,0.17600000000000002,2152,0.55,0.45,SIDRA table 6469 variable 5935,Pessoas de 14 anos ou mais de idade,1 - SIDRA table 8529 variable 12466 / 100,SIDRA/PNADCT,FALSE,TRUE,FALSE,,pre,2018-11-07,2018-12-10
2017Q2,2017-04-01,2017,2,201702,2 trimestre 2017,23,CE,Ceara,Northeast,7030000,Mil pessoas,0.133,2071,0.5429999999999999,0.4570000000000001,SIDRA table 6469 variable 5935,Pessoas de 14 anos ou mais de idade,1 - SIDRA table 8529 variable 12466 / 100,SIDRA/PNADCT,FALSE,TRUE,FALSE,,pre,2018-11-07,2018-12-10
2017Q2,2017-04-01,2017,2,201702,2 trimestre 2017,53,DF,Distrito Federal,Center-West,2287000,Mil pessoas,0.133,5708,0.273,0.727,SIDRA table 6469 variable 5935,Pessoas de 14 anos ou mais de idade,1 - SIDRA table 8529 variable 12466 / 100,SIDRA/PNADCT,FALSE,TRUE,FALSE,,pre,2018-11-07,2018-12-10
2017Q2,2017-04-01,2017,2,201702,2 trimestre 2017,32,ES,Espirito Santo,Southeast,3119000,Mil pessoas,0.135,3086,0.406,0.594,SIDRA table 6469 variable 5935,Pessoas de 14 anos ou mais de idade,1 - SIDRA table 8529 variable 12466 / 100,SIDRA/PNADCT,FALSE,TRUE,FALSE,,pre,2018-11-07,2018-12-10
2017Q2,2017-04-01,2017,2,201702,2 trimestre 2017,52,GO,Goias,Center-West,5375000,Mil pessoas,0.111,3025,0.407,0.593,SIDRA table 6469 variable 5935,Pessoas de 14 anos ou mais de idade,1 - SIDRA table 8529 variable 12466 / 100,SIDRA/PNADCT,FALSE,TRUE,FALSE,,pre,2018-11-07,2018-12-10
2017Q2,2017-04-01,2017,2,201702,2 trimestre 2017,21,MA,Maranhao,Northeast,5037000,Mil pessoas,0.14800000000000002,1830,0.616,0.384,SIDRA table 6469 variable 5935,Pessoas de 14 anos ou mais de idade,1 - SIDRA table 8529 variable 12466 / 100,SIDRA/PNADCT,FALSE,TRUE,FALSE,,pre,2018-11-07,2018-12-10
2017Q2,2017-04-01,2017,2,201702,2 trimestre 2017,31,MG,Minas Gerais,Southeast,16752000,Mil pessoas,0.122,2754,0.397,0.603,SIDRA table 6469 variable 5935,Pessoas de 14 anos ou mais de idade,1 - SIDRA table 8529 variable 12466 / 100,SIDRA/PNADCT,FALSE,TRUE,FALSE,,pre,2018-11-07,2018-12-10
2017Q2,2017-04-01,2017,2,201702,2 trimestre 2017,50,MS,Mato Grosso do Sul,Center-West,2062000,Mil pessoas,0.09,3231,0.35,0.65,SIDRA table 6469 variable 5935,Pessoas de 14 anos ou mais de idade,1 - SIDRA table 8529 variable 12466 / 100,SIDRA/PNADCT,FALSE,TRUE,FALSE,,pre,2018-11-07,2018-12-10
2017Q2,2017-04-01,2017,2,201702,2 trimestre 2017,51,MT,Mato Grosso,Center-West,2607000,Mil pessoas,0.087,3230,0.387,0.613,SIDRA table 6469 variable 5935,Pessoas de 14 anos ou mais de idade,1 - SIDRA table 8529 variable 12466 / 100,SIDRA/PNADCT,FALSE,TRUE,FALSE,,pre,2018-11-07,2018-12-10
2017Q2,2017-04-01,2017,2,201702,2 trimestre 2017,15,PA,Para,North,6132000,Mil pessoas,0.115,2028,0.625,0.375,SIDRA table 6469 variable 5935,Pessoas de 14 anos ou mais de idade,1 - SIDRA table 8529 variable 12466 / 100,SIDRA/PNADCT,FALSE,TRUE,FALSE,,pre,2018-11-07,2018-12-10
2017Q2,2017-04-01,2017,2,201702,2 trimestre 2017,25,PB,Paraiba,Northeast,3110000,Mil pessoas,0.115,2289,0.517,0.483,SIDRA table 6469 variable 5935,Pessoas de 14 anos ou mais de idade,1 - SIDRA table 8529 variable 12466 / 100,SIDRA/PNADCT,FALSE,TRUE,FALSE,,pre,2018-11-07,2018-12-10
2017Q2,2017-04-01,2017,2,201702,2 trimestre 2017,26,PE,Pernambuco,Northeast,7321000,Mil pessoas,0.19,2486,0.482,0.518,SIDRA table 6469 variable 5935,Pessoas de 14 anos ou mais de idade,1 - SIDRA table 8529 variable 12466 / 100,SIDRA/PNADCT,FALSE,TRUE,FALSE,,pre,2018-11-07,2018-12-10
2017Q2,2017-04-01,2017,2,201702,2 trimestre 2017,22,PI,Piaui,Northeast,2560000,Mil pessoas,0.136,2050,0.579,0.421,SIDRA table 6469 variable 5935,Pessoas de 14 anos ou mais de idade,1 - SIDRA table 8529 variable 12466 / 100,SIDRA/PNADCT,FALSE,TRUE,FALSE,,pre,2018-11-07,2018-12-10
2017Q2,2017-04-01,2017,2,201702,2 trimestre 2017,41,PR,Parana,South,9072000,Mil pessoas,0.08900000000000001,3425,0.34,0.6599999999999999,SIDRA table 6469 variable 5935,Pessoas de 14 anos ou mais de idade,1 - SIDRA table 8529 variable 12466 / 100,SIDRA/PNADCT,FALSE,TRUE,FALSE,,pre,2018-11-07,2018-12-10
2017Q2,2017-04-01,2017,2,201702,2 trimestre 2017,33,RJ,Rio de Janeiro,Southeast,14238000,Mil pessoas,0.158,3405,0.35200000000000004,0.6479999999999999,SIDRA table 6469 variable 5935,Pessoas de 14 anos ou mais de idade,1 - SIDRA table 8529 variable 12466 / 100,SIDRA/PNADCT,FALSE,TRUE,FALSE,,pre,2018-11-07,2018-12-10
2017Q2,2017-04-01,2017,2,201702,2 trimestre 2017,24,RN,Rio Grande do Norte,Northeast,2666000,Mil pessoas,0.158,2352,0.459,0.541,SIDRA table 6469 variable 5935,Pessoas de 14 anos ou mais de idade,1 - SIDRA table 8529 variable 12466 / 100,SIDRA/PNADCT,FALSE,TRUE,FALSE,,pre,2018-11-07,2018-12-10
2017Q2,2017-04-01,2017,2,201702,2 trimestre 2017,11,RO,Rondonia,North,1285000,Mil pessoas,0.091,2526,0.508,0.492,SIDRA table 6469 variable 5935,Pessoas de 14 anos ou mais de idade,1 - SIDRA table 8529 variable 12466 / 100,SIDRA/PNADCT,FALSE,TRUE,FALSE,,pre,2018-11-07,2018-12-10
2017Q2,2017-04-01,2017,2,201702,2 trimestre 2017,14,RR,Roraima,North,367000,Mil pessoas,0.109,3052,0.436,0.5640000000000001,SIDRA table 6469 variable 5935,Pessoas de 14 anos ou mais de idade,1 - SIDRA table 8529 variable 12466 / 100,SIDRA/PNADCT,TRUE,FALSE,TRUE,treated_unit,pre,2018-11-07,2018-12-10
2017Q2,2017-04-01,2017,2,201702,2 trimestre 2017,43,RS,Rio Grande do Sul,South,9103000,Mil pessoas,0.086,3527,0.33899999999999997,0.661,SIDRA table 6469 variable 5935,Pessoas de 14 anos ou mais de idade,1 - SIDRA table 8529 variable 12466 / 100,SIDRA/PNADCT,FALSE,TRUE,FALSE,,pre,2018-11-07,2018-12-10
2017Q2,2017-04-01,2017,2,201702,2 trimestre 2017,42,SC,Santa Catarina,South,5791000,Mil pessoas,0.075,3473,0.271,0.729,SIDRA table 6469 variable 5935,Pessoas de 14 anos ou mais de idade,1 - SIDRA table 8529 variable 12466 / 100,SIDRA/PNADCT,FALSE,TRUE,FALSE,,pre,2018-11-07,2018-12-10
2017Q2,2017-04-01,2017,2,201702,2 trimestre 2017,28,SE,Sergipe,Northeast,1734000,Mil pessoas,0.14300000000000002,2405,0.523,0.477,SIDRA table 6469 variable 5935,Pessoas de 14 anos ou mais de idade,1 - SIDRA table 8529 variable 12466 / 100,SIDRA/PNADCT,FALSE,TRUE,FALSE,,pre,2018-11-07,2018-12-10
2017Q2,2017-04-01,2017,2,201702,2 trimestre 2017,35,SP,Sao Paulo,Southeast,36352000,Mil pessoas,0.136,4199,0.29100000000000004,0.709,SIDRA table 6469 variable 5935,Pessoas de 14 anos ou mais de idade,1 - SIDRA table 8529 variable 12466 / 100,SIDRA/PNADCT,FALSE,TRUE,FALSE,,pre,2018-11-07,2018-12-10
2017Q2,2017-04-01,2017,2,201702,2 trimestre 2017,17,TO,Tocantins,North,1126000,Mil pessoas,0.117,2667,0.4320000000000001,0.568,SIDRA table 6469 variable 5935,Pessoas de 14 anos ou mais de idade,1 - SIDRA table 8529 variable 12466 / 100,SIDRA/PNADCT,FALSE,FALSE,TRUE,coded_rupture_in_main_estimation_window:TO_2018_01,pre,2018-11-07,2018-12-10
2017Q3,2017-07-01,2017,3,201703,3 trimestre 2017,12,AC,Acre,North,597000,Mil pessoas,0.13699999999999998,2567,0.516,0.484,SIDRA table 6469 variable 5935,Pessoas de 14 anos ou mais de idade,1 - SIDRA table 8529 variable 12466 / 100,SIDRA/PNADCT,FALSE,TRUE,FALSE,,pre,2018-11-07,2018-12-10
2017Q3,2017-07-01,2017,3,201703,3 trimestre 2017,27,AL,Alagoas,Northeast,2477000,Mil pessoas,0.161,1935,0.48,0.52,SIDRA table 6469 variable 5935,Pessoas de 14 anos ou mais de idade,1 - SIDRA table 8529 variable 12466 / 100,SIDRA/PNADCT,FALSE,TRUE,FALSE,,pre,2018-11-07,2018-12-10
2017Q3,2017-07-01,2017,3,201703,3 trimestre 2017,13,AM,Amazonas,North,2770000,Mil pessoas,0.163,2631,0.539,0.461,SIDRA table 6469 variable 5935,Pessoas de 14 anos ou mais de idade,1 - SIDRA table 8529 variable 12466 / 100,SIDRA/PNADCT,FALSE,FALSE,TRUE,coded_rupture_in_main_estimation_window:AM_2017_01,pre,2018-11-07,2018-12-10
2017Q3,2017-07-01,2017,3,201703,3 trimestre 2017,16,AP,Amapa,North,558000,Mil pessoas,0.17,3460,0.498,0.502,SIDRA table 6469 variable 5935,Pessoas de 14 anos ou mais de idade,1 - SIDRA table 8529 variable 12466 / 100,SIDRA/PNADCT,FALSE,TRUE,FALSE,,pre,2018-11-07,2018-12-10
2017Q3,2017-07-01,2017,3,201703,3 trimestre 2017,29,BA,Bahia,Northeast,11485000,Mil pessoas,0.168,2061,0.547,0.453,SIDRA table 6469 variable 5935,Pessoas de 14 anos ou mais de idade,1 - SIDRA table 8529 variable 12466 / 100,SIDRA/PNADCT,FALSE,TRUE,FALSE,,pre,2018-11-07,2018-12-10
2017Q3,2017-07-01,2017,3,201703,3 trimestre 2017,23,CE,Ceara,Northeast,7034000,Mil pessoas,0.119,2131,0.5479999999999999,0.45200000000000007,SIDRA table 6469 variable 5935,Pessoas de 14 anos ou mais de idade,1 - SIDRA table 8529 variable 12466 / 100,SIDRA/PNADCT,FALSE,TRUE,FALSE,,pre,2018-11-07,2018-12-10
2017Q3,2017-07-01,2017,3,201703,3 trimestre 2017,53,DF,Distrito Federal,Center-West,2302000,Mil pessoas,0.123,5774,0.28600000000000003,0.714,SIDRA table 6469 variable 5935,Pessoas de 14 anos ou mais de idade,1 - SIDRA table 8529 variable 12466 / 100,SIDRA/PNADCT,FALSE,TRUE,FALSE,,pre,2018-11-07,2018-12-10
2017Q3,2017-07-01,2017,3,201703,3 trimestre 2017,32,ES,Espirito Santo,Southeast,3120000,Mil pessoas,0.132,3050,0.408,0.5920000000000001,SIDRA table 6469 variable 5935,Pessoas de 14 anos ou mais de idade,1 - SIDRA table 8529 variable 12466 / 100,SIDRA/PNADCT,FALSE,TRUE,FALSE,,pre,2018-11-07,2018-12-10
2017Q3,2017-07-01,2017,3,201703,3 trimestre 2017,52,GO,Goias,Center-West,5423000,Mil pessoas,0.093,3056,0.408,0.5920000000000001,SIDRA table 6469 variable 5935,Pessoas de 14 anos ou mais de idade,1 - SIDRA table 8529 variable 12466 / 100,SIDRA/PNADCT,FALSE,TRUE,FALSE,,pre,2018-11-07,2018-12-10
2017Q3,2017-07-01,2017,3,201703,3 trimestre 2017,21,MA,Maranhao,Northeast,5065000,Mil pessoas,0.146,1896,0.61,0.39,SIDRA table 6469 variable 5935,Pessoas de 14 anos ou mais de idade,1 - SIDRA table 8529 variable 12466 / 100,SIDRA/PNADCT,FALSE,TRUE,FALSE,,pre,2018-11-07,2018-12-10
2017Q3,2017-07-01,2017,3,201703,3 trimestre 2017,31,MG,Minas Gerais,Southeast,16772000,Mil pessoas,0.123,2836,0.397,0.603,SIDRA table 6469 variable 5935,Pessoas de 14 anos ou mais de idade,1 - SIDRA table 8529 variable 12466 / 100,SIDRA/PNADCT,FALSE,TRUE,FALSE,,pre,2018-11-07,2018-12-10
2017Q3,2017-07-01,2017,3,201703,3 trimestre 2017,50,MS,Mato Grosso do Sul,Center-West,2055000,Mil pessoas,0.08,3322,0.35700000000000004,0.643,SIDRA table 6469 variable 5935,Pessoas de 14 anos ou mais de idade,1 - SIDRA table 8529 variable 12466 / 100,SIDRA/PNADCT,FALSE,TRUE,FALSE,,pre,2018-11-07,2018-12-10
2017Q3,2017-07-01,2017,3,201703,3 trimestre 2017,51,MT,Mato Grosso,Center-West,2641000,Mil pessoas,0.095,3316,0.377,0.623,SIDRA table 6469 variable 5935,Pessoas de 14 anos ou mais de idade,1 - SIDRA table 8529 variable 12466 / 100,SIDRA/PNADCT,FALSE,TRUE,FALSE,,pre,2018-11-07,2018-12-10
2017Q3,2017-07-01,2017,3,201703,3 trimestre 2017,15,PA,Para,North,6189000,Mil pessoas,0.111,2130,0.615,0.385,SIDRA table 6469 variable 5935,Pessoas de 14 anos ou mais de idade,1 - SIDRA table 8529 variable 12466 / 100,SIDRA/PNADCT,FALSE,TRUE,FALSE,,pre,2018-11-07,2018-12-10
2017Q3,2017-07-01,2017,3,201703,3 trimestre 2017,25,PB,Paraiba,Northeast,3109000,Mil pessoas,0.109,2305,0.522,0.478,SIDRA table 6469 variable 5935,Pessoas de 14 anos ou mais de idade,1 - SIDRA table 8529 variable 12466 / 100,SIDRA/PNADCT,FALSE,TRUE,FALSE,,pre,2018-11-07,2018-12-10
2017Q3,2017-07-01,2017,3,201703,3 trimestre 2017,26,PE,Pernambuco,Northeast,7345000,Mil pessoas,0.181,2550,0.494,0.506,SIDRA table 6469 variable 5935,Pessoas de 14 anos ou mais de idade,1 - SIDRA table 8529 variable 12466 / 100,SIDRA/PNADCT,FALSE,TRUE,FALSE,,pre,2018-11-07,2018-12-10
2017Q3,2017-07-01,2017,3,201703,3 trimestre 2017,22,PI,Piaui,Northeast,2559000,Mil pessoas,0.122,2033,0.594,0.406,SIDRA table 6469 variable 5935,Pessoas de 14 anos ou mais de idade,1 - SIDRA table 8529 variable 12466 / 100,SIDRA/PNADCT,FALSE,TRUE,FALSE,,pre,2018-11-07,2018-12-10
2017Q3,2017-07-01,2017,3,201703,3 trimestre 2017,41,PR,Parana,South,9109000,Mil pessoas,0.085,3463,0.345,0.655,SIDRA table 6469 variable 5935,Pessoas de 14 anos ou mais de idade,1 - SIDRA table 8529 variable 12466 / 100,SIDRA/PNADCT,FALSE,TRUE,FALSE,,pre,2018-11-07,2018-12-10
2017Q3,2017-07-01,2017,3,201703,3 trimestre 2017,33,RJ,Rio de Janeiro,Southeast,14200000,Mil pessoas,0.146,3455,0.37,0.63,SIDRA table 6469 variable 5935,Pessoas de 14 anos ou mais de idade,1 - SIDRA table 8529 variable 12466 / 100,SIDRA/PNADCT,FALSE,TRUE,FALSE,,pre,2018-11-07,2018-12-10
2017Q3,2017-07-01,2017,3,201703,3 trimestre 2017,24,RN,Rio Grande do Norte,Northeast,2662000,Mil pessoas,0.139,2328,0.479,0.521,SIDRA table 6469 variable 5935,Pessoas de 14 anos ou mais de idade,1 - SIDRA table 8529 variable 12466 / 100,SIDRA/PNADCT,FALSE,TRUE,FALSE,,pre,2018-11-07,2018-12-10
2017Q3,2017-07-01,2017,3,201703,3 trimestre 2017,11,RO,Rondonia,North,1291000,Mil pessoas,0.08199999999999999,2634,0.49700000000000005,0.5029999999999999,SIDRA table 6469 variable 5935,Pessoas de 14 anos ou mais de idade,1 - SIDRA table 8529 variable 12466 / 100,SIDRA/PNADCT,FALSE,TRUE,FALSE,,pre,2018-11-07,2018-12-10
2017Q3,2017-07-01,2017,3,201703,3 trimestre 2017,14,RR,Roraima,North,368000,Mil pessoas,0.092,3213,0.4429999999999999,0.557,SIDRA table 6469 variable 5935,Pessoas de 14 anos ou mais de idade,1 - SIDRA table 8529 variable 12466 / 100,SIDRA/PNADCT,TRUE,FALSE,TRUE,treated_unit,pre,2018-11-07,2018-12-10
2017Q3,2017-07-01,2017,3,201703,3 trimestre 2017,43,RS,Rio Grande do Sul,South,9098000,Mil pessoas,0.08199999999999999,3561,0.34299999999999997,0.657,SIDRA table 6469 variable 5935,Pessoas de 14 anos ou mais de idade,1 - SIDRA table 8529 variable 12466 / 100,SIDRA/PNADCT,FALSE,TRUE,FALSE,,pre,2018-11-07,2018-12-10
2017Q3,2017-07-01,2017,3,201703,3 trimestre 2017,42,SC,Santa Catarina,South,5826000,Mil pessoas,0.068,3547,0.276,0.724,SIDRA table 6469 variable 5935,Pessoas de 14 anos ou mais de idade,1 - SIDRA table 8529 variable 12466 / 100,SIDRA/PNADCT,FALSE,TRUE,FALSE,,pre,2018-11-07,2018-12-10
2017Q3,2017-07-01,2017,3,201703,3 trimestre 2017,28,SE,Sergipe,Northeast,1724000,Mil pessoas,0.139,2314,0.519,0.481,SIDRA table 6469 variable 5935,Pessoas de 14 anos ou mais de idade,1 - SIDRA table 8529 variable 12466 / 100,SIDRA/PNADCT,FALSE,TRUE,FALSE,,pre,2018-11-07,2018-12-10
2017Q3,2017-07-01,2017,3,201703,3 trimestre 2017,35,SP,Sao Paulo,Southeast,36414000,Mil pessoas,0.133,4234,0.299,0.7010000000000001,SIDRA table 6469 variable 5935,Pessoas de 14 anos ou mais de idade,1 - SIDRA table 8529 variable 12466 / 100,SIDRA/PNADCT,FALSE,TRUE,FALSE,,pre,2018-11-07,2018-12-10
2017Q3,2017-07-01,2017,3,201703,3 trimestre 2017,17,TO,Tocantins,North,1136000,Mil pessoas,0.119,2626,0.411,0.589,SIDRA table 6469 variable 5935,Pessoas de 14 anos ou mais de idade,1 - SIDRA table 8529 variable 12466 / 100,SIDRA/PNADCT,FALSE,FALSE,TRUE,coded_rupture_in_main_estimation_window:TO_2018_01,pre,2018-11-07,2018-12-10
2017Q4,2017-10-01,2017,4,201704,4 trimestre 2017,12,AC,Acre,North,596000,Mil pessoas,0.123,2506,0.536,0.464,SIDRA table 6469 variable 5935,Pessoas de 14 anos ou mais de idade,1 - SIDRA table 8529 variable 12466 / 100,SIDRA/PNADCT,FALSE,TRUE,FALSE,,pre,2018-11-07,2018-12-10
2017Q4,2017-10-01,2017,4,201704,4 trimestre 2017,27,AL,Alagoas,Northeast,2478000,Mil pessoas,0.158,2060,0.44,0.56,SIDRA table 6469 variable 5935,Pessoas de 14 anos ou mais de idade,1 - SIDRA table 8529 variable 12466 / 100,SIDRA/PNADCT,FALSE,TRUE,FALSE,,pre,2018-11-07,2018-12-10
2017Q4,2017-10-01,2017,4,201704,4 trimestre 2017,13,AM,Amazonas,North,2803000,Mil pessoas,0.136,2869,0.5479999999999999,0.45200000000000007,SIDRA table 6469 variable 5935,Pessoas de 14 anos ou mais de idade,1 - SIDRA table 8529 variable 12466 / 100,SIDRA/PNADCT,FALSE,FALSE,TRUE,coded_rupture_in_main_estimation_window:AM_2017_01,pre,2018-11-07,2018-12-10
2017Q4,2017-10-01,2017,4,201704,4 trimestre 2017,16,AP,Amapa,North,555000,Mil pessoas,0.18899999999999997,2969,0.5329999999999999,0.4670000000000001,SIDRA table 6469 variable 5935,Pessoas de 14 anos ou mais de idade,1 - SIDRA table 8529 variable 12466 / 100,SIDRA/PNADCT,FALSE,TRUE,FALSE,,pre,2018-11-07,2018-12-10
2017Q4,2017-10-01,2017,4,201704,4 trimestre 2017,29,BA,Bahia,Northeast,11441000,Mil pessoas,0.151,2347,0.5489999999999999,0.45100000000000007,SIDRA table 6469 variable 5935,Pessoas de 14 anos ou mais de idade,1 - SIDRA table 8529 variable 12466 / 100,SIDRA/PNADCT,FALSE,TRUE,FALSE,,pre,2018-11-07,2018-12-10
2017Q4,2017-10-01,2017,4,201704,4 trimestre 2017,23,CE,Ceara,Northeast,7048000,Mil pessoas,0.112,2246,0.55,0.45,SIDRA table 6469 variable 5935,Pessoas de 14 anos ou mais de idade,1 - SIDRA table 8529 variable 12466 / 100,SIDRA/PNADCT,FALSE,TRUE,FALSE,,pre,2018-11-07,2018-12-10
2017Q4,2017-10-01,2017,4,201704,4 trimestre 2017,53,DF,Distrito Federal,Center-West,2314000,Mil pessoas,0.134,6111,0.278,0.722,SIDRA table 6469 variable 5935,Pessoas de 14 anos ou mais de idade,1 - SIDRA table 8529 variable 12466 / 100,SIDRA/PNADCT,FALSE,TRUE,FALSE,,pre,2018-11-07,2018-12-10
2017Q4,2017-10-01,2017,4,201704,4 trimestre 2017,32,ES,Espirito Santo,Southeast,3107000,Mil pessoas,0.118,3154,0.406,0.594,SIDRA table 6469 variable 5935,Pessoas de 14 anos ou mais de idade,1 - SIDRA table 8529 variable 12466 / 100,SIDRA/PNADCT,FALSE,TRUE,FALSE,,pre,2018-11-07,2018-12-10
2017Q4,2017-10-01,2017,4,201704,4 trimestre 2017,52,GO,Goias,Center-West,5445000,Mil pessoas,0.095,3239,0.402,0.598,SIDRA table 6469 variable 5935,Pessoas de 14 anos ou mais de idade,1 - SIDRA table 8529 variable 12466 / 100,SIDRA/PNADCT,FALSE,TRUE,FALSE,,pre,2018-11-07,2018-12-10
2017Q4,2017-10-01,2017,4,201704,4 trimestre 2017,21,MA,Maranhao,Northeast,5084000,Mil pessoas,0.135,1908,0.607,0.393,SIDRA table 6469 variable 5935,Pessoas de 14 anos ou mais de idade,1 - SIDRA table 8529 variable 12466 / 100,SIDRA/PNADCT,FALSE,TRUE,FALSE,,pre,2018-11-07,2018-12-10
2017Q4,2017-10-01,2017,4,201704,4 trimestre 2017,31,MG,Minas Gerais,Southeast,16871000,Mil pessoas,0.107,2964,0.392,0.608,SIDRA table 6469 variable 5935,Pessoas de 14 anos ou mais de idade,1 - SIDRA table 8529 variable 12466 / 100,SIDRA/PNADCT,FALSE,TRUE,FALSE,,pre,2018-11-07,2018-12-10
2017Q4,2017-10-01,2017,4,201704,4 trimestre 2017,50,MS,Mato Grosso do Sul,Center-West,2070000,Mil pessoas,0.07400000000000001,3323,0.373,0.627,SIDRA table 6469 variable 5935,Pessoas de 14 anos ou mais de idade,1 - SIDRA table 8529 variable 12466 / 100,SIDRA/PNADCT,FALSE,TRUE,FALSE,,pre,2018-11-07,2018-12-10
2017Q4,2017-10-01,2017,4,201704,4 trimestre 2017,51,MT,Mato Grosso,Center-West,2655000,Mil pessoas,0.07400000000000001,3326,0.371,0.629,SIDRA table 6469 variable 5935,Pessoas de 14 anos ou mais de idade,1 - SIDRA table 8529 variable 12466 / 100,SIDRA/PNADCT,FALSE,TRUE,FALSE,,pre,2018-11-07,2018-12-10
2017Q4,2017-10-01,2017,4,201704,4 trimestre 2017,15,PA,Para,North,6208000,Mil pessoas,0.107,2112,0.616,0.384,SIDRA table 6469 variable 5935,Pessoas de 14 anos ou mais de idade,1 - SIDRA table 8529 variable 12466 / 100,SIDRA/PNADCT,FALSE,TRUE,FALSE,,pre,2018-11-07,2018-12-10
2017Q4,2017-10-01,2017,4,201704,4 trimestre 2017,25,PB,Paraiba,Northeast,3124000,Mil pessoas,0.102,2470,0.518,0.482,SIDRA table 6469 variable 5935,Pessoas de 14 anos ou mais de idade,1 - SIDRA table 8529 variable 12466 / 100,SIDRA/PNADCT,FALSE,TRUE,FALSE,,pre,2018-11-07,2018-12-10
2017Q4,2017-10-01,2017,4,201704,4 trimestre 2017,26,PE,Pernambuco,Northeast,7369000,Mil pessoas,0.17,2440,0.484,0.516,SIDRA table 6469 variable 5935,Pessoas de 14 anos ou mais de idade,1 - SIDRA table 8529 variable 12466 / 100,SIDRA/PNADCT,FALSE,TRUE,FALSE,,pre,2018-11-07,2018-12-10
2017Q4,2017-10-01,2017,4,201704,4 trimestre 2017,22,PI,Piaui,Northeast,2557000,Mil pessoas,0.134,2042,0.5820000000000001,0.4179999999999999,SIDRA table 6469 variable 5935,Pessoas de 14 anos ou mais de idade,1 - SIDRA table 8529 variable 12466 / 100,SIDRA/PNADCT,FALSE,TRUE,FALSE,,pre,2018-11-07,2018-12-10
2017Q4,2017-10-01,2017,4,201704,4 trimestre 2017,41,PR,Parana,South,9131000,Mil pessoas,0.083,3604,0.35600000000000004,0.6439999999999999,SIDRA table 6469 variable 5935,Pessoas de 14 anos ou mais de idade,1 - SIDRA table 8529 variable 12466 / 100,SIDRA/PNADCT,FALSE,TRUE,FALSE,,pre,2018-11-07,2018-12-10
2017Q4,2017-10-01,2017,4,201704,4 trimestre 2017,33,RJ,Rio de Janeiro,Southeast,14218000,Mil pessoas,0.152,3519,0.365,0.635,SIDRA table 6469 variable 5935,Pessoas de 14 anos ou mais de idade,1 - SIDRA table 8529 variable 12466 / 100,SIDRA/PNADCT,FALSE,TRUE,FALSE,,pre,2018-11-07,2018-12-10
2017Q4,2017-10-01,2017,4,201704,4 trimestre 2017,24,RN,Rio Grande do Norte,Northeast,2680000,Mil pessoas,0.124,2276,0.482,0.518,SIDRA table 6469 variable 5935,Pessoas de 14 anos ou mais de idade,1 - SIDRA table 8529 variable 12466 / 100,SIDRA/PNADCT,FALSE,TRUE,FALSE,,pre,2018-11-07,2018-12-10
2017Q4,2017-10-01,2017,4,201704,4 trimestre 2017,11,RO,Rondonia,North,1305000,Mil pessoas,0.076,2694,0.488,0.512,SIDRA table 6469 variable 5935,Pessoas de 14 anos ou mais de idade,1 - SIDRA table 8529 variable 12466 / 100,SIDRA/PNADCT,FALSE,TRUE,FALSE,,pre,2018-11-07,2018-12-10
2017Q4,2017-10-01,2017,4,201704,4 trimestre 2017,14,RR,Roraima,North,369000,Mil pessoas,0.096,3165,0.445,0.5549999999999999,SIDRA table 6469 variable 5935,Pessoas de 14 anos ou mais de idade,1 - SIDRA table 8529 variable 12466 / 100,SIDRA/PNADCT,TRUE,FALSE,TRUE,treated_unit,pre,2018-11-07,2018-12-10
2017Q4,2017-10-01,2017,4,201704,4 trimestre 2017,43,RS,Rio Grande do Sul,South,9122000,Mil pessoas,0.081,3565,0.336,0.6639999999999999,SIDRA table 6469 variable 5935,Pessoas de 14 anos ou mais de idade,1 - SIDRA table 8529 variable 12466 / 100,SIDRA/PNADCT,FALSE,TRUE,FALSE,,pre,2018-11-07,2018-12-10
2017Q4,2017-10-01,2017,4,201704,4 trimestre 2017,42,SC,Santa Catarina,South,5858000,Mil pessoas,0.064,3692,0.281,0.719,SIDRA table 6469 variable 5935,Pessoas de 14 anos ou mais de idade,1 - SIDRA table 8529 variable 12466 / 100,SIDRA/PNADCT,FALSE,TRUE,FALSE,,pre,2018-11-07,2018-12-10
2017Q4,2017-10-01,2017,4,201704,4 trimestre 2017,28,SE,Sergipe,Northeast,1726000,Mil pessoas,0.13699999999999998,2261,0.5479999999999999,0.45200000000000007,SIDRA table 6469 variable 5935,Pessoas de 14 anos ou mais de idade,1 - SIDRA table 8529 variable 12466 / 100,SIDRA/PNADCT,FALSE,TRUE,FALSE,,pre,2018-11-07,2018-12-10
2017Q4,2017-10-01,2017,4,201704,4 trimestre 2017,35,SP,Sao Paulo,Southeast,36440000,Mil pessoas,0.128,4413,0.304,0.696,SIDRA table 6469 variable 5935,Pessoas de 14 anos ou mais de idade,1 - SIDRA table 8529 variable 12466 / 100,SIDRA/PNADCT,FALSE,TRUE,FALSE,,pre,2018-11-07,2018-12-10
2017Q4,2017-10-01,2017,4,201704,4 trimestre 2017,17,TO,Tocantins,North,1142000,Mil pessoas,0.106,2702,0.44,0.56,SIDRA table 6469 variable 5935,Pessoas de 14 anos ou mais de idade,1 - SIDRA table 8529 variable 12466 / 100,SIDRA/PNADCT,FALSE,FALSE,TRUE,coded_rupture_in_main_estimation_window:TO_2018_01,pre,2018-11-07,2018-12-10
2018Q1,2018-01-01,2018,1,201801,1 trimestre 2018,12,AC,Acre,North,603000,Mil pessoas,0.146,2708,0.531,0.469,SIDRA table 6469 variable 5935,Pessoas de 14 anos ou mais de idade,1 - SIDRA table 8529 variable 12466 / 100,SIDRA/PNADCT,FALSE,TRUE,FALSE,,pre,2018-11-07,2018-12-10
2018Q1,2018-01-01,2018,1,201801,1 trimestre 2018,27,AL,Alagoas,Northeast,2485000,Mil pessoas,0.179,2237,0.4320000000000001,0.568,SIDRA table 6469 variable 5935,Pessoas de 14 anos ou mais de idade,1 - SIDRA table 8529 variable 12466 / 100,SIDRA/PNADCT,FALSE,TRUE,FALSE,,pre,2018-11-07,2018-12-10
2018Q1,2018-01-01,2018,1,201801,1 trimestre 2018,13,AM,Amazonas,North,2846000,Mil pessoas,0.14,2576,0.5429999999999999,0.4570000000000001,SIDRA table 6469 variable 5935,Pessoas de 14 anos ou mais de idade,1 - SIDRA table 8529 variable 12466 / 100,SIDRA/PNADCT,FALSE,FALSE,TRUE,coded_rupture_in_main_estimation_window:AM_2017_01,pre,2018-11-07,2018-12-10
2018Q1,2018-01-01,2018,1,201801,1 trimestre 2018,16,AP,Amapa,North,556000,Mil pessoas,0.21600000000000005,3265,0.493,0.507,SIDRA table 6469 variable 5935,Pessoas de 14 anos ou mais de idade,1 - SIDRA table 8529 variable 12466 / 100,SIDRA/PNADCT,FALSE,TRUE,FALSE,,pre,2018-11-07,2018-12-10
2018Q1,2018-01-01,2018,1,201801,1 trimestre 2018,29,BA,Bahia,Northeast,11498000,Mil pessoas,0.181,2480,0.54,0.46,SIDRA table 6469 variable 5935,Pessoas de 14 anos ou mais de idade,1 - SIDRA table 8529 variable 12466 / 100,SIDRA/PNADCT,FALSE,TRUE,FALSE,,pre,2018-11-07,2018-12-10
2018Q1,2018-01-01,2018,1,201801,1 trimestre 2018,23,CE,Ceara,Northeast,7062000,Mil pessoas,0.129,2334,0.56,0.43999999999999995,SIDRA table 6469 variable 5935,Pessoas de 14 anos ou mais de idade,1 - SIDRA table 8529 variable 12466 / 100,SIDRA/PNADCT,FALSE,TRUE,FALSE,,pre,2018-11-07,2018-12-10
2018Q1,2018-01-01,2018,1,201801,1 trimestre 2018,53,DF,Distrito Federal,Center-West,2337000,Mil pessoas,0.141,6401,0.266,0.734,SIDRA table 6469 variable 5935,Pessoas de 14 anos ou mais de idade,1 - SIDRA table 8529 variable 12466 / 100,SIDRA/PNADCT,FALSE,TRUE,FALSE,,pre,2018-11-07,2018-12-10
2018Q1,2018-01-01,2018,1,201801,1 trimestre 2018,32,ES,Espirito Santo,Southeast,3119000,Mil pessoas,0.127,3269,0.412,0.588,SIDRA table 6469 variable 5935,Pessoas de 14 anos ou mais de idade,1 - SIDRA table 8529 variable 12466 / 100,SIDRA/PNADCT,FALSE,TRUE,FALSE,,pre,2018-11-07,2018-12-10
2018Q1,2018-01-01,2018,1,201801,1 trimestre 2018,52,GO,Goias,Center-West,5471000,Mil pessoas,0.104,3319,0.399,0.601,SIDRA table 6469 variable 5935,Pessoas de 14 anos ou mais de idade,1 - SIDRA table 8529 variable 12466 / 100,SIDRA/PNADCT,FALSE,TRUE,FALSE,,pre,2018-11-07,2018-12-10
2018Q1,2018-01-01,2018,1,201801,1 trimestre 2018,21,MA,Maranhao,Northeast,5111000,Mil pessoas,0.159,1921,0.605,0.395,SIDRA table 6469 variable 5935,Pessoas de 14 anos ou mais de idade,1 - SIDRA table 8529 variable 12466 / 100,SIDRA/PNADCT,FALSE,TRUE,FALSE,,pre,2018-11-07,2018-12-10
2018Q1,2018-01-01,2018,1,201801,1 trimestre 2018,31,MG,Minas Gerais,Southeast,16881000,Mil pessoas,0.127,3189,0.393,0.607,SIDRA table 6469 variable 5935,Pessoas de 14 anos ou mais de idade,1 - SIDRA table 8529 variable 12466 / 100,SIDRA/PNADCT,FALSE,TRUE,FALSE,,pre,2018-11-07,2018-12-10
2018Q1,2018-01-01,2018,1,201801,1 trimestre 2018,50,MS,Mato Grosso do Sul,Center-West,2089000,Mil pessoas,0.085,3765,0.37,0.63,SIDRA table 6469 variable 5935,Pessoas de 14 anos ou mais de idade,1 - SIDRA table 8529 variable 12466 / 100,SIDRA/PNADCT,FALSE,TRUE,FALSE,,pre,2018-11-07,2018-12-10
2018Q1,2018-01-01,2018,1,201801,1 trimestre 2018,51,MT,Mato Grosso,Center-West,2681000,Mil pessoas,0.095,3669,0.37200000000000005,0.6279999999999999,SIDRA table 6469 variable 5935,Pessoas de 14 anos ou mais de idade,1 - SIDRA table 8529 variable 12466 / 100,SIDRA/PNADCT,FALSE,TRUE,FALSE,,pre,2018-11-07,2018-12-10
2018Q1,2018-01-01,2018,1,201801,1 trimestre 2018,15,PA,Para,North,6223000,Mil pessoas,0.122,2454,0.614,0.386,SIDRA table 6469 variable 5935,Pessoas de 14 anos ou mais de idade,1 - SIDRA table 8529 variable 12466 / 100,SIDRA/PNADCT,FALSE,TRUE,FALSE,,pre,2018-11-07,2018-12-10
2018Q1,2018-01-01,2018,1,201801,1 trimestre 2018,25,PB,Paraiba,Northeast,3124000,Mil pessoas,0.119,2597,0.526,0.474,SIDRA table 6469 variable 5935,Pessoas de 14 anos ou mais de idade,1 - SIDRA table 8529 variable 12466 / 100,SIDRA/PNADCT,FALSE,TRUE,FALSE,,pre,2018-11-07,2018-12-10
2018Q1,2018-01-01,2018,1,201801,1 trimestre 2018,26,PE,Pernambuco,Northeast,7353000,Mil pessoas,0.179,2676,0.481,0.5189999999999999,SIDRA table 6469 variable 5935,Pessoas de 14 anos ou mais de idade,1 - SIDRA table 8529 variable 12466 / 100,SIDRA/PNADCT,FALSE,TRUE,FALSE,,pre,2018-11-07,2018-12-10
2018Q1,2018-01-01,2018,1,201801,1 trimestre 2018,22,PI,Piaui,Northeast,2573000,Mil pessoas,0.133,2195,0.5820000000000001,0.4179999999999999,SIDRA table 6469 variable 5935,Pessoas de 14 anos ou mais de idade,1 - SIDRA table 8529 variable 12466 / 100,SIDRA/PNADCT,FALSE,TRUE,FALSE,,pre,2018-11-07,2018-12-10
2018Q1,2018-01-01,2018,1,201801,1 trimestre 2018,41,PR,Parana,South,9142000,Mil pessoas,0.097,3802,0.355,0.645,SIDRA table 6469 variable 5935,Pessoas de 14 anos ou mais de idade,1 - SIDRA table 8529 variable 12466 / 100,SIDRA/PNADCT,FALSE,TRUE,FALSE,,pre,2018-11-07,2018-12-10
2018Q1,2018-01-01,2018,1,201801,1 trimestre 2018,33,RJ,Rio de Janeiro,Southeast,14261000,Mil pessoas,0.151,3808,0.365,0.635,SIDRA table 6469 variable 5935,Pessoas de 14 anos ou mais de idade,1 - SIDRA table 8529 variable 12466 / 100,SIDRA/PNADCT,FALSE,TRUE,FALSE,,pre,2018-11-07,2018-12-10
2018Q1,2018-01-01,2018,1,201801,1 trimestre 2018,24,RN,Rio Grande do Norte,Northeast,2685000,Mil pessoas,0.151,2585,0.483,0.517,SIDRA table 6469 variable 5935,Pessoas de 14 anos ou mais de idade,1 - SIDRA table 8529 variable 12466 / 100,SIDRA/PNADCT,FALSE,TRUE,FALSE,,pre,2018-11-07,2018-12-10
2018Q1,2018-01-01,2018,1,201801,1 trimestre 2018,11,RO,Rondonia,North,1306000,Mil pessoas,0.105,2930,0.482,0.518,SIDRA table 6469 variable 5935,Pessoas de 14 anos ou mais de idade,1 - SIDRA table 8529 variable 12466 / 100,SIDRA/PNADCT,FALSE,TRUE,FALSE,,pre,2018-11-07,2018-12-10
2018Q1,2018-01-01,2018,1,201801,1 trimestre 2018,14,RR,Roraima,North,381000,Mil pessoas,0.105,3443,0.4429999999999999,0.557,SIDRA table 6469 variable 5935,Pessoas de 14 anos ou mais de idade,1 - SIDRA table 8529 variable 12466 / 100,SIDRA/PNADCT,TRUE,FALSE,TRUE,treated_unit,pre,2018-11-07,2018-12-10
2018Q1,2018-01-01,2018,1,201801,1 trimestre 2018,43,RS,Rio Grande do Sul,South,9141000,Mil pessoas,0.086,3921,0.332,0.6679999999999999,SIDRA table 6469 variable 5935,Pessoas de 14 anos ou mais de idade,1 - SIDRA table 8529 variable 12466 / 100,SIDRA/PNADCT,FALSE,TRUE,FALSE,,pre,2018-11-07,2018-12-10
2018Q1,2018-01-01,2018,1,201801,1 trimestre 2018,42,SC,Santa Catarina,South,5905000,Mil pessoas,0.066,3873,0.27699999999999997,0.7230000000000001,SIDRA table 6469 variable 5935,Pessoas de 14 anos ou mais de idade,1 - SIDRA table 8529 variable 12466 / 100,SIDRA/PNADCT,FALSE,TRUE,FALSE,,pre,2018-11-07,2018-12-10
2018Q1,2018-01-01,2018,1,201801,1 trimestre 2018,28,SE,Sergipe,Northeast,1722000,Mil pessoas,0.173,2566,0.541,0.459,SIDRA table 6469 variable 5935,Pessoas de 14 anos ou mais de idade,1 - SIDRA table 8529 variable 12466 / 100,SIDRA/PNADCT,FALSE,TRUE,FALSE,,pre,2018-11-07,2018-12-10
2018Q1,2018-01-01,2018,1,201801,1 trimestre 2018,35,SP,Sao Paulo,Southeast,36396000,Mil pessoas,0.141,4692,0.309,0.6910000000000001,SIDRA table 6469 variable 5935,Pessoas de 14 anos ou mais de idade,1 - SIDRA table 8529 variable 12466 / 100,SIDRA/PNADCT,FALSE,TRUE,FALSE,,pre,2018-11-07,2018-12-10
2018Q1,2018-01-01,2018,1,201801,1 trimestre 2018,17,TO,Tocantins,North,1148000,Mil pessoas,0.111,2922,0.445,0.5549999999999999,SIDRA table 6469 variable 5935,Pessoas de 14 anos ou mais de idade,1 - SIDRA table 8529 variable 12466 / 100,SIDRA/PNADCT,FALSE,FALSE,TRUE,coded_rupture_in_main_estimation_window:TO_2018_01,pre,2018-11-07,2018-12-10
2018Q2,2018-04-01,2018,2,201802,2 trimestre 2018,12,AC,Acre,North,603000,Mil pessoas,0.13699999999999998,2457,0.511,0.489,SIDRA table 6469 variable 5935,Pessoas de 14 anos ou mais de idade,1 - SIDRA table 8529 variable 12466 / 100,SIDRA/PNADCT,FALSE,TRUE,FALSE,,pre,2018-11-07,2018-12-10
2018Q2,2018-04-01,2018,2,201802,2 trimestre 2018,27,AL,Alagoas,Northeast,2498000,Mil pessoas,0.177,2167,0.451,0.5489999999999999,SIDRA table 6469 variable 5935,Pessoas de 14 anos ou mais de idade,1 - SIDRA table 8529 variable 12466 / 100,SIDRA/PNADCT,FALSE,TRUE,FALSE,,pre,2018-11-07,2018-12-10
2018Q2,2018-04-01,2018,2,201802,2 trimestre 2018,13,AM,Amazonas,North,2863000,Mil pessoas,0.14300000000000002,2463,0.537,0.463,SIDRA table 6469 variable 5935,Pessoas de 14 anos ou mais de idade,1 - SIDRA table 8529 variable 12466 / 100,SIDRA/PNADCT,FALSE,FALSE,TRUE,coded_rupture_in_main_estimation_window:AM_2017_01,pre,2018-11-07,2018-12-10
2018Q2,2018-04-01,2018,2,201802,2 trimestre 2018,16,AP,Amapa,North,560000,Mil pessoas,0.21600000000000005,2871,0.48,0.52,SIDRA table 6469 variable 5935,Pessoas de 14 anos ou mais de idade,1 - SIDRA table 8529 variable 12466 / 100,SIDRA/PNADCT,FALSE,TRUE,FALSE,,pre,2018-11-07,2018-12-10
2018Q2,2018-04-01,2018,2,201802,2 trimestre 2018,29,BA,Bahia,Northeast,11515000,Mil pessoas,0.16699999999999998,2196,0.54,0.46,SIDRA table 6469 variable 5935,Pessoas de 14 anos ou mais de idade,1 - SIDRA table 8529 variable 12466 / 100,SIDRA/PNADCT,FALSE,TRUE,FALSE,,pre,2018-11-07,2018-12-10
2018Q2,2018-04-01,2018,2,201802,2 trimestre 2018,23,CE,Ceara,Northeast,7113000,Mil pessoas,0.118,2203,0.544,0.456,SIDRA table 6469 variable 5935,Pessoas de 14 anos ou mais de idade,1 - SIDRA table 8529 variable 12466 / 100,SIDRA/PNADCT,FALSE,TRUE,FALSE,,pre,2018-11-07,2018-12-10
2018Q2,2018-04-01,2018,2,201802,2 trimestre 2018,53,DF,Distrito Federal,Center-West,2337000,Mil pessoas,0.123,5752,0.281,0.719,SIDRA table 6469 variable 5935,Pessoas de 14 anos ou mais de idade,1 - SIDRA table 8529 variable 12466 / 100,SIDRA/PNADCT,FALSE,TRUE,FALSE,,pre,2018-11-07,2018-12-10
2018Q2,2018-04-01,2018,2,201802,2 trimestre 2018,32,ES,Espirito Santo,Southeast,3130000,Mil pessoas,0.122,2934,0.423,0.577,SIDRA table 6469 variable 5935,Pessoas de 14 anos ou mais de idade,1 - SIDRA table 8529 variable 12466 / 100,SIDRA/PNADCT,FALSE,TRUE,FALSE,,pre,2018-11-07,2018-12-10
2018Q2,2018-04-01,2018,2,201802,2 trimestre 2018,52,GO,Goias,Center-West,5455000,Mil pessoas,0.096,3040,0.401,0.599,SIDRA table 6469 variable 5935,Pessoas de 14 anos ou mais de idade,1 - SIDRA table 8529 variable 12466 / 100,SIDRA/PNADCT,FALSE,TRUE,FALSE,,pre,2018-11-07,2018-12-10
2018Q2,2018-04-01,2018,2,201802,2 trimestre 2018,21,MA,Maranhao,Northeast,5133000,Mil pessoas,0.145,1864,0.5920000000000001,0.4079999999999999,SIDRA table 6469 variable 5935,Pessoas de 14 anos ou mais de idade,1 - SIDRA table 8529 variable 12466 / 100,SIDRA/PNADCT,FALSE,TRUE,FALSE,,pre,2018-11-07,2018-12-10
2018Q2,2018-04-01,2018,2,201802,2 trimestre 2018,31,MG,Minas Gerais,Southeast,16941000,Mil pessoas,0.109,2868,0.395,0.605,SIDRA table 6469 variable 5935,Pessoas de 14 anos ou mais de idade,1 - SIDRA table 8529 variable 12466 / 100,SIDRA/PNADCT,FALSE,TRUE,FALSE,,pre,2018-11-07,2018-12-10
2018Q2,2018-04-01,2018,2,201802,2 trimestre 2018,50,MS,Mato Grosso do Sul,Center-West,2074000,Mil pessoas,0.077,3311,0.365,0.635,SIDRA table 6469 variable 5935,Pessoas de 14 anos ou mais de idade,1 - SIDRA table 8529 variable 12466 / 100,SIDRA/PNADCT,FALSE,TRUE,FALSE,,pre,2018-11-07,2018-12-10
2018Q2,2018-04-01,2018,2,201802,2 trimestre 2018,51,MT,Mato Grosso,Center-West,2697000,Mil pessoas,0.086,3307,0.3829999999999999,0.617,SIDRA table 6469 variable 5935,Pessoas de 14 anos ou mais de idade,1 - SIDRA table 8529 variable 12466 / 100,SIDRA/PNADCT,FALSE,TRUE,FALSE,,pre,2018-11-07,2018-12-10
2018Q2,2018-04-01,2018,2,201802,2 trimestre 2018,15,PA,Para,North,6243000,Mil pessoas,0.113,2132,0.607,0.393,SIDRA table 6469 variable 5935,Pessoas de 14 anos ou mais de idade,1 - SIDRA table 8529 variable 12466 / 100,SIDRA/PNADCT,FALSE,TRUE,FALSE,,pre,2018-11-07,2018-12-10
2018Q2,2018-04-01,2018,2,201802,2 trimestre 2018,25,PB,Paraiba,Northeast,3145000,Mil pessoas,0.111,2420,0.521,0.479,SIDRA table 6469 variable 5935,Pessoas de 14 anos ou mais de idade,1 - SIDRA table 8529 variable 12466 / 100,SIDRA/PNADCT,FALSE,TRUE,FALSE,,pre,2018-11-07,2018-12-10
2018Q2,2018-04-01,2018,2,201802,2 trimestre 2018,26,PE,Pernambuco,Northeast,7377000,Mil pessoas,0.171,2508,0.484,0.516,SIDRA table 6469 variable 5935,Pessoas de 14 anos ou mais de idade,1 - SIDRA table 8529 variable 12466 / 100,SIDRA/PNADCT,FALSE,TRUE,FALSE,,pre,2018-11-07,2018-12-10
2018Q2,2018-04-01,2018,2,201802,2 trimestre 2018,22,PI,Piaui,Northeast,2577000,Mil pessoas,0.135,1986,0.585,0.415,SIDRA table 6469 variable 5935,Pessoas de 14 anos ou mais de idade,1 - SIDRA table 8529 variable 12466 / 100,SIDRA/PNADCT,FALSE,TRUE,FALSE,,pre,2018-11-07,2018-12-10
2018Q2,2018-04-01,2018,2,201802,2 trimestre 2018,41,PR,Parana,South,9139000,Mil pessoas,0.091,3489,0.34700000000000003,0.653,SIDRA table 6469 variable 5935,Pessoas de 14 anos ou mais de idade,1 - SIDRA table 8529 variable 12466 / 100,SIDRA/PNADCT,FALSE,TRUE,FALSE,,pre,2018-11-07,2018-12-10
2018Q2,2018-04-01,2018,2,201802,2 trimestre 2018,33,RJ,Rio de Janeiro,Southeast,14251000,Mil pessoas,0.155,3661,0.368,0.632,SIDRA table 6469 variable 5935,Pessoas de 14 anos ou mais de idade,1 - SIDRA table 8529 variable 12466 / 100,SIDRA/PNADCT,FALSE,TRUE,FALSE,,pre,2018-11-07,2018-12-10
2018Q2,2018-04-01,2018,2,201802,2 trimestre 2018,24,RN,Rio Grande do Norte,Northeast,2687000,Mil pessoas,0.133,2408,0.475,0.525,SIDRA table 6469 variable 5935,Pessoas de 14 anos ou mais de idade,1 - SIDRA table 8529 variable 12466 / 100,SIDRA/PNADCT,FALSE,TRUE,FALSE,,pre,2018-11-07,2018-12-10
2018Q2,2018-04-01,2018,2,201802,2 trimestre 2018,11,RO,Rondonia,North,1310000,Mil pessoas,0.083,2756,0.486,0.514,SIDRA table 6469 variable 5935,Pessoas de 14 anos ou mais de idade,1 - SIDRA table 8529 variable 12466 / 100,SIDRA/PNADCT,FALSE,TRUE,FALSE,,pre,2018-11-07,2018-12-10
2018Q2,2018-04-01,2018,2,201802,2 trimestre 2018,14,RR,Roraima,North,385000,Mil pessoas,0.115,3147,0.441,0.5589999999999999,SIDRA table 6469 variable 5935,Pessoas de 14 anos ou mais de idade,1 - SIDRA table 8529 variable 12466 / 100,SIDRA/PNADCT,TRUE,FALSE,TRUE,treated_unit,pre,2018-11-07,2018-12-10
2018Q2,2018-04-01,2018,2,201802,2 trimestre 2018,43,RS,Rio Grande do Sul,South,9140000,Mil pessoas,0.084,3594,0.336,0.6639999999999999,SIDRA table 6469 variable 5935,Pessoas de 14 anos ou mais de idade,1 - SIDRA table 8529 variable 12466 / 100,SIDRA/PNADCT,FALSE,TRUE,FALSE,,pre,2018-11-07,2018-12-10
2018Q2,2018-04-01,2018,2,201802,2 trimestre 2018,42,SC,Santa Catarina,South,5914000,Mil pessoas,0.066,3528,0.26899999999999996,0.7310000000000001,SIDRA table 6469 variable 5935,Pessoas de 14 anos ou mais de idade,1 - SIDRA table 8529 variable 12466 / 100,SIDRA/PNADCT,FALSE,TRUE,FALSE,,pre,2018-11-07,2018-12-10
2018Q2,2018-04-01,2018,2,201802,2 trimestre 2018,28,SE,Sergipe,Northeast,1724000,Mil pessoas,0.171,2222,0.5379999999999999,0.4620000000000001,SIDRA table 6469 variable 5935,Pessoas de 14 anos ou mais de idade,1 - SIDRA table 8529 variable 12466 / 100,SIDRA/PNADCT,FALSE,TRUE,FALSE,,pre,2018-11-07,2018-12-10
2018Q2,2018-04-01,2018,2,201802,2 trimestre 2018,35,SP,Sao Paulo,Southeast,36498000,Mil pessoas,0.138,4279,0.314,0.6859999999999999,SIDRA table 6469 variable 5935,Pessoas de 14 anos ou mais de idade,1 - SIDRA table 8529 variable 12466 / 100,SIDRA/PNADCT,FALSE,TRUE,FALSE,,pre,2018-11-07,2018-12-10
2018Q2,2018-04-01,2018,2,201802,2 trimestre 2018,17,TO,Tocantins,North,1157000,Mil pessoas,0.114,2711,0.43799999999999994,0.562,SIDRA table 6469 variable 5935,Pessoas de 14 anos ou mais de idade,1 - SIDRA table 8529 variable 12466 / 100,SIDRA/PNADCT,FALSE,FALSE,TRUE,coded_rupture_in_main_estimation_window:TO_2018_01,pre,2018-11-07,2018-12-10
2018Q3,2018-07-01,2018,3,201803,3 trimestre 2018,12,AC,Acre,North,610000,Mil pessoas,0.133,2588,0.503,0.497,SIDRA table 6469 variable 5935,Pessoas de 14 anos ou mais de idade,1 - SIDRA table 8529 variable 12466 / 100,SIDRA/PNADCT,FALSE,TRUE,FALSE,,pre,2018-11-07,2018-12-10
2018Q3,2018-07-01,2018,3,201803,3 trimestre 2018,27,AL,Alagoas,Northeast,2486000,Mil pessoas,0.174,2141,0.462,0.538,SIDRA table 6469 variable 5935,Pessoas de 14 anos ou mais de idade,1 - SIDRA table 8529 variable 12466 / 100,SIDRA/PNADCT,FALSE,TRUE,FALSE,,pre,2018-11-07,2018-12-10
2018Q3,2018-07-01,2018,3,201803,3 trimestre 2018,13,AM,Amazonas,North,2875000,Mil pessoas,0.132,2411,0.551,0.4489999999999999,SIDRA table 6469 variable 5935,Pessoas de 14 anos ou mais de idade,1 - SIDRA table 8529 variable 12466 / 100,SIDRA/PNADCT,FALSE,FALSE,TRUE,coded_rupture_in_main_estimation_window:AM_2017_01,pre,2018-11-07,2018-12-10
2018Q3,2018-07-01,2018,3,201803,3 trimestre 2018,16,AP,Amapa,North,570000,Mil pessoas,0.184,2728,0.502,0.498,SIDRA table 6469 variable 5935,Pessoas de 14 anos ou mais de idade,1 - SIDRA table 8529 variable 12466 / 100,SIDRA/PNADCT,FALSE,TRUE,FALSE,,pre,2018-11-07,2018-12-10
2018Q3,2018-07-01,2018,3,201803,3 trimestre 2018,29,BA,Bahia,Northeast,11604000,Mil pessoas,0.16399999999999998,2209,0.551,0.4489999999999999,SIDRA table 6469 variable 5935,Pessoas de 14 anos ou mais de idade,1 - SIDRA table 8529 variable 12466 / 100,SIDRA/PNADCT,FALSE,TRUE,FALSE,,pre,2018-11-07,2018-12-10
2018Q3,2018-07-01,2018,3,201803,3 trimestre 2018,23,CE,Ceara,Northeast,7116000,Mil pessoas,0.107,2308,0.547,0.453,SIDRA table 6469 variable 5935,Pessoas de 14 anos ou mais de idade,1 - SIDRA table 8529 variable 12466 / 100,SIDRA/PNADCT,FALSE,TRUE,FALSE,,pre,2018-11-07,2018-12-10
2018Q3,2018-07-01,2018,3,201803,3 trimestre 2018,53,DF,Distrito Federal,Center-West,2354000,Mil pessoas,0.127,5693,0.287,0.7130000000000001,SIDRA table 6469 variable 5935,Pessoas de 14 anos ou mais de idade,1 - SIDRA table 8529 variable 12466 / 100,SIDRA/PNADCT,FALSE,TRUE,FALSE,,pre,2018-11-07,2018-12-10
2018Q3,2018-07-01,2018,3,201803,3 trimestre 2018,32,ES,Espirito Santo,Southeast,3137000,Mil pessoas,0.114,3077,0.421,0.579,SIDRA table 6469 variable 5935,Pessoas de 14 anos ou mais de idade,1 - SIDRA table 8529 variable 12466 / 100,SIDRA/PNADCT,FALSE,TRUE,FALSE,,pre,2018-11-07,2018-12-10
2018Q3,2018-07-01,2018,3,201803,3 trimestre 2018,52,GO,Goias,Center-West,5462000,Mil pessoas,0.09,3017,0.402,0.598,SIDRA table 6469 variable 5935,Pessoas de 14 anos ou mais de idade,1 - SIDRA table 8529 variable 12466 / 100,SIDRA/PNADCT,FALSE,TRUE,FALSE,,pre,2018-11-07,2018-12-10
2018Q3,2018-07-01,2018,3,201803,3 trimestre 2018,21,MA,Maranhao,Northeast,5126000,Mil pessoas,0.141,1914,0.595,0.405,SIDRA table 6469 variable 5935,Pessoas de 14 anos ou mais de idade,1 - SIDRA table 8529 variable 12466 / 100,SIDRA/PNADCT,FALSE,TRUE,FALSE,,pre,2018-11-07,2018-12-10
2018Q3,2018-07-01,2018,3,201803,3 trimestre 2018,31,MG,Minas Gerais,Southeast,16917000,Mil pessoas,0.098,2847,0.398,0.6020000000000001,SIDRA table 6469 variable 5935,Pessoas de 14 anos ou mais de idade,1 - SIDRA table 8529 variable 12466 / 100,SIDRA/PNADCT,FALSE,TRUE,FALSE,,pre,2018-11-07,2018-12-10
2018Q3,2018-07-01,2018,3,201803,3 trimestre 2018,50,MS,Mato Grosso do Sul,Center-West,2078000,Mil pessoas,0.073,3329,0.363,0.637,SIDRA table 6469 variable 5935,Pessoas de 14 anos ou mais de idade,1 - SIDRA table 8529 variable 12466 / 100,SIDRA/PNADCT,FALSE,TRUE,FALSE,,pre,2018-11-07,2018-12-10
2018Q3,2018-07-01,2018,3,201803,3 trimestre 2018,51,MT,Mato Grosso,Center-West,2712000,Mil pessoas,0.068,3328,0.3829999999999999,0.617,SIDRA table 6469 variable 5935,Pessoas de 14 anos ou mais de idade,1 - SIDRA table 8529 variable 12466 / 100,SIDRA/PNADCT,FALSE,TRUE,FALSE,,pre,2018-11-07,2018-12-10
2018Q3,2018-07-01,2018,3,201803,3 trimestre 2018,15,PA,Para,North,6255000,Mil pessoas,0.11,2178,0.612,0.388,SIDRA table 6469 variable 5935,Pessoas de 14 anos ou mais de idade,1 - SIDRA table 8529 variable 12466 / 100,SIDRA/PNADCT,FALSE,TRUE,FALSE,,pre,2018-11-07,2018-12-10
2018Q3,2018-07-01,2018,3,201803,3 trimestre 2018,25,PB,Paraiba,Northeast,3148000,Mil pessoas,0.11,2413,0.537,0.463,SIDRA table 6469 variable 5935,Pessoas de 14 anos ou mais de idade,1 - SIDRA table 8529 variable 12466 / 100,SIDRA/PNADCT,FALSE,TRUE,FALSE,,pre,2018-11-07,2018-12-10
2018Q3,2018-07-01,2018,3,201803,3 trimestre 2018,26,PE,Pernambuco,Northeast,7368000,Mil pessoas,0.17,2442,0.485,0.515,SIDRA table 6469 variable 5935,Pessoas de 14 anos ou mais de idade,1 - SIDRA table 8529 variable 12466 / 100,SIDRA/PNADCT,FALSE,TRUE,FALSE,,pre,2018-11-07,2018-12-10
2018Q3,2018-07-01,2018,3,201803,3 trimestre 2018,22,PI,Piaui,Northeast,2577000,Mil pessoas,0.125,1986,0.59,0.41,SIDRA table 6469 variable 5935,Pessoas de 14 anos ou mais de idade,1 - SIDRA table 8529 variable 12466 / 100,SIDRA/PNADCT,FALSE,TRUE,FALSE,,pre,2018-11-07,2018-12-10
2018Q3,2018-07-01,2018,3,201803,3 trimestre 2018,41,PR,Parana,South,9173000,Mil pessoas,0.087,3497,0.354,0.646,SIDRA table 6469 variable 5935,Pessoas de 14 anos ou mais de idade,1 - SIDRA table 8529 variable 12466 / 100,SIDRA/PNADCT,FALSE,TRUE,FALSE,,pre,2018-11-07,2018-12-10
2018Q3,2018-07-01,2018,3,201803,3 trimestre 2018,33,RJ,Rio de Janeiro,Southeast,14240000,Mil pessoas,0.147,3723,0.377,0.623,SIDRA table 6469 variable 5935,Pessoas de 14 anos ou mais de idade,1 - SIDRA table 8529 variable 12466 / 100,SIDRA/PNADCT,FALSE,TRUE,FALSE,,pre,2018-11-07,2018-12-10
2018Q3,2018-07-01,2018,3,201803,3 trimestre 2018,24,RN,Rio Grande do Norte,Northeast,2694000,Mil pessoas,0.13,2338,0.482,0.518,SIDRA table 6469 variable 5935,Pessoas de 14 anos ou mais de idade,1 - SIDRA table 8529 variable 12466 / 100,SIDRA/PNADCT,FALSE,TRUE,FALSE,,pre,2018-11-07,2018-12-10
2018Q3,2018-07-01,2018,3,201803,3 trimestre 2018,11,RO,Rondonia,North,1319000,Mil pessoas,0.08800000000000001,2938,0.51,0.49,SIDRA table 6469 variable 5935,Pessoas de 14 anos ou mais de idade,1 - SIDRA table 8529 variable 12466 / 100,SIDRA/PNADCT,FALSE,TRUE,FALSE,,pre,2018-11-07,2018-12-10
2018Q3,2018-07-01,2018,3,201803,3 trimestre 2018,14,RR,Roraima,North,390000,Mil pessoas,0.136,3292,0.456,0.544,SIDRA table 6469 variable 5935,Pessoas de 14 anos ou mais de idade,1 - SIDRA table 8529 variable 12466 / 100,SIDRA/PNADCT,TRUE,FALSE,TRUE,treated_unit,pre,2018-11-07,2018-12-10
2018Q3,2018-07-01,2018,3,201803,3 trimestre 2018,43,RS,Rio Grande do Sul,South,9126000,Mil pessoas,0.083,3461,0.337,0.663,SIDRA table 6469 variable 5935,Pessoas de 14 anos ou mais de idade,1 - SIDRA table 8529 variable 12466 / 100,SIDRA/PNADCT,FALSE,TRUE,FALSE,,pre,2018-11-07,2018-12-10
2018Q3,2018-07-01,2018,3,201803,3 trimestre 2018,42,SC,Santa Catarina,South,5949000,Mil pessoas,0.062,3554,0.272,0.728,SIDRA table 6469 variable 5935,Pessoas de 14 anos ou mais de idade,1 - SIDRA table 8529 variable 12466 / 100,SIDRA/PNADCT,FALSE,TRUE,FALSE,,pre,2018-11-07,2018-12-10
2018Q3,2018-07-01,2018,3,201803,3 trimestre 2018,28,SE,Sergipe,Northeast,1728000,Mil pessoas,0.177,2350,0.529,0.471,SIDRA table 6469 variable 5935,Pessoas de 14 anos ou mais de idade,1 - SIDRA table 8529 variable 12466 / 100,SIDRA/PNADCT,FALSE,TRUE,FALSE,,pre,2018-11-07,2018-12-10
2018Q3,2018-07-01,2018,3,201803,3 trimestre 2018,35,SP,Sao Paulo,Southeast,36668000,Mil pessoas,0.133,4283,0.313,0.687,SIDRA table 6469 variable 5935,Pessoas de 14 anos ou mais de idade,1 - SIDRA table 8529 variable 12466 / 100,SIDRA/PNADCT,FALSE,TRUE,FALSE,,pre,2018-11-07,2018-12-10
2018Q3,2018-07-01,2018,3,201803,3 trimestre 2018,17,TO,Tocantins,North,1163000,Mil pessoas,0.099,2814,0.45,0.55,SIDRA table 6469 variable 5935,Pessoas de 14 anos ou mais de idade,1 - SIDRA table 8529 variable 12466 / 100,SIDRA/PNADCT,FALSE,FALSE,TRUE,coded_rupture_in_main_estimation_window:TO_2018_01,pre,2018-11-07,2018-12-10
2018Q4,2018-10-01,2018,4,201804,4 trimestre 2018,12,AC,Acre,North,620000,Mil pessoas,0.133,2599,0.506,0.494,SIDRA table 6469 variable 5935,Pessoas de 14 anos ou mais de idade,1 - SIDRA table 8529 variable 12466 / 100,SIDRA/PNADCT,FALSE,TRUE,FALSE,,crisis,2018-11-07,2018-12-10
2018Q4,2018-10-01,2018,4,201804,4 trimestre 2018,27,AL,Alagoas,Northeast,2492000,Mil pessoas,0.161,2310,0.44,0.56,SIDRA table 6469 variable 5935,Pessoas de 14 anos ou mais de idade,1 - SIDRA table 8529 variable 12466 / 100,SIDRA/PNADCT,FALSE,TRUE,FALSE,,crisis,2018-11-07,2018-12-10
2018Q4,2018-10-01,2018,4,201804,4 trimestre 2018,13,AM,Amazonas,North,2884000,Mil pessoas,0.146,2345,0.563,0.43700000000000006,SIDRA table 6469 variable 5935,Pessoas de 14 anos ou mais de idade,1 - SIDRA table 8529 variable 12466 / 100,SIDRA/PNADCT,FALSE,FALSE,TRUE,coded_rupture_in_main_estimation_window:AM_2017_01,crisis,2018-11-07,2018-12-10
2018Q4,2018-10-01,2018,4,201804,4 trimestre 2018,16,AP,Amapa,North,569000,Mil pessoas,0.198,2723,0.519,0.481,SIDRA table 6469 variable 5935,Pessoas de 14 anos ou mais de idade,1 - SIDRA table 8529 variable 12466 / 100,SIDRA/PNADCT,FALSE,TRUE,FALSE,,crisis,2018-11-07,2018-12-10
2018Q4,2018-10-01,2018,4,201804,4 trimestre 2018,29,BA,Bahia,Northeast,11558000,Mil pessoas,0.177,2300,0.552,0.4479999999999999,SIDRA table 6469 variable 5935,Pessoas de 14 anos ou mais de idade,1 - SIDRA table 8529 variable 12466 / 100,SIDRA/PNADCT,FALSE,TRUE,FALSE,,crisis,2018-11-07,2018-12-10
2018Q4,2018-10-01,2018,4,201804,4 trimestre 2018,23,CE,Ceara,Northeast,7093000,Mil pessoas,0.102,2260,0.555,0.4449999999999999,SIDRA table 6469 variable 5935,Pessoas de 14 anos ou mais de idade,1 - SIDRA table 8529 variable 12466 / 100,SIDRA/PNADCT,FALSE,TRUE,FALSE,,crisis,2018-11-07,2018-12-10
2018Q4,2018-10-01,2018,4,201804,4 trimestre 2018,53,DF,Distrito Federal,Center-West,2350000,Mil pessoas,0.121,5975,0.292,0.708,SIDRA table 6469 variable 5935,Pessoas de 14 anos ou mais de idade,1 - SIDRA table 8529 variable 12466 / 100,SIDRA/PNADCT,FALSE,TRUE,FALSE,,crisis,2018-11-07,2018-12-10
2018Q4,2018-10-01,2018,4,201804,4 trimestre 2018,32,ES,Espirito Santo,Southeast,3132000,Mil pessoas,0.104,3220,0.419,0.581,SIDRA table 6469 variable 5935,Pessoas de 14 anos ou mais de idade,1 - SIDRA table 8529 variable 12466 / 100,SIDRA/PNADCT,FALSE,TRUE,FALSE,,crisis,2018-11-07,2018-12-10
2018Q4,2018-10-01,2018,4,201804,4 trimestre 2018,52,GO,Goias,Center-West,5459000,Mil pessoas,0.084,3161,0.407,0.593,SIDRA table 6469 variable 5935,Pessoas de 14 anos ou mais de idade,1 - SIDRA table 8529 variable 12466 / 100,SIDRA/PNADCT,FALSE,TRUE,FALSE,,crisis,2018-11-07,2018-12-10
2018Q4,2018-10-01,2018,4,201804,4 trimestre 2018,21,MA,Maranhao,Northeast,5158000,Mil pessoas,0.14400000000000002,1979,0.595,0.405,SIDRA table 6469 variable 5935,Pessoas de 14 anos ou mais de idade,1 - SIDRA table 8529 variable 12466 / 100,SIDRA/PNADCT,FALSE,TRUE,FALSE,,crisis,2018-11-07,2018-12-10
2018Q4,2018-10-01,2018,4,201804,4 trimestre 2018,31,MG,Minas Gerais,Southeast,16935000,Mil pessoas,0.097,2895,0.398,0.6020000000000001,SIDRA table 6469 variable 5935,Pessoas de 14 anos ou mais de idade,1 - SIDRA table 8529 variable 12466 / 100,SIDRA/PNADCT,FALSE,TRUE,FALSE,,crisis,2018-11-07,2018-12-10
2018Q4,2018-10-01,2018,4,201804,4 trimestre 2018,50,MS,Mato Grosso do Sul,Center-West,2110000,Mil pessoas,0.07,3473,0.361,0.639,SIDRA table 6469 variable 5935,Pessoas de 14 anos ou mais de idade,1 - SIDRA table 8529 variable 12466 / 100,SIDRA/PNADCT,FALSE,TRUE,FALSE,,crisis,2018-11-07,2018-12-10
2018Q4,2018-10-01,2018,4,201804,4 trimestre 2018,51,MT,Mato Grosso,Center-West,2700000,Mil pessoas,0.07,3435,0.398,0.6020000000000001,SIDRA table 6469 variable 5935,Pessoas de 14 anos ou mais de idade,1 - SIDRA table 8529 variable 12466 / 100,SIDRA/PNADCT,FALSE,TRUE,FALSE,,crisis,2018-11-07,2018-12-10
2018Q4,2018-10-01,2018,4,201804,4 trimestre 2018,15,PA,Para,North,6287000,Mil pessoas,0.103,2179,0.624,0.376,SIDRA table 6469 variable 5935,Pessoas de 14 anos ou mais de idade,1 - SIDRA table 8529 variable 12466 / 100,SIDRA/PNADCT,FALSE,TRUE,FALSE,,crisis,2018-11-07,2018-12-10
2018Q4,2018-10-01,2018,4,201804,4 trimestre 2018,25,PB,Paraiba,Northeast,3152000,Mil pessoas,0.112,2469,0.526,0.474,SIDRA table 6469 variable 5935,Pessoas de 14 anos ou mais de idade,1 - SIDRA table 8529 variable 12466 / 100,SIDRA/PNADCT,FALSE,TRUE,FALSE,,crisis,2018-11-07,2018-12-10
2018Q4,2018-10-01,2018,4,201804,4 trimestre 2018,26,PE,Pernambuco,Northeast,7338000,Mil pessoas,0.156,2458,0.478,0.522,SIDRA table 6469 variable 5935,Pessoas de 14 anos ou mais de idade,1 - SIDRA table 8529 variable 12466 / 100,SIDRA/PNADCT,FALSE,TRUE,FALSE,,crisis,2018-11-07,2018-12-10
2018Q4,2018-10-01,2018,4,201804,4 trimestre 2018,22,PI,Piaui,Northeast,2592000,Mil pessoas,0.124,2084,0.586,0.414,SIDRA table 6469 variable 5935,Pessoas de 14 anos ou mais de idade,1 - SIDRA table 8529 variable 12466 / 100,SIDRA/PNADCT,FALSE,TRUE,FALSE,,crisis,2018-11-07,2018-12-10
2018Q4,2018-10-01,2018,4,201804,4 trimestre 2018,41,PR,Parana,South,9201000,Mil pessoas,0.079,3660,0.348,0.652,SIDRA table 6469 variable 5935,Pessoas de 14 anos ou mais de idade,1 - SIDRA table 8529 variable 12466 / 100,SIDRA/PNADCT,FALSE,TRUE,FALSE,,crisis,2018-11-07,2018-12-10
2018Q4,2018-10-01,2018,4,201804,4 trimestre 2018,33,RJ,Rio de Janeiro,Southeast,14250000,Mil pessoas,0.149,3819,0.366,0.634,SIDRA table 6469 variable 5935,Pessoas de 14 anos ou mais de idade,1 - SIDRA table 8529 variable 12466 / 100,SIDRA/PNADCT,FALSE,TRUE,FALSE,,crisis,2018-11-07,2018-12-10
2018Q4,2018-10-01,2018,4,201804,4 trimestre 2018,24,RN,Rio Grande do Norte,Northeast,2703000,Mil pessoas,0.135,2419,0.486,0.514,SIDRA table 6469 variable 5935,Pessoas de 14 anos ou mais de idade,1 - SIDRA table 8529 variable 12466 / 100,SIDRA/PNADCT,FALSE,TRUE,FALSE,,crisis,2018-11-07,2018-12-10
2018Q4,2018-10-01,2018,4,201804,4 trimestre 2018,11,RO,Rondonia,North,1323000,Mil pessoas,0.091,2824,0.493,0.507,SIDRA table 6469 variable 5935,Pessoas de 14 anos ou mais de idade,1 - SIDRA table 8529 variable 12466 / 100,SIDRA/PNADCT,FALSE,TRUE,FALSE,,crisis,2018-11-07,2018-12-10
2018Q4,2018-10-01,2018,4,201804,4 trimestre 2018,14,RR,Roraima,North,394000,Mil pessoas,0.142,3122,0.446,0.554,SIDRA table 6469 variable 5935,Pessoas de 14 anos ou mais de idade,1 - SIDRA table 8529 variable 12466 / 100,SIDRA/PNADCT,TRUE,FALSE,TRUE,treated_unit,crisis,2018-11-07,2018-12-10
2018Q4,2018-10-01,2018,4,201804,4 trimestre 2018,43,RS,Rio Grande do Sul,South,9186000,Mil pessoas,0.075,3577,0.344,0.656,SIDRA table 6469 variable 5935,Pessoas de 14 anos ou mais de idade,1 - SIDRA table 8529 variable 12466 / 100,SIDRA/PNADCT,FALSE,TRUE,FALSE,,crisis,2018-11-07,2018-12-10
2018Q4,2018-10-01,2018,4,201804,4 trimestre 2018,42,SC,Santa Catarina,South,5988000,Mil pessoas,0.064,3709,0.275,0.725,SIDRA table 6469 variable 5935,Pessoas de 14 anos ou mais de idade,1 - SIDRA table 8529 variable 12466 / 100,SIDRA/PNADCT,FALSE,TRUE,FALSE,,crisis,2018-11-07,2018-12-10
2018Q4,2018-10-01,2018,4,201804,4 trimestre 2018,28,SE,Sergipe,Northeast,1754000,Mil pessoas,0.152,2353,0.5329999999999999,0.4670000000000001,SIDRA table 6469 variable 5935,Pessoas de 14 anos ou mais de idade,1 - SIDRA table 8529 variable 12466 / 100,SIDRA/PNADCT,FALSE,TRUE,FALSE,,crisis,2018-11-07,2018-12-10
2018Q4,2018-10-01,2018,4,201804,4 trimestre 2018,35,SP,Sao Paulo,Southeast,36824000,Mil pessoas,0.126,4467,0.317,0.683,SIDRA table 6469 variable 5935,Pessoas de 14 anos ou mais de idade,1 - SIDRA table 8529 variable 12466 / 100,SIDRA/PNADCT,FALSE,TRUE,FALSE,,crisis,2018-11-07,2018-12-10
2018Q4,2018-10-01,2018,4,201804,4 trimestre 2018,17,TO,Tocantins,North,1160000,Mil pessoas,0.105,2722,0.457,0.5429999999999999,SIDRA table 6469 variable 5935,Pessoas de 14 anos ou mais de idade,1 - SIDRA table 8529 variable 12466 / 100,SIDRA/PNADCT,FALSE,FALSE,TRUE,coded_rupture_in_main_estimation_window:TO_2018_01,crisis,2018-11-07,2018-12-10
2019Q1,2019-01-01,2019,1,201901,1 trimestre 2019,12,AC,Acre,North,622000,Mil pessoas,0.182,2950,0.52,0.48,SIDRA table 6469 variable 5935,Pessoas de 14 anos ou mais de idade,1 - SIDRA table 8529 variable 12466 / 100,SIDRA/PNADCT,FALSE,TRUE,FALSE,,post,2018-11-07,2018-12-10
2019Q1,2019-01-01,2019,1,201901,1 trimestre 2019,27,AL,Alagoas,Northeast,2489000,Mil pessoas,0.162,2374,0.466,0.534,SIDRA table 6469 variable 5935,Pessoas de 14 anos ou mais de idade,1 - SIDRA table 8529 variable 12466 / 100,SIDRA/PNADCT,FALSE,TRUE,FALSE,,post,2018-11-07,2018-12-10
2019Q1,2019-01-01,2019,1,201901,1 trimestre 2019,13,AM,Amazonas,North,2903000,Mil pessoas,0.161,2502,0.5539999999999999,0.44600000000000006,SIDRA table 6469 variable 5935,Pessoas de 14 anos ou mais de idade,1 - SIDRA table 8529 variable 12466 / 100,SIDRA/PNADCT,FALSE,FALSE,TRUE,coded_rupture_in_main_estimation_window:AM_2017_01,post,2018-11-07,2018-12-10
2019Q1,2019-01-01,2019,1,201901,1 trimestre 2019,16,AP,Amapa,North,565000,Mil pessoas,0.203,2767,0.536,0.464,SIDRA table 6469 variable 5935,Pessoas de 14 anos ou mais de idade,1 - SIDRA table 8529 variable 12466 / 100,SIDRA/PNADCT,FALSE,TRUE,FALSE,,post,2018-11-07,2018-12-10
2019Q1,2019-01-01,2019,1,201901,1 trimestre 2019,29,BA,Bahia,Northeast,11639000,Mil pessoas,0.185,2368,0.547,0.453,SIDRA table 6469 variable 5935,Pessoas de 14 anos ou mais de idade,1 - SIDRA table 8529 variable 12466 / 100,SIDRA/PNADCT,FALSE,TRUE,FALSE,,post,2018-11-07,2018-12-10
2019Q1,2019-01-01,2019,1,201901,1 trimestre 2019,23,CE,Ceara,Northeast,7122000,Mil pessoas,0.116,2431,0.552,0.4479999999999999,SIDRA table 6469 variable 5935,Pessoas de 14 anos ou mais de idade,1 - SIDRA table 8529 variable 12466 / 100,SIDRA/PNADCT,FALSE,TRUE,FALSE,,post,2018-11-07,2018-12-10
2019Q1,2019-01-01,2019,1,201901,1 trimestre 2019,53,DF,Distrito Federal,Center-West,2357000,Mil pessoas,0.142,6532,0.284,0.716,SIDRA table 6469 variable 5935,Pessoas de 14 anos ou mais de idade,1 - SIDRA table 8529 variable 12466 / 100,SIDRA/PNADCT,FALSE,TRUE,FALSE,,post,2018-11-07,2018-12-10
2019Q1,2019-01-01,2019,1,201901,1 trimestre 2019,32,ES,Espirito Santo,Southeast,3133000,Mil pessoas,0.124,3386,0.421,0.579,SIDRA table 6469 variable 5935,Pessoas de 14 anos ou mais de idade,1 - SIDRA table 8529 variable 12466 / 100,SIDRA/PNADCT,FALSE,TRUE,FALSE,,post,2018-11-07,2018-12-10
2019Q1,2019-01-01,2019,1,201901,1 trimestre 2019,52,GO,Goias,Center-West,5516000,Mil pessoas,0.109,3295,0.406,0.594,SIDRA table 6469 variable 5935,Pessoas de 14 anos ou mais de idade,1 - SIDRA table 8529 variable 12466 / 100,SIDRA/PNADCT,FALSE,TRUE,FALSE,,post,2018-11-07,2018-12-10
2019Q1,2019-01-01,2019,1,201901,1 trimestre 2019,21,MA,Maranhao,Northeast,5181000,Mil pessoas,0.16699999999999998,2060,0.601,0.399,SIDRA table 6469 variable 5935,Pessoas de 14 anos ou mais de idade,1 - SIDRA table 8529 variable 12466 / 100,SIDRA/PNADCT,FALSE,TRUE,FALSE,,post,2018-11-07,2018-12-10
2019Q1,2019-01-01,2019,1,201901,1 trimestre 2019,31,MG,Minas Gerais,Southeast,16955000,Mil pessoas,0.113,3060,0.392,0.608,SIDRA table 6469 variable 5935,Pessoas de 14 anos ou mais de idade,1 - SIDRA table 8529 variable 12466 / 100,SIDRA/PNADCT,FALSE,TRUE,FALSE,,post,2018-11-07,2018-12-10
2019Q1,2019-01-01,2019,1,201901,1 trimestre 2019,50,MS,Mato Grosso do Sul,Center-West,2103000,Mil pessoas,0.096,3930,0.368,0.632,SIDRA table 6469 variable 5935,Pessoas de 14 anos ou mais de idade,1 - SIDRA table 8529 variable 12466 / 100,SIDRA/PNADCT,FALSE,TRUE,FALSE,,post,2018-11-07,2018-12-10
2019Q1,2019-01-01,2019,1,201901,1 trimestre 2019,51,MT,Mato Grosso,Center-West,2722000,Mil pessoas,0.092,3555,0.404,0.5960000000000001,SIDRA table 6469 variable 5935,Pessoas de 14 anos ou mais de idade,1 - SIDRA table 8529 variable 12466 / 100,SIDRA/PNADCT,FALSE,TRUE,FALSE,,post,2018-11-07,2018-12-10
2019Q1,2019-01-01,2019,1,201901,1 trimestre 2019,15,PA,Para,North,6290000,Mil pessoas,0.116,2372,0.616,0.384,SIDRA table 6469 variable 5935,Pessoas de 14 anos ou mais de idade,1 - SIDRA table 8529 variable 12466 / 100,SIDRA/PNADCT,FALSE,TRUE,FALSE,,post,2018-11-07,2018-12-10
2019Q1,2019-01-01,2019,1,201901,1 trimestre 2019,25,PB,Paraiba,Northeast,3149000,Mil pessoas,0.112,2600,0.534,0.466,SIDRA table 6469 variable 5935,Pessoas de 14 anos ou mais de idade,1 - SIDRA table 8529 variable 12466 / 100,SIDRA/PNADCT,FALSE,TRUE,FALSE,,post,2018-11-07,2018-12-10
2019Q1,2019-01-01,2019,1,201901,1 trimestre 2019,26,PE,Pernambuco,Northeast,7367000,Mil pessoas,0.163,2727,0.481,0.5189999999999999,SIDRA table 6469 variable 5935,Pessoas de 14 anos ou mais de idade,1 - SIDRA table 8529 variable 12466 / 100,SIDRA/PNADCT,FALSE,TRUE,FALSE,,post,2018-11-07,2018-12-10
2019Q1,2019-01-01,2019,1,201901,1 trimestre 2019,22,PI,Piaui,Northeast,2591000,Mil pessoas,0.129,2310,0.588,0.412,SIDRA table 6469 variable 5935,Pessoas de 14 anos ou mais de idade,1 - SIDRA table 8529 variable 12466 / 100,SIDRA/PNADCT,FALSE,TRUE,FALSE,,post,2018-11-07,2018-12-10
2019Q1,2019-01-01,2019,1,201901,1 trimestre 2019,41,PR,Parana,South,9184000,Mil pessoas,0.09,4049,0.34600000000000003,0.6539999999999999,SIDRA table 6469 variable 5935,Pessoas de 14 anos ou mais de idade,1 - SIDRA table 8529 variable 12466 / 100,SIDRA/PNADCT,FALSE,TRUE,FALSE,,post,2018-11-07,2018-12-10
2019Q1,2019-01-01,2019,1,201901,1 trimestre 2019,33,RJ,Rio de Janeiro,Southeast,14282000,Mil pessoas,0.154,4263,0.368,0.632,SIDRA table 6469 variable 5935,Pessoas de 14 anos ou mais de idade,1 - SIDRA table 8529 variable 12466 / 100,SIDRA/PNADCT,FALSE,TRUE,FALSE,,post,2018-11-07,2018-12-10
2019Q1,2019-01-01,2019,1,201901,1 trimestre 2019,24,RN,Rio Grande do Norte,Northeast,2680000,Mil pessoas,0.141,2641,0.488,0.512,SIDRA table 6469 variable 5935,Pessoas de 14 anos ou mais de idade,1 - SIDRA table 8529 variable 12466 / 100,SIDRA/PNADCT,FALSE,TRUE,FALSE,,post,2018-11-07,2018-12-10
2019Q1,2019-01-01,2019,1,201901,1 trimestre 2019,11,RO,Rondonia,North,1318000,Mil pessoas,0.091,2821,0.512,0.488,SIDRA table 6469 variable 5935,Pessoas de 14 anos ou mais de idade,1 - SIDRA table 8529 variable 12466 / 100,SIDRA/PNADCT,FALSE,TRUE,FALSE,,post,2018-11-07,2018-12-10
2019Q1,2019-01-01,2019,1,201901,1 trimestre 2019,14,RR,Roraima,North,393000,Mil pessoas,0.153,3315,0.48,0.52,SIDRA table 6469 variable 5935,Pessoas de 14 anos ou mais de idade,1 - SIDRA table 8529 variable 12466 / 100,SIDRA/PNADCT,TRUE,FALSE,TRUE,treated_unit,post,2018-11-07,2018-12-10
2019Q1,2019-01-01,2019,1,201901,1 trimestre 2019,43,RS,Rio Grande do Sul,South,9222000,Mil pessoas,0.081,3962,0.337,0.663,SIDRA table 6469 variable 5935,Pessoas de 14 anos ou mais de idade,1 - SIDRA table 8529 variable 12466 / 100,SIDRA/PNADCT,FALSE,TRUE,FALSE,,post,2018-11-07,2018-12-10
2019Q1,2019-01-01,2019,1,201901,1 trimestre 2019,42,SC,Santa Catarina,South,5979000,Mil pessoas,0.073,3900,0.26899999999999996,0.7310000000000001,SIDRA table 6469 variable 5935,Pessoas de 14 anos ou mais de idade,1 - SIDRA table 8529 variable 12466 / 100,SIDRA/PNADCT,FALSE,TRUE,FALSE,,post,2018-11-07,2018-12-10
2019Q1,2019-01-01,2019,1,201901,1 trimestre 2019,28,SE,Sergipe,Northeast,1747000,Mil pessoas,0.156,2513,0.539,0.461,SIDRA table 6469 variable 5935,Pessoas de 14 anos ou mais de idade,1 - SIDRA table 8529 variable 12466 / 100,SIDRA/PNADCT,FALSE,TRUE,FALSE,,post,2018-11-07,2018-12-10
2019Q1,2019-01-01,2019,1,201901,1 trimestre 2019,35,SP,Sao Paulo,Southeast,36921000,Mil pessoas,0.136,4697,0.31,0.69,SIDRA table 6469 variable 5935,Pessoas de 14 anos ou mais de idade,1 - SIDRA table 8529 variable 12466 / 100,SIDRA/PNADCT,FALSE,TRUE,FALSE,,post,2018-11-07,2018-12-10
2019Q1,2019-01-01,2019,1,201901,1 trimestre 2019,17,TO,Tocantins,North,1151000,Mil pessoas,0.125,2893,0.466,0.534,SIDRA table 6469 variable 5935,Pessoas de 14 anos ou mais de idade,1 - SIDRA table 8529 variable 12466 / 100,SIDRA/PNADCT,FALSE,FALSE,TRUE,coded_rupture_in_main_estimation_window:TO_2018_01,post,2018-11-07,2018-12-10
2019Q2,2019-04-01,2019,2,201902,2 trimestre 2019,12,AC,Acre,North,620000,Mil pessoas,0.138,2553,0.508,0.492,SIDRA table 6469 variable 5935,Pessoas de 14 anos ou mais de idade,1 - SIDRA table 8529 variable 12466 / 100,SIDRA/PNADCT,FALSE,TRUE,FALSE,,post,2018-11-07,2018-12-10
2019Q2,2019-04-01,2019,2,201902,2 trimestre 2019,27,AL,Alagoas,Northeast,2495000,Mil pessoas,0.149,2280,0.482,0.518,SIDRA table 6469 variable 5935,Pessoas de 14 anos ou mais de idade,1 - SIDRA table 8529 variable 12466 / 100,SIDRA/PNADCT,FALSE,TRUE,FALSE,,post,2018-11-07,2018-12-10
2019Q2,2019-04-01,2019,2,201902,2 trimestre 2019,13,AM,Amazonas,North,2880000,Mil pessoas,0.14,2345,0.589,0.411,SIDRA table 6469 variable 5935,Pessoas de 14 anos ou mais de idade,1 - SIDRA table 8529 variable 12466 / 100,SIDRA/PNADCT,FALSE,FALSE,TRUE,coded_rupture_in_main_estimation_window:AM_2017_01,post,2018-11-07,2018-12-10
2019Q2,2019-04-01,2019,2,201902,2 trimestre 2019,16,AP,Amapa,North,580000,Mil pessoas,0.172,2683,0.55,0.45,SIDRA table 6469 variable 5935,Pessoas de 14 anos ou mais de idade,1 - SIDRA table 8529 variable 12466 / 100,SIDRA/PNADCT,FALSE,TRUE,FALSE,,post,2018-11-07,2018-12-10
2019Q2,2019-04-01,2019,2,201902,2 trimestre 2019,29,BA,Bahia,Northeast,11641000,Mil pessoas,0.175,2161,0.556,0.4439999999999999,SIDRA table 6469 variable 5935,Pessoas de 14 anos ou mais de idade,1 - SIDRA table 8529 variable 12466 / 100,SIDRA/PNADCT,FALSE,TRUE,FALSE,,post,2018-11-07,2018-12-10
2019Q2,2019-04-01,2019,2,201902,2 trimestre 2019,23,CE,Ceara,Northeast,7119000,Mil pessoas,0.11,2268,0.5539999999999999,0.44600000000000006,SIDRA table 6469 variable 5935,Pessoas de 14 anos ou mais de idade,1 - SIDRA table 8529 variable 12466 / 100,SIDRA/PNADCT,FALSE,TRUE,FALSE,,post,2018-11-07,2018-12-10
2019Q2,2019-04-01,2019,2,201902,2 trimestre 2019,53,DF,Distrito Federal,Center-West,2353000,Mil pessoas,0.138,5581,0.301,0.6990000000000001,SIDRA table 6469 variable 5935,Pessoas de 14 anos ou mais de idade,1 - SIDRA table 8529 variable 12466 / 100,SIDRA/PNADCT,FALSE,TRUE,FALSE,,post,2018-11-07,2018-12-10
2019Q2,2019-04-01,2019,2,201902,2 trimestre 2019,32,ES,Espirito Santo,Southeast,3137000,Mil pessoas,0.11,3093,0.417,0.583,SIDRA table 6469 variable 5935,Pessoas de 14 anos ou mais de idade,1 - SIDRA table 8529 variable 12466 / 100,SIDRA/PNADCT,FALSE,TRUE,FALSE,,post,2018-11-07,2018-12-10
2019Q2,2019-04-01,2019,2,201902,2 trimestre 2019,52,GO,Goias,Center-West,5536000,Mil pessoas,0.107,2998,0.405,0.595,SIDRA table 6469 variable 5935,Pessoas de 14 anos ou mais de idade,1 - SIDRA table 8529 variable 12466 / 100,SIDRA/PNADCT,FALSE,TRUE,FALSE,,post,2018-11-07,2018-12-10
2019Q2,2019-04-01,2019,2,201902,2 trimestre 2019,21,MA,Maranhao,Northeast,5205000,Mil pessoas,0.15,1832,0.6,0.4,SIDRA table 6469 variable 5935,Pessoas de 14 anos ou mais de idade,1 - SIDRA table 8529 variable 12466 / 100,SIDRA/PNADCT,FALSE,TRUE,FALSE,,post,2018-11-07,2018-12-10
2019Q2,2019-04-01,2019,2,201902,2 trimestre 2019,31,MG,Minas Gerais,Southeast,17059000,Mil pessoas,0.096,2790,0.399,0.601,SIDRA table 6469 variable 5935,Pessoas de 14 anos ou mais de idade,1 - SIDRA table 8529 variable 12466 / 100,SIDRA/PNADCT,FALSE,TRUE,FALSE,,post,2018-11-07,2018-12-10
2019Q2,2019-04-01,2019,2,201902,2 trimestre 2019,50,MS,Mato Grosso do Sul,Center-West,2100000,Mil pessoas,0.084,3348,0.365,0.635,SIDRA table 6469 variable 5935,Pessoas de 14 anos ou mais de idade,1 - SIDRA table 8529 variable 12466 / 100,SIDRA/PNADCT,FALSE,TRUE,FALSE,,post,2018-11-07,2018-12-10
2019Q2,2019-04-01,2019,2,201902,2 trimestre 2019,51,MT,Mato Grosso,Center-West,2716000,Mil pessoas,0.084,3380,0.405,0.595,SIDRA table 6469 variable 5935,Pessoas de 14 anos ou mais de idade,1 - SIDRA table 8529 variable 12466 / 100,SIDRA/PNADCT,FALSE,TRUE,FALSE,,post,2018-11-07,2018-12-10
2019Q2,2019-04-01,2019,2,201902,2 trimestre 2019,15,PA,Para,North,6290000,Mil pessoas,0.113,2117,0.623,0.377,SIDRA table 6469 variable 5935,Pessoas de 14 anos ou mais de idade,1 - SIDRA table 8529 variable 12466 / 100,SIDRA/PNADCT,FALSE,TRUE,FALSE,,post,2018-11-07,2018-12-10
2019Q2,2019-04-01,2019,2,201902,2 trimestre 2019,25,PB,Paraiba,Northeast,3172000,Mil pessoas,0.122,2423,0.53,0.47,SIDRA table 6469 variable 5935,Pessoas de 14 anos ou mais de idade,1 - SIDRA table 8529 variable 12466 / 100,SIDRA/PNADCT,FALSE,TRUE,FALSE,,post,2018-11-07,2018-12-10
2019Q2,2019-04-01,2019,2,201902,2 trimestre 2019,26,PE,Pernambuco,Northeast,7400000,Mil pessoas,0.161,2459,0.483,0.517,SIDRA table 6469 variable 5935,Pessoas de 14 anos ou mais de idade,1 - SIDRA table 8529 variable 12466 / 100,SIDRA/PNADCT,FALSE,TRUE,FALSE,,post,2018-11-07,2018-12-10
2019Q2,2019-04-01,2019,2,201902,2 trimestre 2019,22,PI,Piaui,Northeast,2587000,Mil pessoas,0.13,2030,0.589,0.411,SIDRA table 6469 variable 5935,Pessoas de 14 anos ou mais de idade,1 - SIDRA table 8529 variable 12466 / 100,SIDRA/PNADCT,FALSE,TRUE,FALSE,,post,2018-11-07,2018-12-10
2019Q2,2019-04-01,2019,2,201902,2 trimestre 2019,41,PR,Parana,South,9194000,Mil pessoas,0.091,3533,0.34299999999999997,0.657,SIDRA table 6469 variable 5935,Pessoas de 14 anos ou mais de idade,1 - SIDRA table 8529 variable 12466 / 100,SIDRA/PNADCT,FALSE,TRUE,FALSE,,post,2018-11-07,2018-12-10
2019Q2,2019-04-01,2019,2,201902,2 trimestre 2019,33,RJ,Rio de Janeiro,Southeast,14307000,Mil pessoas,0.152,3789,0.373,0.627,SIDRA table 6469 variable 5935,Pessoas de 14 anos ou mais de idade,1 - SIDRA table 8529 variable 12466 / 100,SIDRA/PNADCT,FALSE,TRUE,FALSE,,post,2018-11-07,2018-12-10
2019Q2,2019-04-01,2019,2,201902,2 trimestre 2019,24,RN,Rio Grande do Norte,Northeast,2697000,Mil pessoas,0.127,2403,0.486,0.514,SIDRA table 6469 variable 5935,Pessoas de 14 anos ou mais de idade,1 - SIDRA table 8529 variable 12466 / 100,SIDRA/PNADCT,FALSE,TRUE,FALSE,,post,2018-11-07,2018-12-10
2019Q2,2019-04-01,2019,2,201902,2 trimestre 2019,11,RO,Rondonia,North,1325000,Mil pessoas,0.068,2782,0.512,0.488,SIDRA table 6469 variable 5935,Pessoas de 14 anos ou mais de idade,1 - SIDRA table 8529 variable 12466 / 100,SIDRA/PNADCT,FALSE,TRUE,FALSE,,post,2018-11-07,2018-12-10
2019Q2,2019-04-01,2019,2,201902,2 trimestre 2019,14,RR,Roraima,North,393000,Mil pessoas,0.151,3236,0.48,0.52,SIDRA table 6469 variable 5935,Pessoas de 14 anos ou mais de idade,1 - SIDRA table 8529 variable 12466 / 100,SIDRA/PNADCT,TRUE,FALSE,TRUE,treated_unit,post,2018-11-07,2018-12-10
2019Q2,2019-04-01,2019,2,201902,2 trimestre 2019,43,RS,Rio Grande do Sul,South,9247000,Mil pessoas,0.083,3541,0.33299999999999996,0.667,SIDRA table 6469 variable 5935,Pessoas de 14 anos ou mais de idade,1 - SIDRA table 8529 variable 12466 / 100,SIDRA/PNADCT,FALSE,TRUE,FALSE,,post,2018-11-07,2018-12-10
2019Q2,2019-04-01,2019,2,201902,2 trimestre 2019,42,SC,Santa Catarina,South,6019000,Mil pessoas,0.061,3534,0.271,0.729,SIDRA table 6469 variable 5935,Pessoas de 14 anos ou mais de idade,1 - SIDRA table 8529 variable 12466 / 100,SIDRA/PNADCT,FALSE,TRUE,FALSE,,post,2018-11-07,2018-12-10
2019Q2,2019-04-01,2019,2,201902,2 trimestre 2019,28,SE,Sergipe,Northeast,1762000,Mil pessoas,0.155,2188,0.546,0.454,SIDRA table 6469 variable 5935,Pessoas de 14 anos ou mais de idade,1 - SIDRA table 8529 variable 12466 / 100,SIDRA/PNADCT,FALSE,TRUE,FALSE,,post,2018-11-07,2018-12-10
2019Q2,2019-04-01,2019,2,201902,2 trimestre 2019,35,SP,Sao Paulo,Southeast,36940000,Mil pessoas,0.129,4238,0.316,0.6839999999999999,SIDRA table 6469 variable 5935,Pessoas de 14 anos ou mais de idade,1 - SIDRA table 8529 variable 12466 / 100,SIDRA/PNADCT,FALSE,TRUE,FALSE,,post,2018-11-07,2018-12-10
2019Q2,2019-04-01,2019,2,201902,2 trimestre 2019,17,TO,Tocantins,North,1160000,Mil pessoas,0.115,2633,0.491,0.509,SIDRA table 6469 variable 5935,Pessoas de 14 anos ou mais de idade,1 - SIDRA table 8529 variable 12466 / 100,SIDRA/PNADCT,FALSE,FALSE,TRUE,coded_rupture_in_main_estimation_window:TO_2018_01,post,2018-11-07,2018-12-10
2019Q3,2019-07-01,2019,3,201903,3 trimestre 2019,12,AC,Acre,North,623000,Mil pessoas,0.131,2608,0.508,0.492,SIDRA table 6469 variable 5935,Pessoas de 14 anos ou mais de idade,1 - SIDRA table 8529 variable 12466 / 100,SIDRA/PNADCT,FALSE,TRUE,FALSE,,post,2018-11-07,2018-12-10
2019Q3,2019-07-01,2019,3,201903,3 trimestre 2019,27,AL,Alagoas,Northeast,2506000,Mil pessoas,0.156,2162,0.482,0.518,SIDRA table 6469 variable 5935,Pessoas de 14 anos ou mais de idade,1 - SIDRA table 8529 variable 12466 / 100,SIDRA/PNADCT,FALSE,TRUE,FALSE,,post,2018-11-07,2018-12-10
2019Q3,2019-07-01,2019,3,201903,3 trimestre 2019,13,AM,Amazonas,North,2888000,Mil pessoas,0.135,2436,0.5770000000000001,0.42299999999999993,SIDRA table 6469 variable 5935,Pessoas de 14 anos ou mais de idade,1 - SIDRA table 8529 variable 12466 / 100,SIDRA/PNADCT,FALSE,FALSE,TRUE,coded_rupture_in_main_estimation_window:AM_2017_01,post,2018-11-07,2018-12-10
2019Q3,2019-07-01,2019,3,201903,3 trimestre 2019,16,AP,Amapa,North,573000,Mil pessoas,0.16899999999999998,2688,0.542,0.458,SIDRA table 6469 variable 5935,Pessoas de 14 anos ou mais de idade,1 - SIDRA table 8529 variable 12466 / 100,SIDRA/PNADCT,FALSE,TRUE,FALSE,,post,2018-11-07,2018-12-10
2019Q3,2019-07-01,2019,3,201903,3 trimestre 2019,29,BA,Bahia,Northeast,11626000,Mil pessoas,0.17,2135,0.544,0.456,SIDRA table 6469 variable 5935,Pessoas de 14 anos ou mais de idade,1 - SIDRA table 8529 variable 12466 / 100,SIDRA/PNADCT,FALSE,TRUE,FALSE,,post,2018-11-07,2018-12-10
2019Q3,2019-07-01,2019,3,201903,3 trimestre 2019,23,CE,Ceara,Northeast,7141000,Mil pessoas,0.114,2359,0.544,0.456,SIDRA table 6469 variable 5935,Pessoas de 14 anos ou mais de idade,1 - SIDRA table 8529 variable 12466 / 100,SIDRA/PNADCT,FALSE,TRUE,FALSE,,post,2018-11-07,2018-12-10
2019Q3,2019-07-01,2019,3,201903,3 trimestre 2019,53,DF,Distrito Federal,Center-West,2353000,Mil pessoas,0.132,5553,0.303,0.6970000000000001,SIDRA table 6469 variable 5935,Pessoas de 14 anos ou mais de idade,1 - SIDRA table 8529 variable 12466 / 100,SIDRA/PNADCT,FALSE,TRUE,FALSE,,post,2018-11-07,2018-12-10
2019Q3,2019-07-01,2019,3,201903,3 trimestre 2019,32,ES,Espirito Santo,Southeast,3145000,Mil pessoas,0.108,3118,0.409,0.591,SIDRA table 6469 variable 5935,Pessoas de 14 anos ou mais de idade,1 - SIDRA table 8529 variable 12466 / 100,SIDRA/PNADCT,FALSE,TRUE,FALSE,,post,2018-11-07,2018-12-10
2019Q3,2019-07-01,2019,3,201903,3 trimestre 2019,52,GO,Goias,Center-West,5589000,Mil pessoas,0.111,2957,0.41,0.5900000000000001,SIDRA table 6469 variable 5935,Pessoas de 14 anos ou mais de idade,1 - SIDRA table 8529 variable 12466 / 100,SIDRA/PNADCT,FALSE,TRUE,FALSE,,post,2018-11-07,2018-12-10
2019Q3,2019-07-01,2019,3,201903,3 trimestre 2019,21,MA,Maranhao,Northeast,5214000,Mil pessoas,0.14400000000000002,1868,0.605,0.395,SIDRA table 6469 variable 5935,Pessoas de 14 anos ou mais de idade,1 - SIDRA table 8529 variable 12466 / 100,SIDRA/PNADCT,FALSE,TRUE,FALSE,,post,2018-11-07,2018-12-10
2019Q3,2019-07-01,2019,3,201903,3 trimestre 2019,31,MG,Minas Gerais,Southeast,17096000,Mil pessoas,0.1,2797,0.397,0.603,SIDRA table 6469 variable 5935,Pessoas de 14 anos ou mais de idade,1 - SIDRA table 8529 variable 12466 / 100,SIDRA/PNADCT,FALSE,TRUE,FALSE,,post,2018-11-07,2018-12-10
2019Q3,2019-07-01,2019,3,201903,3 trimestre 2019,50,MS,Mato Grosso do Sul,Center-West,2113000,Mil pessoas,0.077,3308,0.374,0.626,SIDRA table 6469 variable 5935,Pessoas de 14 anos ou mais de idade,1 - SIDRA table 8529 variable 12466 / 100,SIDRA/PNADCT,FALSE,TRUE,FALSE,,post,2018-11-07,2018-12-10
2019Q3,2019-07-01,2019,3,201903,3 trimestre 2019,51,MT,Mato Grosso,Center-West,2724000,Mil pessoas,0.08,3240,0.394,0.6060000000000001,SIDRA table 6469 variable 5935,Pessoas de 14 anos ou mais de idade,1 - SIDRA table 8529 variable 12466 / 100,SIDRA/PNADCT,FALSE,TRUE,FALSE,,post,2018-11-07,2018-12-10
2019Q3,2019-07-01,2019,3,201903,3 trimestre 2019,15,PA,Para,North,6336000,Mil pessoas,0.113,2159,0.635,0.365,SIDRA table 6469 variable 5935,Pessoas de 14 anos ou mais de idade,1 - SIDRA table 8529 variable 12466 / 100,SIDRA/PNADCT,FALSE,TRUE,FALSE,,post,2018-11-07,2018-12-10
2019Q3,2019-07-01,2019,3,201903,3 trimestre 2019,25,PB,Paraiba,Northeast,3186000,Mil pessoas,0.114,2387,0.53,0.47,SIDRA table 6469 variable 5935,Pessoas de 14 anos ou mais de idade,1 - SIDRA table 8529 variable 12466 / 100,SIDRA/PNADCT,FALSE,TRUE,FALSE,,post,2018-11-07,2018-12-10
2019Q3,2019-07-01,2019,3,201903,3 trimestre 2019,26,PE,Pernambuco,Northeast,7396000,Mil pessoas,0.16,2388,0.494,0.506,SIDRA table 6469 variable 5935,Pessoas de 14 anos ou mais de idade,1 - SIDRA table 8529 variable 12466 / 100,SIDRA/PNADCT,FALSE,TRUE,FALSE,,post,2018-11-07,2018-12-10
2019Q3,2019-07-01,2019,3,201903,3 trimestre 2019,22,PI,Piaui,Northeast,2617000,Mil pessoas,0.129,1985,0.602,0.398,SIDRA table 6469 variable 5935,Pessoas de 14 anos ou mais de idade,1 - SIDRA table 8529 variable 12466 / 100,SIDRA/PNADCT,FALSE,TRUE,FALSE,,post,2018-11-07,2018-12-10
2019Q3,2019-07-01,2019,3,201903,3 trimestre 2019,41,PR,Parana,South,9228000,Mil pessoas,0.091,3589,0.336,0.6639999999999999,SIDRA table 6469 variable 5935,Pessoas de 14 anos ou mais de idade,1 - SIDRA table 8529 variable 12466 / 100,SIDRA/PNADCT,FALSE,TRUE,FALSE,,post,2018-11-07,2018-12-10
2019Q3,2019-07-01,2019,3,201903,3 trimestre 2019,33,RJ,Rio de Janeiro,Southeast,14364000,Mil pessoas,0.146,3892,0.37200000000000005,0.6279999999999999,SIDRA table 6469 variable 5935,Pessoas de 14 anos ou mais de idade,1 - SIDRA table 8529 variable 12466 / 100,SIDRA/PNADCT,FALSE,TRUE,FALSE,,post,2018-11-07,2018-12-10
2019Q3,2019-07-01,2019,3,201903,3 trimestre 2019,24,RN,Rio Grande do Norte,Northeast,2670000,Mil pessoas,0.13699999999999998,2550,0.483,0.517,SIDRA table 6469 variable 5935,Pessoas de 14 anos ou mais de idade,1 - SIDRA table 8529 variable 12466 / 100,SIDRA/PNADCT,FALSE,TRUE,FALSE,,post,2018-11-07,2018-12-10
2019Q3,2019-07-01,2019,3,201903,3 trimestre 2019,11,RO,Rondonia,North,1327000,Mil pessoas,0.083,2872,0.496,0.504,SIDRA table 6469 variable 5935,Pessoas de 14 anos ou mais de idade,1 - SIDRA table 8529 variable 12466 / 100,SIDRA/PNADCT,FALSE,TRUE,FALSE,,post,2018-11-07,2018-12-10
2019Q3,2019-07-01,2019,3,201903,3 trimestre 2019,14,RR,Roraima,North,392000,Mil pessoas,0.15,3378,0.459,0.541,SIDRA table 6469 variable 5935,Pessoas de 14 anos ou mais de idade,1 - SIDRA table 8529 variable 12466 / 100,SIDRA/PNADCT,TRUE,FALSE,TRUE,treated_unit,post,2018-11-07,2018-12-10
2019Q3,2019-07-01,2019,3,201903,3 trimestre 2019,43,RS,Rio Grande do Sul,South,9225000,Mil pessoas,0.08900000000000001,3553,0.335,0.665,SIDRA table 6469 variable 5935,Pessoas de 14 anos ou mais de idade,1 - SIDRA table 8529 variable 12466 / 100,SIDRA/PNADCT,FALSE,TRUE,FALSE,,post,2018-11-07,2018-12-10
2019Q3,2019-07-01,2019,3,201903,3 trimestre 2019,42,SC,Santa Catarina,South,6064000,Mil pessoas,0.05799999999999999,3607,0.263,0.737,SIDRA table 6469 variable 5935,Pessoas de 14 anos ou mais de idade,1 - SIDRA table 8529 variable 12466 / 100,SIDRA/PNADCT,FALSE,TRUE,FALSE,,post,2018-11-07,2018-12-10
2019Q3,2019-07-01,2019,3,201903,3 trimestre 2019,28,SE,Sergipe,Northeast,1767000,Mil pessoas,0.14800000000000002,2202,0.556,0.4439999999999999,SIDRA table 6469 variable 5935,Pessoas de 14 anos ou mais de idade,1 - SIDRA table 8529 variable 12466 / 100,SIDRA/PNADCT,FALSE,TRUE,FALSE,,post,2018-11-07,2018-12-10
2019Q3,2019-07-01,2019,3,201903,3 trimestre 2019,35,SP,Sao Paulo,Southeast,36963000,Mil pessoas,0.122,4241,0.327,0.673,SIDRA table 6469 variable 5935,Pessoas de 14 anos ou mais de idade,1 - SIDRA table 8529 variable 12466 / 100,SIDRA/PNADCT,FALSE,TRUE,FALSE,,post,2018-11-07,2018-12-10
2019Q3,2019-07-01,2019,3,201903,3 trimestre 2019,17,TO,Tocantins,North,1172000,Mil pessoas,0.106,2621,0.472,0.528,SIDRA table 6469 variable 5935,Pessoas de 14 anos ou mais de idade,1 - SIDRA table 8529 variable 12466 / 100,SIDRA/PNADCT,FALSE,FALSE,TRUE,coded_rupture_in_main_estimation_window:TO_2018_01,post,2018-11-07,2018-12-10
2019Q4,2019-10-01,2019,4,201904,4 trimestre 2019,12,AC,Acre,North,629000,Mil pessoas,0.138,2678,0.494,0.506,SIDRA table 6469 variable 5935,Pessoas de 14 anos ou mais de idade,1 - SIDRA table 8529 variable 12466 / 100,SIDRA/PNADCT,FALSE,TRUE,FALSE,,post,2018-11-07,2018-12-10
2019Q4,2019-10-01,2019,4,201904,4 trimestre 2019,27,AL,Alagoas,Northeast,2493000,Mil pessoas,0.13699999999999998,2140,0.461,0.5389999999999999,SIDRA table 6469 variable 5935,Pessoas de 14 anos ou mais de idade,1 - SIDRA table 8529 variable 12466 / 100,SIDRA/PNADCT,FALSE,TRUE,FALSE,,post,2018-11-07,2018-12-10
2019Q4,2019-10-01,2019,4,201904,4 trimestre 2019,13,AM,Amazonas,North,2923000,Mil pessoas,0.131,2424,0.584,0.416,SIDRA table 6469 variable 5935,Pessoas de 14 anos ou mais de idade,1 - SIDRA table 8529 variable 12466 / 100,SIDRA/PNADCT,FALSE,FALSE,TRUE,coded_rupture_in_main_estimation_window:AM_2017_01,post,2018-11-07,2018-12-10
2019Q4,2019-10-01,2019,4,201904,4 trimestre 2019,16,AP,Amapa,North,568000,Mil pessoas,0.158,2703,0.561,0.43899999999999995,SIDRA table 6469 variable 5935,Pessoas de 14 anos ou mais de idade,1 - SIDRA table 8529 variable 12466 / 100,SIDRA/PNADCT,FALSE,TRUE,FALSE,,post,2018-11-07,2018-12-10
2019Q4,2019-10-01,2019,4,201904,4 trimestre 2019,29,BA,Bahia,Northeast,11626000,Mil pessoas,0.166,2284,0.552,0.4479999999999999,SIDRA table 6469 variable 5935,Pessoas de 14 anos ou mais de idade,1 - SIDRA table 8529 variable 12466 / 100,SIDRA/PNADCT,FALSE,TRUE,FALSE,,post,2018-11-07,2018-12-10
2019Q4,2019-10-01,2019,4,201904,4 trimestre 2019,23,CE,Ceara,Northeast,7193000,Mil pessoas,0.103,2405,0.547,0.453,SIDRA table 6469 variable 5935,Pessoas de 14 anos ou mais de idade,1 - SIDRA table 8529 variable 12466 / 100,SIDRA/PNADCT,FALSE,TRUE,FALSE,,post,2018-11-07,2018-12-10
2019Q4,2019-10-01,2019,4,201904,4 trimestre 2019,53,DF,Distrito Federal,Center-West,2356000,Mil pessoas,0.126,5820,0.295,0.7050000000000001,SIDRA table 6469 variable 5935,Pessoas de 14 anos ou mais de idade,1 - SIDRA table 8529 variable 12466 / 100,SIDRA/PNADCT,FALSE,TRUE,FALSE,,post,2018-11-07,2018-12-10
2019Q4,2019-10-01,2019,4,201904,4 trimestre 2019,32,ES,Espirito Santo,Southeast,3182000,Mil pessoas,0.105,3227,0.402,0.598,SIDRA table 6469 variable 5935,Pessoas de 14 anos ou mais de idade,1 - SIDRA table 8529 variable 12466 / 100,SIDRA/PNADCT,FALSE,TRUE,FALSE,,post,2018-11-07,2018-12-10
2019Q4,2019-10-01,2019,4,201904,4 trimestre 2019,52,GO,Goias,Center-West,5583000,Mil pessoas,0.106,3070,0.407,0.593,SIDRA table 6469 variable 5935,Pessoas de 14 anos ou mais de idade,1 - SIDRA table 8529 variable 12466 / 100,SIDRA/PNADCT,FALSE,TRUE,FALSE,,post,2018-11-07,2018-12-10
2019Q4,2019-10-01,2019,4,201904,4 trimestre 2019,21,MA,Maranhao,Northeast,5230000,Mil pessoas,0.125,1921,0.606,0.394,SIDRA table 6469 variable 5935,Pessoas de 14 anos ou mais de idade,1 - SIDRA table 8529 variable 12466 / 100,SIDRA/PNADCT,FALSE,TRUE,FALSE,,post,2018-11-07,2018-12-10
2019Q4,2019-10-01,2019,4,201904,4 trimestre 2019,31,MG,Minas Gerais,Southeast,17137000,Mil pessoas,0.096,2998,0.397,0.603,SIDRA table 6469 variable 5935,Pessoas de 14 anos ou mais de idade,1 - SIDRA table 8529 variable 12466 / 100,SIDRA/PNADCT,FALSE,TRUE,FALSE,,post,2018-11-07,2018-12-10
2019Q4,2019-10-01,2019,4,201904,4 trimestre 2019,50,MS,Mato Grosso do Sul,Center-West,2134000,Mil pessoas,0.067,3429,0.385,0.615,SIDRA table 6469 variable 5935,Pessoas de 14 anos ou mais de idade,1 - SIDRA table 8529 variable 12466 / 100,SIDRA/PNADCT,FALSE,TRUE,FALSE,,post,2018-11-07,2018-12-10
2019Q4,2019-10-01,2019,4,201904,4 trimestre 2019,51,MT,Mato Grosso,Center-West,2725000,Mil pessoas,0.065,3341,0.396,0.604,SIDRA table 6469 variable 5935,Pessoas de 14 anos ou mais de idade,1 - SIDRA table 8529 variable 12466 / 100,SIDRA/PNADCT,FALSE,TRUE,FALSE,,post,2018-11-07,2018-12-10
2019Q4,2019-10-01,2019,4,201904,4 trimestre 2019,15,PA,Para,North,6366000,Mil pessoas,0.092,2301,0.626,0.374,SIDRA table 6469 variable 5935,Pessoas de 14 anos ou mais de idade,1 - SIDRA table 8529 variable 12466 / 100,SIDRA/PNADCT,FALSE,TRUE,FALSE,,post,2018-11-07,2018-12-10
2019Q4,2019-10-01,2019,4,201904,4 trimestre 2019,25,PB,Paraiba,Northeast,3186000,Mil pessoas,0.122,2420,0.521,0.479,SIDRA table 6469 variable 5935,Pessoas de 14 anos ou mais de idade,1 - SIDRA table 8529 variable 12466 / 100,SIDRA/PNADCT,FALSE,TRUE,FALSE,,post,2018-11-07,2018-12-10
2019Q4,2019-10-01,2019,4,201904,4 trimestre 2019,26,PE,Pernambuco,Northeast,7473000,Mil pessoas,0.142,2438,0.5,0.5,SIDRA table 6469 variable 5935,Pessoas de 14 anos ou mais de idade,1 - SIDRA table 8529 variable 12466 / 100,SIDRA/PNADCT,FALSE,TRUE,FALSE,,post,2018-11-07,2018-12-10
2019Q4,2019-10-01,2019,4,201904,4 trimestre 2019,22,PI,Piaui,Northeast,2626000,Mil pessoas,0.133,1930,0.5920000000000001,0.4079999999999999,SIDRA table 6469 variable 5935,Pessoas de 14 anos ou mais de idade,1 - SIDRA table 8529 variable 12466 / 100,SIDRA/PNADCT,FALSE,TRUE,FALSE,,post,2018-11-07,2018-12-10
2019Q4,2019-10-01,2019,4,201904,4 trimestre 2019,41,PR,Parana,South,9224000,Mil pessoas,0.07400000000000001,3743,0.331,0.669,SIDRA table 6469 variable 5935,Pessoas de 14 anos ou mais de idade,1 - SIDRA table 8529 variable 12466 / 100,SIDRA/PNADCT,FALSE,TRUE,FALSE,,post,2018-11-07,2018-12-10
2019Q4,2019-10-01,2019,4,201904,4 trimestre 2019,33,RJ,Rio de Janeiro,Southeast,14407000,Mil pessoas,0.138,4037,0.379,0.621,SIDRA table 6469 variable 5935,Pessoas de 14 anos ou mais de idade,1 - SIDRA table 8529 variable 12466 / 100,SIDRA/PNADCT,FALSE,TRUE,FALSE,,post,2018-11-07,2018-12-10
2019Q4,2019-10-01,2019,4,201904,4 trimestre 2019,24,RN,Rio Grande do Norte,Northeast,2680000,Mil pessoas,0.129,2815,0.481,0.5189999999999999,SIDRA table 6469 variable 5935,Pessoas de 14 anos ou mais de idade,1 - SIDRA table 8529 variable 12466 / 100,SIDRA/PNADCT,FALSE,TRUE,FALSE,,post,2018-11-07,2018-12-10
2019Q4,2019-10-01,2019,4,201904,4 trimestre 2019,11,RO,Rondonia,North,1330000,Mil pessoas,0.08199999999999999,2874,0.473,0.527,SIDRA table 6469 variable 5935,Pessoas de 14 anos ou mais de idade,1 - SIDRA table 8529 variable 12466 / 100,SIDRA/PNADCT,FALSE,TRUE,FALSE,,post,2018-11-07,2018-12-10
2019Q4,2019-10-01,2019,4,201904,4 trimestre 2019,14,RR,Roraima,North,397000,Mil pessoas,0.15,3117,0.473,0.527,SIDRA table 6469 variable 5935,Pessoas de 14 anos ou mais de idade,1 - SIDRA table 8529 variable 12466 / 100,SIDRA/PNADCT,TRUE,FALSE,TRUE,treated_unit,post,2018-11-07,2018-12-10
2019Q4,2019-10-01,2019,4,201904,4 trimestre 2019,43,RS,Rio Grande do Sul,South,9223000,Mil pessoas,0.073,3622,0.335,0.665,SIDRA table 6469 variable 5935,Pessoas de 14 anos ou mais de idade,1 - SIDRA table 8529 variable 12466 / 100,SIDRA/PNADCT,FALSE,TRUE,FALSE,,post,2018-11-07,2018-12-10
2019Q4,2019-10-01,2019,4,201904,4 trimestre 2019,42,SC,Santa Catarina,South,6104000,Mil pessoas,0.055,3740,0.26899999999999996,0.7310000000000001,SIDRA table 6469 variable 5935,Pessoas de 14 anos ou mais de idade,1 - SIDRA table 8529 variable 12466 / 100,SIDRA/PNADCT,FALSE,TRUE,FALSE,,post,2018-11-07,2018-12-10
2019Q4,2019-10-01,2019,4,201904,4 trimestre 2019,28,SE,Sergipe,Northeast,1764000,Mil pessoas,0.151,2218,0.534,0.466,SIDRA table 6469 variable 5935,Pessoas de 14 anos ou mais de idade,1 - SIDRA table 8529 variable 12466 / 100,SIDRA/PNADCT,FALSE,TRUE,FALSE,,post,2018-11-07,2018-12-10
2019Q4,2019-10-01,2019,4,201904,4 trimestre 2019,35,SP,Sao Paulo,Southeast,36931000,Mil pessoas,0.116,4445,0.312,0.688,SIDRA table 6469 variable 5935,Pessoas de 14 anos ou mais de idade,1 - SIDRA table 8529 variable 12466 / 100,SIDRA/PNADCT,FALSE,TRUE,FALSE,,post,2018-11-07,2018-12-10
2019Q4,2019-10-01,2019,4,201904,4 trimestre 2019,17,TO,Tocantins,North,1180000,Mil pessoas,0.093,2666,0.463,0.537,SIDRA table 6469 variable 5935,Pessoas de 14 anos ou mais de idade,1 - SIDRA table 8529 variable 12466 / 100,SIDRA/PNADCT,FALSE,FALSE,TRUE,coded_rupture_in_main_estimation_window:TO_2018_01,post,2018-11-07,2018-12-10
