state_abbrev,period_date,year,month,retail,services,formal_hiring,construction,icms_confaz,tax_confaz,treated_unit,donor_pool_main,excluded_from_main_donor_pool,analysis_period,pre_instability_clean,instability_start_date,removal_date,donor_pool_exclusion_reason
AC,2001-11-01,2001,11,99.99999999999999,,,,30.706145384663888,39.7139066268568,FALSE,TRUE,FALSE,pre,TRUE,2004-08-04,2004-11-10,
AC,2001-12-01,2001,12,93.58122002167909,,,,26.91358871551494,38.6994781566517,FALSE,TRUE,FALSE,pre,TRUE,2004-08-04,2004-11-10,
AC,2002-01-01,2002,1,93.92095769488846,,,,26.488372213181798,42.8417970357113,FALSE,TRUE,FALSE,pre,TRUE,2004-08-04,2004-11-10,
AC,2002-02-01,2002,2,96.28034843171525,,,,24.61221577612319,41.310316561281,FALSE,TRUE,FALSE,pre,TRUE,2004-08-04,2004-11-10,
AC,2002-03-01,2002,3,98.51980963168965,,,,25.18499287627248,40.9553128502092,FALSE,TRUE,FALSE,pre,TRUE,2004-08-04,2004-11-10,
AC,2002-04-01,2002,4,92.74073798363995,,,,26.27926579060868,41.4734392436717,FALSE,TRUE,FALSE,pre,TRUE,2004-08-04,2004-11-10,
AC,2002-05-01,2002,5,97.27409384982339,,,,32.761616566055814,47.4808962836625,FALSE,TRUE,FALSE,pre,TRUE,2004-08-04,2004-11-10,
AC,2002-06-01,2002,6,92.78827061177745,,,,27.096800949751152,43.1146658482261,FALSE,TRUE,FALSE,pre,TRUE,2004-08-04,2004-11-10,
AC,2002-07-01,2002,7,97.231994122063,,,,29.636001459645627,47.8796774504711,FALSE,TRUE,FALSE,pre,TRUE,2004-08-04,2004-11-10,
AC,2002-08-01,2002,8,98.61828770214991,,,,32.72541920914204,48.7324482168643,FALSE,TRUE,FALSE,pre,TRUE,2004-08-04,2004-11-10,
AC,2002-09-01,2002,9,95.45027620457893,,,,30.207395692651968,46.6341626495815,FALSE,TRUE,FALSE,pre,TRUE,2004-08-04,2004-11-10,
AC,2002-10-01,2002,10,86.71489634050496,,,,31.421645262348264,46.7583500073127,FALSE,TRUE,FALSE,pre,TRUE,2004-08-04,2004-11-10,
AC,2002-11-01,2002,11,82.37239105288269,,,,39.075925803873034,52.7434993005296,FALSE,TRUE,FALSE,pre,TRUE,2004-08-04,2004-11-10,
AC,2002-12-01,2002,12,80.68417847843425,,,,35.7038313140479,47.3538130278781,FALSE,TRUE,FALSE,pre,TRUE,2004-08-04,2004-11-10,
AC,2003-01-01,2003,1,90.26399331733207,,,,31.573298347514175,47.7590096150207,FALSE,TRUE,FALSE,pre,TRUE,2004-08-04,2004-11-10,
AC,2003-02-01,2003,2,81.5861613573416,,,,33.49063913815238,15.8923870938532,FALSE,TRUE,FALSE,pre,TRUE,2004-08-04,2004-11-10,
AC,2003-03-01,2003,3,80.84800558113376,,,,29.913698947385996,42.522544527459,FALSE,TRUE,FALSE,pre,TRUE,2004-08-04,2004-11-10,
AC,2003-04-01,2003,4,84.94414780304564,,,,28.440530296189884,43.9495095091601,FALSE,TRUE,FALSE,pre,TRUE,2004-08-04,2004-11-10,
AC,2003-05-01,2003,5,80.43764260253512,,,,35.69722976492195,50.665307658703,FALSE,TRUE,FALSE,pre,TRUE,2004-08-04,2004-11-10,
AC,2003-06-01,2003,6,78.08656754676272,,,,26.903565420742446,43.1184419596668,FALSE,TRUE,FALSE,pre,TRUE,2004-08-04,2004-11-10,
AC,2003-07-01,2003,7,84.22540371298327,,,,29.654067720746617,46.5615666066541,FALSE,TRUE,FALSE,pre,TRUE,2004-08-04,2004-11-10,
AC,2003-08-01,2003,8,83.70637512973832,,,,31.65871973808705,44.8868072840764,FALSE,TRUE,FALSE,pre,TRUE,2004-08-04,2004-11-10,
AC,2003-09-01,2003,9,83.77282630191792,,,,31.65334593805094,46.6210093706487,FALSE,TRUE,FALSE,pre,TRUE,2004-08-04,2004-11-10,
AC,2003-10-01,2003,10,92.16704143231433,,,,31.451132428887583,45.7843149259649,FALSE,TRUE,FALSE,pre,TRUE,2004-08-04,2004-11-10,
AC,2003-11-01,2003,11,108.0442210699757,,,,32.37876993425999,42.8904206455883,FALSE,TRUE,FALSE,pre,TRUE,2004-08-04,2004-11-10,
AC,2003-12-01,2003,12,99.09258283957854,,,,36.65967662474328,46.9450385495399,FALSE,TRUE,FALSE,pre,TRUE,2004-08-04,2004-11-10,
AC,2004-01-01,2004,1,101.52547189547636,,,,30.645191965229376,46.2635215442148,FALSE,TRUE,FALSE,pre,TRUE,2004-08-04,2004-11-10,
AC,2004-02-01,2004,2,97.90660814762467,,,,32.83417132322031,47.3111913635084,FALSE,TRUE,FALSE,pre,TRUE,2004-08-04,2004-11-10,
AC,2004-03-01,2004,3,95.85819411526181,,,,31.62402594897431,46.9689617346699,FALSE,TRUE,FALSE,pre,TRUE,2004-08-04,2004-11-10,
AC,2004-04-01,2004,4,97.30193292941216,,,,36.8030424199532,46.7106455565557,FALSE,TRUE,FALSE,pre,TRUE,2004-08-04,2004-11-10,
AC,2004-05-01,2004,5,100.36663460966662,,,,41.51021261020843,57.6955258187911,FALSE,TRUE,FALSE,pre,TRUE,2004-08-04,2004-11-10,
AC,2004-06-01,2004,6,104.6091041066995,,,,33.023755421578414,49.6625466010179,FALSE,TRUE,FALSE,pre,TRUE,2004-08-04,2004-11-10,
AC,2004-07-01,2004,7,105.08914171909943,,,,30.356007655204237,45.4710745766858,FALSE,TRUE,FALSE,pre,TRUE,2004-08-04,2004-11-10,
AC,2004-08-01,2004,8,102.89948258908962,,,,33.94087118756894,46.3402019357418,FALSE,TRUE,FALSE,pre,TRUE,2004-08-04,2004-11-10,
AC,2004-09-01,2004,9,103.76119620257857,,,,36.496611082521724,50.5916150788822,FALSE,TRUE,FALSE,pre,TRUE,2004-08-04,2004-11-10,
AC,2004-10-01,2004,10,108.29724860042693,,,,35.27154836646585,46.4694451421376,FALSE,TRUE,FALSE,pre,TRUE,2004-08-04,2004-11-10,
AC,2004-11-01,2004,11,99.34088059198942,,,,34.04505908035182,45.9012174022165,FALSE,TRUE,FALSE,post,FALSE,2004-08-04,2004-11-10,
AC,2004-12-01,2004,12,106.73638527562197,,,,41.763202261313,51.8094710746102,FALSE,TRUE,FALSE,post,FALSE,2004-08-04,2004-11-10,
AC,2005-01-01,2005,1,109.8489862102358,,,,32.74715754697418,47.5373264659304,FALSE,TRUE,FALSE,post,FALSE,2004-08-04,2004-11-10,
AC,2005-02-01,2005,2,120.93408363665759,,,,38.17640383800912,51.5718257544974,FALSE,TRUE,FALSE,post,FALSE,2004-08-04,2004-11-10,
AC,2005-03-01,2005,3,126.50929720375349,,,,39.58804315795398,55.632035634748,FALSE,TRUE,FALSE,post,FALSE,2004-08-04,2004-11-10,
AC,2005-04-01,2005,4,132.3477022841434,,,,43.45020043672138,53.7409199588942,FALSE,TRUE,FALSE,post,FALSE,2004-08-04,2004-11-10,
AC,2005-05-01,2005,5,124.58072503169686,,,,31.967257303027356,48.9250060652863,FALSE,TRUE,FALSE,post,FALSE,2004-08-04,2004-11-10,
AC,2005-06-01,2005,6,133.10307841287084,,,,31.669541707239958,49.0354928396527,FALSE,TRUE,FALSE,post,FALSE,2004-08-04,2004-11-10,
AC,2005-07-01,2005,7,121.88888253816128,,,,36.14104603978817,52.5910134245715,FALSE,TRUE,FALSE,post,FALSE,2004-08-04,2004-11-10,
AC,2005-08-01,2005,8,122.9906334317144,,,,38.40392344686113,52.1332284612645,FALSE,TRUE,FALSE,post,FALSE,2004-08-04,2004-11-10,
AC,2005-09-01,2005,9,122.83320556284173,,,,36.22351464381168,50.7354336115342,FALSE,TRUE,FALSE,post,FALSE,2004-08-04,2004-11-10,
AC,2005-10-01,2005,10,126.09768378501828,,,,37.239512236789984,53.0442297331529,FALSE,TRUE,FALSE,post,FALSE,2004-08-04,2004-11-10,
AC,2005-11-01,2005,11,125.68871985454093,,,,38.727718953210164,52.1996238334062,FALSE,TRUE,FALSE,post,FALSE,2004-08-04,2004-11-10,
AC,2005-12-01,2005,12,118.35329648168612,,,,70.05807180875205,83.8157828954545,FALSE,TRUE,FALSE,post,FALSE,2004-08-04,2004-11-10,
AC,2006-01-01,2006,1,129.05530988065343,,,,36.6078182273302,47.6725578986623,FALSE,TRUE,FALSE,post,FALSE,2004-08-04,2004-11-10,
AC,2006-02-01,2006,2,147.78376742738865,,,,46.090391283459006,55.4140215749253,FALSE,TRUE,FALSE,post,FALSE,2004-08-04,2004-11-10,
AC,2006-03-01,2006,3,141.71713029977246,,,,36.25839531773822,47.0050783115985,FALSE,TRUE,FALSE,post,FALSE,2004-08-04,2004-11-10,
AC,2006-04-01,2006,4,148.06935857291094,,,,46.97179520541138,52.1569182228707,FALSE,TRUE,FALSE,post,FALSE,2004-08-04,2004-11-10,
AC,2006-05-01,2006,5,155.88089926782095,,,,35.15386921705026,47.7334984275547,FALSE,TRUE,FALSE,post,FALSE,2004-08-04,2004-11-10,
AC,2006-06-01,2006,6,151.79181034601615,,,,34.09314270974421,46.6471189000379,FALSE,TRUE,FALSE,post,FALSE,2004-08-04,2004-11-10,
AC,2006-07-01,2006,7,156.1225524904477,,,,32.57883257682784,43.6449049486875,FALSE,TRUE,FALSE,post,FALSE,2004-08-04,2004-11-10,
AC,2006-08-01,2006,8,169.09779637458408,,,,38.581586621712624,49.7839198057572,FALSE,TRUE,FALSE,post,FALSE,2004-08-04,2004-11-10,
AC,2006-09-01,2006,9,176.52316834019481,,,,37.90990276432522,47.2103072414062,FALSE,TRUE,FALSE,post,FALSE,2004-08-04,2004-11-10,
AC,2006-10-01,2006,10,172.23834482993283,,,,56.16090788574582,61.3468075330024,FALSE,TRUE,FALSE,post,FALSE,2004-08-04,2004-11-10,
AL,2001-11-01,2001,11,100,,,,24.353969732686,25.371929208338,FALSE,TRUE,FALSE,pre,TRUE,2004-08-04,2004-11-10,
AL,2001-12-01,2001,12,101.59150502928662,,,,20.4007853697318,21.6550187099426,FALSE,TRUE,FALSE,pre,TRUE,2004-08-04,2004-11-10,
AL,2002-01-01,2002,1,103.11270421736535,,,,24.2824558563638,25.2599883662906,FALSE,TRUE,FALSE,pre,TRUE,2004-08-04,2004-11-10,
AL,2002-02-01,2002,2,103.63108064580533,,,,23.8569207938265,25.9154715982661,FALSE,TRUE,FALSE,pre,TRUE,2004-08-04,2004-11-10,
AL,2002-03-01,2002,3,103.06100213308451,,,,22.4807594330199,23.9474021283784,FALSE,TRUE,FALSE,pre,TRUE,2004-08-04,2004-11-10,
AL,2002-04-01,2002,4,106.13041562078885,,,,22.5902867560287,24.0063150848541,FALSE,TRUE,FALSE,pre,TRUE,2004-08-04,2004-11-10,
AL,2002-05-01,2002,5,105.29694952843215,,,,25.1815550822568,26.2046577453629,FALSE,TRUE,FALSE,pre,TRUE,2004-08-04,2004-11-10,
AL,2002-06-01,2002,6,100.44326874543854,,,,24.7377481609824,26.2517702599981,FALSE,TRUE,FALSE,pre,TRUE,2004-08-04,2004-11-10,
AL,2002-07-01,2002,7,104.40203771621725,,,,25.7875454706022,27.0206390488898,FALSE,TRUE,FALSE,pre,TRUE,2004-08-04,2004-11-10,
AL,2002-08-01,2002,8,104.55936457114042,,,,25.8043456688084,26.798635484318,FALSE,TRUE,FALSE,pre,TRUE,2004-08-04,2004-11-10,
AL,2002-09-01,2002,9,102.79880248899073,,,,26.7179832640291,29.3124344963335,FALSE,TRUE,FALSE,pre,TRUE,2004-08-04,2004-11-10,
AL,2002-10-01,2002,10,108.0266225621868,,,,25.8470606169559,27.0240843739557,FALSE,TRUE,FALSE,pre,TRUE,2004-08-04,2004-11-10,
AL,2002-11-01,2002,11,99.94999469623126,,,,24.2331845300278,25.5776112137791,FALSE,TRUE,FALSE,pre,TRUE,2004-08-04,2004-11-10,
AL,2002-12-01,2002,12,97.80778359844324,,,,20.227221758651,21.2287093540874,FALSE,TRUE,FALSE,pre,TRUE,2004-08-04,2004-11-10,
AL,2003-01-01,2003,1,93.63079667209361,,,,24.0377205201119,24.9814108152067,FALSE,TRUE,FALSE,pre,TRUE,2004-08-04,2004-11-10,
AL,2003-02-01,2003,2,104.32016300773145,,,,25.8464997647121,27.714433225147,FALSE,TRUE,FALSE,pre,TRUE,2004-08-04,2004-11-10,
AL,2003-03-01,2003,3,89.56493158804864,,,,26.5449845719856,28.1211999701503,FALSE,TRUE,FALSE,pre,TRUE,2004-08-04,2004-11-10,
AL,2003-04-01,2003,4,91.13191388814163,,,,25.136519006799,26.1800573947637,FALSE,TRUE,FALSE,pre,TRUE,2004-08-04,2004-11-10,
AL,2003-05-01,2003,5,87.25020533103189,,,,24.7336915177103,25.7302903443869,FALSE,TRUE,FALSE,pre,TRUE,2004-08-04,2004-11-10,
AL,2003-06-01,2003,6,91.21192670849808,,,,24.3439209395779,25.9746585855892,FALSE,TRUE,FALSE,pre,TRUE,2004-08-04,2004-11-10,
AL,2003-07-01,2003,7,91.04034713611249,,,,24.6536765209596,25.699066664547,FALSE,TRUE,FALSE,pre,TRUE,2004-08-04,2004-11-10,
AL,2003-08-01,2003,8,91.3414405056556,,,,23.3892359064017,24.4858813468579,FALSE,TRUE,FALSE,pre,TRUE,2004-08-04,2004-11-10,
AL,2003-09-01,2003,9,96.60320292796817,,,,26.9975588620007,29.9360691461239,FALSE,TRUE,FALSE,pre,TRUE,2004-08-04,2004-11-10,
AL,2003-10-01,2003,10,96.20265302503464,,,,22.2994972159645,23.2590408397903,FALSE,TRUE,FALSE,pre,TRUE,2004-08-04,2004-11-10,
AL,2003-11-01,2003,11,97.95975441553082,,,,23.8571812112753,25.6843152884765,FALSE,TRUE,FALSE,pre,TRUE,2004-08-04,2004-11-10,
AL,2003-12-01,2003,12,94.31122493186636,,,,27.0559197811941,27.663024113739,FALSE,TRUE,FALSE,pre,TRUE,2004-08-04,2004-11-10,
AL,2004-01-01,2004,1,94.26797452928963,,,,23.1310063534694,24.6818159330896,FALSE,TRUE,FALSE,pre,TRUE,2004-08-04,2004-11-10,
AL,2004-02-01,2004,2,96.76733040862787,,,,25.1323533770031,25.4765595957963,FALSE,TRUE,FALSE,pre,TRUE,2004-08-04,2004-11-10,
AL,2004-03-01,2004,3,102.63454320560626,,,,25.7318879056869,27.0790111823561,FALSE,TRUE,FALSE,pre,TRUE,2004-08-04,2004-11-10,
AL,2004-04-01,2004,4,103.3878704311183,,,,25.5741186279907,26.8150518637741,FALSE,TRUE,FALSE,pre,TRUE,2004-08-04,2004-11-10,
AL,2004-05-01,2004,5,106.2961735270986,,,,25.1208559487824,27.1305231947551,FALSE,TRUE,FALSE,pre,TRUE,2004-08-04,2004-11-10,
AL,2004-06-01,2004,6,107.77602474565724,,,,25.9894562562333,27.4383786530107,FALSE,TRUE,FALSE,pre,TRUE,2004-08-04,2004-11-10,
AL,2004-07-01,2004,7,106.26281998431222,,,,25.7055666282977,26.895578928189,FALSE,TRUE,FALSE,pre,TRUE,2004-08-04,2004-11-10,
AL,2004-08-01,2004,8,107.3352852732504,,,,29.6508225959261,31.5834456228405,FALSE,TRUE,FALSE,pre,TRUE,2004-08-04,2004-11-10,
AL,2004-09-01,2004,9,106.58823857378671,,,,27.587221314278,29.2891877186813,FALSE,TRUE,FALSE,pre,TRUE,2004-08-04,2004-11-10,
AL,2004-10-01,2004,10,109.53311726662476,,,,31.6206357288142,33.520933780856,FALSE,TRUE,FALSE,pre,TRUE,2004-08-04,2004-11-10,
AL,2004-11-01,2004,11,111.22454584042781,,,,30.9192456865521,32.5187695828194,FALSE,TRUE,FALSE,post,FALSE,2004-08-04,2004-11-10,
AL,2004-12-01,2004,12,109.77746361887972,,,,33.9844694906714,34.5852283351781,FALSE,TRUE,FALSE,post,FALSE,2004-08-04,2004-11-10,
AL,2005-01-01,2005,1,117.18002619911279,,,,28.4656644637981,30.9968925147711,FALSE,TRUE,FALSE,post,FALSE,2004-08-04,2004-11-10,
AL,2005-02-01,2005,2,117.16476673592159,,,,27.3075056632711,29.1360710563412,FALSE,TRUE,FALSE,post,FALSE,2004-08-04,2004-11-10,
AL,2005-03-01,2005,3,118.10308523390754,,,,29.9461296921539,31.9658428909532,FALSE,TRUE,FALSE,post,FALSE,2004-08-04,2004-11-10,
AL,2005-04-01,2005,4,122.0357648892341,,,,31.4255620192664,33.4848701891161,FALSE,TRUE,FALSE,post,FALSE,2004-08-04,2004-11-10,
AL,2005-05-01,2005,5,120.63703561712208,,,,29.3568461610507,31.3577380317094,FALSE,TRUE,FALSE,post,FALSE,2004-08-04,2004-11-10,
AL,2005-06-01,2005,6,126.27073440404111,,,,32.8261885036661,34.4476687252696,FALSE,TRUE,FALSE,post,FALSE,2004-08-04,2004-11-10,
AL,2005-07-01,2005,7,129.42604459864177,,,,29.0362994510078,31.1207338886347,FALSE,TRUE,FALSE,post,FALSE,2004-08-04,2004-11-10,
AL,2005-08-01,2005,8,129.44605200491273,,,,28.2168198354214,30.7823353470951,FALSE,TRUE,FALSE,post,FALSE,2004-08-04,2004-11-10,
AL,2005-09-01,2005,9,125.80601883821245,,,,31.3107656047857,33.2303777499721,FALSE,TRUE,FALSE,post,FALSE,2004-08-04,2004-11-10,
AL,2005-10-01,2005,10,122.38197026491332,,,,27.9624755460546,30.2389948674416,FALSE,TRUE,FALSE,post,FALSE,2004-08-04,2004-11-10,
AL,2005-11-01,2005,11,121.81978200594286,,,,23.5526038629031,24.8493495435739,FALSE,TRUE,FALSE,post,FALSE,2004-08-04,2004-11-10,
AL,2005-12-01,2005,12,121.13583666739424,,,,30.8494319605445,31.5718070327673,FALSE,TRUE,FALSE,post,FALSE,2004-08-04,2004-11-10,
AL,2006-01-01,2006,1,124.18134495661289,,,,31.5197241420364,33.744439246143,FALSE,TRUE,FALSE,post,FALSE,2004-08-04,2004-11-10,
AL,2006-02-01,2006,2,129.79743835092987,,,,28.7680000090831,31.6600250386351,FALSE,TRUE,FALSE,post,FALSE,2004-08-04,2004-11-10,
AL,2006-03-01,2006,3,134.19028868341948,,,,29.0096865416572,30.7959165394708,FALSE,TRUE,FALSE,post,FALSE,2004-08-04,2004-11-10,
AL,2006-04-01,2006,4,132.04182585988247,,,,31.1756326111718,33.5891752388052,FALSE,TRUE,FALSE,post,FALSE,2004-08-04,2004-11-10,
AL,2006-05-01,2006,5,137.83013828752945,,,,39.6920712777453,41.0586153706344,FALSE,TRUE,FALSE,post,FALSE,2004-08-04,2004-11-10,
AL,2006-06-01,2006,6,138.4997626409142,,,,31.0127601623633,32.269540098255,FALSE,TRUE,FALSE,post,FALSE,2004-08-04,2004-11-10,
AL,2006-07-01,2006,7,142.0913876862349,,,,30.3246531486151,33.0194191992688,FALSE,TRUE,FALSE,post,FALSE,2004-08-04,2004-11-10,
AL,2006-08-01,2006,8,150.77273079601275,,,,30.4737935893048,31.4000086688443,FALSE,TRUE,FALSE,post,FALSE,2004-08-04,2004-11-10,
AL,2006-09-01,2006,9,152.70885437877453,,,,29.6123305971537,32.4377959969896,FALSE,TRUE,FALSE,post,FALSE,2004-08-04,2004-11-10,
AL,2006-10-01,2006,10,165.53995450133093,,,,40.3338949265697,42.9623729693768,FALSE,TRUE,FALSE,post,FALSE,2004-08-04,2004-11-10,
AM,2001-11-01,2001,11,99.99999999999999,,,,60.6615687495406,62.892406888406,FALSE,TRUE,FALSE,pre,TRUE,2004-08-04,2004-11-10,
AM,2001-12-01,2001,12,101.36476186025801,,,,63.1133021102647,64.2078657273271,FALSE,TRUE,FALSE,pre,TRUE,2004-08-04,2004-11-10,
AM,2002-01-01,2002,1,105.23026319930592,,,,67.7867441387056,70.5890767331956,FALSE,TRUE,FALSE,pre,TRUE,2004-08-04,2004-11-10,
AM,2002-02-01,2002,2,105.19216646004907,,,,67.8471651209906,69.7041582570413,FALSE,TRUE,FALSE,pre,TRUE,2004-08-04,2004-11-10,
AM,2002-03-01,2002,3,103.60629921714037,,,,64.8028936792137,67.9956325142903,FALSE,TRUE,FALSE,pre,TRUE,2004-08-04,2004-11-10,
AM,2002-04-01,2002,4,107.97988454069747,,,,65.5859837131374,70.147974133347,FALSE,TRUE,FALSE,pre,TRUE,2004-08-04,2004-11-10,
AM,2002-05-01,2002,5,105.87010970847278,,,,64.872796477052,69.2109970864887,FALSE,TRUE,FALSE,pre,TRUE,2004-08-04,2004-11-10,
AM,2002-06-01,2002,6,99.3759956970024,,,,66.6584901002569,71.3122615249637,FALSE,TRUE,FALSE,pre,TRUE,2004-08-04,2004-11-10,
AM,2002-07-01,2002,7,105.43163364604717,,,,65.6805078095409,70.285234436666,FALSE,TRUE,FALSE,pre,TRUE,2004-08-04,2004-11-10,
AM,2002-08-01,2002,8,100.34075813748787,,,,67.9887989209568,72.9047244011605,FALSE,TRUE,FALSE,pre,TRUE,2004-08-04,2004-11-10,
AM,2002-09-01,2002,9,101.2970768109015,,,,79.0369081483967,83.5388003680754,FALSE,TRUE,FALSE,pre,TRUE,2004-08-04,2004-11-10,
AM,2002-10-01,2002,10,100.66862074106628,,,,72.0489697692507,76.8936918585172,FALSE,TRUE,FALSE,pre,TRUE,2004-08-04,2004-11-10,
AM,2002-11-01,2002,11,101.35130217152403,,,,73.3029463538358,78.6543849004164,FALSE,TRUE,FALSE,pre,TRUE,2004-08-04,2004-11-10,
AM,2002-12-01,2002,12,82.66590198617246,,,,68.121871827763,74.79579907486,FALSE,TRUE,FALSE,pre,TRUE,2004-08-04,2004-11-10,
AM,2003-01-01,2003,1,94.26583667701135,,,,69.888252070537,74.5007754635976,FALSE,TRUE,FALSE,pre,TRUE,2004-08-04,2004-11-10,
AM,2003-02-01,2003,2,96.47121215656557,,,,67.6118533716378,74.4924594865699,FALSE,TRUE,FALSE,pre,TRUE,2004-08-04,2004-11-10,
AM,2003-03-01,2003,3,91.97303588281626,,,,76.6606962453619,79.3783551913374,FALSE,TRUE,FALSE,pre,TRUE,2004-08-04,2004-11-10,
AM,2003-04-01,2003,4,90.08119287572049,,,,69.0156820519728,74.5727489277695,FALSE,TRUE,FALSE,pre,TRUE,2004-08-04,2004-11-10,
AM,2003-05-01,2003,5,87.30231038156623,,,,64.3907066043607,68.5493519077796,FALSE,TRUE,FALSE,pre,TRUE,2004-08-04,2004-11-10,
AM,2003-06-01,2003,6,94.55411373180597,,,,66.2078550353876,71.1391554432027,FALSE,TRUE,FALSE,pre,TRUE,2004-08-04,2004-11-10,
AM,2003-07-01,2003,7,92.7097831221874,,,,60.858994898414,65.5947829180022,FALSE,TRUE,FALSE,pre,TRUE,2004-08-04,2004-11-10,
AM,2003-08-01,2003,8,93.4584926884135,,,,65.4986532266755,69.8336495563422,FALSE,TRUE,FALSE,pre,TRUE,2004-08-04,2004-11-10,
AM,2003-09-01,2003,9,94.05781901974721,,,,62.191999068159,66.8083131125739,FALSE,TRUE,FALSE,pre,TRUE,2004-08-04,2004-11-10,
AM,2003-10-01,2003,10,96.72801159524029,,,,61.551883973024196,66.4292021922039,FALSE,TRUE,FALSE,pre,TRUE,2004-08-04,2004-11-10,
AM,2003-11-01,2003,11,100.49037777651294,,,,63.3204122201599,69.0117134236514,FALSE,TRUE,FALSE,pre,TRUE,2004-08-04,2004-11-10,
AM,2003-12-01,2003,12,98.08339949997138,,,,63.0352962950526,67.9997399931724,FALSE,TRUE,FALSE,pre,TRUE,2004-08-04,2004-11-10,
AM,2004-01-01,2004,1,104.1102528429141,,,,63.5667429569269,68.8405490270391,FALSE,TRUE,FALSE,pre,TRUE,2004-08-04,2004-11-10,
AM,2004-02-01,2004,2,101.86930198553297,,,,64.9934834085087,68.561314921941,FALSE,TRUE,FALSE,pre,TRUE,2004-08-04,2004-11-10,
AM,2004-03-01,2004,3,100.9286113506853,,,,66.5336908837926,69.9408337372181,FALSE,TRUE,FALSE,pre,TRUE,2004-08-04,2004-11-10,
AM,2004-04-01,2004,4,106.33024014905487,,,,66.6322972793005,70.8181630539198,FALSE,TRUE,FALSE,pre,TRUE,2004-08-04,2004-11-10,
AM,2004-05-01,2004,5,114.13356799978868,,,,68.7194940727012,74.4783659562282,FALSE,TRUE,FALSE,pre,TRUE,2004-08-04,2004-11-10,
AM,2004-06-01,2004,6,115.63155055772923,,,,70.4096062739803,74.925802446395707,FALSE,TRUE,FALSE,pre,TRUE,2004-08-04,2004-11-10,
AM,2004-07-01,2004,7,116.96496900957042,,,,72.8032732470991,78.0468031717673,FALSE,TRUE,FALSE,pre,TRUE,2004-08-04,2004-11-10,
AM,2004-08-01,2004,8,111.73915741324578,,,,71.1201150115421,76.4043732678873,FALSE,TRUE,FALSE,pre,TRUE,2004-08-04,2004-11-10,
AM,2004-09-01,2004,9,114.36684663825673,,,,88.5270543571722,93.6334607322681,FALSE,TRUE,FALSE,pre,TRUE,2004-08-04,2004-11-10,
AM,2004-10-01,2004,10,117.0371379747632,,,,70.6833899455207,75.2591284581323,FALSE,TRUE,FALSE,pre,TRUE,2004-08-04,2004-11-10,
AM,2004-11-01,2004,11,114.83554807937047,,,,69.6374539413542,77.5973896170835,FALSE,TRUE,FALSE,post,FALSE,2004-08-04,2004-11-10,
AM,2004-12-01,2004,12,118.04803181605628,,,,77.0181795790371,83.4043869535332,FALSE,TRUE,FALSE,post,FALSE,2004-08-04,2004-11-10,
AM,2005-01-01,2005,1,114.12734276723145,,,,72.6348971975819,77.1775206018686,FALSE,TRUE,FALSE,post,FALSE,2004-08-04,2004-11-10,
AM,2005-02-01,2005,2,125.77225358748645,,,,72.5096359676157,77.952700304354,FALSE,TRUE,FALSE,post,FALSE,2004-08-04,2004-11-10,
AM,2005-03-01,2005,3,128.46135197141396,,,,75.0755139519719,80.700065823712393,FALSE,TRUE,FALSE,post,FALSE,2004-08-04,2004-11-10,
AM,2005-04-01,2005,4,133.4624869935488,,,,71.3886446049407,76.8296254575822,FALSE,TRUE,FALSE,post,FALSE,2004-08-04,2004-11-10,
AM,2005-05-01,2005,5,126.68852259449478,,,,73.3612601119187,78.4593085774952,FALSE,TRUE,FALSE,post,FALSE,2004-08-04,2004-11-10,
AM,2005-06-01,2005,6,133.20075958388847,,,,73.4677416537881,79.106254883988,FALSE,TRUE,FALSE,post,FALSE,2004-08-04,2004-11-10,
AM,2005-07-01,2005,7,136.7882386026118,,,,75.4479025048493,80.6693866317764,FALSE,TRUE,FALSE,post,FALSE,2004-08-04,2004-11-10,
AM,2005-08-01,2005,8,139.88050028453085,,,,74.6228455822123,79.9082865523617,FALSE,TRUE,FALSE,post,FALSE,2004-08-04,2004-11-10,
AM,2005-09-01,2005,9,137.65506619492697,,,,73.2400315099866,78.9025968494418,FALSE,TRUE,FALSE,post,FALSE,2004-08-04,2004-11-10,
AM,2005-10-01,2005,10,138.72168168560165,,,,74.9353504234197,80.0281380543074,FALSE,TRUE,FALSE,post,FALSE,2004-08-04,2004-11-10,
AM,2005-11-01,2005,11,140.54285627704445,,,,75.4245438994706,81.3069699464785,FALSE,TRUE,FALSE,post,FALSE,2004-08-04,2004-11-10,
AM,2005-12-01,2005,12,150.98334867990775,,,,76.5384110239134,82.5207809358481,FALSE,TRUE,FALSE,post,FALSE,2004-08-04,2004-11-10,
AM,2006-01-01,2006,1,143.3849549785766,,,,78.417320536601,84.3384707295912,FALSE,TRUE,FALSE,post,FALSE,2004-08-04,2004-11-10,
AM,2006-02-01,2006,2,143.21385186301112,,,,78.6438082422149,83.6019817745197,FALSE,TRUE,FALSE,post,FALSE,2004-08-04,2004-11-10,
AM,2006-03-01,2006,3,145.79660111087776,,,,77.0028941068429,83.3183898791937,FALSE,TRUE,FALSE,post,FALSE,2004-08-04,2004-11-10,
AM,2006-04-01,2006,4,149.03227619123135,,,,77.4396372331306,82.5970964536372,FALSE,TRUE,FALSE,post,FALSE,2004-08-04,2004-11-10,
AM,2006-05-01,2006,5,153.0807101694161,,,,79.8223447901045,86.0196882281345,FALSE,TRUE,FALSE,post,FALSE,2004-08-04,2004-11-10,
AM,2006-06-01,2006,6,148.14947295987733,,,,78.9298140547029,84.7998279992148,FALSE,TRUE,FALSE,post,FALSE,2004-08-04,2004-11-10,
AM,2006-07-01,2006,7,149.99115042888437,,,,78.635739684135,84.1826953030937,FALSE,TRUE,FALSE,post,FALSE,2004-08-04,2004-11-10,
AM,2006-08-01,2006,8,153.00999326773365,,,,78.3986758718936,84.9517518349527,FALSE,TRUE,FALSE,post,FALSE,2004-08-04,2004-11-10,
AM,2006-09-01,2006,9,158.16416459499737,,,,77.4643458993763,83.0696572160021,FALSE,TRUE,FALSE,post,FALSE,2004-08-04,2004-11-10,
AM,2006-10-01,2006,10,157.58382746888702,,,,76.5238776917799,82.6278999188815,FALSE,TRUE,FALSE,post,FALSE,2004-08-04,2004-11-10,
AP,2001-11-01,2001,11,100,,,,26.7545180934121,31.6104210327464,FALSE,TRUE,FALSE,pre,TRUE,2004-08-04,2004-11-10,
AP,2001-12-01,2001,12,103.10892374139564,,,,25.2412217917206,34.0770481429883,FALSE,TRUE,FALSE,pre,TRUE,2004-08-04,2004-11-10,
AP,2002-01-01,2002,1,106.81186412440591,,,,34.0909311457088,37.2922583078116,FALSE,TRUE,FALSE,pre,TRUE,2004-08-04,2004-11-10,
AP,2002-02-01,2002,2,110.37778602487562,,,,29.7843342466337,37.7300093304823,FALSE,TRUE,FALSE,pre,TRUE,2004-08-04,2004-11-10,
AP,2002-03-01,2002,3,108.74426688384321,,,,22.6170569459897,27.117034080438,FALSE,TRUE,FALSE,pre,TRUE,2004-08-04,2004-11-10,
AP,2002-04-01,2002,4,113.79103166934597,,,,27.5503972082511,38.3043929792207,FALSE,TRUE,FALSE,pre,TRUE,2004-08-04,2004-11-10,
AP,2002-05-01,2002,5,115.42098036527385,,,,26.2956031792268,32.6419215906497,FALSE,TRUE,FALSE,pre,TRUE,2004-08-04,2004-11-10,
AP,2002-06-01,2002,6,114.4106090519333,,,,27.4487983211558,31.9320495499173,FALSE,TRUE,FALSE,pre,TRUE,2004-08-04,2004-11-10,
AP,2002-07-01,2002,7,105.56314309158556,,,,26.3337567095857,32.9503115466248,FALSE,TRUE,FALSE,pre,TRUE,2004-08-04,2004-11-10,
AP,2002-08-01,2002,8,107.64859943702334,,,,28.5926211243901,32.5359363220785,FALSE,TRUE,FALSE,pre,TRUE,2004-08-04,2004-11-10,
AP,2002-09-01,2002,9,109.88082132176838,,,,25.6014498420973,29.3812669891163,FALSE,TRUE,FALSE,pre,TRUE,2004-08-04,2004-11-10,
AP,2002-10-01,2002,10,107.52244835032727,,,,32.9567612524236,36.2570065003182,FALSE,TRUE,FALSE,pre,TRUE,2004-08-04,2004-11-10,
AP,2002-11-01,2002,11,103.35445528914487,,,,25.486130724631,30.3234010938504,FALSE,TRUE,FALSE,pre,TRUE,2004-08-04,2004-11-10,
AP,2002-12-01,2002,12,100.67535631963557,,,,29.7446938742876,33.4468751277182,FALSE,TRUE,FALSE,pre,TRUE,2004-08-04,2004-11-10,
AP,2003-01-01,2003,1,108.58771413873329,,,,24.2940712609982,27.6078244309756,FALSE,TRUE,FALSE,pre,TRUE,2004-08-04,2004-11-10,
AP,2003-02-01,2003,2,97.06823353951133,,,,23.4770764384177,29.2404487225331,FALSE,TRUE,FALSE,pre,TRUE,2004-08-04,2004-11-10,
AP,2003-03-01,2003,3,100.40496441405391,,,,23.4715533871064,28.0107579492704,FALSE,TRUE,FALSE,pre,TRUE,2004-08-04,2004-11-10,
AP,2003-04-01,2003,4,102.82431608986963,,,,25.6465505272142,32.3307307285713,FALSE,TRUE,FALSE,pre,TRUE,2004-08-04,2004-11-10,
AP,2003-05-01,2003,5,96.6645295343728,,,,25.4799068591675,33.2472626337047,FALSE,TRUE,FALSE,pre,TRUE,2004-08-04,2004-11-10,
AP,2003-06-01,2003,6,100.54258812977332,,,,24.0852173426234,31.5054005373362,FALSE,TRUE,FALSE,pre,TRUE,2004-08-04,2004-11-10,
AP,2003-07-01,2003,7,107.81117633574904,,,,25.7602184313206,29.1823005260563,FALSE,TRUE,FALSE,pre,TRUE,2004-08-04,2004-11-10,
AP,2003-08-01,2003,8,102.63983372336803,,,,24.7769409591714,32.6534445341274,FALSE,TRUE,FALSE,pre,TRUE,2004-08-04,2004-11-10,
AP,2003-09-01,2003,9,105.46800755555473,,,,25.7524780031309,34.7029848584767,FALSE,TRUE,FALSE,pre,TRUE,2004-08-04,2004-11-10,
AP,2003-10-01,2003,10,106.219374583419,,,,25.0516362465015,32.1274075467472,FALSE,TRUE,FALSE,pre,TRUE,2004-08-04,2004-11-10,
AP,2003-11-01,2003,11,106.95647806416225,,,,25.8023699143688,35.1217875217491,FALSE,TRUE,FALSE,pre,TRUE,2004-08-04,2004-11-10,
AP,2003-12-01,2003,12,106.6364597188113,,,,27.9349095298626,37.7812636966264,FALSE,TRUE,FALSE,pre,TRUE,2004-08-04,2004-11-10,
AP,2004-01-01,2004,1,99.49216252182303,,,,29.8686501618089,37.6004958138963,FALSE,TRUE,FALSE,pre,TRUE,2004-08-04,2004-11-10,
AP,2004-02-01,2004,2,105.91650059457095,,,,25.8567409721917,37.1036574468971,FALSE,TRUE,FALSE,pre,TRUE,2004-08-04,2004-11-10,
AP,2004-03-01,2004,3,101.57035940872765,,,,29.2832646618091,38.6224925737808,FALSE,TRUE,FALSE,pre,TRUE,2004-08-04,2004-11-10,
AP,2004-04-01,2004,4,103.10363973455394,,,,27.1955265993031,32.8726716055116,FALSE,TRUE,FALSE,pre,TRUE,2004-08-04,2004-11-10,
AP,2004-05-01,2004,5,101.86261391931343,,,,22.2161941011901,32.2286366302063,FALSE,TRUE,FALSE,pre,TRUE,2004-08-04,2004-11-10,
AP,2004-06-01,2004,6,102.68296462259275,,,,37.4373394301568,47.1009986335525,FALSE,TRUE,FALSE,pre,TRUE,2004-08-04,2004-11-10,
AP,2004-07-01,2004,7,105.15741188384348,,,,26.2173948806954,32.9485305002291,FALSE,TRUE,FALSE,pre,TRUE,2004-08-04,2004-11-10,
AP,2004-08-01,2004,8,106.59096774749028,,,,41.9617615513599,50.7545619970399,FALSE,TRUE,FALSE,pre,TRUE,2004-08-04,2004-11-10,
AP,2004-09-01,2004,9,108.63674879829881,,,,25.7178062808642,32.7040312284142,FALSE,TRUE,FALSE,pre,TRUE,2004-08-04,2004-11-10,
AP,2004-10-01,2004,10,110.58506881969997,,,,27.4329882702869,35.0520420609685,FALSE,TRUE,FALSE,pre,TRUE,2004-08-04,2004-11-10,
AP,2004-11-01,2004,11,110.21475905313102,,,,27.9151685151367,33.0943010733863,FALSE,TRUE,FALSE,post,FALSE,2004-08-04,2004-11-10,
AP,2004-12-01,2004,12,107.76089380557417,,,,24.5736081004604,27.9342305483059,FALSE,TRUE,FALSE,post,FALSE,2004-08-04,2004-11-10,
AP,2005-01-01,2005,1,105.28489197313965,,,,24.2964318822169,34.5249992108144,FALSE,TRUE,FALSE,post,FALSE,2004-08-04,2004-11-10,
AP,2005-02-01,2005,2,109.95777326706191,,,,30.5171696522593,37.4760179316793,FALSE,TRUE,FALSE,post,FALSE,2004-08-04,2004-11-10,
AP,2005-03-01,2005,3,111.29404696030169,,,,30.8353132016497,37.0873851290618,FALSE,TRUE,FALSE,post,FALSE,2004-08-04,2004-11-10,
AP,2005-04-01,2005,4,110.99304909915911,,,,28.6747934539006,33.8924986937881,FALSE,TRUE,FALSE,post,FALSE,2004-08-04,2004-11-10,
AP,2005-05-01,2005,5,108.56930517094285,,,,31.0551785682578,37.0939536663526,FALSE,TRUE,FALSE,post,FALSE,2004-08-04,2004-11-10,
AP,2005-06-01,2005,6,112.6250929816101,,,,32.3902188637723,39.6469842150362,FALSE,TRUE,FALSE,post,FALSE,2004-08-04,2004-11-10,
AP,2005-07-01,2005,7,111.27518505214674,,,,37.2429729416691,40.7887139589459,FALSE,TRUE,FALSE,post,FALSE,2004-08-04,2004-11-10,
AP,2005-08-01,2005,8,117.52833143563011,,,,34.0860880605572,42.1338710323063,FALSE,TRUE,FALSE,post,FALSE,2004-08-04,2004-11-10,
AP,2005-09-01,2005,9,112.04338912976807,,,,36.7894391273595,43.643399158328,FALSE,TRUE,FALSE,post,FALSE,2004-08-04,2004-11-10,
AP,2005-10-01,2005,10,110.3578198676623,,,,33.3825091809433,42.0838761192709,FALSE,TRUE,FALSE,post,FALSE,2004-08-04,2004-11-10,
AP,2005-11-01,2005,11,112.3320828381795,,,,34.5742105872381,38.3012600764425,FALSE,TRUE,FALSE,post,FALSE,2004-08-04,2004-11-10,
AP,2005-12-01,2005,12,108.29451141001287,,,,33.7271997040176,44.797619011064,FALSE,TRUE,FALSE,post,FALSE,2004-08-04,2004-11-10,
AP,2006-01-01,2006,1,137.94414611257233,,,,46.622227145787,52.6236861373052,FALSE,TRUE,FALSE,post,FALSE,2004-08-04,2004-11-10,
AP,2006-02-01,2006,2,129.62132642597223,,,,33.2482076853313,41.7748946599735,FALSE,TRUE,FALSE,post,FALSE,2004-08-04,2004-11-10,
AP,2006-03-01,2006,3,129.9274729191979,,,,34.0315151050217,42.5648812493918,FALSE,TRUE,FALSE,post,FALSE,2004-08-04,2004-11-10,
AP,2006-04-01,2006,4,127.97644472371049,,,,34.9520025169109,40.9396677395448,FALSE,TRUE,FALSE,post,FALSE,2004-08-04,2004-11-10,
AP,2006-05-01,2006,5,137.02839476721326,,,,34.1433188530709,42.2983738802093,FALSE,TRUE,FALSE,post,FALSE,2004-08-04,2004-11-10,
AP,2006-06-01,2006,6,133.28710529821564,,,,32.9172833209358,40.4155140013587,FALSE,TRUE,FALSE,post,FALSE,2004-08-04,2004-11-10,
AP,2006-07-01,2006,7,133.01329641215474,,,,32.977259479182,44.4031490772887,FALSE,TRUE,FALSE,post,FALSE,2004-08-04,2004-11-10,
AP,2006-08-01,2006,8,141.26929814951453,,,,31.729364976394,41.0285453340136,FALSE,TRUE,FALSE,post,FALSE,2004-08-04,2004-11-10,
AP,2006-09-01,2006,9,139.92478186451368,,,,40.8710845771233,47.5133739819665,FALSE,TRUE,FALSE,post,FALSE,2004-08-04,2004-11-10,
AP,2006-10-01,2006,10,142.9403973920777,,,,36.2089159431945,43.6448085969248,FALSE,TRUE,FALSE,post,FALSE,2004-08-04,2004-11-10,
BA,2001-11-01,2001,11,100,,,,35.7729486540963,37.4029375043516,FALSE,TRUE,FALSE,pre,TRUE,2004-08-04,2004-11-10,
BA,2001-12-01,2001,12,98.38004423800749,,,,34.5113226443117,37.97061990655,FALSE,TRUE,FALSE,pre,TRUE,2004-08-04,2004-11-10,
BA,2002-01-01,2002,1,102.20628612277369,,,,37.3308713153085,38.916224688772054,FALSE,TRUE,FALSE,pre,TRUE,2004-08-04,2004-11-10,
BA,2002-02-01,2002,2,102.93753091455557,,,,38.1663064829058,39.47469308592322,FALSE,TRUE,FALSE,pre,TRUE,2004-08-04,2004-11-10,
BA,2002-03-01,2002,3,100.85202414224011,,,,36.4415052262358,34.71916306830574,FALSE,TRUE,FALSE,pre,TRUE,2004-08-04,2004-11-10,
BA,2002-04-01,2002,4,100.45053042015267,,,,37.7738017849533,38.79053312602678,FALSE,TRUE,FALSE,pre,TRUE,2004-08-04,2004-11-10,
BA,2002-05-01,2002,5,99.4463975407037,,,,41.4152925379425,41.76741518055443,FALSE,TRUE,FALSE,pre,TRUE,2004-08-04,2004-11-10,
BA,2002-06-01,2002,6,98.80972863257084,,,,37.9029072691223,39.76143592007832,FALSE,TRUE,FALSE,pre,TRUE,2004-08-04,2004-11-10,
BA,2002-07-01,2002,7,99.36477449617958,,,,37.8299708650813,39.39946630143771,FALSE,TRUE,FALSE,pre,TRUE,2004-08-04,2004-11-10,
BA,2002-08-01,2002,8,100.79295325654388,,,,42.4717569813072,44.45024460137146,FALSE,TRUE,FALSE,pre,TRUE,2004-08-04,2004-11-10,
BA,2002-09-01,2002,9,99.59154296180134,,,,43.2241335259137,46.58437719260345,FALSE,TRUE,FALSE,pre,TRUE,2004-08-04,2004-11-10,
BA,2002-10-01,2002,10,99.54835128308757,,,,47.3566139942564,51.261816821526416,FALSE,TRUE,FALSE,pre,TRUE,2004-08-04,2004-11-10,
BA,2002-11-01,2002,11,95.10458382319,,,,44.1704718804833,45.99148102902918,FALSE,TRUE,FALSE,pre,TRUE,2004-08-04,2004-11-10,
BA,2002-12-01,2002,12,89.13981699227381,,,,39.840682110985,43.53010670869461,FALSE,TRUE,FALSE,pre,TRUE,2004-08-04,2004-11-10,
BA,2003-01-01,2003,1,92.81484048783682,,,,41.2571132588412,44.70755882730343,FALSE,TRUE,FALSE,pre,TRUE,2004-08-04,2004-11-10,
BA,2003-02-01,2003,2,95.2178320520007,,,,41.9523006728021,43.26262368759658,FALSE,TRUE,FALSE,pre,TRUE,2004-08-04,2004-11-10,
BA,2003-03-01,2003,3,89.21570501863071,,,,39.9810404148332,38.02564907496887,FALSE,TRUE,FALSE,pre,TRUE,2004-08-04,2004-11-10,
BA,2003-04-01,2003,4,93.70753806140873,,,,40.9700484854091,41.441174863625626,FALSE,TRUE,FALSE,pre,TRUE,2004-08-04,2004-11-10,
BA,2003-05-01,2003,5,91.72423951682399,,,,38.3975870211682,39.165414411813344,FALSE,TRUE,FALSE,pre,TRUE,2004-08-04,2004-11-10,
BA,2003-06-01,2003,6,92.36297384959796,,,,38.9689171371577,40.25907265548715,FALSE,TRUE,FALSE,pre,TRUE,2004-08-04,2004-11-10,
BA,2003-07-01,2003,7,94.95532621951527,,,,39.5750175423712,40.86768034924426,FALSE,TRUE,FALSE,pre,TRUE,2004-08-04,2004-11-10,
BA,2003-08-01,2003,8,92.96459567229496,,,,37.9081732613536,40.95561147502607,FALSE,TRUE,FALSE,pre,TRUE,2004-08-04,2004-11-10,
BA,2003-09-01,2003,9,94.97622096744325,,,,39.4669238334863,42.84522936043646,FALSE,TRUE,FALSE,pre,TRUE,2004-08-04,2004-11-10,
BA,2003-10-01,2003,10,94.81108069610914,,,,37.8453866017047,42.35786212575657,FALSE,TRUE,FALSE,pre,TRUE,2004-08-04,2004-11-10,
BA,2003-11-01,2003,11,95.91915443102836,,,,39.9674958248411,42.45624067709818,FALSE,TRUE,FALSE,pre,TRUE,2004-08-04,2004-11-10,
BA,2003-12-01,2003,12,92.77020131684384,,,,41.0354109717511,45.13493573791446,FALSE,TRUE,FALSE,pre,TRUE,2004-08-04,2004-11-10,
BA,2004-01-01,2004,1,91.93059425145329,,,,40.0613934544654,42.77790087435704,FALSE,TRUE,FALSE,pre,TRUE,2004-08-04,2004-11-10,
BA,2004-02-01,2004,2,96.2820195330805,,,,37.3293057585207,39.1316745026056,FALSE,TRUE,FALSE,pre,TRUE,2004-08-04,2004-11-10,
BA,2004-03-01,2004,3,99.36500924779295,,,,43.9524198943937,40.939109638269045,FALSE,TRUE,FALSE,pre,TRUE,2004-08-04,2004-11-10,
BA,2004-04-01,2004,4,98.88358626793239,,,,53.0049337153444,53.69882237442724,FALSE,TRUE,FALSE,pre,TRUE,2004-08-04,2004-11-10,
BA,2004-05-01,2004,5,101.75959150649956,,,,43.8899782278711,45.47253298115443,FALSE,TRUE,FALSE,pre,TRUE,2004-08-04,2004-11-10,
BA,2004-06-01,2004,6,102.81236969164334,,,,44.118607238982,45.669083064914794,FALSE,TRUE,FALSE,pre,TRUE,2004-08-04,2004-11-10,
BA,2004-07-01,2004,7,100.69051784856272,,,,45.340005646928,47.27845320846748,FALSE,TRUE,FALSE,pre,TRUE,2004-08-04,2004-11-10,
BA,2004-08-01,2004,8,100.89352334595169,,,,45.5328470056876,48.087568776233745,FALSE,TRUE,FALSE,pre,TRUE,2004-08-04,2004-11-10,
BA,2004-09-01,2004,9,101.54313525496917,,,,43.3499298407047,47.069951111583876,FALSE,TRUE,FALSE,pre,TRUE,2004-08-04,2004-11-10,
BA,2004-10-01,2004,10,104.83642131136267,,,,46.8961252696244,52.70659443768112,FALSE,TRUE,FALSE,pre,TRUE,2004-08-04,2004-11-10,
BA,2004-11-01,2004,11,105.52528315425319,,,,42.7684095784136,44.061231871717695,FALSE,TRUE,FALSE,post,FALSE,2004-08-04,2004-11-10,
BA,2004-12-01,2004,12,105.1685990499607,,,,47.319662935673,52.38391945377569,FALSE,TRUE,FALSE,post,FALSE,2004-08-04,2004-11-10,
BA,2005-01-01,2005,1,105.80760804051545,,,,48.3338719400922,51.132066281419036,FALSE,TRUE,FALSE,post,FALSE,2004-08-04,2004-11-10,
BA,2005-02-01,2005,2,103.29550600612994,,,,42.0583329122769,43.50294497403293,FALSE,TRUE,FALSE,post,FALSE,2004-08-04,2004-11-10,
BA,2005-03-01,2005,3,104.41590349432205,,,,42.8684824907572,40.151115633542084,FALSE,TRUE,FALSE,post,FALSE,2004-08-04,2004-11-10,
BA,2005-04-01,2005,4,106.76143863902121,,,,42.4904312349255,43.51292840812782,FALSE,TRUE,FALSE,post,FALSE,2004-08-04,2004-11-10,
BA,2005-05-01,2005,5,107.78032517310335,,,,48.0547004239128,48.71234050205337,FALSE,TRUE,FALSE,post,FALSE,2004-08-04,2004-11-10,
BA,2005-06-01,2005,6,109.58833429090757,,,,49.2911585987212,50.75250914509472,FALSE,TRUE,FALSE,post,FALSE,2004-08-04,2004-11-10,
BA,2005-07-01,2005,7,110.83826227359775,,,,40.5502987979703,43.505236627094575,FALSE,TRUE,FALSE,post,FALSE,2004-08-04,2004-11-10,
BA,2005-08-01,2005,8,111.2900329446871,,,,41.1673891867123,43.938939842580695,FALSE,TRUE,FALSE,post,FALSE,2004-08-04,2004-11-10,
BA,2005-09-01,2005,9,109.88283143995362,,,,54.9314499665974,58.58338360275823,FALSE,TRUE,FALSE,post,FALSE,2004-08-04,2004-11-10,
BA,2005-10-01,2005,10,109.12394048803257,,,,42.7999656313741,48.335874684880075,FALSE,TRUE,FALSE,post,FALSE,2004-08-04,2004-11-10,
BA,2005-11-01,2005,11,109.42181608195219,,,,45.8082376026943,46.50858625497232,FALSE,TRUE,FALSE,post,FALSE,2004-08-04,2004-11-10,
BA,2005-12-01,2005,12,109.04102306973527,,,,44.9256509455194,50.46871049290274,FALSE,TRUE,FALSE,post,FALSE,2004-08-04,2004-11-10,
BA,2006-01-01,2006,1,112.25508066921095,,,,45.4041090229484,47.595678698477975,FALSE,TRUE,FALSE,post,FALSE,2004-08-04,2004-11-10,
BA,2006-02-01,2006,2,115.93226031562129,,,,46.5610544642404,46.69665242768523,FALSE,TRUE,FALSE,post,FALSE,2004-08-04,2004-11-10,
BA,2006-03-01,2006,3,117.73086206729046,,,,47.1525592023208,43.99182656795612,FALSE,TRUE,FALSE,post,FALSE,2004-08-04,2004-11-10,
BA,2006-04-01,2006,4,118.61399244729047,,,,45.0633778668064,46.099640006262135,FALSE,TRUE,FALSE,post,FALSE,2004-08-04,2004-11-10,
BA,2006-05-01,2006,5,116.44183271657886,,,,44.1457067780183,44.152740076314835,FALSE,TRUE,FALSE,post,FALSE,2004-08-04,2004-11-10,
BA,2006-06-01,2006,6,115.28806687754904,,,,44.7431822368338,46.22044118441084,FALSE,TRUE,FALSE,post,FALSE,2004-08-04,2004-11-10,
BA,2006-07-01,2006,7,120.56009958558879,,,,44.4225625813371,46.46373020802316,FALSE,TRUE,FALSE,post,FALSE,2004-08-04,2004-11-10,
BA,2006-08-01,2006,8,120.32343813354278,,,,45.4371613767326,48.866886647136795,FALSE,TRUE,FALSE,post,FALSE,2004-08-04,2004-11-10,
BA,2006-09-01,2006,9,120.18282295696156,,,,57.6820825594143,62.3117114667928,FALSE,TRUE,FALSE,post,FALSE,2004-08-04,2004-11-10,
BA,2006-10-01,2006,10,120.38908869118916,,,,51.0597101015577,55.69880659302035,FALSE,TRUE,FALSE,post,FALSE,2004-08-04,2004-11-10,
CE,2001-11-01,2001,11,99.99999999999999,,,,28.9277625443657,30.4211563435486,FALSE,TRUE,FALSE,pre,TRUE,2004-08-04,2004-11-10,
CE,2001-12-01,2001,12,94.8640219411111,,,,31.3571098406803,32.8604038451229,FALSE,TRUE,FALSE,pre,TRUE,2004-08-04,2004-11-10,
CE,2002-01-01,2002,1,104.0179940212044,,,,31.359298251759,32.8113968878819,FALSE,TRUE,FALSE,pre,TRUE,2004-08-04,2004-11-10,
CE,2002-02-01,2002,2,103.86974388914999,,,,31.123784529815,32.7367810389875,FALSE,TRUE,FALSE,pre,TRUE,2004-08-04,2004-11-10,
CE,2002-03-01,2002,3,105.4257907688036,,,,30.2732750610619,31.5579204370039,FALSE,TRUE,FALSE,pre,TRUE,2004-08-04,2004-11-10,
CE,2002-04-01,2002,4,103.21821796563358,,,,32.4152590878561,34.0939232740126,FALSE,TRUE,FALSE,pre,TRUE,2004-08-04,2004-11-10,
CE,2002-05-01,2002,5,108.84580540503417,,,,33.3345031831496,34.8711835644051,FALSE,TRUE,FALSE,pre,TRUE,2004-08-04,2004-11-10,
CE,2002-06-01,2002,6,103.70627486179534,,,,32.2584469332479,33.5868529804652,FALSE,TRUE,FALSE,pre,TRUE,2004-08-04,2004-11-10,
CE,2002-07-01,2002,7,105.83770509370295,,,,32.4984879630604,34.0656964671405,FALSE,TRUE,FALSE,pre,TRUE,2004-08-04,2004-11-10,
CE,2002-08-01,2002,8,103.85755134594801,,,,32.9693387231673,34.4714300217893,FALSE,TRUE,FALSE,pre,TRUE,2004-08-04,2004-11-10,
CE,2002-09-01,2002,9,103.49219330829436,,,,33.5251263874239,35.1542506547455,FALSE,TRUE,FALSE,pre,TRUE,2004-08-04,2004-11-10,
CE,2002-10-01,2002,10,102.51379731036991,,,,34.7380566386701,36.3566433294308,FALSE,TRUE,FALSE,pre,TRUE,2004-08-04,2004-11-10,
CE,2002-11-01,2002,11,101.785874859689,,,,36.5426160659562,38.1030405517972,FALSE,TRUE,FALSE,pre,TRUE,2004-08-04,2004-11-10,
CE,2002-12-01,2002,12,90.39070008110308,,,,34.9172067546872,36.5397327694873,FALSE,TRUE,FALSE,pre,TRUE,2004-08-04,2004-11-10,
CE,2003-01-01,2003,1,97.21309969263999,,,,33.829628723381,35.496124942751,FALSE,TRUE,FALSE,pre,TRUE,2004-08-04,2004-11-10,
CE,2003-02-01,2003,2,100.87386365866088,,,,32.8094313172244,34.1372649937552,FALSE,TRUE,FALSE,pre,TRUE,2004-08-04,2004-11-10,
CE,2003-03-01,2003,3,92.4549353643144,,,,31.0449112420579,32.4472479628639,FALSE,TRUE,FALSE,pre,TRUE,2004-08-04,2004-11-10,
CE,2003-04-01,2003,4,96.91745438169445,,,,31.6220350963258,32.8518549554295,FALSE,TRUE,FALSE,pre,TRUE,2004-08-04,2004-11-10,
CE,2003-05-01,2003,5,95.31364032090293,,,,29.6193351882671,30.9258894727948,FALSE,TRUE,FALSE,pre,TRUE,2004-08-04,2004-11-10,
CE,2003-06-01,2003,6,95.55960525339086,,,,33.3537561927611,34.6181691932372,FALSE,TRUE,FALSE,pre,TRUE,2004-08-04,2004-11-10,
CE,2003-07-01,2003,7,97.3504625163073,,,,31.180687148748,32.6752166926907,FALSE,TRUE,FALSE,pre,TRUE,2004-08-04,2004-11-10,
CE,2003-08-01,2003,8,97.7902618322036,,,,34.4896026805379,35.8712460551009,FALSE,TRUE,FALSE,pre,TRUE,2004-08-04,2004-11-10,
CE,2003-09-01,2003,9,96.94072549744293,,,,30.6510113414343,32.4290753681047,FALSE,TRUE,FALSE,pre,TRUE,2004-08-04,2004-11-10,
CE,2003-10-01,2003,10,99.17475009834673,,,,27.3733638021698,28.9684694957107,FALSE,TRUE,FALSE,pre,TRUE,2004-08-04,2004-11-10,
CE,2003-11-01,2003,11,100.48314904753397,,,,27.7037425851373,29.3348182145927,FALSE,TRUE,FALSE,pre,TRUE,2004-08-04,2004-11-10,
CE,2003-12-01,2003,12,93.04314694704443,,,,27.3457930911469,28.9667754397422,FALSE,TRUE,FALSE,pre,TRUE,2004-08-04,2004-11-10,
CE,2004-01-01,2004,1,100.56652586016268,,,,28.4365692419433,29.9414333360226,FALSE,TRUE,FALSE,pre,TRUE,2004-08-04,2004-11-10,
CE,2004-02-01,2004,2,101.82668812902583,,,,31.7956354398579,32.9395439357128,FALSE,TRUE,FALSE,pre,TRUE,2004-08-04,2004-11-10,
CE,2004-03-01,2004,3,104.32824953604211,,,,32.1360625854741,33.55082133427,FALSE,TRUE,FALSE,pre,TRUE,2004-08-04,2004-11-10,
CE,2004-04-01,2004,4,105.86218481299001,,,,30.362923546093,31.2486929196268,FALSE,TRUE,FALSE,pre,TRUE,2004-08-04,2004-11-10,
CE,2004-05-01,2004,5,103.49876465883051,,,,31.6320570822408,32.994261820495304,FALSE,TRUE,FALSE,pre,TRUE,2004-08-04,2004-11-10,
CE,2004-06-01,2004,6,104.16485833344767,,,,30.7611628886172,32.0670998337496,FALSE,TRUE,FALSE,pre,TRUE,2004-08-04,2004-11-10,
CE,2004-07-01,2004,7,108.47184535535625,,,,30.9436141063059,32.4747253838555,FALSE,TRUE,FALSE,pre,TRUE,2004-08-04,2004-11-10,
CE,2004-08-01,2004,8,102.98546833933106,,,,30.0091639964587,31.4851058607127,FALSE,TRUE,FALSE,pre,TRUE,2004-08-04,2004-11-10,
CE,2004-09-01,2004,9,104.53996057886093,,,,26.8376590287064,28.5821138367055,FALSE,TRUE,FALSE,pre,TRUE,2004-08-04,2004-11-10,
CE,2004-10-01,2004,10,106.63472354288162,,,,31.4948028169799,33.1848989665603,FALSE,TRUE,FALSE,pre,TRUE,2004-08-04,2004-11-10,
CE,2004-11-01,2004,11,105.7699599273627,,,,33.5573038698097,35.1255839871595,FALSE,TRUE,FALSE,post,FALSE,2004-08-04,2004-11-10,
CE,2004-12-01,2004,12,109.52543523062022,,,,45.9479192733781,47.9483333813067,FALSE,TRUE,FALSE,post,FALSE,2004-08-04,2004-11-10,
CE,2005-01-01,2005,1,110.36958204997421,,,,31.5589417505442,31.3599246847452,FALSE,TRUE,FALSE,post,FALSE,2004-08-04,2004-11-10,
CE,2005-02-01,2005,2,115.23601611313538,,,,30.7873576641848,32.342701807601,FALSE,TRUE,FALSE,post,FALSE,2004-08-04,2004-11-10,
CE,2005-03-01,2005,3,116.7111338517194,,,,31.364896852028,32.9226348239931,FALSE,TRUE,FALSE,post,FALSE,2004-08-04,2004-11-10,
CE,2005-04-01,2005,4,120.58103320006528,,,,31.1918057410749,33.1504972222515,FALSE,TRUE,FALSE,post,FALSE,2004-08-04,2004-11-10,
CE,2005-05-01,2005,5,119.10863408033966,,,,34.5007551597837,35.9852056096701,FALSE,TRUE,FALSE,post,FALSE,2004-08-04,2004-11-10,
CE,2005-06-01,2005,6,125.23286811354369,,,,27.6935498362455,29.1000707071001,FALSE,TRUE,FALSE,post,FALSE,2004-08-04,2004-11-10,
CE,2005-07-01,2005,7,126.84266277119136,,,,31.2780197062434,32.940298594048,FALSE,TRUE,FALSE,post,FALSE,2004-08-04,2004-11-10,
CE,2005-08-01,2005,8,127.07301781007018,,,,29.4589647544531,31.2618994993318,FALSE,TRUE,FALSE,post,FALSE,2004-08-04,2004-11-10,
CE,2005-09-01,2005,9,126.69634472478575,,,,31.4125298975125,33.3382090187313,FALSE,TRUE,FALSE,post,FALSE,2004-08-04,2004-11-10,
CE,2005-10-01,2005,10,125.59716021293609,,,,31.5881335793085,33.3565890583315,FALSE,TRUE,FALSE,post,FALSE,2004-08-04,2004-11-10,
CE,2005-11-01,2005,11,126.682027469384,,,,28.0243008043611,29.6772483993727,FALSE,TRUE,FALSE,post,FALSE,2004-08-04,2004-11-10,
CE,2005-12-01,2005,12,125.8283951670848,,,,33.4764319478506,35.3897851593903,FALSE,TRUE,FALSE,post,FALSE,2004-08-04,2004-11-10,
CE,2006-01-01,2006,1,129.0710034951687,,,,37.3842463731718,37.0822085518738,FALSE,TRUE,FALSE,post,FALSE,2004-08-04,2004-11-10,
CE,2006-02-01,2006,2,127.39580185706649,,,,32.020227362357,33.9812112817947,FALSE,TRUE,FALSE,post,FALSE,2004-08-04,2004-11-10,
CE,2006-03-01,2006,3,126.3718483635002,,,,31.8691521602329,33.6581405611158,FALSE,TRUE,FALSE,post,FALSE,2004-08-04,2004-11-10,
CE,2006-04-01,2006,4,126.94323851559712,,,,40.6455706755026,42.705982746277,FALSE,TRUE,FALSE,post,FALSE,2004-08-04,2004-11-10,
CE,2006-05-01,2006,5,130.53277931625848,,,,26.5935907945807,28.2867271214697,FALSE,TRUE,FALSE,post,FALSE,2004-08-04,2004-11-10,
CE,2006-06-01,2006,6,131.78732477194217,,,,31.664275240655,33.1798878818744,FALSE,TRUE,FALSE,post,FALSE,2004-08-04,2004-11-10,
CE,2006-07-01,2006,7,131.47630206758666,,,,33.2479372830497,35.0683654119084,FALSE,TRUE,FALSE,post,FALSE,2004-08-04,2004-11-10,
CE,2006-08-01,2006,8,134.24701929686782,,,,35.6744509949093,37.5479658664441,FALSE,TRUE,FALSE,post,FALSE,2004-08-04,2004-11-10,
CE,2006-09-01,2006,9,139.38778661240434,,,,39.6845665295459,41.7084329675269,FALSE,TRUE,FALSE,post,FALSE,2004-08-04,2004-11-10,
CE,2006-10-01,2006,10,139.98528096306956,,,,43.1993812065571,45.3205034957394,FALSE,TRUE,FALSE,post,FALSE,2004-08-04,2004-11-10,
DF,2001-11-01,2001,11,100,,,,83.9741765470525,91.4835337487012,FALSE,TRUE,FALSE,pre,TRUE,2004-08-04,2004-11-10,
DF,2001-12-01,2001,12,100.60691474781491,,,,90.3406076809301,99.7750943107494,FALSE,TRUE,FALSE,pre,TRUE,2004-08-04,2004-11-10,
DF,2002-01-01,2002,1,103.30486838092544,,,,88.5778990339976,97.7121934252339,FALSE,TRUE,FALSE,pre,TRUE,2004-08-04,2004-11-10,
DF,2002-02-01,2002,2,99.37841420838275,,,,85.0805143394415,93.8439798831283,FALSE,TRUE,FALSE,pre,TRUE,2004-08-04,2004-11-10,
DF,2002-03-01,2002,3,103.87184988378408,,,,84.2428561735151,92.561705302268,FALSE,TRUE,FALSE,pre,TRUE,2004-08-04,2004-11-10,
DF,2002-04-01,2002,4,106.82611486441111,,,,84.9659451452765,94.5678861785571,FALSE,TRUE,FALSE,pre,TRUE,2004-08-04,2004-11-10,
DF,2002-05-01,2002,5,104.1993542929619,,,,86.6204017574732,95.5845574351231,FALSE,TRUE,FALSE,pre,TRUE,2004-08-04,2004-11-10,
DF,2002-06-01,2002,6,103.60841837225564,,,,87.0091885613185,97.7705223506142,FALSE,TRUE,FALSE,pre,TRUE,2004-08-04,2004-11-10,
DF,2002-07-01,2002,7,102.63080070267307,,,,170.055155061848,178.316885854446,FALSE,TRUE,FALSE,pre,TRUE,2004-08-04,2004-11-10,
DF,2002-08-01,2002,8,106.1652571563505,,,,84.4679442432075,91.3047201669673,FALSE,TRUE,FALSE,pre,TRUE,2004-08-04,2004-11-10,
DF,2002-09-01,2002,9,104.4248106973237,,,,96.9663143640583,105.559369816022,FALSE,TRUE,FALSE,pre,TRUE,2004-08-04,2004-11-10,
DF,2002-10-01,2002,10,102.3518516412265,,,,94.2454371881407,103.695497992438,FALSE,TRUE,FALSE,pre,TRUE,2004-08-04,2004-11-10,
DF,2002-11-01,2002,11,96.87511843363937,,,,91.0985760566942,100.387958850047,FALSE,TRUE,FALSE,pre,TRUE,2004-08-04,2004-11-10,
DF,2002-12-01,2002,12,94.67525789211203,,,,86.299390392681,93.6148775380338,FALSE,TRUE,FALSE,pre,TRUE,2004-08-04,2004-11-10,
DF,2003-01-01,2003,1,98.05747805299997,,,,87.3862912040252,94.7478804841697,FALSE,TRUE,FALSE,pre,TRUE,2004-08-04,2004-11-10,
DF,2003-02-01,2003,2,98.60762450635244,,,,101.127320090598,109.820111239793,FALSE,TRUE,FALSE,pre,TRUE,2004-08-04,2004-11-10,
DF,2003-03-01,2003,3,93.34278457029772,,,,89.8034391606974,97.835463408578,FALSE,TRUE,FALSE,pre,TRUE,2004-08-04,2004-11-10,
DF,2003-04-01,2003,4,93.81148018876763,,,,90.9337643748063,98.0210591022209,FALSE,TRUE,FALSE,pre,TRUE,2004-08-04,2004-11-10,
DF,2003-05-01,2003,5,93.78568644797943,,,,85.5898383345636,93.2429633266865,FALSE,TRUE,FALSE,pre,TRUE,2004-08-04,2004-11-10,
DF,2003-06-01,2003,6,99.41942372258578,,,,87.1356157913632,95.1258760615157,FALSE,TRUE,FALSE,pre,TRUE,2004-08-04,2004-11-10,
DF,2003-07-01,2003,7,95.41543872147105,,,,87.5132886766624,96.0803148693847,FALSE,TRUE,FALSE,pre,TRUE,2004-08-04,2004-11-10,
DF,2003-08-01,2003,8,94.73657847130549,,,,87.9406820414466,94.6615901990709,FALSE,TRUE,FALSE,pre,TRUE,2004-08-04,2004-11-10,
DF,2003-09-01,2003,9,95.61041449973014,,,,81.6208935801992,90.505398314469,FALSE,TRUE,FALSE,pre,TRUE,2004-08-04,2004-11-10,
DF,2003-10-01,2003,10,97.6201317110499,,,,86.1437217349452,96.5052473687925,FALSE,TRUE,FALSE,pre,TRUE,2004-08-04,2004-11-10,
DF,2003-11-01,2003,11,99.17492273683631,,,,97.3562742242165,106.0990533985,FALSE,TRUE,FALSE,pre,TRUE,2004-08-04,2004-11-10,
DF,2003-12-01,2003,12,99.15498226367775,,,,94.3251000804556,102.772683661956,FALSE,TRUE,FALSE,pre,TRUE,2004-08-04,2004-11-10,
DF,2004-01-01,2004,1,99.38465507110902,,,,93.8272893575525,100.055688594133,FALSE,TRUE,FALSE,pre,TRUE,2004-08-04,2004-11-10,
DF,2004-02-01,2004,2,100.5442885695214,,,,99.0088671965795,106.810268952363,FALSE,TRUE,FALSE,pre,TRUE,2004-08-04,2004-11-10,
DF,2004-03-01,2004,3,103.74617996293122,,,,89.7086039400503,98.9284780666041,FALSE,TRUE,FALSE,pre,TRUE,2004-08-04,2004-11-10,
DF,2004-04-01,2004,4,103.77882379598645,,,,92.8327695929794,99.8609546365742,FALSE,TRUE,FALSE,pre,TRUE,2004-08-04,2004-11-10,
DF,2004-05-01,2004,5,104.21712888351814,,,,94.1283151316225,103.072295207784,FALSE,TRUE,FALSE,pre,TRUE,2004-08-04,2004-11-10,
DF,2004-06-01,2004,6,106.91457789419552,,,,95.7929622058674,106.42124580361,FALSE,TRUE,FALSE,pre,TRUE,2004-08-04,2004-11-10,
DF,2004-07-01,2004,7,106.37887590619349,,,,97.5998307581684,107.616102631781,FALSE,TRUE,FALSE,pre,TRUE,2004-08-04,2004-11-10,
DF,2004-08-01,2004,8,106.89842245303815,,,,98.5206643849022,108.60733971476,FALSE,TRUE,FALSE,pre,TRUE,2004-08-04,2004-11-10,
DF,2004-09-01,2004,9,105.29468568378135,,,,99.739828840074,108.987885876852,FALSE,TRUE,FALSE,pre,TRUE,2004-08-04,2004-11-10,
DF,2004-10-01,2004,10,105.80687477753973,,,,97.292408515766,107.970805292387,FALSE,TRUE,FALSE,pre,TRUE,2004-08-04,2004-11-10,
DF,2004-11-01,2004,11,107.8228757738804,,,,100.929996360466,110.118020507004,FALSE,TRUE,FALSE,post,FALSE,2004-08-04,2004-11-10,
DF,2004-12-01,2004,12,107.44351821628845,,,,100.040817668116,109.734988309898,FALSE,TRUE,FALSE,post,FALSE,2004-08-04,2004-11-10,
DF,2005-01-01,2005,1,108.22834555975153,,,,108.338501953447,117.770244035141,FALSE,TRUE,FALSE,post,FALSE,2004-08-04,2004-11-10,
DF,2005-02-01,2005,2,113.24039635010544,,,,99.1736114833196,109.943055835191,FALSE,TRUE,FALSE,post,FALSE,2004-08-04,2004-11-10,
DF,2005-03-01,2005,3,115.29819297748814,,,,101.559301449609,113.407342778836,FALSE,TRUE,FALSE,post,FALSE,2004-08-04,2004-11-10,
DF,2005-04-01,2005,4,114.64533637437998,,,,101.655599743783,110.105293623019,FALSE,TRUE,FALSE,post,FALSE,2004-08-04,2004-11-10,
DF,2005-05-01,2005,5,116.335178438334,,,,102.907125083008,111.66634784055,FALSE,TRUE,FALSE,post,FALSE,2004-08-04,2004-11-10,
DF,2005-06-01,2005,6,117.95673762968995,,,,95.1237353891374,107.303208338346,FALSE,TRUE,FALSE,post,FALSE,2004-08-04,2004-11-10,
DF,2005-07-01,2005,7,120.13286140050981,,,,97.7625785123027,106.896889555319,FALSE,TRUE,FALSE,post,FALSE,2004-08-04,2004-11-10,
DF,2005-08-01,2005,8,122.07239154698611,,,,96.7301996848925,107.73280573705,FALSE,TRUE,FALSE,post,FALSE,2004-08-04,2004-11-10,
DF,2005-09-01,2005,9,121.26553064830571,,,,102.005083923827,112.727471367201,FALSE,TRUE,FALSE,post,FALSE,2004-08-04,2004-11-10,
DF,2005-10-01,2005,10,124.70349279058709,,,,99.2073244454232,107.719062137768,FALSE,TRUE,FALSE,post,FALSE,2004-08-04,2004-11-10,
DF,2005-11-01,2005,11,122.49320235770072,,,,98.3889521424754,108.374678372174,FALSE,TRUE,FALSE,post,FALSE,2004-08-04,2004-11-10,
DF,2005-12-01,2005,12,126.22466741635441,,,,105.526859618082,116.498403468099,FALSE,TRUE,FALSE,post,FALSE,2004-08-04,2004-11-10,
DF,2006-01-01,2006,1,123.8124925007811,,,,107.544700798166,118.984134044414,FALSE,TRUE,FALSE,post,FALSE,2004-08-04,2004-11-10,
DF,2006-02-01,2006,2,121.88646682515986,,,,98.6072578236605,110.283275747048,FALSE,TRUE,FALSE,post,FALSE,2004-08-04,2004-11-10,
DF,2006-03-01,2006,3,121.25950921574963,,,,106.543101139725,118.361952709203,FALSE,TRUE,FALSE,post,FALSE,2004-08-04,2004-11-10,
DF,2006-04-01,2006,4,123.85656745118814,,,,109.548834943014,121.203188443298,FALSE,TRUE,FALSE,post,FALSE,2004-08-04,2004-11-10,
DF,2006-05-01,2006,5,127.55338063246258,,,,106.044303667339,116.497697131813,FALSE,TRUE,FALSE,post,FALSE,2004-08-04,2004-11-10,
DF,2006-06-01,2006,6,124.98662392037693,,,,103.312993690937,116.423586039709,FALSE,TRUE,FALSE,post,FALSE,2004-08-04,2004-11-10,
DF,2006-07-01,2006,7,121.56049648449154,,,,96.9468325193201,108.929357732093,FALSE,TRUE,FALSE,post,FALSE,2004-08-04,2004-11-10,
DF,2006-08-01,2006,8,125.19342131581888,,,,102.662369508042,116.563226229946,FALSE,TRUE,FALSE,post,FALSE,2004-08-04,2004-11-10,
DF,2006-09-01,2006,9,128.03663413657168,,,,132.847579489025,144.197240423183,FALSE,TRUE,FALSE,post,FALSE,2004-08-04,2004-11-10,
DF,2006-10-01,2006,10,131.19278250495347,,,,112.578747554854,122.000652027346,FALSE,TRUE,FALSE,post,FALSE,2004-08-04,2004-11-10,
ES,2001-11-01,2001,11,100,,,,79.2540390003637,84.9286739384571,FALSE,TRUE,FALSE,pre,TRUE,2004-08-04,2004-11-10,
ES,2001-12-01,2001,12,100.00020542115061,,,,76.4221610085221,81.443184677411,FALSE,TRUE,FALSE,pre,TRUE,2004-08-04,2004-11-10,
ES,2002-01-01,2002,1,104.00694027975142,,,,69.3117988061315,73.5646461030704,FALSE,TRUE,FALSE,pre,TRUE,2004-08-04,2004-11-10,
ES,2002-02-01,2002,2,103.67159974706146,,,,72.9287640539188,77.8387618746398,FALSE,TRUE,FALSE,pre,TRUE,2004-08-04,2004-11-10,
ES,2002-03-01,2002,3,102.41206947898944,,,,90.4517819435458,94.1132926296637,FALSE,TRUE,FALSE,pre,TRUE,2004-08-04,2004-11-10,
ES,2002-04-01,2002,4,111.40966692528143,,,,72.2718267784736,79.1178706151527,FALSE,TRUE,FALSE,pre,TRUE,2004-08-04,2004-11-10,
ES,2002-05-01,2002,5,102.76802166473831,,,,77.6041659947249,84.317632321633,FALSE,TRUE,FALSE,pre,TRUE,2004-08-04,2004-11-10,
ES,2002-06-01,2002,6,102.50084780497053,,,,74.4305515205791,79.6841043909187,FALSE,TRUE,FALSE,pre,TRUE,2004-08-04,2004-11-10,
ES,2002-07-01,2002,7,104.71008649631118,,,,79.1390884373542,84.4029917502554,FALSE,TRUE,FALSE,pre,TRUE,2004-08-04,2004-11-10,
ES,2002-08-01,2002,8,102.74841751196436,,,,85.0391762006351,90.1205448109658,FALSE,TRUE,FALSE,pre,TRUE,2004-08-04,2004-11-10,
ES,2002-09-01,2002,9,106.15479917900191,,,,83.5523472610426,88.7649362330196,FALSE,TRUE,FALSE,pre,TRUE,2004-08-04,2004-11-10,
ES,2002-10-01,2002,10,98.76501219850398,,,,71.2700019853601,77.3361611983149,FALSE,TRUE,FALSE,pre,TRUE,2004-08-04,2004-11-10,
ES,2002-11-01,2002,11,97.56723915914709,,,,82.2492153435624,87.0590661320734,FALSE,TRUE,FALSE,pre,TRUE,2004-08-04,2004-11-10,
ES,2002-12-01,2002,12,89.28429379648314,,,,73.9909408954033,79.0542096751763,FALSE,TRUE,FALSE,pre,TRUE,2004-08-04,2004-11-10,
ES,2003-01-01,2003,1,92.27845167224409,,,,75.406569798317,81.1180428058281,FALSE,TRUE,FALSE,pre,TRUE,2004-08-04,2004-11-10,
ES,2003-02-01,2003,2,96.90020241065841,,,,86.9573434466026,95.0824674803384,FALSE,TRUE,FALSE,pre,TRUE,2004-08-04,2004-11-10,
ES,2003-03-01,2003,3,88.50460646476273,,,,78.763729395178,84.6708843550968,FALSE,TRUE,FALSE,pre,TRUE,2004-08-04,2004-11-10,
ES,2003-04-01,2003,4,88.63616051552154,,,,76.1014691677688,81.3951915325153,FALSE,TRUE,FALSE,pre,TRUE,2004-08-04,2004-11-10,
ES,2003-05-01,2003,5,86.41802062567974,,,,84.8540747618422,88.7985745568307,FALSE,TRUE,FALSE,pre,TRUE,2004-08-04,2004-11-10,
ES,2003-06-01,2003,6,95.42478307384604,,,,87.3189484834725,93.362697814347,FALSE,TRUE,FALSE,pre,TRUE,2004-08-04,2004-11-10,
ES,2003-07-01,2003,7,95.58579703516317,,,,80.3823571623347,85.5562074256189,FALSE,TRUE,FALSE,pre,TRUE,2004-08-04,2004-11-10,
ES,2003-08-01,2003,8,98.44018817777614,,,,78.0263330919446,84.5740830998096,FALSE,TRUE,FALSE,pre,TRUE,2004-08-04,2004-11-10,
ES,2003-09-01,2003,9,100.05168192812242,,,,79.6241763554061,89.6826687881539,FALSE,TRUE,FALSE,pre,TRUE,2004-08-04,2004-11-10,
ES,2003-10-01,2003,10,101.26671094370217,,,,93.450687774095,105.365022746625,FALSE,TRUE,FALSE,pre,TRUE,2004-08-04,2004-11-10,
ES,2003-11-01,2003,11,103.71614913351755,,,,86.75241982804,96.7222951440246,FALSE,TRUE,FALSE,pre,TRUE,2004-08-04,2004-11-10,
ES,2003-12-01,2003,12,95.43162717667809,,,,79.4516115373649,90.7956596261395,FALSE,TRUE,FALSE,pre,TRUE,2004-08-04,2004-11-10,
ES,2004-01-01,2004,1,103.5918480963045,,,,92.7656248413617,112.730162552194,FALSE,TRUE,FALSE,pre,TRUE,2004-08-04,2004-11-10,
ES,2004-02-01,2004,2,105.35310295875962,,,,86.2062939071719,100.156039182644,FALSE,TRUE,FALSE,pre,TRUE,2004-08-04,2004-11-10,
ES,2004-03-01,2004,3,108.60124741276894,,,,82.2135728036293,99.8519463337586,FALSE,TRUE,FALSE,pre,TRUE,2004-08-04,2004-11-10,
ES,2004-04-01,2004,4,110.25773605488699,,,,95.2196113241233,104.209698707016,FALSE,TRUE,FALSE,pre,TRUE,2004-08-04,2004-11-10,
ES,2004-05-01,2004,5,109.80333980008268,,,,90.2359061824015,96.5006984189567,FALSE,TRUE,FALSE,pre,TRUE,2004-08-04,2004-11-10,
ES,2004-06-01,2004,6,111.32884534135557,,,,89.8743946659434,99.2343915163926,FALSE,TRUE,FALSE,pre,TRUE,2004-08-04,2004-11-10,
ES,2004-07-01,2004,7,108.73824516601638,,,,84.4452867664317,94.7043316738654,FALSE,TRUE,FALSE,pre,TRUE,2004-08-04,2004-11-10,
ES,2004-08-01,2004,8,110.09710681421485,,,,102.869350471222,107.095503265159,FALSE,TRUE,FALSE,pre,TRUE,2004-08-04,2004-11-10,
ES,2004-09-01,2004,9,110.65050211893143,,,,92.4782391096963,98.1669068418316,FALSE,TRUE,FALSE,pre,TRUE,2004-08-04,2004-11-10,
ES,2004-10-01,2004,10,113.77389734595107,,,,101.433839564842,108.514968374466,FALSE,TRUE,FALSE,pre,TRUE,2004-08-04,2004-11-10,
ES,2004-11-01,2004,11,113.93394954672029,,,,97.6089255367008,104.835581700176,FALSE,TRUE,FALSE,post,FALSE,2004-08-04,2004-11-10,
ES,2004-12-01,2004,12,112.81200951542851,,,,106.369918153467,113.260499523807,FALSE,TRUE,FALSE,post,FALSE,2004-08-04,2004-11-10,
ES,2005-01-01,2005,1,114.21085847045825,,,,100.796739562108,107.464129107548,FALSE,TRUE,FALSE,post,FALSE,2004-08-04,2004-11-10,
ES,2005-02-01,2005,2,118.22134368298121,,,,100.636338921914,112.96148498253,FALSE,TRUE,FALSE,post,FALSE,2004-08-04,2004-11-10,
ES,2005-03-01,2005,3,119.85539913784497,,,,112.06127755042,126.523420601866,FALSE,TRUE,FALSE,post,FALSE,2004-08-04,2004-11-10,
ES,2005-04-01,2005,4,118.25700307759854,,,,109.353065924968,112.13964039777,FALSE,TRUE,FALSE,post,FALSE,2004-08-04,2004-11-10,
ES,2005-05-01,2005,5,120.80309264640243,,,,115.357310465061,116.409067004868,FALSE,TRUE,FALSE,post,FALSE,2004-08-04,2004-11-10,
ES,2005-06-01,2005,6,120.79853854350912,,,,111.34347017495,116.035259916483,FALSE,TRUE,FALSE,post,FALSE,2004-08-04,2004-11-10,
ES,2005-07-01,2005,7,125.76198086457447,,,,112.652898071403,117.914934074734,FALSE,TRUE,FALSE,post,FALSE,2004-08-04,2004-11-10,
ES,2005-08-01,2005,8,125.20691061901486,,,,109.001792133697,114.80001980412,FALSE,TRUE,FALSE,post,FALSE,2004-08-04,2004-11-10,
ES,2005-09-01,2005,9,125.0445503273795,,,,114.154288107691,120.674008611599,FALSE,TRUE,FALSE,post,FALSE,2004-08-04,2004-11-10,
ES,2005-10-01,2005,10,126.92123335994334,,,,108.058512640956,115.011674527705,FALSE,TRUE,FALSE,post,FALSE,2004-08-04,2004-11-10,
ES,2005-11-01,2005,11,128.0969294066464,,,,101.385937217201,108.304285023887,FALSE,TRUE,FALSE,post,FALSE,2004-08-04,2004-11-10,
ES,2005-12-01,2005,12,131.23722612217725,,,,110.31309114051,117.348373149114,FALSE,TRUE,FALSE,post,FALSE,2004-08-04,2004-11-10,
ES,2006-01-01,2006,1,132.38865192771692,,,,106.682756674742,114.293370441038,FALSE,TRUE,FALSE,post,FALSE,2004-08-04,2004-11-10,
ES,2006-02-01,2006,2,129.02946480632465,,,,108.323513027336,113.366383423559,FALSE,TRUE,FALSE,post,FALSE,2004-08-04,2004-11-10,
ES,2006-03-01,2006,3,128.47165939646013,,,,106.723738429026,112.657137316308,FALSE,TRUE,FALSE,post,FALSE,2004-08-04,2004-11-10,
ES,2006-04-01,2006,4,130.831685683163,,,,113.366071893831,120.38960515589,FALSE,TRUE,FALSE,post,FALSE,2004-08-04,2004-11-10,
ES,2006-05-01,2006,5,132.36604375276374,,,,106.475697542315,116.310858948272,FALSE,TRUE,FALSE,post,FALSE,2004-08-04,2004-11-10,
ES,2006-06-01,2006,6,135.8018124176317,,,,112.778996209373,120.248200052245,FALSE,TRUE,FALSE,post,FALSE,2004-08-04,2004-11-10,
ES,2006-07-01,2006,7,135.73388385243868,,,,115.934480601863,122.795963425455,FALSE,TRUE,FALSE,post,FALSE,2004-08-04,2004-11-10,
ES,2006-08-01,2006,8,137.54488272010252,,,,113.287916754168,120.630544348671,FALSE,TRUE,FALSE,post,FALSE,2004-08-04,2004-11-10,
ES,2006-09-01,2006,9,139.23050670615748,,,,116.458393199477,123.893663333711,FALSE,TRUE,FALSE,post,FALSE,2004-08-04,2004-11-10,
ES,2006-10-01,2006,10,140.10523595474783,,,,115.922310235854,123.888197370696,FALSE,TRUE,FALSE,post,FALSE,2004-08-04,2004-11-10,
GO,2001-11-01,2001,11,100,,,,56.8301047605264,60.4159928004974,FALSE,TRUE,FALSE,pre,TRUE,2004-08-04,2004-11-10,
GO,2001-12-01,2001,12,102.55397532419714,,,,59.6315170574917,62.5761082677236,FALSE,TRUE,FALSE,pre,TRUE,2004-08-04,2004-11-10,
GO,2002-01-01,2002,1,103.14331761745146,,,,58.4778184265165,62.7109702353452,FALSE,TRUE,FALSE,pre,TRUE,2004-08-04,2004-11-10,
GO,2002-02-01,2002,2,103.0344122356582,,,,57.2653249083683,63.1759855584517,FALSE,TRUE,FALSE,pre,TRUE,2004-08-04,2004-11-10,
GO,2002-03-01,2002,3,100.95262672736011,,,,55.8052547636983,59.9555501409937,FALSE,TRUE,FALSE,pre,TRUE,2004-08-04,2004-11-10,
GO,2002-04-01,2002,4,99.77977808539623,,,,61.7662657409731,66.3385907547769,FALSE,TRUE,FALSE,pre,TRUE,2004-08-04,2004-11-10,
GO,2002-05-01,2002,5,96.24886652400113,,,,64.1146659357893,67.4470478909529,FALSE,TRUE,FALSE,pre,TRUE,2004-08-04,2004-11-10,
GO,2002-06-01,2002,6,97.40686050023487,,,,58.5241574195226,61.6562299727925,FALSE,TRUE,FALSE,pre,TRUE,2004-08-04,2004-11-10,
GO,2002-07-01,2002,7,99.39088027457359,,,,63.6789100864769,68.9167020046137,FALSE,TRUE,FALSE,pre,TRUE,2004-08-04,2004-11-10,
GO,2002-08-01,2002,8,98.65132718833001,,,,61.2521846351125,64.9651842791133,FALSE,TRUE,FALSE,pre,TRUE,2004-08-04,2004-11-10,
GO,2002-09-01,2002,9,103.89179647888457,,,,60.7177216717138,64.4199258219855,FALSE,TRUE,FALSE,pre,TRUE,2004-08-04,2004-11-10,
GO,2002-10-01,2002,10,101.19382104117524,,,,59.0169337200479,62.9791397090868,FALSE,TRUE,FALSE,pre,TRUE,2004-08-04,2004-11-10,
GO,2002-11-01,2002,11,95.20459202457697,,,,63.9805188608702,67.8100710228034,FALSE,TRUE,FALSE,pre,TRUE,2004-08-04,2004-11-10,
GO,2002-12-01,2002,12,90.58348647637915,,,,59.4027441806855,62.8810903801893,FALSE,TRUE,FALSE,pre,TRUE,2004-08-04,2004-11-10,
GO,2003-01-01,2003,1,95.04189431283159,,,,58.4328714778469,62.1734173941411,FALSE,TRUE,FALSE,pre,TRUE,2004-08-04,2004-11-10,
GO,2003-02-01,2003,2,100.58308530763085,,,,64.4941449014619,70.4090574853162,FALSE,TRUE,FALSE,pre,TRUE,2004-08-04,2004-11-10,
GO,2003-03-01,2003,3,92.97704662750768,,,,63.8806366732141,67.6226592297432,FALSE,TRUE,FALSE,pre,TRUE,2004-08-04,2004-11-10,
GO,2003-04-01,2003,4,95.15395779745522,,,,70.5844113253767,73.2463405273627,FALSE,TRUE,FALSE,pre,TRUE,2004-08-04,2004-11-10,
GO,2003-05-01,2003,5,87.4856528288013,,,,53.5162747082373,55.7929835446374,FALSE,TRUE,FALSE,pre,TRUE,2004-08-04,2004-11-10,
GO,2003-06-01,2003,6,94.50819397402212,,,,66.1499571585918,70.2782387842524,FALSE,TRUE,FALSE,pre,TRUE,2004-08-04,2004-11-10,
GO,2003-07-01,2003,7,99.01120255699765,,,,61.6943918482342,65.4897241795335,FALSE,TRUE,FALSE,pre,TRUE,2004-08-04,2004-11-10,
GO,2003-08-01,2003,8,102.58583941633815,,,,61.4209096958506,63.070789780759,FALSE,TRUE,FALSE,pre,TRUE,2004-08-04,2004-11-10,
GO,2003-09-01,2003,9,99.50848341736182,,,,63.9166895951368,67.9477153920755,FALSE,TRUE,FALSE,pre,TRUE,2004-08-04,2004-11-10,
GO,2003-10-01,2003,10,102.18699580503622,,,,68.5742593825582,73.2742749889491,FALSE,TRUE,FALSE,pre,TRUE,2004-08-04,2004-11-10,
GO,2003-11-01,2003,11,103.56780950311096,,,,58.456490636125,59.9451616271717,FALSE,TRUE,FALSE,pre,TRUE,2004-08-04,2004-11-10,
GO,2003-12-01,2003,12,100.20947784927016,,,,68.5348151504333,72.4493632166094,FALSE,TRUE,FALSE,pre,TRUE,2004-08-04,2004-11-10,
GO,2004-01-01,2004,1,100.06132630016668,,,,64.8299695363526,68.143972932931,FALSE,TRUE,FALSE,pre,TRUE,2004-08-04,2004-11-10,
GO,2004-02-01,2004,2,101.99377053177757,,,,60.7338503147196,59.2979642028524,FALSE,TRUE,FALSE,pre,TRUE,2004-08-04,2004-11-10,
GO,2004-03-01,2004,3,103.2416325513184,,,,61.2842064806355,66.2271892393019,FALSE,TRUE,FALSE,pre,TRUE,2004-08-04,2004-11-10,
GO,2004-04-01,2004,4,101.44212481792287,,,,61.0388198912516,63.5600262078907,FALSE,TRUE,FALSE,pre,TRUE,2004-08-04,2004-11-10,
GO,2004-05-01,2004,5,102.13290430078375,,,,60.3535988894908,62.9078237000352,FALSE,TRUE,FALSE,pre,TRUE,2004-08-04,2004-11-10,
GO,2004-06-01,2004,6,104.52255942009347,,,,62.673456724972,67.0238012995376,FALSE,TRUE,FALSE,pre,TRUE,2004-08-04,2004-11-10,
GO,2004-07-01,2004,7,101.41118885743131,,,,63.9697045456747,67.5930485867231,FALSE,TRUE,FALSE,pre,TRUE,2004-08-04,2004-11-10,
GO,2004-08-01,2004,8,101.45685945361805,,,,70.8762623662942,74.3721919695359,FALSE,TRUE,FALSE,pre,TRUE,2004-08-04,2004-11-10,
GO,2004-09-01,2004,9,103.08658483493618,,,,60.7426630953239,63.8220744620196,FALSE,TRUE,FALSE,pre,TRUE,2004-08-04,2004-11-10,
GO,2004-10-01,2004,10,103.04273450507299,,,,58.0688693691259,61.0903298299317,FALSE,TRUE,FALSE,pre,TRUE,2004-08-04,2004-11-10,
GO,2004-11-01,2004,11,104.27709668669321,,,,59.0879266567952,62.6454638399358,FALSE,TRUE,FALSE,post,FALSE,2004-08-04,2004-11-10,
GO,2004-12-01,2004,12,105.18334961949745,,,,61.5556442385704,66.1316750416833,FALSE,TRUE,FALSE,post,FALSE,2004-08-04,2004-11-10,
GO,2005-01-01,2005,1,106.04204060563173,,,,61.771540228478,64.8215474571229,FALSE,TRUE,FALSE,post,FALSE,2004-08-04,2004-11-10,
GO,2005-02-01,2005,2,116.84909265327437,,,,60.94569392946,67.7809077562454,FALSE,TRUE,FALSE,post,FALSE,2004-08-04,2004-11-10,
GO,2005-03-01,2005,3,115.53953774076753,,,,57.130958353252,61.2131441656943,FALSE,TRUE,FALSE,post,FALSE,2004-08-04,2004-11-10,
GO,2005-04-01,2005,4,115.81939512757674,,,,58.3242602557165,61.1880423724464,FALSE,TRUE,FALSE,post,FALSE,2004-08-04,2004-11-10,
GO,2005-05-01,2005,5,119.12395066096697,,,,58.2006493444947,61.7024576531362,FALSE,TRUE,FALSE,post,FALSE,2004-08-04,2004-11-10,
GO,2005-06-01,2005,6,122.02882442851022,,,,57.7118268120655,61.0877562865831,FALSE,TRUE,FALSE,post,FALSE,2004-08-04,2004-11-10,
GO,2005-07-01,2005,7,123.26970036205063,,,,58.3318268110784,61.5038043371218,FALSE,TRUE,FALSE,post,FALSE,2004-08-04,2004-11-10,
GO,2005-08-01,2005,8,122.60900101784821,,,,58.5212867020202,62.6033566275963,FALSE,TRUE,FALSE,post,FALSE,2004-08-04,2004-11-10,
GO,2005-09-01,2005,9,122.22747084888059,,,,70.096256200416,73.1120116598625,FALSE,TRUE,FALSE,post,FALSE,2004-08-04,2004-11-10,
GO,2005-10-01,2005,10,123.20735907203617,,,,65.2283139565793,68.0774638127678,FALSE,TRUE,FALSE,post,FALSE,2004-08-04,2004-11-10,
GO,2005-11-01,2005,11,123.05950381516313,,,,59.2807570258137,62.1974435654938,FALSE,TRUE,FALSE,post,FALSE,2004-08-04,2004-11-10,
GO,2005-12-01,2005,12,131.16032765425558,,,,54.3689311981289,59.7291965608956,FALSE,TRUE,FALSE,post,FALSE,2004-08-04,2004-11-10,
GO,2006-01-01,2006,1,124.91460180224448,,,,60.001686801668,64.7279629519241,FALSE,TRUE,FALSE,post,FALSE,2004-08-04,2004-11-10,
GO,2006-02-01,2006,2,125.38846397857759,,,,72.2826851999875,79.8577100440049,FALSE,TRUE,FALSE,post,FALSE,2004-08-04,2004-11-10,
GO,2006-03-01,2006,3,123.29757671020386,,,,74.1744857060255,79.6539300039792,FALSE,TRUE,FALSE,post,FALSE,2004-08-04,2004-11-10,
GO,2006-04-01,2006,4,127.67518356858169,,,,42.8556195946335,44.1926887012482,FALSE,TRUE,FALSE,post,FALSE,2004-08-04,2004-11-10,
GO,2006-05-01,2006,5,125.9746738167926,,,,65.7365693995645,69.5796274198851,FALSE,TRUE,FALSE,post,FALSE,2004-08-04,2004-11-10,
GO,2006-06-01,2006,6,125.08414155999944,,,,56.5998829912304,58.7325751699818,FALSE,TRUE,FALSE,post,FALSE,2004-08-04,2004-11-10,
GO,2006-07-01,2006,7,126.01366525737052,,,,59.2118013156509,62.663047434978,FALSE,TRUE,FALSE,post,FALSE,2004-08-04,2004-11-10,
GO,2006-08-01,2006,8,127.94169169855687,,,,59.3787875477085,63.4686511632819,FALSE,TRUE,FALSE,post,FALSE,2004-08-04,2004-11-10,
GO,2006-09-01,2006,9,128.22471867930014,,,,57.6875264626968,60.6286462352623,FALSE,TRUE,FALSE,post,FALSE,2004-08-04,2004-11-10,
GO,2006-10-01,2006,10,128.8876445105878,,,,53.4982256968067,57.4350799056003,FALSE,TRUE,FALSE,post,FALSE,2004-08-04,2004-11-10,
MA,2001-11-01,2001,11,100,,,,14.8539795264589,15.8509952359582,FALSE,TRUE,FALSE,pre,TRUE,2004-08-04,2004-11-10,
MA,2001-12-01,2001,12,97.36976798808794,,,,16.3236093328651,17.6899283630017,FALSE,TRUE,FALSE,pre,TRUE,2004-08-04,2004-11-10,
MA,2002-01-01,2002,1,107.20110651456993,,,,17.0094991782687,17.8592367522182,FALSE,TRUE,FALSE,pre,TRUE,2004-08-04,2004-11-10,
MA,2002-02-01,2002,2,105.88717034099078,,,,15.2987693106577,16.4184773228697,FALSE,TRUE,FALSE,pre,TRUE,2004-08-04,2004-11-10,
MA,2002-03-01,2002,3,108.97485189492382,,,,15.417038732162201,16.362738952521,FALSE,TRUE,FALSE,pre,TRUE,2004-08-04,2004-11-10,
MA,2002-04-01,2002,4,115.81543223700854,,,,16.0591009820614,16.8511516920988,FALSE,TRUE,FALSE,pre,TRUE,2004-08-04,2004-11-10,
MA,2002-05-01,2002,5,107.78821670339794,,,,16.050870872142,17.1154153228885,FALSE,TRUE,FALSE,pre,TRUE,2004-08-04,2004-11-10,
MA,2002-06-01,2002,6,107.18352526935668,,,,15.9744444603824,17.3439014384187,FALSE,TRUE,FALSE,pre,TRUE,2004-08-04,2004-11-10,
MA,2002-07-01,2002,7,104.26002253036255,,,,14.560369898286,15.7586614732947,FALSE,TRUE,FALSE,pre,TRUE,2004-08-04,2004-11-10,
MA,2002-08-01,2002,8,104.82366343004746,,,,17.1277961333629,18.4824062767276,FALSE,TRUE,FALSE,pre,TRUE,2004-08-04,2004-11-10,
MA,2002-09-01,2002,9,106.74689469875703,,,,16.7542313250433,18.0740933113531,FALSE,TRUE,FALSE,pre,TRUE,2004-08-04,2004-11-10,
MA,2002-10-01,2002,10,105.92355406284929,,,,21.875012192272,23.0480345361994,FALSE,TRUE,FALSE,pre,TRUE,2004-08-04,2004-11-10,
MA,2002-11-01,2002,11,103.05196900126055,,,,17.3794699179558,18.9777384594249,FALSE,TRUE,FALSE,pre,TRUE,2004-08-04,2004-11-10,
MA,2002-12-01,2002,12,93.44187303664945,,,,16.5439485904422,17.6680608499304,FALSE,TRUE,FALSE,pre,TRUE,2004-08-04,2004-11-10,
MA,2003-01-01,2003,1,99.47646519419142,,,,13.0123367358651,14.6159104290254,FALSE,TRUE,FALSE,pre,TRUE,2004-08-04,2004-11-10,
MA,2003-02-01,2003,2,104.04304796871081,,,,17.4543611675301,18.6509094345751,FALSE,TRUE,FALSE,pre,TRUE,2004-08-04,2004-11-10,
MA,2003-03-01,2003,3,96.45255967836907,,,,15.444569325273,16.1781717414251,FALSE,TRUE,FALSE,pre,TRUE,2004-08-04,2004-11-10,
MA,2003-04-01,2003,4,96.93288843347705,,,,17.0390529430749,18.0224476539792,FALSE,TRUE,FALSE,pre,TRUE,2004-08-04,2004-11-10,
MA,2003-05-01,2003,5,93.95545749524914,,,,14.6594160098733,15.8641007629849,FALSE,TRUE,FALSE,pre,TRUE,2004-08-04,2004-11-10,
MA,2003-06-01,2003,6,99.64638129635433,,,,14.9657154171496,16.452318050035,FALSE,TRUE,FALSE,pre,TRUE,2004-08-04,2004-11-10,
MA,2003-07-01,2003,7,101.35035115970646,,,,17.8128212423926,19.1441263014932,FALSE,TRUE,FALSE,pre,TRUE,2004-08-04,2004-11-10,
MA,2003-08-01,2003,8,104.47857630049756,,,,16.6646428893952,17.9051789360521,FALSE,TRUE,FALSE,pre,TRUE,2004-08-04,2004-11-10,
MA,2003-09-01,2003,9,104.69286748124308,,,,16.3788718053791,17.510838792751,FALSE,TRUE,FALSE,pre,TRUE,2004-08-04,2004-11-10,
MA,2003-10-01,2003,10,104.89730673421568,,,,13.9431052783757,15.3706833614809,FALSE,TRUE,FALSE,pre,TRUE,2004-08-04,2004-11-10,
MA,2003-11-01,2003,11,109.00943116853448,,,,13.5530345592771,15.1147808064926,FALSE,TRUE,FALSE,pre,TRUE,2004-08-04,2004-11-10,
MA,2003-12-01,2003,12,98.7583278545236,,,,14.7453466659327,16.1153686059177,FALSE,TRUE,FALSE,pre,TRUE,2004-08-04,2004-11-10,
MA,2004-01-01,2004,1,107.88586043242181,,,,13.6119087786695,14.8329536303702,FALSE,TRUE,FALSE,pre,TRUE,2004-08-04,2004-11-10,
MA,2004-02-01,2004,2,111.49180420818222,,,,16.0889194151597,16.8212497811415,FALSE,TRUE,FALSE,pre,TRUE,2004-08-04,2004-11-10,
MA,2004-03-01,2004,3,113.13661735934919,,,,16.6831460091673,16.7398617046219,FALSE,TRUE,FALSE,pre,TRUE,2004-08-04,2004-11-10,
MA,2004-04-01,2004,4,113.45774105403527,,,,14.6264892023583,15.4606410535742,FALSE,TRUE,FALSE,pre,TRUE,2004-08-04,2004-11-10,
MA,2004-05-01,2004,5,118.3497640079276,,,,17.279484625877,18.8089177720094,FALSE,TRUE,FALSE,pre,TRUE,2004-08-04,2004-11-10,
MA,2004-06-01,2004,6,118.74662925753158,,,,19.0110574768145,20.6907145020984,FALSE,TRUE,FALSE,pre,TRUE,2004-08-04,2004-11-10,
MA,2004-07-01,2004,7,119.49567342738588,,,,16.5509112113575,18.3009983344045,FALSE,TRUE,FALSE,pre,TRUE,2004-08-04,2004-11-10,
MA,2004-08-01,2004,8,117.10688694635257,,,,15.4265310565399,16.4539659433147,FALSE,TRUE,FALSE,pre,TRUE,2004-08-04,2004-11-10,
MA,2004-09-01,2004,9,119.25704552672889,,,,15.1565313644957,16.4259469698417,FALSE,TRUE,FALSE,pre,TRUE,2004-08-04,2004-11-10,
MA,2004-10-01,2004,10,119.78748490604553,,,,18.910118583186,20.4703132419514,FALSE,TRUE,FALSE,pre,TRUE,2004-08-04,2004-11-10,
MA,2004-11-01,2004,11,112.68058027796663,,,,19.4792102968523,20.7530078255026,FALSE,TRUE,FALSE,post,FALSE,2004-08-04,2004-11-10,
MA,2004-12-01,2004,12,116.94779936888911,,,,18.8981640302592,20.423538521497,FALSE,TRUE,FALSE,post,FALSE,2004-08-04,2004-11-10,
MA,2005-01-01,2005,1,127.41993919048593,,,,17.0972978963406,18.7278583425823,FALSE,TRUE,FALSE,post,FALSE,2004-08-04,2004-11-10,
MA,2005-02-01,2005,2,137.5186435347537,,,,18.5297313366574,20.636682689463,FALSE,TRUE,FALSE,post,FALSE,2004-08-04,2004-11-10,
MA,2005-03-01,2005,3,133.5149043041617,,,,19.4371300733993,21.4422774031959,FALSE,TRUE,FALSE,post,FALSE,2004-08-04,2004-11-10,
MA,2005-04-01,2005,4,139.35409210261332,,,,19.6179207975489,21.2341953899757,FALSE,TRUE,FALSE,post,FALSE,2004-08-04,2004-11-10,
MA,2005-05-01,2005,5,137.87849610687505,,,,20.3185182838926,21.2623038311093,FALSE,TRUE,FALSE,post,FALSE,2004-08-04,2004-11-10,
MA,2005-06-01,2005,6,141.7344822729232,,,,18.8770821091081,20.0205255674771,FALSE,TRUE,FALSE,post,FALSE,2004-08-04,2004-11-10,
MA,2005-07-01,2005,7,147.44999033709507,,,,19.4937692005898,20.6284454233857,FALSE,TRUE,FALSE,post,FALSE,2004-08-04,2004-11-10,
MA,2005-08-01,2005,8,148.2569929925022,,,,19.3181060619231,20.2108999183598,FALSE,TRUE,FALSE,post,FALSE,2004-08-04,2004-11-10,
MA,2005-09-01,2005,9,148.06886525497038,,,,18.1544006180678,19.3741562822976,FALSE,TRUE,FALSE,post,FALSE,2004-08-04,2004-11-10,
MA,2005-10-01,2005,10,149.7684210878956,,,,20.0283770091182,21.5835353972097,FALSE,TRUE,FALSE,post,FALSE,2004-08-04,2004-11-10,
MA,2005-11-01,2005,11,153.18604500891647,,,,20.0679328827787,21.6095805298848,FALSE,TRUE,FALSE,post,FALSE,2004-08-04,2004-11-10,
MA,2005-12-01,2005,12,156.40890138959278,,,,18.8183790410873,20.4178824888775,FALSE,TRUE,FALSE,post,FALSE,2004-08-04,2004-11-10,
MA,2006-01-01,2006,1,157.7515796516783,,,,22.0164367772053,23.5427264841873,FALSE,TRUE,FALSE,post,FALSE,2004-08-04,2004-11-10,
MA,2006-02-01,2006,2,158.91256532851847,,,,23.8231054416213,26.1481636705324,FALSE,TRUE,FALSE,post,FALSE,2004-08-04,2004-11-10,
MA,2006-03-01,2006,3,159.7841560078841,,,,22.4341200686221,24.5924482123765,FALSE,TRUE,FALSE,post,FALSE,2004-08-04,2004-11-10,
MA,2006-04-01,2006,4,160.44092061388076,,,,22.2786541957534,24.0423899437686,FALSE,TRUE,FALSE,post,FALSE,2004-08-04,2004-11-10,
MA,2006-05-01,2006,5,168.590892931187,,,,20.3451762378939,21.6233433767136,FALSE,TRUE,FALSE,post,FALSE,2004-08-04,2004-11-10,
MA,2006-06-01,2006,6,166.18273136185334,,,,21.6864117733656,22.9816544054314,FALSE,TRUE,FALSE,post,FALSE,2004-08-04,2004-11-10,
MA,2006-07-01,2006,7,166.36109834175812,,,,22.8252081502177,24.259312856452,FALSE,TRUE,FALSE,post,FALSE,2004-08-04,2004-11-10,
MA,2006-08-01,2006,8,174.3128107958708,,,,22.992965279369,25.1082835576513,FALSE,TRUE,FALSE,post,FALSE,2004-08-04,2004-11-10,
MA,2006-09-01,2006,9,171.57056225102474,,,,25.2992400616743,27.1197943282981,FALSE,TRUE,FALSE,post,FALSE,2004-08-04,2004-11-10,
MA,2006-10-01,2006,10,178.88948818955836,,,,22.7235325730703,24.6030155582064,FALSE,TRUE,FALSE,post,FALSE,2004-08-04,2004-11-10,
MG,2001-11-01,2001,11,100,,,,56.8120822345053,63.5100894620816,FALSE,TRUE,FALSE,pre,TRUE,2004-08-04,2004-11-10,
MG,2001-12-01,2001,12,103.16715670729701,,,,71.5172751775499,79.9009875592974,FALSE,TRUE,FALSE,pre,TRUE,2004-08-04,2004-11-10,
MG,2002-01-01,2002,1,105.88791380821549,,,,51.2374515070646,58.0241737120604,FALSE,TRUE,FALSE,pre,TRUE,2004-08-04,2004-11-10,
MG,2002-02-01,2002,2,106.56964489469712,,,,54.2765672959233,59.8777460150787,FALSE,TRUE,FALSE,pre,TRUE,2004-08-04,2004-11-10,
MG,2002-03-01,2002,3,106.26895009771081,,,,52.3940125955085,57.2245040038241,FALSE,TRUE,FALSE,pre,TRUE,2004-08-04,2004-11-10,
MG,2002-04-01,2002,4,106.17372811682198,,,,54.5596973749345,61.9602235070929,FALSE,TRUE,FALSE,pre,TRUE,2004-08-04,2004-11-10,
MG,2002-05-01,2002,5,105.69061950523312,,,,56.4617135789714,61.7016794611295,FALSE,TRUE,FALSE,pre,TRUE,2004-08-04,2004-11-10,
MG,2002-06-01,2002,6,105.09620187328893,,,,56.4246147049232,63.0529437410846,FALSE,TRUE,FALSE,pre,TRUE,2004-08-04,2004-11-10,
MG,2002-07-01,2002,7,106.07212396864969,,,,50.3467303824486,54.4183899946166,FALSE,TRUE,FALSE,pre,TRUE,2004-08-04,2004-11-10,
MG,2002-08-01,2002,8,106.3523064491468,,,,55.6413249836428,62.6647258321603,FALSE,TRUE,FALSE,pre,TRUE,2004-08-04,2004-11-10,
MG,2002-09-01,2002,9,106.51653201900947,,,,54.2709013986903,62.1035188798512,FALSE,TRUE,FALSE,pre,TRUE,2004-08-04,2004-11-10,
MG,2002-10-01,2002,10,106.34790687478983,,,,55.5763175620138,62.4663566062304,FALSE,TRUE,FALSE,pre,TRUE,2004-08-04,2004-11-10,
MG,2002-11-01,2002,11,104.03524028782324,,,,61.3776863246144,66.0556985079484,FALSE,TRUE,FALSE,pre,TRUE,2004-08-04,2004-11-10,
MG,2002-12-01,2002,12,101.66023095975498,,,,48.8079765012531,58.6548281539989,FALSE,TRUE,FALSE,pre,TRUE,2004-08-04,2004-11-10,
MG,2003-01-01,2003,1,102.23954490214258,,,,53.685719144544,57.2746722763046,FALSE,TRUE,FALSE,pre,TRUE,2004-08-04,2004-11-10,
MG,2003-02-01,2003,2,108.48766439296611,,,,57.5284746208162,62.6271543767874,FALSE,TRUE,FALSE,pre,TRUE,2004-08-04,2004-11-10,
MG,2003-03-01,2003,3,99.72815703054877,,,,54.9491787795414,61.4580946557624,FALSE,TRUE,FALSE,pre,TRUE,2004-08-04,2004-11-10,
MG,2003-04-01,2003,4,100.82933758889718,,,,55.69616113199,59.8571357240029,FALSE,TRUE,FALSE,pre,TRUE,2004-08-04,2004-11-10,
MG,2003-05-01,2003,5,100.88181737391395,,,,53.7148460517963,59.4187514050722,FALSE,TRUE,FALSE,pre,TRUE,2004-08-04,2004-11-10,
MG,2003-06-01,2003,6,102.35566694544006,,,,52.8769957881165,60.5612065031875,FALSE,TRUE,FALSE,pre,TRUE,2004-08-04,2004-11-10,
MG,2003-07-01,2003,7,103.5327432464185,,,,53.8537411763998,59.4719647459056,FALSE,TRUE,FALSE,pre,TRUE,2004-08-04,2004-11-10,
MG,2003-08-01,2003,8,104.15612147184707,,,,51.1186742560429,58.7456192283972,FALSE,TRUE,FALSE,pre,TRUE,2004-08-04,2004-11-10,
MG,2003-09-01,2003,9,104.28988761141937,,,,53.9183520926892,60.6006940104547,FALSE,TRUE,FALSE,pre,TRUE,2004-08-04,2004-11-10,
MG,2003-10-01,2003,10,104.29530984452218,,,,54.7445873645103,61.0800594078714,FALSE,TRUE,FALSE,pre,TRUE,2004-08-04,2004-11-10,
MG,2003-11-01,2003,11,107.95697161666867,,,,53.8155091133207,61.1059664369576,FALSE,TRUE,FALSE,pre,TRUE,2004-08-04,2004-11-10,
MG,2003-12-01,2003,12,106.33266027902081,,,,55.3336507378001,62.0401941549567,FALSE,TRUE,FALSE,pre,TRUE,2004-08-04,2004-11-10,
MG,2004-01-01,2004,1,107.92572115103262,,,,57.0982925240425,61.3351258878472,FALSE,TRUE,FALSE,pre,TRUE,2004-08-04,2004-11-10,
MG,2004-02-01,2004,2,109.75427007712477,,,,55.6407423904026,62.7660487062456,FALSE,TRUE,FALSE,pre,TRUE,2004-08-04,2004-11-10,
MG,2004-03-01,2004,3,110.932138880125,,,,57.7691631051881,62.8070317948994,FALSE,TRUE,FALSE,pre,TRUE,2004-08-04,2004-11-10,
MG,2004-04-01,2004,4,112.67208143881267,,,,58.1786892534298,65.3183500509744,FALSE,TRUE,FALSE,pre,TRUE,2004-08-04,2004-11-10,
MG,2004-05-01,2004,5,113.05022882009477,,,,56.331691513594,63.6550174342087,FALSE,TRUE,FALSE,pre,TRUE,2004-08-04,2004-11-10,
MG,2004-06-01,2004,6,114.58395916027087,,,,57.9789866951359,63.2130604133652,FALSE,TRUE,FALSE,pre,TRUE,2004-08-04,2004-11-10,
MG,2004-07-01,2004,7,114.12779009426858,,,,58.7254148170589,64.6655292417723,FALSE,TRUE,FALSE,pre,TRUE,2004-08-04,2004-11-10,
MG,2004-08-01,2004,8,114.38536558823571,,,,63.0929903338512,73.4982794229182,FALSE,TRUE,FALSE,pre,TRUE,2004-08-04,2004-11-10,
MG,2004-09-01,2004,9,115.1461824163255,,,,61.1195297506257,68.0259041504508,FALSE,TRUE,FALSE,pre,TRUE,2004-08-04,2004-11-10,
MG,2004-10-01,2004,10,115.55446394466814,,,,61.4415010381836,69.4414655131241,FALSE,TRUE,FALSE,pre,TRUE,2004-08-04,2004-11-10,
MG,2004-11-01,2004,11,115.89582810025523,,,,62.8610169924332,70.85755029063,FALSE,TRUE,FALSE,post,FALSE,2004-08-04,2004-11-10,
MG,2004-12-01,2004,12,118.19613171405716,,,,63.6452428271956,71.5457278467251,FALSE,TRUE,FALSE,post,FALSE,2004-08-04,2004-11-10,
MG,2005-01-01,2005,1,120.28469597962588,,,,63.6645646958114,69.8411584773364,FALSE,TRUE,FALSE,post,FALSE,2004-08-04,2004-11-10,
MG,2005-02-01,2005,2,113.6679528227286,,,,61.8337263969606,69.0935129336511,FALSE,TRUE,FALSE,post,FALSE,2004-08-04,2004-11-10,
MG,2005-03-01,2005,3,118.66914985145601,,,,63.2312881937736,71.1204298843879,FALSE,TRUE,FALSE,post,FALSE,2004-08-04,2004-11-10,
MG,2005-04-01,2005,4,117.29770271352334,,,,65.2344879747243,70.5868684024186,FALSE,TRUE,FALSE,post,FALSE,2004-08-04,2004-11-10,
MG,2005-05-01,2005,5,117.67122492597899,,,,64.061742017756,73.3686650405575,FALSE,TRUE,FALSE,post,FALSE,2004-08-04,2004-11-10,
MG,2005-06-01,2005,6,119.20273799514246,,,,76.3986615792458,84.2368258859809,FALSE,TRUE,FALSE,post,FALSE,2004-08-04,2004-11-10,
MG,2005-07-01,2005,7,118.61772932424407,,,,68.0930814192159,75.848160958044,FALSE,TRUE,FALSE,post,FALSE,2004-08-04,2004-11-10,
MG,2005-08-01,2005,8,118.7032782255973,,,,64.9881132278983,73.1247807956048,FALSE,TRUE,FALSE,post,FALSE,2004-08-04,2004-11-10,
MG,2005-09-01,2005,9,118.58934874324939,,,,63.99324105684,72.9363939908577,FALSE,TRUE,FALSE,post,FALSE,2004-08-04,2004-11-10,
MG,2005-10-01,2005,10,120.5112859372443,,,,60.488455956961,71.0686286545088,FALSE,TRUE,FALSE,post,FALSE,2004-08-04,2004-11-10,
MG,2005-11-01,2005,11,121.28090107315529,,,,63.9261027024771,71.2941627748255,FALSE,TRUE,FALSE,post,FALSE,2004-08-04,2004-11-10,
MG,2005-12-01,2005,12,119.76609825010837,,,,64.5801227068118,73.9403749440859,FALSE,TRUE,FALSE,post,FALSE,2004-08-04,2004-11-10,
MG,2006-01-01,2006,1,123.80347063424301,,,,65.0938616845555,74.7608969145104,FALSE,TRUE,FALSE,post,FALSE,2004-08-04,2004-11-10,
MG,2006-02-01,2006,2,119.49980277061404,,,,64.3167004115602,73.421117417673,FALSE,TRUE,FALSE,post,FALSE,2004-08-04,2004-11-10,
MG,2006-03-01,2006,3,127.82328231494708,,,,66.9163041291474,74.9078243914095,FALSE,TRUE,FALSE,post,FALSE,2004-08-04,2004-11-10,
MG,2006-04-01,2006,4,129.1498636818892,,,,64.097927103858,71.3593890735606,FALSE,TRUE,FALSE,post,FALSE,2004-08-04,2004-11-10,
MG,2006-05-01,2006,5,131.20516965006306,,,,67.8348758135862,75.4703506011972,FALSE,TRUE,FALSE,post,FALSE,2004-08-04,2004-11-10,
MG,2006-06-01,2006,6,130.8553377755876,,,,66.8861703703241,76.1518472601087,FALSE,TRUE,FALSE,post,FALSE,2004-08-04,2004-11-10,
MG,2006-07-01,2006,7,132.41275429758906,,,,67.0663828604506,76.3844121635349,FALSE,TRUE,FALSE,post,FALSE,2004-08-04,2004-11-10,
MG,2006-08-01,2006,8,134.87828241673924,,,,66.4213892311491,76.5165283151617,FALSE,TRUE,FALSE,post,FALSE,2004-08-04,2004-11-10,
MG,2006-09-01,2006,9,134.95584880109007,,,,69.2209588251196,76.625258604414,FALSE,TRUE,FALSE,post,FALSE,2004-08-04,2004-11-10,
MG,2006-10-01,2006,10,135.54573329380685,,,,66.6962658785493,78.4935440796201,FALSE,TRUE,FALSE,post,FALSE,2004-08-04,2004-11-10,
MS,2001-11-01,2001,11,100,,,,73.8482341061283,77.9784645089475,FALSE,TRUE,FALSE,pre,TRUE,2004-08-04,2004-11-10,
MS,2001-12-01,2001,12,100.35641227581094,,,,75.8484100049458,79.8325014636,FALSE,TRUE,FALSE,pre,TRUE,2004-08-04,2004-11-10,
MS,2002-01-01,2002,1,108.3915549449804,,,,74.9145474129495,77.9443631368913,FALSE,TRUE,FALSE,pre,TRUE,2004-08-04,2004-11-10,
MS,2002-02-01,2002,2,106.33643735008104,,,,74.3434816549022,77.7903662304079,FALSE,TRUE,FALSE,pre,TRUE,2004-08-04,2004-11-10,
MS,2002-03-01,2002,3,103.89127564655475,,,,74.3033125497007,78.5868057945786,FALSE,TRUE,FALSE,pre,TRUE,2004-08-04,2004-11-10,
MS,2002-04-01,2002,4,104.16647641616402,,,,66.1523971654683,69.8549289831591,FALSE,TRUE,FALSE,pre,TRUE,2004-08-04,2004-11-10,
MS,2002-05-01,2002,5,101.11341437469068,,,,72.0428040911223,75.7527353836365,FALSE,TRUE,FALSE,pre,TRUE,2004-08-04,2004-11-10,
MS,2002-06-01,2002,6,100.61850490607932,,,,72.8232495683849,77.0291489348751,FALSE,TRUE,FALSE,pre,TRUE,2004-08-04,2004-11-10,
MS,2002-07-01,2002,7,99.60791450402276,,,,71.6747660370155,75.8923384588477,FALSE,TRUE,FALSE,pre,TRUE,2004-08-04,2004-11-10,
MS,2002-08-01,2002,8,99.45902064066762,,,,72.2562239203221,76.6103289062591,FALSE,TRUE,FALSE,pre,TRUE,2004-08-04,2004-11-10,
MS,2002-09-01,2002,9,100.75400270188055,,,,71.6342828183991,76.4133163932944,FALSE,TRUE,FALSE,pre,TRUE,2004-08-04,2004-11-10,
MS,2002-10-01,2002,10,100.90614207509685,,,,72.0237008601342,76.8183658238918,FALSE,TRUE,FALSE,pre,TRUE,2004-08-04,2004-11-10,
MS,2002-11-01,2002,11,99.1139838665842,,,,71.3175293708661,75.9722545994923,FALSE,TRUE,FALSE,pre,TRUE,2004-08-04,2004-11-10,
MS,2002-12-01,2002,12,97.44549594475485,,,,71.0333711648374,75.1337932907346,FALSE,TRUE,FALSE,pre,TRUE,2004-08-04,2004-11-10,
MS,2003-01-01,2003,1,97.87171444762848,,,,72.7109193598772,76.4478672914907,FALSE,TRUE,FALSE,pre,TRUE,2004-08-04,2004-11-10,
MS,2003-02-01,2003,2,99.96857383314304,,,,80.1993384041739,83.3993749662646,FALSE,TRUE,FALSE,pre,TRUE,2004-08-04,2004-11-10,
MS,2003-03-01,2003,3,99.55505842626073,,,,77.4219288287504,80.429585790967,FALSE,TRUE,FALSE,pre,TRUE,2004-08-04,2004-11-10,
MS,2003-04-01,2003,4,100.15458622098608,,,,77.8125317064337,82.3251467058881,FALSE,TRUE,FALSE,pre,TRUE,2004-08-04,2004-11-10,
MS,2003-05-01,2003,5,94.06107716354663,,,,77.6955308445777,82.1779318594873,FALSE,TRUE,FALSE,pre,TRUE,2004-08-04,2004-11-10,
MS,2003-06-01,2003,6,100.37336428277787,,,,77.7156126747803,82.4505155007793,FALSE,TRUE,FALSE,pre,TRUE,2004-08-04,2004-11-10,
MS,2003-07-01,2003,7,100.97697243429543,,,,77.97040235597,82.4450706755853,FALSE,TRUE,FALSE,pre,TRUE,2004-08-04,2004-11-10,
MS,2003-08-01,2003,8,102.53493076282652,,,,78.8536989865311,83.700948062318,FALSE,TRUE,FALSE,pre,TRUE,2004-08-04,2004-11-10,
MS,2003-09-01,2003,9,101.500628391179,,,,76.9886985001076,81.9385763645534,FALSE,TRUE,FALSE,pre,TRUE,2004-08-04,2004-11-10,
MS,2003-10-01,2003,10,102.50688557348343,,,,78.0709407849149,82.9715267258612,FALSE,TRUE,FALSE,pre,TRUE,2004-08-04,2004-11-10,
MS,2003-11-01,2003,11,107.9016998361786,,,,80.9312602536976,86.2869038064286,FALSE,TRUE,FALSE,pre,TRUE,2004-08-04,2004-11-10,
MS,2003-12-01,2003,12,103.83608333921907,,,,79.5641157767339,83.5975569651842,FALSE,TRUE,FALSE,pre,TRUE,2004-08-04,2004-11-10,
MS,2004-01-01,2004,1,105.42613867977548,,,,81.0617879067356,85.908724786905,FALSE,TRUE,FALSE,pre,TRUE,2004-08-04,2004-11-10,
MS,2004-02-01,2004,2,107.19298263437256,,,,88.0085806044336,89.911719648748,FALSE,TRUE,FALSE,pre,TRUE,2004-08-04,2004-11-10,
MS,2004-03-01,2004,3,111.1907634261515,,,,81.6188537772141,86.1587011311739,FALSE,TRUE,FALSE,pre,TRUE,2004-08-04,2004-11-10,
MS,2004-04-01,2004,4,111.39779919003313,,,,84.2328515380094,89.0383285041473,FALSE,TRUE,FALSE,pre,TRUE,2004-08-04,2004-11-10,
MS,2004-05-01,2004,5,116.25188426221155,,,,88.8831062259959,94.0304742554103,FALSE,TRUE,FALSE,pre,TRUE,2004-08-04,2004-11-10,
MS,2004-06-01,2004,6,117.03148094555856,,,,89.7754619184306,94.7649275967342,FALSE,TRUE,FALSE,pre,TRUE,2004-08-04,2004-11-10,
MS,2004-07-01,2004,7,117.88916342252078,,,,90.103784385425,95.3183597484335,FALSE,TRUE,FALSE,pre,TRUE,2004-08-04,2004-11-10,
MS,2004-08-01,2004,8,115.88147007924378,,,,92.0312820369536,96.9570508684506,FALSE,TRUE,FALSE,pre,TRUE,2004-08-04,2004-11-10,
MS,2004-09-01,2004,9,117.49579432898919,,,,95.1750803773424,100.921185097681,FALSE,TRUE,FALSE,pre,TRUE,2004-08-04,2004-11-10,
MS,2004-10-01,2004,10,116.92673985265066,,,,95.1175734115437,100.537563720575,FALSE,TRUE,FALSE,pre,TRUE,2004-08-04,2004-11-10,
MS,2004-11-01,2004,11,116.5268032073166,,,,93.6302392303294,99.2117659300603,FALSE,TRUE,FALSE,post,FALSE,2004-08-04,2004-11-10,
MS,2004-12-01,2004,12,119.82842640774653,,,,100.171793949144,105.634162009408,FALSE,TRUE,FALSE,post,FALSE,2004-08-04,2004-11-10,
MS,2005-01-01,2005,1,118.06355700747912,,,,93.8881803740075,98.6364428371896,FALSE,TRUE,FALSE,post,FALSE,2004-08-04,2004-11-10,
MS,2005-02-01,2005,2,120.08927173201403,,,,94.5232950410256,98.8175916181661,FALSE,TRUE,FALSE,post,FALSE,2004-08-04,2004-11-10,
MS,2005-03-01,2005,3,121.55640222192388,,,,96.0466457862309,101.671458528952,FALSE,TRUE,FALSE,post,FALSE,2004-08-04,2004-11-10,
MS,2005-04-01,2005,4,121.21836364574146,,,,96.353124554504,100.922954700929,FALSE,TRUE,FALSE,post,FALSE,2004-08-04,2004-11-10,
MS,2005-05-01,2005,5,122.00332692429552,,,,92.9229806361095,98.2655915688148,FALSE,TRUE,FALSE,post,FALSE,2004-08-04,2004-11-10,
MS,2005-06-01,2005,6,124.97427714391414,,,,94.0543684340844,99.1172224615132,FALSE,TRUE,FALSE,post,FALSE,2004-08-04,2004-11-10,
MS,2005-07-01,2005,7,126.26756488505904,,,,95.7550965671114,101.029134546145,FALSE,TRUE,FALSE,post,FALSE,2004-08-04,2004-11-10,
MS,2005-08-01,2005,8,126.35746516831713,,,,94.8765177665832,100.487125909437,FALSE,TRUE,FALSE,post,FALSE,2004-08-04,2004-11-10,
MS,2005-09-01,2005,9,125.9552062207036,,,,99.2865333389228,105.504103872592,FALSE,TRUE,FALSE,post,FALSE,2004-08-04,2004-11-10,
MS,2005-10-01,2005,10,124.56579520375925,,,,85.2174523377169,90.5927949102555,FALSE,TRUE,FALSE,post,FALSE,2004-08-04,2004-11-10,
MS,2005-11-01,2005,11,125.2129454687002,,,,88.1938701142701,94.2523365446629,FALSE,TRUE,FALSE,post,FALSE,2004-08-04,2004-11-10,
MS,2005-12-01,2005,12,125.06223144080583,,,,98.8632682458603,102.731348864066,FALSE,TRUE,FALSE,post,FALSE,2004-08-04,2004-11-10,
MS,2006-01-01,2006,1,125.95658968972529,,,,95.9963941684664,101.80523467859,FALSE,TRUE,FALSE,post,FALSE,2004-08-04,2004-11-10,
MS,2006-02-01,2006,2,125.92486704102991,,,,95.8116221163821,100.17487511627,FALSE,TRUE,FALSE,post,FALSE,2004-08-04,2004-11-10,
MS,2006-03-01,2006,3,124.46149576664743,,,,100.448949692576,105.80775659131,FALSE,TRUE,FALSE,post,FALSE,2004-08-04,2004-11-10,
MS,2006-04-01,2006,4,123.65678775780998,,,,96.0037610222654,102.038770848469,FALSE,TRUE,FALSE,post,FALSE,2004-08-04,2004-11-10,
MS,2006-05-01,2006,5,125.53049885588389,,,,92.6308913299172,98.2169767689057,FALSE,TRUE,FALSE,post,FALSE,2004-08-04,2004-11-10,
MS,2006-06-01,2006,6,125.83454484010278,,,,100.033511356115,105.088531440666,FALSE,TRUE,FALSE,post,FALSE,2004-08-04,2004-11-10,
MS,2006-07-01,2006,7,126.84544165425079,,,,101.212707560686,106.802562012082,FALSE,TRUE,FALSE,post,FALSE,2004-08-04,2004-11-10,
MS,2006-08-01,2006,8,129.92222276147555,,,,101.783323305883,107.615113556122,FALSE,TRUE,FALSE,post,FALSE,2004-08-04,2004-11-10,
MS,2006-09-01,2006,9,130.40078094944218,,,,105.009539258047,110.957755019215,FALSE,TRUE,FALSE,post,FALSE,2004-08-04,2004-11-10,
MS,2006-10-01,2006,10,134.92883440350036,,,,106.122642744105,112.559401877233,FALSE,TRUE,FALSE,post,FALSE,2004-08-04,2004-11-10,
MT,2001-11-01,2001,11,100,,,,69.0052985835697,73.8310149135615,FALSE,TRUE,FALSE,pre,TRUE,2004-08-04,2004-11-10,
MT,2001-12-01,2001,12,87.26258431330184,,,,67.6129732972098,71.9006345127571,FALSE,TRUE,FALSE,pre,TRUE,2004-08-04,2004-11-10,
MT,2002-01-01,2002,1,105.2603531136503,,,,71.6685540674826,76.3511338798749,FALSE,TRUE,FALSE,pre,TRUE,2004-08-04,2004-11-10,
MT,2002-02-01,2002,2,105.05950568908204,,,,78.8111818925195,84.1342086647231,FALSE,TRUE,FALSE,pre,TRUE,2004-08-04,2004-11-10,
MT,2002-03-01,2002,3,103.37100077444961,,,,72.2646005079905,76.7381111630022,FALSE,TRUE,FALSE,pre,TRUE,2004-08-04,2004-11-10,
MT,2002-04-01,2002,4,103.46392529510467,,,,70.8982484666395,70.353207049881,FALSE,TRUE,FALSE,pre,TRUE,2004-08-04,2004-11-10,
MT,2002-05-01,2002,5,115.31516109751931,,,,75.9005904360807,73.8961069127528,FALSE,TRUE,FALSE,pre,TRUE,2004-08-04,2004-11-10,
MT,2002-06-01,2002,6,104.01841481770182,,,,69.6630462539936,74.1233431369707,FALSE,TRUE,FALSE,pre,TRUE,2004-08-04,2004-11-10,
MT,2002-07-01,2002,7,106.9688319932719,,,,71.4707166911525,75.5961797934687,FALSE,TRUE,FALSE,pre,TRUE,2004-08-04,2004-11-10,
MT,2002-08-01,2002,8,104.95043111929043,,,,76.5754650925516,81.0943446540761,FALSE,TRUE,FALSE,pre,TRUE,2004-08-04,2004-11-10,
MT,2002-09-01,2002,9,107.49802507283185,,,,79.7725337849346,84.4342336695267,FALSE,TRUE,FALSE,pre,TRUE,2004-08-04,2004-11-10,
MT,2002-10-01,2002,10,109.45047401871885,,,,77.163673036849,82.0499619366374,FALSE,TRUE,FALSE,pre,TRUE,2004-08-04,2004-11-10,
MT,2002-11-01,2002,11,101.30571450387272,,,,73.490840417902,78.2785590713879,FALSE,TRUE,FALSE,pre,TRUE,2004-08-04,2004-11-10,
MT,2002-12-01,2002,12,90.80594254549726,,,,78.3064481649386,82.9940729174106,FALSE,TRUE,FALSE,pre,TRUE,2004-08-04,2004-11-10,
MT,2003-01-01,2003,1,102.67987662416763,,,,78.7027783708987,84.1616737241603,FALSE,TRUE,FALSE,pre,TRUE,2004-08-04,2004-11-10,
MT,2003-02-01,2003,2,101.99522380622928,,,,80.1450579892079,85.02834946829,FALSE,TRUE,FALSE,pre,TRUE,2004-08-04,2004-11-10,
MT,2003-03-01,2003,3,104.0370634399993,,,,81.592807602763,85.4594716404552,FALSE,TRUE,FALSE,pre,TRUE,2004-08-04,2004-11-10,
MT,2003-04-01,2003,4,104.02986809227241,,,,74.2887187632216,73.5110550224904,FALSE,TRUE,FALSE,pre,TRUE,2004-08-04,2004-11-10,
MT,2003-05-01,2003,5,102.36417621432612,,,,77.2647904643717,82.5550410735259,FALSE,TRUE,FALSE,pre,TRUE,2004-08-04,2004-11-10,
MT,2003-06-01,2003,6,106.48270508741392,,,,85.8555935726754,90.3252165339741,FALSE,TRUE,FALSE,pre,TRUE,2004-08-04,2004-11-10,
MT,2003-07-01,2003,7,105.4941660878396,,,,83.3714442944307,87.6917958625631,FALSE,TRUE,FALSE,pre,TRUE,2004-08-04,2004-11-10,
MT,2003-08-01,2003,8,107.96987256859171,,,,82.0057826729645,86.3635566083144,FALSE,TRUE,FALSE,pre,TRUE,2004-08-04,2004-11-10,
MT,2003-09-01,2003,9,107.73404519956783,,,,97.032223813943,101.979927639384,FALSE,TRUE,FALSE,pre,TRUE,2004-08-04,2004-11-10,
MT,2003-10-01,2003,10,111.68473610153409,,,,92.8162581602033,97.9006596081923,FALSE,TRUE,FALSE,pre,TRUE,2004-08-04,2004-11-10,
MT,2003-11-01,2003,11,117.06584928505761,,,,95.7802965104379,100.828520421484,FALSE,TRUE,FALSE,pre,TRUE,2004-08-04,2004-11-10,
MT,2003-12-01,2003,12,109.23360271881532,,,,90.0000792573197,94.8775365826428,FALSE,TRUE,FALSE,pre,TRUE,2004-08-04,2004-11-10,
MT,2004-01-01,2004,1,115.32001601817723,,,,94.5766975544494,100.891604209461,FALSE,TRUE,FALSE,pre,TRUE,2004-08-04,2004-11-10,
MT,2004-02-01,2004,2,115.781180305149,,,,93.9796343375552,98.8204070553723,FALSE,TRUE,FALSE,pre,TRUE,2004-08-04,2004-11-10,
MT,2004-03-01,2004,3,127.67698447784726,,,,93.164482802903,101.038659588308,FALSE,TRUE,FALSE,pre,TRUE,2004-08-04,2004-11-10,
MT,2004-04-01,2004,4,129.57037914525233,,,,101.790347447928,109.371176668614,FALSE,TRUE,FALSE,pre,TRUE,2004-08-04,2004-11-10,
MT,2004-05-01,2004,5,132.68939487050488,,,,101.679019995975,111.763428675664,FALSE,TRUE,FALSE,pre,TRUE,2004-08-04,2004-11-10,
MT,2004-06-01,2004,6,133.9124663171856,,,,102.445668958759,111.949056108593,FALSE,TRUE,FALSE,pre,TRUE,2004-08-04,2004-11-10,
MT,2004-07-01,2004,7,133.75288738719536,,,,106.782501937792,118.030648664338,FALSE,TRUE,FALSE,pre,TRUE,2004-08-04,2004-11-10,
MT,2004-08-01,2004,8,134.42208204461787,,,,113.39051020816,124.410880997176,FALSE,TRUE,FALSE,pre,TRUE,2004-08-04,2004-11-10,
MT,2004-09-01,2004,9,132.16037226915034,,,,106.323632665512,115.546943267536,FALSE,TRUE,FALSE,pre,TRUE,2004-08-04,2004-11-10,
MT,2004-10-01,2004,10,134.15091016232282,,,,102.034383880283,110.912085084915,FALSE,TRUE,FALSE,pre,TRUE,2004-08-04,2004-11-10,
MT,2004-11-01,2004,11,133.4692136875393,,,,101.892669302326,110.530323405669,FALSE,TRUE,FALSE,post,FALSE,2004-08-04,2004-11-10,
MT,2004-12-01,2004,12,134.92694341003985,,,,108.873713109107,120.145856823463,FALSE,TRUE,FALSE,post,FALSE,2004-08-04,2004-11-10,
MT,2005-01-01,2005,1,130.44016622551314,,,,100.197578701777,108.264883523474,FALSE,TRUE,FALSE,post,FALSE,2004-08-04,2004-11-10,
MT,2005-02-01,2005,2,137.04367777812925,,,,100.410885006716,114.273107869874,FALSE,TRUE,FALSE,post,FALSE,2004-08-04,2004-11-10,
MT,2005-03-01,2005,3,133.22299784320137,,,,103.593353222381,112.126433014675,FALSE,TRUE,FALSE,post,FALSE,2004-08-04,2004-11-10,
MT,2005-04-01,2005,4,130.8270586002474,,,,105.844259509066,116.970308524082,FALSE,TRUE,FALSE,post,FALSE,2004-08-04,2004-11-10,
MT,2005-05-01,2005,5,134.9756311530152,,,,102.804468105886,112.676157092378,FALSE,TRUE,FALSE,post,FALSE,2004-08-04,2004-11-10,
MT,2005-06-01,2005,6,131.9594567288029,,,,100.938594397678,111.397908973587,FALSE,TRUE,FALSE,post,FALSE,2004-08-04,2004-11-10,
MT,2005-07-01,2005,7,131.79331187578342,,,,97.2847278551407,106.920377043848,FALSE,TRUE,FALSE,post,FALSE,2004-08-04,2004-11-10,
MT,2005-08-01,2005,8,135.10198252375756,,,,98.7608871728036,108.563064763175,FALSE,TRUE,FALSE,post,FALSE,2004-08-04,2004-11-10,
MT,2005-09-01,2005,9,139.59842228083954,,,,92.3480151201692,102.64836148201,FALSE,TRUE,FALSE,post,FALSE,2004-08-04,2004-11-10,
MT,2005-10-01,2005,10,134.59043338847428,,,,87.4107099687331,96.8880709493057,FALSE,TRUE,FALSE,post,FALSE,2004-08-04,2004-11-10,
MT,2005-11-01,2005,11,134.55098574901467,,,,93.0019725894312,104.463827758582,FALSE,TRUE,FALSE,post,FALSE,2004-08-04,2004-11-10,
MT,2005-12-01,2005,12,132.9640856886683,,,,96.8544829535778,106.409981138259,FALSE,TRUE,FALSE,post,FALSE,2004-08-04,2004-11-10,
MT,2006-01-01,2006,1,133.95201931031716,,,,96.4454305077761,105.228689938014,FALSE,TRUE,FALSE,post,FALSE,2004-08-04,2004-11-10,
MT,2006-02-01,2006,2,123.01740116476078,,,,91.0664195056487,101.480501614433,FALSE,TRUE,FALSE,post,FALSE,2004-08-04,2004-11-10,
MT,2006-03-01,2006,3,118.30864596062223,,,,101.134631316573,110.017670267722,FALSE,TRUE,FALSE,post,FALSE,2004-08-04,2004-11-10,
MT,2006-04-01,2006,4,119.73409959883766,,,,92.8530691337019,103.396114216184,FALSE,TRUE,FALSE,post,FALSE,2004-08-04,2004-11-10,
MT,2006-05-01,2006,5,115.31386767365865,,,,92.015995910632,101.930312693392,FALSE,TRUE,FALSE,post,FALSE,2004-08-04,2004-11-10,
MT,2006-06-01,2006,6,118.3721605994828,,,,86.6058708838913,97.2305849357148,FALSE,TRUE,FALSE,post,FALSE,2004-08-04,2004-11-10,
MT,2006-07-01,2006,7,115.20278068095155,,,,90.4927770777871,101.347678350066,FALSE,TRUE,FALSE,post,FALSE,2004-08-04,2004-11-10,
MT,2006-08-01,2006,8,117.90215235215834,,,,91.6765863077896,103.457411919843,FALSE,TRUE,FALSE,post,FALSE,2004-08-04,2004-11-10,
MT,2006-09-01,2006,9,118.8727545410677,,,,95.3002708191374,106.775952623393,FALSE,TRUE,FALSE,post,FALSE,2004-08-04,2004-11-10,
MT,2006-10-01,2006,10,121.95584595904745,,,,96.9690025352604,108.220472364283,FALSE,TRUE,FALSE,post,FALSE,2004-08-04,2004-11-10,
PA,2001-11-01,2001,11,100,,,,25.8359591497166,27.4221296905954,FALSE,TRUE,FALSE,pre,TRUE,2004-08-04,2004-11-10,
PA,2001-12-01,2001,12,102.73734440970468,,,,22.7785383706238,25.5035247200753,FALSE,TRUE,FALSE,pre,TRUE,2004-08-04,2004-11-10,
PA,2002-01-01,2002,1,114.85216052452239,,,,28.1951056304755,29.4398935217776,FALSE,TRUE,FALSE,pre,TRUE,2004-08-04,2004-11-10,
PA,2002-02-01,2002,2,112.94700199895743,,,,26.9643392752282,28.5709388488313,FALSE,TRUE,FALSE,pre,TRUE,2004-08-04,2004-11-10,
PA,2002-03-01,2002,3,111.40887215445002,,,,27.5217580989547,28.6234637351832,FALSE,TRUE,FALSE,pre,TRUE,2004-08-04,2004-11-10,
PA,2002-04-01,2002,4,112.29618650612991,,,,27.7677550683691,28.9918936677785,FALSE,TRUE,FALSE,pre,TRUE,2004-08-04,2004-11-10,
PA,2002-05-01,2002,5,113.92680319053251,,,,26.2894819004647,27.5239792461457,FALSE,TRUE,FALSE,pre,TRUE,2004-08-04,2004-11-10,
PA,2002-06-01,2002,6,111.76022915924965,,,,27.017814359397,28.2930063241943,FALSE,TRUE,FALSE,pre,TRUE,2004-08-04,2004-11-10,
PA,2002-07-01,2002,7,113.54557969456224,,,,27.6621574048586,28.9547294617239,FALSE,TRUE,FALSE,pre,TRUE,2004-08-04,2004-11-10,
PA,2002-08-01,2002,8,112.16882516236318,,,,28.6700591349008,30.2075602467744,FALSE,TRUE,FALSE,pre,TRUE,2004-08-04,2004-11-10,
PA,2002-09-01,2002,9,113.99622507118008,,,,28.7518494290783,30.1272591921764,FALSE,TRUE,FALSE,pre,TRUE,2004-08-04,2004-11-10,
PA,2002-10-01,2002,10,115.70506386975016,,,,27.4644029183294,28.9577897624331,FALSE,TRUE,FALSE,pre,TRUE,2004-08-04,2004-11-10,
PA,2002-11-01,2002,11,112.77056681874672,,,,29.2194113820873,30.728846860127,FALSE,TRUE,FALSE,pre,TRUE,2004-08-04,2004-11-10,
PA,2002-12-01,2002,12,97.79052159987677,,,,27.7012021424766,28.8054666164534,FALSE,TRUE,FALSE,pre,TRUE,2004-08-04,2004-11-10,
PA,2003-01-01,2003,1,111.14702413326891,,,,26.6885681040662,29.8412315269823,FALSE,TRUE,FALSE,pre,TRUE,2004-08-04,2004-11-10,
PA,2003-02-01,2003,2,113.75509846050008,,,,32.4456964791804,35.5256766927023,FALSE,TRUE,FALSE,pre,TRUE,2004-08-04,2004-11-10,
PA,2003-03-01,2003,3,107.46244124662964,,,,28.236779375392,30.9074443491122,FALSE,TRUE,FALSE,pre,TRUE,2004-08-04,2004-11-10,
PA,2003-04-01,2003,4,107.80642616271471,,,,27.2781588900593,30.4639486983055,FALSE,TRUE,FALSE,pre,TRUE,2004-08-04,2004-11-10,
PA,2003-05-01,2003,5,107.41587056767368,,,,29.7255691795294,32.7059147095024,FALSE,TRUE,FALSE,pre,TRUE,2004-08-04,2004-11-10,
PA,2003-06-01,2003,6,112.54501721494228,,,,28.316211885043302,31.4177554015049,FALSE,TRUE,FALSE,pre,TRUE,2004-08-04,2004-11-10,
PA,2003-07-01,2003,7,110.26783082482343,,,,30.2981448783902,33.5533372292832,FALSE,TRUE,FALSE,pre,TRUE,2004-08-04,2004-11-10,
PA,2003-08-01,2003,8,111.83263650446051,,,,29.4398567190278,32.3785508673045,FALSE,TRUE,FALSE,pre,TRUE,2004-08-04,2004-11-10,
PA,2003-09-01,2003,9,114.27632651247049,,,,30.3462311763826,33.9125375490371,FALSE,TRUE,FALSE,pre,TRUE,2004-08-04,2004-11-10,
PA,2003-10-01,2003,10,114.45736107073755,,,,30.3875338159214,33.7614063965776,FALSE,TRUE,FALSE,pre,TRUE,2004-08-04,2004-11-10,
PA,2003-11-01,2003,11,116.79790488099546,,,,30.5506529509052,33.9758757362788,FALSE,TRUE,FALSE,pre,TRUE,2004-08-04,2004-11-10,
PA,2003-12-01,2003,12,115.72565007687217,,,,30.0897697778413,34.1622711673302,FALSE,TRUE,FALSE,pre,TRUE,2004-08-04,2004-11-10,
PA,2004-01-01,2004,1,115.78436722369787,,,,29.86375188145,32.9154218001029,FALSE,TRUE,FALSE,pre,TRUE,2004-08-04,2004-11-10,
PA,2004-02-01,2004,2,115.86374413418643,,,,31.8222708144404,35.0667224024368,FALSE,TRUE,FALSE,pre,TRUE,2004-08-04,2004-11-10,
PA,2004-03-01,2004,3,119.50658309910708,,,,27.6569691651116,30.3257730569485,FALSE,TRUE,FALSE,pre,TRUE,2004-08-04,2004-11-10,
PA,2004-04-01,2004,4,118.35074668461431,,,,30.0165245775078,33.2736481143751,FALSE,TRUE,FALSE,pre,TRUE,2004-08-04,2004-11-10,
PA,2004-05-01,2004,5,119.18377740174951,,,,31.6636538864181,34.7999219364697,FALSE,TRUE,FALSE,pre,TRUE,2004-08-04,2004-11-10,
PA,2004-06-01,2004,6,122.25285230524912,,,,29.9457272495469,33.1856750852433,FALSE,TRUE,FALSE,pre,TRUE,2004-08-04,2004-11-10,
PA,2004-07-01,2004,7,124.72772351490369,,,,29.6888264085471,32.6208881135415,FALSE,TRUE,FALSE,pre,TRUE,2004-08-04,2004-11-10,
PA,2004-08-01,2004,8,120.62609637018251,,,,29.0186466559043,32.4716029938234,FALSE,TRUE,FALSE,pre,TRUE,2004-08-04,2004-11-10,
PA,2004-09-01,2004,9,118.14592737602105,,,,29.1041820937968,32.4692329124875,FALSE,TRUE,FALSE,pre,TRUE,2004-08-04,2004-11-10,
PA,2004-10-01,2004,10,119.76707939405308,,,,30.7138587706141,33.7318845472938,FALSE,TRUE,FALSE,pre,TRUE,2004-08-04,2004-11-10,
PA,2004-11-01,2004,11,120.82574142700935,,,,29.952159607492,33.3523084302024,FALSE,TRUE,FALSE,post,FALSE,2004-08-04,2004-11-10,
PA,2004-12-01,2004,12,121.96597741443598,,,,30.0978282902604,33.9944614879897,FALSE,TRUE,FALSE,post,FALSE,2004-08-04,2004-11-10,
PA,2005-01-01,2005,1,125.94064724877528,,,,30.717815120147,34.1837671513823,FALSE,TRUE,FALSE,post,FALSE,2004-08-04,2004-11-10,
PA,2005-02-01,2005,2,131.30354215052802,,,,29.346769065383,33.0830589385069,FALSE,TRUE,FALSE,post,FALSE,2004-08-04,2004-11-10,
PA,2005-03-01,2005,3,133.49053203275264,,,,32.0526565636667,34.9178863726027,FALSE,TRUE,FALSE,post,FALSE,2004-08-04,2004-11-10,
PA,2005-04-01,2005,4,133.97672248327635,,,,32.0430490873975,35.5703107602351,FALSE,TRUE,FALSE,post,FALSE,2004-08-04,2004-11-10,
PA,2005-05-01,2005,5,134.5710561275199,,,,32.5175534245573,36.0423617222192,FALSE,TRUE,FALSE,post,FALSE,2004-08-04,2004-11-10,
PA,2005-06-01,2005,6,133.2818008651215,,,,33.7182630056323,37.1348852301714,FALSE,TRUE,FALSE,post,FALSE,2004-08-04,2004-11-10,
PA,2005-07-01,2005,7,135.5687723659368,,,,32.7610962229264,36.3908366116471,FALSE,TRUE,FALSE,post,FALSE,2004-08-04,2004-11-10,
PA,2005-08-01,2005,8,140.20565121932188,,,,32.7916541748559,36.2343252714844,FALSE,TRUE,FALSE,post,FALSE,2004-08-04,2004-11-10,
PA,2005-09-01,2005,9,140.25722177958048,,,,36.3155574397162,39.9170651390725,FALSE,TRUE,FALSE,post,FALSE,2004-08-04,2004-11-10,
PA,2005-10-01,2005,10,139.7675163566086,,,,33.7477502657107,37.7353849549773,FALSE,TRUE,FALSE,post,FALSE,2004-08-04,2004-11-10,
PA,2005-11-01,2005,11,137.97333974527473,,,,30.667729670206,34.2012765885183,FALSE,TRUE,FALSE,post,FALSE,2004-08-04,2004-11-10,
PA,2005-12-01,2005,12,135.08851856110024,,,,35.2682575801981,38.3563583937555,FALSE,TRUE,FALSE,post,FALSE,2004-08-04,2004-11-10,
PA,2006-01-01,2006,1,137.16131179049998,,,,35.416573601472,39.1869513632561,FALSE,TRUE,FALSE,post,FALSE,2004-08-04,2004-11-10,
PA,2006-02-01,2006,2,137.005572726899,,,,33.9761452916907,37.2773887893213,FALSE,TRUE,FALSE,post,FALSE,2004-08-04,2004-11-10,
PA,2006-03-01,2006,3,134.4817746443853,,,,34.4925927406543,39.1794820602816,FALSE,TRUE,FALSE,post,FALSE,2004-08-04,2004-11-10,
PA,2006-04-01,2006,4,138.1831685855628,,,,35.7194480469409,39.280876487476,FALSE,TRUE,FALSE,post,FALSE,2004-08-04,2004-11-10,
PA,2006-05-01,2006,5,146.77347069807456,,,,33.6419824266992,38.0959461589383,FALSE,TRUE,FALSE,post,FALSE,2004-08-04,2004-11-10,
PA,2006-06-01,2006,6,140.56204744225522,,,,34.8645001164051,38.6944228109145,FALSE,TRUE,FALSE,post,FALSE,2004-08-04,2004-11-10,
PA,2006-07-01,2006,7,141.90832632575064,,,,34.3200051203162,38.7086858403403,FALSE,TRUE,FALSE,post,FALSE,2004-08-04,2004-11-10,
PA,2006-08-01,2006,8,146.11806683660245,,,,34.9678672882095,39.1848584077708,FALSE,TRUE,FALSE,post,FALSE,2004-08-04,2004-11-10,
PA,2006-09-01,2006,9,146.04738473937127,,,,34.6360447459083,38.9614264978901,FALSE,TRUE,FALSE,post,FALSE,2004-08-04,2004-11-10,
PA,2006-10-01,2006,10,145.72840698243937,,,,40.1011685439752,45.0110909245001,FALSE,TRUE,FALSE,post,FALSE,2004-08-04,2004-11-10,
PB,2001-11-01,2001,11,100,,,,28.5374111137036,31.443992648723,FALSE,TRUE,FALSE,pre,TRUE,2004-08-04,2004-11-10,
PB,2001-12-01,2001,12,93.33769693011334,,,,30.4231464140804,32.6251809237483,FALSE,TRUE,FALSE,pre,TRUE,2004-08-04,2004-11-10,
PB,2002-01-01,2002,1,105.05763481985248,,,,26.9152912227487,28.0171321474799,FALSE,TRUE,FALSE,pre,TRUE,2004-08-04,2004-11-10,
PB,2002-02-01,2002,2,103.1675894440474,,,,29.8319690235488,32.4555122563239,FALSE,TRUE,FALSE,pre,TRUE,2004-08-04,2004-11-10,
PB,2002-03-01,2002,3,100.58568751867638,,,,27.1728517964269,29.0757734312267,FALSE,TRUE,FALSE,pre,TRUE,2004-08-04,2004-11-10,
PB,2002-04-01,2002,4,104.01058440355054,,,,29.1267623740563,31.4390363776146,FALSE,TRUE,FALSE,pre,TRUE,2004-08-04,2004-11-10,
PB,2002-05-01,2002,5,103.74130424254584,,,,24.2665532720515,26.2803809607629,FALSE,TRUE,FALSE,pre,TRUE,2004-08-04,2004-11-10,
PB,2002-06-01,2002,6,103.80150916729889,,,,26.0395256066012,27.6088397491009,FALSE,TRUE,FALSE,pre,TRUE,2004-08-04,2004-11-10,
PB,2002-07-01,2002,7,101.63898379950069,,,,25.8079848339458,27.4533759314331,FALSE,TRUE,FALSE,pre,TRUE,2004-08-04,2004-11-10,
PB,2002-08-01,2002,8,101.32038819651612,,,,28.7628992857744,30.1681062471068,FALSE,TRUE,FALSE,pre,TRUE,2004-08-04,2004-11-10,
PB,2002-09-01,2002,9,107.56056792197076,,,,33.3477780291968,34.8925970516836,FALSE,TRUE,FALSE,pre,TRUE,2004-08-04,2004-11-10,
PB,2002-10-01,2002,10,106.37794676494335,,,,27.1553693313209,28.5979903301094,FALSE,TRUE,FALSE,pre,TRUE,2004-08-04,2004-11-10,
PB,2002-11-01,2002,11,99.06985727894033,,,,27.9328908555417,29.7421036673313,FALSE,TRUE,FALSE,pre,TRUE,2004-08-04,2004-11-10,
PB,2002-12-01,2002,12,98.30977174589438,,,,25.4884071361443,27.1998550103647,FALSE,TRUE,FALSE,pre,TRUE,2004-08-04,2004-11-10,
PB,2003-01-01,2003,1,96.61166758546486,,,,31.0933131197502,32.2892730652393,FALSE,TRUE,FALSE,pre,TRUE,2004-08-04,2004-11-10,
PB,2003-02-01,2003,2,99.56085366106606,,,,27.7877677777908,29.3884383800954,FALSE,TRUE,FALSE,pre,TRUE,2004-08-04,2004-11-10,
PB,2003-03-01,2003,3,93.67280981196747,,,,26.7831362144186,27.9626206933049,FALSE,TRUE,FALSE,pre,TRUE,2004-08-04,2004-11-10,
PB,2003-04-01,2003,4,93.90861225363318,,,,24.7187844978652,26.3828158809725,FALSE,TRUE,FALSE,pre,TRUE,2004-08-04,2004-11-10,
PB,2003-05-01,2003,5,86.77261066652096,,,,24.8274287028265,26.5118392134549,FALSE,TRUE,FALSE,pre,TRUE,2004-08-04,2004-11-10,
PB,2003-06-01,2003,6,95.0316556278824,,,,28.4268071132655,30.1011238538023,FALSE,TRUE,FALSE,pre,TRUE,2004-08-04,2004-11-10,
PB,2003-07-01,2003,7,93.02831743404471,,,,30.1686862400479,32.860930158576,FALSE,TRUE,FALSE,pre,TRUE,2004-08-04,2004-11-10,
PB,2003-08-01,2003,8,90.43279530167864,,,,25.4843459085668,26.8688568660692,FALSE,TRUE,FALSE,pre,TRUE,2004-08-04,2004-11-10,
PB,2003-09-01,2003,9,94.07036751738055,,,,24.9607706605754,26.9965192727666,FALSE,TRUE,FALSE,pre,TRUE,2004-08-04,2004-11-10,
PB,2003-10-01,2003,10,90.73357636556975,,,,29.2040285561205,31.3211084809121,FALSE,TRUE,FALSE,pre,TRUE,2004-08-04,2004-11-10,
PB,2003-11-01,2003,11,95.14045943063776,,,,23.51557011534,25.9355717328308,FALSE,TRUE,FALSE,pre,TRUE,2004-08-04,2004-11-10,
PB,2003-12-01,2003,12,88.42812615529321,,,,26.6435390398685,28.7535540326966,FALSE,TRUE,FALSE,pre,TRUE,2004-08-04,2004-11-10,
PB,2004-01-01,2004,1,94.40436790480356,,,,24.5096709340073,25.9094578649534,FALSE,TRUE,FALSE,pre,TRUE,2004-08-04,2004-11-10,
PB,2004-02-01,2004,2,95.94245675275133,,,,26.2566208358159,28.1827355298157,FALSE,TRUE,FALSE,pre,TRUE,2004-08-04,2004-11-10,
PB,2004-03-01,2004,3,99.9919688584649,,,,26.3230979918879,28.3251985613187,FALSE,TRUE,FALSE,pre,TRUE,2004-08-04,2004-11-10,
PB,2004-04-01,2004,4,98.93152672519983,,,,26.855724358637,28.5687875900851,FALSE,TRUE,FALSE,pre,TRUE,2004-08-04,2004-11-10,
PB,2004-05-01,2004,5,99.18917941137802,,,,28.9323711154562,30.443077593265,FALSE,TRUE,FALSE,pre,TRUE,2004-08-04,2004-11-10,
PB,2004-06-01,2004,6,97.32925188367206,,,,24.8801339625594,26.6669778004616,FALSE,TRUE,FALSE,pre,TRUE,2004-08-04,2004-11-10,
PB,2004-07-01,2004,7,98.3111130604699,,,,26.0649959855275,27.9678905145955,FALSE,TRUE,FALSE,pre,TRUE,2004-08-04,2004-11-10,
PB,2004-08-01,2004,8,102.08401254386362,,,,25.6668334266026,27.2851909662006,FALSE,TRUE,FALSE,pre,TRUE,2004-08-04,2004-11-10,
PB,2004-09-01,2004,9,98.44650189937893,,,,32.8879247767173,34.7779911981773,FALSE,TRUE,FALSE,pre,TRUE,2004-08-04,2004-11-10,
PB,2004-10-01,2004,10,103.09736037497744,,,,27.1944882290021,29.1057409017065,FALSE,TRUE,FALSE,pre,TRUE,2004-08-04,2004-11-10,
PB,2004-11-01,2004,11,105.2610382770945,,,,30.5916523412255,35.7721263828493,FALSE,TRUE,FALSE,post,FALSE,2004-08-04,2004-11-10,
PB,2004-12-01,2004,12,106.6314915145657,,,,28.2235114299208,30.4770735703219,FALSE,TRUE,FALSE,post,FALSE,2004-08-04,2004-11-10,
PB,2005-01-01,2005,1,109.354925456957,,,,28.4549756273743,30.1367992742596,FALSE,TRUE,FALSE,post,FALSE,2004-08-04,2004-11-10,
PB,2005-02-01,2005,2,118.30944398139141,,,,26.1990026203714,28.569423406427,FALSE,TRUE,FALSE,post,FALSE,2004-08-04,2004-11-10,
PB,2005-03-01,2005,3,121.42365179452459,,,,29.6889416186502,32.0811822137043,FALSE,TRUE,FALSE,post,FALSE,2004-08-04,2004-11-10,
PB,2005-04-01,2005,4,126.67243999160696,,,,30.2092834430551,31.9664617475371,FALSE,TRUE,FALSE,post,FALSE,2004-08-04,2004-11-10,
PB,2005-05-01,2005,5,128.71717460188594,,,,30.4067471495424,32.6355258829527,FALSE,TRUE,FALSE,post,FALSE,2004-08-04,2004-11-10,
PB,2005-06-01,2005,6,134.34959044211524,,,,30.7538187175382,33.240950782139,FALSE,TRUE,FALSE,post,FALSE,2004-08-04,2004-11-10,
PB,2005-07-01,2005,7,132.7574184104233,,,,29.6196283292337,31.3934716038904,FALSE,TRUE,FALSE,post,FALSE,2004-08-04,2004-11-10,
PB,2005-08-01,2005,8,133.28815130838487,,,,29.9102856526772,32.7075240164933,FALSE,TRUE,FALSE,post,FALSE,2004-08-04,2004-11-10,
PB,2005-09-01,2005,9,133.16844741638252,,,,30.5477180059518,32.552196272591,FALSE,TRUE,FALSE,post,FALSE,2004-08-04,2004-11-10,
PB,2005-10-01,2005,10,132.34061131927544,,,,29.8888390887314,32.0908607969229,FALSE,TRUE,FALSE,post,FALSE,2004-08-04,2004-11-10,
PB,2005-11-01,2005,11,131.84798299991806,,,,30.5650666951627,32.8623156208308,FALSE,TRUE,FALSE,post,FALSE,2004-08-04,2004-11-10,
PB,2005-12-01,2005,12,144.67228125027881,,,,30.0795837815574,31.6138747868895,FALSE,TRUE,FALSE,post,FALSE,2004-08-04,2004-11-10,
PB,2006-01-01,2006,1,140.0278391008118,,,,32.0850468687468,34.1997701847675,FALSE,TRUE,FALSE,post,FALSE,2004-08-04,2004-11-10,
PB,2006-02-01,2006,2,131.6437573275982,,,,31.496194349556,33.4785480507367,FALSE,TRUE,FALSE,post,FALSE,2004-08-04,2004-11-10,
PB,2006-03-01,2006,3,137.97779321453496,,,,31.150675474762,33.3990001924481,FALSE,TRUE,FALSE,post,FALSE,2004-08-04,2004-11-10,
PB,2006-04-01,2006,4,133.23988830154138,,,,32.5718186732373,34.387637430903,FALSE,TRUE,FALSE,post,FALSE,2004-08-04,2004-11-10,
PB,2006-05-01,2006,5,135.60010506210628,,,,32.1565530136311,34.6896219176327,FALSE,TRUE,FALSE,post,FALSE,2004-08-04,2004-11-10,
PB,2006-06-01,2006,6,135.55338387792554,,,,31.7935270639224,33.4045727626764,FALSE,TRUE,FALSE,post,FALSE,2004-08-04,2004-11-10,
PB,2006-07-01,2006,7,138.41604566537168,,,,32.247198265427,34.385890760264,FALSE,TRUE,FALSE,post,FALSE,2004-08-04,2004-11-10,
PB,2006-08-01,2006,8,139.61609860455988,,,,33.7411921905067,35.9812311783655,FALSE,TRUE,FALSE,post,FALSE,2004-08-04,2004-11-10,
PB,2006-09-01,2006,9,141.37139418296226,,,,33.990940069469,35.756671932382,FALSE,TRUE,FALSE,post,FALSE,2004-08-04,2004-11-10,
PB,2006-10-01,2006,10,145.78286575489855,,,,32.2121013900658,34.391058012749,FALSE,TRUE,FALSE,post,FALSE,2004-08-04,2004-11-10,
PE,2001-11-01,2001,11,100,,,,34.4136565968194,37.5131577036561,FALSE,TRUE,FALSE,pre,TRUE,2004-08-04,2004-11-10,
PE,2001-12-01,2001,12,102.42818870899721,,,,34.7424713300066,38.2698379295677,FALSE,TRUE,FALSE,pre,TRUE,2004-08-04,2004-11-10,
PE,2002-01-01,2002,1,105.05780493122425,,,,39.0481175851913,39.7473035046527,FALSE,TRUE,FALSE,pre,TRUE,2004-08-04,2004-11-10,
PE,2002-02-01,2002,2,103.6932975511891,,,,34.5580464501051,37.201394359537296,FALSE,TRUE,FALSE,pre,TRUE,2004-08-04,2004-11-10,
PE,2002-03-01,2002,3,103.6926375585801,,,,37.3686594551396,39.6988982750739,FALSE,TRUE,FALSE,pre,TRUE,2004-08-04,2004-11-10,
PE,2002-04-01,2002,4,105.81054703441468,,,,35.7168236156649,38.5010672660931,FALSE,TRUE,FALSE,pre,TRUE,2004-08-04,2004-11-10,
PE,2002-05-01,2002,5,105.18350307001093,,,,39.8840053279411,42.8289985344764,FALSE,TRUE,FALSE,pre,TRUE,2004-08-04,2004-11-10,
PE,2002-06-01,2002,6,102.52313630578509,,,,35.1821439813077,37.748255192655,FALSE,TRUE,FALSE,pre,TRUE,2004-08-04,2004-11-10,
PE,2002-07-01,2002,7,105.83001049504375,,,,37.8855319422469,40.9842357307912,FALSE,TRUE,FALSE,pre,TRUE,2004-08-04,2004-11-10,
PE,2002-08-01,2002,8,104.0156518807437,,,,37.6453770069385,40.5487830145093,FALSE,TRUE,FALSE,pre,TRUE,2004-08-04,2004-11-10,
PE,2002-09-01,2002,9,104.01293826193992,,,,37.0362348116711,40.2269828835678,FALSE,TRUE,FALSE,pre,TRUE,2004-08-04,2004-11-10,
PE,2002-10-01,2002,10,104.26520947310799,,,,37.6052656367776,40.6817123499314,FALSE,TRUE,FALSE,pre,TRUE,2004-08-04,2004-11-10,
PE,2002-11-01,2002,11,102.52923198575697,,,,35.9790465279154,39.1495350985791,FALSE,TRUE,FALSE,pre,TRUE,2004-08-04,2004-11-10,
PE,2002-12-01,2002,12,96.45592774428178,,,,36.5314801432923,39.501892101337,FALSE,TRUE,FALSE,pre,TRUE,2004-08-04,2004-11-10,
PE,2003-01-01,2003,1,104.94692798018895,,,,34.1928923650069,35.5034126223068,FALSE,TRUE,FALSE,pre,TRUE,2004-08-04,2004-11-10,
PE,2003-02-01,2003,2,104.44239677382566,,,,35.4525535838996,38.9134545804971,FALSE,TRUE,FALSE,pre,TRUE,2004-08-04,2004-11-10,
PE,2003-03-01,2003,3,93.02075377023583,,,,36.2385005811536,38.6540994022257,FALSE,TRUE,FALSE,pre,TRUE,2004-08-04,2004-11-10,
PE,2003-04-01,2003,4,95.6670498509692,,,,34.881688023616,37.5702348326898,FALSE,TRUE,FALSE,pre,TRUE,2004-08-04,2004-11-10,
PE,2003-05-01,2003,5,89.31317239838889,,,,36.0450073959805,38.9919824693149,FALSE,TRUE,FALSE,pre,TRUE,2004-08-04,2004-11-10,
PE,2003-06-01,2003,6,96.61917884163327,,,,35.8461385662796,39.0418485254194,FALSE,TRUE,FALSE,pre,TRUE,2004-08-04,2004-11-10,
PE,2003-07-01,2003,7,95.39390581873154,,,,36.2681860159109,39.4588567853854,FALSE,TRUE,FALSE,pre,TRUE,2004-08-04,2004-11-10,
PE,2003-08-01,2003,8,97.29662232484404,,,,34.2593732869404,37.409077238694,FALSE,TRUE,FALSE,pre,TRUE,2004-08-04,2004-11-10,
PE,2003-09-01,2003,9,97.4831429897564,,,,36.2227932127663,39.5634861125416,FALSE,TRUE,FALSE,pre,TRUE,2004-08-04,2004-11-10,
PE,2003-10-01,2003,10,96.51816569357197,,,,34.4422048214263,38.0290509778238,FALSE,TRUE,FALSE,pre,TRUE,2004-08-04,2004-11-10,
PE,2003-11-01,2003,11,97.27094810879608,,,,35.8999429721153,39.2488203276283,FALSE,TRUE,FALSE,pre,TRUE,2004-08-04,2004-11-10,
PE,2003-12-01,2003,12,89.82224501269098,,,,35.6848199479941,38.5663042558893,FALSE,TRUE,FALSE,pre,TRUE,2004-08-04,2004-11-10,
PE,2004-01-01,2004,1,94.2805206048874,,,,33.5540087324067,35.0244271969197,FALSE,TRUE,FALSE,pre,TRUE,2004-08-04,2004-11-10,
PE,2004-02-01,2004,2,98.97799238961669,,,,37.1472774688613,39.9580285773314,FALSE,TRUE,FALSE,pre,TRUE,2004-08-04,2004-11-10,
PE,2004-03-01,2004,3,101.3979853191649,,,,36.8640634121705,39.0409243110292,FALSE,TRUE,FALSE,pre,TRUE,2004-08-04,2004-11-10,
PE,2004-04-01,2004,4,100.35880837271027,,,,38.2293863681761,41.4030286291506,FALSE,TRUE,FALSE,pre,TRUE,2004-08-04,2004-11-10,
PE,2004-05-01,2004,5,102.89498934096441,,,,36.1345001851417,39.2960586478227,FALSE,TRUE,FALSE,pre,TRUE,2004-08-04,2004-11-10,
PE,2004-06-01,2004,6,106.42336825511623,,,,37.6448795674857,41.09899375996,FALSE,TRUE,FALSE,pre,TRUE,2004-08-04,2004-11-10,
PE,2004-07-01,2004,7,103.52481842046187,,,,38.2975621793578,41.7659530751177,FALSE,TRUE,FALSE,pre,TRUE,2004-08-04,2004-11-10,
PE,2004-08-01,2004,8,103.70609101092491,,,,39.696352783202,43.0322857007888,FALSE,TRUE,FALSE,pre,TRUE,2004-08-04,2004-11-10,
PE,2004-09-01,2004,9,102.56499398310861,,,,38.7515379667444,42.1242257193907,FALSE,TRUE,FALSE,pre,TRUE,2004-08-04,2004-11-10,
PE,2004-10-01,2004,10,105.07892063688573,,,,39.0516488558781,42.4420673903231,FALSE,TRUE,FALSE,pre,TRUE,2004-08-04,2004-11-10,
PE,2004-11-01,2004,11,107.35164697546085,,,,37.8447731304028,40.9762671451678,FALSE,TRUE,FALSE,post,FALSE,2004-08-04,2004-11-10,
PE,2004-12-01,2004,12,108.78965471467079,,,,37.921370455218,41.4479699915633,FALSE,TRUE,FALSE,post,FALSE,2004-08-04,2004-11-10,
PE,2005-01-01,2005,1,109.1319108529342,,,,39.7514989213509,42.2968821877998,FALSE,TRUE,FALSE,post,FALSE,2004-08-04,2004-11-10,
PE,2005-02-01,2005,2,116.6933638582141,,,,40.0421018550691,43.5125113615189,FALSE,TRUE,FALSE,post,FALSE,2004-08-04,2004-11-10,
PE,2005-03-01,2005,3,115.16600691958502,,,,38.9437720845222,41.3761138474104,FALSE,TRUE,FALSE,post,FALSE,2004-08-04,2004-11-10,
PE,2005-04-01,2005,4,118.81507086769989,,,,39.9466033437209,43.2422253978569,FALSE,TRUE,FALSE,post,FALSE,2004-08-04,2004-11-10,
PE,2005-05-01,2005,5,117.33467593725298,,,,40.6180842770064,43.8902159670989,FALSE,TRUE,FALSE,post,FALSE,2004-08-04,2004-11-10,
PE,2005-06-01,2005,6,118.1857887241251,,,,40.6596436949524,44.2625959399786,FALSE,TRUE,FALSE,post,FALSE,2004-08-04,2004-11-10,
PE,2005-07-01,2005,7,118.40576533401122,,,,39.3294885419224,42.7737083279839,FALSE,TRUE,FALSE,post,FALSE,2004-08-04,2004-11-10,
PE,2005-08-01,2005,8,120.2021236718144,,,,40.2049140309656,43.808481148413,FALSE,TRUE,FALSE,post,FALSE,2004-08-04,2004-11-10,
PE,2005-09-01,2005,9,119.10533057383142,,,,40.8276511134725,44.537267293691,FALSE,TRUE,FALSE,post,FALSE,2004-08-04,2004-11-10,
PE,2005-10-01,2005,10,119.377236497137,,,,41.7755800269204,45.5794791092324,FALSE,TRUE,FALSE,post,FALSE,2004-08-04,2004-11-10,
PE,2005-11-01,2005,11,119.31878479397453,,,,47.1870185994156,50.3643040989905,FALSE,TRUE,FALSE,post,FALSE,2004-08-04,2004-11-10,
PE,2005-12-01,2005,12,121.186075385809,,,,41.8647962307718,46.0193646655478,FALSE,TRUE,FALSE,post,FALSE,2004-08-04,2004-11-10,
PE,2006-01-01,2006,1,122.6948364658714,,,,42.7044914310956,45.876027322779,FALSE,TRUE,FALSE,post,FALSE,2004-08-04,2004-11-10,
PE,2006-02-01,2006,2,120.21357307495988,,,,41.0349059258457,44.8063324237284,FALSE,TRUE,FALSE,post,FALSE,2004-08-04,2004-11-10,
PE,2006-03-01,2006,3,122.54952069432565,,,,41.9647574813716,43.8480243949964,FALSE,TRUE,FALSE,post,FALSE,2004-08-04,2004-11-10,
PE,2006-04-01,2006,4,121.27941176644661,,,,46.8321812769936,49.7949177908208,FALSE,TRUE,FALSE,post,FALSE,2004-08-04,2004-11-10,
PE,2006-05-01,2006,5,122.07477747663437,,,,43.4399178372214,47.5565682046235,FALSE,TRUE,FALSE,post,FALSE,2004-08-04,2004-11-10,
PE,2006-06-01,2006,6,122.10283513609492,,,,44.2802158978234,47.9339488099273,FALSE,TRUE,FALSE,post,FALSE,2004-08-04,2004-11-10,
PE,2006-07-01,2006,7,125.77677494803393,,,,44.1272491023917,47.6900271159066,FALSE,TRUE,FALSE,post,FALSE,2004-08-04,2004-11-10,
PE,2006-08-01,2006,8,126.20305698293106,,,,43.830746947362,47.3170733886042,FALSE,TRUE,FALSE,post,FALSE,2004-08-04,2004-11-10,
PE,2006-09-01,2006,9,128.59972654512842,,,,44.5010690162893,48.3930545893041,FALSE,TRUE,FALSE,post,FALSE,2004-08-04,2004-11-10,
PE,2006-10-01,2006,10,128.9842762339638,,,,43.6855624692758,47.1955585693154,FALSE,TRUE,FALSE,post,FALSE,2004-08-04,2004-11-10,
PI,2001-11-01,2001,11,100,,,,17.3353134171598,18.7611521005517,FALSE,FALSE,TRUE,pre,TRUE,2004-08-04,2004-11-10,coded_removal_in_scm_window:PI_2001_01
PI,2001-12-01,2001,12,101.10621941825495,,,,16.1819774691461,16.6543423878474,FALSE,FALSE,TRUE,pre,TRUE,2004-08-04,2004-11-10,coded_removal_in_scm_window:PI_2001_01
PI,2002-01-01,2002,1,111.03400516408237,,,,19.5734679106031,20.9193936892404,FALSE,FALSE,TRUE,pre,TRUE,2004-08-04,2004-11-10,coded_removal_in_scm_window:PI_2001_01
PI,2002-02-01,2002,2,109.28563009475123,,,,20.3322286551563,20.6973377632731,FALSE,FALSE,TRUE,pre,TRUE,2004-08-04,2004-11-10,coded_removal_in_scm_window:PI_2001_01
PI,2002-03-01,2002,3,108.57046242498656,,,,20.3379357989977,21.0830777794633,FALSE,FALSE,TRUE,pre,TRUE,2004-08-04,2004-11-10,coded_removal_in_scm_window:PI_2001_01
PI,2002-04-01,2002,4,111.07660499858953,,,,19.5312871969198,20.9862763083129,FALSE,FALSE,TRUE,pre,TRUE,2004-08-04,2004-11-10,coded_removal_in_scm_window:PI_2001_01
PI,2002-05-01,2002,5,111.52493880719894,,,,18.5319063437237,19.9514304728129,FALSE,FALSE,TRUE,pre,TRUE,2004-08-04,2004-11-10,coded_removal_in_scm_window:PI_2001_01
PI,2002-06-01,2002,6,110.7032778035059,,,,19.19821174662,19.7808830280265,FALSE,FALSE,TRUE,pre,TRUE,2004-08-04,2004-11-10,coded_removal_in_scm_window:PI_2001_01
PI,2002-07-01,2002,7,111.27710671814533,,,,19.4238337863025,20.9403619032657,FALSE,FALSE,TRUE,pre,TRUE,2004-08-04,2004-11-10,coded_removal_in_scm_window:PI_2001_01
PI,2002-08-01,2002,8,112.36899840756789,,,,19.7949483275126,20.9117246583037,FALSE,FALSE,TRUE,pre,TRUE,2004-08-04,2004-11-10,coded_removal_in_scm_window:PI_2001_01
PI,2002-09-01,2002,9,113.277297776048,,,,19.116668126607,20.0270483044237,FALSE,FALSE,TRUE,pre,TRUE,2004-08-04,2004-11-10,coded_removal_in_scm_window:PI_2001_01
PI,2002-10-01,2002,10,110.88403998629005,,,,21.1458652555398,23.1936301415823,FALSE,FALSE,TRUE,pre,TRUE,2004-08-04,2004-11-10,coded_removal_in_scm_window:PI_2001_01
PI,2002-11-01,2002,11,112.25493709959783,,,,19.9770391371035,21.2507798571094,FALSE,FALSE,TRUE,pre,TRUE,2004-08-04,2004-11-10,coded_removal_in_scm_window:PI_2001_01
PI,2002-12-01,2002,12,112.59328542258471,,,,18.4566974308899,19.3443633417592,FALSE,FALSE,TRUE,pre,TRUE,2004-08-04,2004-11-10,coded_removal_in_scm_window:PI_2001_01
PI,2003-01-01,2003,1,121.91996338491961,,,,18.7780472290944,20.142179400817,FALSE,FALSE,TRUE,pre,TRUE,2004-08-04,2004-11-10,coded_removal_in_scm_window:PI_2001_01
PI,2003-02-01,2003,2,121.05078248927647,,,,19.4418646033374,19.8124091794495,FALSE,FALSE,TRUE,pre,TRUE,2004-08-04,2004-11-10,coded_removal_in_scm_window:PI_2001_01
PI,2003-03-01,2003,3,103.40782831877551,,,,20.3734661458122,21.1938688300876,FALSE,FALSE,TRUE,pre,TRUE,2004-08-04,2004-11-10,coded_removal_in_scm_window:PI_2001_01
PI,2003-04-01,2003,4,105.45870297529004,,,,18.6913831030478,19.957894810673,FALSE,FALSE,TRUE,pre,TRUE,2004-08-04,2004-11-10,coded_removal_in_scm_window:PI_2001_01
PI,2003-05-01,2003,5,104.34641895891117,,,,18.454950796677,19.4467337251665,FALSE,FALSE,TRUE,pre,TRUE,2004-08-04,2004-11-10,coded_removal_in_scm_window:PI_2001_01
PI,2003-06-01,2003,6,109.45702861587027,,,,19.1376508450089,20.1058992840233,FALSE,FALSE,TRUE,pre,TRUE,2004-08-04,2004-11-10,coded_removal_in_scm_window:PI_2001_01
PI,2003-07-01,2003,7,107.89287398536902,,,,19.4835719730138,21.097875098908,FALSE,FALSE,TRUE,pre,TRUE,2004-08-04,2004-11-10,coded_removal_in_scm_window:PI_2001_01
PI,2003-08-01,2003,8,111.35422707840603,,,,19.0914355212105,19.931567414354,FALSE,FALSE,TRUE,pre,TRUE,2004-08-04,2004-11-10,coded_removal_in_scm_window:PI_2001_01
PI,2003-09-01,2003,9,113.16552178127404,,,,18.1108607719765,19.5917622504805,FALSE,FALSE,TRUE,pre,TRUE,2004-08-04,2004-11-10,coded_removal_in_scm_window:PI_2001_01
PI,2003-10-01,2003,10,112.5545929120833,,,,18.7454178940734,20.8825534627029,FALSE,FALSE,TRUE,pre,TRUE,2004-08-04,2004-11-10,coded_removal_in_scm_window:PI_2001_01
PI,2003-11-01,2003,11,113.15838314553342,,,,20.1736484414436,21.6184935440756,FALSE,FALSE,TRUE,pre,TRUE,2004-08-04,2004-11-10,coded_removal_in_scm_window:PI_2001_01
PI,2003-12-01,2003,12,112.15767998614743,,,,18.3136916658914,20.1454815729535,FALSE,FALSE,TRUE,pre,TRUE,2004-08-04,2004-11-10,coded_removal_in_scm_window:PI_2001_01
PI,2004-01-01,2004,1,101.70811844154608,,,,20.5970748363779,22.0646406942916,FALSE,FALSE,TRUE,pre,TRUE,2004-08-04,2004-11-10,coded_removal_in_scm_window:PI_2001_01
PI,2004-02-01,2004,2,111.64064326138967,,,,21.1867771138742,22.327058432605,FALSE,FALSE,TRUE,pre,TRUE,2004-08-04,2004-11-10,coded_removal_in_scm_window:PI_2001_01
PI,2004-03-01,2004,3,117.99014057826558,,,,20.3124859639333,22.593025314769,FALSE,FALSE,TRUE,pre,TRUE,2004-08-04,2004-11-10,coded_removal_in_scm_window:PI_2001_01
PI,2004-04-01,2004,4,117.12923871416965,,,,21.3273105811631,23.0147096430727,FALSE,FALSE,TRUE,pre,TRUE,2004-08-04,2004-11-10,coded_removal_in_scm_window:PI_2001_01
PI,2004-05-01,2004,5,117.88894667225652,,,,22.1133137614431,23.0658020059203,FALSE,FALSE,TRUE,pre,TRUE,2004-08-04,2004-11-10,coded_removal_in_scm_window:PI_2001_01
PI,2004-06-01,2004,6,115.09152379597619,,,,20.1894348813544,21.7751191038751,FALSE,FALSE,TRUE,pre,TRUE,2004-08-04,2004-11-10,coded_removal_in_scm_window:PI_2001_01
PI,2004-07-01,2004,7,115.95235802608859,,,,19.842163875938,21.0553795240723,FALSE,FALSE,TRUE,pre,TRUE,2004-08-04,2004-11-10,coded_removal_in_scm_window:PI_2001_01
PI,2004-08-01,2004,8,112.12607158886036,,,,22.3242954539713,23.8899139800972,FALSE,FALSE,TRUE,pre,TRUE,2004-08-04,2004-11-10,coded_removal_in_scm_window:PI_2001_01
PI,2004-09-01,2004,9,113.12343102988741,,,,21.9887496732734,23.5051892960634,FALSE,FALSE,TRUE,pre,TRUE,2004-08-04,2004-11-10,coded_removal_in_scm_window:PI_2001_01
PI,2004-10-01,2004,10,120.9079981831679,,,,22.0679600933302,23.3450434644706,FALSE,FALSE,TRUE,pre,TRUE,2004-08-04,2004-11-10,coded_removal_in_scm_window:PI_2001_01
PI,2004-11-01,2004,11,116.6074189583343,,,,20.2358674422084,23.1327010649928,FALSE,FALSE,TRUE,post,FALSE,2004-08-04,2004-11-10,coded_removal_in_scm_window:PI_2001_01
PI,2004-12-01,2004,12,112.08322870478803,,,,28.4518113654407,30.6165946125304,FALSE,FALSE,TRUE,post,FALSE,2004-08-04,2004-11-10,coded_removal_in_scm_window:PI_2001_01
PI,2005-01-01,2005,1,115.2985557056129,,,,22.5563201369026,23.3019338920961,FALSE,FALSE,TRUE,post,FALSE,2004-08-04,2004-11-10,coded_removal_in_scm_window:PI_2001_01
PI,2005-02-01,2005,2,130.5975235654152,,,,20.7738063659401,20.75920744457,FALSE,FALSE,TRUE,post,FALSE,2004-08-04,2004-11-10,coded_removal_in_scm_window:PI_2001_01
PI,2005-03-01,2005,3,133.7535577577746,,,,21.0363382170789,23.1997828634989,FALSE,FALSE,TRUE,post,FALSE,2004-08-04,2004-11-10,coded_removal_in_scm_window:PI_2001_01
PI,2005-04-01,2005,4,136.86533527270436,,,,24.5203102082289,25.8173503070418,FALSE,FALSE,TRUE,post,FALSE,2004-08-04,2004-11-10,coded_removal_in_scm_window:PI_2001_01
PI,2005-05-01,2005,5,138.02548067236296,,,,25.1266950321255,26.2581984705982,FALSE,FALSE,TRUE,post,FALSE,2004-08-04,2004-11-10,coded_removal_in_scm_window:PI_2001_01
PI,2005-06-01,2005,6,141.9762286666578,,,,25.7593925011381,27.2884138610762,FALSE,FALSE,TRUE,post,FALSE,2004-08-04,2004-11-10,coded_removal_in_scm_window:PI_2001_01
PI,2005-07-01,2005,7,143.92178117261216,,,,25.3101146099329,26.0965018627071,FALSE,FALSE,TRUE,post,FALSE,2004-08-04,2004-11-10,coded_removal_in_scm_window:PI_2001_01
PI,2005-08-01,2005,8,145.006742677154,,,,22.3703084347319,24.2904162906069,FALSE,FALSE,TRUE,post,FALSE,2004-08-04,2004-11-10,coded_removal_in_scm_window:PI_2001_01
PI,2005-09-01,2005,9,142.2666221413659,,,,26.0524786650245,27.8954633545815,FALSE,FALSE,TRUE,post,FALSE,2004-08-04,2004-11-10,coded_removal_in_scm_window:PI_2001_01
PI,2005-10-01,2005,10,145.81041705210976,,,,26.0708522116345,27.0682519589534,FALSE,FALSE,TRUE,post,FALSE,2004-08-04,2004-11-10,coded_removal_in_scm_window:PI_2001_01
PI,2005-11-01,2005,11,147.76969400743224,,,,21.3878846468491,24.0662274566846,FALSE,FALSE,TRUE,post,FALSE,2004-08-04,2004-11-10,coded_removal_in_scm_window:PI_2001_01
PI,2005-12-01,2005,12,162.45326800580096,,,,27.0042827175958,28.3600946962005,FALSE,FALSE,TRUE,post,FALSE,2004-08-04,2004-11-10,coded_removal_in_scm_window:PI_2001_01
PI,2006-01-01,2006,1,152.31677593442552,,,,23.7838731902262,25.1145529879615,FALSE,FALSE,TRUE,post,FALSE,2004-08-04,2004-11-10,coded_removal_in_scm_window:PI_2001_01
PI,2006-02-01,2006,2,150.53602732683376,,,,23.5408181579884,23.4435650179322,FALSE,FALSE,TRUE,post,FALSE,2004-08-04,2004-11-10,coded_removal_in_scm_window:PI_2001_01
PI,2006-03-01,2006,3,151.39103373798918,,,,32.8314184457674,35.3274490238864,FALSE,FALSE,TRUE,post,FALSE,2004-08-04,2004-11-10,coded_removal_in_scm_window:PI_2001_01
PI,2006-04-01,2006,4,150.69367913236024,,,,25.3872925263126,26.3301534384834,FALSE,FALSE,TRUE,post,FALSE,2004-08-04,2004-11-10,coded_removal_in_scm_window:PI_2001_01
PI,2006-05-01,2006,5,156.44006655530325,,,,25.3835797066971,27.2634892725204,FALSE,FALSE,TRUE,post,FALSE,2004-08-04,2004-11-10,coded_removal_in_scm_window:PI_2001_01
PI,2006-06-01,2006,6,156.11075802872512,,,,27.1157454602373,28.8140603959776,FALSE,FALSE,TRUE,post,FALSE,2004-08-04,2004-11-10,coded_removal_in_scm_window:PI_2001_01
PI,2006-07-01,2006,7,159.27093045294677,,,,27.2043584806194,28.3522203131669,FALSE,FALSE,TRUE,post,FALSE,2004-08-04,2004-11-10,coded_removal_in_scm_window:PI_2001_01
PI,2006-08-01,2006,8,160.18502405817557,,,,26.4293025589811,28.5270245325621,FALSE,FALSE,TRUE,post,FALSE,2004-08-04,2004-11-10,coded_removal_in_scm_window:PI_2001_01
PI,2006-09-01,2006,9,158.82072109274,,,,27.4330679630312,28.9113996641032,FALSE,FALSE,TRUE,post,FALSE,2004-08-04,2004-11-10,coded_removal_in_scm_window:PI_2001_01
PI,2006-10-01,2006,10,155.28672572569482,,,,26.9008306910082,28.302492497227,FALSE,FALSE,TRUE,post,FALSE,2004-08-04,2004-11-10,coded_removal_in_scm_window:PI_2001_01
PR,2001-11-01,2001,11,100,,,,58.1418451789657,59.84038467818666,FALSE,TRUE,FALSE,pre,TRUE,2004-08-04,2004-11-10,
PR,2001-12-01,2001,12,97.7501473107746,,,,77.3840625846534,80.60161107428068,FALSE,TRUE,FALSE,pre,TRUE,2004-08-04,2004-11-10,
PR,2002-01-01,2002,1,101.33818442692761,,,,38.8012958596377,67.20663507511831,FALSE,TRUE,FALSE,pre,TRUE,2004-08-04,2004-11-10,
PR,2002-02-01,2002,2,100.49152398197636,,,,60.6638113206711,66.32526751449902,FALSE,TRUE,FALSE,pre,TRUE,2004-08-04,2004-11-10,
PR,2002-03-01,2002,3,98.99166375298942,,,,58.7698342936327,64.00386245271935,FALSE,TRUE,FALSE,pre,TRUE,2004-08-04,2004-11-10,
PR,2002-04-01,2002,4,100.19110736625667,,,,62.0320668453248,69.52978312447172,FALSE,TRUE,FALSE,pre,TRUE,2004-08-04,2004-11-10,
PR,2002-05-01,2002,5,99.5396414342883,,,,64.8430556272134,69.45255972345079,FALSE,TRUE,FALSE,pre,TRUE,2004-08-04,2004-11-10,
PR,2002-06-01,2002,6,100.3502857381294,,,,63.4288719374632,67.77220362611804,FALSE,TRUE,FALSE,pre,TRUE,2004-08-04,2004-11-10,
PR,2002-07-01,2002,7,102.88417796341064,,,,65.5274038218874,69.92774117958447,FALSE,TRUE,FALSE,pre,TRUE,2004-08-04,2004-11-10,
PR,2002-08-01,2002,8,103.03888814726402,,,,65.3930083519779,69.51586319609932,FALSE,TRUE,FALSE,pre,TRUE,2004-08-04,2004-11-10,
PR,2002-09-01,2002,9,105.10337283348115,,,,63.7977368554413,72.41829829559155,FALSE,TRUE,FALSE,pre,TRUE,2004-08-04,2004-11-10,
PR,2002-10-01,2002,10,104.20550171862087,,,,67.1503154670319,71.92230910190995,FALSE,TRUE,FALSE,pre,TRUE,2004-08-04,2004-11-10,
PR,2002-11-01,2002,11,99.39060751027658,,,,65.8218222179767,70.75772548051846,FALSE,TRUE,FALSE,pre,TRUE,2004-08-04,2004-11-10,
PR,2002-12-01,2002,12,95.68005630018665,,,,63.2840508841897,72.49827819896953,FALSE,TRUE,FALSE,pre,TRUE,2004-08-04,2004-11-10,
PR,2003-01-01,2003,1,99.06006575942668,,,,57.2062405673424,86.526635778191,FALSE,TRUE,FALSE,pre,TRUE,2004-08-04,2004-11-10,
PR,2003-02-01,2003,2,102.47518294140264,,,,68.2651089361206,74.08932478412117,FALSE,TRUE,FALSE,pre,TRUE,2004-08-04,2004-11-10,
PR,2003-03-01,2003,3,99.83020464393064,,,,64.5914629305822,70.24607080298674,FALSE,TRUE,FALSE,pre,TRUE,2004-08-04,2004-11-10,
PR,2003-04-01,2003,4,100.4800697011468,,,,61.327997295091,69.11150935517446,FALSE,TRUE,FALSE,pre,TRUE,2004-08-04,2004-11-10,
PR,2003-05-01,2003,5,97.95871719360478,,,,57.9968366596747,62.051052857227894,FALSE,TRUE,FALSE,pre,TRUE,2004-08-04,2004-11-10,
PR,2003-06-01,2003,6,100.36182281578913,,,,59.1698162002336,64.36323254740748,FALSE,TRUE,FALSE,pre,TRUE,2004-08-04,2004-11-10,
PR,2003-07-01,2003,7,102.82601059919013,,,,62.5710939647873,65.40119682093497,FALSE,TRUE,FALSE,pre,TRUE,2004-08-04,2004-11-10,
PR,2003-08-01,2003,8,101.55186302859958,,,,61.2454813842833,65.7367259182036,FALSE,TRUE,FALSE,pre,TRUE,2004-08-04,2004-11-10,
PR,2003-09-01,2003,9,102.94014944221661,,,,63.0182000275903,71.17120925283535,FALSE,TRUE,FALSE,pre,TRUE,2004-08-04,2004-11-10,
PR,2003-10-01,2003,10,103.43550149997813,,,,56.4097057397922,61.202518822499286,FALSE,TRUE,FALSE,pre,TRUE,2004-08-04,2004-11-10,
PR,2003-11-01,2003,11,109.2066846799209,,,,65.7957866777154,70.99455739815077,FALSE,TRUE,FALSE,pre,TRUE,2004-08-04,2004-11-10,
PR,2003-12-01,2003,12,102.22138723199569,,,,63.1420008446732,72.47947557945729,FALSE,TRUE,FALSE,pre,TRUE,2004-08-04,2004-11-10,
PR,2004-01-01,2004,1,105.530921206461,,,,68.1445891061147,76.99333219622359,FALSE,TRUE,FALSE,pre,TRUE,2004-08-04,2004-11-10,
PR,2004-02-01,2004,2,108.28827941049398,,,,66.2141884768898,89.3073488011887,FALSE,TRUE,FALSE,pre,TRUE,2004-08-04,2004-11-10,
PR,2004-03-01,2004,3,112.18170260777684,,,,69.8347220338307,79.83226945496892,FALSE,TRUE,FALSE,pre,TRUE,2004-08-04,2004-11-10,
PR,2004-04-01,2004,4,112.00467617777723,,,,63.6856608325129,72.14399442698696,FALSE,TRUE,FALSE,pre,TRUE,2004-08-04,2004-11-10,
PR,2004-05-01,2004,5,113.82180092267939,,,,64.9580649215271,69.87793056631111,FALSE,TRUE,FALSE,pre,TRUE,2004-08-04,2004-11-10,
PR,2004-06-01,2004,6,113.8263303443353,,,,66.6133791995378,72.55146458036943,FALSE,TRUE,FALSE,pre,TRUE,2004-08-04,2004-11-10,
PR,2004-07-01,2004,7,111.95753604714326,,,,61.7180371762551,64.85056265893509,FALSE,TRUE,FALSE,pre,TRUE,2004-08-04,2004-11-10,
PR,2004-08-01,2004,8,112.79462180171382,,,,67.9869683678642,73.20694284969787,FALSE,TRUE,FALSE,pre,TRUE,2004-08-04,2004-11-10,
PR,2004-09-01,2004,9,113.7461843347934,,,,65.133725081392,72.16836112172213,FALSE,TRUE,FALSE,pre,TRUE,2004-08-04,2004-11-10,
PR,2004-10-01,2004,10,114.18501718117736,,,,61.5901908886736,66.97638519550941,FALSE,TRUE,FALSE,pre,TRUE,2004-08-04,2004-11-10,
PR,2004-11-01,2004,11,115.0843479108078,,,,62.5755629680408,69.92983465457858,FALSE,TRUE,FALSE,post,FALSE,2004-08-04,2004-11-10,
PR,2004-12-01,2004,12,119.92933514268994,,,,64.5276094192038,75.59795463691965,FALSE,TRUE,FALSE,post,FALSE,2004-08-04,2004-11-10,
PR,2005-01-01,2005,1,115.6056683294353,,,,73.250604020924,83.5145386036243,FALSE,TRUE,FALSE,post,FALSE,2004-08-04,2004-11-10,
PR,2005-02-01,2005,2,110.51848125019225,,,,62.4245086848792,88.20181706270523,FALSE,TRUE,FALSE,post,FALSE,2004-08-04,2004-11-10,
PR,2005-03-01,2005,3,111.30748332423711,,,,63.5439896395067,72.84857413542792,FALSE,TRUE,FALSE,post,FALSE,2004-08-04,2004-11-10,
PR,2005-04-01,2005,4,110.14186720508064,,,,69.7110626044573,78.6266674346089,FALSE,TRUE,FALSE,post,FALSE,2004-08-04,2004-11-10,
PR,2005-05-01,2005,5,110.91879081192828,,,,73.0628297340251,77.81943105185965,FALSE,TRUE,FALSE,post,FALSE,2004-08-04,2004-11-10,
PR,2005-06-01,2005,6,115.30510952343286,,,,59.0170422193647,65.94834630958228,FALSE,TRUE,FALSE,post,FALSE,2004-08-04,2004-11-10,
PR,2005-07-01,2005,7,115.04515792333075,,,,69.729052027986,72.96811320082983,FALSE,TRUE,FALSE,post,FALSE,2004-08-04,2004-11-10,
PR,2005-08-01,2005,8,110.36051516241713,,,,73.1849507542776,79.3256640167883,FALSE,TRUE,FALSE,post,FALSE,2004-08-04,2004-11-10,
PR,2005-09-01,2005,9,109.15811469817147,,,,63.9258294722869,71.92672699299858,FALSE,TRUE,FALSE,post,FALSE,2004-08-04,2004-11-10,
PR,2005-10-01,2005,10,111.05112066300616,,,,70.3382371388576,76.32923053817144,FALSE,TRUE,FALSE,post,FALSE,2004-08-04,2004-11-10,
PR,2005-11-01,2005,11,112.20397884121215,,,,67.5162754216344,73.55506209780083,FALSE,TRUE,FALSE,post,FALSE,2004-08-04,2004-11-10,
PR,2005-12-01,2005,12,112.10423906071739,,,,72.9451115859666,85.74514867631936,FALSE,TRUE,FALSE,post,FALSE,2004-08-04,2004-11-10,
PR,2006-01-01,2006,1,110.81227362030043,,,,68.8815521941887,80.33263304967835,FALSE,TRUE,FALSE,post,FALSE,2004-08-04,2004-11-10,
PR,2006-02-01,2006,2,114.32831175351306,,,,71.0992126637417,98.44528947475787,FALSE,TRUE,FALSE,post,FALSE,2004-08-04,2004-11-10,
PR,2006-03-01,2006,3,114.50581220444997,,,,73.937480904319,84.02410310280948,FALSE,TRUE,FALSE,post,FALSE,2004-08-04,2004-11-10,
PR,2006-04-01,2006,4,113.87600092695311,,,,68.8175872586336,78.39663569185426,FALSE,TRUE,FALSE,post,FALSE,2004-08-04,2004-11-10,
PR,2006-05-01,2006,5,115.62775534363313,,,,66.1005863595025,71.87575816181534,FALSE,TRUE,FALSE,post,FALSE,2004-08-04,2004-11-10,
PR,2006-06-01,2006,6,115.59556129976478,,,,71.8337967346961,79.00497902095444,FALSE,TRUE,FALSE,post,FALSE,2004-08-04,2004-11-10,
PR,2006-07-01,2006,7,113.98262756938361,,,,64.3067489317135,68.618582959073,FALSE,TRUE,FALSE,post,FALSE,2004-08-04,2004-11-10,
PR,2006-08-01,2006,8,116.45262051111091,,,,63.0956262396996,69.26825118782548,FALSE,TRUE,FALSE,post,FALSE,2004-08-04,2004-11-10,
PR,2006-09-01,2006,9,117.47015717786162,,,,66.2036403163864,74.12428582679941,FALSE,TRUE,FALSE,post,FALSE,2004-08-04,2004-11-10,
PR,2006-10-01,2006,10,118.59337658101548,,,,68.6042113779293,75.53814341385794,FALSE,TRUE,FALSE,post,FALSE,2004-08-04,2004-11-10,
RJ,2001-11-01,2001,11,100,,,,66.9130965637936,73.1793347745124,FALSE,TRUE,FALSE,pre,TRUE,2004-08-04,2004-11-10,
RJ,2001-12-01,2001,12,100.11521065394244,,,,67.4020994649067,74.1081114961343,FALSE,TRUE,FALSE,pre,TRUE,2004-08-04,2004-11-10,
RJ,2002-01-01,2002,1,104.39073464759564,,,,70.1812208369613,77.3530074122839,FALSE,TRUE,FALSE,pre,TRUE,2004-08-04,2004-11-10,
RJ,2002-02-01,2002,2,101.04933701460482,,,,72.055755698164,79.2847933956689,FALSE,TRUE,FALSE,pre,TRUE,2004-08-04,2004-11-10,
RJ,2002-03-01,2002,3,103.1721493328714,,,,69.8993090045466,76.9785852265548,FALSE,TRUE,FALSE,pre,TRUE,2004-08-04,2004-11-10,
RJ,2002-04-01,2002,4,103.58337350544087,,,,68.9369716435342,73.5416855746946,FALSE,TRUE,FALSE,pre,TRUE,2004-08-04,2004-11-10,
RJ,2002-05-01,2002,5,104.58532133215385,,,,79.3851181311645,83.481456889817,FALSE,TRUE,FALSE,pre,TRUE,2004-08-04,2004-11-10,
RJ,2002-06-01,2002,6,101.14383622419454,,,,77.2275053778442,81.5621018576393,FALSE,TRUE,FALSE,pre,TRUE,2004-08-04,2004-11-10,
RJ,2002-07-01,2002,7,102.15117907389497,,,,77.9270078854983,83.69989578131,FALSE,TRUE,FALSE,pre,TRUE,2004-08-04,2004-11-10,
RJ,2002-08-01,2002,8,101.56661971672251,,,,82.3029447634417,90.960020588004,FALSE,TRUE,FALSE,pre,TRUE,2004-08-04,2004-11-10,
RJ,2002-09-01,2002,9,100.74342360527284,,,,74.831838589083,80.8877171359112,FALSE,TRUE,FALSE,pre,TRUE,2004-08-04,2004-11-10,
RJ,2002-10-01,2002,10,101.99223053885198,,,,69.8263720760878,76.4878165630189,FALSE,TRUE,FALSE,pre,TRUE,2004-08-04,2004-11-10,
RJ,2002-11-01,2002,11,101.1901181090859,,,,75.6541116122435,82.5320758634366,FALSE,TRUE,FALSE,pre,TRUE,2004-08-04,2004-11-10,
RJ,2002-12-01,2002,12,94.25126816872053,,,,68.3077644014097,74.5191618607813,FALSE,TRUE,FALSE,pre,TRUE,2004-08-04,2004-11-10,
RJ,2003-01-01,2003,1,94.68657754643277,,,,67.1542431717637,74.6304741727379,FALSE,TRUE,FALSE,pre,TRUE,2004-08-04,2004-11-10,
RJ,2003-02-01,2003,2,102.68733148276158,,,,72.5155036143575,83.7442566695055,FALSE,TRUE,FALSE,pre,TRUE,2004-08-04,2004-11-10,
RJ,2003-03-01,2003,3,94.26052629117764,,,,77.5782398876998,89.9684837909546,FALSE,TRUE,FALSE,pre,TRUE,2004-08-04,2004-11-10,
RJ,2003-04-01,2003,4,92.09366338526003,,,,71.828884582658,81.3803945848746,FALSE,TRUE,FALSE,pre,TRUE,2004-08-04,2004-11-10,
RJ,2003-05-01,2003,5,89.14144317860578,,,,69.2549276251855,80.6457533146228,FALSE,TRUE,FALSE,pre,TRUE,2004-08-04,2004-11-10,
RJ,2003-06-01,2003,6,94.61495792881269,,,,66.7218358180018,76.3833548872713,FALSE,TRUE,FALSE,pre,TRUE,2004-08-04,2004-11-10,
RJ,2003-07-01,2003,7,94.82977465904561,,,,67.0738647472697,78.8503091423644,FALSE,TRUE,FALSE,pre,TRUE,2004-08-04,2004-11-10,
RJ,2003-08-01,2003,8,93.18152169867,,,,65.9120329126151,78.752610922216,FALSE,TRUE,FALSE,pre,TRUE,2004-08-04,2004-11-10,
RJ,2003-09-01,2003,9,95.38691133565096,,,,65.7010812999755,78.7314928160709,FALSE,TRUE,FALSE,pre,TRUE,2004-08-04,2004-11-10,
RJ,2003-10-01,2003,10,95.01591475689037,,,,66.6620736250575,78.534940097322007,FALSE,TRUE,FALSE,pre,TRUE,2004-08-04,2004-11-10,
RJ,2003-11-01,2003,11,98.44703095759199,,,,66.1332281347072,78.9513885370087,FALSE,TRUE,FALSE,pre,TRUE,2004-08-04,2004-11-10,
RJ,2003-12-01,2003,12,91.77961306346532,,,,68.0833134784244,80.4174773600042,FALSE,TRUE,FALSE,pre,TRUE,2004-08-04,2004-11-10,
RJ,2004-01-01,2004,1,98.65010176610988,,,,103.612653110244,117.933734962689,FALSE,TRUE,FALSE,pre,TRUE,2004-08-04,2004-11-10,
RJ,2004-02-01,2004,2,99.09413107221737,,,,66.6447352892493,80.6214829522715,FALSE,TRUE,FALSE,pre,TRUE,2004-08-04,2004-11-10,
RJ,2004-03-01,2004,3,99.93768590486245,,,,68.0127098125923,81.5612998850053,FALSE,TRUE,FALSE,pre,TRUE,2004-08-04,2004-11-10,
RJ,2004-04-01,2004,4,100.41255701697663,,,,62.4374573769288,73.6453263260534,FALSE,TRUE,FALSE,pre,TRUE,2004-08-04,2004-11-10,
RJ,2004-05-01,2004,5,102.36809145757051,,,,66.1014175526229,78.4199737785424,FALSE,TRUE,FALSE,pre,TRUE,2004-08-04,2004-11-10,
RJ,2004-06-01,2004,6,101.76545803311687,,,,80.1694004419814,94.407878257719,FALSE,TRUE,FALSE,pre,TRUE,2004-08-04,2004-11-10,
RJ,2004-07-01,2004,7,100.56378403882971,,,,71.5505300202286,84.959015164794,FALSE,TRUE,FALSE,pre,TRUE,2004-08-04,2004-11-10,
RJ,2004-08-01,2004,8,102.51415084192382,,,,73.7415273020462,87.4317256114495,FALSE,TRUE,FALSE,pre,TRUE,2004-08-04,2004-11-10,
RJ,2004-09-01,2004,9,100.81076379620738,,,,71.6225022193263,84.311957874127,FALSE,TRUE,FALSE,pre,TRUE,2004-08-04,2004-11-10,
RJ,2004-10-01,2004,10,102.32373740672035,,,,70.0099207322219,83.0133644644097,FALSE,TRUE,FALSE,pre,TRUE,2004-08-04,2004-11-10,
RJ,2004-11-01,2004,11,99.5228938027852,,,,68.6271144110868,82.201386879942,FALSE,TRUE,FALSE,post,FALSE,2004-08-04,2004-11-10,
RJ,2004-12-01,2004,12,101.34897368407537,,,,72.011395312048,85.1241815110023,FALSE,TRUE,FALSE,post,FALSE,2004-08-04,2004-11-10,
RJ,2005-01-01,2005,1,101.32387794022364,,,,73.3288645223547,87.6082408413629,FALSE,TRUE,FALSE,post,FALSE,2004-08-04,2004-11-10,
RJ,2005-02-01,2005,2,102.20894763746166,,,,70.9382543556468,83.0258573055224,FALSE,TRUE,FALSE,post,FALSE,2004-08-04,2004-11-10,
RJ,2005-03-01,2005,3,103.34313108280918,,,,70.8264508965988,83.3336915943125,FALSE,TRUE,FALSE,post,FALSE,2004-08-04,2004-11-10,
RJ,2005-04-01,2005,4,106.29205605642885,,,,71.5481257679043,84.2608696335119,FALSE,TRUE,FALSE,post,FALSE,2004-08-04,2004-11-10,
RJ,2005-05-01,2005,5,103.68042432159136,,,,68.1909833022355,81.3237054166864,FALSE,TRUE,FALSE,post,FALSE,2004-08-04,2004-11-10,
RJ,2005-06-01,2005,6,107.60308427443631,,,,66.3227889017914,79.1117198155858,FALSE,TRUE,FALSE,post,FALSE,2004-08-04,2004-11-10,
RJ,2005-07-01,2005,7,107.99281265795067,,,,67.2850539579189,79.9389625252974,FALSE,TRUE,FALSE,post,FALSE,2004-08-04,2004-11-10,
RJ,2005-08-01,2005,8,106.13197665654788,,,,68.496166611062,82.2637041407322,FALSE,TRUE,FALSE,post,FALSE,2004-08-04,2004-11-10,
RJ,2005-09-01,2005,9,105.58920066913365,,,,64.9938550838853,77.7442517121031,FALSE,TRUE,FALSE,post,FALSE,2004-08-04,2004-11-10,
RJ,2005-10-01,2005,10,105.80844804524865,,,,68.8845097335662,82.7688919984651,FALSE,TRUE,FALSE,post,FALSE,2004-08-04,2004-11-10,
RJ,2005-11-01,2005,11,105.77841204702091,,,,72.3066648081843,85.7472674509837,FALSE,TRUE,FALSE,post,FALSE,2004-08-04,2004-11-10,
RJ,2005-12-01,2005,12,106.58444295811574,,,,72.1600482685949,86.7413415807433,FALSE,TRUE,FALSE,post,FALSE,2004-08-04,2004-11-10,
RJ,2006-01-01,2006,1,107.6184180041202,,,,68.8214129600359,81.8927696013332,FALSE,TRUE,FALSE,post,FALSE,2004-08-04,2004-11-10,
RJ,2006-02-01,2006,2,109.4744743021145,,,,66.7988686963895,79.8157196451447,FALSE,TRUE,FALSE,post,FALSE,2004-08-04,2004-11-10,
RJ,2006-03-01,2006,3,110.38745085056811,,,,70.1186318232568,83.6836090611754,FALSE,TRUE,FALSE,post,FALSE,2004-08-04,2004-11-10,
RJ,2006-04-01,2006,4,109.5185970507992,,,,62.7612992210049,75.8597464976004,FALSE,TRUE,FALSE,post,FALSE,2004-08-04,2004-11-10,
RJ,2006-05-01,2006,5,112.11931674452488,,,,73.431179279537,87.9907057349296,FALSE,TRUE,FALSE,post,FALSE,2004-08-04,2004-11-10,
RJ,2006-06-01,2006,6,109.8871067302561,,,,72.636487893418,85.9868080603191,FALSE,TRUE,FALSE,post,FALSE,2004-08-04,2004-11-10,
RJ,2006-07-01,2006,7,109.51806997880546,,,,76.0613157935416,90.1609018628701,FALSE,TRUE,FALSE,post,FALSE,2004-08-04,2004-11-10,
RJ,2006-08-01,2006,8,112.53775803270861,,,,74.5034558284762,88.2186306535135,FALSE,TRUE,FALSE,post,FALSE,2004-08-04,2004-11-10,
RJ,2006-09-01,2006,9,114.98839785750458,,,,77.4562468196447,91.7284501479202,FALSE,TRUE,FALSE,post,FALSE,2004-08-04,2004-11-10,
RJ,2006-10-01,2006,10,114.5911829500272,,,,79.4140011045662,93.5046477149345,FALSE,TRUE,FALSE,post,FALSE,2004-08-04,2004-11-10,
RN,2001-11-01,2001,11,100,,,,34.5167040586795,35.8617189209813,FALSE,TRUE,FALSE,pre,TRUE,2004-08-04,2004-11-10,
RN,2001-12-01,2001,12,100.99950536554232,,,,39.8054316893173,41.5888950250891,FALSE,TRUE,FALSE,pre,TRUE,2004-08-04,2004-11-10,
RN,2002-01-01,2002,1,103.10668676502382,,,,33.6242252294431,36.824923367688,FALSE,TRUE,FALSE,pre,TRUE,2004-08-04,2004-11-10,
RN,2002-02-01,2002,2,105.25329100111298,,,,37.8938261239994,39.4145776237335,FALSE,TRUE,FALSE,pre,TRUE,2004-08-04,2004-11-10,
RN,2002-03-01,2002,3,101.10952025224717,,,,36.9909366832262,37.1330751969256,FALSE,TRUE,FALSE,pre,TRUE,2004-08-04,2004-11-10,
RN,2002-04-01,2002,4,106.74394178033073,,,,36.9213408371274,40.2210099407234,FALSE,TRUE,FALSE,pre,TRUE,2004-08-04,2004-11-10,
RN,2002-05-01,2002,5,105.0794790680907,,,,37.0209987396312,38.2438305466191,FALSE,TRUE,FALSE,pre,TRUE,2004-08-04,2004-11-10,
RN,2002-06-01,2002,6,102.73166929712131,,,,36.8067828290327,38.2700646297711,FALSE,TRUE,FALSE,pre,TRUE,2004-08-04,2004-11-10,
RN,2002-07-01,2002,7,103.9744845051461,,,,36.6697302390677,38.020594050652,FALSE,TRUE,FALSE,pre,TRUE,2004-08-04,2004-11-10,
RN,2002-08-01,2002,8,104.10766438257137,,,,38.0981989417615,39.6794985003958,FALSE,TRUE,FALSE,pre,TRUE,2004-08-04,2004-11-10,
RN,2002-09-01,2002,9,105.76594329181769,,,,37.1370051876341,38.7484184578642,FALSE,TRUE,FALSE,pre,TRUE,2004-08-04,2004-11-10,
RN,2002-10-01,2002,10,108.37164154328512,,,,41.1701304126836,42.5213822131795,FALSE,TRUE,FALSE,pre,TRUE,2004-08-04,2004-11-10,
RN,2002-11-01,2002,11,94.30045631778971,,,,39.561158148705,41.0330889551675,FALSE,TRUE,FALSE,pre,TRUE,2004-08-04,2004-11-10,
RN,2002-12-01,2002,12,91.42024711269127,,,,34.30396159468,36.0764320893141,FALSE,TRUE,FALSE,pre,TRUE,2004-08-04,2004-11-10,
RN,2003-01-01,2003,1,96.24533844564026,,,,40.3062595296297,43.1769418554747,FALSE,TRUE,FALSE,pre,TRUE,2004-08-04,2004-11-10,
RN,2003-02-01,2003,2,100.65792899724441,,,,38.7442243635703,40.5007492677287,FALSE,TRUE,FALSE,pre,TRUE,2004-08-04,2004-11-10,
RN,2003-03-01,2003,3,91.98446572486489,,,,38.1269698375694,40.0980466113067,FALSE,TRUE,FALSE,pre,TRUE,2004-08-04,2004-11-10,
RN,2003-04-01,2003,4,89.76069783821914,,,,37.6737522775192,38.0154250418294,FALSE,TRUE,FALSE,pre,TRUE,2004-08-04,2004-11-10,
RN,2003-05-01,2003,5,88.40814738072055,,,,36.4736302627894,37.4904509703738,FALSE,TRUE,FALSE,pre,TRUE,2004-08-04,2004-11-10,
RN,2003-06-01,2003,6,95.69760573856202,,,,38.3313935823441,39.4659391962605,FALSE,TRUE,FALSE,pre,TRUE,2004-08-04,2004-11-10,
RN,2003-07-01,2003,7,94.83120326198909,,,,35.6433789936107,36.8476477630651,FALSE,TRUE,FALSE,pre,TRUE,2004-08-04,2004-11-10,
RN,2003-08-01,2003,8,92.46463601719744,,,,37.1122705989422,38.4225999526562,FALSE,TRUE,FALSE,pre,TRUE,2004-08-04,2004-11-10,
RN,2003-09-01,2003,9,92.1697155509734,,,,37.5663484122099,39.2536799068741,FALSE,TRUE,FALSE,pre,TRUE,2004-08-04,2004-11-10,
RN,2003-10-01,2003,10,95.8194938565033,,,,35.8157914107188,37.2566737371722,FALSE,TRUE,FALSE,pre,TRUE,2004-08-04,2004-11-10,
RN,2003-11-01,2003,11,97.21472555077683,,,,36.4072948646628,38.0210335969556,FALSE,TRUE,FALSE,pre,TRUE,2004-08-04,2004-11-10,
RN,2003-12-01,2003,12,94.46942713818424,,,,36.9394488883181,38.7281675464198,FALSE,TRUE,FALSE,pre,TRUE,2004-08-04,2004-11-10,
RN,2004-01-01,2004,1,93.34836834459306,,,,37.3123018358412,39.839512436203,FALSE,TRUE,FALSE,pre,TRUE,2004-08-04,2004-11-10,
RN,2004-02-01,2004,2,101.01129228564413,,,,36.9112200573758,38.9238336195466,FALSE,TRUE,FALSE,pre,TRUE,2004-08-04,2004-11-10,
RN,2004-03-01,2004,3,104.7160323477931,,,,38.6675196825509,41.0817277326812,FALSE,TRUE,FALSE,pre,TRUE,2004-08-04,2004-11-10,
RN,2004-04-01,2004,4,104.83776532313851,,,,39.765781491974,40.390113515077,FALSE,TRUE,FALSE,pre,TRUE,2004-08-04,2004-11-10,
RN,2004-05-01,2004,5,105.2213711929579,,,,40.0206384394089,41.1131273907727,FALSE,TRUE,FALSE,pre,TRUE,2004-08-04,2004-11-10,
RN,2004-06-01,2004,6,104.58824337473885,,,,39.3573415143433,40.7781948176948,FALSE,TRUE,FALSE,pre,TRUE,2004-08-04,2004-11-10,
RN,2004-07-01,2004,7,104.77420191339094,,,,40.7128383835717,42.248340607499,FALSE,TRUE,FALSE,pre,TRUE,2004-08-04,2004-11-10,
RN,2004-08-01,2004,8,108.33692931673141,,,,41.2084392238263,42.7939148618312,FALSE,TRUE,FALSE,pre,TRUE,2004-08-04,2004-11-10,
RN,2004-09-01,2004,9,107.52585300504286,,,,40.5274821654628,42.3988623498012,FALSE,TRUE,FALSE,pre,TRUE,2004-08-04,2004-11-10,
RN,2004-10-01,2004,10,108.36776053045865,,,,41.7487111867244,43.4151135048809,FALSE,TRUE,FALSE,pre,TRUE,2004-08-04,2004-11-10,
RN,2004-11-01,2004,11,107.42428211710657,,,,43.8938236921374,45.8388770966661,FALSE,TRUE,FALSE,post,FALSE,2004-08-04,2004-11-10,
RN,2004-12-01,2004,12,107.76174268413524,,,,41.8151943360724,43.7616023857672,FALSE,TRUE,FALSE,post,FALSE,2004-08-04,2004-11-10,
RN,2005-01-01,2005,1,113.65549998591473,,,,42.2838187357294,44.6631978732134,FALSE,TRUE,FALSE,post,FALSE,2004-08-04,2004-11-10,
RN,2005-02-01,2005,2,124.79144561906004,,,,40.3347284590395,42.6702461289733,FALSE,TRUE,FALSE,post,FALSE,2004-08-04,2004-11-10,
RN,2005-03-01,2005,3,121.33134904479638,,,,42.4995542458362,43.062872264265,FALSE,TRUE,FALSE,post,FALSE,2004-08-04,2004-11-10,
RN,2005-04-01,2005,4,124.62418590876867,,,,45.790668987499,48.4637564672027,FALSE,TRUE,FALSE,post,FALSE,2004-08-04,2004-11-10,
RN,2005-05-01,2005,5,126.30451069301563,,,,43.4328134571516,45.0647523706082,FALSE,TRUE,FALSE,post,FALSE,2004-08-04,2004-11-10,
RN,2005-06-01,2005,6,131.53422299718534,,,,42.6618280391794,44.408107197804,FALSE,TRUE,FALSE,post,FALSE,2004-08-04,2004-11-10,
RN,2005-07-01,2005,7,130.27327604771025,,,,43.6425705437607,45.5207423575177,FALSE,TRUE,FALSE,post,FALSE,2004-08-04,2004-11-10,
RN,2005-08-01,2005,8,130.9217515493439,,,,42.5392655769681,44.4227048353786,FALSE,TRUE,FALSE,post,FALSE,2004-08-04,2004-11-10,
RN,2005-09-01,2005,9,132.67080677932083,,,,43.9984566914613,50.4982376513198,FALSE,TRUE,FALSE,post,FALSE,2004-08-04,2004-11-10,
RN,2005-10-01,2005,10,135.35625581769582,,,,42.326943434687,44.2170985332737,FALSE,TRUE,FALSE,post,FALSE,2004-08-04,2004-11-10,
RN,2005-11-01,2005,11,139.47004724067884,,,,41.5757954602515,43.7447038960771,FALSE,TRUE,FALSE,post,FALSE,2004-08-04,2004-11-10,
RN,2005-12-01,2005,12,148.23010149448086,,,,44.993388430242,47.2390706959157,FALSE,TRUE,FALSE,post,FALSE,2004-08-04,2004-11-10,
RN,2006-01-01,2006,1,146.03402808725806,,,,44.7954050704772,47.1548963109667,FALSE,TRUE,FALSE,post,FALSE,2004-08-04,2004-11-10,
RN,2006-02-01,2006,2,139.77872073629024,,,,45.8653933635626,48.4549115069698,FALSE,TRUE,FALSE,post,FALSE,2004-08-04,2004-11-10,
RN,2006-03-01,2006,3,139.52896758507376,,,,45.5592640929943,48.3876150006524,FALSE,TRUE,FALSE,post,FALSE,2004-08-04,2004-11-10,
RN,2006-04-01,2006,4,139.32529054501094,,,,45.3500598924266,45.8246499753377,FALSE,TRUE,FALSE,post,FALSE,2004-08-04,2004-11-10,
RN,2006-05-01,2006,5,141.7544603354957,,,,50.6735840100663,53.2580842640338,FALSE,TRUE,FALSE,post,FALSE,2004-08-04,2004-11-10,
RN,2006-06-01,2006,6,139.8436577837773,,,,47.6942628287387,49.717287306446,FALSE,TRUE,FALSE,post,FALSE,2004-08-04,2004-11-10,
RN,2006-07-01,2006,7,143.26055836173663,,,,46.0958345250358,48.3559107710695,FALSE,TRUE,FALSE,post,FALSE,2004-08-04,2004-11-10,
RN,2006-08-01,2006,8,146.96064201920709,,,,50.2277917204433,52.4477759942526,FALSE,TRUE,FALSE,post,FALSE,2004-08-04,2004-11-10,
RN,2006-09-01,2006,9,146.14108620224425,,,,55.9157954013229,58.3749677618427,FALSE,TRUE,FALSE,post,FALSE,2004-08-04,2004-11-10,
RN,2006-10-01,2006,10,145.00940906047208,,,,48.978256672955,51.2476523857739,FALSE,TRUE,FALSE,post,FALSE,2004-08-04,2004-11-10,
RO,2001-11-01,2001,11,100,,,,55.4837583304643,58.6333739658789,FALSE,TRUE,FALSE,pre,TRUE,2004-08-04,2004-11-10,
RO,2001-12-01,2001,12,79.12572906785587,,,,50.9246456877848,51.8333749731711,FALSE,TRUE,FALSE,pre,TRUE,2004-08-04,2004-11-10,
RO,2002-01-01,2002,1,105.58179977778532,,,,48.3120286250008,48.0012581873608,FALSE,TRUE,FALSE,pre,TRUE,2004-08-04,2004-11-10,
RO,2002-02-01,2002,2,104.1578447816189,,,,57.5910800767974,58.6819848077171,FALSE,TRUE,FALSE,pre,TRUE,2004-08-04,2004-11-10,
RO,2002-03-01,2002,3,112.95644883370483,,,,53.543677886478,55.7871340223962,FALSE,TRUE,FALSE,pre,TRUE,2004-08-04,2004-11-10,
RO,2002-04-01,2002,4,105.61498446841851,,,,55.122598459135,58.8050305673647,FALSE,TRUE,FALSE,pre,TRUE,2004-08-04,2004-11-10,
RO,2002-05-01,2002,5,117.78500909829422,,,,52.9837909534853,54.5999690620998,FALSE,TRUE,FALSE,pre,TRUE,2004-08-04,2004-11-10,
RO,2002-06-01,2002,6,113.96882677080507,,,,46.7005046935316,47.7815469766691,FALSE,TRUE,FALSE,pre,TRUE,2004-08-04,2004-11-10,
RO,2002-07-01,2002,7,114.66643155645822,,,,43.2811085422471,50.4264573511466,FALSE,TRUE,FALSE,pre,TRUE,2004-08-04,2004-11-10,
RO,2002-08-01,2002,8,115.52328738995584,,,,42.575911576329,45.9778365186462,FALSE,TRUE,FALSE,pre,TRUE,2004-08-04,2004-11-10,
RO,2002-09-01,2002,9,124.97192597776206,,,,47.3124173034829,51.6831229596868,FALSE,TRUE,FALSE,pre,TRUE,2004-08-04,2004-11-10,
RO,2002-10-01,2002,10,123.51971668139132,,,,52.0765555259401,53.0242140701249,FALSE,TRUE,FALSE,pre,TRUE,2004-08-04,2004-11-10,
RO,2002-11-01,2002,11,118.77422202991234,,,,94.3936279550682,102.154304457913,FALSE,TRUE,FALSE,pre,TRUE,2004-08-04,2004-11-10,
RO,2002-12-01,2002,12,113.2353173000334,,,,49.3265430252915,49.0408303726734,FALSE,TRUE,FALSE,pre,TRUE,2004-08-04,2004-11-10,
RO,2003-01-01,2003,1,121.60891728621807,,,,62.4790141799262,66.7774720085509,FALSE,TRUE,FALSE,pre,TRUE,2004-08-04,2004-11-10,
RO,2003-02-01,2003,2,118.62168038283471,,,,56.4972796730452,60.0637356176326,FALSE,TRUE,FALSE,pre,TRUE,2004-08-04,2004-11-10,
RO,2003-03-01,2003,3,109.89462769775338,,,,61.1768333999258,66.7700711847836,FALSE,TRUE,FALSE,pre,TRUE,2004-08-04,2004-11-10,
RO,2003-04-01,2003,4,118.88057034232949,,,,64.1947415099658,70.3096808952991,FALSE,TRUE,FALSE,pre,TRUE,2004-08-04,2004-11-10,
RO,2003-05-01,2003,5,111.38001240735025,,,,55.9513199132207,57.6382221342251,FALSE,TRUE,FALSE,pre,TRUE,2004-08-04,2004-11-10,
RO,2003-06-01,2003,6,119.94651121138746,,,,70.1189553374812,76.6583125816362,FALSE,TRUE,FALSE,pre,TRUE,2004-08-04,2004-11-10,
RO,2003-07-01,2003,7,122.53072627628038,,,,78.259361402721,81.6497378611029,FALSE,TRUE,FALSE,pre,TRUE,2004-08-04,2004-11-10,
RO,2003-08-01,2003,8,122.09215176479789,,,,75.7897454318912,81.1023056498084,FALSE,TRUE,FALSE,pre,TRUE,2004-08-04,2004-11-10,
RO,2003-09-01,2003,9,122.46351582354382,,,,71.7018128842779,78.4921640727629,FALSE,TRUE,FALSE,pre,TRUE,2004-08-04,2004-11-10,
RO,2003-10-01,2003,10,126.00792710982422,,,,70.0919333747641,75.8516479312381,FALSE,TRUE,FALSE,pre,TRUE,2004-08-04,2004-11-10,
RO,2003-11-01,2003,11,131.2745449243021,,,,66.5768693403691,71.2136384279142,FALSE,TRUE,FALSE,pre,TRUE,2004-08-04,2004-11-10,
RO,2003-12-01,2003,12,140.88540107608148,,,,56.6244948298725,61.296941333681,FALSE,TRUE,FALSE,pre,TRUE,2004-08-04,2004-11-10,
RO,2004-01-01,2004,1,133.01888666565452,,,,62.4924846919834,68.3542394461859,FALSE,TRUE,FALSE,pre,TRUE,2004-08-04,2004-11-10,
RO,2004-02-01,2004,2,127.68501880891628,,,,66.3468425518387,75.0501727246405,FALSE,TRUE,FALSE,pre,TRUE,2004-08-04,2004-11-10,
RO,2004-03-01,2004,3,142.65026164368163,,,,70.7352778681733,78.2327020653966,FALSE,TRUE,FALSE,pre,TRUE,2004-08-04,2004-11-10,
RO,2004-04-01,2004,4,146.35851997958727,,,,68.9733934989043,71.4627181169586,FALSE,TRUE,FALSE,pre,TRUE,2004-08-04,2004-11-10,
RO,2004-05-01,2004,5,144.39134729394732,,,,67.1920684380559,71.2338396093701,FALSE,TRUE,FALSE,pre,TRUE,2004-08-04,2004-11-10,
RO,2004-06-01,2004,6,152.79713099370497,,,,64.7375998925759,71.7087257718899,FALSE,TRUE,FALSE,pre,TRUE,2004-08-04,2004-11-10,
RO,2004-07-01,2004,7,167.86604216572402,,,,66.666882137228,72.7054418844165,FALSE,TRUE,FALSE,pre,TRUE,2004-08-04,2004-11-10,
RO,2004-08-01,2004,8,154.7978964778778,,,,72.4950914437191,79.1383466963117,FALSE,TRUE,FALSE,pre,TRUE,2004-08-04,2004-11-10,
RO,2004-09-01,2004,9,157.85940420562335,,,,66.3727958396466,71.7535886042601,FALSE,TRUE,FALSE,pre,TRUE,2004-08-04,2004-11-10,
RO,2004-10-01,2004,10,151.0794094900693,,,,78.4137975535823,86.0997931394758,FALSE,TRUE,FALSE,pre,TRUE,2004-08-04,2004-11-10,
RO,2004-11-01,2004,11,149.6288870475111,,,,73.4046770558922,81.2673960588506,FALSE,TRUE,FALSE,post,FALSE,2004-08-04,2004-11-10,
RO,2004-12-01,2004,12,150.8768725286471,,,,82.0665432037887,92.1731039879576,FALSE,TRUE,FALSE,post,FALSE,2004-08-04,2004-11-10,
RO,2005-01-01,2005,1,151.99990699980034,,,,80.2208281432879,90.7189680529973,FALSE,TRUE,FALSE,post,FALSE,2004-08-04,2004-11-10,
RO,2005-02-01,2005,2,167.50217929650276,,,,76.301596648487,84.2962775996707,FALSE,TRUE,FALSE,post,FALSE,2004-08-04,2004-11-10,
RO,2005-03-01,2005,3,165.19879907725146,,,,79.0408074186474,86.0534049683994,FALSE,TRUE,FALSE,post,FALSE,2004-08-04,2004-11-10,
RO,2005-04-01,2005,4,161.98845584507586,,,,75.8652068623852,90.5854080365937,FALSE,TRUE,FALSE,post,FALSE,2004-08-04,2004-11-10,
RO,2005-05-01,2005,5,169.29446208325314,,,,94.3242050019488,98.7035148134748,FALSE,TRUE,FALSE,post,FALSE,2004-08-04,2004-11-10,
RO,2005-06-01,2005,6,165.58859438870797,,,,88.3549878173043,96.2508475715515,FALSE,TRUE,FALSE,post,FALSE,2004-08-04,2004-11-10,
RO,2005-07-01,2005,7,162.87341953311724,,,,81.7929682738546,91.9846726813524,FALSE,TRUE,FALSE,post,FALSE,2004-08-04,2004-11-10,
RO,2005-08-01,2005,8,164.408157320659,,,,71.6379715601412,83.7035265669336,FALSE,TRUE,FALSE,post,FALSE,2004-08-04,2004-11-10,
RO,2005-09-01,2005,9,159.13363531242612,,,,81.7747601258442,90.0107335525104,FALSE,TRUE,FALSE,post,FALSE,2004-08-04,2004-11-10,
RO,2005-10-01,2005,10,171.75818616234835,,,,59.9154390780563,70.0003360119171,FALSE,TRUE,FALSE,post,FALSE,2004-08-04,2004-11-10,
RO,2005-11-01,2005,11,171.54217875563634,,,,77.4108040832826,87.0635534186147,FALSE,TRUE,FALSE,post,FALSE,2004-08-04,2004-11-10,
RO,2005-12-01,2005,12,171.63672376755224,,,,75.2622617213358,79.2358550053053,FALSE,TRUE,FALSE,post,FALSE,2004-08-04,2004-11-10,
RO,2006-01-01,2006,1,173.2068556219863,,,,59.6643413158492,67.947518764727,FALSE,TRUE,FALSE,post,FALSE,2004-08-04,2004-11-10,
RO,2006-02-01,2006,2,166.22257033706256,,,,74.1590393331014,80.6203173820648,FALSE,TRUE,FALSE,post,FALSE,2004-08-04,2004-11-10,
RO,2006-03-01,2006,3,162.10338516851272,,,,70.3035513820101,79.7855412820561,FALSE,TRUE,FALSE,post,FALSE,2004-08-04,2004-11-10,
RO,2006-04-01,2006,4,169.11089480114302,,,,64.5635804072861,70.6009700828157,FALSE,TRUE,FALSE,post,FALSE,2004-08-04,2004-11-10,
RO,2006-05-01,2006,5,166.67352474403936,,,,59.7038623229348,68.7123729171902,FALSE,TRUE,FALSE,post,FALSE,2004-08-04,2004-11-10,
RO,2006-06-01,2006,6,167.6159767326009,,,,62.479217734808,70.1835703991421,FALSE,TRUE,FALSE,post,FALSE,2004-08-04,2004-11-10,
RO,2006-07-01,2006,7,176.4622014994759,,,,58.5769815886183,68.8852349106905,FALSE,TRUE,FALSE,post,FALSE,2004-08-04,2004-11-10,
RO,2006-08-01,2006,8,186.10265490577493,,,,65.149779586253,72.7671924094349,FALSE,TRUE,FALSE,post,FALSE,2004-08-04,2004-11-10,
RO,2006-09-01,2006,9,180.86824827828454,,,,64.0651275990222,75.45555026621,FALSE,TRUE,FALSE,post,FALSE,2004-08-04,2004-11-10,
RO,2006-10-01,2006,10,178.14680828391573,,,,66.9878746064776,75.7950671434339,FALSE,TRUE,FALSE,post,FALSE,2004-08-04,2004-11-10,
RR,2001-11-01,2001,11,100,,,,35.0619597645731,38.4209047778346,TRUE,FALSE,TRUE,pre,TRUE,2004-08-04,2004-11-10,treated_unit
RR,2001-12-01,2001,12,102.70656466137712,,,,35.3308470177175,39.8568208734934,TRUE,FALSE,TRUE,pre,TRUE,2004-08-04,2004-11-10,treated_unit
RR,2002-01-01,2002,1,104.99029371861754,,,,36.9469270045498,38.3613474320456,TRUE,FALSE,TRUE,pre,TRUE,2004-08-04,2004-11-10,treated_unit
RR,2002-02-01,2002,2,102.27122506764054,,,,35.9810684814565,40.6345840535528,TRUE,FALSE,TRUE,pre,TRUE,2004-08-04,2004-11-10,treated_unit
RR,2002-03-01,2002,3,99.51234369039872,,,,37.8343010612519,48.2348640772225,TRUE,FALSE,TRUE,pre,TRUE,2004-08-04,2004-11-10,treated_unit
RR,2002-04-01,2002,4,95.1469485722494,,,,38.0295146668946,34.3750938836829,TRUE,FALSE,TRUE,pre,TRUE,2004-08-04,2004-11-10,treated_unit
RR,2002-05-01,2002,5,97.28784476251059,,,,36.3699893020039,47.8604050123757,TRUE,FALSE,TRUE,pre,TRUE,2004-08-04,2004-11-10,treated_unit
RR,2002-06-01,2002,6,98.91598690766364,,,,35.3560295568157,39.1637988988339,TRUE,FALSE,TRUE,pre,TRUE,2004-08-04,2004-11-10,treated_unit
RR,2002-07-01,2002,7,111.68926477923971,,,,38.9342160828454,59.5329606860946,TRUE,FALSE,TRUE,pre,TRUE,2004-08-04,2004-11-10,treated_unit
RR,2002-08-01,2002,8,97.21400755226759,,,,38.3957988211442,38.2846913926343,TRUE,FALSE,TRUE,pre,TRUE,2004-08-04,2004-11-10,treated_unit
RR,2002-09-01,2002,9,102.53510683775471,,,,37.695940421104,50.099413088877,TRUE,FALSE,TRUE,pre,TRUE,2004-08-04,2004-11-10,treated_unit
RR,2002-10-01,2002,10,104.7193974155006,,,,40.9521982164025,39.9490249106372,TRUE,FALSE,TRUE,pre,TRUE,2004-08-04,2004-11-10,treated_unit
RR,2002-11-01,2002,11,97.77517505246333,,,,34.3942331598063,37.277732031602,TRUE,FALSE,TRUE,pre,TRUE,2004-08-04,2004-11-10,treated_unit
RR,2002-12-01,2002,12,88.26858892841189,,,,37.9255612901393,39.2711270473515,TRUE,FALSE,TRUE,pre,TRUE,2004-08-04,2004-11-10,treated_unit
RR,2003-01-01,2003,1,96.97284566582101,,,,35.8470369048456,37.1502281168376,TRUE,FALSE,TRUE,pre,TRUE,2004-08-04,2004-11-10,treated_unit
RR,2003-02-01,2003,2,93.29168045269063,,,,36.7466584921889,40.0921418337269,TRUE,FALSE,TRUE,pre,TRUE,2004-08-04,2004-11-10,treated_unit
RR,2003-03-01,2003,3,90.13585986507437,,,,34.8297008203556,36.9696639182215,TRUE,FALSE,TRUE,pre,TRUE,2004-08-04,2004-11-10,treated_unit
RR,2003-04-01,2003,4,92.07935768827282,,,,35.3576486322942,37.7350472992205,TRUE,FALSE,TRUE,pre,TRUE,2004-08-04,2004-11-10,treated_unit
RR,2003-05-01,2003,5,85.63186151136419,,,,32.8761538996329,31.0747914983955,TRUE,FALSE,TRUE,pre,TRUE,2004-08-04,2004-11-10,treated_unit
RR,2003-06-01,2003,6,88.6914271696367,,,,34.432734158664,39.0792610097042,TRUE,FALSE,TRUE,pre,TRUE,2004-08-04,2004-11-10,treated_unit
RR,2003-07-01,2003,7,83.25980666217852,,,,38.35174330084,35.9919879046006,TRUE,FALSE,TRUE,pre,TRUE,2004-08-04,2004-11-10,treated_unit
RR,2003-08-01,2003,8,81.26260231757885,,,,32.2777192965511,36.7524908601906,TRUE,FALSE,TRUE,pre,TRUE,2004-08-04,2004-11-10,treated_unit
RR,2003-09-01,2003,9,82.24792634107403,,,,36.0495522264827,45.1441790272912,TRUE,FALSE,TRUE,pre,TRUE,2004-08-04,2004-11-10,treated_unit
RR,2003-10-01,2003,10,81.3860662419211,,,,29.389817020576,30.1052177055452,TRUE,FALSE,TRUE,pre,TRUE,2004-08-04,2004-11-10,treated_unit
RR,2003-11-01,2003,11,82.57614291316992,,,,33.8130073873328,37.3310197919848,TRUE,FALSE,TRUE,pre,TRUE,2004-08-04,2004-11-10,treated_unit
RR,2003-12-01,2003,12,84.53892377302448,,,,30.9758080240828,31.2320220500955,TRUE,FALSE,TRUE,pre,TRUE,2004-08-04,2004-11-10,treated_unit
RR,2004-01-01,2004,1,79.92749143954958,,,,32.1494887699653,33.6325942206603,TRUE,FALSE,TRUE,pre,TRUE,2004-08-04,2004-11-10,treated_unit
RR,2004-02-01,2004,2,77.98597698740123,,,,33.9723274296237,34.4782941741177,TRUE,FALSE,TRUE,pre,TRUE,2004-08-04,2004-11-10,treated_unit
RR,2004-03-01,2004,3,78.64982616612426,,,,30.9391356226899,34.2551764124464,TRUE,FALSE,TRUE,pre,TRUE,2004-08-04,2004-11-10,treated_unit
RR,2004-04-01,2004,4,77.52574052673744,,,,33.0150069525705,33.4286910744778,TRUE,FALSE,TRUE,pre,TRUE,2004-08-04,2004-11-10,treated_unit
RR,2004-05-01,2004,5,77.55438800122776,,,,38.2995177108477,41.7121217299338,TRUE,FALSE,TRUE,pre,TRUE,2004-08-04,2004-11-10,treated_unit
RR,2004-06-01,2004,6,80.84764614838231,,,,34.7290393785111,36.5878286455817,TRUE,FALSE,TRUE,pre,TRUE,2004-08-04,2004-11-10,treated_unit
RR,2004-07-01,2004,7,84.9927342879888,,,,31.4447906647031,33.0476716994523,TRUE,FALSE,TRUE,pre,TRUE,2004-08-04,2004-11-10,treated_unit
RR,2004-08-01,2004,8,84.67338429039457,,,,34.2084280426306,37.7293522673002,TRUE,FALSE,TRUE,pre,TRUE,2004-08-04,2004-11-10,treated_unit
RR,2004-09-01,2004,9,80.68250872664524,,,,32.5122388699764,35.203131857271,TRUE,FALSE,TRUE,pre,TRUE,2004-08-04,2004-11-10,treated_unit
RR,2004-10-01,2004,10,76.05511524217887,,,,34.0672440547527,40.698326901067,TRUE,FALSE,TRUE,pre,TRUE,2004-08-04,2004-11-10,treated_unit
RR,2004-11-01,2004,11,79.47070502508157,,,,36.6868054644258,41.3516004175108,TRUE,FALSE,TRUE,post,FALSE,2004-08-04,2004-11-10,treated_unit
RR,2004-12-01,2004,12,73.01823206257374,,,,34.688097489512,35.5807516091355,TRUE,FALSE,TRUE,post,FALSE,2004-08-04,2004-11-10,treated_unit
RR,2005-01-01,2005,1,78.87715455692793,,,,34.7781624375091,42.4395358537262,TRUE,FALSE,TRUE,post,FALSE,2004-08-04,2004-11-10,treated_unit
RR,2005-02-01,2005,2,82.5623503717937,,,,36.9543811013571,41.2723806526901,TRUE,FALSE,TRUE,post,FALSE,2004-08-04,2004-11-10,treated_unit
RR,2005-03-01,2005,3,85.18142966614302,,,,38.9307156242375,46.4586923969623,TRUE,FALSE,TRUE,post,FALSE,2004-08-04,2004-11-10,treated_unit
RR,2005-04-01,2005,4,84.3058777273344,,,,35.5187974752387,38.3292991354279,TRUE,FALSE,TRUE,post,FALSE,2004-08-04,2004-11-10,treated_unit
RR,2005-05-01,2005,5,82.97656743638495,,,,37.7986353082993,43.3440803896845,TRUE,FALSE,TRUE,post,FALSE,2004-08-04,2004-11-10,treated_unit
RR,2005-06-01,2005,6,82.20386243557085,,,,35.8230532487631,42.556499498137,TRUE,FALSE,TRUE,post,FALSE,2004-08-04,2004-11-10,treated_unit
RR,2005-07-01,2005,7,81.35123309085111,,,,40.5571338060969,44.6863342902473,TRUE,FALSE,TRUE,post,FALSE,2004-08-04,2004-11-10,treated_unit
RR,2005-08-01,2005,8,84.02016116066272,,,,37.7217520971657,45.7158937338318,TRUE,FALSE,TRUE,post,FALSE,2004-08-04,2004-11-10,treated_unit
RR,2005-09-01,2005,9,87.78939291019704,,,,36.60729670148,43.725816048954,TRUE,FALSE,TRUE,post,FALSE,2004-08-04,2004-11-10,treated_unit
RR,2005-10-01,2005,10,93.03531245614731,,,,38.4106379262143,47.9790141724996,TRUE,FALSE,TRUE,post,FALSE,2004-08-04,2004-11-10,treated_unit
RR,2005-11-01,2005,11,94.05556968462298,,,,38.4939926085898,48.9901672869495,TRUE,FALSE,TRUE,post,FALSE,2004-08-04,2004-11-10,treated_unit
RR,2005-12-01,2005,12,100.14690186874031,,,,41.506449423912,44.7464350257238,TRUE,FALSE,TRUE,post,FALSE,2004-08-04,2004-11-10,treated_unit
RR,2006-01-01,2006,1,103.26655853153015,,,,40.1214733645731,47.9867034986625,TRUE,FALSE,TRUE,post,FALSE,2004-08-04,2004-11-10,treated_unit
RR,2006-02-01,2006,2,105.94260591503716,,,,38.8269326024898,47.3037383115436,TRUE,FALSE,TRUE,post,FALSE,2004-08-04,2004-11-10,treated_unit
RR,2006-03-01,2006,3,100.86397257919639,,,,43.0343191233274,43.2027244193912,TRUE,FALSE,TRUE,post,FALSE,2004-08-04,2004-11-10,treated_unit
RR,2006-04-01,2006,4,115.35115473697512,,,,42.9268559975897,55.6239081506698,TRUE,FALSE,TRUE,post,FALSE,2004-08-04,2004-11-10,treated_unit
RR,2006-05-01,2006,5,110.61583075892878,,,,41.564659051983,48.8672235262336,TRUE,FALSE,TRUE,post,FALSE,2004-08-04,2004-11-10,treated_unit
RR,2006-06-01,2006,6,108.82364355479474,,,,39.7620385491681,44.6136023030175,TRUE,FALSE,TRUE,post,FALSE,2004-08-04,2004-11-10,treated_unit
RR,2006-07-01,2006,7,112.82175826308047,,,,38.8088690318927,51.0429773586116,TRUE,FALSE,TRUE,post,FALSE,2004-08-04,2004-11-10,treated_unit
RR,2006-08-01,2006,8,116.28808010245756,,,,40.6446361480206,46.2555394393878,TRUE,FALSE,TRUE,post,FALSE,2004-08-04,2004-11-10,treated_unit
RR,2006-09-01,2006,9,123.27270963411485,,,,42.6973850388632,52.7012620657077,TRUE,FALSE,TRUE,post,FALSE,2004-08-04,2004-11-10,treated_unit
RR,2006-10-01,2006,10,117.91194383278491,,,,42.5575861423965,50.7473315239005,TRUE,FALSE,TRUE,post,FALSE,2004-08-04,2004-11-10,treated_unit
RS,2001-11-01,2001,11,100,,,,68.5084077709553,76.0436667001436,FALSE,TRUE,FALSE,pre,TRUE,2004-08-04,2004-11-10,
RS,2001-12-01,2001,12,100.03319403174488,,,,67.9649922984066,76.041681299501107,FALSE,TRUE,FALSE,pre,TRUE,2004-08-04,2004-11-10,
RS,2002-01-01,2002,1,98.36114292380465,,,,64.9078826963088,61.0263742485308,FALSE,TRUE,FALSE,pre,TRUE,2004-08-04,2004-11-10,
RS,2002-02-01,2002,2,100.06516674476687,,,,77.1724456601555,82.8638516949791,FALSE,TRUE,FALSE,pre,TRUE,2004-08-04,2004-11-10,
RS,2002-03-01,2002,3,97.36611537005864,,,,71.600955648824,85.6485264072137,FALSE,TRUE,FALSE,pre,TRUE,2004-08-04,2004-11-10,
RS,2002-04-01,2002,4,100.2909311606078,,,,75.7730689137445,77.8702627456277,FALSE,TRUE,FALSE,pre,TRUE,2004-08-04,2004-11-10,
RS,2002-05-01,2002,5,97.81092680069446,,,,74.9706610016735,81.7267229404753,FALSE,TRUE,FALSE,pre,TRUE,2004-08-04,2004-11-10,
RS,2002-06-01,2002,6,98.87714870667347,,,,75.3693413668214,82.1014835681045,FALSE,TRUE,FALSE,pre,TRUE,2004-08-04,2004-11-10,
RS,2002-07-01,2002,7,98.90017119585941,,,,76.0107570660717,83.6752111742167,FALSE,TRUE,FALSE,pre,TRUE,2004-08-04,2004-11-10,
RS,2002-08-01,2002,8,99.53938943805721,,,,74.8782235269165,81.9748476319022,FALSE,TRUE,FALSE,pre,TRUE,2004-08-04,2004-11-10,
RS,2002-09-01,2002,9,98.86217009252118,,,,73.5119971204691,82.7247385088934,FALSE,TRUE,FALSE,pre,TRUE,2004-08-04,2004-11-10,
RS,2002-10-01,2002,10,97.32313418543893,,,,73.7929749822353,79.4610187055363,FALSE,TRUE,FALSE,pre,TRUE,2004-08-04,2004-11-10,
RS,2002-11-01,2002,11,96.46945317510327,,,,77.7614686157565,84.0566429170773,FALSE,TRUE,FALSE,pre,TRUE,2004-08-04,2004-11-10,
RS,2002-12-01,2002,12,92.09648625336429,,,,80.1117528413132,84.838628123557,FALSE,TRUE,FALSE,pre,TRUE,2004-08-04,2004-11-10,
RS,2003-01-01,2003,1,94.68560311990501,,,,83.6780372428673,82.2831740893893,FALSE,TRUE,FALSE,pre,TRUE,2004-08-04,2004-11-10,
RS,2003-02-01,2003,2,97.22582416684612,,,,79.1295169805351,84.4899175100364,FALSE,TRUE,FALSE,pre,TRUE,2004-08-04,2004-11-10,
RS,2003-03-01,2003,3,92.75811178601275,,,,73.1724962942586,76.6812229466863,FALSE,TRUE,FALSE,pre,TRUE,2004-08-04,2004-11-10,
RS,2003-04-01,2003,4,92.20395816491495,,,,68.4638456134317,77.5320481028738,FALSE,TRUE,FALSE,pre,TRUE,2004-08-04,2004-11-10,
RS,2003-05-01,2003,5,93.62125334060254,,,,73.0660568975179,80.3487106641279,FALSE,TRUE,FALSE,pre,TRUE,2004-08-04,2004-11-10,
RS,2003-06-01,2003,6,95.84735103927413,,,,94.9026642743923,105.524891586536,FALSE,TRUE,FALSE,pre,TRUE,2004-08-04,2004-11-10,
RS,2003-07-01,2003,7,94.98321412366694,,,,67.973609469655,73.1817250562757,FALSE,TRUE,FALSE,pre,TRUE,2004-08-04,2004-11-10,
RS,2003-08-01,2003,8,94.2361718823269,,,,73.7686357683056,78.6222841846211,FALSE,TRUE,FALSE,pre,TRUE,2004-08-04,2004-11-10,
RS,2003-09-01,2003,9,95.05225824711195,,,,70.5231918199385,78.1015699461734,FALSE,TRUE,FALSE,pre,TRUE,2004-08-04,2004-11-10,
RS,2003-10-01,2003,10,95.91909488696119,,,,76.683456131027,83.6186228286545,FALSE,TRUE,FALSE,pre,TRUE,2004-08-04,2004-11-10,
RS,2003-11-01,2003,11,96.3283340939291,,,,91.5830830937596,97.4003991363023,FALSE,TRUE,FALSE,pre,TRUE,2004-08-04,2004-11-10,
RS,2003-12-01,2003,12,96.30580570184144,,,,84.7602740938096,95.4542255323327,FALSE,TRUE,FALSE,pre,TRUE,2004-08-04,2004-11-10,
RS,2004-01-01,2004,1,96.60355537111144,,,,71.689901757827,69.3352105257758,FALSE,TRUE,FALSE,pre,TRUE,2004-08-04,2004-11-10,
RS,2004-02-01,2004,2,97.68466333404562,,,,74.4213380403154,83.3453814173673,FALSE,TRUE,FALSE,pre,TRUE,2004-08-04,2004-11-10,
RS,2004-03-01,2004,3,101.04988351582945,,,,76.5654626614777,80.4048023653866,FALSE,TRUE,FALSE,pre,TRUE,2004-08-04,2004-11-10,
RS,2004-04-01,2004,4,99.65564668474471,,,,68.4521056305747,81.4058221945469,FALSE,TRUE,FALSE,pre,TRUE,2004-08-04,2004-11-10,
RS,2004-05-01,2004,5,101.37951147639446,,,,75.9911072657231,84.2476650569162,FALSE,TRUE,FALSE,pre,TRUE,2004-08-04,2004-11-10,
RS,2004-06-01,2004,6,100.40229402070476,,,,74.2035009987533,78.7667303526366,FALSE,TRUE,FALSE,pre,TRUE,2004-08-04,2004-11-10,
RS,2004-07-01,2004,7,102.56178690893805,,,,79.7821053661515,87.5878436274668,FALSE,TRUE,FALSE,pre,TRUE,2004-08-04,2004-11-10,
RS,2004-08-01,2004,8,103.20298396139803,,,,79.0321500909462,87.2705241374822,FALSE,TRUE,FALSE,pre,TRUE,2004-08-04,2004-11-10,
RS,2004-09-01,2004,9,102.72700799085939,,,,75.8776622858233,79.8626562233968,FALSE,TRUE,FALSE,pre,TRUE,2004-08-04,2004-11-10,
RS,2004-10-01,2004,10,103.32473818957968,,,,79.6823601235361,86.1244884099426,FALSE,TRUE,FALSE,pre,TRUE,2004-08-04,2004-11-10,
RS,2004-11-01,2004,11,103.66963310823836,,,,74.7731731292168,84.1449704618018,FALSE,TRUE,FALSE,post,FALSE,2004-08-04,2004-11-10,
RS,2004-12-01,2004,12,108.71402434933721,,,,86.5286150478083,92.9385598687052,FALSE,TRUE,FALSE,post,FALSE,2004-08-04,2004-11-10,
RS,2005-01-01,2005,1,103.08571224230785,,,,67.5142194917149,70.6220673161147,FALSE,TRUE,FALSE,post,FALSE,2004-08-04,2004-11-10,
RS,2005-02-01,2005,2,103.08788021137623,,,,76.803308028035,82.7375281639329,FALSE,TRUE,FALSE,post,FALSE,2004-08-04,2004-11-10,
RS,2005-03-01,2005,3,101.00237662205669,,,,84.1497390033756,98.6134190931796,FALSE,TRUE,FALSE,post,FALSE,2004-08-04,2004-11-10,
RS,2005-04-01,2005,4,100.4295492087062,,,,85.2834494633079,83.5926146932338,FALSE,TRUE,FALSE,post,FALSE,2004-08-04,2004-11-10,
RS,2005-05-01,2005,5,97.80498866623559,,,,81.536549631812,88.6586111461605,FALSE,TRUE,FALSE,post,FALSE,2004-08-04,2004-11-10,
RS,2005-06-01,2005,6,100.4573445497727,,,,82.9741807084293,89.6818494207716,FALSE,TRUE,FALSE,post,FALSE,2004-08-04,2004-11-10,
RS,2005-07-01,2005,7,101.21796648147863,,,,85.0194012421493,90.157931911366,FALSE,TRUE,FALSE,post,FALSE,2004-08-04,2004-11-10,
RS,2005-08-01,2005,8,98.05000136896213,,,,84.2503538673667,91.7701793642205,FALSE,TRUE,FALSE,post,FALSE,2004-08-04,2004-11-10,
RS,2005-09-01,2005,9,97.27661366192599,,,,89.2504210839988,95.1292788445901,FALSE,TRUE,FALSE,post,FALSE,2004-08-04,2004-11-10,
RS,2005-10-01,2005,10,97.2687167729034,,,,102.728847031151,112.609198830764,FALSE,TRUE,FALSE,post,FALSE,2004-08-04,2004-11-10,
RS,2005-11-01,2005,11,99.1271211897601,,,,86.0179103432286,90.2129320067362,FALSE,TRUE,FALSE,post,FALSE,2004-08-04,2004-11-10,
RS,2005-12-01,2005,12,97.98583745319293,,,,83.3540052766249,90.5273403014075,FALSE,TRUE,FALSE,post,FALSE,2004-08-04,2004-11-10,
RS,2006-01-01,2006,1,100.58714692227056,,,,85.5861190521276,89.0255643210037,FALSE,TRUE,FALSE,post,FALSE,2004-08-04,2004-11-10,
RS,2006-02-01,2006,2,100.4194035311745,,,,83.0573889615628,88.9444415728342,FALSE,TRUE,FALSE,post,FALSE,2004-08-04,2004-11-10,
RS,2006-03-01,2006,3,101.29850031570354,,,,86.1095174116467,91.0335257098224,FALSE,TRUE,FALSE,post,FALSE,2004-08-04,2004-11-10,
RS,2006-04-01,2006,4,101.16839874680362,,,,82.973038921993,91.1311534271101,FALSE,TRUE,FALSE,post,FALSE,2004-08-04,2004-11-10,
RS,2006-05-01,2006,5,100.91056248553944,,,,79.8657455642566,86.8482909206022,FALSE,TRUE,FALSE,post,FALSE,2004-08-04,2004-11-10,
RS,2006-06-01,2006,6,98.1849030947897,,,,86.2374372355885,94.2100633755847,FALSE,TRUE,FALSE,post,FALSE,2004-08-04,2004-11-10,
RS,2006-07-01,2006,7,99.81035470114325,,,,80.723003774048,89.9278457896018,FALSE,TRUE,FALSE,post,FALSE,2004-08-04,2004-11-10,
RS,2006-08-01,2006,8,101.10552695827604,,,,80.4723656465254,86.679406717129,FALSE,TRUE,FALSE,post,FALSE,2004-08-04,2004-11-10,
RS,2006-09-01,2006,9,103.1856367426526,,,,92.2070151715911,97.4042010408262,FALSE,TRUE,FALSE,post,FALSE,2004-08-04,2004-11-10,
RS,2006-10-01,2006,10,102.23751713883257,,,,83.4272225642263,93.0466091133905,FALSE,TRUE,FALSE,post,FALSE,2004-08-04,2004-11-10,
SC,2001-11-01,2001,11,100,,,,70.120229233179,76.2902821823572,FALSE,TRUE,FALSE,pre,TRUE,2004-08-04,2004-11-10,
SC,2001-12-01,2001,12,100.47586579425725,,,,62.5873198405675,68.8227238136935,FALSE,TRUE,FALSE,pre,TRUE,2004-08-04,2004-11-10,
SC,2002-01-01,2002,1,99.90997132990836,,,,71.120151765764,77.5393631980842,FALSE,TRUE,FALSE,pre,TRUE,2004-08-04,2004-11-10,
SC,2002-02-01,2002,2,101.08519132893201,,,,81.1897249817541,88.546757670493193,FALSE,TRUE,FALSE,pre,TRUE,2004-08-04,2004-11-10,
SC,2002-03-01,2002,3,100.60134612059467,,,,66.7387745437961,72.3601797966283,FALSE,TRUE,FALSE,pre,TRUE,2004-08-04,2004-11-10,
SC,2002-04-01,2002,4,101.90348545691897,,,,73.8610167448834,80.9370279243486,FALSE,TRUE,FALSE,pre,TRUE,2004-08-04,2004-11-10,
SC,2002-05-01,2002,5,101.23987335355326,,,,73.6640293410686,80.0378811772685,FALSE,TRUE,FALSE,pre,TRUE,2004-08-04,2004-11-10,
SC,2002-06-01,2002,6,102.19828588089256,,,,70.6311530322445,76.7251564147548,FALSE,TRUE,FALSE,pre,TRUE,2004-08-04,2004-11-10,
SC,2002-07-01,2002,7,103.27044002966576,,,,74.2447063464741,81.0035308046107,FALSE,TRUE,FALSE,pre,TRUE,2004-08-04,2004-11-10,
SC,2002-08-01,2002,8,104.71699640668193,,,,76.903397560831,83.1934422539201,FALSE,TRUE,FALSE,pre,TRUE,2004-08-04,2004-11-10,
SC,2002-09-01,2002,9,103.46224541015437,,,,73.5319990425465,80.6648252485129,FALSE,TRUE,FALSE,pre,TRUE,2004-08-04,2004-11-10,
SC,2002-10-01,2002,10,102.0008412166048,,,,73.5166439869271,80.6328722601524,FALSE,TRUE,FALSE,pre,TRUE,2004-08-04,2004-11-10,
SC,2002-11-01,2002,11,100.83636750896609,,,,73.4180534567593,80.1041202333754,FALSE,TRUE,FALSE,pre,TRUE,2004-08-04,2004-11-10,
SC,2002-12-01,2002,12,98.62238818199899,,,,76.0442699655811,82.8180827727126,FALSE,TRUE,FALSE,pre,TRUE,2004-08-04,2004-11-10,
SC,2003-01-01,2003,1,98.01443096687068,,,,72.3097825888922,78.5414673824289,FALSE,TRUE,FALSE,pre,TRUE,2004-08-04,2004-11-10,
SC,2003-02-01,2003,2,99.58452023395229,,,,77.753257253694,84.2993970519051,FALSE,TRUE,FALSE,pre,TRUE,2004-08-04,2004-11-10,
SC,2003-03-01,2003,3,98.5185763943078,,,,76.0759792132778,81.3875756170121,FALSE,TRUE,FALSE,pre,TRUE,2004-08-04,2004-11-10,
SC,2003-04-01,2003,4,99.56246042837368,,,,74.1578483847522,80.2500019406368,FALSE,TRUE,FALSE,pre,TRUE,2004-08-04,2004-11-10,
SC,2003-05-01,2003,5,99.04696855839629,,,,73.7613294576925,79.568863591949,FALSE,TRUE,FALSE,pre,TRUE,2004-08-04,2004-11-10,
SC,2003-06-01,2003,6,101.55299331633061,,,,75.9651224928722,82.2029358974171,FALSE,TRUE,FALSE,pre,TRUE,2004-08-04,2004-11-10,
SC,2003-07-01,2003,7,102.42236741961258,,,,72.9194542197604,78.9821570410328,FALSE,TRUE,FALSE,pre,TRUE,2004-08-04,2004-11-10,
SC,2003-08-01,2003,8,103.17325102386665,,,,77.0986225437478,82.8858212724417,FALSE,TRUE,FALSE,pre,TRUE,2004-08-04,2004-11-10,
SC,2003-09-01,2003,9,104.21541278125696,,,,81.2911851726781,88.4668039971292,FALSE,TRUE,FALSE,pre,TRUE,2004-08-04,2004-11-10,
SC,2003-10-01,2003,10,104.88716151204915,,,,78.4060810345323,83.8345747253549,FALSE,TRUE,FALSE,pre,TRUE,2004-08-04,2004-11-10,
SC,2003-11-01,2003,11,107.55003351961068,,,,65.1957216398621,72.4836055040995,FALSE,TRUE,FALSE,pre,TRUE,2004-08-04,2004-11-10,
SC,2003-12-01,2003,12,107.30170345521226,,,,88.4152957223144,95.4938846157979,FALSE,TRUE,FALSE,pre,TRUE,2004-08-04,2004-11-10,
SC,2004-01-01,2004,1,109.04937146562388,,,,74.5580644303974,80.7976795322787,FALSE,TRUE,FALSE,pre,TRUE,2004-08-04,2004-11-10,
SC,2004-02-01,2004,2,107.22055353440697,,,,72.9318591992193,79.5600125717288,FALSE,TRUE,FALSE,pre,TRUE,2004-08-04,2004-11-10,
SC,2004-03-01,2004,3,112.74327414890195,,,,77.5613070240137,84.289765817502,FALSE,TRUE,FALSE,pre,TRUE,2004-08-04,2004-11-10,
SC,2004-04-01,2004,4,111.37999437922187,,,,78.6381890773501,85.2881459173737,FALSE,TRUE,FALSE,pre,TRUE,2004-08-04,2004-11-10,
SC,2004-05-01,2004,5,113.70158777461386,,,,78.2367913584865,84.3344023139617,FALSE,TRUE,FALSE,pre,TRUE,2004-08-04,2004-11-10,
SC,2004-06-01,2004,6,114.21543203468636,,,,77.1777279732979,83.8272924287627,FALSE,TRUE,FALSE,pre,TRUE,2004-08-04,2004-11-10,
SC,2004-07-01,2004,7,114.42644131338197,,,,78.0750845584854,83.9143181524514,FALSE,TRUE,FALSE,pre,TRUE,2004-08-04,2004-11-10,
SC,2004-08-01,2004,8,115.53710676218019,,,,78.1428703211677,84.7262685548782,FALSE,TRUE,FALSE,pre,TRUE,2004-08-04,2004-11-10,
SC,2004-09-01,2004,9,116.41409583272862,,,,77.727983943163,84.5910215031312,FALSE,TRUE,FALSE,pre,TRUE,2004-08-04,2004-11-10,
SC,2004-10-01,2004,10,117.27465778221868,,,,76.9530564562748,82.9878601263468,FALSE,TRUE,FALSE,pre,TRUE,2004-08-04,2004-11-10,
SC,2004-11-01,2004,11,117.23210065359743,,,,82.5325518181614,89.7321505953924,FALSE,TRUE,FALSE,post,FALSE,2004-08-04,2004-11-10,
SC,2004-12-01,2004,12,122.05640650746714,,,,81.2461110703883,88.6403973084275,FALSE,TRUE,FALSE,post,FALSE,2004-08-04,2004-11-10,
SC,2005-01-01,2005,1,120.27827206629206,,,,82.9042157289929,89.934596875077,FALSE,TRUE,FALSE,post,FALSE,2004-08-04,2004-11-10,
SC,2005-02-01,2005,2,117.3810151972708,,,,80.3822043140843,88.7873100283067,FALSE,TRUE,FALSE,post,FALSE,2004-08-04,2004-11-10,
SC,2005-03-01,2005,3,116.64151155101342,,,,78.528933565984,86.0060469754997,FALSE,TRUE,FALSE,post,FALSE,2004-08-04,2004-11-10,
SC,2005-04-01,2005,4,117.31240424443133,,,,79.8811974039443,87.5470159800503,FALSE,TRUE,FALSE,post,FALSE,2004-08-04,2004-11-10,
SC,2005-05-01,2005,5,119.4210817567394,,,,83.5365727765133,91.6766531230525,FALSE,TRUE,FALSE,post,FALSE,2004-08-04,2004-11-10,
SC,2005-06-01,2005,6,126.17264778920362,,,,80.121380818236,88.6126803922527,FALSE,TRUE,FALSE,post,FALSE,2004-08-04,2004-11-10,
SC,2005-07-01,2005,7,121.29878944255424,,,,75.6500969532947,82.8638425161441,FALSE,TRUE,FALSE,post,FALSE,2004-08-04,2004-11-10,
SC,2005-08-01,2005,8,118.4259084037596,,,,80.0082052507028,87.9970270212421,FALSE,TRUE,FALSE,post,FALSE,2004-08-04,2004-11-10,
SC,2005-09-01,2005,9,119.23863644486586,,,,80.7796762796444,89.4837338952031,FALSE,TRUE,FALSE,post,FALSE,2004-08-04,2004-11-10,
SC,2005-10-01,2005,10,121.4390333483285,,,,80.394046190846,88.4205203106017,FALSE,TRUE,FALSE,post,FALSE,2004-08-04,2004-11-10,
SC,2005-11-01,2005,11,119.6165181539717,,,,74.9587225788233,83.4717981064916,FALSE,TRUE,FALSE,post,FALSE,2004-08-04,2004-11-10,
SC,2005-12-01,2005,12,118.28228565378328,,,,76.8279547072412,86.4137728751233,FALSE,TRUE,FALSE,post,FALSE,2004-08-04,2004-11-10,
SC,2006-01-01,2006,1,117.27366074596794,,,,84.3986446866511,93.0033300273237,FALSE,TRUE,FALSE,post,FALSE,2004-08-04,2004-11-10,
SC,2006-02-01,2006,2,121.71128399657734,,,,76.4853129189482,85.8937701605652,FALSE,TRUE,FALSE,post,FALSE,2004-08-04,2004-11-10,
SC,2006-03-01,2006,3,123.46909151919647,,,,79.6175297619578,89.1292675466561,FALSE,TRUE,FALSE,post,FALSE,2004-08-04,2004-11-10,
SC,2006-04-01,2006,4,125.13515973529533,,,,77.4980064635287,85.5202461263237,FALSE,TRUE,FALSE,post,FALSE,2004-08-04,2004-11-10,
SC,2006-05-01,2006,5,124.33116353374758,,,,78.9349317216043,88.2654962848137,FALSE,TRUE,FALSE,post,FALSE,2004-08-04,2004-11-10,
SC,2006-06-01,2006,6,124.26602568293148,,,,79.7603478987773,88.7684351124163,FALSE,TRUE,FALSE,post,FALSE,2004-08-04,2004-11-10,
SC,2006-07-01,2006,7,123.8615892235308,,,,81.2205193269431,89.9602404044776,FALSE,TRUE,FALSE,post,FALSE,2004-08-04,2004-11-10,
SC,2006-08-01,2006,8,127.18020484744187,,,,80.060936149226393,88.7515475384967,FALSE,TRUE,FALSE,post,FALSE,2004-08-04,2004-11-10,
SC,2006-09-01,2006,9,128.7430980774088,,,,79.4762952036789,88.5285679460542,FALSE,TRUE,FALSE,post,FALSE,2004-08-04,2004-11-10,
SC,2006-10-01,2006,10,129.23359335703825,,,,78.7646139557993,88.9292484104845,FALSE,TRUE,FALSE,post,FALSE,2004-08-04,2004-11-10,
SE,2001-11-01,2001,11,100,,,,33.3924442162977,34.6935400393701,FALSE,TRUE,FALSE,pre,TRUE,2004-08-04,2004-11-10,
SE,2001-12-01,2001,12,94.35859744486017,,,,34.422125143074,36.3090353488105,FALSE,TRUE,FALSE,pre,TRUE,2004-08-04,2004-11-10,
SE,2002-01-01,2002,1,103.3947133470438,,,,39.0106132708318,40.7821013856215,FALSE,TRUE,FALSE,pre,TRUE,2004-08-04,2004-11-10,
SE,2002-02-01,2002,2,103.75430028181505,,,,38.7328042849467,40.4465717304623,FALSE,TRUE,FALSE,pre,TRUE,2004-08-04,2004-11-10,
SE,2002-03-01,2002,3,105.84507337939934,,,,34.9391066020269,36.5017164974287,FALSE,TRUE,FALSE,pre,TRUE,2004-08-04,2004-11-10,
SE,2002-04-01,2002,4,105.66539121077628,,,,38.0777078130636,39.5450906810808,FALSE,TRUE,FALSE,pre,TRUE,2004-08-04,2004-11-10,
SE,2002-05-01,2002,5,105.67702364490967,,,,39.3444468276137,40.6521123196533,FALSE,TRUE,FALSE,pre,TRUE,2004-08-04,2004-11-10,
SE,2002-06-01,2002,6,104.729888806285,,,,38.6901232441266,39.5322933013447,FALSE,TRUE,FALSE,pre,TRUE,2004-08-04,2004-11-10,
SE,2002-07-01,2002,7,106.95499808316589,,,,35.6683887247682,37.5198701718864,FALSE,TRUE,FALSE,pre,TRUE,2004-08-04,2004-11-10,
SE,2002-08-01,2002,8,106.47565067679295,,,,43.5191663442479,45.424031067831,FALSE,TRUE,FALSE,pre,TRUE,2004-08-04,2004-11-10,
SE,2002-09-01,2002,9,106.66714876524851,,,,39.3767698583906,40.606231433363,FALSE,TRUE,FALSE,pre,TRUE,2004-08-04,2004-11-10,
SE,2002-10-01,2002,10,105.45990722668476,,,,41.2345018675866,42.1761903180849,FALSE,TRUE,FALSE,pre,TRUE,2004-08-04,2004-11-10,
SE,2002-11-01,2002,11,99.95342088857066,,,,39.1584609818455,40.5956693341626,FALSE,TRUE,FALSE,pre,TRUE,2004-08-04,2004-11-10,
SE,2002-12-01,2002,12,100.288006318931,,,,40.1206963767855,41.3463204015146,FALSE,TRUE,FALSE,pre,TRUE,2004-08-04,2004-11-10,
SE,2003-01-01,2003,1,100.184101212094,,,,36.2495320891024,37.5092328916949,FALSE,TRUE,FALSE,pre,TRUE,2004-08-04,2004-11-10,
SE,2003-02-01,2003,2,105.04145878852927,,,,37.4008152235802,38.6533347554824,FALSE,TRUE,FALSE,pre,TRUE,2004-08-04,2004-11-10,
SE,2003-03-01,2003,3,95.24644043344315,,,,38.0345752060861,39.3807003425091,FALSE,TRUE,FALSE,pre,TRUE,2004-08-04,2004-11-10,
SE,2003-04-01,2003,4,99.13642452382454,,,,36.7859308742048,38.8189365675276,FALSE,TRUE,FALSE,pre,TRUE,2004-08-04,2004-11-10,
SE,2003-05-01,2003,5,91.6894912695062,,,,36.4245020074409,38.225529124962,FALSE,TRUE,FALSE,pre,TRUE,2004-08-04,2004-11-10,
SE,2003-06-01,2003,6,97.74751195639611,,,,35.7211922831223,37.3394776521834,FALSE,TRUE,FALSE,pre,TRUE,2004-08-04,2004-11-10,
SE,2003-07-01,2003,7,101.76114883834795,,,,36.2102723407668,38.5736797873862,FALSE,TRUE,FALSE,pre,TRUE,2004-08-04,2004-11-10,
SE,2003-08-01,2003,8,100.32691334788778,,,,36.1826877008884,38.1273788588778,FALSE,TRUE,FALSE,pre,TRUE,2004-08-04,2004-11-10,
SE,2003-09-01,2003,9,99.92701190530688,,,,36.9857488635451,39.164446317021,FALSE,TRUE,FALSE,pre,TRUE,2004-08-04,2004-11-10,
SE,2003-10-01,2003,10,100.2796838399588,,,,38.9277980287923,41.4957125938432,FALSE,TRUE,FALSE,pre,TRUE,2004-08-04,2004-11-10,
SE,2003-11-01,2003,11,105.85143939445295,,,,40.5543902822048,43.4881428668721,FALSE,TRUE,FALSE,pre,TRUE,2004-08-04,2004-11-10,
SE,2003-12-01,2003,12,99.99110358163716,,,,35.8700238770246,37.6390115748924,FALSE,TRUE,FALSE,pre,TRUE,2004-08-04,2004-11-10,
SE,2004-01-01,2004,1,100.3583919193424,,,,34.1848470818409,36.4617349619182,FALSE,TRUE,FALSE,pre,TRUE,2004-08-04,2004-11-10,
SE,2004-02-01,2004,2,104.8192289828278,,,,35.6811501116296,38.0678138033644,FALSE,TRUE,FALSE,pre,TRUE,2004-08-04,2004-11-10,
SE,2004-03-01,2004,3,105.67111717448444,,,,41.7914243161914,44.1102595681828,FALSE,TRUE,FALSE,pre,TRUE,2004-08-04,2004-11-10,
SE,2004-04-01,2004,4,105.1743122608754,,,,37.9490793419697,40.32048819141,FALSE,TRUE,FALSE,pre,TRUE,2004-08-04,2004-11-10,
SE,2004-05-01,2004,5,106.02159243436083,,,,39.3747414758658,41.843189468976,FALSE,TRUE,FALSE,pre,TRUE,2004-08-04,2004-11-10,
SE,2004-06-01,2004,6,108.28490942575716,,,,40.0267858298161,43.0493839420976,FALSE,TRUE,FALSE,pre,TRUE,2004-08-04,2004-11-10,
SE,2004-07-01,2004,7,106.70662516334667,,,,39.3887309637109,42.2901729506777,FALSE,TRUE,FALSE,pre,TRUE,2004-08-04,2004-11-10,
SE,2004-08-01,2004,8,107.91524474897244,,,,38.475979909601,41.470306220459,FALSE,TRUE,FALSE,pre,TRUE,2004-08-04,2004-11-10,
SE,2004-09-01,2004,9,106.3228475070357,,,,41.52427796725,44.0981473490251,FALSE,TRUE,FALSE,pre,TRUE,2004-08-04,2004-11-10,
SE,2004-10-01,2004,10,105.04181998181745,,,,37.4907955534741,40.2648212257083,FALSE,TRUE,FALSE,pre,TRUE,2004-08-04,2004-11-10,
SE,2004-11-01,2004,11,104.7954090468388,,,,37.0187577828835,39.6904945008504,FALSE,TRUE,FALSE,post,FALSE,2004-08-04,2004-11-10,
SE,2004-12-01,2004,12,103.83424445171566,,,,39.1451979463291,42.0785728294812,FALSE,TRUE,FALSE,post,FALSE,2004-08-04,2004-11-10,
SE,2005-01-01,2005,1,105.22372132303784,,,,41.694226945802,44.440016886582,FALSE,TRUE,FALSE,post,FALSE,2004-08-04,2004-11-10,
SE,2005-02-01,2005,2,130.1156000839051,,,,38.8056745477025,41.6016152499434,FALSE,TRUE,FALSE,post,FALSE,2004-08-04,2004-11-10,
SE,2005-03-01,2005,3,128.12649714592365,,,,36.1183134322673,38.8470827539992,FALSE,TRUE,FALSE,post,FALSE,2004-08-04,2004-11-10,
SE,2005-04-01,2005,4,132.26158651543918,,,,42.2295338155756,45.090408080049,FALSE,TRUE,FALSE,post,FALSE,2004-08-04,2004-11-10,
SE,2005-05-01,2005,5,135.07560869863727,,,,38.3765953511243,41.4567331346858,FALSE,TRUE,FALSE,post,FALSE,2004-08-04,2004-11-10,
SE,2005-06-01,2005,6,137.29414314651123,,,,39.1602587599204,42.192573437798,FALSE,TRUE,FALSE,post,FALSE,2004-08-04,2004-11-10,
SE,2005-07-01,2005,7,134.43658403758252,,,,54.0823636796112,57.7171669629987,FALSE,TRUE,FALSE,post,FALSE,2004-08-04,2004-11-10,
SE,2005-08-01,2005,8,136.22033809735504,,,,41.8969056996684,44.8793229319368,FALSE,TRUE,FALSE,post,FALSE,2004-08-04,2004-11-10,
SE,2005-09-01,2005,9,136.45270621299034,,,,38.5289511174193,41.6755387773537,FALSE,TRUE,FALSE,post,FALSE,2004-08-04,2004-11-10,
SE,2005-10-01,2005,10,151.8377753976302,,,,39.0346545948678,41.8352571535604,FALSE,TRUE,FALSE,post,FALSE,2004-08-04,2004-11-10,
SE,2005-11-01,2005,11,144.74165666590076,,,,40.4682728840639,43.4186347321948,FALSE,TRUE,FALSE,post,FALSE,2004-08-04,2004-11-10,
SE,2005-12-01,2005,12,154.41254344420034,,,,42.2092995018085,46.0601336397861,FALSE,TRUE,FALSE,post,FALSE,2004-08-04,2004-11-10,
SE,2006-01-01,2006,1,148.64365713434717,,,,42.7152229520655,45.8264383464248,FALSE,TRUE,FALSE,post,FALSE,2004-08-04,2004-11-10,
SE,2006-02-01,2006,2,129.91827156394098,,,,41.4573968657544,44.1348242238942,FALSE,TRUE,FALSE,post,FALSE,2004-08-04,2004-11-10,
SE,2006-03-01,2006,3,134.40600938446255,,,,40.9635954702224,43.9354045093996,FALSE,TRUE,FALSE,post,FALSE,2004-08-04,2004-11-10,
SE,2006-04-01,2006,4,132.02414836375024,,,,42.3345429237129,45.3404078760271,FALSE,TRUE,FALSE,post,FALSE,2004-08-04,2004-11-10,
SE,2006-05-01,2006,5,138.29239699820596,,,,43.1625987450521,46.3938062450657,FALSE,TRUE,FALSE,post,FALSE,2004-08-04,2004-11-10,
SE,2006-06-01,2006,6,137.5125433015366,,,,43.8783502355423,46.9235461593096,FALSE,TRUE,FALSE,post,FALSE,2004-08-04,2004-11-10,
SE,2006-07-01,2006,7,142.62439168925283,,,,38.2828427930027,41.6447520371377,FALSE,TRUE,FALSE,post,FALSE,2004-08-04,2004-11-10,
SE,2006-08-01,2006,8,147.12387256697917,,,,42.218119169441,45.4126431312451,FALSE,TRUE,FALSE,post,FALSE,2004-08-04,2004-11-10,
SE,2006-09-01,2006,9,149.78892313820495,,,,43.3574488744433,46.2044178103868,FALSE,TRUE,FALSE,post,FALSE,2004-08-04,2004-11-10,
SE,2006-10-01,2006,10,149.73802590549525,,,,65.5146201193746,68.6293032397677,FALSE,TRUE,FALSE,post,FALSE,2004-08-04,2004-11-10,
SP,2001-11-01,2001,11,100.00000000000001,,,,90.7749534510061,102.883648227748,FALSE,TRUE,FALSE,pre,TRUE,2004-08-04,2004-11-10,
SP,2001-12-01,2001,12,99.80346167826426,,,,97.2086184426771,109.275267658611,FALSE,TRUE,FALSE,pre,TRUE,2004-08-04,2004-11-10,
SP,2002-01-01,2002,1,100.6592089526575,,,,98.8405866875386,114.478418729331,FALSE,TRUE,FALSE,pre,TRUE,2004-08-04,2004-11-10,
SP,2002-02-01,2002,2,100.89952732248001,,,,95.5525514833757,106.142574534668,FALSE,TRUE,FALSE,pre,TRUE,2004-08-04,2004-11-10,
SP,2002-03-01,2002,3,100.04786948312687,,,,96.4860923559418,112.344134516379,FALSE,TRUE,FALSE,pre,TRUE,2004-08-04,2004-11-10,
SP,2002-04-01,2002,4,103.04681242026493,,,,101.937962987092,115.080284047988,FALSE,TRUE,FALSE,pre,TRUE,2004-08-04,2004-11-10,
SP,2002-05-01,2002,5,101.4615410101303,,,,98.7297745691928,111.81192435729,FALSE,TRUE,FALSE,pre,TRUE,2004-08-04,2004-11-10,
SP,2002-06-01,2002,6,100.52355073042436,,,,102.778305451556,116.156759405133,FALSE,TRUE,FALSE,pre,TRUE,2004-08-04,2004-11-10,
SP,2002-07-01,2002,7,100.86737333639745,,,,100.070359473611,112.265608631579,FALSE,TRUE,FALSE,pre,TRUE,2004-08-04,2004-11-10,
SP,2002-08-01,2002,8,100.28445563698386,,,,99.9098296130837,113.50481947665,FALSE,TRUE,FALSE,pre,TRUE,2004-08-04,2004-11-10,
SP,2002-09-01,2002,9,99.55715759733236,,,,104.117973892095,117.50282340211,FALSE,TRUE,FALSE,pre,TRUE,2004-08-04,2004-11-10,
SP,2002-10-01,2002,10,101.94288539274028,,,,120.741701163433,134.478957998477,FALSE,TRUE,FALSE,pre,TRUE,2004-08-04,2004-11-10,
SP,2002-11-01,2002,11,98.13717626064377,,,,106.010364470025,119.031360497596,FALSE,TRUE,FALSE,pre,TRUE,2004-08-04,2004-11-10,
SP,2002-12-01,2002,12,91.80631666488692,,,,97.5630677169103,111.099339925449,FALSE,TRUE,FALSE,pre,TRUE,2004-08-04,2004-11-10,
SP,2003-01-01,2003,1,96.65810074081732,,,,96.1656124544632,107.330080822025,FALSE,TRUE,FALSE,pre,TRUE,2004-08-04,2004-11-10,
SP,2003-02-01,2003,2,99.86274460698192,,,,98.625760560372,112.238396571597,FALSE,TRUE,FALSE,pre,TRUE,2004-08-04,2004-11-10,
SP,2003-03-01,2003,3,95.4949159385667,,,,98.640760875757607,109.103251314002,FALSE,TRUE,FALSE,pre,TRUE,2004-08-04,2004-11-10,
SP,2003-04-01,2003,4,94.82051588812709,,,,92.7634550775617,105.405292666943,FALSE,TRUE,FALSE,pre,TRUE,2004-08-04,2004-11-10,
SP,2003-05-01,2003,5,94.01721035573263,,,,91.8163371341926,104.773209439524,FALSE,TRUE,FALSE,pre,TRUE,2004-08-04,2004-11-10,
SP,2003-06-01,2003,6,95.56247842096802,,,,90.7978912348536,103.876884055745,FALSE,TRUE,FALSE,pre,TRUE,2004-08-04,2004-11-10,
SP,2003-07-01,2003,7,95.90080336868483,,,,91.2895020659594,105.19014162163,FALSE,TRUE,FALSE,pre,TRUE,2004-08-04,2004-11-10,
SP,2003-08-01,2003,8,96.77811032363675,,,,93.0241585236271,106.95419828308,FALSE,TRUE,FALSE,pre,TRUE,2004-08-04,2004-11-10,
SP,2003-09-01,2003,9,96.61850418317927,,,,91.2064374196417,105.859143080121,FALSE,TRUE,FALSE,pre,TRUE,2004-08-04,2004-11-10,
SP,2003-10-01,2003,10,98.02041052479659,,,,89.0949311192768,103.834740030664,FALSE,TRUE,FALSE,pre,TRUE,2004-08-04,2004-11-10,
SP,2003-11-01,2003,11,99.1193948639562,,,,94.0745280346457,108.842832684408,FALSE,TRUE,FALSE,pre,TRUE,2004-08-04,2004-11-10,
SP,2003-12-01,2003,12,93.5216340303398,,,,109.253582221285,123.80502285415,FALSE,TRUE,FALSE,pre,TRUE,2004-08-04,2004-11-10,
SP,2004-01-01,2004,1,99.97343994789378,,,,94.1636297715981,105.765244230544,FALSE,TRUE,FALSE,pre,TRUE,2004-08-04,2004-11-10,
SP,2004-02-01,2004,2,102.37438355414884,,,,97.4710923923377,109.195389487069,FALSE,TRUE,FALSE,pre,TRUE,2004-08-04,2004-11-10,
SP,2004-03-01,2004,3,103.66319247170698,,,,95.9930295113124,107.781508878947,FALSE,TRUE,FALSE,pre,TRUE,2004-08-04,2004-11-10,
SP,2004-04-01,2004,4,103.29073129036502,,,,97.1958063645244,111.006227997829,FALSE,TRUE,FALSE,pre,TRUE,2004-08-04,2004-11-10,
SP,2004-05-01,2004,5,105.19392377303744,,,,101.448167876099,115.800059492079,FALSE,TRUE,FALSE,pre,TRUE,2004-08-04,2004-11-10,
SP,2004-06-01,2004,6,106.96940747413191,,,,100.596356354026,114.718606126816,FALSE,TRUE,FALSE,pre,TRUE,2004-08-04,2004-11-10,
SP,2004-07-01,2004,7,104.96009374513267,,,,98.9722352701049,113.034746271494,FALSE,TRUE,FALSE,pre,TRUE,2004-08-04,2004-11-10,
SP,2004-08-01,2004,8,104.17081447726004,,,,102.644405897243,116.606959450139,FALSE,TRUE,FALSE,pre,TRUE,2004-08-04,2004-11-10,
SP,2004-09-01,2004,9,105.5226322944101,,,,100.821577607627,114.181844938738,FALSE,TRUE,FALSE,pre,TRUE,2004-08-04,2004-11-10,
SP,2004-10-01,2004,10,105.32056370601379,,,,98.7022571324629,113.404025445549,FALSE,TRUE,FALSE,pre,TRUE,2004-08-04,2004-11-10,
SP,2004-11-01,2004,11,105.58712236357754,,,,98.7480656456707,113.514778815223,FALSE,TRUE,FALSE,post,FALSE,2004-08-04,2004-11-10,
SP,2004-12-01,2004,12,105.74897706788217,,,,97.3659507699737,112.463128965351,FALSE,TRUE,FALSE,post,FALSE,2004-08-04,2004-11-10,
SP,2005-01-01,2005,1,106.06780141306797,,,,103.816122070107,116.627271802322,FALSE,TRUE,FALSE,post,FALSE,2004-08-04,2004-11-10,
SP,2005-02-01,2005,2,104.6260484587703,,,,99.5393221424857,114.159323522316,FALSE,TRUE,FALSE,post,FALSE,2004-08-04,2004-11-10,
SP,2005-03-01,2005,3,103.97476912716954,,,,101.8638084453,113.928713686304,FALSE,TRUE,FALSE,post,FALSE,2004-08-04,2004-11-10,
SP,2005-04-01,2005,4,106.72498476577768,,,,102.779572623892,117.386844968466,FALSE,TRUE,FALSE,post,FALSE,2004-08-04,2004-11-10,
SP,2005-05-01,2005,5,106.21555642330615,,,,100.447242707613,114.938997025896,FALSE,TRUE,FALSE,post,FALSE,2004-08-04,2004-11-10,
SP,2005-06-01,2005,6,108.1852199203617,,,,100.126777922655,115.224000247006,FALSE,TRUE,FALSE,post,FALSE,2004-08-04,2004-11-10,
SP,2005-07-01,2005,7,109.24349784772343,,,,102.904246538278,118.046931731289,FALSE,TRUE,FALSE,post,FALSE,2004-08-04,2004-11-10,
SP,2005-08-01,2005,8,109.42893716727315,,,,100.024862106798,115.378599751408,FALSE,TRUE,FALSE,post,FALSE,2004-08-04,2004-11-10,
SP,2005-09-01,2005,9,105.7775703186973,,,,100.521615067398,116.157049744466,FALSE,TRUE,FALSE,post,FALSE,2004-08-04,2004-11-10,
SP,2005-10-01,2005,10,108.58082907362856,,,,98.1692228536047,113.536739176454,FALSE,TRUE,FALSE,post,FALSE,2004-08-04,2004-11-10,
SP,2005-11-01,2005,11,109.40368785914845,,,,97.8261898854716,113.156155217741,FALSE,TRUE,FALSE,post,FALSE,2004-08-04,2004-11-10,
SP,2005-12-01,2005,12,107.71632963220077,,,,101.88564281973,117.669066407951,FALSE,TRUE,FALSE,post,FALSE,2004-08-04,2004-11-10,
SP,2006-01-01,2006,1,114.4740368719043,,,,102.63324419922,118.976919438258,FALSE,TRUE,FALSE,post,FALSE,2004-08-04,2004-11-10,
SP,2006-02-01,2006,2,111.27672227711365,,,,88.78731373114,104.232300100808,FALSE,TRUE,FALSE,post,FALSE,2004-08-04,2004-11-10,
SP,2006-03-01,2006,3,111.88371043759065,,,,114.826691213042,127.730291558646,FALSE,TRUE,FALSE,post,FALSE,2004-08-04,2004-11-10,
SP,2006-04-01,2006,4,110.03248948591667,,,,106.438386354997,121.600127844142,FALSE,TRUE,FALSE,post,FALSE,2004-08-04,2004-11-10,
SP,2006-05-01,2006,5,111.17170383383159,,,,104.328673951904,120.532343281,FALSE,TRUE,FALSE,post,FALSE,2004-08-04,2004-11-10,
SP,2006-06-01,2006,6,111.16327004920515,,,,103.784521611535,119.256450109076,FALSE,TRUE,FALSE,post,FALSE,2004-08-04,2004-11-10,
SP,2006-07-01,2006,7,112.54541174850664,,,,104.11790563416,120.64104225453,FALSE,TRUE,FALSE,post,FALSE,2004-08-04,2004-11-10,
SP,2006-08-01,2006,8,114.13088790083275,,,,102.625728535554,119.739610941029,FALSE,TRUE,FALSE,post,FALSE,2004-08-04,2004-11-10,
SP,2006-09-01,2006,9,115.15985395066878,,,,105.25005987668,122.804120067177,FALSE,TRUE,FALSE,post,FALSE,2004-08-04,2004-11-10,
SP,2006-10-01,2006,10,116.97195765545518,,,,114.437469958621,131.848904175667,FALSE,TRUE,FALSE,post,FALSE,2004-08-04,2004-11-10,
TO,2001-11-01,2001,11,100.00000000000001,,,,33.6187515610572,35.5584582145452,FALSE,TRUE,FALSE,pre,TRUE,2004-08-04,2004-11-10,
TO,2001-12-01,2001,12,103.08833652372535,,,,32.5692503210891,33.2953524543659,FALSE,TRUE,FALSE,pre,TRUE,2004-08-04,2004-11-10,
TO,2002-01-01,2002,1,104.81047312125622,,,,34.4370652351688,36.9280490455993,FALSE,TRUE,FALSE,pre,TRUE,2004-08-04,2004-11-10,
TO,2002-02-01,2002,2,110.10870070997224,,,,37.9788576742521,39.352580119032,FALSE,TRUE,FALSE,pre,TRUE,2004-08-04,2004-11-10,
TO,2002-03-01,2002,3,105.10340805354858,,,,32.8438834907973,36.7496202853343,FALSE,TRUE,FALSE,pre,TRUE,2004-08-04,2004-11-10,
TO,2002-04-01,2002,4,104.98042570539853,,,,36.6898522294215,39.2169598934225,FALSE,TRUE,FALSE,pre,TRUE,2004-08-04,2004-11-10,
TO,2002-05-01,2002,5,111.51187461854998,,,,35.8317261809186,37.7997480184913,FALSE,TRUE,FALSE,pre,TRUE,2004-08-04,2004-11-10,
TO,2002-06-01,2002,6,114.3528202985836,,,,36.2032804844418,38.0314127963142,FALSE,TRUE,FALSE,pre,TRUE,2004-08-04,2004-11-10,
TO,2002-07-01,2002,7,105.39908176930054,,,,36.2911339915718,38.3716950973481,FALSE,TRUE,FALSE,pre,TRUE,2004-08-04,2004-11-10,
TO,2002-08-01,2002,8,108.0284433531243,,,,34.9975422411172,37.141868239537,FALSE,TRUE,FALSE,pre,TRUE,2004-08-04,2004-11-10,
TO,2002-09-01,2002,9,113.94683552359234,,,,37.08107187438,38.6726644528821,FALSE,TRUE,FALSE,pre,TRUE,2004-08-04,2004-11-10,
TO,2002-10-01,2002,10,116.58604204287522,,,,36.1948940585547,38.9070684125423,FALSE,TRUE,FALSE,pre,TRUE,2004-08-04,2004-11-10,
TO,2002-11-01,2002,11,108.21376571363311,,,,36.9482763912491,39.0572708185204,FALSE,TRUE,FALSE,pre,TRUE,2004-08-04,2004-11-10,
TO,2002-12-01,2002,12,97.18160207856376,,,,36.1436811349404,37.3736473446538,FALSE,TRUE,FALSE,pre,TRUE,2004-08-04,2004-11-10,
TO,2003-01-01,2003,1,95.71256825300723,,,,38.8897911641558,40.8087662363706,FALSE,TRUE,FALSE,pre,TRUE,2004-08-04,2004-11-10,
TO,2003-02-01,2003,2,112.74808478374258,,,,38.7080703230088,40.4161588967425,FALSE,TRUE,FALSE,pre,TRUE,2004-08-04,2004-11-10,
TO,2003-03-01,2003,3,98.53892385979401,,,,44.9525852231929,46.7468186011674,FALSE,TRUE,FALSE,pre,TRUE,2004-08-04,2004-11-10,
TO,2003-04-01,2003,4,114.39233180551156,,,,37.0371809121764,38.9803230112847,FALSE,TRUE,FALSE,pre,TRUE,2004-08-04,2004-11-10,
TO,2003-05-01,2003,5,79.37320648034743,,,,38.482537660093,40.7340195962623,FALSE,TRUE,FALSE,pre,TRUE,2004-08-04,2004-11-10,
TO,2003-06-01,2003,6,93.18918340999502,,,,40.022585164067,42.3586845595761,FALSE,TRUE,FALSE,pre,TRUE,2004-08-04,2004-11-10,
TO,2003-07-01,2003,7,103.38692352577726,,,,38.9567736050517,41.3336884118324,FALSE,TRUE,FALSE,pre,TRUE,2004-08-04,2004-11-10,
TO,2003-08-01,2003,8,104.60576254363983,,,,44.2392465441248,46.4895705636452,FALSE,TRUE,FALSE,pre,TRUE,2004-08-04,2004-11-10,
TO,2003-09-01,2003,9,96.42554532681072,,,,39.6915938021307,42.8059908339419,FALSE,TRUE,FALSE,pre,TRUE,2004-08-04,2004-11-10,
TO,2003-10-01,2003,10,96.70698495013582,,,,40.6800411150987,42.8055563669175,FALSE,TRUE,FALSE,pre,TRUE,2004-08-04,2004-11-10,
TO,2003-11-01,2003,11,107.9957765823564,,,,43.7854638597221,45.6049551590423,FALSE,TRUE,FALSE,pre,TRUE,2004-08-04,2004-11-10,
TO,2003-12-01,2003,12,107.39240086186776,,,,41.7895018690824,43.5536115997969,FALSE,TRUE,FALSE,pre,TRUE,2004-08-04,2004-11-10,
TO,2004-01-01,2004,1,112.96833156285444,,,,38.8115555551296,41.1997494190521,FALSE,TRUE,FALSE,pre,TRUE,2004-08-04,2004-11-10,
TO,2004-02-01,2004,2,108.53907217705608,,,,38.4326509676469,40.3819081095789,FALSE,TRUE,FALSE,pre,TRUE,2004-08-04,2004-11-10,
TO,2004-03-01,2004,3,108.07107562277956,,,,37.8075430311399,40.3189457649144,FALSE,TRUE,FALSE,pre,TRUE,2004-08-04,2004-11-10,
TO,2004-04-01,2004,4,106.73049201447661,,,,38.8778718464183,41.5927934009981,FALSE,TRUE,FALSE,pre,TRUE,2004-08-04,2004-11-10,
TO,2004-05-01,2004,5,103.62412855003049,,,,40.1095217505551,42.4096379704276,FALSE,TRUE,FALSE,pre,TRUE,2004-08-04,2004-11-10,
TO,2004-06-01,2004,6,106.11557415302732,,,,40.4026013867999,42.7918216968488,FALSE,TRUE,FALSE,pre,TRUE,2004-08-04,2004-11-10,
TO,2004-07-01,2004,7,104.32123368780778,,,,42.047046137837,44.3406215123942,FALSE,TRUE,FALSE,pre,TRUE,2004-08-04,2004-11-10,
TO,2004-08-01,2004,8,98.18236502107592,,,,42.0649127971498,44.0995827388109,FALSE,TRUE,FALSE,pre,TRUE,2004-08-04,2004-11-10,
TO,2004-09-01,2004,9,107.31881282468262,,,,40.6853963788886,42.8742175643408,FALSE,TRUE,FALSE,pre,TRUE,2004-08-04,2004-11-10,
TO,2004-10-01,2004,10,111.13027935423237,,,,43.1854554585886,45.2818744913775,FALSE,TRUE,FALSE,pre,TRUE,2004-08-04,2004-11-10,
TO,2004-11-01,2004,11,103.66342882803009,,,,39.9386657104189,42.3159524500752,FALSE,TRUE,FALSE,post,FALSE,2004-08-04,2004-11-10,
TO,2004-12-01,2004,12,104.06534760028852,,,,49.1930799437814,51.4266341782958,FALSE,TRUE,FALSE,post,FALSE,2004-08-04,2004-11-10,
TO,2005-01-01,2005,1,114.33123194308463,,,,44.0064289751142,46.3650748035709,FALSE,TRUE,FALSE,post,FALSE,2004-08-04,2004-11-10,
TO,2005-02-01,2005,2,142.486711483556,,,,43.4514197870267,45.964835233968,FALSE,TRUE,FALSE,post,FALSE,2004-08-04,2004-11-10,
TO,2005-03-01,2005,3,137.67224814514287,,,,42.2251857186094,44.6762716810279,FALSE,TRUE,FALSE,post,FALSE,2004-08-04,2004-11-10,
TO,2005-04-01,2005,4,134.12275544858232,,,,41.3895197525877,43.8305340308165,FALSE,TRUE,FALSE,post,FALSE,2004-08-04,2004-11-10,
TO,2005-05-01,2005,5,137.31055926269877,,,,41.733068497088,44.1921687836472,FALSE,TRUE,FALSE,post,FALSE,2004-08-04,2004-11-10,
TO,2005-06-01,2005,6,149.01638597557303,,,,40.7817333347808,43.3984737538967,FALSE,TRUE,FALSE,post,FALSE,2004-08-04,2004-11-10,
TO,2005-07-01,2005,7,147.86534732341576,,,,41.0851098443575,43.612257186461,FALSE,TRUE,FALSE,post,FALSE,2004-08-04,2004-11-10,
TO,2005-08-01,2005,8,146.9364066782597,,,,40.5533838927293,43.2366161243763,FALSE,TRUE,FALSE,post,FALSE,2004-08-04,2004-11-10,
TO,2005-09-01,2005,9,147.46667872440347,,,,40.9906230625456,43.6438203055563,FALSE,TRUE,FALSE,post,FALSE,2004-08-04,2004-11-10,
TO,2005-10-01,2005,10,152.33909287225688,,,,39.6670984096442,42.4028192625169,FALSE,TRUE,FALSE,post,FALSE,2004-08-04,2004-11-10,
TO,2005-11-01,2005,11,155.44330457473515,,,,39.3062044303426,42.0459500463228,FALSE,TRUE,FALSE,post,FALSE,2004-08-04,2004-11-10,
TO,2005-12-01,2005,12,156.8806922025743,,,,41.3975969952413,44.3426006706664,FALSE,TRUE,FALSE,post,FALSE,2004-08-04,2004-11-10,
TO,2006-01-01,2006,1,160.88019787621002,,,,41.0238991397129,43.4440846155471,FALSE,TRUE,FALSE,post,FALSE,2004-08-04,2004-11-10,
TO,2006-02-01,2006,2,161.27624135553683,,,,41.2162657402052,44.4766333060117,FALSE,TRUE,FALSE,post,FALSE,2004-08-04,2004-11-10,
TO,2006-03-01,2006,3,159.6401060850134,,,,42.5528237367878,45.492241765778,FALSE,TRUE,FALSE,post,FALSE,2004-08-04,2004-11-10,
TO,2006-04-01,2006,4,161.23678390694099,,,,40.7712338290968,43.4634335903267,FALSE,TRUE,FALSE,post,FALSE,2004-08-04,2004-11-10,
TO,2006-05-01,2006,5,172.74654240737445,,,,39.9707123672247,42.9301378504264,FALSE,TRUE,FALSE,post,FALSE,2004-08-04,2004-11-10,
TO,2006-06-01,2006,6,169.22513301266582,,,,40.5764945889892,43.3661433395792,FALSE,TRUE,FALSE,post,FALSE,2004-08-04,2004-11-10,
TO,2006-07-01,2006,7,168.82032680026853,,,,41.067333781125,44.1696311021519,FALSE,TRUE,FALSE,post,FALSE,2004-08-04,2004-11-10,
TO,2006-08-01,2006,8,178.5918694851581,,,,39.9601184738395,43.1964860897014,FALSE,TRUE,FALSE,post,FALSE,2004-08-04,2004-11-10,
TO,2006-09-01,2006,9,168.50750563763853,,,,44.7559043364284,48.1407481741069,FALSE,TRUE,FALSE,post,FALSE,2004-08-04,2004-11-10,
TO,2006-10-01,2006,10,177.71016198199877,,,,41.8438109427314,44.5978639171734,FALSE,TRUE,FALSE,post,FALSE,2004-08-04,2004-11-10,
