state_abbrev,period_date,year,month,retail,services,formal_hiring,construction,icms_confaz,tax_confaz,treated_unit,donor_pool_main,excluded_from_main_donor_pool,analysis_period,pre_instability_clean,instability_start_date,removal_date,donor_pool_exclusion_reason,event_time,icms_nominal,population,retail_ma6,retail_ma6_log,icms_pc,icms_sum6m_pc,icms_conf6m_pc_log
AC,2006-09-01,2006,9,44.6618603716769,,,,3.8626327059426706,4.07373850269903,FALSE,TRUE,FALSE,pre,TRUE,2009-06-25,2009-09-08,,-36,28302091,686652,,,41.21751775280637,,
AC,2006-10-01,2006,10,43.5777636430039,,,,4.25564126696966,4.29241696948242,FALSE,TRUE,FALSE,pre,TRUE,2009-06-25,2009-09-08,,-35,42065897,686652,,,61.262323564192634,,
AC,2006-11-01,2006,11,43.5500478906288,,,,3.939952508489595,4.16118413907801,FALSE,TRUE,FALSE,pre,TRUE,2009-06-25,2009-09-08,,-34,30773153,686652,,,44.81622859905745,,
AC,2006-12-01,2006,12,43.7711852388531,,,,3.9849181263714897,4.12456795659337,FALSE,TRUE,FALSE,pre,TRUE,2009-06-25,2009-09-08,,-33,32342945,686652,,,47.10238228389344,,
AC,2007-01-01,2007,1,45.8554750690781,,3.76379711401565,9.63635488804452,4.029239416869875,4.32677517720599,FALSE,TRUE,FALSE,pre,TRUE,2009-06-25,2009-09-08,,-32,32411206,655385,,,49.45368905299938,,
AC,2007-02-01,2007,2,42.5499643546523,,-2.1182325726788,-7.49619580441575,3.9098944442374566,4.21477454458165,FALSE,TRUE,FALSE,pre,TRUE,2009-06-25,2009-09-08,,-31,28891597,655385,43.99438276131552,3.7840619612528967,44.08339678204414,287.93553803499344,5.662736628815725
AC,2007-03-01,2007,3,41.8461016215218,,49.8771421961109,4.48755451317449,3.95787584184772,4.21685343738463,FALSE,TRUE,FALSE,pre,TRUE,2009-06-25,2009-09-08,,-30,30423793,655385,43.525089636289664,3.773337545072917,46.421253156541574,293.13927343872865,5.68064783204907
AC,2007-04-01,2007,4,41.0753440473832,,9.9794197354189,-27.6302805912146,4.1098978799690276,4.20237591440872,FALSE,TRUE,FALSE,pre,TRUE,2009-06-25,2009-09-08,,-29,35507502,655385,43.10801970368622,3.7637090518117335,54.178081585632874,286.05503146016883,5.6561842100028406
AC,2007-05-01,2007,5,41.9928974103063,,-26.3860195512327,-17.6059287801492,3.900410885312201,4.14913275762336,FALSE,TRUE,FALSE,pre,TRUE,2009-06-25,2009-09-08,,-28,28877193,655385,42.84849462363247,3.757670513122877,44.06141886066968,285.3002217217811,5.653542035372258
AC,2007-06-01,2007,6,42.0267554972099,,-2.02476977131063,-29.0959154128413,3.9477660616624934,4.21635441699038,FALSE,TRUE,FALSE,pre,TRUE,2009-06-25,2009-09-08,,-27,30362312,655385,42.5577563333586,3.7508621259125245,46.32744417403511,284.52528361192276,5.650822119958328
AC,2007-07-01,2007,7,41.9949400794975,,-28.2092700648071,-26.466028555903,4.032241747599623,4.27748145348798,FALSE,TRUE,FALSE,pre,TRUE,2009-06-25,2009-09-08,,-26,33117976,655385,41.914333835095164,3.735627864729481,50.53209334971048,285.60368790863384,5.654605143227416
AC,2007-08-01,2007,8,41.8560694471492,,-48.4410709376844,-21.8284940553624,4.038006953729839,4.26042065131934,FALSE,TRUE,FALSE,pre,TRUE,2009-06-25,2009-09-08,,-25,33466061,655385,41.79868468384465,3.7328648721419486,51.06320864835173,292.58349977494146,5.678750095249338
AC,2007-09-01,2007,9,41.7847056771433,,-3.14429648068039,-12.9885301437995,3.9788060243888816,4.18712285073354,FALSE,TRUE,FALSE,pre,TRUE,2009-06-25,2009-09-08,,-24,31599131,655385,41.78845202644823,3.7326200340520166,48.21460820738955,294.37685482578945,5.684860765645233
AC,2007-10-01,2007,10,40.4797728840828,,-14.4973370336425,2.31097646486606,4.116447810473009,4.21164327621674,FALSE,TRUE,FALSE,pre,TRUE,2009-06-25,2009-09-08,,-23,36370829,655385,41.68919016589817,3.7302418665636696,55.49536379380059,295.69413703395713,5.689325599248802
AC,2007-11-01,2007,11,42.5239455932107,,18.6830836392081,42.7091253052206,4.091835422245748,4.31243803823514,FALSE,TRUE,FALSE,pre,TRUE,2009-06-25,2009-09-08,,-22,35621367,655385,41.77769819638223,3.732362661178031,54.35181915973054,305.984537333018,5.723534569084173
AC,2007-12-01,2007,12,41.8549189064676,,32.2119255048366,74.224901793559,4.072790303574859,4.31167863801164,FALSE,TRUE,FALSE,pre,TRUE,2009-06-25,2009-09-08,,-21,35208057,655385,41.74905876459185,3.7316769064820576,53.72118220587899,313.3782753648619,5.747411008326068
AC,2008-01-01,2008,1,42.2798603449533,,-7.08330435565107,43.0595002161539,3.91948657769804,4.30107557868033,FALSE,TRUE,FALSE,pre,TRUE,2009-06-25,2009-09-08,,-20,31510999,680075,41.79654547550115,3.73281369198873,46.3345939786053,309.1807759937567,5.733926141409649
AC,2008-02-01,2008,2,42.6792354594032,,10.9210687115663,-24.9907783080465,3.92996787042438,4.24861447625499,FALSE,TRUE,FALSE,pre,TRUE,2009-06-25,2009-09-08,,-19,31999075,680075,41.933739810876816,3.736090748974385,47.05227364628901,305.169840991694,5.720868477331277
AC,2008-03-01,2008,3,44.5553832809405,,15.0267235611313,-6.98041919303107,3.994831600274833,4.22317613974406,FALSE,TRUE,FALSE,pre,TRUE,2009-06-25,2009-09-08,,-18,34307372,680075,42.39551941150968,3.747042682397147,50.44645369995956,307.401686484264,5.7281553173752755
AC,2008-04-01,2008,4,44.7867121215709,,-16.6898850671241,-6.16648166784831,4.070369925285549,4.2622837625904,FALSE,TRUE,FALSE,pre,TRUE,2009-06-25,2009-09-08,,-17,37202755,680075,43.1133426177577,3.7638325226995724,54.70390030511341,306.6102229955768,5.725577308985487
AC,2008-05-01,2008,5,44.9890296721485,,84.5039028404153,25.6692412030487,4.0447869544841355,4.31740099295593,FALSE,TRUE,FALSE,pre,TRUE,2009-06-25,2009-09-08,,-16,36549576,680075,43.524189964247334,3.773316874665385,53.74344888431423,306.0018527201605,5.7235911565750985
AC,2008-06-01,2008,6,45.8129995427555,,23.4921130725551,6.10896457468198,4.1068223258010725,4.33230536730195,FALSE,TRUE,FALSE,pre,TRUE,2009-06-25,2009-09-08,,-15,39176571,680075,44.18387007029531,3.788359791943995,57.606250781163844,309.88692129544535,5.736207460919735
AC,2008-07-01,2008,7,47.3593837879606,,25.308421229024,-7.56708024364501,3.9657018728074473,4.25908204746118,FALSE,TRUE,FALSE,pre,TRUE,2009-06-25,2009-09-08,,-14,34200581,680075,45.030457310796535,3.8073390899535955,50.289425431018635,313.84175274785866,5.748888886731033
AC,2008-08-01,2008,8,46.6391552328352,,-3.6592380165509,-10.9923465054889,3.9550690942103808,4.21236115381293,FALSE,TRUE,FALSE,pre,TRUE,2009-06-25,2009-09-08,,-13,33933618,680075,45.690443939701865,3.821889171870762,49.896876079844134,316.68635518141383,5.757911868250834
AC,2008-09-01,2008,9,45.8163701560607,,12.5707429932673,6.16367967038268,4.17368895630522,4.35091063871096,FALSE,TRUE,FALSE,pre,TRUE,2009-06-25,2009-09-08,,-12,42335350,680075,45.90060841888857,3.826478372292125,62.25100172775061,328.4909032092049,5.794509145636229
AC,2008-10-01,2008,10,46.9745895302253,,17.5692318318243,-4.20911354931159,4.055093083763195,4.15393475627951,FALSE,TRUE,FALSE,pre,TRUE,2009-06-25,2009-09-08,,-11,37770090,680075,46.2652546536643,3.8343912399258606,55.53812447156564,329.3251273756571,5.797045491893792
AC,2008-11-01,2008,11,46.0707495278329,,-22.4411549115845,-12.6488362652765,4.140998841638063,4.35789238303905,FALSE,TRUE,FALSE,pre,TRUE,2009-06-25,2009-09-08,,-10,41306403,680075,46.445541296278364,3.8382804713367196,60.73801124875933,336.3196897401022,5.818062165174193
AC,2008-12-01,2008,12,41.3726213034407,,-74.9878622263103,3.27135970826737,,2.35873748582855,FALSE,TRUE,FALSE,pre,TRUE,2009-06-25,2009-09-08,,-9,0,680075,45.70547825639257,3.8222181650351192,0,278.71343895893835,5.63018415348659
AC,2009-01-01,2009,1,45.6256881382362,,36.9351320251428,-10.5138359173121,4.0810936996091,4.29579079588407,FALSE,TRUE,FALSE,pre,TRUE,2009-06-25,2009-09-08,,-8,34597061,691132,45.4165289814385,3.815876113269294,50.05854308583599,278.4825566137557,5.629355424062004
AC,2009-02-01,2009,2,45.0754281010313,,-3.76266028981702,-3.06835551082275,4.1430122220136,4.41831168434568,FALSE,TRUE,FALSE,pre,TRUE,2009-06-25,2009-09-08,,-7,41066358,691132,45.15590779280452,3.8101211194272566,59.41897929773184,288.0046598316434,5.662976659976035
AC,2009-03-01,2009,3,43.7487230290062,,3.38408817419186,12.3132031710521,4.0453080588086,4.29655795162311,FALSE,TRUE,FALSE,pre,TRUE,2009-06-25,2009-09-08,,-6,39692108,691132,44.811299938295434,3.802460338381631,57.430574767193534,283.18423287108635,5.646097685379429
AC,2009-04-01,2009,4,44.5027995122625,,41.7276086556621,38.9825425410686,4.03845463988272,4.25062043659052,FALSE,TRUE,FALSE,pre,TRUE,2009-06-25,2009-09-08,,-5,40394323,691132,44.39933493530163,3.7932244903913457,58.446610777680675,286.0927191772014,5.656315951207958
AC,2009-05-01,2009,5,44.5490889705612,,13.709449960197,30.0806899141951,3.96099917878107,4.17921318061796,FALSE,TRUE,FALSE,pre,TRUE,2009-06-25,2009-09-08,,-4,34342252,691132,44.145724842423014,3.787496089800194,49.6898595347922,275.0445674632342,5.61693314803837
AC,2009-06-01,2009,6,46.4094130177263,,14.078298207343,33.3983031270335,4.0093609523749,4.24908461685136,FALSE,TRUE,FALSE,pre,TRUE,2009-06-25,2009-09-08,,-3,37731170,691132,44.98519012813728,3.8063333273386943,54.59329042787774,329.637857891112,5.797994651545928
AC,2009-07-01,2009,7,46.6469261662842,,16.4765226894762,23.7950691960404,3.94827605329587,4.24623615905916,FALSE,TRUE,FALSE,pre,TRUE,2009-06-25,2009-09-08,,-2,35698395,691132,45.155396466145284,3.8101097957803787,51.65206501797052,331.2313798232465,5.802817163866137
AC,2009-08-01,2009,8,48.3520004174924,,63.1657455492229,33.3515677476191,4.0285252641378,4.12877057546507,FALSE,TRUE,FALSE,pre,TRUE,2009-06-25,2009-09-08,,-1,40079828,691132,45.701491852222134,3.822130941836096,57.99156745744662,329.8039679829613,5.79849844153572
AC,2009-09-01,2009,9,50.1247462598237,,24.8346291525558,7.84221452533795,4.02016052792039,4.26445097423053,FALSE,TRUE,FALSE,post,FALSE,2009-06-25,2009-09-08,,0,41044841,691132,46.764162390691716,3.8451171486963167,59.38784631589913,331.7612395316669,5.804415552161153
AC,2009-10-01,2009,10,50.8034265840289,,33.970397131698,-1.1964202688087,4.1096399003421,4.2462073024236,FALSE,TRUE,FALSE,post,FALSE,2009-06-25,2009-09-08,,1,43207338,691132,47.81426690265278,3.8673240657306667,62.51676669579762,335.8313954497838,5.816609234763227
AC,2009-11-01,2009,11,53.6330607707298,,51.9563506443456,2.25755796331165,4.06653326113235,4.29830338024626,FALSE,TRUE,FALSE,post,FALSE,2009-06-25,2009-09-08,,2,41591322,691132,49.32826220268088,3.8984971866235223,60.178550551848275,346.32008646683994,5.847363452806944
AC,2009-12-01,2009,12,52.6549450942173,,-6.75311641524228,-15.3717464916605,4.0322944292738,4.37482562654354,FALSE,TRUE,FALSE,post,FALSE,2009-06-25,2009-09-08,,3,39855501,691132,50.369184215429385,3.919379563784225,57.666988361123494,349.3937844000857,5.856199608188792
AC,2010-01-01,2010,1,52.8478270132777,,10.3261561700957,-26.7390798826316,4.02826768774188,4.11904752014337,FALSE,TRUE,FALSE,post,FALSE,2009-06-25,2009-09-08,,4,36394345,733559,51.4026676899283,3.9396900716965932,49.61338488110704,347.3551042632222,5.850347611901289
AC,2010-02-01,2010,2,55.2606985942758,,49.195566110432,2.05554799900139,3.9332994210253,4.06908496441214,FALSE,TRUE,FALSE,post,FALSE,2009-06-25,2009-09-08,,5,36877032,733559,52.55411738605886,3.9618434460339977,50.271391939843966,339.6349287456195,5.827871301756057
AC,2010-03-01,2010,3,57.4472564914918,,44.6903454280354,14.1735872417465,4.0112329762377,4.09015602438814,FALSE,TRUE,FALSE,post,FALSE,2009-06-25,2009-09-08,,6,42921300,733559,53.77453575800355,3.9848000420714995,58.51104001177819,338.7581224414986,5.825286349593531
AC,2010-04-01,2010,4,56.2652490152506,,3.77551610559462,-7.40183539400257,4.04884509725016,4.11338303647195,FALSE,TRUE,FALSE,post,FALSE,2009-06-25,2009-09-08,,7,45818981,733559,54.6848394965405,4.001586513728306,62.4612076192917,338.70256336499267,5.825122328041301
AC,2010-05-01,2010,5,53.3229676120042,,25.9973469155254,-15.9465029412895,4.27745232223985,4.29134321056009,FALSE,TRUE,FALSE,post,FALSE,2009-06-25,2009-09-08,,8,53016706,733559,54.633157303419566,4.000640975052437,72.2732677262497,350.7972805393941,5.860208508299776
AC,2010-06-01,2010,6,58.195499709784,,27.0835972404244,-25.155255394228,4.10142346334536,4.15754794854137,FALSE,TRUE,FALSE,post,FALSE,2009-06-25,2009-09-08,,9,46077699,733559,55.55658307268068,4.017402016223189,62.81389636007465,355.94418853834526,5.874773944793046
AC,2010-07-01,2010,7,58.695819057937896,,9.5520820005233,-15.2610689389655,4.14056555261646,4.18803056550003,FALSE,TRUE,FALSE,post,FALSE,2009-06-25,2009-09-08,,10,48018537,733559,56.531248413457384,4.03479355453069,65.45967945318645,371.79048311042465,5.918330478161527
AC,2010-08-01,2010,8,58.2962676834576,,66.3439560845216,22.2475268004462,4.20140530666786,4.29313928672734,FALSE,TRUE,FALSE,post,FALSE,2009-06-25,2009-09-08,,11,52286155,733559,57.037176594987685,4.043703276195591,71.2773682825785,392.7964594531592,5.973291562827567
AC,2010-09-01,2010,9,61.727967948256,,15.9575700147261,-7.95968718191877,4.1998529400855,4.25808233320282,FALSE,TRUE,FALSE,post,FALSE,2009-06-25,2009-09-08,,12,54086032,733559,57.750628504448386,4.056134232536593,73.7309909632354,408.0164104046164,6.011307395175238
AC,2010-10-01,2010,10,61.0398933458377,,-53.8794308437478,0.433605033631187,4.16114563159313,4.34836941543449,FALSE,TRUE,FALSE,post,FALSE,2009-06-25,2009-09-08,,13,51017200,733559,58.54640255954623,4.069819645962162,69.54750742612387,415.10271021144854,6.028525984094409
AC,2010-11-01,2010,11,62.162040201844,,-13.4531374407745,-32.7823541425709,4.23905755942922,4.30967241429959,FALSE,TRUE,FALSE,post,FALSE,2009-06-25,2009-09-08,,14,55706263,733559,60.019581324519535,4.094670864388417,75.93971718702926,418.7691596722281,6.037319836533715
AC,2010-12-01,2010,12,65.446464533367,,1.41418723590326,-28.0918231601348,4.20327480693403,4.21956785978957,FALSE,TRUE,FALSE,post,FALSE,2009-06-25,2009-09-08,,15,53215739,733559,61.22807546178337,4.114605833700502,72.54459286846729,428.4998561806208,6.060290402403288
AC,2011-01-01,2011,1,62.6392578661301,106.968291117826,-8.93884627744595,-27.3974928746319,4.2566730912667,4.3488505298736,FALSE,TRUE,FALSE,post,FALSE,2009-06-25,2009-09-08,,16,49509429,746386,61.88531526314873,4.125282918317682,66.33220478411974,429.37238151155407,6.062324564586092
AC,2011-02-01,2011,2,63.5326675085108,105.481838256119,56.8068565289752,-22.4546452454741,4.28383516241387,4.39093481878077,FALSE,TRUE,FALSE,post,FALSE,2009-06-25,2009-09-08,,17,55924902,746386,62.758048567324266,4.139286833807871,74.92758706620971,433.02260029518527,6.070789921317497
AC,2011-03-01,2011,3,61.5651957855103,103.708885162164,-57.6734673934456,-49.2365827503442,4.14755695655731,4.21046088687345,FALSE,TRUE,FALSE,post,FALSE,2009-06-25,2009-09-08,,18,53309349,746386,62.73091987353332,4.138854466014101,71.42329706077017,430.71490639272,6.065446401149392
AC,2011-04-01,2011,4,63.4658881432644,105.590062633869,-7.98329662589159,-37.6722871015345,4.03177942596312,4.10422116128848,FALSE,TRUE,FALSE,post,FALSE,2009-06-25,2009-09-08,,19,48861306,746386,63.1352523397711,4.145279287711216,65.46385650320343,426.6312554697996,6.055920069808621
AC,2011-05-01,2011,5,63.5365508053486,106.549305091948,-32.7552574506526,-23.8924011677771,4.02990167365899,4.06599450676632,FALSE,TRUE,FALSE,post,FALSE,2009-06-25,2009-09-08,,20,45573643,746386,63.3643374403552,4.148901202239405,61.05908069015228,411.7506189729226,6.020417872330263
AC,2011-06-01,2011,6,61.4646734527582,104.590693100992,79.0305821444129,32.4514428160576,4.0145667901354,4.08469407586039,FALSE,TRUE,FALSE,post,FALSE,2009-06-25,2009-09-08,,21,46098133,746386,62.70070559358707,4.138372701061792,61.761786796644095,400.9678129010994,5.993881157005442
AC,2011-07-01,2011,7,63.7872018961609,108.53258016414,13.63945301334,-14.568868743647,4.05827627827501,4.11251070862749,FALSE,TRUE,FALSE,post,FALSE,2009-06-25,2009-09-08,,22,48113198,746386,62.8920295985922,4.14141944023363,64.46154938597455,399.09715750295425,5.989204889761608
AC,2011-08-01,2011,8,64.8346456084641,107.749992438514,-22.6609046683635,-7.18615502674365,4.02426450761793,4.12251930304134,FALSE,TRUE,FALSE,post,FALSE,2009-06-25,2009-09-08,,23,46923816,746386,63.10902594858442,4.144863801292036,62.868028071266075,387.0375985080106,5.958521842078129
AL,2006-09-01,2006,9,57.7369538642678,,,,3.60998442158213,3.69479688142954,FALSE,TRUE,FALSE,pre,TRUE,2009-06-25,2009-09-08,,-36,94216827,3050652,,,30.884160828570415,,
AL,2006-10-01,2006,10,62.5882025938687,,,,3.92374222447447,3.99448491361442,FALSE,TRUE,FALSE,pre,TRUE,2009-06-25,2009-09-08,,-35,133484014,3050652,,,43.75589677223098,,
AL,2006-11-01,2006,11,64.3668868793909,,,,3.6942624160611,3.76923165022015,FALSE,TRUE,FALSE,pre,TRUE,2009-06-25,2009-09-08,,-34,118190168,3050652,,,38.74259273099652,,
AL,2006-12-01,2006,12,64.9980999620789,,,,3.69434715851466,3.72110115320299,FALSE,TRUE,FALSE,pre,TRUE,2009-06-25,2009-09-08,,-33,127416968,3050652,,,41.7671265027935,,
AL,2007-01-01,2007,1,64.8320831293295,,-19.1087289029224,-0.646372519946826,3.75065809681673,3.82678830993964,FALSE,TRUE,FALSE,pre,TRUE,2009-06-25,2009-09-08,,-32,128723371,3037103,,,42.38360404635602,,
AL,2007-02-01,2007,2,64.2916712123362,,-233.784991743556,-3.98586145101111,3.74057203355375,3.79529979821165,FALSE,TRUE,FALSE,pre,TRUE,2009-06-25,2009-09-08,,-31,111168119,3037103,63.135649606878665,4.145285580009781,36.6033417371752,234.13672261812263,5.455905229422692
AL,2007-03-01,2007,3,62.9416370233398,,22.2678380865412,-4.94532136883107,3.68847567021225,3.75824830801929,FALSE,TRUE,FALSE,pre,TRUE,2009-06-25,2009-09-08,,-30,101503773,3037103,64.00309680005734,4.15893146968993,33.42124814337874,236.67380993293096,5.466682863726961
AL,2007-04-01,2007,4,64.4618786432817,,76.2631175707708,-6.40480909488537,3.54265156791078,3.66279267306101,FALSE,TRUE,FALSE,pre,TRUE,2009-06-25,2009-09-08,,-29,91961812,3037103,64.31537614162616,4.163798733941255,30.27945117435925,223.19736433505923,5.408056421902754
AL,2007-05-01,2007,5,65.6439326463136,,45.7533349510702,7.08635827970718,3.67159783980223,3.76655865409985,FALSE,TRUE,FALSE,pre,TRUE,2009-06-25,2009-09-08,,-28,99426782,3037103,64.52821710277995,4.167102602599378,32.737375716266456,217.19214732032916,5.380782433264073
AL,2007-06-01,2007,6,65.4338139394217,,42.0441059317773,3.64628019289282,3.72490392085868,3.83080641066873,FALSE,TRUE,FALSE,pre,TRUE,2009-06-25,2009-09-08,,-27,104562784,3037103,64.60083609900374,4.168227353413836,34.42846159646216,209.85348241399782,5.34640958441912
AL,2007-07-01,2007,7,65.120864240032,,42.5692048689653,9.25405553696337,3.83335163741038,3.92099135446365,FALSE,TRUE,FALSE,pre,TRUE,2009-06-25,2009-09-08,,-26,117151214,3037103,64.64896628412083,4.1689721156719495,38.573342425330985,206.0432207929728,5.328085956457235
AL,2007-08-01,2007,8,65.5812167692032,,1.93093052332005,0.0943958146618002,4.02856551264631,4.096216739791,FALSE,TRUE,FALSE,pre,TRUE,2009-06-25,2009-09-08,,-25,147646689,3037103,64.86389054359867,4.172291082792812,48.61431732805901,218.0541963838566,5.384743639156821
AL,2007-09-01,2007,9,67.1729167817032,,35.3652183157483,-2.70246276922527,3.78218176405024,3.88241942723395,FALSE,TRUE,FALSE,pre,TRUE,2009-06-25,2009-09-08,,-24,114321468,3037103,65.56910383665922,4.183104606905315,37.64161702780577,222.27456526828362,5.4039133981770755
AL,2007-10-01,2007,10,66.7755539701913,,-40.3944733709076,5.74589223579898,3.73422918996587,3.8261694799531,FALSE,TRUE,FALSE,pre,TRUE,2009-06-25,2009-09-08,,-23,115518570,3037103,65.95471639114416,4.188968391255919,38.03577619856817,230.03089029249256,5.438213605524536
AL,2007-11-01,2007,11,66.882892244475,,-8.8025175015956,3.40629822423528,3.83082602379042,3.9293257006930302,FALSE,TRUE,FALSE,pre,TRUE,2009-06-25,2009-09-08,,-22,140251173,3037103,66.1612096575044,4.192094334367884,46.17926128945906,243.47277586568515,5.495005132845831
AL,2007-12-01,2007,12,68.7474440008909,,23.8116323595955,13.9769910894816,3.69368567650898,3.74670883534213,FALSE,TRUE,FALSE,pre,TRUE,2009-06-25,2009-09-08,,-21,129853812,3037103,66.71348133441593,4.200407051455054,42.75581434017878,251.80012860940178,5.528635632370251
AL,2008-01-01,2008,1,69.364378409558,,20.1818747107103,-0.146562778379618,3.76782189981419,3.86749024903778,FALSE,TRUE,FALSE,pre,TRUE,2009-06-25,2009-09-08,,-20,141034272,3127560,67.4207336960036,4.2109525922148645,45.09402601388942,258.3208121979602,5.55420227059946
AL,2008-02-01,2008,2,65.1678837938486,,43.7386600752466,12.6776582794303,3.81079259119806,3.89121893384916,FALSE,TRUE,FALSE,pre,TRUE,2009-06-25,2009-09-08,,-19,130626343,3127560,67.35184486677784,4.2099302947125095,41.76621487677295,251.47270974667416,5.527334473698581
AL,2008-03-01,2008,3,68.7245480862242,,-28.6648061715179,-1.98599727615,3.8073224811344,3.90203950396167,FALSE,TRUE,FALSE,pre,TRUE,2009-06-25,2009-09-08,,-18,123598239,3127560,67.61045008419799,4.2137625581459215,39.51906246402947,253.35015518289785,5.534772544445504
AL,2008-04-01,2008,4,69.3456927644204,,-34.0447683288588,-1.75647696562263,3.74946475010508,3.87502613933355,FALSE,TRUE,FALSE,pre,TRUE,2009-06-25,2009-09-08,,-17,121893465,3127560,68.03880654990286,4.220078226954997,38.97398131450716,254.28836029883684,5.538468899846262
AL,2008-05-01,2008,5,69.0282606527894,,-215.770183442533,-0.381374795357622,3.80503078847618,3.90712402909679,FALSE,TRUE,FALSE,pre,TRUE,2009-06-25,2009-09-08,,-16,125717780,3127560,68.39636795128858,4.225319723091284,40.19676041386896,248.30585942324672,5.514661290396167
AL,2008-06-01,2008,6,69.5826023031737,,14.6200749744812,-1.17905261574461,3.75619489594526,3.86025154756899,FALSE,TRUE,FALSE,pre,TRUE,2009-06-25,2009-09-08,,-15,115915621,3127560,68.53556100166905,4.227352749272795,37.06263700776324,242.61268209083119,5.4914662708684
AL,2008-07-01,2008,7,70.8751579478368,,24.2819337141159,3.56460637719386,3.83157304472484,3.92621701592234,FALSE,TRUE,FALSE,pre,TRUE,2009-06-25,2009-09-08,,-14,128639299,3127560,68.78735759138219,4.231019972114894,41.13088126207011,238.64953733901189,5.474996104790952
AL,2008-08-01,2008,8,70.5339431183578,,33.3398975940035,7.61958864574669,3.81633157864447,3.91954626065691,FALSE,TRUE,FALSE,pre,TRUE,2009-06-25,2009-09-08,,-13,131813778,3127560,69.68170081213371,4.243937741146093,42.14588305260331,239.02920551484226,5.476585743272716
AL,2008-09-01,2008,9,71.052129297997,,253.526060290103,11.1207489899344,3.73750572602009,3.8241995021704702,FALSE,TRUE,FALSE,pre,TRUE,2009-06-25,2009-09-08,,-12,119189692,3127560,70.06963101409585,4.249489476407336,38.1094821522209,237.61962520303368,5.470671181733357
AL,2008-10-01,2008,10,72.1452670022719,,28.1853843592826,8.85247792399381,3.87520783817682,3.96077095306698,FALSE,TRUE,FALSE,pre,TRUE,2009-06-25,2009-09-08,,-11,144469607,3127560,70.53622672040443,4.256126432030502,46.1924333985599,244.83807728708643,5.5005970830157755
AL,2008-11-01,2008,11,70.1396389524161,,-19.1900387699177,-9.35731059324379,3.8044644723989,3.88713840517408,FALSE,TRUE,FALSE,pre,TRUE,2009-06-25,2009-09-08,,-10,148940162,3127560,70.72145643700888,4.258749012532045,47.62184002864853,252.26315690186598,5.530472816057337
AL,2008-12-01,2008,12,65.9704394627091,,-15.0507747729893,-13.2883179516975,3.96995587714164,3.9683740571881,FALSE,TRUE,FALSE,pre,TRUE,2009-06-25,2009-09-08,,-9,182849617,3127560,70.11942929693144,4.250199921071416,58.46398374451649,273.66450363861924,5.611902916874712
AL,2009-01-01,2009,1,70.5461181409288,,10.7743200917666,-9.15612539597637,3.76556429993132,3.84470268526864,FALSE,TRUE,FALSE,pre,TRUE,2009-06-25,2009-09-08,,-8,149980507,3156108,70.06458932911345,4.249417521320674,47.52071443689506,280.0543368134442,5.634983644390049
AL,2009-02-01,2009,2,71.4050586290855,,-33.858736028522,-5.70158202968028,3.77140991686203,3.88149105273842,FALSE,TRUE,FALSE,pre,TRUE,2009-06-25,2009-09-08,,-7,136387603,3156108,70.20977524756806,4.251487549878443,43.213858017532985,281.12231177837384,5.63878984786248
AL,2009-03-01,2009,3,72.207084247736,,61.5797309982591,1.54759360274501,3.76183865146534,3.85460502066856,FALSE,TRUE,FALSE,pre,TRUE,2009-06-25,2009-09-08,,-6,127645628,3156108,70.40226773919123,4.2542254748496156,40.44399874782485,283.4568283739778,5.647059830704095
AL,2009-04-01,2009,4,73.0741939422663,,-228.337062565817,6.75400014714373,3.81360352074604,3.93092223033432,FALSE,TRUE,FALSE,pre,TRUE,2009-06-25,2009-09-08,,-5,137980423,3156108,70.55708889585696,4.256422153702552,43.71853656465495,280.98293154007285,5.63829392563861
AL,2009-05-01,2009,5,73.8974819760531,,3.70605685260073,12.7724163002138,3.81873576639207,3.92798200007638,FALSE,TRUE,FALSE,pre,TRUE,2009-06-25,2009-09-08,,-4,137856868,3156108,71.18339606646313,4.265259589908555,43.67938866477319,277.04048017619755,5.624163633330455
AL,2009-06-01,2009,6,73.8116552978517,,12.7022565156371,13.920643702106,3.76370274070264,3.86063503798317,FALSE,TRUE,FALSE,pre,TRUE,2009-06-25,2009-09-08,,-3,122459595,3156108,72.49026537232024,4.2834522821188905,38.800825256930374,257.3773216886114,5.550543185952674
AL,2009-07-01,2009,7,77.3619752459203,,20.0729250367567,18.051177039733,3.76782611604247,3.87113104905797,FALSE,TRUE,FALSE,pre,TRUE,2009-06-25,2009-09-08,,-2,126517638,3156108,73.62624155648548,4.299001505075551,40.08659969810919,249.94320694982554,5.5212337198540355
AL,2009-08-01,2009,8,75.428443863799,,18.6067607535729,19.954964521175,3.78616480053429,3.87554115833331,FALSE,TRUE,FALSE,pre,TRUE,2009-06-25,2009-09-08,,-1,135769208,3156108,74.29680576227108,4.308067959713044,43.0179220736426,249.74727100593515,5.5204494905658015
AL,2009-09-01,2009,9,77.1141175215793,,236.295015361563,14.8330593098161,3.88144153877438,3.97419344735134,FALSE,TRUE,FALSE,post,FALSE,2009-06-25,2009-09-08,,0,143421588,3156108,75.11464464124495,4.319015541640452,45.44254759342836,254.74581985153867,5.540266263142059
AL,2009-10-01,2009,10,78.0559667684123,,66.3522534457915,5.22599347166102,3.86723845486142,3.95954463540351,FALSE,TRUE,FALSE,post,FALSE,2009-06-25,2009-09-08,,1,150153137,3156108,75.94494011226928,4.330008605522541,47.575411551189,258.6026948380727,5.555292887157678
AL,2009-11-01,2009,11,78.8793634552979,,44.9799819537573,6.80817556959234,3.83452957939258,3.92719687773757,FALSE,TRUE,FALSE,post,FALSE,2009-06-25,2009-09-08,,2,160235213,3156108,76.77525369214342,4.340882370680181,50.76987637938879,265.6931825526883,5.582342193997324
AL,2009-12-01,2009,12,80.4062827784392,,35.5063351949651,4.92717012536586,3.85015919548968,3.97965456897589,FALSE,TRUE,FALSE,post,FALSE,2009-06-25,2009-09-08,,3,169687919,3156108,77.87435827224134,4.355096736588802,53.76492787952757,280.6572851752855,5.637134299274301
AL,2010-01-01,2010,1,80.8981638838638,,8.88743279027048,14.8084830040336,3.86113497532488,3.95828928578177,FALSE,TRUE,FALSE,post,FALSE,2009-06-25,2009-09-08,,4,170551947,3120494,78.46372304523192,4.3626363911625266,54.65543180022137,295.2261172773977,5.687741561974715
AL,2010-02-01,2010,2,80.4038599805029,,-244.956855599793,3.01084604127071,3.90926462311162,4.00132663862037,FALSE,TRUE,FALSE,post,FALSE,2009-06-25,2009-09-08,,5,163162361,3120494,79.29295906468258,4.373149336107217,52.28734969527261,304.4955448990277,5.718656456169447
AL,2010-03-01,2010,3,83.8452694820233,,-20.1456934835937,22.9749646989842,3.96660318092246,4.06350650068034,FALSE,TRUE,FALSE,post,FALSE,2009-06-25,2009-09-08,,6,163559679,3120494,80.41481772475657,4.387198459262913,52.41467504824556,311.46767235384493,5.741295552276426
AL,2010-04-01,2010,4,87.4189181933717,,95.6548807622871,16.6729215161787,3.90566018437489,3.99832072268278,FALSE,TRUE,FALSE,post,FALSE,2009-06-25,2009-09-08,,7,157866205,3120494,81.97530962891646,4.406418099837533,50.59013252388885,314.48239332654475,5.750928091509934
AL,2010-05-01,2010,5,83.8991176814434,,79.1071897733525,39.8567169621022,3.91093913203312,4.00666991816118,FALSE,TRUE,FALSE,post,FALSE,2009-06-25,2009-09-08,,8,159995091,3120494,82.81193533327405,4.416572197540226,51.27235976098656,314.9848767081425,5.752524627222753
AL,2010-06-01,2010,6,81.3653806700388,,9.22752139206133,6.10481679993396,3.95157429288652,4.0464976613348,FALSE,TRUE,FALSE,post,FALSE,2009-06-25,2009-09-08,,9,153598856,3120494,82.97178498187398,4.418500610026484,49.22260898434671,310.44255781296164,5.737998885267037
AL,2010-07-01,2010,7,84.3002121792317,,12.5867989443491,-7.17978311454104,3.91405300721974,4.03455037770686,FALSE,TRUE,FALSE,post,FALSE,2009-06-25,2009-09-08,,10,149759007,3120494,83.53879303110196,4.425311111168417,47.992082984296715,303.779208997037,5.716301151338674
AL,2010-08-01,2010,8,85.5828607141518,,15.4583725008435,-9.71901996050615,4.33767056261869,4.39791854776365,FALSE,TRUE,FALSE,post,FALSE,2009-06-25,2009-09-08,,11,243733671,3120494,84.40195982004346,4.435590621948946,78.10739934125814,329.59925864302255,5.797877548770113
AL,2010-09-01,2010,9,85.2396241808353,,66.0705581830235,2.72103257711454,3.95535421876564,4.0641515900594,FALSE,TRUE,FALSE,post,FALSE,2009-06-25,2009-09-08,,12,160471923,3120494,84.63435226984545,4.438340239393194,51.42516633584298,328.60974993061996,5.794870876284778
AL,2010-10-01,2010,10,86.0368152328196,,39.1784284527993,4.19596162278164,3.92495376315036,3.99880533259453,FALSE,TRUE,FALSE,post,FALSE,2009-06-25,2009-09-08,,13,163494010,3120494,84.4040017764201,4.435614814890444,52.39363062386917,330.4132480306003,5.800344137787878
AL,2010-11-01,2010,11,86.8236136735877,,77.6346886779543,22.7101847524375,3.92721830880095,4.02950956812025,FALSE,TRUE,FALSE,post,FALSE,2009-06-25,2009-09-08,,14,181825600,3120494,84.89141777511082,4.441373001931071,58.26821009750379,337.4090983671175,5.821296135863041
AL,2010-12-01,2010,12,89.4628377471398,,59.3054339893869,24.9682408589035,4.03046475092628,4.05574087468788,FALSE,TRUE,FALSE,post,FALSE,2009-06-25,2009-09-08,,15,212181606,3120494,86.24099395462765,4.457145632542178,67.99615894150092,356.1826483242717,5.875443656373892
AL,2011-01-01,2011,1,86.0490760939204,88.5051304528459,71.7563311148399,17.3764550780739,3.9822508524381,4.08376700314715,FALSE,TRUE,FALSE,post,FALSE,2009-06-25,2009-09-08,,16,205950221,3143384,86.53247127374243,4.4605197339443565,65.51863246743001,373.709197807405,5.9234779489993725
AL,2011-02-01,2011,2,86.8985675015471,91.6538098168596,97.7651990029663,20.1598366277447,4.02513478839405,4.11863745579615,FALSE,TRUE,FALSE,post,FALSE,2009-06-25,2009-09-08,,17,195554955,3143384,86.75175573830832,4.463050657680471,62.21160220959323,357.8134006757401,5.880011623351865
AL,2011-03-01,2011,3,85.7398220368051,87.6708946588337,20.1818466506995,21.4593257509911,3.96986859559424,4.05785069970881,FALSE,TRUE,FALSE,post,FALSE,2009-06-25,2009-09-08,,18,176772412,3143384,86.83512204763662,4.464011171710114,56.23634019897028,362.6245745388674,5.8933680691595765
AL,2011-04-01,2011,4,86.4166717634799,91.2946886126497,-180.392271897048,5.11626361027144,4.02434999212852,4.11229953435212,FALSE,TRUE,FALSE,post,FALSE,2009-06-25,2009-09-08,,19,191035204,3143384,86.89843146941334,4.464739982274307,60.7737406565663,371.00468457156455,5.916214689405249
AL,2011-05-01,2011,5,87.4453810583604,90.3903343379637,-15.5719135613075,2.34367176606278,4.02941265255591,4.12100783230188,FALSE,TRUE,FALSE,post,FALSE,2009-06-25,2009-09-08,,20,196403287,3143384,87.00205936687544,4.465931789258058,62.48148078631182,375.21795526037255,5.927507071158616
AL,2011-06-01,2011,6,87.4911495065174,90.365382004922,45.0336700415729,23.4713094496692,3.97091360452767,4.0720513833297,FALSE,TRUE,FALSE,post,FALSE,2009-06-25,2009-09-08,,21,169636822,3143384,86.67344466010505,4.462147546905959,53.96630573929243,361.1881020581641,5.88939888096199
AL,2011-07-01,2011,7,88.526149376213,91.637297326836,27.6121653754831,18.6484851021155,3.96360498302795,4.05790675391309,FALSE,TRUE,FALSE,post,FALSE,2009-06-25,2009-09-08,,22,167983390,3143384,87.08629020715381,4.466899468566379,53.440301916660516,349.10977150739456,5.8553864042875645
AL,2011-08-01,2011,8,88.1524155115611,92.5191918425549,75.872382031826,19.0183367253189,4.01808998060556,4.11689825482567,FALSE,TRUE,FALSE,post,FALSE,2009-06-25,2009-09-08,,23,189831068,3143384,87.29526487548948,4.469296221689417,60.39067069120413,347.28883998900545,5.850156825600002
AM,2006-09-01,2006,9,69.8383843601787,,,,4.57938818904606,4.65019882304455,FALSE,TRUE,FALSE,pre,TRUE,2009-06-25,2009-09-08,,-36,302533986,3311026,,,91.3716733121395,,
AM,2006-10-01,2006,10,69.5821328421717,,,,4.57099891296202,4.64905709215635,FALSE,TRUE,FALSE,pre,TRUE,2009-06-25,2009-09-08,,-35,305350646,3311026,,,92.22236430641136,,
AM,2006-11-01,2006,11,71.5565912267201,,,,4.55233870823999,4.62008922977043,FALSE,TRUE,FALSE,pre,TRUE,2009-06-25,2009-09-08,,-34,300203751,3311026,,,90.66789297335629,,
AM,2006-12-01,2006,12,71.9454020118204,,,,4.56514181252011,4.62894368195455,FALSE,TRUE,FALSE,pre,TRUE,2009-06-25,2009-09-08,,-33,295704609,3311026,,,89.30905676971429,,
AM,2007-01-01,2007,1,69.7631562781419,,90.5042228329762,4.64476184222162,4.63371255179572,4.70447183822108,FALSE,TRUE,FALSE,pre,TRUE,2009-06-25,2009-09-08,,-32,289376617,3221939,,,89.81443068909746,,
AM,2007-02-01,2007,2,70.8443798820947,,89.6700444973889,0.255425166769064,4.63382508791391,4.71756003736184,FALSE,TRUE,FALSE,pre,TRUE,2009-06-25,2009-09-08,,-31,272161590,3221939,70.58834110018792,4.256864990638081,84.47136646596971,537.8567845166887,6.287592324941227
AM,2007-03-01,2007,3,72.1485089906491,,67.4137405757684,3.20673337143591,4.6451360331426,4.70861911642447,FALSE,TRUE,FALSE,pre,TRUE,2009-06-25,2009-09-08,,-30,252430683,3221939,70.97336187193298,4.262304621739498,78.34744326320269,524.8325544677518,6.263079267847261
AM,2007-04-01,2007,4,69.7547384786483,,66.502963631689,5.08008159702035,4.70353152860138,4.77626072119086,FALSE,TRUE,FALSE,pre,TRUE,2009-06-25,2009-09-08,,-29,307880325,3221939,71.00212947801242,4.2627098692396075,95.55746555102378,528.1676557123642,6.269413763062622
AM,2007-05-01,2007,5,71.6370027925568,,46.0870740571793,1.12961224380716,4.65591600255343,4.73372306406631,FALSE,TRUE,FALSE,pre,TRUE,2009-06-25,2009-09-08,,-28,293375966,3221939,71.01553140565187,4.2628986053108235,91.05571706975209,528.5554798087601,6.270147775787
AM,2007-06-01,2007,6,71.167536549641,,23.2489152937284,-3.91826049165403,4.71400008556049,4.78469823339124,FALSE,TRUE,FALSE,pre,TRUE,2009-06-25,2009-09-08,,-27,312975895,3221939,70.88588716195531,4.261071361001685,97.13898835452812,536.3854113935738,6.284852953784826
AM,2007-07-01,2007,7,69.6591442138122,,4.22471036434025,-9.150712692443,4.66424277612588,4.75339195687542,FALSE,TRUE,FALSE,pre,TRUE,2009-06-25,2009-09-08,,-26,308050861,3221939,70.86855181790035,4.2608267782674,95.61039516887192,542.1813758733483,6.295600587292302
AM,2007-08-01,2007,8,71.7371595683037,,3.62758553417297,-4.06319464859411,4.63729377151599,4.72298221758888,FALSE,TRUE,FALSE,pre,TRUE,2009-06-25,2009-09-08,,-25,296536264,3221939,71.01734843226852,4.262924191310612,92.03658542262905,549.7465948300077,6.30945743538205
AM,2007-09-01,2007,9,71.1254619447379,,19.4342380838017,-3.83710222873989,4.68118706452462,4.7538321260557,FALSE,TRUE,FALSE,pre,TRUE,2009-06-25,2009-09-08,,-24,341776525,3221939,70.84684059128332,4.260520372217671,106.07790060581532,577.4770521726202,6.358668705108806
AM,2007-10-01,2007,10,70.6925369592971,,90.2976939075424,-3.08277064718396,4.68382493633005,4.757304057949,FALSE,TRUE,FALSE,pre,TRUE,2009-06-25,2009-09-08,,-23,350588253,3221939,71.00314033805812,4.262724106176687,108.81281520227415,590.7324018238706,6.381363126074202
AM,2007-11-01,2007,11,74.5199605391513,,147.352360419888,5.18259379741098,4.68116036489005,4.74822499345025,FALSE,TRUE,FALSE,pre,TRUE,2009-06-25,2009-09-08,,-22,347389290,3221939,71.48363329582386,4.269468518543712,107.81994631183272,607.4966310659513,6.409346629628876
AM,2007-12-01,2007,12,71.9670557511257,,64.4704027298123,29.3155487807461,4.68323110148772,4.7522126783245104,FALSE,TRUE,FALSE,pre,TRUE,2009-06-25,2009-09-08,,-21,339497335,3221939,71.61688649607132,4.271330891076756,105.37050360047164,615.7281463118948,6.422805545200532
AM,2008-01-01,2008,1,68.456805546112,,85.5924814780937,7.83237058645394,4.70526976378547,4.79123242208182,FALSE,TRUE,FALSE,pre,TRUE,2009-06-25,2009-09-08,,-20,332399430,3341094,71.41649671812128,4.2685288891307,99.4882005714296,619.6059517144524,6.4290837142332675
AM,2008-02-01,2008,2,70.0425222253968,,53.9871900627947,10.9823231499939,4.80568566313928,4.85943888828052,FALSE,TRUE,FALSE,pre,TRUE,2009-06-25,2009-09-08,,-19,347913643,3341094,71.13405716097013,4.264566225794025,104.13165358412544,631.7010198759489,6.448416212397492
AM,2008-03-01,2008,3,68.8735621469523,,39.5081676892603,19.4814343403763,4.75580549123343,4.82581581028009,FALSE,TRUE,FALSE,pre,TRUE,2009-06-25,2009-09-08,,-18,303191185,3341094,70.75874052800586,4.259276069924667,90.74608047543708,616.3691997455707,6.423846134231217
AM,2008-04-01,2008,4,70.8313949738855,,59.5229039654378,15.3410992246084,4.72055783753541,4.78688357185139,FALSE,TRUE,FALSE,pre,TRUE,2009-06-25,2009-09-08,,-17,341207578,3341094,70.78188353043726,4.259603085617746,102.12450712251736,609.6808916658139,6.412935691871249
AM,2008-05-01,2008,5,71.4596233218155,,36.5969399937078,12.7073177056326,4.74420871696563,4.81195349938242,FALSE,TRUE,FALSE,pre,TRUE,2009-06-25,2009-09-08,,-16,353515206,3341094,70.27182732754797,4.2523709692426594,105.8082191042814,607.6691644582626,6.409630596465511
AM,2008-06-01,2008,6,70.7865738794107,,129.523419722562,19.8991296236933,4.72760235544925,4.81099948040724,FALSE,TRUE,FALSE,pre,TRUE,2009-06-25,2009-09-08,,-15,347541820,3341094,70.0750803489288,4.24956724366352,104.0203657843808,606.3190266421717,6.40740629414916
AM,2008-07-01,2008,7,72.2609389875121,,48.2368128216666,-1.32304251929364,4.81173280224662,4.89540473279723,FALSE,TRUE,FALSE,pre,TRUE,2009-06-25,2009-09-08,,-14,394384607,3341094,70.70910258916214,4.258574314108122,118.04056006804957,624.8713861387916,6.4375458463824105
AM,2008-08-01,2008,8,70.0859956567945,,30.5089357198938,-4.70397832424834,4.79486850562279,4.86581864802671,FALSE,TRUE,FALSE,pre,TRUE,2009-06-25,2009-09-08,,-13,386555728,3341094,70.71634816106176,4.258676779002065,115.69735182547991,636.4370843801462,6.455885566890557
AM,2008-09-01,2008,9,69.8029191387091,,68.2389415927498,-12.3700564136839,4.83068536503372,4.89209800921,FALSE,TRUE,FALSE,pre,TRUE,2009-06-25,2009-09-08,,-12,437168297,3341094,70.87124099302123,4.260864723505895,130.8458537832219,676.5368576879309,6.516986929035692
AM,2008-10-01,2008,10,70.7821526388794,,-65.7609422619029,-5.14279112146549,4.88362624983599,4.95289912408005,FALSE,TRUE,FALSE,pre,TRUE,2009-06-25,2009-09-08,,-11,472530798,3341094,70.86303393718688,4.2607489144562125,141.4299621620942,715.8423127275078,6.573459909084861
AM,2008-11-01,2008,11,69.5423132433712,,-108.06572614985,-3.66596774964741,4.93276788248324,4.99759826879689,FALSE,TRUE,FALSE,pre,TRUE,2009-06-25,2009-09-08,,-10,495197220,3341094,70.54348225744616,4.256229289303184,148.2140939464738,758.2481875697002,6.631010756285188
AM,2008-12-01,2008,12,69.1859652515278,,-129.841684679802,11.9236063262328,4.76991690117489,4.85913260720443,FALSE,TRUE,FALSE,pre,TRUE,2009-06-25,2009-09-08,,-9,407989360,3341094,70.27671415279902,4.252440508566249,122.11250566431235,776.3403274496318,6.654590990342199
AM,2009-01-01,2009,1,71.5460060086076,,-136.849546149128,-24.6852808442061,4.68037626050987,4.75950138594313,FALSE,TRUE,FALSE,pre,TRUE,2009-06-25,2009-09-08,,-8,343474169,3393369,70.15755865631493,4.250743550655696,101.21922166436954,759.5189890459517,6.632685323758768
AM,2009-02-01,2009,2,70.3190623423196,,-132.103254775002,-19.3977056988778,4.6394537438677,4.74292538283084,FALSE,TRUE,FALSE,pre,TRUE,2009-06-25,2009-09-08,,-7,315410341,3393369,70.19640310390245,4.251297071882916,92.9490252902057,736.7706625106775,6.602276666708999
AM,2009-03-01,2009,3,72.7139381638549,,-52.9549223343554,-11.7872820730038,4.60901415191278,4.68926229126844,FALSE,TRUE,FALSE,pre,TRUE,2009-06-25,2009-09-08,,-6,279705462,3393369,70.68157294142675,4.258184901610021,82.42706938149078,688.3518781089464,6.53430015792674
AM,2009-04-01,2009,4,72.0631549004962,,-52.236191635862,-13.6033957020087,4.59510269362338,4.67332356085029,FALSE,TRUE,FALSE,pre,TRUE,2009-06-25,2009-09-08,,-5,323044013,3393369,70.89507331836289,4.26120094337141,95.19861028965609,642.1205262365082,6.464776021640729
AM,2009-05-01,2009,5,72.0379839687255,,-31.0361895650488,-10.3762641203242,4.76765323326556,4.84645087414074,FALSE,TRUE,FALSE,pre,TRUE,2009-06-25,2009-09-08,,-4,389193406,3393369,71.31101843925526,4.267050851795685,114.69233260514845,608.598764895183,6.4111592080411315
AM,2009-06-01,2009,6,72.6645201547936,,-15.2910657788915,-7.74559706198089,4.60398994645654,4.67876434636299,FALSE,TRUE,FALSE,pre,TRUE,2009-06-25,2009-09-08,,-3,326268458,3393369,71.89077758979957,4.275147989320641,96.14882967340127,582.6350889042718,6.367561070834371
AM,2009-07-01,2009,7,74.465389893061,,27.9387873156583,3.27196441081123,4.54704219922084,4.65134726829106,FALSE,TRUE,FALSE,pre,TRUE,2009-06-25,2009-09-08,,-2,322311689,3393369,72.3773415705418,4.28189328867608,94.98279998432237,576.3986672242247,6.3567995518815845
AM,2009-08-01,2009,8,73.6878438430749,,92.4318080092882,6.11781504844154,4.63518104911909,4.70733106521855,FALSE,TRUE,FALSE,pre,TRUE,2009-06-25,2009-09-08,,-1,354719926,3393369,72.93880515400102,4.289620804028935,104.533260603253,587.9829025372719,6.376697870158309
AM,2009-09-01,2009,9,75.4830339983454,,83.647387728723,7.55472589696645,4.66626615024389,4.74627407869098,FALSE,TRUE,FALSE,post,FALSE,2009-06-25,2009-09-08,,0,392627705,3393369,73.4003211264161,4.295928310630193,115.70439436442072,621.2602275202019,6.431750040084506
AM,2009-10-01,2009,10,76.4968206224738,,86.1538928509625,10.4164333844574,4.7245663398689,4.78780853567362,FALSE,TRUE,FALSE,post,FALSE,2009-06-25,2009-09-08,,1,422257450,3393369,74.13926541341237,4.305945289572778,124.43605455227534,650.4976717828212,6.477737718826741
AM,2009-11-01,2009,11,75.6265273341098,,83.651300555674,0.458194734616824,4.80712252785214,4.86224641476955,FALSE,TRUE,FALSE,post,FALSE,2009-06-25,2009-09-08,,2,460424041,3393369,74.73735597430975,4.313980047117823,135.68345823870024,671.4887974163729,6.50949733289989
AM,2009-12-01,2009,12,72.0491523418694,,15.4960781984131,1.03342968061423,4.80859941178213,4.87431711093916,FALSE,TRUE,FALSE,post,FALSE,2009-06-25,2009-09-08,,3,449416589,3393369,74.63479467215572,4.312606814988174,132.4396459683577,707.7796137113294,6.562132765167279
AM,2010-01-01,2010,1,77.0922626396614,,87.3448220561205,8.89888889846035,4.76533295259655,4.84538523508802,FALSE,TRUE,FALSE,post,FALSE,2009-06-25,2009-09-08,,4,397269331,3483985,75.07260679658911,4.3184557358599855,114.02727939414206,726.8240931211491,6.5886844855613935
AM,2010-02-01,2010,2,78.7054753946984,,98.6621569853987,-2.62655414978605,4.80032198322658,4.86040316463807,FALSE,TRUE,FALSE,post,FALSE,2009-06-25,2009-09-08,,5,398973832,3483985,75.90887872185971,4.329533656767688,114.51651829729462,736.8073508151907,6.602326461567756
AM,2010-03-01,2010,3,77.6393337426425,,77.8971365380028,-10.1431277963137,4.80320343677355,4.89893361714523,FALSE,TRUE,FALSE,post,FALSE,2009-06-25,2009-09-08,,6,368269090,3483985,76.26826201257589,4.334256888615816,105.70340859676492,726.8063650475349,6.58866009411649
AM,2010-04-01,2010,4,78.8474563662061,,24.0854459356132,-14.3936656314898,4.94072520230525,4.98632262874111,FALSE,TRUE,FALSE,post,FALSE,2009-06-25,2009-09-08,,7,494481659,3483985,76.66003463653126,4.339380511772438,141.9299046924714,744.3002151877309,6.612444468480066
AM,2010-05-01,2010,5,77.7180049291434,,64.6457800744659,-7.11495001378601,4.91213480605979,4.98263626911694,FALSE,TRUE,FALSE,post,FALSE,2009-06-25,2009-09-08,,8,488851202,3483985,77.00861423570353,4.3439172887873,140.31380789526935,748.9305648443001,6.618646275407272
AM,2010-06-01,2010,6,79.5826833306525,,27.2069144487092,-6.28182228609278,4.88885817281309,4.94034881425993,FALSE,TRUE,FALSE,post,FALSE,2009-06-25,2009-09-08,,9,467618667,3483985,78.26420273383405,4.360090317536037,134.21948343635233,750.7104023122947,6.621019961299649
AM,2010-07-01,2010,7,78.571958087453993,,12.6558599812665,8.81381229549981,4.86344582105029,4.95065688785446,FALSE,TRUE,FALSE,post,FALSE,2009-06-25,2009-09-08,,10,477420702,3483985,78.51081864179949,4.363236432385447,137.03293843113562,773.7160613492882,6.651204960483392
AM,2010-08-01,2010,8,82.9005046308003,,41.0225748699265,18.1350096621214,4.88935630701648,4.96069994434938,FALSE,TRUE,FALSE,post,FALSE,2009-06-25,2009-09-08,,11,495281712,3483985,79.2099901811498,4.372102429516451,142.1595420186941,801.3590850706878,6.686309142582142
AM,2010-09-01,2010,9,84.3423417016171,,37.2991279291003,9.30670688574881,4.85761682588204,4.91742735352828,FALSE,TRUE,FALSE,post,FALSE,2009-06-25,2009-09-08,,12,507947779,3483985,80.32715817431223,4.386107772668524,145.79505336561436,841.4507298395372,6.73512746151807
AM,2010-10-01,2010,10,83.8836577882601,,44.6811115256459,-6.36450464551865,4.83485933064056,4.90499291266575,FALSE,TRUE,FALSE,post,FALSE,2009-06-25,2009-09-08,,13,500186570,3483985,81.1665250779879,4.396502909433973,143.5673718457456,843.0881969928114,6.737071575296548
AM,2010-11-01,2010,11,83.0039688725377,,60.6572711442013,-23.7664352332534,4.77729328932952,4.81153474637022,FALSE,TRUE,FALSE,post,FALSE,2009-06-25,2009-09-08,,14,483208945,3483985,82.04751906855361,4.407298580254505,138.69432417188938,841.4687132694314,6.7351488332242075
AM,2010-12-01,2010,12,84.1880698929269,,27.9995944449949,0.573820505287518,4.78541554048095,4.91237272735217,FALSE,TRUE,FALSE,post,FALSE,2009-06-25,2009-09-08,,15,475710846,3483985,82.81508349559935,4.4166102126219196,136.5421624949591,843.7913923280382,6.737905298557427
AM,2011-01-01,2011,1,84.7541235836965,92.1791813830493,117.351171983509,20.505984089644,4.86785269993338,4.95284390382501,FALSE,TRUE,FALSE,post,FALSE,2009-06-25,2009-09-08,,16,469234654,3538387,83.84544441163976,4.428975156580276,132.61258703471384,839.3710409316163,6.732652850580292
AM,2011-02-01,2011,2,84.6877571663829,91.0017948788963,164.54126017654,24.3865621231615,4.8430926931984,4.90324508811883,FALSE,TRUE,FALSE,post,FALSE,2009-06-25,2009-09-08,,17,452889931,3538387,84.14331983423686,4.43252153346003,127.99332888121056,825.2048277941328,6.715631631633367
AM,2011-03-01,2011,3,81.9662965229802,89.833603480125,100.577558765157,15.5899831314375,4.9308001019398,5.02238593279055,FALSE,TRUE,FALSE,post,FALSE,2009-06-25,2009-09-08,,18,457395841,3538387,83.74731230446405,4.4278040783032235,129.26676505424646,808.676539482765,6.695399009519931
AM,2011-04-01,2011,4,82.2153412991858,91.1956575819013,106.569570159523,19.4961902870796,4.77402609028995,4.81391428874049,FALSE,TRUE,FALSE,post,FALSE,2009-06-25,2009-09-08,,19,453999552,3538387,83.469259556285,4.424478415046793,128.3069240306388,793.4160916676582,6.676347789784888
AM,2011-05-01,2011,5,83.3025444956333,92.4443880019296,78.6334592222992,-0.812189190909128,4.81160939602481,4.91818853216169,FALSE,TRUE,FALSE,post,FALSE,2009-06-25,2009-09-08,,20,481522998,3538387,83.51902216013427,4.4250744162129925,136.08545306095687,790.8072205567256,6.6730542219537226
AM,2011-06-01,2011,6,84.2470502306765,92.6772288194126,98.2930711794453,20.94088362427,4.79030564247407,4.90363050955406,FALSE,TRUE,FALSE,post,FALSE,2009-06-25,2009-09-08,,21,461412607,3538387,83.52885221642586,4.425192107699217,130.4019619674162,784.6670200291827,6.665259449486569
AM,2011-07-01,2011,7,83.7326862099892,96.0190100851838,66.7255531451004,24.9941468786668,4.81818251079256,4.90459368323425,FALSE,TRUE,FALSE,post,FALSE,2009-06-25,2009-09-08,,22,494512106,3538387,83.35861265414131,4.423151935041963,139.75636525908556,791.8107982535545,6.674322472181406
AM,2011-08-01,2011,8,86.1044636323137,96.7602124787896,58.5199312339119,18.7371723944236,4.87161980543919,4.93968774858223,FALSE,TRUE,FALSE,post,FALSE,2009-06-25,2009-09-08,,23,532813577,3538387,83.59473039846311,4.4259804845927535,150.58092204159692,814.3983914139408,6.702449670614961
AP,2006-09-01,2006,9,57.358759831508,,,,3.93389365341562,4.08572362665079,FALSE,TRUE,FALSE,pre,TRUE,2009-06-25,2009-09-08,,-36,28761138,615715,,,46.711770868015236,,
AP,2006-10-01,2006,10,58.5949380444367,,,,3.81031164588999,4.00057587434768,FALSE,TRUE,FALSE,pre,TRUE,2009-06-25,2009-09-08,,-35,25144065,615715,,,40.83718116336292,,
AP,2006-11-01,2006,11,58.0816181966486,,,,3.75960753241634,4.25737617922637,FALSE,TRUE,FALSE,pre,TRUE,2009-06-25,2009-09-08,,-34,24611332,615715,,,39.971954556897266,,
AP,2006-12-01,2006,12,61.2384836131828,,,,3.86842245197556,4.08083972271135,FALSE,TRUE,FALSE,pre,TRUE,2009-06-25,2009-09-08,,-33,28184558,615715,,,45.77533111910543,,
AP,2007-01-01,2007,1,60.8035227402248,,35.390507618463,7.72379328313875,3.92641970597817,4.10390658590998,FALSE,TRUE,FALSE,pre,TRUE,2009-06-25,2009-09-08,,-32,29706066,587311,,,50.57978822123202,,
AP,2007-02-01,2007,2,59.5157108314605,,61.0742319642673,4.4019417680959,3.95786013622854,4.11198479509397,FALSE,TRUE,FALSE,pre,TRUE,2009-06-25,2009-09-08,,-31,25985513,587311,59.26550554291023,4.082027442705328,44.244894102102634,268.1209200307155,5.591438072897847
AP,2007-03-01,2007,3,61.4061360521092,,30.3855234774246,3.67196556638953,3.85041670773258,4.02232200576411,FALSE,TRUE,FALSE,pre,TRUE,2009-06-25,2009-09-08,,-30,22737898,587311,59.94006824634377,4.093345200465509,38.7152598878618,260.12440905056206,5.561160012920971
AP,2007-04-01,2007,4,58.3907980663793,,-32.8123289145383,2.9891650400149,3.85885375730724,4.24390147173925,FALSE,TRUE,FALSE,pre,TRUE,2009-06-25,2009-09-08,,-29,22990252,587311,59.90604491666753,4.092777416835447,39.14493683925552,258.4321647264547,5.554633240657458
AP,2007-05-01,2007,5,61.2023889917051,,44.5158245692975,-1.80744612018977,3.85205567580258,4.23404876281512,FALSE,TRUE,FALSE,pre,TRUE,2009-06-25,2009-09-08,,-28,22832590,587311,60.426173382510285,4.101422345226164,38.87648962815272,257.33669979771014,5.550385343386551
AP,2007-06-01,2007,6,62.0345592693345,,7.35553990658263,-5.11456066805924,3.93049323495307,4.34886674399448,FALSE,TRUE,FALSE,pre,TRUE,2009-06-25,2009-09-08,,-27,25287024,587311,60.558852658535564,4.1036156634169565,43.055594054938524,254.61696273354323,5.539760308937512
AP,2007-07-01,2007,7,63.6001576504121,,62.0981966508784,6.2602728152736,3.83742056674651,4.01154176833533,FALSE,TRUE,FALSE,pre,TRUE,2009-06-25,2009-09-08,,-26,22950450,587311,61.02495847690012,4.111282935851101,39.07716695243236,243.11434146474355,5.493531873678019
AP,2007-08-01,2007,8,59.5381869584854,,10.178074568592,-2.05564805946265,4.01192005514866,4.20609130316808,FALSE,TRUE,FALSE,pre,TRUE,2009-06-25,2009-09-08,,-25,29388487,587311,61.02870449807093,4.111344319034213,50.03905426596812,248.90850162860903,5.517085365594592
AP,2007-09-01,2007,9,61.5266938885681,,9.33095377259207,-3.37285266452834,3.86719422855176,4.03407645092381,FALSE,TRUE,FALSE,pre,TRUE,2009-06-25,2009-09-08,,-24,26734838,587311,61.04879747081408,4.111673502914954,45.52075135660664,255.71399309735386,5.544059605466809
AP,2007-10-01,2007,10,60.6884838783824,,-9.82237299405917,2.89634204588233,3.92500687809439,4.31368124064084,FALSE,TRUE,FALSE,pre,TRUE,2009-06-25,2009-09-08,,-23,28096162,587311,61.43174510614793,4.117926722816417,47.838644261728454,264.4077005198268,5.577492232061086
AP,2007-11-01,2007,11,62.1681968671038,,33.2841632016,8.20529144792165,3.95493229366311,4.07704295067563,FALSE,TRUE,FALSE,pre,TRUE,2009-06-25,2009-09-08,,-22,30110766,587311,61.59271308538105,4.120543569473689,51.26886096122838,276.8000718529025,5.6232954833276665
AP,2007-12-01,2007,12,60.4804318181328,,40.0082949588865,45.5654569396868,3.8138598821914,3.98193620548284,FALSE,TRUE,FALSE,pre,TRUE,2009-06-25,2009-09-08,,-21,26618961,587311,61.3336918435141,4.116329314198479,45.32345043767271,279.06792823563666,5.631455222565889
AP,2008-01-01,2008,1,61.8118509330409,,10.9095388311072,-4.20768399681132,3.84964670502386,4.04645127532025,FALSE,TRUE,FALSE,pre,TRUE,2009-06-25,2009-09-08,,-20,29972100,613166,61.035640723952234,4.11145796771477,48.880890329861735,288.87165161306604,5.665982477399945
AP,2008-02-01,2008,2,61.5786894253806,,-2.81350624712905,-22.088999031776,3.90063558510568,4.40233173562089,FALSE,TRUE,FALSE,pre,TRUE,2009-06-25,2009-09-08,,-19,26895777,613166,61.37572446843477,4.117014390011369,43.86377750886383,282.6963748559617,5.644373441327484
AP,2008-03-01,2008,3,62.0884221976386,,48.973700432147,4.35775578548288,3.82248547834043,4.04589752640932,FALSE,TRUE,FALSE,pre,TRUE,2009-06-25,2009-09-08,,-18,24033080,613166,61.46934585327985,4.118538609139175,39.195063000883934,276.37068650023906,5.6217430316392205
AP,2008-04-01,2008,4,65.9491361190873,,23.4178439622581,-20.7044575196475,3.92803416527348,4.16925262566468,FALSE,TRUE,FALSE,pre,TRUE,2009-06-25,2009-09-08,,-17,26956979,613166,62.346121226730666,4.132701460515412,43.96359061004687,272.4956328485575,5.6076225877310515
AP,2008-05-01,2008,5,66.069746122121,,40.4217895220096,9.54663060773172,3.92622569173657,4.11771493588867,FALSE,TRUE,FALSE,pre,TRUE,2009-06-25,2009-09-08,,-16,26806549,613166,62.9963794359002,4.143077255468685,43.71825737239182,264.9450292597209,5.579522367712473
AP,2008-06-01,2008,6,64.0496902818709,,59.8139927153425,7.11916637311638,3.85115256064649,4.10707735586908,FALSE,TRUE,FALSE,pre,TRUE,2009-06-25,2009-09-08,,-15,25963944,613166,63.59125584652322,4.1524759742040285,42.34406995821686,261.96564878026504,5.568213383639524
AP,2008-07-01,2008,7,67.2769634435938,,34.9434938750041,2.97640089381949,3.93270786769016,4.18682674634381,FALSE,TRUE,FALSE,pre,TRUE,2009-06-25,2009-09-08,,-14,28099495,613166,64.50210793161537,4.166697904378027,45.82689679466898,258.9116552450723,5.556486904072016
AP,2008-08-01,2008,8,66.6654759379163,,19.7220088125849,-20.8040004830051,3.81441861040637,4.04115857913551,FALSE,TRUE,FALSE,pre,TRUE,2009-06-25,2009-09-08,,-13,26650929,613166,65.34990568370465,4.1797559968205995,43.464459868942505,258.51233760515095,5.554943420489055
AP,2008-09-01,2008,9,66.6002738921699,,19.7660589812295,-17.7465133150529,4.01683957704476,4.1891242747015,FALSE,TRUE,FALSE,pre,TRUE,2009-06-25,2009-09-08,,-12,34428115,613166,66.10188096612653,4.191197202823818,56.148114866121084,275.4653894703881,5.618461992644437
AP,2008-10-01,2008,10,67.3177075267379,,64.9601985470144,9.24538982690619,3.96690669211154,4.23151272156116,FALSE,TRUE,FALSE,pre,TRUE,2009-06-25,2009-09-08,,-11,32697353,613166,66.32997620073496,4.19464192473648,53.32545020434923,284.8272490646905,5.651882852856666
AP,2008-11-01,2008,11,66.6363718461668,,36.5316785416723,-16.5917964192141,3.96691231612368,4.28468698202986,FALSE,TRUE,FALSE,pre,TRUE,2009-06-25,2009-09-08,,-10,34201453,613166,66.42441382140926,4.196064666938656,55.77845640495396,296.8874480972526,5.693353104342701
AP,2008-12-01,2008,12,64.0489261523081,,-40.3247555378631,-36.3589658157587,4.02786093785926,4.21025237731856,FALSE,TRUE,FALSE,pre,TRUE,2009-06-25,2009-09-08,,-9,36441370,613166,66.42428646648213,4.196062749645873,59.43149163521787,313.97486977425365,5.749312950139405
AP,2009-01-01,2009,1,65.3001980245774,,-53.9923133052027,-15.7010524111945,4.00031939589604,4.17843540448068,FALSE,TRUE,FALSE,pre,TRUE,2009-06-25,2009-09-08,,-8,37665192,626609,66.09482556331272,4.191090461846592,60.10956114578629,328.2575341253709,5.793798465319719
AP,2009-02-01,2009,2,65.3114835363129,,7.57376638738564,-7.0518086543987,3.8637602061615,4.05545538497096,FALSE,TRUE,FALSE,pre,TRUE,2009-06-25,2009-09-08,,-7,28112442,626609,65.8691601630455,4.187670352655509,44.86440826735652,329.65748252378495,5.798054183690253
AP,2009-03-01,2009,3,66.2905331200782,,10.4929957373106,0.299875767652731,4.018076798975,4.21153748215872,FALSE,TRUE,FALSE,pre,TRUE,2009-06-25,2009-09-08,,-6,31204998,626609,65.81753670103022,4.186886318035627,49.79979221492191,323.3091598725858,5.778609016753743
AP,2009-04-01,2009,4,67.2219270461311,,28.3699836589139,4.98071970096772,3.99403481067151,4.0958703116933,FALSE,TRUE,FALSE,pre,TRUE,2009-06-25,2009-09-08,,-5,31081117,626609,65.80157328759574,4.18664374819126,49.60209157544816,319.5858012436847,5.767025786258433
AP,2009-05-01,2009,5,66.6201258179096,,10.8299228347838,-7.8222508990435,4.09432155143543,4.17742150302762,FALSE,TRUE,FALSE,pre,TRUE,2009-06-25,2009-09-08,,-4,33846207,626609,65.79886561621954,4.18660259830758,54.01487530501477,317.82222014374554,5.7614921702982755
AP,2009-06-01,2009,6,67.5654464433518,,-24.8009548289523,-9.46195183781338,3.91441718376685,4.0488304710245,FALSE,TRUE,FALSE,pre,TRUE,2009-06-25,2009-09-08,,-3,29741201,626609,66.38495233139349,4.195470409284694,47.46373097098829,305.8544594795159,5.723109366192106
AP,2009-07-01,2009,7,71.3091531993258,,-8.24612169868464,-8.49546329943568,4.05185611665392,4.14567077211136,FALSE,TRUE,FALSE,pre,TRUE,2009-06-25,2009-09-08,,-2,33901251,626609,67.38644486051824,4.210443882862856,54.10271955876791,299.84761789249757,5.703274405252456
AP,2009-08-01,2009,8,71.1535788399087,,11.0302422503265,-3.78331980447783,4.01610929177241,4.19599840485307,FALSE,TRUE,FALSE,pre,TRUE,2009-06-25,2009-09-08,,-1,34726657,626609,68.36012741111753,4.224789722071246,55.41997800861462,310.40318763375564,5.737872057694979
AP,2009-09-01,2009,9,70.2593638279976,,0.894088977041193,-3.91512586990747,3.99730909142413,4.12415223614211,FALSE,TRUE,FALSE,post,FALSE,2009-06-25,2009-09-08,,0,35801772,626609,69.02159919577076,4.234419487435785,57.13574493823102,317.7391403570648,5.76123073279651
AP,2009-10-01,2009,10,73.6157935487202,,-6.14063645486082,4.12829315649768,3.96924728083116,4.15917475517847,FALSE,TRUE,FALSE,post,FALSE,2009-06-25,2009-09-08,,1,35094108,626609,70.08724361286895,4.2497408033424255,56.00638994971346,324.1434387313301,5.781186129957961
AP,2009-11-01,2009,11,68.2545822876645,,15.872728519861,-2.32659232739234,4.08992288279713,4.10250300536442,FALSE,TRUE,FALSE,post,FALSE,2009-06-25,2009-09-08,,2,41452472,626609,70.35965302449478,4.253619988425912,66.15364924538268,336.28221267169795,5.817950726094676
AP,2009-12-01,2009,12,76.6214315264705,,37.7721659290094,16.752347287209,4.17390638434323,4.29115722669297,FALSE,TRUE,FALSE,post,FALSE,2009-06-25,2009-09-08,,3,45280959,626609,71.86898387168122,4.274844792959382,72.26349924753714,361.08198094824684,5.889105026590397
AP,2010-01-01,2010,1,75.9083020099417,,68.3630223930069,10.1148645132065,3.97058581587692,4.15849385610143,FALSE,TRUE,FALSE,post,FALSE,2009-06-25,2009-09-08,,4,40688138,669526,72.63550867345054,4.285453902445511,60.7715577886445,367.75081917812344,5.90740558701985
AP,2010-02-01,2010,2,74.2327599964159,,133.444645633163,14.9468746628242,3.84639808792559,4.01683342545265,FALSE,TRUE,FALSE,post,FALSE,2009-06-25,2009-09-08,,5,30956839,669526,73.1487055328684,4.292494431244872,46.23694822904562,358.5677893985544,5.882117733931317
AP,2010-03-01,2010,3,76.7188265380531,,0.651340148211734,-1.3756005525429,4.62633149371772,4.61466625201813,FALSE,TRUE,FALSE,post,FALSE,2009-06-25,2009-09-08,,6,63624721,669526,74.22528265121099,4.3071048286750555,95.0294999746089,396.4615444349323,5.982579048817541
AP,2010-04-01,2010,4,76.6619257724317,,39.4290291463738,6.56531923606521,4.08485639791531,4.14955809320255,FALSE,TRUE,FALSE,post,FALSE,2009-06-25,2009-09-08,,7,38404043,669526,74.7329713551629,4.313921378360934,57.36004725731338,397.8152017425322,5.985987580225995
AP,2010-05-01,2010,5,81.7706217089963,,-8.11253054819915,0.222177845312204,4.02443809734997,4.10517929878926,FALSE,TRUE,FALSE,post,FALSE,2009-06-25,2009-09-08,,8,35364719,669526,76.98564459205153,4.343618970603269,52.820531241505186,384.48208373865475,5.9518971916016845
AP,2010-06-01,2010,6,76.443633449539007,,20.1885503718466,-8.592052290169,4.06172162617901,4.17602764554025,FALSE,TRUE,FALSE,post,FALSE,2009-06-25,2009-09-08,,9,38637291,669526,76.95601157922962,4.343233980420301,57.70842506489666,369.92700955601424,5.913305714707462
AP,2010-07-01,2010,7,77.4228185134591,,-16.4934815312271,-35.1667195675644,3.93077093709351,4.04120997664157,FALSE,TRUE,FALSE,post,FALSE,2009-06-25,2009-09-08,,10,33703708,669526,77.20843099648252,4.346508660866771,50.33965521876671,359.4951069861365,5.884700566459676
AP,2010-08-01,2010,8,75.7744799512025,,28.8218567214092,2.22876022937078,4.01686941668028,4.16575877501202,FALSE,TRUE,FALSE,post,FALSE,2009-06-25,2009-09-08,,11,38849942,669526,77.46538432228029,4.349831182673673,58.02603931736781,371.28419807445863,5.9169678018999665
AP,2010-09-01,2010,9,78.3386158668338,,9.96020005502778,21.2540850422516,4.02837505901974,4.22015538097272,FALSE,TRUE,FALSE,post,FALSE,2009-06-25,2009-09-08,,12,41090088,669526,77.7353492104104,4.353310098710523,61.37190788707235,337.6266059869221,5.821940568819488
AP,2010-10-01,2010,10,76.4526826423976,,33.2755587745554,-6.30285335171895,3.99256591454161,4.1645522259577,FALSE,TRUE,FALSE,post,FALSE,2009-06-25,2009-09-08,,13,40461565,669526,77.70047535540472,4.352861375185064,60.43314972084728,340.699708450456,5.831001468929707
AP,2010-11-01,2010,11,78.953327855667,,-10.3317530159238,0.661331716415756,4.00845301646524,4.29992548696204,FALSE,TRUE,FALSE,post,FALSE,2009-06-25,2009-09-08,,14,43435281,669526,77.23092637984983,4.34679997758692,64.87467402311486,352.7538512320657,5.865770508411286
AP,2010-12-01,2010,12,79.2142956615455,,21.4104825054494,22.4211123009045,3.97576330983888,4.2406783593876,FALSE,TRUE,FALSE,post,FALSE,2009-06-25,2009-09-08,,15,42165584,669526,77.69270341518425,4.3527613458235646,62.978262233281455,358.02368840045045,5.8805991529279895
AP,2011-01-01,2011,1,76.6924761962785,119.290593683114,8.66715294479173,-7.817640816004,3.93741233135652,4.13305195188204,FALSE,TRUE,FALSE,post,FALSE,2009-06-25,2009-09-08,,16,42547631,684309,77.57097969565416,4.351193384249687,62.176050585334984,369.86008376701875,5.913124782139749
AP,2011-02-01,2011,2,78.2056863659699,121.0202590199,28.1077419635302,4.64807810085606,3.96278805450207,4.31816670170489,FALSE,TRUE,FALSE,post,FALSE,2009-06-25,2009-09-08,,17,37409788,684309,77.97618076478206,4.356403405242723,54.66797601668252,366.5020204663335,5.904004034180088
AP,2011-03-01,2011,3,74.9365980904197,125.657192958512,24.0832805257526,-22.1201071323505,3.94751528045811,4.21270318722056,FALSE,TRUE,FALSE,post,FALSE,2009-06-25,2009-09-08,,18,34828245,684309,77.40917780204637,4.349105349819903,50.89549457920325,356.02560715846437,5.875002658485582
AP,2011-04-01,2011,4,76.3318614449836,128.939726819323,18.2268526334835,7.50699414763411,3.95318561497025,4.1707926117175,FALSE,TRUE,FALSE,post,FALSE,2009-06-25,2009-09-08,,19,36879065,684309,77.3890409358107,4.348845180594268,53.8924155608066,349.48487299842367,5.856460278901482
AP,2011-05-01,2011,5,75.5367587358358,129.765074702163,52.6631232744803,11.8804310215762,3.92650909345392,4.17762168894188,FALSE,TRUE,FALSE,post,FALSE,2009-06-25,2009-09-08,,20,34929725,684309,76.81961274917217,4.34145998188933,51.04379015912402,335.65398913443283,5.816080835118048
AP,2011-06-01,2011,6,79.6538353976189,133.750409124235,102.191881509677,22.7565010218171,4.04207826224445,4.28212889289047,FALSE,TRUE,FALSE,post,FALSE,2009-06-25,2009-09-08,,21,41357473,684309,76.89286937185106,4.342413146228547,60.43683920568048,333.1125661068319,5.80848046921588
AP,2011-07-01,2011,7,75.7175281407487,131.547283838772,75.633975268818,24.9216981684555,3.94779929878343,4.22374536095009,FALSE,TRUE,FALSE,post,FALSE,2009-06-25,2009-09-08,,22,37583200,684309,76.73037802926277,4.340297692923987,54.92138785256368,325.8579033740606,5.786461407123074
AP,2011-08-01,2011,8,78.6019458724569,137.689664755325,46.9234898390213,39.0339876683997,4.07192388259515,4.21818908689541,FALSE,TRUE,FALSE,post,FALSE,2009-06-25,2009-09-08,,23,45118892,684309,76.79642128034394,4.341158041155722,65.93350664685106,337.12343400422907,5.820449136300359
BA,2006-09-01,2006,9,75.8473375381613,,,,4.27530339096756,4.31126788179014,FALSE,TRUE,FALSE,pre,TRUE,2009-06-25,2009-09-08,,-36,905653324,13950146,,,64.92070577612593,,
BA,2006-10-01,2006,10,75.9775117708977,,,,4.15085868599933,4.19418351585957,FALSE,TRUE,FALSE,pre,TRUE,2009-06-25,2009-09-08,,-35,831094282,13950146,,,59.57602751971198,,
BA,2006-11-01,2006,11,78.0410377279082,,,,4.08116137830775,4.13378232325115,FALSE,TRUE,FALSE,pre,TRUE,2009-06-25,2009-09-08,,-34,727267253,13950146,,,52.13330763706703,,
BA,2006-12-01,2006,12,78.3683145210624,,,,4.11886493610905,4.14576185631203,FALSE,TRUE,FALSE,pre,TRUE,2009-06-25,2009-09-08,,-33,820560655,13950146,,,58.820936712777055,,
BA,2007-01-01,2007,1,79.675044635049,,31.3697348314034,-2.6766795710535,4.03693422059858,4.07515872845132,FALSE,TRUE,FALSE,pre,TRUE,2009-06-25,2009-09-08,,-32,710396344,14080654,,,50.451942360063676,,
BA,2007-02-01,2007,2,79.9295096704396,,31.5544819923394,1.36319668521408,4.03652112279245,4.09851422131633,FALSE,TRUE,FALSE,pre,TRUE,2009-06-25,2009-09-08,,-31,680881086,14080654,77.97312597725303,4.356364228569313,48.355785604844776,334.2587056105904,5.811915260850332
BA,2007-03-01,2007,3,79.6225585061041,,35.1949896652571,-6.41263549406963,4.04076196809149,4.09250843617941,FALSE,TRUE,FALSE,pre,TRUE,2009-06-25,2009-09-08,,-30,649212449,14080654,78.60232947191017,4.364401336043195,46.10669710369987,315.4446969381644,5.75398337957443
BA,2007-04-01,2007,4,80.2171371884672,,41.0363923938753,-0.626131733881289,4.08481541278948,4.13776586318476,FALSE,TRUE,FALSE,pre,TRUE,2009-06-25,2009-09-08,,-29,731843777,14080654,79.30893370817175,4.3733507793972555,51.97512679453668,307.8437962129891,5.729592499174269
BA,2007-05-01,2007,5,81.820398778913,,29.3682073894906,2.62756078319834,4.02796086104391,4.09652674539411,FALSE,TRUE,FALSE,pre,TRUE,2009-06-25,2009-09-08,,-28,677520308,14080654,79.93882721667255,4.381261682380871,48.117105071966115,303.8275936478882,5.716460414371092
BA,2007-06-01,2007,6,83.6582435254349,,40.7922598615908,14.8338785682664,4.06246028763681,4.1240523426982,FALSE,TRUE,FALSE,pre,TRUE,2009-06-25,2009-09-08,,-27,724821289,14080654,80.82048205073464,4.392230424130617,51.476393710121705,296.4830506452328,5.691990052032254
BA,2007-07-01,2007,7,81.9144261337493,,25.1082944283493,1.2962776453616,4.07548438426656,4.13726487979413,FALSE,TRUE,FALSE,pre,TRUE,2009-06-25,2009-09-08,,-26,715109186,14080654,81.19371230051802,4.396837809446724,50.78664570551908,296.81775399068823,5.693118327532124
BA,2007-08-01,2007,8,83.6150371220042,,25.9236144941857,0.0371047969772809,4.07394921859889,4.13603070001592,FALSE,TRUE,FALSE,pre,TRUE,2009-06-25,2009-09-08,,-25,748483569,14080654,81.80796687577879,4.404374633435581,53.15687531275181,301.61884369859524,5.709164113288811
BA,2007-09-01,2007,9,84.3596523425711,,27.1603521741785,4.61808393189794,4.07878075871229,4.1539150445635,FALSE,TRUE,FALSE,pre,TRUE,2009-06-25,2009-09-08,,-24,782676630,14080654,82.59748251518995,4.413979202038133,55.58524696367086,311.09739355856624,5.7401060257218095
BA,2007-10-01,2007,10,83.2686521999825,,63.9167185973231,23.0023043546567,4.02718759769823,4.11614258102534,FALSE,TRUE,FALSE,pre,TRUE,2009-06-25,2009-09-08,,-23,764716970,14080654,83.1060683504425,4.420117723869629,54.309762174399005,313.4320289384286,5.747582522971981
BA,2007-11-01,2007,11,83.822367228322,,-5.27913199104142,-3.88764446272921,4.07417978444189,4.14980908607561,FALSE,TRUE,FALSE,pre,TRUE,2009-06-25,2009-09-08,,-22,761360636,14080654,83.43972975867733,4.424124571937001,54.0713972518606,319.38632111832305,5.766401408058317
BA,2007-12-01,2007,12,85.8688274601461,,69.1499160840155,36.1690522900301,4.10723298701141,4.14106865757067,FALSE,TRUE,FALSE,pre,TRUE,2009-06-25,2009-09-08,,-21,842644713,14080654,83.80816041446253,4.428530382394472,59.844145946630036,327.7540733548314,5.792263550804051
BA,2008-01-01,2008,1,87.758005586486,,25.9217693406374,5.64197420363695,4.12423485062801,4.17385783620528,FALSE,TRUE,FALSE,pre,TRUE,2009-06-25,2009-09-08,,-20,836969082,14502563,84.78209032325198,4.440084321473949,57.71180459619448,334.6792322455068,5.81317255742903
BA,2008-02-01,2008,2,83.8005883597081,,25.2587666235978,10.2065389542972,4.23902028359346,4.29703225983602,FALSE,TRUE,FALSE,pre,TRUE,2009-06-25,2009-09-08,,-19,902103563,14502563,84.81301552953596,4.440449016038349,62.20304390334315,343.7254008360981,5.839843085216078
BA,2008-03-01,2008,3,87.6956729741051,,43.7350067808201,15.0769384503974,4.16303220818566,4.21073906036048,FALSE,TRUE,FALSE,pre,TRUE,2009-06-25,2009-09-08,,-18,793120983,14502563,85.36901896812496,4.446983259426668,54.68833219341988,342.8284860658472,5.837230281479583
BA,2008-04-01,2008,4,87.2856459670839,,61.1280359971066,8.13317733272402,4.08935959050658,4.1553767542967,FALSE,TRUE,FALSE,pre,TRUE,2009-06-25,2009-09-08,,-17,800952520,14502563,86.03851792930853,4.454795078882837,55.22834274190017,343.7470666333483,5.839906115514112
BA,2008-05-01,2008,5,87.6326364338339,,46.9499574444562,17.4470809876437,4.0774871824433,4.15401227234759,FALSE,TRUE,FALSE,pre,TRUE,2009-06-25,2009-09-08,,-16,783595922,14502563,86.67356279689385,4.462148909915226,54.03154752715089,343.7072169086386,5.839790181332862
BA,2008-06-01,2008,6,88.6207099042403,,46.2363146347849,3.77184015305137,4.16411309695211,4.22382768503545,FALSE,TRUE,FALSE,pre,TRUE,2009-06-25,2009-09-08,,-15,873972661,14502563,87.13220987090955,4.467426618838004,60.26332455856251,344.12639552057107,5.841009018726822
BA,2008-07-01,2008,7,89.0607972670059,,37.5466761186728,-15.9236060784889,4.09725961607506,4.17465782314319,FALSE,TRUE,FALSE,pre,TRUE,2009-06-25,2009-09-08,,-14,801596939,14502563,87.34934181766286,4.4699155015506795,55.272777577315125,341.6873685016917,5.833896191805513
BA,2008-08-01,2008,8,90.3814103654298,,17.6844944231049,0.298806525593559,4.15304452504951,4.22216054152877,FALSE,TRUE,FALSE,pre,TRUE,2009-06-25,2009-09-08,,-13,886471708,14502563,88.44614548528315,4.482393841197019,61.12517546036518,340.60950005871376,5.830736659967366
BA,2008-09-01,2008,9,91.1936798132631,,8.10392890351224,3.73107786302576,4.09458900148809,4.17243397087109,FALSE,TRUE,FALSE,pre,TRUE,2009-06-25,2009-09-08,,-12,866868642,14502563,89.02914662514281,4.488963806289083,59.773478798195875,345.6946466634897,5.845555861310106
BA,2008-10-01,2008,10,91.4896845271571,,-11.6521680483061,-10.9740904732135,4.09677001322525,4.17194957222849,FALSE,TRUE,FALSE,pre,TRUE,2009-06-25,2009-09-08,,-11,880348525,14502563,89.72981971848834,4.496803152152575,60.702961607544815,351.1692655291344,5.861268345201244
BA,2008-11-01,2008,11,91.1586039344153,,-15.6056201511856,-8.07181088350659,4.09039989849707,4.1708584646961,FALSE,TRUE,FALSE,pre,TRUE,2009-06-25,2009-09-08,,-10,851607922,14502563,90.31748096858524,4.503331029379234,58.721201349030515,355.85891935101404,5.874534358349003
BA,2008-12-01,2008,12,87.8691181765921,,0.686586501208279,3.89921111742096,3.96705584739447,4.00098762287771,FALSE,TRUE,FALSE,pre,TRUE,2009-06-25,2009-09-08,,-9,790376266,14502563,90.19221568064388,4.501943122686412,54.499074818706184,350.0946696111577,5.858203602512402
BA,2009-01-01,2009,1,88.6452528530744,,-13.5808303663529,2.30952805501616,4.02246409663434,4.20501857585953,FALSE,TRUE,FALSE,pre,TRUE,2009-06-25,2009-09-08,,-8,813399486,14637364,90.12295827832196,4.501174941016427,55.57007983131389,350.39197186515645,5.859052447456036
BA,2009-02-01,2009,2,89.731909438728,,21.9382530919693,0.496189091600299,4.05502935677919,4.27410495545388,FALSE,TRUE,FALSE,pre,TRUE,2009-06-25,2009-09-08,,-7,803161764,14637364,90.01470812387166,4.499973080576657,54.870655945974974,344.13745235076624,5.841041148353361
BA,2009-03-01,2009,3,90.7485350608234,,17.453716582387,3.23361423985216,3.99003702108862,4.21013294190931,FALSE,TRUE,FALSE,pre,TRUE,2009-06-25,2009-09-08,,-6,715810870,14637364,89.94051733179838,4.499148533291756,48.90299031984174,333.26696387241213,5.808943862106558
BA,2009-04-01,2009,4,92.4173456452243,,0.317250430380904,11.9001584296882,3.98770982679201,4.2092631396372,FALSE,TRUE,FALSE,pre,TRUE,2009-06-25,2009-09-08,,-5,778834330,14637364,90.09512751814292,4.500866084552024,53.208646720816674,325.772648985684,5.786199742323735
BA,2009-05-01,2009,5,94.3550145468969,,20.8293464961514,1.63509446076512,4.0772823998812,4.29243704034714,FALSE,TRUE,FALSE,pre,TRUE,2009-06-25,2009-09-08,,-4,839140334,14637364,90.62786262022318,4.50676170020946,57.3286511150505,324.38009875170394,5.781915972491657
BA,2009-06-01,2009,6,94.0036516277085,,32.5240863185868,17.3846054175714,3.99447777528051,4.22474677393283,FALSE,TRUE,FALSE,pre,TRUE,2009-06-25,2009-09-08,,-3,777848973,14637364,91.65028486207592,4.517980082432285,53.14132879390032,323.0223527268981,5.777721524317054
BA,2009-07-01,2009,7,95.6276150857893,,69.8883324547906,23.0712914552205,4.05571802894014,4.28376109017445,FALSE,TRUE,FALSE,pre,TRUE,2009-06-25,2009-09-08,,-2,809588870,14637364,92.81401190086173,4.530597618705275,55.30974497867239,322.76201787425657,5.776915264894883
BA,2009-08-01,2009,8,96.4576957089588,,53.2119437331895,22.8807978687446,4.03504116384716,4.25483709271598,FALSE,TRUE,FALSE,pre,TRUE,2009-06-25,2009-09-08,,-1,826166436,14637364,93.93497627923354,4.5426028011960335,56.44229630417061,324.33365823245225,5.78177279526185
BA,2009-09-01,2009,9,98.0503922076609,,60.2767455776476,23.9478887296369,4.05035888787351,4.27258800858182,FALSE,TRUE,FALSE,post,FALSE,2009-06-25,2009-09-08,,0,866991524,14637364,95.15195247037312,4.555475113451472,59.23139740188192,334.6620653144924,5.813121262428764
BA,2009-10-01,2009,10,99.7254378558982,,63.5503905334712,15.0737212168364,4.08650536038597,4.30841134788207,FALSE,TRUE,FALSE,post,FALSE,2009-06-25,2009-09-08,,1,904423928,14637364,96.36996783881877,4.568194616137072,61.78871605570511,343.24213464938083,5.838436130035596
BA,2009-11-01,2009,11,98.9726406838832,,79.5105718903544,23.8211476677949,4.09533516804621,4.32034826260324,FALSE,TRUE,FALSE,post,FALSE,2009-06-25,2009-09-08,,2,906409670,14637364,97.13957219498315,4.576148832903198,61.92437859712992,347.83786213146027,5.851736457787751
BA,2009-12-01,2009,12,101.060360271545,,82.2447183180804,24.0197761971551,3.98513892288033,4.26861202798573,FALSE,TRUE,FALSE,post,FALSE,2009-06-25,2009-09-08,,3,841275446,14637364,98.31569030228923,4.588183630919213,57.474518362732525,352.1710517002925,5.864116999896735
BA,2010-01-01,2010,1,101.309568938524,,96.3973461335617,26.4775780955816,4.24445728541596,4.41436598127968,FALSE,TRUE,FALSE,post,FALSE,2009-06-25,2009-09-08,,4,1026977467,14016906,99.26268261107835,4.597769695898049,73.26705815106415,370.12836487268424,5.913849877559585
BA,2010-02-01,2010,2,100.676454200855,,59.5837654913336,24.6557600453021,4.14228386329661,4.37482316451373,FALSE,TRUE,FALSE,post,FALSE,2009-06-25,2009-09-08,,5,880316561,14016906,99.96580902639438,4.604828217787575,62.80391414481912,376.4899827133327,5.930891440546904
BA,2010-03-01,2010,3,105.496876179666,,61.1192230408632,25.2513543572539,4.170205084023,4.37981685740227,FALSE,TRUE,FALSE,post,FALSE,2009-06-25,2009-09-08,,6,864714059,14016906,101.20688968839524,4.617166834460886,61.69079388846583,378.9493791999166,5.937402632045631
BA,2010-04-01,2010,4,101.025130412425,,48.7563283327062,11.3348525531212,4.24812292848089,4.44285722451139,FALSE,TRUE,FALSE,post,FALSE,2009-06-25,2009-09-08,,7,1022120650,14016906,101.42350511448304,4.6193048701570065,72.92056107103808,390.0812242152496,5.9663549846576744
BA,2010-05-01,2010,5,102.813349090744,,71.8235462370127,18.4899952614233,4.43041382260805,4.60604490866477,FALSE,TRUE,FALSE,post,FALSE,2009-06-25,2009-09-08,,8,1220407265,14016906,102.06362318229317,4.625596375518074,87.06680811014927,415.22365372826897,6.028817299709396
BA,2010-06-01,2010,6,102.083759557318,,35.5078786558314,10.1542211762196,4.17915115813212,4.39038978189439,FALSE,TRUE,FALSE,post,FALSE,2009-06-25,2009-09-08,,9,937483744,14016906,102.23418972992201,4.627266159299195,66.88235934520785,424.6314947107443,6.051221721531854
BA,2010-07-01,2010,7,102.331003861055,,41.3061270160098,24.925032755683,4.19199583055326,4.40839680800591,FALSE,TRUE,FALSE,post,FALSE,2009-06-25,2009-09-08,,10,926473564,14016906,102.40442888367717,4.628929962487278,66.0968664554075,417.46130301508765,6.034191852606157
BA,2010-08-01,2010,8,103.900335037364,,55.2711443116597,25.808054124585,4.15800267307167,4.37894641008115,FALSE,TRUE,FALSE,post,FALSE,2009-06-25,2009-09-08,,11,928036955,14016906,102.94174235642866,4.63416322002297,66.20840255331669,420.8657914235852,6.042313997642435
BA,2010-09-01,2010,9,106.606352741636,,68.25380180713,10.2441609967622,4.20141056470871,4.41925230032518,FALSE,TRUE,FALSE,post,FALSE,2009-06-25,2009-09-08,,12,1000943240,14016906,103.12665511675701,4.635957894143089,71.4097133846799,430.58471091979925,6.065144077843319
BA,2010-10-01,2010,10,108.652966386573,,69.7109881003871,14.8613631850286,4.17283448684819,4.40350346204874,FALSE,TRUE,FALSE,post,FALSE,2009-06-25,2009-09-08,,13,980627669,14016906,104.39796111244833,4.648210145683584,69.96035137854246,427.62450122730365,6.058245476918377
BA,2010-11-01,2010,11,110.063166786781,,47.8478081965937,12.0355036671314,4.17202819905533,4.39811324207832,FALSE,TRUE,FALSE,post,FALSE,2009-06-25,2009-09-08,,14,998930755,14016906,105.60626406178784,4.659717688279803,71.26613783384151,411.8238309509959,6.0205956631256745
BA,2010-12-01,2010,12,111.955704626065,,0.80213616484374,-29.5924031414387,4.18496053355435,4.4316155045196,FALSE,TRUE,FALSE,post,FALSE,2009-06-25,2009-09-08,,15,1044064208,14016906,107.25158823991234,4.675177366462229,74.4860676100703,419.42753921585836,6.038890779678452
BA,2011-01-01,2011,1,109.219563210438,113.318174288346,35.247406674798,1.86458981206424,4.21397786630939,4.4015475012889,FALSE,TRUE,FALSE,post,FALSE,2009-06-25,2009-09-08,,16,1072205079,14097534,108.3996814648095,4.685825150484711,76.05621515082,429.38688791127083,6.0623583491407045
BA,2011-02-01,2011,2,111.477344066051,114.680456321353,36.1431490093201,1.52558195820905,4.18083783277949,4.41041483476534,FALSE,TRUE,FALSE,post,FALSE,2009-06-25,2009-09-08,,17,978831191,14097534,109.662516302924,4.697407616119021,69.43279519666348,432.6112805546176,6.069839589357015
BA,2011-03-01,2011,3,110.054947402666,113.188565455734,30.9952686174327,-1.18875566928922,4.22198527983143,4.44054875334252,FALSE,TRUE,FALSE,post,FALSE,2009-06-25,2009-09-08,,18,975699864,14097534,110.23728207976234,4.70263515238742,69.21067642042928,430.412243590367,6.064743455446607
BA,2011-04-01,2011,4,110.984955837442,111.224309978654,23.1723068926031,16.3413081083971,4.20171269057357,4.41105926992953,FALSE,TRUE,FALSE,post,FALSE,2009-06-25,2009-09-08,,19,1045854732,14097534,110.6259469882405,4.706154663637131,74.18706931297346,434.638961524798,6.074515712963766
BA,2011-05-01,2011,5,111.854579944364,112.193278462723,40.5414786045618,19.7335974954321,4.23341305397846,4.46893482851743,FALSE,TRUE,FALSE,post,FALSE,2009-06-25,2009-09-08,,20,1076640705,14097534,110.92451584783767,4.708849932575148,76.37085358332882,439.74367727428535,6.086192005513815
BA,2011-06-01,2011,6,112.60109969074,115.242143894542,104.429292434878,25.9044410253349,4.21758636556909,4.44928374866292,FALSE,TRUE,FALSE,post,FALSE,2009-06-25,2009-09-08,,21,1047828584,14097534,111.03208169195017,4.709819183804674,74.3270833040729,439.5846929682879,6.085830401559911
BA,2011-07-01,2011,7,114.086905869105,113.98060860352,4.74845924290597,-35.8029052971002,4.23909575825314,4.45220902398512,FALSE,TRUE,FALSE,post,FALSE,2009-06-25,2009-09-08,,22,1036557175,14097534,111.84330546839468,4.71709883338132,73.52755276206463,437.0560305795326,6.080061403305702
BA,2011-08-01,2011,8,112.982974539999,117.696485492233,33.1755312656733,0.0486690898547639,4.30498690796532,4.50377468280972,FALSE,TRUE,FALSE,post,FALSE,2009-06-25,2009-09-08,,23,1143332816,14097534,112.09424388071933,4.719339980684104,81.10161791416853,448.7248532970376,6.106409901011259
CE,2006-09-01,2006,9,64.2885939723727,,,,3.88721971602254,3.93759237620596,FALSE,TRUE,FALSE,pre,TRUE,2009-06-25,2009-09-08,,-36,392027652,8217085,,,47.708847115491686,,
CE,2006-10-01,2006,10,64.5641709984827,,,,3.98461714644015,4.03937256280025,FALSE,TRUE,FALSE,pre,TRUE,2009-06-25,2009-09-08,,-35,404934762,8217085,,,49.279612173903516,,
CE,2006-11-01,2006,11,66.5332488956339,,,,3.79223295791521,3.85702419804741,FALSE,TRUE,FALSE,pre,TRUE,2009-06-25,2009-09-08,,-34,334434416,8217085,,,40.699885178259684,,
CE,2006-12-01,2006,12,66.5311944896114,,,,3.74461514709266,3.8006141239047,FALSE,TRUE,FALSE,pre,TRUE,2009-06-25,2009-09-08,,-33,328750736,8217085,,,40.00819463349838,,
CE,2007-01-01,2007,1,66.7500143727052,,48.2385132703023,3.77981382100535,3.73966046343647,3.77464936460661,FALSE,TRUE,FALSE,pre,TRUE,2009-06-25,2009-09-08,,-32,312662837,8185286,,,38.198156667952716,,
CE,2007-02-01,2007,2,67.1014123552375,,28.7150075463277,-2.68051196683044,3.74956989454834,3.81204754571816,FALSE,TRUE,FALSE,pre,TRUE,2009-06-25,2009-09-08,,-31,293946417,8185286,65.96143918067389,4.189070316444785,35.911563383368645,251.80625915247464,5.528659978936228
CE,2007-03-01,2007,3,67.8029010782904,,22.0471893587795,7.15511093277905,3.76625140835845,3.8258693556036,FALSE,TRUE,FALSE,pre,TRUE,2009-06-25,2009-09-08,,-30,281712424,8185286,66.54715703166018,4.197910824644782,34.41693106386264,238.51434310084557,5.474429447307744
CE,2007-04-01,2007,4,66.310133771951,,43.43326149204,10.7524862300542,3.79521321233688,3.86183842916923,FALSE,TRUE,FALSE,pre,TRUE,2009-06-25,2009-09-08,,-29,307238526,8185286,66.83815082723824,4.202274037683783,37.535466201180995,226.77019712812307,5.423937157258421
CE,2007-05-01,2007,5,67.0573946196732,,44.1209458180886,0.935851008739334,3.78866619771046,3.84802833951577,FALSE,TRUE,FALSE,pre,TRUE,2009-06-25,2009-09-08,,-28,300201046,8185286,66.92550844791145,4.2035801866567715,36.67569416633701,222.7460061162004,5.4060321362965755
CE,2007-06-01,2007,6,68.0885290587459,,26.0394923904867,-0.858121645445879,3.82746994610649,3.88181576720102,FALSE,TRUE,FALSE,pre,TRUE,2009-06-25,2009-09-08,,-27,309070556,8185286,67.18506420943388,4.207450964037773,37.75928611413212,220.49709759683412,5.39588453197412
CE,2007-07-01,2007,7,67.1242907650416,,30.9612103215155,-2.74293582479349,3.81304055701817,3.86985629557748,FALSE,TRUE,FALSE,pre,TRUE,2009-06-25,2009-09-08,,-26,323531885,8185286,67.2474436081566,4.208379004497814,39.52603305492319,221.8249739838046,5.4018886654388725
CE,2007-08-01,2007,8,68.701480570756,,38.5636478357727,-4.52672653013678,3.7707692423422,3.82826013767179,FALSE,TRUE,FALSE,pre,TRUE,2009-06-25,2009-09-08,,-25,340031376,8185286,67.51412164407635,4.212336785539092,41.54178314600125,227.4551937464372,5.426953268428584
CE,2007-09-01,2007,9,68.7180471816121,,38.0837443161282,-1.3776348514051,3.78470422607502,3.84126289288164,FALSE,TRUE,FALSE,pre,TRUE,2009-06-25,2009-09-08,,-24,361885142,8185286,67.66664599462997,4.214593384875552,44.21166737484799,237.24993005742255,5.469114142684609
CE,2007-10-01,2007,10,71.2846473642184,,54.9114133124387,9.83573506296414,3.77447342750438,3.83427706826769,FALSE,TRUE,FALSE,pre,TRUE,2009-06-25,2009-09-08,,-23,343196361,8185286,68.4957315933412,4.2267714308207065,41.9284507590816,241.64291461532315,5.487461077005955
CE,2007-11-01,2007,11,70.1658801076836,,49.378334001909,6.84345512592608,3.85873903034427,3.90806084642409,FALSE,TRUE,FALSE,pre,TRUE,2009-06-25,2009-09-08,,-22,373060396,8185286,69.01381250800961,4.234306665839163,45.576953083862925,250.54417353284907,5.5236352464270935
CE,2007-12-01,2007,12,70.0531873327331,,62.9425971421326,26.74750262818,3.84054496003717,3.8888321295097,FALSE,TRUE,FALSE,pre,TRUE,2009-06-25,2009-09-08,,-21,371081310,8185286,69.34125555367413,4.239040047299089,45.33516727454606,258.120054693263,5.553424804958454
CE,2008-01-01,2008,1,73.0014946130079,,41.7647581746605,2.47077983648809,3.86128265138509,3.9080815938274,FALSE,TRUE,FALSE,pre,TRUE,2009-06-25,2009-09-08,,-20,383741580,8450528,70.32078952833518,4.2530674809637095,45.41036725752521,264.004388895865,5.575965727613679
CE,2008-02-01,2008,2,68.4125750646459,,14.321634550145,4.81390093865576,3.90834022248368,3.96159272951835,FALSE,TRUE,FALSE,pre,TRUE,2009-06-25,2009-09-08,,-19,367504625,8450528,70.27263861065018,4.252382514102812,43.48895418132453,265.9515599311883,5.583314186676627
CE,2008-03-01,2008,3,70.4929595120718,,49.3506035927546,9.01655071645611,3.87730709556999,3.93386446955516,FALSE,TRUE,FALSE,pre,TRUE,2009-06-25,2009-09-08,,-18,342462679,8450528,70.56845733239345,4.25658326466885,40.52559544208362,262.26548799842396,5.569357303677153
CE,2008-04-01,2008,4,72.6162488160138,,15.7952429210398,-0.0465640390506845,3.89446667376107,3.9573846618672,FALSE,TRUE,FALSE,pre,TRUE,2009-06-25,2009-09-08,,-17,369209505,8450528,70.79039090769268,4.2597232698458996,43.69070252178325,264.0277397611256,5.576054172479089
CE,2008-05-01,2008,5,74.0771988976956,,51.2713538836313,11.018410458965,3.85318803582726,3.91251244613716,FALSE,TRUE,FALSE,pre,TRUE,2009-06-25,2009-09-08,,-16,348086766,8450528,71.44227737269469,4.268889814177374,41.19112628228674,259.6419129595494,5.559303423876338
CE,2008-06-01,2008,6,73.0982722140559,,107.069523968578,20.4849541530006,3.91426432022994,3.97716282994943,FALSE,TRUE,FALSE,pre,TRUE,2009-06-25,2009-09-08,,-15,374720108,8450528,71.94979151958182,4.275968535755611,44.34280414194237,258.6495498269457,5.55547405597612
CE,2008-07-01,2008,7,74.2416994479909,,79.9583213172096,12.9611587344546,3.89974332209013,3.96046022681352,FALSE,TRUE,FALSE,pre,TRUE,2009-06-25,2009-09-08,,-14,388954296,8450528,72.15649232541232,4.278837264891786,46.027218180923136,259.2664007503437,5.55785610740507
CE,2008-08-01,2008,8,75.4549397022859,,41.3068761590027,4.12857497647253,3.93742048241664,3.99353206487652,FALSE,TRUE,FALSE,pre,TRUE,2009-06-25,2009-09-08,,-13,442326549,8450528,73.33021976501898,4.294972799033155,52.34306649241326,268.12051306143235,5.591436555039442
CE,2008-09-01,2008,9,76.5354757905314,,32.9215596345539,3.10809754175202,3.87031481373987,3.93055266903858,FALSE,TRUE,FALSE,pre,TRUE,2009-06-25,2009-09-08,,-12,423417257,8450528,74.3373058114289,4.308612922773425,50.1054202766975,277.7003378960463,5.626542611078475
CE,2008-10-01,2008,10,74.9708633327502,,23.9107061322383,-7.23863793187951,3.94776314257739,4.00631229148197,FALSE,TRUE,FALSE,pre,TRUE,2009-06-25,2009-09-08,,-11,447458158,8450528,74.72974156421832,4.31387815967606,52.9503195539971,286.9599549282601,5.659342676157734
CE,2008-11-01,2008,11,75.4346394835603,,19.8483789183495,-13.0799134030655,3.89621753811253,3.95019030599372,FALSE,TRUE,FALSE,pre,TRUE,2009-06-25,2009-09-08,,-10,426092556,8450528,74.95598166186244,4.316901030061359,50.42200392685522,296.1908325728286,5.691003951229239
CE,2008-12-01,2008,12,74.3782613959717,,17.3769552517261,-3.53710976409045,3.8507439994572,3.89439009655052,FALSE,TRUE,FALSE,pre,TRUE,2009-06-25,2009-09-08,,-9,405308612,8450528,75.16931319218173,4.319743078419976,47.96251926506841,299.8105476959546,5.703150767491086
CE,2009-01-01,2009,1,76.5495733369144,,16.0044278575864,-5.17436428641262,3.89674569492834,3.9503106428439,FALSE,TRUE,FALSE,pre,TRUE,2009-06-25,2009-09-08,,-8,428874449,8547809,75.55395884033565,4.324847087615071,50.1736116237506,303.9569411387821,5.716886050383341
CE,2009-02-01,2009,2,75.9502926860709,,19.7285579149354,-2.65184773263858,3.85963899827054,3.93248653941845,FALSE,TRUE,FALSE,pre,TRUE,2009-06-25,2009-09-08,,-7,373101979,8547809,75.63651767096648,4.325939204535946,43.648843697841166,295.26271834421,5.687865530675395
CE,2009-03-01,2009,3,76.8054541134177,,50.7421789784655,-1.54632750064272,3.8952876707594,3.9635833472393,FALSE,TRUE,FALSE,pre,TRUE,2009-06-25,2009-09-08,,-6,376288664,8547809,75.6815140581142,4.326533930596811,44.02165092832561,289.1789489958381,5.667045697164432
CE,2009-04-01,2009,4,78.3878065118381,,25.0438888200691,-5.72619687874266,3.83582078854162,3.9119623280393,FALSE,TRUE,FALSE,pre,TRUE,2009-06-25,2009-09-08,,-5,372400445,8547809,76.25100458796219,4.334030590324827,43.566771906110674,279.79540134795167,5.63405862659936
CE,2009-05-01,2009,5,82.4818726258649,,36.7263109898795,9.70940067965045,3.89233785806632,3.9523348282574,FALSE,TRUE,FALSE,pre,TRUE,2009-06-25,2009-09-08,,-4,385055166,8547809,77.42554344501295,4.349316744820916,45.04723561324311,274.4206330343396,5.61466208629869
CE,2009-06-01,2009,6,80.8374791255982,,60.7996466687,9.3914723696419,3.87015929915225,3.93408767096584,FALSE,TRUE,FALSE,pre,TRUE,2009-06-25,2009-09-08,,-3,386161168,8547809,78.50207973328403,4.363125117855049,45.17662572947056,271.63473949874174,5.604458294348832
CE,2009-07-01,2009,7,81.5063735625346,,67.0404513522112,16.3083016211042,3.89839853397516,3.9596850443531,FALSE,TRUE,FALSE,pre,TRUE,2009-06-25,2009-09-08,,-2,411238758,8547809,79.32821310422074,4.373593842217424,48.11042899999286,269.57155687498397,5.596833872266959
CE,2009-08-01,2009,8,81.0216190889743,,90.0853025497921,18.3947788506105,3.93625020718238,3.99553616362818,FALSE,TRUE,FALSE,pre,TRUE,2009-06-25,2009-09-08,,-1,465675558,8547809,80.1734341713713,4.384192215252816,54.478938170003566,280.4016513471464,5.6362230443982515
CE,2009-09-01,2009,9,81.491004219208,,93.1978333954292,12.7947980946803,3.91231011988601,3.97431412447617,FALSE,TRUE,FALSE,post,FALSE,2009-06-25,2009-09-08,,0,455479988,8547809,80.95435918900301,4.39388552906293,53.28616818649083,289.6661686053116,5.6687291171665
CE,2009-10-01,2009,10,85.8156651917347,,103.676016536951,1.27895791068833,3.9349788892547,3.99810040479189,FALSE,TRUE,FALSE,post,FALSE,2009-06-25,2009-09-08,,1,464409247,8547809,82.19233563565246,4.40906205727279,54.33079365718162,300.4301903563826,5.705215415360722
CE,2009-11-01,2009,11,81.4868881559824,,115.394149116666,26.9846591770629,3.9640564470134,4.02507050057586,FALSE,TRUE,FALSE,post,FALSE,2009-06-25,2009-09-08,,2,482007722,8547809,82.02650489067203,4.407042425410619,56.38962241669181,311.77257715983126,5.742274002659083
CE,2009-12-01,2009,12,86.2058171437452,,81.887261558329,19.274256777239,4.07752258599228,4.11920626148456,FALSE,TRUE,FALSE,post,FALSE,2009-06-25,2009-09-08,,3,533696436,8547809,82.92122789369654,4.417891095630835,62.43663563376299,329.0325870641237,5.796156794687485
CE,2010-01-01,2010,1,86.9926563547953,,63.8968547644176,28.9152173347095,4.01845272065206,4.07482943084918,FALSE,TRUE,FALSE,post,FALSE,2009-06-25,2009-09-08,,4,504014691,8452381,83.83560835907332,4.4288578379874455,59.62990676828222,340.55206483241307,5.830568020897291
CE,2010-02-01,2010,2,88.3313054181478,,82.8889966456061,18.6062822788844,4.02078503917448,4.08157636608971,FALSE,TRUE,FALSE,post,FALSE,2009-06-25,2009-09-08,,5,452163021,8452381,85.05388941393556,4.4432850487067155,53.49534302819525,339.56846969060473,5.827675604692762
CE,2010-03-01,2010,3,90.9696998638009,,101.35893073613,32.3560632411441,4.03287914747636,4.09533310348973,FALSE,TRUE,FALSE,post,FALSE,2009-06-25,2009-09-08,,6,453742567,8452381,86.63367202136772,4.461688562414183,53.682218891931164,339.96452039604503,5.8288412603888435
CE,2010-04-01,2010,4,90.7911285904111,,89.8114615100342,16.2046791709958,4.08024159240846,4.13600013253094,FALSE,TRUE,FALSE,post,FALSE,2009-06-25,2009-09-08,,7,494496315,8452381,87.46291592114711,4.471214885483285,58.503789050682876,344.1375157895463,5.841041332694744
CE,2010-05-01,2010,5,90.8099876502124,,88.4113621628179,-1.50395380974423,4.07447816325845,4.12431219968486,FALSE,TRUE,FALSE,post,FALSE,2009-06-25,2009-09-08,,8,483408791,8452381,89.01676583685212,4.48882473218017,57.192025655256195,344.9399190281107,5.8433702541212735
CE,2010-06-01,2010,6,90.6569244623704,,67.2494950116401,-6.81659485941398,4.05744962060554,4.11633401633271,FALSE,TRUE,FALSE,post,FALSE,2009-06-25,2009-09-08,,9,489216795,8452381,89.75861705662298,4.497124034532511,57.87916978659623,340.3824531809439,5.830069847723543
CE,2010-07-01,2010,7,91.7977237995213,,54.2744929821577,-5.10347178205369,4.05558371658806,4.11642063883427,FALSE,TRUE,FALSE,post,FALSE,2009-06-25,2009-09-08,,10,498533946,8452381,90.55946163074398,4.506006669547007,58.98148060292124,339.73402701558297,5.828163037991061
CE,2010-08-01,2010,8,92.5613653488334,,81.7634314385066,16.2235343333649,4.06298407577848,4.12716216262686,FALSE,TRUE,FALSE,post,FALSE,2009-06-25,2009-09-08,,11,541196185,8452381,91.26447161919158,4.513761572975078,64.02884406180932,350.26752804919704,5.858697228359504
CE,2010-09-01,2010,9,93.4850654996017,,58.2278778514388,5.3331224888257,4.06129133811281,4.12443949320535,FALSE,TRUE,FALSE,post,FALSE,2009-06-25,2009-09-08,,12,538465389,8452381,91.68369922515839,4.518344601466973,63.70576397348865,360.2910731307545,5.88691224123494
CE,2010-10-01,2010,10,94.2434496195765,,44.1931843067015,0.306508980251882,4.06271822153231,4.12254990196961,FALSE,TRUE,FALSE,post,FALSE,2009-06-25,2009-09-08,,13,545499228,8452381,92.25908606335261,4.5246007719821115,64.5379364702088,366.32522055028045,5.903521519585684
CE,2010-11-01,2010,11,95.5126970030413,,52.059341267321,10.3245441662331,4.05950199040335,4.1226425531833,FALSE,TRUE,FALSE,post,FALSE,2009-06-25,2009-09-08,,14,552633812,8452381,93.04287095549077,4.533060364951561,65.38202809362238,374.51522298864666,5.925632450965971
CE,2010-12-01,2010,12,98.4555650827479,,82.4429826101608,10.3408544667193,4.13439475718587,4.17956000544728,FALSE,TRUE,FALSE,post,FALSE,2009-06-25,2009-09-08,,15,595578903,8452381,94.34264439222035,4.5469333079086836,70.46285573260363,387.09890893465405,5.958680239017641
CE,2011-01-01,2011,1,97.5657570866131,99.0002507413697,74.6494736848885,2.27201701529479,4.07122705100532,4.13713492833311,FALSE,TRUE,FALSE,post,FALSE,2009-06-25,2009-09-08,,16,569613412,8530155,95.30398327340231,4.55707160698922,66.77644333543763,394.8938716671704,5.978617049476747
CE,2011-02-01,2011,2,98.1239355893754,94.221102222474,72.4446814886986,9.78102818330105,4.05876365858467,4.13182402894739,FALSE,TRUE,FALSE,post,FALSE,2009-06-25,2009-09-08,,17,503252675,8530155,96.23107831349265,4.566752364891027,58.99689689108815,389.86192449644926,5.965792636684128
CE,2011-03-01,2011,3,98.79098305364,95.039691416993,43.514788181082,-0.121443387313544,4.06785516655255,4.13975379946821,FALSE,TRUE,FALSE,post,FALSE,2009-06-25,2009-09-08,,18,507648188,8530155,97.11539790583237,4.575899940540104,59.51218799658388,385.66834851954445,5.954977799413753
CE,2011-04-01,2011,4,98.2266375009343,92.9635705457576,57.0287838008473,13.7086636136662,4.05216551423466,4.13034885390278,FALSE,TRUE,FALSE,post,FALSE,2009-06-25,2009-09-08,,19,517116657,8530155,97.77926255272533,4.582712515219066,60.62218763902883,381.7525996883645,5.944772753999233
CE,2011-05-01,2011,5,96.7620547214597,93.4671376698011,44.2048468854369,9.2485848152463,4.07444248711253,4.12158168161289,FALSE,TRUE,FALSE,post,FALSE,2009-06-25,2009-09-08,,20,521613372,8530155,97.9874888391284,4.584839805613861,61.14934277278666,377.51991436752877,5.93362332058914
CE,2011-06-01,2011,6,99.8253846241709,94.1406098744007,38.9034341143779,18.1604719833758,4.09929468524239,4.16398236387981,FALSE,TRUE,FALSE,post,FALSE,2009-06-25,2009-09-08,,21,552247569,8530155,98.21579209603223,4.587167018072847,64.74062534619829,371.79768398112344,5.918349846061711
CE,2011-07-01,2011,7,100.419365167228,96.4921261615893,60.8541004896342,12.4931751195861,4.10234101558235,4.16728225286572,FALSE,TRUE,FALSE,post,FALSE,2009-06-25,2009-09-08,,22,563076277,8530155,98.69139344280138,4.591997743476288,66.01008738997123,371.03132803565705,5.9162865011870265
CE,2011-08-01,2011,8,99.7857729233846,95.9878808887997,36.4798872455926,3.71444644126562,4.08143211389059,4.15121556184859,FALSE,TRUE,FALSE,post,FALSE,2009-06-25,2009-09-08,,23,590169493,8530155,98.96836633180291,4.5948002670713715,69.18625663894736,381.22068778351627,5.943378440463604
DF,2006-09-01,2006,9,101.501733786423,,,,5.11291091586987,5.20856632941194,FALSE,FALSE,TRUE,pre,TRUE,2009-06-25,2009-09-08,coded_removal_in_scm_window:DF_2010_01,-36,345025689,2383784,,,144.7386545928658,,
DF,2006-10-01,2006,10,104.003787465343,,,,4.9515487761291,5.03646569781486,FALSE,FALSE,TRUE,pre,TRUE,2009-06-25,2009-09-08,coded_removal_in_scm_window:DF_2010_01,-35,288127380,2383784,,,120.86975162179124,,
DF,2006-11-01,2006,11,106.404846985118,,,,4.86551957677526,4.97408210933039,FALSE,FALSE,TRUE,pre,TRUE,2009-06-25,2009-09-08,coded_removal_in_scm_window:DF_2010_01,-34,278042360,2383784,,,116.63907468126307,,
DF,2006-12-01,2006,12,105.73689002959,,,,4.85322860204362,4.97136966776307,FALSE,FALSE,TRUE,pre,TRUE,2009-06-25,2009-09-08,coded_removal_in_scm_window:DF_2010_01,-33,281377975,2383784,,,118.03836882871938,,
DF,2007-01-01,2007,1,106.924971948415,,67.2434922428974,-21.9184683660434,4.82661526247162,4.9516406895182,FALSE,FALSE,TRUE,pre,TRUE,2009-06-25,2009-09-08,coded_removal_in_scm_window:DF_2010_01,-32,293833733,2455903,,,119.64386744916229,,
DF,2007-02-01,2007,2,107.54100195899,,-88.5511129063941,-12.2183860062979,4.89459040289476,5.00932369585533,FALSE,FALSE,TRUE,pre,TRUE,2009-06-25,2009-09-08,coded_removal_in_scm_window:DF_2010_01,-31,273454283,2455903,105.35220536231317,4.657309073702788,111.345718051568,731.2754352253697,6.594790181155325
DF,2007-03-01,2007,3,106.254962883384,,-192.432189008109,-18.5174902675346,4.84169079999687,4.9709361287596,FALSE,FALSE,TRUE,pre,TRUE,2009-06-25,2009-09-08,coded_removal_in_scm_window:DF_2010_01,-30,250535467,2455903,106.14441021180667,4.664800527429757,102.01358400555722,688.5503646380612,6.5345884667468255
DF,2007-04-01,2007,4,108.457854128409,,22.6669693919772,-11.6978247581686,4.85864814638582,4.95431448033089,FALSE,FALSE,TRUE,pre,TRUE,2009-06-25,2009-09-08,coded_removal_in_scm_window:DF_2010_01,-29,274812979,2455903,106.886754655651,4.671769906291123,111.89895488543318,679.5795679017032,6.521474324457213
DF,2007-05-01,2007,5,109.553438196153,,72.1821979195171,13.230119823696,4.87443132434161,4.97638521413916,FALSE,FALSE,TRUE,pre,TRUE,2009-06-25,2009-09-08,coded_removal_in_scm_window:DF_2010_01,-28,279397118,2455903,107.41151985749016,4.676667437565614,113.76553471370815,676.7060279341482,6.517236951036762
DF,2007-06-01,2007,6,107.694560095425,,49.8864298831014,13.6102429891759,4.84894275416475,4.98209475796741,FALSE,FALSE,TRUE,pre,TRUE,2009-06-25,2009-09-08,coded_removal_in_scm_window:DF_2010_01,-27,282302889,2455903,107.737798201796,4.679700480824853,114.9487129581258,673.6163720635546,6.5126607679527515
DF,2007-07-01,2007,7,103.943125885079,,97.0055579550947,0.46814393962082,4.94512596074574,5.04463291905269,FALSE,FALSE,TRUE,pre,TRUE,2009-06-25,2009-09-08,coded_removal_in_scm_window:DF_2010_01,-26,318846388,2455903,107.24082385790666,4.675076995713358,129.82857547712592,683.8010800915183,6.527667056746975
DF,2007-08-01,2007,8,109.134941053121,,85.0160309314969,22.6027892751168,4.85256228041655,4.98827596666561,FALSE,FALSE,TRUE,pre,TRUE,2009-06-25,2009-09-08,coded_removal_in_scm_window:DF_2010_01,-25,283708891,2455903,107.50648037359517,4.677551128295869,115.5212119534037,687.976573993354,6.5337547879253846
DF,2007-09-01,2007,9,110.510223324167,,82.8329426886233,1.34129811305132,4.84692934405834,4.95744672847039,FALSE,FALSE,TRUE,pre,TRUE,2009-06-25,2009-09-08,coded_removal_in_scm_window:DF_2010_01,-24,284676211,2455903,108.215690447059,4.684126369272886,115.91508744441454,701.8780774322113,6.553759710070396
DF,2007-10-01,2007,10,108.480058935722,,132.184073524438,26.8896199688554,4.89489176981584,4.97185201435224,FALSE,FALSE,TRUE,pre,TRUE,2009-06-25,2009-09-08,coded_removal_in_scm_window:DF_2010_01,-23,293256028,2455903,108.21939124827783,4.684160567067349,119.40863625314192,709.38775879992,6.564402286481477
DF,2007-11-01,2007,11,110.427467417192,,115.647548686743,32.94831896123,4.93394964738158,5.05961291506677,FALSE,FALSE,TRUE,pre,TRUE,2009-06-25,2009-09-08,coded_removal_in_scm_window:DF_2010_01,-22,319850652,2455903,108.36506278511767,4.685505738025771,130.23749390753625,725.8597179937481,6.587356770250338
DF,2007-12-01,2007,12,113.164452753124,,235.397374237495,50.2409391127615,4.85892356042237,5.0100835695869,FALSE,FALSE,TRUE,pre,TRUE,2009-06-25,2009-09-08,coded_removal_in_scm_window:DF_2010_01,-21,304340519,2455903,109.27671156140083,4.693883303508445,123.92204374521306,734.8330487808354,6.599643328895744
DF,2008-01-01,2008,1,112.920281877607,,76.3307864490718,21.9101423500703,4.84776747287709,5.00062241692303,FALSE,FALSE,TRUE,pre,TRUE,2009-06-25,2009-09-08,coded_removal_in_scm_window:DF_2010_01,-20,326602238,2557159,110.77290422682216,4.707482197717435,127.72073930483009,732.7252126085396,6.596770751121916
DF,2008-02-01,2008,2,110.997468305548,,101.011467273925,18.5303817936701,4.9206592607064,5.03694193970402,FALSE,FALSE,TRUE,pre,TRUE,2009-06-25,2009-09-08,coded_removal_in_scm_window:DF_2010_01,-19,302755902,2557159,111.08332543556,4.710280599292972,118.39541538089732,735.5994160360332,6.6006856988691025
DF,2008-03-01,2008,3,113.132035986285,,140.891232232634,22.401080587501,4.85336480148566,4.99785812828258,FALSE,FALSE,TRUE,pre,TRUE,2009-06-25,2009-09-08,coded_removal_in_scm_window:DF_2010_01,-18,279602797,2557159,111.52029421257967,4.714206585213358,109.3411856673754,729.025514258994,6.591708730379739
DF,2008-04-01,2008,4,113.644054681655,,72.7936068741084,23.3596456999297,4.87731697477002,4.95426950020059,FALSE,FALSE,TRUE,pre,TRUE,2009-06-25,2009-09-08,coded_removal_in_scm_window:DF_2010_01,-17,307685686,2557159,112.38096017023517,4.721894529607645,120.32325170237752,729.9401297082296,6.592962516680781
DF,2008-05-01,2008,5,113.883463231547,,65.3844102100406,7.04198997879439,4.95049377132681,5.04245399875779,FALSE,FALSE,TRUE,pre,TRUE,2009-06-25,2009-09-08,coded_removal_in_scm_window:DF_2010_01,-16,330954075,2557159,112.95695947262766,4.727006856532699,129.42256425978988,729.1252000604833,6.5918454594581055
DF,2008-06-01,2008,6,113.860483407293,,150.765794817268,15.1252162515128,4.92697606837533,5.05771482411273,FALSE,FALSE,TRUE,pre,TRUE,2009-06-25,2009-09-08,coded_removal_in_scm_window:DF_2010_01,-15,337341033,2557159,113.07296458165584,4.7280333145974796,131.9202415649555,737.1233978802256,6.602755310847356
DF,2008-07-01,2008,7,111.69128283794,,85.8507472229188,5.82688288883158,4.90407934478079,5.04389288683939,FALSE,FALSE,TRUE,pre,TRUE,2009-06-25,2009-09-08,coded_removal_in_scm_window:DF_2010_01,-14,335509747,2557159,112.868131408378,4.7262201585755825,131.2041007227161,740.6067592981117,6.607469795224404
DF,2008-08-01,2008,8,112.63828547258,,121.229530583025,4.93885556506138,4.93365891826844,5.06745740903858,FALSE,FALSE,TRUE,pre,TRUE,2009-06-25,2009-09-08,coded_removal_in_scm_window:DF_2010_01,-13,337783871,2557159,113.14160093621666,4.728640139861007,132.0934173432313,754.3047612604457,6.625796478997222
DF,2008-09-01,2008,9,114.142302077377,,86.8488740716186,21.5769769054017,4.94850989076942,5.0807504515127,FALSE,FALSE,TRUE,pre,TRUE,2009-06-25,2009-09-08,coded_removal_in_scm_window:DF_2010_01,-12,349932353,2557159,113.30997861806533,4.730127236689477,136.84419036907755,781.8077659621479,6.661608886747927
DF,2008-10-01,2008,10,112.198254374137,,16.1901907910461,-12.7532050839175,5.03563733075677,5.10785070306734,FALSE,FALSE,TRUE,pre,TRUE,2009-06-25,2009-09-08,coded_removal_in_scm_window:DF_2010_01,-11,374936070,2557159,113.06901190014567,4.727998357075908,146.6221185307601,808.1066327905304,6.694694021089061
DF,2008-11-01,2008,11,111.891130918058,,18.1025167674239,-7.97785146624256,4.86751447456664,4.99838532089405,FALSE,FALSE,TRUE,pre,TRUE,2009-06-25,2009-09-08,coded_removal_in_scm_window:DF_2010_01,-10,332993926,2557159,112.73695651456416,4.725057286675808,130.22026631898916,808.9043348497297,6.695680658953459
DF,2008-12-01,2008,12,109.421228841862,,98.7093463976921,-9.79145557732661,4.84129222351989,5.00197860527779,FALSE,FALSE,TRUE,pre,TRUE,2009-06-25,2009-09-08,coded_removal_in_scm_window:DF_2010_01,-9,332963925,2557159,111.99708075365899,4.718472806255931,130.20853415841566,807.1926274431898,6.693562335503127
DF,2009-01-01,2009,1,110.645163591539,,15.126523527365,1.25142756809557,4.81606377605524,4.94464786900895,FALSE,FALSE,TRUE,pre,TRUE,2009-06-25,2009-09-08,coded_removal_in_scm_window:DF_2010_01,-8,340306740,2606885,111.8227275459255,4.716914827591528,130.54152369590525,806.530050416379,6.69274115715181
DF,2009-02-01,2009,2,112.135397959239,,84.5402623341035,8.04399761897858,4.78398994471495,4.89343571833583,FALSE,FALSE,TRUE,pre,TRUE,2009-06-25,2009-09-08,coded_removal_in_scm_window:DF_2010_01,-7,282089450,2606885,111.73891296036867,4.716165015689148,108.20939550459649,782.6460285777442,6.662680522994065
DF,2009-03-01,2009,3,109.953878115841,,71.2551770745726,14.1637965377731,4.88046630021127,5.32533155214721,FALSE,FALSE,TRUE,pre,TRUE,2009-06-25,2009-09-08,coded_removal_in_scm_window:DF_2010_01,-6,311620033,2606885,111.04084230011267,4.709898082285494,119.53731484127609,765.3391530499428,6.640319072901769
DF,2009-04-01,2009,4,111.183748497621,,67.2650643838944,10.3629158683583,4.83325785029681,4.91278052959645,FALSE,FALSE,TRUE,pre,TRUE,2009-06-25,2009-09-08,coded_removal_in_scm_window:DF_2010_01,-5,317156049,2606885,110.87175798736,4.708374199952949,121.66092827263189,740.3779627918145,6.607160816333933
DF,2009-05-01,2009,5,111.749509016555,,25.2479926593921,15.9069866250926,4.81972836506693,5.42935861315276,FALSE,FALSE,TRUE,pre,TRUE,2009-06-25,2009-09-08,coded_removal_in_scm_window:DF_2010_01,-4,310517724,2606885,110.84815433710949,4.708161285829971,119.11446956808605,729.2721660409114,6.5920470039539225
DF,2009-06-01,2009,6,111.750373415187,,-125.938926588133,6.2156152399827604,4.91285206406716,4.92784138858393,FALSE,FALSE,TRUE,pre,TRUE,2009-06-25,2009-09-08,coded_removal_in_scm_window:DF_2010_01,-3,354287420,2606885,111.23634509933034,4.711657172832919,135.9045067197057,734.9681386022014,6.5998271494327065
DF,2009-07-01,2009,7,114.650201113165,,113.027717899567,42.0227579750276,4.9204319282295,4.99184257741845,FALSE,FALSE,TRUE,pre,TRUE,2009-06-25,2009-09-08,coded_removal_in_scm_window:DF_2010_01,-2,359898790,2606885,111.90385135293467,4.717640032535561,138.05702591406987,742.4836408203661,6.610000837868971
DF,2009-08-01,2009,8,114.302172760816,,60.0768490255972,2.02780412334822,4.85493234219637,4.96156258105877,FALSE,FALSE,TRUE,pre,TRUE,2009-06-25,2009-09-08,coded_removal_in_scm_window:DF_2010_01,-1,331967927,2606885,112.26498048653083,4.720861974168007,127.34275850296427,761.6170038187339,6.63544380967059
DF,2009-09-01,2009,9,115.783929947924,,52.0783029107372,13.9100227122265,4.84799939199867,4.97358199718662,FALSE,FALSE,TRUE,post,FALSE,2009-06-25,2009-09-08,coded_removal_in_scm_window:DF_2010_01,0,337856843,2606885,113.236655791878,4.729479927768393,129.60174422730577,771.6814332047636,6.648571813571637
DF,2009-10-01,2009,10,117.675293211254,,134.401703913572,18.8966466746645,4.85545298648781,4.93571135383174,FALSE,FALSE,TRUE,post,FALSE,2009-06-25,2009-09-08,coded_removal_in_scm_window:DF_2010_01,1,335117311,2606885,114.31857991081684,4.738989111490721,128.55086089336507,778.5713658254967,6.657460658010868
DF,2009-11-01,2009,11,116.541208397984,,108.64158680543,29.7671121086082,4.90771421507995,5.06271026900433,FALSE,FALSE,TRUE,post,FALSE,2009-06-25,2009-09-08,coded_removal_in_scm_window:DF_2010_01,2,370399422,2606885,115.11719647438834,4.745950709210892,142.0850639748205,801.5419602322312,6.686537322809328
DF,2009-12-01,2009,12,119.407650180653,,82.0358032856769,-10.2572417379481,4.8339984537903,4.99677857599755,FALSE,FALSE,TRUE,post,FALSE,2009-06-25,2009-09-08,coded_removal_in_scm_window:DF_2010_01,3,354613854,2606885,116.39340926863267,4.756975912290786,136.02972666611683,801.6671801786423,6.686693534427025
DF,2010-01-01,2010,1,118.38761447473,,132.316813584943,8.24606540841224,4.98422728326847,5.09721842346465,FALSE,FALSE,TRUE,post,FALSE,2009-06-25,2009-09-08,coded_removal_in_scm_window:DF_2010_01,4,411421239,2570160,117.01631149556016,4.762313339572426,160.07611938556354,823.686273650136,6.713789721549686
DF,2010-02-01,2010,2,119.012170796465,,106.273302469113,-1.02044643644376,4.99472923268895,5.0635332250518,FALSE,FALSE,TRUE,post,FALSE,2009-06-25,2009-09-08,coded_removal_in_scm_window:DF_2010_01,5,357522832,2570160,117.80131116816833,4.7689994016153765,139.10528216142185,835.4487973085936,6.727969062265944
DF,2010-03-01,2010,3,122.288201377203,,77.6045529438394,-83.042928179167,4.92465521868245,5.06144921266798,FALSE,FALSE,TRUE,post,FALSE,2009-06-25,2009-09-08,coded_removal_in_scm_window:DF_2010_01,6,339124359,2570160,118.8853564063815,4.77815963720862,131.94678891586517,837.793841997153,6.730772058279611
DF,2010-04-01,2010,4,117.489681119526,,108.275048842049,5.04837012019072,5.05336226742059,5.19713563068038,FALSE,FALSE,TRUE,post,FALSE,2009-06-25,2009-09-08,coded_removal_in_scm_window:DF_2010_01,7,409784855,2570160,118.85442105776016,4.77789939174927,159.4394337317521,868.68241483554,6.766977597979986
DF,2010-05-01,2010,5,122.4736437504,,147.341064292327,55.0109610493231,4.93324843463787,5.04871969875132,FALSE,FALSE,TRUE,post,FALSE,2009-06-25,2009-09-08,coded_removal_in_scm_window:DF_2010_01,8,360542329,2570160,119.84316028316283,4.786183890275367,140.28011057677344,866.8774614374929,6.764897630502692
DF,2010-06-01,2010,6,123.326620581234,,48.1178382423621,12.6986243043728,4.94057357376652,5.06879415641284,FALSE,FALSE,TRUE,post,FALSE,2009-06-25,2009-09-08,coded_removal_in_scm_window:DF_2010_01,9,376104231,2570160,120.496322016593,4.791619229781007,146.33494840788123,877.1826831792573,6.776715275331158
DF,2010-07-01,2010,7,124.099704813688,,24.1696286882384,0.1809009615265,4.93500163346995,5.08145998619345,FALSE,FALSE,TRUE,post,FALSE,2009-06-25,2009-09-08,coded_removal_in_scm_window:DF_2010_01,10,372528966,2570160,121.448337073086,4.799488963078493,144.94388131478195,862.0504451084757,6.759313789958918
DF,2010-08-01,2010,8,123.801374329184,,46.0041818976656,10.762442703783,4.98373827083368,5.10505146187069,FALSE,FALSE,TRUE,post,FALSE,2009-06-25,2009-09-08,coded_removal_in_scm_window:DF_2010_01,11,389543225,2570160,122.2465376618725,4.806039806169638,151.5638034207987,874.5089663678526,6.773662547542575
DF,2010-09-01,2010,9,123.018123810731,,134.342876494861,32.6245638634376,4.95018831882344,5.07513505757795,FALSE,FALSE,TRUE,post,FALSE,2009-06-25,2009-09-08,coded_removal_in_scm_window:DF_2010_01,12,386129730,2570160,122.36819140079383,4.807034462128559,150.23567793444766,892.7978553864351,6.794360189503233
DF,2010-10-01,2010,10,125.141791377847,,70.9530859758272,27.7315826075679,5.05499473391283,5.15324348469059,FALSE,FALSE,TRUE,post,FALSE,2009-06-25,2009-09-08,coded_removal_in_scm_window:DF_2010_01,13,426883310,2570160,123.643543110514,4.817402773521988,166.09211488778908,899.450536542472,6.801784061931361
DF,2010-11-01,2010,11,126.043732573875,,112.413269000767,25.8346166376738,4.87165339240892,5.0140418667399,FALSE,FALSE,TRUE,post,FALSE,2009-06-25,2009-09-08,coded_removal_in_scm_window:DF_2010_01,14,374474544,2570160,124.23855791442651,4.822203571516358,145.70086842842468,904.8712943941233,6.807792717447162
DF,2010-12-01,2010,12,133.049479880261,,-15.2825174234008,56.1457143465336,4.8929599704365,5.04008424367111,FALSE,FALSE,TRUE,post,FALSE,2009-06-25,2009-09-08,coded_removal_in_scm_window:DF_2010_01,15,396609426,2570160,125.85903446426434,4.835162506563437,154.31312680922588,912.8494727954679,6.816570996022482
DF,2011-01-01,2011,1,128.339467556539,100.058781555972,137.153455950943,106.112961203651,4.99066818966987,5.09133553395224,FALSE,FALSE,TRUE,post,FALSE,2009-06-25,2009-09-08,coded_removal_in_scm_window:DF_2010_01,16,442474217,2609998,126.56566158807283,4.840761237437823,169.5304812494109,937.436072730097,6.843148566431688
DF,2011-02-01,2011,2,129.369028873157,98.1735963413394,44.5054241634365,-10.8146666922104,4.96897576932307,5.08279047127533,FALSE,FALSE,TRUE,post,FALSE,2009-06-25,2009-09-08,coded_removal_in_scm_window:DF_2010_01,17,374879218,2609998,127.49360401206833,4.848066198728966,143.63199435401867,929.5042636633169,6.834651394201346
DF,2011-03-01,2011,3,121.365247390269,92.2418146296285,46.2373812981091,-36.4037341087828,4.99416068514865,5.07606817878563,FALSE,FALSE,TRUE,post,FALSE,2009-06-25,2009-09-08,coded_removal_in_scm_window:DF_2010_01,18,391791274,2609998,127.218124608658,4.845903129817196,150.11171426185,929.3802999907192,6.834518019945402
DF,2011-04-01,2011,4,124.877843356055,93.6144854133493,63.7021539458522,25.2592568977244,4.96263137848905,5.10315505208596,FALSE,FALSE,TRUE,post,FALSE,2009-06-25,2009-09-08,coded_removal_in_scm_window:DF_2010_01,19,404148949,2609998,127.17413327169267,4.845557275444344,154.84645926931745,918.1346443722476,6.822344051294752
DF,2011-05-01,2011,5,128.214403436202,95.5436630869736,41.0187975114448,11.3041706177675,4.9838880791079,5.14847171875933,FALSE,FALSE,TRUE,post,FALSE,2009-06-25,2009-09-08,coded_removal_in_scm_window:DF_2010_01,20,410518282,2609998,127.53591174874717,4.848397985714019,157.28681861058897,929.720594554412,6.834884105044378
DF,2011-06-01,2011,6,127.80841812005,96.4690999232659,77.0807921290637,51.1892053211976,5.09579558966112,5.238867781155,FALSE,FALSE,TRUE,post,FALSE,2009-06-25,2009-09-08,coded_removal_in_scm_window:DF_2010_01,21,474542951,2609998,126.66240145537867,4.841525290764689,181.81736192901297,957.224829674199,6.86403829559979
DF,2011-07-01,2011,7,128.732863603308,99.9561037483489,28.6370329427547,21.8113565297677,4.99596410447891,5.120948180284,FALSE,FALSE,TRUE,post,FALSE,2009-06-25,2009-09-08,coded_removal_in_scm_window:DF_2010_01,22,426437094,2609998,126.7279674631735,4.842042800641153,163.38598497010344,951.0803333948916,6.857598531527619
DF,2011-08-01,2011,8,128.167427216482,96.2232083660223,86.5167470190029,37.4350412963069,4.99137323349943,5.11712937390817,FALSE,FALSE,TRUE,post,FALSE,2009-06-25,2009-09-08,coded_removal_in_scm_window:DF_2010_01,23,429347979,2609998,126.52770052039433,4.840461260641537,164.5012674339214,971.9496064747942,6.87930395792589
ES,2006-09-01,2006,9,61.7593502135594,,,,4.98606867550997,5.04946511327015,FALSE,TRUE,FALSE,pre,TRUE,2009-06-25,2009-09-08,,-36,441337599,3464285,,,127.39644659720548,,
ES,2006-10-01,2006,10,62.1473593595704,,,,4.9800766532049,5.0448600340868,FALSE,TRUE,FALSE,pre,TRUE,2009-06-25,2009-09-08,,-35,446314031,3464285,,,128.8329427284418,,
ES,2006-11-01,2006,11,63.4963834373541,,,,5.00264711344536,5.06926222237031,FALSE,TRUE,FALSE,pre,TRUE,2009-06-25,2009-09-08,,-34,463108011,3464285,,,133.68069053210115,,
ES,2006-12-01,2006,12,66.1937047689211,,,,5.00459029639629,5.07152008454944,FALSE,TRUE,FALSE,pre,TRUE,2009-06-25,2009-09-08,,-33,487798988,3464285,,,140.80798433154317,,
ES,2007-01-01,2007,1,61.4777412042471,,122.396078756571,-11.2562004045912,5.05945984660579,5.1327917979823,FALSE,TRUE,FALSE,pre,TRUE,2009-06-25,2009-09-08,,-32,493087133,3351669,,,147.11689400116776,,
ES,2007-02-01,2007,2,64.9795075555993,,5.13356726644083,5.91711949030095,5.08333036204379,5.13603311181275,FALSE,TRUE,FALSE,pre,TRUE,2009-06-25,2009-09-08,,-31,471378141,3351669,63.342341089875234,4.148554001113843,140.63982481563662,818.474783006096,6.707442587547458
ES,2007-03-01,2007,3,64.2133640787819,,125.546308290314,-6.94462504023612,5.0190767735538,5.07617803664911,FALSE,TRUE,FALSE,pre,TRUE,2009-06-25,2009-09-08,,-30,420350988,3351669,63.75134340074565,4.154990256769377,125.41542377842204,816.4937601873125,6.705019270234732
ES,2007-04-01,2007,4,66.2669930937756,,146.58941602952,-17.4225088155149,5.04888320149666,5.12616166121416,FALSE,TRUE,FALSE,pre,TRUE,2009-06-25,2009-09-08,,-29,472819992,3351669,64.43794902311318,4.165702730103832,141.0700137752266,828.7308312340973,6.719895411499963
ES,2007-05-01,2007,5,65.6562729423561,,21.885556843633,10.8397290579133,5.04687537337105,5.14384487311655,FALSE,TRUE,FALSE,pre,TRUE,2009-06-25,2009-09-08,,-28,440554794,3351669,64.79793060728018,4.171273667775457,131.44340744864724,826.4935481506434,6.717192111000293
ES,2007-06-01,2007,6,63.6269051348549,,7.64192135882041,-3.15079569775964,5.07103250078069,5.1445443160124,FALSE,TRUE,FALSE,pre,TRUE,2009-06-25,2009-09-08,,-27,468595725,3351669,64.37013066826916,4.164649716018486,139.80966646766134,825.4952302867616,6.715983485374697
ES,2007-07-01,2007,7,64.9303767120222,,39.8389509823123,-6.35057599904193,5.13682536629382,5.20770579486525,FALSE,TRUE,FALSE,pre,TRUE,2009-06-25,2009-09-08,,-26,488659975,3351669,64.945569919565,4.173549533239406,145.7960123747303,824.1743486603242,6.714382095707855
ES,2007-08-01,2007,8,65.7406584097289,,33.5693627991587,-1.74377708392091,5.12146351659245,5.1890996741647,FALSE,TRUE,FALSE,pre,TRUE,2009-06-25,2009-09-08,,-25,498165302,3351669,65.07242839525327,4.175500932547017,148.63201049984352,832.1665343445311,6.724032582263366
ES,2007-09-01,2007,9,67.2378644886819,,47.8216320581941,5.45892171099504,5.109256422579,5.17592197907855,FALSE,TRUE,FALSE,pre,TRUE,2009-06-25,2009-09-08,,-24,503979946,3351669,65.57651179690326,4.183217579957691,150.36686080874932,857.1179713748584,6.753575565337403
ES,2007-10-01,2007,10,67.1083043227794,,-27.9356914355853,18.9240406646283,5.13163991881727,5.20467835308986,FALSE,TRUE,FALSE,pre,TRUE,2009-06-25,2009-09-08,,-23,518192313,3351669,65.71673033507057,4.185353540486971,154.60724582290197,870.6552034225338,6.769246035587788
ES,2007-11-01,2007,11,66.1007200404555,,68.814969858266,22.5715770909525,5.17113656353826,5.23819104154324,FALSE,TRUE,FALSE,pre,TRUE,2009-06-25,2009-09-08,,-22,554304235,3351669,65.79080485142046,4.1864800846667976,165.38155617395392,904.5933521478404,6.807485508075595
ES,2007-12-01,2007,12,71.0053401819898,,150.82043784059,64.2985888526179,5.1031673252914604,5.17141998269533,FALSE,TRUE,FALSE,pre,TRUE,2009-06-25,2009-09-08,,-21,548379740,3351669,67.02054402594294,4.204999199643317,163.61393085057026,928.3976165307492,6.833460107109986
ES,2008-01-01,2008,1,69.1699978594923,,121.542123263094,38.2912802364571,5.14199652016858,5.21575500928705,FALSE,TRUE,FALSE,pre,TRUE,2009-06-25,2009-09-08,,-20,576360796,3453646,67.7271475505213,4.2154870973321446,166.8847345674687,949.4863387234877,6.855921142285209
ES,2008-02-01,2008,2,66.419594480699,,106.774253903621,3.18625015034877,5.12440962134109,5.1916969601634,FALSE,TRUE,FALSE,pre,TRUE,2009-06-25,2009-09-08,,-19,532406678,3453646,67.84030356234965,4.217156466154498,154.15786041765716,955.0121886413013,6.861724103374469
ES,2008-03-01,2008,3,71.3479275626808,,94.0714021434301,16.2480247448735,5.1456963540793,5.20858104071227,FALSE,TRUE,FALSE,pre,TRUE,2009-06-25,2009-09-08,,-18,518593620,3453646,68.5253140746828,4.227203225537453,150.15830226954355,954.8036301020956,6.861505696407694
ES,2008-04-01,2008,4,71.8735983680394,,110.249809690982,23.3260068949859,5.0974830701591,5.17943861790893,FALSE,TRUE,FALSE,pre,TRUE,2009-06-25,2009-09-08,,-17,537435378,3453646,69.31952974889279,4.238726681051931,155.61391584429904,955.8103001234927,6.862559462528232
ES,2008-05-01,2008,5,72.294021488313,,166.377757857989,15.1410750761834,5.16350145318916,5.23829402358499,FALSE,TRUE,FALSE,pre,TRUE,2009-06-25,2009-09-08,,-16,536292174,3453646,70.35174665686905,4.25350761135267,155.28290218511103,945.7116461346498,6.851937708775553
ES,2008-06-01,2008,6,72.0668287076386,,128.803671429513,22.0099014097258,5.17875899896553,5.25244168167444,FALSE,TRUE,FALSE,pre,TRUE,2009-06-25,2009-09-08,,-15,570682624,3453646,70.52866141114384,4.2560191720401805,165.24062512486805,947.3383404089475,6.853656305417207
ES,2008-07-01,2008,7,72.1780922245135,,95.1730875144261,20.3152396088412,5.17070171990129,5.24486685590128,FALSE,TRUE,FALSE,pre,TRUE,2009-06-25,2009-09-08,,-14,552033676,3453646,71.03001047198072,4.263102470440099,159.84083950700216,940.294445348481,6.846193065947154
ES,2008-08-01,2008,8,72.5839280747395,,76.6589713616506,2.89151560931779,5.21921993964313,5.28448578770647,FALSE,TRUE,FALSE,pre,TRUE,2009-06-25,2009-09-08,,-13,596202587,3453646,72.0573994043208,4.277463015358704,172.62990677098927,958.766491701813,6.8656475537870465
ES,2008-09-01,2008,9,72.2906200058825,,66.470974867145,6.68320579486961,5.23160673965753,5.30139732314658,FALSE,TRUE,FALSE,pre,TRUE,2009-06-25,2009-09-08,,-12,623041869,3453646,72.21451481152108,4.279641061864369,180.4011960114036,989.0093854436732,6.896703821409507
ES,2008-10-01,2008,10,71.3285724269672,,23.6582064540627,-8.26148715767493,5.19690882967901,5.26471606627892,FALSE,TRUE,FALSE,pre,TRUE,2009-06-25,2009-09-08,,-11,602983229,3453646,72.12367715467572,4.27838238365037,174.59323538081205,1007.9887049801862,6.9157122431917335
ES,2008-11-01,2008,11,70.0326919845082,,-16.4293265052947,-13.9803440029996,5.20329046460066,5.27045571934681,FALSE,TRUE,FALSE,pre,TRUE,2009-06-25,2009-09-08,,-10,629722529,3453646,71.74678890404158,4.273143099687602,182.33557492574514,1035.0413777208203,6.942196683374574
ES,2008-12-01,2008,12,69.4068690552317,,-109.561250575026,-20.4254479130141,5.2902996572039,5.35757364232356,FALSE,TRUE,FALSE,pre,TRUE,2009-06-25,2009-09-08,,-9,725522302,3453646,71.3034622953071,4.266944885782748,210.07431045335858,1079.8750630493107,6.9846006310647955
ES,2009-01-01,2009,1,68.5183564459837,,-61.2947176449573,-21.779591518974,5.14684326761601,5.2155298870822,FALSE,TRUE,FALSE,pre,TRUE,2009-06-25,2009-09-08,,-8,621234676,3487199,70.6935063322188,4.25835372048364,178.14718230878134,1098.18140585109,7.001410823223642
ES,2009-02-01,2009,2,68.9689485693645,,-14.7324327323249,-17.2193097076473,5.14795551074336,5.21872511701923,FALSE,TRUE,FALSE,pre,TRUE,2009-06-25,2009-09-08,,-7,581036343,3487199,70.09100974798963,4.2497945368571655,166.61978367165167,1092.1712827517524,6.995922996341578
ES,2009-03-01,2009,3,68.0815930022047,,-26.856158997198,-4.12643992593044,5.01487780426962,5.09712661153044,FALSE,TRUE,FALSE,pre,TRUE,2009-06-25,2009-09-08,,-6,490115416,3487199,69.38950524737666,4.239735634858321,140.54701667441404,1052.3171034147629,6.958749776978516
ES,2009-04-01,2009,4,69.1033904813697,,2.80071293277186,-4.71155061886073,5.10799032587395,5.19160231501137,FALSE,TRUE,FALSE,pre,TRUE,2009-06-25,2009-09-08,,-5,578134671,3487199,69.01864158977708,4.23437663607625,165.78769121005138,1043.5115592440022,6.950346803833958
ES,2009-05-01,2009,5,68.8937753571307,,144.026476487616,3.14967553797156,5.09885654994719,5.19570423458482,FALSE,TRUE,FALSE,pre,TRUE,2009-06-25,2009-09-08,,-4,532090902,3487199,68.82882215188083,4.231622583840213,152.58403721726233,1013.7600215355194,6.9214214909891645
ES,2009-06-01,2009,6,69.2225741421905,,-121.886171717149,-0.693618124547668,5.05901777400063,5.14579092737799,FALSE,TRUE,FALSE,pre,TRUE,2009-06-25,2009-09-08,,-3,538086145,3487199,68.79810633304064,4.231176220331439,154.30325169283427,957.988962774995,6.864836256792795
ES,2009-07-01,2009,7,70.2346316041203,,60.7000489896295,3.25624966428046,5.1952994256961,5.26558991477232,FALSE,TRUE,FALSE,pre,TRUE,2009-06-25,2009-09-08,,-2,591843392,3487199,69.08415219273007,4.235325358489061,169.718846558513,949.5606270247267,6.855999379740751
ES,2009-08-01,2009,8,69.8210562759757,,75.9403709363966,16.1984518549812,5.01422124425467,5.0943776819724,FALSE,TRUE,FALSE,pre,TRUE,2009-06-25,2009-09-08,,-1,509129683,3487199,69.22617014383194,4.23737897240036,145.99960684778816,928.9404502008632,6.834044635791429
ES,2009-09-01,2009,9,70.8719516687444,,92.1069179811452,18.2076645263474,4.98547145471768,5.07262298629126,FALSE,TRUE,FALSE,post,FALSE,2009-06-25,2009-09-08,,0,514541973,3487199,69.69122992158856,4.244074483760595,147.55165191318304,935.9450854396322,6.841556805354373
ES,2009-10-01,2009,10,72.152111575363,,131.023516089115,13.3368403214049,5.02006226211302,5.1011879730741,FALSE,TRUE,FALSE,post,FALSE,2009-06-25,2009-09-08,,1,530039136,3487199,70.19935010392076,4.251339053210005,151.99566643601355,922.1530606655944,6.826711219177251
ES,2009-11-01,2009,11,73.9780415116519,,144.24587674543,22.1982698898411,5.03523968117024,5.11689786281364,FALSE,TRUE,FALSE,post,FALSE,2009-06-25,2009-09-08,,2,561731875,3487199,71.04672779634096,4.263337798540126,161.0839745595247,930.6529980078567,6.83588648815199
ES,2009-12-01,2009,12,74.6195607440603,,112.474658449843,14.8985771599637,5.07861442786126,5.15909343814124,FALSE,TRUE,FALSE,post,FALSE,2009-06-25,2009-09-08,,3,622474681,3487199,71.94622556331926,4.275918972795696,178.50276998817677,954.8525163031992,6.8615568953643296
ES,2010-01-01,2010,1,75.5488537044024,,148.055058754252,19.8306246314028,5.02850370299752,5.10943398783673,FALSE,TRUE,FALSE,post,FALSE,2009-06-25,2009-09-08,,4,584483286,3514952,72.83192924669962,4.288154447604359,166.2848556680148,951.418525412701,6.857954055547837
ES,2010-02-01,2010,2,75.962668863377,,112.822970459368,10.0601245133874,5.06830265934809,5.1457342471175,FALSE,TRUE,FALSE,post,FALSE,2009-06-25,2009-09-08,,5,559227205,3514952,73.85553134459983,4.302110905896306,159.09952824391343,964.5184468088263,6.871628957936685
ES,2010-03-01,2010,3,76.1106916160569,,98.8292086507878,18.9068258099078,5.09349710182461,5.17488859698448,FALSE,TRUE,FALSE,post,FALSE,2009-06-25,2009-09-08,,6,566365483,3514952,74.72865466915192,4.313863615226316,161.13036052839414,978.0971554240374,6.885609006025208
ES,2010-04-01,2010,4,74.4362887532369,,101.349193875543,10.7403788309486,5.08081181756261,5.17327109126937,FALSE,TRUE,FALSE,post,FALSE,2009-06-25,2009-09-08,,7,594097606,3514952,75.10935086546424,4.318945063209027,169.02011919366183,995.1216081816857,6.902864948968501
ES,2010-05-01,2010,5,75.4631731775578,,80.0382234343212,4.8946871859443,5.11672244757719,5.20974937359483,FALSE,TRUE,FALSE,post,FALSE,2009-06-25,2009-09-08,,8,574263456,3514952,75.35687280978189,4.3222351327216115,163.3773252095619,997.4149588317229,6.905166890825627
ES,2010-06-01,2010,6,76.296353603884,,71.7996590230032,10.7053000115279,4.95294873792453,5.04285837402152,FALSE,TRUE,FALSE,post,FALSE,2009-06-25,2009-09-08,,9,515453569,3514952,75.63633828641917,4.325936832867266,146.64597667336568,965.5581655169118,6.872706343986562
ES,2010-07-01,2010,7,76.4504547902722,,54.3582975547716,16.9400301183793,4.96650109721301,5.05539312812499,FALSE,TRUE,FALSE,post,FALSE,2009-06-25,2009-09-08,,10,494118333,3514952,75.78660513406413,4.327921563761774,140.5761253638741,939.849435212771,6.845719687129052
ES,2010-08-01,2010,8,76.98790796082,,73.9905266648607,4.79700764647999,5.00360262041786,5.09357301729084,FALSE,TRUE,FALSE,post,FALSE,2009-06-25,2009-09-08,,11,528080681,3514952,75.9574783169713,4.3301736878808095,150.23837622818178,930.9882831970394,6.836246692017464
ES,2010-09-01,2010,9,77.7070726334886,,66.1417276784546,5.1922820585455,5.01790184475545,5.1051371260848,FALSE,TRUE,FALSE,post,FALSE,2009-06-25,2009-09-08,,12,563516826,3514952,76.22354181987659,4.333670362745476,160.3199207272247,930.17784339587,6.835375797323204
ES,2010-10-01,2010,10,78.7581292613999,,42.2350036669773,10.9306697959326,5.23489207681973,5.30425587002229,FALSE,TRUE,FALSE,post,FALSE,2009-06-25,2009-09-08,,13,700363981,3514952,76.94384857123708,4.343075916494759,199.25278666678804,960.4105108689962,6.867360808548972
ES,2010-11-01,2010,11,76.9566509679501,,55.3119918127855,6.50031132929773,5.06165764187321,5.14658470511964,FALSE,TRUE,FALSE,post,FALSE,2009-06-25,2009-09-08,,14,612581722,3514952,77.19276153630247,4.346305690151626,174.27882998117755,971.3120156406119,6.87864775101087
ES,2010-12-01,2010,12,80.3011363133928,,41.7462654801164,1.7139190003811,5.08776723975725,5.16964037970708,FALSE,TRUE,FALSE,post,FALSE,2009-06-25,2009-09-08,,15,672293123,3514952,77.8602253212206,4.354915236105949,191.26665826446563,1015.9326972317118,6.923562383062097
ES,2011-01-01,2011,1,80.7989007983067,99.8609169214664,84.2335291678489,4.60194108690595,5.1158955427057196,5.20081814269572,FALSE,TRUE,FALSE,post,FALSE,2009-06-25,2009-09-08,,16,683838351,3547055,78.58496632255968,4.3641804129802555,192.79045602619638,1068.1470278940342,6.973680676612416
ES,2011-02-01,2011,2,81.3436487904212,100.586588672623,106.110830440215,11.2971793548292,5.1670561656472,5.24966717443532,FALSE,TRUE,FALSE,post,FALSE,2009-06-25,2009-09-08,,17,650772760,3547055,79.31092312749321,4.373375863511707,183.46847173218345,1101.3771233980358,7.004316606136946
ES,2011-03-01,2011,3,81.4561128326835,99.2403863945443,12.0143732538599,-20.5960632844054,5.14333149900119,5.21604413497127,FALSE,TRUE,FALSE,post,FALSE,2009-06-25,2009-09-08,,18,642344957,3547055,79.93576316069237,4.381223351637089,181.09247164196776,1122.1496743127789,7.0230014767514675
ES,2011-04-01,2011,4,81.5478690257539,102.35250385424,68.6078698221893,22.222629074737,5.24598176822242,5.313617650844,FALSE,TRUE,FALSE,post,FALSE,2009-06-25,2009-09-08,,19,746462940,3547055,80.4007197880847,4.387023128732965,210.44583182386515,1133.3427194698559,7.032926703787015
ES,2011-05-01,2011,5,81.8958672956279,101.543617611068,195.740939655871,22.7627712349718,5.15806521179571,5.24905267375039,FALSE,TRUE,FALSE,post,FALSE,2009-06-25,2009-09-08,,20,645962731,3547055,81.22392250936433,4.397209815962274,182.11240902664323,1141.1762985153216,7.039814850209649
ES,2011-06-01,2011,6,81.8280931870933,103.235289676917,89.0591880625301,0.79552658120789,5.28072226927621,5.35009278013715,FALSE,TRUE,FALSE,post,FALSE,2009-06-25,2009-09-08,,21,775541987,3547055,81.47841532164774,4.400338142490632,218.6439136128422,1168.5535538636982,7.0635219842198325
ES,2011-07-01,2011,7,85.1938540558014,105.100541576303,59.9506736050121,-1.77540380769167,5.22285435776793,5.29269214734762,FALSE,TRUE,FALSE,post,FALSE,2009-06-25,2009-09-08,,22,687939948,3547055,82.21090753123019,4.409287988286059,193.94679473535086,1169.7098925728526,7.064511041979924
ES,2011-08-01,2011,8,83.6334386244119,105.951198185723,74.0168300751532,16.4771115587624,5.24752629858189,5.32242872029638,FALSE,TRUE,FALSE,post,FALSE,2009-06-25,2009-09-08,,23,726236062,3547055,82.59253917022865,4.413919351631767,204.74338909320548,1190.9848099338747,7.082535815230201
GO,2006-09-01,2006,9,81.5429768421413,,,,4.27516017933515,4.3342449728548,FALSE,TRUE,FALSE,pre,TRUE,2009-06-25,2009-09-08,,-36,361643671,5730753,,,63.10578574927239,,
GO,2006-10-01,2006,10,81.964556598880307,,,,4.19490801659028,4.27746806168704,FALSE,TRUE,FALSE,pre,TRUE,2009-06-25,2009-09-08,,-35,334649513,5730753,,,58.39538242182135,,
GO,2006-11-01,2006,11,84.0084838343921,,,,4.50275290795861,4.53604440485113,FALSE,TRUE,FALSE,pre,TRUE,2009-06-25,2009-09-08,,-34,471935038,5730753,,,82.3513136929824,,
GO,2006-12-01,2006,12,84.3696247545007,,,,4.65046131347317,4.71132370354997,FALSE,TRUE,FALSE,pre,TRUE,2009-06-25,2009-09-08,,-33,550009218,5730753,,,95.97503469439357,,
GO,2007-01-01,2007,1,86.3356757187939,,88.6860570860077,-12.4076671567164,4.42065928969674,4.54454576209485,FALSE,TRUE,FALSE,pre,TRUE,2009-06-25,2009-09-08,,-32,406612193,5647035,,,72.00454627959628,,
GO,2007-02-01,2007,2,84.2079935612182,,43.7913044618542,-5.82695516632139,4.4101754690878,4.48160048218435,FALSE,TRUE,FALSE,pre,TRUE,2009-06-25,2009-09-08,,-31,389461429,5647035,83.73821855165441,4.427695486799562,68.96741900838228,440.79948184644826,6.08859008235355
GO,2007-03-01,2007,3,83.6382056945869,,39.2934033014052,-3.15019738748081,4.56406466799664,4.62657112624918,FALSE,TRUE,FALSE,pre,TRUE,2009-06-25,2009-09-08,,-30,455097149,5647035,84.08742336039535,4.431857011924466,80.59046012642033,458.2841562235962,6.127489420163833
GO,2007-04-01,2007,4,82.1749720075734,,-53.45908537828,-20.7095122424305,4.47335509499277,4.53268666837486,FALSE,TRUE,FALSE,pre,TRUE,2009-06-25,2009-09-08,,-29,424499008,5647035,84.12249259517753,4.4322739818170085,75.17201646527779,475.06079026705265,6.163442775355547
GO,2007-05-01,2007,5,85.0312326813913,,98.1492340264429,-0.0639042671695247,4.37571151232443,4.43287069497175,FALSE,TRUE,FALSE,pre,TRUE,2009-06-25,2009-09-08,,-28,411028663,5647035,84.29295073634407,4.434298240352932,72.78663280819049,465.4961093822607,6.143103738749349
GO,2007-06-01,2007,6,84.2157497597453,,46.9242812062798,-11.8507268482325,4.46884440701965,4.48933744206038,FALSE,TRUE,FALSE,pre,TRUE,2009-06-25,2009-09-08,,-27,439655554,5647035,84.26730490388483,4.433993947593531,77.85599947583113,447.3770741636983,6.103401805373175
GO,2007-07-01,2007,7,84.8232898994047,,43.7237836782986,-10.4612878323996,4.43796828428712,4.4987934464414,FALSE,TRUE,FALSE,pre,TRUE,2009-06-25,2009-09-08,,-26,426535573,5647035,84.0152406006533,4.430998218107907,75.53265970549147,450.9051875895935,6.111257090327797
GO,2007-08-01,2007,8,86.8800254755049,,49.220698684369,9.90774603559071,4.41508260258639,4.48258072007237,FALSE,TRUE,FALSE,pre,TRUE,2009-06-25,2009-09-08,,-25,442759824,5647035,84.46057925303441,4.436284907794314,78.40571627411553,460.3434848553267,6.131972917043996
GO,2007-09-01,2007,9,88.522975465232,,54.9378195366509,4.12617145123626,4.46400293206777,4.51506133322534,FALSE,TRUE,FALSE,pre,TRUE,2009-06-25,2009-09-08,,-24,442080152,5647035,85.27470754814193,4.4458778987842225,78.28535718301728,458.0383819119237,6.126952983904028
GO,2007-10-01,2007,10,89.0339461312529,,102.163937736543,10.4541069131672,4.47718932685871,4.52874020874536,FALSE,TRUE,FALSE,pre,TRUE,2009-06-25,2009-09-08,,-23,458308970,5647035,86.41786990208851,4.459194481994605,81.15922249463657,464.0255879412825,6.139939697130925
GO,2007-11-01,2007,11,89.4860465215067,,29.4175153880023,29.1481725218648,4.47863253576614,4.52814794418584,FALSE,TRUE,FALSE,pre,TRUE,2009-06-25,2009-09-08,,-22,473681114,5647035,87.16033887544108,4.467749398038585,83.88138447875744,475.12033961184943,6.163568118499085
GO,2007-12-01,2007,12,87.8138807688362,,186.4768566783,65.9424450376204,4.44741934269816,4.54040084899469,FALSE,TRUE,FALSE,pre,TRUE,2009-06-25,2009-09-08,,-21,461245294,5647035,87.76002737695623,4.474606127919481,81.67919872995297,478.9435388659713,6.171582717532189
GO,2008-01-01,2008,1,91.1221952692422,,96.9355838194655,16.3562040373238,4.40861686006368,4.50963695605339,FALSE,TRUE,FALSE,pre,TRUE,2009-06-25,2009-09-08,,-20,439837199,5844995,88.80984493859582,4.486497510278525,75.25022673244374,478.6611058929235,6.170992843657238
GO,2008-02-01,2008,2,90.3786414834089,,100.599708574125,6.74700412588935,4.574167943665,4.6663692797529,FALSE,TRUE,FALSE,pre,TRUE,2009-06-25,2009-09-08,,-19,447072635,5844995,89.39294760657981,4.493041793235377,76.48811247913814,476.74350209794613,6.166978614808087
GO,2008-03-01,2008,3,91.7484541238717,,66.5070110468518,3.50140909022428,4.48372487343414,4.57017479872601,FALSE,TRUE,FALSE,pre,TRUE,2009-06-25,2009-09-08,,-18,452324166,5844995,89.93052738301976,4.499037454281738,77.38657877380562,475.84472368873446,6.16509159027517
GO,2008-04-01,2008,4,94.2974678228574,,71.2781443133589,17.4655560187972,4.49774330868715,4.54125885051806,FALSE,TRUE,FALSE,pre,TRUE,2009-06-25,2009-09-08,,-17,474139770,5844995,90.80778099828719,4.508744975749478,81.1189350889094,475.8044362830073,6.165006921665254
GO,2008-05-01,2008,5,93.2711783587627,,52.1710721005769,-11.2252595293569,4.53621854805884,4.58620581147637,FALSE,TRUE,FALSE,pre,TRUE,2009-06-25,2009-09-08,,-16,522664287,5844995,91.43863630449651,4.515668105819972,89.4208270494671,481.343878853717,6.17658193952053
GO,2008-06-01,2008,6,95.8306591572901,,124.788004283456,28.3832994964377,4.62849488727345,4.68707313647576,FALSE,TRUE,FALSE,pre,TRUE,2009-06-25,2009-09-08,,-15,565203809,5844995,92.7747660359055,4.530174685099294,96.69876689372703,496.363447017491,6.207308414473914
GO,2008-07-01,2008,7,95.8927727629788,,74.3867409928918,20.823300791098,4.57569241936371,4.64808359680852,FALSE,TRUE,FALSE,pre,TRUE,2009-06-25,2009-09-08,,-14,543956123,5844995,93.5698622848616,4.538708347499431,93.0635737070776,514.1767939921249,6.242567163498576
GO,2008-08-01,2008,8,95.238720152483,,83.4651188403497,2.52429009789529,4.58721086703947,4.66282922984945,FALSE,TRUE,FALSE,pre,TRUE,2009-06-25,2009-09-08,,-13,565888463,5844995,94.37987539637395,4.547327866063994,96.81590198109664,534.5045834940834,6.281340305721285
GO,2008-09-01,2008,9,96.2172812055305,,85.8839405486698,24.3473525711819,4.59674798108071,4.68832579552044,FALSE,TRUE,FALSE,pre,TRUE,2009-06-25,2009-09-08,,-12,566344143,5844995,95.12467990998374,4.55518845123515,96.89386269791505,554.0118674181929,6.317186107850328
GO,2008-10-01,2008,10,94.2641798790177,,35.2414784944025,13.9410901474771,4.50318808247821,4.56823946895882,FALSE,TRUE,FALSE,pre,TRUE,2009-06-25,2009-09-08,,-11,518668442,5844995,95.1191319193438,4.55513012617755,88.73719173412466,561.6301240634081,6.330843490987089
GO,2008-11-01,2008,11,92.5453586968179,,33.8437528883756,-4.83378064242055,4.55460358207738,4.62523701698838,FALSE,TRUE,FALSE,pre,TRUE,2009-06-25,2009-09-08,,-10,554775868,5844995,94.99816197568633,4.553857543789019,94.9146864967378,567.1239835106787,6.340577945627536
GO,2008-12-01,2008,12,89.9794122109315,,-13.8985248073716,-34.6568122709215,4.40141023629714,4.52413401827064,FALSE,TRUE,FALSE,pre,TRUE,2009-06-25,2009-09-08,,-9,492516039,5844995,94.02295415129323,4.543538945558586,84.2628674618199,554.6880840787717,6.318405945090363
GO,2009-01-01,2009,1,91.4975041374261,,-59.3672505382643,-6.22828056391234,4.48255232496904,4.58672625267168,FALSE,TRUE,FALSE,pre,TRUE,2009-06-25,2009-09-08,,-8,505641396,5926300,93.29040938036778,4.535717309218872,85.32159964902216,546.9461100207162,6.30435027841091
GO,2009-02-01,2009,2,93.1484479542549,,34.636257223251,0.644720164299386,4.48905269195994,4.57550902360345,FALSE,TRUE,FALSE,pre,TRUE,2009-06-25,2009-09-08,,-7,485253748,5926300,92.9420306806631,4.5319759727904545,81.88140121154852,532.0116092511681,6.276665311004242
GO,2009-03-01,2009,3,95.3614394334158,,42.404450457181,11.3691234039359,4.46851754385112,4.60442694825934,FALSE,TRUE,FALSE,pre,TRUE,2009-06-25,2009-09-08,,-6,479414042,5926300,92.79939038531066,4.530440070646771,80.896013026677693,516.0137595799307,6.246133430978614
GO,2009-04-01,2009,4,96.0490533053111,,65.9069389198426,12.8606202609162,4.54718099274805,4.97039235389341,FALSE,TRUE,FALSE,pre,TRUE,2009-06-25,2009-09-08,,-5,533180873,5926300,93.09686928969289,4.533640556324406,89.96859305131363,517.2451608971197,6.248516961138912
GO,2009-05-01,2009,5,96.0081822944139,,24.3161240068674,-4.93190320811932,4.56311685968106,5.01570946406273,FALSE,TRUE,FALSE,pre,TRUE,2009-06-25,2009-09-08,,-4,569291079,5926300,93.67400655595888,4.5398207394029,96.061805679766465,518.3922800801483,6.250732253106479
GO,2009-06-01,2009,6,97.3402854541044,,51.2419635083313,-21.4572817525489,4.54586294073988,5.0116980662286,FALSE,TRUE,FALSE,pre,TRUE,2009-06-25,2009-09-08,,-3,557175264,5926300,94.90081876315438,4.552832333219912,94.01739095219614,528.1468035705246,6.269374282126507
GO,2009-07-01,2009,7,99.0959118593466,,64.0724908314935,4.05530472697077,4.58489828417468,4.99406875637936,FALSE,TRUE,FALSE,pre,TRUE,2009-06-25,2009-09-08,,-2,582475955,5926300,96.16722005014111,4.566088551684366,98.28661306380035,541.1118169853028,6.293625943229858
GO,2009-08-01,2009,8,100.021895355787,,74.9803544642344,2.08874095173096,4.59181434509586,5.00294315768213,FALSE,TRUE,FALSE,pre,TRUE,2009-06-25,2009-09-08,,-1,600100125,5926300,97.31279461706313,4.577930477125286,101.26050402443346,560.4909197981877,6.328813042199345
GO,2009-09-01,2009,9,100.389601833914,,71.9660853889016,1.34949533269495,4.57057612935258,4.98637776383579,FALSE,TRUE,FALSE,post,FALSE,2009-06-25,2009-09-08,,0,583005706,5926300,98.15082168381284,4.586505292402281,98.37600290231678,577.9709096738268,6.35952353812178
GO,2009-10-01,2009,10,101.838916223345,,130.019106867595,4.9769208084564,4.62238806214629,5.04143882920715,FALSE,TRUE,FALSE,post,FALSE,2009-06-25,2009-09-08,,1,609734409,5926300,99.11579883681848,4.596288851806194,102.88618682820648,590.8885034507197,6.381627342164253
GO,2009-11-01,2009,11,103.780281081984,,106.597362220823,37.8076642025745,4.57878189903579,5.03686920113855,FALSE,TRUE,FALSE,post,FALSE,2009-06-25,2009-09-08,,2,610587410,5926300,100.41114863474684,4.609273243271656,103.03012166107014,597.8568194320234,6.3933512928942005
GO,2009-12-01,2009,12,105.458597230867,,-24.9427330346135,13.8630909191649,4.53946455089504,5.04800801431508,FALSE,TRUE,FALSE,post,FALSE,2009-06-25,2009-09-08,,3,601179553,5926300,101.7642005975406,4.622658378196802,101.44264600172114,605.2820744815483,6.4056945881877745
GO,2010-01-01,2010,1,105.885621494376,,84.1136265476364,23.3005239780723,4.67673275891016,5.08028571954753,FALSE,TRUE,FALSE,post,FALSE,2009-06-25,2009-09-08,,4,643979547,6003788,102.8958188700455,4.633717009070299,107.26220629375987,614.2576677115079,6.420414494370194
GO,2010-02-01,2010,2,107.129139383499,,71.181006378958,20.0122948192639,4.6006023567921,5.06466344234053,FALSE,TRUE,FALSE,post,FALSE,2009-06-25,2009-09-08,,5,574197604,6003788,104.08035954133084,4.645163288669179,95.63922043882962,608.636384125904,6.411221018991569
GO,2010-03-01,2010,3,108.674751447784,,133.524209151463,20.2174173956764,4.73863444438468,5.18235329906035,FALSE,TRUE,FALSE,post,FALSE,2009-06-25,2009-09-08,,6,672332690,6003788,105.46121781030917,4.658343281639568,111.98474862869908,622.2451298522864,6.433334114543367
GO,2010-04-01,2010,4,107.148205240545,,104.215390697104,0.734516317170034,4.72800938203485,5.14961526124639,FALSE,TRUE,FALSE,post,FALSE,2009-06-25,2009-09-08,,7,682744843,6003788,106.34609931317583,4.6666988631473245,113.71901256340163,633.0779555874815,6.450593567148378
GO,2010-05-01,2010,5,110.059109551096,,106.936140639242,22.3257788546954,4.77218238480024,5.18750620275746,FALSE,TRUE,FALSE,post,FALSE,2009-06-25,2009-09-08,,8,745991374,6003788,107.3925707246945,4.676491005796614,124.2534503216969,654.3012842481082,6.483567924655531
GO,2010-06-01,2010,6,109.336948326345,,67.9245586279735,18.6168481498771,4.67016689073323,5.15732136924895,FALSE,TRUE,FALSE,post,FALSE,2009-06-25,2009-09-08,,9,671851529,6003788,108.03896257394084,4.682491926637854,111.90460572558524,664.7632439719723,6.49943095316193
GO,2010-07-01,2010,7,110.326907593118,,93.6435719231007,12.3819145233492,4.6962685194479,5.09869426193527,FALSE,TRUE,FALSE,post,FALSE,2009-06-25,2009-09-08,,10,683788818,6003788,108.77917692373117,4.689319927536066,113.89289861667334,671.3939362948859,6.509356053070665
GO,2010-08-01,2010,8,110.936088992222,,80.3073644265198,18.1145977893478,4.73790036217847,5.14934547218819,FALSE,TRUE,FALSE,post,FALSE,2009-06-25,2009-09-08,,11,738790720,6003788,109.413668525185,4.695135822998647,123.05409851247246,698.8088143685286,6.549377191758669
GO,2010-09-01,2010,9,113.327702577644,,-23.9616171559358,0.890657526352216,4.6376588977439,5.09743871177304,FALSE,TRUE,FALSE,post,FALSE,2009-06-25,2009-09-08,,12,662757818,6003788,110.18916038016167,4.702198528724414,110.38994348234814,697.2140092221778,6.547092406992728
GO,2010-10-01,2010,10,114.824061225857,,53.6475353374889,11.4887551354241,4.66222098023705,5.18589861101241,FALSE,TRUE,FALSE,post,FALSE,2009-06-25,2009-09-08,,13,670768861,6003788,111.46846971104699,4.713741768048996,111.7242749077749,695.219271566551,6.544227294462464
GO,2010-11-01,2010,11,115.528820872213,,119.280092195515,-2.36947863989788,4.65734933252423,5.10390187482398,FALSE,TRUE,FALSE,post,FALSE,2009-06-25,2009-09-08,,14,713072258,6003788,112.3800882645665,4.72188677109544,118.7703926254558,689.7362138703099,6.536309225757831
GO,2010-12-01,2010,12,118.918950043563,,89.3886200797346,79.2567148337126,4.62839515572641,5.09535436376951,FALSE,TRUE,FALSE,post,FALSE,2009-06-25,2009-09-08,,15,709808627,6003788,113.9770885507695,4.735997450570958,118.22679731529495,696.0584054600196,6.5454335727045105
GO,2011-01-01,2011,1,118.552075540991,94.1389805695667,137.309707596613,11.0406082359861,4.8608323310159,5.27403211850054,FALSE,TRUE,FALSE,post,FALSE,2009-06-25,2009-09-08,,16,832029217,6080716,115.347949875415,4.747953211383493,136.83079706402995,718.9963039073762,6.577856217106132
GO,2011-02-01,2011,2,118.321796540381,95.6581978402688,104.221150995741,11.4811485362915,4.8962760981709,5.27977289136557,FALSE,TRUE,FALSE,post,FALSE,2009-06-25,2009-09-08,,17,826921634,6080716,116.5789011334415,4.758568306714698,135.99083298743108,731.9330383823349,6.5956890321572175
GO,2011-03-01,2011,3,115.209977037698,94.3788387242931,37.2997139347704,-7.58975506703214,4.8362116015248,5.20095947690355,FALSE,TRUE,FALSE,post,FALSE,2009-06-25,2009-09-08,,18,791519145,6080716,116.8926135434505,4.761255680369211,130.16874081933773,751.7118357193244,6.622353053329289
GO,2011-04-01,2011,4,116.677724017213,96.2358277189018,19.9366640293653,-2.43678846048503,4.68671229247334,5.27742946545462,FALSE,TRUE,FALSE,post,FALSE,2009-06-25,2009-09-08,,19,702220319,6080716,117.20155734200983,4.763895164955737,115.48316333142347,755.4707241429729,6.627341030654865
GO,2011-05-01,2011,5,117.725845140598,96.4627213477111,134.178450031042,16.4371741953135,4.64376054308955,5.13111469781416,FALSE,TRUE,FALSE,post,FALSE,2009-06-25,2009-09-08,,20,713096808,6080716,117.56772805340734,4.767014576489544,117.27184890726684,753.972180424784,6.625355471338932
GO,2011-06-01,2011,6,118.757355865645,96.2065920266093,80.1134464331605,26.0580383407132,4.75121720685512,5.15101221426439,FALSE,TRUE,FALSE,post,FALSE,2009-06-25,2009-09-08,,21,787892099,6080716,117.54079569042099,4.766785470690441,129.5722574446825,765.3176405541716,6.640290964058738
GO,2011-07-01,2011,7,118.605855434966,97.2032271905693,85.0955938711049,18.3474223262183,4.73430620691815,5.18646816741394,FALSE,TRUE,FALSE,post,FALSE,2009-06-25,2009-09-08,,22,763499303,6080716,117.54975900608349,4.766861724844321,125.56075682534754,754.0476003154891,6.625455496407212
GO,2011-08-01,2011,8,119.884134249453,98.3212918602734,84.412419023255,5.75259473264408,4.72531067038983,5.16073219535068,FALSE,TRUE,FALSE,post,FALSE,2009-06-25,2009-09-08,,23,797576851,6080716,117.81014862426217,4.769074418816201,131.16495672549087,749.221724053549,6.619034966483703
MA,2006-09-01,2006,9,45.916714769791,,,,3.46772256977915,3.56780054530816,FALSE,FALSE,TRUE,pre,TRUE,2009-06-25,2009-09-08,coded_removal_in_scm_window:MA_2009_01,-36,180216904,6184538,,,29.139913765587664,,
MA,2006-10-01,2006,10,47.8754484262628,,,,3.33697360687704,3.39758243635569,FALSE,FALSE,TRUE,pre,TRUE,2009-06-25,2009-09-08,coded_removal_in_scm_window:MA_2009_01,-35,156539030,6184538,,,25.31135389579626,,
MA,2006-11-01,2006,11,48.5270528816734,,,,3.35590566449487,3.42705872927647,FALSE,FALSE,TRUE,pre,TRUE,2009-06-25,2009-09-08,coded_removal_in_scm_window:MA_2009_01,-34,158901129,6184538,,,25.693290105097585,,
MA,2006-12-01,2006,12,48.8585377784227,,,,3.4107956135718,3.47446728190545,FALSE,FALSE,TRUE,pre,TRUE,2009-06-25,2009-09-08,coded_removal_in_scm_window:MA_2009_01,-33,161844935,6184538,,,26.169284593287323,,
MA,2007-01-01,2007,1,48.1780497296171,,25.2139056535558,11.7353200602108,3.409045109442,3.49124004022559,FALSE,FALSE,TRUE,pre,TRUE,2009-06-25,2009-09-08,coded_removal_in_scm_window:MA_2009_01,-32,179013720,6118995,,,29.255412040702762,,
MA,2007-02-01,2007,2,48.6006270557957,,36.3543061623254,14.0847708155612,3.32808280590334,3.42713842762245,FALSE,FALSE,TRUE,pre,TRUE,2009-06-25,2009-09-08,coded_removal_in_scm_window:MA_2009_01,-31,151069965,6118995,47.99273844026045,3.871049716968966,24.688689073941063,160.25794347441266,5.07678466383537
MA,2007-03-01,2007,3,50.3104847239644,,28.4391163648562,9.48431565772212,3.39966676971372,3.51287920650712,FALSE,FALSE,TRUE,pre,TRUE,2009-06-25,2009-09-08,coded_removal_in_scm_window:MA_2009_01,-30,159980542,6118995,48.72503343262268,3.8861929315426487,26.144904841399608,157.2629345502246,5.057919146889231
MA,2007-04-01,2007,4,50.0998656974675,,22.5504975514929,3.94228763862099,3.43470567442283,3.50106415269432,FALSE,FALSE,TRUE,pre,TRUE,2009-06-25,2009-09-08,coded_removal_in_scm_window:MA_2009_01,-29,156159775,6118995,49.09576964449013,3.8937728731353074,25.520493970006513,157.47207462443487,5.059248138573638
MA,2007-05-01,2007,5,51.230485305872,,38.8679879716834,1.83131531858183,3.43018556938457,3.48701573051956,FALSE,FALSE,TRUE,pre,TRUE,2009-06-25,2009-09-08,coded_removal_in_scm_window:MA_2009_01,-28,156671875,6118995,49.5463417151899,3.9029084278827044,25.604184183840648,157.3829687031779,5.058682126210018
MA,2007-06-01,2007,6,51.0566323244888,,20.6934014074139,1.81202027695296,3.44287912769845,3.52891215972952,FALSE,FALSE,TRUE,pre,TRUE,2009-06-25,2009-09-08,coded_removal_in_scm_window:MA_2009_01,-27,164040687,6118995,49.912690806200914,3.9102752951959756,26.80843618927618,158.02212029916677,5.062735025121077
MA,2007-07-01,2007,7,50.9071750400761,,-6.87748247862547,-9.84878151500579,3.41364746489744,3.45990591987629,FALSE,FALSE,TRUE,pre,TRUE,2009-06-25,2009-09-08,coded_removal_in_scm_window:MA_2009_01,-26,162483469,6118995,50.36754502461075,3.919347019729417,26.55394701254046,155.32065527100445,5.045491723699561
MA,2007-08-01,2007,8,50.7466966682166,,6.38895795569818,-4.57983533182912,3.38921747508176,3.4612795984471,FALSE,FALSE,TRUE,pre,TRUE,2009-06-25,2009-09-08,coded_removal_in_scm_window:MA_2009_01,-25,167434808,6118995,50.72522329334757,3.9264232877395986,27.363122212062603,157.995088409126,5.0625639465255965
MA,2007-09-01,2007,9,52.870309313763,,12.4977169664476,-5.41642191956395,3.41592319821695,3.48493213147475,FALSE,FALSE,TRUE,pre,TRUE,2009-06-25,2009-09-08,coded_removal_in_scm_window:MA_2009_01,-24,174034808,6118995,51.151860724980665,3.9347988695459626,28.441730709046176,160.2919142767726,5.076996617150373
MA,2007-10-01,2007,10,52.3912733328465,,12.0748179775845,-2.14790583050978,3.41492832943431,3.48504836768468,FALSE,FALSE,TRUE,pre,TRUE,2009-06-25,2009-09-08,coded_removal_in_scm_window:MA_2009_01,-23,176045359,6118995,51.533761997543834,3.9422371656435753,28.770306071503573,163.54172637826963,5.09706816498403
MA,2007-11-01,2007,11,53.9143876673781,,15.2197878924909,-4.54922060564947,3.43979651373884,3.53669071296031,FALSE,FALSE,TRUE,pre,TRUE,2009-06-25,2009-09-08,coded_removal_in_scm_window:MA_2009_01,-22,185451171,6118995,51.98107905779485,3.950879788093584,30.3074558812354,168.2449980756644,5.125421238963539
MA,2007-12-01,2007,12,58.4690284412122,,52.677894790981,7.94800723420879,3.41452554567043,3.4999637056478,FALSE,FALSE,TRUE,pre,TRUE,2009-06-25,2009-09-08,coded_removal_in_scm_window:MA_2009_01,-21,170722747,6118995,53.216478410582084,3.9743680929464698,27.900455385238917,169.33701727162713,5.131890914214829
MA,2008-01-01,2008,1,54.8458145674539,,37.8020032863966,12.6822529185321,3.48438094568975,3.57253658443954,FALSE,FALSE,TRUE,pre,TRUE,2009-06-25,2009-09-08,coded_removal_in_scm_window:MA_2009_01,-20,207382550,6305537,53.87291833181172,3.9866279088247296,32.88895933843541,175.67202959752208,5.168618788425404
MA,2008-02-01,2008,2,51.5719962745503,,21.6713942113977,7.17194188217545,3.46442403534146,3.58377802148297,FALSE,FALSE,TRUE,pre,TRUE,2009-06-25,2009-09-08,coded_removal_in_scm_window:MA_2009_01,-19,187975527,6305537,54.01046826620067,3.9891778845579706,29.811184519256646,178.12009190471613,5.182457996424153
MA,2008-03-01,2008,3,54.6762391018029,,24.6226089958468,10.3862102770108,3.42335007544043,3.50408401730045,FALSE,FALSE,TRUE,pre,TRUE,2009-06-25,2009-09-08,coded_removal_in_scm_window:MA_2009_01,-18,168686278,6305537,54.31145656420732,3.994735191134869,26.75208757001981,176.43044876568976,5.17292674072734
MA,2008-04-01,2008,4,57.1086465689821,,40.9714122130541,9.92385449536049,3.41376020561909,3.50485599965693,FALSE,FALSE,TRUE,pre,TRUE,2009-06-25,2009-09-08,coded_removal_in_scm_window:MA_2009_01,-17,162907643,6305537,55.09768543689658,4.009107708686669,25.835649366580515,173.4957920607667,5.156153345840734
MA,2008-05-01,2008,5,55.3164179655629,,28.4251050829486,16.6864121333838,3.45023910188033,3.55084781738807,FALSE,FALSE,TRUE,pre,TRUE,2009-06-25,2009-09-08,coded_removal_in_scm_window:MA_2009_01,-16,180882042,6305537,55.33135715326072,4.013339784952972,28.68622323522961,171.8745594147609,5.146764905012523
MA,2008-06-01,2008,6,55.8049879748134,,34.3941968207492,11.976740394099,3.48326723881511,3.5577176227562,FALSE,FALSE,TRUE,pre,TRUE,2009-06-25,2009-09-08,coded_removal_in_scm_window:MA_2009_01,-15,180882328,6305537,54.88735040886092,4.00528291047052,28.686268592191276,172.66037262171326,5.1513265009291835
MA,2008-07-01,2008,7,57.6976844056611,,51.1005863732459,24.1515983502015,3.46505881952151,3.55648967781403,FALSE,FALSE,TRUE,pre,TRUE,2009-06-25,2009-09-08,coded_removal_in_scm_window:MA_2009_01,-14,189133635,6305537,55.362662048562115,4.013905396290634,29.994849764579925,169.7662630478578,5.1344225677281115
MA,2008-08-01,2008,8,57.3041490613953,,43.4675794205754,20.3742078190996,3.51054536921184,3.59163928178719,FALSE,FALSE,TRUE,pre,TRUE,2009-06-25,2009-09-08,coded_removal_in_scm_window:MA_2009_01,-13,205838656,6305537,56.31802084636962,4.031014570010189,32.644111992364806,172.59919052096595,5.150972088725038
MA,2008-09-01,2008,9,58.3239278808798,,34.73847880905,13.9026771165491,3.51399852582407,3.61245855901859,FALSE,FALSE,TRUE,pre,TRUE,2009-06-25,2009-09-08,coded_removal_in_scm_window:MA_2009_01,-12,217797772,6305537,56.92596897621577,4.041751633785006,34.540717467838185,180.38782041878432,5.195109091041039
MA,2008-10-01,2008,10,58.3772334454225,,6.81349295449148,17.788599799202,3.51784276420395,3.61460983825786,FALSE,FALSE,TRUE,pre,TRUE,2009-06-25,2009-09-08,coded_removal_in_scm_window:MA_2009_01,-11,216408252,6305537,57.137400122289165,4.045458895632518,34.32035241407671,188.8725234662805,5.241072308481953
MA,2008-11-01,2008,11,57.8056537216311,,-14.5880183718849,9.04902047959095,3.57794043806985,3.64679567806052,FALSE,FALSE,TRUE,pre,TRUE,2009-06-25,2009-09-08,coded_removal_in_scm_window:MA_2009_01,-10,227373132,6305537,57.55227274830053,4.052693626104892,36.059281231717456,196.24558146276837,5.279366841569658
MA,2008-12-01,2008,12,55.0521508640824,,-3.62639122798066,5.67569384253543,3.50038567815665,3.58229361892772,FALSE,FALSE,TRUE,pre,TRUE,2009-06-25,2009-09-08,coded_removal_in_scm_window:MA_2009_01,-9,205057371,6305537,57.42679989651204,4.050511091514738,32.52020739867199,200.0795202692491,5.298714888871812
MA,2009-01-01,2009,1,57.2403032198612,,-21.0480159578888,-8.65597536290628,3.42320829349297,3.55013919883234,FALSE,FALSE,TRUE,pre,TRUE,2009-06-25,2009-09-08,coded_removal_in_scm_window:MA_2009_01,-8,216691450,6367138,57.350569698878715,4.04918277724668,34.03278678740747,204.1174572920766,5.31869559919126
MA,2009-02-01,2009,2,58.4013617050438,,-13.0962413851782,-4.42208349491114,3.49266909104947,3.57631863531998,FALSE,FALSE,TRUE,pre,TRUE,2009-06-25,2009-09-08,coded_removal_in_scm_window:MA_2009_01,-7,195452236,6367138,57.53343847282013,4.052366317432969,30.697031539131082,202.17037683884288,5.3091107915946365
MA,2009-03-01,2009,3,56.6874272669476,,13.6864702856275,10.9893216875173,3.48980170145788,3.56809281729566,FALSE,FALSE,TRUE,pre,TRUE,2009-06-25,2009-09-08,coded_removal_in_scm_window:MA_2009_01,-6,186529587,6367138,57.2606883704981,4.0476143214366544,29.2956720900348,196.9253314610395,5.282824628772126
MA,2009-04-01,2009,4,57.9253287400367,,-31.6876479950819,-9.84318380374173,3.47822662616147,3.55931691344127,FALSE,FALSE,TRUE,pre,TRUE,2009-06-25,2009-09-08,coded_removal_in_scm_window:MA_2009_01,-5,186877695,6367138,57.185370919600466,4.046298112521499,29.350344691759467,191.95532373872226,5.257262656090707
MA,2009-05-01,2009,5,57.4226634428811,,-18.2735411808701,-4.90231970589188,3.47013459790894,3.55651337249619,FALSE,FALSE,TRUE,pre,TRUE,2009-06-25,2009-09-08,coded_removal_in_scm_window:MA_2009_01,-4,189709529,6367138,57.12153920647547,4.0451812645603455,29.795102446342455,185.69114495334725,5.224084782533218
MA,2009-06-01,2009,6,59.2693820090497,,-38.7902987999049,-6.98169163583158,3.43430502364062,3.55250461296477,FALSE,FALSE,TRUE,pre,TRUE,2009-06-25,2009-09-08,coded_removal_in_scm_window:MA_2009_01,-3,186747823,6367138,57.82441106397002,4.057411023266156,29.329947458339994,182.50088501301525,5.206755022397173
MA,2009-07-01,2009,7,58.0316366553237,,-15.4792503747265,-11.4868903325883,3.53692660440483,3.64574368345613,FALSE,FALSE,TRUE,pre,TRUE,2009-06-25,2009-09-08,coded_removal_in_scm_window:MA_2009_01,-2,218970655,6367138,57.95629996988043,4.059689277766056,34.39075060097645,182.85884882658425,5.208714537335212
MA,2009-08-01,2009,8,59.2661282198459,,-3.18699297419519,-23.7388238630826,3.54650928156297,3.63538321128654,FALSE,FALSE,TRUE,pre,TRUE,2009-06-25,2009-09-08,coded_removal_in_scm_window:MA_2009_01,-1,225761068,6367138,58.10042772234745,4.062173025661188,35.45722866380468,187.61904595125785,5.234413555679321
MA,2009-09-01,2009,9,58.2234417425885,,-17.2046954763357,-9.2923486118533,3.53241473883377,3.61462255303652,FALSE,FALSE,TRUE,post,FALSE,2009-06-25,2009-09-08,coded_removal_in_scm_window:MA_2009_01,0,231483383,6367138,58.356430134954266,4.066569552060445,36.35595506175616,194.6793289229792,5.271353737881951
MA,2009-10-01,2009,10,59.0557158158712,,-2.00091140679846,-9.35651702319347,3.47258335463704,3.59507012886794,FALSE,FALSE,TRUE,post,FALSE,2009-06-25,2009-09-08,coded_removal_in_scm_window:MA_2009_01,1,220654244,6367138,58.544827980926684,4.069792751059574,34.655169088529256,199.984153319749,5.2982381300076495
MA,2009-11-01,2009,11,60.0918358713556,,43.1896744091223,14.0543034504278,3.52204072394097,3.59949059112044,FALSE,FALSE,TRUE,post,FALSE,2009-06-25,2009-09-08,coded_removal_in_scm_window:MA_2009_01,2,228669694,6367138,58.9896900523391,4.077362683760446,35.91404709619927,206.1030979696058,5.328376519174059
MA,2009-12-01,2009,12,60.4248161483291,,27.566414262415,17.046818118823,3.54106263102812,3.6147393453254,FALSE,FALSE,TRUE,post,FALSE,2009-06-25,2009-09-08,coded_removal_in_scm_window:MA_2009_01,3,226969878,6367138,59.18226240888567,4.080621875522953,35.64708005386407,212.42023056512988,5.35856653231381
MA,2010-01-01,2010,1,63.9064116958595,,42.6708463294961,26.1972003086912,3.50386667528884,3.62704217147248,FALSE,FALSE,TRUE,post,FALSE,2009-06-25,2009-09-08,coded_removal_in_scm_window:MA_2009_01,4,242934163,6574789,60.1613915823083,4.097030810728917,36.949347423924934,214.97882738807837,5.370539546013707
MA,2010-02-01,2010,2,62.9123181080304,,41.7113943595997,21.6878288669856,3.51539464215369,3.59549679526992,FALSE,FALSE,TRUE,post,FALSE,2009-06-25,2009-09-08,coded_removal_in_scm_window:MA_2009_01,5,212775152,6574789,60.76908989700571,4.107081269846304,32.36227839402907,211.88387711830276,5.356038375160516
MA,2010-03-01,2010,3,66.054057449652,,67.206277747817,26.6992102089474,3.53809906181558,3.63640409896543,FALSE,FALSE,TRUE,post,FALSE,2009-06-25,2009-09-08,coded_removal_in_scm_window:MA_2009_01,6,215952715,6574789,62.074192514849635,4.128330323091332,32.845573447299984,208.37349550384658,5.339332120907384
MA,2010-04-01,2010,4,65.3339718085281,,72.000299251429,26.7511525890272,3.54197199941549,3.65078112755942,FALSE,FALSE,TRUE,post,FALSE,2009-06-25,2009-09-08,coded_removal_in_scm_window:MA_2009_01,7,220640541,6574789,63.120568513625784,4.145046683366921,33.558573666774706,207.27690008209203,5.334055580922476
MA,2010-05-01,2010,5,68.1292911990211,,27.7790751442249,1.47302723958386,3.61568486809693,3.7065997915082,FALSE,FALSE,TRUE,post,FALSE,2009-06-25,2009-09-08,coded_removal_in_scm_window:MA_2009_01,8,238449164,6574789,64.46014440157003,4.166047116558069,36.2671964073676,207.63004939326038,5.335757887412623
MA,2010-06-01,2010,6,69.3711726715458,,49.975329538287,-2.44233213857368,3.6139165397293,3.69139569717722,FALSE,FALSE,TRUE,post,FALSE,2009-06-25,2009-09-08,coded_removal_in_scm_window:MA_2009_01,9,238652900,6574789,65.95120382210615,4.1889151325540634,36.29818386567234,208.28115320506862,5.338888865081121
MA,2010-07-01,2010,7,70.1253802869333,,32.3538269640194,-5.80364101937305,3.55123991353509,3.67315045562252,FALSE,FALSE,TRUE,post,FALSE,2009-06-25,2009-09-08,coded_removal_in_scm_window:MA_2009_01,10,244575938,6574789,66.98769858728512,4.204508999358991,37.19905505712807,208.53086083827176,5.340087043898737
MA,2010-08-01,2010,8,70.483288033969,,0.191104527485258,-4.30272544707647,3.59458275563036,3.66965433584375,FALSE,FALSE,TRUE,post,FALSE,2009-06-25,2009-09-08,coded_removal_in_scm_window:MA_2009_01,11,249944556,6574789,68.24952690827489,4.223170502294156,38.01560110902418,214.18418355326688,5.366836315666767
MA,2010-09-01,2010,9,72.2672458773503,,17.1772351914782,3.77578009359238,3.60916090080569,3.70597930075777,FALSE,FALSE,TRUE,post,FALSE,2009-06-25,2009-09-08,coded_removal_in_scm_window:MA_2009_01,12,275723331,6574789,69.28505831289127,4.23822927418836,41.936453169827956,223.27506327579485,5.408404478968386
MA,2010-10-01,2010,10,71.5596046240047,,52.8421351932556,-11.0679560436679,3.63490072462243,3.71262187454985,FALSE,FALSE,TRUE,post,FALSE,2009-06-25,2009-09-08,coded_removal_in_scm_window:MA_2009_01,13,271524127,6574789,70.32266378213737,4.253094133520344,41.29777046837549,231.01426007739565,5.4424794405532335
MA,2010-11-01,2010,11,70.5871552948409,,30.5480023837938,-5.08890666937459,3.52713710956413,3.62085257570847,FALSE,FALSE,TRUE,post,FALSE,2009-06-25,2009-09-08,coded_removal_in_scm_window:MA_2009_01,14,254639515,6574789,70.73230779810734,4.25890243879367,38.72968623023492,233.47674990026297,5.4530824999897005
MA,2010-12-01,2010,12,71.6166116548519,,-10.4245238683025,-41.9385668166309,3.63454306162984,3.73468575429708,FALSE,FALSE,TRUE,post,FALSE,2009-06-25,2009-09-08,coded_removal_in_scm_window:MA_2009_01,15,282313489,6574789,71.10654762865835,4.264179422986269,42.93879073533767,240.11735676992828,5.4811277903684
MA,2011-01-01,2011,1,70.2661799750337,107.513295056603,14.4044015066568,-17.7032553705162,3.58180733519435,3.67421544103365,FALSE,FALSE,TRUE,post,FALSE,2009-06-25,2009-09-08,coded_removal_in_scm_window:MA_2009_01,16,279147070,6645761,71.13001424334175,4.264509388989207,42.00377804738991,244.92207976019012,5.500940118163567
MA,2011-02-01,2011,2,74.0091770013436,103.921227422996,26.5403583881753,-13.0791864360576,3.61336669545734,3.69963278961198,FALSE,FALSE,TRUE,post,FALSE,2009-06-25,2009-09-08,coded_removal_in_scm_window:MA_2009_01,17,250499585,6645761,71.71766240457085,4.272737054850638,37.69313777609517,244.5996164272611,5.49962265508856
MA,2011-03-01,2011,3,73.9051216950349,101.615223256327,-32.3887518624069,-27.5963789778415,3.63506537006768,3.71800181754279,FALSE,FALSE,TRUE,post,FALSE,2009-06-25,2009-09-08,coded_removal_in_scm_window:MA_2009_01,18,255084275,6645761,71.99064170751828,4.276536134283938,38.383004594959104,241.04616785239227,5.484988482996127
MA,2011-04-01,2011,4,74.9532036770071,103.591009640415,9.54534437494955,-5.39164585959138,3.66065744297424,3.77215301045714,FALSE,FALSE,TRUE,post,FALSE,2009-06-25,2009-09-08,coded_removal_in_scm_window:MA_2009_01,19,268330686,6645761,72.55624154968535,4.284362006638499,40.376216659010154,240.12461404302692,5.481158013770519
MA,2011-05-01,2011,5,74.9355120820703,105.232497525894,0.781037546554266,2.20540664894553,3.62746817725079,3.71544713012089,FALSE,FALSE,TRUE,post,FALSE,2009-06-25,2009-09-08,coded_removal_in_scm_window:MA_2009_01,20,254378358,6645761,73.28096768089024,4.29430092553101,38.27678395295889,239.6717117657509,5.479270119314345
MA,2011-06-01,2011,6,73.2876942803134,106.333055644716,47.8534511537785,10.2282249680157,3.65055995469673,3.75113434611428,FALSE,FALSE,TRUE,post,FALSE,2009-06-25,2009-09-08,coded_removal_in_scm_window:MA_2009_01,21,272346469,6645761,73.5594814518005,4.298094350388279,40.980478985025194,237.71340001543842,5.4710657464223065
MA,2011-07-01,2011,7,74.9308376524869,106.72255195591,7.8641233121554,3.59252660665352,3.6317383198581,3.71749870718368,FALSE,FALSE,TRUE,post,FALSE,2009-06-25,2009-09-08,coded_removal_in_scm_window:MA_2009_01,22,277187622,6645761,74.3369243980427,4.308607791912674,41.708936267795366,237.41855823584388,5.469824651975511
MA,2011-08-01,2011,8,76.8359120990982,111.4051392235,13.1711727519702,5.0899718581743,3.67004108772606,3.76205262368241,FALSE,FALSE,TRUE,post,FALSE,2009-06-25,2009-09-08,coded_removal_in_scm_window:MA_2009_01,23,296849458,6645761,74.80804691433514,4.31492545826287,44.66748924615255,244.39290970590125,5.498777215853295
MG,2006-09-01,2006,9,56.7698653341919,,,,4.46058945271519,4.55919605044884,FALSE,TRUE,FALSE,pre,TRUE,2009-06-25,2009-09-08,,-36,1487260952,19479356,,,76.35062226903189,,
MG,2006-10-01,2006,10,57.0180032512348,,,,4.43885719866256,4.58342183112388,FALSE,TRUE,FALSE,pre,TRUE,2009-06-25,2009-09-08,,-35,1516113652,19479356,,,77.8318160004879,,
MG,2006-11-01,2006,11,57.4079840012489,,,,4.45704599940156,4.5817627094736,FALSE,TRUE,FALSE,pre,TRUE,2009-06-25,2009-09-08,,-34,1514357504,19479356,,,77.74166168532471,,
MG,2006-12-01,2006,12,57.1464494800046,,,,4.4640373586162,4.58759700002511,FALSE,TRUE,FALSE,pre,TRUE,2009-06-25,2009-09-08,,-33,1535640879,19479356,,,78.8342735252644,,
MG,2007-01-01,2007,1,56.8720116408483,,89.7883129498294,-7.93045892135694,4.54231857094161,4.65065023095573,FALSE,TRUE,FALSE,pre,TRUE,2009-06-25,2009-09-08,,-32,1582450843,19273506,,,82.10498095157155,,
MG,2007-02-01,2007,2,54.6567884898916,,72.1655637100887,-0.371825186189858,4.52804337480316,4.64626795474329,FALSE,TRUE,FALSE,pre,TRUE,2009-06-25,2009-09-08,,-31,1497767674,19273506,56.64518369957002,4.036806965317281,77.7112204702144,470.57457490189483,6.153954447850953
MG,2007-03-01,2007,3,57.3959322448906,,76.8551098371293,-2.0505944184726,4.49107600360044,4.61348254203594,FALSE,TRUE,FALSE,pre,TRUE,2009-06-25,2009-09-08,,-30,1424181967,19273506,56.74952818468647,4.038647342400721,73.89324843129216,468.1172010641551,6.148718694189646
MG,2007-04-01,2007,4,58.6432792951693,,83.4186356294519,-0.598590362872594,4.50740256147317,4.64174152797166,FALSE,TRUE,FALSE,pre,TRUE,2009-06-25,2009-09-08,,-29,1517035582,19273506,57.020407525342215,4.043409230518653,78.71093001968609,468.9963150833533,6.150594911450281
MG,2007-05-01,2007,5,58.6414942926065,,82.916017927905,2.31251857496468,4.52111594825465,4.63669859783871,FALSE,TRUE,FALSE,pre,TRUE,2009-06-25,2009-09-08,,-28,1532072945,19273506,57.22599257390182,4.047008210797892,79.49113902784475,470.74579242587333,6.154318229474743
MG,2007-06-01,2007,6,58.4939953222738,,40.1608847104932,7.86920494620141,4.53258005247137,4.6339800432212,FALSE,TRUE,FALSE,pre,TRUE,2009-06-25,2009-09-08,,-27,1576171389,19273506,57.45058354761335,4.0509251617299205,81.77917338962615,473.6906922902351,6.160554560782124
MG,2007-07-01,2007,7,59.0669619231652,,8.72976741236895,4.64561136094148,4.52264678100525,4.65425161177881,FALSE,TRUE,FALSE,pre,TRUE,2009-06-25,2009-09-08,,-26,1637495724,19273506,57.81640859466617,4.057272621111273,84.96096786957183,476.5466792082354,6.166565680957793
MG,2007-08-01,2007,8,59.4844692617599,,-66.7816494252097,-1.30216822548834,4.53436901702196,4.65867174282969,FALSE,TRUE,FALSE,pre,TRUE,2009-06-25,2009-09-08,,-25,1640412886,19273506,58.621022056644215,4.071093370419805,85.11232393317542,483.9477826711964,6.181977013853423
MG,2007-09-01,2007,9,60.5399626795582,,53.0076246772123,-4.82150966495896,4.5240157336285,4.6704449833411,FALSE,TRUE,FALSE,pre,TRUE,2009-06-25,2009-09-08,,-24,1690233103,19273506,59.14502712908882,4.079992514685376,87.69723074774252,497.75176498764677,6.210101488870007
MG,2007-10-01,2007,10,60.7862106767207,,95.2794899663663,28.8131588113357,4.55050926864271,4.67150522774907,FALSE,TRUE,FALSE,pre,TRUE,2009-06-25,2009-09-08,,-23,1703893665,19273506,59.50218235934739,4.086012990187311,88.4060048545397,507.44683982250035,6.229391956311145
MG,2007-11-01,2007,11,61.0477473738693,,114.123800848543,40.4927036921888,4.5671765046591,4.69665949347229,FALSE,TRUE,FALSE,pre,TRUE,2009-06-25,2009-09-08,,-22,1760419276,19273506,59.90322453955785,4.092730335718552,91.33881899847387,519.2945197931294,6.252471197729173
MG,2007-12-01,2007,12,61.7340243028614,,214.62515070942,82.6254468077022,4.5713974225087,4.70864863364258,FALSE,TRUE,FALSE,pre,TRUE,2009-06-25,2009-09-08,,-21,1771067586,19273506,60.44322936965578,4.101704566977415,91.89130332592316,529.4066497294265,6.271756850593272
MG,2008-01-01,2008,1,62.1301900587197,,119.112252935202,5.82726045683783,4.5982234443659,4.70863427999423,FALSE,TRUE,FALSE,pre,TRUE,2009-06-25,2009-09-08,,-20,1817358504,19850060,60.953767392248196,4.110115665210619,91.55430784592087,535.9999897057755,6.2841341418651595
MG,2008-02-01,2008,2,60.0872006525572,,108.495132891434,9.83970911839728,4.66294030900544,4.77645215380858,FALSE,TRUE,FALSE,pre,TRUE,2009-06-25,2009-09-08,,-19,1779843862,19850060,61.05422262404775,4.11176236481588,89.66440716048213,540.5520729330823,6.29259097459052
MG,2008-03-01,2008,3,62.2946840648419,,95.8366256308239,19.2314535567281,4.84992588453512,4.92753342921642,FALSE,TRUE,FALSE,pre,TRUE,2009-06-25,2009-09-08,,-18,2219407638,19850060,61.346676188261696,4.116540991828802,111.80861105709504,564.6634532424348,6.336229895693757
MG,2008-04-01,2008,4,63.0271811657816,,94.7003426056796,24.032115753181,4.62124519274025,4.70656596662581,FALSE,TRUE,FALSE,pre,TRUE,2009-06-25,2009-09-08,,-17,1780787100,19850060,61.72017126977185,4.122610802438807,89.71192530400413,565.9693736918991,6.338539966654196
MG,2008-05-01,2008,5,63.1487907992224,,-8.41832984740217,15.1267752190227,4.62121351040449,4.74889851706226,FALSE,TRUE,FALSE,pre,TRUE,2009-06-25,2009-09-08,,-16,1845053345,19850060,62.07034517399737,4.128268341454039,92.94950972440385,567.5800644178291,6.3413818220789215
MG,2008-06-01,2008,6,64.0404016762433,,169.212161999625,18.0281546981739,4.60270983690823,4.75142337837406,FALSE,TRUE,FALSE,pre,TRUE,2009-06-25,2009-09-08,,-15,1913388818,19850060,62.45474140289435,4.134442156874425,96.39209241684912,572.0808535087551,6.349280333678538
MG,2008-07-01,2008,7,64.1112402072212,,202.481274994704,10.2527441400529,4.61402760445755,4.75327375718394,FALSE,TRUE,FALSE,pre,TRUE,2009-06-25,2009-09-08,,-14,1922906486,19850060,62.7849164276446,4.139714860352116,96.87157046376686,577.3981161266012,6.3585320045401055
MG,2008-08-01,2008,8,64.3372041534306,,103.688073876377,9.43814627066098,4.62339839943707,4.75153778220705,FALSE,TRUE,FALSE,pre,TRUE,2009-06-25,2009-09-08,,-13,1979997294,19850060,63.49325034445683,4.150933606460979,99.74767300451485,587.4813819706338,6.375844555253416
MG,2008-09-01,2008,9,64.4812869756708,,66.4057872460411,9.50031896565117,4.63481323741411,4.76707554945762,FALSE,TRUE,FALSE,pre,TRUE,2009-06-25,2009-09-08,,-12,2063536909,19850060,63.857684162928315,4.156656922346708,103.95620511978301,579.6289760333218,6.362388202353091
MG,2008-10-01,2008,10,64.7730373067428,,-99.7840561649474,17.3232574109074,4.6358583777927,4.75822754007388,FALSE,TRUE,FALSE,pre,TRUE,2009-06-25,2009-09-08,,-11,2057444246,19850060,64.14866018642185,4.161203205207089,103.64927088381597,593.5663216131337,6.386148954416702
MG,2008-11-01,2008,11,63.8896036103668,,-101.084689947863,-22.907603851041,4.60062574245957,4.73009236116431,FALSE,TRUE,FALSE,pre,TRUE,2009-06-25,2009-09-08,,-10,1992915386,19850060,64.27212898827925,4.163126084527398,100.39845652859488,601.0152684173247,6.3986203392330125
MG,2008-12-01,2008,12,61.7845719366336,,-85.165390546464,-20.4417188559361,4.5526770474256,4.67017437907692,FALSE,TRUE,FALSE,pre,TRUE,2009-06-25,2009-09-08,,-9,1841666448,19850060,63.896157365010964,4.157259224442451,92.77888570613892,597.4020617066145,6.392590356908653
MG,2009-01-01,2009,1,63.6123755446708,,-83.625455079492,-16.119270167157,4.49724736205924,4.6343819653807,FALSE,TRUE,FALSE,pre,TRUE,2009-06-25,2009-09-08,,-8,1751719757,20033665,63.8130132545859,4.155957139059408,87.43880647899424,587.9692977218418,6.376674731776617
MG,2009-02-01,2009,2,64.3330530019154,,-31.9748478652694,-7.42791433429649,4.49591093859835,4.64478127493961,FALSE,TRUE,FALSE,pre,TRUE,2009-06-25,2009-09-08,,-7,1649324944,20033665,63.81232139600003,4.155946297033602,82.32766915090174,570.5492938682288,6.346599570246462
MG,2009-03-01,2009,3,64.7330153447207,,-19.5523739563144,0.41994647148347,4.47488598560073,4.64879136822015,FALSE,TRUE,FALSE,pre,TRUE,2009-06-25,2009-09-08,,-6,1640352768,20033665,63.854276124175016,4.1566035516405275,81.87981420274323,548.472902951189,6.3071378764005015
MG,2009-04-01,2009,4,65.3343605768976,,-8.22583766326813,-5.97875710470454,4.50891832168797,4.65712817507289,FALSE,TRUE,FALSE,pre,TRUE,2009-06-25,2009-09-08,,-5,1743817635,20033665,63.94783000253415,4.158067594728783,87.04436432375205,531.8679963911251,6.276395331468675
MG,2009-05-01,2009,5,65.0213836141959,,-5.95624429282101,-3.18077666983523,4.52363218386088,4.6721589592098,FALSE,TRUE,FALSE,pre,TRUE,2009-06-25,2009-09-08,,-4,1767506802,20033665,64.13646000317233,4.161013001023342,88.22683228455702,519.6963721470872,6.253244741322506
MG,2009-06-01,2009,6,65.7988756615272,,13.9370843473547,3.99170519658009,4.51102754618307,4.65981768589972,FALSE,TRUE,FALSE,pre,TRUE,2009-06-25,2009-09-08,,-3,1812323857,20033665,64.80551062398793,4.171390640236132,90.46391945757304,517.3814058985213,6.248780331530823
MG,2009-07-01,2009,7,66.9176020558243,,58.073153818614,3.97529933067973,4.51658298381418,4.6416576763576,FALSE,TRUE,FALSE,pre,TRUE,2009-06-25,2009-09-08,,-2,1819087766,20033665,65.35638170918018,4.179855089612691,90.80154659669113,520.7441460162182,6.255258838630403
MG,2009-08-01,2009,8,67.1624125094374,,49.9366635693703,17.1081813140644,4.52380625308425,4.67589201662948,FALSE,TRUE,FALSE,pre,TRUE,2009-06-25,2009-09-08,,-1,1917515860,20033665,65.82794162710051,4.187044392983951,95.71468126276446,534.1311581280809,6.28064142327396
MG,2009-09-01,2009,9,67.5063131024675,,78.4279255424391,11.0217049261038,4.5639183673726,4.686675721025,FALSE,TRUE,FALSE,post,FALSE,2009-06-25,2009-09-08,,0,1984397109,20033665,66.29015792005832,4.1940414385111104,99.05312427855812,551.3044682038958,6.3122872304129585
MG,2009-10-01,2009,10,68.8487114027424,,116.245419866083,8.76150776794332,4.58267514369569,4.72432715449371,FALSE,TRUE,FALSE,post,FALSE,2009-06-25,2009-09-08,,1,2072425472,20033665,66.87588305769911,4.202838409730099,103.4471461911737,567.7072500713175,6.3416058810504214
MG,2009-11-01,2009,11,68.8749143272773,,173.554319897485,26.4800091579359,4.60338885589974,4.75746497449191,FALSE,TRUE,FALSE,post,FALSE,2009-06-25,2009-09-08,,2,2123219339,20033665,67.51813817654602,4.212396275508024,105.98257178604115,585.4629895728016,6.3724029693793725
MG,2009-12-01,2009,12,69.1983429174956,,119.819117690724,23.1249493179854,4.59554087875502,4.73796450187345,FALSE,TRUE,FALSE,post,FALSE,2009-06-25,2009-09-08,,3,2067105448,20033665,68.08471605254076,4.220752754083018,103.18159198529077,598.1806621005193,6.393892818860419
MG,2010-01-01,2010,1,70.2388760345256,,140.407865176752,25.0484743728812,4.63635687859936,4.76338063508753,FALSE,TRUE,FALSE,post,FALSE,2009-06-25,2009-09-08,,4,2056652409,19597330,68.63826171565763,4.2288501302036945,104.94554150999141,612.3246570138197,6.417262627171431
MG,2010-02-01,2010,2,70.6575749407342,,103.806712381637,9.92989126427014,4.62352679646217,4.76253937079234,FALSE,TRUE,FALSE,post,FALSE,2009-06-25,2009-09-08,,5,1902185246,19597330,69.22078878754043,4.2373012335126905,97.06349007747484,613.67346582853,6.41946297207208
MG,2010-03-01,2010,3,71.6704805072431,,132.848771666934,8.32525589416438,4.65815051280778,4.78899404680411,FALSE,TRUE,FALSE,post,FALSE,2009-06-25,2009-09-08,,6,1957225214,19597330,69.91481668833636,4.247277596567563,99.87203430263204,614.4923758526039,6.420796521854433
MG,2010-04-01,2010,4,71.2951703658826,,137.360401285086,11.7161951669835,4.67833518865511,4.80338741211283,FALSE,TRUE,FALSE,post,FALSE,2009-06-25,2009-09-08,,7,2164947484,19597330,70.32255984885973,4.253092655570721,110.47155321668819,621.5167828781184,6.4321629144125865
MG,2010-05-01,2010,5,73.1294271538948,,128.511633608411,17.1953638238606,4.67653832299849,4.81398885802632,FALSE,TRUE,FALSE,post,FALSE,2009-06-25,2009-09-08,,8,2142508413,19597330,71.03164531996265,4.263125486474551,109.3265466775321,624.8607577696093,6.43752883734694
MG,2010-06-01,2010,6,73.9258999316602,,31.2991675352009,-4.05624376615847,4.68940083428302,4.81566801503723,FALSE,TRUE,FALSE,post,FALSE,2009-06-25,2009-09-08,,9,2177458325,19597330,71.81957148899008,4.274157022322188,111.1099483960315,632.7891141803501,6.450137213682769
MG,2010-07-01,2010,7,74.0679593865182,,89.136631332719,17.5287572750197,4.73089899900421,4.85569408167736,FALSE,TRUE,FALSE,post,FALSE,2009-06-25,2009-09-08,,10,2322841217,19597330,72.45775204765552,4.283003661630128,118.52845346789589,646.3720261382546,6.471375229875409
MG,2010-08-01,2010,8,74.9841733374448,,144.861076685228,21.0410211821735,5.03498675347586,5.17570012540805,FALSE,TRUE,FALSE,post,FALSE,2009-06-25,2009-09-08,,11,3289698580,19597330,73.17885178044061,4.292906469121432,167.86463155950327,717.173167620283,6.575317328343268
MG,2010-09-01,2010,9,76.2358921530701,,107.216732005399,11.1997216679676,4.67161880617089,4.81096804121371,FALSE,TRUE,FALSE,post,FALSE,2009-06-25,2009-09-08,,12,2294677861,19597330,73.93975372141178,4.303250622713269,117.09135178108447,734.3924850987354,6.599043606545233
MG,2010-10-01,2010,10,75.9361312484372,,112.200760821921,7.08581374141992,4.64039178223634,4.78351952230671,FALSE,TRUE,FALSE,post,FALSE,2009-06-25,2009-09-08,,13,2248874940,19597330,74.71324720183755,4.313657415128805,114.75414967242986,738.6750815544771,6.604858151130309
MG,2010-11-01,2010,11,76.3182130110419,,84.0841744918277,13.1808051399559,4.67766273325768,4.80853294926835,FALSE,TRUE,FALSE,post,FALSE,2009-06-25,2009-09-08,,14,2315663926,19597330,75.24471151136207,4.32074562224053,118.16221526095647,747.5107501379015,6.616748686616816
MG,2010-12-01,2010,12,78.6341958482139,,102.072655460805,2.46212961892628,4.66682865047189,4.80567457329052,FALSE,TRUE,FALSE,post,FALSE,2009-06-25,2009-09-08,,15,2314779290,19597330,76.02942749745435,4.331120469256113,118.11707462190003,754.51787636377,6.62607897092096
MG,2011-01-01,2011,1,79.3462728215392,88.3348084883742,86.8353930708097,3.50575510595157,4.69114254471548,4.84021023817353,FALSE,TRUE,FALSE,post,FALSE,2009-06-25,2009-09-08,,16,2356876293,19728701,76.90914640329119,4.342624808363388,119.46434248255879,755.4537653784329,6.627318582458865
MG,2011-02-01,2011,2,80.8289902460433,89.2837633036691,137.651799291657,21.8462658826223,4.67944155946415,4.832414910693,FALSE,TRUE,FALSE,post,FALSE,2009-06-25,2009-09-08,,17,2133219561,19728701,77.88328255472427,4.355211328495116,108.12772523644612,695.7168590553757,6.544942765862044
MG,2011-03-01,2011,3,78.7517218861447,86.7730608367063,36.2071441365781,-12.4623369392272,4.70823399360565,4.83914600861789,FALSE,TRUE,FALSE,post,FALSE,2009-06-25,2009-09-08,,18,2233889480,19728701,78.3025875102367,4.3605806485584955,113.23043924686172,691.855946521153,6.539377764180216
MG,2011-04-01,2011,4,79.6084266118096,90.5707016041241,70.4625021205119,5.43632449236262,4.75832204047751,4.86523366855576,FALSE,TRUE,FALSE,post,FALSE,2009-06-25,2009-09-08,,19,2461271907,19728701,78.91463673746543,4.36836672062753,124.75590293552526,701.8576997842484,6.5537306766179535
MG,2011-05-01,2011,5,80.7437762116906,90.9425763867005,101.943145007863,10.7747950484709,4.60406353604501,4.76870794571647,FALSE,TRUE,FALSE,post,FALSE,2009-06-25,2009-09-08,,20,2148501618,19728701,79.65223060424022,4.37767004103913,108.90233563781011,692.597820161102,6.540449484636055
MG,2011-06-01,2011,6,80.1961074441059,91.0812520752219,101.095050240881,19.6927033035322,4.72969206088039,4.86664353143604,FALSE,TRUE,FALSE,post,FALSE,2009-06-25,2009-09-08,,21,2482333912,19728701,79.91254920355556,4.380932901810541,125.82348488123978,700.3042304204417,6.551514855512056
MG,2011-07-01,2011,7,80.8018067090369,90.7755173952023,51.1689714602967,-1.37314394686615,4.71217413076452,4.85306296390157,FALSE,TRUE,FALSE,post,FALSE,2009-06-25,2009-09-08,,22,2441145212,19728701,80.15513818480517,4.383963984110024,123.73572958503452,704.5756175229175,6.557595660600628
MG,2011-08-01,2011,8,80.9845522657553,91.365957801960107,17.146004036089,3.26057919099535,4.71524959463577,4.85143286811625,FALSE,TRUE,FALSE,post,FALSE,2009-06-25,2009-09-08,,23,2488538342,19728701,80.1810651880905,4.384287392086088,126.13797238855209,722.5858646750235,6.582836256766081
MS,2006-09-01,2006,9,43.7687985748007,,,,4.88165434792628,4.93167998028691,FALSE,TRUE,FALSE,pre,TRUE,2009-06-25,2009-09-08,,-36,266438878,2297981,,,115.9447697783402,,
MS,2006-10-01,2006,10,45.2886319540459,,,,4.89336714868634,4.94793952731545,FALSE,TRUE,FALSE,pre,TRUE,2009-06-25,2009-09-08,,-35,273248377,2297981,,,118.90802273822108,,
MS,2006-11-01,2006,11,46.6339776862752,,,,4.91399061468492,4.97214217590524,FALSE,TRUE,FALSE,pre,TRUE,2009-06-25,2009-09-08,,-34,284377454,2297981,,,123.75100316321154,,
MS,2006-12-01,2006,12,45.2984355404558,,,,4.86077895396468,4.89116125513823,FALSE,TRUE,FALSE,pre,TRUE,2009-06-25,2009-09-08,,-33,260170578,2297981,,,113.21702746889552,,
MS,2007-01-01,2007,1,46.1098335282271,,128.095765587663,-24.1511368683223,4.92871058464325,4.98352442796985,FALSE,TRUE,FALSE,pre,TRUE,2009-06-25,2009-09-08,,-32,288159959,2265274,,,127.20755149266711,,
MS,2007-02-01,2007,2,48.7507342321891,,47.026386316813,-1.02555119086891,4.9116737771369,4.97329301010402,FALSE,TRUE,FALSE,pre,TRUE,2009-06-25,2009-09-08,,-31,248238586,2265274,45.97506858599897,3.8280992623000163,109.58435315109783,708.6127277924332,6.563309154156078
MS,2007-03-01,2007,3,46.452325857943,,81.2897136586604,-3.39779958033549,4.87018967379938,4.92316443796048,FALSE,TRUE,FALSE,pre,TRUE,2009-06-25,2009-09-08,,-30,256261838,2265274,46.42232313318935,3.837780445548135,113.12619930304237,705.7941573171354,6.55932363310707
MS,2007-04-01,2007,4,48.038018764823,,148.568296236291,12.1318199611954,5.01087437153677,5.06765173166991,FALSE,TRUE,FALSE,pre,TRUE,2009-06-25,2009-09-08,,-29,305799590,2265274,46.88055426831887,3.847602968328533,134.9945260485045,721.8806606274188,6.581859835241206
MS,2007-05-01,2007,5,48.1129938611416,,-80.5031080362664,3.99883361488481,4.96033986303611,5.01590330363625,FALSE,TRUE,FALSE,pre,TRUE,2009-06-25,2009-09-08,,-28,286703755,2265274,47.127056964129935,3.8528472939217857,126.56471358431695,724.6943710485243,6.58575000880002
MS,2007-06-01,2007,6,48.3282549195995,,-24.2104703090272,5.19999049703926,4.93141428376627,4.99325491355817,FALSE,TRUE,FALSE,pre,TRUE,2009-06-25,2009-09-08,,-27,274634236,2265274,47.63202686065388,3.8635053681936067,121.23665216658117,732.7139957462099,6.596755442588794
MS,2007-07-01,2007,7,48.5253329004983,,-28.1049216291788,10.9896103788612,4.94818879835077,5.00631353927708,FALSE,TRUE,FALSE,pre,TRUE,2009-06-25,2009-09-08,,-26,281733077,2265274,48.03461008936575,3.8719217946093494,124.37041920756606,729.8768634611089,6.592875839724072
MS,2007-08-01,2007,8,49.5632908244345,,14.2682742075812,6.79142463417285,4.96897449771759,5.02760243344505,FALSE,TRUE,FALSE,pre,TRUE,2009-06-25,2009-09-08,,-25,297581062,2265274,48.17003618807332,3.8747371718993375,131.3664757552508,751.6589860652618,6.622282745121469
MS,2007-09-01,2007,9,51.6091596832344,,64.7829677164727,9.12999534330205,4.96548199967782,5.02893609579469,FALSE,TRUE,FALSE,pre,TRUE,2009-06-25,2009-09-08,,-24,295971913,2265274,49.02950849228855,3.8924223309808035,130.65612062823305,769.1889073904525,6.645336592641391
MS,2007-10-01,2007,10,50.0314318444041,,100.528659074297,17.6053399992214,4.99422313379313,5.04548743748523,FALSE,TRUE,FALSE,pre,TRUE,2009-06-25,2009-09-08,,-23,313202586,2265274,49.36174400555207,3.8991757113382763,138.2625616150629,772.4569429570109,6.649576269946043
MS,2007-11-01,2007,11,50.8548219495069,,27.2860688037141,47.6807070740228,5.06488159557315,5.12374409008818,FALSE,TRUE,FALSE,pre,TRUE,2009-06-25,2009-09-08,,-22,341794591,2265274,49.81871535361295,3.9083907237451117,150.88443649642383,796.7766658691178,6.6805744210387665
MS,2007-12-01,2007,12,51.9469631533825,,49.1625161439557,44.6069935157032,5.00853258387752,5.05038942027092,FALSE,TRUE,FALSE,pre,TRUE,2009-06-25,2009-09-08,,-21,310531261,2265274,50.42183339257679,3.9204242835059917,137.08331133452288,812.6233250370595,6.700267687346763
MS,2008-01-01,2008,1,51.8943115841857,,76.9491217320335,42.7857785504354,5.04619994973439,5.08804816787788,FALSE,TRUE,FALSE,pre,TRUE,2009-06-25,2009-09-08,,-20,349443488,2336060,50.983329839858015,3.9314987134068917,149.58669212263385,837.8395979521273,6.730826671602424
MS,2008-02-01,2008,2,51.7302866135012,,80.7926394020139,22.1289421265445,5.02171782005563,5.05709235502646,FALSE,TRUE,FALSE,pre,TRUE,2009-06-25,2009-09-08,,-19,295079152,2336060,51.34449580470247,3.938557740847491,126.31488574779758,832.7880079446741,6.7247791175148945
MS,2008-03-01,2008,3,52.6011954790755,,78.5440976254346,13.4402364911426,5.04299643454251,5.09086754315752,FALSE,TRUE,FALSE,pre,TRUE,2009-06-25,2009-09-08,,-18,321423934,2336060,51.50983510400932,3.9417727623300736,137.59232810801092,839.7242154244519,6.73307352295931
MS,2008-04-01,2008,4,54.25765720257,,75.2007011848444,0.444378153271607,5.07920974371544,5.13066337067686,FALSE,TRUE,FALSE,pre,TRUE,2009-06-25,2009-09-08,,-17,360988280,2336060,52.21420599703697,3.9553546034008202,154.52868505089768,855.9903388602868,6.752259089699881
MS,2008-05-01,2008,5,52.1368528933886,,90.2518751050227,-1.03310185452551,5.11266200878922,5.16416009741995,FALSE,TRUE,FALSE,pre,TRUE,2009-06-25,2009-09-08,,-16,360784266,2336060,52.42787782101725,3.9594384693398674,154.44135253375342,859.5472548976163,6.75640580283179
MS,2008-06-01,2008,6,54.6306402960978,,92.4100650080641,-2.67043015322191,5.1007583984224,5.1555152059742,FALSE,TRUE,FALSE,pre,TRUE,2009-06-25,2009-09-08,,-15,356380986,2336060,52.875157344803135,3.967933613150253,152.5564351943015,875.020378757395,6.774247176094858
MS,2008-07-01,2008,7,56.1592313496931,,21.7427534969991,-5.07501975236627,5.10829972673476,5.16489838486789,FALSE,TRUE,FALSE,pre,TRUE,2009-06-25,2009-09-08,,-14,365617311,2336060,53.58597730572103,3.9812874164183687,156.51023989109868,881.9439265258598,6.782128478618286
MS,2008-08-01,2008,8,55.8594882099595,,44.5287806826848,-2.85177207435193,5.13727340939745,5.18946633762552,FALSE,TRUE,FALSE,pre,TRUE,2009-06-25,2009-09-08,,-13,380061960,2336060,54.274177571797416,3.994048562665622,162.69357807590558,918.3226188539678,6.822548765541188
MS,2008-09-01,2008,9,55.634947239992,,35.1417950407589,-3.65299264390098,5.12107251977827,5.17502030555335,FALSE,TRUE,FALSE,pre,TRUE,2009-06-25,2009-09-08,,-12,384908770,2336060,54.7798028652835,4.003321565166235,164.76835783327482,945.4986485792317,6.851712458778857
MS,2008-10-01,2008,10,56.3190535161014,,34.355329191758,-2.51763562007097,5.1339750479691,5.19479772965586,FALSE,TRUE,FALSE,pre,TRUE,2009-06-25,2009-09-08,,-11,394948564,2336060,55.123368917538734,4.00957374453177,169.06610446649486,960.0360679948288,6.866970854584062
MS,2008-11-01,2008,11,54.4591785240257,,-3.88012694732064,-19.2353222235753,5.12349032956929,5.18408237205739,FALSE,TRUE,FALSE,pre,TRUE,2009-06-25,2009-09-08,,-10,394028883,2336060,55.51042318931158,4.016570808332019,168.67241552014931,974.2671309812248,6.881685527827352
MS,2008-12-01,2008,12,55.2432505121974,,-199.712556395241,-41.5814786955649,5.11437410501466,5.15316181648637,FALSE,TRUE,FALSE,pre,TRUE,2009-06-25,2009-09-08,,-9,383247434,2336060,55.61252489199485,4.0184084437291805,164.0571877434655,985.7678835303888,6.893420914647839
MS,2009-01-01,2009,1,56.8469052320903,,1.14101032444077,-11.8446835335754,5.08974857988305,5.14098399310476,FALSE,TRUE,FALSE,pre,TRUE,2009-06-25,2009-09-08,,-8,386052579,2360498,55.727137205727715,4.020467231263766,163.54709006319854,992.8047337024886,6.9005340019113515
MS,2009-02-01,2009,2,54.1626446971552,,13.0380685367957,-10.6002975410772,5.10452101527295,5.1574726595406,FALSE,TRUE,FALSE,pre,TRUE,2009-06-25,2009-09-08,,-7,346053997,2360498,55.444329953593666,4.015379453447923,146.60211404542602,976.7132696720091,6.884193128592336
MS,2009-03-01,2009,3,54.4736234831335,,44.4569475225218,6.98622360049066,5.06556509005992,5.11892247113863,FALSE,TRUE,FALSE,pre,TRUE,2009-06-25,2009-09-08,,-6,356689171,2360498,55.25077599411725,4.0118823854416235,151.10759297402498,963.0525048127593,6.870107932443478
MS,2009-04-01,2009,4,54.4781335933619,,-18.0385990483034,-16.1659987285236,5.02238281545258,5.0828082843353,FALSE,TRUE,FALSE,pre,TRUE,2009-06-25,2009-09-08,,-5,358164648,2360498,54.943956006994,4.006313684026662,151.73266319225857,945.719063538523,6.851945551942988
MS,2009-05-01,2009,5,54.1248027394435,,3.02053067061487,-14.3272952156078,5.0468484016314,5.10041651529772,FALSE,TRUE,FALSE,pre,TRUE,2009-06-25,2009-09-08,,-4,355584576,2360498,54.88822670956363,4.0052988757831285,150.63964299058927,927.6862910089628,6.832693627153211
MS,2009-06-01,2009,6,54.5914110750484,,9.80382778100384,-1.08250801274823,5.02817506108994,5.0838780352026,FALSE,TRUE,FALSE,pre,TRUE,2009-06-25,2009-09-08,,-3,355424347,2360498,54.77958680337213,4.003317620969174,150.57176367020858,914.200866935706,6.818050314197026
MS,2009-07-01,2009,7,55.4997517644443,,49.8010028211763,-7.59734545825611,5.01968272545444,5.07358786730896,FALSE,TRUE,FALSE,pre,TRUE,2009-06-25,2009-09-08,,-2,352986430,2360498,54.55506122543113,3.9992104893762725,149.5389659300707,900.1927428025781,6.802608899065148
MS,2009-08-01,2009,8,56.5298886613532,,77.6263467479293,-3.89313017353913,4.96420151938301,5.02463203175974,FALSE,TRUE,FALSE,pre,TRUE,2009-06-25,2009-09-08,,-1,337043744,2360498,54.9496018861308,4.006416435803017,142.78501570431325,896.3756444614653,6.798359571166603
MS,2009-09-01,2009,9,57.1138830223973,,71.4516598380387,2.94571931601448,4.98770612616179,5.0420263768361,FALSE,TRUE,FALSE,post,FALSE,2009-06-25,2009-09-08,,0,356277357,2360498,55.389645142674766,4.014392665501197,150.9331323305506,896.201183817991,6.798164923281756
MS,2009-10-01,2009,10,57.8283338890407,,38.7815592187661,-0.385177149374122,4.96395898523557,5.01857670176635,FALSE,TRUE,FALSE,post,FALSE,2009-06-25,2009-09-08,,1,347716869,2360498,55.948011858621236,4.0244228998749465,147.30657217248225,891.7750927982147,6.793213962669256
MS,2009-11-01,2009,11,59.9640951349632,,134.617721535211,11.5641421925741,4.97563527262431,5.03572584066982,FALSE,TRUE,FALSE,post,FALSE,2009-06-25,2009-09-08,,2,360888417,2360498,56.92122725787452,4.041668334090313,152.8865591074426,894.022008915068,6.795730393343715
MS,2009-12-01,2009,12,58.7573527781335,,99.9176434394469,0.805036236295575,5.00875260927072,5.06094272215487,FALSE,TRUE,FALSE,post,FALSE,2009-06-25,2009-09-08,,3,365861067,2360498,57.61555087505537,4.053792511733388,154.99316966165614,898.4434149065155,6.80066372695222
MS,2010-01-01,2010,1,60.2360073686124,,-1.51147820664146,-8.32220835424204,4.84721259885147,4.94386176319688,FALSE,TRUE,FALSE,post,FALSE,2009-06-25,2009-09-08,,4,323337087,2449024,58.404926809083385,4.067400249445045,132.0269164369153,880.9313654133601,6.780979717581721
MS,2010-02-01,2010,2,61.5356756219497,,72.7221532534022,-8.43380769152747,5.04650439570856,5.09721349050489,FALSE,TRUE,FALSE,post,FALSE,2009-06-25,2009-09-08,,5,356480792,2449024,59.23922463584947,4.0815839007901324,145.56035057230963,883.7067002813565,6.784125220572115
MS,2010-03-01,2010,3,62.9732643865515,,62.5314057364641,7.06978239411865,5.01692504323918,5.08219871510136,FALSE,TRUE,FALSE,post,FALSE,2009-06-25,2009-09-08,,6,367207575,2449024,60.21578819654184,4.097934580331031,149.9403742062144,882.7139421570203,6.783001186800079
MS,2010-04-01,2010,4,63.1109618530657,,116.159748764837,14.8035694002399,5.04084385653215,5.09417759777661,FALSE,TRUE,FALSE,post,FALSE,2009-06-25,2009-09-08,,7,404042718,2449024,61.096226190546,4.11245009979453,164.9811181923901,900.3884881769281,6.802826323718646
MS,2010-05-01,2010,5,64.805767401055,,74.5294004611676,24.5683756626693,4.99995300169941,5.05277673252565,FALSE,TRUE,FALSE,post,FALSE,2009-06-25,2009-09-08,,8,367959996,2449024,61.90317156822797,4.125571415344508,150.24760721005592,897.7495362795414,6.799891116569764
MS,2010-06-01,2010,6,65.0464481664934,,85.1999522427213,15.6968002710107,5.0294736162361096,5.08852974732063,FALSE,TRUE,FALSE,post,FALSE,2009-06-25,2009-09-08,,9,389358706,2449024,62.95135413295462,4.142362271505293,158.98525535070297,901.7416219685883,6.804328028882255
MS,2010-07-01,2010,7,64.0032658969921,,86.478717561103693,10.4485052925724,5.04072891269855,5.09603565330081,FALSE,TRUE,FALSE,post,FALSE,2009-06-25,2009-09-08,,10,388792908,2449024,63.579230554351234,4.15228685340174,158.75422535671353,928.4689308883866,6.833536918615661
MS,2010-08-01,2010,8,64.2648874450146,,25.1307326130012,14.6497553304492,5.04738705892975,5.10324217317206,FALSE,TRUE,FALSE,post,FALSE,2009-06-25,2009-09-08,,11,399761974,2449024,64.03409919152871,4.1594157413398545,163.2331794216798,946.1417597377567,6.852392409556473
MS,2010-09-01,2010,9,65.7769991079582,,53.9802230956295,10.4071919142451,5.03229763312955,5.08813209953959,FALSE,TRUE,FALSE,post,FALSE,2009-06-25,2009-09-08,,12,406162068,2449024,64.501388311763165,4.166686747783467,165.84650375006532,962.0478892816077,6.869064230384688
MS,2010-10-01,2010,10,64.0961264253699,,60.1750288930141,4.630755271552,5.04987215569138,5.10665832800683,FALSE,TRUE,FALSE,post,FALSE,2009-06-25,2009-09-08,,13,408967337,2449024,64.6655824071472,4.1692291033548665,166.9919678206502,964.0587389098678,6.871152225233353
MS,2010-11-01,2010,11,62.69235292423,,68.669628694592,-4.00912774248468,5.01517363733505,5.07576339960017,FALSE,TRUE,FALSE,post,FALSE,2009-06-25,2009-09-08,,14,413411356,2449024,64.3133466610097,4.163767178304655,168.80657600742174,982.6177077072335,6.890220140849628
MS,2010-12-01,2010,12,65.9477113948242,,71.1040854408007,33.6637106945198,5.03113337880214,5.09473121257151,FALSE,TRUE,FALSE,post,FALSE,2009-06-25,2009-09-08,,15,415631164,2449024,64.46355719906484,4.166100059460781,169.71298117127475,993.3454335278053,6.901078472160979
MS,2011-01-01,2011,1,63.7768878139072,87.1525288979616,111.099565920877,30.4948912427663,5.0563638791585,5.11768053987233,FALSE,TRUE,FALSE,post,FALSE,2009-06-25,2009-09-08,,16,422773921,2477542,64.42582751855068,4.165514601136583,170.64248396192679,1005.2336921330186,6.912975322947976
MS,2011-02-01,2011,2,65.3811858985602,87.1252482350742,124.951782065335,16.9519487785117,5.04341586860543,5.10395422863977,FALSE,TRUE,FALSE,post,FALSE,2009-06-25,2009-09-08,,17,383333956,2477542,64.61187726080828,4.168398252415093,154.72349449575427,996.7240072070931,6.904473908376511
MS,2011-03-01,2011,3,64.5638818062051,78.8964489442548,-6.07426806975326,0.141890085231597,5.06855888215579,5.12157338215934,FALSE,TRUE,FALSE,post,FALSE,2009-06-25,2009-09-08,,18,422255371,2477542,64.40969104384943,4.165264103836372,170.43318377650107,1001.3106872335288,6.9090651080149605
MS,2011-04-01,2011,4,64.9600799220865,77.7974584135,26.7201236971061,2.51132067770097,5.05490260008616,5.11568859552963,FALSE,TRUE,FALSE,post,FALSE,2009-06-25,2009-09-08,,19,431580515,2477542,64.5536832933022,4.167497176753842,174.19705296620603,1008.5157723790846,6.916234996715784
MS,2011-05-01,2011,5,71.4960416057044,85.3481152978011,156.201361352868,15.9840530380734,5.07212842537852,5.13372327130878,FALSE,TRUE,FALSE,post,FALSE,2009-06-25,2009-09-08,,20,426201285,2477542,66.02096474021461,4.189972339166124,172.02585667568906,1011.7350530473519,6.919422010281245
MS,2011-06-01,2011,6,66.8634055265785,89.250831146095,113.458185767264,49.5073824536889,5.07320992021805,5.13109041525642,FALSE,TRUE,FALSE,post,FALSE,2009-06-25,2009-09-08,,21,441421324,2477542,66.17358042884032,4.192281296108843,178.1690578807544,1020.1911297568316,6.927745270839022
MS,2011-07-01,2011,7,67.5894557167665,83.4049797360261,83.1408770137381,9.71842340494067,5.08424059050039,5.14675921195396,FALSE,TRUE,FALSE,post,FALSE,2009-06-25,2009-09-08,,22,435109705,2477542,66.8090084126502,4.201837927927082,175.62152528594874,1025.1701710808536,6.932613898359306
MS,2011-08-01,2011,8,67.2283663246756,86.3867849228827,81.67138223469,11.5360735337443,5.10927806746159,5.16975764782107,FALSE,TRUE,FALSE,post,FALSE,2009-06-25,2009-09-08,,23,465154585,2477542,67.11687181700277,4.20643545524752,187.74841556671896,1058.1950921518182,6.9643199925381065
MT,2006-09-01,2006,9,51.1737400039461,,,,4.7846213084034,4.89753633428596,FALSE,TRUE,FALSE,pre,TRUE,2009-06-25,2009-09-08,,-36,306889302,2856999,,,107.41666412903889,,
MT,2006-10-01,2006,10,52.5009854206205,,,,4.8049875296381,4.90817916683856,FALSE,TRUE,FALSE,pre,TRUE,2009-06-25,2009-09-08,,-35,319843267,2856999,,,111.95078017178164,,
MT,2006-11-01,2006,11,54.3339926611271,,,,4.8074860904142,4.91303552630918,FALSE,TRUE,FALSE,pre,TRUE,2009-06-25,2009-09-08,,-34,322778686,2856999,,,112.97822855380768,,
MT,2006-12-01,2006,12,53.1392186852492,,,,4.79071092940648,4.88896497244748,FALSE,TRUE,FALSE,pre,TRUE,2009-06-25,2009-09-08,,-33,310387988,2856999,,,108.64126588773745,,
MT,2007-01-01,2007,1,56.7677569246662,,88.8352143866732,5.09995927869004,4.83017660875394,4.95676146476317,FALSE,TRUE,FALSE,pre,TRUE,2009-06-25,2009-09-08,,-32,302184113,2854642,,,105.85709626636195,,
MT,2007-02-01,2007,2,55.7925866961474,,96.620930148843,-1.517306887068,4.85379793956018,4.94497255238385,FALSE,TRUE,FALSE,pre,TRUE,2009-06-25,2009-09-08,,-31,282610983,2854642,53.95138006529275,3.9880832718272523,99.00049918693833,645.8445341956659,6.470558815679708
MT,2007-03-01,2007,3,55.3175879008387,,130.491843490331,1.64617657323683,4.81695117211405,4.93785971891228,FALSE,TRUE,FALSE,pre,TRUE,2009-06-25,2009-09-08,,-30,297580843,2854642,54.642021381441516,4.000803209114153,104.2445402961212,642.6724103627482,6.465635123748878
MT,2007-04-01,2007,4,57.664362359604,,124.872457844049,-14.0512981497144,4.82819049020501,4.92340008232024,FALSE,TRUE,FALSE,pre,TRUE,2009-06-25,2009-09-08,,-29,326854888,2854642,55.502584204605434,4.0164295819135445,114.4994321529635,645.22106234393,6.4695929903926395
MT,2007-05-01,2007,5,58.2570000323263,,72.5029070292408,-19.9713810397249,4.82789815910926,4.92547413903669,FALSE,TRUE,FALSE,pre,TRUE,2009-06-25,2009-09-08,,-28,310294083,2854642,56.156418766471965,4.028140989280987,108.69807247283548,640.9409062629579,6.462937262753536
MT,2007-06-01,2007,6,57.1548614067465,,40.31188989124,-8.09905983614448,4.83505152821172,4.94598455917259,FALSE,TRUE,FALSE,pre,TRUE,2009-06-25,2009-09-08,,-27,314815226,2854642,56.82569255338819,4.039988557141475,110.28185881101729,642.5814991862377,6.465493655707448
MT,2007-07-01,2007,7,59.4961888380606,,-22.9935754581284,-14.0547910749007,4.81198758466748,4.92446805027034,FALSE,TRUE,FALSE,pre,TRUE,2009-06-25,2009-09-08,,-26,323235399,2854642,57.28043120562059,4.04795905065514,113.23150118298547,649.9559041028613,6.476904520746705
MT,2007-08-01,2007,8,59.2605681795943,,32.7285383304299,4.24712850863951,4.83513152837465,4.94304820605197,FALSE,TRUE,FALSE,pre,TRUE,2009-06-25,2009-09-08,,-25,334258197,2854642,57.8584281195284,4.057999132216091,117.09286033064741,668.0482652465703,6.504360424289627
MT,2007-09-01,2007,9,59.5166588082819,,69.8501324734882,10.551021867319,4.80246579107988,4.93041180321761,FALSE,TRUE,FALSE,pre,TRUE,2009-06-25,2009-09-08,,-24,323065658,2854642,58.558273270768936,4.070022382721889,113.17203978642506,676.9757647368742,6.517635474246214
MT,2007-10-01,2007,10,59.8773187997022,,55.0060900156455,18.2821979189744,4.85503317900444,4.96637184018591,FALSE,TRUE,FALSE,pre,TRUE,2009-06-25,2009-09-08,,-23,350051884,2854642,58.92709934411863,4.076301075580319,122.6254934944557,685.1018260783665,6.529567478424023
MT,2007-11-01,2007,11,60.0862543914845,,55.0006484244455,22.0960087419361,4.87984620049563,4.98831797872785,FALSE,TRUE,FALSE,pre,TRUE,2009-06-25,2009-09-08,,-22,362733061,2854642,59.231975070645,4.08146151551453,127.0677937899043,703.4715473954352,6.55602743138038
MT,2007-12-01,2007,12,61.4970083711193,,119.169682415876,57.6199740054053,4.89863361730314,4.99744979450391,FALSE,TRUE,FALSE,pre,TRUE,2009-06-25,2009-09-08,,-21,359079534,2854642,59.9556662313738,4.093605392960029,125.78793908307942,718.9776276674974,6.577830241336377
MT,2008-01-01,2008,1,59.8422526282773,,75.0964101215517,17.3119972381307,4.84786227453076,4.97089607029558,FALSE,TRUE,FALSE,pre,TRUE,2009-06-25,2009-09-08,,-20,334210794,2957735,60.01334352974325,4.094566929659017,112.99551650164737,718.7416429861593,6.577501964894273
MT,2008-02-01,2008,2,59.1207355984465,,112.941077126578,31.0993431644705,4.91701591897732,5.02715150098383,FALSE,TRUE,FALSE,pre,TRUE,2009-06-25,2009-09-08,,-19,329478545,2957735,59.99003809955195,4.094178516763182,111.39555943990925,713.0443420954211,6.569543609357692
MT,2008-03-01,2008,3,64.1093485995745,,112.253157602266,9.58438621465232,4.96396314488392,5.07441240876932,FALSE,TRUE,FALSE,pre,TRUE,2009-06-25,2009-09-08,,-18,376444140,2957735,60.755486398100714,4.1068573892227045,127.27446508899547,727.1467673979915,6.589128338035884
MT,2008-04-01,2008,4,64.7418892645219,,76.3824728974196,16.5060927378986,4.88709095830906,5.00823287108953,FALSE,TRUE,FALSE,pre,TRUE,2009-06-25,2009-09-08,,-17,375318994,2957735,61.566248142237335,4.120113800607709,126.8940571078883,731.4153310114241,6.594981466681576
MT,2008-05-01,2008,5,64.5058817355077,,90.9109238946295,-26.767996811827,5.05082114707921,5.12211404755268,FALSE,TRUE,FALSE,pre,TRUE,2009-06-25,2009-09-08,,-16,422843555,2957735,62.30285269957454,4.132007214465387,142.96194723327142,747.3094844547912,6.616479402485295
MT,2008-06-01,2008,6,66.4419035874563,,140.83867887537,23.4078411220299,4.93700519133644,5.06112067723372,FALSE,TRUE,FALSE,pre,TRUE,2009-06-25,2009-09-08,,-15,386246216,2957735,63.127001902297366,4.145148600396388,130.58851316970586,752.1100585414176,6.622882667684448
MT,2008-07-01,2008,7,68.7210886544168,,107.25527107651,8.94536990423939,4.99627502615235,5.11776608810617,FALSE,TRUE,FALSE,pre,TRUE,2009-06-25,2009-09-08,,-14,427360188,2957735,64.60680790665396,4.168319790787808,144.48900526923472,783.6035473090051,6.663903212998635
MT,2008-08-01,2008,8,65.9441106897128,,60.6286084489484,-7.71031035048337,4.94422778990269,5.06820271936211,FALSE,TRUE,FALSE,pre,TRUE,2009-06-25,2009-09-08,,-13,405464044,2957735,65.74403708853167,4.185768976276507,137.0859945194549,809.2939823885507,6.696162240898269
MT,2008-09-01,2008,9,65.3468210661718,,83.2371753787165,12.3449854547664,4.97549441078598,5.11567173726715,FALSE,TRUE,FALSE,pre,TRUE,2009-06-25,2009-09-08,,-12,423045055,2957735,65.95028249963121,4.1889011626967,143.03007368814312,825.0495909876984,6.715443494816249
MT,2008-10-01,2008,10,66.5512710252394,,27.1898449399799,-10.7895993274817,4.96388001616412,5.15878075550178,FALSE,TRUE,FALSE,pre,TRUE,2009-06-25,2009-09-08,,-11,429931805,2957735,66.25184612641746,4.193463330537211,145.3584601054523,843.5139939852623,6.7375764922280865
MT,2008-11-01,2008,11,64.7899583882559,,-45.7183261806875,-6.95339595044311,4.93737642905327,5.09723787773015,FALSE,TRUE,FALSE,pre,TRUE,2009-06-25,2009-09-08,,-10,425423092,2957735,66.29919223520884,4.194177713636584,143.83407979416683,844.3861265461578,6.738609885884381
MT,2008-12-01,2008,12,62.1997028730664,,-65.230972680621,-13.7627254105854,4.92461191982965,5.1465037920711,FALSE,TRUE,FALSE,pre,TRUE,2009-06-25,2009-09-08,,-9,400535294,2957735,65.59215878281051,4.183456158055834,135.4196011474997,849.2172145239516,6.744315001083779
MT,2009-01-01,2009,1,64.075927802006,,-58.4471226549714,-21.3090473367558,4.91740236237854,5.11752445889821,FALSE,TRUE,FALSE,pre,TRUE,2009-06-25,2009-09-08,,-8,387332446,3001692,64.81796530740871,4.17158280733194,129.03803787996904,833.766247134686,6.725953083858182
MT,2009-02-01,2009,2,64.8152924267092,,-9.02138195133156,-7.6698690262096,4.96335915704189,5.1577812744015,FALSE,TRUE,FALSE,pre,TRUE,2009-06-25,2009-09-08,,-7,371644444,3001692,64.62982893024144,4.168676052361839,123.81165156185244,820.4919041770834,6.7099040435431165
MT,2009-03-01,2009,3,64.8331631784493,,17.4271323189177,-13.3603553673377,4.89853130199745,5.10038434465537,FALSE,TRUE,FALSE,pre,TRUE,2009-06-25,2009-09-08,,-6,379359346,3001692,64.5442192822877,4.167350559173809,126.38183597784183,803.8436664667821,6.689404805579089
MT,2009-04-01,2009,4,65.0827980458324,,-82.9028779958302,-19.507825421179,4.84327144832568,5.04505331219547,FALSE,TRUE,FALSE,pre,TRUE,2009-06-25,2009-09-08,,-5,384067498,3001692,64.29947378571987,4.1635514474732265,127.9503353441992,786.435541705529,6.667510763266313
MT,2009-05-01,2009,5,65.6197935661244,,17.1308436742833,7.49168097280132,4.87957784583112,5.06072022037442,FALSE,TRUE,FALSE,pre,TRUE,2009-06-25,2009-09-08,,-4,381327153,3001692,64.43777964869795,4.1657001016117645,127.0374019053254,769.6388638166876,6.645921396798786
MT,2009-06-01,2009,6,66.8733663969287,,7.41576087107504,-15.7441792164425,4.96660868568451,5.17413221598439,FALSE,TRUE,FALSE,pre,TRUE,2009-06-25,2009-09-08,,-3,425407892,3001692,65.21672356934167,4.1777159325053095,141.72269906439436,775.9419617335823,6.654077725805754
MT,2009-07-01,2009,7,65.793642007243193,,63.8968617337899,10.4707249271109,4.95499658060367,5.16766153444388,FALSE,TRUE,FALSE,pre,TRUE,2009-06-25,2009-09-08,,-2,434103241,3001692,65.50300927021453,4.182096084642567,144.61951492691455,791.5234387805278,6.673959491997614
MT,2009-08-01,2009,8,66.6581744583066,,61.5126670189656,-9.21039825397789,4.98508015590549,5.22781314829722,FALSE,TRUE,FALSE,pre,TRUE,2009-06-25,2009-09-08,,-1,443652698,3001692,65.81015627548076,4.1867741771116265,147.80087297430916,815.5126601929845,6.703816946395482
MT,2009-09-01,2009,9,69.6714007561071,,55.5471597281243,-12.8337255705411,4.9961852601033,5.19229966585298,FALSE,TRUE,FALSE,post,FALSE,2009-06-25,2009-09-08,,0,458939616,3001692,66.6165292050904,4.1989527330158465,152.8936399870473,842.02446420219,6.735809068692202
MT,2009-10-01,2009,10,69.5939383491414,,58.3967522699042,5.07693826518711,5.02533624801322,5.21472572135889,FALSE,TRUE,FALSE,post,FALSE,2009-06-25,2009-09-08,,1,480198986,3001692,67.36838592230856,4.210175856281354,159.97610214505684,874.0502310030477,6.773137846547585
MT,2009-11-01,2009,11,71.7239176919279,,84.3215646854928,23.6419155095044,4.88324564932744,5.21740231699363,FALSE,TRUE,FALSE,post,FALSE,2009-06-25,2009-09-08,,2,427703283,3001692,68.38573994327581,4.225164322531988,142.48739810746738,889.5002272051896,6.790659762536087
MT,2009-12-01,2009,12,75.459421957211,,-33.6338224369201,-13.5538462720091,4.97485420048737,5.16511871689011,FALSE,TRUE,FALSE,post,FALSE,2009-06-25,2009-09-08,,3,442387612,3001692,69.81674920332287,4.24587394091554,147.37941534307984,895.156943483875,6.796999058749721
MT,2010-01-01,2010,1,76.1786275232926,,99.0278947288166,7.78058634326201,4.99820978763156,5.20607367776692,FALSE,TRUE,FALSE,post,FALSE,2009-06-25,2009-09-08,,4,446444570,3035122,71.54758012266444,4.270362684643165,147.09279231609142,897.6302208730519,6.799758202732243
MT,2010-02-01,2010,2,77.0329811886548,,51.7778185741608,1.26173935722438,4.97107108095535,5.16252287686407,FALSE,TRUE,FALSE,post,FALSE,2009-06-25,2009-09-08,,5,397395260,3035122,73.27671457772247,4.29424288554152,130.9322195285725,880.7615674273153,6.780786950745451
MT,2010-03-01,2010,3,79.2311305302661,,35.6434331062712,17.5921226949641,4.97732257723643,5.18070481021043,FALSE,TRUE,FALSE,post,FALSE,2009-06-25,2009-09-08,,6,436811913,3035122,74.87000287341563,4.3157533146213245,143.91906256157083,871.7869900018388,6.770545116547539
MT,2010-04-01,2010,4,76.814653980257,,67.0379636793898,23.1578838257191,4.9744649335551,5.1617326485806,FALSE,TRUE,FALSE,post,FALSE,2009-06-25,2009-09-08,,7,467285059,3035122,76.07345547860157,4.331699392962429,153.95923425812867,865.7701221149107,6.763619425420644
MT,2010-05-01,2010,5,79.2424506632245,,10.3449746578742,0.427639647486181,4.97109723547727,5.16410612464353,FALSE,TRUE,FALSE,post,FALSE,2009-06-25,2009-09-08,,8,446034345,3035122,77.32654430715101,4.348037290012841,146.9576330045382,870.2403570119815,6.768769445919995
MT,2010-06-01,2010,6,78.9908572667398,,1.53158901066254,-6.46259553318333,4.93910977022604,5.15754495895886,FALSE,TRUE,FALSE,post,FALSE,2009-06-25,2009-09-08,,9,441128526,3035122,77.91511685873914,4.355619988719839,145.3412831510562,868.2022248199578,6.76642466542839
MT,2010-07-01,2010,7,79.2823424002368,,0.904595734946255,0.102999607484715,4.94279791470025,5.17496103609014,FALSE,TRUE,FALSE,post,FALSE,2009-06-25,2009-09-08,,10,451389089,3035122,78.43240267156317,4.362237141353881,148.7218928926086,869.831325396475,6.768299313997068
MT,2010-08-01,2010,8,81.2494353706176,,37.5660706844832,19.3248704145722,4.8963218481139,5.1245701775322,FALSE,TRUE,FALSE,post,FALSE,2009-06-25,2009-09-08,,11,427865010,3035122,79.13514503522363,4.371157087540547,140.9712723244733,879.8703781923757,6.779774599114245
MT,2010-09-01,2010,9,81.3476855552332,,0.606141116998632,-2.42234718844588,4.88844711331546,5.12018367440399,FALSE,TRUE,FALSE,post,FALSE,2009-06-25,2009-09-08,,12,437548343,3035122,79.48790420605148,4.375604861732998,144.16169860717295,880.113014237978,6.780050324496862
MT,2010-10-01,2010,10,82.1510410989796,,43.8426098834157,10.268894976532,4.85105461566661,5.08058570354891,FALSE,TRUE,FALSE,post,FALSE,2009-06-25,2009-09-08,,13,425469757,3035122,80.37730205917191,4.386731823630322,140.1820938334604,866.3358738133096,6.764272678419996
MT,2010-11-01,2010,11,79.7548642878457,,114.21622324829,15.6040076535419,4.96147604587831,5.17613482620732,FALSE,TRUE,FALSE,post,FALSE,2009-06-25,2009-09-08,,14,493661218,3035122,80.46270432994211,4.387793776818631,162.64954687159198,882.0277876803634,6.7822235608170445
MT,2010-12-01,2010,12,84.8713716942078,,111.471833001308,79.7398351588491,4.96327206268646,5.17080274482686,FALSE,TRUE,FALSE,post,FALSE,2009-06-25,2009-09-08,,15,465833812,3035122,81.44279006785345,4.399900811398257,153.48108313273733,890.1675876620445,6.791409745743696
MT,2011-01-01,2011,1,81.374906464414,68.4582053312424,32.4684889362386,11.2263069039017,4.94013112851313,5.11104317045946,FALSE,TRUE,FALSE,post,FALSE,2009-06-25,2009-09-08,,16,454903582,3075936,81.79155074521631,4.404173946650482,147.89110761732363,889.3368023867596,6.790476019094534
MT,2011-02-01,2011,2,83.0839738595071,64.7973317359745,165.410571055112,-2.42795252390559,4.82598992340279,5.03820332959471,FALSE,TRUE,FALSE,post,FALSE,2009-06-25,2009-09-08,,17,368294012,3075936,82.09730716003124,4.407905216408058,119.73396455582952,868.0994946181158,6.76630633322747
MT,2011-03-01,2011,3,80.2738191987637,64.4268717126668,38.6566156195435,-0.377806064615693,4.93471532341701,5.11588858762336,FALSE,TRUE,FALSE,post,FALSE,2009-06-25,2009-09-08,,18,451668697,3075936,81.91832943395298,4.405722768431324,146.83943261498288,870.7772286259258,6.769386179071216
MT,2011-04-01,2011,4,81.8256477793116,63.8413180056928,-14.1702845113811,-4.61731497355036,4.99979909579558,5.15800318018939,FALSE,TRUE,FALSE,post,FALSE,2009-06-25,2009-09-08,,19,521863866,3075936,81.86409721400831,4.4050605212899585,169.66018343684655,900.2553182293119,6.802678410014242
MT,2011-05-01,2011,5,81.1345574684211,65.0672467454231,106.213696111834,23.4302779976395,4.94549235996209,5.12217355697503,FALSE,TRUE,FALSE,post,FALSE,2009-06-25,2009-09-08,,20,471881632,3075936,82.09404607743755,4.407865493456394,153.41074456685703,891.0165159245769,6.792362963690232
MT,2011-06-01,2011,6,81.2869919429773,70.1009645634389,150.460679547411,25.6892292779182,4.97069389491992,5.15534431098754,FALSE,TRUE,FALSE,post,FALSE,2009-06-25,2009-09-08,,21,492904472,3075936,81.49664945223246,4.400561908386184,160.24536011152378,897.7807929033634,6.799925932605246
MT,2011-07-01,2011,7,83.2885448175301,68.2659411248494,47.6712560265621,16.2120777266365,4.93836491956816,5.11476078869138,FALSE,TRUE,FALSE,post,FALSE,2009-06-25,2009-09-08,,22,484729348,3075936,81.81558917775182,4.404467802196392,157.5875921995776,907.4772774856174,6.810668527242194
MT,2011-08-01,2011,8,82.7652288348198,69.9940128941397,57.7619996455002,29.8131415671119,4.98492750436809,5.15951850422222,FALSE,TRUE,FALSE,post,FALSE,2009-06-25,2009-09-08,,23,506326966,3075936,81.7624650069706,4.403818275303391,164.6090705398292,952.352383469617,6.858935117005873
PA,2006-09-01,2006,9,53.5548676702234,,,,3.77159721035258,3.89037034986179,FALSE,TRUE,FALSE,pre,TRUE,2009-06-25,2009-09-08,,-36,287440641,7110465,,,40.42501313205255,,
PA,2006-10-01,2006,10,53.4379000737634,,,,3.90906399279032,4.02679573631249,FALSE,TRUE,FALSE,pre,TRUE,2009-06-25,2009-09-08,,-35,317539791,7110465,,,44.65809071558611,,
PA,2006-11-01,2006,11,54.9347646413988,,,,3.82742022268221,3.93216217494237,FALSE,TRUE,FALSE,pre,TRUE,2009-06-25,2009-09-08,,-34,305633201,7110465,,,42.98357435132583,,
PA,2006-12-01,2006,12,56.5332701510461,,,,3.89640550673928,3.9912140856622,FALSE,TRUE,FALSE,pre,TRUE,2009-06-25,2009-09-08,,-33,329175887,7110465,,,46.29456540465356,,
PA,2007-01-01,2007,1,55.5175598931205,,10.5757516557082,10.890307570112,3.86606599637019,3.96958785075537,FALSE,TRUE,FALSE,pre,TRUE,2009-06-25,2009-09-08,,-32,323619640,7065573,,,45.80232063273566,,
PA,2007-02-01,2007,2,54.5788515902762,,33.2701125437806,10.4432187971474,3.87618435812732,3.99853748620854,FALSE,TRUE,FALSE,pre,TRUE,2009-06-25,2009-09-08,,-31,283750971,7065573,54.7595356699714,4.002951521019276,40.15965456729412,260.3232188036478,5.561924008190104
PA,2007-03-01,2007,3,55.6018216942473,,41.0109797845765,13.2813893753183,3.83923607692684,3.95114384984719,FALSE,TRUE,FALSE,pre,TRUE,2009-06-25,2009-09-08,,-30,262500848,7065573,55.10069467397538,4.00916232359256,37.152096227722794,257.0503018993181,5.549271792977844
PA,2007-04-01,2007,4,57.0656414433752,,45.8832768331611,4.52902431659945,3.86171254388213,3.97618003829912,FALSE,TRUE,FALSE,pre,TRUE,2009-06-25,2009-09-08,,-29,271195504,7065573,55.70531823557735,4.020075622367726,38.382662524327465,250.77487370805943,5.52455561916284
PA,2007-05-01,2007,5,60.1089908106921,,34.7837074489358,-0.123840015133267,4.00431231338589,4.10780437692036,FALSE,TRUE,FALSE,pre,TRUE,2009-06-25,2009-09-08,,-28,319149908,7065573,56.5676892637929,4.0354379611421924,45.16971348254416,252.96101283927777,5.533235377403485
PA,2007-06-01,2007,6,58.4838859516451,,25.1129297350224,-10.7695624209022,3.8394845279572,3.95910365015368,FALSE,TRUE,FALSE,pre,TRUE,2009-06-25,2009-09-08,,-27,289015991,7065573,56.89279189722607,4.041168652918324,40.90481989217294,247.57126732679714,5.511698489354587
PA,2007-07-01,2007,7,57.293889596374,,43.87389259202,-15.1897585701078,3.87269750293416,3.98329543101694,FALSE,TRUE,FALSE,pre,TRUE,2009-06-25,2009-09-08,,-26,306987035,7065573,57.18884684776832,4.046358894194795,43.448285793664574,245.21723248772605,5.502144480906309
PA,2007-08-01,2007,8,56.9100733613735,,19.2448150453216,-8.69587041274239,3.87864291015878,4.00868918156973,FALSE,TRUE,FALSE,pre,TRUE,2009-06-25,2009-09-08,,-25,314523840,7065573,57.577383809617864,4.053129848403581,44.51497988910454,249.57255780953648,5.519749685777582
PA,2007-09-01,2007,9,57.8284560109438,,20.9065998881076,-7.1573440906848,3.89381085582805,4.01489207087646,FALSE,TRUE,FALSE,pre,TRUE,2009-06-25,2009-09-08,,-24,336906860,7065573,57.94848952906728,4.0595545043738825,47.68287865683364,260.1033402386473,5.561079014504585
PA,2007-10-01,2007,10,58.9724692207409,,21.6370966307258,-5.48184393379214,3.84051751528754,3.97771949890272,FALSE,TRUE,FALSE,pre,TRUE,2009-06-25,2009-09-08,,-23,305569031,7065573,58.266294158628234,4.065023781374335,43.24759379034085,264.9682715046607,5.579610088646901
PA,2007-11-01,2007,11,59.0643406931562,,52.580467004595,7.16016364291824,3.88532452265391,3.99790684002175,FALSE,TRUE,FALSE,pre,TRUE,2009-06-25,2009-09-08,,-22,334681326,7065573,58.09218580570558,4.06203115921365,47.36789585218354,267.1664538743001,5.587871886903202
PA,2007-12-01,2007,12,61.9123460450254,,48.9596338503411,31.8328959243122,3.82500476662552,3.99993264312945,FALSE,TRUE,FALSE,pre,TRUE,2009-06-25,2009-09-08,,-21,319071857,7065573,58.66359582126897,4.0718193610444064,45.15866682008664,271.4203008022138,5.603668544906291
PA,2008-01-01,2008,1,63.208781394975,,33.0504817348253,7.59925785496199,3.86905774297892,3.99170567429513,FALSE,TRUE,FALSE,pre,TRUE,2009-06-25,2009-09-08,,-20,348685984,7321490,59.6494111210358,4.088484276257739,47.625003107291,275.59701811584023,5.618939719472264
PA,2008-02-01,2008,2,55.5909780201715,,21.5800821515222,7.74469806076767,3.91723135073194,4.04292076720198,FALSE,TRUE,FALSE,pre,TRUE,2009-06-25,2009-09-08,,-19,319364682,7321490,59.42956189750213,4.084791777611572,43.62017594779205,274.70221417452774,5.615687653405576
PA,2008-03-01,2008,3,58.2506034666852,,21.8824930743989,5.41414960474829,3.89907101292068,4.02538056232417,FALSE,TRUE,FALSE,pre,TRUE,2009-06-25,2009-09-08,,-18,303025750,7321490,59.49991980679236,4.085974964765674,41.388535666920255,268.40787118461435,5.592507730988735
PA,2008-04-01,2008,4,59.3530770952094,,27.6436356990769,2.61198313074622,3.88406113585992,4.02484990280257,FALSE,TRUE,FALSE,pre,TRUE,2009-06-25,2009-09-08,,-17,303080454,7321490,59.56335445253711,4.087040526789588,41.396007370084504,266.556284764358,5.585585421172606
PA,2008-05-01,2008,5,58.7970732834632,,25.5542625734055,6.9757294580449,3.91668344258508,4.04378800417122,FALSE,TRUE,FALSE,pre,TRUE,2009-06-25,2009-09-08,,-16,317432903,7321490,59.51880988425495,4.086292395100718,43.35632542009891,262.5447143322734,5.570421407838837
PA,2008-06-01,2008,6,59.4331330711865,,58.4248941171644,9.56806830479602,3.93158335040815,4.05668772200882,FALSE,TRUE,FALSE,pre,TRUE,2009-06-25,2009-09-08,,-15,349051961,7321490,59.105607721948466,4.079325805222883,47.67498979032956,265.0610373025163,5.579960128907926
PA,2008-07-01,2008,7,60.2388538733629,,1.35124640487378,-4.84589776173705,3.97106895479565,4.09640717681441,FALSE,TRUE,FALSE,pre,TRUE,2009-06-25,2009-09-08,,-14,376910393,7321490,58.61061980167978,4.070915905448286,51.480011992094504,268.9160461873198,5.594399234931841
PA,2008-08-01,2008,8,58.5766721813483,,12.629410045349,-3.594317900677,3.94225788637664,4.05653579501258,FALSE,TRUE,FALSE,pre,TRUE,2009-06-25,2009-09-08,,-13,371771155,7321490,59.10823549520925,4.079370263184653,50.778073179093326,276.07394341862107,5.620668740772456
PA,2008-09-01,2008,9,59.2170621913813,,14.8710132737763,-3.42599898129546,3.93145556389715,4.08212080824604,FALSE,TRUE,FALSE,pre,TRUE,2009-06-25,2009-09-08,,-12,385794604,7321490,59.269311949325264,4.082091666981315,52.69345502076763,287.37886277246844,5.660801424567496
PA,2008-10-01,2008,10,58.2498561592214,,-13.9298162490458,-2.23828226352637,3.99227815662903,4.11193669905632,FALSE,TRUE,FALSE,pre,TRUE,2009-06-25,2009-09-08,,-11,388305023,7321490,59.08544179332726,4.07898456231321,53.0363386414514,299.01919404383534,5.700507765456871
PA,2008-11-01,2008,11,57.8018700446386,,-36.9694505196392,-12.5287077782641,3.83942258630245,3.94854711565931,FALSE,TRUE,FALSE,pre,TRUE,2009-06-25,2009-09-08,,-10,351919556,7321490,58.9195745868565,4.076173371386023,48.06665801633274,303.72952664006914,5.716137590375138
PA,2008-12-01,2008,12,54.4028766640212,,-40.1624127416547,-9.38820653459146,3.8748296435427,4.00674652595027,FALSE,TRUE,FALSE,pre,TRUE,2009-06-25,2009-09-08,,-9,366750486,7321490,58.08119851899562,4.0618420059612665,50.09232902045895,306.14686587019855,5.724064940635563
PA,2009-01-01,2009,1,57.4299861445205,,-14.4033220940743,-0.668449747636178,3.96869184934511,4.06039125492995,FALSE,TRUE,FALSE,pre,TRUE,2009-06-25,2009-09-08,,-8,409676776,7431020,57.61305389752188,4.053749172190419,55.13062486711111,309.79747874521513,5.735918789619165
PA,2009-02-01,2009,2,59.0062405298603,,-30.7188357407227,-22.8495515177178,3.83773104954031,3.99371931589709,FALSE,TRUE,FALSE,pre,TRUE,2009-06-25,2009-09-08,,-7,316596815,7431020,57.68464862227388,4.054991083041881,42.60475883526084,301.62416440138264,5.709181753618549
PA,2009-03-01,2009,3,59.3152884459133,,-30.7111309173243,-20.2077915371431,3.89197214795739,4.01887609697368,FALSE,TRUE,FALSE,pre,TRUE,2009-06-25,2009-09-08,,-6,324175807,7431020,57.701019664695885,4.055274845189727,43.624671579406325,292.55538096002135,5.678653985365454
PA,2009-04-01,2009,4,58.0229751488819,,-28.7685937009029,-16.2494618123619,3.81826898578063,3.95981874462507,FALSE,TRUE,FALSE,pre,TRUE,2009-06-25,2009-09-08,,-5,307040561,7431020,57.663206162972635,4.054619295294494,41.318763911280016,280.83780622985,5.637777300659523
PA,2009-05-01,2009,5,59.0888236395778,,-14.488715850692,-3.46198203368849,3.82990495762099,3.94893224837335,FALSE,TRUE,FALSE,pre,TRUE,2009-06-25,2009-09-08,,-4,310899798,7431020,57.87769842879583,4.058332136439064,41.838105401411916,274.6092536149292,5.6153491912909574
PA,2009-06-01,2009,6,59.5526397256168,,-1.30756418077201,0.225291865940981,3.87745128125257,4.03230010721081,FALSE,TRUE,FALSE,pre,TRUE,2009-06-25,2009-09-08,,-3,351887895,7431020,58.7359922723951,4.073052695189418,47.353915747770834,271.870840342241,5.605327101835297
PA,2009-07-01,2009,7,60.9611004290094,,11.3344182976811,8.80476919998516,3.87042996821287,4.01106182411182,FALSE,TRUE,FALSE,pre,TRUE,2009-06-25,2009-09-08,,-2,363678216,7431020,59.324511319809915,4.083022564947991,48.940551364415654,265.6807668395456,5.582295463392034
PA,2009-08-01,2009,8,61.8066593865019,,32.7259023953558,9.76211131031272,3.93218226585323,4.06301545190763,FALSE,TRUE,FALSE,pre,TRUE,2009-06-25,2009-09-08,,-1,389334295,7431020,59.791247795916846,4.090859292317408,52.39311628820808,275.46912429249284,5.618475550778884
PA,2009-09-01,2009,9,62.9302401184463,,31.2875854568759,6.84702054062346,3.88349974249126,4.02982800437215,FALSE,TRUE,FALSE,post,FALSE,2009-06-25,2009-09-08,,0,388763014,7431020,60.39373974133902,4.10088545290251,52.31623841679877,284.16069112988527,5.649539891986536
PA,2009-10-01,2009,10,63.5445705726754,,54.9550032176892,12.6426174670407,3.95679227091502,4.08464725410832,FALSE,TRUE,FALSE,post,FALSE,2009-06-25,2009-09-08,,1,393134719,7431020,61.3140056453046,4.116008293930155,52.90454325247409,295.74647047107936,5.689502568623562
PA,2009-11-01,2009,11,64.059972038778,,43.1514339873177,11.5555184652856,4.24067479111167,4.32461038573573,FALSE,TRUE,FALSE,post,FALSE,2009-06-25,2009-09-08,,2,555629870,7431020,62.14253037850463,4.129430623742609,74.7716827568759,328.68004782654333,5.79508477857394
PA,2009-12-01,2009,12,64.2158634830005,,51.8665990308653,13.8618931269314,3.95340179134005,4.06082239602967,FALSE,TRUE,FALSE,post,FALSE,2009-06-25,2009-09-08,,3,419308019,7431020,62.91973433806858,4.141859855963563,56.4267111379057,337.7528432166782,5.822314394914952
PA,2010-01-01,2010,1,65.5210851488093,,50.6407117038144,16.6583082480893,3.946589880196,4.0337795350112,FALSE,TRUE,FALSE,post,FALSE,2009-06-25,2009-09-08,,4,425392837,7581051,63.67973179136857,4.153866329708297,56.11264678208866,344.9249386343512,5.8433268241839595
PA,2010-02-01,2010,2,66.2847364685254,,53.9065668104554,13.8454982840991,3.89263648295452,4.0695745091535,FALSE,TRUE,FALSE,post,FALSE,2009-06-25,2009-09-08,,5,356789180,7581051,64.42607797170582,4.165518488594114,47.06328713525341,339.59510948139655,5.827754053513113
PA,2010-03-01,2010,3,67.5766930599544,,56.5466739912181,12.2905457823818,3.97671721096087,4.10406495737987,FALSE,TRUE,FALSE,post,FALSE,2009-06-25,2009-09-08,,6,380768426,7581051,65.2004867952905,4.177466935090172,50.226337482758,337.5052085473558,5.821580942926407
PA,2010-04-01,2010,4,66.357537284306,,38.6460922173869,15.3569477439256,4.04466368123055,4.15844166383459,FALSE,TRUE,FALSE,post,FALSE,2009-06-25,2009-09-08,,7,417556650,7581051,65.66931458056227,4.184631762818768,55.07899234552043,339.6796576404021,5.828002990065843
PA,2010-05-01,2010,5,69.0253652552746,,51.4660984529483,1.55376380696819,4.03442223740776,4.17401456310369,FALSE,TRUE,FALSE,post,FALSE,2009-06-25,2009-09-08,,8,412043995,7581051,66.49688011664503,4.197155031022068,54.35182997713642,319.2598048606626,5.766005206612261
PA,2010-06-01,2010,6,67.420434735469,,25.0875307801934,-14.141521476174301,4.03420616157708,4.15682786130259,FALSE,TRUE,FALSE,post,FALSE,2009-06-25,2009-09-08,,9,439580147,7581051,67.03097532538979,4.205154830844193,57.984064082935205,320.81715780569215,5.770871358993827
PA,2010-07-01,2010,7,67.6759375709909,,27.961564104499,-3.53294336118452,3.97818640068711,4.10644829198634,FALSE,TRUE,FALSE,post,FALSE,2009-06-25,2009-09-08,,10,432552369,7581051,67.39011739575338,4.210498380991827,57.0570451247459,321.76155614834937,5.773810762376239
PA,2010-08-01,2010,8,69.1517415813834,,31.7862525298701,1.38135274544285,3.95820192697638,4.08476700581662,FALSE,TRUE,FALSE,post,FALSE,2009-06-25,2009-09-08,,11,424382987,7581051,67.86795158122972,4.217563928754814,55.979439658168765,330.6777086712647,5.801144211218291
PA,2010-09-01,2010,9,70.6031386593679,,26.3194251278678,-10.758728865561899,4.0498317728479,4.19514805046624,FALSE,TRUE,FALSE,post,FALSE,2009-06-25,2009-09-08,,12,486891664,7581051,68.37235918113197,4.224968637416851,64.22482370848053,344.6761948969872,5.842605410786977
PA,2010-10-01,2010,10,70.2881787205941,,18.453510315416,-5.73371546787363,3.95404388951654,4.06768378472774,FALSE,TRUE,FALSE,post,FALSE,2009-06-25,2009-09-08,,13,417145777,7581051,69.02746608717999,4.234504484627193,55.024794978954766,344.6219975304216,5.842448157025767
PA,2010-11-01,2010,11,70.4033496628627,,44.3894639887641,4.64347404616859,3.99586161438311,4.12854607921128,FALSE,TRUE,FALSE,post,FALSE,2009-06-25,2009-09-08,,14,471212102,7581051,69.25713015511133,4.237826102295854,62.156566681849256,352.4267342351344,5.864842754507858
PA,2010-12-01,2010,12,72.8617141324355,,47.7218953252762,11.7125316723408,4.07417634262416,4.17762350089846,FALSE,TRUE,FALSE,post,FALSE,2009-06-25,2009-09-08,,15,510945655,7581051,70.16401005460575,4.250835502283014,67.39773350687128,361.8404036590705,5.891203240742342
PA,2011-01-01,2011,1,71.1026919812848,93.9716024517583,40.0405245417828,14.593084753946,3.98524651055766,4.0903632239499,FALSE,TRUE,FALSE,post,FALSE,2009-06-25,2009-09-08,,16,475572175,7688593,70.73513578965473,4.258942419604463,61.854252787213476,366.6376113215381,5.9043739251282
PA,2011-02-01,2011,2,72.4801431924691,96.4189425776078,50.4106499875165,11.9990462548607,4.03702385902048,4.17377266890784,FALSE,TRUE,FALSE,post,FALSE,2009-06-25,2009-09-08,,17,442084886,7688593,71.28986939150235,4.2667542330546695,57.4988019264383,368.1569735898076,5.9085094058866
PA,2011-03-01,2011,3,70.8950644507397,92.01726975765,24.4416113810919,0.0660889179960265,4.00260437535822,4.16066773770436,FALSE,TRUE,FALSE,post,FALSE,2009-06-25,2009-09-08,,18,421471705,7688593,71.33852369006432,4.267436485716963,54.81779371076087,358.74994359208796,5.882625609839221
PA,2011-04-01,2011,4,73.2587271280106,91.9111080525494,32.4785994174368,4.17991881693836,4.0034818625916,4.13964622258512,FALSE,TRUE,FALSE,post,FALSE,2009-06-25,2009-09-08,,19,439113361,7688593,71.8336150913004,4.274352543252693,57.11231703902131,360.8374656521545,5.888427623296737
PA,2011-05-01,2011,5,71.6936647730736,93.3668685904595,14.2633720880155,8.26220606135716,3.96955240710287,4.11209101587386,FALSE,TRUE,FALSE,post,FALSE,2009-06-25,2009-09-08,,20,421531845,7688593,72.04866760966888,4.277341829695344,54.82561568807193,353.50651465837717,5.86790191418627
PA,2011-06-01,2011,6,73.8242001073783,92.7079548331815,29.8892931334721,2.072290890113,4.01319081277363,4.13829289372026,FALSE,TRUE,FALSE,post,FALSE,2009-06-25,2009-09-08,,21,464799375,7688593,72.20908193882602,4.279565826614454,60.45311216239434,346.5618933139002,5.84806142696108
PA,2011-07-01,2011,7,74.5140286965252,95.7060225422202,31.2604714050868,14.7087793503292,4.07639482318153,4.20700898584551,FALSE,TRUE,FALSE,post,FALSE,2009-06-25,2009-09-08,,22,513490041,7688593,72.77763805803275,4.287408738483899,66.78595693646419,351.49359746315093,5.862191496186251
PA,2011-08-01,2011,8,75.6680689358791,98.8834954456649,46.9277495991195,38.404015681238,4.07610608167729,4.21118995097478,FALSE,TRUE,FALSE,post,FALSE,2009-06-25,2009-09-08,,23,514680762,7688593,73.30895901526776,4.294682825370222,66.94082545402,360.9356209907326,5.888699607223541
PB,2006-09-01,2006,9,53.4312719282648,,,,3.75711559167644,3.80656432150884,FALSE,FALSE,TRUE,pre,TRUE,2009-06-25,2009-09-08,coded_removal_in_scm_window:PB_2009_01,-36,134918822,3623215,,,37.237321550059825,,
PB,2006-10-01,2006,10,55.0985861577537,,,,3.70086312327513,3.76141230811947,FALSE,FALSE,TRUE,pre,TRUE,2009-06-25,2009-09-08,coded_removal_in_scm_window:PB_2009_01,-35,127033024,3623215,,,35.06085727730758,,
PB,2006-11-01,2006,11,54.4070487760984,,,,3.70098363090514,3.76974399774332,FALSE,FALSE,TRUE,pre,TRUE,2009-06-25,2009-09-08,coded_removal_in_scm_window:PB_2009_01,-34,133196530,3623215,,,36.76197244712224,,
PB,2006-12-01,2006,12,55.2498923095019,,,,3.75293626587413,3.83617251734371,FALSE,FALSE,TRUE,pre,TRUE,2009-06-25,2009-09-08,coded_removal_in_scm_window:PB_2009_01,-33,142829920,3623215,,,39.42076857155868,,
PB,2007-01-01,2007,1,54.8354787325223,,-138.165632845343,1.39298408454075,3.70845641844885,3.79776185484997,FALSE,FALSE,TRUE,pre,TRUE,2009-06-25,2009-09-08,coded_removal_in_scm_window:PB_2009_01,-32,142682966,3641395,,,39.18360024111639,,
PB,2007-02-01,2007,2,55.0309490377657,,39.9057505643059,4.15940269998837,3.70882315604701,3.78164242853085,FALSE,FALSE,TRUE,pre,TRUE,2009-06-25,2009-09-08,coded_removal_in_scm_window:PB_2009_01,-31,135086672,3641395,54.67553782365113,4.0014164032524695,37.097505763587854,224.76202585075256,5.415042179598788
PB,2007-03-01,2007,3,53.9977613913232,,136.37554067521,9.86072347148907,3.70108323193799,3.75661784925475,FALSE,FALSE,TRUE,pre,TRUE,2009-06-25,2009-09-08,coded_removal_in_scm_window:PB_2009_01,-30,123491193,3641395,54.76995273416087,4.003141735807507,33.913154985932586,221.43785928662533,5.40014200514371
PB,2007-04-01,2007,4,54.9772657105595,,64.0673936648915,4.91679972224827,3.7135868793822,3.78436243785291,FALSE,FALSE,TRUE,pre,TRUE,2009-06-25,2009-09-08,coded_removal_in_scm_window:PB_2009_01,-29,126804940,3641395,54.7497326596285,4.0027724857555285,34.82317628271583,221.20017829203357,5.399068075669707
PB,2007-05-01,2007,5,55.1910666080959,,41.4007220932463,8.75284392712865,3.76344111323764,3.82489593988802,FALSE,FALSE,TRUE,pre,TRUE,2009-06-25,2009-09-08,coded_removal_in_scm_window:PB_2009_01,-28,133871641,3641395,54.880402298294754,4.0051563138990485,36.763833915298946,221.20203976021028,5.399076490944769
PB,2007-06-01,2007,6,54.9653940233107,,8.82619065414812,-0.283639957825332,3.76219052881185,3.81612431225023,FALSE,FALSE,TRUE,pre,TRUE,2009-06-25,2009-09-08,coded_removal_in_scm_window:PB_2009_01,-27,137732312,3641395,54.83298591726288,4.0042919456618575,37.82405149674781,219.60532268539941,5.391831947435442
PB,2007-07-01,2007,7,55.2635266395761,,38.2359373500167,0.970276784427909,3.79060104145182,3.87260221332999,FALSE,FALSE,TRUE,pre,TRUE,2009-06-25,2009-09-08,coded_removal_in_scm_window:PB_2009_01,-26,140555768,3641395,54.904327235105185,4.0055921657208975,38.59942906495999,219.02115150924303,5.389168307386724
PB,2007-08-01,2007,8,55.9270031107918,,-16.2592480604582,-1.63592497004623,3.77583013555749,3.8479416957818,FALSE,FALSE,TRUE,pre,TRUE,2009-06-25,2009-09-08,coded_removal_in_scm_window:PB_2009_01,-25,140869030,3641395,55.05366958060954,4.008308519995385,38.68545708444154,220.6091028300967,5.396392369930429
PB,2007-09-01,2007,9,56.3062267926731,,10.7952644578074,2.33158147360065,3.74526721245246,3.80382232158153,FALSE,FALSE,TRUE,pre,TRUE,2009-06-25,2009-09-08,coded_removal_in_scm_window:PB_2009_01,-24,139748468,3641395,55.43841381416785,4.015272743616792,38.37772831565925,225.07367615982338,5.416427798203715
PB,2007-10-01,2007,10,56.9020256972681,,51.8331518534042,7.2421011740607,3.81514070689886,3.8874968875746,FALSE,FALSE,TRUE,pre,TRUE,2009-06-25,2009-09-08,coded_removal_in_scm_window:PB_2009_01,-23,148912285,3641395,55.75920714528595,4.02104254729246,40.89429600469051,231.14479588179805,5.4430443361500656
PB,2007-11-01,2007,11,58.225485258073,,29.4139243995896,5.55264766989004,3.74283563124466,3.79684748088992,FALSE,FALSE,TRUE,pre,TRUE,2009-06-25,2009-09-08,coded_removal_in_scm_window:PB_2009_01,-22,145717294,3641395,56.2649435869488,4.030071669570138,40.01688748405488,234.39784945055396,5.4570198829617675
PB,2007-12-01,2007,12,60.167262200697,,52.313925567926,2.65820719539519,3.838962343317,3.89112761611841,FALSE,FALSE,TRUE,pre,TRUE,2009-06-25,2009-09-08,coded_removal_in_scm_window:PB_2009_01,-21,162441354,3641395,57.13192161651318,4.0453630080277465,44.609649323954145,241.1834472777603,5.485557835954839
PB,2008-01-01,2008,1,64.4373675249265,,49.4484845317778,-2.68081559870547,3.79288735914544,3.88567786035752,FALSE,FALSE,TRUE,pre,TRUE,2009-06-25,2009-09-08,coded_removal_in_scm_window:PB_2009_01,-20,166969985,3742604,58.66089509740492,4.071773322509002,44.61331869468424,247.19733690748456,5.5101869524975315
PB,2008-02-01,2008,2,57.4695062428471,,-27.5411491942335,4.70426495980066,3.79451664364052,3.89609208892858,FALSE,FALSE,TRUE,pre,TRUE,2009-06-25,2009-09-08,coded_removal_in_scm_window:PB_2009_01,-19,156500232,3742604,58.91797895274747,4.076146289457365,41.81586724109737,250.3277470641404,5.522771047524027
PB,2008-03-01,2008,3,58.1301041864998,,38.1590338972302,1.0087695546681,3.81039829828502,3.89626408792682,FALSE,FALSE,TRUE,pre,TRUE,2009-06-25,2009-09-08,coded_removal_in_scm_window:PB_2009_01,-18,148249364,3742604,59.22195851838525,4.081292394034472,39.61128775579783,251.56130650427897,5.527686723270811
PB,2008-04-01,2008,4,60.0186600437632,,31.6023975278554,-7.41377969597914,3.81233293843631,3.90811317695518,FALSE,FALSE,TRUE,pre,TRUE,2009-06-25,2009-09-08,coded_removal_in_scm_window:PB_2009_01,-17,151021530,3742604,59.74139757613443,4.090025206825242,40.351992890511525,251.01900339009998,5.525528646983402
PB,2008-05-01,2008,5,59.5416820099002,,14.7256876515272,-0.148638465298107,3.81316283551097,3.8984606217845,FALSE,FALSE,TRUE,pre,TRUE,2009-06-25,2009-09-08,coded_removal_in_scm_window:PB_2009_01,-16,153609570,3742604,59.960763701438964,4.093690410001832,41.04350072836987,252.04561663441498,5.529610089520107
PB,2008-06-01,2008,6,60.1824458857246,,42.9139330343796,9.5502740214384,3.80663841266611,3.91694285141836,FALSE,FALSE,TRUE,pre,TRUE,2009-06-25,2009-09-08,coded_removal_in_scm_window:PB_2009_01,-15,157257592,3742604,59.963294315610234,4.093732613613243,42.01822901915351,249.45419632961435,5.519275316493131
PB,2008-07-01,2008,7,61.1813241650955,,58.293129699356,13.9857043618008,3.78390442075794,3.89379404289858,FALSE,FALSE,TRUE,pre,TRUE,2009-06-25,2009-09-08,coded_removal_in_scm_window:PB_2009_01,-14,153881700,3742604,59.42062042230506,4.084641311284312,41.11621213465277,245.95708976958286,5.505157088886397
PB,2008-08-01,2008,8,66.4339949298977,,59.422151754381,9.87802948304216,3.85574199756115,3.93127701325554,FALSE,FALSE,TRUE,pre,TRUE,2009-06-25,2009-09-08,coded_removal_in_scm_window:PB_2009_01,-13,166816277,3742604,60.91470187014683,4.109474555599973,44.57224889408551,248.71347142257102,5.51630151670292
PB,2008-09-01,2008,9,68.5136654889551,,16.6819156325456,10.7855837812136,3.81144332250368,3.92274847309613,FALSE,FALSE,TRUE,pre,TRUE,2009-06-25,2009-09-08,coded_removal_in_scm_window:PB_2009_01,-12,162633477,3742604,62.645295420556046,4.137488585474665,43.45463132086643,252.55681498763963,5.531636233256533
PB,2008-10-01,2008,10,60.773080397076,,4.70687958134023,14.4880731410467,3.85391471007226,3.93894905978387,FALSE,FALSE,TRUE,pre,TRUE,2009-06-25,2009-09-08,coded_removal_in_scm_window:PB_2009_01,-11,169266978,3742604,62.77103214610818,4.139493695496914,45.227060624100226,257.4318827212283,5.550755151987289
PB,2008-11-01,2008,11,61.8572433590058,,12.2970302200429,6.83571249042958,3.82960088971464,3.91914342092022,FALSE,FALSE,TRUE,pre,TRUE,2009-06-25,2009-09-08,coded_removal_in_scm_window:PB_2009_01,-10,173332728,3742604,63.15695903762578,4.145623041262312,46.3134031813144,262.70178517417287,5.571019492154408
PB,2008-12-01,2008,12,58.6852535857905,,7.40956205630282,-14.2855515465717,3.79029897100716,3.87761699560695,FALSE,FALSE,TRUE,pre,TRUE,2009-06-25,2009-09-08,coded_removal_in_scm_window:PB_2009_01,-9,167813640,3742604,62.90742698763677,4.141664232851011,44.838737948230694,265.52229410325003,5.581698807413751
PB,2009-01-01,2009,1,59.2927388477566,,32.1583564150915,6.94127544286822,3.78016822749998,3.86575667292918,FALSE,FALSE,TRUE,pre,TRUE,2009-06-25,2009-09-08,coded_removal_in_scm_window:PB_2009_01,-8,175840828,3769977,62.59266276808028,4.136648063059006,46.642413998812195,271.04849596740945,5.602297756778978
PB,2009-02-01,2009,2,60.523904626997,,-51.3835116107364,1.56226127959578,3.79833480464854,3.88906144610379,FALSE,FALSE,TRUE,pre,TRUE,2009-06-25,2009-09-08,coded_removal_in_scm_window:PB_2009_01,-7,166272692,3769977,61.607647717596834,4.120786014093033,44.10443140634545,270.5806784796694,5.600570310673251
PB,2009-03-01,2009,3,61.3016768761299,,23.2819962281649,-6.37665682954008,3.82840142050834,3.94637276752134,FALSE,FALSE,TRUE,pre,TRUE,2009-06-25,2009-09-08,coded_removal_in_scm_window:PB_2009_01,-6,160711883,3769977,60.4056496154593,4.101082637246277,42.62940675765396,269.75545391645693,5.597515822345187
PB,2009-04-01,2009,4,62.6671515767423,,6.92272086498804,1.28095358035179,3.76226878154096,3.87558382388463,FALSE,FALSE,TRUE,pre,TRUE,2009-06-25,2009-09-08,coded_removal_in_scm_window:PB_2009_01,-5,153035198,3769977,60.72132814540368,4.106295006125557,40.59313836662664,265.1215316589833,5.580188330890681
PB,2009-05-01,2009,5,62.8249631084463,,20.8077232100211,9.45528676686532,3.78820417574474,3.86479782719633,FALSE,FALSE,TRUE,pre,TRUE,2009-06-25,2009-09-08,coded_removal_in_scm_window:PB_2009_01,-4,159264838,3769977,60.88261477031043,4.108947662209153,42.24557285097495,261.0537013286439,5.564726138375636
PB,2009-06-01,2009,6,62.6646169421884,,17.0895986792236,5.7883567444699,3.80312037654175,3.9319172174802,FALSE,FALSE,TRUE,pre,TRUE,2009-06-25,2009-09-08,coded_removal_in_scm_window:PB_2009_01,-3,165586046,3769977,61.54584199637675,4.119782295456193,43.92229607766838,260.1372594580816,5.561209412706886
PB,2009-07-01,2009,7,62.143450084785,,87.015241503299,2.75786088154013,3.88955939059881,3.99180239045937,FALSE,FALSE,TRUE,pre,TRUE,2009-06-25,2009-09-08,coded_removal_in_scm_window:PB_2009_01,-2,181051080,3769977,62.020960535881485,4.127472401070617,48.024452138567426,261.5192975978368,5.5665080765674295
PB,2009-08-01,2009,8,61.3476118134814,,14.8388263076196,4.19384810751544,3.84310663655897,3.93448428948957,FALSE,FALSE,TRUE,pre,TRUE,2009-06-25,2009-09-08,coded_removal_in_scm_window:PB_2009_01,-1,173440593,3769977,62.158245066962216,4.129683473147369,46.00574300585919,263.42060919735053,5.573752029214762
PB,2009-09-01,2009,9,61.1843414665485,,42.7633658036199,3.3740792535953,3.87776801055474,3.97102647651718,FALSE,FALSE,TRUE,post,FALSE,2009-06-25,2009-09-08,coded_removal_in_scm_window:PB_2009_01,0,181888491,3769977,62.13868916536532,4.12936880888185,48.246578427401545,269.03778086709815,5.594851819059825
PB,2009-10-01,2009,10,63.7936772911172,,47.6544282156866,3.30059738125447,3.88880009900722,3.97419317855251,FALSE,FALSE,TRUE,post,FALSE,2009-06-25,2009-09-08,coded_removal_in_scm_window:PB_2009_01,1,184185869,3769977,62.32644345109447,4.1323857892071265,48.855966230032706,277.3006087305042,5.625102147824892
PB,2009-11-01,2009,11,63.2279308533399,,51.8668438091213,17.9016000028882,3.95659559619465,4.03700204604495,FALSE,FALSE,TRUE,post,FALSE,2009-06-25,2009-09-08,coded_removal_in_scm_window:PB_2009_01,2,206296308,3769977,62.39360474191007,4.1334627820127015,54.72083994146384,289.77587582099306,5.66910778218761
PB,2009-12-01,2009,12,64.746601174496,,45.4961002824777,-3.33522417867958,3.88604566538345,3.97955050642152,FALSE,FALSE,TRUE,post,FALSE,2009-06-25,2009-09-08,coded_removal_in_scm_window:PB_2009_01,3,193335217,3769977,62.74060211396134,4.1390087996874945,51.282863794659754,297.13644353798446,5.6941914391599395
PB,2010-01-01,2010,1,66.1782657385677,,42.5009592908253,15.7927260088371,3.92643692118952,4.01031065774651,FALSE,FALSE,TRUE,post,FALSE,2009-06-25,2009-09-08,coded_removal_in_scm_window:PB_2009_01,4,213516208,3766528,63.413071389591785,4.149670013529788,56.687805851967646,305.7997972513847,5.722930630484227
PB,2010-02-01,2010,2,68.1282830950221,,70.3014381452313,15.2211288439369,3.91639573545661,4.0101763040786,FALSE,FALSE,TRUE,post,FALSE,2009-06-25,2009-09-08,coded_removal_in_scm_window:PB_2009_01,5,194583509,3766528,64.54318326984857,4.167334507840857,51.66124053770475,311.4552947832302,5.7412558119834225
PB,2010-03-01,2010,3,70.5862954516723,,26.5304229328755,14.2517910896588,3.94239729925329,4.05904464847095,FALSE,FALSE,TRUE,post,FALSE,2009-06-25,2009-09-08,coded_removal_in_scm_window:PB_2009_01,6,189240923,3766528,66.11017560070253,4.191322677531681,50.24280265538979,313.45151901121847,5.747644703811979
PB,2010-04-01,2010,4,69.2035610955042,,3.95404707581401,8.6423599129102,4.00790261917639,4.10420485214393,FALSE,FALSE,TRUE,post,FALSE,2009-06-25,2009-09-08,coded_removal_in_scm_window:PB_2009_01,7,205934985,3766528,67.0118229014337,4.204869065038945,54.67501768206688,319.2705704632526,5.766038926551068
PB,2010-05-01,2010,5,72.8608917055711,,72.2019231146063,5.06090832295432,3.94782933966482,4.03966257490419,FALSE,FALSE,TRUE,post,FALSE,2009-06-25,2009-09-08,coded_removal_in_scm_window:PB_2009_01,8,196472275,3766528,68.61731637680558,4.228544928195795,52.16270129944607,316.7124318212349,5.7579942070249865
PB,2010-06-01,2010,6,73.6673069769803,,59.3657973154064,4.09748600355437,3.99425208713532,4.08439939784002,FALSE,FALSE,TRUE,post,FALSE,2009-06-25,2009-09-08,coded_removal_in_scm_window:PB_2009_01,9,210811607,3766528,70.10410067721962,4.24998128986486,55.969743753398355,321.39931177997346,5.772684311981808
PB,2010-07-01,2010,7,76.0037506069783,,47.1723666107058,8.16318812323119,4.01050434483776,4.09872407878845,FALSE,FALSE,TRUE,post,FALSE,2009-06-25,2009-09-08,coded_removal_in_scm_window:PB_2009_01,10,214806261,3766528,71.74168148862138,4.273071910477649,57.03031040788758,321.7418163358934,5.773749411299287
PB,2010-08-01,2010,8,82.0179286778781,,59.801680647739,7.58664178275597,3.98200539020845,4.08381118517777,FALSE,FALSE,TRUE,post,FALSE,2009-06-25,2009-09-08,coded_removal_in_scm_window:PB_2009_01,11,207784896,3766528,74.05662241909738,4.304829968438154,55.16616257731258,325.24673837550125,5.784584089288533
PB,2010-09-01,2010,9,78.5110875662113,,80.3438913456427,8.86243808467652,4.00291338677489,4.08780511726672,FALSE,FALSE,TRUE,post,FALSE,2009-06-25,2009-09-08,coded_removal_in_scm_window:PB_2009_01,12,214307946,3766528,75.37742110485388,4.322507775325569,56.89800951964249,331.90194523975396,5.804839579629977
PB,2010-10-01,2010,10,76.2664466627212,,51.1003221963464,4.72707635938988,3.99702806394426,4.07567299254366,FALSE,FALSE,TRUE,post,FALSE,2009-06-25,2009-09-08,coded_removal_in_scm_window:PB_2009_01,13,216762643,3766528,76.55456869939005,4.33800380287521,57.54972298095222,334.7766505386393,5.813463594661879
PB,2010-11-01,2010,11,74.9146010988799,,39.2526014986979,5.51295377009849,4.02390025526793,4.11594790939041,FALSE,FALSE,TRUE,post,FALSE,2009-06-25,2009-09-08,coded_removal_in_scm_window:PB_2009_01,14,232197122,3766528,76.89685359827484,4.342464960177461,61.647523130055056,344.2614723692483,5.8414014627448285
PB,2010-12-01,2010,12,76.7335929064108,,27.8868590812769,8.45365934980922,4.00437769164687,4.10065025652868,FALSE,FALSE,TRUE,post,FALSE,2009-06-25,2009-09-08,coded_removal_in_scm_window:PB_2009_01,15,229339402,3766528,77.40790125317993,4.349088858759946,60.888808472949094,349.18053708879904,5.8555890866985205
PB,2011-01-01,2011,1,78.667634355135,103.156828340129,12.335682827575,2.9467631183928,4.02059528457232,4.10299256939782,FALSE,FALSE,TRUE,post,FALSE,2009-06-25,2009-09-08,coded_removal_in_scm_window:PB_2009_01,16,250930475,3791315,77.85188187787271,4.354808071114017,66.18560446705168,358.3358311479631,5.881470622514837
PB,2011-02-01,2011,2,86.5408555847344,102.431084517319,-18.695139932188,8.77354454768548,4.05730526690818,4.15800538409343,FALSE,FALSE,TRUE,post,FALSE,2009-06-25,2009-09-08,coded_removal_in_scm_window:PB_2009_01,17,238268955,3791315,78.60570302901543,4.364444254424045,62.84599274921762,366.0156613198682,5.902676122977322
PB,2011-03-01,2011,3,80.3252257553122,99.0443242810148,48.042171483406,8.31897326382326,4.03363047362508,4.13148771836838,FALSE,FALSE,TRUE,post,FALSE,2009-06-25,2009-09-08,coded_removal_in_scm_window:PB_2009_01,18,221736059,3791315,78.90805939386559,4.3682833695789816,58.48526408383371,367.60291588405937,5.907003322670038
PB,2011-04-01,2011,4,82.3611673939831,103.038348753197,58.7641062050029,18.0567291604946,4.02496423751627,4.10193583411022,FALSE,FALSE,TRUE,post,FALSE,2009-06-25,2009-09-08,coded_removal_in_scm_window:PB_2009_01,19,225460852,3791315,79.92384618240924,4.381074258587829,59.46771819276425,369.5209110958714,5.912207331739227
PB,2011-05-01,2011,5,82.1255284607839,101.872577342921,12.1372710764768,12.4551781663414,4.02754894576689,4.14628397274425,FALSE,FALSE,TRUE,post,FALSE,2009-06-25,2009-09-08,coded_removal_in_scm_window:PB_2009_01,20,228618446,3791315,81.12566740939323,4.3959994019166775,60.30056748120375,368.1739554470201,5.908555531498186
PB,2011-06-01,2011,6,84.4581473676648,103.26103524016,54.8999795199963,16.4246995642753,4.03304694637116,4.12913635264604,FALSE,FALSE,TRUE,post,FALSE,2009-06-25,2009-09-08,coded_removal_in_scm_window:PB_2009_01,21,235637950,3791315,82.41309315293556,4.41174432177964,62.15203695815304,369.43718393222406,5.911980723046341
PB,2011-07-01,2011,7,85.1836754222408,106.470775952224,20.7287764351408,13.4200433034069,4.04520835288921,4.13748438053794,FALSE,FALSE,TRUE,post,FALSE,2009-06-25,2009-09-08,coded_removal_in_scm_window:PB_2009_01,22,239816341,3791315,83.4990999974532,4.424835853325107,63.254132405247255,366.50571187041965,5.904014106117731
PB,2011-08-01,2011,8,85.0517735758017,106.139769173079,108.466131641419,17.3603342351616,4.05149872362462,4.16940702104588,FALSE,FALSE,TRUE,post,FALSE,2009-06-25,2009-09-08,coded_removal_in_scm_window:PB_2009_01,23,239664058,3791315,83.25091966263108,4.421859175798107,63.21396613048507,366.8736852516871,5.905017606934883
PE,2006-09-01,2006,9,67.7948685205112,,,,4.02046522613788,4.10327216104027,FALSE,TRUE,FALSE,pre,TRUE,2009-06-25,2009-09-08,,-36,415457950,8502603,,,48.86244247790941,,
PE,2006-10-01,2006,10,67.9975944227708,,,,4.00390399931198,4.07803502944751,FALSE,TRUE,FALSE,pre,TRUE,2009-06-25,2009-09-08,,-35,402310453,8502603,,,47.31615165379355,,
PE,2006-11-01,2006,11,69.5609210466779,,,,4.01289004843896,4.09674284956302,FALSE,TRUE,FALSE,pre,TRUE,2009-06-25,2009-09-08,,-34,430356466,8502603,,,50.61467247147726,,
PE,2006-12-01,2006,12,68.9805841787559,,,,4.05266620540403,4.12669911222342,FALSE,TRUE,FALSE,pre,TRUE,2009-06-25,2009-09-08,,-33,468043390,8502603,,,55.047070879353065,,
PE,2007-01-01,2007,1,68.6248152609952,,-17.0696716886328,-4.46720326675776,4.03426229021835,4.12284043406317,FALSE,TRUE,FALSE,pre,TRUE,2009-06-25,2009-09-08,,-32,466926522,8485386,,,55.02713983783413,,
PE,2007-02-01,2007,2,69.0433674358927,,-87.9887595942803,1.45641361901696,4.04548763725964,4.1299996974288,FALSE,TRUE,FALSE,pre,TRUE,2009-06-25,2009-09-08,,-31,424287872,8485386,68.66702514426728,4.229269100655427,50.00218870420273,306.86966602457017,5.726423116807728
PE,2007-03-01,2007,3,69.3723894884839,,156.19686381247,5.52527298697039,4.05019969393024,4.10450208907634,FALSE,TRUE,FALSE,pre,TRUE,2009-06-25,2009-09-08,,-30,392549567,8485386,68.92994530559608,4.233090703419748,46.261839708883016,304.26906325554376,5.717912386455475
PE,2007-04-01,2007,4,69.6448258436088,,164.575948921839,9.11979212633387,4.06520925949771,4.14122286867233,FALSE,TRUE,FALSE,pre,TRUE,2009-06-25,2009-09-08,,-29,423537541,8485386,69.20448387573573,4.237065656416595,49.91376243814954,306.86667403989975,5.726413366742513
PE,2007-05-01,2007,5,72.0483504846513,,98.9540985549079,10.1991724919964,4.06069442031554,4.13899993438585,FALSE,TRUE,FALSE,pre,TRUE,2009-06-25,2009-09-08,,-28,418321756,8485386,69.6190554487313,4.243038315050971,49.29908386018032,305.5510854286028,5.722116983710994
PE,2007-06-01,2007,6,74.0889168917376,,36.8693135092032,0.18470225223365,4.08288643183468,4.17134851244813,FALSE,TRUE,FALSE,pre,TRUE,2009-06-25,2009-09-08,,-27,442789491,8485386,70.47044423422825,4.25519339119629,52.18259852881177,302.6866130780615,5.712697990002018
PE,2007-07-01,2007,7,74.3639315996649,,4.59312180442326,4.59121255922585,4.10263374946183,4.18814652387131,FALSE,TRUE,FALSE,pre,TRUE,2009-06-25,2009-09-08,,-26,449570530,8485386,71.42696362400653,4.268675439849632,52.98174178522933,300.6412150254567,5.705917577120056
PE,2007-08-01,2007,8,73.3824129060145,,9.95969910556028,-1.79503198937237,4.09927495517319,4.20019803969814,FALSE,TRUE,FALSE,pre,TRUE,2009-06-25,2009-09-08,,-25,450163294,8485386,72.15013786902684,4.278749196084677,53.051598831214044,303.69062515246804,5.716009502798394
PE,2007-09-01,2007,9,74.4053802393204,,33.592954637491,-16.242860584071,4.08227814794927,4.17620606317724,FALSE,TRUE,FALSE,pre,TRUE,2009-06-25,2009-09-08,,-24,459116257,8485386,72.98896966083291,4.290308329195019,54.106702629674125,311.5354880732591,5.741513258137294
PE,2007-10-01,2007,10,74.4625797519382,,34.8024920028447,11.0507288875482,4.08577880244181,4.18047400370299,FALSE,TRUE,FALSE,pre,TRUE,2009-06-25,2009-09-08,,-23,456190239,8485386,73.79192864555448,4.3012493576789,53.76187235324357,315.38359798835313,5.753789669335071
PE,2007-11-01,2007,11,75.0397263784936,,40.7441028839266,6.36807397331897,4.1481852199924,4.2282948997343,FALSE,TRUE,FALSE,pre,TRUE,2009-06-25,2009-09-08,,-22,516389395,8485386,74.2904912945282,4.3079829663405045,60.85632344833812,326.94083757651094,5.789779229685905
PE,2007-12-01,2007,12,75.4012315465912,,72.984280109579,32.5007995953671,4.09421061514351,4.17640935302619,FALSE,TRUE,FALSE,pre,TRUE,2009-06-25,2009-09-08,,-21,515840576,8485386,74.50921040367047,4.310922747323477,60.7916453064127,335.5498843541119,5.815770631958419
PE,2008-01-01,2008,1,76.4416393417238,,66.1417415562725,14.3523967225464,4.1104455071123,4.20232054983903,FALSE,TRUE,FALSE,pre,TRUE,2009-06-25,2009-09-08,,-20,541509000,8734196,74.85549502734695,4.315559522029982,61.998723179557686,344.56686574844025,5.842288166680488
PE,2008-02-01,2008,2,74.5526887533762,,45.8443278331138,16.8714415490553,4.11602364762404,4.20261791155168,FALSE,TRUE,FALSE,pre,TRUE,2009-06-25,2009-09-08,,-19,484160000,8734196,75.05054100190723,4.318161766606551,55.432692373745674,346.9479592909719,5.849174795474886
PE,2008-03-01,2008,3,77.0035027093226,,71.2044179698211,15.4791866814757,4.11619466608217,4.13647434955031,FALSE,TRUE,FALSE,pre,TRUE,2009-06-25,2009-09-08,,-18,451544000,8734196,75.48356141357426,4.323914902926911,51.698404752996154,344.5396614142939,5.842209211299606
PE,2008-04-01,2008,4,77.5196284374035,,61.7927536667078,-12.5738908379036,4.11981275890134,4.19901189846558,FALSE,TRUE,FALSE,pre,TRUE,2009-06-25,2009-09-08,,-17,480794000,8734196,75.99306952781848,4.330642145704791,55.047310593900114,345.82509965495046,5.845933154926674
PE,2008-05-01,2008,5,77.4249078981789,,15.1397551699291,10.0899589666583,4.11882871778967,4.20744768168708,FALSE,TRUE,FALSE,pre,TRUE,2009-06-25,2009-09-08,,-16,479680000,8734196,76.39059978109937,4.3358596490880865,54.91976594067731,339.8885421472896,5.828617746652545
PE,2008-06-01,2008,6,76.9303869818208,,64.1663717000294,16.3950503321131,4.08314357433612,4.19233426857552,FALSE,TRUE,FALSE,pre,TRUE,2009-06-25,2009-09-08,,-15,481718000,8734196,76.6454590203043,4.339190360514017,55.15310167072047,334.2499985115974,5.81188921152909
PE,2008-07-01,2008,7,78.0311245650861,,54.7458905446418,20.0029546589608,4.10347099942665,4.20268741678632,FALSE,TRUE,FALSE,pre,TRUE,2009-06-25,2009-09-08,,-14,494911000,8734196,76.91037322419803,4.342640759796728,56.663601320602375,328.9148766526421,5.79579898370947
PE,2008-08-01,2008,8,78.4949089220497,,18.235899389428,5.4893388703879,4.14356155158066,4.22230597218829,FALSE,TRUE,FALSE,pre,TRUE,2009-06-25,2009-09-08,,-13,514683000,8734196,77.56740991897694,4.3511473637039435,58.92734717654607,332.4095314554425,5.806367737225545
PE,2008-09-01,2008,9,79.0825542693146,,193.024402121334,12.5371677743144,4.15662835997703,4.25267398459437,FALSE,TRUE,FALSE,pre,TRUE,2009-06-25,2009-09-08,,-12,540254000,8734196,77.91391851230894,4.355604608448411,61.85503508279411,342.56616178524047,5.836464812142353
PE,2008-10-01,2008,10,79.0306517566488,,2.30217457947629,17.4291962251017,4.21774768521379,4.30249314688514,FALSE,TRUE,FALSE,pre,TRUE,2009-06-25,2009-09-08,,-11,573295000,8734196,78.16575573218316,4.358831645404261,65.6379820191807,353.15683321052103,5.866912244982534
PE,2008-11-01,2008,11,78.458760488371,,13.1061621403121,10.7016490222977,4.15201045395838,4.22595884022524,FALSE,TRUE,FALSE,pre,TRUE,2009-06-25,2009-09-08,,-10,570532000,8734196,78.33806449721517,4.3610336214889625,65.32163922128608,363.5587064911298,5.895940787347689
PE,2008-12-01,2008,12,74.2774525400967,,6.02795578523246,8.24823700853515,4.14515207577752,4.239661572051,FALSE,TRUE,FALSE,pre,TRUE,2009-06-25,2009-09-08,,-9,595588000,8734196,77.89590875692781,4.355373432331,68.19036348623274,376.5959683066421,5.931172910660283
PE,2009-01-01,2009,1,78.2778410044484,,-0.142953124886589,4.09844765235317,4.12349901555042,4.21109794006763,FALSE,TRUE,FALSE,pre,TRUE,2009-06-25,2009-09-08,,-8,584951000,8810256,77.93702816348821,4.3559011693848895,66.39432497761699,386.3266919636567,5.956683363748184
PE,2009-02-01,2009,2,77.623382304646,,87.3469987676306,4.749907123647,4.11016491666015,4.16199733925158,FALSE,TRUE,FALSE,pre,TRUE,2009-06-25,2009-09-08,,-7,508477000,8810256,77.79177372725425,4.35403568944034,57.71421397970729,385.1135587668179,5.953538248632165
PE,2009-03-01,2009,3,79.2935097604172,,-83.4253466594648,3.36127248445349,4.1172342770352,4.29019132492169,FALSE,TRUE,FALSE,pre,TRUE,2009-06-25,2009-09-08,,-6,483826000,8810256,77.82693297577134,4.354487553484969,54.916224908788124,378.1747485928119,5.935356386657435
PE,2009-04-01,2009,4,80.0752234459599,,-19.0868361806155,4.91592879987534,4.10555629252724,4.18688266773345,FALSE,TRUE,FALSE,pre,TRUE,2009-06-25,2009-09-08,,-5,503815000,8810256,78.0010282573232,4.3567220093888945,57.1850579597233,369.7218245333545,5.9127508972901515
PE,2009-05-01,2009,5,80.664029185038,,29.5701153196688,18.7236934455258,4.14476692667694,4.23132934689404,FALSE,TRUE,FALSE,pre,TRUE,2009-06-25,2009-09-08,,-4,519816000,8810256,78.36857304010104,4.361422992912544,59.0012367404534,363.40142205252187,5.895508069142422
PE,2009-06-01,2009,6,81.4176091372871,,44.736721103264,9.12314477432238,4.16328034112441,4.22781379662112,FALSE,TRUE,FALSE,pre,TRUE,2009-06-25,2009-09-08,,-3,550437000,8810256,79.55859913963278,4.376493846234386,62.47684516772271,357.6879037340118,5.879660828902598
PE,2009-07-01,2009,7,81.3203597188157,,65.1483225884723,7.02928990470702,4.20316455825706,4.27009267153768,FALSE,TRUE,FALSE,pre,TRUE,2009-06-25,2009-09-08,,-2,577014244,8810256,80.06568559202732,4.3828473676807285,65.49347079131412,356.78704954770893,5.877139103936453
PE,2009-08-01,2009,8,81.9494984130894,,80.8588097856382,9.6639947032064,4.17970160108962,4.24825499922212,FALSE,TRUE,FALSE,pre,TRUE,2009-06-25,2009-09-08,,-1,562300435,8810256,80.78670494343456,4.391812409209126,63.82339344055383,362.8962290085555,5.894116922896243
PE,2009-09-01,2009,9,83.4712490950414,,42.7395729705163,3.30020775411121,4.20251315838678,4.25398957276857,FALSE,TRUE,FALSE,post,FALSE,2009-06-25,2009-09-08,,0,595243649,8810256,81.48299483253858,4.400394346114394,67.56258263097008,375.54258673073747,5.928371878170813
PE,2009-10-01,2009,10,84.4405597505018,,79.6977237561269,2.84085001474365,4.23811935010492,4.32185468751731,FALSE,TRUE,FALSE,post,FALSE,2009-06-25,2009-09-08,,1,617217000,8810256,82.21055088329557,4.409283650069648,70.05664761614192,388.4141763871561,5.962072235203079
PE,2009-11-01,2009,11,84.8501603418623,,119.14754729273,19.8857714405888,4.24642715953546,4.32155821357878,FALSE,TRUE,FALSE,post,FALSE,2009-06-25,2009-09-08,,2,660400000,8810256,82.90823940943295,4.417734446942259,74.9580942937413,404.37103394044397,6.002332857331813
PE,2009-12-01,2009,12,85.3770682072657,,94.1869228407489,19.7883518759369,4.25807226952242,4.36641225621518,FALSE,TRUE,FALSE,post,FALSE,2009-06-25,2009-09-08,,3,702948000,8810256,83.56814925442939,4.425662457716058,79.78746588067361,421.68165465339484,6.0442506564943725
PE,2010-01-01,2010,1,87.3471846503288,,129.501745759347,23.3512179516628,4.24640401439827,4.32630517801983,FALSE,TRUE,FALSE,post,FALSE,2009-06-25,2009-09-08,,4,691127000,8796448,84.57262007634823,4.437610574470051,78.56887234483737,434.7570562069181,6.074787383595878
PE,2010-02-01,2010,2,88.3467616022242,,62.803346036059,21.1093619715759,4.26093485055851,4.3117255030043,FALSE,TRUE,FALSE,post,FALSE,2009-06-25,2009-09-08,,5,614844777,8796448,85.6388306078707,4.45013880888597,69.89693760481504,440.83060037117934,6.08866067550905
PE,2010-03-01,2010,3,91.2164856313809,,13.8276060558899,12.4764429841627,4.29014727081714,4.41420426635142,FALSE,TRUE,FALSE,post,FALSE,2009-06-25,2009-09-08,,6,606694747,8796448,86.92970336392729,4.465099784729547,68.97042385744791,442.23844159765713,6.0918491972493065
PE,2010-04-01,2010,4,88.074470674119,,84.2049429183284,16.0263500753535,4.37065060579176,4.43762624406585,FALSE,TRUE,FALSE,post,FALSE,2009-06-25,2009-09-08,,7,689083249,8796448,87.53535518453015,4.472042771005385,78.33653413286818,450.5183281143834,6.110398760159521
PE,2010-05-01,2010,5,90.1811624144586,,95.1606193501357,11.8869928738207,4.32711689891841,4.40167127739888,FALSE,TRUE,FALSE,post,FALSE,2009-06-25,2009-09-08,,8,653388448,8796448,88.42385552996286,4.482141792174456,74.27866884451542,449.83890266515755,6.108889524591761
PE,2010-06-01,2010,6,89.5676449891142,,76.3253902646877,-1.9268105238673,4.33142110750575,4.40304507814737,FALSE,TRUE,FALSE,post,FALSE,2009-06-25,2009-09-08,,9,681683573,8796448,89.12228499360428,4.490009415365596,77.49532231646228,447.5467591009462,6.103781021867304
PE,2010-07-01,2010,7,89.630129768503,,95.9637226906453,41.3182575600243,4.29732468384972,4.37225662639867,FALSE,TRUE,FALSE,post,FALSE,2009-06-25,2009-09-08,,10,664037405,8796448,89.50277584663331,4.494269639846036,75.48926623564421,444.46715299175304,6.096876155691987
PE,2010-08-01,2010,8,92.6958921688444,,117.091646108131,37.1515924131445,4.38000008428829,4.45174248468247,FALSE,TRUE,FALSE,post,FALSE,2009-06-25,2009-09-08,,11,715104133,8796448,90.22763094107002,4.502335709882822,81.29464677106031,455.86486215799835,6.12219641067592
PE,2010-09-01,2010,9,93.9833525295464,,212.427921472522,25.0345852344884,4.33449525315869,4.42749357842312,FALSE,TRUE,FALSE,post,FALSE,2009-06-25,2009-09-08,,12,708299000,8796448,90.6887754240976,4.507433594491452,80.52102394057238,467.4154622411228,6.147218502946376
PE,2010-10-01,2010,10,94.8237552026932,,131.899233387283,4.25335390744872,4.3497554363528,4.43791589871836,FALSE,TRUE,FALSE,post,FALSE,2009-06-25,2009-09-08,,13,727804000,8796448,91.81365617885996,4.519761046681055,82.73839622538551,471.8173243336401,6.156591885955296
PE,2010-11-01,2010,11,93.3884827760482,,56.0239313725042,24.3450421036307,4.38264303481858,4.46310408699874,FALSE,TRUE,FALSE,post,FALSE,2009-06-25,2009-09-08,,14,798450000,8796448,92.34820957245823,4.525566319044839,90.7695924536813,488.308247942806,6.190946862063208
PE,2010-12-01,2010,12,96.7756849498139,,57.6389295743519,19.558516069374,4.40695154359294,4.48809164622362,FALSE,TRUE,FALSE,post,FALSE,2009-06-25,2009-09-08,,15,860498000,8796448,93.54954956590818,4.538491237806403,97.82334869711048,508.6362743234542,6.231733172354788
PE,2011-01-01,2011,1,93.6833565100587,108.766167623708,16.9021362535486,11.9583248248324,4.40470123616875,4.49183533902921,FALSE,TRUE,FALSE,post,FALSE,2009-06-25,2009-09-08,,16,865272000,8864906,94.22508735616746,4.5456864662545735,97.60644952129216,530.7534576091022,6.274297615134171
PE,2011-02-01,2011,2,95.7845518524326,107.401880974734,105.097765167537,17.4756872767209,4.49785179728994,4.56773034382594,FALSE,TRUE,FALSE,post,FALSE,2009-06-25,2009-09-08,,17,830231000,8864906,94.73986397009884,4.551134861671256,93.65367213143602,543.1124829694778,6.29731644943782
PE,2011-03-01,2011,3,93.173417973007,104.494699700612,72.9557015546847,15.845622322838,4.41232122531508,4.51074452189181,FALSE,TRUE,FALSE,post,FALSE,2009-06-25,2009-09-08,,18,739348000,8864906,94.60487487734227,4.549709006203095,83.40167397150066,545.9931330004061,6.302606398743482
PE,2011-04-01,2011,4,97.1851353887389,106.78138493011,67.5616112208915,24.7654109311622,4.41115280502566,4.47371832646092,FALSE,TRUE,FALSE,post,FALSE,2009-06-25,2009-09-08,,19,769969000,8864906,94.99843824168322,4.55386045190418,86.85585611398474,550.1105928890054,6.3101193359930585
PE,2011-05-01,2011,5,96.1005959880162,107.648637658394,92.1057227341739,19.2634299451099,4.41270297865774,4.48619269026813,FALSE,TRUE,FALSE,post,FALSE,2009-06-25,2009-09-08,,20,763600000,8864906,95.45045711034454,4.558607339163375,86.13740517947963,545.4784056148037,6.301663218082237
PE,2011-06-01,2011,6,97.4905930810385,108.61970845783,64.3728274474488,26.4689975421218,4.42263829007503,4.50175461179607,FALSE,TRUE,FALSE,post,FALSE,2009-06-25,2009-09-08,,21,805881000,8864906,95.56960846554865,4.559854866435424,90.90688609670536,538.5619430143986,6.2889025187915335
PE,2011-07-01,2011,7,99.9752802676551,109.699775235501,79.079214334139,19.4973583169682,4.46801479493726,4.54255058788571,FALSE,TRUE,FALSE,post,FALSE,2009-06-25,2009-09-08,,22,846155000,8864906,96.61826242514805,4.570767775370557,95.44996867423073,536.4054621673372,6.284890334367119
PE,2011-08-01,2011,8,97.4355601493349,109.918954225787,85.9088740641977,25.20736971814,4.44119050784629,4.51607940486915,FALSE,TRUE,FALSE,post,FALSE,2009-06-25,2009-09-08,,23,817891000,8864906,96.89343047463177,4.573611719638978,92.2616663955602,535.0134564314613,6.282291898788034
PI,2006-09-01,2006,9,67.9063183697857,,,,3.54236155171694,3.59634556839527,FALSE,TRUE,FALSE,pre,TRUE,2009-06-25,2009-09-08,,-36,95735490,3036290,,,31.530417055024387,,
PI,2006-10-01,2006,10,66.3953025976574,,,,3.50645187187844,3.57241462688055,FALSE,TRUE,FALSE,pre,TRUE,2009-06-25,2009-09-08,,-35,89436278,3036290,,,29.455775963429055,,
PI,2006-11-01,2006,11,67.2569879585302,,,,3.66736035185866,3.71538339530471,FALSE,TRUE,FALSE,pre,TRUE,2009-06-25,2009-09-08,,-34,108061156,3036290,,,35.58986658059671,,
PI,2006-12-01,2006,12,66.4419669205305,,,,3.58019096053888,3.6152322590082,FALSE,TRUE,FALSE,pre,TRUE,2009-06-25,2009-09-08,,-33,98077151,3036290,,,32.30164147693402,,
PI,2007-01-01,2007,1,64.1844622019623,,30.0823203406771,0.130421679925052,3.57107550050796,3.63539040645487,FALSE,TRUE,FALSE,pre,TRUE,2009-06-25,2009-09-08,,-32,104440391,3032421,,,34.441257002243425,,
PI,2007-02-01,2007,2,65.4350004070158,,16.9823963090452,6.23357888731642,3.5514735361049,3.62087584975036,FALSE,TRUE,FALSE,pre,TRUE,2009-06-25,2009-09-08,,-31,92208338,3032421,66.27000640924699,4.193737402814285,30.407498826844954,193.72645690507255,5.266447148102172
PI,2007-03-01,2007,3,65.7572351311917,,14.3805657684682,9.64243588332881,3.51896169776829,3.58887473237892,FALSE,TRUE,FALSE,pre,TRUE,2009-06-25,2009-09-08,,-30,83186136,3032421,65.91182586948132,4.1883178771461225,27.432251656349827,189.628291506398,5.245065795495098
PI,2007-04-01,2007,4,67.2322016967544,,17.0914828981135,2.51605469520251,3.57134816583831,3.63528239212511,FALSE,TRUE,FALSE,pre,TRUE,2009-06-25,2009-09-08,,-29,88350098,3032421,66.05130905266415,4.190431849888731,29.135168896403236,189.30768443937217,5.243373651365861
PI,2007-05-01,2007,5,66.2611198732753,,20.2303745531174,6.06568138935102,3.55780969260681,3.62732817489098,FALSE,TRUE,FALSE,pre,TRUE,2009-06-25,2009-09-08,,-28,89796066,3032421,65.885331038455,4.187915822473551,29.612005061302504,183.32982292007796,5.211286841666421
PI,2007-06-01,2007,6,65.901309066325,,-13.8747321698485,-6.74710058027443,3.59234536613966,3.64368693066568,FALSE,TRUE,FALSE,pre,TRUE,2009-06-25,2009-09-08,,-27,97028497,3032421,65.79522139608741,4.186547212534316,31.997040318610114,183.02522176175407,5.2096239671793105
PI,2007-07-01,2007,7,65.4385530812146,,18.1414718965722,-9.9260994370136,3.59510386203451,3.65577021812653,FALSE,TRUE,FALSE,pre,TRUE,2009-06-25,2009-09-08,,-26,96100272,3032421,66.00423654262947,4.1897189300061735,31.690940011297904,180.27490477080855,5.19448293455866
PI,2007-08-01,2007,8,65.9727753513857,,-2.31297496488624,-6.38297475305534,3.59502835136537,3.66075236032151,FALSE,TRUE,FALSE,pre,TRUE,2009-06-25,2009-09-08,,-25,103305772,3032421,66.09386570002445,4.191075939223225,34.06709424581877,183.93450018978237,5.214579717004607
PI,2007-09-01,2007,9,68.0126486488015,,35.6210486248678,6.3130819654851,3.59291083790333,3.64262789443498,FALSE,TRUE,FALSE,pre,TRUE,2009-06-25,2009-09-08,,-24,103315803,3032421,66.46976795295942,4.196747227043326,34.07040216381564,190.57265069724818,5.250033490353768
PI,2007-10-01,2007,10,68.4459401139485,,34.2594638982627,-1.43221492697572,3.56622571183065,3.63696830245461,FALSE,TRUE,FALSE,pre,TRUE,2009-06-25,2009-09-08,,-23,100166124,3032421,66.67205768915844,4.199785939947878,33.03173405012035,194.4692158509653,5.270273877272149
PI,2007-11-01,2007,11,68.4181477483545,,26.3610561859931,8.84588295007597,3.62807453960421,3.6752898528758,FALSE,TRUE,FALSE,pre,TRUE,2009-06-25,2009-09-08,,-22,108262988,3032421,67.03156233500496,4.205163588094733,35.701832957890744,200.55904374755352,5.301108685926593
PI,2007-12-01,2007,12,69.3202593386427,,64.7933460066051,34.7018439962719,3.64677698189816,3.6949750136459,FALSE,TRUE,FALSE,pre,TRUE,2009-06-25,2009-09-08,,-21,109947331,3032421,67.60138738039124,4.213628506216885,36.25727793073587,204.81928135967928,5.322128035997836
PI,2008-01-01,2008,1,73.002077780599,,28.2718027316979,10.6675851782275,3.67796015148659,3.73834947800832,FALSE,TRUE,FALSE,pre,TRUE,2009-06-25,2009-09-08,,-20,123957557,3111881,68.86197483028864,4.2321041364170755,39.83364306025841,212.96198440863978,5.361113672825775
PI,2008-02-01,2008,2,69.3990358230981,,34.3686536624882,7.32908287810968,3.61867486924383,3.69538135996559,FALSE,TRUE,FALSE,pre,TRUE,2009-06-25,2009-09-08,,-19,111466120,3111881,69.43301824224072,4.2403625215507,35.819531659468986,214.71442182229,5.369308874600341
PI,2008-03-01,2008,3,70.9312353041512,,21.5087001749965,3.7682782843053,3.67919876309943,3.73900711903719,FALSE,TRUE,FALSE,pre,TRUE,2009-06-25,2009-09-08,,-18,102262947,3111881,69.91944935146566,4.247343855908169,32.86210076799209,213.50612042646645,5.363665499360673
PI,2008-04-01,2008,4,71.7189338651773,,31.3756223473149,4.30303026175995,3.62466109094284,3.69744600588314,FALSE,TRUE,FALSE,pre,TRUE,2009-06-25,2009-09-08,,-17,102103266,3111881,70.4649483100038,4.255115399087593,32.81078743049622,213.28517380684232,5.362630114420315
PI,2008-05-01,2008,5,70.7431242249487,,44.989061108279,15.4507034639961,3.63957970004709,3.71388182886246,FALSE,TRUE,FALSE,pre,TRUE,2009-06-25,2009-09-08,,-16,104435751,3111881,70.85244438943617,4.26059946645102,33.560329267089585,211.14367011604116,5.35253880279203
PI,2008-06-01,2008,6,72.0765672304896,,48.4563973266006,25.5931135681051,3.67891972472013,3.7412405973724,FALSE,TRUE,FALSE,pre,TRUE,2009-06-25,2009-09-08,,-15,115004336,3111881,71.31182903807732,4.267062218821885,36.95653400628109,211.84292619158637,5.355845085868812
PI,2008-07-01,2008,7,71.0449478398184,,28.4336482571957,16.9089482962956,3.68181617164481,3.73624942405489,FALSE,TRUE,FALSE,pre,TRUE,2009-06-25,2009-09-08,,-14,116460356,3111881,70.98564071461388,4.262477613131208,37.424424648628914,209.43370777995688,5.344407258642855
PI,2008-08-01,2008,8,70.5433922576146,,38.95709813428,11.5325218939653,3.71932746738893,3.77755439786319,FALSE,TRUE,FALSE,pre,TRUE,2009-06-25,2009-09-08,,-13,124150950,3111881,71.1763667870333,4.265160836169512,39.895789716894704,213.5099658373826,5.3636835099745115
PI,2008-09-01,2008,9,72.9291408297891,,33.3065259269185,23.4230065416888,3.69473575851279,3.75011870945281,FALSE,TRUE,FALSE,pre,TRUE,2009-06-25,2009-09-08,,-12,127887545,3111881,71.50935104130629,4.269828224943001,41.09654096670149,221.74440603609202,5.4015253944277175
PI,2008-10-01,2008,10,73.4466862662871,,23.8514569446231,15.0160609119073,3.69405252007262,3.75797789104797,FALSE,TRUE,FALSE,pre,TRUE,2009-06-25,2009-09-08,,-11,124176239,3111881,71.79730977482458,4.273847007035017,39.90391631299526,228.83753491859105,5.4330122972683315
PI,2008-11-01,2008,11,78.2013294637823,,22.2784745825439,11.7620166457364,3.71963320364775,3.76751609321331,FALSE,TRUE,FALSE,pre,TRUE,2009-06-25,2009-09-08,,-10,126272121,3111881,73.04034398129686,4.2910119457676394,40.577426000544364,235.8546316520458,5.463215647663567
PI,2008-12-01,2008,12,70.6296596614248,,10.5967198197968,16.7980746593263,3.65609600480676,3.72552292597531,FALSE,TRUE,FALSE,pre,TRUE,2009-06-25,2009-09-08,,-9,124380303,3111881,72.79919271978605,4.287704866127229,39.9694920853336,238.86758973109832,5.475909380545396
PI,2009-01-01,2009,1,74.5704998099911,,8.28717044257569,6.76437734447868,3.65217656892727,3.70857498894829,FALSE,TRUE,FALSE,pre,TRUE,2009-06-25,2009-09-08,,-8,126844472,3145325,73.38678471481484,4.2957438746531755,40.32793813039988,241.7711032128693,5.487991424061784
PI,2009-02-01,2009,2,76.1554962254103,,20.3315060365814,4.35237807383331,3.7705796559292,3.8293488063793,FALSE,TRUE,FALSE,pre,TRUE,2009-06-25,2009-09-08,,-7,133219132,3145325,74.32213537611412,4.308408826279503,42.354647611931995,244.22996110790658,5.498110245010265
PI,2009-03-01,2009,3,77.0399255066415,,25.3770381458339,0.340151337415992,3.69920854600715,3.76082215789719,FALSE,TRUE,FALSE,pre,TRUE,2009-06-25,2009-09-08,,-6,111637315,3145325,75.00726615558952,4.317584990918072,35.49309371845517,238.62651385966026,5.47489962612075
PI,2009-04-01,2009,4,78.6505303188141,,-21.8145263584033,-18.5952987627219,3.70679917285227,3.77496991671485,FALSE,TRUE,FALSE,pre,TRUE,2009-06-25,2009-09-08,,-5,118687805,3145325,75.87457349767735,4.3290816282459375,37.7346712978786,236.4572688445436,5.465767510188713
PI,2009-05-01,2009,5,80.8049456264395,,19.2726691976754,6.06753923964604,3.69450638934633,3.76082638606558,FALSE,TRUE,FALSE,pre,TRUE,2009-06-25,2009-09-08,,-4,116013494,3145325,76.30850952478688,4.334784459264205,36.88442180060884,232.7642646446081,5.450026201688882
PI,2009-06-01,2009,6,83.2767808937501,,35.1514569021582,15.1178248888399,3.68913177404917,3.76299918388099,FALSE,TRUE,FALSE,pre,TRUE,2009-06-25,2009-09-08,,-3,124405888,3145325,78.41636306350777,4.3620326181236715,39.552633829572464,232.34740638884693,5.448233692950274
PI,2009-07-01,2009,7,85.166836979433,,39.2813128657255,24.4749835427628,3.75740924072768,3.80425245751864,FALSE,TRUE,FALSE,pre,TRUE,2009-06-25,2009-09-08,,-2,133180023,3145325,80.18241925841475,4.384304279600461,42.34221360272786,234.36168186117493,5.45686557105114
PI,2009-08-01,2009,8,86.3112942716338,,58.9829994302624,40.3058972545123,3.72406072292438,3.77644014220393,FALSE,TRUE,FALSE,pre,TRUE,2009-06-25,2009-09-08,,-1,131556874,3145325,81.87505226611867,4.40519433232002,41.82616232026897,233.8331965695119,5.4546080259968805
PI,2009-09-01,2009,9,83.6044918830615,,48.0358437946258,20.8241585208213,3.80556895644563,3.86129402713368,FALSE,TRUE,FALSE,post,FALSE,2009-06-25,2009-09-08,,0,150138880,3145325,82.96914666218866,4.418468811727422,47.73397979541065,246.0740826464674,5.505632639565493
PI,2009-10-01,2009,10,84.6710470009099,,46.0384390504157,-11.7965616440149,3.7904373140132,3.8590183345328,FALSE,TRUE,FALSE,post,FALSE,2009-06-25,2009-09-08,,1,142314333,3145325,83.97256610920464,4.430490151561859,45.246304594914676,253.58571594350346,5.535701895832837
PI,2009-11-01,2009,11,84.896939452338,,105.245495768684,27.3026725174346,3.81870462108395,3.87186447787056,FALSE,TRUE,FALSE,post,FALSE,2009-06-25,2009-09-08,,2,149029137,3145325,84.65456508018772,4.43857903601089,47.38115679619753,264.08245093909215,5.576261368549628
PI,2009-12-01,2009,12,87.4722784008033,,25.1794795161761,23.6623112922717,3.79226181818542,3.87373573701445,FALSE,TRUE,FALSE,post,FALSE,2009-06-25,2009-09-08,,3,150281282,3145325,85.35381466469659,4.446805142614229,47.77925397216504,272.3090710816847,5.606937711947787
PI,2010-01-01,2010,1,83.3954158352939,,65.0384343045945,28.6440317269146,3.87447014871183,3.92765554726417,FALSE,TRUE,FALSE,post,FALSE,2009-06-25,2009-09-08,,4,161732659,3118360,85.05857780734007,4.443340169809622,51.86465289447017,281.831510373427,5.64130941142995
PI,2010-02-01,2010,2,83.6116763471246,,53.5677550507619,11.8245725683871,3.87407526723038,3.93292901271451,FALSE,TRUE,FALSE,post,FALSE,2009-06-25,2009-09-08,,5,154646008,3118360,84.60864148658854,4.438036406627251,49.59209584525199,289.59744389841006,5.668491834154964
PI,2010-03-01,2010,3,88.7308935347308,,114.592694863716,74.3166577554001,3.87439869221842,3.93652007485618,FALSE,TRUE,FALSE,post,FALSE,2009-06-25,2009-09-08,,6,139050860,3118360,85.46304176186675,4.448084022396262,44.591022203979016,286.4544863069784,5.657579662477373
PI,2010-04-01,2010,4,81.7032038697705,,67.1769233102465,32.1724369444835,3.83357474804344,3.89179908618187,FALSE,TRUE,FALSE,post,FALSE,2009-06-25,2009-09-08,,7,141235330,3118360,84.96840124001018,4.442279437256585,45.29154106645801,286.49972277852174,5.6577375685400915
PI,2010-05-01,2010,5,83.8344547247174,,57.4863708313887,3.14111469103343,3.89102402747214,3.9499039763741,FALSE,TRUE,FALSE,post,FALSE,2009-06-25,2009-09-08,,8,147371814,3118360,84.79132045207342,4.440193184399904,47.259397247271004,286.37796322959525,5.657312488095404
PI,2010-06-01,2010,6,82.4895787433786,,54.7817401301378,-5.45944984246489,3.85325346784889,3.92448601094977,FALSE,TRUE,FALSE,post,FALSE,2009-06-25,2009-09-08,,9,152416354,3118360,83.9608705091693,4.43035086304029,48.877087315127184,287.4757965725574,5.661138670858996
PI,2010-07-01,2010,7,83.6718032106239,,41.5811229585742,-11.0188788044352,3.87862318535758,3.92902316751763,FALSE,TRUE,FALSE,post,FALSE,2009-06-25,2009-09-08,,10,154320060,3118360,84.0069350717243,4.430899355813064,49.48757038956374,285.0987140676509,5.652835485447742
PI,2010-08-01,2010,8,86.4844306178954,,47.1609336909006,-2.37674825827491,3.89998036920618,3.95553695020951,FALSE,TRUE,FALSE,post,FALSE,2009-06-25,2009-09-08,,11,164430339,3118360,84.4857274501861,4.43658261418196,52.72974864993137,288.23636687233034,5.663780861837538
PI,2010-09-01,2010,9,89.4235645923097,,-18.876703981443,-21.9525989082578,3.86845709158359,3.93544988732462,FALSE,TRUE,FALSE,post,FALSE,2009-06-25,2009-09-08,,12,165391962,3118360,84.60117262644926,4.437948127348851,53.03812324426942,296.68346791262076,5.692665805867793
PI,2010-10-01,2010,10,86.9851907018233,,68.7582829928116,-12.9116775031352,3.91098771527384,3.96975127637242,FALSE,TRUE,FALSE,post,FALSE,2009-06-25,2009-09-08,,13,165469070,3118360,85.48150376512471,4.448300022307495,53.06285034441181,304.45477719057453,5.7185225611470285
PI,2010-11-01,2010,11,84.048604774978,,31.1681414368884,-11.3691974280369,3.91538437062479,3.97726537723928,FALSE,TRUE,FALSE,post,FALSE,2009-06-25,2009-09-08,,14,174010797,3118360,85.51719544016815,4.448717471980827,55.80202317885042,312.99740312215397,5.746194893771403
PI,2010-12-01,2010,12,91.0764952348168,,26.3024408683199,-19.8325954379809,4.03033112687661,4.09854149903668,FALSE,TRUE,FALSE,post,FALSE,2009-06-25,2009-09-08,,15,199664403,3118360,86.94834818874119,4.4653142433655715,64.02865705050091,328.14897285752767,5.793467690814354
PI,2011-01-01,2011,1,87.5187019832646,121.437778479698,31.7071605452832,-18.2924455933277,3.91937885625497,3.98510854124515,FALSE,TRUE,FALSE,post,FALSE,2009-06-25,2009-09-08,,16,180784371,3140328,87.5894979841813,4.472661104730114,57.5686269077625,336.2300293757264,5.817795536961115
PI,2011-02-01,2011,2,88.4177510807515,129.70184875886,27.0480946151125,-18.6848485698982,3.93742188795294,3.99322220358768,FALSE,TRUE,FALSE,post,FALSE,2009-06-25,2009-09-08,,17,176710005,3140328,87.91171806132398,4.476333107083834,56.27119364601405,339.7714743718091,5.828273257426187
PI,2011-03-01,2011,3,86.6049733622787,124.461877236613,-50.2545243395406,-30.1902638502369,3.8750310410401,3.9548889805807,FALSE,TRUE,FALSE,post,FALSE,2009-06-25,2009-09-08,,18,148230062,3140328,87.44195285631882,4.470975177291338,47.202095449902046,333.9354465774417,5.810947700576694
PI,2011-04-01,2011,4,89.2387229344117,135.784308311403,35.7719447579638,-4.63438064103052,3.92684338371706,4.01395464899603,FALSE,TRUE,FALSE,post,FALSE,2009-06-25,2009-09-08,,19,165151379,3140328,87.81754156175022,4.4752612706828625,52.590487044665394,333.4630832776953,5.809532164409051
PI,2011-05-01,2011,5,89.0942676558841,131.986882497299,30.3969739790504,-3.59312354297543,3.89248796611699,3.98425187618096,FALSE,TRUE,FALSE,post,FALSE,2009-06-25,2009-09-08,,20,160352652,3140328,88.65848537523456,4.484791745652311,51.06238966120736,328.7234497600523,5.7952168190444615
PI,2011-06-01,2011,6,90.5801668637731,128.740828372765,18.4874950591828,-2.29785665882642,3.81546629456995,3.94185340113407,FALSE,TRUE,FALSE,post,FALSE,2009-06-25,2009-09-08,,21,157504156,3140328,88.57576398006061,4.483858275947877,50.15532008121445,314.8501127907658,5.752096693171199
PI,2011-07-01,2011,7,90.9317378702159,129.452539061255,17.2503603352988,4.86875512015145,4.02304059941745,4.09601649949133,FALSE,TRUE,FALSE,post,FALSE,2009-06-25,2009-09-08,,22,189514286,3140328,89.1446032945525,4.490259807362439,60.348564226412016,317.6300501094153,5.760887341110673
PI,2011-08-01,2011,8,89.726555800755,130.696868248551,6.23000824180556,6.56980676623975,3.9365476674222,4.02658494492798,FALSE,TRUE,FALSE,post,FALSE,2009-06-25,2009-09-08,,23,186740341,3140328,89.36273741455308,4.492703787847623,59.46523452327273,320.824090986674,5.770892969764628
PR,2006-09-01,2006,9,62.0371659985154,,,,4.42141703527015,4.55258894380937,FALSE,TRUE,FALSE,pre,TRUE,2009-06-25,2009-09-08,,-36,773037126,10387378,,,74.42081399175038,,
PR,2006-10-01,2006,10,62.6303494098622,,,,4.45423721130252,4.59121220849103,FALSE,TRUE,FALSE,pre,TRUE,2009-06-25,2009-09-08,,-35,789289992,10387378,,,75.98548854195928,,
PR,2006-11-01,2006,11,62.4022724447587,,,,4.46764814351437,4.60662143561372,FALSE,TRUE,FALSE,pre,TRUE,2009-06-25,2009-09-08,,-34,818522303,10387378,,,78.79970315896851,,
PR,2006-12-01,2006,12,62.2312170050342,,,,4.45970274552715,4.59152159916185,FALSE,TRUE,FALSE,pre,TRUE,2009-06-25,2009-09-08,,-33,827668978,10387378,,,79.68025983072918,,
PR,2007-01-01,2007,1,63.3163944665173,,97.4531001413983,-12.8481596394575,4.5179913434487204,4.65535666582367,FALSE,TRUE,FALSE,pre,TRUE,2009-06-25,2009-09-08,,-32,876187076,10284503,,,85.19488749237567,,
PR,2007-02-01,2007,2,63.3789160047883,,112.574049877596,1.73210529485827,4.4893449009407,4.67759921161186,FALSE,TRUE,FALSE,pre,TRUE,2009-06-25,2009-09-08,,-31,766060760,10284503,62.66605255491268,4.137819874458174,74.48690131161419,468.56805432739725,6.149681351166393
PR,2007-03-01,2007,3,63.0205165596504,,99.9740247303699,5.23119629161076,4.42902412160476,4.57881037093067,FALSE,TRUE,FALSE,pre,TRUE,2009-06-25,2009-09-08,,-30,735048903,10284503,62.829944315101855,4.1404317801356445,71.47150455398769,465.6187448896345,6.143367155249516
PR,2007-04-01,2007,4,66.0032547449214,,170.636003642611,-2.88275958249243,4.48968083082508,4.63976282880279,FALSE,TRUE,FALSE,pre,TRUE,2009-06-25,2009-09-08,,-29,825691300,10284503,63.392095204278384,4.149339172349288,80.28499772910757,469.91825407678283,6.152558752080757
PR,2007-05-01,2007,5,64.9431327942145,,87.8942158075959,-7.78233895901574,4.48480243591905,4.61482021267802,FALSE,TRUE,FALSE,pre,TRUE,2009-06-25,2009-09-08,,-28,788342494,10284503,63.81557192918768,4.155997234694699,76.65343614562609,467.7719870634404,6.147980970064289
PR,2007-06-01,2007,6,64.5455158153881,,74.9116346808626,5.14899971841042,4.49358183182143,4.63611350958983,FALSE,TRUE,FALSE,pre,TRUE,2009-06-25,2009-09-08,,-27,810737029,10284503,64.20128839758,4.1620232789926765,78.83093903516777,466.922666267879,6.146163647099434
PR,2007-07-01,2007,7,65.6724170488593,,55.6368927769121,-3.4314133308437,4.55558294105153,4.68482509000653,FALSE,TRUE,FALSE,pre,TRUE,2009-06-25,2009-09-08,,-26,832737543,10284503,64.59395882797034,4.16812088982072,80.97012981570427,462.6979085912076,6.137074375892381
PR,2007-08-01,2007,8,65.087573483142,,80.4548244014354,5.93787789820829,4.49424457292659,4.64361200845174,FALSE,TRUE,FALSE,pre,TRUE,2009-06-25,2009-09-08,,-25,810214540,10284503,64.87873507436262,4.1725199132293485,78.78013551068048,466.9911427902739,6.1463102913011864
PR,2007-09-01,2007,9,66.8188601604301,,78.5776787792032,3.03435409153405,4.5135436109707,4.65289409454651,FALSE,TRUE,FALSE,pre,TRUE,2009-06-25,2009-09-08,,-24,876701374,10284503,65.51179234115924,4.182230162179606,85.24489457584873,480.7645328121349,6.175377613470407
PR,2007-10-01,2007,10,66.632437188766,,103.28089744179,8.21386425038927,4.53395431992569,4.68311304727086,FALSE,TRUE,FALSE,pre,TRUE,2009-06-25,2009-09-08,,-23,889531287,10284503,65.6166560818,4.183829567407933,86.49239413902646,486.9719292220538,6.188206481220208
PR,2007-11-01,2007,11,66.843522038102,,103.933034819245,12.2610195231176,4.58628660633131,4.7315872009305,FALSE,TRUE,FALSE,pre,TRUE,2009-06-25,2009-09-08,,-22,956191358,10284503,65.93338762244792,4.188644953914216,92.97399767397607,503.2924907504038,6.221171493643995
PR,2007-12-01,2007,12,67.487636392466,,123.73781493017,38.7440751569318,4.52838223168709,4.68056291514855,FALSE,TRUE,FALSE,pre,TRUE,2009-06-25,2009-09-08,,-21,918059691,10284503,66.4237410519609,4.196054538541329,89.26631564014323,513.7278673553792,6.241693684308979
PR,2008-01-01,2008,1,68.6067358877733,,124.641232932727,13.7071508329646,4.53995453326767,4.68034923356709,FALSE,TRUE,FALSE,pre,TRUE,2009-06-25,2009-09-08,,-20,967850912,10590171,66.9127941917799,4.203390192373834,91.39143381159757,524.1491713512726,6.261776321959189
PR,2008-02-01,2008,2,65.7508916730925,,103.406586020731,8.09083951740504,4.55304347506746,4.69867416932548,FALSE,TRUE,FALSE,pre,TRUE,2009-06-25,2009-09-08,,-19,872863859,10590171,67.02334722343832,4.2050410247122505,82.42207411004034,527.7911099506324,6.268700580332508
PR,2008-03-01,2008,3,68.9366216721375,,129.234027301358,5.0995850649027,4.54616930911175,4.70416303977836,FALSE,TRUE,FALSE,pre,TRUE,2009-06-25,2009-09-08,,-18,877651337,10590171,67.37630747538955,4.21029343498357,82.87414216446552,525.4203575392492,6.264198623244711
PR,2008-04-01,2008,4,69.4090648585214,,188.188212845332,13.8469259018335,4.56360734079477,4.72169826654168,FALSE,TRUE,FALSE,pre,TRUE,2009-06-25,2009-09-08,,-17,958414223,10590171,67.83907875368212,4.217138411699257,90.50035386586298,529.4283172660857,6.271797777720422
PR,2008-05-01,2008,5,67.3383773200236,,73.784417982483,-15.5734980772774,4.6133973123011,4.76505392776186,FALSE,TRUE,FALSE,pre,TRUE,2009-06-25,2009-09-08,,-16,982627406,10590171,67.92155463400238,4.218353430934342,92.7867364936789,529.2410560857885,6.271444010648352
PR,2008-06-01,2008,6,69.7030670913475,,123.806041157597,12.515429262292,4.61389116192967,4.74417322370532,FALSE,TRUE,FALSE,pre,TRUE,2009-06-25,2009-09-08,,-15,992818808,10590171,68.29079308381597,4.223774956374825,93.74908186090668,533.7238223065519,6.279878518481177
PR,2008-07-01,2008,7,70.6676919044712,,117.455570351858,26.2508081707571,4.61919750710008,4.78365432535944,FALSE,TRUE,FALSE,pre,TRUE,2009-06-25,2009-09-08,,-14,982666112,10590171,68.63428575326562,4.228792202198912,92.79039139216921,535.1227798871237,6.2824962156821496
PR,2008-08-01,2008,8,71.057942069486,,78.8785708282122,-0.741884988191098,4.65288213293212,4.79578141722892,FALSE,TRUE,FALSE,pre,TRUE,2009-06-25,2009-09-08,,-13,1028747943,10590171,69.51879415266454,4.241597135476793,97.14176881563102,549.8424745927143,6.309631827371959
PR,2008-09-01,2008,9,72.0328425517379,,81.62301169539,10.2313170104601,4.659079508366,4.80113767671425,FALSE,TRUE,FALSE,pre,TRUE,2009-06-25,2009-09-08,,-12,1111762728,10590171,70.03483096593126,4.24899270352247,104.9806209928055,571.9489534210543,6.349049745126585
PR,2008-10-01,2008,10,71.3428430781493,,46.7920429094098,6.11999957178239,4.58384511302899,4.7409522673184,FALSE,TRUE,FALSE,pre,TRUE,2009-06-25,2009-09-08,,-11,1033501452,10590171,70.35712733586925,4.253584090949872,97.59062927312505,579.0392288283164,6.361370228003818
PR,2008-11-01,2008,11,70.6959501381337,,30.2115391579167,7.7134793311829,4.54760433578174,4.70450569716031,FALSE,TRUE,FALSE,pre,TRUE,2009-06-25,2009-09-08,,-10,1013042283,10590171,70.91672280555427,4.261506270402747,95.65872760694799,581.9112199415855,6.366317893039867
PR,2008-12-01,2008,12,71.2100153108871,,-37.2375090553799,4.78463463949439,4.46637994372327,4.65558679340352,FALSE,TRUE,FALSE,pre,TRUE,2009-06-25,2009-09-08,,-9,945023847,10590171,71.1678808421442,4.265041604868768,89.23593839986154,577.3980764805403,6.358531935876802
PR,2009-01-01,2009,1,69.4684644390754,,0.820068441111046,-0.0102588436640554,4.52606014095568,4.68987476002062,FALSE,TRUE,FALSE,pre,TRUE,2009-06-25,2009-09-08,,-8,1020192845,10686247,70.96800959791156,4.262229206461084,95.46783309425658,580.0755181826277,6.363158298827842
PR,2009-02-01,2009,2,70.6139069032041,,-9.73370907262252,-1.63815625324747,4.5375109665516,4.70377951311578,FALSE,TRUE,FALSE,pre,TRUE,2009-06-25,2009-09-08,,-7,907680294,10686247,70.89400373686459,4.261185856433537,84.9391085570079,567.8728579240045,6.341897551981772
PR,2009-03-01,2009,3,71.3565327627939,,-0.126329984812781,-0.650469478991693,4.54022429625749,4.71524752620176,FALSE,TRUE,FALSE,pre,TRUE,2009-06-25,2009-09-08,,-6,926315144,10686247,70.78128543870724,4.25959463579659,86.68292469751073,549.5751616287098,6.3091455463437764
PR,2009-04-01,2009,4,72.7936729584399,,5.60683400804551,-0.0713201180656409,4.55767494084185,4.7254481690817,FALSE,TRUE,FALSE,pre,TRUE,2009-06-25,2009-09-08,,-5,1005823251,10686247,71.02309041875569,4.263005041335249,94.12315202895834,546.1076843845431,6.302816180446294
PR,2009-05-01,2009,5,72.687066390091,,31.4377876425099,6.04935230569465,4.57426228278216,4.73781996762207,FALSE,TRUE,FALSE,pre,TRUE,2009-06-25,2009-09-08,,-4,1009085959,10686247,71.35494312741524,4.267666621514902,94.42847044430098,544.877427221896,6.3005608651884994
PR,2009-06-01,2009,6,73.1820146026036,,33.2308501564965,-0.345430165397889,4.55382105552669,4.72112533270771,FALSE,TRUE,FALSE,pre,TRUE,2009-06-25,2009-09-08,,-3,982747856,10686247,71.68360967603465,4.272262125602352,91.96379758019818,547.6052864022327,6.305554747133644
PR,2009-07-01,2009,7,73.1132058138985,,67.0843323903304,5.71292217896529,4.55714186565502,4.72604433591259,FALSE,TRUE,FALSE,pre,TRUE,2009-06-25,2009-09-08,,-2,981940550,10686247,72.2910665718385,4.280700560975,91.8882513196635,544.0257046276396,6.298996496893391
PR,2009-08-01,2009,8,75.0480955925572,,76.4601443452649,-1.11647739501503,4.55089444589519,4.70650468013632,FALSE,TRUE,FALSE,pre,TRUE,2009-06-25,2009-09-08,,-1,976211011,10686247,73.03009802006402,4.290871657820136,91.35209124400737,550.4386873146391,6.310715573601415
PR,2009-09-01,2009,9,74.3579284766186,,86.7020432027383,10.2310979175358,4.64369874939314,4.78147405250251,FALSE,TRUE,FALSE,post,FALSE,2009-06-25,2009-09-08,,0,1157928911,10686247,73.5303306390348,4.297697982852921,108.35692933169148,572.1126919488198,6.349335985871647
PR,2009-10-01,2009,10,75.3287933808952,,94.1141905804858,6.07705039619084,4.61166435742447,4.76566948355541,FALSE,TRUE,FALSE,post,FALSE,2009-06-25,2009-09-08,,1,1119105659,10686247,73.95285070944402,4.303427737561125,104.7239184158854,582.71345833574685,6.367695570391227
PR,2009-11-01,2009,11,77.0607258909778,,172.073037302013,8.69781074311012,4.58807781662814,4.74394662488246,FALSE,TRUE,FALSE,post,FALSE,2009-06-25,2009-09-08,,2,1111782135,10686247,74.68179395959181,4.3132363403398974,104.03859605715645,592.3235839486024,6.384053080063414
PR,2009-12-01,2009,12,77.0898454710616,,94.535301062122,13.4272989725409,4.59133850376338,4.75879300072023,FALSE,TRUE,FALSE,post,FALSE,2009-06-25,2009-09-08,,3,1136825451,10686247,75.33309910433482,4.321919601364849,106.38210505521724,606.7418914236214,6.40810348056788
PR,2010-01-01,2010,1,77.7176608262719,,110.512647190255,12.7608029686469,4.6541366721192,4.79594885038352,FALSE,TRUE,FALSE,post,FALSE,2009-06-25,2009-09-08,,4,1186849492,10444526,76.10050827306372,4.332054943860627,113.63363852031198,628.48727862427,6.443315786973058
PR,2010-02-01,2010,2,78.8755147009667,,82.791057086798,15.2320193198314,4.66725593453905,4.75182122410797,FALSE,TRUE,FALSE,post,FALSE,2009-06-25,2009-09-08,,5,1045314048,10444526,76.73841145779863,4.340402384289184,100.08247841979617,637.2176658000587,6.457111301757141
PR,2010-03-01,2010,3,80.7434126763552,,135.3299014403,29.0808788705644,4.74355923407802,4.90562911195226,FALSE,TRUE,FALSE,post,FALSE,2009-06-25,2009-09-08,,6,1161594466,10444526,77.8026588244214,4.354175605721488,111.2156229971566,640.0763594655239,6.461587480901528
PR,2010-04-01,2010,4,78.7587847863763,,110.597320893319,15.0426953012217,4.65448357880753,4.82007935423019,FALSE,TRUE,FALSE,post,FALSE,2009-06-25,2009-09-08,,7,1133997995,10444526,78.37432405866825,4.36149637446509,108.5734283202512,643.9258693698896,6.467583609804642
PR,2010-05-01,2010,5,79.7825153623383,,116.425543266103,15.3615422440535,4.6365357837081,4.80305051637548,FALSE,TRUE,FALSE,post,FALSE,2009-06-25,2009-09-08,,8,1108489447,10444526,78.82795563722833,4.3672677009188146,106.13113960365459,646.0184129163878,6.470828006342945
PR,2010-06-01,2010,6,80.7561101406705,,113.264405672012,16.3084358367533,4.6283357348768,4.81762894860186,FALSE,TRUE,FALSE,post,FALSE,2009-06-25,2009-09-08,,9,1080551741,10444526,79.43899974882981,4.374989428379069,103.45627374569224,643.0925816068627,6.466288697709431
PR,2010-07-01,2010,7,78.98284770246,,110.052425945113,24.5826102353341,4.62909528292531,4.80518662020601,FALSE,TRUE,FALSE,post,FALSE,2009-06-25,2009-09-08,,10,1089156482,10444526,79.6498642281945,4.377640331749388,104.28012549348817,633.739068580039,6.451637305967738
PR,2010-08-01,2010,8,82.1914687842333,,124.682598514264,22.791214254511,4.75034886313977,4.92696810835773,FALSE,TRUE,FALSE,post,FALSE,2009-06-25,2009-09-08,,11,1217292396,10444526,80.20252324207226,4.38455497624878,116.54836188832313,650.2049520485659,6.477287624033614
PR,2010-09-01,2010,9,82.31536321733,,115.388902723459,7.24115423925234,4.57062749222521,4.73158829059351,FALSE,TRUE,FALSE,post,FALSE,2009-06-25,2009-09-08,,12,1099920243,10444526,80.4645149989014,4.387816279773282,105.31069030801397,644.3000193594233,6.4681644861918155
PR,2010-10-01,2010,10,81.6274815270819,,116.294673222744,0.175583644712783,4.63576263368849,4.79794104496949,FALSE,TRUE,FALSE,post,FALSE,2009-06-25,2009-09-08,,13,1176636235,10444526,80.94263112235234,4.393740645990692,112.65578112400696,648.3823721631791,6.474480602821968
PR,2010-11-01,2010,11,81.1371068022843,,102.028534970517,11.105391280634,4.68097441479229,4.84445663086438,FALSE,TRUE,FALSE,post,FALSE,2009-06-25,2009-09-08,,14,1258212741,10444526,81.16839636234333,4.396525964046486,120.46623666789665,662.7174692274211,6.496348759433965
PR,2010-12-01,2010,12,80.629211361561,,126.473702204787,41.4715599932501,4.68855029187141,4.86603634812649,FALSE,TRUE,FALSE,post,FALSE,2009-06-25,2009-09-08,,15,1312361793,10444526,81.14724656582509,4.3962653632041215,125.65067988724428,684.9118753689731,6.529290180889831
PR,2011-01-01,2011,1,80.6908446038657,97.8913336438106,112.104632148935,14.5083971164992,4.67081215986774,4.81802358048525,FALSE,TRUE,FALSE,post,FALSE,2009-06-25,2009-09-08,,16,1291415225,10512349,81.43191271605937,4.3997672442865525,122.84744589434769,703.4791957698327,6.556038303650691
PR,2011-02-01,2011,2,83.0862135051123,101.336708632664,120.773285923213,13.0144043958115,4.6750280358579,4.87794931897537,FALSE,TRUE,FALSE,post,FALSE,2009-06-25,2009-09-08,,17,1112138684,10512349,81.58103683620587,4.401596843249759,105.79354661836284,692.7243804998724,6.540632200742188
PR,2011-03-01,2011,3,82.2512011553877,93.6343197004504,84.8885580358331,4.35721439343511,4.6751622074957,4.85184513050468,FALSE,TRUE,FALSE,post,FALSE,2009-06-25,2009-09-08,,18,1162392594,10512349,81.57034315921548,4.401465754232848,110.5740110036301,697.9877011954885,6.548201482543368
PR,2011-04-01,2011,4,83.2627628975192,94.9957441321942,86.1626248928464,7.37919856014576,4.69575438988848,4.85565588588367,FALSE,TRUE,FALSE,post,FALSE,2009-06-25,2009-09-08,,19,1263936426,10512349,81.84289005428836,4.404801434488687,120.23349167726452,705.5654117487461,6.558999483860618
PR,2011-05-01,2011,5,85.3267728324593,95.7145905047081,80.1891854139449,13.95965270902,4.7044146766591,4.87525949432116,FALSE,TRUE,FALSE,post,FALSE,2009-06-25,2009-09-08,,20,1268690062,10512349,82.5411677259842,4.413297171619373,120.68568709048758,705.784862171337,6.559310463251652
PR,2011-06-01,2011,6,85.8943294624111,94.881334566896,96.5931505704057,8.44007518012512,4.72551797233725,4.89019213706246,FALSE,TRUE,FALSE,post,FALSE,2009-06-25,2009-09-08,,21,1276696448,10512349,83.41868740945921,4.423872353922629,121.44730430848519,701.5814865925779,6.553337053299012
PR,2011-07-01,2011,7,86.7031912970148,95.217069058892,86.739685670562,-2.5658328497206,4.70318519916401,4.8643404759494,FALSE,TRUE,FALSE,post,FALSE,2009-06-25,2009-09-08,,22,1267566422,10512349,84.42074519165072,4.435813167508602,120.57879946717902,699.3128401654093,6.550098195996148
PR,2011-08-01,2011,8,87.318728025714,94.9059981194222,90.465984237561,14.4553607176015,4.74601204628658,4.91692507915238,FALSE,TRUE,FALSE,post,FALSE,2009-06-25,2009-09-08,,23,1304967481,10512349,85.12616427841768,4.444134441655646,124.13662074955845,717.6559142966048,6.575990226182629
RJ,2006-09-01,2006,9,74.7990688823495,,,,4.57166463924509,4.74461116684841,FALSE,TRUE,FALSE,pre,TRUE,2009-06-25,2009-09-08,,-36,1330125230,15561720,,,85.47417830419774,,
RJ,2006-10-01,2006,10,74.5406836384546,,,,4.59969408553861,4.76605737078482,FALSE,TRUE,FALSE,pre,TRUE,2009-06-25,2009-09-08,,-35,1350754825,15561720,,,86.79984121292505,,
RJ,2006-11-01,2006,11,75.7419500830303,,,,4.52448145375507,4.69469288908104,FALSE,TRUE,FALSE,pre,TRUE,2009-06-25,2009-09-08,,-34,1347920119,15561720,,,86.61768229990001,,
RJ,2006-12-01,2006,12,74.151409890716,,,,4.60654197078643,4.77665949648204,FALSE,TRUE,FALSE,pre,TRUE,2009-06-25,2009-09-08,,-33,1440133884,15561720,,,92.54336178777153,,
RJ,2007-01-01,2007,1,73.5344907351728,,90.0619676322897,-1.66046556426192,4.56963605004317,4.74982578505543,FALSE,TRUE,FALSE,pre,TRUE,2009-06-25,2009-09-08,,-32,1420980213,15420375,,,92.14952379562754,,
RJ,2007-02-01,2007,2,74.768147403143,,63.1826021854822,-3.46567601373433,4.54433813989237,4.72876537488774,FALSE,TRUE,FALSE,pre,TRUE,2009-06-25,2009-09-08,,-31,1231477725,15420375,74.58929177214436,4.311996954978227,79.86042654604704,523.4450139464689,6.260431989352663
RJ,2007-03-01,2007,3,74.6528696284687,,74.181934977787,-5.57450694272754,4.51180274384846,4.69655322597279,FALSE,TRUE,FALSE,pre,TRUE,2009-06-25,2009-09-08,,-30,1197137276,15420375,74.56492522983089,4.311670225462696,77.6334736347203,515.6043092769914,6.245339628821013
RJ,2007-04-01,2007,4,76.5963501952647,,79.3047037135113,1.92144252389672,4.52529113662813,4.69821547800761,FALSE,TRUE,FALSE,pre,TRUE,2009-06-25,2009-09-08,,-29,1250700687,15420375,74.90753632263258,4.31625450392119,81.10702152185014,509.91148958591657,6.23423716082532
RJ,2007-05-01,2007,5,77.0888759517412,,70.9172911082391,-2.59710586605654,4.51751780987967,4.69390722739893,FALSE,TRUE,FALSE,pre,TRUE,2009-06-25,2009-09-08,,-28,1239570439,15420375,75.13202396741774,4.319246885555246,80.38523310879275,503.6790403948093,6.221939240598973
RJ,2007-06-01,2007,6,76.1075708408845,,77.9160455168777,-2.11749630448133,4.52544478882706,4.71052752305507,FALSE,TRUE,FALSE,pre,TRUE,2009-06-25,2009-09-08,,-27,1185474246,15420375,75.45805079244582,4.32357688319864,76.87713470003162,488.0128133070694,6.190341662285226
RJ,2007-07-01,2007,7,77.1185613794718,,34.1746357607882,2.37810033228032,4.52734314159971,4.7107130126532,FALSE,TRUE,FALSE,pre,TRUE,2009-06-25,2009-09-08,,-26,1223636413,15420375,76.05539589982898,4.331461968191339,79.35192321846907,475.21521272991095,6.163767780856539
RJ,2007-08-01,2007,8,78.3065807405354,,54.2694301940574,8.68216239118321,4.50833639057577,4.70331816233027,FALSE,TRUE,FALSE,pre,TRUE,2009-06-25,2009-09-08,,-25,1220604954,15420375,76.64513478939438,4.339186130236061,79.15533532744826,474.51012151131215,6.162282948720927
RJ,2007-09-01,2007,9,78.9192153278652,,70.2772214375617,6.24780926382338,4.56298798208038,4.74929689112537,FALSE,TRUE,FALSE,pre,TRUE,2009-06-25,2009-09-08,,-24,1373413382,15420375,77.35619240596047,4.3484206307760385,89.06484971993223,485.9414975965241,6.18608824133901
RJ,2007-10-01,2007,10,78.0110159447259,,73.6046717442366,16.3742542817485,4.66486134430749,4.84038255465546,FALSE,TRUE,FALSE,pre,TRUE,2009-06-25,2009-09-08,,-23,1444404810,15420375,77.59197003087067,4.351463942851228,93.6685917171275,498.5030677918014,6.211609743428697
RJ,2007-11-01,2007,11,79.317387798306,,80.1369454990916,13.9179088369117,4.59256239319275,4.76966314725283,FALSE,TRUE,FALSE,pre,TRUE,2009-06-25,2009-09-08,,-22,1560439848,15420375,77.9633886719648,4.356239340497743,101.19337876024416,519.3112134432529,6.252503343999102
RJ,2007-12-01,2007,12,80.01667851022,,165.339826809581,39.581225829208,4.4960060212151,4.69751127813507,FALSE,TRUE,FALSE,pre,TRUE,2009-06-25,2009-09-08,,-21,1323447720,15420375,78.61490661685406,4.364561333067487,85.82461321465918,528.2586919578804,6.269586110611399
RJ,2008-01-01,2008,1,80.9089005099882,,104.414031376688,20.331284784383,4.53921323591597,4.72249344080509,FALSE,TRUE,FALSE,pre,TRUE,2009-06-25,2009-09-08,,-20,1526582398,15872362,79.24662980527344,4.372564885736706,96.17865305743405,545.0854217968454,6.300942519623164
RJ,2008-02-01,2008,2,77.8401545452663,,77.6961707450799,10.9002544960585,4.6197919583891,4.82480455775988,FALSE,TRUE,FALSE,pre,TRUE,2009-06-25,2009-09-08,,-19,1463537422,15872362,79.16889210606193,4.371583445224899,92.20665594698508,558.1367424163822,6.3246039904533555
RJ,2008-03-01,2008,3,81.0675261011745,,81.9894686490047,16.9191696957324,4.51277503189596,4.69798958897859,FALSE,TRUE,FALSE,pre,TRUE,2009-06-25,2009-09-08,,-18,1244698067,15872362,79.52694390161348,4.37609588124232,78.41920862187997,547.4911013183299,6.305346208258715
RJ,2008-04-01,2008,4,83.0905727125726,,118.241320507371,15.1921099278413,4.57923446890166,4.7532913897714,FALSE,TRUE,FALSE,pre,TRUE,2009-06-25,2009-09-08,,-17,1387779209,15872362,80.3735366962546,4.386684976435657,87.43369191050456,541.256201511707,6.29389273700941
RJ,2008-05-01,2008,5,83.0322123200985,,94.5300002480739,16.524548477598,4.50441959490823,4.70558308750107,FALSE,TRUE,FALSE,pre,TRUE,2009-06-25,2009-09-08,,-16,1371760066,15872362,80.99267411655335,4.39435870757671,86.4244443265596,526.4872670780225,6.266227147194264
RJ,2008-06-01,2008,6,83.9502554777187,,103.182420786583,26.2204732849778,4.63098466512486,4.80455096113776,FALSE,TRUE,FALSE,pre,TRUE,2009-06-25,2009-09-08,,-15,1464351821,15872362,81.64827027780314,4.402420634596893,92.25796519761835,532.9206190609816,6.278372480730948
RJ,2008-07-01,2008,7,84.3072593042155,,134.470064873235,31.4765189186843,4.61136774077086,4.79671510412514,FALSE,TRUE,FALSE,pre,TRUE,2009-06-25,2009-09-08,,-14,1444571251,15872362,82.21466341017435,4.409333673138158,91.01173795053313,527.7537039540807,6.268629705091448
RJ,2008-08-01,2008,8,83.7248068253303,,72.292494823703,15.3352435505574,4.62448715259467,4.80890132473899,FALSE,TRUE,FALSE,pre,TRUE,2009-06-25,2009-09-08,,-13,1473822760,15872362,83.19543879018502,4.421192524091016,92.85465893482016,528.4017069419158,6.269856803040219
RJ,2008-09-01,2008,9,83.6678494405604,,63.4734086466721,25.9674203286841,4.66143288124927,4.83729693547828,FALSE,TRUE,FALSE,pre,TRUE,2009-06-25,2009-09-08,,-12,1683908113,15872362,83.628826013416,4.426388269430691,106.09058141441079,556.0730797344465,6.320899723984623
RJ,2008-10-01,2008,10,84.1803287162309,,83.960526340621,16.5310607191095,4.62704852520577,4.79875714135925,FALSE,TRUE,FALSE,pre,TRUE,2009-06-25,2009-09-08,,-11,1579409607,15872362,83.81045201402571,4.428557725414797,99.50690432841691,568.1462921523589,6.342378942165408
RJ,2008-11-01,2008,11,82.3307368183414,,40.0851945547774,12.5764300024187,4.62152959603487,4.80379336987291,FALSE,TRUE,FALSE,pre,TRUE,2009-06-25,2009-09-08,,-10,1680479092,15872362,83.69353943039954,4.427161787304868,105.87454419197344,587.5963920177728,6.376040304079668
RJ,2008-12-01,2008,12,83.8156893788839,,15.9594834167999,12.7637041613738,4.57622889415034,4.75586872586924,FALSE,TRUE,FALSE,pre,TRUE,2009-06-25,2009-09-08,,-9,1514640081,15872362,83.6711117472604,4.426893777505719,95.42625609219346,590.7646829123479,6.381417770455306
RJ,2009-01-01,2009,1,85.794916119297,,-1.50074890951794,7.310876522122,4.5410253768349,4.74161834331575,FALSE,TRUE,FALSE,pre,TRUE,2009-06-25,2009-09-08,,-8,1664124701,16010429,83.91905454977399,4.429852697935137,103.94004439231453,603.6929893541293,6.403065772937419
RJ,2009-02-01,2009,2,85.2171140851949,,26.9939278256593,13.7785242293696,4.60506826220223,4.81089295427936,FALSE,TRUE,FALSE,pre,TRUE,2009-06-25,2009-09-08,,-7,1493785343,16010429,84.16777242641808,4.4328120977006265,93.30076932979122,604.1390997491003,6.403804469018242
RJ,2009-03-01,2009,3,86.4616066720578,,29.3018348743,14.8755108536803,4.62190998747782,4.80844947980704,FALSE,TRUE,FALSE,pre,TRUE,2009-06-25,2009-09-08,,-6,1511605596,16010429,84.63339863166765,4.438328971586152,94.41380964869836,592.4623279833879,6.384287289525263
RJ,2009-04-01,2009,4,84.9017671268553,,17.777959678632,3.20906040841345,4.76077248446538,4.91923937344007,FALSE,TRUE,FALSE,pre,TRUE,2009-06-25,2009-09-08,,-5,1833698998,16010429,84.75363836677172,4.439748675920446,114.53153428930605,607.486957944277,6.409330706579772
RJ,2009-05-01,2009,5,85.5033591172671,,21.0316922128453,7.69538449705559,4.48531443369002,4.68784826627789,FALSE,TRUE,FALSE,pre,TRUE,2009-06-25,2009-09-08,,-4,1377445220,16010429,85.28240874992599,4.445968205210086,86.0342480516918,587.6466618039955,6.3761258519773385
RJ,2009-06-01,2009,6,86.814149412927,,20.4490713912134,-4.26616419686654,4.55596003475469,4.75229921345409,FALSE,TRUE,FALSE,pre,TRUE,2009-06-25,2009-09-08,,-3,1469247287,16010429,85.78215208893317,4.451810967243751,91.76813981686561,583.9885455286676,6.369881368815099
RJ,2009-07-01,2009,7,88.1218855718102,,83.2504023230954,-6.56126572796718,4.56697995758289,4.7488738852097,FALSE,TRUE,FALSE,pre,TRUE,2009-06-25,2009-09-08,,-2,1439210003,16010429,86.1699803310187,4.456321860993772,89.89203243710709,569.9405335734601,6.345532028322044
RJ,2009-08-01,2009,8,88.5060686498878,,65.0058336505418,3.89963713202931,4.54924842922807,4.72304679860291,FALSE,TRUE,FALSE,pre,TRUE,2009-06-25,2009-09-08,,-1,1441413180,16010429,86.7181394251342,4.462663082492704,90.02964130442726,566.6694055480962,6.339776074684687
RJ,2009-09-01,2009,9,88.4618610702196,,27.7799527674022,2.50930363132274,4.58535546756464,4.76765629859378,FALSE,TRUE,FALSE,post,FALSE,2009-06-25,2009-09-08,,0,1577735011,16010429,87.05151515816117,4.466500071670548,98.54420584232939,570.7998017417272,6.347038538268576
RJ,2009-10-01,2009,10,90.0429365970614,,90.1483983838491,9.98512067890301,4.58488575693722,4.77605760528662,FALSE,TRUE,FALSE,post,FALSE,2009-06-25,2009-09-08,,1,1634229639,16010429,87.90837673652885,4.476295098632076,102.07282009745023,558.3410875498714,6.324970043643641
RJ,2009-11-01,2009,11,90.8047305019902,,79.6177961855832,11.3640320907633,4.66618118697603,4.84046427837878,FALSE,TRUE,FALSE,post,FALSE,2009-06-25,2009-09-08,,2,1841705420,16010429,88.7919386339827,4.486295864728423,115.03160970889662,587.3384492070762,6.3756012281313
RJ,2009-12-01,2009,12,89.6640693126305,,107.723986226031,12.5921095127488,4.67321283284715,4.84507332102098,FALSE,TRUE,FALSE,post,FALSE,2009-06-25,2009-09-08,,3,1816098604,16010429,89.26692528393329,4.491631041716206,113.43222620705541,609.002535597266,6.411822431243539
RJ,2010-01-01,2010,1,92.9812104497222,,115.099491879729,25.9531615215398,4.70620729908509,4.88055761908758,FALSE,TRUE,FALSE,post,FALSE,2009-06-25,2009-09-08,,4,1964384447,15989929,90.07681276358528,4.500662781478393,122.85135518738076,641.9618583475396,6.464528891251463
RJ,2010-02-01,2010,2,93.7165975303992,,34.8005607510854,-0.134882316205902,4.69465238342844,4.85574928594053,FALSE,TRUE,FALSE,post,FALSE,2009-06-25,2009-09-08,,5,1707861991,15989929,90.94523424367051,4.510257503851475,106.80860377804053,658.740820821153,6.490330165521151
RJ,2010-03-01,2010,3,94.0576832082764,,111.645115083615,10.9607874353723,4.75770017166542,4.91989387767197,FALSE,TRUE,FALSE,post,FALSE,2009-06-25,2009-09-08,,6,1776963075,15989929,91.87787126667999,4.520460208926902,111.13014166604492,671.3267566448685,6.5092559881049175
RJ,2010-04-01,2010,4,93.2019855508114,,83.7195946416112,-12.9764506026436,4.68264177433454,4.89416212406845,FALSE,TRUE,FALSE,post,FALSE,2009-06-25,2009-09-08,,7,1858657887,15989929,92.40437942563833,4.526174373905833,116.23928330138301,685.4932198488012,6.530138608142078
RJ,2010-05-01,2010,5,94.573533259545,,117.746323555083,7.69443728627439,4.96326836296934,5.13241780312514,FALSE,TRUE,FALSE,post,FALSE,2009-06-25,2009-09-08,,8,2332770489,15989929,93.03251321856412,4.5329490365565315,145.88998418942322,716.3515943293279,6.574171099965896
RJ,2010-06-01,2010,6,96.4885563759211,,105.15680767780199,15.3990126380168,4.73139336523841,4.89969384082728,FALSE,TRUE,FALSE,post,FALSE,2009-06-25,2009-09-08,,9,1782416042,15989929,94.16992772911254,4.545100892070393,111.47116675752594,714.3905348797983,6.571429780426086
RJ,2010-07-01,2010,7,95.5559012359463,,102.415129969444,9.3107056944282,4.69865479531578,4.87636066386249,FALSE,TRUE,FALSE,post,FALSE,2009-06-25,2009-09-08,,10,1759627905,15989929,94.5990428601499,4.549647358249247,110.04601114864238,701.58519084106,6.55334233314002
RJ,2010-08-01,2010,8,97.253247444792,,101.100348202017,10.341451601155,4.72549600214601,4.89642427020854,FALSE,TRUE,FALSE,post,FALSE,2009-06-25,2009-09-08,,11,1831990640,15989929,95.1884845125487,4.5558589734783075,114.57153061780325,709.3481176808227,6.564346404171366
RJ,2010-09-01,2010,9,99.6115603508039,,101.799058200101,3.91290860226186,4.71874035654913,4.89143266180378,FALSE,TRUE,FALSE,post,FALSE,2009-06-25,2009-09-08,,12,1930855265,15989929,96.11413070296994,4.565536346820896,120.7544614488282,718.972437463606,6.577823022443291
RJ,2010-10-01,2010,10,100.607820971965,,92.0603151077383,3.1037119457594,4.7457877368513,4.91690701831651,FALSE,TRUE,FALSE,post,FALSE,2009-06-25,2009-09-08,,13,1931069731,15989929,97.34843660649555,4.578296672177138,120.76787401620108,723.501028178424,6.584101967187908
RJ,2010-11-01,2010,11,98.3965626584812,,114.042825552013,9.04594625658955,4.71148039306163,4.89119350030606,FALSE,TRUE,FALSE,post,FALSE,2009-06-25,2009-09-08,,14,2026911838,15989929,97.98560817298491,4.58482061250856,126.76177849194953,704.3728224809504,6.557307793369139
RJ,2010-12-01,2010,12,102.756794605583,,99.6749776293081,-4.42622925019101,4.76750844398038,4.93708497459283,FALSE,TRUE,FALSE,post,FALSE,2009-06-25,2009-09-08,,15,2098446081,15989929,99.03031454459523,4.5954260107837985,131.23548459783655,724.137140321261,6.584980794781184
RJ,2011-01-01,2011,1,102.174991614727,107.251341936803,108.591434555556,3.32064145915925,4.75984140608147,4.9292086489298,FALSE,TRUE,FALSE,post,FALSE,2009-06-25,2009-09-08,,16,2214239313,16112678,100.13349627439202,4.606504258461478,137.4221785478491,751.5133077204677,6.622088917247109
RJ,2011-02-01,2011,2,102.983412434496,111.606210493436,97.9159371519918,12.3512884662111,4.73125682146306,4.89354626997674,FALSE,TRUE,FALSE,post,FALSE,2009-06-25,2009-09-08,,17,1894126204,16112678,101.08852377267601,4.615996605959884,117.55502120752367,754.4967983101881,6.626051034739905
RJ,2011-03-01,2011,3,100.969277981198,105.162277200989,56.7866075406373,1.18439449031463,4.76857750697931,4.94367037174655,FALSE,TRUE,FALSE,post,FALSE,2009-06-25,2009-09-08,,18,2018744780,16112678,101.31481004440838,4.618232600414566,125.28921511371357,759.0315519750735,6.6320433469862445
RJ,2011-04-01,2011,4,102.678911745412,106.228938187486,86.3787445545294,13.813991609317,4.72626470113577,4.9010725731985,FALSE,TRUE,FALSE,post,FALSE,2009-06-25,2009-09-08,,19,1996915909,16112678,101.65999183998287,4.621633831751026,123.93445143010987,762.1981293889822,6.6362065342108
RJ,2011-05-01,2011,5,104.17892176038,108.375005431719,73.8733668957298,25.4160252625953,4.8087210506512,4.97671631043706,FALSE,TRUE,FALSE,post,FALSE,2009-06-25,2009-09-08,,20,2159656788,16112678,102.62371835696601,4.631069079090136,134.0346271426761,769.4709780397088,6.645703237219686
RJ,2011-06-01,2011,6,102.298501454039,105.106984681182,156.312244152182,29.5985943063606,4.80610151329298,4.96982070356831,FALSE,TRUE,FALSE,post,FALSE,2009-06-25,2009-09-08,,21,2135001110,16112678,102.547336165042,4.630324508218473,132.50442353530556,770.7399169771778,6.647350984588153
RJ,2011-07-01,2011,7,103.16755103021,108.932410584975,68.2821123953496,19.137693813214,4.75216244889303,4.9314349295713,FALSE,TRUE,FALSE,post,FALSE,2009-06-25,2009-09-08,,22,1925068636,16112678,102.71276273428917,4.631936381212308,119.47539918565988,752.7931376149886,6.623790472415312
RJ,2011-08-01,2011,8,102.840855663346,108.612000084053,84.0501253952952,17.8603230901759,4.80932237754275,4.9774547993356,FALSE,TRUE,FALSE,post,FALSE,2009-06-25,2009-09-08,,23,2095246263,16112678,102.68900327243084,4.631705034983634,130.03712126562698,765.275237673092,6.6402355569263865
RN,2006-09-01,2006,9,63.0809462361008,,,,4.24022825788965,4.29160161482589,FALSE,TRUE,FALSE,pre,TRUE,2009-06-25,2009-09-08,,-36,191827053,3043760,,,63.02305470864983,,
RN,2006-10-01,2006,10,62.5924644080818,,,,4.11843735760334,4.16767846770426,FALSE,TRUE,FALSE,pre,TRUE,2009-06-25,2009-09-08,,-35,166201427,3043760,,,54.603985531053695,,
RN,2006-11-01,2006,11,62.7714803445971,,,,4.11585080302999,4.16165098655721,FALSE,TRUE,FALSE,pre,TRUE,2009-06-25,2009-09-08,,-34,170824978,3043760,,,56.12301166977686,,
RN,2006-12-01,2006,12,60.8640292416499,,,,4.11269567856894,4.16396904875438,FALSE,TRUE,FALSE,pre,TRUE,2009-06-25,2009-09-08,,-33,174588431,3043760,,,57.35946033852866,,
RN,2007-01-01,2007,1,61.5943791844067,,10.5564471672533,8.59554837638301,4.10134162329508,4.15397443854853,FALSE,TRUE,FALSE,pre,TRUE,2009-06-25,2009-09-08,,-32,175382451,3013740,,,58.19428716478529,,
RN,2007-02-01,2007,2,61.6496035591307,,74.3277455940764,5.71109842597951,4.0890496382368,4.14494040307431,FALSE,TRUE,FALSE,pre,TRUE,2009-06-25,2009-09-08,,-31,151886074,3013740,62.092150495661166,4.128619579914097,50.39786909288791,339.7016685056822,5.828067786857986
RN,2007-03-01,2007,3,63.3417617199687,,7.80698640170115,2.7262452510869,4.09948878307795,4.15140620128543,FALSE,TRUE,FALSE,pre,TRUE,2009-06-25,2009-09-08,,-30,147664060,3013740,62.13561974297249,4.129319411344734,48.996947314632315,325.6755611116647,5.785901674501203
RN,2007-04-01,2007,4,63.1414465773063,,72.8471147923187,3.51264178762001,4.11817722908793,4.1553147340445,FALSE,TRUE,FALSE,pre,TRUE,2009-06-25,2009-09-08,,-29,155284775,3013740,62.22711677117657,4.130790865693161,51.52560439852144,322.5971799791325,5.776404424112704
RN,2007-05-01,2007,5,65.1109241246334,,61.2908744462754,6.3877581408645,4.10460148542283,4.17166946443348,FALSE,TRUE,FALSE,pre,TRUE,2009-06-25,2009-09-08,,-28,153011955,3013740,62.617024067849286,4.137037191100007,50.77145175098051,317.24562006033614,5.759676300542806
RN,2007-06-01,2007,6,66.3410171218599,,44.4640456352255,5.10918415265079,4.15620776706142,4.20217322655321,FALSE,TRUE,FALSE,pre,TRUE,2009-06-25,2009-09-08,,-27,167111106,3013740,63.529855381217615,4.151509958890169,55.44974218081188,315.33590190261936,5.753638425919154
RN,2007-07-01,2007,7,68.6626763283231,,50.1543256336579,5.74381797712938,4.10647245601374,4.1679517091611,FALSE,TRUE,FALSE,pre,TRUE,2009-06-25,2009-09-08,,-26,163079125,3013740,64.70790490520369,4.169883371867612,54.11187594152117,311.2534906793552,5.740607662750103
RN,2007-08-01,2007,8,68.1269578725034,,-9.96112622898215,-0.762984115717191,4.09753155491869,4.15322965890904,FALSE,TRUE,FALSE,pre,TRUE,2009-06-25,2009-09-08,,-25,166144616,3013740,65.78746395743246,4.1864293028162844,55.129047628528006,315.98466921499534,5.755693697267595
RN,2007-09-01,2007,9,69.0922438526996,,62.6012364631595,-24.6363022047415,4.13830524679878,4.19383286806462,FALSE,TRUE,FALSE,pre,TRUE,2009-06-25,2009-09-08,,-24,177128664,3013740,66.74587764622095,4.200892537264199,58.77370443369368,325.7614263340567,5.7861652923937825
RN,2007-10-01,2007,10,68.2232407184319,,29.7294351230488,17.7509170340872,4.14465629104952,4.19830324580883,FALSE,TRUE,FALSE,pre,TRUE,2009-06-25,2009-09-08,,-23,178144990,3013740,67.59284333640855,4.2135021096399194,59.11093524988884,333.3467571854241,5.809183261059422
RN,2007-11-01,2007,11,71.4184410331093,,24.3781587429139,15.1746223493368,4.16640175497989,4.21598693773855,FALSE,TRUE,FALSE,pre,TRUE,2009-06-25,2009-09-08,,-22,184082364,3013740,68.64409615448787,4.228935129309542,61.081036851221405,343.656342285665,5.839642153051799
RN,2007-12-01,2007,12,72.8725784037176,,72.7498314336544,31.1623799085745,4.15573122983895,4.20867895248128,FALSE,TRUE,FALSE,pre,TRUE,2009-06-25,2009-09-08,,-21,187313225,3013740,69.73268970146415,4.244669213577541,62.15308055771234,350.35968066256544,5.8589602858392995
RN,2008-01-01,2008,1,72.672662715338,,34.9291818753027,19.1747993391912,4.15439832197363,4.21110570994874,FALSE,TRUE,FALSE,pre,TRUE,2009-06-25,2009-09-08,,-20,198151045,3106436,70.40102076596663,4.254207762575451,63.78726135030627,360.03506607135057,5.8862014324602745
RN,2008-02-01,2008,2,70.3890307634331,,26.3461561965419,14.9636658010335,4.18225325301385,4.24025989329529,FALSE,TRUE,FALSE,pre,TRUE,2009-06-25,2009-09-08,,-19,179522045,3106436,70.77803291445491,4.259548682986266,57.79035685911443,362.696375301937,5.893566052585589
RN,2008-03-01,2008,3,72.6532034028971,,57.7920573881064,21.8014877320725,4.17743474654666,4.23282343456107,FALSE,TRUE,FALSE,pre,TRUE,2009-06-25,2009-09-08,,-18,166000993,3106436,71.37152617282116,4.267898996708682,53.437763726662965,357.3604345949062,5.878744893169457
RN,2008-04-01,2008,4,74.455300366289,,59.734866067963,3.62037191787205,4.11558905981924,4.18758418367354,FALSE,TRUE,FALSE,pre,TRUE,2009-06-25,2009-09-08,,-17,175743599,3106436,72.41020278079735,4.282347211849747,56.574028565211066,354.82352791022845,5.8716205613997925
RN,2008-05-01,2008,5,73.3065478128446,,55.8625285627977,22.7518319738942,4.13259383793299,4.19564244270764,FALSE,TRUE,FALSE,pre,TRUE,2009-06-25,2009-09-08,,-16,171819028,3106436,72.72488724408657,4.286683653937803,55.31066083447398,349.0531518934811,5.855224208295369
RN,2008-06-01,2008,6,74.880990777049007,,75.4532857298312,31.4928174732174,4.14761422121805,4.20156167619407,FALSE,TRUE,FALSE,pre,TRUE,2009-06-25,2009-09-08,,-15,181143935,3106436,73.0596226396418,4.291275856279089,58.312463221518165,345.21253455728686,5.844160269550296
RN,2008-07-01,2008,7,73.9228927589278,,65.2234682414369,44.7903320710496,4.17002616262282,4.22164532744167,FALSE,TRUE,FALSE,pre,TRUE,2009-06-25,2009-09-08,,-14,191449977,3106436,73.26799431357344,4.294123873886642,61.630105046426195,343.0553782534068,5.837891886767705
RN,2008-08-01,2008,8,73.7055878850454,,63.9544301810774,18.4634750562154,4.18557772749988,4.23228221848579,FALSE,TRUE,FALSE,pre,TRUE,2009-06-25,2009-09-08,,-13,198182120,3106436,73.82075383384215,4.301639909332998,63.797264775453286,349.0622861697457,5.855250376678898
RN,2008-09-01,2008,9,74.6919844615761,,17.0791693630302,-1.86710056494136,4.14981096413894,4.20646714809422,FALSE,TRUE,FALSE,pre,TRUE,2009-06-25,2009-09-08,,-12,194753701,3106436,74.16055067695532,4.306232346755318,62.69361448296376,358.31813692604646,5.881421242415909
RN,2008-10-01,2008,10,75.3518035372774,,17.5428588447869,-16.5554651536418,4.18019072672389,4.23245720204695,FALSE,TRUE,FALSE,pre,TRUE,2009-06-25,2009-09-08,,-11,203747900,3106436,74.30996787212005,4.3082450998199375,65.58895789258172,367.3330662534171,5.906268973966674
RN,2008-11-01,2008,11,74.1802716697244,,-11.6512059481203,-31.9032214097735,4.15229869660929,4.20227479572205,FALSE,TRUE,FALSE,pre,TRUE,2009-06-25,2009-09-08,,-10,197719191,3106436,74.45558851493335,4.310202820314648,63.64824223000249,375.6706476489456,5.928712822428949
RN,2008-12-01,2008,12,74.7453132505595,,-19.8908195726312,-22.0133574855724,4.12846408451875,4.18208265929417,FALSE,TRUE,FALSE,pre,TRUE,2009-06-25,2009-09-08,,-9,198251500,3106436,74.43297559385176,4.309899063993391,63.819599051775086,381.1777834792025,5.943265889596895
RN,2009-01-01,2009,1,74.474767084568,,-5.10566451923454,-24.5352862948537,4.13760246814423,4.19278991249864,FALSE,TRUE,FALSE,pre,TRUE,2009-06-25,2009-09-08,,-8,207860643,3137541,74.52495464812513,4.311134031018161,66.24953841240641,385.79721684518273,5.955311886462152
RN,2009-02-01,2009,2,74.5014727347389,,-51.4390829896713,-15.0848402926719,4.14115802705607,4.20868609575469,FALSE,TRUE,FALSE,pre,TRUE,2009-06-25,2009-09-08,,-7,183672931,3137541,74.65760212307406,4.312912355679936,58.54040823689635,380.5403603066258,5.941592243441643
RN,2009-03-01,2009,3,75.9490588802239,,-29.429894006819602,-20.0485103498163,4.14427769385151,4.22075110552255,FALSE,TRUE,FALSE,pre,TRUE,2009-06-25,2009-09-08,,-6,179982420,3137541,74.86711452618202,4.315714735713381,57.364165121666936,375.210910945329,5.927488297053938
RN,2009-04-01,2009,4,76.0035554814372,,-60.1660768645509,-17.7722820885668,4.15124539618224,4.2362603568075,FALSE,TRUE,FALSE,pre,TRUE,2009-06-25,2009-09-08,,-5,186930789,3137541,74.97573985020865,4.317164592545153,59.57875578358976,369.200708836337,5.911340422551927
RN,2009-05-01,2009,5,77.2350606796896,,-27.8801152626573,9.70077092034935,4.15766208826039,4.22113816621597,FALSE,TRUE,FALSE,pre,TRUE,2009-06-25,2009-09-08,,-4,188008439,3137541,75.48487135186951,4.323932256730899,59.92222539880754,365.47469200514206,5.901197034672492
RN,2009-06-01,2009,6,76.911589283307,,-10.036777623655,-8.06340639893794,4.12749697983308,4.18950242188718,FALSE,TRUE,FALSE,pre,TRUE,2009-06-25,2009-09-08,,-3,188409163,3137541,75.84591735732744,4.328703879129399,60.049944526621324,361.70503747998833,5.89082906609355
RN,2009-07-01,2009,7,75.6537602877915,,26.5128211771862,5.13804132978885,4.1723010939303,4.22933219776569,FALSE,TRUE,FALSE,pre,TRUE,2009-06-25,2009-09-08,,-2,202472718,3137541,76.04241622453135,4.3312912928193805,64.53229392062127,359.9877929882032,5.886070122509151
RN,2009-08-01,2009,8,77.4135906756577,,55.4455333623084,-4.9984765820009,4.14740244247233,4.19644906971177,FALSE,TRUE,FALSE,pre,TRUE,2009-06-25,2009-09-08,,-1,201147171,3137541,76.52776921468448,4.337653671235668,64.10981434186836,365.5571990931752,5.9014227624126585
RN,2009-09-01,2009,9,78.108885350975,,12.2145801822828,6.78141486930603,4.17617621844267,4.23091238789884,FALSE,TRUE,FALSE,post,FALSE,2009-06-25,2009-09-08,,0,208412699,3137541,76.887740293143,4.342346439785893,66.42549021670155,374.6185241882098,5.925908239369862
RN,2009-10-01,2009,10,78.6764120903042,,55.9500933446012,11.286356964321,4.20631200708346,4.26173678948228,FALSE,TRUE,FALSE,post,FALSE,2009-06-25,2009-09-08,,1,220249311,3137541,77.33321639462083,4.348123570858533,70.19806625634534,385.2378346609654,5.953860895923481
RN,2009-11-01,2009,11,78.7327794591965,,127.989135063069,22.525995445535,4.22164816484594,4.27065923318459,FALSE,TRUE,FALSE,post,FALSE,2009-06-25,2009-09-08,,2,222598838,3137541,77.58283619120532,4.351346219621559,70.94690969775375,396.2625189599116,5.982076918282106
RN,2009-12-01,2009,12,80.9359219191686,,69.6778647474237,8.36961969664787,4.21292083007813,4.27038546760819,FALSE,TRUE,FALSE,post,FALSE,2009-06-25,2009-09-08,,3,227751161,3137541,78.25355829718225,4.359954301832795,72.58906289989517,408.80163733318545,6.013230044099638
RN,2010-01-01,2010,1,80.8668013429346,,86.6895994020034,20.3300599187963,4.25512234192313,4.30975965805444,FALSE,TRUE,FALSE,post,FALSE,2009-06-25,2009-09-08,,4,246070139,3168027,79.12239847303942,4.37099600122606,77.67299300163793,421.9423364142021,6.044868661131187
RN,2010-02-01,2010,2,81.7160625476772,,86.112081256038607,13.2052220189833,4.23441722365135,4.28202622364172,FALSE,TRUE,FALSE,post,FALSE,2009-06-25,2009-09-08,,5,212791638,3168027,79.83947711837601,4.380018082863226,67.16850519266407,425.0010272649978,6.052091586015608
RN,2010-03-01,2010,3,87.1309835415345,,65.2636391538201,42.7776734317465,4.247622543521,4.29901460609328,FALSE,TRUE,FALSE,post,FALSE,2009-06-25,2009-09-08,,6,206510638,3168027,81.34316015013593,4.3986767508448255,65.18588320112171,423.761420249418,6.049170608772608
RN,2010-04-01,2010,4,83.1810472796896,,85.1356202396077,30.6796413021207,4.29810354953717,4.33804317216393,FALSE,TRUE,FALSE,post,FALSE,2009-06-25,2009-09-08,,7,237949909,3168027,82.09393268170017,4.407864112164801,75.10981093279824,428.6731649258709,6.060694775250646
RN,2010-05-01,2010,5,83.1036902560524,,137.593427880189,-0.121847096103947,4.27018870010796,4.329718525795,FALSE,TRUE,FALSE,post,FALSE,2009-06-25,2009-09-08,,8,225269615,3168027,82.82241781450948,4.4166987712980275,71.10722699017401,428.8334822182911,6.061068690239694
RN,2010-06-01,2010,6,82.2391493689021,,53.9130734391367,-0.503227121692462,4.27245522618897,4.33619058256606,FALSE,TRUE,FALSE,post,FALSE,2009-06-25,2009-09-08,,9,231375724,3168027,83.03962238946507,4.419317872074208,73.03464395978948,429.27906327818545,6.062107204598399
RN,2010-07-01,2010,7,83.806419017822,,41.9879500717956,-2.43231942251009,4.2698077702218,4.33033564303669,FALSE,TRUE,FALSE,post,FALSE,2009-06-25,2009-09-08,,10,235062848,3168027,83.52955866861296,4.425200565246291,74.1984989395608,425.80456921610835,6.053980483299193
RN,2010-08-01,2010,8,84.0941748354973,,66.4484110206716,15.3847439957311,4.26815459108135,4.33125148131451,FALSE,TRUE,FALSE,post,FALSE,2009-06-25,2009-09-08,,11,238839445,3168027,83.92591071658299,4.429934394360191,75.390596418528,434.02666044197224,6.073105961803483
RN,2010-09-01,2010,9,85.2279585376325,,64.7998176863568,17.4295514676573,4.24831064322343,4.31004568511316,FALSE,TRUE,FALSE,post,FALSE,2009-06-25,2009-09-08,,12,235593318,3168027,83.60873988259931,4.426148058676539,74.36594385085733,443.2067210917079,6.094036300236201
RN,2010-10-01,2010,10,88.8991384553177,,52.8127146351743,9.74941400742712,4.27551259293082,4.33393212744106,FALSE,TRUE,FALSE,post,FALSE,2009-06-25,2009-09-08,,13,248624156,3168027,84.56175507853733,4.437482096769219,78.47917836558842,446.57608852449806,6.101609796827355
RN,2010-11-01,2010,11,83.5321648419146,,57.5991095383171,11.4456012479833,4.21078073581909,4.26344526496684,FALSE,TRUE,FALSE,post,FALSE,2009-06-25,2009-09-08,,14,234778950,3168027,84.63316750951437,4.4383262407201745,74.10888543563549,449.57774696995955,6.108308802180978
RN,2010-12-01,2010,12,86.4802804733039,,1.44671689822245,8.92539791768652,4.37707702398417,4.43472688914004,FALSE,TRUE,FALSE,post,FALSE,2009-06-25,2009-09-08,,15,289218055,3168027,85.34002269358133,4.44664354367945,91.29279990353618,467.83590291370626,6.148117599631119
RN,2011-01-01,2011,1,89.7460060987092,122.531919995615,-1.257989867126,1.64491565039707,4.17092964063412,4.23070061580075,FALSE,TRUE,FALSE,post,FALSE,2009-06-25,2009-09-08,,16,241445999,3198657,86.3299538737292,4.45817662794553,75.4835541916498,469.12095816579523,6.150860641730983
RN,2011-02-01,2011,2,91.4909429411826,122.467846993473,94.4365927718892,11.3882123143906,4.30403874978157,4.36216038286699,FALSE,TRUE,FALSE,post,FALSE,2009-06-25,2009-09-08,,17,243854112,3198657,87.56274855801009,4.472355662728573,76.23640546641919,469.9667672136864,6.152661984148185
RN,2011-03-01,2011,3,88.2413931770193,120.852744642142,13.0877878423878,-13.4277412494565,4.28804519336544,4.33924648598143,FALSE,TRUE,FALSE,post,FALSE,2009-06-25,2009-09-08,,18,238150391,3198657,88.06498766457455,4.478075038112422,74.45324428346021,470.0540676462893,6.15284772563309
RN,2011-04-01,2011,4,88.7608408812221,120.806301309191,24.1864592578088,16.9086078933133,4.2874453736462,4.34089588793417,FALSE,TRUE,FALSE,post,FALSE,2009-06-25,2009-09-08,,19,246963048,3198657,88.04193806889195,4.477813269919965,77.20835588185916,468.78324516256004,6.150140497783164
RN,2011-05-01,2011,5,89.3825637714279,118.553055135754,23.2671532289183,14.9466537618922,4.50131883618184,4.53689728222138,FALSE,TRUE,FALSE,post,FALSE,2009-06-25,2009-09-08,,20,306688695,3198657,89.01700455714416,4.488827413921858,95.88045701680424,490.5548167437288,6.195537029629032
RN,2011-06-01,2011,6,89.3810448254151,119.026319804823,20.250047115918,5.01178627603169,4.2719246546349,4.34130766236393,FALSE,TRUE,FALSE,post,FALSE,2009-06-25,2009-09-08,,21,250304026,3198657,89.50046528249604,4.494243823954403,78.25284986792894,477.51486670812153,6.168595293903388
RN,2011-07-01,2011,7,90.4323891236726,122.161768799076,-2.43963353412449,-3.68167795435416,4.32780328688436,4.3796281325557596,FALSE,TRUE,FALSE,post,FALSE,2009-06-25,2009-09-08,,22,266970818,3198657,89.61486245332327,4.495521181820175,83.46340917453794,485.49472169100966,6.185168415769107
RN,2011-08-01,2011,8,91.4706633009905,118.851110766198,10.9775933586905,-1.78544669234082,4.3292421331992,4.39297023343498,FALSE,TRUE,FALSE,post,FALSE,2009-06-25,2009-09-08,,23,275027513,3198657,89.61148251329125,4.49548346482011,85.98218346012092,495.24049968471144,6.205043502526845
RO,2006-09-01,2006,9,45.6358136330047,,,,4.38726802640968,4.53007415052543,FALSE,TRUE,FALSE,pre,TRUE,2009-06-25,2009-09-08,,-36,121021714,1562417,,,77.45801152957245,,
RO,2006-10-01,2006,10,44.9491528753612,,,,4.43706470438572,4.58132772049118,FALSE,TRUE,FALSE,pre,TRUE,2009-06-25,2009-09-08,,-35,122217152,1562417,,,78.22313249279802,,
RO,2006-11-01,2006,11,45.2916991917902,,,,4.40521404397583,4.58097290873487,FALSE,TRUE,FALSE,pre,TRUE,2009-06-25,2009-09-08,,-34,119667013,1562417,,,76.5909568316269,,
RO,2006-12-01,2006,12,41.5146411710487,,,,4.58498359593428,4.63805441733499,FALSE,TRUE,FALSE,pre,TRUE,2009-06-25,2009-09-08,,-33,151744499,1562417,,,97.12163846143507,,
RO,2007-01-01,2007,1,44.2273740586714,,17.7075249689249,-1.56863061432692,4.49738826454412,4.65354781617783,FALSE,TRUE,FALSE,pre,TRUE,2009-06-25,2009-09-08,,-32,124215694,1453756,,,85.44466471677502,,
RO,2007-02-01,2007,2,43.8850511169796,,46.713130304982,-9.76403031188026,4.44833747940878,4.62203661587342,FALSE,TRUE,FALSE,pre,TRUE,2009-06-25,2009-09-08,,-31,92311006,1453756,44.2506220078093,3.789869428028801,63.49828031664186,478.3366843488493,6.1703148451084235
RO,2007-03-01,2007,3,45.0709974104163,,51.5751859274474,-20.1434494926955,4.40298742487815,4.58257372146256,FALSE,TRUE,FALSE,pre,TRUE,2009-06-25,2009-09-08,,-30,86450952,1453756,44.15648597071123,3.787739823863982,59.46730537999499,460.3459781992718,6.13197833329789
RO,2007-04-01,2007,4,46.3674017485705,,49.0977845459559,-9.04558628528377,4.58106119401389,4.69402983876225,FALSE,TRUE,FALSE,pre,TRUE,2009-06-25,2009-09-08,,-29,112189619,1453756,44.392860782912784,3.7930786633319302,77.17224830026497,459.2950940067388,6.129692909817567
RO,2007-05-01,2007,5,48.6687347859783,,57.7880248263468,-11.3261935016218,4.58621862179582,4.72349627960841,FALSE,TRUE,FALSE,pre,TRUE,2009-06-25,2009-09-08,,-28,116099721,1453756,44.9557000486108,3.805677561523494,79.86190323548105,462.56604041059296,6.136789336835905
RO,2007-06-01,2007,6,46.4562156172939,,42.0611355311149,-10.5964438278644,4.54016042142699,4.68520673457142,FALSE,TRUE,FALSE,pre,TRUE,2009-06-25,2009-09-08,,-27,125250155,1453756,45.77929578965167,3.8238319319170673,86.15624286331406,451.60064481247196,6.112798260114328
RO,2007-07-01,2007,7,44.3629042034694,,71.6523162250477,-2.39378547137598,4.60188449980001,4.74251387041102,FALSE,TRUE,FALSE,pre,TRUE,2009-06-25,2009-09-08,,-26,134894114,1453756,45.801884147118,3.8243252288573335,92.79006518287801,458.94604527857496,6.128932654738498
RO,2007-08-01,2007,8,44.4278400631363,,8.84364377036226,-13.7112870798284,4.57574526193653,4.75116730066925,FALSE,TRUE,FALSE,pre,TRUE,2009-06-25,2009-09-08,,-25,135399641,1453756,45.892348971477446,3.8262984140977663,93.13780373047472,488.5855686924078,6.191514622350619
RO,2007-09-01,2007,9,43.4350656746266,,23.7684729782616,-19.3956330861583,4.54846189076179,4.7344045247012,FALSE,TRUE,FALSE,pre,TRUE,2009-06-25,2009-09-08,,-24,134157374,1453756,45.61969368217917,3.8203395022826068,92.28328137596681,521.4015446883797,6.256520464073416
RO,2007-10-01,2007,10,45.2914143681167,,68.2516621485817,7.99169871866378,4.4704334725533,4.65625610260203,FALSE,TRUE,FALSE,pre,TRUE,2009-06-25,2009-09-08,,-23,126862874,1453756,45.440362452103535,3.816400750879841,87.26558927357823,531.4948856616929,6.275693575274169
RO,2007-11-01,2007,11,46.0875360198095,,25.4577006252432,11.1799417250463,4.54911113446599,4.71904743066694,FALSE,TRUE,FALSE,pre,TRUE,2009-06-25,2009-09-08,,-22,132905177,1453756,45.010162657742065,3.8068883011117323,91.42192843916035,543.0549108653722,6.297210439803418
RO,2007-12-01,2007,12,44.8846454616423,,111.219800650784,97.7566143162914,4.3755716548956,4.54859224845651,FALSE,TRUE,FALSE,pre,TRUE,2009-06-25,2009-09-08,,-21,120819156,1453756,44.7482342984668,3.801051986924914,83.1082767672154,540.0069447692736,6.291582000159462
RO,2008-01-01,2008,1,47.3913582406798,,46.0240714629631,3.38775501396188,4.56082456612435,4.75952961435411,FALSE,TRUE,FALSE,pre,TRUE,2009-06-25,2009-09-08,,-20,132937249,1493565,45.25297663800187,3.8122684500376804,89.00667128648568,536.2235508728812,6.284551146644264
RO,2008-02-01,2008,2,47.2457640115932,,29.4419437185457,-6.09099926894602,4.55267911370672,4.77928364981543,FALSE,TRUE,FALSE,pre,TRUE,2009-06-25,2009-09-08,,-19,123683336,1493565,45.72263062941135,3.822593375097518,82.81081573282717,525.8965628752336,6.265104544873681
RO,2008-03-01,2008,3,48.9452405043266,,-0.707051772318422,-24.1786296085093,4.49421851021802,4.76594633690653,FALSE,TRUE,FALSE,pre,TRUE,2009-06-25,2009-09-08,,-18,104494939,1493565,46.640993101028016,3.8424798347192346,69.96343580627558,503.5767173055424,6.221736068586628
RO,2008-04-01,2008,4,48.7497619432161,,8.52454915680777,12.9944420823749,4.59031736345811,4.81276307823378,FALSE,TRUE,FALSE,pre,TRUE,2009-06-25,2009-09-08,,-17,121085070,1493565,47.21738436354458,3.8547621375679664,81.07117534221811,497.3823033741823,6.209358952477803
RO,2008-05-01,2008,5,50.8132931060241,,-35.6498758579538,24.053393572242,4.56158811515014,4.81483195209064,FALSE,TRUE,FALSE,pre,TRUE,2009-06-25,2009-09-08,,-16,125492135,1493565,48.00501054458035,3.8713053918054396,84.02187718646326,489.9822521214852,6.194369170288472
RO,2008-06-01,2008,6,52.0236325473368,,42.4428642010317,2.35981278378445,4.5621902966826,4.81488085519283,FALSE,TRUE,FALSE,pre,TRUE,2009-06-25,2009-09-08,,-15,137764997,1493565,49.194841725529436,3.8957887750248092,92.23903680121053,499.1130121554803,6.212832547374906
RO,2008-07-01,2008,7,51.8848396811801,,19.3455630677795,6.69039069462,4.53612874463934,4.84730035510965,FALSE,TRUE,FALSE,pre,TRUE,2009-06-25,2009-09-08,,-14,135749988,1493565,49.94375529894615,3.9108974782389136,90.88990971266735,500.996250581662,6.216598617187922
RO,2008-08-01,2008,8,54.6156071011831,,46.259659880588,16.9202508019103,4.55866429681346,4.80426784386442,FALSE,TRUE,FALSE,pre,TRUE,2009-06-25,2009-09-08,,-13,143925250,1493565,51.17206248054447,3.9351937284449066,96.36356636637844,514.5490012152133,6.243290791196189
RO,2008-09-01,2008,9,53.8024522134097,,58.4733127106618,25.222410822819,4.69710834692083,4.94214158601343,FALSE,TRUE,FALSE,pre,TRUE,2009-06-25,2009-09-08,,-12,177031560,1493565,51.98159776539165,3.950889766820809,118.52953169095419,563.1150970998918,6.333484042591799
RO,2008-10-01,2008,10,54.1435394214073,,40.8557274363572,22.8194923041139,4.63610267399457,4.8609703668583,FALSE,TRUE,FALSE,pre,TRUE,2009-06-25,2009-09-08,,-11,157435155,1493565,52.880560678423514,3.968035798331841,105.40897450060761,587.4528962582814,6.375796066222351
RO,2008-11-01,2008,11,53.7159819418237,,62.2938787828374,11.20822608793,4.60376686341282,4.82303351958656,FALSE,TRUE,FALSE,pre,TRUE,2009-06-25,2009-09-08,,-10,151756468,1493565,53.36434215105678,3.9771427729416238,101.60687214818238,605.0378912200005,6.405291086185361
RO,2008-12-01,2008,12,50.870119311623,,47.3595349905325,68.7253339519304,4.58421332492081,4.87047501385697,FALSE,TRUE,FALSE,pre,TRUE,2009-06-25,2009-09-08,,-9,163251252,1493565,53.17208994510448,3.973533633591684,109.3030782055016,622.1019326242915,6.433103958129702
RO,2009-01-01,2009,1,55.6559539963214,,78.9309193792653,50.6920775494988,4.58173910837062,4.77398121537541,FALSE,TRUE,FALSE,pre,TRUE,2009-06-25,2009-09-08,,-8,147020223,1503928,53.80060899762803,3.9852847867621857,97.75748772547622,628.9695106371005,6.444082782770591
RO,2009-02-01,2009,2,55.1108383007318,,93.8132268174587,51.6492205965157,4.61641962518011,4.80281173311571,FALSE,TRUE,FALSE,pre,TRUE,2009-06-25,2009-09-08,,-7,127458536,1503928,53.88314753088615,3.9868177672614356,84.75042422243618,617.3563684931582,6.425446439815665
RO,2009-03-01,2009,3,56.1690825594429,,47.7903412684218,27.9017253556532,4.6283670401899,4.96370434270953,FALSE,TRUE,FALSE,pre,TRUE,2009-06-25,2009-09-08,,-6,126130698,1503928,54.277585921891685,3.994111359436226,83.86751094467289,582.6943477468769,6.367662773993653
RO,2009-04-01,2009,4,54.7346770221841,,99.7893098607356,83.395576011538,4.53017001693613,4.80696234787323,FALSE,TRUE,FALSE,pre,TRUE,2009-06-25,2009-09-08,,-5,119457787,1503928,54.37610885535448,3.9959248819430706,79.43052260480555,556.7158958510748,6.322055048493102
RO,2009-05-01,2009,5,51.5081102104271,,313.166172949731,287.907628767338,4.57257983236988,4.82318874825016,FALSE,TRUE,FALSE,pre,TRUE,2009-06-25,2009-09-08,,-4,137349615,1503928,54.00813023345505,3.9891345951100705,91.3272543632408,546.4362780661332,6.303417700756308
RO,2009-06-01,2009,6,54.1759715892877,,150.010494686382,138.078198605641,4.51924300615982,4.79042336778462,FALSE,TRUE,FALSE,pre,TRUE,2009-06-25,2009-09-08,,-3,139033729,1503928,54.55910561306583,3.999284620678444,92.44706462011479,529.5802644807465,6.2720847389751695
RO,2009-07-01,2009,7,55.9425612019746,,131.827798941909,100.164249090072,4.63022188968988,4.95004503747031,FALSE,TRUE,FALSE,pre,TRUE,2009-06-25,2009-09-08,,-2,163298606,1503928,54.6068734806747,4.000159762752085,108.58139884356166,540.4041755988319,6.292317332923016
RO,2009-08-01,2009,8,56.5248876955597,,179.641269643509,53.1137783501444,4.6090085006132,4.83153321531965,FALSE,TRUE,FALSE,pre,TRUE,2009-06-25,2009-09-08,,-1,161345033,1503928,54.84254837981268,4.004466322976457,107.28241844024448,562.9361698166401,6.333166246608589
RO,2009-09-01,2009,9,59.5968964421946,,154.087882974382,107.715662139367,4.62375981599788,4.81438446921033,FALSE,TRUE,FALSE,post,FALSE,2009-06-25,2009-09-08,,0,170054498,1503928,55.41385069360463,4.014829575025256,113.07356336207584,592.1422222340432,6.383746846291143
RO,2009-10-01,2009,10,59.3448887484539,,202.522757746894,113.671498662523,4.61140807390577,4.88714200883092,FALSE,TRUE,FALSE,post,FALSE,2009-06-25,2009-09-08,,1,157296936,1503928,56.1822193146496,4.028600324538598,104.59073572671032,617.3024353559479,6.425359074566129
RO,2009-11-01,2009,11,61.9082737563497,,170.582699239845,109.36672013247,4.65666789208772,4.89425056574847,FALSE,TRUE,FALSE,post,FALSE,2009-06-25,2009-09-08,,2,172004714,1503928,57.9155799056367,4.058986431381519,114.37031161066221,640.3454926033693,6.462007862889502
RO,2009-12-01,2009,12,62.2361431881179,,37.5179886758303,52.5317832345299,4.61459727020672,4.89591550597601,FALSE,TRUE,FALSE,post,FALSE,2009-06-25,2009-09-08,,3,162780399,1503928,59.258941838775065,4.081916685738527,108.2368298216404,656.1352578048949,6.486366953368937
RO,2010-01-01,2010,1,62.826447907708,,176.130364560396,76.1274027504657,4.56748250870515,4.77691900025549,FALSE,TRUE,FALSE,post,FALSE,2009-06-25,2009-09-08,,4,160192510,1562409,60.406256289730635,4.101092680532438,102.5291776993092,650.0830366606425,6.477100103439192
RO,2010-02-01,2010,2,70.8913291927189,,128.759197068831,67.5913974740386,4.63220275609033,4.88121880013863,FALSE,TRUE,FALSE,post,FALSE,2009-06-25,2009-09-08,,5,141937161,1562409,62.80066320592383,4.139965634022273,90.84507385710144,633.6456920774995,6.451489952921359
RO,2010-03-01,2010,3,72.5447949906596,,173.349545034045,119.412633076761,4.54855619790286,4.85174845327645,FALSE,TRUE,FALSE,post,FALSE,2009-06-25,2009-09-08,,6,135183374,1562409,64.95864629733467,4.173750856617424,86.52239842448424,607.0945271399078,6.408684507336915
RO,2010-04-01,2010,4,72.5051875300526,,179.12698089617,122.491686350568,4.77473326849311,4.97250913516625,FALSE,TRUE,FALSE,post,FALSE,2009-06-25,2009-09-08,,7,165690067,1562409,67.15202942760112,4.206959144814887,106.04781910498467,608.5516105181822,6.41108172480163
RO,2010-05-01,2010,5,74.2718583657454,,145.095021690585,3.89952041928934,4.69234489904148,4.92256921572318,FALSE,TRUE,FALSE,post,FALSE,2009-06-25,2009-09-08,,8,173351989,1562409,69.2126268625004,4.237183315089438,110.95173478903412,605.1330336965541,6.4054483242660165
RO,2010-06-01,2010,6,73.6095961408152,,91.467884043314,-9.26869763859446,4.78195787018082,5.00889427526282,FALSE,TRUE,FALSE,post,FALSE,2009-06-25,2009-09-08,,9,194664035,1562409,71.10820235461662,4.264202693792687,124.59223865197909,621.4884425268928,6.432117314682752
RO,2010-07-01,2010,7,70.3227049211289,,82.8570448138557,-29.7488803706215,4.72388530737846,4.98621369192116,FALSE,TRUE,FALSE,post,FALSE,2009-06-25,2009-09-08,,10,190713322,1562409,72.3575785235201,4.2816201956708575,122.06363506610624,641.0228998936898,6.463065181545705
RO,2010-08-01,2010,8,73.8332474820922,,99.8546618724924,67.2309171999206,4.67667271851708,4.95832224578563,FALSE,TRUE,FALSE,post,FALSE,2009-06-25,2009-09-08,,11,184810272,1562409,72.84789823841565,4.288373681688524,118.2854630253666,668.4632890619549,6.504981479644347
RO,2010-09-01,2010,9,76.9898100178175,,128.292446545476,54.9817349794594,4.74001344267565,5.03561859198691,FALSE,TRUE,FALSE,post,FALSE,2009-06-25,2009-09-08,,12,201538654,1562409,73.5887340762753,4.298491944402657,128.99225106870225,710.9331417061729,6.566578391213218
RO,2010-10-01,2010,10,77.9027039983442,,34.847535383673,8.05057781244156,4.75822926463074,5.02261476198379,FALSE,TRUE,FALSE,post,FALSE,2009-06-25,2009-09-08,,13,200888852,1562409,74.4883201543239,4.310642336642773,128.57635356683173,733.4616761680201,6.597775348321708
RO,2010-11-01,2010,11,77.2355165166187,,117.075982804852,41.5828908958395,4.74697821678267,5.01689476208013,FALSE,TRUE,FALSE,post,FALSE,2009-06-25,2009-09-08,,14,204758125,1562409,74.98226317946946,4.317251594627511,131.0528325169658,753.5627738959518,6.6248123243455925
RO,2010-12-01,2010,12,80.3894250270857,,49.3280249625434,-10.366717688127,4.82761433058198,5.03777557187825,FALSE,TRUE,FALSE,post,FALSE,2009-06-25,2009-09-08,,15,228215317,1562409,76.11223466051453,4.332209022780014,146.0663097818817,775.0368450258543,6.652910570192108
RO,2011-01-01,2011,1,77.8437289110949,100.343737959745,37.310135923639,-6.83184713454485,4.83410298929829,5.07809705816649,FALSE,TRUE,FALSE,post,FALSE,2009-06-25,2009-09-08,,16,227273899,1576455,77.3657386588422,4.348544029609393,144.16770475528955,797.1409147150376,6.681031469579667
RO,2011-02-01,2011,2,79.7436081033223,105.741583927408,228.554232335415,155.649900755761,4.80743100460294,5.08062846714836,FALSE,TRUE,FALSE,post,FALSE,2009-06-25,2009-09-08,,17,182428916,1576455,78.35079876238055,4.361196163547517,115.72097903206878,794.5764307217398,6.677809181125501
RO,2011-03-01,2011,3,78.1270633221426,106.811863149305,80.2517643587274,39.1069284854355,4.82048106443868,5.06856711935564,FALSE,TRUE,FALSE,post,FALSE,2009-06-25,2009-09-08,,18,180560521,1576455,78.54034097976806,4.363612390619534,114.53579138002671,780.1199710330643,6.659447716872992
RO,2011-04-01,2011,4,79.570289736997,108.670410898888,19.7565451697867,-32.3394621975667,4.78173266727123,4.99167351671294,FALSE,TRUE,FALSE,post,FALSE,2009-06-25,2009-09-08,,19,185816918,1576455,78.8182719362102,4.3671448473475065,117.8701060290335,769.413723495266,6.645628826778913
RO,2011-05-01,2011,5,81.6372068775407,110.954656760493,-26.2854990937369,-42.4253725730092,4.7942309942509604,5.00400964308637,FALSE,TRUE,FALSE,post,FALSE,2009-06-25,2009-09-08,,20,204060229,1576455,79.55188699636386,4.376409475386984,129.44246997218443,767.8033609504846,6.643533659934669
RO,2011-06-01,2011,6,81.1541882395427,110.341532960078,31.9335263327038,-14.3687287100773,4.80891837724901,5.02896085986632,FALSE,TRUE,FALSE,post,FALSE,2009-06-25,2009-09-08,,21,212851155,1576455,79.67934753177337,4.378010424635554,135.0188587685662,756.7559099371691,6.629040757500892
RO,2011-07-01,2011,7,84.1670474165022,111.252781517752,23.5769233730765,17.7096350415206,4.7943009571002,5.01117997208228,FALSE,TRUE,FALSE,post,FALSE,2009-06-25,2009-09-08,,22,223512646,1576455,80.73323394934125,4.391150311434533,141.7818117231383,754.3700169050179,6.625882986235968
RO,2011-08-01,2011,8,82.702384735844,113.607403140728,-13.202988400389,-49.2618524288278,4.88519060628537,5.05480988957619,FALSE,TRUE,FALSE,post,FALSE,2009-06-25,2009-09-08,,23,258513052,1576455,81.22636338809487,4.3972398667401755,163.98378133216616,802.6328192051153,6.687897348107083
RR,2006-09-01,2006,9,35.663739873937,,,,3.99321739130623,4.1785854089998,FALSE,TRUE,FALSE,pre,TRUE,2009-06-25,2009-09-08,,-36,18739890,403344,,,46.46130846126383,,
RR,2006-10-01,2006,10,34.1128292333647,,,,3.9874890363113,4.1461252466806,FALSE,TRUE,FALSE,pre,TRUE,2009-06-25,2009-09-08,,-35,19235504,403344,,,47.69007100638661,,
RR,2006-11-01,2006,11,33.224488631633,,,,3.98426146732138,4.11038416955452,FALSE,TRUE,FALSE,pre,TRUE,2009-06-25,2009-09-08,,-34,19104185,403344,,,47.364495319132054,,
RR,2006-12-01,2006,12,34.2604126747538,,,,4.16268985796356,4.31027541625143,FALSE,TRUE,FALSE,pre,TRUE,2009-06-25,2009-09-08,,-33,23372791,403344,,,57.94753609821889,,
RR,2007-01-01,2007,1,32.5910490490347,,-6.65655886616988,-29.9499866351804,4.1165927584158,4.29907292871839,FALSE,TRUE,FALSE,pre,TRUE,2009-06-25,2009-09-08,,-32,24295228,395725,,,61.39422073409565,,
RR,2007-02-01,2007,2,33.1111890149045,,20.9957259408782,-3.97606687898166,4.07938344017671,4.24796469199357,FALSE,TRUE,FALSE,pre,TRUE,2009-06-25,2009-09-08,,-31,19958755,395725,33.82728474627128,3.521267717859126,50.43592141007012,311.29355302916713,5.7407363674006895
RR,2007-03-01,2007,3,34.4469317177886,,6.50914663448978,7.79773078082069,4.05791432545249,4.24110858591471,FALSE,TRUE,FALSE,pre,TRUE,2009-06-25,2009-09-08,,-30,18231823,395725,33.62448338691322,3.515254473846005,46.071951481458086,310.9041960493614,5.739484813433463
RR,2007-04-01,2007,4,33.0216883881438,,20.3893476734305,19.2565992262533,4.06401347281437,4.24606670911057,FALSE,TRUE,FALSE,pre,TRUE,2009-06-25,2009-09-08,,-29,21488168,395725,33.4426265793764,3.509831331165906,54.30075936572114,317.51488440869593,5.760524697261301
RR,2007-05-01,2007,5,33.3594597678473,,148.643791036894,36.4336933036244,4.05345472454509,4.17378044598056,FALSE,TRUE,FALSE,pre,TRUE,2009-06-25,2009-09-08,,-28,19380225,395725,33.46512176874545,3.510503755235525,48.973971823867586,319.1243609134315,5.765580872938198
RR,2007-06-01,2007,6,31.8155346129542,,12.8431514737445,26.6761152191879,4.12066629984059,4.26904475122512,FALSE,TRUE,FALSE,pre,TRUE,2009-06-25,2009-09-08,,-27,21242938,395725,33.05764209177885,3.498252767761583,53.68106134310443,314.857886158317,5.752121381971611
RR,2007-07-01,2007,7,32.8896451843732,,55.922613233982,32.3610726244506,4.16186093880349,4.33653102031495,FALSE,TRUE,FALSE,pre,TRUE,2009-06-25,2009-09-08,,-26,22832336,395725,33.107408114335264,3.499757067442036,57.697481837134376,311.1611472613557,5.74031093637817
RR,2007-08-01,2007,8,31.1298907896331,,12.4632448283121,8.35101822870699,3.9935614747606,4.13455072606738,FALSE,TRUE,FALSE,pre,TRUE,2009-06-25,2009-09-08,,-25,19598880,395725,32.7771917434567,3.4897328998305834,49.52651462505528,310.2517404763409,5.7373840339846645
RR,2007-09-01,2007,9,31.4673856641605,,5.372160991688,-37.5094809990531,4.03358598096611,4.27214912536923,FALSE,TRUE,FALSE,pre,TRUE,2009-06-25,2009-09-08,,-24,19622170,395725,32.280600734518686,3.474466453343783,49.58536862720324,313.76515762208606,5.748644800425139
RR,2007-10-01,2007,10,31.544427919955,,-5.42124707908871,0.815675985384255,4.54280538372283,4.62859520128199,FALSE,TRUE,FALSE,pre,TRUE,2009-06-25,2009-09-08,,-23,35312631,395725,32.03439065648722,3.4668100337297214,89.23527955019269,348.6996778065576,5.854211029696543
RR,2007-11-01,2007,11,33.0937874375958,,10.2846435791497,6.49820007997523,4.12275678126177,4.22986305007102,FALSE,TRUE,FALSE,pre,TRUE,2009-06-25,2009-09-08,,-22,22296872,395725,31.990111934778632,3.465426853010592,56.344360351254025,356.07006633394406,5.875127527031179
RR,2007-12-01,2007,12,32.186928178317,,56.183933328977,20.6197481333928,4.15372929048251,4.39665880324183,FALSE,TRUE,FALSE,pre,TRUE,2009-06-25,2009-09-08,,-21,24898258,395725,32.0520108623391,3.4673599228131553,62.918082001389855,365.3070869922295,5.900738334084524
RR,2008-01-01,2008,1,32.4805988937533,,35.244435990721,19.0065057830624,4.11122997058807,4.28346431345868,FALSE,TRUE,FALSE,pre,TRUE,2009-06-25,2009-09-08,,-20,24342505,412783,31.983836480569117,3.465230665206491,58.971675190111995,366.58128034520706,5.904220271213709
RR,2008-02-01,2008,2,32.3933360471129,,12.430690794544,11.1606547059559,4.17585721487141,4.33463254671422,FALSE,TRUE,FALSE,pre,TRUE,2009-06-25,2009-09-08,,-19,22890499,412783,32.194410690149084,3.471792856432158,55.45407393230826,372.50883965246004,5.920260768148679
RR,2008-03-01,2008,3,32.1605053617809,,66.2336697912967,13.305268818213,4.13306801879175,4.32249892179509,FALSE,TRUE,FALSE,pre,TRUE,2009-06-25,2009-09-08,,-18,22198645,412783,32.30993063975249,3.475374633122635,53.7780020010514,376.70147302630824,5.9314530250336155
RR,2008-04-01,2008,4,32.8897165033219,,94.6602409597403,43.8251445365766,4.1391397022873,4.30497802442986,FALSE,TRUE,FALSE,pre,TRUE,2009-06-25,2009-09-08,,-17,24017671,412783,32.53414540364697,3.4822901656170853,58.18473871259233,345.6509321887079,5.8454293993027475
RR,2008-05-01,2008,5,36.4384697443802,,-23.8323528271032,-16.3409367045748,4.12580245968159,4.31213168126238,FALSE,TRUE,FALSE,pre,TRUE,2009-06-25,2009-09-08,,-16,22749794,412783,33.0915924547777,3.499279245731058,55.113204758916915,344.41977659637075,5.841861194239329
RR,2008-06-01,2008,6,36.4797931298453,,-15.0669478571201,5.38269261410897,4.11972463388971,4.31232599045191,FALSE,TRUE,FALSE,pre,TRUE,2009-06-25,2009-09-08,,-15,25237106,412783,33.80706994669909,3.5206699506366577,61.13891802714743,342.64061262212834,5.836682121252425
RR,2008-07-01,2008,7,36.5346038739758,,-11.2822280659215,-9.46795489319241,4.15660536994059,4.32755095610163,FALSE,TRUE,FALSE,pre,TRUE,2009-06-25,2009-09-08,,-14,24060690,412783,34.48273744340283,3.5404588348541566,58.28895569827246,341.95789313028877,5.834687609980698
RR,2008-08-01,2008,8,37.6435697303429,,-26.7901896243165,-7.88105837568088,4.16827875218157,4.36344279307596,FALSE,TRUE,FALSE,pre,TRUE,2009-06-25,2009-09-08,,-13,25291221,412783,35.35777639060783,3.5655183509111055,61.27001596480475,347.7738351627853,5.85155236954109
RR,2008-09-01,2008,9,35.8110872616199,,-53.8442520735093,0.840817814580632,4.19979639691749,4.57884958401132,FALSE,TRUE,FALSE,pre,TRUE,2009-06-25,2009-09-08,,-12,28168330,412783,35.966206707247665,3.582579795022482,68.2400438002534,362.2358769619873,5.892295593448336
RR,2008-10-01,2008,10,37.0799022267463,,26.6599925640439,3.59512683641848,4.23051717310867,4.42891778922686,FALSE,TRUE,FALSE,pre,TRUE,2009-06-25,2009-09-08,,-11,27361143,412783,36.66457099448507,3.601810920795053,66.28456840519111,370.3357066545861,5.914409909559229
RR,2008-11-01,2008,11,36.409294687917,,30.2711147359464,6.43337349894047,4.22597840355933,4.44010444922486,FALSE,TRUE,FALSE,pre,TRUE,2009-06-25,2009-09-08,,-10,26360056,412783,36.65970848507453,3.601678290527093,63.859354673036435,379.0818565687056,5.937752162154382
RR,2008-12-01,2008,12,35.6423985856309,,-1.87487270562391,-0.457169120394557,4.14992756707912,4.38937891580354,FALSE,TRUE,FALSE,pre,TRUE,2009-06-25,2009-09-08,,-9,28085470,412783,36.52014272770546,3.5978639639257426,68.0393087893639,385.98224733092206,5.955791377036527
RR,2009-01-01,2009,1,37.3105808552553,,-5.16503545528542,-5.07063114885244,4.25614589744109,4.34143553582962,FALSE,TRUE,FALSE,pre,TRUE,2009-06-25,2009-09-08,,-8,29946479,421499,36.64947222458538,3.6013990278083834,71.04756832163302,398.7408599542826,5.988311732091601
RR,2009-02-01,2009,2,37.8542316782447,,-2.72627483040392,-19.2055432571747,4.19465478303813,4.39213128568389,FALSE,TRUE,FALSE,pre,TRUE,2009-06-25,2009-09-08,,-7,26149387,421499,36.684582549235685,3.602356572770033,62.039025003618036,399.5098689930959,5.990238468263149
RR,2009-03-01,2009,3,38.9931811619689,,11.7832393964466,7.68091524090449,4.19398081518505,4.38045942449948,FALSE,TRUE,FALSE,pre,TRUE,2009-06-25,2009-09-08,,-6,25290478,421499,37.21493153262718,3.6167100660312532,60.00127639685978,391.2711015897023,5.969400674175586
RR,2009-04-01,2009,4,40.8957244005133,,33.989502664574204,12.016786408251,4.23616586358223,4.39843584057156,FALSE,TRUE,FALSE,pre,TRUE,2009-06-25,2009-09-08,,-5,28700891,421499,37.850901894921684,3.6336548077348874,68.09242963802998,393.07896282254114,5.974010514899469
RR,2009-05-01,2009,5,39.6366996350278,,63.8415308373282,14.0390152260804,4.26143673837492,4.46089521463231,FALSE,TRUE,FALSE,pre,TRUE,2009-06-25,2009-09-08,,-4,27902528,421499,38.38880271944015,3.6477658212234325,66.19832550017912,395.41793364968385,5.979943265422908
RR,2009-06-01,2009,6,39.1497167029918,,27.9544168875928,-8.35729645449503,4.3197134440988,4.51992782932641,FALSE,TRUE,FALSE,pre,TRUE,2009-06-25,2009-09-08,,-3,33551447,421499,38.973355739000304,3.662878226472144,79.60030035658447,406.97892521690443,6.0087614033080765
RR,2009-07-01,2009,7,38.2157254733774,,19.9382566381912,-1.86479199429053,4.24283102356286,4.42319075468935,FALSE,TRUE,FALSE,pre,TRUE,2009-06-25,2009-09-08,,-2,28830567,421499,39.12421317535399,3.6667415381240143,68.40008398596439,404.3314408812358,6.002234939839354
RR,2009-08-01,2009,8,37.2373216278264,,14.0144832170069,-7.84516125111307,4.28181469681719,4.48893445149876,FALSE,TRUE,FALSE,pre,TRUE,2009-06-25,2009-09-08,,-1,31900112,421499,39.0213948336176,3.664110081189017,75.68253305464545,417.9749489322632,6.035421499944776
RR,2009-09-01,2009,9,36.2602354122352,,33.9573090603366,7.08670583766485,4.20926154903856,4.43807001255325,FALSE,TRUE,FALSE,post,FALSE,2009-06-25,2009-09-08,,0,28915338,421499,38.56590387532865,3.6523685668224055,68.60120190083488,426.5748744362383,6.055787907059979
RR,2009-10-01,2009,10,39.6322586162831,,51.9181882707957,54.0676930051329,4.21285614898382,4.39377583067508,FALSE,TRUE,FALSE,post,FALSE,2009-06-25,2009-09-08,,1,27540537,421499,38.35532624462362,3.6468934032967013,65.339507329792,423.8219521280003,6.049313442812675
RR,2009-11-01,2009,11,41.750470432832,,11.4229919384413,17.8399426248617,4.23177771213012,4.43675877225572,FALSE,TRUE,FALSE,post,FALSE,2009-06-25,2009-09-08,,2,30937807,421499,38.70762137759098,3.656036515468092,73.39947900232266,431.02310563014385,6.0661616980175
RR,2009-12-01,2009,12,42.7206408607362,,9.53048221417362,4.04794164662217,4.28507252529324,4.47894760411402,FALSE,TRUE,FALSE,post,FALSE,2009-06-25,2009-09-08,,3,31316363,421499,39.30277540388172,3.671295137345584,74.29759738457268,425.72040265813206,6.053782799000951
RR,2010-01-01,2010,1,40.5499197739577,,84.6997914253516,29.4116114887347,4.2136525280042,4.45425568900644,FALSE,TRUE,FALSE,post,FALSE,2009-06-25,2009-09-08,,4,31630831,450479,39.69180778731177,3.681144813435003,70.21599453026667,427.53631320243437,6.058039227932938
RR,2010-02-01,2010,2,43.4022816177185,,67.3692429806205,32.3901040475464,4.24792990702926,4.42161695419503,FALSE,TRUE,FALSE,post,FALSE,2009-06-25,2009-09-08,,5,30805390,450479,40.71930111896045,3.7067022090046176,68.38363164542632,420.2374117932152,6.040819817748992
RR,2010-03-01,2010,3,42.9255078970385,,44.1538293868346,25.2430255271322,4.25738290143991,4.44376110541853,FALSE,TRUE,FALSE,post,FALSE,2009-06-25,2009-09-08,,6,31143277,450479,41.83017986642767,3.7336180853833674,69.13369324652203,420.76990313890235,6.042086135906729
RR,2010-04-01,2010,4,45.0968340895084,,59.288555187903,-8.64895364813542,4.29196822763909,4.49102407197868,FALSE,TRUE,FALSE,post,FALSE,2009-06-25,2009-09-08,,7,34169729,450479,42.74094244529855,3.7551573003099987,75.85199088081798,431.28238668992833,6.066763065096586
RR,2010-05-01,2010,5,45.3512546403131,,23.9512288258813,29.3059487800607,4.27632942081889,4.47501674737982,FALSE,TRUE,FALSE,post,FALSE,2009-06-25,2009-09-08,,8,33867157,450479,43.3410731465454,3.7691007569125383,75.18032361108953,433.0632312986952,6.070883748053965
RR,2010-06-01,2010,6,48.4106240054889,,66.7650002201961,29.0983546453825,4.24262573226185,4.45507948744147,FALSE,TRUE,FALSE,post,FALSE,2009-06-25,2009-09-08,,9,33551447,450479,44.28940367067085,3.79074545364647,74.47949182980783,433.2451257439304,6.071303678085644
RR,2010-07-01,2010,7,47.3751720155335,,-0.267764567555233,6.57217742671548,4.4577125298491,4.63948956020239,FALSE,TRUE,FALSE,post,FALSE,2009-06-25,2009-09-08,,10,38607824,450479,45.42694571093348,3.8161054468472075,85.70393736444984,448.73306857811355,6.106428208902639
RR,2010-08-01,2010,8,48.1884445112617,,60.7899074239964,11.1086729919978,4.35545783307377,4.54590014944681,FALSE,TRUE,FALSE,post,FALSE,2009-06-25,2009-09-08,,11,38222563,450479,46.224639526524015,3.833512979006417,84.84871214862402,465.1981490813112,6.14246344187759
RR,2010-09-01,2010,9,52.5515728649001,,44.9119112443007,-0.563053754670044,4.33858954641186,4.55022575304767,FALSE,TRUE,FALSE,post,FALSE,2009-06-25,2009-09-08,,12,36721939,450479,47.82898368783428,3.867631809041497,81.51753799844165,477.58199383323085,6.168735860013472
RR,2010-10-01,2010,10,50.6858167808213,,26.1356314295666,-6.55328516013627,4.24854140813564,4.48541895216148,FALSE,TRUE,FALSE,post,FALSE,2009-06-25,2009-09-08,,13,31860662,450479,48.7604808030531,3.8869201651684975,70.72618701426704,472.4561899666799,6.1579450229878265
RR,2010-11-01,2010,11,46.5415055206531,,26.3426080282344,-5.17057636151703,4.23467364308657,4.41862182623831,FALSE,TRUE,FALSE,post,FALSE,2009-06-25,2009-09-08,,14,35302578,450479,48.958855949776435,3.890980270892177,78.3667562749873,475.64262263057765,6.164666779452456
RR,2010-12-01,2010,12,48.7074764617923,,44.1246838341299,30.2834816894592,4.24583012778506,4.47203163309465,FALSE,TRUE,FALSE,post,FALSE,2009-06-25,2009-09-08,,15,35008300,450479,49.00833135916033,3.891990311395515,77.71350051833714,478.876631319107,6.171443009580622
RR,2011-01-01,2011,1,50.9438095629256,81.3030465113413,41.7799343603338,-16.3995701459661,4.19264897887168,4.44042430865288,FALSE,TRUE,FALSE,post,FALSE,2009-06-25,2009-09-08,,16,34988357,460165,49.603104283725685,3.9040534181378743,76.03437245335913,469.20706640801626,6.151044177211555
RR,2011-02-01,2011,2,48.7231121185981,83.9265620764072,20.8084983998552,-24.9883669304108,4.21239431769466,4.38447273539762,FALSE,TRUE,FALSE,post,FALSE,2009-06-25,2009-09-08,,17,32139300,460165,49.692215551615085,3.905848292094882,69.84299110101811,454.20134536041036,6.1185405917111275
RR,2011-03-01,2011,3,49.12564986641,76.6348374868738,-22.2802398358313,-58.1498853550366,4.31031572135718,4.53809789387351,FALSE,TRUE,FALSE,post,FALSE,2009-06-25,2009-09-08,,18,33260690,460165,49.12122838520007,3.894291291368217,72.2799213325655,444.9637286945342,6.097992770292629
RR,2011-04-01,2011,4,48.8780396072229,78.0325697452695,-7.22275769677929,-51.907044138468,4.21785732795422,4.45861776060047,FALSE,TRUE,FALSE,post,FALSE,2009-06-25,2009-09-08,,19,34343240,460165,48.81993218960034,3.888138675975737,74.63244705703389,448.86998873730107,6.106733288434474
RR,2011-05-01,2011,5,48.6250416068589,80.7132722324227,-98.5239247844525,-113.904527896003,4.22915798296247,4.43165645025921,FALSE,TRUE,FALSE,post,FALSE,2009-06-25,2009-09-08,,20,35768886,460165,49.16718820396797,3.8952264945938366,77.73056620994643,448.2337986722602,6.105314968323428
RR,2011-06-01,2011,6,49.6425776614884,86.0548225785356,19.6672924137282,20.3684601517334,4.22359959747177,4.44892104110784,FALSE,TRUE,FALSE,post,FALSE,2009-06-25,2009-09-08,,21,36154371,460165,49.323038403917316,3.8983912823174194,78.56827659643824,449.0885747503613,6.107220139445792
RR,2011-07-01,2011,7,51.3402580548721,83.8067210139033,53.0501169572234,10.0902342555308,4.23207035197469,4.47908084907357,FALSE,TRUE,FALSE,post,FALSE,2009-06-25,2009-09-08,,22,33299650,460165,49.38911315257507,3.899730018379479,72.36458661567046,445.41878891267265,6.0990149382906775
RR,2011-08-01,2011,8,53.2179093555731,90.2710761264045,42.6277119454859,29.5898735482493,4.19321831901983,4.41860398971797,FALSE,TRUE,FALSE,post,FALSE,2009-06-25,2009-09-08,,23,36090363,460165,50.138246025404236,3.9147841105746854,78.42917866417481,454.0049764758293,6.118108159381777
RS,2006-09-01,2006,9,58.2252412780977,,,,4.74996382818812,4.79903436310943,FALSE,TRUE,FALSE,pre,TRUE,2009-06-25,2009-09-08,,-36,1103710198,10963219,,,100.67391684869197,,
RS,2006-10-01,2006,10,57.6902395623977,,,,4.65037824773701,4.74522338193793,FALSE,TRUE,FALSE,pre,TRUE,2009-06-25,2009-09-08,,-35,1055106149,10963219,,,96.2405429463737,,
RS,2006-11-01,2006,11,57.7666596285487,,,,4.64615525698148,4.72721236318372,FALSE,TRUE,FALSE,pre,TRUE,2009-06-25,2009-09-08,,-34,1054210389,10963219,,,96.15883701675575,,
RS,2006-12-01,2006,12,57.7817639013646,,,,4.51612379386157,4.60810291141291,FALSE,TRUE,FALSE,pre,TRUE,2009-06-25,2009-09-08,,-33,953313071,10963219,,,86.95558038200276,,
RS,2007-01-01,2007,1,59.5649888152801,,93.0026834161474,-5.20537429252875,4.71205516950496,4.79500782063703,FALSE,TRUE,FALSE,pre,TRUE,2009-06-25,2009-09-08,,-32,1135878787,10582840,,,107.33213267894062,,
RS,2007-02-01,2007,2,59.788584341169,,89.1659160395587,2.21590218848484,4.65971061308364,4.75154345765296,FALSE,TRUE,FALSE,pre,TRUE,2009-06-25,2009-09-08,,-31,901736281,10582840,58.46957958780963,4.0685066119412685,85.20739999848811,572.5684098712529,6.350132221514544
RS,2007-03-01,2007,3,59.1013177514539,,26.0880739177852,0.366583657556047,4.60264801309994,4.68765919376074,FALSE,TRUE,FALSE,pre,TRUE,2009-06-25,2009-09-08,,-30,844381615,10582840,58.615592333369,4.071000741963971,79.7878088490424,551.6823018716034,6.312972340502648
RS,2007-04-01,2007,4,59.6416708779061,,94.5139025786329,-0.294561111698366,4.63302075181768,4.76369995037262,FALSE,TRUE,FALSE,pre,TRUE,2009-06-25,2009-09-08,,-29,988600996,10582840,58.94083088595373,4.076534074359043,93.41547221728761,548.8572311425173,6.307838355126279
RS,2007-05-01,2007,5,60.7745813495108,,39.89826549154,-2.91124118274144,4.70832189406367,4.77586904984438,FALSE,TRUE,FALSE,pre,TRUE,2009-06-25,2009-09-08,,-28,993168508,10582840,59.44215117278075,4.085003590413803,93.84706827278877,546.5454623985503,6.3036174924431
RS,2007-06-01,2007,6,59.0849323629323,,40.4551028082003,2.03291261368925,4.66887802492298,4.73829171257978,FALSE,TRUE,FALSE,pre,TRUE,2009-06-25,2009-09-08,,-27,1013389712,10582840,59.659345916375365,4.088650815506143,95.75782228588923,555.3477043024368,6.3195944118194705
RS,2007-07-01,2007,7,60.7407717546207,,4.71775774230081,-2.30387363647529,4.63967812000263,4.73785448146593,FALSE,TRUE,FALSE,pre,TRUE,2009-06-25,2009-09-08,,-26,946369869,10582840,59.8553097395988,4.0919301455224355,89.42494349342898,537.4405151169251,6.286818084327584
RS,2007-08-01,2007,8,61.8451356012453,,35.0648195570951,6.52005590054924,4.72402907546282,4.79778792244486,FALSE,TRUE,FALSE,pre,TRUE,2009-06-25,2009-09-08,,-25,1031507565,10582840,60.19806828294485,4.097640263476759,97.46982520760022,549.7029403260373,6.309378023817267
RS,2007-09-01,2007,9,62.0998572098721,,99.5772332036028,-0.0702371672442164,4.67247881505004,4.72575741204807,FALSE,TRUE,FALSE,pre,TRUE,2009-06-25,2009-09-08,,-24,1027405102,10582840,60.69782485934788,4.1059078631457595,97.08217283829293,566.9973043152878,6.340354549422425
RS,2007-10-01,2007,10,63.3636794619166,,109.970520034255,9.59928960272494,4.65546968867299,4.74494844444198,FALSE,TRUE,FALSE,pre,TRUE,2009-06-25,2009-09-08,,-23,1045611202,10582840,61.31815962334963,4.116076040887693,98.80251444791757,572.3843465459178,6.349810700253707
RS,2007-11-01,2007,11,62.8757498550912,,109.683782838873,10.8839939350012,4.72821670495165,4.826224586115,FALSE,TRUE,FALSE,pre,TRUE,2009-06-25,2009-09-08,,-22,1169635965,10582840,61.6683543742797,4.121770904267275,110.52193598315765,589.0592142562866,6.378526712140512
RS,2007-12-01,2007,12,63.2183995563518,,150.389559879984,23.4579031366484,4.69741352498846,4.7877947871763,FALSE,TRUE,FALSE,pre,TRUE,2009-06-25,2009-09-08,,-21,1159999672,10582840,62.35726557318295,4.132880194177231,109.61137766421868,602.9127696346161,6.4017725256237155
RS,2008-01-01,2008,1,64.6447837057385,,135.5676157983,8.95281185235898,4.76509326354349,4.83485183798602,FALSE,TRUE,FALSE,pre,TRUE,2009-06-25,2009-09-08,,-20,1265623846,10855228,63.007934231702585,4.143260658647488,116.59118039713215,630.0790065383192,6.445845218726434
RS,2008-02-01,2008,2,63.0861087649515,,125.870282270638,6.53245501671782,4.78703006419825,4.93053354931617,FALSE,TRUE,FALSE,pre,TRUE,2009-06-25,2009-09-08,,-19,1138744311,10855228,63.21476309232028,4.146537867107076,104.90284598352056,637.5120273142395,6.457573143229891
RS,2008-03-01,2008,3,63.5037194996518,,106.184086767418,10.8978333454094,4.77273057017834,5.28444485783654,FALSE,TRUE,FALSE,pre,TRUE,2009-06-25,2009-09-08,,-18,1093965572,10855228,63.4487401406169,4.150232338023421,100.77776090930564,641.2076153852522,6.463353297435382
RS,2008-04-01,2008,4,65.6096925668707,,80.7996445891255,7.29726126497047,4.79452315305319,4.45845115521394,FALSE,TRUE,FALSE,pre,TRUE,2009-06-25,2009-09-08,,-17,1200878026,10855228,63.823075658109254,4.156114812388792,110.62669766125595,653.0317985985906,6.481625824260169
RS,2008-05-01,2008,5,65.1680337392023,,84.2124885833406,-6.19167967609564,4.78811075607081,4.88735022843033,FALSE,TRUE,FALSE,pre,TRUE,2009-06-25,2009-09-08,,-16,1204679695,10855228,64.20512297212777,4.16208300458594,110.97691315189326,653.4867757673262,6.482322296849313
RS,2008-06-01,2008,6,66.2640092993113,,128.867534419947,6.50845388325651,4.85063492818045,4.95246589119115,FALSE,TRUE,FALSE,pre,TRUE,2009-06-25,2009-09-08,,-15,1357236970,10855228,64.71272459595436,4.169957852895427,125.03071976010085,668.9061178632085,6.505643718237729
RS,2008-07-01,2008,7,64.9523028146354,,84.1676427426345,11.8011572809121,4.82104253917584,4.89827861498812,FALSE,TRUE,FALSE,pre,TRUE,2009-06-25,2009-09-08,,-14,1199086553,10855228,64.7639777807705,4.170749550344503,110.461664462506,662.7766019285823,6.49643798307138
RS,2008-08-01,2008,8,65.3325416250218,,48.817263720002,1.83642215064752,4.76806117081354,4.82291235924002,FALSE,TRUE,FALSE,pre,TRUE,2009-06-25,2009-09-08,,-13,1172822499,10855228,65.13838325744888,4.176513980035149,108.04218013661252,665.9159360816742,6.501163440474121
RS,2008-09-01,2008,9,65.8256101019181,,37.7335101044217,6.36583468865919,4.80133768978734,4.89861469118036,FALSE,TRUE,FALSE,pre,TRUE,2009-06-25,2009-09-08,,-12,1310804062,10855228,65.52536502449327,4.182437319960734,120.75325013901136,685.8914253113799,6.530719343058682
RS,2008-10-01,2008,10,64.8004315776708,,28.3010186677042,4.39964527995184,4.82219234085688,4.89877481382778,FALSE,TRUE,FALSE,pre,TRUE,2009-06-25,2009-09-08,,-11,1320165422,10855228,65.39048819295995,4.180376807411043,121.61563276238877,696.8803604125128,6.546613746690667
RS,2008-11-01,2008,11,65.4868264577632,,-10.7915906557183,3.66902014123731,4.81102173285348,4.88189801010229,FALSE,TRUE,FALSE,pre,TRUE,2009-06-25,2009-09-08,,-10,1360074898,10855228,65.4436203127201,4.181189013391393,125.29215397410354,711.195601234723,6.566947499190021
RS,2008-12-01,2008,12,61.4868289021383,,-19.8290291350484,2.20845459106004,4.68115410963081,4.6748936348981,FALSE,TRUE,FALSE,pre,TRUE,2009-06-25,2009-09-08,,-9,1201072420,10855228,64.64742357985793,4.1689482526040855,110.64460553016482,696.809487004787,6.546512040550067
RS,2009-01-01,2009,1,63.4722814289607,,-22.5163078694097,-1.88840413138338,4.73793970849089,4.92641277443035,FALSE,TRUE,FALSE,pre,TRUE,2009-06-25,2009-09-08,,-8,1342779110,10914128,64.40075334891215,4.165125331006362,123.03127744149602,709.379099983777,6.564390080365879
RS,2009-02-01,2009,2,64.8100375301292,,-37.0065669744126,-3.42667841839273,4.72770011506802,4.86495191228152,FALSE,TRUE,FALSE,pre,TRUE,2009-06-25,2009-09-08,,-7,1111070401,10914128,64.31366933309671,4.163772195479072,101.80111512344367,703.1380349706081,6.555553223845812
RS,2009-03-01,2009,3,65.1294173618961,,-38.6593783351203,-2.03293632030367,4.73836157157755,4.83931775668878,FALSE,TRUE,FALSE,pre,TRUE,2009-06-25,2009-09-08,,-6,1116237955,10914128,64.19763720975972,4.16196640643235,102.27458895479327,684.6593737863901,6.528921450039793
RS,2009-04-01,2009,4,66.2151329776484,,1.70148997144228,-4.75938756631338,4.76690592106371,4.87907638480732,FALSE,TRUE,FALSE,pre,TRUE,2009-06-25,2009-09-08,,-5,1282456339,10914128,64.43342077642265,4.165632454654763,117.50424211627352,680.5479831402748,6.522898331200515
RS,2009-05-01,2009,5,65.8772898404422,,29.3948894381879,4.88906393163786,4.7825903067308,4.88173182763462,FALSE,TRUE,FALSE,pre,TRUE,2009-06-25,2009-09-08,,-4,1249665706,10914128,64.49849800686914,4.16664193681538,114.49982133249674,669.755650498668,6.506912945117263
RS,2009-06-01,2009,6,67.2553365933537,,17.1809588934429,-1.79760478041569,4.6948652056589,4.81948217317109,FALSE,TRUE,FALSE,pre,TRUE,2009-06-25,2009-09-08,,-3,1196963203,10914128,65.45991595540505,4.181437985164558,109.6709881907194,668.7820331592226,6.505458197114219
RS,2009-07-01,2009,7,67.7078929316237,,55.9352344419936,1.52624850612478,4.72973396727057,4.84141758362793,FALSE,TRUE,FALSE,pre,TRUE,2009-06-25,2009-09-08,,-2,1176310607,10914128,66.16585120584888,4.192164487038337,107.77870728655556,653.5294630042822,6.482387616981849
RS,2009-08-01,2009,8,66.922278343856,,95.3502833766603,1.47038863832606,4.71466617159888,4.80608892200128,FALSE,TRUE,FALSE,pre,TRUE,2009-06-25,2009-09-08,,-1,1214493646,10914128,66.51789134147002,4.197470954205176,111.27720382242173,663.0055517032602,6.496783363760548
RS,2009-09-01,2009,9,67.1593884865552,,106.727827296471,7.99003229369934,4.75647013465798,4.81037754857343,FALSE,TRUE,FALSE,post,FALSE,2009-06-25,2009-09-08,,0,1243153718,10914128,66.85621986224653,4.202544341287818,113.90316459546746,674.6341273439344,6.514170510354691
RS,2009-10-01,2009,10,68.8233151515368,,102.126568545521,3.99878477047139,4.76096955322986,4.84190285720293,FALSE,TRUE,FALSE,post,FALSE,2009-06-25,2009-09-08,,1,1308755374,10914128,67.29091689122794,4.209025263073034,119.91387438373455,677.0437596113954,6.517735908358656
RS,2009-11-01,2009,11,68.7185879796633,,155.507538280472,7.13107313859258,4.7649077174536,4.86219382498226,FALSE,TRUE,FALSE,post,FALSE,2009-06-25,2009-09-08,,2,1419093801,10914128,67.76446658109812,4.216037965838062,130.02356221220788,692.5675004911066,6.540405706944615
RS,2009-12-01,2009,12,70.1191592223462,,142.621307480239,13.1005420612197,4.82889629860743,4.87455866207685,FALSE,TRUE,FALSE,post,FALSE,2009-06-25,2009-09-08,,3,1425691111,10914128,68.24177035259686,4.223056845880275,130.62803652293616,713.5245488233234,6.570216842524483
RS,2010-01-01,2010,1,69.4052348609228,,128.940771953103,15.4859419820873,4.87785169461107,4.95888106463669,FALSE,TRUE,FALSE,post,FALSE,2009-06-25,2009-09-08,,4,1541028659,10693929,68.52466067414672,4.2271936903217435,144.10313169275764,749.8489732295254,6.619871817225592
RS,2010-02-01,2010,2,71.4353476313054,,135.286263672048,15.4589246404437,4.72692474088574,4.90344166515254,FALSE,TRUE,FALSE,post,FALSE,2009-06-25,2009-09-08,,5,1144847624,10693929,69.27683888872161,4.238110635163558,107.05584673322592,745.6276161403296,6.614226301500281
RS,2010-03-01,2010,3,72.5069389173606,,188.564042731835,1.9377250648205,4.95427472193022,5.05765283574942,FALSE,TRUE,FALSE,post,FALSE,2009-06-25,2009-09-08,,6,1421600536,10693929,70.16809729385585,4.250893753232543,132.93528842392726,764.6597399687894,6.63943095052611
RS,2010-04-01,2010,4,69.8987923230895,,146.183497163159,35.873748730569,4.89580762085667,5.04023169533046,FALSE,TRUE,FALSE,post,FALSE,2009-06-25,2009-09-08,,7,1534247758,10693929,70.34734348911464,4.253445021498659,143.46904285599803,788.2149084410529,6.6697707791228185
RS,2010-05-01,2010,5,73.2420106550701,,147.626812512077,19.729806230484,4.86534380201401,5.01956138941202,FALSE,TRUE,FALSE,post,FALSE,2009-06-25,2009-09-08,,8,1452965587,10693929,71.1012472683491,4.264104879107496,135.86826572347732,794.0596119523224,6.677158536454517
RS,2010-06-01,2010,6,72.6685799717766,,127.688860055211,22.44129765483,4.88828507322727,5.00997477362592,FALSE,TRUE,FALSE,post,FALSE,2009-06-25,2009-09-08,,9,1396592661,10693929,71.5261507265875,4.2700631272595695,130.59677701245258,794.0283524418387,6.677119168974643
RS,2010-07-01,2010,7,74.764914254034,,124.668892461029,16.1703789519857,4.900467060573,4.98681791286108,FALSE,TRUE,FALSE,post,FALSE,2009-06-25,2009-09-08,,10,1456077500,10693929,72.41943062543936,4.282474642188933,136.15926382155706,786.0844845706382,6.667064273384014
RS,2010-08-01,2010,8,75.9852707118012,,127.479514960695,15.1142026367714,5.04590128440031,5.11077832616692,FALSE,TRUE,FALSE,post,FALSE,2009-06-25,2009-09-08,,11,1727219119,10693929,73.17775113885533,4.29289142857576,161.51398788976437,840.5426257271766,6.73404766628869
RS,2010-09-01,2010,9,76.4152028820177,,104.487626468691,-2.78496034969809,4.9288024489521,4.99786059563275,FALSE,TRUE,FALSE,post,FALSE,2009-06-25,2009-09-08,,12,1542507260,10693929,73.82912846629819,4.301753348400264,144.24139715159882,851.8487344548482,6.747408969347258
RS,2010-10-01,2010,10,75.893524434525,,107.038383975821,3.54190186828156,4.87823484931155,4.93193096392982,FALSE,TRUE,FALSE,post,FALSE,2009-06-25,2009-09-08,,13,1491496500,10693929,74.82825048487076,4.3151954939562085,139.4713299480481,847.8510215468982,6.742704938219897
RS,2010-11-01,2010,11,75.9491039100093,,102.635178774993,9.9590796884922,4.84204619835234,4.91476379005617,FALSE,TRUE,FALSE,post,FALSE,2009-06-25,2009-09-08,,14,1580379520,10693929,75.27943269402729,4.321206959303289,147.78287007516133,859.7656258985822,6.756659824080138
RS,2010-12-01,2010,12,79.228121295378,,109.970503991286,27.3077429772009,4.90812845824648,4.95439184259929,FALSE,TRUE,FALSE,post,FALSE,2009-06-25,2009-09-08,,15,1625468978,10693929,76.3726895812942,4.335625166052771,151.99923040446595,881.1680792905956,6.7812483901352145
RS,2011-01-01,2011,1,76.1714743314545,101.140322566248,99.9268480166509,8.5322304105131,4.84723630489103,4.98482926225513,FALSE,TRUE,FALSE,post,FALSE,2009-06-25,2009-09-08,,16,1630511128,10733030,76.60711626086429,4.338689974009324,151.91526791595663,896.9240833849951,6.79897122456967
RS,2011-02-01,2011,2,77.1846435119385,99.4922800016764,134.269437432169,9.65807434212507,4.88383583084029,5.10089130644448,FALSE,TRUE,FALSE,post,FALSE,2009-06-25,2009-09-08,,17,1434280439,10733030,76.80701172755383,4.341295934522026,133.63238889670484,869.0424843919357,6.767392012898837
RS,2011-03-01,2011,3,73.3867253064948,98.757723418368,100.920573048727,-1.66940821816933,4.9308335997543304,5.03398101633592,FALSE,TRUE,FALSE,post,FALSE,2009-06-25,2009-09-08,,18,1455131906,10733030,76.30226546496668,4.334702629395716,135.57512706104427,860.3762143013811,6.7573697520804625
RS,2011-04-01,2011,4,76.3423746967315,98.2016569989632,104.775175597501,5.97065922754134,4.91447083406215,5.04082396672974,FALSE,TRUE,FALSE,post,FALSE,2009-06-25,2009-09-08,,19,1642541000,10733030,76.3770738420011,4.335682570537202,153.03609511945834,873.9409794727914,6.7730128441680035
RS,2011-05-01,2011,5,78.1699823427442,100.730156479427,88.0501070459317,9.75507672485116,4.86906767295897,5.03181912673819,FALSE,TRUE,FALSE,post,FALSE,2009-06-25,2009-09-08,,20,1539683000,10733030,76.74722024745692,4.340517167537232,143.45278080840174,869.6108902060317,6.768045858964592
RS,2011-06-01,2011,6,79.6963290493153,100.70997323694,131.041970268239,6.87665746755712,4.89009524899616,4.95151183750975,FALSE,TRUE,FALSE,post,FALSE,2009-06-25,2009-09-08,,21,1524884336,10733030,76.82525487311314,4.341533425591431,142.07398432688626,859.685644128452,6.756566792341953
RS,2011-07-01,2011,7,79.1305126615091,101.630659101581,91.3143487148557,6.03758349599455,4.92838368448648,4.98489080979399,FALSE,TRUE,FALSE,post,FALSE,2009-06-25,2009-09-08,,22,1582319456,10733030,77.31842792812223,4.34793232211225,147.42523369449262,855.195609906988,6.751330226286748
RS,2011-08-01,2011,8,79.5519249601801,100.849391517801,46.8215146009087,14.318333169531,4.95387149830721,5.01334658217008,FALSE,TRUE,FALSE,post,FALSE,2009-06-25,2009-09-08,,23,1685540320,10733030,77.7129748361625,4.353022229741338,157.04235616596617,878.6055771762494,6.778336079320587
SC,2006-09-01,2006,9,48.8117651983564,,,,4.60313252825429,4.71901894293315,FALSE,TRUE,FALSE,pre,TRUE,2009-06-25,2009-09-08,,-36,518046287,5958266,,,86.9458139331141,,
SC,2006-10-01,2006,10,48.9977319863063,,,,4.59382837192738,4.729945639772975,FALSE,TRUE,FALSE,pre,TRUE,2009-06-25,2009-09-08,,-35,503541834,5958266,,,84.51147263314527,,
SC,2006-11-01,2006,11,49.8684508187523,,,,4.60860668955097,4.715935366119284,FALSE,TRUE,FALSE,pre,TRUE,2009-06-25,2009-09-08,,-34,525912823,5958266,,,88.26608664332878,,
SC,2006-12-01,2006,12,49.7264608677093,,,,4.58937664517736,4.738326606426904,FALSE,TRUE,FALSE,pre,TRUE,2009-06-25,2009-09-08,,-33,537090272,5958266,,,90.1420433394548,,
SC,2007-01-01,2007,1,51.2407975198214,,115.562503847316,-19.9315067652699,4.67135114714842,4.847613404984967,FALSE,TRUE,FALSE,pre,TRUE,2009-06-25,2009-09-08,,-32,598797984,5866252,,,102.0750530321575,,
SC,2007-02-01,2007,2,51.2805455082012,,149.261855314762,-1.29731481514442,4.7488323774588,4.817066893137198,FALSE,TRUE,FALSE,pre,TRUE,2009-06-25,2009-09-08,,-31,571162377,5866252,49.987625316524486,3.9117754811270236,97.36410522425562,549.304574805456,6.308653068741813
SC,2007-03-01,2007,3,50.8983443784518,,122.251754024599,-2.02974924412522,4.69117019947921,4.790687995560414,FALSE,TRUE,FALSE,pre,TRUE,2009-06-25,2009-09-08,,-30,550490999,5866252,50.33538851320705,3.9187083787014556,93.8403258162111,556.199086688553,6.321126299742697
SC,2007-04-01,2007,4,51.3976891311756,,110.448015614791,-7.64009797996816,4.68342331175648,4.815191216000782,FALSE,TRUE,FALSE,pre,TRUE,2009-06-25,2009-09-08,,-29,571149741,5866252,50.73538137068527,3.9266235246178485,97.3619512083695,569.0495652637774,6.343967539759199
SC,2007-05-01,2007,5,52.234116735083,,85.5801228395518,10.3154931057254,4.68483095222847,4.801667401289123,FALSE,TRUE,FALSE,pre,TRUE,2009-06-25,2009-09-08,,-28,563140196,5866252,51.12965902340705,3.9343647402530673,95.99659134997951,576.780069970428,6.357461032617933
SC,2007-06-01,2007,6,52.0348870778766,,55.0188740023028,2.375564550897,4.7082483840001,4.816089804266814,FALSE,TRUE,FALSE,pre,TRUE,2009-06-25,2009-09-08,,-27,580719587,5866252,51.5143967251016,3.941861316663637,98.99329026438005,585.6313168953533,6.372690439522095
SC,2007-07-01,2007,7,52.8459270226988,,51.8169358257956,-2.72651239502602,4.69896937865728,4.785462143327036,FALSE,TRUE,FALSE,pre,TRUE,2009-06-25,2009-09-08,,-26,552775317,5866252,51.7819183089145,3.9470410209317595,94.22972572606837,577.7859895892642,6.359203539882949
SC,2007-08-01,2007,8,52.62243774396,,65.7041174759202,6.37129058785357,4.65133095105823,4.7671920225439814,FALSE,TRUE,FALSE,pre,TRUE,2009-06-25,2009-09-08,,-25,542519845,5866252,52.0055670148743,3.951350770829483,92.48151034084455,572.9033947058531,6.350717106874116
SC,2007-09-01,2007,9,53.4007096987563,,109.83200280366,6.89504483524802,4.67077241726558,4.793347574657025,FALSE,TRUE,FALSE,pre,TRUE,2009-06-25,2009-09-08,,-24,568067627,5866252,52.42262790159172,3.9593383282982244,96.83655373141147,575.8996226210535,6.355933379226865
SC,2007-10-01,2007,10,53.6237914100384,,141.914554122754,12.1010480408785,4.65190511904576,4.813036590364552,FALSE,TRUE,FALSE,pre,TRUE,2009-06-25,2009-09-08,,-23,551175936,5866252,52.79364494806885,3.96639082263624,93.95708469394087,572.4947561066248,6.350003575747362
SC,2007-11-01,2007,11,53.8265070151169,,163.03740583202,14.5278380362528,4.66365448326377,4.790843949780048,FALSE,TRUE,FALSE,pre,TRUE,2009-06-25,2009-09-08,,-22,576099023,5866252,53.0590433280745,3.971405318544686,98.20563845535446,574.7038032119998,6.353854783226269
SC,2007-12-01,2007,12,54.5426619394893,,240.809702250827,48.4255241510056,4.66504088771939,4.789264617388643,FALSE,TRUE,FALSE,pre,TRUE,2009-06-25,2009-09-08,,-21,596527613,5866252,53.47700580500995,3.979251763475114,101.68803061989155,577.3985435675113,6.358532744827855
SC,2008-01-01,2008,1,54.4591093381072,,181.567740423041,7.93454408150885,4.66248737375272,4.845942934896601,FALSE,TRUE,FALSE,pre,TRUE,2009-06-25,2009-09-08,,-20,639587673,6052587,53.74586952424468,3.9842668179943983,105.67178513914794,588.8406029805908,6.378155523903605
SC,2008-02-01,2008,2,52.9969552887175,,131.348815639134,10.4824383368562,4.73554843510985,4.823260901579879,FALSE,TRUE,FALSE,pre,TRUE,2009-06-25,2009-09-08,,-19,609092748,6052587,53.8082891150376,3.9854275280699643,100.63345607423734,596.9925487139836,6.391904632098603
SC,2008-03-01,2008,3,54.1200483656813,,141.704434758194,15.9463885789028,4.68853772518749,4.797102372125219,FALSE,TRUE,FALSE,pre,TRUE,2009-06-25,2009-09-08,,-18,589892321,6052587,53.92817889285843,3.9876531407993525,97.46118824892562,597.6171832314978,6.392950387139327
SC,2008-04-01,2008,4,55.0582922242324,,74.6226743538991,16.6710658436449,4.69951798806624,4.846642157967536,FALSE,TRUE,FALSE,pre,TRUE,2009-06-25,2009-09-08,,-17,628320474,6052587,54.167262361890764,3.992076710491502,103.81023420233365,607.4703327398905,6.409303339026171
SC,2008-05-01,2008,5,54.5775177515149,,134.757031900883,4.2796229600395,4.70963050901474,4.818399347809246,FALSE,TRUE,FALSE,pre,TRUE,2009-06-25,2009-09-08,,-16,622649924,6052587,54.2924308179571,3.9943848216056845,102.87335382374512,612.1380481082813,6.41695782587989
SC,2008-06-01,2008,6,55.8620563231339,,160.298078995335,19.763886432839,4.75882959460016,4.8753327137007005,FALSE,TRUE,FALSE,pre,TRUE,2009-06-25,2009-09-08,,-15,663081411,6052587,54.51232988189787,3.9984269124467096,109.55338783234343,620.0034053207331,6.429724970476849
SC,2008-07-01,2008,7,56.4287693175254,,171.775521887161,13.3949994648422,4.75824128809474,4.849120117814557,FALSE,TRUE,FALSE,pre,TRUE,2009-06-25,2009-09-08,,-14,641260792,6052587,54.840606545134236,4.004430914901626,105.9482155316396,620.2798357132248,6.4301707241368575
SC,2008-08-01,2008,8,56.8338999824935,,113.622391194708,-1.80051346170192,4.85497082384384,4.95319113952654,FALSE,TRUE,FALSE,pre,TRUE,2009-06-25,2009-09-08,,-13,729963512,6052587,55.48009732743023,4.016024349724656,120.6035554714042,640.2499351103917,6.461858623729206
SC,2008-09-01,2008,9,56.7202729306745,,68.8280378258758,17.4705913676394,4.79219780543622,4.9340644763155135,FALSE,TRUE,FALSE,pre,TRUE,2009-06-25,2009-09-08,,-12,704116025,6052587,55.913468088262434,4.0238052829531386,116.33306964443469,659.1218165059007,6.490908367959813
SC,2008-10-01,2008,10,56.5349339537037,,47.2216271038465,8.31762448200358,4.81160742499381,4.953824443128651,FALSE,TRUE,FALSE,pre,TRUE,2009-06-25,2009-09-08,,-11,717174806,6052587,56.159575043174314,4.028197192793883,118.49062326572093,673.8022055692879,6.512936604296404
SC,2008-11-01,2008,11,55.2629352548235,,13.0219021408231,1.79543347824116,4.7938130898878,5.091147747465493,FALSE,TRUE,FALSE,pre,TRUE,2009-06-25,2009-09-08,,-10,731478901,6052587,56.27381129372575,4.030229263401787,120.85392593282839,691.7827776783713,6.5392720012500956
SC,2008-12-01,2008,12,57.206820219321,,31.0281155765805,7.29087708035469,4.6805795353504,4.8234818263835715,FALSE,TRUE,FALSE,pre,TRUE,2009-06-25,2009-09-08,,-9,667045387,6052587,56.497938609756936,4.034204152703746,110.20831042990378,692.4377002759315,6.5402182705140754
SC,2009-01-01,2009,1,56.7617486686215,,-31.0890794052999,7.73402519209777,4.7407295059499,4.906466501036424,FALSE,TRUE,FALSE,pre,TRUE,2009-06-25,2009-09-08,,-8,736353296,6118743,56.55343516827295,4.035185946398404,120.34388370291087,706.8333684472028,6.560794949924256
SC,2009-02-01,2009,2,58.0118733560276,,-26.6341027745958,-1.57163834065807,4.7506068123028,4.824165848424917,FALSE,TRUE,FALSE,pre,TRUE,2009-06-25,2009-09-08,,-7,661225247,6118743,56.74976406386197,4.038651498887883,108.06553682676328,694.295349802562,6.542897446059371
SC,2009-03-01,2009,3,58.0815701003751,,3.01002500731189,9.34428423417638,4.74856581279297,4.865764565249766,FALSE,TRUE,FALSE,pre,TRUE,2009-06-25,2009-09-08,,-6,665176076,6118743,56.97664692547873,4.042641480821543,108.71122974114128,686.6735098992685,6.531858938938579
SC,2009-04-01,2009,4,58.6713312903725,,12.4765651027691,-4.27382244523849,4.74888257137853,4.901998229414385,FALSE,TRUE,FALSE,pre,TRUE,2009-06-25,2009-09-08,,-5,705107917,6118743,57.33271314825687,4.048871370905271,115.23738078229466,683.4202674158423,6.527109995981038
SC,2009-05-01,2009,5,59.3769856760794,,19.5438019667015,-1.31117367714726,4.79020849356145,4.889884928479859,FALSE,TRUE,FALSE,pre,TRUE,2009-06-25,2009-09-08,,-4,708112811,6118743,58.018388218466185,4.06075999854983,115.72847740132246,678.2948188843363,6.519582029539161
SC,2009-06-01,2009,6,58.8287674741794,,0.153914260634522,-3.75433018966794,4.74749908609462,4.876827372809855,FALSE,TRUE,FALSE,pre,TRUE,2009-06-25,2009-09-08,,-3,687073958,6118743,58.28871276094259,4.065408468453565,112.29005009689081,680.3765585513233,6.522646407475714
SC,2009-07-01,2009,7,59.3565600700367,,143.426031692166,8.23097065462889,4.753341548484,4.845239935075077,FALSE,TRUE,FALSE,pre,TRUE,2009-06-25,2009-09-08,,-2,668699294,6118743,58.721181327845116,4.07280050208491,109.28703722316823,669.3197120715807,6.50626184144577
SC,2009-08-01,2009,8,59.7643637680562,,126.518888563938,-2.82028230099109,4.7655287445234,4.88619402568181,FALSE,TRUE,FALSE,pre,TRUE,2009-06-25,2009-09-08,,-1,706771341,6118743,59.01326306318322,4.0777622163235785,115.50923792680948,676.7634131716269,6.517321748278237
SC,2009-09-01,2009,9,60.1893549664302,,118.020918471129,-0.442065661788701,4.73142945304294,4.880706431230795,FALSE,TRUE,FALSE,post,FALSE,2009-06-25,2009-09-08,,0,702117318,6118743,59.36456054085907,4.0836974244264805,114.74862042743092,682.8008038579165,6.526203168215897
SC,2009-10-01,2009,10,61.0073267335625,,142.615403207393,6.44124754404223,4.75117770298791,4.903803943732514,FALSE,TRUE,FALSE,post,FALSE,2009-06-25,2009-09-08,,1,717389370,6118743,59.753893114724065,4.090234345420796,117.24456640849273,684.8079894841146,6.529138491646324
SC,2009-11-01,2009,11,61.7622228695504,,230.731165542662,12.5411143996663,4.7920093848164,4.9462541302508995,FALSE,TRUE,FALSE,post,FALSE,2009-06-25,2009-09-08,,2,782556557,6118743,60.15143264696923,4.096865260041771,127.89498709130291,696.9744991740951,6.546748823540423
SC,2009-12-01,2009,12,62.1624408851416,,119.831738416013,7.23183292306526,4.78237754855212,4.930028336128622,FALSE,TRUE,FALSE,post,FALSE,2009-06-25,2009-09-08,,3,787779133,6118743,60.7070448821296,4.106059751992049,128.748524492694,713.4329735698983,6.5700884921677085
SC,2010-01-01,2010,1,60.3674800166591,,155.264763920655,11.6031995806729,4.8394296652502,4.987798557648072,FALSE,TRUE,FALSE,post,FALSE,2009-06-25,2009-09-08,,4,864836041,6248436,60.8755315399,4.108831313026235,138.40840187848607,742.5543382252162,6.610096050794028
SC,2010-02-01,2010,2,63.440766250697,,121.286259937806,13.7210288577107,4.80108127980765,4.855223684416684,FALSE,TRUE,FALSE,post,FALSE,2009-06-25,2009-09-08,,5,741594308,6248436,61.4882652870068,4.118846348264892,118.68478896158975,745.7298892599964,6.614363455897475
SC,2010-03-01,2010,3,63.6140793002933,,132.815992980962,-32.4975179724307,4.83251404769368,4.939376659150965,FALSE,TRUE,FALSE,post,FALSE,2009-06-25,2009-09-08,,6,771222600,6248436,62.059052675983985,4.128086394256354,123.42650224792251,754.4077710804879,6.625933032274262
SC,2010-04-01,2010,4,61.8221331784735,,150.752735812903,18.8841065304928,4.89561647396344,5.033586456384588,FALSE,TRUE,FALSE,post,FALSE,2009-06-25,2009-09-08,,7,875352842,6248436,62.19485375013582,4.130272259186148,140.09151121976763,777.2547158917629,6.655768116327034
SC,2010-05-01,2010,5,63.8196140793433,,145.414573195886,10.4256507507595,4.84752878549251,4.959247297340013,FALSE,TRUE,FALSE,post,FALSE,2009-06-25,2009-09-08,,8,801491604,6248436,62.5377522851013,4.135770410947322,128.27075511375966,777.6304839142197,6.656251454942412
SC,2010-06-01,2010,6,64.4931057451338,,120.590776480716,20.2079767971168,4.87487676540805,4.98011294273344,FALSE,TRUE,FALSE,post,FALSE,2009-06-25,2009-09-08,,9,826458642,6248436,62.926196428433336,4.141962554403331,132.2664810842265,781.1484405057521,6.660765196447742
SC,2010-07-01,2010,7,63.8732154688625,,121.551067176734,11.6289111941841,4.9234017810537,4.991521442253796,FALSE,TRUE,FALSE,post,FALSE,2009-06-25,2009-09-08,,10,837569781,6248436,63.51048567046723,4.151205020935183,134.04470830780696,776.784746935073,6.655163281015887
SC,2010-08-01,2010,8,64.8638703321147,,132.655243906204,26.5043302267319,4.88654381550092,5.011011346629091,FALSE,TRUE,FALSE,post,FALSE,2009-06-25,2009-09-08,,11,854702381,6248436,63.74766968403685,4.15493262939453,136.78661044139685,794.8865684148801,6.678199423235251
SC,2010-09-01,2010,9,65.4593454992903,,166.858013095791,14.7199134727366,4.91241968320112,5.0531099457975825,FALSE,TRUE,FALSE,post,FALSE,2009-06-25,2009-09-08,,12,905133088,6248436,64.05521405053635,4.159745430970698,144.85754323161828,816.3176093985759,6.704803506438986
SC,2010-10-01,2010,10,66.855998792331,,125.368613029907,6.85597263005553,4.95315764179293,5.081133028760418,FALSE,TRUE,FALSE,post,FALSE,2009-06-25,2009-09-08,,13,946050192,6248436,64.89419165284593,4.1727581228304755,151.4059185370547,827.632016715863,6.718568631343326
SC,2010-11-01,2010,11,64.9503175438925,,107.98502890544,15.7383434687639,4.88757673903715,5.289132935565954,FALSE,TRUE,FALSE,post,FALSE,2009-06-25,2009-09-08,,14,943883529,6248436,65.08264223027079,4.175657881254269,151.05916568562117,850.4204272877245,6.745730847538543
SC,2010-12-01,2010,12,64.0163802347998,,130.285241190383,51.3008235558958,4.92986462517868,5.0787509907818915,FALSE,TRUE,FALSE,post,FALSE,2009-06-25,2009-09-08,,15,997975677,6248436,65.00318797854847,4.174436314516752,159.71607567077587,877.8700218742738,6.777498543808712
SC,2011-01-01,2011,1,64.2839073156228,85.675931601906,110.187549491863,16.829369975991,4.93331705356483,5.081811687608876,FALSE,TRUE,FALSE,post,FALSE,2009-06-25,2009-09-08,,16,1014916365,6317054,65.07163661967517,4.175488764868406,160.66292372995386,904.4882372964207,6.807369300103382
SC,2011-02-01,2011,2,64.6536397384425,86.2672580183753,145.47165481549,17.1991993462317,4.93518959641962,4.978884361950366,FALSE,TRUE,FALSE,post,FALSE,2009-06-25,2009-09-08,,17,906198696,6317054,65.03659818739648,4.174950160479872,143.45273857085914,911.154365425883,6.814712329037179
SC,2011-03-01,2011,3,66.4565055552111,84.0442005539172,66.9642049592889,-0.34947921052302,4.94305013910951,5.0215616878489175,FALSE,TRUE,FALSE,post,FALSE,2009-06-25,2009-09-08,,18,923632803,6317054,65.20279153004995,4.177502282894143,146.21258627835064,912.5094084726154,6.816198396058413
SC,2011-04-01,2011,4,65.9758893311991,84.2984369422436,83.3039436999883,13.4973704913977,4.93495479066025,5.057035735828551,FALSE,TRUE,FALSE,post,FALSE,2009-06-25,2009-09-08,,19,975752122,6317054,65.0561066198613,4.175250076338182,154.4631598843385,915.5666498198991,6.819543163015616
SC,2011-05-01,2011,5,67.0722666903478,84.1678320528927,91.6861053029509,22.5831566782405,4.95296642580162,5.0587280453725745,FALSE,TRUE,FALSE,post,FALSE,2009-06-25,2009-09-08,,20,954360048,6317054,65.40976481093718,4.180671556353405,151.07675951479914,915.5842436490772,6.819562379159126
SC,2011-06-01,2011,6,67.9846901622083,85.3674865202704,120.531274214304,10.2226872141309,4.94946672294624,5.047455040221747,FALSE,TRUE,FALSE,post,FALSE,2009-06-25,2009-09-08,,21,955935120,6317054,66.0711497988386,4.190732188627444,151.3260959934805,907.1942639717818,6.8103566101710715
SC,2011-07-01,2011,7,70.1324329167927,84.9468477290939,86.798755608324,17.8492571314616,4.96036410990448,5.0208737159367445,FALSE,TRUE,FALSE,post,FALSE,2009-06-25,2009-09-08,,22,931177360,6317054,67.04590406570024,4.2053775201018775,147.40690201476826,893.9382422565961,6.795636692537471
SC,2011-08-01,2011,8,69.7374685175378,85.1622420918118,62.4797328767491,20.0625617856319,5.03094386329729,5.150058546425718,FALSE,TRUE,FALSE,post,FALSE,2009-06-25,2009-09-08,,23,1069034675,6317054,67.89320886221613,4.217936012805883,169.22994088700207,919.7154445727391,6.824064322822711
SE,2006-09-01,2006,9,83.8521099213995,,,,3.99113587011127,4.05508373124531,FALSE,TRUE,FALSE,pre,TRUE,2009-06-25,2009-09-08,,-36,97004379,2000738,,,48.48429879374511,,
SE,2006-10-01,2006,10,83.8236175585301,,,,4.38237761089675,4.43570010334413,FALSE,TRUE,FALSE,pre,TRUE,2009-06-25,2009-09-08,,-35,148701531,2000738,,,74.32334018747082,,
SE,2006-11-01,2006,11,84.1308874985977,,,,3.97946684606443,4.06281064606087,FALSE,TRUE,FALSE,pre,TRUE,2009-06-25,2009-09-08,,-34,98292118,2000738,,,49.12793079353718,,
SE,2006-12-01,2006,12,83.8241105753166,,,,3.98553326836925,4.05725641224643,FALSE,TRUE,FALSE,pre,TRUE,2009-06-25,2009-09-08,,-33,99991623,2000738,,,49.97736985052516,,
SE,2007-01-01,2007,1,85.0898968731197,,34.6690354233713,-5.13935471172261,4.08602516535284,4.14491432734608,FALSE,TRUE,FALSE,pre,TRUE,2009-06-25,2009-09-08,,-32,110724377,1939426,,,57.09131309985532,,
SE,2007-02-01,2007,2,84.8671821387268,,18.5794164510818,0.111291752534571,4.07731664219074,4.14840844958465,FALSE,TRUE,FALSE,pre,TRUE,2009-06-25,2009-09-08,,-31,96935603,1939426,84.26463409428173,4.43396225259709,49.981594038648545,328.98584676378215,5.796014730884961
SE,2007-03-01,2007,3,85.7238734357189,,14.3614065268931,-1.15771756147281,4.08210513794613,4.16258727593602,FALSE,TRUE,FALSE,pre,TRUE,2009-06-25,2009-09-08,,-30,92688709,1939426,84.57659468000163,4.437657569706297,47.79182551950938,328.2933734895464,5.793907639989331
SE,2007-04-01,2007,4,86.5824138187634,,123.517885910163,4.47159691237784,3.97305792241088,4.07206378415856,FALSE,TRUE,FALSE,pre,TRUE,2009-06-25,2009-09-08,,-29,90453991,1939426,85.03639405670718,4.443079330226705,46.639568099014866,300.60960140109046,5.705812417597502
SE,2007-05-01,2007,5,89.8657014429348,,51.1578141574418,12.3799560209316,4.02521446765365,4.11324628827934,FALSE,TRUE,FALSE,pre,TRUE,2009-06-25,2009-09-08,,-28,90453891,1939426,85.99219638076337,4.454256552377841,46.63951653736724,298.1211871449205,5.697500072109819
SE,2007-06-01,2007,6,88.2423388275423,,55.1225927273775,7.59172558885342,3.9873304416674,4.06595604104839,FALSE,TRUE,FALSE,pre,TRUE,2009-06-25,2009-09-08,,-27,90743230,1939426,86.72856775613431,4.462783330737046,46.78870449297885,294.9325217873742,5.686746590471087
SE,2007-07-01,2007,7,89.0050479303505,,27.6287366389311,1.0781578698227,4.05622950387593,4.12082150159473,FALSE,TRUE,FALSE,pre,TRUE,2009-06-25,2009-09-08,,-26,98497045,1939426,87.38109293233946,4.470278931253942,50.78669926050285,288.62790794802174,5.6651383428011135
SE,2007-08-01,2007,8,89.2418383400515,,0.843394950230135,-3.83037033223879,4.03692126514241,4.1054833225289,FALSE,TRUE,FALSE,pre,TRUE,2009-06-25,2009-09-08,,-25,96043748,1939426,88.1102022992269,4.478588329860873,49.52173890625371,288.1680528156269,5.66354382667719
SE,2007-09-01,2007,9,87.480395517752,,33.0911039915451,-1.00890688809126,4.05991488785294,4.13005192726833,FALSE,TRUE,FALSE,pre,TRUE,2009-06-25,2009-09-08,,-24,104579980,1939426,88.40295597956575,4.481905407767408,53.923160770248515,294.299388066366,5.684597575952067
SE,2007-10-01,2007,10,85.9931158359244,,-3.59377015555367,11.732443184031,4.04171615081754,4.11836460426904,FALSE,TRUE,FALSE,pre,TRUE,2009-06-25,2009-09-08,,-23,105485956,1939426,88.30473964909258,4.480793782829539,54.39029692290399,302.05011689025514,5.710592953574429
SE,2007-11-01,2007,11,88.4082222642041,,35.9822026262445,2.01015455614039,4.10229652694838,4.17764074341634,FALSE,TRUE,FALSE,pre,TRUE,2009-06-25,2009-09-08,,-22,112870996,1939426,88.06182645263746,4.4780391411145315,58.19814522441176,313.60874557729966,5.748146175770114
SE,2007-12-01,2007,12,89.2144133703719,,63.4563041263456,36.7868583951167,4.10733886273961,4.18272444631817,FALSE,TRUE,FALSE,pre,TRUE,2009-06-25,2009-09-08,,-21,114672886,1939426,88.2238388764424,4.479877208538966,59.12722939673903,325.94727048105983,5.786735621293638
SE,2008-01-01,2008,1,87.2076264332353,,27.5255780886023,-14.5958612787027,4.05557673419561,4.1282906606953,FALSE,TRUE,FALSE,pre,TRUE,2009-06-25,2009-09-08,,-20,116635841,1999374,87.92426862692321,4.47647586017843,58.33617972425369,333.4967509448107,5.809633123013802
SE,2008-02-01,2008,2,87.4167724926417,,46.9786877325334,-0.270286267321469,4.08604564061523,4.15313679963983,FALSE,TRUE,FALSE,pre,TRUE,2009-06-25,2009-09-08,,-19,105508238,1999374,87.62009098568824,4.473010320797542,52.77063620913346,336.74564824769044,5.819327892408727
SE,2008-03-01,2008,3,89.0553370386838,,146.954175024393,-8.00938279294143,4.10647042156654,4.1697290560547,FALSE,TRUE,FALSE,pre,TRUE,2009-06-25,2009-09-08,,-18,99807804,1999374,87.88258123917687,4.4760016194015835,49.91952681189212,332.74201428933407,5.807367457856762
SE,2008-04-01,2008,4,91.982212271285,,27.1412527873329,13.3720384421696,3.96819184048477,4.07236464188246,FALSE,TRUE,FALSE,pre,TRUE,2009-06-25,2009-09-08,,-17,99885280,1999374,88.88076397840364,4.487295740911035,49.95827694068243,328.3099943071125,5.793958266648849
SE,2008-05-01,2008,5,88.1124880876218,,52.8661564882147,9.97504524080779,4.01279356864525,4.10551278852674,FALSE,TRUE,FALSE,pre,TRUE,2009-06-25,2009-09-08,,-16,97503120,1999374,88.83147494897325,4.486741034819977,48.76682401591698,318.8786730986177,5.76481069532505
SE,2008-06-01,2008,6,90.1479130724872,,44.3503086716207,1.51015527543679,4.13895304972802,4.22256535850024,FALSE,TRUE,FALSE,pre,TRUE,2009-06-25,2009-09-08,,-15,115706248,1999374,88.98705823265914,4.488490946042438,57.87123769739929,317.62268139927795,5.7608641418081845
SE,2008-07-01,2008,7,89.4516356340868,,29.6237174537492,7.89891742798145,4.10750715010817,4.17111826990711,FALSE,TRUE,FALSE,pre,TRUE,2009-06-25,2009-09-08,,-14,114026714,1999374,89.36105976613439,4.492685014204212,57.03120776803139,316.31770944305566,5.7567471181310905
SE,2008-08-01,2008,8,90.0007687963354,,63.6782837046782,13.5430886244827,4.1488014216047,4.21807009395973,FALSE,TRUE,FALSE,pre,TRUE,2009-06-25,2009-09-08,,-13,117184740,1999374,89.79172581675,4.497492830937714,58.61071515384315,322.1577883877654,5.7750414515698125
SE,2008-09-01,2008,9,96.9393607241842,,59.7838548086988,15.9720482729786,4.13185519882932,4.20038731411753,FALSE,TRUE,FALSE,pre,TRUE,2009-06-25,2009-09-08,,-12,122299450,1999374,91.1057297643334,4.512020697615564,61.16887085657811,333.40713243245136,5.809364363106616
SE,2008-10-01,2008,10,95.9767402572284,,41.7021578529576,9.89016012320011,4.09982854219623,4.1614513386385,FALSE,TRUE,FALSE,pre,TRUE,2009-06-25,2009-09-08,,-11,121136814,1999374,91.7714844286573,4.519301622233033,60.587370847075135,344.0362263388441,5.840746960953329
SE,2008-11-01,2008,11,93.8593310841607,,26.39380015831,-15.9247891716946,4.05957521860405,4.14822228361708,FALSE,TRUE,FALSE,pre,TRUE,2009-06-25,2009-09-08,,-10,119184955,1999374,92.72929159474711,4.5296844053431515,59.61113578550086,354.8805381084279,5.871781220471797
SE,2008-12-01,2008,12,90.6839023589856,,-10.1052965616863,16.2710847431815,3.99430515142388,4.08378122123476,FALSE,TRUE,FALSE,pre,TRUE,2009-06-25,2009-09-08,,-9,111774980,1999374,92.81862314249685,4.530647300073371,55.9049882613258,352.9142886723545,5.866225219156977
SE,2009-01-01,2009,1,96.6377089515912,,2.8480648082522,3.66825326369327,4.02795105657371,4.12682987079329,FALSE,TRUE,FALSE,pre,TRUE,2009-06-25,2009-09-08,,-8,122042872,2019679,94.01630202874759,4.543468193071222,60.426865853435125,356.3099467577582,5.875800989027507
SE,2009-02-01,2009,2,96.7120466473926,,37.3388916031774,9.86667053361063,4.09154944426374,4.16838733429421,FALSE,TRUE,FALSE,pre,TRUE,2009-06-25,2009-09-08,,-7,114201871,2019679,95.13484833725711,4.555295341306588,56.54456525022046,354.2437968541355,5.869985367772834
SE,2009-03-01,2009,3,98.5947560660096,,22.1913053356433,17.6070720612103,4.07207828609389,4.14549889721874,FALSE,TRUE,FALSE,pre,TRUE,2009-06-25,2009-09-08,,-6,107366446,2019679,95.41074756089468,4.558191229979833,53.16015366798387,346.23507966554126,5.847117965354442
SE,2009-04-01,2009,4,100.409033034777,,35.1374773475933,8.28406689160915,4.14917190037533,4.24466822862115,FALSE,TRUE,FALSE,pre,TRUE,2009-06-25,2009-09-08,,-5,121927325,2019679,96.14946302381945,4.565903887243525,60.36965527690291,346.01736409536903,5.846488959045218
SE,2009-05-01,2009,5,100.853541005484,,0.188852190155515,2.97533218933846,4.05779224395672,4.14955472354621,FALSE,TRUE,FALSE,pre,TRUE,2009-06-25,2009-09-08,,-4,109045318,2019679,97.31516467737333,4.577954831902667,53.9914105162256,340.3976388260938,5.830114460206577
SE,2009-06-01,2009,6,102.337297057891,,24.6528945480927,23.1206582136382,4.02680037446371,4.11075530070622,FALSE,TRUE,FALSE,pre,TRUE,2009-06-25,2009-09-08,,-3,109813801,2019679,99.2573971271909,4.597716447038834,54.37190811015018,338.86455867491816,5.825600495613908
SE,2009-07-01,2009,7,105.495233240281,,43.6425414925029,18.1430973759581,4.07283075569229,4.1559858259825,FALSE,TRUE,FALSE,pre,TRUE,2009-06-25,2009-09-08,,-2,115984825,2019679,100.73365117530587,4.612479916446549,57.427356030339475,335.8650488518225,5.81670943896217
SE,2009-08-01,2009,8,105.340549922795,,52.5052800011027,8.31892491351134,4.06514544384165,4.15311182290663,FALSE,TRUE,FALSE,pre,TRUE,2009-06-25,2009-09-08,,-1,113386910,2019679,102.1717350545396,4.62665507449437,56.14105508845713,335.46153869005917,5.815507311062443
SE,2009-09-01,2009,9,105.774834143494,,73.8752523134789,1.5681806350943,4.09133297068652,4.1687147044629,FALSE,TRUE,FALSE,post,FALSE,2009-06-25,2009-09-08,,0,123046838,2019679,103.36841473412034,4.638299448621842,60.923957718033414,343.2253427401087,5.8383872073704195
SE,2009-10-01,2009,10,106.610659674353,,66.1070833404829,9.19917376730704,4.17050786903166,4.24437422771242,FALSE,TRUE,FALSE,post,FALSE,2009-06-25,2009-09-08,,1,135523016,2019679,104.40201917404967,4.64824901600911,67.10126510202859,349.95695256523436,5.857810154248481
SE,2009-11-01,2009,11,107.576852578267,,91.861095640448,24.5857475596897,4.08727071245969,4.17920074531075,FALSE,TRUE,FALSE,post,FALSE,2009-06-25,2009-09-08,,2,129425678,2019679,105.52257110284684,4.658924874136159,64.0823011973685,360.0478432463773,5.886236920526615
SE,2009-12-01,2009,12,111.052926708149,,112.036934525095,14.2643642399353,4.09495610432334,4.18466474694062,FALSE,TRUE,FALSE,post,FALSE,2009-06-25,2009-09-08,,3,129860797,2019679,106.9751760445565,4.672596807962256,64.29774087862477,369.9736760148519,5.913431857201474
SE,2010-01-01,2010,1,111.779083402372,,71.1820497742416,11.1089582801466,4.06718895534973,4.16575702295564,FALSE,TRUE,FALSE,post,FALSE,2009-06-25,2009-09-08,,4,136250370,2068017,108.022484404905,4.682339394390216,65.88455027207223,378.4308702565846,5.936033414866517
SE,2010-02-01,2010,2,112.917156576174,,78.9074738352912,11.3268904732586,4.1133572735991,4.20515380287215,FALSE,TRUE,FALSE,post,FALSE,2009-06-25,2009-09-08,,5,126437224,2068017,109.28525218046816,4.693961456348266,61.139354270298554,383.4291694384261,5.949154908673263
SE,2010-03-01,2010,3,114.477325640593,,9.96144944418724,16.8622997356937,4.15620446406301,4.24335080050926,FALSE,TRUE,FALSE,post,FALSE,2009-06-25,2009-09-08,,6,122426808,2068017,110.73566742998466,4.7071459868258225,59.20009748469186,381.7053092050845,5.944648869020665
SE,2010-04-01,2010,4,112.076053561227,,152.710972762906,9.47437446559733,4.22181427787644,4.3076404026828,FALSE,TRUE,FALSE,post,FALSE,2009-06-25,2009-09-08,,7,145209631,2068017,111.64656641113032,4.715338224666215,70.2168458963345,384.82088999939043,5.952778005258218
SE,2010-05-01,2010,5,113.520736577875,,84.9761742580844,5.34641858242517,4.57259749109691,4.67497569340945,FALSE,TRUE,FALSE,post,FALSE,2009-06-25,2009-09-08,,8,197928987,2068017,112.63721374439834,4.72417215616983,95.70955509553355,416.44814389755544,6.0317619494079295
SE,2010-06-01,2010,6,115.675839186827,,91.5994191421294,6.36338201743776,4.23341573210964,4.31954519733526,FALSE,TRUE,FALSE,post,FALSE,2009-06-25,2009-09-08,,9,145097530,2068017,113.40769915751133,4.730989282794186,70.1626388951348,422.3130419140655,6.045746844517882
SE,2010-07-01,2010,7,114.723009733541,,86.9595545198833,8.42070743157936,4.16325579125354,4.25848415331713,FALSE,TRUE,FALSE,post,FALSE,2009-06-25,2009-09-08,,10,135405663,2068017,113.8983535460395,4.7353064150900055,65.47608796252642,421.9045796045197,6.044779173787
SE,2010-08-01,2010,8,117.27241648844,,75.8587705346378,14.5510851198234,4.23183733241872,4.32850854325711,FALSE,TRUE,FALSE,post,FALSE,2009-06-25,2009-09-08,,11,143283684,2068017,114.62423019808384,4.741659214724929,69.28554455790257,430.0507698921237,6.063903271234518
SE,2010-09-01,2010,9,118.577978112238,,17.1583881394431,15.6030835982394,4.2849750124516,4.36766171853638,FALSE,TRUE,FALSE,post,FALSE,2009-06-25,2009-09-08,,12,159017613,2068017,115.30767227669133,4.747603966923226,76.89376489651681,447.74443730394864,6.10422261719854
SE,2010-10-01,2010,10,120.015996839751,,147.635400062077,9.66993860340297,4.26490498369157,4.34543111633043,FALSE,TRUE,FALSE,post,FALSE,2009-06-25,2009-09-08,,13,159333065,2068017,116.63099615644533,4.759015071834667,77.04630329441198,454.5738947020261,6.119360485005007
SE,2010-11-01,2010,11,118.880246011072,,71.6732927366045,19.8097113677463,4.49535450683545,4.56720127198167,FALSE,TRUE,FALSE,post,FALSE,2009-06-25,2009-09-08,,14,211554259,2068017,117.52424772864484,4.7666446759422065,102.29812375817026,461.16246336466287,6.1337503960207584
SE,2010-12-01,2010,12,127.859062956993,,48.1352052582825,12.131644754452,4.28378629475193,4.37822993484018,FALSE,TRUE,FALSE,post,FALSE,2009-06-25,2009-09-08,,15,169604512,2068017,119.55478502367251,4.78377471839546,82.01311304500882,473.0129375145369,6.159122740157063
SE,2011-01-01,2011,1,117.781408650179,134.600183578177,83.0734505185601,16.2870709356987,4.30579176089006,4.39350182556127,FALSE,TRUE,FALSE,post,FALSE,2009-06-25,2009-09-08,,16,184712224,2089819,120.0645181764455,4.788029249769659,88.38670908820333,495.9235586402138,6.206421799203161
SE,2011-02-01,2011,2,113.406570345784,139.778367848381,52.2705184438403,16.3757860086477,4.23972770690613,4.35079442284641,FALSE,TRUE,FALSE,post,FALSE,2009-06-25,2009-09-08,,17,154483627,2089819,119.42021048600283,4.7826484536864005,73.92201286331496,500.5600269456262,6.215727525521069
SE,2011-03-01,2011,3,112.850827038991,129.353216981331,45.8124263636656,-14.4818525800602,4.24361266929526,4.33797774639885,FALSE,TRUE,FALSE,post,FALSE,2009-06-25,2009-09-08,,18,151066326,2089819,118.46568530712834,4.774623343172843,72.2867990002962,495.95306104940556,6.206481287265718
SE,2011-04-01,2011,4,114.991058580609,137.598027836708,21.9121119180135,6.84762543484925,4.2395451995663,4.32837735316834,FALSE,TRUE,FALSE,post,FALSE,2009-06-25,2009-09-08,,19,152150430,2089819,117.62819559727134,4.7675287652072535,72.80555397381305,491.71231172880664,6.1978938132112065
SE,2011-05-01,2011,5,116.888044324599,135.680328952993,104.303088584404,13.0591151664422,4.230895291325,4.30197067889443,FALSE,TRUE,FALSE,post,FALSE,2009-06-25,2009-09-08,,20,152344654,2089819,117.29616198285916,4.76470203545541,72.89849216606797,462.31268013670433,6.13624145899074
SE,2011-06-01,2011,6,117.646876568357,135.731634099935,46.4163026368544,-6.6647521045005496,4.23751379888716,4.32583634820547,FALSE,TRUE,FALSE,post,FALSE,2009-06-25,2009-09-08,,21,157696908,2089819,115.5941309180865,4.750085184344618,75.45960104678922,455.7591681384847,6.121964529952124
SE,2011-07-01,2011,7,118.109109934889,133.370557634493,56.2056234958302,7.83047320833374,4.23858486002476,4.32333791706041,FALSE,TRUE,FALSE,post,FALSE,2009-06-25,2009-09-08,,22,156859133,2089819,115.6487477988715,4.7505575611123145,75.05871704678731,442.4311760970687,6.092284918107367
SE,2011-08-01,2011,8,117.004988849435,135.626504740402,66.1100963841952,17.2698310139467,4.24133569598086,4.33411979840404,FALSE,TRUE,FALSE,post,FALSE,2009-06-25,2009-09-08,,23,156502124,2089819,116.24848421614666,4.755730005381568,74.88788454885328,443.39704778260705,6.094465639024293
SP,2006-09-01,2006,9,54.7858499295955,,,,4.8801252192424,5.02347056800803,FALSE,TRUE,FALSE,pre,TRUE,2009-06-25,2009-09-08,,-36,4733160870,41055734,,,115.28623188176346,,
SP,2006-10-01,2006,10,55.6479354413557,,,,4.96615861252919,5.11198494370161,FALSE,TRUE,FALSE,pre,TRUE,2009-06-25,2009-09-08,,-35,5474834109,41055734,,,133.35126608624267,,
SP,2006-11-01,2006,11,55.897403356621,,,,5.11731005062773,5.24551233765135,FALSE,TRUE,FALSE,pre,TRUE,2009-06-25,2009-09-08,,-34,6245158908,41055734,,,152.11417016682736,,
SP,2006-12-01,2006,12,54.7322536004783,,,,4.96391440485715,5.09997973886798,FALSE,TRUE,FALSE,pre,TRUE,2009-06-25,2009-09-08,,-33,5359726358,41055734,,,130.54757121136842,,
SP,2007-01-01,2007,1,57.4094340779952,,185.305429290208,-13.2482192279747,4.9609521211341,5.13071321777854,FALSE,TRUE,FALSE,pre,TRUE,2009-06-25,2009-09-08,,-32,5017519394,39827570,,,125.98105769445638,,
SP,2007-02-01,2007,2,57.8016023188354,,173.142203079416,-4.11284404801607,4.94179236981554,5.09245364855568,FALSE,TRUE,FALSE,pre,TRUE,2009-06-25,2009-09-08,,-31,4732807922,39827570,56.04574645414685,4.026168258220064,118.83245505563106,776.1127520962893,6.654297808721484
SP,2007-03-01,2007,3,58.1146677321117,,130.106509754218,-6.61569291924815,4.92431337861965,5.092253808673,FALSE,TRUE,FALSE,pre,TRUE,2009-06-25,2009-09-08,,-30,4657041443,39827570,56.600549421232884,4.036018692250944,116.93009247111988,777.7566126856458,6.656413638069658
SP,2007-04-01,2007,4,59.7319440855963,,122.803122356064,-4.96792297051222,4.98820209354689,5.12466614940194,FALSE,TRUE,FALSE,pre,TRUE,2009-06-25,2009-09-08,,-29,4969817371,39827570,57.28121752860632,4.047972778163333,124.78334407547335,769.1886906748764,6.64533631089577
SP,2007-05-01,2007,5,60.049354745788,,148.092203357832,6.84820889853725,4.97676054551816,5.12249477971347,FALSE,TRUE,FALSE,pre,TRUE,2009-06-25,2009-09-08,,-28,5148428186,39827570,57.973209426800814,4.059980997400312,129.26794645016003,746.3424669582091,6.615184565852469
SP,2007-06-01,2007,6,60.3094218605399,,117.347308007147,5.03158232823377,4.98222192390434,5.12517148856339,FALSE,TRUE,FALSE,pre,TRUE,2009-06-25,2009-09-08,,-27,5088500184,39827570,58.902737470144416,4.075887566150449,127.76326007336124,743.5581558202019,6.611446981832793
SP,2007-07-01,2007,7,60.9321488143502,,82.1240070948194,1.10796991551901,4.99309871058424,5.1364478733887,FALSE,TRUE,FALSE,pre,TRUE,2009-06-25,2009-09-08,,-26,5165246925,39827570,59.48985659287025,4.085805820587903,129.690235306849,747.2673334325946,6.616422997191564
SP,2007-08-01,2007,8,61.3030747012739,,92.1214554629142,-1.311211404694,4.98896480966935,5.13527334560886,FALSE,TRUE,FALSE,pre,TRUE,2009-06-25,2009-09-08,,-25,5303066918,39827570,60.07343532327667,4.095567735894693,133.15065212364198,761.5855305006055,6.635402484479194
SP,2007-09-01,2007,9,62.1177799243536,,138.618092018432,4.27548936830436,5.11721491511866,5.25303351310866,FALSE,TRUE,FALSE,pre,TRUE,2009-06-25,2009-09-08,,-24,5960794076,39827570,60.74062068865032,4.10661267834462,149.66502038663168,794.3204584161173,6.677486979842854
SP,2007-10-01,2007,10,62.2673682433892,,149.049015015332,11.6412480633659,4.9815837102762,5.15052604886222,FALSE,TRUE,FALSE,pre,TRUE,2009-06-25,2009-09-08,,-23,5735313927,39827570,61.1631913816158,4.113545560563056,144.00361174432686,813.5407260849707,6.701395988202514
SP,2007-11-01,2007,11,63.9022203922272,,121.204994435379,15.3280695867013,5.01194258206764,5.15585374114978,FALSE,TRUE,FALSE,pre,TRUE,2009-06-25,2009-09-08,,-22,5652123081,39827570,61.805335656022336,4.12398969821287,141.91483640603732,826.1876160408481,6.716821885793014
SP,2007-12-01,2007,12,64.508870621596,,73.5359924087259,36.9970618214323,5.01580430066297,5.16183764531166,FALSE,TRUE,FALSE,pre,TRUE,2009-06-25,2009-09-08,,-21,5761731246,39827570,62.505243782865016,4.135250453748744,144.66690400644578,843.0912599739327,6.737075208339412
SP,2008-01-01,2008,1,65.2615836606901,,207.044142346743,17.3237020904927,5.08357889064313,5.22667282512826,FALSE,TRUE,FALSE,pre,TRUE,2009-06-25,2009-09-08,,-20,6003361385,41011638,63.226816257255,4.146728519027643,146.38189737752,859.7829220446037,6.75667994115801
SP,2008-02-01,2008,2,64.2073984653369,,176.177873394169,15.2627730434254,5.03079588663472,5.179833528511,FALSE,TRUE,FALSE,pre,TRUE,2009-06-25,2009-09-08,,-19,5588422182,41011638,63.71087021793217,4.154355195082863,136.264300928434,862.8965708493956,6.7602948355225845
SP,2008-03-01,2008,3,66.7812921100891,,150.367288293346,13.3991767166341,4.62869320568515,4.85963096692925,FALSE,TRUE,FALSE,pre,TRUE,2009-06-25,2009-09-08,,-18,3457011971,41011638,64.48812224888809,4.166481055663787,84.29343814553323,797.5249886082972,6.681513167846226
SP,2008-04-01,2008,4,67.2527976906286,,201.839596588925,14.4814825715983,5.02565110454537,5.1817679046655,FALSE,TRUE,FALSE,pre,TRUE,2009-06-25,2009-09-08,,-17,6017914628,41011638,65.31902715676132,4.179283374494131,146.73675379656868,800.258130660539,6.6849343389489855
SP,2008-05-01,2008,5,68.3248620939157,,115.609373297688,2.5109476815005,5.10634008985334,5.24205695003211,FALSE,TRUE,FALSE,pre,TRUE,2009-06-25,2009-09-08,,-16,6266769311,41011638,66.05613410704274,4.1905048973153605,152.8046578144477,811.1479520689494,6.698450469127769
SP,2008-06-01,2008,6,68.6375092021935,,185.025831328461,19.3748651233457,5.1283602478735,5.26424135916809,FALSE,TRUE,FALSE,pre,TRUE,2009-06-25,2009-09-08,,-15,6427036709,41011638,66.74424053714232,4.200868009469917,156.71250948328375,823.1935575457874,6.713191358378656
SP,2008-07-01,2008,7,68.8294315024522,,133.31301073274,9.70585290696802,5.11566114483294,5.26551467384463,FALSE,TRUE,FALSE,pre,TRUE,2009-06-25,2009-09-08,,-14,6511313742,41011638,67.33888184410266,4.20973780896339,158.76746356729276,835.5791237355602,6.7281250458082775
SP,2008-08-01,2008,8,69.6023976623062,,123.930968772183,16.3312278082802,5.14387603692338,5.28224550762447,FALSE,TRUE,FALSE,pre,TRUE,2009-06-25,2009-09-08,,-13,6582337853,41011638,68.23804837693088,4.223002303374261,160.49926737868896,859.8140901858151,6.756716191676002
SP,2008-09-01,2008,9,69.9355808199661,,105.195859482179,13.7317080531289,5.14351714233865,5.2794889630906,FALSE,TRUE,FALSE,pre,TRUE,2009-06-25,2009-09-08,,-12,6922355141,41011638,68.76376316191039,4.230676907957016,168.79001860398748,944.3106706442693,6.8504552122626485
SP,2008-10-01,2008,10,70.1830224589113,,68.4705916434123,11.2845013616185,5.15235497122021,5.29801581080762,FALSE,TRUE,FALSE,pre,TRUE,2009-06-25,2009-09-08,,-11,7414262989,41011638,69.25213395662416,4.237753959850778,180.78436635474057,978.3582832024413,6.885875945690481
SP,2008-11-01,2008,11,69.3027753029467,,-0.963915401166524,5.78619356382883,5.09241924696679,5.23162426821368,FALSE,TRUE,FALSE,pre,TRUE,2009-06-25,2009-09-08,,-10,6458867557,41011638,69.41511949146266,4.240104703892223,157.4886513189256,983.0422767069191,6.890652127062558
SP,2008-12-01,2008,12,69.4308265627861,,-180.360592487219,-0.0569466394162887,5.04157536279102,5.17950400512377,FALSE,TRUE,FALSE,pre,TRUE,2009-06-25,2009-09-08,,-9,6723584725,41011638,69.54733905156144,4.242007658134468,163.94333542591008,990.2731026495454,6.8979807663480806
SP,2009-01-01,2009,1,69.5623810376791,,-58.0263804696001,-1.98542182490758,4.91952202550358,5.15066844194887,FALSE,TRUE,FALSE,pre,TRUE,2009-06-25,2009-09-08,,-8,5278893649,41384039,69.66949730743258,4.243762593678443,127.5586863089898,959.0643253912425,6.865958148120154
SP,2009-02-01,2009,2,70.5693699716646,,-49.1943605351192,-4.535320291897,5.08549363705293,5.24001697427303,FALSE,TRUE,FALSE,pre,TRUE,2009-06-25,2009-09-08,,-7,6417157763,41384039,69.83065935899232,4.246073159158952,155.06359258457107,953.6286505971246,6.860274340529557
SP,2009-03-01,2009,3,70.1483508238426,,18.166781399903,3.98063968930911,5.0441100871523,5.2027799303825,FALSE,TRUE,FALSE,pre,TRUE,2009-06-25,2009-09-08,,-6,6034538287,41384039,69.86612102630507,4.246580854010281,145.81801179435385,930.656643787491,6.835890405586847
SP,2009-04-01,2009,4,71.6211405757603,,14.1562242074809,6.38569479675378,5.00884705876514,5.15292916543267,FALSE,TRUE,FALSE,pre,TRUE,2009-06-25,2009-09-08,,-5,5957059586,41384039,70.10580737911323,4.250005634819042,143.9458237993638,893.8181012321143,6.795502288288144
SP,2009-05-01,2009,5,71.9224039409462,,25.1516559510674,7.49845505170376,5.03715424370409,5.17790571306676,FALSE,TRUE,FALSE,pre,TRUE,2009-06-25,2009-09-08,,-4,6097193276,41384039,70.54241215211314,4.256214119745128,147.33200101614054,883.6614509293291,6.784074015222504
SP,2009-06-01,2009,6,73.2753455332761,,-0.229454659126237,6.28234401895297,5.03534941758651,5.1876771838945,FALSE,TRUE,FALSE,pre,TRUE,2009-06-25,2009-09-08,,-3,6295261007,41384039,71.18316531386148,4.2652563482400145,152.11809091422904,871.8362064176481,6.770601569588453
SP,2009-07-01,2009,7,73.8086917652526,,106.901787686383,15.7467588012268,5.05765508820267,5.20146593371669,FALSE,TRUE,FALSE,pre,TRUE,2009-06-25,2009-09-08,,-2,6474666228,41384039,71.89088376845706,4.275149466263618,156.45322168771395,900.7307417963723,6.803206369212435
SP,2009-08-01,2009,8,74.155845695471,,112.419463855282,13.7581187458959,5.08478491827914,5.23544510458977,FALSE,TRUE,FALSE,pre,TRUE,2009-06-25,2009-09-08,,-1,6557063742,41384039,72.4886297224248,4.283429718146467,158.44426741430433,904.1114166261056,6.806952601277912
SP,2009-09-01,2009,9,74.9261158236555,,110.942173248131,19.4803234504576,5.08366211920377,5.22934828314041,FALSE,TRUE,FALSE,post,FALSE,2009-06-25,2009-09-08,,0,6875511125,41384039,73.28492388906028,4.294354910917768,166.13919982532397,924.4326046570757,6.829180148934721
SP,2009-10-01,2009,10,76.0655447681904,,147.207029814487,5.04580334331574,5.10259634373299,5.26006838168038,FALSE,TRUE,FALSE,post,FALSE,2009-06-25,2009-09-08,,1,7239073395,41384039,74.02565792113197,4.304411761771623,174.9242840941649,955.4110649518767,6.862141682374956
SP,2009-11-01,2009,11,76.8072279177954,,196.878911358673,12.909313344045,5.14508149404161,5.28776142995756,FALSE,TRUE,FALSE,post,FALSE,2009-06-25,2009-09-08,,2,7216058614,41384039,74.83979525060684,4.315349765573804,174.36815710520668,982.4472210409428,6.8900466232582
SP,2009-12-01,2009,12,75.4787887042709,,58.2178507741192,17.2474734955838,5.17265893539258,5.31959681350819,FALSE,TRUE,FALSE,post,FALSE,2009-06-25,2009-09-08,,3,8129700639,41384039,75.20703577910596,4.320244787471613,196.44531649025365,1026.7744466169675,6.934177562260519
SP,2010-01-01,2010,1,77.9125873787443,,142.604347331255,16.419205231963,5.14803902946935,5.29672811971622,FALSE,TRUE,FALSE,post,FALSE,2009-06-25,2009-09-08,,4,6732895797,41262199,75.89101838135458,4.329298342502944,163.17346045953585,1033.4946853887893,6.940701236765872
SP,2010-02-01,2010,2,78.6321289983703,,135.968558782647,17.1645116432468,5.13364765406334,5.27924014207907,FALSE,TRUE,FALSE,post,FALSE,2009-06-25,2009-09-08,,5,7094618762,41262199,76.63706559850446,4.339080844809874,171.939909504096,1046.990327478581,6.9536749725075016
SP,2010-03-01,2010,3,79.4637987539952,,241.775366612458,13.844345913658,5.16870667867251,5.3113657110655,FALSE,TRUE,FALSE,post,FALSE,2009-06-25,2009-09-08,,6,7353547481,41262199,77.39334608689443,4.348900809030651,178.2151135716252,1059.0662412248823,6.9651428943769025
SP,2010-04-01,2010,4,79.5896525444376,,130.608638009094,9.83276406958342,5.22159335783336,5.36083364094925,FALSE,TRUE,FALSE,post,FALSE,2009-06-25,2009-09-08,,7,7744996220,41262199,77.98069738293562,4.356461326614432,187.70197439065234,1071.8439315213698,6.977135744764659
SP,2010-05-01,2010,5,79.8303456942326,,158.112353973926,4.55614960431923,5.17884906517767,5.32697455311857,FALSE,TRUE,FALSE,post,FALSE,2009-06-25,2009-09-08,,8,7363320368,41262199,78.48455034567516,4.36290179453544,178.45196200037714,1075.9277364165403,6.98093857900225
SP,2010-06-01,2010,6,82.2425933843915,,137.480294386085,1.63286531002578,5.19561895297937,5.33357482523537,FALSE,TRUE,FALSE,post,FALSE,2009-06-25,2009-09-08,,9,7721635955,41262199,79.61185112569525,4.377162965256924,187.1358323631758,1066.6182522894624,6.972248410610991
SP,2010-07-01,2010,7,80.579062262299,,119.337155901374,8.08075983817211,5.19441799935843,5.33457287133893,FALSE,TRUE,FALSE,post,FALSE,2009-06-25,2009-09-08,,10,7615054682,41262199,80.0562636062877,4.382729682556389,184.55280781327238,1087.9975996431988,6.992094221203159
SP,2010-08-01,2010,8,81.9259511997645,,128.683280440976,11.1682600504275,5.19628172750906,5.35081147508156,FALSE,TRUE,FALSE,post,FALSE,2009-06-25,2009-09-08,,11,7753965828,41262199,80.60523397318673,4.389563585036815,187.91935514634108,1103.9770452854439,7.006674434306968
SP,2010-09-01,2010,9,82.4969766281413,,120.572102348337,2.27922093196969,5.17663040410743,5.31860006368394,FALSE,TRUE,FALSE,post,FALSE,2009-06-25,2009-09-08,,12,7918731486,41262199,81.11076361887775,4.3958156726462185,191.91249322412506,1117.6744249379437,7.0190053992633885
SP,2010-10-01,2010,10,82.4916985619748,,110.586912972057,2.19115623955526,5.18772607766272,5.32971018440006,FALSE,TRUE,FALSE,post,FALSE,2009-06-25,2009-09-08,,13,8030468752,41262199,81.59443795513396,4.40176109733237,194.6204745898298,1124.5929251371213,7.025176404834508
SP,2010-11-01,2010,11,82.6096968549595,,31.6861773890954,15.1565674776325,5.20506615217729,5.34696561104087,FALSE,TRUE,FALSE,post,FALSE,2009-06-25,2009-09-08,,14,8128680867,41262199,82.05766314858843,4.4074222092576925,197.00067044415155,1143.1416335808956,7.041535570012165
SP,2010-12-01,2010,12,84.0710655839009,,122.614160831237,10.1096513197907,5.19475062360767,5.34875938008065,FALSE,TRUE,FALSE,post,FALSE,2009-06-25,2009-09-08,,15,8858839928,41262199,82.36240851517333,4.411129125481068,214.69626298879516,1170.702064206515,7.065358902708224
SP,2011-01-01,2011,1,83.0412783756348,78.3130149237848,141.110682212334,11.1630992205316,5.23602489698617,5.3664308899969,FALSE,TRUE,FALSE,post,FALSE,2009-06-25,2009-09-08,,16,7821823274,41587182,82.77277786739597,4.416099237617162,188.0825508686787,1174.2318072619214,7.068369431716548
SP,2011-02-01,2011,2,83.1809376111997,79.9257455113246,184.709194526006,13.9716311216424,5.70832942948341,5.77858630220263,FALSE,TRUE,FALSE,post,FALSE,2009-06-25,2009-09-08,,17,13478594103,41587182,82.98194226930184,4.418623021105871,324.1045306460053,1310.4169827615856,7.17810067299772
SP,2011-03-01,2011,3,84.2113539506191,76.9639402990683,126.216206123452,-11.9140749673063,5.18662344254119,5.32716481072561,FALSE,TRUE,FALSE,post,FALSE,2009-06-25,2009-09-08,,18,8097173617,41587182,83.26767182304813,4.422060380484312,194.70358960604736,1313.2080791435078,7.18022833786522
SP,2011-04-01,2011,4,84.1540376167261,80.7714640849179,111.597013908693,1.08241118751507,5.23727647270958,5.38082493289333,FALSE,TRUE,FALSE,post,FALSE,2009-06-25,2009-09-08,,19,8352328170,41587182,83.54472833217335,4.425382157086356,200.83900298894983,1319.4266075426278,7.184952532981239
SP,2011-05-01,2011,5,85.1527939279149,80.8333279592341,110.518953541403,15.7191923754745,5.23455891384164,5.37961637325596,FALSE,TRUE,FALSE,post,FALSE,2009-06-25,2009-09-08,,20,8489186961,41587182,83.96857784433259,4.4304426555786955,204.1298917777117,1326.5558288761881,7.190341260046981
SP,2011-06-01,2011,6,87.6267837256386,80.8290833784247,135.734135569005,12.9024530323709,5.20435149942,5.34523915479159,FALSE,TRUE,FALSE,post,FALSE,2009-06-25,2009-09-08,,21,8383973089,41587182,84.5611975346222,4.437475503413243,201.5999326186612,1313.4594985060542,7.180419773862263
SP,2011-07-01,2011,7,86.2384737851079,82.2246046301212,76.2145568361675,6.5004882238929,5.22701341991186,5.36635882501874,FALSE,TRUE,FALSE,post,FALSE,2009-06-25,2009-09-08,,22,8328160212,41587182,85.09406343620105,4.4437572732893695,200.25786339646672,1325.6348110338422,7.189646726354335
SP,2011-08-01,2011,8,85.5467648437497,81.557940028284,71.0792846678105,4.92779807764687,5.2146922588848,5.36504679418723,FALSE,TRUE,FALSE,post,FALSE,2009-06-25,2009-09-08,,23,8623454173,41587182,85.48836797495939,4.4483803196109735,207.3584637930024,1208.8887441808392,7.097456823370357
TO,2006-09-01,2006,9,39.5833790103233,,,,4.02739954396763,4.10089921176599,TRUE,FALSE,TRUE,pre,TRUE,2009-06-25,2009-09-08,treated_unit,-36,67749311,1332441,,,50.84601194349318,,
TO,2006-10-01,2006,10,41.745135738026,,,,3.96281409017557,4.02603549444102,TRUE,FALSE,TRUE,pre,TRUE,2009-06-25,2009-09-08,treated_unit,-35,63389211,1332441,,,47.573746980166476,,
TO,2006-11-01,2006,11,43.7328146397576,,,,3.97327026678696,4.0468441434759,TRUE,FALSE,TRUE,pre,TRUE,2009-06-25,2009-09-08,treated_unit,-34,64180359,1332441,,,48.16750535295747,,
TO,2006-12-01,2006,12,42.1135583941492,,,,3.99435377516375,4.05543156455862,TRUE,FALSE,TRUE,pre,TRUE,2009-06-25,2009-09-08,treated_unit,-33,66442576,1332441,,,49.865304354939546,,
TO,2007-01-01,2007,1,42.2783992503798,,30.3437397556059,-1.69808809404593,4.02830412650013,4.1109362086295,TRUE,FALSE,TRUE,pre,TRUE,2009-06-25,2009-09-08,treated_unit,-32,63820898,1243627,,,51.318359926247986,,
TO,2007-02-01,2007,2,42.8792532013036,,26.3778809788143,-10.083804067202,3.96756805594297,4.07135380939864,TRUE,FALSE,TRUE,pre,TRUE,2009-06-25,2009-09-08,treated_unit,-31,53124881,1243627,42.05542337232325,3.7389883524740175,42.71769670488016,290.4886252626848,5.671564419803105
TO,2007-03-01,2007,3,41.7257672244002,,33.0498509005607,-17.0836269237256,4.05365355028306,4.14310255763546,TRUE,FALSE,TRUE,pre,TRUE,2009-06-25,2009-09-08,treated_unit,-30,56308432,1243627,42.4124880746694,3.7474428489354055,45.27758885903892,284.92020217823057,5.652209148706387
TO,2007-04-01,2007,4,43.1642393365304,,68.1131973924205,-15.579638709017,4.09098704032675,4.16790029537874,TRUE,FALSE,TRUE,pre,TRUE,2009-06-25,2009-09-08,treated_unit,-29,62041132,1243627,42.6490053410868,3.7530039522375285,49.88725075927107,287.23370595733513,5.6602961908635345
TO,2007-05-01,2007,5,43.2079202383459,,50.1292604504069,23.4763849657952,4.1074016684729,4.20516393461307,TRUE,FALSE,TRUE,pre,TRUE,2009-06-25,2009-09-08,treated_unit,-28,65792925,1243627,42.56152294085152,3.750950627777848,52.90406609055609,291.9702666949338,5.67665197069641
TO,2007-06-01,2007,6,41.0259144108885,,57.1418834315146,4.56411201990663,4.08761894907958,4.16864727285437,TRUE,FALSE,TRUE,pre,TRUE,2009-06-25,2009-09-08,treated_unit,-27,67687412,1243627,42.3802489436414,3.7466824269059917,54.42742237021229,296.53238471020654,5.692156435779274
TO,2007-07-01,2007,7,41.9964886039141,,35.6314055940044,15.5262441554253,4.08233193230222,4.16557679094722,TRUE,FALSE,TRUE,pre,TRUE,2009-06-25,2009-09-08,treated_unit,-26,67446445,1243627,42.333263835897114,3.745573156117412,54.23366089671582,299.44768568067434,5.701939730113814
TO,2007-08-01,2007,8,44.2499001846815,,42.6497234863565,42.2758025156677,4.07616921494661,4.16018376158849,TRUE,FALSE,TRUE,pre,TRUE,2009-06-25,2009-09-08,treated_unit,-25,69301559,1243627,42.561704999793434,3.750954905316337,55.72535736197429,312.4553463377685,5.744461567247321
TO,2007-09-01,2007,9,45.1289703100882,,60.8892444997699,52.1806012425085,4.09062807031412,4.17267750186851,TRUE,FALSE,TRUE,pre,TRUE,2009-06-25,2009-09-08,treated_unit,-24,70407158,1243627,43.128905514074766,3.764193433896187,56.614369099416464,323.79212657814605,5.780101725253481
TO,2007-10-01,2007,10,42.586035806304,,66.8252394357073,84.7973049256796,4.09124103677922,4.16388632967754,TRUE,FALSE,TRUE,pre,TRUE,2009-06-25,2009-09-08,treated_unit,-23,69888793,1243627,43.03253825903703,3.761956533236202,56.19755199911227,330.10242781798723,5.799402993627579
TO,2007-11-01,2007,11,42.3881468602777,,63.4970601750261,84.1110552959979,4.10973920158533,4.19648443339656,TRUE,FALSE,TRUE,pre,TRUE,2009-06-25,2009-09-08,treated_unit,-22,71428920,1243627,42.895909362692336,3.7587764685366047,57.43596753689008,334.6343292643212,5.813038381210781
TO,2007-12-01,2007,12,44.242412701769,,35.878737049772,32.7762700606328,4.09166473412727,4.1936085282779,TRUE,FALSE,TRUE,pre,TRUE,2009-06-25,2009-09-08,treated_unit,-21,71183418,1243627,43.431992411172416,3.771196321874189,57.23855947161006,337.44546636571897,5.821403916118335
TO,2008-01-01,2008,1,46.1155681166342,,42.2663538909438,24.0278453713783,4.10948830859836,4.19576082253556,TRUE,FALSE,TRUE,pre,TRUE,2009-06-25,2009-09-08,treated_unit,-20,74117525,1280513,44.11850566329243,3.7868793239860588,57.881118739130336,341.0929242081335,5.83215494516996
TO,2008-02-01,2008,2,41.8675614229788,,-21.2668674123627,-40.3714548351121,4.12227235389094,4.22430151361795,TRUE,FALSE,TRUE,pre,TRUE,2009-06-25,2009-09-08,treated_unit,-19,66617673,1280513,43.721449203008646,3.7778388101287987,52.02420670465665,337.39177355081586,5.821244787926112
TO,2008-03-01,2008,3,44.6858989945583,,23.5688132351371,-30.4917290137876,4.11520149887984,4.20961370895416,TRUE,FALSE,TRUE,pre,TRUE,2009-06-25,2009-09-08,treated_unit,-18,64792654,1280513,43.64760398375367,3.7761483892269796,50.59898181431973,331.37638626571913,5.803254847974922
TO,2008-04-01,2008,4,44.8198579965138,,23.6163682119607,9.05083495068404,4.12541657752602,4.23198263149632,TRUE,FALSE,TRUE,pre,TRUE,2009-06-25,2009-09-08,treated_unit,-17,69953715,1280513,44.01990768212197,3.7846419789157886,54.62944538634125,329.8082796529481,5.7985115148829856
TO,2008-05-01,2008,5,42.8794101647226,,56.2652253436185,81.4984064888407,4.17598797967451,4.26364155808415,TRUE,FALSE,TRUE,pre,TRUE,2009-06-25,2009-09-08,treated_unit,-16,76274608,1280513,44.10178489952945,3.786500255545986,59.565664698445076,331.9379768145031,5.8049481346402665
TO,2008-06-01,2008,6,46.1111097677309,,104.555498359022,29.6055691159954,4.16797998066154,4.26254926928834,TRUE,FALSE,TRUE,pre,TRUE,2009-06-25,2009-09-08,treated_unit,-15,80152256,1280513,44.4132344105231,3.793537497332533,62.59386355312285,337.2932808960159,5.820952821608345
TO,2008-07-01,2008,7,45.8096136761782,,-8.25246187492927,-6.11706877170012,4.12461596433266,4.21705430701925,TRUE,FALSE,TRUE,pre,TRUE,2009-06-25,2009-09-08,treated_unit,-14,77134816,1280513,44.36224200378044,3.792388702318182,60.23743296631897,339.6495951232045,5.827914483595395
TO,2008-08-01,2008,8,45.3683263349554,,12.4211542076463,-5.10509498424321,4.17079568339667,4.25198092918372,TRUE,FALSE,TRUE,pre,TRUE,2009-06-25,2009-09-08,treated_unit,-13,83588785,1280513,44.9457028224432,3.8054551572919797,65.27757625264249,352.9029646711904,5.866193131527746
TO,2008-09-01,2008,9,46.0950023696639,,46.2639253849334,6.03761788511477,4.15065239241635,4.23638931122432,TRUE,FALSE,TRUE,pre,TRUE,2009-06-25,2009-09-08,treated_unit,-12,81915874,1280513,45.1805533849608,3.81066675941462,63.971138129796415,366.27512098666705,5.9033847477037975
TO,2008-10-01,2008,10,47.0971382982545,,-49.3548820512887,-64.7067964588446,4.20767333663537,4.28418873206134,TRUE,FALSE,TRUE,pre,TRUE,2009-06-25,2009-09-08,treated_unit,-11,85904057,1280513,45.560100101917584,3.8190323357213787,67.08565785743683,378.7313334577626,5.936827071009087
TO,2008-11-01,2008,11,44.6697890074454,,-120.786549958181,-58.8270332500219,4.14503657128458,4.31096553544495,TRUE,FALSE,TRUE,pre,TRUE,2009-06-25,2009-09-08,treated_unit,-10,81089458,1280513,45.85849657570472,3.8255604939814565,63.32575928553634,382.4914280448539,5.946706242675224
TO,2008-12-01,2008,12,43.0817227360809,,-55.7983660901635,-74.1060993843776,4.0471531021384,4.13207364251011,TRUE,FALSE,TRUE,pre,TRUE,2009-06-25,2009-09-08,treated_unit,-9,74162276,1280513,45.353598737096384,3.8144895281447293,57.91606645149249,377.81363094322353,5.934401034202742
TO,2009-01-01,2009,1,46.2161109318544,,-18.6481525872816,-16.8224114357562,4.07520933354125,4.14894738051753,TRUE,FALSE,TRUE,pre,TRUE,2009-06-25,2009-09-08,treated_unit,-8,76148264,1292051,45.421348279709086,3.8159822209508127,58.93595841031043,376.512156387215,5.930950334599755
TO,2009-02-01,2009,2,46.3743399046038,,25.1496121616518,-6.01060817601189,4.09836860696835,4.21224955351225,TRUE,FALSE,TRUE,pre,TRUE,2009-06-25,2009-09-08,treated_unit,-7,69148671,1292051,45.589017207983815,3.8196668368090427,53.51853061527757,364.75311074985007,5.899220715810257
TO,2009-03-01,2009,3,45.1701148762013,,-6.32308555719578,7.95352194006711,4.07861254851372,4.1877528519453,TRUE,FALSE,TRUE,pre,TRUE,2009-06-25,2009-09-08,treated_unit,-6,66820081,1292051,45.43486929240672,3.8162798563390945,51.71628751496652,352.4982601350202,5.865045686452966
TO,2009-04-01,2009,4,44.662914279818,,2.11661095173277,10.3395771375574,4.08188770875144,4.19664170461854,TRUE,FALSE,TRUE,pre,TRUE,2009-06-25,2009-09-08,treated_unit,-5,71730419,1292051,45.02916528933397,3.8073103973736058,55.5167087057709,340.92931098335424,5.831675156625025
TO,2009-05-01,2009,5,45.5265117113613,,-44.8340002207187,-19.0120831370171,4.0577174411868,4.16594945338379,TRUE,FALSE,TRUE,pre,TRUE,2009-06-25,2009-09-08,treated_unit,-4,71490040,1292051,45.17195240665328,3.8104763722580457,55.33066419204815,332.93421588986604,5.807944920584614
TO,2009-06-01,2009,6,44.3162521729424,,-14.6151077198704,-10.5446307920293,4.07571816304994,4.19213296781161,TRUE,FALSE,TRUE,pre,TRUE,2009-06-25,2009-09-08,treated_unit,-3,77359920,1292051,45.377707312796865,3.8150209561009105,59.873735634274496,334.89188507264805,5.8138077486097455
TO,2009-07-01,2009,7,42.5602558361364,,40.8279388674906,1.51550471736296,4.1123597173473,4.22082135651025,TRUE,FALSE,TRUE,pre,TRUE,2009-06-25,2009-09-08,treated_unit,-2,80304633,1292051,44.768398130177204,3.8015024916301154,62.15283529829705,338.1087619606347,5.823367624671256
TO,2009-08-01,2009,8,41.7138954882705,,-4.00210607942581,-15.2910344079262,4.23458418117829,4.33084567969356,TRUE,FALSE,TRUE,pre,TRUE,2009-06-25,2009-09-08,treated_unit,-1,94206619,1292051,43.99165739412165,3.784000011261968,72.91246165979516,357.50269300515225,5.879142894987235
TO,2009-09-01,2009,9,43.2103758909442,,27.5267623161002,-8.68685439751282,4.09574447403866,4.21757737447303,TRUE,FALSE,TRUE,post,FALSE,2009-06-25,2009-09-08,treated_unit,0,81681411,1292051,43.66503422991213,3.776547649786427,63.21841088316173,369.00481637334747,5.91080969645764
TO,2009-10-01,2009,10,43.3473425586489,,107.89962737482,1.77819349340421,4.10957275515844,4.21002158037988,TRUE,FALSE,TRUE,post,FALSE,2009-06-25,2009-09-08,treated_unit,1,81823701,1292051,43.44577227638395,3.7715135460886158,63.32853811498153,376.8166457825581,5.931758718431749
TO,2009-11-01,2009,11,43.563019663844,,58.0838538417191,33.893013294683,4.11453008218335,4.22956558092876,TRUE,FALSE,TRUE,post,FALSE,2009-06-25,2009-09-08,treated_unit,2,82793841,1292051,43.11852360179773,3.7639526867241586,64.07939082899978,385.56537241950974,5.954710756887342
TO,2009-12-01,2009,12,40.522929814241,,59.4010928692002,30.8602081573266,4.12754666566443,4.23086342241457,TRUE,FALSE,TRUE,post,FALSE,2009-06-25,2009-09-08,treated_unit,3,84627460,1292051,42.48630320868084,3.749181746545032,65.49854456209546,391.1901813473307,5.96919383904029
TO,2010-01-01,2010,1,48.9940963262222,,32.3001873172766,23.9238348465927,4.11414309527786,4.19580387843226,TRUE,FALSE,TRUE,post,FALSE,2009-06-25,2009-09-08,treated_unit,4,88506657,1383445,43.558609957028466,3.7741073865599195,63.97555161209878,393.01289766113246,5.973842429806911
TO,2010-02-01,2010,2,62.681122063313,,32.4676295140525,18.1975550671895,4.13447847167808,4.22912076278063,TRUE,FALSE,TRUE,post,FALSE,2009-06-25,2009-09-08,treated_unit,5,80136195,1383445,47.05314771953555,3.851277765377755,57.9251036362125,378.0255396375498,5.934961758515867
TO,2010-03-01,2010,3,65.8145963061542,,49.6324657503551,25.0206816782939,4.14445713392805,4.25169494170078,TRUE,FALSE,TRUE,post,FALSE,2009-06-25,2009-09-08,treated_unit,6,80682445,1383445,50.82051778873722,3.9283001665204997,58.31995128104117,373.12708003542923,5.921919058765645
TO,2010-04-01,2010,4,62.8947261163014,,18.7773706115444,7.79914738114514,4.1769706845811,4.27549595303368,TRUE,FALSE,TRUE,post,FALSE,2009-06-25,2009-09-08,treated_unit,7,89125348,1383445,54.07841504834597,3.990435123767253,64.42276201800577,374.22130393845345,5.924847344176812
TO,2010-05-01,2010,5,66.0660194247692,,72.3200229642347,-1.38747467871663,4.1424938537933,4.23965479805847,TRUE,FALSE,TRUE,post,FALSE,2009-06-25,2009-09-08,treated_unit,8,87162664,1383445,57.82891500850017,4.0574889102528156,63.00406882817893,373.1459819376326,5.921969715564531
TO,2010-06-01,2010,6,68.1801007554798,,67.6862086563243,-30.2930619938429,4.15844455072006,4.25660737158681,TRUE,FALSE,TRUE,post,FALSE,2009-06-25,2009-09-08,treated_unit,9,94509292,1383445,62.43844349870663,4.134181167384997,68.31445558009173,375.96189295562885,5.929487789731522
TO,2010-07-01,2010,7,70.8485727766187,,57.5397900282865,21.4600964881609,4.19354648567829,4.29536425769437,TRUE,FALSE,TRUE,post,FALSE,2009-06-25,2009-09-08,treated_unit,10,97377132,1383445,66.08085624043937,4.190879086762541,70.38742559335572,382.37376693688583,5.946398577717613
TO,2010-08-01,2010,8,72.640296000764,,104.493417694553,15.9122202080841,4.17254017152783,4.27600334100131,TRUE,FALSE,TRUE,post,FALSE,2009-06-25,2009-09-08,treated_unit,11,99221731,1383445,67.74071856334788,4.215687455000148,71.72076302274395,396.16942632341727,5.98184196400628
TO,2010-09-01,2010,9,77.0228533116874,,6.48639326249785,1.63121130627376,4.29518501264495,4.38978871772889,TRUE,FALSE,TRUE,post,FALSE,2009-06-25,2009-09-08,treated_unit,12,111712939,1383445,69.60876139760342,4.242890441567355,80.74982308657012,418.5992981289462,6.036914133299902
TO,2010-10-01,2010,10,75.5883708183175,,-10.7522321488647,5.74787550955021,4.19591130212528,4.29530688761779,TRUE,FALSE,TRUE,post,FALSE,2009-06-25,2009-09-08,treated_unit,13,100212410,1383445,71.72436884793943,4.272830562218247,72.43685871140522,426.61339482234564,6.055878204565281
TO,2010-11-01,2010,11,70.3564483997938,,-14.0411239636071,-55.4999899572446,4.13415473685022,4.2494030478555596,TRUE,FALSE,TRUE,post,FALSE,2009-06-25,2009-09-08,treated_unit,14,95698431,1383445,72.43944034377687,4.28275090719543,69.17400474901423,432.78333074318095,6.07023721187184
TO,2010-12-01,2010,12,78.0790931621413,,0.348826106202637,-38.7720298803497,4.12172752401771,4.22712061961306,TRUE,FALSE,TRUE,post,FALSE,2009-06-25,2009-09-08,treated_unit,15,95767617,1383445,74.08927241155378,4.305270750047693,69.22401468797096,433.6928898510602,6.0723366565429044
TO,2011-01-01,2011,1,77.6081739637238,85.1685219332291,-11.393015687378,-35.1207901092154,4.22338765070513,4.31301276637272,TRUE,FALSE,TRUE,post,FALSE,2009-06-25,2009-09-08,treated_unit,16,105951723,1400892,75.21587260940464,4.32036228061682,75.63161400022271,438.93707825792717,6.084356073093893
TO,2011-02-01,2011,2,79.6297036625513,84.5078853727375,15.4495260255548,-21.5395279638185,4.19689755316529,4.30489505939262,TRUE,FALSE,TRUE,post,FALSE,2009-06-25,2009-09-08,treated_unit,17,91237759,1400892,76.38077388636918,4.33573101380115,65.1283318057352,432.34464704091846,6.069223064251774
TO,2011-03-01,2011,3,78.564182214203,81.3836993400945,-57.8847855866434,-25.6950384899014,4.19236312094897,4.29169653257536,TRUE,FALSE,TRUE,post,FALSE,2009-06-25,2009-09-08,treated_unit,18,91663645,1400892,76.63766203678846,4.339088627414263,65.43234239327514,417.02716634762345,6.033151366793423
TO,2011-04-01,2011,4,81.330693345005,79.4940606901653,14.9255209021536,-22.9965270794587,4.17900123289966,4.26736170791229,TRUE,FALSE,TRUE,post,FALSE,2009-06-25,2009-09-08,treated_unit,19,96465691,1400892,77.59471579123637,4.3514993293968125,68.86019122102203,413.4504988572403,6.024537794739561
TO,2011-05-01,2011,5,83.4140532450511,81.2849845926244,-11.4199770717368,-12.1815753110603,4.20646629324497,4.31697228574566,TRUE,FALSE,TRUE,post,FALSE,2009-06-25,2009-09-08,treated_unit,20,99863089,1400892,79.77098326544592,4.379159820103131,71.28535889990091,415.56185300812695,6.0296314672551645
TO,2011-06-01,2011,6,86.2017978476574,82.8575035013614,-2.59427299536007,-8.77963626475061,4.20125074637364,4.30499668900674,TRUE,FALSE,TRUE,post,FALSE,2009-06-25,2009-09-08,treated_unit,21,106726125,1400892,81.1247673796986,4.395988307589617,76.18440607841289,422.5222443985689,6.046242094875362
TO,2011-07-01,2011,7,89.7416210229116,84.7929362377689,9.67462075643331,-0.358448956274415,4.21094478965752,4.2983701325273,TRUE,FALSE,TRUE,post,FALSE,2009-06-25,2009-09-08,treated_unit,22,106784124,1400892,83.1470085562299,4.420610228518285,76.22580755689945,423.1164379552456,6.047647408200937
TO,2011-08-01,2011,8,89.1405480513127,86.7923605426321,29.2778992085926,-4.1857951477002,4.23428093262025,4.33305829082486,TRUE,FALSE,TRUE,post,FALSE,2009-06-25,2009-09-08,treated_unit,23,114375957,1400892,84.73214928769013,4.439495096201531,81.64509255531476,439.6331987048252,6.0859407399346095
